project,datetime,siteId,rType,rep,sublocation,SN,condUncal,tempC,SpC,wetdry,qual_rating,QAQC,year
AIMS,2022-04-19T21:30:00Z,STIC03,STIC,20220419-20220701,SW,21038950,20666.8,3.892778,81.03271,1,fair,NA,2022
AIMS,2022-04-19T21:45:00Z,STIC03,STIC,20220419-20220701,SW,21038950,20666.8,3.787778,81.03271,1,fair,NA,2022
AIMS,2022-04-19T22:00:00Z,STIC03,STIC,20220419-20220701,SW,21038950,20666.8,3.787778,81.03271,1,fair,NA,2022
AIMS,2022-04-19T22:15:00Z,STIC03,STIC,20220419-20220701,SW,21038950,20666.8,3.682778,81.03271,1,fair,NA,2022
AIMS,2022-04-19T22:30:00Z,STIC03,STIC,20220419-20220701,SW,21038950,20666.8,3.577778,81.03271,1,fair,NA,2022
AIMS,2022-04-19T22:45:00Z,STIC03,STIC,20220419-20220701,SW,21038950,20666.8,3.577778,81.03271,1,fair,NA,2022
AIMS,2022-04-19T23:00:00Z,STIC03,STIC,20220419-20220701,SW,21038950,20666.8,3.472222,81.03271,1,fair,NA,2022
AIMS,2022-04-19T23:15:00Z,STIC03,STIC,20220419-20220701,SW,21038950,20666.8,3.367222,81.03271,1,fair,NA,2022
AIMS,2022-04-19T23:30:00Z,STIC03,STIC,20220419-20220701,SW,21038950,20666.8,3.367222,81.03271,1,fair,NA,2022
AIMS,2022-04-19T23:45:00Z,STIC03,STIC,20220419-20220701,SW,21038950,20666.8,3.367222,81.03271,1,fair,NA,2022
AIMS,2022-04-20T00:00:00Z,STIC03,STIC,20220419-20220701,SW,21038950,20666.8,3.261111,81.03271,1,fair,NA,2022
AIMS,2022-04-20T00:15:00Z,STIC03,STIC,20220419-20220701,SW,21038950,20666.8,3.261111,81.03271,1,fair,NA,2022
AIMS,2022-04-20T00:30:00Z,STIC03,STIC,20220419-20220701,SW,21038950,20666.8,3.261111,81.03271,1,fair,NA,2022
AIMS,2022-04-20T00:45:00Z,STIC03,STIC,20220419-20220701,SW,21038950,20666.8,3.261111,81.03271,1,fair,NA,2022
AIMS,2022-04-20T01:00:00Z,STIC03,STIC,20220419-20220701,SW,21038950,20666.8,3.261111,81.03271,1,fair,NA,2022
AIMS,2022-04-20T01:15:00Z,STIC03,STIC,20220419-20220701,SW,21038950,20666.8,3.261111,81.03271,1,fair,NA,2022
AIMS,2022-04-20T01:30:00Z,STIC03,STIC,20220419-20220701,SW,21038950,20666.8,3.155,81.03271,1,fair,NA,2022
AIMS,2022-04-20T01:45:00Z,STIC03,STIC,20220419-20220701,SW,21038950,20666.8,3.155,81.03271,1,fair,NA,2022
AIMS,2022-04-20T02:00:00Z,STIC03,STIC,20220419-20220701,SW,21038950,20666.8,3.155,81.03271,1,fair,NA,2022
AIMS,2022-04-20T02:15:00Z,STIC03,STIC,20220419-20220701,SW,21038950,20666.8,3.048889,81.03271,1,fair,NA,2022
AIMS,2022-04-20T02:30:00Z,STIC03,STIC,20220419-20220701,SW,21038950,20666.8,3.048889,81.03271,1,fair,NA,2022
AIMS,2022-04-20T02:45:00Z,STIC03,STIC,20220419-20220701,SW,21038950,20666.8,3.048889,81.03271,1,fair,NA,2022
AIMS,2022-04-20T03:00:00Z,STIC03,STIC,20220419-20220701,SW,21038950,20666.8,3.048889,81.03271,1,fair,NA,2022
AIMS,2022-04-20T03:15:00Z,STIC03,STIC,20220419-20220701,SW,21038950,20666.8,3.048889,81.03271,1,fair,NA,2022
AIMS,2022-04-20T03:30:00Z,STIC03,STIC,20220419-20220701,SW,21038950,20666.8,2.942778,81.03271,1,fair,NA,2022
AIMS,2022-04-20T03:45:00Z,STIC03,STIC,20220419-20220701,SW,21038950,20666.8,3.048889,81.03271,1,fair,NA,2022
AIMS,2022-04-20T04:00:00Z,STIC03,STIC,20220419-20220701,SW,21038950,20666.8,3.048889,81.03271,1,fair,NA,2022
AIMS,2022-04-20T04:15:00Z,STIC03,STIC,20220419-20220701,SW,21038950,19977.9,3.048889,78.22389,1,fair,NA,2022
AIMS,2022-04-20T04:30:00Z,STIC03,STIC,20220419-20220701,SW,21038950,19977.9,3.048889,78.22389,1,fair,NA,2022
AIMS,2022-04-20T04:45:00Z,STIC03,STIC,20220419-20220701,SW,21038950,19977.9,3.048889,78.22389,1,fair,NA,2022
AIMS,2022-04-20T05:00:00Z,STIC03,STIC,20220419-20220701,SW,21038950,19977.9,3.048889,78.22389,1,fair,NA,2022
AIMS,2022-04-20T05:15:00Z,STIC03,STIC,20220419-20220701,SW,21038950,19977.9,3.048889,78.22389,1,fair,NA,2022
AIMS,2022-04-20T05:30:00Z,STIC03,STIC,20220419-20220701,SW,21038950,19977.9,2.942778,78.22389,1,fair,NA,2022
AIMS,2022-04-20T05:45:00Z,STIC03,STIC,20220419-20220701,SW,21038950,20666.8,2.942778,81.03271,1,fair,NA,2022
AIMS,2022-04-20T06:00:00Z,STIC03,STIC,20220419-20220701,SW,21038950,20666.8,2.942778,81.03271,1,fair,NA,2022
AIMS,2022-04-20T06:15:00Z,STIC03,STIC,20220419-20220701,SW,21038950,20666.8,2.942778,81.03271,1,fair,NA,2022
AIMS,2022-04-20T06:30:00Z,STIC03,STIC,20220419-20220701,SW,21038950,20666.8,2.942778,81.03271,1,fair,NA,2022
AIMS,2022-04-20T06:45:00Z,STIC03,STIC,20220419-20220701,SW,21038950,20666.8,2.942778,81.03271,1,fair,NA,2022
AIMS,2022-04-20T07:00:00Z,STIC03,STIC,20220419-20220701,SW,21038950,20666.8,2.942778,81.03271,1,fair,NA,2022
AIMS,2022-04-20T07:15:00Z,STIC03,STIC,20220419-20220701,SW,21038950,20666.8,2.942778,81.03271,1,fair,NA,2022
AIMS,2022-04-20T07:30:00Z,STIC03,STIC,20220419-20220701,SW,21038950,20666.8,2.942778,81.03271,1,fair,NA,2022
AIMS,2022-04-20T07:45:00Z,STIC03,STIC,20220419-20220701,SW,21038950,20666.8,3.048889,81.03271,1,fair,NA,2022
AIMS,2022-04-20T08:00:00Z,STIC03,STIC,20220419-20220701,SW,21038950,20666.8,3.048889,81.03271,1,fair,NA,2022
AIMS,2022-04-20T08:15:00Z,STIC03,STIC,20220419-20220701,SW,21038950,20666.8,3.048889,81.03271,1,fair,NA,2022
AIMS,2022-04-20T08:30:00Z,STIC03,STIC,20220419-20220701,SW,21038950,20666.8,3.155,81.03271,1,fair,NA,2022
AIMS,2022-04-20T08:45:00Z,STIC03,STIC,20220419-20220701,SW,21038950,20666.8,3.261111,81.03271,1,fair,NA,2022
AIMS,2022-04-20T09:00:00Z,STIC03,STIC,20220419-20220701,SW,21038950,20666.8,3.261111,81.03271,1,fair,NA,2022
AIMS,2022-04-20T09:15:00Z,STIC03,STIC,20220419-20220701,SW,21038950,20666.8,3.367222,81.03271,1,fair,NA,2022
AIMS,2022-04-20T09:30:00Z,STIC03,STIC,20220419-20220701,SW,21038950,20666.8,3.472222,81.03271,1,fair,NA,2022
AIMS,2022-04-20T09:45:00Z,STIC03,STIC,20220419-20220701,SW,21038950,20666.8,3.577778,81.03271,1,fair,NA,2022
AIMS,2022-04-20T10:00:00Z,STIC03,STIC,20220419-20220701,SW,21038950,20666.8,3.682778,81.03271,1,fair,NA,2022
AIMS,2022-04-20T10:15:00Z,STIC03,STIC,20220419-20220701,SW,21038950,20666.8,3.787778,81.03271,1,fair,NA,2022
AIMS,2022-04-20T10:30:00Z,STIC03,STIC,20220419-20220701,SW,21038950,20666.8,3.892778,81.03271,1,fair,NA,2022
AIMS,2022-04-20T10:45:00Z,STIC03,STIC,20220419-20220701,SW,21038950,20666.8,3.997778,81.03271,1,fair,NA,2022
AIMS,2022-04-20T11:00:00Z,STIC03,STIC,20220419-20220701,SW,21038950,20666.8,4.207222,81.03271,1,fair,NA,2022
AIMS,2022-04-20T11:15:00Z,STIC03,STIC,20220419-20220701,SW,21038950,20666.8,4.415,81.03271,1,fair,NA,2022
AIMS,2022-04-20T11:30:00Z,STIC03,STIC,20220419-20220701,SW,21038950,20666.8,4.622778,81.03271,1,fair,NA,2022
AIMS,2022-04-20T11:45:00Z,STIC03,STIC,20220419-20220701,SW,21038950,20666.8,4.727222,81.03271,1,fair,NA,2022
AIMS,2022-04-20T12:00:00Z,STIC03,STIC,20220419-20220701,SW,21038950,20666.8,4.831111,81.03271,1,fair,NA,2022
AIMS,2022-04-20T12:15:00Z,STIC03,STIC,20220419-20220701,SW,21038950,20666.8,5.037222,81.03271,1,fair,NA,2022
AIMS,2022-04-20T12:30:00Z,STIC03,STIC,20220419-20220701,SW,21038950,21355.7,5.243889,83.84154,1,fair,NA,2022
AIMS,2022-04-20T12:45:00Z,STIC03,STIC,20220419-20220701,SW,21038950,21355.7,5.45,83.84154,1,fair,NA,2022
AIMS,2022-04-20T13:00:00Z,STIC03,STIC,20220419-20220701,SW,21038950,21355.7,5.757222,83.84154,1,fair,NA,2022
AIMS,2022-04-20T13:15:00Z,STIC03,STIC,20220419-20220701,SW,21038950,21355.7,5.962222,83.84154,1,fair,NA,2022
AIMS,2022-04-20T13:30:00Z,STIC03,STIC,20220419-20220701,SW,21038950,22044.6,6.166111,86.65036,1,fair,NA,2022
AIMS,2022-04-20T13:45:00Z,STIC03,STIC,20220419-20220701,SW,21038950,22044.6,6.37,86.65036,1,fair,NA,2022
AIMS,2022-04-20T14:00:00Z,STIC03,STIC,20220419-20220701,SW,21038950,22044.6,6.572778,86.65036,1,fair,NA,2022
AIMS,2022-04-20T14:15:00Z,STIC03,STIC,20220419-20220701,SW,21038950,22044.6,6.775,86.65036,1,fair,NA,2022
AIMS,2022-04-20T14:30:00Z,STIC03,STIC,20220419-20220701,SW,21038950,22044.6,6.977778,86.65036,1,fair,NA,2022
AIMS,2022-04-20T14:45:00Z,STIC03,STIC,20220419-20220701,SW,21038950,22044.6,7.078889,86.65036,1,fair,NA,2022
AIMS,2022-04-20T15:00:00Z,STIC03,STIC,20220419-20220701,SW,21038950,22044.6,7.28,86.65036,1,fair,NA,2022
AIMS,2022-04-20T15:15:00Z,STIC03,STIC,20220419-20220701,SW,21038950,22044.6,7.381111,86.65036,1,fair,NA,2022
AIMS,2022-04-20T15:30:00Z,STIC03,STIC,20220419-20220701,SW,21038950,22044.6,7.481111,86.65036,1,fair,NA,2022
AIMS,2022-04-20T15:45:00Z,STIC03,STIC,20220419-20220701,SW,21038950,22044.6,7.582222,86.65036,1,fair,NA,2022
AIMS,2022-04-20T16:00:00Z,STIC03,STIC,20220419-20220701,SW,21038950,22044.6,7.682222,86.65036,1,fair,NA,2022
AIMS,2022-04-20T16:15:00Z,STIC03,STIC,20220419-20220701,SW,21038950,22044.6,7.782222,86.65036,1,fair,NA,2022
AIMS,2022-04-20T16:30:00Z,STIC03,STIC,20220419-20220701,SW,21038950,22044.6,7.782222,86.65036,1,fair,NA,2022
AIMS,2022-04-20T16:45:00Z,STIC03,STIC,20220419-20220701,SW,21038950,22044.6,7.782222,86.65036,1,fair,NA,2022
AIMS,2022-04-20T17:00:00Z,STIC03,STIC,20220419-20220701,SW,21038950,22044.6,7.682222,86.65036,1,fair,NA,2022
AIMS,2022-04-20T17:15:00Z,STIC03,STIC,20220419-20220701,SW,21038950,22044.6,7.582222,86.65036,1,fair,NA,2022
AIMS,2022-04-20T17:30:00Z,STIC03,STIC,20220419-20220701,SW,21038950,22044.6,7.582222,86.65036,1,fair,NA,2022
AIMS,2022-04-20T17:45:00Z,STIC03,STIC,20220419-20220701,SW,21038950,22044.6,7.582222,86.65036,1,fair,NA,2022
AIMS,2022-04-20T18:00:00Z,STIC03,STIC,20220419-20220701,SW,21038950,22044.6,7.582222,86.65036,1,fair,NA,2022
AIMS,2022-04-20T18:15:00Z,STIC03,STIC,20220419-20220701,SW,21038950,22044.6,7.481111,86.65036,1,fair,NA,2022
AIMS,2022-04-20T18:30:00Z,STIC03,STIC,20220419-20220701,SW,21038950,22044.6,7.481111,86.65036,1,fair,NA,2022
AIMS,2022-04-20T18:45:00Z,STIC03,STIC,20220419-20220701,SW,21038950,22044.6,7.28,86.65036,1,fair,NA,2022
AIMS,2022-04-20T19:00:00Z,STIC03,STIC,20220419-20220701,SW,21038950,22044.6,7.178889,86.65036,1,fair,NA,2022
AIMS,2022-04-20T19:15:00Z,STIC03,STIC,20220419-20220701,SW,21038950,22044.6,7.078889,86.65036,1,fair,NA,2022
AIMS,2022-04-20T19:30:00Z,STIC03,STIC,20220419-20220701,SW,21038950,22044.6,6.977778,86.65036,1,fair,NA,2022
AIMS,2022-04-20T19:45:00Z,STIC03,STIC,20220419-20220701,SW,21038950,22044.6,6.877222,86.65036,1,fair,NA,2022
AIMS,2022-04-20T20:00:00Z,STIC03,STIC,20220419-20220701,SW,21038950,22044.6,6.775,86.65036,1,fair,NA,2022
AIMS,2022-04-20T20:15:00Z,STIC03,STIC,20220419-20220701,SW,21038950,22044.6,6.572778,86.65036,1,fair,NA,2022
AIMS,2022-04-20T20:30:00Z,STIC03,STIC,20220419-20220701,SW,21038950,22044.6,6.471111,86.65036,1,fair,NA,2022
AIMS,2022-04-20T20:45:00Z,STIC03,STIC,20220419-20220701,SW,21038950,22044.6,6.267778,86.65036,1,fair,NA,2022
AIMS,2022-04-20T21:00:00Z,STIC03,STIC,20220419-20220701,SW,21038950,22044.6,6.166111,86.65036,1,fair,NA,2022
AIMS,2022-04-20T21:15:00Z,STIC03,STIC,20220419-20220701,SW,21038950,22044.6,5.962222,86.65036,1,fair,NA,2022
AIMS,2022-04-20T21:30:00Z,STIC03,STIC,20220419-20220701,SW,21038950,22044.6,5.86,86.65036,1,fair,NA,2022
AIMS,2022-04-20T21:45:00Z,STIC03,STIC,20220419-20220701,SW,21038950,22044.6,5.655,86.65036,1,fair,NA,2022
AIMS,2022-04-20T22:00:00Z,STIC03,STIC,20220419-20220701,SW,21038950,22044.6,5.552222,86.65036,1,fair,NA,2022
AIMS,2022-04-20T22:15:00Z,STIC03,STIC,20220419-20220701,SW,21038950,22044.6,5.45,86.65036,1,fair,NA,2022
AIMS,2022-04-20T22:30:00Z,STIC03,STIC,20220419-20220701,SW,21038950,22044.6,5.243889,86.65036,1,fair,NA,2022
AIMS,2022-04-20T22:45:00Z,STIC03,STIC,20220419-20220701,SW,21038950,21355.7,5.141111,83.84154,1,fair,NA,2022
AIMS,2022-04-20T23:00:00Z,STIC03,STIC,20220419-20220701,SW,21038950,21355.7,5.037222,83.84154,1,fair,NA,2022
AIMS,2022-04-20T23:15:00Z,STIC03,STIC,20220419-20220701,SW,21038950,21355.7,4.933889,83.84154,1,fair,NA,2022
AIMS,2022-04-20T23:30:00Z,STIC03,STIC,20220419-20220701,SW,21038950,21355.7,4.831111,83.84154,1,fair,NA,2022
AIMS,2022-04-20T23:45:00Z,STIC03,STIC,20220419-20220701,SW,21038950,21355.7,4.727222,83.84154,1,fair,NA,2022
AIMS,2022-04-21T00:00:00Z,STIC03,STIC,20220419-20220701,SW,21038950,21355.7,4.727222,83.84154,1,fair,NA,2022
AIMS,2022-04-21T00:15:00Z,STIC03,STIC,20220419-20220701,SW,21038950,20666.8,4.622778,81.03271,1,fair,NA,2022
AIMS,2022-04-21T00:30:00Z,STIC03,STIC,20220419-20220701,SW,21038950,20666.8,4.518889,81.03271,1,fair,NA,2022
AIMS,2022-04-21T00:45:00Z,STIC03,STIC,20220419-20220701,SW,21038950,20666.8,4.415,81.03271,1,fair,NA,2022
AIMS,2022-04-21T01:00:00Z,STIC03,STIC,20220419-20220701,SW,21038950,20666.8,4.311111,81.03271,1,fair,NA,2022
AIMS,2022-04-21T01:15:00Z,STIC03,STIC,20220419-20220701,SW,21038950,20666.8,4.311111,81.03271,1,fair,NA,2022
AIMS,2022-04-21T01:30:00Z,STIC03,STIC,20220419-20220701,SW,21038950,20666.8,4.207222,81.03271,1,fair,NA,2022
AIMS,2022-04-21T01:45:00Z,STIC03,STIC,20220419-20220701,SW,21038950,20666.8,4.102222,81.03271,1,fair,NA,2022
AIMS,2022-04-21T02:00:00Z,STIC03,STIC,20220419-20220701,SW,21038950,20666.8,4.102222,81.03271,1,fair,NA,2022
AIMS,2022-04-21T02:15:00Z,STIC03,STIC,20220419-20220701,SW,21038950,20666.8,4.102222,81.03271,1,fair,NA,2022
AIMS,2022-04-21T02:30:00Z,STIC03,STIC,20220419-20220701,SW,21038950,20666.8,3.997778,81.03271,1,fair,NA,2022
AIMS,2022-04-21T02:45:00Z,STIC03,STIC,20220419-20220701,SW,21038950,20666.8,3.997778,81.03271,1,fair,NA,2022
AIMS,2022-04-21T03:00:00Z,STIC03,STIC,20220419-20220701,SW,21038950,20666.8,3.997778,81.03271,1,fair,NA,2022
AIMS,2022-04-21T03:15:00Z,STIC03,STIC,20220419-20220701,SW,21038950,20666.8,3.997778,81.03271,1,fair,NA,2022
AIMS,2022-04-21T03:30:00Z,STIC03,STIC,20220419-20220701,SW,21038950,20666.8,3.997778,81.03271,1,fair,NA,2022
AIMS,2022-04-21T03:45:00Z,STIC03,STIC,20220419-20220701,SW,21038950,20666.8,3.997778,81.03271,1,fair,NA,2022
AIMS,2022-04-21T04:00:00Z,STIC03,STIC,20220419-20220701,SW,21038950,20666.8,3.997778,81.03271,1,fair,NA,2022
AIMS,2022-04-21T04:15:00Z,STIC03,STIC,20220419-20220701,SW,21038950,20666.8,3.997778,81.03271,1,fair,NA,2022
AIMS,2022-04-21T04:30:00Z,STIC03,STIC,20220419-20220701,SW,21038950,20666.8,3.892778,81.03271,1,fair,NA,2022
AIMS,2022-04-21T04:45:00Z,STIC03,STIC,20220419-20220701,SW,21038950,20666.8,3.892778,81.03271,1,fair,NA,2022
AIMS,2022-04-21T05:00:00Z,STIC03,STIC,20220419-20220701,SW,21038950,20666.8,3.892778,81.03271,1,fair,NA,2022
AIMS,2022-04-21T05:15:00Z,STIC03,STIC,20220419-20220701,SW,21038950,20666.8,3.787778,81.03271,1,fair,NA,2022
AIMS,2022-04-21T05:30:00Z,STIC03,STIC,20220419-20220701,SW,21038950,20666.8,3.787778,81.03271,1,fair,NA,2022
AIMS,2022-04-21T05:45:00Z,STIC03,STIC,20220419-20220701,SW,21038950,20666.8,3.787778,81.03271,1,fair,NA,2022
AIMS,2022-04-21T06:00:00Z,STIC03,STIC,20220419-20220701,SW,21038950,20666.8,3.787778,81.03271,1,fair,NA,2022
AIMS,2022-04-21T06:15:00Z,STIC03,STIC,20220419-20220701,SW,21038950,20666.8,3.682778,81.03271,1,fair,NA,2022
AIMS,2022-04-21T06:30:00Z,STIC03,STIC,20220419-20220701,SW,21038950,20666.8,3.682778,81.03271,1,fair,NA,2022
AIMS,2022-04-21T06:45:00Z,STIC03,STIC,20220419-20220701,SW,21038950,20666.8,3.682778,81.03271,1,fair,NA,2022
AIMS,2022-04-21T07:00:00Z,STIC03,STIC,20220419-20220701,SW,21038950,20666.8,3.682778,81.03271,1,fair,NA,2022
AIMS,2022-04-21T07:15:00Z,STIC03,STIC,20220419-20220701,SW,21038950,20666.8,3.682778,81.03271,1,fair,NA,2022
AIMS,2022-04-21T07:30:00Z,STIC03,STIC,20220419-20220701,SW,21038950,20666.8,3.682778,81.03271,1,fair,NA,2022
AIMS,2022-04-21T07:45:00Z,STIC03,STIC,20220419-20220701,SW,21038950,20666.8,3.787778,81.03271,1,fair,NA,2022
AIMS,2022-04-21T08:00:00Z,STIC03,STIC,20220419-20220701,SW,21038950,20666.8,3.787778,81.03271,1,fair,NA,2022
AIMS,2022-04-21T08:15:00Z,STIC03,STIC,20220419-20220701,SW,21038950,20666.8,3.892778,81.03271,1,fair,NA,2022
AIMS,2022-04-21T08:30:00Z,STIC03,STIC,20220419-20220701,SW,21038950,20666.8,3.892778,81.03271,1,fair,NA,2022
AIMS,2022-04-21T08:45:00Z,STIC03,STIC,20220419-20220701,SW,21038950,20666.8,3.997778,81.03271,1,fair,NA,2022
AIMS,2022-04-21T09:00:00Z,STIC03,STIC,20220419-20220701,SW,21038950,20666.8,4.102222,81.03271,1,fair,NA,2022
AIMS,2022-04-21T09:15:00Z,STIC03,STIC,20220419-20220701,SW,21038950,20666.8,4.311111,81.03271,1,fair,NA,2022
AIMS,2022-04-21T09:30:00Z,STIC03,STIC,20220419-20220701,SW,21038950,20666.8,4.415,81.03271,1,fair,NA,2022
AIMS,2022-04-21T09:45:00Z,STIC03,STIC,20220419-20220701,SW,21038950,20666.8,4.518889,81.03271,1,fair,NA,2022
AIMS,2022-04-21T10:00:00Z,STIC03,STIC,20220419-20220701,SW,21038950,20666.8,4.518889,81.03271,1,fair,NA,2022
AIMS,2022-04-21T10:15:00Z,STIC03,STIC,20220419-20220701,SW,21038950,20666.8,4.622778,81.03271,1,fair,NA,2022
AIMS,2022-04-21T10:30:00Z,STIC03,STIC,20220419-20220701,SW,21038950,20666.8,4.727222,81.03271,1,fair,NA,2022
AIMS,2022-04-21T10:45:00Z,STIC03,STIC,20220419-20220701,SW,21038950,20666.8,4.831111,81.03271,1,fair,NA,2022
AIMS,2022-04-21T11:00:00Z,STIC03,STIC,20220419-20220701,SW,21038950,20666.8,4.933889,81.03271,1,fair,NA,2022
AIMS,2022-04-21T11:15:00Z,STIC03,STIC,20220419-20220701,SW,21038950,20666.8,5.037222,81.03271,1,fair,NA,2022
AIMS,2022-04-21T11:30:00Z,STIC03,STIC,20220419-20220701,SW,21038950,20666.8,5.141111,81.03271,1,fair,NA,2022
AIMS,2022-04-21T11:45:00Z,STIC03,STIC,20220419-20220701,SW,21038950,20666.8,5.347222,81.03271,1,fair,NA,2022
AIMS,2022-04-21T12:00:00Z,STIC03,STIC,20220419-20220701,SW,21038950,20666.8,5.45,81.03271,1,fair,NA,2022
AIMS,2022-04-21T12:15:00Z,STIC03,STIC,20220419-20220701,SW,21038950,20666.8,5.655,81.03271,1,fair,NA,2022
AIMS,2022-04-21T12:30:00Z,STIC03,STIC,20220419-20220701,SW,21038950,20666.8,5.86,81.03271,1,fair,NA,2022
AIMS,2022-04-21T12:45:00Z,STIC03,STIC,20220419-20220701,SW,21038950,21355.7,6.063889,83.84154,1,fair,NA,2022
AIMS,2022-04-21T13:00:00Z,STIC03,STIC,20220419-20220701,SW,21038950,21355.7,6.267778,83.84154,1,fair,NA,2022
AIMS,2022-04-21T13:15:00Z,STIC03,STIC,20220419-20220701,SW,21038950,21355.7,6.37,83.84154,1,fair,NA,2022
AIMS,2022-04-21T13:30:00Z,STIC03,STIC,20220419-20220701,SW,21038950,21355.7,6.572778,83.84154,1,fair,NA,2022
AIMS,2022-04-21T13:45:00Z,STIC03,STIC,20220419-20220701,SW,21038950,21355.7,6.673889,83.84154,1,fair,NA,2022
AIMS,2022-04-21T14:00:00Z,STIC03,STIC,20220419-20220701,SW,21038950,21355.7,6.775,83.84154,1,fair,NA,2022
AIMS,2022-04-21T14:15:00Z,STIC03,STIC,20220419-20220701,SW,21038950,22044.6,6.977778,86.65036,1,fair,NA,2022
AIMS,2022-04-21T14:30:00Z,STIC03,STIC,20220419-20220701,SW,21038950,22044.6,7.078889,86.65036,1,fair,NA,2022
AIMS,2022-04-21T14:45:00Z,STIC03,STIC,20220419-20220701,SW,21038950,22044.6,7.178889,86.65036,1,fair,NA,2022
AIMS,2022-04-21T15:00:00Z,STIC03,STIC,20220419-20220701,SW,21038950,22044.6,7.178889,86.65036,1,fair,NA,2022
AIMS,2022-04-21T15:15:00Z,STIC03,STIC,20220419-20220701,SW,21038950,22044.6,7.178889,86.65036,1,fair,NA,2022
AIMS,2022-04-21T15:30:00Z,STIC03,STIC,20220419-20220701,SW,21038950,22044.6,7.178889,86.65036,1,fair,NA,2022
AIMS,2022-04-21T15:45:00Z,STIC03,STIC,20220419-20220701,SW,21038950,22044.6,7.28,86.65036,1,fair,NA,2022
AIMS,2022-04-21T16:00:00Z,STIC03,STIC,20220419-20220701,SW,21038950,22044.6,7.178889,86.65036,1,fair,NA,2022
AIMS,2022-04-21T16:15:00Z,STIC03,STIC,20220419-20220701,SW,21038950,22044.6,7.178889,86.65036,1,fair,NA,2022
AIMS,2022-04-21T16:30:00Z,STIC03,STIC,20220419-20220701,SW,21038950,22044.6,7.178889,86.65036,1,fair,NA,2022
AIMS,2022-04-21T16:45:00Z,STIC03,STIC,20220419-20220701,SW,21038950,22044.6,7.078889,86.65036,1,fair,NA,2022
AIMS,2022-04-21T17:00:00Z,STIC03,STIC,20220419-20220701,SW,21038950,22044.6,7.078889,86.65036,1,fair,NA,2022
AIMS,2022-04-21T17:15:00Z,STIC03,STIC,20220419-20220701,SW,21038950,22044.6,7.078889,86.65036,1,fair,NA,2022
AIMS,2022-04-21T17:30:00Z,STIC03,STIC,20220419-20220701,SW,21038950,22044.6,6.977778,86.65036,1,fair,NA,2022
AIMS,2022-04-21T17:45:00Z,STIC03,STIC,20220419-20220701,SW,21038950,22044.6,6.977778,86.65036,1,fair,NA,2022
AIMS,2022-04-21T18:00:00Z,STIC03,STIC,20220419-20220701,SW,21038950,22044.6,6.877222,86.65036,1,fair,NA,2022
AIMS,2022-04-21T18:15:00Z,STIC03,STIC,20220419-20220701,SW,21038950,22044.6,6.877222,86.65036,1,fair,NA,2022
AIMS,2022-04-21T18:30:00Z,STIC03,STIC,20220419-20220701,SW,21038950,22044.6,6.775,86.65036,1,fair,NA,2022
AIMS,2022-04-21T18:45:00Z,STIC03,STIC,20220419-20220701,SW,21038950,22044.6,6.775,86.65036,1,fair,NA,2022
AIMS,2022-04-21T19:00:00Z,STIC03,STIC,20220419-20220701,SW,21038950,22044.6,6.673889,86.65036,1,fair,NA,2022
AIMS,2022-04-21T19:15:00Z,STIC03,STIC,20220419-20220701,SW,21038950,22044.6,6.572778,86.65036,1,fair,NA,2022
AIMS,2022-04-21T19:30:00Z,STIC03,STIC,20220419-20220701,SW,21038950,22044.6,6.572778,86.65036,1,fair,NA,2022
AIMS,2022-04-21T19:45:00Z,STIC03,STIC,20220419-20220701,SW,21038950,22044.6,6.471111,86.65036,1,fair,NA,2022
AIMS,2022-04-21T20:00:00Z,STIC03,STIC,20220419-20220701,SW,21038950,22044.6,6.37,86.65036,1,fair,NA,2022
AIMS,2022-04-21T20:15:00Z,STIC03,STIC,20220419-20220701,SW,21038950,22044.6,6.267778,86.65036,1,fair,NA,2022
AIMS,2022-04-21T20:30:00Z,STIC03,STIC,20220419-20220701,SW,21038950,22044.6,6.166111,86.65036,1,fair,NA,2022
AIMS,2022-04-21T20:45:00Z,STIC03,STIC,20220419-20220701,SW,21038950,21355.7,6.063889,83.84154,1,fair,NA,2022
AIMS,2022-04-21T21:00:00Z,STIC03,STIC,20220419-20220701,SW,21038950,21355.7,6.063889,83.84154,1,fair,NA,2022
AIMS,2022-04-21T21:15:00Z,STIC03,STIC,20220419-20220701,SW,21038950,21355.7,5.962222,83.84154,1,fair,NA,2022
AIMS,2022-04-21T21:30:00Z,STIC03,STIC,20220419-20220701,SW,21038950,21355.7,5.86,83.84154,1,fair,NA,2022
AIMS,2022-04-21T21:45:00Z,STIC03,STIC,20220419-20220701,SW,21038950,21355.7,5.757222,83.84154,1,fair,NA,2022
AIMS,2022-04-21T22:00:00Z,STIC03,STIC,20220419-20220701,SW,21038950,21355.7,5.757222,83.84154,1,fair,NA,2022
AIMS,2022-04-21T22:15:00Z,STIC03,STIC,20220419-20220701,SW,21038950,21355.7,5.655,83.84154,1,fair,NA,2022
AIMS,2022-04-21T22:30:00Z,STIC03,STIC,20220419-20220701,SW,21038950,21355.7,5.552222,83.84154,1,fair,NA,2022
AIMS,2022-04-21T22:45:00Z,STIC03,STIC,20220419-20220701,SW,21038950,21355.7,5.552222,83.84154,1,fair,NA,2022
AIMS,2022-04-21T23:00:00Z,STIC03,STIC,20220419-20220701,SW,21038950,21355.7,5.45,83.84154,1,fair,NA,2022
AIMS,2022-04-21T23:15:00Z,STIC03,STIC,20220419-20220701,SW,21038950,20666.8,5.45,81.03271,1,fair,NA,2022
AIMS,2022-04-21T23:30:00Z,STIC03,STIC,20220419-20220701,SW,21038950,20666.8,5.347222,81.03271,1,fair,NA,2022
AIMS,2022-04-21T23:45:00Z,STIC03,STIC,20220419-20220701,SW,21038950,21355.7,5.347222,83.84154,1,fair,NA,2022
AIMS,2022-04-22T00:00:00Z,STIC03,STIC,20220419-20220701,SW,21038950,20666.8,5.243889,81.03271,1,fair,NA,2022
AIMS,2022-04-22T00:15:00Z,STIC03,STIC,20220419-20220701,SW,21038950,20666.8,5.243889,81.03271,1,fair,NA,2022
AIMS,2022-04-22T00:30:00Z,STIC03,STIC,20220419-20220701,SW,21038950,20666.8,5.243889,81.03271,1,fair,NA,2022
AIMS,2022-04-22T00:45:00Z,STIC03,STIC,20220419-20220701,SW,21038950,20666.8,5.141111,81.03271,1,fair,NA,2022
AIMS,2022-04-22T01:00:00Z,STIC03,STIC,20220419-20220701,SW,21038950,20666.8,5.037222,81.03271,1,fair,NA,2022
AIMS,2022-04-22T01:15:00Z,STIC03,STIC,20220419-20220701,SW,21038950,20666.8,5.037222,81.03271,1,fair,NA,2022
AIMS,2022-04-22T01:30:00Z,STIC03,STIC,20220419-20220701,SW,21038950,20666.8,4.933889,81.03271,1,fair,NA,2022
AIMS,2022-04-22T01:45:00Z,STIC03,STIC,20220419-20220701,SW,21038950,20666.8,4.933889,81.03271,1,fair,NA,2022
AIMS,2022-04-22T02:00:00Z,STIC03,STIC,20220419-20220701,SW,21038950,20666.8,4.831111,81.03271,1,fair,NA,2022
AIMS,2022-04-22T02:15:00Z,STIC03,STIC,20220419-20220701,SW,21038950,20666.8,4.727222,81.03271,1,fair,NA,2022
AIMS,2022-04-22T02:30:00Z,STIC03,STIC,20220419-20220701,SW,21038950,20666.8,4.727222,81.03271,1,fair,NA,2022
AIMS,2022-04-22T02:45:00Z,STIC03,STIC,20220419-20220701,SW,21038950,20666.8,4.622778,81.03271,1,fair,NA,2022
AIMS,2022-04-22T03:00:00Z,STIC03,STIC,20220419-20220701,SW,21038950,20666.8,4.622778,81.03271,1,fair,NA,2022
AIMS,2022-04-22T03:15:00Z,STIC03,STIC,20220419-20220701,SW,21038950,20666.8,4.518889,81.03271,1,fair,NA,2022
AIMS,2022-04-22T03:30:00Z,STIC03,STIC,20220419-20220701,SW,21038950,20666.8,4.415,81.03271,1,fair,NA,2022
AIMS,2022-04-22T03:45:00Z,STIC03,STIC,20220419-20220701,SW,21038950,20666.8,4.415,81.03271,1,fair,NA,2022
AIMS,2022-04-22T04:00:00Z,STIC03,STIC,20220419-20220701,SW,21038950,20666.8,4.311111,81.03271,1,fair,NA,2022
AIMS,2022-04-22T04:15:00Z,STIC03,STIC,20220419-20220701,SW,21038950,20666.8,4.207222,81.03271,1,fair,NA,2022
AIMS,2022-04-22T04:30:00Z,STIC03,STIC,20220419-20220701,SW,21038950,20666.8,4.207222,81.03271,1,fair,NA,2022
AIMS,2022-04-22T04:45:00Z,STIC03,STIC,20220419-20220701,SW,21038950,20666.8,4.207222,81.03271,1,fair,NA,2022
AIMS,2022-04-22T05:00:00Z,STIC03,STIC,20220419-20220701,SW,21038950,20666.8,4.102222,81.03271,1,fair,NA,2022
AIMS,2022-04-22T05:15:00Z,STIC03,STIC,20220419-20220701,SW,21038950,19977.9,3.997778,78.22389,1,fair,NA,2022
AIMS,2022-04-22T05:30:00Z,STIC03,STIC,20220419-20220701,SW,21038950,19977.9,3.892778,78.22389,1,fair,NA,2022
AIMS,2022-04-22T05:45:00Z,STIC03,STIC,20220419-20220701,SW,21038950,19977.9,3.892778,78.22389,1,fair,NA,2022
AIMS,2022-04-22T06:00:00Z,STIC03,STIC,20220419-20220701,SW,21038950,19977.9,3.787778,78.22389,1,fair,NA,2022
AIMS,2022-04-22T06:15:00Z,STIC03,STIC,20220419-20220701,SW,21038950,19977.9,3.787778,78.22389,1,fair,NA,2022
AIMS,2022-04-22T06:30:00Z,STIC03,STIC,20220419-20220701,SW,21038950,19977.9,3.682778,78.22389,1,fair,NA,2022
AIMS,2022-04-22T06:45:00Z,STIC03,STIC,20220419-20220701,SW,21038950,19977.9,3.682778,78.22389,1,fair,NA,2022
AIMS,2022-04-22T07:00:00Z,STIC03,STIC,20220419-20220701,SW,21038950,19977.9,3.577778,78.22389,1,fair,NA,2022
AIMS,2022-04-22T07:15:00Z,STIC03,STIC,20220419-20220701,SW,21038950,19977.9,3.577778,78.22389,1,fair,NA,2022
AIMS,2022-04-22T07:30:00Z,STIC03,STIC,20220419-20220701,SW,21038950,19977.9,3.577778,78.22389,1,fair,NA,2022
AIMS,2022-04-22T07:45:00Z,STIC03,STIC,20220419-20220701,SW,21038950,19977.9,3.577778,78.22389,1,fair,NA,2022
AIMS,2022-04-22T08:00:00Z,STIC03,STIC,20220419-20220701,SW,21038950,19977.9,3.577778,78.22389,1,fair,NA,2022
AIMS,2022-04-22T08:15:00Z,STIC03,STIC,20220419-20220701,SW,21038950,19977.9,3.577778,78.22389,1,fair,NA,2022
AIMS,2022-04-22T08:30:00Z,STIC03,STIC,20220419-20220701,SW,21038950,19977.9,3.577778,78.22389,1,fair,NA,2022
AIMS,2022-04-22T08:45:00Z,STIC03,STIC,20220419-20220701,SW,21038950,19977.9,3.577778,78.22389,1,fair,NA,2022
AIMS,2022-04-22T09:00:00Z,STIC03,STIC,20220419-20220701,SW,21038950,19977.9,3.577778,78.22389,1,fair,NA,2022
AIMS,2022-04-22T09:15:00Z,STIC03,STIC,20220419-20220701,SW,21038950,19977.9,3.577778,78.22389,1,fair,NA,2022
AIMS,2022-04-22T09:30:00Z,STIC03,STIC,20220419-20220701,SW,21038950,19977.9,3.577778,78.22389,1,fair,NA,2022
AIMS,2022-04-22T09:45:00Z,STIC03,STIC,20220419-20220701,SW,21038950,19977.9,3.577778,78.22389,1,fair,NA,2022
AIMS,2022-04-22T10:00:00Z,STIC03,STIC,20220419-20220701,SW,21038950,19977.9,3.577778,78.22389,1,fair,NA,2022
AIMS,2022-04-22T10:15:00Z,STIC03,STIC,20220419-20220701,SW,21038950,19977.9,3.472222,78.22389,1,fair,NA,2022
AIMS,2022-04-22T10:30:00Z,STIC03,STIC,20220419-20220701,SW,21038950,19977.9,3.472222,78.22389,1,fair,NA,2022
AIMS,2022-04-22T10:45:00Z,STIC03,STIC,20220419-20220701,SW,21038950,19977.9,3.472222,78.22389,1,fair,NA,2022
AIMS,2022-04-22T11:00:00Z,STIC03,STIC,20220419-20220701,SW,21038950,19977.9,3.472222,78.22389,1,fair,NA,2022
AIMS,2022-04-22T11:15:00Z,STIC03,STIC,20220419-20220701,SW,21038950,19977.9,3.472222,78.22389,1,fair,NA,2022
AIMS,2022-04-22T11:30:00Z,STIC03,STIC,20220419-20220701,SW,21038950,19977.9,3.472222,78.22389,1,fair,NA,2022
AIMS,2022-04-22T11:45:00Z,STIC03,STIC,20220419-20220701,SW,21038950,19977.9,3.577778,78.22389,1,fair,NA,2022
AIMS,2022-04-22T12:00:00Z,STIC03,STIC,20220419-20220701,SW,21038950,19977.9,3.577778,78.22389,1,fair,NA,2022
AIMS,2022-04-22T12:15:00Z,STIC03,STIC,20220419-20220701,SW,21038950,19977.9,3.577778,78.22389,1,fair,NA,2022
AIMS,2022-04-22T12:30:00Z,STIC03,STIC,20220419-20220701,SW,21038950,19977.9,3.682778,78.22389,1,fair,NA,2022
AIMS,2022-04-22T12:45:00Z,STIC03,STIC,20220419-20220701,SW,21038950,19977.9,3.682778,78.22389,1,fair,NA,2022
AIMS,2022-04-22T13:00:00Z,STIC03,STIC,20220419-20220701,SW,21038950,19977.9,3.787778,78.22389,1,fair,NA,2022
AIMS,2022-04-22T13:15:00Z,STIC03,STIC,20220419-20220701,SW,21038950,19977.9,3.892778,78.22389,1,fair,NA,2022
AIMS,2022-04-22T13:30:00Z,STIC03,STIC,20220419-20220701,SW,21038950,19977.9,3.997778,78.22389,1,fair,NA,2022
AIMS,2022-04-22T13:45:00Z,STIC03,STIC,20220419-20220701,SW,21038950,19977.9,4.102222,78.22389,1,fair,NA,2022
AIMS,2022-04-22T14:00:00Z,STIC03,STIC,20220419-20220701,SW,21038950,19977.9,4.207222,78.22389,1,fair,NA,2022
AIMS,2022-04-22T14:15:00Z,STIC03,STIC,20220419-20220701,SW,21038950,19977.9,4.311111,78.22389,1,fair,NA,2022
AIMS,2022-04-22T14:30:00Z,STIC03,STIC,20220419-20220701,SW,21038950,19977.9,4.415,78.22389,1,fair,NA,2022
AIMS,2022-04-22T14:45:00Z,STIC03,STIC,20220419-20220701,SW,21038950,20666.8,4.518889,81.03271,1,fair,NA,2022
AIMS,2022-04-22T15:00:00Z,STIC03,STIC,20220419-20220701,SW,21038950,20666.8,4.518889,81.03271,1,fair,NA,2022
AIMS,2022-04-22T15:15:00Z,STIC03,STIC,20220419-20220701,SW,21038950,20666.8,4.622778,81.03271,1,fair,NA,2022
AIMS,2022-04-22T15:30:00Z,STIC03,STIC,20220419-20220701,SW,21038950,20666.8,4.727222,81.03271,1,fair,NA,2022
AIMS,2022-04-22T15:45:00Z,STIC03,STIC,20220419-20220701,SW,21038950,20666.8,4.727222,81.03271,1,fair,NA,2022
AIMS,2022-04-22T16:00:00Z,STIC03,STIC,20220419-20220701,SW,21038950,20666.8,4.831111,81.03271,1,fair,NA,2022
AIMS,2022-04-22T16:15:00Z,STIC03,STIC,20220419-20220701,SW,21038950,20666.8,4.831111,81.03271,1,fair,NA,2022
AIMS,2022-04-22T16:30:00Z,STIC03,STIC,20220419-20220701,SW,21038950,20666.8,4.933889,81.03271,1,fair,NA,2022
AIMS,2022-04-22T16:45:00Z,STIC03,STIC,20220419-20220701,SW,21038950,20666.8,4.831111,81.03271,1,fair,NA,2022
AIMS,2022-04-22T17:00:00Z,STIC03,STIC,20220419-20220701,SW,21038950,20666.8,4.831111,81.03271,1,fair,NA,2022
AIMS,2022-04-22T17:15:00Z,STIC03,STIC,20220419-20220701,SW,21038950,20666.8,4.727222,81.03271,1,fair,NA,2022
AIMS,2022-04-22T17:30:00Z,STIC03,STIC,20220419-20220701,SW,21038950,20666.8,4.622778,81.03271,1,fair,NA,2022
AIMS,2022-04-22T17:45:00Z,STIC03,STIC,20220419-20220701,SW,21038950,20666.8,4.518889,81.03271,1,fair,NA,2022
AIMS,2022-04-22T18:00:00Z,STIC03,STIC,20220419-20220701,SW,21038950,20666.8,4.518889,81.03271,1,fair,NA,2022
AIMS,2022-04-22T18:15:00Z,STIC03,STIC,20220419-20220701,SW,21038950,20666.8,4.415,81.03271,1,fair,NA,2022
AIMS,2022-04-22T18:30:00Z,STIC03,STIC,20220419-20220701,SW,21038950,20666.8,4.415,81.03271,1,fair,NA,2022
AIMS,2022-04-22T18:45:00Z,STIC03,STIC,20220419-20220701,SW,21038950,20666.8,4.311111,81.03271,1,fair,NA,2022
AIMS,2022-04-22T19:00:00Z,STIC03,STIC,20220419-20220701,SW,21038950,20666.8,4.311111,81.03271,1,fair,NA,2022
AIMS,2022-04-22T19:15:00Z,STIC03,STIC,20220419-20220701,SW,21038950,20666.8,4.207222,81.03271,1,fair,NA,2022
AIMS,2022-04-22T19:30:00Z,STIC03,STIC,20220419-20220701,SW,21038950,20666.8,4.207222,81.03271,1,fair,NA,2022
AIMS,2022-04-22T19:45:00Z,STIC03,STIC,20220419-20220701,SW,21038950,20666.8,4.102222,81.03271,1,fair,NA,2022
AIMS,2022-04-22T20:00:00Z,STIC03,STIC,20220419-20220701,SW,21038950,20666.8,4.102222,81.03271,1,fair,NA,2022
AIMS,2022-04-22T20:15:00Z,STIC03,STIC,20220419-20220701,SW,21038950,20666.8,3.997778,81.03271,1,fair,NA,2022
AIMS,2022-04-22T20:30:00Z,STIC03,STIC,20220419-20220701,SW,21038950,20666.8,3.997778,81.03271,1,fair,NA,2022
AIMS,2022-04-22T20:45:00Z,STIC03,STIC,20220419-20220701,SW,21038950,20666.8,3.997778,81.03271,1,fair,NA,2022
AIMS,2022-04-22T21:00:00Z,STIC03,STIC,20220419-20220701,SW,21038950,20666.8,3.997778,81.03271,1,fair,NA,2022
AIMS,2022-04-22T21:15:00Z,STIC03,STIC,20220419-20220701,SW,21038950,20666.8,3.892778,81.03271,1,fair,NA,2022
AIMS,2022-04-22T21:30:00Z,STIC03,STIC,20220419-20220701,SW,21038950,20666.8,3.892778,81.03271,1,fair,NA,2022
AIMS,2022-04-22T21:45:00Z,STIC03,STIC,20220419-20220701,SW,21038950,20666.8,3.892778,81.03271,1,fair,NA,2022
AIMS,2022-04-22T22:00:00Z,STIC03,STIC,20220419-20220701,SW,21038950,20666.8,3.892778,81.03271,1,fair,NA,2022
AIMS,2022-04-22T22:15:00Z,STIC03,STIC,20220419-20220701,SW,21038950,20666.8,3.787778,81.03271,1,fair,NA,2022
AIMS,2022-04-22T22:30:00Z,STIC03,STIC,20220419-20220701,SW,21038950,20666.8,3.787778,81.03271,1,fair,NA,2022
AIMS,2022-04-22T22:45:00Z,STIC03,STIC,20220419-20220701,SW,21038950,20666.8,3.787778,81.03271,1,fair,NA,2022
AIMS,2022-04-22T23:00:00Z,STIC03,STIC,20220419-20220701,SW,21038950,20666.8,3.682778,81.03271,1,fair,NA,2022
AIMS,2022-04-22T23:15:00Z,STIC03,STIC,20220419-20220701,SW,21038950,20666.8,3.682778,81.03271,1,fair,NA,2022
AIMS,2022-04-22T23:30:00Z,STIC03,STIC,20220419-20220701,SW,21038950,20666.8,3.682778,81.03271,1,fair,NA,2022
AIMS,2022-04-22T23:45:00Z,STIC03,STIC,20220419-20220701,SW,21038950,20666.8,3.682778,81.03271,1,fair,NA,2022
AIMS,2022-04-23T00:00:00Z,STIC03,STIC,20220419-20220701,SW,21038950,20666.8,3.682778,81.03271,1,fair,NA,2022
AIMS,2022-04-23T00:15:00Z,STIC03,STIC,20220419-20220701,SW,21038950,20666.8,3.682778,81.03271,1,fair,NA,2022
AIMS,2022-04-23T00:30:00Z,STIC03,STIC,20220419-20220701,SW,21038950,20666.8,3.577778,81.03271,1,fair,NA,2022
AIMS,2022-04-23T00:45:00Z,STIC03,STIC,20220419-20220701,SW,21038950,20666.8,3.577778,81.03271,1,fair,NA,2022
AIMS,2022-04-23T01:00:00Z,STIC03,STIC,20220419-20220701,SW,21038950,20666.8,3.577778,81.03271,1,fair,NA,2022
AIMS,2022-04-23T01:15:00Z,STIC03,STIC,20220419-20220701,SW,21038950,20666.8,3.577778,81.03271,1,fair,NA,2022
AIMS,2022-04-23T01:30:00Z,STIC03,STIC,20220419-20220701,SW,21038950,20666.8,3.577778,81.03271,1,fair,NA,2022
AIMS,2022-04-23T01:45:00Z,STIC03,STIC,20220419-20220701,SW,21038950,20666.8,3.577778,81.03271,1,fair,NA,2022
AIMS,2022-04-23T02:00:00Z,STIC03,STIC,20220419-20220701,SW,21038950,20666.8,3.577778,81.03271,1,fair,NA,2022
AIMS,2022-04-23T02:15:00Z,STIC03,STIC,20220419-20220701,SW,21038950,20666.8,3.577778,81.03271,1,fair,NA,2022
AIMS,2022-04-23T02:30:00Z,STIC03,STIC,20220419-20220701,SW,21038950,20666.8,3.577778,81.03271,1,fair,NA,2022
AIMS,2022-04-23T02:45:00Z,STIC03,STIC,20220419-20220701,SW,21038950,20666.8,3.577778,81.03271,1,fair,NA,2022
AIMS,2022-04-23T03:00:00Z,STIC03,STIC,20220419-20220701,SW,21038950,20666.8,3.577778,81.03271,1,fair,NA,2022
AIMS,2022-04-23T03:15:00Z,STIC03,STIC,20220419-20220701,SW,21038950,20666.8,3.577778,81.03271,1,fair,NA,2022
AIMS,2022-04-23T03:30:00Z,STIC03,STIC,20220419-20220701,SW,21038950,20666.8,3.577778,81.03271,1,fair,NA,2022
AIMS,2022-04-23T03:45:00Z,STIC03,STIC,20220419-20220701,SW,21038950,20666.8,3.577778,81.03271,1,fair,NA,2022
AIMS,2022-04-23T04:00:00Z,STIC03,STIC,20220419-20220701,SW,21038950,20666.8,3.472222,81.03271,1,fair,NA,2022
AIMS,2022-04-23T04:15:00Z,STIC03,STIC,20220419-20220701,SW,21038950,20666.8,3.472222,81.03271,1,fair,NA,2022
AIMS,2022-04-23T04:30:00Z,STIC03,STIC,20220419-20220701,SW,21038950,20666.8,3.472222,81.03271,1,fair,NA,2022
AIMS,2022-04-23T04:45:00Z,STIC03,STIC,20220419-20220701,SW,21038950,20666.8,3.472222,81.03271,1,fair,NA,2022
AIMS,2022-04-23T05:00:00Z,STIC03,STIC,20220419-20220701,SW,21038950,20666.8,3.472222,81.03271,1,fair,NA,2022
AIMS,2022-04-23T05:15:00Z,STIC03,STIC,20220419-20220701,SW,21038950,20666.8,3.367222,81.03271,1,fair,NA,2022
AIMS,2022-04-23T05:30:00Z,STIC03,STIC,20220419-20220701,SW,21038950,20666.8,3.472222,81.03271,1,fair,NA,2022
AIMS,2022-04-23T05:45:00Z,STIC03,STIC,20220419-20220701,SW,21038950,20666.8,3.367222,81.03271,1,fair,NA,2022
AIMS,2022-04-23T06:00:00Z,STIC03,STIC,20220419-20220701,SW,21038950,20666.8,3.367222,81.03271,1,fair,NA,2022
AIMS,2022-04-23T06:15:00Z,STIC03,STIC,20220419-20220701,SW,21038950,20666.8,3.367222,81.03271,1,fair,NA,2022
AIMS,2022-04-23T06:30:00Z,STIC03,STIC,20220419-20220701,SW,21038950,20666.8,3.367222,81.03271,1,fair,NA,2022
AIMS,2022-04-23T06:45:00Z,STIC03,STIC,20220419-20220701,SW,21038950,20666.8,3.367222,81.03271,1,fair,NA,2022
AIMS,2022-04-23T07:00:00Z,STIC03,STIC,20220419-20220701,SW,21038950,20666.8,3.367222,81.03271,1,fair,NA,2022
AIMS,2022-04-23T07:15:00Z,STIC03,STIC,20220419-20220701,SW,21038950,20666.8,3.367222,81.03271,1,fair,NA,2022
AIMS,2022-04-23T07:30:00Z,STIC03,STIC,20220419-20220701,SW,21038950,20666.8,3.472222,81.03271,1,fair,NA,2022
AIMS,2022-04-23T07:45:00Z,STIC03,STIC,20220419-20220701,SW,21038950,20666.8,3.472222,81.03271,1,fair,NA,2022
AIMS,2022-04-23T08:00:00Z,STIC03,STIC,20220419-20220701,SW,21038950,20666.8,3.472222,81.03271,1,fair,NA,2022
AIMS,2022-04-23T08:15:00Z,STIC03,STIC,20220419-20220701,SW,21038950,20666.8,3.472222,81.03271,1,fair,NA,2022
AIMS,2022-04-23T08:30:00Z,STIC03,STIC,20220419-20220701,SW,21038950,20666.8,3.577778,81.03271,1,fair,NA,2022
AIMS,2022-04-23T08:45:00Z,STIC03,STIC,20220419-20220701,SW,21038950,20666.8,3.577778,81.03271,1,fair,NA,2022
AIMS,2022-04-23T09:00:00Z,STIC03,STIC,20220419-20220701,SW,21038950,20666.8,3.577778,81.03271,1,fair,NA,2022
AIMS,2022-04-23T09:15:00Z,STIC03,STIC,20220419-20220701,SW,21038950,20666.8,3.577778,81.03271,1,fair,NA,2022
AIMS,2022-04-23T09:30:00Z,STIC03,STIC,20220419-20220701,SW,21038950,20666.8,3.682778,81.03271,1,fair,NA,2022
AIMS,2022-04-23T09:45:00Z,STIC03,STIC,20220419-20220701,SW,21038950,20666.8,3.682778,81.03271,1,fair,NA,2022
AIMS,2022-04-23T10:00:00Z,STIC03,STIC,20220419-20220701,SW,21038950,20666.8,3.787778,81.03271,1,fair,NA,2022
AIMS,2022-04-23T10:15:00Z,STIC03,STIC,20220419-20220701,SW,21038950,20666.8,3.892778,81.03271,1,fair,NA,2022
AIMS,2022-04-23T10:30:00Z,STIC03,STIC,20220419-20220701,SW,21038950,20666.8,3.997778,81.03271,1,fair,NA,2022
AIMS,2022-04-23T10:45:00Z,STIC03,STIC,20220419-20220701,SW,21038950,20666.8,4.102222,81.03271,1,fair,NA,2022
AIMS,2022-04-23T11:00:00Z,STIC03,STIC,20220419-20220701,SW,21038950,20666.8,4.311111,81.03271,1,fair,NA,2022
AIMS,2022-04-23T11:15:00Z,STIC03,STIC,20220419-20220701,SW,21038950,21355.7,4.415,83.84154,1,fair,NA,2022
AIMS,2022-04-23T11:30:00Z,STIC03,STIC,20220419-20220701,SW,21038950,21355.7,4.518889,83.84154,1,fair,NA,2022
AIMS,2022-04-23T11:45:00Z,STIC03,STIC,20220419-20220701,SW,21038950,21355.7,4.727222,83.84154,1,fair,NA,2022
AIMS,2022-04-23T12:00:00Z,STIC03,STIC,20220419-20220701,SW,21038950,21355.7,4.933889,83.84154,1,fair,NA,2022
AIMS,2022-04-23T12:15:00Z,STIC03,STIC,20220419-20220701,SW,21038950,22044.6,5.037222,86.65036,1,fair,NA,2022
AIMS,2022-04-23T12:30:00Z,STIC03,STIC,20220419-20220701,SW,21038950,22044.6,5.243889,86.65036,1,fair,NA,2022
AIMS,2022-04-23T12:45:00Z,STIC03,STIC,20220419-20220701,SW,21038950,22044.6,5.45,86.65036,1,fair,NA,2022
AIMS,2022-04-23T13:00:00Z,STIC03,STIC,20220419-20220701,SW,21038950,22044.6,5.655,86.65036,1,fair,NA,2022
AIMS,2022-04-23T13:15:00Z,STIC03,STIC,20220419-20220701,SW,21038950,22044.6,5.86,86.65036,1,fair,NA,2022
AIMS,2022-04-23T13:30:00Z,STIC03,STIC,20220419-20220701,SW,21038950,22044.6,6.063889,86.65036,1,fair,NA,2022
AIMS,2022-04-23T13:45:00Z,STIC03,STIC,20220419-20220701,SW,21038950,22044.6,6.267778,86.65036,1,fair,NA,2022
AIMS,2022-04-23T14:00:00Z,STIC03,STIC,20220419-20220701,SW,21038950,22044.6,6.471111,86.65036,1,fair,NA,2022
AIMS,2022-04-23T14:15:00Z,STIC03,STIC,20220419-20220701,SW,21038950,22044.6,6.572778,86.65036,1,fair,NA,2022
AIMS,2022-04-23T14:30:00Z,STIC03,STIC,20220419-20220701,SW,21038950,22044.6,6.775,86.65036,1,fair,NA,2022
AIMS,2022-04-23T14:45:00Z,STIC03,STIC,20220419-20220701,SW,21038950,22044.6,6.877222,86.65036,1,fair,NA,2022
AIMS,2022-04-23T15:00:00Z,STIC03,STIC,20220419-20220701,SW,21038950,22044.6,6.977778,86.65036,1,fair,NA,2022
AIMS,2022-04-23T15:15:00Z,STIC03,STIC,20220419-20220701,SW,21038950,23422.4,7.078889,92.268,1,fair,NA,2022
AIMS,2022-04-23T15:30:00Z,STIC03,STIC,20220419-20220701,SW,21038950,23422.4,7.178889,92.268,1,fair,NA,2022
AIMS,2022-04-23T15:45:00Z,STIC03,STIC,20220419-20220701,SW,21038950,22044.6,7.28,86.65036,1,fair,NA,2022
AIMS,2022-04-23T16:00:00Z,STIC03,STIC,20220419-20220701,SW,21038950,22044.6,7.28,86.65036,1,fair,NA,2022
AIMS,2022-04-23T16:15:00Z,STIC03,STIC,20220419-20220701,SW,21038950,22044.6,7.28,86.65036,1,fair,NA,2022
AIMS,2022-04-23T16:30:00Z,STIC03,STIC,20220419-20220701,SW,21038950,22044.6,7.178889,86.65036,1,fair,NA,2022
AIMS,2022-04-23T16:45:00Z,STIC03,STIC,20220419-20220701,SW,21038950,23422.4,7.178889,92.268,1,fair,NA,2022
AIMS,2022-04-23T17:00:00Z,STIC03,STIC,20220419-20220701,SW,21038950,23422.4,7.078889,92.268,1,fair,NA,2022
AIMS,2022-04-23T17:15:00Z,STIC03,STIC,20220419-20220701,SW,21038950,23422.4,7.078889,92.268,1,fair,NA,2022
AIMS,2022-04-23T17:30:00Z,STIC03,STIC,20220419-20220701,SW,21038950,22044.6,6.977778,86.65036,1,fair,NA,2022
AIMS,2022-04-23T17:45:00Z,STIC03,STIC,20220419-20220701,SW,21038950,22044.6,6.877222,86.65036,1,fair,NA,2022
AIMS,2022-04-23T18:00:00Z,STIC03,STIC,20220419-20220701,SW,21038950,22044.6,6.775,86.65036,1,fair,NA,2022
AIMS,2022-04-23T18:15:00Z,STIC03,STIC,20220419-20220701,SW,21038950,22044.6,6.673889,86.65036,1,fair,NA,2022
AIMS,2022-04-23T18:30:00Z,STIC03,STIC,20220419-20220701,SW,21038950,22044.6,6.572778,86.65036,1,fair,NA,2022
AIMS,2022-04-23T18:45:00Z,STIC03,STIC,20220419-20220701,SW,21038950,22044.6,6.471111,86.65036,1,fair,NA,2022
AIMS,2022-04-23T19:00:00Z,STIC03,STIC,20220419-20220701,SW,21038950,22044.6,6.37,86.65036,1,fair,NA,2022
AIMS,2022-04-23T19:15:00Z,STIC03,STIC,20220419-20220701,SW,21038950,22044.6,6.166111,86.65036,1,fair,NA,2022
AIMS,2022-04-23T19:30:00Z,STIC03,STIC,20220419-20220701,SW,21038950,22044.6,6.063889,86.65036,1,fair,NA,2022
AIMS,2022-04-23T19:45:00Z,STIC03,STIC,20220419-20220701,SW,21038950,22044.6,5.962222,86.65036,1,fair,NA,2022
AIMS,2022-04-23T20:00:00Z,STIC03,STIC,20220419-20220701,SW,21038950,22044.6,5.86,86.65036,1,fair,NA,2022
AIMS,2022-04-23T20:15:00Z,STIC03,STIC,20220419-20220701,SW,21038950,22044.6,5.757222,86.65036,1,fair,NA,2022
AIMS,2022-04-23T20:30:00Z,STIC03,STIC,20220419-20220701,SW,21038950,22044.6,5.552222,86.65036,1,fair,NA,2022
AIMS,2022-04-23T20:45:00Z,STIC03,STIC,20220419-20220701,SW,21038950,22044.6,5.45,86.65036,1,fair,NA,2022
AIMS,2022-04-23T21:00:00Z,STIC03,STIC,20220419-20220701,SW,21038950,21355.7,5.347222,83.84154,1,fair,NA,2022
AIMS,2022-04-23T21:15:00Z,STIC03,STIC,20220419-20220701,SW,21038950,21355.7,5.243889,83.84154,1,fair,NA,2022
AIMS,2022-04-23T21:30:00Z,STIC03,STIC,20220419-20220701,SW,21038950,21355.7,5.141111,83.84154,1,fair,NA,2022
AIMS,2022-04-23T21:45:00Z,STIC03,STIC,20220419-20220701,SW,21038950,21355.7,5.037222,83.84154,1,fair,NA,2022
AIMS,2022-04-23T22:00:00Z,STIC03,STIC,20220419-20220701,SW,21038950,21355.7,4.933889,83.84154,1,fair,NA,2022
AIMS,2022-04-23T22:15:00Z,STIC03,STIC,20220419-20220701,SW,21038950,21355.7,4.831111,83.84154,1,fair,NA,2022
AIMS,2022-04-23T22:30:00Z,STIC03,STIC,20220419-20220701,SW,21038950,21355.7,4.727222,83.84154,1,fair,NA,2022
AIMS,2022-04-23T22:45:00Z,STIC03,STIC,20220419-20220701,SW,21038950,20666.8,4.622778,81.03271,1,fair,NA,2022
AIMS,2022-04-23T23:00:00Z,STIC03,STIC,20220419-20220701,SW,21038950,20666.8,4.518889,81.03271,1,fair,NA,2022
AIMS,2022-04-23T23:15:00Z,STIC03,STIC,20220419-20220701,SW,21038950,20666.8,4.415,81.03271,1,fair,NA,2022
AIMS,2022-04-23T23:30:00Z,STIC03,STIC,20220419-20220701,SW,21038950,20666.8,4.311111,81.03271,1,fair,NA,2022
AIMS,2022-04-23T23:45:00Z,STIC03,STIC,20220419-20220701,SW,21038950,20666.8,4.311111,81.03271,1,fair,NA,2022
AIMS,2022-04-24T00:00:00Z,STIC03,STIC,20220419-20220701,SW,21038950,20666.8,4.207222,81.03271,1,fair,NA,2022
AIMS,2022-04-24T00:15:00Z,STIC03,STIC,20220419-20220701,SW,21038950,20666.8,4.102222,81.03271,1,fair,NA,2022
AIMS,2022-04-24T00:30:00Z,STIC03,STIC,20220419-20220701,SW,21038950,20666.8,4.102222,81.03271,1,fair,NA,2022
AIMS,2022-04-24T00:45:00Z,STIC03,STIC,20220419-20220701,SW,21038950,20666.8,3.997778,81.03271,1,fair,NA,2022
AIMS,2022-04-24T01:00:00Z,STIC03,STIC,20220419-20220701,SW,21038950,20666.8,3.892778,81.03271,1,fair,NA,2022
AIMS,2022-04-24T01:15:00Z,STIC03,STIC,20220419-20220701,SW,21038950,20666.8,3.892778,81.03271,1,fair,NA,2022
AIMS,2022-04-24T01:30:00Z,STIC03,STIC,20220419-20220701,SW,21038950,20666.8,3.892778,81.03271,1,fair,NA,2022
AIMS,2022-04-24T01:45:00Z,STIC03,STIC,20220419-20220701,SW,21038950,20666.8,3.787778,81.03271,1,fair,NA,2022
AIMS,2022-04-24T02:00:00Z,STIC03,STIC,20220419-20220701,SW,21038950,20666.8,3.787778,81.03271,1,fair,NA,2022
AIMS,2022-04-24T02:15:00Z,STIC03,STIC,20220419-20220701,SW,21038950,20666.8,3.682778,81.03271,1,fair,NA,2022
AIMS,2022-04-24T02:30:00Z,STIC03,STIC,20220419-20220701,SW,21038950,20666.8,3.682778,81.03271,1,fair,NA,2022
AIMS,2022-04-24T02:45:00Z,STIC03,STIC,20220419-20220701,SW,21038950,20666.8,3.682778,81.03271,1,fair,NA,2022
AIMS,2022-04-24T03:00:00Z,STIC03,STIC,20220419-20220701,SW,21038950,20666.8,3.577778,81.03271,1,fair,NA,2022
AIMS,2022-04-24T03:15:00Z,STIC03,STIC,20220419-20220701,SW,21038950,20666.8,3.577778,81.03271,1,fair,NA,2022
AIMS,2022-04-24T03:30:00Z,STIC03,STIC,20220419-20220701,SW,21038950,20666.8,3.472222,81.03271,1,fair,NA,2022
AIMS,2022-04-24T03:45:00Z,STIC03,STIC,20220419-20220701,SW,21038950,20666.8,3.472222,81.03271,1,fair,NA,2022
AIMS,2022-04-24T04:00:00Z,STIC03,STIC,20220419-20220701,SW,21038950,20666.8,3.472222,81.03271,1,fair,NA,2022
AIMS,2022-04-24T04:15:00Z,STIC03,STIC,20220419-20220701,SW,21038950,20666.8,3.367222,81.03271,1,fair,NA,2022
AIMS,2022-04-24T04:30:00Z,STIC03,STIC,20220419-20220701,SW,21038950,19977.9,3.367222,78.22389,1,fair,NA,2022
AIMS,2022-04-24T04:45:00Z,STIC03,STIC,20220419-20220701,SW,21038950,19977.9,3.367222,78.22389,1,fair,NA,2022
AIMS,2022-04-24T05:00:00Z,STIC03,STIC,20220419-20220701,SW,21038950,19977.9,3.367222,78.22389,1,fair,NA,2022
AIMS,2022-04-24T05:15:00Z,STIC03,STIC,20220419-20220701,SW,21038950,19977.9,3.261111,78.22389,1,fair,NA,2022
AIMS,2022-04-24T05:30:00Z,STIC03,STIC,20220419-20220701,SW,21038950,19977.9,3.261111,78.22389,1,fair,NA,2022
AIMS,2022-04-24T05:45:00Z,STIC03,STIC,20220419-20220701,SW,21038950,19977.9,3.261111,78.22389,1,fair,NA,2022
AIMS,2022-04-24T06:00:00Z,STIC03,STIC,20220419-20220701,SW,21038950,19977.9,3.155,78.22389,1,fair,NA,2022
AIMS,2022-04-24T06:15:00Z,STIC03,STIC,20220419-20220701,SW,21038950,19977.9,3.155,78.22389,1,fair,NA,2022
AIMS,2022-04-24T06:30:00Z,STIC03,STIC,20220419-20220701,SW,21038950,19977.9,3.155,78.22389,1,fair,NA,2022
AIMS,2022-04-24T06:45:00Z,STIC03,STIC,20220419-20220701,SW,21038950,19977.9,3.048889,78.22389,1,fair,NA,2022
AIMS,2022-04-24T07:00:00Z,STIC03,STIC,20220419-20220701,SW,21038950,19977.9,3.048889,78.22389,1,fair,NA,2022
AIMS,2022-04-24T07:15:00Z,STIC03,STIC,20220419-20220701,SW,21038950,19977.9,3.048889,78.22389,1,fair,NA,2022
AIMS,2022-04-24T07:30:00Z,STIC03,STIC,20220419-20220701,SW,21038950,19977.9,3.048889,78.22389,1,fair,NA,2022
AIMS,2022-04-24T07:45:00Z,STIC03,STIC,20220419-20220701,SW,21038950,19977.9,3.048889,78.22389,1,fair,NA,2022
AIMS,2022-04-24T08:00:00Z,STIC03,STIC,20220419-20220701,SW,21038950,19289,3.048889,75.41507,1,fair,NA,2022
AIMS,2022-04-24T08:15:00Z,STIC03,STIC,20220419-20220701,SW,21038950,19289,3.048889,75.41507,1,fair,NA,2022
AIMS,2022-04-24T08:30:00Z,STIC03,STIC,20220419-20220701,SW,21038950,19289,3.048889,75.41507,1,fair,NA,2022
AIMS,2022-04-24T08:45:00Z,STIC03,STIC,20220419-20220701,SW,21038950,19289,3.155,75.41507,1,fair,NA,2022
AIMS,2022-04-24T09:00:00Z,STIC03,STIC,20220419-20220701,SW,21038950,19289,3.155,75.41507,1,fair,NA,2022
AIMS,2022-04-24T09:15:00Z,STIC03,STIC,20220419-20220701,SW,21038950,19289,3.261111,75.41507,1,fair,NA,2022
AIMS,2022-04-24T09:30:00Z,STIC03,STIC,20220419-20220701,SW,21038950,19289,3.367222,75.41507,1,fair,NA,2022
AIMS,2022-04-24T09:45:00Z,STIC03,STIC,20220419-20220701,SW,21038950,19289,3.472222,75.41507,1,fair,NA,2022
AIMS,2022-04-24T10:00:00Z,STIC03,STIC,20220419-20220701,SW,21038950,19289,3.577778,75.41507,1,fair,NA,2022
AIMS,2022-04-24T10:15:00Z,STIC03,STIC,20220419-20220701,SW,21038950,19977.9,3.682778,78.22389,1,fair,NA,2022
AIMS,2022-04-24T10:30:00Z,STIC03,STIC,20220419-20220701,SW,21038950,19977.9,3.892778,78.22389,1,fair,NA,2022
AIMS,2022-04-24T10:45:00Z,STIC03,STIC,20220419-20220701,SW,21038950,19977.9,3.997778,78.22389,1,fair,NA,2022
AIMS,2022-04-24T11:00:00Z,STIC03,STIC,20220419-20220701,SW,21038950,19977.9,4.207222,78.22389,1,fair,NA,2022
AIMS,2022-04-24T11:15:00Z,STIC03,STIC,20220419-20220701,SW,21038950,19977.9,4.415,78.22389,1,fair,NA,2022
AIMS,2022-04-24T11:30:00Z,STIC03,STIC,20220419-20220701,SW,21038950,19977.9,4.622778,78.22389,1,fair,NA,2022
AIMS,2022-04-24T11:45:00Z,STIC03,STIC,20220419-20220701,SW,21038950,20666.8,4.727222,81.03271,1,fair,NA,2022
AIMS,2022-04-24T12:00:00Z,STIC03,STIC,20220419-20220701,SW,21038950,20666.8,4.933889,81.03271,1,fair,NA,2022
AIMS,2022-04-24T12:15:00Z,STIC03,STIC,20220419-20220701,SW,21038950,20666.8,5.141111,81.03271,1,fair,NA,2022
AIMS,2022-04-24T12:30:00Z,STIC03,STIC,20220419-20220701,SW,21038950,20666.8,5.243889,81.03271,1,fair,NA,2022
AIMS,2022-04-24T12:45:00Z,STIC03,STIC,20220419-20220701,SW,21038950,20666.8,5.347222,81.03271,1,fair,NA,2022
AIMS,2022-04-24T13:00:00Z,STIC03,STIC,20220419-20220701,SW,21038950,20666.8,5.45,81.03271,1,fair,NA,2022
AIMS,2022-04-24T13:15:00Z,STIC03,STIC,20220419-20220701,SW,21038950,20666.8,5.552222,81.03271,1,fair,NA,2022
AIMS,2022-04-24T13:30:00Z,STIC03,STIC,20220419-20220701,SW,21038950,20666.8,5.757222,81.03271,1,fair,NA,2022
AIMS,2022-04-24T13:45:00Z,STIC03,STIC,20220419-20220701,SW,21038950,21355.7,6.063889,83.84154,1,fair,NA,2022
AIMS,2022-04-24T14:00:00Z,STIC03,STIC,20220419-20220701,SW,21038950,21355.7,6.166111,83.84154,1,fair,NA,2022
AIMS,2022-04-24T14:15:00Z,STIC03,STIC,20220419-20220701,SW,21038950,22044.6,6.267778,86.65036,1,fair,NA,2022
AIMS,2022-04-24T14:30:00Z,STIC03,STIC,20220419-20220701,SW,21038950,22044.6,6.37,86.65036,1,fair,NA,2022
AIMS,2022-04-24T14:45:00Z,STIC03,STIC,20220419-20220701,SW,21038950,22044.6,6.37,86.65036,1,fair,NA,2022
AIMS,2022-04-24T15:00:00Z,STIC03,STIC,20220419-20220701,SW,21038950,22044.6,6.572778,86.65036,1,fair,NA,2022
AIMS,2022-04-24T15:15:00Z,STIC03,STIC,20220419-20220701,SW,21038950,22044.6,6.673889,86.65036,1,fair,NA,2022
AIMS,2022-04-24T15:30:00Z,STIC03,STIC,20220419-20220701,SW,21038950,22044.6,6.673889,86.65036,1,fair,NA,2022
AIMS,2022-04-24T15:45:00Z,STIC03,STIC,20220419-20220701,SW,21038950,22044.6,6.572778,86.65036,1,fair,NA,2022
AIMS,2022-04-24T16:00:00Z,STIC03,STIC,20220419-20220701,SW,21038950,22044.6,6.673889,86.65036,1,fair,NA,2022
AIMS,2022-04-24T16:15:00Z,STIC03,STIC,20220419-20220701,SW,21038950,22044.6,6.775,86.65036,1,fair,NA,2022
AIMS,2022-04-24T16:30:00Z,STIC03,STIC,20220419-20220701,SW,21038950,22044.6,6.877222,86.65036,1,fair,NA,2022
AIMS,2022-04-24T16:45:00Z,STIC03,STIC,20220419-20220701,SW,21038950,22044.6,7.078889,86.65036,1,fair,NA,2022
AIMS,2022-04-24T17:00:00Z,STIC03,STIC,20220419-20220701,SW,21038950,22044.6,7.078889,86.65036,1,fair,NA,2022
AIMS,2022-04-24T17:15:00Z,STIC03,STIC,20220419-20220701,SW,21038950,22044.6,7.178889,86.65036,1,fair,NA,2022
AIMS,2022-04-24T17:30:00Z,STIC03,STIC,20220419-20220701,SW,21038950,22044.6,7.078889,86.65036,1,fair,NA,2022
AIMS,2022-04-24T17:45:00Z,STIC03,STIC,20220419-20220701,SW,21038950,22044.6,7.078889,86.65036,1,fair,NA,2022
AIMS,2022-04-24T18:00:00Z,STIC03,STIC,20220419-20220701,SW,21038950,22044.6,7.078889,86.65036,1,fair,NA,2022
AIMS,2022-04-24T18:15:00Z,STIC03,STIC,20220419-20220701,SW,21038950,22044.6,6.977778,86.65036,1,fair,NA,2022
AIMS,2022-04-24T18:30:00Z,STIC03,STIC,20220419-20220701,SW,21038950,22044.6,6.877222,86.65036,1,fair,NA,2022
AIMS,2022-04-24T18:45:00Z,STIC03,STIC,20220419-20220701,SW,21038950,22044.6,6.775,86.65036,1,fair,NA,2022
AIMS,2022-04-24T19:00:00Z,STIC03,STIC,20220419-20220701,SW,21038950,22044.6,6.673889,86.65036,1,fair,NA,2022
AIMS,2022-04-24T19:15:00Z,STIC03,STIC,20220419-20220701,SW,21038950,22044.6,6.572778,86.65036,1,fair,NA,2022
AIMS,2022-04-24T19:30:00Z,STIC03,STIC,20220419-20220701,SW,21038950,21355.7,6.471111,83.84154,1,fair,NA,2022
AIMS,2022-04-24T19:45:00Z,STIC03,STIC,20220419-20220701,SW,21038950,21355.7,6.37,83.84154,1,fair,NA,2022
AIMS,2022-04-24T20:00:00Z,STIC03,STIC,20220419-20220701,SW,21038950,21355.7,6.267778,83.84154,1,fair,NA,2022
AIMS,2022-04-24T20:15:00Z,STIC03,STIC,20220419-20220701,SW,21038950,21355.7,6.063889,83.84154,1,fair,NA,2022
AIMS,2022-04-24T20:30:00Z,STIC03,STIC,20220419-20220701,SW,21038950,21355.7,5.962222,83.84154,1,fair,NA,2022
AIMS,2022-04-24T20:45:00Z,STIC03,STIC,20220419-20220701,SW,21038950,21355.7,5.86,83.84154,1,fair,NA,2022
AIMS,2022-04-24T21:00:00Z,STIC03,STIC,20220419-20220701,SW,21038950,20666.8,5.655,81.03271,1,fair,NA,2022
AIMS,2022-04-24T21:15:00Z,STIC03,STIC,20220419-20220701,SW,21038950,20666.8,5.552222,81.03271,1,fair,NA,2022
AIMS,2022-04-24T21:30:00Z,STIC03,STIC,20220419-20220701,SW,21038950,20666.8,5.347222,81.03271,1,fair,NA,2022
AIMS,2022-04-24T21:45:00Z,STIC03,STIC,20220419-20220701,SW,21038950,20666.8,5.243889,81.03271,1,fair,NA,2022
AIMS,2022-04-24T22:00:00Z,STIC03,STIC,20220419-20220701,SW,21038950,20666.8,5.141111,81.03271,1,fair,NA,2022
AIMS,2022-04-24T22:15:00Z,STIC03,STIC,20220419-20220701,SW,21038950,20666.8,4.933889,81.03271,1,fair,NA,2022
AIMS,2022-04-24T22:30:00Z,STIC03,STIC,20220419-20220701,SW,21038950,20666.8,4.831111,81.03271,1,fair,NA,2022
AIMS,2022-04-24T22:45:00Z,STIC03,STIC,20220419-20220701,SW,21038950,20666.8,4.727222,81.03271,1,fair,NA,2022
AIMS,2022-04-24T23:00:00Z,STIC03,STIC,20220419-20220701,SW,21038950,20666.8,4.622778,81.03271,1,fair,NA,2022
AIMS,2022-04-24T23:15:00Z,STIC03,STIC,20220419-20220701,SW,21038950,20666.8,4.622778,81.03271,1,fair,NA,2022
AIMS,2022-04-24T23:30:00Z,STIC03,STIC,20220419-20220701,SW,21038950,20666.8,4.518889,81.03271,1,fair,NA,2022
AIMS,2022-04-24T23:45:00Z,STIC03,STIC,20220419-20220701,SW,21038950,20666.8,4.415,81.03271,1,fair,NA,2022
AIMS,2022-04-25T00:00:00Z,STIC03,STIC,20220419-20220701,SW,21038950,20666.8,4.311111,81.03271,1,fair,NA,2022
AIMS,2022-04-25T00:15:00Z,STIC03,STIC,20220419-20220701,SW,21038950,20666.8,4.207222,81.03271,1,fair,NA,2022
AIMS,2022-04-25T00:30:00Z,STIC03,STIC,20220419-20220701,SW,21038950,20666.8,4.102222,81.03271,1,fair,NA,2022
AIMS,2022-04-25T00:45:00Z,STIC03,STIC,20220419-20220701,SW,21038950,20666.8,4.102222,81.03271,1,fair,NA,2022
AIMS,2022-04-25T01:00:00Z,STIC03,STIC,20220419-20220701,SW,21038950,20666.8,3.997778,81.03271,1,fair,NA,2022
AIMS,2022-04-25T01:15:00Z,STIC03,STIC,20220419-20220701,SW,21038950,20666.8,3.892778,81.03271,1,fair,NA,2022
AIMS,2022-04-25T01:30:00Z,STIC03,STIC,20220419-20220701,SW,21038950,19977.9,3.892778,78.22389,1,fair,NA,2022
AIMS,2022-04-25T01:45:00Z,STIC03,STIC,20220419-20220701,SW,21038950,19977.9,3.787778,78.22389,1,fair,NA,2022
AIMS,2022-04-25T02:00:00Z,STIC03,STIC,20220419-20220701,SW,21038950,19977.9,3.787778,78.22389,1,fair,NA,2022
AIMS,2022-04-25T02:15:00Z,STIC03,STIC,20220419-20220701,SW,21038950,19977.9,3.682778,78.22389,1,fair,NA,2022
AIMS,2022-04-25T02:30:00Z,STIC03,STIC,20220419-20220701,SW,21038950,19977.9,3.682778,78.22389,1,fair,NA,2022
AIMS,2022-04-25T02:45:00Z,STIC03,STIC,20220419-20220701,SW,21038950,19977.9,3.577778,78.22389,1,fair,NA,2022
AIMS,2022-04-25T03:00:00Z,STIC03,STIC,20220419-20220701,SW,21038950,19977.9,3.577778,78.22389,1,fair,NA,2022
AIMS,2022-04-25T03:15:00Z,STIC03,STIC,20220419-20220701,SW,21038950,19977.9,3.577778,78.22389,1,fair,NA,2022
AIMS,2022-04-25T03:30:00Z,STIC03,STIC,20220419-20220701,SW,21038950,19977.9,3.472222,78.22389,1,fair,NA,2022
AIMS,2022-04-25T03:45:00Z,STIC03,STIC,20220419-20220701,SW,21038950,19977.9,3.472222,78.22389,1,fair,NA,2022
AIMS,2022-04-25T04:00:00Z,STIC03,STIC,20220419-20220701,SW,21038950,19977.9,3.472222,78.22389,1,fair,NA,2022
AIMS,2022-04-25T04:15:00Z,STIC03,STIC,20220419-20220701,SW,21038950,19977.9,3.367222,78.22389,1,fair,NA,2022
AIMS,2022-04-25T04:30:00Z,STIC03,STIC,20220419-20220701,SW,21038950,19977.9,3.367222,78.22389,1,fair,NA,2022
AIMS,2022-04-25T04:45:00Z,STIC03,STIC,20220419-20220701,SW,21038950,19977.9,3.367222,78.22389,1,fair,NA,2022
AIMS,2022-04-25T05:00:00Z,STIC03,STIC,20220419-20220701,SW,21038950,19289,3.367222,75.41507,1,fair,NA,2022
AIMS,2022-04-25T05:15:00Z,STIC03,STIC,20220419-20220701,SW,21038950,19289,3.261111,75.41507,1,fair,NA,2022
AIMS,2022-04-25T05:30:00Z,STIC03,STIC,20220419-20220701,SW,21038950,19289,3.261111,75.41507,1,fair,NA,2022
AIMS,2022-04-25T05:45:00Z,STIC03,STIC,20220419-20220701,SW,21038950,19289,3.155,75.41507,1,fair,NA,2022
AIMS,2022-04-25T06:00:00Z,STIC03,STIC,20220419-20220701,SW,21038950,19289,3.155,75.41507,1,fair,NA,2022
AIMS,2022-04-25T06:15:00Z,STIC03,STIC,20220419-20220701,SW,21038950,19289,3.155,75.41507,1,fair,NA,2022
AIMS,2022-04-25T06:30:00Z,STIC03,STIC,20220419-20220701,SW,21038950,19289,3.048889,75.41507,1,fair,NA,2022
AIMS,2022-04-25T06:45:00Z,STIC03,STIC,20220419-20220701,SW,21038950,19289,3.048889,75.41507,1,fair,NA,2022
AIMS,2022-04-25T07:00:00Z,STIC03,STIC,20220419-20220701,SW,21038950,19289,3.048889,75.41507,1,fair,NA,2022
AIMS,2022-04-25T07:15:00Z,STIC03,STIC,20220419-20220701,SW,21038950,19289,3.048889,75.41507,1,fair,NA,2022
AIMS,2022-04-25T07:30:00Z,STIC03,STIC,20220419-20220701,SW,21038950,19289,3.048889,75.41507,1,fair,NA,2022
AIMS,2022-04-25T07:45:00Z,STIC03,STIC,20220419-20220701,SW,21038950,19289,3.048889,75.41507,1,fair,NA,2022
AIMS,2022-04-25T08:00:00Z,STIC03,STIC,20220419-20220701,SW,21038950,19289,3.048889,75.41507,1,fair,NA,2022
AIMS,2022-04-25T08:15:00Z,STIC03,STIC,20220419-20220701,SW,21038950,19289,3.048889,75.41507,1,fair,NA,2022
AIMS,2022-04-25T08:30:00Z,STIC03,STIC,20220419-20220701,SW,21038950,19289,3.048889,75.41507,1,fair,NA,2022
AIMS,2022-04-25T08:45:00Z,STIC03,STIC,20220419-20220701,SW,21038950,19289,3.155,75.41507,1,fair,NA,2022
AIMS,2022-04-25T09:00:00Z,STIC03,STIC,20220419-20220701,SW,21038950,19289,3.261111,75.41507,1,fair,NA,2022
AIMS,2022-04-25T09:15:00Z,STIC03,STIC,20220419-20220701,SW,21038950,19289,3.367222,75.41507,1,fair,NA,2022
AIMS,2022-04-25T09:30:00Z,STIC03,STIC,20220419-20220701,SW,21038950,19289,3.472222,75.41507,1,fair,NA,2022
AIMS,2022-04-25T09:45:00Z,STIC03,STIC,20220419-20220701,SW,21038950,19289,3.577778,75.41507,1,fair,NA,2022
AIMS,2022-04-25T10:00:00Z,STIC03,STIC,20220419-20220701,SW,21038950,19289,3.787778,75.41507,1,fair,NA,2022
AIMS,2022-04-25T10:15:00Z,STIC03,STIC,20220419-20220701,SW,21038950,19289,3.892778,75.41507,1,fair,NA,2022
AIMS,2022-04-25T10:30:00Z,STIC03,STIC,20220419-20220701,SW,21038950,19289,4.102222,75.41507,1,fair,NA,2022
AIMS,2022-04-25T10:45:00Z,STIC03,STIC,20220419-20220701,SW,21038950,19977.9,4.311111,78.22389,1,fair,NA,2022
AIMS,2022-04-25T11:00:00Z,STIC03,STIC,20220419-20220701,SW,21038950,19977.9,4.518889,78.22389,1,fair,NA,2022
AIMS,2022-04-25T11:15:00Z,STIC03,STIC,20220419-20220701,SW,21038950,19977.9,4.727222,78.22389,1,fair,NA,2022
AIMS,2022-04-25T11:30:00Z,STIC03,STIC,20220419-20220701,SW,21038950,19977.9,4.933889,78.22389,1,fair,NA,2022
AIMS,2022-04-25T11:45:00Z,STIC03,STIC,20220419-20220701,SW,21038950,20666.8,5.141111,81.03271,1,fair,NA,2022
AIMS,2022-04-25T12:00:00Z,STIC03,STIC,20220419-20220701,SW,21038950,20666.8,5.347222,81.03271,1,fair,NA,2022
AIMS,2022-04-25T12:15:00Z,STIC03,STIC,20220419-20220701,SW,21038950,20666.8,5.655,81.03271,1,fair,NA,2022
AIMS,2022-04-25T12:30:00Z,STIC03,STIC,20220419-20220701,SW,21038950,20666.8,5.86,81.03271,1,fair,NA,2022
AIMS,2022-04-25T12:45:00Z,STIC03,STIC,20220419-20220701,SW,21038950,20666.8,6.063889,81.03271,1,fair,NA,2022
AIMS,2022-04-25T13:00:00Z,STIC03,STIC,20220419-20220701,SW,21038950,20666.8,6.267778,81.03271,1,fair,NA,2022
AIMS,2022-04-25T13:15:00Z,STIC03,STIC,20220419-20220701,SW,21038950,20666.8,6.37,81.03271,1,fair,NA,2022
AIMS,2022-04-25T13:30:00Z,STIC03,STIC,20220419-20220701,SW,21038950,20666.8,6.572778,81.03271,1,fair,NA,2022
AIMS,2022-04-25T13:45:00Z,STIC03,STIC,20220419-20220701,SW,21038950,20666.8,6.775,81.03271,1,fair,NA,2022
AIMS,2022-04-25T14:00:00Z,STIC03,STIC,20220419-20220701,SW,21038950,20666.8,6.977778,81.03271,1,fair,NA,2022
AIMS,2022-04-25T14:15:00Z,STIC03,STIC,20220419-20220701,SW,21038950,21355.7,7.078889,83.84154,1,fair,NA,2022
AIMS,2022-04-25T14:30:00Z,STIC03,STIC,20220419-20220701,SW,21038950,21355.7,7.28,83.84154,1,fair,NA,2022
AIMS,2022-04-25T14:45:00Z,STIC03,STIC,20220419-20220701,SW,21038950,21355.7,7.381111,83.84154,1,fair,NA,2022
AIMS,2022-04-25T15:00:00Z,STIC03,STIC,20220419-20220701,SW,21038950,21355.7,7.481111,83.84154,1,fair,NA,2022
AIMS,2022-04-25T15:15:00Z,STIC03,STIC,20220419-20220701,SW,21038950,21355.7,7.582222,83.84154,1,fair,NA,2022
AIMS,2022-04-25T15:30:00Z,STIC03,STIC,20220419-20220701,SW,21038950,22044.6,7.582222,86.65036,1,fair,NA,2022
AIMS,2022-04-25T15:45:00Z,STIC03,STIC,20220419-20220701,SW,21038950,22044.6,7.682222,86.65036,1,fair,NA,2022
AIMS,2022-04-25T16:00:00Z,STIC03,STIC,20220419-20220701,SW,21038950,22044.6,7.782222,86.65036,1,fair,NA,2022
AIMS,2022-04-25T16:15:00Z,STIC03,STIC,20220419-20220701,SW,21038950,22044.6,7.782222,86.65036,1,fair,NA,2022
AIMS,2022-04-25T16:30:00Z,STIC03,STIC,20220419-20220701,SW,21038950,22044.6,7.882222,86.65036,1,fair,NA,2022
AIMS,2022-04-25T16:45:00Z,STIC03,STIC,20220419-20220701,SW,21038950,22044.6,7.982778,86.65036,1,fair,NA,2022
AIMS,2022-04-25T17:00:00Z,STIC03,STIC,20220419-20220701,SW,21038950,22044.6,7.982778,86.65036,1,fair,NA,2022
AIMS,2022-04-25T17:15:00Z,STIC03,STIC,20220419-20220701,SW,21038950,22044.6,7.982778,86.65036,1,fair,NA,2022
AIMS,2022-04-25T17:30:00Z,STIC03,STIC,20220419-20220701,SW,21038950,22044.6,7.882222,86.65036,1,fair,NA,2022
AIMS,2022-04-25T17:45:00Z,STIC03,STIC,20220419-20220701,SW,21038950,22044.6,7.882222,86.65036,1,fair,NA,2022
AIMS,2022-04-25T18:00:00Z,STIC03,STIC,20220419-20220701,SW,21038950,22044.6,7.782222,86.65036,1,fair,NA,2022
AIMS,2022-04-25T18:15:00Z,STIC03,STIC,20220419-20220701,SW,21038950,22044.6,7.782222,86.65036,1,fair,NA,2022
AIMS,2022-04-25T18:30:00Z,STIC03,STIC,20220419-20220701,SW,21038950,22044.6,7.682222,86.65036,1,fair,NA,2022
AIMS,2022-04-25T18:45:00Z,STIC03,STIC,20220419-20220701,SW,21038950,22044.6,7.582222,86.65036,1,fair,NA,2022
AIMS,2022-04-25T19:00:00Z,STIC03,STIC,20220419-20220701,SW,21038950,22044.6,7.481111,86.65036,1,fair,NA,2022
AIMS,2022-04-25T19:15:00Z,STIC03,STIC,20220419-20220701,SW,21038950,22044.6,7.481111,86.65036,1,fair,NA,2022
AIMS,2022-04-25T19:30:00Z,STIC03,STIC,20220419-20220701,SW,21038950,22044.6,7.28,86.65036,1,fair,NA,2022
AIMS,2022-04-25T19:45:00Z,STIC03,STIC,20220419-20220701,SW,21038950,22044.6,7.28,86.65036,1,fair,NA,2022
AIMS,2022-04-25T20:00:00Z,STIC03,STIC,20220419-20220701,SW,21038950,21355.7,7.178889,83.84154,1,fair,NA,2022
AIMS,2022-04-25T20:15:00Z,STIC03,STIC,20220419-20220701,SW,21038950,21355.7,6.977778,83.84154,1,fair,NA,2022
AIMS,2022-04-25T20:30:00Z,STIC03,STIC,20220419-20220701,SW,21038950,21355.7,6.877222,83.84154,1,fair,NA,2022
AIMS,2022-04-25T20:45:00Z,STIC03,STIC,20220419-20220701,SW,21038950,21355.7,6.775,83.84154,1,fair,NA,2022
AIMS,2022-04-25T21:00:00Z,STIC03,STIC,20220419-20220701,SW,21038950,21355.7,6.673889,83.84154,1,fair,NA,2022
AIMS,2022-04-25T21:15:00Z,STIC03,STIC,20220419-20220701,SW,21038950,21355.7,6.471111,83.84154,1,fair,NA,2022
AIMS,2022-04-25T21:30:00Z,STIC03,STIC,20220419-20220701,SW,21038950,21355.7,6.37,83.84154,1,fair,NA,2022
AIMS,2022-04-25T21:45:00Z,STIC03,STIC,20220419-20220701,SW,21038950,21355.7,6.166111,83.84154,1,fair,NA,2022
AIMS,2022-04-25T22:00:00Z,STIC03,STIC,20220419-20220701,SW,21038950,21355.7,6.063889,83.84154,1,fair,NA,2022
AIMS,2022-04-25T22:15:00Z,STIC03,STIC,20220419-20220701,SW,21038950,20666.8,5.86,81.03271,1,fair,NA,2022
AIMS,2022-04-25T22:30:00Z,STIC03,STIC,20220419-20220701,SW,21038950,20666.8,5.757222,81.03271,1,fair,NA,2022
AIMS,2022-04-25T22:45:00Z,STIC03,STIC,20220419-20220701,SW,21038950,20666.8,5.552222,81.03271,1,fair,NA,2022
AIMS,2022-04-25T23:00:00Z,STIC03,STIC,20220419-20220701,SW,21038950,20666.8,5.45,81.03271,1,fair,NA,2022
AIMS,2022-04-25T23:15:00Z,STIC03,STIC,20220419-20220701,SW,21038950,20666.8,5.347222,81.03271,1,fair,NA,2022
AIMS,2022-04-25T23:30:00Z,STIC03,STIC,20220419-20220701,SW,21038950,20666.8,5.243889,81.03271,1,fair,NA,2022
AIMS,2022-04-25T23:45:00Z,STIC03,STIC,20220419-20220701,SW,21038950,20666.8,5.141111,81.03271,1,fair,NA,2022
AIMS,2022-04-26T00:00:00Z,STIC03,STIC,20220419-20220701,SW,21038950,20666.8,5.037222,81.03271,1,fair,NA,2022
AIMS,2022-04-26T00:15:00Z,STIC03,STIC,20220419-20220701,SW,21038950,20666.8,4.933889,81.03271,1,fair,NA,2022
AIMS,2022-04-26T00:30:00Z,STIC03,STIC,20220419-20220701,SW,21038950,20666.8,4.831111,81.03271,1,fair,NA,2022
AIMS,2022-04-26T00:45:00Z,STIC03,STIC,20220419-20220701,SW,21038950,20666.8,4.727222,81.03271,1,fair,NA,2022
AIMS,2022-04-26T01:00:00Z,STIC03,STIC,20220419-20220701,SW,21038950,20666.8,4.622778,81.03271,1,fair,NA,2022
AIMS,2022-04-26T01:15:00Z,STIC03,STIC,20220419-20220701,SW,21038950,20666.8,4.622778,81.03271,1,fair,NA,2022
AIMS,2022-04-26T01:30:00Z,STIC03,STIC,20220419-20220701,SW,21038950,20666.8,4.518889,81.03271,1,fair,NA,2022
AIMS,2022-04-26T01:45:00Z,STIC03,STIC,20220419-20220701,SW,21038950,19977.9,4.518889,78.22389,1,fair,NA,2022
AIMS,2022-04-26T02:00:00Z,STIC03,STIC,20220419-20220701,SW,21038950,19977.9,4.415,78.22389,1,fair,NA,2022
AIMS,2022-04-26T02:15:00Z,STIC03,STIC,20220419-20220701,SW,21038950,19977.9,4.415,78.22389,1,fair,NA,2022
AIMS,2022-04-26T02:30:00Z,STIC03,STIC,20220419-20220701,SW,21038950,20666.8,4.415,81.03271,1,fair,NA,2022
AIMS,2022-04-26T02:45:00Z,STIC03,STIC,20220419-20220701,SW,21038950,19977.9,4.415,78.22389,1,fair,NA,2022
AIMS,2022-04-26T03:00:00Z,STIC03,STIC,20220419-20220701,SW,21038950,19977.9,4.415,78.22389,1,fair,NA,2022
AIMS,2022-04-26T03:15:00Z,STIC03,STIC,20220419-20220701,SW,21038950,19977.9,4.415,78.22389,1,fair,NA,2022
AIMS,2022-04-26T03:30:00Z,STIC03,STIC,20220419-20220701,SW,21038950,19977.9,4.415,78.22389,1,fair,NA,2022
AIMS,2022-04-26T03:45:00Z,STIC03,STIC,20220419-20220701,SW,21038950,19977.9,4.415,78.22389,1,fair,NA,2022
AIMS,2022-04-26T04:00:00Z,STIC03,STIC,20220419-20220701,SW,21038950,19977.9,4.311111,78.22389,1,fair,NA,2022
AIMS,2022-04-26T04:15:00Z,STIC03,STIC,20220419-20220701,SW,21038950,19977.9,4.311111,78.22389,1,fair,NA,2022
AIMS,2022-04-26T04:30:00Z,STIC03,STIC,20220419-20220701,SW,21038950,19977.9,4.311111,78.22389,1,fair,NA,2022
AIMS,2022-04-26T04:45:00Z,STIC03,STIC,20220419-20220701,SW,21038950,19977.9,4.311111,78.22389,1,fair,NA,2022
AIMS,2022-04-26T05:00:00Z,STIC03,STIC,20220419-20220701,SW,21038950,19977.9,4.207222,78.22389,1,fair,NA,2022
AIMS,2022-04-26T05:15:00Z,STIC03,STIC,20220419-20220701,SW,21038950,19977.9,4.207222,78.22389,1,fair,NA,2022
AIMS,2022-04-26T05:30:00Z,STIC03,STIC,20220419-20220701,SW,21038950,19977.9,4.207222,78.22389,1,fair,NA,2022
AIMS,2022-04-26T05:45:00Z,STIC03,STIC,20220419-20220701,SW,21038950,19977.9,4.207222,78.22389,1,fair,NA,2022
AIMS,2022-04-26T06:00:00Z,STIC03,STIC,20220419-20220701,SW,21038950,19977.9,4.207222,78.22389,1,fair,NA,2022
AIMS,2022-04-26T06:15:00Z,STIC03,STIC,20220419-20220701,SW,21038950,19977.9,4.207222,78.22389,1,fair,NA,2022
AIMS,2022-04-26T06:30:00Z,STIC03,STIC,20220419-20220701,SW,21038950,19977.9,4.102222,78.22389,1,fair,NA,2022
AIMS,2022-04-26T06:45:00Z,STIC03,STIC,20220419-20220701,SW,21038950,19977.9,4.102222,78.22389,1,fair,NA,2022
AIMS,2022-04-26T07:00:00Z,STIC03,STIC,20220419-20220701,SW,21038950,19977.9,4.102222,78.22389,1,fair,NA,2022
AIMS,2022-04-26T07:15:00Z,STIC03,STIC,20220419-20220701,SW,21038950,19977.9,4.207222,78.22389,1,fair,NA,2022
AIMS,2022-04-26T07:30:00Z,STIC03,STIC,20220419-20220701,SW,21038950,19977.9,4.207222,78.22389,1,fair,NA,2022
AIMS,2022-04-26T07:45:00Z,STIC03,STIC,20220419-20220701,SW,21038950,19977.9,4.207222,78.22389,1,fair,NA,2022
AIMS,2022-04-26T08:00:00Z,STIC03,STIC,20220419-20220701,SW,21038950,19977.9,4.207222,78.22389,1,fair,NA,2022
AIMS,2022-04-26T08:15:00Z,STIC03,STIC,20220419-20220701,SW,21038950,19977.9,4.311111,78.22389,1,fair,NA,2022
AIMS,2022-04-26T08:30:00Z,STIC03,STIC,20220419-20220701,SW,21038950,19977.9,4.415,78.22389,1,fair,NA,2022
AIMS,2022-04-26T08:45:00Z,STIC03,STIC,20220419-20220701,SW,21038950,19977.9,4.415,78.22389,1,fair,NA,2022
AIMS,2022-04-26T09:00:00Z,STIC03,STIC,20220419-20220701,SW,21038950,19977.9,4.518889,78.22389,1,fair,NA,2022
AIMS,2022-04-26T09:15:00Z,STIC03,STIC,20220419-20220701,SW,21038950,19977.9,4.727222,78.22389,1,fair,NA,2022
AIMS,2022-04-26T09:30:00Z,STIC03,STIC,20220419-20220701,SW,21038950,19977.9,4.831111,78.22389,1,fair,NA,2022
AIMS,2022-04-26T09:45:00Z,STIC03,STIC,20220419-20220701,SW,21038950,19977.9,4.933889,78.22389,1,fair,NA,2022
AIMS,2022-04-26T10:00:00Z,STIC03,STIC,20220419-20220701,SW,21038950,19977.9,5.037222,78.22389,1,fair,NA,2022
AIMS,2022-04-26T10:15:00Z,STIC03,STIC,20220419-20220701,SW,21038950,19977.9,5.141111,78.22389,1,fair,NA,2022
AIMS,2022-04-26T10:30:00Z,STIC03,STIC,20220419-20220701,SW,21038950,20666.8,5.243889,81.03271,1,fair,NA,2022
AIMS,2022-04-26T10:45:00Z,STIC03,STIC,20220419-20220701,SW,21038950,20666.8,5.347222,81.03271,1,fair,NA,2022
AIMS,2022-04-26T11:00:00Z,STIC03,STIC,20220419-20220701,SW,21038950,20666.8,5.552222,81.03271,1,fair,NA,2022
AIMS,2022-04-26T11:15:00Z,STIC03,STIC,20220419-20220701,SW,21038950,20666.8,5.655,81.03271,1,fair,NA,2022
AIMS,2022-04-26T11:30:00Z,STIC03,STIC,20220419-20220701,SW,21038950,20666.8,5.86,81.03271,1,fair,NA,2022
AIMS,2022-04-26T11:45:00Z,STIC03,STIC,20220419-20220701,SW,21038950,20666.8,5.962222,81.03271,1,fair,NA,2022
AIMS,2022-04-26T12:00:00Z,STIC03,STIC,20220419-20220701,SW,21038950,20666.8,6.166111,81.03271,1,fair,NA,2022
AIMS,2022-04-26T12:15:00Z,STIC03,STIC,20220419-20220701,SW,21038950,20666.8,6.267778,81.03271,1,fair,NA,2022
AIMS,2022-04-26T12:30:00Z,STIC03,STIC,20220419-20220701,SW,21038950,20666.8,6.471111,81.03271,1,fair,NA,2022
AIMS,2022-04-26T12:45:00Z,STIC03,STIC,20220419-20220701,SW,21038950,20666.8,6.572778,81.03271,1,fair,NA,2022
AIMS,2022-04-26T13:00:00Z,STIC03,STIC,20220419-20220701,SW,21038950,20666.8,6.673889,81.03271,1,fair,NA,2022
AIMS,2022-04-26T13:15:00Z,STIC03,STIC,20220419-20220701,SW,21038950,20666.8,6.775,81.03271,1,fair,NA,2022
AIMS,2022-04-26T13:30:00Z,STIC03,STIC,20220419-20220701,SW,21038950,20666.8,6.877222,81.03271,1,fair,NA,2022
AIMS,2022-04-26T13:45:00Z,STIC03,STIC,20220419-20220701,SW,21038950,20666.8,6.977778,81.03271,1,fair,NA,2022
AIMS,2022-04-26T14:00:00Z,STIC03,STIC,20220419-20220701,SW,21038950,21355.7,6.977778,83.84154,1,fair,NA,2022
AIMS,2022-04-26T14:15:00Z,STIC03,STIC,20220419-20220701,SW,21038950,20666.8,7.078889,81.03271,1,fair,NA,2022
AIMS,2022-04-26T14:30:00Z,STIC03,STIC,20220419-20220701,SW,21038950,21355.7,7.178889,83.84154,1,fair,NA,2022
AIMS,2022-04-26T14:45:00Z,STIC03,STIC,20220419-20220701,SW,21038950,21355.7,7.28,83.84154,1,fair,NA,2022
AIMS,2022-04-26T15:00:00Z,STIC03,STIC,20220419-20220701,SW,21038950,21355.7,7.28,83.84154,1,fair,NA,2022
AIMS,2022-04-26T15:15:00Z,STIC03,STIC,20220419-20220701,SW,21038950,21355.7,7.28,83.84154,1,fair,NA,2022
AIMS,2022-04-26T15:30:00Z,STIC03,STIC,20220419-20220701,SW,21038950,21355.7,7.28,83.84154,1,fair,NA,2022
AIMS,2022-04-26T15:45:00Z,STIC03,STIC,20220419-20220701,SW,21038950,21355.7,7.381111,83.84154,1,fair,NA,2022
AIMS,2022-04-26T16:00:00Z,STIC03,STIC,20220419-20220701,SW,21038950,21355.7,7.481111,83.84154,1,fair,NA,2022
AIMS,2022-04-26T16:15:00Z,STIC03,STIC,20220419-20220701,SW,21038950,21355.7,7.682222,83.84154,1,fair,NA,2022
AIMS,2022-04-26T16:30:00Z,STIC03,STIC,20220419-20220701,SW,21038950,21355.7,7.782222,83.84154,1,fair,NA,2022
AIMS,2022-04-26T16:45:00Z,STIC03,STIC,20220419-20220701,SW,21038950,21355.7,7.882222,83.84154,1,fair,NA,2022
AIMS,2022-04-26T17:00:00Z,STIC03,STIC,20220419-20220701,SW,21038950,21355.7,7.882222,83.84154,1,fair,NA,2022
AIMS,2022-04-26T17:15:00Z,STIC03,STIC,20220419-20220701,SW,21038950,21355.7,7.882222,83.84154,1,fair,NA,2022
AIMS,2022-04-26T17:30:00Z,STIC03,STIC,20220419-20220701,SW,21038950,21355.7,7.782222,83.84154,1,fair,NA,2022
AIMS,2022-04-26T17:45:00Z,STIC03,STIC,20220419-20220701,SW,21038950,21355.7,7.782222,83.84154,1,fair,NA,2022
AIMS,2022-04-26T18:00:00Z,STIC03,STIC,20220419-20220701,SW,21038950,21355.7,7.682222,83.84154,1,fair,NA,2022
AIMS,2022-04-26T18:15:00Z,STIC03,STIC,20220419-20220701,SW,21038950,21355.7,7.682222,83.84154,1,fair,NA,2022
AIMS,2022-04-26T18:30:00Z,STIC03,STIC,20220419-20220701,SW,21038950,21355.7,7.582222,83.84154,1,fair,NA,2022
AIMS,2022-04-26T18:45:00Z,STIC03,STIC,20220419-20220701,SW,21038950,21355.7,7.582222,83.84154,1,fair,NA,2022
AIMS,2022-04-26T19:00:00Z,STIC03,STIC,20220419-20220701,SW,21038950,21355.7,7.481111,83.84154,1,fair,NA,2022
AIMS,2022-04-26T19:15:00Z,STIC03,STIC,20220419-20220701,SW,21038950,21355.7,7.381111,83.84154,1,fair,NA,2022
AIMS,2022-04-26T19:30:00Z,STIC03,STIC,20220419-20220701,SW,21038950,21355.7,7.28,83.84154,1,fair,NA,2022
AIMS,2022-04-26T19:45:00Z,STIC03,STIC,20220419-20220701,SW,21038950,21355.7,7.178889,83.84154,1,fair,NA,2022
AIMS,2022-04-26T20:00:00Z,STIC03,STIC,20220419-20220701,SW,21038950,21355.7,7.078889,83.84154,1,fair,NA,2022
AIMS,2022-04-26T20:15:00Z,STIC03,STIC,20220419-20220701,SW,21038950,21355.7,6.977778,83.84154,1,fair,NA,2022
AIMS,2022-04-26T20:30:00Z,STIC03,STIC,20220419-20220701,SW,21038950,21355.7,6.877222,83.84154,1,fair,NA,2022
AIMS,2022-04-26T20:45:00Z,STIC03,STIC,20220419-20220701,SW,21038950,21355.7,6.775,83.84154,1,fair,NA,2022
AIMS,2022-04-26T21:00:00Z,STIC03,STIC,20220419-20220701,SW,21038950,20666.8,6.572778,81.03271,1,fair,NA,2022
AIMS,2022-04-26T21:15:00Z,STIC03,STIC,20220419-20220701,SW,21038950,20666.8,6.471111,81.03271,1,fair,NA,2022
AIMS,2022-04-26T21:30:00Z,STIC03,STIC,20220419-20220701,SW,21038950,20666.8,6.37,81.03271,1,fair,NA,2022
AIMS,2022-04-26T21:45:00Z,STIC03,STIC,20220419-20220701,SW,21038950,20666.8,6.166111,81.03271,1,fair,NA,2022
AIMS,2022-04-26T22:00:00Z,STIC03,STIC,20220419-20220701,SW,21038950,20666.8,6.063889,81.03271,1,fair,NA,2022
AIMS,2022-04-26T22:15:00Z,STIC03,STIC,20220419-20220701,SW,21038950,20666.8,5.962222,81.03271,1,fair,NA,2022
AIMS,2022-04-26T22:30:00Z,STIC03,STIC,20220419-20220701,SW,21038950,20666.8,5.86,81.03271,1,fair,NA,2022
AIMS,2022-04-26T22:45:00Z,STIC03,STIC,20220419-20220701,SW,21038950,20666.8,5.655,81.03271,1,fair,NA,2022
AIMS,2022-04-26T23:00:00Z,STIC03,STIC,20220419-20220701,SW,21038950,20666.8,5.552222,81.03271,1,fair,NA,2022
AIMS,2022-04-26T23:15:00Z,STIC03,STIC,20220419-20220701,SW,21038950,20666.8,5.45,81.03271,1,fair,NA,2022
AIMS,2022-04-26T23:30:00Z,STIC03,STIC,20220419-20220701,SW,21038950,19977.9,5.347222,78.22389,1,fair,NA,2022
AIMS,2022-04-26T23:45:00Z,STIC03,STIC,20220419-20220701,SW,21038950,19977.9,5.243889,78.22389,1,fair,NA,2022
AIMS,2022-04-27T00:00:00Z,STIC03,STIC,20220419-20220701,SW,21038950,19977.9,5.141111,78.22389,1,fair,NA,2022
AIMS,2022-04-27T00:15:00Z,STIC03,STIC,20220419-20220701,SW,21038950,19977.9,5.037222,78.22389,1,fair,NA,2022
AIMS,2022-04-27T00:30:00Z,STIC03,STIC,20220419-20220701,SW,21038950,19977.9,4.933889,78.22389,1,fair,NA,2022
AIMS,2022-04-27T00:45:00Z,STIC03,STIC,20220419-20220701,SW,21038950,19977.9,4.933889,78.22389,1,fair,NA,2022
AIMS,2022-04-27T01:00:00Z,STIC03,STIC,20220419-20220701,SW,21038950,19977.9,4.831111,78.22389,1,fair,NA,2022
AIMS,2022-04-27T01:15:00Z,STIC03,STIC,20220419-20220701,SW,21038950,19977.9,4.727222,78.22389,1,fair,NA,2022
AIMS,2022-04-27T01:30:00Z,STIC03,STIC,20220419-20220701,SW,21038950,19977.9,4.727222,78.22389,1,fair,NA,2022
AIMS,2022-04-27T01:45:00Z,STIC03,STIC,20220419-20220701,SW,21038950,19977.9,4.622778,78.22389,1,fair,NA,2022
AIMS,2022-04-27T02:00:00Z,STIC03,STIC,20220419-20220701,SW,21038950,19977.9,4.518889,78.22389,1,fair,NA,2022
AIMS,2022-04-27T02:15:00Z,STIC03,STIC,20220419-20220701,SW,21038950,19289,4.518889,75.41507,1,fair,NA,2022
AIMS,2022-04-27T02:30:00Z,STIC03,STIC,20220419-20220701,SW,21038950,19289,4.415,75.41507,1,fair,NA,2022
AIMS,2022-04-27T02:45:00Z,STIC03,STIC,20220419-20220701,SW,21038950,19289,4.415,75.41507,1,fair,NA,2022
AIMS,2022-04-27T03:00:00Z,STIC03,STIC,20220419-20220701,SW,21038950,19289,4.311111,75.41507,1,fair,NA,2022
AIMS,2022-04-27T03:15:00Z,STIC03,STIC,20220419-20220701,SW,21038950,19289,4.311111,75.41507,1,fair,NA,2022
AIMS,2022-04-27T03:30:00Z,STIC03,STIC,20220419-20220701,SW,21038950,19289,4.207222,75.41507,1,fair,NA,2022
AIMS,2022-04-27T03:45:00Z,STIC03,STIC,20220419-20220701,SW,21038950,19289,4.207222,75.41507,1,fair,NA,2022
AIMS,2022-04-27T04:00:00Z,STIC03,STIC,20220419-20220701,SW,21038950,19289,4.207222,75.41507,1,fair,NA,2022
AIMS,2022-04-27T04:15:00Z,STIC03,STIC,20220419-20220701,SW,21038950,19289,4.102222,75.41507,1,fair,NA,2022
AIMS,2022-04-27T04:30:00Z,STIC03,STIC,20220419-20220701,SW,21038950,19289,4.102222,75.41507,1,fair,NA,2022
AIMS,2022-04-27T04:45:00Z,STIC03,STIC,20220419-20220701,SW,21038950,19289,4.102222,75.41507,1,fair,NA,2022
AIMS,2022-04-27T05:00:00Z,STIC03,STIC,20220419-20220701,SW,21038950,19289,4.102222,75.41507,1,fair,NA,2022
AIMS,2022-04-27T05:15:00Z,STIC03,STIC,20220419-20220701,SW,21038950,19289,4.102222,75.41507,1,fair,NA,2022
AIMS,2022-04-27T05:30:00Z,STIC03,STIC,20220419-20220701,SW,21038950,19289,4.102222,75.41507,1,fair,NA,2022
AIMS,2022-04-27T05:45:00Z,STIC03,STIC,20220419-20220701,SW,21038950,19289,3.997778,75.41507,1,fair,NA,2022
AIMS,2022-04-27T06:00:00Z,STIC03,STIC,20220419-20220701,SW,21038950,19289,4.102222,75.41507,1,fair,NA,2022
AIMS,2022-04-27T06:15:00Z,STIC03,STIC,20220419-20220701,SW,21038950,19289,4.102222,75.41507,1,fair,NA,2022
AIMS,2022-04-27T06:30:00Z,STIC03,STIC,20220419-20220701,SW,21038950,19289,4.102222,75.41507,1,fair,NA,2022
AIMS,2022-04-27T06:45:00Z,STIC03,STIC,20220419-20220701,SW,21038950,19289,4.102222,75.41507,1,fair,NA,2022
AIMS,2022-04-27T07:00:00Z,STIC03,STIC,20220419-20220701,SW,21038950,19289,4.102222,75.41507,1,fair,NA,2022
AIMS,2022-04-27T07:15:00Z,STIC03,STIC,20220419-20220701,SW,21038950,19289,4.102222,75.41507,1,fair,NA,2022
AIMS,2022-04-27T07:30:00Z,STIC03,STIC,20220419-20220701,SW,21038950,19289,4.207222,75.41507,1,fair,NA,2022
AIMS,2022-04-27T07:45:00Z,STIC03,STIC,20220419-20220701,SW,21038950,19289,4.207222,75.41507,1,fair,NA,2022
AIMS,2022-04-27T08:00:00Z,STIC03,STIC,20220419-20220701,SW,21038950,19289,4.311111,75.41507,1,fair,NA,2022
AIMS,2022-04-27T08:15:00Z,STIC03,STIC,20220419-20220701,SW,21038950,19289,4.311111,75.41507,1,fair,NA,2022
AIMS,2022-04-27T08:30:00Z,STIC03,STIC,20220419-20220701,SW,21038950,19289,4.415,75.41507,1,fair,NA,2022
AIMS,2022-04-27T08:45:00Z,STIC03,STIC,20220419-20220701,SW,21038950,19289,4.518889,75.41507,1,fair,NA,2022
AIMS,2022-04-27T09:00:00Z,STIC03,STIC,20220419-20220701,SW,21038950,19289,4.622778,75.41507,1,fair,NA,2022
AIMS,2022-04-27T09:15:00Z,STIC03,STIC,20220419-20220701,SW,21038950,19289,4.727222,75.41507,1,fair,NA,2022
AIMS,2022-04-27T09:30:00Z,STIC03,STIC,20220419-20220701,SW,21038950,19977.9,4.831111,78.22389,1,fair,NA,2022
AIMS,2022-04-27T09:45:00Z,STIC03,STIC,20220419-20220701,SW,21038950,19977.9,4.933889,78.22389,1,fair,NA,2022
AIMS,2022-04-27T10:00:00Z,STIC03,STIC,20220419-20220701,SW,21038950,19977.9,5.037222,78.22389,1,fair,NA,2022
AIMS,2022-04-27T10:15:00Z,STIC03,STIC,20220419-20220701,SW,21038950,19977.9,5.243889,78.22389,1,fair,NA,2022
AIMS,2022-04-27T10:30:00Z,STIC03,STIC,20220419-20220701,SW,21038950,19977.9,5.347222,78.22389,1,fair,NA,2022
AIMS,2022-04-27T10:45:00Z,STIC03,STIC,20220419-20220701,SW,21038950,19977.9,5.45,78.22389,1,fair,NA,2022
AIMS,2022-04-27T11:00:00Z,STIC03,STIC,20220419-20220701,SW,21038950,19977.9,5.552222,78.22389,1,fair,NA,2022
AIMS,2022-04-27T11:15:00Z,STIC03,STIC,20220419-20220701,SW,21038950,19977.9,5.757222,78.22389,1,fair,NA,2022
AIMS,2022-04-27T11:30:00Z,STIC03,STIC,20220419-20220701,SW,21038950,20666.8,5.962222,81.03271,1,fair,NA,2022
AIMS,2022-04-27T11:45:00Z,STIC03,STIC,20220419-20220701,SW,21038950,20666.8,6.166111,81.03271,1,fair,NA,2022
AIMS,2022-04-27T12:00:00Z,STIC03,STIC,20220419-20220701,SW,21038950,20666.8,6.471111,81.03271,1,fair,NA,2022
AIMS,2022-04-27T12:15:00Z,STIC03,STIC,20220419-20220701,SW,21038950,20666.8,6.673889,81.03271,1,fair,NA,2022
AIMS,2022-04-27T12:30:00Z,STIC03,STIC,20220419-20220701,SW,21038950,20666.8,6.877222,81.03271,1,fair,NA,2022
AIMS,2022-04-27T12:45:00Z,STIC03,STIC,20220419-20220701,SW,21038950,21355.7,7.178889,83.84154,1,fair,NA,2022
AIMS,2022-04-27T13:00:00Z,STIC03,STIC,20220419-20220701,SW,21038950,21355.7,7.481111,83.84154,1,fair,NA,2022
AIMS,2022-04-27T13:15:00Z,STIC03,STIC,20220419-20220701,SW,21038950,21355.7,7.782222,83.84154,1,fair,NA,2022
AIMS,2022-04-27T13:30:00Z,STIC03,STIC,20220419-20220701,SW,21038950,22044.6,7.982778,86.65036,1,fair,NA,2022
AIMS,2022-04-27T13:45:00Z,STIC03,STIC,20220419-20220701,SW,21038950,22044.6,8.182222,86.65036,1,fair,NA,2022
AIMS,2022-04-27T14:00:00Z,STIC03,STIC,20220419-20220701,SW,21038950,22044.6,8.182222,86.65036,1,fair,NA,2022
AIMS,2022-04-27T14:15:00Z,STIC03,STIC,20220419-20220701,SW,21038950,22044.6,8.082222,86.65036,1,fair,NA,2022
AIMS,2022-04-27T14:30:00Z,STIC03,STIC,20220419-20220701,SW,21038950,22044.6,7.982778,86.65036,1,fair,NA,2022
AIMS,2022-04-27T14:45:00Z,STIC03,STIC,20220419-20220701,SW,21038950,21355.7,7.882222,83.84154,1,fair,NA,2022
AIMS,2022-04-27T15:00:00Z,STIC03,STIC,20220419-20220701,SW,21038950,21355.7,7.882222,83.84154,1,fair,NA,2022
AIMS,2022-04-27T15:15:00Z,STIC03,STIC,20220419-20220701,SW,21038950,21355.7,7.782222,83.84154,1,fair,NA,2022
AIMS,2022-04-27T15:30:00Z,STIC03,STIC,20220419-20220701,SW,21038950,21355.7,7.682222,83.84154,1,fair,NA,2022
AIMS,2022-04-27T15:45:00Z,STIC03,STIC,20220419-20220701,SW,21038950,21355.7,7.582222,83.84154,1,fair,NA,2022
AIMS,2022-04-27T16:00:00Z,STIC03,STIC,20220419-20220701,SW,21038950,21355.7,7.582222,83.84154,1,fair,NA,2022
AIMS,2022-04-27T16:15:00Z,STIC03,STIC,20220419-20220701,SW,21038950,21355.7,7.682222,83.84154,1,fair,NA,2022
AIMS,2022-04-27T16:30:00Z,STIC03,STIC,20220419-20220701,SW,21038950,21355.7,7.782222,83.84154,1,fair,NA,2022
AIMS,2022-04-27T16:45:00Z,STIC03,STIC,20220419-20220701,SW,21038950,21355.7,7.882222,83.84154,1,fair,NA,2022
AIMS,2022-04-27T17:00:00Z,STIC03,STIC,20220419-20220701,SW,21038950,21355.7,7.882222,83.84154,1,fair,NA,2022
AIMS,2022-04-27T17:15:00Z,STIC03,STIC,20220419-20220701,SW,21038950,22044.6,7.882222,86.65036,1,fair,NA,2022
AIMS,2022-04-27T17:30:00Z,STIC03,STIC,20220419-20220701,SW,21038950,22044.6,7.882222,86.65036,1,fair,NA,2022
AIMS,2022-04-27T17:45:00Z,STIC03,STIC,20220419-20220701,SW,21038950,22044.6,7.882222,86.65036,1,fair,NA,2022
AIMS,2022-04-27T18:00:00Z,STIC03,STIC,20220419-20220701,SW,21038950,22044.6,7.782222,86.65036,1,fair,NA,2022
AIMS,2022-04-27T18:15:00Z,STIC03,STIC,20220419-20220701,SW,21038950,22044.6,7.682222,86.65036,1,fair,NA,2022
AIMS,2022-04-27T18:30:00Z,STIC03,STIC,20220419-20220701,SW,21038950,22044.6,7.582222,86.65036,1,fair,NA,2022
AIMS,2022-04-27T18:45:00Z,STIC03,STIC,20220419-20220701,SW,21038950,22044.6,7.481111,86.65036,1,fair,NA,2022
AIMS,2022-04-27T19:00:00Z,STIC03,STIC,20220419-20220701,SW,21038950,22044.6,7.381111,86.65036,1,fair,NA,2022
AIMS,2022-04-27T19:15:00Z,STIC03,STIC,20220419-20220701,SW,21038950,21355.7,7.28,83.84154,1,fair,NA,2022
AIMS,2022-04-27T19:30:00Z,STIC03,STIC,20220419-20220701,SW,21038950,21355.7,7.178889,83.84154,1,fair,NA,2022
AIMS,2022-04-27T19:45:00Z,STIC03,STIC,20220419-20220701,SW,21038950,21355.7,7.178889,83.84154,1,fair,NA,2022
AIMS,2022-04-27T20:00:00Z,STIC03,STIC,20220419-20220701,SW,21038950,21355.7,7.078889,83.84154,1,fair,NA,2022
AIMS,2022-04-27T20:15:00Z,STIC03,STIC,20220419-20220701,SW,21038950,21355.7,6.977778,83.84154,1,fair,NA,2022
AIMS,2022-04-27T20:30:00Z,STIC03,STIC,20220419-20220701,SW,21038950,21355.7,6.877222,83.84154,1,fair,NA,2022
AIMS,2022-04-27T20:45:00Z,STIC03,STIC,20220419-20220701,SW,21038950,21355.7,6.775,83.84154,1,fair,NA,2022
AIMS,2022-04-27T21:00:00Z,STIC03,STIC,20220419-20220701,SW,21038950,21355.7,6.673889,83.84154,1,fair,NA,2022
AIMS,2022-04-27T21:15:00Z,STIC03,STIC,20220419-20220701,SW,21038950,21355.7,6.572778,83.84154,1,fair,NA,2022
AIMS,2022-04-27T21:30:00Z,STIC03,STIC,20220419-20220701,SW,21038950,20666.8,6.37,81.03271,1,fair,NA,2022
AIMS,2022-04-27T21:45:00Z,STIC03,STIC,20220419-20220701,SW,21038950,20666.8,6.267778,81.03271,1,fair,NA,2022
AIMS,2022-04-27T22:00:00Z,STIC03,STIC,20220419-20220701,SW,21038950,20666.8,6.166111,81.03271,1,fair,NA,2022
AIMS,2022-04-27T22:15:00Z,STIC03,STIC,20220419-20220701,SW,21038950,20666.8,5.962222,81.03271,1,fair,NA,2022
AIMS,2022-04-27T22:30:00Z,STIC03,STIC,20220419-20220701,SW,21038950,20666.8,5.86,81.03271,1,fair,NA,2022
AIMS,2022-04-27T22:45:00Z,STIC03,STIC,20220419-20220701,SW,21038950,20666.8,5.655,81.03271,1,fair,NA,2022
AIMS,2022-04-27T23:00:00Z,STIC03,STIC,20220419-20220701,SW,21038950,20666.8,5.552222,81.03271,1,fair,NA,2022
AIMS,2022-04-27T23:15:00Z,STIC03,STIC,20220419-20220701,SW,21038950,20666.8,5.45,81.03271,1,fair,NA,2022
AIMS,2022-04-27T23:30:00Z,STIC03,STIC,20220419-20220701,SW,21038950,20666.8,5.347222,81.03271,1,fair,NA,2022
AIMS,2022-04-27T23:45:00Z,STIC03,STIC,20220419-20220701,SW,21038950,20666.8,5.243889,81.03271,1,fair,NA,2022
AIMS,2022-04-28T00:00:00Z,STIC03,STIC,20220419-20220701,SW,21038950,20666.8,5.141111,81.03271,1,fair,NA,2022
AIMS,2022-04-28T00:15:00Z,STIC03,STIC,20220419-20220701,SW,21038950,20666.8,5.037222,81.03271,1,fair,NA,2022
AIMS,2022-04-28T00:30:00Z,STIC03,STIC,20220419-20220701,SW,21038950,20666.8,5.037222,81.03271,1,fair,NA,2022
AIMS,2022-04-28T00:45:00Z,STIC03,STIC,20220419-20220701,SW,21038950,20666.8,4.933889,81.03271,1,fair,NA,2022
AIMS,2022-04-28T01:00:00Z,STIC03,STIC,20220419-20220701,SW,21038950,20666.8,4.831111,81.03271,1,fair,NA,2022
AIMS,2022-04-28T01:15:00Z,STIC03,STIC,20220419-20220701,SW,21038950,20666.8,4.831111,81.03271,1,fair,NA,2022
AIMS,2022-04-28T01:30:00Z,STIC03,STIC,20220419-20220701,SW,21038950,19977.9,4.727222,78.22389,1,fair,NA,2022
AIMS,2022-04-28T01:45:00Z,STIC03,STIC,20220419-20220701,SW,21038950,19977.9,4.622778,78.22389,1,fair,NA,2022
AIMS,2022-04-28T02:00:00Z,STIC03,STIC,20220419-20220701,SW,21038950,19977.9,4.622778,78.22389,1,fair,NA,2022
AIMS,2022-04-28T02:15:00Z,STIC03,STIC,20220419-20220701,SW,21038950,19977.9,4.518889,78.22389,1,fair,NA,2022
AIMS,2022-04-28T02:30:00Z,STIC03,STIC,20220419-20220701,SW,21038950,19977.9,4.518889,78.22389,1,fair,NA,2022
AIMS,2022-04-28T02:45:00Z,STIC03,STIC,20220419-20220701,SW,21038950,19977.9,4.415,78.22389,1,fair,NA,2022
AIMS,2022-04-28T03:00:00Z,STIC03,STIC,20220419-20220701,SW,21038950,19977.9,4.415,78.22389,1,fair,NA,2022
AIMS,2022-04-28T03:15:00Z,STIC03,STIC,20220419-20220701,SW,21038950,19977.9,4.311111,78.22389,1,fair,NA,2022
AIMS,2022-04-28T03:30:00Z,STIC03,STIC,20220419-20220701,SW,21038950,19977.9,4.311111,78.22389,1,fair,NA,2022
AIMS,2022-04-28T03:45:00Z,STIC03,STIC,20220419-20220701,SW,21038950,19977.9,4.207222,78.22389,1,fair,NA,2022
AIMS,2022-04-28T04:00:00Z,STIC03,STIC,20220419-20220701,SW,21038950,19289,4.207222,75.41507,1,fair,NA,2022
AIMS,2022-04-28T04:15:00Z,STIC03,STIC,20220419-20220701,SW,21038950,19289,4.102222,75.41507,1,fair,NA,2022
AIMS,2022-04-28T04:30:00Z,STIC03,STIC,20220419-20220701,SW,21038950,19289,4.102222,75.41507,1,fair,NA,2022
AIMS,2022-04-28T04:45:00Z,STIC03,STIC,20220419-20220701,SW,21038950,19289,3.997778,75.41507,1,fair,NA,2022
AIMS,2022-04-28T05:00:00Z,STIC03,STIC,20220419-20220701,SW,21038950,19289,3.997778,75.41507,1,fair,NA,2022
AIMS,2022-04-28T05:15:00Z,STIC03,STIC,20220419-20220701,SW,21038950,19289,3.997778,75.41507,1,fair,NA,2022
AIMS,2022-04-28T05:30:00Z,STIC03,STIC,20220419-20220701,SW,21038950,19289,3.892778,75.41507,1,fair,NA,2022
AIMS,2022-04-28T05:45:00Z,STIC03,STIC,20220419-20220701,SW,21038950,19289,3.892778,75.41507,1,fair,NA,2022
AIMS,2022-04-28T06:00:00Z,STIC03,STIC,20220419-20220701,SW,21038950,19289,3.892778,75.41507,1,fair,NA,2022
AIMS,2022-04-28T06:15:00Z,STIC03,STIC,20220419-20220701,SW,21038950,19289,3.787778,75.41507,1,fair,NA,2022
AIMS,2022-04-28T06:30:00Z,STIC03,STIC,20220419-20220701,SW,21038950,19289,3.787778,75.41507,1,fair,NA,2022
AIMS,2022-04-28T06:45:00Z,STIC03,STIC,20220419-20220701,SW,21038950,19289,3.787778,75.41507,1,fair,NA,2022
AIMS,2022-04-28T07:00:00Z,STIC03,STIC,20220419-20220701,SW,21038950,19289,3.787778,75.41507,1,fair,NA,2022
AIMS,2022-04-28T07:15:00Z,STIC03,STIC,20220419-20220701,SW,21038950,19289,3.787778,75.41507,1,fair,NA,2022
AIMS,2022-04-28T07:30:00Z,STIC03,STIC,20220419-20220701,SW,21038950,19289,3.787778,75.41507,1,fair,NA,2022
AIMS,2022-04-28T07:45:00Z,STIC03,STIC,20220419-20220701,SW,21038950,19289,3.787778,75.41507,1,fair,NA,2022
AIMS,2022-04-28T08:00:00Z,STIC03,STIC,20220419-20220701,SW,21038950,19289,3.787778,75.41507,1,fair,NA,2022
AIMS,2022-04-28T08:15:00Z,STIC03,STIC,20220419-20220701,SW,21038950,19289,3.892778,75.41507,1,fair,NA,2022
AIMS,2022-04-28T08:30:00Z,STIC03,STIC,20220419-20220701,SW,21038950,19289,3.892778,75.41507,1,fair,NA,2022
AIMS,2022-04-28T08:45:00Z,STIC03,STIC,20220419-20220701,SW,21038950,19289,3.997778,75.41507,1,fair,NA,2022
AIMS,2022-04-28T09:00:00Z,STIC03,STIC,20220419-20220701,SW,21038950,19289,4.102222,75.41507,1,fair,NA,2022
AIMS,2022-04-28T09:15:00Z,STIC03,STIC,20220419-20220701,SW,21038950,19289,4.102222,75.41507,1,fair,NA,2022
AIMS,2022-04-28T09:30:00Z,STIC03,STIC,20220419-20220701,SW,21038950,19289,4.207222,75.41507,1,fair,NA,2022
AIMS,2022-04-28T09:45:00Z,STIC03,STIC,20220419-20220701,SW,21038950,19289,4.311111,75.41507,1,fair,NA,2022
AIMS,2022-04-28T10:00:00Z,STIC03,STIC,20220419-20220701,SW,21038950,19289,4.415,75.41507,1,fair,NA,2022
AIMS,2022-04-28T10:15:00Z,STIC03,STIC,20220419-20220701,SW,21038950,19289,4.415,75.41507,1,fair,NA,2022
AIMS,2022-04-28T10:30:00Z,STIC03,STIC,20220419-20220701,SW,21038950,19289,4.518889,75.41507,1,fair,NA,2022
AIMS,2022-04-28T10:45:00Z,STIC03,STIC,20220419-20220701,SW,21038950,19289,4.622778,75.41507,1,fair,NA,2022
AIMS,2022-04-28T11:00:00Z,STIC03,STIC,20220419-20220701,SW,21038950,19977.9,4.727222,78.22389,1,fair,NA,2022
AIMS,2022-04-28T11:15:00Z,STIC03,STIC,20220419-20220701,SW,21038950,19977.9,4.831111,78.22389,1,fair,NA,2022
AIMS,2022-04-28T11:30:00Z,STIC03,STIC,20220419-20220701,SW,21038950,19977.9,4.831111,78.22389,1,fair,NA,2022
AIMS,2022-04-28T11:45:00Z,STIC03,STIC,20220419-20220701,SW,21038950,19977.9,4.933889,78.22389,1,fair,NA,2022
AIMS,2022-04-28T12:00:00Z,STIC03,STIC,20220419-20220701,SW,21038950,19977.9,4.933889,78.22389,1,fair,NA,2022
AIMS,2022-04-28T12:15:00Z,STIC03,STIC,20220419-20220701,SW,21038950,19977.9,5.037222,78.22389,1,fair,NA,2022
AIMS,2022-04-28T12:30:00Z,STIC03,STIC,20220419-20220701,SW,21038950,19977.9,5.141111,78.22389,1,fair,NA,2022
AIMS,2022-04-28T12:45:00Z,STIC03,STIC,20220419-20220701,SW,21038950,19977.9,5.243889,78.22389,1,fair,NA,2022
AIMS,2022-04-28T13:00:00Z,STIC03,STIC,20220419-20220701,SW,21038950,19977.9,5.347222,78.22389,1,fair,NA,2022
AIMS,2022-04-28T13:15:00Z,STIC03,STIC,20220419-20220701,SW,21038950,19977.9,5.45,78.22389,1,fair,NA,2022
AIMS,2022-04-28T13:30:00Z,STIC03,STIC,20220419-20220701,SW,21038950,19977.9,5.552222,78.22389,1,fair,NA,2022
AIMS,2022-04-28T13:45:00Z,STIC03,STIC,20220419-20220701,SW,21038950,19977.9,5.655,78.22389,1,fair,NA,2022
AIMS,2022-04-28T14:00:00Z,STIC03,STIC,20220419-20220701,SW,21038950,20666.8,5.757222,81.03271,1,fair,NA,2022
AIMS,2022-04-28T14:15:00Z,STIC03,STIC,20220419-20220701,SW,21038950,20666.8,5.86,81.03271,1,fair,NA,2022
AIMS,2022-04-28T14:30:00Z,STIC03,STIC,20220419-20220701,SW,21038950,20666.8,5.962222,81.03271,1,fair,NA,2022
AIMS,2022-04-28T14:45:00Z,STIC03,STIC,20220419-20220701,SW,21038950,20666.8,6.063889,81.03271,1,fair,NA,2022
AIMS,2022-04-28T15:00:00Z,STIC03,STIC,20220419-20220701,SW,21038950,20666.8,6.267778,81.03271,1,fair,NA,2022
AIMS,2022-04-28T15:15:00Z,STIC03,STIC,20220419-20220701,SW,21038950,20666.8,6.37,81.03271,1,fair,NA,2022
AIMS,2022-04-28T15:30:00Z,STIC03,STIC,20220419-20220701,SW,21038950,20666.8,6.572778,81.03271,1,fair,NA,2022
AIMS,2022-04-28T15:45:00Z,STIC03,STIC,20220419-20220701,SW,21038950,20666.8,6.673889,81.03271,1,fair,NA,2022
AIMS,2022-04-28T16:00:00Z,STIC03,STIC,20220419-20220701,SW,21038950,20666.8,6.775,81.03271,1,fair,NA,2022
AIMS,2022-04-28T16:15:00Z,STIC03,STIC,20220419-20220701,SW,21038950,20666.8,6.775,81.03271,1,fair,NA,2022
AIMS,2022-04-28T16:30:00Z,STIC03,STIC,20220419-20220701,SW,21038950,20666.8,6.775,81.03271,1,fair,NA,2022
AIMS,2022-04-28T16:45:00Z,STIC03,STIC,20220419-20220701,SW,21038950,20666.8,6.775,81.03271,1,fair,NA,2022
AIMS,2022-04-28T17:00:00Z,STIC03,STIC,20220419-20220701,SW,21038950,20666.8,6.775,81.03271,1,fair,NA,2022
AIMS,2022-04-28T17:15:00Z,STIC03,STIC,20220419-20220701,SW,21038950,20666.8,6.775,81.03271,1,fair,NA,2022
AIMS,2022-04-28T17:30:00Z,STIC03,STIC,20220419-20220701,SW,21038950,20666.8,6.877222,81.03271,1,fair,NA,2022
AIMS,2022-04-28T17:45:00Z,STIC03,STIC,20220419-20220701,SW,21038950,20666.8,6.877222,81.03271,1,fair,NA,2022
AIMS,2022-04-28T18:00:00Z,STIC03,STIC,20220419-20220701,SW,21038950,21355.7,6.977778,83.84154,1,fair,NA,2022
AIMS,2022-04-28T18:15:00Z,STIC03,STIC,20220419-20220701,SW,21038950,21355.7,6.977778,83.84154,1,fair,NA,2022
AIMS,2022-04-28T18:30:00Z,STIC03,STIC,20220419-20220701,SW,21038950,21355.7,6.877222,83.84154,1,fair,NA,2022
AIMS,2022-04-28T18:45:00Z,STIC03,STIC,20220419-20220701,SW,21038950,21355.7,6.877222,83.84154,1,fair,NA,2022
AIMS,2022-04-28T19:00:00Z,STIC03,STIC,20220419-20220701,SW,21038950,21355.7,6.877222,83.84154,1,fair,NA,2022
AIMS,2022-04-28T19:15:00Z,STIC03,STIC,20220419-20220701,SW,21038950,21355.7,6.775,83.84154,1,fair,NA,2022
AIMS,2022-04-28T19:30:00Z,STIC03,STIC,20220419-20220701,SW,21038950,21355.7,6.775,83.84154,1,fair,NA,2022
AIMS,2022-04-28T19:45:00Z,STIC03,STIC,20220419-20220701,SW,21038950,21355.7,6.775,83.84154,1,fair,NA,2022
AIMS,2022-04-28T20:00:00Z,STIC03,STIC,20220419-20220701,SW,21038950,21355.7,6.673889,83.84154,1,fair,NA,2022
AIMS,2022-04-28T20:15:00Z,STIC03,STIC,20220419-20220701,SW,21038950,21355.7,6.572778,83.84154,1,fair,NA,2022
AIMS,2022-04-28T20:30:00Z,STIC03,STIC,20220419-20220701,SW,21038950,20666.8,6.471111,81.03271,1,fair,NA,2022
AIMS,2022-04-28T20:45:00Z,STIC03,STIC,20220419-20220701,SW,21038950,20666.8,6.37,81.03271,1,fair,NA,2022
AIMS,2022-04-28T21:00:00Z,STIC03,STIC,20220419-20220701,SW,21038950,20666.8,6.267778,81.03271,1,fair,NA,2022
AIMS,2022-04-28T21:15:00Z,STIC03,STIC,20220419-20220701,SW,21038950,20666.8,6.166111,81.03271,1,fair,NA,2022
AIMS,2022-04-28T21:30:00Z,STIC03,STIC,20220419-20220701,SW,21038950,20666.8,6.063889,81.03271,1,fair,NA,2022
AIMS,2022-04-28T21:45:00Z,STIC03,STIC,20220419-20220701,SW,21038950,20666.8,5.962222,81.03271,1,fair,NA,2022
AIMS,2022-04-28T22:00:00Z,STIC03,STIC,20220419-20220701,SW,21038950,20666.8,5.962222,81.03271,1,fair,NA,2022
AIMS,2022-04-28T22:15:00Z,STIC03,STIC,20220419-20220701,SW,21038950,20666.8,5.86,81.03271,1,fair,NA,2022
AIMS,2022-04-28T22:30:00Z,STIC03,STIC,20220419-20220701,SW,21038950,20666.8,5.757222,81.03271,1,fair,NA,2022
AIMS,2022-04-28T22:45:00Z,STIC03,STIC,20220419-20220701,SW,21038950,20666.8,5.655,81.03271,1,fair,NA,2022
AIMS,2022-04-28T23:00:00Z,STIC03,STIC,20220419-20220701,SW,21038950,20666.8,5.552222,81.03271,1,fair,NA,2022
AIMS,2022-04-28T23:15:00Z,STIC03,STIC,20220419-20220701,SW,21038950,20666.8,5.45,81.03271,1,fair,NA,2022
AIMS,2022-04-28T23:30:00Z,STIC03,STIC,20220419-20220701,SW,21038950,20666.8,5.45,81.03271,1,fair,NA,2022
AIMS,2022-04-28T23:45:00Z,STIC03,STIC,20220419-20220701,SW,21038950,20666.8,5.347222,81.03271,1,fair,NA,2022
AIMS,2022-04-29T00:00:00Z,STIC03,STIC,20220419-20220701,SW,21038950,20666.8,5.243889,81.03271,1,fair,NA,2022
AIMS,2022-04-29T00:15:00Z,STIC03,STIC,20220419-20220701,SW,21038950,20666.8,5.141111,81.03271,1,fair,NA,2022
AIMS,2022-04-29T00:30:00Z,STIC03,STIC,20220419-20220701,SW,21038950,19977.9,5.037222,78.22389,1,fair,NA,2022
AIMS,2022-04-29T00:45:00Z,STIC03,STIC,20220419-20220701,SW,21038950,20666.8,4.933889,81.03271,1,fair,NA,2022
AIMS,2022-04-29T01:00:00Z,STIC03,STIC,20220419-20220701,SW,21038950,19977.9,4.831111,78.22389,1,fair,NA,2022
AIMS,2022-04-29T01:15:00Z,STIC03,STIC,20220419-20220701,SW,21038950,19977.9,4.831111,78.22389,1,fair,NA,2022
AIMS,2022-04-29T01:30:00Z,STIC03,STIC,20220419-20220701,SW,21038950,19977.9,4.727222,78.22389,1,fair,NA,2022
AIMS,2022-04-29T01:45:00Z,STIC03,STIC,20220419-20220701,SW,21038950,19977.9,4.622778,78.22389,1,fair,NA,2022
AIMS,2022-04-29T02:00:00Z,STIC03,STIC,20220419-20220701,SW,21038950,19977.9,4.622778,78.22389,1,fair,NA,2022
AIMS,2022-04-29T02:15:00Z,STIC03,STIC,20220419-20220701,SW,21038950,19977.9,4.518889,78.22389,1,fair,NA,2022
AIMS,2022-04-29T02:30:00Z,STIC03,STIC,20220419-20220701,SW,21038950,19977.9,4.415,78.22389,1,fair,NA,2022
AIMS,2022-04-29T02:45:00Z,STIC03,STIC,20220419-20220701,SW,21038950,19977.9,4.415,78.22389,1,fair,NA,2022
AIMS,2022-04-29T03:00:00Z,STIC03,STIC,20220419-20220701,SW,21038950,19977.9,4.311111,78.22389,1,fair,NA,2022
AIMS,2022-04-29T03:15:00Z,STIC03,STIC,20220419-20220701,SW,21038950,19977.9,4.311111,78.22389,1,fair,NA,2022
AIMS,2022-04-29T03:30:00Z,STIC03,STIC,20220419-20220701,SW,21038950,19289,4.207222,75.41507,1,fair,NA,2022
AIMS,2022-04-29T03:45:00Z,STIC03,STIC,20220419-20220701,SW,21038950,19289,4.207222,75.41507,1,fair,NA,2022
AIMS,2022-04-29T04:00:00Z,STIC03,STIC,20220419-20220701,SW,21038950,19289,4.207222,75.41507,1,fair,NA,2022
AIMS,2022-04-29T04:15:00Z,STIC03,STIC,20220419-20220701,SW,21038950,19289,4.102222,75.41507,1,fair,NA,2022
AIMS,2022-04-29T04:30:00Z,STIC03,STIC,20220419-20220701,SW,21038950,19289,4.102222,75.41507,1,fair,NA,2022
AIMS,2022-04-29T04:45:00Z,STIC03,STIC,20220419-20220701,SW,21038950,19289,4.102222,75.41507,1,fair,NA,2022
AIMS,2022-04-29T05:00:00Z,STIC03,STIC,20220419-20220701,SW,21038950,19289,4.102222,75.41507,1,fair,NA,2022
AIMS,2022-04-29T05:15:00Z,STIC03,STIC,20220419-20220701,SW,21038950,19289,3.997778,75.41507,1,fair,NA,2022
AIMS,2022-04-29T05:30:00Z,STIC03,STIC,20220419-20220701,SW,21038950,19289,3.997778,75.41507,1,fair,NA,2022
AIMS,2022-04-29T05:45:00Z,STIC03,STIC,20220419-20220701,SW,21038950,19289,3.997778,75.41507,1,fair,NA,2022
AIMS,2022-04-29T06:00:00Z,STIC03,STIC,20220419-20220701,SW,21038950,19289,3.997778,75.41507,1,fair,NA,2022
AIMS,2022-04-29T06:15:00Z,STIC03,STIC,20220419-20220701,SW,21038950,19289,3.892778,75.41507,1,fair,NA,2022
AIMS,2022-04-29T06:30:00Z,STIC03,STIC,20220419-20220701,SW,21038950,19289,3.892778,75.41507,1,fair,NA,2022
AIMS,2022-04-29T06:45:00Z,STIC03,STIC,20220419-20220701,SW,21038950,19289,3.787778,75.41507,1,fair,NA,2022
AIMS,2022-04-29T07:00:00Z,STIC03,STIC,20220419-20220701,SW,21038950,19289,3.682778,75.41507,1,fair,NA,2022
AIMS,2022-04-29T07:15:00Z,STIC03,STIC,20220419-20220701,SW,21038950,18600.1,3.577778,72.60625,1,fair,NA,2022
AIMS,2022-04-29T07:30:00Z,STIC03,STIC,20220419-20220701,SW,21038950,18600.1,3.577778,72.60625,1,fair,NA,2022
AIMS,2022-04-29T07:45:00Z,STIC03,STIC,20220419-20220701,SW,21038950,18600.1,3.472222,72.60625,1,fair,NA,2022
AIMS,2022-04-29T08:00:00Z,STIC03,STIC,20220419-20220701,SW,21038950,18600.1,3.472222,72.60625,1,fair,NA,2022
AIMS,2022-04-29T08:15:00Z,STIC03,STIC,20220419-20220701,SW,21038950,18600.1,3.472222,72.60625,1,fair,NA,2022
AIMS,2022-04-29T08:30:00Z,STIC03,STIC,20220419-20220701,SW,21038950,18600.1,3.472222,72.60625,1,fair,NA,2022
AIMS,2022-04-29T08:45:00Z,STIC03,STIC,20220419-20220701,SW,21038950,18600.1,3.472222,72.60625,1,fair,NA,2022
AIMS,2022-04-29T09:00:00Z,STIC03,STIC,20220419-20220701,SW,21038950,18600.1,3.577778,72.60625,1,fair,NA,2022
AIMS,2022-04-29T09:15:00Z,STIC03,STIC,20220419-20220701,SW,21038950,18600.1,3.682778,72.60625,1,fair,NA,2022
AIMS,2022-04-29T09:30:00Z,STIC03,STIC,20220419-20220701,SW,21038950,18600.1,3.682778,72.60625,1,fair,NA,2022
AIMS,2022-04-29T09:45:00Z,STIC03,STIC,20220419-20220701,SW,21038950,18600.1,3.787778,72.60625,1,fair,NA,2022
AIMS,2022-04-29T10:00:00Z,STIC03,STIC,20220419-20220701,SW,21038950,18600.1,3.892778,72.60625,1,fair,NA,2022
AIMS,2022-04-29T10:15:00Z,STIC03,STIC,20220419-20220701,SW,21038950,18600.1,3.892778,72.60625,1,fair,NA,2022
AIMS,2022-04-29T10:30:00Z,STIC03,STIC,20220419-20220701,SW,21038950,18600.1,3.997778,72.60625,1,fair,NA,2022
AIMS,2022-04-29T10:45:00Z,STIC03,STIC,20220419-20220701,SW,21038950,18600.1,4.102222,72.60625,1,fair,NA,2022
AIMS,2022-04-29T11:00:00Z,STIC03,STIC,20220419-20220701,SW,21038950,18600.1,4.102222,72.60625,1,fair,NA,2022
AIMS,2022-04-29T11:15:00Z,STIC03,STIC,20220419-20220701,SW,21038950,18600.1,4.207222,72.60625,1,fair,NA,2022
AIMS,2022-04-29T11:30:00Z,STIC03,STIC,20220419-20220701,SW,21038950,18600.1,4.311111,72.60625,1,fair,NA,2022
AIMS,2022-04-29T11:45:00Z,STIC03,STIC,20220419-20220701,SW,21038950,18600.1,4.415,72.60625,1,fair,NA,2022
AIMS,2022-04-29T12:00:00Z,STIC03,STIC,20220419-20220701,SW,21038950,19289,4.518889,75.41507,1,fair,NA,2022
AIMS,2022-04-29T12:15:00Z,STIC03,STIC,20220419-20220701,SW,21038950,19289,4.622778,75.41507,1,fair,NA,2022
AIMS,2022-04-29T12:30:00Z,STIC03,STIC,20220419-20220701,SW,21038950,19289,4.622778,75.41507,1,fair,NA,2022
AIMS,2022-04-29T12:45:00Z,STIC03,STIC,20220419-20220701,SW,21038950,19289,4.727222,75.41507,1,fair,NA,2022
AIMS,2022-04-29T13:00:00Z,STIC03,STIC,20220419-20220701,SW,21038950,19289,4.831111,75.41507,1,fair,NA,2022
AIMS,2022-04-29T13:15:00Z,STIC03,STIC,20220419-20220701,SW,21038950,19289,5.037222,75.41507,1,fair,NA,2022
AIMS,2022-04-29T13:30:00Z,STIC03,STIC,20220419-20220701,SW,21038950,19289,5.243889,75.41507,1,fair,NA,2022
AIMS,2022-04-29T13:45:00Z,STIC03,STIC,20220419-20220701,SW,21038950,19289,5.552222,75.41507,1,fair,NA,2022
AIMS,2022-04-29T14:00:00Z,STIC03,STIC,20220419-20220701,SW,21038950,19977.9,5.757222,78.22389,1,fair,NA,2022
AIMS,2022-04-29T14:15:00Z,STIC03,STIC,20220419-20220701,SW,21038950,19977.9,5.962222,78.22389,1,fair,NA,2022
AIMS,2022-04-29T14:30:00Z,STIC03,STIC,20220419-20220701,SW,21038950,19977.9,6.063889,78.22389,1,fair,NA,2022
AIMS,2022-04-29T14:45:00Z,STIC03,STIC,20220419-20220701,SW,21038950,20666.8,6.267778,81.03271,1,fair,NA,2022
AIMS,2022-04-29T15:00:00Z,STIC03,STIC,20220419-20220701,SW,21038950,20666.8,6.471111,81.03271,1,fair,NA,2022
AIMS,2022-04-29T15:15:00Z,STIC03,STIC,20220419-20220701,SW,21038950,20666.8,6.673889,81.03271,1,fair,NA,2022
AIMS,2022-04-29T15:30:00Z,STIC03,STIC,20220419-20220701,SW,21038950,20666.8,6.775,81.03271,1,fair,NA,2022
AIMS,2022-04-29T15:45:00Z,STIC03,STIC,20220419-20220701,SW,21038950,20666.8,6.775,81.03271,1,fair,NA,2022
AIMS,2022-04-29T16:00:00Z,STIC03,STIC,20220419-20220701,SW,21038950,20666.8,6.775,81.03271,1,fair,NA,2022
AIMS,2022-04-29T16:15:00Z,STIC03,STIC,20220419-20220701,SW,21038950,20666.8,6.673889,81.03271,1,fair,NA,2022
AIMS,2022-04-29T16:30:00Z,STIC03,STIC,20220419-20220701,SW,21038950,20666.8,6.673889,81.03271,1,fair,NA,2022
AIMS,2022-04-29T16:45:00Z,STIC03,STIC,20220419-20220701,SW,21038950,20666.8,6.673889,81.03271,1,fair,NA,2022
AIMS,2022-04-29T17:00:00Z,STIC03,STIC,20220419-20220701,SW,21038950,20666.8,6.673889,81.03271,1,fair,NA,2022
AIMS,2022-04-29T17:15:00Z,STIC03,STIC,20220419-20220701,SW,21038950,20666.8,6.775,81.03271,1,fair,NA,2022
AIMS,2022-04-29T17:30:00Z,STIC03,STIC,20220419-20220701,SW,21038950,20666.8,6.673889,81.03271,1,fair,NA,2022
AIMS,2022-04-29T17:45:00Z,STIC03,STIC,20220419-20220701,SW,21038950,20666.8,6.673889,81.03271,1,fair,NA,2022
AIMS,2022-04-29T18:00:00Z,STIC03,STIC,20220419-20220701,SW,21038950,20666.8,6.572778,81.03271,1,fair,NA,2022
AIMS,2022-04-29T18:15:00Z,STIC03,STIC,20220419-20220701,SW,21038950,20666.8,6.471111,81.03271,1,fair,NA,2022
AIMS,2022-04-29T18:30:00Z,STIC03,STIC,20220419-20220701,SW,21038950,20666.8,6.471111,81.03271,1,fair,NA,2022
AIMS,2022-04-29T18:45:00Z,STIC03,STIC,20220419-20220701,SW,21038950,20666.8,6.37,81.03271,1,fair,NA,2022
AIMS,2022-04-29T19:00:00Z,STIC03,STIC,20220419-20220701,SW,21038950,20666.8,6.267778,81.03271,1,fair,NA,2022
AIMS,2022-04-29T19:15:00Z,STIC03,STIC,20220419-20220701,SW,21038950,20666.8,6.166111,81.03271,1,fair,NA,2022
AIMS,2022-04-29T19:30:00Z,STIC03,STIC,20220419-20220701,SW,21038950,20666.8,6.063889,81.03271,1,fair,NA,2022
AIMS,2022-04-29T19:45:00Z,STIC03,STIC,20220419-20220701,SW,21038950,20666.8,5.962222,81.03271,1,fair,NA,2022
AIMS,2022-04-29T20:00:00Z,STIC03,STIC,20220419-20220701,SW,21038950,20666.8,5.86,81.03271,1,fair,NA,2022
AIMS,2022-04-29T20:15:00Z,STIC03,STIC,20220419-20220701,SW,21038950,19977.9,5.757222,78.22389,1,fair,NA,2022
AIMS,2022-04-29T20:30:00Z,STIC03,STIC,20220419-20220701,SW,21038950,19977.9,5.655,78.22389,1,fair,NA,2022
AIMS,2022-04-29T20:45:00Z,STIC03,STIC,20220419-20220701,SW,21038950,19977.9,5.45,78.22389,1,fair,NA,2022
AIMS,2022-04-29T21:00:00Z,STIC03,STIC,20220419-20220701,SW,21038950,19977.9,5.347222,78.22389,1,fair,NA,2022
AIMS,2022-04-29T21:15:00Z,STIC03,STIC,20220419-20220701,SW,21038950,19977.9,5.141111,78.22389,1,fair,NA,2022
AIMS,2022-04-29T21:30:00Z,STIC03,STIC,20220419-20220701,SW,21038950,19977.9,5.037222,78.22389,1,fair,NA,2022
AIMS,2022-04-29T21:45:00Z,STIC03,STIC,20220419-20220701,SW,21038950,19977.9,4.933889,78.22389,1,fair,NA,2022
AIMS,2022-04-29T22:00:00Z,STIC03,STIC,20220419-20220701,SW,21038950,19977.9,4.831111,78.22389,1,fair,NA,2022
AIMS,2022-04-29T22:15:00Z,STIC03,STIC,20220419-20220701,SW,21038950,19289,4.727222,75.41507,1,fair,NA,2022
AIMS,2022-04-29T22:30:00Z,STIC03,STIC,20220419-20220701,SW,21038950,19289,4.622778,75.41507,1,fair,NA,2022
AIMS,2022-04-29T22:45:00Z,STIC03,STIC,20220419-20220701,SW,21038950,19289,4.415,75.41507,1,fair,NA,2022
AIMS,2022-04-29T23:00:00Z,STIC03,STIC,20220419-20220701,SW,21038950,19289,4.415,75.41507,1,fair,NA,2022
AIMS,2022-04-29T23:15:00Z,STIC03,STIC,20220419-20220701,SW,21038950,19289,4.311111,75.41507,1,fair,NA,2022
AIMS,2022-04-29T23:30:00Z,STIC03,STIC,20220419-20220701,SW,21038950,19289,4.207222,75.41507,1,fair,NA,2022
AIMS,2022-04-29T23:45:00Z,STIC03,STIC,20220419-20220701,SW,21038950,19289,4.102222,75.41507,1,fair,NA,2022
AIMS,2022-04-30T00:00:00Z,STIC03,STIC,20220419-20220701,SW,21038950,18600.1,3.997778,72.60625,1,fair,NA,2022
AIMS,2022-04-30T00:15:00Z,STIC03,STIC,20220419-20220701,SW,21038950,18600.1,3.997778,72.60625,1,fair,NA,2022
AIMS,2022-04-30T00:30:00Z,STIC03,STIC,20220419-20220701,SW,21038950,18600.1,3.892778,72.60625,1,fair,NA,2022
AIMS,2022-04-30T00:45:00Z,STIC03,STIC,20220419-20220701,SW,21038950,18600.1,3.787778,72.60625,1,fair,NA,2022
AIMS,2022-04-30T01:00:00Z,STIC03,STIC,20220419-20220701,SW,21038950,18600.1,3.787778,72.60625,1,fair,NA,2022
AIMS,2022-04-30T01:15:00Z,STIC03,STIC,20220419-20220701,SW,21038950,18600.1,3.682778,72.60625,1,fair,NA,2022
AIMS,2022-04-30T01:30:00Z,STIC03,STIC,20220419-20220701,SW,21038950,18600.1,3.682778,72.60625,1,fair,NA,2022
AIMS,2022-04-30T01:45:00Z,STIC03,STIC,20220419-20220701,SW,21038950,18600.1,3.577778,72.60625,1,fair,NA,2022
AIMS,2022-04-30T02:00:00Z,STIC03,STIC,20220419-20220701,SW,21038950,18600.1,3.577778,72.60625,1,fair,NA,2022
AIMS,2022-04-30T02:15:00Z,STIC03,STIC,20220419-20220701,SW,21038950,18600.1,3.577778,72.60625,1,fair,NA,2022
AIMS,2022-04-30T02:30:00Z,STIC03,STIC,20220419-20220701,SW,21038950,18600.1,3.472222,72.60625,1,fair,NA,2022
AIMS,2022-04-30T02:45:00Z,STIC03,STIC,20220419-20220701,SW,21038950,18600.1,3.472222,72.60625,1,fair,NA,2022
AIMS,2022-04-30T03:00:00Z,STIC03,STIC,20220419-20220701,SW,21038950,18600.1,3.367222,72.60625,1,fair,NA,2022
AIMS,2022-04-30T03:15:00Z,STIC03,STIC,20220419-20220701,SW,21038950,18600.1,3.367222,72.60625,1,fair,NA,2022
AIMS,2022-04-30T03:30:00Z,STIC03,STIC,20220419-20220701,SW,21038950,18600.1,3.367222,72.60625,1,fair,NA,2022
AIMS,2022-04-30T03:45:00Z,STIC03,STIC,20220419-20220701,SW,21038950,18600.1,3.261111,72.60625,1,fair,NA,2022
AIMS,2022-04-30T04:00:00Z,STIC03,STIC,20220419-20220701,SW,21038950,18600.1,3.261111,72.60625,1,fair,NA,2022
AIMS,2022-04-30T04:15:00Z,STIC03,STIC,20220419-20220701,SW,21038950,18600.1,3.261111,72.60625,1,fair,NA,2022
AIMS,2022-04-30T04:30:00Z,STIC03,STIC,20220419-20220701,SW,21038950,18600.1,3.155,72.60625,1,fair,NA,2022
AIMS,2022-04-30T04:45:00Z,STIC03,STIC,20220419-20220701,SW,21038950,18600.1,3.155,72.60625,1,fair,NA,2022
AIMS,2022-04-30T05:00:00Z,STIC03,STIC,20220419-20220701,SW,21038950,18600.1,3.155,72.60625,1,fair,NA,2022
AIMS,2022-04-30T05:15:00Z,STIC03,STIC,20220419-20220701,SW,21038950,18600.1,3.048889,72.60625,1,fair,NA,2022
AIMS,2022-04-30T05:30:00Z,STIC03,STIC,20220419-20220701,SW,21038950,18600.1,3.048889,72.60625,1,fair,NA,2022
AIMS,2022-04-30T05:45:00Z,STIC03,STIC,20220419-20220701,SW,21038950,17911.2,3.048889,69.79742,1,fair,NA,2022
AIMS,2022-04-30T06:00:00Z,STIC03,STIC,20220419-20220701,SW,21038950,17911.2,3.048889,69.79742,1,fair,NA,2022
AIMS,2022-04-30T06:15:00Z,STIC03,STIC,20220419-20220701,SW,21038950,17911.2,2.942778,69.79742,1,fair,NA,2022
AIMS,2022-04-30T06:30:00Z,STIC03,STIC,20220419-20220701,SW,21038950,17911.2,2.942778,69.79742,1,fair,NA,2022
AIMS,2022-04-30T06:45:00Z,STIC03,STIC,20220419-20220701,SW,21038950,18600.1,2.942778,72.60625,1,fair,NA,2022
AIMS,2022-04-30T07:00:00Z,STIC03,STIC,20220419-20220701,SW,21038950,18600.1,2.942778,72.60625,1,fair,NA,2022
AIMS,2022-04-30T07:15:00Z,STIC03,STIC,20220419-20220701,SW,21038950,18600.1,2.942778,72.60625,1,fair,NA,2022
AIMS,2022-04-30T07:30:00Z,STIC03,STIC,20220419-20220701,SW,21038950,18600.1,2.942778,72.60625,1,fair,NA,2022
AIMS,2022-04-30T07:45:00Z,STIC03,STIC,20220419-20220701,SW,21038950,18600.1,2.942778,72.60625,1,fair,NA,2022
AIMS,2022-04-30T08:00:00Z,STIC03,STIC,20220419-20220701,SW,21038950,18600.1,3.048889,72.60625,1,fair,NA,2022
AIMS,2022-04-30T08:15:00Z,STIC03,STIC,20220419-20220701,SW,21038950,18600.1,3.048889,72.60625,1,fair,NA,2022
AIMS,2022-04-30T08:30:00Z,STIC03,STIC,20220419-20220701,SW,21038950,18600.1,3.155,72.60625,1,fair,NA,2022
AIMS,2022-04-30T08:45:00Z,STIC03,STIC,20220419-20220701,SW,21038950,18600.1,3.155,72.60625,1,fair,NA,2022
AIMS,2022-04-30T09:00:00Z,STIC03,STIC,20220419-20220701,SW,21038950,18600.1,3.261111,72.60625,1,fair,NA,2022
AIMS,2022-04-30T09:15:00Z,STIC03,STIC,20220419-20220701,SW,21038950,18600.1,3.367222,72.60625,1,fair,NA,2022
AIMS,2022-04-30T09:30:00Z,STIC03,STIC,20220419-20220701,SW,21038950,18600.1,3.472222,72.60625,1,fair,NA,2022
AIMS,2022-04-30T09:45:00Z,STIC03,STIC,20220419-20220701,SW,21038950,18600.1,3.682778,72.60625,1,fair,NA,2022
AIMS,2022-04-30T10:00:00Z,STIC03,STIC,20220419-20220701,SW,21038950,18600.1,3.787778,72.60625,1,fair,NA,2022
AIMS,2022-04-30T10:15:00Z,STIC03,STIC,20220419-20220701,SW,21038950,18600.1,3.997778,72.60625,1,fair,NA,2022
AIMS,2022-04-30T10:30:00Z,STIC03,STIC,20220419-20220701,SW,21038950,18600.1,4.207222,72.60625,1,fair,NA,2022
AIMS,2022-04-30T10:45:00Z,STIC03,STIC,20220419-20220701,SW,21038950,18600.1,4.415,72.60625,1,fair,NA,2022
AIMS,2022-04-30T11:00:00Z,STIC03,STIC,20220419-20220701,SW,21038950,18600.1,4.727222,72.60625,1,fair,NA,2022
AIMS,2022-04-30T11:15:00Z,STIC03,STIC,20220419-20220701,SW,21038950,18600.1,4.933889,72.60625,1,fair,NA,2022
AIMS,2022-04-30T11:30:00Z,STIC03,STIC,20220419-20220701,SW,21038950,18600.1,5.141111,72.60625,1,fair,NA,2022
AIMS,2022-04-30T11:45:00Z,STIC03,STIC,20220419-20220701,SW,21038950,19289,5.45,75.41507,1,fair,NA,2022
AIMS,2022-04-30T12:00:00Z,STIC03,STIC,20220419-20220701,SW,21038950,19289,5.757222,75.41507,1,fair,NA,2022
AIMS,2022-04-30T12:15:00Z,STIC03,STIC,20220419-20220701,SW,21038950,19289,5.962222,75.41507,1,fair,NA,2022
AIMS,2022-04-30T12:30:00Z,STIC03,STIC,20220419-20220701,SW,21038950,19977.9,6.267778,78.22389,1,fair,NA,2022
AIMS,2022-04-30T12:45:00Z,STIC03,STIC,20220419-20220701,SW,21038950,19977.9,6.572778,78.22389,1,fair,NA,2022
AIMS,2022-04-30T13:00:00Z,STIC03,STIC,20220419-20220701,SW,21038950,19977.9,6.775,78.22389,1,fair,NA,2022
AIMS,2022-04-30T13:15:00Z,STIC03,STIC,20220419-20220701,SW,21038950,20666.8,7.078889,81.03271,1,fair,NA,2022
AIMS,2022-04-30T13:30:00Z,STIC03,STIC,20220419-20220701,SW,21038950,20666.8,7.28,81.03271,1,fair,NA,2022
AIMS,2022-04-30T13:45:00Z,STIC03,STIC,20220419-20220701,SW,21038950,20666.8,7.481111,81.03271,1,fair,NA,2022
AIMS,2022-04-30T14:00:00Z,STIC03,STIC,20220419-20220701,SW,21038950,20666.8,7.782222,81.03271,1,fair,NA,2022
AIMS,2022-04-30T14:15:00Z,STIC03,STIC,20220419-20220701,SW,21038950,20666.8,7.982778,81.03271,1,fair,NA,2022
AIMS,2022-04-30T14:30:00Z,STIC03,STIC,20220419-20220701,SW,21038950,20666.8,8.082222,81.03271,1,fair,NA,2022
AIMS,2022-04-30T14:45:00Z,STIC03,STIC,20220419-20220701,SW,21038950,21355.7,8.182222,83.84154,1,fair,NA,2022
AIMS,2022-04-30T15:00:00Z,STIC03,STIC,20220419-20220701,SW,21038950,22044.6,8.282222,86.65036,1,fair,NA,2022
AIMS,2022-04-30T15:15:00Z,STIC03,STIC,20220419-20220701,SW,21038950,22044.6,8.382222,86.65036,1,fair,NA,2022
AIMS,2022-04-30T15:30:00Z,STIC03,STIC,20220419-20220701,SW,21038950,22044.6,8.382222,86.65036,1,fair,NA,2022
AIMS,2022-04-30T15:45:00Z,STIC03,STIC,20220419-20220701,SW,21038950,22044.6,8.382222,86.65036,1,fair,NA,2022
AIMS,2022-04-30T16:00:00Z,STIC03,STIC,20220419-20220701,SW,21038950,22044.6,8.382222,86.65036,1,fair,NA,2022
AIMS,2022-04-30T16:15:00Z,STIC03,STIC,20220419-20220701,SW,21038950,22044.6,8.481111,86.65036,1,fair,NA,2022
AIMS,2022-04-30T16:30:00Z,STIC03,STIC,20220419-20220701,SW,21038950,22044.6,8.382222,86.65036,1,fair,NA,2022
AIMS,2022-04-30T16:45:00Z,STIC03,STIC,20220419-20220701,SW,21038950,22044.6,8.382222,86.65036,1,fair,NA,2022
AIMS,2022-04-30T17:00:00Z,STIC03,STIC,20220419-20220701,SW,21038950,22044.6,8.382222,86.65036,1,fair,NA,2022
AIMS,2022-04-30T17:15:00Z,STIC03,STIC,20220419-20220701,SW,21038950,22044.6,8.282222,86.65036,1,fair,NA,2022
AIMS,2022-04-30T17:30:00Z,STIC03,STIC,20220419-20220701,SW,21038950,22044.6,8.282222,86.65036,1,fair,NA,2022
AIMS,2022-04-30T17:45:00Z,STIC03,STIC,20220419-20220701,SW,21038950,22044.6,8.182222,86.65036,1,fair,NA,2022
AIMS,2022-04-30T18:00:00Z,STIC03,STIC,20220419-20220701,SW,21038950,22044.6,8.182222,86.65036,1,fair,NA,2022
AIMS,2022-04-30T18:15:00Z,STIC03,STIC,20220419-20220701,SW,21038950,22044.6,8.082222,86.65036,1,fair,NA,2022
AIMS,2022-04-30T18:30:00Z,STIC03,STIC,20220419-20220701,SW,21038950,22044.6,7.982778,86.65036,1,fair,NA,2022
AIMS,2022-04-30T18:45:00Z,STIC03,STIC,20220419-20220701,SW,21038950,22044.6,7.882222,86.65036,1,fair,NA,2022
AIMS,2022-04-30T19:00:00Z,STIC03,STIC,20220419-20220701,SW,21038950,22044.6,7.782222,86.65036,1,fair,NA,2022
AIMS,2022-04-30T19:15:00Z,STIC03,STIC,20220419-20220701,SW,21038950,22044.6,7.682222,86.65036,1,fair,NA,2022
AIMS,2022-04-30T19:30:00Z,STIC03,STIC,20220419-20220701,SW,21038950,22044.6,7.582222,86.65036,1,fair,NA,2022
AIMS,2022-04-30T19:45:00Z,STIC03,STIC,20220419-20220701,SW,21038950,22044.6,7.481111,86.65036,1,fair,NA,2022
AIMS,2022-04-30T20:00:00Z,STIC03,STIC,20220419-20220701,SW,21038950,22044.6,7.381111,86.65036,1,fair,NA,2022
AIMS,2022-04-30T20:15:00Z,STIC03,STIC,20220419-20220701,SW,21038950,22044.6,7.28,86.65036,1,fair,NA,2022
AIMS,2022-04-30T20:30:00Z,STIC03,STIC,20220419-20220701,SW,21038950,22044.6,7.178889,86.65036,1,fair,NA,2022
AIMS,2022-04-30T20:45:00Z,STIC03,STIC,20220419-20220701,SW,21038950,22044.6,7.078889,86.65036,1,fair,NA,2022
AIMS,2022-04-30T21:00:00Z,STIC03,STIC,20220419-20220701,SW,21038950,21355.7,6.877222,83.84154,1,fair,NA,2022
AIMS,2022-04-30T21:15:00Z,STIC03,STIC,20220419-20220701,SW,21038950,21355.7,6.775,83.84154,1,fair,NA,2022
AIMS,2022-04-30T21:30:00Z,STIC03,STIC,20220419-20220701,SW,21038950,21355.7,6.673889,83.84154,1,fair,NA,2022
AIMS,2022-04-30T21:45:00Z,STIC03,STIC,20220419-20220701,SW,21038950,21355.7,6.572778,83.84154,1,fair,NA,2022
AIMS,2022-04-30T22:00:00Z,STIC03,STIC,20220419-20220701,SW,21038950,20666.8,6.471111,81.03271,1,fair,NA,2022
AIMS,2022-04-30T22:15:00Z,STIC03,STIC,20220419-20220701,SW,21038950,20666.8,6.471111,81.03271,1,fair,NA,2022
AIMS,2022-04-30T22:30:00Z,STIC03,STIC,20220419-20220701,SW,21038950,20666.8,6.37,81.03271,1,fair,NA,2022
AIMS,2022-04-30T22:45:00Z,STIC03,STIC,20220419-20220701,SW,21038950,20666.8,6.267778,81.03271,1,fair,NA,2022
AIMS,2022-04-30T23:00:00Z,STIC03,STIC,20220419-20220701,SW,21038950,20666.8,6.267778,81.03271,1,fair,NA,2022
AIMS,2022-04-30T23:15:00Z,STIC03,STIC,20220419-20220701,SW,21038950,20666.8,6.166111,81.03271,1,fair,NA,2022
AIMS,2022-04-30T23:30:00Z,STIC03,STIC,20220419-20220701,SW,21038950,20666.8,6.063889,81.03271,1,fair,NA,2022
AIMS,2022-04-30T23:45:00Z,STIC03,STIC,20220419-20220701,SW,21038950,20666.8,5.962222,81.03271,1,fair,NA,2022
AIMS,2022-05-01T00:00:00Z,STIC03,STIC,20220419-20220701,SW,21038950,20666.8,5.86,81.03271,1,fair,NA,2022
AIMS,2022-05-01T00:15:00Z,STIC03,STIC,20220419-20220701,SW,21038950,20666.8,5.86,81.03271,1,fair,NA,2022
AIMS,2022-05-01T00:30:00Z,STIC03,STIC,20220419-20220701,SW,21038950,20666.8,5.757222,81.03271,1,fair,NA,2022
AIMS,2022-05-01T00:45:00Z,STIC03,STIC,20220419-20220701,SW,21038950,20666.8,5.757222,81.03271,1,fair,NA,2022
AIMS,2022-05-01T01:00:00Z,STIC03,STIC,20220419-20220701,SW,21038950,20666.8,5.655,81.03271,1,fair,NA,2022
AIMS,2022-05-01T01:15:00Z,STIC03,STIC,20220419-20220701,SW,21038950,20666.8,5.552222,81.03271,1,fair,NA,2022
AIMS,2022-05-01T01:30:00Z,STIC03,STIC,20220419-20220701,SW,21038950,20666.8,5.45,81.03271,1,fair,NA,2022
AIMS,2022-05-01T01:45:00Z,STIC03,STIC,20220419-20220701,SW,21038950,20666.8,5.45,81.03271,1,fair,NA,2022
AIMS,2022-05-01T02:00:00Z,STIC03,STIC,20220419-20220701,SW,21038950,20666.8,5.347222,81.03271,1,fair,NA,2022
AIMS,2022-05-01T02:15:00Z,STIC03,STIC,20220419-20220701,SW,21038950,20666.8,5.243889,81.03271,1,fair,NA,2022
AIMS,2022-05-01T02:30:00Z,STIC03,STIC,20220419-20220701,SW,21038950,20666.8,5.243889,81.03271,1,fair,NA,2022
AIMS,2022-05-01T02:45:00Z,STIC03,STIC,20220419-20220701,SW,21038950,20666.8,5.141111,81.03271,1,fair,NA,2022
AIMS,2022-05-01T03:00:00Z,STIC03,STIC,20220419-20220701,SW,21038950,19977.9,5.141111,78.22389,1,fair,NA,2022
AIMS,2022-05-01T03:15:00Z,STIC03,STIC,20220419-20220701,SW,21038950,19977.9,5.141111,78.22389,1,fair,NA,2022
AIMS,2022-05-01T03:30:00Z,STIC03,STIC,20220419-20220701,SW,21038950,19977.9,5.141111,78.22389,1,fair,NA,2022
AIMS,2022-05-01T03:45:00Z,STIC03,STIC,20220419-20220701,SW,21038950,19977.9,5.037222,78.22389,1,fair,NA,2022
AIMS,2022-05-01T04:00:00Z,STIC03,STIC,20220419-20220701,SW,21038950,19977.9,5.037222,78.22389,1,fair,NA,2022
AIMS,2022-05-01T04:15:00Z,STIC03,STIC,20220419-20220701,SW,21038950,19977.9,5.037222,78.22389,1,fair,NA,2022
AIMS,2022-05-01T04:30:00Z,STIC03,STIC,20220419-20220701,SW,21038950,19977.9,5.141111,78.22389,1,fair,NA,2022
AIMS,2022-05-01T04:45:00Z,STIC03,STIC,20220419-20220701,SW,21038950,19977.9,5.141111,78.22389,1,fair,NA,2022
AIMS,2022-05-01T05:00:00Z,STIC03,STIC,20220419-20220701,SW,21038950,19977.9,5.141111,78.22389,1,fair,NA,2022
AIMS,2022-05-01T05:15:00Z,STIC03,STIC,20220419-20220701,SW,21038950,20666.8,5.141111,81.03271,1,fair,NA,2022
AIMS,2022-05-01T05:30:00Z,STIC03,STIC,20220419-20220701,SW,21038950,19977.9,5.141111,78.22389,1,fair,NA,2022
AIMS,2022-05-01T05:45:00Z,STIC03,STIC,20220419-20220701,SW,21038950,19977.9,5.141111,78.22389,1,fair,NA,2022
AIMS,2022-05-01T06:00:00Z,STIC03,STIC,20220419-20220701,SW,21038950,19977.9,5.141111,78.22389,1,fair,NA,2022
AIMS,2022-05-01T06:15:00Z,STIC03,STIC,20220419-20220701,SW,21038950,19977.9,5.141111,78.22389,1,fair,NA,2022
AIMS,2022-05-01T06:30:00Z,STIC03,STIC,20220419-20220701,SW,21038950,19977.9,5.141111,78.22389,1,fair,NA,2022
AIMS,2022-05-01T06:45:00Z,STIC03,STIC,20220419-20220701,SW,21038950,19977.9,5.141111,78.22389,1,fair,NA,2022
AIMS,2022-05-01T07:00:00Z,STIC03,STIC,20220419-20220701,SW,21038950,19977.9,5.141111,78.22389,1,fair,NA,2022
AIMS,2022-05-01T07:15:00Z,STIC03,STIC,20220419-20220701,SW,21038950,19977.9,5.141111,78.22389,1,fair,NA,2022
AIMS,2022-05-01T07:30:00Z,STIC03,STIC,20220419-20220701,SW,21038950,19977.9,5.141111,78.22389,1,fair,NA,2022
AIMS,2022-05-01T07:45:00Z,STIC03,STIC,20220419-20220701,SW,21038950,20666.8,5.141111,81.03271,1,fair,NA,2022
AIMS,2022-05-01T08:00:00Z,STIC03,STIC,20220419-20220701,SW,21038950,20666.8,5.141111,81.03271,1,fair,NA,2022
AIMS,2022-05-01T08:15:00Z,STIC03,STIC,20220419-20220701,SW,21038950,20666.8,5.141111,81.03271,1,fair,NA,2022
AIMS,2022-05-01T08:30:00Z,STIC03,STIC,20220419-20220701,SW,21038950,20666.8,5.141111,81.03271,1,fair,NA,2022
AIMS,2022-05-01T08:45:00Z,STIC03,STIC,20220419-20220701,SW,21038950,19977.9,5.141111,78.22389,1,fair,NA,2022
AIMS,2022-05-01T09:00:00Z,STIC03,STIC,20220419-20220701,SW,21038950,19977.9,5.141111,78.22389,1,fair,NA,2022
AIMS,2022-05-01T09:15:00Z,STIC03,STIC,20220419-20220701,SW,21038950,19977.9,5.141111,78.22389,1,fair,NA,2022
AIMS,2022-05-01T09:30:00Z,STIC03,STIC,20220419-20220701,SW,21038950,19977.9,5.141111,78.22389,1,fair,NA,2022
AIMS,2022-05-01T09:45:00Z,STIC03,STIC,20220419-20220701,SW,21038950,19977.9,5.141111,78.22389,1,fair,NA,2022
AIMS,2022-05-01T10:00:00Z,STIC03,STIC,20220419-20220701,SW,21038950,19977.9,5.243889,78.22389,1,fair,NA,2022
AIMS,2022-05-01T10:15:00Z,STIC03,STIC,20220419-20220701,SW,21038950,19977.9,5.243889,78.22389,1,fair,NA,2022
AIMS,2022-05-01T10:30:00Z,STIC03,STIC,20220419-20220701,SW,21038950,19977.9,5.243889,78.22389,1,fair,NA,2022
AIMS,2022-05-01T10:45:00Z,STIC03,STIC,20220419-20220701,SW,21038950,19977.9,5.243889,78.22389,1,fair,NA,2022
AIMS,2022-05-01T11:00:00Z,STIC03,STIC,20220419-20220701,SW,21038950,20666.8,5.243889,81.03271,1,fair,NA,2022
AIMS,2022-05-01T11:15:00Z,STIC03,STIC,20220419-20220701,SW,21038950,20666.8,5.347222,81.03271,1,fair,NA,2022
AIMS,2022-05-01T11:30:00Z,STIC03,STIC,20220419-20220701,SW,21038950,20666.8,5.347222,81.03271,1,fair,NA,2022
AIMS,2022-05-01T11:45:00Z,STIC03,STIC,20220419-20220701,SW,21038950,20666.8,5.45,81.03271,1,fair,NA,2022
AIMS,2022-05-01T12:00:00Z,STIC03,STIC,20220419-20220701,SW,21038950,20666.8,5.45,81.03271,1,fair,NA,2022
AIMS,2022-05-01T12:15:00Z,STIC03,STIC,20220419-20220701,SW,21038950,20666.8,5.552222,81.03271,1,fair,NA,2022
AIMS,2022-05-01T12:30:00Z,STIC03,STIC,20220419-20220701,SW,21038950,20666.8,5.552222,81.03271,1,fair,NA,2022
AIMS,2022-05-01T12:45:00Z,STIC03,STIC,20220419-20220701,SW,21038950,20666.8,5.655,81.03271,1,fair,NA,2022
AIMS,2022-05-01T13:00:00Z,STIC03,STIC,20220419-20220701,SW,21038950,20666.8,5.655,81.03271,1,fair,NA,2022
AIMS,2022-05-01T13:15:00Z,STIC03,STIC,20220419-20220701,SW,21038950,20666.8,5.757222,81.03271,1,fair,NA,2022
AIMS,2022-05-01T13:30:00Z,STIC03,STIC,20220419-20220701,SW,21038950,20666.8,5.86,81.03271,1,fair,NA,2022
AIMS,2022-05-01T13:45:00Z,STIC03,STIC,20220419-20220701,SW,21038950,20666.8,5.962222,81.03271,1,fair,NA,2022
AIMS,2022-05-01T14:00:00Z,STIC03,STIC,20220419-20220701,SW,21038950,20666.8,6.166111,81.03271,1,fair,NA,2022
AIMS,2022-05-01T14:15:00Z,STIC03,STIC,20220419-20220701,SW,21038950,20666.8,6.267778,81.03271,1,fair,NA,2022
AIMS,2022-05-01T14:30:00Z,STIC03,STIC,20220419-20220701,SW,21038950,20666.8,6.37,81.03271,1,fair,NA,2022
AIMS,2022-05-01T14:45:00Z,STIC03,STIC,20220419-20220701,SW,21038950,21355.7,6.572778,83.84154,1,fair,NA,2022
AIMS,2022-05-01T15:00:00Z,STIC03,STIC,20220419-20220701,SW,21038950,21355.7,6.673889,83.84154,1,fair,NA,2022
AIMS,2022-05-01T15:15:00Z,STIC03,STIC,20220419-20220701,SW,21038950,21355.7,6.877222,83.84154,1,fair,NA,2022
AIMS,2022-05-01T15:30:00Z,STIC03,STIC,20220419-20220701,SW,21038950,21355.7,7.078889,83.84154,1,fair,NA,2022
AIMS,2022-05-01T15:45:00Z,STIC03,STIC,20220419-20220701,SW,21038950,21355.7,7.178889,83.84154,1,fair,NA,2022
AIMS,2022-05-01T16:00:00Z,STIC03,STIC,20220419-20220701,SW,21038950,21355.7,7.381111,83.84154,1,fair,NA,2022
AIMS,2022-05-01T16:15:00Z,STIC03,STIC,20220419-20220701,SW,21038950,21355.7,7.481111,83.84154,1,fair,NA,2022
AIMS,2022-05-01T16:30:00Z,STIC03,STIC,20220419-20220701,SW,21038950,21355.7,7.481111,83.84154,1,fair,NA,2022
AIMS,2022-05-01T16:45:00Z,STIC03,STIC,20220419-20220701,SW,21038950,21355.7,7.481111,83.84154,1,fair,NA,2022
AIMS,2022-05-01T17:00:00Z,STIC03,STIC,20220419-20220701,SW,21038950,21355.7,7.481111,83.84154,1,fair,NA,2022
AIMS,2022-05-01T17:15:00Z,STIC03,STIC,20220419-20220701,SW,21038950,20666.8,7.381111,81.03271,1,fair,NA,2022
AIMS,2022-05-01T17:30:00Z,STIC03,STIC,20220419-20220701,SW,21038950,21355.7,7.381111,83.84154,1,fair,NA,2022
AIMS,2022-05-01T17:45:00Z,STIC03,STIC,20220419-20220701,SW,21038950,21355.7,7.28,83.84154,1,fair,NA,2022
AIMS,2022-05-01T18:00:00Z,STIC03,STIC,20220419-20220701,SW,21038950,21355.7,7.28,83.84154,1,fair,NA,2022
AIMS,2022-05-01T18:15:00Z,STIC03,STIC,20220419-20220701,SW,21038950,21355.7,7.178889,83.84154,1,fair,NA,2022
AIMS,2022-05-01T18:30:00Z,STIC03,STIC,20220419-20220701,SW,21038950,21355.7,7.178889,83.84154,1,fair,NA,2022
AIMS,2022-05-01T18:45:00Z,STIC03,STIC,20220419-20220701,SW,21038950,21355.7,7.178889,83.84154,1,fair,NA,2022
AIMS,2022-05-01T19:00:00Z,STIC03,STIC,20220419-20220701,SW,21038950,21355.7,7.078889,83.84154,1,fair,NA,2022
AIMS,2022-05-01T19:15:00Z,STIC03,STIC,20220419-20220701,SW,21038950,21355.7,7.078889,83.84154,1,fair,NA,2022
AIMS,2022-05-01T19:30:00Z,STIC03,STIC,20220419-20220701,SW,21038950,21355.7,6.977778,83.84154,1,fair,NA,2022
AIMS,2022-05-01T19:45:00Z,STIC03,STIC,20220419-20220701,SW,21038950,21355.7,6.877222,83.84154,1,fair,NA,2022
AIMS,2022-05-01T20:00:00Z,STIC03,STIC,20220419-20220701,SW,21038950,21355.7,6.775,83.84154,1,fair,NA,2022
AIMS,2022-05-01T20:15:00Z,STIC03,STIC,20220419-20220701,SW,21038950,21355.7,6.673889,83.84154,1,fair,NA,2022
AIMS,2022-05-01T20:30:00Z,STIC03,STIC,20220419-20220701,SW,21038950,21355.7,6.673889,83.84154,1,fair,NA,2022
AIMS,2022-05-01T20:45:00Z,STIC03,STIC,20220419-20220701,SW,21038950,21355.7,6.572778,83.84154,1,fair,NA,2022
AIMS,2022-05-01T21:00:00Z,STIC03,STIC,20220419-20220701,SW,21038950,21355.7,6.471111,83.84154,1,fair,NA,2022
AIMS,2022-05-01T21:15:00Z,STIC03,STIC,20220419-20220701,SW,21038950,21355.7,6.471111,83.84154,1,fair,NA,2022
AIMS,2022-05-01T21:30:00Z,STIC03,STIC,20220419-20220701,SW,21038950,21355.7,6.37,83.84154,1,fair,NA,2022
AIMS,2022-05-01T21:45:00Z,STIC03,STIC,20220419-20220701,SW,21038950,21355.7,6.267778,83.84154,1,fair,NA,2022
AIMS,2022-05-01T22:00:00Z,STIC03,STIC,20220419-20220701,SW,21038950,21355.7,6.267778,83.84154,1,fair,NA,2022
AIMS,2022-05-01T22:15:00Z,STIC03,STIC,20220419-20220701,SW,21038950,21355.7,6.166111,83.84154,1,fair,NA,2022
AIMS,2022-05-01T22:30:00Z,STIC03,STIC,20220419-20220701,SW,21038950,20666.8,6.166111,81.03271,1,fair,NA,2022
AIMS,2022-05-01T22:45:00Z,STIC03,STIC,20220419-20220701,SW,21038950,20666.8,6.166111,81.03271,1,fair,NA,2022
AIMS,2022-05-01T23:00:00Z,STIC03,STIC,20220419-20220701,SW,21038950,20666.8,6.063889,81.03271,1,fair,NA,2022
AIMS,2022-05-01T23:15:00Z,STIC03,STIC,20220419-20220701,SW,21038950,20666.8,6.063889,81.03271,1,fair,NA,2022
AIMS,2022-05-01T23:30:00Z,STIC03,STIC,20220419-20220701,SW,21038950,20666.8,6.063889,81.03271,1,fair,NA,2022
AIMS,2022-05-01T23:45:00Z,STIC03,STIC,20220419-20220701,SW,21038950,20666.8,5.962222,81.03271,1,fair,NA,2022
AIMS,2022-05-02T00:00:00Z,STIC03,STIC,20220419-20220701,SW,21038950,20666.8,5.962222,81.03271,1,fair,NA,2022
AIMS,2022-05-02T00:15:00Z,STIC03,STIC,20220419-20220701,SW,21038950,20666.8,5.962222,81.03271,1,fair,NA,2022
AIMS,2022-05-02T00:30:00Z,STIC03,STIC,20220419-20220701,SW,21038950,20666.8,5.962222,81.03271,1,fair,NA,2022
AIMS,2022-05-02T00:45:00Z,STIC03,STIC,20220419-20220701,SW,21038950,20666.8,5.962222,81.03271,1,fair,NA,2022
AIMS,2022-05-02T01:00:00Z,STIC03,STIC,20220419-20220701,SW,21038950,20666.8,5.962222,81.03271,1,fair,NA,2022
AIMS,2022-05-02T01:15:00Z,STIC03,STIC,20220419-20220701,SW,21038950,20666.8,5.86,81.03271,1,fair,NA,2022
AIMS,2022-05-02T01:30:00Z,STIC03,STIC,20220419-20220701,SW,21038950,20666.8,5.86,81.03271,1,fair,NA,2022
AIMS,2022-05-02T01:45:00Z,STIC03,STIC,20220419-20220701,SW,21038950,20666.8,5.757222,81.03271,1,fair,NA,2022
AIMS,2022-05-02T02:00:00Z,STIC03,STIC,20220419-20220701,SW,21038950,20666.8,5.757222,81.03271,1,fair,NA,2022
AIMS,2022-05-02T02:15:00Z,STIC03,STIC,20220419-20220701,SW,21038950,20666.8,5.757222,81.03271,1,fair,NA,2022
AIMS,2022-05-02T02:30:00Z,STIC03,STIC,20220419-20220701,SW,21038950,20666.8,5.655,81.03271,1,fair,NA,2022
AIMS,2022-05-02T02:45:00Z,STIC03,STIC,20220419-20220701,SW,21038950,20666.8,5.552222,81.03271,1,fair,NA,2022
AIMS,2022-05-02T03:00:00Z,STIC03,STIC,20220419-20220701,SW,21038950,19977.9,5.552222,78.22389,1,fair,NA,2022
AIMS,2022-05-02T03:15:00Z,STIC03,STIC,20220419-20220701,SW,21038950,20666.8,5.45,81.03271,1,fair,NA,2022
AIMS,2022-05-02T03:30:00Z,STIC03,STIC,20220419-20220701,SW,21038950,19977.9,5.45,78.22389,1,fair,NA,2022
AIMS,2022-05-02T03:45:00Z,STIC03,STIC,20220419-20220701,SW,21038950,19977.9,5.347222,78.22389,1,fair,NA,2022
AIMS,2022-05-02T04:00:00Z,STIC03,STIC,20220419-20220701,SW,21038950,19977.9,5.347222,78.22389,1,fair,NA,2022
AIMS,2022-05-02T04:15:00Z,STIC03,STIC,20220419-20220701,SW,21038950,19977.9,5.243889,78.22389,1,fair,NA,2022
AIMS,2022-05-02T04:30:00Z,STIC03,STIC,20220419-20220701,SW,21038950,19977.9,5.243889,78.22389,1,fair,NA,2022
AIMS,2022-05-02T04:45:00Z,STIC03,STIC,20220419-20220701,SW,21038950,19977.9,5.141111,78.22389,1,fair,NA,2022
AIMS,2022-05-02T05:00:00Z,STIC03,STIC,20220419-20220701,SW,21038950,19977.9,5.141111,78.22389,1,fair,NA,2022
AIMS,2022-05-02T05:15:00Z,STIC03,STIC,20220419-20220701,SW,21038950,19977.9,5.141111,78.22389,1,fair,NA,2022
AIMS,2022-05-02T05:30:00Z,STIC03,STIC,20220419-20220701,SW,21038950,19977.9,5.141111,78.22389,1,fair,NA,2022
AIMS,2022-05-02T05:45:00Z,STIC03,STIC,20220419-20220701,SW,21038950,19977.9,5.037222,78.22389,1,fair,NA,2022
AIMS,2022-05-02T06:00:00Z,STIC03,STIC,20220419-20220701,SW,21038950,19977.9,5.037222,78.22389,1,fair,NA,2022
AIMS,2022-05-02T06:15:00Z,STIC03,STIC,20220419-20220701,SW,21038950,19977.9,4.933889,78.22389,1,fair,NA,2022
AIMS,2022-05-02T06:30:00Z,STIC03,STIC,20220419-20220701,SW,21038950,19977.9,4.933889,78.22389,1,fair,NA,2022
AIMS,2022-05-02T06:45:00Z,STIC03,STIC,20220419-20220701,SW,21038950,19977.9,4.831111,78.22389,1,fair,NA,2022
AIMS,2022-05-02T07:00:00Z,STIC03,STIC,20220419-20220701,SW,21038950,19977.9,4.831111,78.22389,1,fair,NA,2022
AIMS,2022-05-02T07:15:00Z,STIC03,STIC,20220419-20220701,SW,21038950,19977.9,4.831111,78.22389,1,fair,NA,2022
AIMS,2022-05-02T07:30:00Z,STIC03,STIC,20220419-20220701,SW,21038950,19977.9,4.727222,78.22389,1,fair,NA,2022
AIMS,2022-05-02T07:45:00Z,STIC03,STIC,20220419-20220701,SW,21038950,19289,4.727222,75.41507,1,fair,NA,2022
AIMS,2022-05-02T08:00:00Z,STIC03,STIC,20220419-20220701,SW,21038950,19289,4.727222,75.41507,1,fair,NA,2022
AIMS,2022-05-02T08:15:00Z,STIC03,STIC,20220419-20220701,SW,21038950,19977.9,4.727222,78.22389,1,fair,NA,2022
AIMS,2022-05-02T08:30:00Z,STIC03,STIC,20220419-20220701,SW,21038950,19977.9,4.831111,78.22389,1,fair,NA,2022
AIMS,2022-05-02T08:45:00Z,STIC03,STIC,20220419-20220701,SW,21038950,19977.9,4.933889,78.22389,1,fair,NA,2022
AIMS,2022-05-02T09:00:00Z,STIC03,STIC,20220419-20220701,SW,21038950,19977.9,4.933889,78.22389,1,fair,NA,2022
AIMS,2022-05-02T09:15:00Z,STIC03,STIC,20220419-20220701,SW,21038950,19977.9,5.141111,78.22389,1,fair,NA,2022
AIMS,2022-05-02T09:30:00Z,STIC03,STIC,20220419-20220701,SW,21038950,19977.9,5.243889,78.22389,1,fair,NA,2022
AIMS,2022-05-02T09:45:00Z,STIC03,STIC,20220419-20220701,SW,21038950,19977.9,5.347222,78.22389,1,fair,NA,2022
AIMS,2022-05-02T10:00:00Z,STIC03,STIC,20220419-20220701,SW,21038950,19977.9,5.45,78.22389,1,fair,NA,2022
AIMS,2022-05-02T10:15:00Z,STIC03,STIC,20220419-20220701,SW,21038950,19977.9,5.552222,78.22389,1,fair,NA,2022
AIMS,2022-05-02T10:30:00Z,STIC03,STIC,20220419-20220701,SW,21038950,20666.8,5.655,81.03271,1,fair,NA,2022
AIMS,2022-05-02T10:45:00Z,STIC03,STIC,20220419-20220701,SW,21038950,20666.8,5.86,81.03271,1,fair,NA,2022
AIMS,2022-05-02T11:00:00Z,STIC03,STIC,20220419-20220701,SW,21038950,20666.8,6.063889,81.03271,1,fair,NA,2022
AIMS,2022-05-02T11:15:00Z,STIC03,STIC,20220419-20220701,SW,21038950,20666.8,6.166111,81.03271,1,fair,NA,2022
AIMS,2022-05-02T11:30:00Z,STIC03,STIC,20220419-20220701,SW,21038950,20666.8,6.37,81.03271,1,fair,NA,2022
AIMS,2022-05-02T11:45:00Z,STIC03,STIC,20220419-20220701,SW,21038950,20666.8,6.37,81.03271,1,fair,NA,2022
AIMS,2022-05-02T12:00:00Z,STIC03,STIC,20220419-20220701,SW,21038950,20666.8,6.471111,81.03271,1,fair,NA,2022
AIMS,2022-05-02T12:15:00Z,STIC03,STIC,20220419-20220701,SW,21038950,20666.8,6.572778,81.03271,1,fair,NA,2022
AIMS,2022-05-02T12:30:00Z,STIC03,STIC,20220419-20220701,SW,21038950,20666.8,6.775,81.03271,1,fair,NA,2022
AIMS,2022-05-02T12:45:00Z,STIC03,STIC,20220419-20220701,SW,21038950,20666.8,6.977778,81.03271,1,fair,NA,2022
AIMS,2022-05-02T13:00:00Z,STIC03,STIC,20220419-20220701,SW,21038950,21355.7,7.28,83.84154,1,fair,NA,2022
AIMS,2022-05-02T13:15:00Z,STIC03,STIC,20220419-20220701,SW,21038950,21355.7,7.481111,83.84154,1,fair,NA,2022
AIMS,2022-05-02T13:30:00Z,STIC03,STIC,20220419-20220701,SW,21038950,21355.7,7.682222,83.84154,1,fair,NA,2022
AIMS,2022-05-02T13:45:00Z,STIC03,STIC,20220419-20220701,SW,21038950,21355.7,7.782222,83.84154,1,fair,NA,2022
AIMS,2022-05-02T14:00:00Z,STIC03,STIC,20220419-20220701,SW,21038950,21355.7,7.882222,83.84154,1,fair,NA,2022
AIMS,2022-05-02T14:15:00Z,STIC03,STIC,20220419-20220701,SW,21038950,21355.7,7.982778,83.84154,1,fair,NA,2022
AIMS,2022-05-02T14:30:00Z,STIC03,STIC,20220419-20220701,SW,21038950,21355.7,7.982778,83.84154,1,fair,NA,2022
AIMS,2022-05-02T14:45:00Z,STIC03,STIC,20220419-20220701,SW,21038950,22044.6,8.082222,86.65036,1,fair,NA,2022
AIMS,2022-05-02T15:00:00Z,STIC03,STIC,20220419-20220701,SW,21038950,22044.6,8.282222,86.65036,1,fair,NA,2022
AIMS,2022-05-02T15:15:00Z,STIC03,STIC,20220419-20220701,SW,21038950,22044.6,8.481111,86.65036,1,fair,NA,2022
AIMS,2022-05-02T15:30:00Z,STIC03,STIC,20220419-20220701,SW,21038950,22044.6,8.481111,86.65036,1,fair,NA,2022
AIMS,2022-05-02T15:45:00Z,STIC03,STIC,20220419-20220701,SW,21038950,22044.6,8.481111,86.65036,1,fair,NA,2022
AIMS,2022-05-02T16:00:00Z,STIC03,STIC,20220419-20220701,SW,21038950,22044.6,8.481111,86.65036,1,fair,NA,2022
AIMS,2022-05-02T16:15:00Z,STIC03,STIC,20220419-20220701,SW,21038950,22044.6,8.581111,86.65036,1,fair,NA,2022
AIMS,2022-05-02T16:30:00Z,STIC03,STIC,20220419-20220701,SW,21038950,22044.6,8.68,86.65036,1,fair,NA,2022
AIMS,2022-05-02T16:45:00Z,STIC03,STIC,20220419-20220701,SW,21038950,22044.6,8.778889,86.65036,1,fair,NA,2022
AIMS,2022-05-02T17:00:00Z,STIC03,STIC,20220419-20220701,SW,21038950,22044.6,8.878889,86.65036,1,fair,NA,2022
AIMS,2022-05-02T17:15:00Z,STIC03,STIC,20220419-20220701,SW,21038950,22044.6,8.977778,86.65036,1,fair,NA,2022
AIMS,2022-05-02T17:30:00Z,STIC03,STIC,20220419-20220701,SW,21038950,22044.6,9.077222,86.65036,1,fair,NA,2022
AIMS,2022-05-02T17:45:00Z,STIC03,STIC,20220419-20220701,SW,21038950,22044.6,8.977778,86.65036,1,fair,NA,2022
AIMS,2022-05-02T18:00:00Z,STIC03,STIC,20220419-20220701,SW,21038950,22044.6,8.977778,86.65036,1,fair,NA,2022
AIMS,2022-05-02T18:15:00Z,STIC03,STIC,20220419-20220701,SW,21038950,22044.6,8.778889,86.65036,1,fair,NA,2022
AIMS,2022-05-02T18:30:00Z,STIC03,STIC,20220419-20220701,SW,21038950,22044.6,8.68,86.65036,1,fair,NA,2022
AIMS,2022-05-02T18:45:00Z,STIC03,STIC,20220419-20220701,SW,21038950,22044.6,8.581111,86.65036,1,fair,NA,2022
AIMS,2022-05-02T19:00:00Z,STIC03,STIC,20220419-20220701,SW,21038950,22044.6,8.382222,86.65036,1,fair,NA,2022
AIMS,2022-05-02T19:15:00Z,STIC03,STIC,20220419-20220701,SW,21038950,22044.6,8.182222,86.65036,1,fair,NA,2022
AIMS,2022-05-02T19:30:00Z,STIC03,STIC,20220419-20220701,SW,21038950,22044.6,8.082222,86.65036,1,fair,NA,2022
AIMS,2022-05-02T19:45:00Z,STIC03,STIC,20220419-20220701,SW,21038950,21355.7,7.882222,83.84154,1,fair,NA,2022
AIMS,2022-05-02T20:00:00Z,STIC03,STIC,20220419-20220701,SW,21038950,21355.7,7.782222,83.84154,1,fair,NA,2022
AIMS,2022-05-02T20:15:00Z,STIC03,STIC,20220419-20220701,SW,21038950,21355.7,7.582222,83.84154,1,fair,NA,2022
AIMS,2022-05-02T20:30:00Z,STIC03,STIC,20220419-20220701,SW,21038950,21355.7,7.381111,83.84154,1,fair,NA,2022
AIMS,2022-05-02T20:45:00Z,STIC03,STIC,20220419-20220701,SW,21038950,21355.7,7.178889,83.84154,1,fair,NA,2022
AIMS,2022-05-02T21:00:00Z,STIC03,STIC,20220419-20220701,SW,21038950,20666.8,6.877222,81.03271,1,fair,NA,2022
AIMS,2022-05-02T21:15:00Z,STIC03,STIC,20220419-20220701,SW,21038950,19289,6.471111,75.41507,1,fair,NA,2022
AIMS,2022-05-02T21:30:00Z,STIC03,STIC,20220419-20220701,SW,21038950,19977.9,6.166111,78.22389,1,fair,NA,2022
AIMS,2022-05-02T21:45:00Z,STIC03,STIC,20220419-20220701,SW,21038950,19977.9,5.86,78.22389,1,fair,NA,2022
AIMS,2022-05-02T22:00:00Z,STIC03,STIC,20220419-20220701,SW,21038950,19977.9,5.552222,78.22389,1,fair,NA,2022
AIMS,2022-05-02T22:15:00Z,STIC03,STIC,20220419-20220701,SW,21038950,19977.9,5.243889,78.22389,1,fair,NA,2022
AIMS,2022-05-02T22:30:00Z,STIC03,STIC,20220419-20220701,SW,21038950,19289,4.933889,75.41507,1,fair,NA,2022
AIMS,2022-05-02T22:45:00Z,STIC03,STIC,20220419-20220701,SW,21038950,18600.1,4.622778,72.60625,1,fair,NA,2022
AIMS,2022-05-02T23:00:00Z,STIC03,STIC,20220419-20220701,SW,21038950,19289,4.518889,75.41507,1,fair,NA,2022
AIMS,2022-05-02T23:15:00Z,STIC03,STIC,20220419-20220701,SW,21038950,19289,4.311111,75.41507,1,fair,NA,2022
AIMS,2022-05-02T23:30:00Z,STIC03,STIC,20220419-20220701,SW,21038950,19289,4.311111,75.41507,1,fair,NA,2022
AIMS,2022-05-02T23:45:00Z,STIC03,STIC,20220419-20220701,SW,21038950,19289,4.207222,75.41507,1,fair,NA,2022
AIMS,2022-05-03T00:00:00Z,STIC03,STIC,20220419-20220701,SW,21038950,19289,4.102222,75.41507,1,fair,NA,2022
AIMS,2022-05-03T00:15:00Z,STIC03,STIC,20220419-20220701,SW,21038950,19289,4.102222,75.41507,1,fair,NA,2022
AIMS,2022-05-03T00:30:00Z,STIC03,STIC,20220419-20220701,SW,21038950,19289,3.997778,75.41507,1,fair,NA,2022
AIMS,2022-05-03T00:45:00Z,STIC03,STIC,20220419-20220701,SW,21038950,19289,3.997778,75.41507,1,fair,NA,2022
AIMS,2022-05-03T01:00:00Z,STIC03,STIC,20220419-20220701,SW,21038950,19289,3.892778,75.41507,1,fair,NA,2022
AIMS,2022-05-03T01:15:00Z,STIC03,STIC,20220419-20220701,SW,21038950,19289,3.892778,75.41507,1,fair,NA,2022
AIMS,2022-05-03T01:30:00Z,STIC03,STIC,20220419-20220701,SW,21038950,19289,3.892778,75.41507,1,fair,NA,2022
AIMS,2022-05-03T01:45:00Z,STIC03,STIC,20220419-20220701,SW,21038950,19289,3.892778,75.41507,1,fair,NA,2022
AIMS,2022-05-03T02:00:00Z,STIC03,STIC,20220419-20220701,SW,21038950,19289,3.892778,75.41507,1,fair,NA,2022
AIMS,2022-05-03T02:15:00Z,STIC03,STIC,20220419-20220701,SW,21038950,19289,3.892778,75.41507,1,fair,NA,2022
AIMS,2022-05-03T02:30:00Z,STIC03,STIC,20220419-20220701,SW,21038950,19289,3.892778,75.41507,1,fair,NA,2022
AIMS,2022-05-03T02:45:00Z,STIC03,STIC,20220419-20220701,SW,21038950,19289,3.892778,75.41507,1,fair,NA,2022
AIMS,2022-05-03T03:00:00Z,STIC03,STIC,20220419-20220701,SW,21038950,19289,3.892778,75.41507,1,fair,NA,2022
AIMS,2022-05-03T03:15:00Z,STIC03,STIC,20220419-20220701,SW,21038950,19289,3.997778,75.41507,1,fair,NA,2022
AIMS,2022-05-03T03:30:00Z,STIC03,STIC,20220419-20220701,SW,21038950,19289,3.997778,75.41507,1,fair,NA,2022
AIMS,2022-05-03T03:45:00Z,STIC03,STIC,20220419-20220701,SW,21038950,19289,3.997778,75.41507,1,fair,NA,2022
AIMS,2022-05-03T04:00:00Z,STIC03,STIC,20220419-20220701,SW,21038950,19289,3.997778,75.41507,1,fair,NA,2022
AIMS,2022-05-03T04:15:00Z,STIC03,STIC,20220419-20220701,SW,21038950,19289,4.102222,75.41507,1,fair,NA,2022
AIMS,2022-05-03T04:30:00Z,STIC03,STIC,20220419-20220701,SW,21038950,19289,4.102222,75.41507,1,fair,NA,2022
AIMS,2022-05-03T04:45:00Z,STIC03,STIC,20220419-20220701,SW,21038950,19289,4.102222,75.41507,1,fair,NA,2022
AIMS,2022-05-03T05:00:00Z,STIC03,STIC,20220419-20220701,SW,21038950,19289,4.102222,75.41507,1,fair,NA,2022
AIMS,2022-05-03T05:15:00Z,STIC03,STIC,20220419-20220701,SW,21038950,19289,4.102222,75.41507,1,fair,NA,2022
AIMS,2022-05-03T05:30:00Z,STIC03,STIC,20220419-20220701,SW,21038950,19289,4.102222,75.41507,1,fair,NA,2022
AIMS,2022-05-03T05:45:00Z,STIC03,STIC,20220419-20220701,SW,21038950,19289,4.102222,75.41507,1,fair,NA,2022
AIMS,2022-05-03T06:00:00Z,STIC03,STIC,20220419-20220701,SW,21038950,19289,4.102222,75.41507,1,fair,NA,2022
AIMS,2022-05-03T06:15:00Z,STIC03,STIC,20220419-20220701,SW,21038950,19289,4.102222,75.41507,1,fair,NA,2022
AIMS,2022-05-03T06:30:00Z,STIC03,STIC,20220419-20220701,SW,21038950,19289,4.102222,75.41507,1,fair,NA,2022
AIMS,2022-05-03T06:45:00Z,STIC03,STIC,20220419-20220701,SW,21038950,19289,4.102222,75.41507,1,fair,NA,2022
AIMS,2022-05-03T07:00:00Z,STIC03,STIC,20220419-20220701,SW,21038950,19289,4.102222,75.41507,1,fair,NA,2022
AIMS,2022-05-03T07:15:00Z,STIC03,STIC,20220419-20220701,SW,21038950,19289,4.102222,75.41507,1,fair,NA,2022
AIMS,2022-05-03T07:30:00Z,STIC03,STIC,20220419-20220701,SW,21038950,19289,4.102222,75.41507,1,fair,NA,2022
AIMS,2022-05-03T07:45:00Z,STIC03,STIC,20220419-20220701,SW,21038950,19289,4.102222,75.41507,1,fair,NA,2022
AIMS,2022-05-03T08:00:00Z,STIC03,STIC,20220419-20220701,SW,21038950,19289,4.102222,75.41507,1,fair,NA,2022
AIMS,2022-05-03T08:15:00Z,STIC03,STIC,20220419-20220701,SW,21038950,19289,4.207222,75.41507,1,fair,NA,2022
AIMS,2022-05-03T08:30:00Z,STIC03,STIC,20220419-20220701,SW,21038950,18600.1,4.207222,72.60625,1,fair,NA,2022
AIMS,2022-05-03T08:45:00Z,STIC03,STIC,20220419-20220701,SW,21038950,18600.1,4.207222,72.60625,1,fair,NA,2022
AIMS,2022-05-03T09:00:00Z,STIC03,STIC,20220419-20220701,SW,21038950,18600.1,4.207222,72.60625,1,fair,NA,2022
AIMS,2022-05-03T09:15:00Z,STIC03,STIC,20220419-20220701,SW,21038950,18600.1,4.311111,72.60625,1,fair,NA,2022
AIMS,2022-05-03T09:30:00Z,STIC03,STIC,20220419-20220701,SW,21038950,18600.1,4.311111,72.60625,1,fair,NA,2022
AIMS,2022-05-03T09:45:00Z,STIC03,STIC,20220419-20220701,SW,21038950,18600.1,4.415,72.60625,1,fair,NA,2022
AIMS,2022-05-03T10:00:00Z,STIC03,STIC,20220419-20220701,SW,21038950,18600.1,4.518889,72.60625,1,fair,NA,2022
AIMS,2022-05-03T10:15:00Z,STIC03,STIC,20220419-20220701,SW,21038950,18600.1,4.518889,72.60625,1,fair,NA,2022
AIMS,2022-05-03T10:30:00Z,STIC03,STIC,20220419-20220701,SW,21038950,18600.1,4.518889,72.60625,1,fair,NA,2022
AIMS,2022-05-03T10:45:00Z,STIC03,STIC,20220419-20220701,SW,21038950,18600.1,4.518889,72.60625,1,fair,NA,2022
AIMS,2022-05-03T11:00:00Z,STIC03,STIC,20220419-20220701,SW,21038950,18600.1,4.622778,72.60625,1,fair,NA,2022
AIMS,2022-05-03T11:15:00Z,STIC03,STIC,20220419-20220701,SW,21038950,18600.1,4.518889,72.60625,1,fair,NA,2022
AIMS,2022-05-03T11:30:00Z,STIC03,STIC,20220419-20220701,SW,21038950,18600.1,4.311111,72.60625,1,fair,NA,2022
AIMS,2022-05-03T11:45:00Z,STIC03,STIC,20220419-20220701,SW,21038950,17911.2,3.577778,69.79742,1,fair,NA,2022
AIMS,2022-05-03T12:00:00Z,STIC03,STIC,20220419-20220701,SW,21038950,17911.2,3.577778,69.79742,1,fair,NA,2022
AIMS,2022-05-03T12:15:00Z,STIC03,STIC,20220419-20220701,SW,21038950,17911.2,3.682778,69.79742,1,fair,NA,2022
AIMS,2022-05-03T12:30:00Z,STIC03,STIC,20220419-20220701,SW,21038950,17911.2,3.892778,69.79742,1,fair,NA,2022
AIMS,2022-05-03T12:45:00Z,STIC03,STIC,20220419-20220701,SW,21038950,17911.2,3.997778,69.79742,1,fair,NA,2022
AIMS,2022-05-03T13:00:00Z,STIC03,STIC,20220419-20220701,SW,21038950,18600.1,4.102222,72.60625,1,fair,NA,2022
AIMS,2022-05-03T13:15:00Z,STIC03,STIC,20220419-20220701,SW,21038950,18600.1,4.311111,72.60625,1,fair,NA,2022
AIMS,2022-05-03T13:30:00Z,STIC03,STIC,20220419-20220701,SW,21038950,18600.1,4.622778,72.60625,1,fair,NA,2022
AIMS,2022-05-03T13:45:00Z,STIC03,STIC,20220419-20220701,SW,21038950,18600.1,5.037222,72.60625,1,fair,NA,2022
AIMS,2022-05-03T14:00:00Z,STIC03,STIC,20220419-20220701,SW,21038950,18600.1,5.243889,72.60625,1,fair,NA,2022
AIMS,2022-05-03T14:15:00Z,STIC03,STIC,20220419-20220701,SW,21038950,19289,5.347222,75.41507,1,fair,NA,2022
AIMS,2022-05-03T14:30:00Z,STIC03,STIC,20220419-20220701,SW,21038950,19289,5.655,75.41507,1,fair,NA,2022
AIMS,2022-05-03T14:45:00Z,STIC03,STIC,20220419-20220701,SW,21038950,19289,5.962222,75.41507,1,fair,NA,2022
AIMS,2022-05-03T15:00:00Z,STIC03,STIC,20220419-20220701,SW,21038950,19977.9,6.267778,78.22389,1,fair,NA,2022
AIMS,2022-05-03T15:15:00Z,STIC03,STIC,20220419-20220701,SW,21038950,19977.9,6.471111,78.22389,1,fair,NA,2022
AIMS,2022-05-03T15:30:00Z,STIC03,STIC,20220419-20220701,SW,21038950,20666.8,6.471111,81.03271,1,fair,NA,2022
AIMS,2022-05-03T15:45:00Z,STIC03,STIC,20220419-20220701,SW,21038950,19977.9,6.572778,78.22389,1,fair,NA,2022
AIMS,2022-05-03T16:00:00Z,STIC03,STIC,20220419-20220701,SW,21038950,19977.9,6.673889,78.22389,1,fair,NA,2022
AIMS,2022-05-03T16:15:00Z,STIC03,STIC,20220419-20220701,SW,21038950,19977.9,6.572778,78.22389,1,fair,NA,2022
AIMS,2022-05-03T16:30:00Z,STIC03,STIC,20220419-20220701,SW,21038950,19977.9,6.673889,78.22389,1,fair,NA,2022
AIMS,2022-05-03T16:45:00Z,STIC03,STIC,20220419-20220701,SW,21038950,20666.8,6.572778,81.03271,1,fair,NA,2022
AIMS,2022-05-03T17:00:00Z,STIC03,STIC,20220419-20220701,SW,21038950,19977.9,6.673889,78.22389,1,fair,NA,2022
AIMS,2022-05-03T17:15:00Z,STIC03,STIC,20220419-20220701,SW,21038950,19289,6.673889,75.41507,1,fair,NA,2022
AIMS,2022-05-03T17:30:00Z,STIC03,STIC,20220419-20220701,SW,21038950,19289,6.673889,75.41507,1,fair,NA,2022
AIMS,2022-05-03T17:45:00Z,STIC03,STIC,20220419-20220701,SW,21038950,19289,6.572778,75.41507,1,fair,NA,2022
AIMS,2022-05-03T18:00:00Z,STIC03,STIC,20220419-20220701,SW,21038950,18600.1,6.572778,72.60625,1,fair,NA,2022
AIMS,2022-05-03T18:15:00Z,STIC03,STIC,20220419-20220701,SW,21038950,19289,6.572778,75.41507,1,fair,NA,2022
AIMS,2022-05-03T18:30:00Z,STIC03,STIC,20220419-20220701,SW,21038950,19289,6.471111,75.41507,1,fair,NA,2022
AIMS,2022-05-03T18:45:00Z,STIC03,STIC,20220419-20220701,SW,21038950,19289,6.37,75.41507,1,fair,NA,2022
AIMS,2022-05-03T19:00:00Z,STIC03,STIC,20220419-20220701,SW,21038950,18600.1,6.37,72.60625,1,fair,NA,2022
AIMS,2022-05-03T19:15:00Z,STIC03,STIC,20220419-20220701,SW,21038950,18600.1,6.267778,72.60625,1,fair,NA,2022
AIMS,2022-05-03T19:30:00Z,STIC03,STIC,20220419-20220701,SW,21038950,20666.8,6.166111,81.03271,1,fair,NA,2022
AIMS,2022-05-03T19:45:00Z,STIC03,STIC,20220419-20220701,SW,21038950,20666.8,6.063889,81.03271,1,fair,NA,2022
AIMS,2022-05-03T20:00:00Z,STIC03,STIC,20220419-20220701,SW,21038950,20666.8,5.962222,81.03271,1,fair,NA,2022
AIMS,2022-05-03T20:15:00Z,STIC03,STIC,20220419-20220701,SW,21038950,20666.8,5.86,81.03271,1,fair,NA,2022
AIMS,2022-05-03T20:30:00Z,STIC03,STIC,20220419-20220701,SW,21038950,21355.7,5.757222,83.84154,1,fair,NA,2022
AIMS,2022-05-03T20:45:00Z,STIC03,STIC,20220419-20220701,SW,21038950,21355.7,5.655,83.84154,1,fair,NA,2022
AIMS,2022-05-03T21:00:00Z,STIC03,STIC,20220419-20220701,SW,21038950,21355.7,5.552222,83.84154,1,fair,NA,2022
AIMS,2022-05-03T21:15:00Z,STIC03,STIC,20220419-20220701,SW,21038950,21355.7,5.552222,83.84154,1,fair,NA,2022
AIMS,2022-05-03T21:30:00Z,STIC03,STIC,20220419-20220701,SW,21038950,21355.7,5.45,83.84154,1,fair,NA,2022
AIMS,2022-05-03T21:45:00Z,STIC03,STIC,20220419-20220701,SW,21038950,21355.7,5.347222,83.84154,1,fair,NA,2022
AIMS,2022-05-03T22:00:00Z,STIC03,STIC,20220419-20220701,SW,21038950,21355.7,5.243889,83.84154,1,fair,NA,2022
AIMS,2022-05-03T22:15:00Z,STIC03,STIC,20220419-20220701,SW,21038950,21355.7,5.243889,83.84154,1,fair,NA,2022
AIMS,2022-05-03T22:30:00Z,STIC03,STIC,20220419-20220701,SW,21038950,21355.7,5.141111,83.84154,1,fair,NA,2022
AIMS,2022-05-03T22:45:00Z,STIC03,STIC,20220419-20220701,SW,21038950,21355.7,5.141111,83.84154,1,fair,NA,2022
AIMS,2022-05-03T23:00:00Z,STIC03,STIC,20220419-20220701,SW,21038950,21355.7,5.037222,83.84154,1,fair,NA,2022
AIMS,2022-05-03T23:15:00Z,STIC03,STIC,20220419-20220701,SW,21038950,21355.7,5.037222,83.84154,1,fair,NA,2022
AIMS,2022-05-03T23:30:00Z,STIC03,STIC,20220419-20220701,SW,21038950,21355.7,4.933889,83.84154,1,fair,NA,2022
AIMS,2022-05-03T23:45:00Z,STIC03,STIC,20220419-20220701,SW,21038950,20666.8,4.933889,81.03271,1,fair,NA,2022
AIMS,2022-05-04T00:00:00Z,STIC03,STIC,20220419-20220701,SW,21038950,20666.8,4.933889,81.03271,1,fair,NA,2022
AIMS,2022-05-04T00:15:00Z,STIC03,STIC,20220419-20220701,SW,21038950,20666.8,4.933889,81.03271,1,fair,NA,2022
AIMS,2022-05-04T00:30:00Z,STIC03,STIC,20220419-20220701,SW,21038950,20666.8,4.933889,81.03271,1,fair,NA,2022
AIMS,2022-05-04T00:45:00Z,STIC03,STIC,20220419-20220701,SW,21038950,20666.8,4.933889,81.03271,1,fair,NA,2022
AIMS,2022-05-04T01:00:00Z,STIC03,STIC,20220419-20220701,SW,21038950,20666.8,4.831111,81.03271,1,fair,NA,2022
AIMS,2022-05-04T01:15:00Z,STIC03,STIC,20220419-20220701,SW,21038950,20666.8,4.831111,81.03271,1,fair,NA,2022
AIMS,2022-05-04T01:30:00Z,STIC03,STIC,20220419-20220701,SW,21038950,20666.8,4.831111,81.03271,1,fair,NA,2022
AIMS,2022-05-04T01:45:00Z,STIC03,STIC,20220419-20220701,SW,21038950,20666.8,4.831111,81.03271,1,fair,NA,2022
AIMS,2022-05-04T02:00:00Z,STIC03,STIC,20220419-20220701,SW,21038950,20666.8,4.831111,81.03271,1,fair,NA,2022
AIMS,2022-05-04T02:15:00Z,STIC03,STIC,20220419-20220701,SW,21038950,20666.8,4.831111,81.03271,1,fair,NA,2022
AIMS,2022-05-04T02:30:00Z,STIC03,STIC,20220419-20220701,SW,21038950,20666.8,4.831111,81.03271,1,fair,NA,2022
AIMS,2022-05-04T02:45:00Z,STIC03,STIC,20220419-20220701,SW,21038950,20666.8,4.727222,81.03271,1,fair,NA,2022
AIMS,2022-05-04T03:00:00Z,STIC03,STIC,20220419-20220701,SW,21038950,19977.9,4.727222,78.22389,1,fair,NA,2022
AIMS,2022-05-04T03:15:00Z,STIC03,STIC,20220419-20220701,SW,21038950,20666.8,4.622778,81.03271,1,fair,NA,2022
AIMS,2022-05-04T03:30:00Z,STIC03,STIC,20220419-20220701,SW,21038950,20666.8,4.622778,81.03271,1,fair,NA,2022
AIMS,2022-05-04T03:45:00Z,STIC03,STIC,20220419-20220701,SW,21038950,20666.8,4.518889,81.03271,1,fair,NA,2022
AIMS,2022-05-04T04:00:00Z,STIC03,STIC,20220419-20220701,SW,21038950,20666.8,4.518889,81.03271,1,fair,NA,2022
AIMS,2022-05-04T04:15:00Z,STIC03,STIC,20220419-20220701,SW,21038950,20666.8,4.415,81.03271,1,fair,NA,2022
AIMS,2022-05-04T04:30:00Z,STIC03,STIC,20220419-20220701,SW,21038950,20666.8,4.415,81.03271,1,fair,NA,2022
AIMS,2022-05-04T04:45:00Z,STIC03,STIC,20220419-20220701,SW,21038950,20666.8,4.415,81.03271,1,fair,NA,2022
AIMS,2022-05-04T05:00:00Z,STIC03,STIC,20220419-20220701,SW,21038950,20666.8,4.415,81.03271,1,fair,NA,2022
AIMS,2022-05-04T05:15:00Z,STIC03,STIC,20220419-20220701,SW,21038950,20666.8,4.311111,81.03271,1,fair,NA,2022
AIMS,2022-05-04T05:30:00Z,STIC03,STIC,20220419-20220701,SW,21038950,20666.8,4.311111,81.03271,1,fair,NA,2022
AIMS,2022-05-04T05:45:00Z,STIC03,STIC,20220419-20220701,SW,21038950,20666.8,4.311111,81.03271,1,fair,NA,2022
AIMS,2022-05-04T06:00:00Z,STIC03,STIC,20220419-20220701,SW,21038950,19977.9,4.311111,78.22389,1,fair,NA,2022
AIMS,2022-05-04T06:15:00Z,STIC03,STIC,20220419-20220701,SW,21038950,19977.9,4.311111,78.22389,1,fair,NA,2022
AIMS,2022-05-04T06:30:00Z,STIC03,STIC,20220419-20220701,SW,21038950,19977.9,4.207222,78.22389,1,fair,NA,2022
AIMS,2022-05-04T06:45:00Z,STIC03,STIC,20220419-20220701,SW,21038950,19977.9,4.207222,78.22389,1,fair,NA,2022
AIMS,2022-05-04T07:00:00Z,STIC03,STIC,20220419-20220701,SW,21038950,19977.9,4.207222,78.22389,1,fair,NA,2022
AIMS,2022-05-04T07:15:00Z,STIC03,STIC,20220419-20220701,SW,21038950,19977.9,4.207222,78.22389,1,fair,NA,2022
AIMS,2022-05-04T07:30:00Z,STIC03,STIC,20220419-20220701,SW,21038950,19977.9,4.207222,78.22389,1,fair,NA,2022
AIMS,2022-05-04T07:45:00Z,STIC03,STIC,20220419-20220701,SW,21038950,19977.9,4.207222,78.22389,1,fair,NA,2022
AIMS,2022-05-04T08:00:00Z,STIC03,STIC,20220419-20220701,SW,21038950,19977.9,4.207222,78.22389,1,fair,NA,2022
AIMS,2022-05-04T08:15:00Z,STIC03,STIC,20220419-20220701,SW,21038950,19289,4.207222,75.41507,1,fair,NA,2022
AIMS,2022-05-04T08:30:00Z,STIC03,STIC,20220419-20220701,SW,21038950,19977.9,4.311111,78.22389,1,fair,NA,2022
AIMS,2022-05-04T08:45:00Z,STIC03,STIC,20220419-20220701,SW,21038950,19289,4.415,75.41507,1,fair,NA,2022
AIMS,2022-05-04T09:00:00Z,STIC03,STIC,20220419-20220701,SW,21038950,19289,4.518889,75.41507,1,fair,NA,2022
AIMS,2022-05-04T09:15:00Z,STIC03,STIC,20220419-20220701,SW,21038950,19289,4.622778,75.41507,1,fair,NA,2022
AIMS,2022-05-04T09:30:00Z,STIC03,STIC,20220419-20220701,SW,21038950,19977.9,4.727222,78.22389,1,fair,NA,2022
AIMS,2022-05-04T09:45:00Z,STIC03,STIC,20220419-20220701,SW,21038950,19977.9,4.933889,78.22389,1,fair,NA,2022
AIMS,2022-05-04T10:00:00Z,STIC03,STIC,20220419-20220701,SW,21038950,19977.9,5.141111,78.22389,1,fair,NA,2022
AIMS,2022-05-04T10:15:00Z,STIC03,STIC,20220419-20220701,SW,21038950,19977.9,5.243889,78.22389,1,fair,NA,2022
AIMS,2022-05-04T10:30:00Z,STIC03,STIC,20220419-20220701,SW,21038950,19977.9,5.45,78.22389,1,fair,NA,2022
AIMS,2022-05-04T10:45:00Z,STIC03,STIC,20220419-20220701,SW,21038950,19977.9,5.45,78.22389,1,fair,NA,2022
AIMS,2022-05-04T11:00:00Z,STIC03,STIC,20220419-20220701,SW,21038950,19977.9,5.552222,78.22389,1,fair,NA,2022
AIMS,2022-05-04T11:15:00Z,STIC03,STIC,20220419-20220701,SW,21038950,20666.8,5.655,81.03271,1,fair,NA,2022
AIMS,2022-05-04T11:30:00Z,STIC03,STIC,20220419-20220701,SW,21038950,20666.8,5.86,81.03271,1,fair,NA,2022
AIMS,2022-05-04T11:45:00Z,STIC03,STIC,20220419-20220701,SW,21038950,20666.8,6.063889,81.03271,1,fair,NA,2022
AIMS,2022-05-04T12:00:00Z,STIC03,STIC,20220419-20220701,SW,21038950,20666.8,6.37,81.03271,1,fair,NA,2022
AIMS,2022-05-04T12:15:00Z,STIC03,STIC,20220419-20220701,SW,21038950,20666.8,6.673889,81.03271,1,fair,NA,2022
AIMS,2022-05-04T12:30:00Z,STIC03,STIC,20220419-20220701,SW,21038950,20666.8,6.977778,81.03271,1,fair,NA,2022
AIMS,2022-05-04T12:45:00Z,STIC03,STIC,20220419-20220701,SW,21038950,20666.8,6.977778,81.03271,1,fair,NA,2022
AIMS,2022-05-04T13:00:00Z,STIC03,STIC,20220419-20220701,SW,21038950,20666.8,7.28,81.03271,1,fair,NA,2022
AIMS,2022-05-04T13:15:00Z,STIC03,STIC,20220419-20220701,SW,21038950,20666.8,7.682222,81.03271,1,fair,NA,2022
AIMS,2022-05-04T13:30:00Z,STIC03,STIC,20220419-20220701,SW,21038950,20666.8,7.882222,81.03271,1,fair,NA,2022
AIMS,2022-05-04T13:45:00Z,STIC03,STIC,20220419-20220701,SW,21038950,21355.7,8.182222,83.84154,1,fair,NA,2022
AIMS,2022-05-04T14:00:00Z,STIC03,STIC,20220419-20220701,SW,21038950,21355.7,8.581111,83.84154,1,fair,NA,2022
AIMS,2022-05-04T14:15:00Z,STIC03,STIC,20220419-20220701,SW,21038950,21355.7,8.878889,83.84154,1,fair,NA,2022
AIMS,2022-05-04T14:30:00Z,STIC03,STIC,20220419-20220701,SW,21038950,21355.7,9.077222,83.84154,1,fair,NA,2022
AIMS,2022-05-04T14:45:00Z,STIC03,STIC,20220419-20220701,SW,21038950,20666.8,9.275,81.03271,1,fair,NA,2022
AIMS,2022-05-04T15:00:00Z,STIC03,STIC,20220419-20220701,SW,21038950,19977.9,9.472222,78.22389,1,fair,NA,2022
AIMS,2022-05-04T15:15:00Z,STIC03,STIC,20220419-20220701,SW,21038950,19289,9.571111,75.41507,1,fair,NA,2022
AIMS,2022-05-04T15:30:00Z,STIC03,STIC,20220419-20220701,SW,21038950,19289,9.571111,75.41507,1,fair,NA,2022
AIMS,2022-05-04T15:45:00Z,STIC03,STIC,20220419-20220701,SW,21038950,20666.8,9.668889,81.03271,1,fair,NA,2022
AIMS,2022-05-04T16:00:00Z,STIC03,STIC,20220419-20220701,SW,21038950,20666.8,9.866111,81.03271,1,fair,NA,2022
AIMS,2022-05-04T16:15:00Z,STIC03,STIC,20220419-20220701,SW,21038950,20666.8,9.767778,81.03271,1,fair,NA,2022
AIMS,2022-05-04T16:30:00Z,STIC03,STIC,20220419-20220701,SW,21038950,22044.6,9.866111,86.65036,1,fair,NA,2022
AIMS,2022-05-04T16:45:00Z,STIC03,STIC,20220419-20220701,SW,21038950,22044.6,9.767778,86.65036,1,fair,NA,2022
AIMS,2022-05-04T17:00:00Z,STIC03,STIC,20220419-20220701,SW,21038950,22044.6,9.767778,86.65036,1,fair,NA,2022
AIMS,2022-05-04T17:15:00Z,STIC03,STIC,20220419-20220701,SW,21038950,22044.6,9.668889,86.65036,1,fair,NA,2022
AIMS,2022-05-04T17:30:00Z,STIC03,STIC,20220419-20220701,SW,21038950,22044.6,9.571111,86.65036,1,fair,NA,2022
AIMS,2022-05-04T17:45:00Z,STIC03,STIC,20220419-20220701,SW,21038950,22044.6,9.472222,86.65036,1,fair,NA,2022
AIMS,2022-05-04T18:00:00Z,STIC03,STIC,20220419-20220701,SW,21038950,22044.6,9.372778,86.65036,1,fair,NA,2022
AIMS,2022-05-04T18:15:00Z,STIC03,STIC,20220419-20220701,SW,21038950,22044.6,9.176111,86.65036,1,fair,NA,2022
AIMS,2022-05-04T18:30:00Z,STIC03,STIC,20220419-20220701,SW,21038950,22044.6,9.077222,86.65036,1,fair,NA,2022
AIMS,2022-05-04T18:45:00Z,STIC03,STIC,20220419-20220701,SW,21038950,22044.6,8.878889,86.65036,1,fair,NA,2022
AIMS,2022-05-04T19:00:00Z,STIC03,STIC,20220419-20220701,SW,21038950,22044.6,8.778889,86.65036,1,fair,NA,2022
AIMS,2022-05-04T19:15:00Z,STIC03,STIC,20220419-20220701,SW,21038950,22044.6,8.581111,86.65036,1,fair,NA,2022
AIMS,2022-05-04T19:30:00Z,STIC03,STIC,20220419-20220701,SW,21038950,22044.6,8.382222,86.65036,1,fair,NA,2022
AIMS,2022-05-04T19:45:00Z,STIC03,STIC,20220419-20220701,SW,21038950,22044.6,8.282222,86.65036,1,fair,NA,2022
AIMS,2022-05-04T20:00:00Z,STIC03,STIC,20220419-20220701,SW,21038950,22044.6,8.082222,86.65036,1,fair,NA,2022
AIMS,2022-05-04T20:15:00Z,STIC03,STIC,20220419-20220701,SW,21038950,21355.7,7.882222,83.84154,1,fair,NA,2022
AIMS,2022-05-04T20:30:00Z,STIC03,STIC,20220419-20220701,SW,21038950,21355.7,7.682222,83.84154,1,fair,NA,2022
AIMS,2022-05-04T20:45:00Z,STIC03,STIC,20220419-20220701,SW,21038950,20666.8,7.481111,81.03271,1,fair,NA,2022
AIMS,2022-05-04T21:00:00Z,STIC03,STIC,20220419-20220701,SW,21038950,20666.8,7.381111,81.03271,1,fair,NA,2022
AIMS,2022-05-04T21:15:00Z,STIC03,STIC,20220419-20220701,SW,21038950,20666.8,7.178889,81.03271,1,fair,NA,2022
AIMS,2022-05-04T21:30:00Z,STIC03,STIC,20220419-20220701,SW,21038950,20666.8,6.977778,81.03271,1,fair,NA,2022
AIMS,2022-05-04T21:45:00Z,STIC03,STIC,20220419-20220701,SW,21038950,20666.8,6.877222,81.03271,1,fair,NA,2022
AIMS,2022-05-04T22:00:00Z,STIC03,STIC,20220419-20220701,SW,21038950,20666.8,6.673889,81.03271,1,fair,NA,2022
AIMS,2022-05-04T22:15:00Z,STIC03,STIC,20220419-20220701,SW,21038950,20666.8,6.572778,81.03271,1,fair,NA,2022
AIMS,2022-05-04T22:30:00Z,STIC03,STIC,20220419-20220701,SW,21038950,20666.8,6.37,81.03271,1,fair,NA,2022
AIMS,2022-05-04T22:45:00Z,STIC03,STIC,20220419-20220701,SW,21038950,20666.8,6.267778,81.03271,1,fair,NA,2022
AIMS,2022-05-04T23:00:00Z,STIC03,STIC,20220419-20220701,SW,21038950,19977.9,6.166111,78.22389,1,fair,NA,2022
AIMS,2022-05-04T23:15:00Z,STIC03,STIC,20220419-20220701,SW,21038950,19977.9,6.063889,78.22389,1,fair,NA,2022
AIMS,2022-05-04T23:30:00Z,STIC03,STIC,20220419-20220701,SW,21038950,19977.9,5.962222,78.22389,1,fair,NA,2022
AIMS,2022-05-04T23:45:00Z,STIC03,STIC,20220419-20220701,SW,21038950,19289,5.757222,75.41507,1,fair,NA,2022
AIMS,2022-05-05T00:00:00Z,STIC03,STIC,20220419-20220701,SW,21038950,19977.9,5.757222,78.22389,1,fair,NA,2022
AIMS,2022-05-05T00:15:00Z,STIC03,STIC,20220419-20220701,SW,21038950,19977.9,5.655,78.22389,1,fair,NA,2022
AIMS,2022-05-05T00:30:00Z,STIC03,STIC,20220419-20220701,SW,21038950,19977.9,5.552222,78.22389,1,fair,NA,2022
AIMS,2022-05-05T00:45:00Z,STIC03,STIC,20220419-20220701,SW,21038950,19977.9,5.552222,78.22389,1,fair,NA,2022
AIMS,2022-05-05T01:00:00Z,STIC03,STIC,20220419-20220701,SW,21038950,19289,5.45,75.41507,1,fair,NA,2022
AIMS,2022-05-05T01:15:00Z,STIC03,STIC,20220419-20220701,SW,21038950,19289,5.347222,75.41507,1,fair,NA,2022
AIMS,2022-05-05T01:30:00Z,STIC03,STIC,20220419-20220701,SW,21038950,19289,5.347222,75.41507,1,fair,NA,2022
AIMS,2022-05-05T01:45:00Z,STIC03,STIC,20220419-20220701,SW,21038950,19289,5.243889,75.41507,1,fair,NA,2022
AIMS,2022-05-05T02:00:00Z,STIC03,STIC,20220419-20220701,SW,21038950,19289,5.243889,75.41507,1,fair,NA,2022
AIMS,2022-05-05T02:15:00Z,STIC03,STIC,20220419-20220701,SW,21038950,19289,5.141111,75.41507,1,fair,NA,2022
AIMS,2022-05-05T02:30:00Z,STIC03,STIC,20220419-20220701,SW,21038950,19289,5.141111,75.41507,1,fair,NA,2022
AIMS,2022-05-05T02:45:00Z,STIC03,STIC,20220419-20220701,SW,21038950,19289,5.037222,75.41507,1,fair,NA,2022
AIMS,2022-05-05T03:00:00Z,STIC03,STIC,20220419-20220701,SW,21038950,19289,5.037222,75.41507,1,fair,NA,2022
AIMS,2022-05-05T03:15:00Z,STIC03,STIC,20220419-20220701,SW,21038950,19289,5.037222,75.41507,1,fair,NA,2022
AIMS,2022-05-05T03:30:00Z,STIC03,STIC,20220419-20220701,SW,21038950,19289,5.037222,75.41507,1,fair,NA,2022
AIMS,2022-05-05T03:45:00Z,STIC03,STIC,20220419-20220701,SW,21038950,18600.1,4.933889,72.60625,1,fair,NA,2022
AIMS,2022-05-05T04:00:00Z,STIC03,STIC,20220419-20220701,SW,21038950,19289,4.933889,75.41507,1,fair,NA,2022
AIMS,2022-05-05T04:15:00Z,STIC03,STIC,20220419-20220701,SW,21038950,19289,4.933889,75.41507,1,fair,NA,2022
AIMS,2022-05-05T04:30:00Z,STIC03,STIC,20220419-20220701,SW,21038950,19289,4.933889,75.41507,1,fair,NA,2022
AIMS,2022-05-05T04:45:00Z,STIC03,STIC,20220419-20220701,SW,21038950,19289,4.933889,75.41507,1,fair,NA,2022
AIMS,2022-05-05T05:00:00Z,STIC03,STIC,20220419-20220701,SW,21038950,18600.1,4.933889,72.60625,1,fair,NA,2022
AIMS,2022-05-05T05:15:00Z,STIC03,STIC,20220419-20220701,SW,21038950,18600.1,4.831111,72.60625,1,fair,NA,2022
AIMS,2022-05-05T05:30:00Z,STIC03,STIC,20220419-20220701,SW,21038950,18600.1,4.831111,72.60625,1,fair,NA,2022
AIMS,2022-05-05T05:45:00Z,STIC03,STIC,20220419-20220701,SW,21038950,18600.1,4.831111,72.60625,1,fair,NA,2022
AIMS,2022-05-05T06:00:00Z,STIC03,STIC,20220419-20220701,SW,21038950,18600.1,4.831111,72.60625,1,fair,NA,2022
AIMS,2022-05-05T06:15:00Z,STIC03,STIC,20220419-20220701,SW,21038950,18600.1,4.831111,72.60625,1,fair,NA,2022
AIMS,2022-05-05T06:30:00Z,STIC03,STIC,20220419-20220701,SW,21038950,18600.1,4.831111,72.60625,1,fair,NA,2022
AIMS,2022-05-05T06:45:00Z,STIC03,STIC,20220419-20220701,SW,21038950,18600.1,4.831111,72.60625,1,fair,NA,2022
AIMS,2022-05-05T07:00:00Z,STIC03,STIC,20220419-20220701,SW,21038950,18600.1,4.831111,72.60625,1,fair,NA,2022
AIMS,2022-05-05T07:15:00Z,STIC03,STIC,20220419-20220701,SW,21038950,18600.1,4.831111,72.60625,1,fair,NA,2022
AIMS,2022-05-05T07:30:00Z,STIC03,STIC,20220419-20220701,SW,21038950,18600.1,4.831111,72.60625,1,fair,NA,2022
AIMS,2022-05-05T07:45:00Z,STIC03,STIC,20220419-20220701,SW,21038950,18600.1,4.933889,72.60625,1,fair,NA,2022
AIMS,2022-05-05T08:00:00Z,STIC03,STIC,20220419-20220701,SW,21038950,18600.1,4.933889,72.60625,1,fair,NA,2022
AIMS,2022-05-05T08:15:00Z,STIC03,STIC,20220419-20220701,SW,21038950,18600.1,5.037222,72.60625,1,fair,NA,2022
AIMS,2022-05-05T08:30:00Z,STIC03,STIC,20220419-20220701,SW,21038950,18600.1,5.141111,72.60625,1,fair,NA,2022
AIMS,2022-05-05T08:45:00Z,STIC03,STIC,20220419-20220701,SW,21038950,18600.1,5.243889,72.60625,1,fair,NA,2022
AIMS,2022-05-05T09:00:00Z,STIC03,STIC,20220419-20220701,SW,21038950,18600.1,5.347222,72.60625,1,fair,NA,2022
AIMS,2022-05-05T09:15:00Z,STIC03,STIC,20220419-20220701,SW,21038950,18600.1,5.45,72.60625,1,fair,NA,2022
AIMS,2022-05-05T09:30:00Z,STIC03,STIC,20220419-20220701,SW,21038950,18600.1,5.552222,72.60625,1,fair,NA,2022
AIMS,2022-05-05T09:45:00Z,STIC03,STIC,20220419-20220701,SW,21038950,18600.1,5.757222,72.60625,1,fair,NA,2022
AIMS,2022-05-05T10:00:00Z,STIC03,STIC,20220419-20220701,SW,21038950,19289,5.962222,75.41507,1,fair,NA,2022
AIMS,2022-05-05T10:15:00Z,STIC03,STIC,20220419-20220701,SW,21038950,19289,6.063889,75.41507,1,fair,NA,2022
AIMS,2022-05-05T10:30:00Z,STIC03,STIC,20220419-20220701,SW,21038950,19289,6.267778,75.41507,1,fair,NA,2022
AIMS,2022-05-05T10:45:00Z,STIC03,STIC,20220419-20220701,SW,21038950,19289,6.572778,75.41507,1,fair,NA,2022
AIMS,2022-05-05T11:00:00Z,STIC03,STIC,20220419-20220701,SW,21038950,19289,6.775,75.41507,1,fair,NA,2022
AIMS,2022-05-05T11:15:00Z,STIC03,STIC,20220419-20220701,SW,21038950,19977.9,6.977778,78.22389,1,fair,NA,2022
AIMS,2022-05-05T11:30:00Z,STIC03,STIC,20220419-20220701,SW,21038950,19289,7.178889,75.41507,1,fair,NA,2022
AIMS,2022-05-05T11:45:00Z,STIC03,STIC,20220419-20220701,SW,21038950,19289,7.481111,75.41507,1,fair,NA,2022
AIMS,2022-05-05T12:00:00Z,STIC03,STIC,20220419-20220701,SW,21038950,19289,7.682222,75.41507,1,fair,NA,2022
AIMS,2022-05-05T12:15:00Z,STIC03,STIC,20220419-20220701,SW,21038950,19977.9,7.882222,78.22389,1,fair,NA,2022
AIMS,2022-05-05T12:30:00Z,STIC03,STIC,20220419-20220701,SW,21038950,20666.8,8.182222,81.03271,1,fair,NA,2022
AIMS,2022-05-05T12:45:00Z,STIC03,STIC,20220419-20220701,SW,21038950,20666.8,8.382222,81.03271,1,fair,NA,2022
AIMS,2022-05-05T13:00:00Z,STIC03,STIC,20220419-20220701,SW,21038950,20666.8,8.68,81.03271,1,fair,NA,2022
AIMS,2022-05-05T13:15:00Z,STIC03,STIC,20220419-20220701,SW,21038950,20666.8,8.977778,81.03271,1,fair,NA,2022
AIMS,2022-05-05T13:30:00Z,STIC03,STIC,20220419-20220701,SW,21038950,20666.8,9.176111,81.03271,1,fair,NA,2022
AIMS,2022-05-05T13:45:00Z,STIC03,STIC,20220419-20220701,SW,21038950,20666.8,9.372778,81.03271,1,fair,NA,2022
AIMS,2022-05-05T14:00:00Z,STIC03,STIC,20220419-20220701,SW,21038950,19977.9,9.571111,78.22389,1,fair,NA,2022
AIMS,2022-05-05T14:15:00Z,STIC03,STIC,20220419-20220701,SW,21038950,20666.8,9.571111,81.03271,1,fair,NA,2022
AIMS,2022-05-05T14:30:00Z,STIC03,STIC,20220419-20220701,SW,21038950,20666.8,9.668889,81.03271,1,fair,NA,2022
AIMS,2022-05-05T14:45:00Z,STIC03,STIC,20220419-20220701,SW,21038950,20666.8,9.866111,81.03271,1,fair,NA,2022
AIMS,2022-05-05T15:00:00Z,STIC03,STIC,20220419-20220701,SW,21038950,21355.7,10.06278,83.84154,1,fair,NA,2022
AIMS,2022-05-05T15:15:00Z,STIC03,STIC,20220419-20220701,SW,21038950,22044.6,10.16111,86.65036,1,fair,NA,2022
AIMS,2022-05-05T15:30:00Z,STIC03,STIC,20220419-20220701,SW,21038950,22044.6,10.16111,86.65036,1,fair,NA,2022
AIMS,2022-05-05T15:45:00Z,STIC03,STIC,20220419-20220701,SW,21038950,22044.6,10.06278,86.65036,1,fair,NA,2022
AIMS,2022-05-05T16:00:00Z,STIC03,STIC,20220419-20220701,SW,21038950,22044.6,10.06278,86.65036,1,fair,NA,2022
AIMS,2022-05-05T16:15:00Z,STIC03,STIC,20220419-20220701,SW,21038950,22044.6,10.16111,86.65036,1,fair,NA,2022
AIMS,2022-05-05T16:30:00Z,STIC03,STIC,20220419-20220701,SW,21038950,22044.6,10.25889,86.65036,1,fair,NA,2022
AIMS,2022-05-05T16:45:00Z,STIC03,STIC,20220419-20220701,SW,21038950,22044.6,10.16111,86.65036,1,fair,NA,2022
AIMS,2022-05-05T17:00:00Z,STIC03,STIC,20220419-20220701,SW,21038950,22044.6,10.06278,86.65036,1,fair,NA,2022
AIMS,2022-05-05T17:15:00Z,STIC03,STIC,20220419-20220701,SW,21038950,22044.6,10.06278,86.65036,1,fair,NA,2022
AIMS,2022-05-05T17:30:00Z,STIC03,STIC,20220419-20220701,SW,21038950,22044.6,9.965,86.65036,1,fair,NA,2022
AIMS,2022-05-05T17:45:00Z,STIC03,STIC,20220419-20220701,SW,21038950,22044.6,9.866111,86.65036,1,fair,NA,2022
AIMS,2022-05-05T18:00:00Z,STIC03,STIC,20220419-20220701,SW,21038950,22044.6,9.767778,86.65036,1,fair,NA,2022
AIMS,2022-05-05T18:15:00Z,STIC03,STIC,20220419-20220701,SW,21038950,22044.6,9.668889,86.65036,1,fair,NA,2022
AIMS,2022-05-05T18:30:00Z,STIC03,STIC,20220419-20220701,SW,21038950,22044.6,9.571111,86.65036,1,fair,NA,2022
AIMS,2022-05-05T18:45:00Z,STIC03,STIC,20220419-20220701,SW,21038950,22044.6,9.372778,86.65036,1,fair,NA,2022
AIMS,2022-05-05T19:00:00Z,STIC03,STIC,20220419-20220701,SW,21038950,22044.6,9.275,86.65036,1,fair,NA,2022
AIMS,2022-05-05T19:15:00Z,STIC03,STIC,20220419-20220701,SW,21038950,22044.6,9.077222,86.65036,1,fair,NA,2022
AIMS,2022-05-05T19:30:00Z,STIC03,STIC,20220419-20220701,SW,21038950,22044.6,8.977778,86.65036,1,fair,NA,2022
AIMS,2022-05-05T19:45:00Z,STIC03,STIC,20220419-20220701,SW,21038950,22044.6,8.878889,86.65036,1,fair,NA,2022
AIMS,2022-05-05T20:00:00Z,STIC03,STIC,20220419-20220701,SW,21038950,22044.6,8.778889,86.65036,1,fair,NA,2022
AIMS,2022-05-05T20:15:00Z,STIC03,STIC,20220419-20220701,SW,21038950,22044.6,8.581111,86.65036,1,fair,NA,2022
AIMS,2022-05-05T20:30:00Z,STIC03,STIC,20220419-20220701,SW,21038950,22044.6,8.481111,86.65036,1,fair,NA,2022
AIMS,2022-05-05T20:45:00Z,STIC03,STIC,20220419-20220701,SW,21038950,22044.6,8.282222,86.65036,1,fair,NA,2022
AIMS,2022-05-05T21:00:00Z,STIC03,STIC,20220419-20220701,SW,21038950,22044.6,8.182222,86.65036,1,fair,NA,2022
AIMS,2022-05-05T21:15:00Z,STIC03,STIC,20220419-20220701,SW,21038950,22044.6,8.082222,86.65036,1,fair,NA,2022
AIMS,2022-05-05T21:30:00Z,STIC03,STIC,20220419-20220701,SW,21038950,22044.6,7.882222,86.65036,1,fair,NA,2022
AIMS,2022-05-05T21:45:00Z,STIC03,STIC,20220419-20220701,SW,21038950,22044.6,7.782222,86.65036,1,fair,NA,2022
AIMS,2022-05-05T22:00:00Z,STIC03,STIC,20220419-20220701,SW,21038950,22044.6,7.682222,86.65036,1,fair,NA,2022
AIMS,2022-05-05T22:15:00Z,STIC03,STIC,20220419-20220701,SW,21038950,22044.6,7.582222,86.65036,1,fair,NA,2022
AIMS,2022-05-05T22:30:00Z,STIC03,STIC,20220419-20220701,SW,21038950,22044.6,7.481111,86.65036,1,fair,NA,2022
AIMS,2022-05-05T22:45:00Z,STIC03,STIC,20220419-20220701,SW,21038950,22044.6,7.381111,86.65036,1,fair,NA,2022
AIMS,2022-05-05T23:00:00Z,STIC03,STIC,20220419-20220701,SW,21038950,22044.6,7.28,86.65036,1,fair,NA,2022
AIMS,2022-05-05T23:15:00Z,STIC03,STIC,20220419-20220701,SW,21038950,21355.7,7.178889,83.84154,1,fair,NA,2022
AIMS,2022-05-05T23:30:00Z,STIC03,STIC,20220419-20220701,SW,21038950,21355.7,7.178889,83.84154,1,fair,NA,2022
AIMS,2022-05-05T23:45:00Z,STIC03,STIC,20220419-20220701,SW,21038950,21355.7,7.078889,83.84154,1,fair,NA,2022
AIMS,2022-05-06T00:00:00Z,STIC03,STIC,20220419-20220701,SW,21038950,21355.7,6.977778,83.84154,1,fair,NA,2022
AIMS,2022-05-06T00:15:00Z,STIC03,STIC,20220419-20220701,SW,21038950,21355.7,6.977778,83.84154,1,fair,NA,2022
AIMS,2022-05-06T00:30:00Z,STIC03,STIC,20220419-20220701,SW,21038950,21355.7,6.977778,83.84154,1,fair,NA,2022
AIMS,2022-05-06T00:45:00Z,STIC03,STIC,20220419-20220701,SW,21038950,21355.7,6.877222,83.84154,1,fair,NA,2022
AIMS,2022-05-06T01:00:00Z,STIC03,STIC,20220419-20220701,SW,21038950,21355.7,6.775,83.84154,1,fair,NA,2022
AIMS,2022-05-06T01:15:00Z,STIC03,STIC,20220419-20220701,SW,21038950,21355.7,6.775,83.84154,1,fair,NA,2022
AIMS,2022-05-06T01:30:00Z,STIC03,STIC,20220419-20220701,SW,21038950,21355.7,6.775,83.84154,1,fair,NA,2022
AIMS,2022-05-06T01:45:00Z,STIC03,STIC,20220419-20220701,SW,21038950,20666.8,6.673889,81.03271,1,fair,NA,2022
AIMS,2022-05-06T02:00:00Z,STIC03,STIC,20220419-20220701,SW,21038950,20666.8,6.673889,81.03271,1,fair,NA,2022
AIMS,2022-05-06T02:15:00Z,STIC03,STIC,20220419-20220701,SW,21038950,20666.8,6.572778,81.03271,1,fair,NA,2022
AIMS,2022-05-06T02:30:00Z,STIC03,STIC,20220419-20220701,SW,21038950,20666.8,6.572778,81.03271,1,fair,NA,2022
AIMS,2022-05-06T02:45:00Z,STIC03,STIC,20220419-20220701,SW,21038950,20666.8,6.471111,81.03271,1,fair,NA,2022
AIMS,2022-05-06T03:00:00Z,STIC03,STIC,20220419-20220701,SW,21038950,20666.8,6.471111,81.03271,1,fair,NA,2022
AIMS,2022-05-06T03:15:00Z,STIC03,STIC,20220419-20220701,SW,21038950,20666.8,6.37,81.03271,1,fair,NA,2022
AIMS,2022-05-06T03:30:00Z,STIC03,STIC,20220419-20220701,SW,21038950,20666.8,6.37,81.03271,1,fair,NA,2022
AIMS,2022-05-06T03:45:00Z,STIC03,STIC,20220419-20220701,SW,21038950,20666.8,6.37,81.03271,1,fair,NA,2022
AIMS,2022-05-06T04:00:00Z,STIC03,STIC,20220419-20220701,SW,21038950,20666.8,6.37,81.03271,1,fair,NA,2022
AIMS,2022-05-06T04:15:00Z,STIC03,STIC,20220419-20220701,SW,21038950,20666.8,6.37,81.03271,1,fair,NA,2022
AIMS,2022-05-06T04:30:00Z,STIC03,STIC,20220419-20220701,SW,21038950,20666.8,6.267778,81.03271,1,fair,NA,2022
AIMS,2022-05-06T04:45:00Z,STIC03,STIC,20220419-20220701,SW,21038950,20666.8,6.267778,81.03271,1,fair,NA,2022
AIMS,2022-05-06T05:00:00Z,STIC03,STIC,20220419-20220701,SW,21038950,20666.8,6.267778,81.03271,1,fair,NA,2022
AIMS,2022-05-06T05:15:00Z,STIC03,STIC,20220419-20220701,SW,21038950,20666.8,6.166111,81.03271,1,fair,NA,2022
AIMS,2022-05-06T05:30:00Z,STIC03,STIC,20220419-20220701,SW,21038950,20666.8,6.166111,81.03271,1,fair,NA,2022
AIMS,2022-05-06T05:45:00Z,STIC03,STIC,20220419-20220701,SW,21038950,20666.8,6.166111,81.03271,1,fair,NA,2022
AIMS,2022-05-06T06:00:00Z,STIC03,STIC,20220419-20220701,SW,21038950,20666.8,6.166111,81.03271,1,fair,NA,2022
AIMS,2022-05-06T06:15:00Z,STIC03,STIC,20220419-20220701,SW,21038950,20666.8,6.063889,81.03271,1,fair,NA,2022
AIMS,2022-05-06T06:30:00Z,STIC03,STIC,20220419-20220701,SW,21038950,20666.8,6.063889,81.03271,1,fair,NA,2022
AIMS,2022-05-06T06:45:00Z,STIC03,STIC,20220419-20220701,SW,21038950,20666.8,6.063889,81.03271,1,fair,NA,2022
AIMS,2022-05-06T07:00:00Z,STIC03,STIC,20220419-20220701,SW,21038950,20666.8,6.063889,81.03271,1,fair,NA,2022
AIMS,2022-05-06T07:15:00Z,STIC03,STIC,20220419-20220701,SW,21038950,20666.8,6.063889,81.03271,1,fair,NA,2022
AIMS,2022-05-06T07:30:00Z,STIC03,STIC,20220419-20220701,SW,21038950,20666.8,6.063889,81.03271,1,fair,NA,2022
AIMS,2022-05-06T07:45:00Z,STIC03,STIC,20220419-20220701,SW,21038950,20666.8,6.063889,81.03271,1,fair,NA,2022
AIMS,2022-05-06T08:00:00Z,STIC03,STIC,20220419-20220701,SW,21038950,20666.8,6.063889,81.03271,1,fair,NA,2022
AIMS,2022-05-06T08:15:00Z,STIC03,STIC,20220419-20220701,SW,21038950,19977.9,6.063889,78.22389,1,fair,NA,2022
AIMS,2022-05-06T08:30:00Z,STIC03,STIC,20220419-20220701,SW,21038950,20666.8,6.063889,81.03271,1,fair,NA,2022
AIMS,2022-05-06T08:45:00Z,STIC03,STIC,20220419-20220701,SW,21038950,20666.8,6.166111,81.03271,1,fair,NA,2022
AIMS,2022-05-06T09:00:00Z,STIC03,STIC,20220419-20220701,SW,21038950,20666.8,6.267778,81.03271,1,fair,NA,2022
AIMS,2022-05-06T09:15:00Z,STIC03,STIC,20220419-20220701,SW,21038950,20666.8,6.37,81.03271,1,fair,NA,2022
AIMS,2022-05-06T09:30:00Z,STIC03,STIC,20220419-20220701,SW,21038950,20666.8,6.471111,81.03271,1,fair,NA,2022
AIMS,2022-05-06T09:45:00Z,STIC03,STIC,20220419-20220701,SW,21038950,20666.8,6.572778,81.03271,1,fair,NA,2022
AIMS,2022-05-06T10:00:00Z,STIC03,STIC,20220419-20220701,SW,21038950,20666.8,6.572778,81.03271,1,fair,NA,2022
AIMS,2022-05-06T10:15:00Z,STIC03,STIC,20220419-20220701,SW,21038950,20666.8,6.673889,81.03271,1,fair,NA,2022
AIMS,2022-05-06T10:30:00Z,STIC03,STIC,20220419-20220701,SW,21038950,20666.8,6.877222,81.03271,1,fair,NA,2022
AIMS,2022-05-06T10:45:00Z,STIC03,STIC,20220419-20220701,SW,21038950,20666.8,6.977778,81.03271,1,fair,NA,2022
AIMS,2022-05-06T11:00:00Z,STIC03,STIC,20220419-20220701,SW,21038950,20666.8,7.078889,81.03271,1,fair,NA,2022
AIMS,2022-05-06T11:15:00Z,STIC03,STIC,20220419-20220701,SW,21038950,20666.8,7.28,81.03271,1,fair,NA,2022
AIMS,2022-05-06T11:30:00Z,STIC03,STIC,20220419-20220701,SW,21038950,20666.8,7.481111,81.03271,1,fair,NA,2022
AIMS,2022-05-06T11:45:00Z,STIC03,STIC,20220419-20220701,SW,21038950,21355.7,7.782222,83.84154,1,fair,NA,2022
AIMS,2022-05-06T12:00:00Z,STIC03,STIC,20220419-20220701,SW,21038950,21355.7,7.982778,83.84154,1,fair,NA,2022
AIMS,2022-05-06T12:15:00Z,STIC03,STIC,20220419-20220701,SW,21038950,21355.7,8.282222,83.84154,1,fair,NA,2022
AIMS,2022-05-06T12:30:00Z,STIC03,STIC,20220419-20220701,SW,21038950,21355.7,8.382222,83.84154,1,fair,NA,2022
AIMS,2022-05-06T12:45:00Z,STIC03,STIC,20220419-20220701,SW,21038950,22044.6,8.68,86.65036,1,fair,NA,2022
AIMS,2022-05-06T13:00:00Z,STIC03,STIC,20220419-20220701,SW,21038950,22044.6,8.878889,86.65036,1,fair,NA,2022
AIMS,2022-05-06T13:15:00Z,STIC03,STIC,20220419-20220701,SW,21038950,22044.6,8.977778,86.65036,1,fair,NA,2022
AIMS,2022-05-06T13:30:00Z,STIC03,STIC,20220419-20220701,SW,21038950,22044.6,9.176111,86.65036,1,fair,NA,2022
AIMS,2022-05-06T13:45:00Z,STIC03,STIC,20220419-20220701,SW,21038950,22044.6,9.372778,86.65036,1,fair,NA,2022
AIMS,2022-05-06T14:00:00Z,STIC03,STIC,20220419-20220701,SW,21038950,22044.6,9.472222,86.65036,1,fair,NA,2022
AIMS,2022-05-06T14:15:00Z,STIC03,STIC,20220419-20220701,SW,21038950,22044.6,9.571111,86.65036,1,fair,NA,2022
AIMS,2022-05-06T14:30:00Z,STIC03,STIC,20220419-20220701,SW,21038950,22044.6,9.571111,86.65036,1,fair,NA,2022
AIMS,2022-05-06T14:45:00Z,STIC03,STIC,20220419-20220701,SW,21038950,22044.6,9.571111,86.65036,1,fair,NA,2022
AIMS,2022-05-06T15:00:00Z,STIC03,STIC,20220419-20220701,SW,21038950,22044.6,9.668889,86.65036,1,fair,NA,2022
AIMS,2022-05-06T15:15:00Z,STIC03,STIC,20220419-20220701,SW,21038950,22044.6,9.668889,86.65036,1,fair,NA,2022
AIMS,2022-05-06T15:30:00Z,STIC03,STIC,20220419-20220701,SW,21038950,22044.6,9.571111,86.65036,1,fair,NA,2022
AIMS,2022-05-06T15:45:00Z,STIC03,STIC,20220419-20220701,SW,21038950,22044.6,9.571111,86.65036,1,fair,NA,2022
AIMS,2022-05-06T16:00:00Z,STIC03,STIC,20220419-20220701,SW,21038950,22044.6,9.571111,86.65036,1,fair,NA,2022
AIMS,2022-05-06T16:15:00Z,STIC03,STIC,20220419-20220701,SW,21038950,22044.6,9.571111,86.65036,1,fair,NA,2022
AIMS,2022-05-06T16:30:00Z,STIC03,STIC,20220419-20220701,SW,21038950,22044.6,9.472222,86.65036,1,fair,NA,2022
AIMS,2022-05-06T16:45:00Z,STIC03,STIC,20220419-20220701,SW,21038950,22044.6,9.372778,86.65036,1,fair,NA,2022
AIMS,2022-05-06T17:00:00Z,STIC03,STIC,20220419-20220701,SW,21038950,22044.6,9.372778,86.65036,1,fair,NA,2022
AIMS,2022-05-06T17:15:00Z,STIC03,STIC,20220419-20220701,SW,21038950,22044.6,9.372778,86.65036,1,fair,NA,2022
AIMS,2022-05-06T17:30:00Z,STIC03,STIC,20220419-20220701,SW,21038950,22044.6,9.275,86.65036,1,fair,NA,2022
AIMS,2022-05-06T17:45:00Z,STIC03,STIC,20220419-20220701,SW,21038950,22044.6,9.176111,86.65036,1,fair,NA,2022
AIMS,2022-05-06T18:00:00Z,STIC03,STIC,20220419-20220701,SW,21038950,22044.6,9.077222,86.65036,1,fair,NA,2022
AIMS,2022-05-06T18:15:00Z,STIC03,STIC,20220419-20220701,SW,21038950,22044.6,9.077222,86.65036,1,fair,NA,2022
AIMS,2022-05-06T18:30:00Z,STIC03,STIC,20220419-20220701,SW,21038950,22044.6,8.977778,86.65036,1,fair,NA,2022
AIMS,2022-05-06T18:45:00Z,STIC03,STIC,20220419-20220701,SW,21038950,22044.6,8.878889,86.65036,1,fair,NA,2022
AIMS,2022-05-06T19:00:00Z,STIC03,STIC,20220419-20220701,SW,21038950,22044.6,8.778889,86.65036,1,fair,NA,2022
AIMS,2022-05-06T19:15:00Z,STIC03,STIC,20220419-20220701,SW,21038950,22044.6,8.68,86.65036,1,fair,NA,2022
AIMS,2022-05-06T19:30:00Z,STIC03,STIC,20220419-20220701,SW,21038950,22044.6,8.581111,86.65036,1,fair,NA,2022
AIMS,2022-05-06T19:45:00Z,STIC03,STIC,20220419-20220701,SW,21038950,22044.6,8.481111,86.65036,1,fair,NA,2022
AIMS,2022-05-06T20:00:00Z,STIC03,STIC,20220419-20220701,SW,21038950,21355.7,8.382222,83.84154,1,fair,NA,2022
AIMS,2022-05-06T20:15:00Z,STIC03,STIC,20220419-20220701,SW,21038950,21355.7,8.282222,83.84154,1,fair,NA,2022
AIMS,2022-05-06T20:30:00Z,STIC03,STIC,20220419-20220701,SW,21038950,21355.7,8.182222,83.84154,1,fair,NA,2022
AIMS,2022-05-06T20:45:00Z,STIC03,STIC,20220419-20220701,SW,21038950,21355.7,8.082222,83.84154,1,fair,NA,2022
AIMS,2022-05-06T21:00:00Z,STIC03,STIC,20220419-20220701,SW,21038950,21355.7,7.982778,83.84154,1,fair,NA,2022
AIMS,2022-05-06T21:15:00Z,STIC03,STIC,20220419-20220701,SW,21038950,21355.7,7.882222,83.84154,1,fair,NA,2022
AIMS,2022-05-06T21:30:00Z,STIC03,STIC,20220419-20220701,SW,21038950,21355.7,7.782222,83.84154,1,fair,NA,2022
AIMS,2022-05-06T21:45:00Z,STIC03,STIC,20220419-20220701,SW,21038950,21355.7,7.682222,83.84154,1,fair,NA,2022
AIMS,2022-05-06T22:00:00Z,STIC03,STIC,20220419-20220701,SW,21038950,21355.7,7.582222,83.84154,1,fair,NA,2022
AIMS,2022-05-06T22:15:00Z,STIC03,STIC,20220419-20220701,SW,21038950,20666.8,7.481111,81.03271,1,fair,NA,2022
AIMS,2022-05-06T22:30:00Z,STIC03,STIC,20220419-20220701,SW,21038950,20666.8,7.381111,81.03271,1,fair,NA,2022
AIMS,2022-05-06T22:45:00Z,STIC03,STIC,20220419-20220701,SW,21038950,20666.8,7.28,81.03271,1,fair,NA,2022
AIMS,2022-05-06T23:00:00Z,STIC03,STIC,20220419-20220701,SW,21038950,20666.8,7.178889,81.03271,1,fair,NA,2022
AIMS,2022-05-06T23:15:00Z,STIC03,STIC,20220419-20220701,SW,21038950,20666.8,7.078889,81.03271,1,fair,NA,2022
AIMS,2022-05-06T23:30:00Z,STIC03,STIC,20220419-20220701,SW,21038950,20666.8,6.977778,81.03271,1,fair,NA,2022
AIMS,2022-05-06T23:45:00Z,STIC03,STIC,20220419-20220701,SW,21038950,20666.8,6.977778,81.03271,1,fair,NA,2022
AIMS,2022-05-07T00:00:00Z,STIC03,STIC,20220419-20220701,SW,21038950,20666.8,6.877222,81.03271,1,fair,NA,2022
AIMS,2022-05-07T00:15:00Z,STIC03,STIC,20220419-20220701,SW,21038950,20666.8,6.775,81.03271,1,fair,NA,2022
AIMS,2022-05-07T00:30:00Z,STIC03,STIC,20220419-20220701,SW,21038950,20666.8,6.775,81.03271,1,fair,NA,2022
AIMS,2022-05-07T00:45:00Z,STIC03,STIC,20220419-20220701,SW,21038950,20666.8,6.673889,81.03271,1,fair,NA,2022
AIMS,2022-05-07T01:00:00Z,STIC03,STIC,20220419-20220701,SW,21038950,20666.8,6.572778,81.03271,1,fair,NA,2022
AIMS,2022-05-07T01:15:00Z,STIC03,STIC,20220419-20220701,SW,21038950,20666.8,6.572778,81.03271,1,fair,NA,2022
AIMS,2022-05-07T01:30:00Z,STIC03,STIC,20220419-20220701,SW,21038950,20666.8,6.471111,81.03271,1,fair,NA,2022
AIMS,2022-05-07T01:45:00Z,STIC03,STIC,20220419-20220701,SW,21038950,20666.8,6.471111,81.03271,1,fair,NA,2022
AIMS,2022-05-07T02:00:00Z,STIC03,STIC,20220419-20220701,SW,21038950,20666.8,6.471111,81.03271,1,fair,NA,2022
AIMS,2022-05-07T02:15:00Z,STIC03,STIC,20220419-20220701,SW,21038950,20666.8,6.572778,81.03271,1,fair,NA,2022
AIMS,2022-05-07T02:30:00Z,STIC03,STIC,20220419-20220701,SW,21038950,20666.8,6.572778,81.03271,1,fair,NA,2022
AIMS,2022-05-07T02:45:00Z,STIC03,STIC,20220419-20220701,SW,21038950,20666.8,6.572778,81.03271,1,fair,NA,2022
AIMS,2022-05-07T03:00:00Z,STIC03,STIC,20220419-20220701,SW,21038950,20666.8,6.572778,81.03271,1,fair,NA,2022
AIMS,2022-05-07T03:15:00Z,STIC03,STIC,20220419-20220701,SW,21038950,20666.8,6.572778,81.03271,1,fair,NA,2022
AIMS,2022-05-07T03:30:00Z,STIC03,STIC,20220419-20220701,SW,21038950,20666.8,6.471111,81.03271,1,fair,NA,2022
AIMS,2022-05-07T03:45:00Z,STIC03,STIC,20220419-20220701,SW,21038950,20666.8,6.471111,81.03271,1,fair,NA,2022
AIMS,2022-05-07T04:00:00Z,STIC03,STIC,20220419-20220701,SW,21038950,20666.8,6.471111,81.03271,1,fair,NA,2022
AIMS,2022-05-07T04:15:00Z,STIC03,STIC,20220419-20220701,SW,21038950,20666.8,6.471111,81.03271,1,fair,NA,2022
AIMS,2022-05-07T04:30:00Z,STIC03,STIC,20220419-20220701,SW,21038950,20666.8,6.37,81.03271,1,fair,NA,2022
AIMS,2022-05-07T04:45:00Z,STIC03,STIC,20220419-20220701,SW,21038950,20666.8,6.37,81.03271,1,fair,NA,2022
AIMS,2022-05-07T05:00:00Z,STIC03,STIC,20220419-20220701,SW,21038950,20666.8,6.37,81.03271,1,fair,NA,2022
AIMS,2022-05-07T05:15:00Z,STIC03,STIC,20220419-20220701,SW,21038950,20666.8,6.267778,81.03271,1,fair,NA,2022
AIMS,2022-05-07T05:30:00Z,STIC03,STIC,20220419-20220701,SW,21038950,20666.8,6.267778,81.03271,1,fair,NA,2022
AIMS,2022-05-07T05:45:00Z,STIC03,STIC,20220419-20220701,SW,21038950,20666.8,6.267778,81.03271,1,fair,NA,2022
AIMS,2022-05-07T06:00:00Z,STIC03,STIC,20220419-20220701,SW,21038950,19977.9,6.166111,78.22389,1,fair,NA,2022
AIMS,2022-05-07T06:15:00Z,STIC03,STIC,20220419-20220701,SW,21038950,19977.9,6.063889,78.22389,1,fair,NA,2022
AIMS,2022-05-07T06:30:00Z,STIC03,STIC,20220419-20220701,SW,21038950,19977.9,5.962222,78.22389,1,fair,NA,2022
AIMS,2022-05-07T06:45:00Z,STIC03,STIC,20220419-20220701,SW,21038950,19977.9,5.962222,78.22389,1,fair,NA,2022
AIMS,2022-05-07T07:00:00Z,STIC03,STIC,20220419-20220701,SW,21038950,19977.9,5.86,78.22389,1,fair,NA,2022
AIMS,2022-05-07T07:15:00Z,STIC03,STIC,20220419-20220701,SW,21038950,19977.9,5.757222,78.22389,1,fair,NA,2022
AIMS,2022-05-07T07:30:00Z,STIC03,STIC,20220419-20220701,SW,21038950,19977.9,5.757222,78.22389,1,fair,NA,2022
AIMS,2022-05-07T07:45:00Z,STIC03,STIC,20220419-20220701,SW,21038950,19977.9,5.757222,78.22389,1,fair,NA,2022
AIMS,2022-05-07T08:00:00Z,STIC03,STIC,20220419-20220701,SW,21038950,19977.9,5.655,78.22389,1,fair,NA,2022
AIMS,2022-05-07T08:15:00Z,STIC03,STIC,20220419-20220701,SW,21038950,19977.9,5.655,78.22389,1,fair,NA,2022
AIMS,2022-05-07T08:30:00Z,STIC03,STIC,20220419-20220701,SW,21038950,19977.9,5.655,78.22389,1,fair,NA,2022
AIMS,2022-05-07T08:45:00Z,STIC03,STIC,20220419-20220701,SW,21038950,19977.9,5.655,78.22389,1,fair,NA,2022
AIMS,2022-05-07T09:00:00Z,STIC03,STIC,20220419-20220701,SW,21038950,19977.9,5.655,78.22389,1,fair,NA,2022
AIMS,2022-05-07T09:15:00Z,STIC03,STIC,20220419-20220701,SW,21038950,19977.9,5.655,78.22389,1,fair,NA,2022
AIMS,2022-05-07T09:30:00Z,STIC03,STIC,20220419-20220701,SW,21038950,19977.9,5.655,78.22389,1,fair,NA,2022
AIMS,2022-05-07T09:45:00Z,STIC03,STIC,20220419-20220701,SW,21038950,19977.9,5.757222,78.22389,1,fair,NA,2022
AIMS,2022-05-07T10:00:00Z,STIC03,STIC,20220419-20220701,SW,21038950,19977.9,5.86,78.22389,1,fair,NA,2022
AIMS,2022-05-07T10:15:00Z,STIC03,STIC,20220419-20220701,SW,21038950,19977.9,5.962222,78.22389,1,fair,NA,2022
AIMS,2022-05-07T10:30:00Z,STIC03,STIC,20220419-20220701,SW,21038950,19977.9,6.166111,78.22389,1,fair,NA,2022
AIMS,2022-05-07T10:45:00Z,STIC03,STIC,20220419-20220701,SW,21038950,19977.9,6.267778,78.22389,1,fair,NA,2022
AIMS,2022-05-07T11:00:00Z,STIC03,STIC,20220419-20220701,SW,21038950,20666.8,6.471111,81.03271,1,fair,NA,2022
AIMS,2022-05-07T11:15:00Z,STIC03,STIC,20220419-20220701,SW,21038950,20666.8,6.572778,81.03271,1,fair,NA,2022
AIMS,2022-05-07T11:30:00Z,STIC03,STIC,20220419-20220701,SW,21038950,20666.8,6.775,81.03271,1,fair,NA,2022
AIMS,2022-05-07T11:45:00Z,STIC03,STIC,20220419-20220701,SW,21038950,20666.8,6.877222,81.03271,1,fair,NA,2022
AIMS,2022-05-07T12:00:00Z,STIC03,STIC,20220419-20220701,SW,21038950,20666.8,6.977778,81.03271,1,fair,NA,2022
AIMS,2022-05-07T12:15:00Z,STIC03,STIC,20220419-20220701,SW,21038950,20666.8,7.078889,81.03271,1,fair,NA,2022
AIMS,2022-05-07T12:30:00Z,STIC03,STIC,20220419-20220701,SW,21038950,20666.8,7.28,81.03271,1,fair,NA,2022
AIMS,2022-05-07T12:45:00Z,STIC03,STIC,20220419-20220701,SW,21038950,20666.8,7.381111,81.03271,1,fair,NA,2022
AIMS,2022-05-07T13:00:00Z,STIC03,STIC,20220419-20220701,SW,21038950,20666.8,7.582222,81.03271,1,fair,NA,2022
AIMS,2022-05-07T13:15:00Z,STIC03,STIC,20220419-20220701,SW,21038950,20666.8,7.882222,81.03271,1,fair,NA,2022
AIMS,2022-05-07T13:30:00Z,STIC03,STIC,20220419-20220701,SW,21038950,20666.8,8.182222,81.03271,1,fair,NA,2022
AIMS,2022-05-07T13:45:00Z,STIC03,STIC,20220419-20220701,SW,21038950,20666.8,8.282222,81.03271,1,fair,NA,2022
AIMS,2022-05-07T14:00:00Z,STIC03,STIC,20220419-20220701,SW,21038950,21355.7,8.481111,83.84154,1,fair,NA,2022
AIMS,2022-05-07T14:15:00Z,STIC03,STIC,20220419-20220701,SW,21038950,21355.7,8.68,83.84154,1,fair,NA,2022
AIMS,2022-05-07T14:30:00Z,STIC03,STIC,20220419-20220701,SW,21038950,21355.7,8.778889,83.84154,1,fair,NA,2022
AIMS,2022-05-07T14:45:00Z,STIC03,STIC,20220419-20220701,SW,21038950,21355.7,8.778889,83.84154,1,fair,NA,2022
AIMS,2022-05-07T15:00:00Z,STIC03,STIC,20220419-20220701,SW,21038950,21355.7,8.878889,83.84154,1,fair,NA,2022
AIMS,2022-05-07T15:15:00Z,STIC03,STIC,20220419-20220701,SW,21038950,21355.7,8.977778,83.84154,1,fair,NA,2022
AIMS,2022-05-07T15:30:00Z,STIC03,STIC,20220419-20220701,SW,21038950,21355.7,9.077222,83.84154,1,fair,NA,2022
AIMS,2022-05-07T15:45:00Z,STIC03,STIC,20220419-20220701,SW,21038950,21355.7,9.077222,83.84154,1,fair,NA,2022
AIMS,2022-05-07T16:00:00Z,STIC03,STIC,20220419-20220701,SW,21038950,21355.7,9.077222,83.84154,1,fair,NA,2022
AIMS,2022-05-07T16:15:00Z,STIC03,STIC,20220419-20220701,SW,21038950,21355.7,9.176111,83.84154,1,fair,NA,2022
AIMS,2022-05-07T16:30:00Z,STIC03,STIC,20220419-20220701,SW,21038950,21355.7,9.077222,83.84154,1,fair,NA,2022
AIMS,2022-05-07T16:45:00Z,STIC03,STIC,20220419-20220701,SW,21038950,21355.7,8.977778,83.84154,1,fair,NA,2022
AIMS,2022-05-07T17:00:00Z,STIC03,STIC,20220419-20220701,SW,21038950,21355.7,8.878889,83.84154,1,fair,NA,2022
AIMS,2022-05-07T17:15:00Z,STIC03,STIC,20220419-20220701,SW,21038950,21355.7,8.778889,83.84154,1,fair,NA,2022
AIMS,2022-05-07T17:30:00Z,STIC03,STIC,20220419-20220701,SW,21038950,21355.7,8.581111,83.84154,1,fair,NA,2022
AIMS,2022-05-07T17:45:00Z,STIC03,STIC,20220419-20220701,SW,21038950,21355.7,8.481111,83.84154,1,fair,NA,2022
AIMS,2022-05-07T18:00:00Z,STIC03,STIC,20220419-20220701,SW,21038950,21355.7,8.282222,83.84154,1,fair,NA,2022
AIMS,2022-05-07T18:15:00Z,STIC03,STIC,20220419-20220701,SW,21038950,20666.8,8.182222,81.03271,1,fair,NA,2022
AIMS,2022-05-07T18:30:00Z,STIC03,STIC,20220419-20220701,SW,21038950,20666.8,8.082222,81.03271,1,fair,NA,2022
AIMS,2022-05-07T18:45:00Z,STIC03,STIC,20220419-20220701,SW,21038950,20666.8,7.982778,81.03271,1,fair,NA,2022
AIMS,2022-05-07T19:00:00Z,STIC03,STIC,20220419-20220701,SW,21038950,20666.8,7.782222,81.03271,1,fair,NA,2022
AIMS,2022-05-07T19:15:00Z,STIC03,STIC,20220419-20220701,SW,21038950,20666.8,7.682222,81.03271,1,fair,NA,2022
AIMS,2022-05-07T19:30:00Z,STIC03,STIC,20220419-20220701,SW,21038950,20666.8,7.582222,81.03271,1,fair,NA,2022
AIMS,2022-05-07T19:45:00Z,STIC03,STIC,20220419-20220701,SW,21038950,20666.8,7.481111,81.03271,1,fair,NA,2022
AIMS,2022-05-07T20:00:00Z,STIC03,STIC,20220419-20220701,SW,21038950,20666.8,7.381111,81.03271,1,fair,NA,2022
AIMS,2022-05-07T20:15:00Z,STIC03,STIC,20220419-20220701,SW,21038950,20666.8,7.28,81.03271,1,fair,NA,2022
AIMS,2022-05-07T20:30:00Z,STIC03,STIC,20220419-20220701,SW,21038950,20666.8,7.078889,81.03271,1,fair,NA,2022
AIMS,2022-05-07T20:45:00Z,STIC03,STIC,20220419-20220701,SW,21038950,20666.8,6.977778,81.03271,1,fair,NA,2022
AIMS,2022-05-07T21:00:00Z,STIC03,STIC,20220419-20220701,SW,21038950,20666.8,6.877222,81.03271,1,fair,NA,2022
AIMS,2022-05-07T21:15:00Z,STIC03,STIC,20220419-20220701,SW,21038950,20666.8,6.775,81.03271,1,fair,NA,2022
AIMS,2022-05-07T21:30:00Z,STIC03,STIC,20220419-20220701,SW,21038950,20666.8,6.673889,81.03271,1,fair,NA,2022
AIMS,2022-05-07T21:45:00Z,STIC03,STIC,20220419-20220701,SW,21038950,20666.8,6.572778,81.03271,1,fair,NA,2022
AIMS,2022-05-07T22:00:00Z,STIC03,STIC,20220419-20220701,SW,21038950,20666.8,6.37,81.03271,1,fair,NA,2022
AIMS,2022-05-07T22:15:00Z,STIC03,STIC,20220419-20220701,SW,21038950,19977.9,6.267778,78.22389,1,fair,NA,2022
AIMS,2022-05-07T22:30:00Z,STIC03,STIC,20220419-20220701,SW,21038950,19977.9,6.166111,78.22389,1,fair,NA,2022
AIMS,2022-05-07T22:45:00Z,STIC03,STIC,20220419-20220701,SW,21038950,19977.9,6.063889,78.22389,1,fair,NA,2022
AIMS,2022-05-07T23:00:00Z,STIC03,STIC,20220419-20220701,SW,21038950,19977.9,5.86,78.22389,1,fair,NA,2022
AIMS,2022-05-07T23:15:00Z,STIC03,STIC,20220419-20220701,SW,21038950,19977.9,5.757222,78.22389,1,fair,NA,2022
AIMS,2022-05-07T23:30:00Z,STIC03,STIC,20220419-20220701,SW,21038950,19977.9,5.757222,78.22389,1,fair,NA,2022
AIMS,2022-05-07T23:45:00Z,STIC03,STIC,20220419-20220701,SW,21038950,19977.9,5.655,78.22389,1,fair,NA,2022
AIMS,2022-05-08T00:00:00Z,STIC03,STIC,20220419-20220701,SW,21038950,19977.9,5.655,78.22389,1,fair,NA,2022
AIMS,2022-05-08T00:15:00Z,STIC03,STIC,20220419-20220701,SW,21038950,19977.9,5.552222,78.22389,1,fair,NA,2022
AIMS,2022-05-08T00:30:00Z,STIC03,STIC,20220419-20220701,SW,21038950,19977.9,5.552222,78.22389,1,fair,NA,2022
AIMS,2022-05-08T00:45:00Z,STIC03,STIC,20220419-20220701,SW,21038950,19977.9,5.45,78.22389,1,fair,NA,2022
AIMS,2022-05-08T01:00:00Z,STIC03,STIC,20220419-20220701,SW,21038950,19977.9,5.45,78.22389,1,fair,NA,2022
AIMS,2022-05-08T01:15:00Z,STIC03,STIC,20220419-20220701,SW,21038950,19977.9,5.347222,78.22389,1,fair,NA,2022
AIMS,2022-05-08T01:30:00Z,STIC03,STIC,20220419-20220701,SW,21038950,19289,5.347222,75.41507,1,fair,NA,2022
AIMS,2022-05-08T01:45:00Z,STIC03,STIC,20220419-20220701,SW,21038950,19289,5.243889,75.41507,1,fair,NA,2022
AIMS,2022-05-08T02:00:00Z,STIC03,STIC,20220419-20220701,SW,21038950,19289,5.243889,75.41507,1,fair,NA,2022
AIMS,2022-05-08T02:15:00Z,STIC03,STIC,20220419-20220701,SW,21038950,19289,5.243889,75.41507,1,fair,NA,2022
AIMS,2022-05-08T02:30:00Z,STIC03,STIC,20220419-20220701,SW,21038950,19289,5.141111,75.41507,1,fair,NA,2022
AIMS,2022-05-08T02:45:00Z,STIC03,STIC,20220419-20220701,SW,21038950,19289,5.141111,75.41507,1,fair,NA,2022
AIMS,2022-05-08T03:00:00Z,STIC03,STIC,20220419-20220701,SW,21038950,19289,5.037222,75.41507,1,fair,NA,2022
AIMS,2022-05-08T03:15:00Z,STIC03,STIC,20220419-20220701,SW,21038950,19289,5.037222,75.41507,1,fair,NA,2022
AIMS,2022-05-08T03:30:00Z,STIC03,STIC,20220419-20220701,SW,21038950,19289,5.037222,75.41507,1,fair,NA,2022
AIMS,2022-05-08T03:45:00Z,STIC03,STIC,20220419-20220701,SW,21038950,19289,5.037222,75.41507,1,fair,NA,2022
AIMS,2022-05-08T04:00:00Z,STIC03,STIC,20220419-20220701,SW,21038950,19289,5.037222,75.41507,1,fair,NA,2022
AIMS,2022-05-08T04:15:00Z,STIC03,STIC,20220419-20220701,SW,21038950,19289,4.933889,75.41507,1,fair,NA,2022
AIMS,2022-05-08T04:30:00Z,STIC03,STIC,20220419-20220701,SW,21038950,19289,4.933889,75.41507,1,fair,NA,2022
AIMS,2022-05-08T04:45:00Z,STIC03,STIC,20220419-20220701,SW,21038950,19289,4.933889,75.41507,1,fair,NA,2022
AIMS,2022-05-08T05:00:00Z,STIC03,STIC,20220419-20220701,SW,21038950,19289,4.933889,75.41507,1,fair,NA,2022
AIMS,2022-05-08T05:15:00Z,STIC03,STIC,20220419-20220701,SW,21038950,19289,4.933889,75.41507,1,fair,NA,2022
AIMS,2022-05-08T05:30:00Z,STIC03,STIC,20220419-20220701,SW,21038950,19289,4.933889,75.41507,1,fair,NA,2022
AIMS,2022-05-08T05:45:00Z,STIC03,STIC,20220419-20220701,SW,21038950,19289,4.831111,75.41507,1,fair,NA,2022
AIMS,2022-05-08T06:00:00Z,STIC03,STIC,20220419-20220701,SW,21038950,19289,4.831111,75.41507,1,fair,NA,2022
AIMS,2022-05-08T06:15:00Z,STIC03,STIC,20220419-20220701,SW,21038950,19289,4.831111,75.41507,1,fair,NA,2022
AIMS,2022-05-08T06:30:00Z,STIC03,STIC,20220419-20220701,SW,21038950,19289,4.727222,75.41507,1,fair,NA,2022
AIMS,2022-05-08T06:45:00Z,STIC03,STIC,20220419-20220701,SW,21038950,19289,4.727222,75.41507,1,fair,NA,2022
AIMS,2022-05-08T07:00:00Z,STIC03,STIC,20220419-20220701,SW,21038950,19289,4.727222,75.41507,1,fair,NA,2022
AIMS,2022-05-08T07:15:00Z,STIC03,STIC,20220419-20220701,SW,21038950,19289,4.727222,75.41507,1,fair,NA,2022
AIMS,2022-05-08T07:30:00Z,STIC03,STIC,20220419-20220701,SW,21038950,19289,4.727222,75.41507,1,fair,NA,2022
AIMS,2022-05-08T07:45:00Z,STIC03,STIC,20220419-20220701,SW,21038950,19289,4.622778,75.41507,1,fair,NA,2022
AIMS,2022-05-08T08:00:00Z,STIC03,STIC,20220419-20220701,SW,21038950,19289,4.622778,75.41507,1,fair,NA,2022
AIMS,2022-05-08T08:15:00Z,STIC03,STIC,20220419-20220701,SW,21038950,19289,4.622778,75.41507,1,fair,NA,2022
AIMS,2022-05-08T08:30:00Z,STIC03,STIC,20220419-20220701,SW,21038950,19289,4.727222,75.41507,1,fair,NA,2022
AIMS,2022-05-08T08:45:00Z,STIC03,STIC,20220419-20220701,SW,21038950,19289,4.727222,75.41507,1,fair,NA,2022
AIMS,2022-05-08T09:00:00Z,STIC03,STIC,20220419-20220701,SW,21038950,19289,4.727222,75.41507,1,fair,NA,2022
AIMS,2022-05-08T09:15:00Z,STIC03,STIC,20220419-20220701,SW,21038950,19289,4.933889,75.41507,1,fair,NA,2022
AIMS,2022-05-08T09:30:00Z,STIC03,STIC,20220419-20220701,SW,21038950,19289,5.037222,75.41507,1,fair,NA,2022
AIMS,2022-05-08T09:45:00Z,STIC03,STIC,20220419-20220701,SW,21038950,19289,5.141111,75.41507,1,fair,NA,2022
AIMS,2022-05-08T10:00:00Z,STIC03,STIC,20220419-20220701,SW,21038950,19289,5.243889,75.41507,1,fair,NA,2022
AIMS,2022-05-08T10:15:00Z,STIC03,STIC,20220419-20220701,SW,21038950,19289,5.347222,75.41507,1,fair,NA,2022
AIMS,2022-05-08T10:30:00Z,STIC03,STIC,20220419-20220701,SW,21038950,19289,5.45,75.41507,1,fair,NA,2022
AIMS,2022-05-08T10:45:00Z,STIC03,STIC,20220419-20220701,SW,21038950,19289,5.45,75.41507,1,fair,NA,2022
AIMS,2022-05-08T11:00:00Z,STIC03,STIC,20220419-20220701,SW,21038950,19977.9,5.552222,78.22389,1,fair,NA,2022
AIMS,2022-05-08T11:15:00Z,STIC03,STIC,20220419-20220701,SW,21038950,19977.9,5.655,78.22389,1,fair,NA,2022
AIMS,2022-05-08T11:30:00Z,STIC03,STIC,20220419-20220701,SW,21038950,19977.9,5.86,78.22389,1,fair,NA,2022
AIMS,2022-05-08T11:45:00Z,STIC03,STIC,20220419-20220701,SW,21038950,19977.9,5.962222,78.22389,1,fair,NA,2022
AIMS,2022-05-08T12:00:00Z,STIC03,STIC,20220419-20220701,SW,21038950,19977.9,6.063889,78.22389,1,fair,NA,2022
AIMS,2022-05-08T12:15:00Z,STIC03,STIC,20220419-20220701,SW,21038950,19977.9,6.166111,78.22389,1,fair,NA,2022
AIMS,2022-05-08T12:30:00Z,STIC03,STIC,20220419-20220701,SW,21038950,19977.9,6.267778,78.22389,1,fair,NA,2022
AIMS,2022-05-08T12:45:00Z,STIC03,STIC,20220419-20220701,SW,21038950,19977.9,6.267778,78.22389,1,fair,NA,2022
AIMS,2022-05-08T13:00:00Z,STIC03,STIC,20220419-20220701,SW,21038950,19977.9,6.166111,78.22389,1,fair,NA,2022
AIMS,2022-05-08T13:15:00Z,STIC03,STIC,20220419-20220701,SW,21038950,19977.9,6.063889,78.22389,1,fair,NA,2022
AIMS,2022-05-08T13:30:00Z,STIC03,STIC,20220419-20220701,SW,21038950,19977.9,6.063889,78.22389,1,fair,NA,2022
AIMS,2022-05-08T13:45:00Z,STIC03,STIC,20220419-20220701,SW,21038950,19289,5.757222,75.41507,1,fair,NA,2022
AIMS,2022-05-08T14:00:00Z,STIC03,STIC,20220419-20220701,SW,21038950,19289,5.552222,75.41507,1,fair,NA,2022
AIMS,2022-05-08T14:15:00Z,STIC03,STIC,20220419-20220701,SW,21038950,19289,5.243889,75.41507,1,fair,NA,2022
AIMS,2022-05-08T14:30:00Z,STIC03,STIC,20220419-20220701,SW,21038950,18600.1,5.141111,72.60625,1,fair,NA,2022
AIMS,2022-05-08T14:45:00Z,STIC03,STIC,20220419-20220701,SW,21038950,18600.1,5.037222,72.60625,1,fair,NA,2022
AIMS,2022-05-08T15:00:00Z,STIC03,STIC,20220419-20220701,SW,21038950,18600.1,4.831111,72.60625,1,fair,NA,2022
AIMS,2022-05-08T15:15:00Z,STIC03,STIC,20220419-20220701,SW,21038950,18600.1,4.622778,72.60625,1,fair,NA,2022
AIMS,2022-05-08T15:30:00Z,STIC03,STIC,20220419-20220701,SW,21038950,18600.1,4.415,72.60625,1,fair,NA,2022
AIMS,2022-05-08T15:45:00Z,STIC03,STIC,20220419-20220701,SW,21038950,18600.1,4.207222,72.60625,1,fair,NA,2022
AIMS,2022-05-08T16:00:00Z,STIC03,STIC,20220419-20220701,SW,21038950,18600.1,4.102222,72.60625,1,fair,NA,2022
AIMS,2022-05-08T16:15:00Z,STIC03,STIC,20220419-20220701,SW,21038950,18600.1,4.102222,72.60625,1,fair,NA,2022
AIMS,2022-05-08T16:30:00Z,STIC03,STIC,20220419-20220701,SW,21038950,18600.1,3.997778,72.60625,1,fair,NA,2022
AIMS,2022-05-08T16:45:00Z,STIC03,STIC,20220419-20220701,SW,21038950,18600.1,3.997778,72.60625,1,fair,NA,2022
AIMS,2022-05-08T17:00:00Z,STIC03,STIC,20220419-20220701,SW,21038950,18600.1,4.102222,72.60625,1,fair,NA,2022
AIMS,2022-05-08T17:15:00Z,STIC03,STIC,20220419-20220701,SW,21038950,18600.1,4.102222,72.60625,1,fair,NA,2022
AIMS,2022-05-08T17:30:00Z,STIC03,STIC,20220419-20220701,SW,21038950,18600.1,4.102222,72.60625,1,fair,NA,2022
AIMS,2022-05-08T17:45:00Z,STIC03,STIC,20220419-20220701,SW,21038950,18600.1,4.207222,72.60625,1,fair,NA,2022
AIMS,2022-05-08T18:00:00Z,STIC03,STIC,20220419-20220701,SW,21038950,18600.1,4.207222,72.60625,1,fair,NA,2022
AIMS,2022-05-08T18:15:00Z,STIC03,STIC,20220419-20220701,SW,21038950,18600.1,4.207222,72.60625,1,fair,NA,2022
AIMS,2022-05-08T18:30:00Z,STIC03,STIC,20220419-20220701,SW,21038950,18600.1,4.207222,72.60625,1,fair,NA,2022
AIMS,2022-05-08T18:45:00Z,STIC03,STIC,20220419-20220701,SW,21038950,18600.1,4.311111,72.60625,1,fair,NA,2022
AIMS,2022-05-08T19:00:00Z,STIC03,STIC,20220419-20220701,SW,21038950,18600.1,4.415,72.60625,1,fair,NA,2022
AIMS,2022-05-08T19:15:00Z,STIC03,STIC,20220419-20220701,SW,21038950,18600.1,4.415,72.60625,1,fair,NA,2022
AIMS,2022-05-08T19:30:00Z,STIC03,STIC,20220419-20220701,SW,21038950,18600.1,4.518889,72.60625,1,fair,NA,2022
AIMS,2022-05-08T19:45:00Z,STIC03,STIC,20220419-20220701,SW,21038950,19289,4.518889,75.41507,1,fair,NA,2022
AIMS,2022-05-08T20:00:00Z,STIC03,STIC,20220419-20220701,SW,21038950,18600.1,4.622778,72.60625,1,fair,NA,2022
AIMS,2022-05-08T20:15:00Z,STIC03,STIC,20220419-20220701,SW,21038950,19289,4.622778,75.41507,1,fair,NA,2022
AIMS,2022-05-08T20:30:00Z,STIC03,STIC,20220419-20220701,SW,21038950,19289,4.622778,75.41507,1,fair,NA,2022
AIMS,2022-05-08T20:45:00Z,STIC03,STIC,20220419-20220701,SW,21038950,19289,4.622778,75.41507,1,fair,NA,2022
AIMS,2022-05-08T21:00:00Z,STIC03,STIC,20220419-20220701,SW,21038950,19289,4.622778,75.41507,1,fair,NA,2022
AIMS,2022-05-08T21:15:00Z,STIC03,STIC,20220419-20220701,SW,21038950,19289,4.518889,75.41507,1,fair,NA,2022
AIMS,2022-05-08T21:30:00Z,STIC03,STIC,20220419-20220701,SW,21038950,19289,4.518889,75.41507,1,fair,NA,2022
AIMS,2022-05-08T21:45:00Z,STIC03,STIC,20220419-20220701,SW,21038950,19289,4.415,75.41507,1,fair,NA,2022
AIMS,2022-05-08T22:00:00Z,STIC03,STIC,20220419-20220701,SW,21038950,19289,4.415,75.41507,1,fair,NA,2022
AIMS,2022-05-08T22:15:00Z,STIC03,STIC,20220419-20220701,SW,21038950,19289,4.311111,75.41507,1,fair,NA,2022
AIMS,2022-05-08T22:30:00Z,STIC03,STIC,20220419-20220701,SW,21038950,19289,4.311111,75.41507,1,fair,NA,2022
AIMS,2022-05-08T22:45:00Z,STIC03,STIC,20220419-20220701,SW,21038950,18600.1,4.207222,72.60625,1,fair,NA,2022
AIMS,2022-05-08T23:00:00Z,STIC03,STIC,20220419-20220701,SW,21038950,18600.1,4.207222,72.60625,1,fair,NA,2022
AIMS,2022-05-08T23:15:00Z,STIC03,STIC,20220419-20220701,SW,21038950,19289,4.102222,75.41507,1,fair,NA,2022
AIMS,2022-05-08T23:30:00Z,STIC03,STIC,20220419-20220701,SW,21038950,18600.1,4.102222,72.60625,1,fair,NA,2022
AIMS,2022-05-08T23:45:00Z,STIC03,STIC,20220419-20220701,SW,21038950,18600.1,3.997778,72.60625,1,fair,NA,2022
AIMS,2022-05-09T00:00:00Z,STIC03,STIC,20220419-20220701,SW,21038950,18600.1,3.997778,72.60625,1,fair,NA,2022
AIMS,2022-05-09T00:15:00Z,STIC03,STIC,20220419-20220701,SW,21038950,18600.1,3.892778,72.60625,1,fair,NA,2022
AIMS,2022-05-09T00:30:00Z,STIC03,STIC,20220419-20220701,SW,21038950,18600.1,3.892778,72.60625,1,fair,NA,2022
AIMS,2022-05-09T00:45:00Z,STIC03,STIC,20220419-20220701,SW,21038950,18600.1,3.892778,72.60625,1,fair,NA,2022
AIMS,2022-05-09T01:00:00Z,STIC03,STIC,20220419-20220701,SW,21038950,18600.1,3.892778,72.60625,1,fair,NA,2022
AIMS,2022-05-09T01:15:00Z,STIC03,STIC,20220419-20220701,SW,21038950,18600.1,3.892778,72.60625,1,fair,NA,2022
AIMS,2022-05-09T01:30:00Z,STIC03,STIC,20220419-20220701,SW,21038950,18600.1,3.892778,72.60625,1,fair,NA,2022
AIMS,2022-05-09T01:45:00Z,STIC03,STIC,20220419-20220701,SW,21038950,18600.1,3.892778,72.60625,1,fair,NA,2022
AIMS,2022-05-09T02:00:00Z,STIC03,STIC,20220419-20220701,SW,21038950,18600.1,3.892778,72.60625,1,fair,NA,2022
AIMS,2022-05-09T02:15:00Z,STIC03,STIC,20220419-20220701,SW,21038950,18600.1,3.892778,72.60625,1,fair,NA,2022
AIMS,2022-05-09T02:30:00Z,STIC03,STIC,20220419-20220701,SW,21038950,18600.1,3.892778,72.60625,1,fair,NA,2022
AIMS,2022-05-09T02:45:00Z,STIC03,STIC,20220419-20220701,SW,21038950,18600.1,3.892778,72.60625,1,fair,NA,2022
AIMS,2022-05-09T03:00:00Z,STIC03,STIC,20220419-20220701,SW,21038950,18600.1,3.892778,72.60625,1,fair,NA,2022
AIMS,2022-05-09T03:15:00Z,STIC03,STIC,20220419-20220701,SW,21038950,18600.1,3.682778,72.60625,1,fair,NA,2022
AIMS,2022-05-09T03:30:00Z,STIC03,STIC,20220419-20220701,SW,21038950,18600.1,3.577778,72.60625,1,fair,NA,2022
AIMS,2022-05-09T03:45:00Z,STIC03,STIC,20220419-20220701,SW,21038950,18600.1,3.367222,72.60625,1,fair,NA,2022
AIMS,2022-05-09T04:00:00Z,STIC03,STIC,20220419-20220701,SW,21038950,18600.1,3.367222,72.60625,1,fair,NA,2022
AIMS,2022-05-09T04:15:00Z,STIC03,STIC,20220419-20220701,SW,21038950,18600.1,3.472222,72.60625,1,fair,NA,2022
AIMS,2022-05-09T04:30:00Z,STIC03,STIC,20220419-20220701,SW,21038950,18600.1,3.472222,72.60625,1,fair,NA,2022
AIMS,2022-05-09T04:45:00Z,STIC03,STIC,20220419-20220701,SW,21038950,18600.1,3.472222,72.60625,1,fair,NA,2022
AIMS,2022-05-09T05:00:00Z,STIC03,STIC,20220419-20220701,SW,21038950,18600.1,3.472222,72.60625,1,fair,NA,2022
AIMS,2022-05-09T05:15:00Z,STIC03,STIC,20220419-20220701,SW,21038950,18600.1,3.472222,72.60625,1,fair,NA,2022
AIMS,2022-05-09T05:30:00Z,STIC03,STIC,20220419-20220701,SW,21038950,18600.1,3.472222,72.60625,1,fair,NA,2022
AIMS,2022-05-09T05:45:00Z,STIC03,STIC,20220419-20220701,SW,21038950,18600.1,3.472222,72.60625,1,fair,NA,2022
AIMS,2022-05-09T06:00:00Z,STIC03,STIC,20220419-20220701,SW,21038950,18600.1,3.472222,72.60625,1,fair,NA,2022
AIMS,2022-05-09T06:15:00Z,STIC03,STIC,20220419-20220701,SW,21038950,18600.1,3.472222,72.60625,1,fair,NA,2022
AIMS,2022-05-09T06:30:00Z,STIC03,STIC,20220419-20220701,SW,21038950,18600.1,3.472222,72.60625,1,fair,NA,2022
AIMS,2022-05-09T06:45:00Z,STIC03,STIC,20220419-20220701,SW,21038950,18600.1,3.472222,72.60625,1,fair,NA,2022
AIMS,2022-05-09T07:00:00Z,STIC03,STIC,20220419-20220701,SW,21038950,18600.1,3.472222,72.60625,1,fair,NA,2022
AIMS,2022-05-09T07:15:00Z,STIC03,STIC,20220419-20220701,SW,21038950,18600.1,3.472222,72.60625,1,fair,NA,2022
AIMS,2022-05-09T07:30:00Z,STIC03,STIC,20220419-20220701,SW,21038950,18600.1,3.472222,72.60625,1,fair,NA,2022
AIMS,2022-05-09T07:45:00Z,STIC03,STIC,20220419-20220701,SW,21038950,18600.1,3.472222,72.60625,1,fair,NA,2022
AIMS,2022-05-09T08:00:00Z,STIC03,STIC,20220419-20220701,SW,21038950,18600.1,3.472222,72.60625,1,fair,NA,2022
AIMS,2022-05-09T08:15:00Z,STIC03,STIC,20220419-20220701,SW,21038950,18600.1,3.472222,72.60625,1,fair,NA,2022
AIMS,2022-05-09T08:30:00Z,STIC03,STIC,20220419-20220701,SW,21038950,18600.1,3.472222,72.60625,1,fair,NA,2022
AIMS,2022-05-09T08:45:00Z,STIC03,STIC,20220419-20220701,SW,21038950,18600.1,3.472222,72.60625,1,fair,NA,2022
AIMS,2022-05-09T09:00:00Z,STIC03,STIC,20220419-20220701,SW,21038950,18600.1,3.577778,72.60625,1,fair,NA,2022
AIMS,2022-05-09T09:15:00Z,STIC03,STIC,20220419-20220701,SW,21038950,18600.1,3.682778,72.60625,1,fair,NA,2022
AIMS,2022-05-09T09:30:00Z,STIC03,STIC,20220419-20220701,SW,21038950,18600.1,3.682778,72.60625,1,fair,NA,2022
AIMS,2022-05-09T09:45:00Z,STIC03,STIC,20220419-20220701,SW,21038950,18600.1,3.892778,72.60625,1,fair,NA,2022
AIMS,2022-05-09T10:00:00Z,STIC03,STIC,20220419-20220701,SW,21038950,18600.1,3.997778,72.60625,1,fair,NA,2022
AIMS,2022-05-09T10:15:00Z,STIC03,STIC,20220419-20220701,SW,21038950,18600.1,4.207222,72.60625,1,fair,NA,2022
AIMS,2022-05-09T10:30:00Z,STIC03,STIC,20220419-20220701,SW,21038950,19289,4.207222,75.41507,1,fair,NA,2022
AIMS,2022-05-09T10:45:00Z,STIC03,STIC,20220419-20220701,SW,21038950,19289,4.415,75.41507,1,fair,NA,2022
AIMS,2022-05-09T11:00:00Z,STIC03,STIC,20220419-20220701,SW,21038950,19289,4.622778,75.41507,1,fair,NA,2022
AIMS,2022-05-09T11:15:00Z,STIC03,STIC,20220419-20220701,SW,21038950,19289,4.622778,75.41507,1,fair,NA,2022
AIMS,2022-05-09T11:30:00Z,STIC03,STIC,20220419-20220701,SW,21038950,19289,4.727222,75.41507,1,fair,NA,2022
AIMS,2022-05-09T11:45:00Z,STIC03,STIC,20220419-20220701,SW,21038950,19289,4.933889,75.41507,1,fair,NA,2022
AIMS,2022-05-09T12:00:00Z,STIC03,STIC,20220419-20220701,SW,21038950,19289,5.141111,75.41507,1,fair,NA,2022
AIMS,2022-05-09T12:15:00Z,STIC03,STIC,20220419-20220701,SW,21038950,19289,5.141111,75.41507,1,fair,NA,2022
AIMS,2022-05-09T12:30:00Z,STIC03,STIC,20220419-20220701,SW,21038950,19977.9,5.243889,78.22389,1,fair,NA,2022
AIMS,2022-05-09T12:45:00Z,STIC03,STIC,20220419-20220701,SW,21038950,19977.9,5.45,78.22389,1,fair,NA,2022
AIMS,2022-05-09T13:00:00Z,STIC03,STIC,20220419-20220701,SW,21038950,19977.9,5.45,78.22389,1,fair,NA,2022
AIMS,2022-05-09T13:15:00Z,STIC03,STIC,20220419-20220701,SW,21038950,19977.9,5.45,78.22389,1,fair,NA,2022
AIMS,2022-05-09T13:30:00Z,STIC03,STIC,20220419-20220701,SW,21038950,19977.9,5.655,78.22389,1,fair,NA,2022
AIMS,2022-05-09T13:45:00Z,STIC03,STIC,20220419-20220701,SW,21038950,20666.8,5.86,81.03271,1,fair,NA,2022
AIMS,2022-05-09T14:00:00Z,STIC03,STIC,20220419-20220701,SW,21038950,20666.8,5.962222,81.03271,1,fair,NA,2022
AIMS,2022-05-09T14:15:00Z,STIC03,STIC,20220419-20220701,SW,21038950,20666.8,6.166111,81.03271,1,fair,NA,2022
AIMS,2022-05-09T14:30:00Z,STIC03,STIC,20220419-20220701,SW,21038950,20666.8,6.166111,81.03271,1,fair,NA,2022
AIMS,2022-05-09T14:45:00Z,STIC03,STIC,20220419-20220701,SW,21038950,20666.8,6.063889,81.03271,1,fair,NA,2022
AIMS,2022-05-09T15:00:00Z,STIC03,STIC,20220419-20220701,SW,21038950,20666.8,6.166111,81.03271,1,fair,NA,2022
AIMS,2022-05-09T15:15:00Z,STIC03,STIC,20220419-20220701,SW,21038950,20666.8,6.166111,81.03271,1,fair,NA,2022
AIMS,2022-05-09T15:30:00Z,STIC03,STIC,20220419-20220701,SW,21038950,20666.8,6.166111,81.03271,1,fair,NA,2022
AIMS,2022-05-09T15:45:00Z,STIC03,STIC,20220419-20220701,SW,21038950,20666.8,6.166111,81.03271,1,fair,NA,2022
AIMS,2022-05-09T16:00:00Z,STIC03,STIC,20220419-20220701,SW,21038950,20666.8,6.166111,81.03271,1,fair,NA,2022
AIMS,2022-05-09T16:15:00Z,STIC03,STIC,20220419-20220701,SW,21038950,20666.8,6.267778,81.03271,1,fair,NA,2022
AIMS,2022-05-09T16:30:00Z,STIC03,STIC,20220419-20220701,SW,21038950,20666.8,6.063889,81.03271,1,fair,NA,2022
AIMS,2022-05-09T16:45:00Z,STIC03,STIC,20220419-20220701,SW,21038950,20666.8,5.962222,81.03271,1,fair,NA,2022
AIMS,2022-05-09T17:00:00Z,STIC03,STIC,20220419-20220701,SW,21038950,20666.8,5.962222,81.03271,1,fair,NA,2022
AIMS,2022-05-09T17:15:00Z,STIC03,STIC,20220419-20220701,SW,21038950,20666.8,5.962222,81.03271,1,fair,NA,2022
AIMS,2022-05-09T17:30:00Z,STIC03,STIC,20220419-20220701,SW,21038950,20666.8,5.962222,81.03271,1,fair,NA,2022
AIMS,2022-05-09T17:45:00Z,STIC03,STIC,20220419-20220701,SW,21038950,20666.8,5.86,81.03271,1,fair,NA,2022
AIMS,2022-05-09T18:00:00Z,STIC03,STIC,20220419-20220701,SW,21038950,20666.8,5.757222,81.03271,1,fair,NA,2022
AIMS,2022-05-09T18:15:00Z,STIC03,STIC,20220419-20220701,SW,21038950,20666.8,5.655,81.03271,1,fair,NA,2022
AIMS,2022-05-09T18:30:00Z,STIC03,STIC,20220419-20220701,SW,21038950,20666.8,5.552222,81.03271,1,fair,NA,2022
AIMS,2022-05-09T18:45:00Z,STIC03,STIC,20220419-20220701,SW,21038950,20666.8,5.45,81.03271,1,fair,NA,2022
AIMS,2022-05-09T19:00:00Z,STIC03,STIC,20220419-20220701,SW,21038950,20666.8,5.347222,81.03271,1,fair,NA,2022
AIMS,2022-05-09T19:15:00Z,STIC03,STIC,20220419-20220701,SW,21038950,20666.8,5.243889,81.03271,1,fair,NA,2022
AIMS,2022-05-09T19:30:00Z,STIC03,STIC,20220419-20220701,SW,21038950,20666.8,5.141111,81.03271,1,fair,NA,2022
AIMS,2022-05-09T19:45:00Z,STIC03,STIC,20220419-20220701,SW,21038950,19977.9,5.037222,78.22389,1,fair,NA,2022
AIMS,2022-05-09T20:00:00Z,STIC03,STIC,20220419-20220701,SW,21038950,19977.9,4.933889,78.22389,1,fair,NA,2022
AIMS,2022-05-09T20:15:00Z,STIC03,STIC,20220419-20220701,SW,21038950,19977.9,4.831111,78.22389,1,fair,NA,2022
AIMS,2022-05-09T20:30:00Z,STIC03,STIC,20220419-20220701,SW,21038950,19977.9,4.727222,78.22389,1,fair,NA,2022
AIMS,2022-05-09T20:45:00Z,STIC03,STIC,20220419-20220701,SW,21038950,19977.9,4.622778,78.22389,1,fair,NA,2022
AIMS,2022-05-09T21:00:00Z,STIC03,STIC,20220419-20220701,SW,21038950,19977.9,4.622778,78.22389,1,fair,NA,2022
AIMS,2022-05-09T21:15:00Z,STIC03,STIC,20220419-20220701,SW,21038950,19977.9,4.415,78.22389,1,fair,NA,2022
AIMS,2022-05-09T21:30:00Z,STIC03,STIC,20220419-20220701,SW,21038950,19977.9,4.311111,78.22389,1,fair,NA,2022
AIMS,2022-05-09T21:45:00Z,STIC03,STIC,20220419-20220701,SW,21038950,19977.9,4.311111,78.22389,1,fair,NA,2022
AIMS,2022-05-09T22:00:00Z,STIC03,STIC,20220419-20220701,SW,21038950,19977.9,4.207222,78.22389,1,fair,NA,2022
AIMS,2022-05-09T22:15:00Z,STIC03,STIC,20220419-20220701,SW,21038950,19977.9,4.102222,78.22389,1,fair,NA,2022
AIMS,2022-05-09T22:30:00Z,STIC03,STIC,20220419-20220701,SW,21038950,19977.9,3.997778,78.22389,1,fair,NA,2022
AIMS,2022-05-09T22:45:00Z,STIC03,STIC,20220419-20220701,SW,21038950,19289,3.892778,75.41507,1,fair,NA,2022
AIMS,2022-05-09T23:00:00Z,STIC03,STIC,20220419-20220701,SW,21038950,19289,3.892778,75.41507,1,fair,NA,2022
AIMS,2022-05-09T23:15:00Z,STIC03,STIC,20220419-20220701,SW,21038950,19289,3.787778,75.41507,1,fair,NA,2022
AIMS,2022-05-09T23:30:00Z,STIC03,STIC,20220419-20220701,SW,21038950,19289,3.787778,75.41507,1,fair,NA,2022
AIMS,2022-05-09T23:45:00Z,STIC03,STIC,20220419-20220701,SW,21038950,19289,3.682778,75.41507,1,fair,NA,2022
AIMS,2022-05-10T00:00:00Z,STIC03,STIC,20220419-20220701,SW,21038950,19289,3.682778,75.41507,1,fair,NA,2022
AIMS,2022-05-10T00:15:00Z,STIC03,STIC,20220419-20220701,SW,21038950,19289,3.577778,75.41507,1,fair,NA,2022
AIMS,2022-05-10T00:30:00Z,STIC03,STIC,20220419-20220701,SW,21038950,19289,3.577778,75.41507,1,fair,NA,2022
AIMS,2022-05-10T00:45:00Z,STIC03,STIC,20220419-20220701,SW,21038950,19289,3.472222,75.41507,1,fair,NA,2022
AIMS,2022-05-10T01:00:00Z,STIC03,STIC,20220419-20220701,SW,21038950,19289,3.472222,75.41507,1,fair,NA,2022
AIMS,2022-05-10T01:15:00Z,STIC03,STIC,20220419-20220701,SW,21038950,19289,3.472222,75.41507,1,fair,NA,2022
AIMS,2022-05-10T01:30:00Z,STIC03,STIC,20220419-20220701,SW,21038950,19289,3.472222,75.41507,1,fair,NA,2022
AIMS,2022-05-10T01:45:00Z,STIC03,STIC,20220419-20220701,SW,21038950,19289,3.367222,75.41507,1,fair,NA,2022
AIMS,2022-05-10T02:00:00Z,STIC03,STIC,20220419-20220701,SW,21038950,19289,3.367222,75.41507,1,fair,NA,2022
AIMS,2022-05-10T02:15:00Z,STIC03,STIC,20220419-20220701,SW,21038950,19289,3.367222,75.41507,1,fair,NA,2022
AIMS,2022-05-10T02:30:00Z,STIC03,STIC,20220419-20220701,SW,21038950,19289,3.261111,75.41507,1,fair,NA,2022
AIMS,2022-05-10T02:45:00Z,STIC03,STIC,20220419-20220701,SW,21038950,19289,3.261111,75.41507,1,fair,NA,2022
AIMS,2022-05-10T03:00:00Z,STIC03,STIC,20220419-20220701,SW,21038950,19289,3.261111,75.41507,1,fair,NA,2022
AIMS,2022-05-10T03:15:00Z,STIC03,STIC,20220419-20220701,SW,21038950,19289,3.261111,75.41507,1,fair,NA,2022
AIMS,2022-05-10T03:30:00Z,STIC03,STIC,20220419-20220701,SW,21038950,19289,3.261111,75.41507,1,fair,NA,2022
AIMS,2022-05-10T03:45:00Z,STIC03,STIC,20220419-20220701,SW,21038950,19289,3.155,75.41507,1,fair,NA,2022
AIMS,2022-05-10T04:00:00Z,STIC03,STIC,20220419-20220701,SW,21038950,19289,3.155,75.41507,1,fair,NA,2022
AIMS,2022-05-10T04:15:00Z,STIC03,STIC,20220419-20220701,SW,21038950,19289,3.155,75.41507,1,fair,NA,2022
AIMS,2022-05-10T04:30:00Z,STIC03,STIC,20220419-20220701,SW,21038950,19289,3.155,75.41507,1,fair,NA,2022
AIMS,2022-05-10T04:45:00Z,STIC03,STIC,20220419-20220701,SW,21038950,19289,3.155,75.41507,1,fair,NA,2022
AIMS,2022-05-10T05:00:00Z,STIC03,STIC,20220419-20220701,SW,21038950,19289,3.155,75.41507,1,fair,NA,2022
AIMS,2022-05-10T05:15:00Z,STIC03,STIC,20220419-20220701,SW,21038950,19289,3.155,75.41507,1,fair,NA,2022
AIMS,2022-05-10T05:30:00Z,STIC03,STIC,20220419-20220701,SW,21038950,19289,3.155,75.41507,1,fair,NA,2022
AIMS,2022-05-10T05:45:00Z,STIC03,STIC,20220419-20220701,SW,21038950,19289,3.155,75.41507,1,fair,NA,2022
AIMS,2022-05-10T06:00:00Z,STIC03,STIC,20220419-20220701,SW,21038950,19289,3.155,75.41507,1,fair,NA,2022
AIMS,2022-05-10T06:15:00Z,STIC03,STIC,20220419-20220701,SW,21038950,19289,3.155,75.41507,1,fair,NA,2022
AIMS,2022-05-10T06:30:00Z,STIC03,STIC,20220419-20220701,SW,21038950,19289,3.155,75.41507,1,fair,NA,2022
AIMS,2022-05-10T06:45:00Z,STIC03,STIC,20220419-20220701,SW,21038950,19289,3.261111,75.41507,1,fair,NA,2022
AIMS,2022-05-10T07:00:00Z,STIC03,STIC,20220419-20220701,SW,21038950,19289,3.261111,75.41507,1,fair,NA,2022
AIMS,2022-05-10T07:15:00Z,STIC03,STIC,20220419-20220701,SW,21038950,19289,3.261111,75.41507,1,fair,NA,2022
AIMS,2022-05-10T07:30:00Z,STIC03,STIC,20220419-20220701,SW,21038950,19289,3.261111,75.41507,1,fair,NA,2022
AIMS,2022-05-10T07:45:00Z,STIC03,STIC,20220419-20220701,SW,21038950,19289,3.367222,75.41507,1,fair,NA,2022
AIMS,2022-05-10T08:00:00Z,STIC03,STIC,20220419-20220701,SW,21038950,19289,3.367222,75.41507,1,fair,NA,2022
AIMS,2022-05-10T08:15:00Z,STIC03,STIC,20220419-20220701,SW,21038950,19289,3.472222,75.41507,1,fair,NA,2022
AIMS,2022-05-10T08:30:00Z,STIC03,STIC,20220419-20220701,SW,21038950,19289,3.472222,75.41507,1,fair,NA,2022
AIMS,2022-05-10T08:45:00Z,STIC03,STIC,20220419-20220701,SW,21038950,19289,3.577778,75.41507,1,fair,NA,2022
AIMS,2022-05-10T09:00:00Z,STIC03,STIC,20220419-20220701,SW,21038950,19289,3.682778,75.41507,1,fair,NA,2022
AIMS,2022-05-10T09:15:00Z,STIC03,STIC,20220419-20220701,SW,21038950,19289,3.787778,75.41507,1,fair,NA,2022
AIMS,2022-05-10T09:30:00Z,STIC03,STIC,20220419-20220701,SW,21038950,19977.9,3.892778,78.22389,1,fair,NA,2022
AIMS,2022-05-10T09:45:00Z,STIC03,STIC,20220419-20220701,SW,21038950,19977.9,3.997778,78.22389,1,fair,NA,2022
AIMS,2022-05-10T10:00:00Z,STIC03,STIC,20220419-20220701,SW,21038950,19977.9,4.207222,78.22389,1,fair,NA,2022
AIMS,2022-05-10T10:15:00Z,STIC03,STIC,20220419-20220701,SW,21038950,19977.9,4.311111,78.22389,1,fair,NA,2022
AIMS,2022-05-10T10:30:00Z,STIC03,STIC,20220419-20220701,SW,21038950,19977.9,4.518889,78.22389,1,fair,NA,2022
AIMS,2022-05-10T10:45:00Z,STIC03,STIC,20220419-20220701,SW,21038950,20666.8,4.727222,81.03271,1,fair,NA,2022
AIMS,2022-05-10T11:00:00Z,STIC03,STIC,20220419-20220701,SW,21038950,20666.8,4.933889,81.03271,1,fair,NA,2022
AIMS,2022-05-10T11:15:00Z,STIC03,STIC,20220419-20220701,SW,21038950,20666.8,5.141111,81.03271,1,fair,NA,2022
AIMS,2022-05-10T11:30:00Z,STIC03,STIC,20220419-20220701,SW,21038950,20666.8,5.45,81.03271,1,fair,NA,2022
AIMS,2022-05-10T11:45:00Z,STIC03,STIC,20220419-20220701,SW,21038950,20666.8,5.655,81.03271,1,fair,NA,2022
AIMS,2022-05-10T12:00:00Z,STIC03,STIC,20220419-20220701,SW,21038950,20666.8,5.86,81.03271,1,fair,NA,2022
AIMS,2022-05-10T12:15:00Z,STIC03,STIC,20220419-20220701,SW,21038950,20666.8,6.166111,81.03271,1,fair,NA,2022
AIMS,2022-05-10T12:30:00Z,STIC03,STIC,20220419-20220701,SW,21038950,20666.8,6.37,81.03271,1,fair,NA,2022
AIMS,2022-05-10T12:45:00Z,STIC03,STIC,20220419-20220701,SW,21038950,20666.8,6.471111,81.03271,1,fair,NA,2022
AIMS,2022-05-10T13:00:00Z,STIC03,STIC,20220419-20220701,SW,21038950,20666.8,6.572778,81.03271,1,fair,NA,2022
AIMS,2022-05-10T13:15:00Z,STIC03,STIC,20220419-20220701,SW,21038950,20666.8,6.673889,81.03271,1,fair,NA,2022
AIMS,2022-05-10T13:30:00Z,STIC03,STIC,20220419-20220701,SW,21038950,21355.7,6.877222,83.84154,1,fair,NA,2022
AIMS,2022-05-10T13:45:00Z,STIC03,STIC,20220419-20220701,SW,21038950,21355.7,7.078889,83.84154,1,fair,NA,2022
AIMS,2022-05-10T14:00:00Z,STIC03,STIC,20220419-20220701,SW,21038950,21355.7,7.178889,83.84154,1,fair,NA,2022
AIMS,2022-05-10T14:15:00Z,STIC03,STIC,20220419-20220701,SW,21038950,21355.7,7.28,83.84154,1,fair,NA,2022
AIMS,2022-05-10T14:30:00Z,STIC03,STIC,20220419-20220701,SW,21038950,21355.7,7.481111,83.84154,1,fair,NA,2022
AIMS,2022-05-10T14:45:00Z,STIC03,STIC,20220419-20220701,SW,21038950,22044.6,7.682222,86.65036,1,fair,NA,2022
AIMS,2022-05-10T15:00:00Z,STIC03,STIC,20220419-20220701,SW,21038950,22044.6,7.782222,86.65036,1,fair,NA,2022
AIMS,2022-05-10T15:15:00Z,STIC03,STIC,20220419-20220701,SW,21038950,22044.6,7.982778,86.65036,1,fair,NA,2022
AIMS,2022-05-10T15:30:00Z,STIC03,STIC,20220419-20220701,SW,21038950,22044.6,8.182222,86.65036,1,fair,NA,2022
AIMS,2022-05-10T15:45:00Z,STIC03,STIC,20220419-20220701,SW,21038950,22044.6,8.182222,86.65036,1,fair,NA,2022
AIMS,2022-05-10T16:00:00Z,STIC03,STIC,20220419-20220701,SW,21038950,22044.6,8.282222,86.65036,1,fair,NA,2022
AIMS,2022-05-10T16:15:00Z,STIC03,STIC,20220419-20220701,SW,21038950,22044.6,8.382222,86.65036,1,fair,NA,2022
AIMS,2022-05-10T16:30:00Z,STIC03,STIC,20220419-20220701,SW,21038950,22044.6,8.481111,86.65036,1,fair,NA,2022
AIMS,2022-05-10T16:45:00Z,STIC03,STIC,20220419-20220701,SW,21038950,22044.6,8.481111,86.65036,1,fair,NA,2022
AIMS,2022-05-10T17:00:00Z,STIC03,STIC,20220419-20220701,SW,21038950,22044.6,8.382222,86.65036,1,fair,NA,2022
AIMS,2022-05-10T17:15:00Z,STIC03,STIC,20220419-20220701,SW,21038950,22044.6,8.282222,86.65036,1,fair,NA,2022
AIMS,2022-05-10T17:30:00Z,STIC03,STIC,20220419-20220701,SW,21038950,22044.6,8.282222,86.65036,1,fair,NA,2022
AIMS,2022-05-10T17:45:00Z,STIC03,STIC,20220419-20220701,SW,21038950,22044.6,8.182222,86.65036,1,fair,NA,2022
AIMS,2022-05-10T18:00:00Z,STIC03,STIC,20220419-20220701,SW,21038950,22044.6,7.982778,86.65036,1,fair,NA,2022
AIMS,2022-05-10T18:15:00Z,STIC03,STIC,20220419-20220701,SW,21038950,22044.6,7.882222,86.65036,1,fair,NA,2022
AIMS,2022-05-10T18:30:00Z,STIC03,STIC,20220419-20220701,SW,21038950,22044.6,7.782222,86.65036,1,fair,NA,2022
AIMS,2022-05-10T18:45:00Z,STIC03,STIC,20220419-20220701,SW,21038950,22044.6,7.582222,86.65036,1,fair,NA,2022
AIMS,2022-05-10T19:00:00Z,STIC03,STIC,20220419-20220701,SW,21038950,22044.6,7.481111,86.65036,1,fair,NA,2022
AIMS,2022-05-10T19:15:00Z,STIC03,STIC,20220419-20220701,SW,21038950,22044.6,7.28,86.65036,1,fair,NA,2022
AIMS,2022-05-10T19:30:00Z,STIC03,STIC,20220419-20220701,SW,21038950,22044.6,7.078889,86.65036,1,fair,NA,2022
AIMS,2022-05-10T19:45:00Z,STIC03,STIC,20220419-20220701,SW,21038950,22044.6,6.977778,86.65036,1,fair,NA,2022
AIMS,2022-05-10T20:00:00Z,STIC03,STIC,20220419-20220701,SW,21038950,22044.6,6.775,86.65036,1,fair,NA,2022
AIMS,2022-05-10T20:15:00Z,STIC03,STIC,20220419-20220701,SW,21038950,22044.6,6.572778,86.65036,1,fair,NA,2022
AIMS,2022-05-10T20:30:00Z,STIC03,STIC,20220419-20220701,SW,21038950,21355.7,6.471111,83.84154,1,fair,NA,2022
AIMS,2022-05-10T20:45:00Z,STIC03,STIC,20220419-20220701,SW,21038950,21355.7,6.267778,83.84154,1,fair,NA,2022
AIMS,2022-05-10T21:00:00Z,STIC03,STIC,20220419-20220701,SW,21038950,21355.7,6.063889,83.84154,1,fair,NA,2022
AIMS,2022-05-10T21:15:00Z,STIC03,STIC,20220419-20220701,SW,21038950,21355.7,5.86,83.84154,1,fair,NA,2022
AIMS,2022-05-10T21:30:00Z,STIC03,STIC,20220419-20220701,SW,21038950,21355.7,5.757222,83.84154,1,fair,NA,2022
AIMS,2022-05-10T21:45:00Z,STIC03,STIC,20220419-20220701,SW,21038950,21355.7,5.552222,83.84154,1,fair,NA,2022
AIMS,2022-05-10T22:00:00Z,STIC03,STIC,20220419-20220701,SW,21038950,20666.8,5.45,81.03271,1,fair,NA,2022
AIMS,2022-05-10T22:15:00Z,STIC03,STIC,20220419-20220701,SW,21038950,20666.8,5.243889,81.03271,1,fair,NA,2022
AIMS,2022-05-10T22:30:00Z,STIC03,STIC,20220419-20220701,SW,21038950,20666.8,5.141111,81.03271,1,fair,NA,2022
AIMS,2022-05-10T22:45:00Z,STIC03,STIC,20220419-20220701,SW,21038950,20666.8,5.141111,81.03271,1,fair,NA,2022
AIMS,2022-05-10T23:00:00Z,STIC03,STIC,20220419-20220701,SW,21038950,20666.8,5.037222,81.03271,1,fair,NA,2022
AIMS,2022-05-10T23:15:00Z,STIC03,STIC,20220419-20220701,SW,21038950,20666.8,4.933889,81.03271,1,fair,NA,2022
AIMS,2022-05-10T23:30:00Z,STIC03,STIC,20220419-20220701,SW,21038950,20666.8,4.831111,81.03271,1,fair,NA,2022
AIMS,2022-05-10T23:45:00Z,STIC03,STIC,20220419-20220701,SW,21038950,20666.8,4.727222,81.03271,1,fair,NA,2022
AIMS,2022-05-11T00:00:00Z,STIC03,STIC,20220419-20220701,SW,21038950,20666.8,4.622778,81.03271,1,fair,NA,2022
AIMS,2022-05-11T00:15:00Z,STIC03,STIC,20220419-20220701,SW,21038950,20666.8,4.622778,81.03271,1,fair,NA,2022
AIMS,2022-05-11T00:30:00Z,STIC03,STIC,20220419-20220701,SW,21038950,20666.8,4.518889,81.03271,1,fair,NA,2022
AIMS,2022-05-11T00:45:00Z,STIC03,STIC,20220419-20220701,SW,21038950,20666.8,4.518889,81.03271,1,fair,NA,2022
AIMS,2022-05-11T01:00:00Z,STIC03,STIC,20220419-20220701,SW,21038950,20666.8,4.415,81.03271,1,fair,NA,2022
AIMS,2022-05-11T01:15:00Z,STIC03,STIC,20220419-20220701,SW,21038950,20666.8,4.311111,81.03271,1,fair,NA,2022
AIMS,2022-05-11T01:30:00Z,STIC03,STIC,20220419-20220701,SW,21038950,20666.8,4.311111,81.03271,1,fair,NA,2022
AIMS,2022-05-11T01:45:00Z,STIC03,STIC,20220419-20220701,SW,21038950,20666.8,4.207222,81.03271,1,fair,NA,2022
AIMS,2022-05-11T02:00:00Z,STIC03,STIC,20220419-20220701,SW,21038950,20666.8,4.207222,81.03271,1,fair,NA,2022
AIMS,2022-05-11T02:15:00Z,STIC03,STIC,20220419-20220701,SW,21038950,20666.8,4.207222,81.03271,1,fair,NA,2022
AIMS,2022-05-11T02:30:00Z,STIC03,STIC,20220419-20220701,SW,21038950,20666.8,4.102222,81.03271,1,fair,NA,2022
AIMS,2022-05-11T02:45:00Z,STIC03,STIC,20220419-20220701,SW,21038950,20666.8,4.102222,81.03271,1,fair,NA,2022
AIMS,2022-05-11T03:00:00Z,STIC03,STIC,20220419-20220701,SW,21038950,20666.8,3.997778,81.03271,1,fair,NA,2022
AIMS,2022-05-11T03:15:00Z,STIC03,STIC,20220419-20220701,SW,21038950,20666.8,3.997778,81.03271,1,fair,NA,2022
AIMS,2022-05-11T03:30:00Z,STIC03,STIC,20220419-20220701,SW,21038950,20666.8,3.892778,81.03271,1,fair,NA,2022
AIMS,2022-05-11T03:45:00Z,STIC03,STIC,20220419-20220701,SW,21038950,20666.8,3.892778,81.03271,1,fair,NA,2022
AIMS,2022-05-11T04:00:00Z,STIC03,STIC,20220419-20220701,SW,21038950,20666.8,3.787778,81.03271,1,fair,NA,2022
AIMS,2022-05-11T04:15:00Z,STIC03,STIC,20220419-20220701,SW,21038950,20666.8,3.787778,81.03271,1,fair,NA,2022
AIMS,2022-05-11T04:30:00Z,STIC03,STIC,20220419-20220701,SW,21038950,19977.9,3.682778,78.22389,1,fair,NA,2022
AIMS,2022-05-11T04:45:00Z,STIC03,STIC,20220419-20220701,SW,21038950,19289,3.682778,75.41507,1,fair,NA,2022
AIMS,2022-05-11T05:00:00Z,STIC03,STIC,20220419-20220701,SW,21038950,20666.8,3.682778,81.03271,1,fair,NA,2022
AIMS,2022-05-11T05:15:00Z,STIC03,STIC,20220419-20220701,SW,21038950,19977.9,3.577778,78.22389,1,fair,NA,2022
AIMS,2022-05-11T05:30:00Z,STIC03,STIC,20220419-20220701,SW,21038950,19977.9,3.577778,78.22389,1,fair,NA,2022
AIMS,2022-05-11T05:45:00Z,STIC03,STIC,20220419-20220701,SW,21038950,19977.9,3.472222,78.22389,1,fair,NA,2022
AIMS,2022-05-11T06:00:00Z,STIC03,STIC,20220419-20220701,SW,21038950,19977.9,3.472222,78.22389,1,fair,NA,2022
AIMS,2022-05-11T06:15:00Z,STIC03,STIC,20220419-20220701,SW,21038950,19977.9,3.472222,78.22389,1,fair,NA,2022
AIMS,2022-05-11T06:30:00Z,STIC03,STIC,20220419-20220701,SW,21038950,19977.9,3.367222,78.22389,1,fair,NA,2022
AIMS,2022-05-11T06:45:00Z,STIC03,STIC,20220419-20220701,SW,21038950,19977.9,3.367222,78.22389,1,fair,NA,2022
AIMS,2022-05-11T07:00:00Z,STIC03,STIC,20220419-20220701,SW,21038950,19977.9,3.367222,78.22389,1,fair,NA,2022
AIMS,2022-05-11T07:15:00Z,STIC03,STIC,20220419-20220701,SW,21038950,19977.9,3.367222,78.22389,1,fair,NA,2022
AIMS,2022-05-11T07:30:00Z,STIC03,STIC,20220419-20220701,SW,21038950,19977.9,3.367222,78.22389,1,fair,NA,2022
AIMS,2022-05-11T07:45:00Z,STIC03,STIC,20220419-20220701,SW,21038950,19977.9,3.472222,78.22389,1,fair,NA,2022
AIMS,2022-05-11T08:00:00Z,STIC03,STIC,20220419-20220701,SW,21038950,19977.9,3.472222,78.22389,1,fair,NA,2022
AIMS,2022-05-11T08:15:00Z,STIC03,STIC,20220419-20220701,SW,21038950,19977.9,3.577778,78.22389,1,fair,NA,2022
AIMS,2022-05-11T08:30:00Z,STIC03,STIC,20220419-20220701,SW,21038950,20666.8,3.577778,81.03271,1,fair,NA,2022
AIMS,2022-05-11T08:45:00Z,STIC03,STIC,20220419-20220701,SW,21038950,20666.8,3.682778,81.03271,1,fair,NA,2022
AIMS,2022-05-11T09:00:00Z,STIC03,STIC,20220419-20220701,SW,21038950,20666.8,3.787778,81.03271,1,fair,NA,2022
AIMS,2022-05-11T09:15:00Z,STIC03,STIC,20220419-20220701,SW,21038950,20666.8,3.892778,81.03271,1,fair,NA,2022
AIMS,2022-05-11T09:30:00Z,STIC03,STIC,20220419-20220701,SW,21038950,20666.8,4.102222,81.03271,1,fair,NA,2022
AIMS,2022-05-11T09:45:00Z,STIC03,STIC,20220419-20220701,SW,21038950,20666.8,4.311111,81.03271,1,fair,NA,2022
AIMS,2022-05-11T10:00:00Z,STIC03,STIC,20220419-20220701,SW,21038950,20666.8,4.518889,81.03271,1,fair,NA,2022
AIMS,2022-05-11T10:15:00Z,STIC03,STIC,20220419-20220701,SW,21038950,20666.8,4.622778,81.03271,1,fair,NA,2022
AIMS,2022-05-11T10:30:00Z,STIC03,STIC,20220419-20220701,SW,21038950,20666.8,4.933889,81.03271,1,fair,NA,2022
AIMS,2022-05-11T10:45:00Z,STIC03,STIC,20220419-20220701,SW,21038950,20666.8,5.141111,81.03271,1,fair,NA,2022
AIMS,2022-05-11T11:00:00Z,STIC03,STIC,20220419-20220701,SW,21038950,20666.8,5.45,81.03271,1,fair,NA,2022
AIMS,2022-05-11T11:15:00Z,STIC03,STIC,20220419-20220701,SW,21038950,21355.7,5.655,83.84154,1,fair,NA,2022
AIMS,2022-05-11T11:30:00Z,STIC03,STIC,20220419-20220701,SW,21038950,21355.7,5.962222,83.84154,1,fair,NA,2022
AIMS,2022-05-11T11:45:00Z,STIC03,STIC,20220419-20220701,SW,21038950,21355.7,6.267778,83.84154,1,fair,NA,2022
AIMS,2022-05-11T12:00:00Z,STIC03,STIC,20220419-20220701,SW,21038950,22044.6,6.572778,86.65036,1,fair,NA,2022
AIMS,2022-05-11T12:15:00Z,STIC03,STIC,20220419-20220701,SW,21038950,22044.6,6.877222,86.65036,1,fair,NA,2022
AIMS,2022-05-11T12:30:00Z,STIC03,STIC,20220419-20220701,SW,21038950,22044.6,7.178889,86.65036,1,fair,NA,2022
AIMS,2022-05-11T12:45:00Z,STIC03,STIC,20220419-20220701,SW,21038950,22044.6,7.481111,86.65036,1,fair,NA,2022
AIMS,2022-05-11T13:00:00Z,STIC03,STIC,20220419-20220701,SW,21038950,22044.6,7.782222,86.65036,1,fair,NA,2022
AIMS,2022-05-11T13:15:00Z,STIC03,STIC,20220419-20220701,SW,21038950,22044.6,7.882222,86.65036,1,fair,NA,2022
AIMS,2022-05-11T13:30:00Z,STIC03,STIC,20220419-20220701,SW,21038950,22044.6,8.182222,86.65036,1,fair,NA,2022
AIMS,2022-05-11T13:45:00Z,STIC03,STIC,20220419-20220701,SW,21038950,22044.6,8.481111,86.65036,1,fair,NA,2022
AIMS,2022-05-11T14:00:00Z,STIC03,STIC,20220419-20220701,SW,21038950,23422.4,8.778889,92.268,1,fair,NA,2022
AIMS,2022-05-11T14:15:00Z,STIC03,STIC,20220419-20220701,SW,21038950,23422.4,8.977778,92.268,1,fair,NA,2022
AIMS,2022-05-11T14:30:00Z,STIC03,STIC,20220419-20220701,SW,21038950,23422.4,8.977778,92.268,1,fair,NA,2022
AIMS,2022-05-11T14:45:00Z,STIC03,STIC,20220419-20220701,SW,21038950,23422.4,9.176111,92.268,1,fair,NA,2022
AIMS,2022-05-11T15:00:00Z,STIC03,STIC,20220419-20220701,SW,21038950,23422.4,9.472222,92.268,1,fair,NA,2022
AIMS,2022-05-11T15:15:00Z,STIC03,STIC,20220419-20220701,SW,21038950,23422.4,9.767778,92.268,1,fair,NA,2022
AIMS,2022-05-11T15:30:00Z,STIC03,STIC,20220419-20220701,SW,21038950,23422.4,9.866111,92.268,1,fair,NA,2022
AIMS,2022-05-11T15:45:00Z,STIC03,STIC,20220419-20220701,SW,21038950,23422.4,9.767778,92.268,1,fair,NA,2022
AIMS,2022-05-11T16:00:00Z,STIC03,STIC,20220419-20220701,SW,21038950,23422.4,9.767778,92.268,1,fair,NA,2022
AIMS,2022-05-11T16:15:00Z,STIC03,STIC,20220419-20220701,SW,21038950,23422.4,9.866111,92.268,1,fair,NA,2022
AIMS,2022-05-11T16:30:00Z,STIC03,STIC,20220419-20220701,SW,21038950,23422.4,9.965,92.268,1,fair,NA,2022
AIMS,2022-05-11T16:45:00Z,STIC03,STIC,20220419-20220701,SW,21038950,23422.4,10.06278,92.268,1,fair,NA,2022
AIMS,2022-05-11T17:00:00Z,STIC03,STIC,20220419-20220701,SW,21038950,23422.4,10.06278,92.268,1,fair,NA,2022
AIMS,2022-05-11T17:15:00Z,STIC03,STIC,20220419-20220701,SW,21038950,23422.4,10.06278,92.268,1,fair,NA,2022
AIMS,2022-05-11T17:30:00Z,STIC03,STIC,20220419-20220701,SW,21038950,23422.4,9.866111,92.268,1,fair,NA,2022
AIMS,2022-05-11T17:45:00Z,STIC03,STIC,20220419-20220701,SW,21038950,23422.4,9.767778,92.268,1,fair,NA,2022
AIMS,2022-05-11T18:00:00Z,STIC03,STIC,20220419-20220701,SW,21038950,23422.4,9.668889,92.268,1,fair,NA,2022
AIMS,2022-05-11T18:15:00Z,STIC03,STIC,20220419-20220701,SW,21038950,23422.4,9.472222,92.268,1,fair,NA,2022
AIMS,2022-05-11T18:30:00Z,STIC03,STIC,20220419-20220701,SW,21038950,23422.4,9.275,92.268,1,fair,NA,2022
AIMS,2022-05-11T18:45:00Z,STIC03,STIC,20220419-20220701,SW,21038950,23422.4,9.176111,92.268,1,fair,NA,2022
AIMS,2022-05-11T19:00:00Z,STIC03,STIC,20220419-20220701,SW,21038950,23422.4,8.977778,92.268,1,fair,NA,2022
AIMS,2022-05-11T19:15:00Z,STIC03,STIC,20220419-20220701,SW,21038950,23422.4,8.878889,92.268,1,fair,NA,2022
AIMS,2022-05-11T19:30:00Z,STIC03,STIC,20220419-20220701,SW,21038950,23422.4,8.778889,92.268,1,fair,NA,2022
AIMS,2022-05-11T19:45:00Z,STIC03,STIC,20220419-20220701,SW,21038950,23422.4,8.581111,92.268,1,fair,NA,2022
AIMS,2022-05-11T20:00:00Z,STIC03,STIC,20220419-20220701,SW,21038950,23422.4,8.382222,92.268,1,fair,NA,2022
AIMS,2022-05-11T20:15:00Z,STIC03,STIC,20220419-20220701,SW,21038950,23422.4,8.282222,92.268,1,fair,NA,2022
AIMS,2022-05-11T20:30:00Z,STIC03,STIC,20220419-20220701,SW,21038950,23422.4,8.082222,92.268,1,fair,NA,2022
AIMS,2022-05-11T20:45:00Z,STIC03,STIC,20220419-20220701,SW,21038950,22044.6,7.882222,86.65036,1,fair,NA,2022
AIMS,2022-05-11T21:00:00Z,STIC03,STIC,20220419-20220701,SW,21038950,22044.6,7.682222,86.65036,1,fair,NA,2022
AIMS,2022-05-11T21:15:00Z,STIC03,STIC,20220419-20220701,SW,21038950,22044.6,7.582222,86.65036,1,fair,NA,2022
AIMS,2022-05-11T21:30:00Z,STIC03,STIC,20220419-20220701,SW,21038950,22044.6,7.381111,86.65036,1,fair,NA,2022
AIMS,2022-05-11T21:45:00Z,STIC03,STIC,20220419-20220701,SW,21038950,22044.6,7.28,86.65036,1,fair,NA,2022
AIMS,2022-05-11T22:00:00Z,STIC03,STIC,20220419-20220701,SW,21038950,22044.6,7.078889,86.65036,1,fair,NA,2022
AIMS,2022-05-11T22:15:00Z,STIC03,STIC,20220419-20220701,SW,21038950,22044.6,6.977778,86.65036,1,fair,NA,2022
AIMS,2022-05-11T22:30:00Z,STIC03,STIC,20220419-20220701,SW,21038950,22044.6,6.877222,86.65036,1,fair,NA,2022
AIMS,2022-05-11T22:45:00Z,STIC03,STIC,20220419-20220701,SW,21038950,22044.6,6.673889,86.65036,1,fair,NA,2022
AIMS,2022-05-11T23:00:00Z,STIC03,STIC,20220419-20220701,SW,21038950,22044.6,6.572778,86.65036,1,fair,NA,2022
AIMS,2022-05-11T23:15:00Z,STIC03,STIC,20220419-20220701,SW,21038950,22044.6,6.471111,86.65036,1,fair,NA,2022
AIMS,2022-05-11T23:30:00Z,STIC03,STIC,20220419-20220701,SW,21038950,22044.6,6.37,86.65036,1,fair,NA,2022
AIMS,2022-05-11T23:45:00Z,STIC03,STIC,20220419-20220701,SW,21038950,22044.6,6.267778,86.65036,1,fair,NA,2022
AIMS,2022-05-12T00:00:00Z,STIC03,STIC,20220419-20220701,SW,21038950,22044.6,6.166111,86.65036,1,fair,NA,2022
AIMS,2022-05-12T00:15:00Z,STIC03,STIC,20220419-20220701,SW,21038950,22044.6,6.166111,86.65036,1,fair,NA,2022
AIMS,2022-05-12T00:30:00Z,STIC03,STIC,20220419-20220701,SW,21038950,22044.6,6.063889,86.65036,1,fair,NA,2022
AIMS,2022-05-12T00:45:00Z,STIC03,STIC,20220419-20220701,SW,21038950,22044.6,5.962222,86.65036,1,fair,NA,2022
AIMS,2022-05-12T01:00:00Z,STIC03,STIC,20220419-20220701,SW,21038950,22044.6,5.86,86.65036,1,fair,NA,2022
AIMS,2022-05-12T01:15:00Z,STIC03,STIC,20220419-20220701,SW,21038950,22044.6,5.86,86.65036,1,fair,NA,2022
AIMS,2022-05-12T01:30:00Z,STIC03,STIC,20220419-20220701,SW,21038950,22044.6,5.757222,86.65036,1,fair,NA,2022
AIMS,2022-05-12T01:45:00Z,STIC03,STIC,20220419-20220701,SW,21038950,22044.6,5.757222,86.65036,1,fair,NA,2022
AIMS,2022-05-12T02:00:00Z,STIC03,STIC,20220419-20220701,SW,21038950,22044.6,5.655,86.65036,1,fair,NA,2022
AIMS,2022-05-12T02:15:00Z,STIC03,STIC,20220419-20220701,SW,21038950,22044.6,5.655,86.65036,1,fair,NA,2022
AIMS,2022-05-12T02:30:00Z,STIC03,STIC,20220419-20220701,SW,21038950,22044.6,5.552222,86.65036,1,fair,NA,2022
AIMS,2022-05-12T02:45:00Z,STIC03,STIC,20220419-20220701,SW,21038950,22044.6,5.552222,86.65036,1,fair,NA,2022
AIMS,2022-05-12T03:00:00Z,STIC03,STIC,20220419-20220701,SW,21038950,22044.6,5.552222,86.65036,1,fair,NA,2022
AIMS,2022-05-12T03:15:00Z,STIC03,STIC,20220419-20220701,SW,21038950,22044.6,5.45,86.65036,1,fair,NA,2022
AIMS,2022-05-12T03:30:00Z,STIC03,STIC,20220419-20220701,SW,21038950,22044.6,5.45,86.65036,1,fair,NA,2022
AIMS,2022-05-12T03:45:00Z,STIC03,STIC,20220419-20220701,SW,21038950,22044.6,5.347222,86.65036,1,fair,NA,2022
AIMS,2022-05-12T04:00:00Z,STIC03,STIC,20220419-20220701,SW,21038950,21355.7,5.347222,83.84154,1,fair,NA,2022
AIMS,2022-05-12T04:15:00Z,STIC03,STIC,20220419-20220701,SW,21038950,22044.6,5.347222,86.65036,1,fair,NA,2022
AIMS,2022-05-12T04:30:00Z,STIC03,STIC,20220419-20220701,SW,21038950,21355.7,5.243889,83.84154,1,fair,NA,2022
AIMS,2022-05-12T04:45:00Z,STIC03,STIC,20220419-20220701,SW,21038950,22044.6,5.243889,86.65036,1,fair,NA,2022
AIMS,2022-05-12T05:00:00Z,STIC03,STIC,20220419-20220701,SW,21038950,21355.7,5.141111,83.84154,1,fair,NA,2022
AIMS,2022-05-12T05:15:00Z,STIC03,STIC,20220419-20220701,SW,21038950,21355.7,5.141111,83.84154,1,fair,NA,2022
AIMS,2022-05-12T05:30:00Z,STIC03,STIC,20220419-20220701,SW,21038950,21355.7,5.037222,83.84154,1,fair,NA,2022
AIMS,2022-05-12T05:45:00Z,STIC03,STIC,20220419-20220701,SW,21038950,20666.8,5.037222,81.03271,1,fair,NA,2022
AIMS,2022-05-12T06:00:00Z,STIC03,STIC,20220419-20220701,SW,21038950,21355.7,5.037222,83.84154,1,fair,NA,2022
AIMS,2022-05-12T06:15:00Z,STIC03,STIC,20220419-20220701,SW,21038950,21355.7,4.933889,83.84154,1,fair,NA,2022
AIMS,2022-05-12T06:30:00Z,STIC03,STIC,20220419-20220701,SW,21038950,21355.7,4.933889,83.84154,1,fair,NA,2022
AIMS,2022-05-12T06:45:00Z,STIC03,STIC,20220419-20220701,SW,21038950,21355.7,4.831111,83.84154,1,fair,NA,2022
AIMS,2022-05-12T07:00:00Z,STIC03,STIC,20220419-20220701,SW,21038950,21355.7,4.831111,83.84154,1,fair,NA,2022
AIMS,2022-05-12T07:15:00Z,STIC03,STIC,20220419-20220701,SW,21038950,21355.7,4.727222,83.84154,1,fair,NA,2022
AIMS,2022-05-12T07:30:00Z,STIC03,STIC,20220419-20220701,SW,21038950,21355.7,4.727222,83.84154,1,fair,NA,2022
AIMS,2022-05-12T07:45:00Z,STIC03,STIC,20220419-20220701,SW,21038950,21355.7,4.727222,83.84154,1,fair,NA,2022
AIMS,2022-05-12T08:00:00Z,STIC03,STIC,20220419-20220701,SW,21038950,21355.7,4.727222,83.84154,1,fair,NA,2022
AIMS,2022-05-12T08:15:00Z,STIC03,STIC,20220419-20220701,SW,21038950,21355.7,4.727222,83.84154,1,fair,NA,2022
AIMS,2022-05-12T08:30:00Z,STIC03,STIC,20220419-20220701,SW,21038950,21355.7,4.727222,83.84154,1,fair,NA,2022
AIMS,2022-05-12T08:45:00Z,STIC03,STIC,20220419-20220701,SW,21038950,21355.7,4.727222,83.84154,1,fair,NA,2022
AIMS,2022-05-12T09:00:00Z,STIC03,STIC,20220419-20220701,SW,21038950,21355.7,4.831111,83.84154,1,fair,NA,2022
AIMS,2022-05-12T09:15:00Z,STIC03,STIC,20220419-20220701,SW,21038950,21355.7,4.831111,83.84154,1,fair,NA,2022
AIMS,2022-05-12T09:30:00Z,STIC03,STIC,20220419-20220701,SW,21038950,21355.7,4.933889,83.84154,1,fair,NA,2022
AIMS,2022-05-12T09:45:00Z,STIC03,STIC,20220419-20220701,SW,21038950,21355.7,5.037222,83.84154,1,fair,NA,2022
AIMS,2022-05-12T10:00:00Z,STIC03,STIC,20220419-20220701,SW,21038950,21355.7,5.037222,83.84154,1,fair,NA,2022
AIMS,2022-05-12T10:15:00Z,STIC03,STIC,20220419-20220701,SW,21038950,22044.6,5.347222,86.65036,1,fair,NA,2022
AIMS,2022-05-12T10:30:00Z,STIC03,STIC,20220419-20220701,SW,21038950,22044.6,5.45,86.65036,1,fair,NA,2022
AIMS,2022-05-12T10:45:00Z,STIC03,STIC,20220419-20220701,SW,21038950,22044.6,5.757222,86.65036,1,fair,NA,2022
AIMS,2022-05-12T11:00:00Z,STIC03,STIC,20220419-20220701,SW,21038950,22044.6,5.962222,86.65036,1,fair,NA,2022
AIMS,2022-05-12T11:15:00Z,STIC03,STIC,20220419-20220701,SW,21038950,22044.6,6.267778,86.65036,1,fair,NA,2022
AIMS,2022-05-12T11:30:00Z,STIC03,STIC,20220419-20220701,SW,21038950,22044.6,6.471111,86.65036,1,fair,NA,2022
AIMS,2022-05-12T11:45:00Z,STIC03,STIC,20220419-20220701,SW,21038950,22044.6,6.673889,86.65036,1,fair,NA,2022
AIMS,2022-05-12T12:00:00Z,STIC03,STIC,20220419-20220701,SW,21038950,22044.6,6.977778,86.65036,1,fair,NA,2022
AIMS,2022-05-12T12:15:00Z,STIC03,STIC,20220419-20220701,SW,21038950,22044.6,7.178889,86.65036,1,fair,NA,2022
AIMS,2022-05-12T12:30:00Z,STIC03,STIC,20220419-20220701,SW,21038950,22044.6,7.381111,86.65036,1,fair,NA,2022
AIMS,2022-05-12T12:45:00Z,STIC03,STIC,20220419-20220701,SW,21038950,22044.6,7.582222,86.65036,1,fair,NA,2022
AIMS,2022-05-12T13:00:00Z,STIC03,STIC,20220419-20220701,SW,21038950,23422.4,7.882222,92.268,1,fair,NA,2022
AIMS,2022-05-12T13:15:00Z,STIC03,STIC,20220419-20220701,SW,21038950,23422.4,8.182222,92.268,1,fair,NA,2022
AIMS,2022-05-12T13:30:00Z,STIC03,STIC,20220419-20220701,SW,21038950,23422.4,8.382222,92.268,1,fair,NA,2022
AIMS,2022-05-12T13:45:00Z,STIC03,STIC,20220419-20220701,SW,21038950,23422.4,8.581111,92.268,1,fair,NA,2022
AIMS,2022-05-12T14:00:00Z,STIC03,STIC,20220419-20220701,SW,21038950,23422.4,8.778889,92.268,1,fair,NA,2022
AIMS,2022-05-12T14:15:00Z,STIC03,STIC,20220419-20220701,SW,21038950,23422.4,8.977778,92.268,1,fair,NA,2022
AIMS,2022-05-12T14:30:00Z,STIC03,STIC,20220419-20220701,SW,21038950,23422.4,9.176111,92.268,1,fair,NA,2022
AIMS,2022-05-12T14:45:00Z,STIC03,STIC,20220419-20220701,SW,21038950,23422.4,9.275,92.268,1,fair,NA,2022
AIMS,2022-05-12T15:00:00Z,STIC03,STIC,20220419-20220701,SW,21038950,24800.2,9.472222,97.88565,1,fair,NA,2022
AIMS,2022-05-12T15:15:00Z,STIC03,STIC,20220419-20220701,SW,21038950,24800.2,9.571111,97.88565,1,fair,NA,2022
AIMS,2022-05-12T15:30:00Z,STIC03,STIC,20220419-20220701,SW,21038950,24800.2,9.571111,97.88565,1,fair,NA,2022
AIMS,2022-05-12T15:45:00Z,STIC03,STIC,20220419-20220701,SW,21038950,24800.2,9.571111,97.88565,1,fair,NA,2022
AIMS,2022-05-12T16:00:00Z,STIC03,STIC,20220419-20220701,SW,21038950,24800.2,9.668889,97.88565,1,fair,NA,2022
AIMS,2022-05-12T16:15:00Z,STIC03,STIC,20220419-20220701,SW,21038950,24800.2,9.571111,97.88565,1,fair,NA,2022
AIMS,2022-05-12T16:30:00Z,STIC03,STIC,20220419-20220701,SW,21038950,24800.2,9.472222,97.88565,1,fair,NA,2022
AIMS,2022-05-12T16:45:00Z,STIC03,STIC,20220419-20220701,SW,21038950,24800.2,9.372778,97.88565,1,fair,NA,2022
AIMS,2022-05-12T17:00:00Z,STIC03,STIC,20220419-20220701,SW,21038950,23422.4,9.275,92.268,1,fair,NA,2022
AIMS,2022-05-12T17:15:00Z,STIC03,STIC,20220419-20220701,SW,21038950,23422.4,9.077222,92.268,1,fair,NA,2022
AIMS,2022-05-12T17:30:00Z,STIC03,STIC,20220419-20220701,SW,21038950,23422.4,8.977778,92.268,1,fair,NA,2022
AIMS,2022-05-12T17:45:00Z,STIC03,STIC,20220419-20220701,SW,21038950,23422.4,8.878889,92.268,1,fair,NA,2022
AIMS,2022-05-12T18:00:00Z,STIC03,STIC,20220419-20220701,SW,21038950,23422.4,8.778889,92.268,1,fair,NA,2022
AIMS,2022-05-12T18:15:00Z,STIC03,STIC,20220419-20220701,SW,21038950,23422.4,8.581111,92.268,1,fair,NA,2022
AIMS,2022-05-12T18:30:00Z,STIC03,STIC,20220419-20220701,SW,21038950,23422.4,8.481111,92.268,1,fair,NA,2022
AIMS,2022-05-12T18:45:00Z,STIC03,STIC,20220419-20220701,SW,21038950,23422.4,8.282222,92.268,1,fair,NA,2022
AIMS,2022-05-12T19:00:00Z,STIC03,STIC,20220419-20220701,SW,21038950,23422.4,8.182222,92.268,1,fair,NA,2022
AIMS,2022-05-12T19:15:00Z,STIC03,STIC,20220419-20220701,SW,21038950,23422.4,7.982778,92.268,1,fair,NA,2022
AIMS,2022-05-12T19:30:00Z,STIC03,STIC,20220419-20220701,SW,21038950,23422.4,7.882222,92.268,1,fair,NA,2022
AIMS,2022-05-12T19:45:00Z,STIC03,STIC,20220419-20220701,SW,21038950,23422.4,7.682222,92.268,1,fair,NA,2022
AIMS,2022-05-12T20:00:00Z,STIC03,STIC,20220419-20220701,SW,21038950,23422.4,7.582222,92.268,1,fair,NA,2022
AIMS,2022-05-12T20:15:00Z,STIC03,STIC,20220419-20220701,SW,21038950,23422.4,7.381111,92.268,1,fair,NA,2022
AIMS,2022-05-12T20:30:00Z,STIC03,STIC,20220419-20220701,SW,21038950,23422.4,7.28,92.268,1,fair,NA,2022
AIMS,2022-05-12T20:45:00Z,STIC03,STIC,20220419-20220701,SW,21038950,22044.6,7.078889,86.65036,1,fair,NA,2022
AIMS,2022-05-12T21:00:00Z,STIC03,STIC,20220419-20220701,SW,21038950,22044.6,6.977778,86.65036,1,fair,NA,2022
AIMS,2022-05-12T21:15:00Z,STIC03,STIC,20220419-20220701,SW,21038950,22044.6,6.775,86.65036,1,fair,NA,2022
AIMS,2022-05-12T21:30:00Z,STIC03,STIC,20220419-20220701,SW,21038950,22044.6,6.572778,86.65036,1,fair,NA,2022
AIMS,2022-05-12T21:45:00Z,STIC03,STIC,20220419-20220701,SW,21038950,22044.6,6.471111,86.65036,1,fair,NA,2022
AIMS,2022-05-12T22:00:00Z,STIC03,STIC,20220419-20220701,SW,21038950,22044.6,6.267778,86.65036,1,fair,NA,2022
AIMS,2022-05-12T22:15:00Z,STIC03,STIC,20220419-20220701,SW,21038950,22044.6,6.166111,86.65036,1,fair,NA,2022
AIMS,2022-05-12T22:30:00Z,STIC03,STIC,20220419-20220701,SW,21038950,22044.6,6.063889,86.65036,1,fair,NA,2022
AIMS,2022-05-12T22:45:00Z,STIC03,STIC,20220419-20220701,SW,21038950,22044.6,5.86,86.65036,1,fair,NA,2022
AIMS,2022-05-12T23:00:00Z,STIC03,STIC,20220419-20220701,SW,21038950,22044.6,5.757222,86.65036,1,fair,NA,2022
AIMS,2022-05-12T23:15:00Z,STIC03,STIC,20220419-20220701,SW,21038950,22044.6,5.757222,86.65036,1,fair,NA,2022
AIMS,2022-05-12T23:30:00Z,STIC03,STIC,20220419-20220701,SW,21038950,22044.6,5.655,86.65036,1,fair,NA,2022
AIMS,2022-05-12T23:45:00Z,STIC03,STIC,20220419-20220701,SW,21038950,22044.6,5.552222,86.65036,1,fair,NA,2022
AIMS,2022-05-13T00:00:00Z,STIC03,STIC,20220419-20220701,SW,21038950,22044.6,5.45,86.65036,1,fair,NA,2022
AIMS,2022-05-13T00:15:00Z,STIC03,STIC,20220419-20220701,SW,21038950,22044.6,5.347222,86.65036,1,fair,NA,2022
AIMS,2022-05-13T00:30:00Z,STIC03,STIC,20220419-20220701,SW,21038950,22044.6,5.243889,86.65036,1,fair,NA,2022
AIMS,2022-05-13T00:45:00Z,STIC03,STIC,20220419-20220701,SW,21038950,22044.6,5.141111,86.65036,1,fair,NA,2022
AIMS,2022-05-13T01:00:00Z,STIC03,STIC,20220419-20220701,SW,21038950,22044.6,5.141111,86.65036,1,fair,NA,2022
AIMS,2022-05-13T01:15:00Z,STIC03,STIC,20220419-20220701,SW,21038950,22044.6,5.037222,86.65036,1,fair,NA,2022
AIMS,2022-05-13T01:30:00Z,STIC03,STIC,20220419-20220701,SW,21038950,22044.6,5.037222,86.65036,1,fair,NA,2022
AIMS,2022-05-13T01:45:00Z,STIC03,STIC,20220419-20220701,SW,21038950,22044.6,4.933889,86.65036,1,fair,NA,2022
AIMS,2022-05-13T02:00:00Z,STIC03,STIC,20220419-20220701,SW,21038950,22044.6,4.933889,86.65036,1,fair,NA,2022
AIMS,2022-05-13T02:15:00Z,STIC03,STIC,20220419-20220701,SW,21038950,22044.6,4.933889,86.65036,1,fair,NA,2022
AIMS,2022-05-13T02:30:00Z,STIC03,STIC,20220419-20220701,SW,21038950,22044.6,4.933889,86.65036,1,fair,NA,2022
AIMS,2022-05-13T02:45:00Z,STIC03,STIC,20220419-20220701,SW,21038950,22044.6,4.933889,86.65036,1,fair,NA,2022
AIMS,2022-05-13T03:00:00Z,STIC03,STIC,20220419-20220701,SW,21038950,22044.6,4.933889,86.65036,1,fair,NA,2022
AIMS,2022-05-13T03:15:00Z,STIC03,STIC,20220419-20220701,SW,21038950,22044.6,4.933889,86.65036,1,fair,NA,2022
AIMS,2022-05-13T03:30:00Z,STIC03,STIC,20220419-20220701,SW,21038950,22044.6,4.933889,86.65036,1,fair,NA,2022
AIMS,2022-05-13T03:45:00Z,STIC03,STIC,20220419-20220701,SW,21038950,22044.6,4.933889,86.65036,1,fair,NA,2022
AIMS,2022-05-13T04:00:00Z,STIC03,STIC,20220419-20220701,SW,21038950,22044.6,4.933889,86.65036,1,fair,NA,2022
AIMS,2022-05-13T04:15:00Z,STIC03,STIC,20220419-20220701,SW,21038950,22044.6,4.933889,86.65036,1,fair,NA,2022
AIMS,2022-05-13T04:30:00Z,STIC03,STIC,20220419-20220701,SW,21038950,22044.6,4.933889,86.65036,1,fair,NA,2022
AIMS,2022-05-13T04:45:00Z,STIC03,STIC,20220419-20220701,SW,21038950,22044.6,5.037222,86.65036,1,fair,NA,2022
AIMS,2022-05-13T05:00:00Z,STIC03,STIC,20220419-20220701,SW,21038950,22044.6,5.037222,86.65036,1,fair,NA,2022
AIMS,2022-05-13T05:15:00Z,STIC03,STIC,20220419-20220701,SW,21038950,22044.6,5.037222,86.65036,1,fair,NA,2022
AIMS,2022-05-13T05:30:00Z,STIC03,STIC,20220419-20220701,SW,21038950,22044.6,5.141111,86.65036,1,fair,NA,2022
AIMS,2022-05-13T05:45:00Z,STIC03,STIC,20220419-20220701,SW,21038950,22044.6,5.141111,86.65036,1,fair,NA,2022
AIMS,2022-05-13T06:00:00Z,STIC03,STIC,20220419-20220701,SW,21038950,22044.6,5.141111,86.65036,1,fair,NA,2022
AIMS,2022-05-13T06:15:00Z,STIC03,STIC,20220419-20220701,SW,21038950,22044.6,5.141111,86.65036,1,fair,NA,2022
AIMS,2022-05-13T06:30:00Z,STIC03,STIC,20220419-20220701,SW,21038950,21355.7,5.141111,83.84154,1,fair,NA,2022
AIMS,2022-05-13T06:45:00Z,STIC03,STIC,20220419-20220701,SW,21038950,22044.6,5.141111,86.65036,1,fair,NA,2022
AIMS,2022-05-13T07:00:00Z,STIC03,STIC,20220419-20220701,SW,21038950,22044.6,5.243889,86.65036,1,fair,NA,2022
AIMS,2022-05-13T07:15:00Z,STIC03,STIC,20220419-20220701,SW,21038950,22044.6,5.243889,86.65036,1,fair,NA,2022
AIMS,2022-05-13T07:30:00Z,STIC03,STIC,20220419-20220701,SW,21038950,22044.6,5.243889,86.65036,1,fair,NA,2022
AIMS,2022-05-13T07:45:00Z,STIC03,STIC,20220419-20220701,SW,21038950,22044.6,5.347222,86.65036,1,fair,NA,2022
AIMS,2022-05-13T08:00:00Z,STIC03,STIC,20220419-20220701,SW,21038950,22044.6,5.347222,86.65036,1,fair,NA,2022
AIMS,2022-05-13T08:15:00Z,STIC03,STIC,20220419-20220701,SW,21038950,22044.6,5.45,86.65036,1,fair,NA,2022
AIMS,2022-05-13T08:30:00Z,STIC03,STIC,20220419-20220701,SW,21038950,22044.6,5.45,86.65036,1,fair,NA,2022
AIMS,2022-05-13T08:45:00Z,STIC03,STIC,20220419-20220701,SW,21038950,22044.6,5.552222,86.65036,1,fair,NA,2022
AIMS,2022-05-13T09:00:00Z,STIC03,STIC,20220419-20220701,SW,21038950,22044.6,5.552222,86.65036,1,fair,NA,2022
AIMS,2022-05-13T09:15:00Z,STIC03,STIC,20220419-20220701,SW,21038950,22044.6,5.655,86.65036,1,fair,NA,2022
AIMS,2022-05-13T09:30:00Z,STIC03,STIC,20220419-20220701,SW,21038950,22044.6,5.757222,86.65036,1,fair,NA,2022
AIMS,2022-05-13T09:45:00Z,STIC03,STIC,20220419-20220701,SW,21038950,22044.6,5.962222,86.65036,1,fair,NA,2022
AIMS,2022-05-13T10:00:00Z,STIC03,STIC,20220419-20220701,SW,21038950,22044.6,6.063889,86.65036,1,fair,NA,2022
AIMS,2022-05-13T10:15:00Z,STIC03,STIC,20220419-20220701,SW,21038950,22044.6,6.166111,86.65036,1,fair,NA,2022
AIMS,2022-05-13T10:30:00Z,STIC03,STIC,20220419-20220701,SW,21038950,22044.6,6.166111,86.65036,1,fair,NA,2022
AIMS,2022-05-13T10:45:00Z,STIC03,STIC,20220419-20220701,SW,21038950,22044.6,6.37,86.65036,1,fair,NA,2022
AIMS,2022-05-13T11:00:00Z,STIC03,STIC,20220419-20220701,SW,21038950,22044.6,6.37,86.65036,1,fair,NA,2022
AIMS,2022-05-13T11:15:00Z,STIC03,STIC,20220419-20220701,SW,21038950,22044.6,6.471111,86.65036,1,fair,NA,2022
AIMS,2022-05-13T11:30:00Z,STIC03,STIC,20220419-20220701,SW,21038950,22044.6,6.673889,86.65036,1,fair,NA,2022
AIMS,2022-05-13T11:45:00Z,STIC03,STIC,20220419-20220701,SW,21038950,22044.6,6.775,86.65036,1,fair,NA,2022
AIMS,2022-05-13T12:00:00Z,STIC03,STIC,20220419-20220701,SW,21038950,22044.6,6.977778,86.65036,1,fair,NA,2022
AIMS,2022-05-13T12:15:00Z,STIC03,STIC,20220419-20220701,SW,21038950,22044.6,7.078889,86.65036,1,fair,NA,2022
AIMS,2022-05-13T12:30:00Z,STIC03,STIC,20220419-20220701,SW,21038950,23422.4,7.28,92.268,1,fair,NA,2022
AIMS,2022-05-13T12:45:00Z,STIC03,STIC,20220419-20220701,SW,21038950,23422.4,7.481111,92.268,1,fair,NA,2022
AIMS,2022-05-13T13:00:00Z,STIC03,STIC,20220419-20220701,SW,21038950,23422.4,7.682222,92.268,1,fair,NA,2022
AIMS,2022-05-13T13:15:00Z,STIC03,STIC,20220419-20220701,SW,21038950,23422.4,7.882222,92.268,1,fair,NA,2022
AIMS,2022-05-13T13:30:00Z,STIC03,STIC,20220419-20220701,SW,21038950,23422.4,7.982778,92.268,1,fair,NA,2022
AIMS,2022-05-13T13:45:00Z,STIC03,STIC,20220419-20220701,SW,21038950,23422.4,8.182222,92.268,1,fair,NA,2022
AIMS,2022-05-13T14:00:00Z,STIC03,STIC,20220419-20220701,SW,21038950,23422.4,8.182222,92.268,1,fair,NA,2022
AIMS,2022-05-13T14:15:00Z,STIC03,STIC,20220419-20220701,SW,21038950,23422.4,8.282222,92.268,1,fair,NA,2022
AIMS,2022-05-13T14:30:00Z,STIC03,STIC,20220419-20220701,SW,21038950,23422.4,8.382222,92.268,1,fair,NA,2022
AIMS,2022-05-13T14:45:00Z,STIC03,STIC,20220419-20220701,SW,21038950,23422.4,8.382222,92.268,1,fair,NA,2022
AIMS,2022-05-13T15:00:00Z,STIC03,STIC,20220419-20220701,SW,21038950,23422.4,8.481111,92.268,1,fair,NA,2022
AIMS,2022-05-13T15:15:00Z,STIC03,STIC,20220419-20220701,SW,21038950,23422.4,8.481111,92.268,1,fair,NA,2022
AIMS,2022-05-13T15:30:00Z,STIC03,STIC,20220419-20220701,SW,21038950,23422.4,8.481111,92.268,1,fair,NA,2022
AIMS,2022-05-13T15:45:00Z,STIC03,STIC,20220419-20220701,SW,21038950,23422.4,8.581111,92.268,1,fair,NA,2022
AIMS,2022-05-13T16:00:00Z,STIC03,STIC,20220419-20220701,SW,21038950,23422.4,8.581111,92.268,1,fair,NA,2022
AIMS,2022-05-13T16:15:00Z,STIC03,STIC,20220419-20220701,SW,21038950,23422.4,8.581111,92.268,1,fair,NA,2022
AIMS,2022-05-13T16:30:00Z,STIC03,STIC,20220419-20220701,SW,21038950,23422.4,8.481111,92.268,1,fair,NA,2022
AIMS,2022-05-13T16:45:00Z,STIC03,STIC,20220419-20220701,SW,21038950,23422.4,8.581111,92.268,1,fair,NA,2022
AIMS,2022-05-13T17:00:00Z,STIC03,STIC,20220419-20220701,SW,21038950,23422.4,8.68,92.268,1,fair,NA,2022
AIMS,2022-05-13T17:15:00Z,STIC03,STIC,20220419-20220701,SW,21038950,23422.4,8.68,92.268,1,fair,NA,2022
AIMS,2022-05-13T17:30:00Z,STIC03,STIC,20220419-20220701,SW,21038950,23422.4,8.581111,92.268,1,fair,NA,2022
AIMS,2022-05-13T17:45:00Z,STIC03,STIC,20220419-20220701,SW,21038950,23422.4,8.581111,92.268,1,fair,NA,2022
AIMS,2022-05-13T18:00:00Z,STIC03,STIC,20220419-20220701,SW,21038950,23422.4,8.481111,92.268,1,fair,NA,2022
AIMS,2022-05-13T18:15:00Z,STIC03,STIC,20220419-20220701,SW,21038950,23422.4,8.481111,92.268,1,fair,NA,2022
AIMS,2022-05-13T18:30:00Z,STIC03,STIC,20220419-20220701,SW,21038950,23422.4,8.382222,92.268,1,fair,NA,2022
AIMS,2022-05-13T18:45:00Z,STIC03,STIC,20220419-20220701,SW,21038950,23422.4,8.282222,92.268,1,fair,NA,2022
AIMS,2022-05-13T19:00:00Z,STIC03,STIC,20220419-20220701,SW,21038950,23422.4,8.182222,92.268,1,fair,NA,2022
AIMS,2022-05-13T19:15:00Z,STIC03,STIC,20220419-20220701,SW,21038950,23422.4,8.082222,92.268,1,fair,NA,2022
AIMS,2022-05-13T19:30:00Z,STIC03,STIC,20220419-20220701,SW,21038950,23422.4,7.982778,92.268,1,fair,NA,2022
AIMS,2022-05-13T19:45:00Z,STIC03,STIC,20220419-20220701,SW,21038950,23422.4,7.882222,92.268,1,fair,NA,2022
AIMS,2022-05-13T20:00:00Z,STIC03,STIC,20220419-20220701,SW,21038950,23422.4,7.782222,92.268,1,fair,NA,2022
AIMS,2022-05-13T20:15:00Z,STIC03,STIC,20220419-20220701,SW,21038950,23422.4,7.682222,92.268,1,fair,NA,2022
AIMS,2022-05-13T20:30:00Z,STIC03,STIC,20220419-20220701,SW,21038950,23422.4,7.582222,92.268,1,fair,NA,2022
AIMS,2022-05-13T20:45:00Z,STIC03,STIC,20220419-20220701,SW,21038950,23422.4,7.481111,92.268,1,fair,NA,2022
AIMS,2022-05-13T21:00:00Z,STIC03,STIC,20220419-20220701,SW,21038950,23422.4,7.381111,92.268,1,fair,NA,2022
AIMS,2022-05-13T21:15:00Z,STIC03,STIC,20220419-20220701,SW,21038950,23422.4,7.28,92.268,1,fair,NA,2022
AIMS,2022-05-13T21:30:00Z,STIC03,STIC,20220419-20220701,SW,21038950,23422.4,7.078889,92.268,1,fair,NA,2022
AIMS,2022-05-13T21:45:00Z,STIC03,STIC,20220419-20220701,SW,21038950,23422.4,6.977778,92.268,1,fair,NA,2022
AIMS,2022-05-13T22:00:00Z,STIC03,STIC,20220419-20220701,SW,21038950,23422.4,6.877222,92.268,1,fair,NA,2022
AIMS,2022-05-13T22:15:00Z,STIC03,STIC,20220419-20220701,SW,21038950,23422.4,6.673889,92.268,1,fair,NA,2022
AIMS,2022-05-13T22:30:00Z,STIC03,STIC,20220419-20220701,SW,21038950,23422.4,6.673889,92.268,1,fair,NA,2022
AIMS,2022-05-13T22:45:00Z,STIC03,STIC,20220419-20220701,SW,21038950,23422.4,6.572778,92.268,1,fair,NA,2022
AIMS,2022-05-13T23:00:00Z,STIC03,STIC,20220419-20220701,SW,21038950,23422.4,6.471111,92.268,1,fair,NA,2022
AIMS,2022-05-13T23:15:00Z,STIC03,STIC,20220419-20220701,SW,21038950,23422.4,6.37,92.268,1,fair,NA,2022
AIMS,2022-05-13T23:30:00Z,STIC03,STIC,20220419-20220701,SW,21038950,22044.6,6.37,86.65036,1,fair,NA,2022
AIMS,2022-05-13T23:45:00Z,STIC03,STIC,20220419-20220701,SW,21038950,22044.6,6.267778,86.65036,1,fair,NA,2022
AIMS,2022-05-14T00:00:00Z,STIC03,STIC,20220419-20220701,SW,21038950,22044.6,6.166111,86.65036,1,fair,NA,2022
AIMS,2022-05-14T00:15:00Z,STIC03,STIC,20220419-20220701,SW,21038950,22044.6,6.063889,86.65036,1,fair,NA,2022
AIMS,2022-05-14T00:30:00Z,STIC03,STIC,20220419-20220701,SW,21038950,22044.6,5.962222,86.65036,1,fair,NA,2022
AIMS,2022-05-14T00:45:00Z,STIC03,STIC,20220419-20220701,SW,21038950,22044.6,5.86,86.65036,1,fair,NA,2022
AIMS,2022-05-14T01:00:00Z,STIC03,STIC,20220419-20220701,SW,21038950,22044.6,5.757222,86.65036,1,fair,NA,2022
AIMS,2022-05-14T01:15:00Z,STIC03,STIC,20220419-20220701,SW,21038950,22044.6,5.655,86.65036,1,fair,NA,2022
AIMS,2022-05-14T01:30:00Z,STIC03,STIC,20220419-20220701,SW,21038950,22044.6,5.552222,86.65036,1,fair,NA,2022
AIMS,2022-05-14T01:45:00Z,STIC03,STIC,20220419-20220701,SW,21038950,22044.6,5.552222,86.65036,1,fair,NA,2022
AIMS,2022-05-14T02:00:00Z,STIC03,STIC,20220419-20220701,SW,21038950,22044.6,5.45,86.65036,1,fair,NA,2022
AIMS,2022-05-14T02:15:00Z,STIC03,STIC,20220419-20220701,SW,21038950,22044.6,5.45,86.65036,1,fair,NA,2022
AIMS,2022-05-14T02:30:00Z,STIC03,STIC,20220419-20220701,SW,21038950,22044.6,5.347222,86.65036,1,fair,NA,2022
AIMS,2022-05-14T02:45:00Z,STIC03,STIC,20220419-20220701,SW,21038950,22044.6,5.347222,86.65036,1,fair,NA,2022
AIMS,2022-05-14T03:00:00Z,STIC03,STIC,20220419-20220701,SW,21038950,22044.6,5.243889,86.65036,1,fair,NA,2022
AIMS,2022-05-14T03:15:00Z,STIC03,STIC,20220419-20220701,SW,21038950,22044.6,5.243889,86.65036,1,fair,NA,2022
AIMS,2022-05-14T03:30:00Z,STIC03,STIC,20220419-20220701,SW,21038950,22044.6,5.243889,86.65036,1,fair,NA,2022
AIMS,2022-05-14T03:45:00Z,STIC03,STIC,20220419-20220701,SW,21038950,22044.6,5.243889,86.65036,1,fair,NA,2022
AIMS,2022-05-14T04:00:00Z,STIC03,STIC,20220419-20220701,SW,21038950,22044.6,5.243889,86.65036,1,fair,NA,2022
AIMS,2022-05-14T04:15:00Z,STIC03,STIC,20220419-20220701,SW,21038950,22044.6,5.243889,86.65036,1,fair,NA,2022
AIMS,2022-05-14T04:30:00Z,STIC03,STIC,20220419-20220701,SW,21038950,22044.6,5.243889,86.65036,1,fair,NA,2022
AIMS,2022-05-14T04:45:00Z,STIC03,STIC,20220419-20220701,SW,21038950,22044.6,5.243889,86.65036,1,fair,NA,2022
AIMS,2022-05-14T05:00:00Z,STIC03,STIC,20220419-20220701,SW,21038950,22044.6,5.243889,86.65036,1,fair,NA,2022
AIMS,2022-05-14T05:15:00Z,STIC03,STIC,20220419-20220701,SW,21038950,22044.6,5.243889,86.65036,1,fair,NA,2022
AIMS,2022-05-14T05:30:00Z,STIC03,STIC,20220419-20220701,SW,21038950,22044.6,5.347222,86.65036,1,fair,NA,2022
AIMS,2022-05-14T05:45:00Z,STIC03,STIC,20220419-20220701,SW,21038950,22044.6,5.243889,86.65036,1,fair,NA,2022
AIMS,2022-05-14T06:00:00Z,STIC03,STIC,20220419-20220701,SW,21038950,22044.6,5.347222,86.65036,1,fair,NA,2022
AIMS,2022-05-14T06:15:00Z,STIC03,STIC,20220419-20220701,SW,21038950,22044.6,5.347222,86.65036,1,fair,NA,2022
AIMS,2022-05-14T06:30:00Z,STIC03,STIC,20220419-20220701,SW,21038950,22044.6,5.347222,86.65036,1,fair,NA,2022
AIMS,2022-05-14T06:45:00Z,STIC03,STIC,20220419-20220701,SW,21038950,22044.6,5.347222,86.65036,1,fair,NA,2022
AIMS,2022-05-14T07:00:00Z,STIC03,STIC,20220419-20220701,SW,21038950,22044.6,5.45,86.65036,1,fair,NA,2022
AIMS,2022-05-14T07:15:00Z,STIC03,STIC,20220419-20220701,SW,21038950,22044.6,5.45,86.65036,1,fair,NA,2022
AIMS,2022-05-14T07:30:00Z,STIC03,STIC,20220419-20220701,SW,21038950,22044.6,5.552222,86.65036,1,fair,NA,2022
AIMS,2022-05-14T07:45:00Z,STIC03,STIC,20220419-20220701,SW,21038950,22044.6,5.552222,86.65036,1,fair,NA,2022
AIMS,2022-05-14T08:00:00Z,STIC03,STIC,20220419-20220701,SW,21038950,22044.6,5.655,86.65036,1,fair,NA,2022
AIMS,2022-05-14T08:15:00Z,STIC03,STIC,20220419-20220701,SW,21038950,22044.6,5.655,86.65036,1,fair,NA,2022
AIMS,2022-05-14T08:30:00Z,STIC03,STIC,20220419-20220701,SW,21038950,22044.6,5.655,86.65036,1,fair,NA,2022
AIMS,2022-05-14T08:45:00Z,STIC03,STIC,20220419-20220701,SW,21038950,22044.6,5.757222,86.65036,1,fair,NA,2022
AIMS,2022-05-14T09:00:00Z,STIC03,STIC,20220419-20220701,SW,21038950,22044.6,5.86,86.65036,1,fair,NA,2022
AIMS,2022-05-14T09:15:00Z,STIC03,STIC,20220419-20220701,SW,21038950,22044.6,5.86,86.65036,1,fair,NA,2022
AIMS,2022-05-14T09:30:00Z,STIC03,STIC,20220419-20220701,SW,21038950,22044.6,5.962222,86.65036,1,fair,NA,2022
AIMS,2022-05-14T09:45:00Z,STIC03,STIC,20220419-20220701,SW,21038950,22044.6,6.166111,86.65036,1,fair,NA,2022
AIMS,2022-05-14T10:00:00Z,STIC03,STIC,20220419-20220701,SW,21038950,22044.6,6.267778,86.65036,1,fair,NA,2022
AIMS,2022-05-14T10:15:00Z,STIC03,STIC,20220419-20220701,SW,21038950,22044.6,6.37,86.65036,1,fair,NA,2022
AIMS,2022-05-14T10:30:00Z,STIC03,STIC,20220419-20220701,SW,21038950,22044.6,6.572778,86.65036,1,fair,NA,2022
AIMS,2022-05-14T10:45:00Z,STIC03,STIC,20220419-20220701,SW,21038950,23422.4,6.775,92.268,1,fair,NA,2022
AIMS,2022-05-14T11:00:00Z,STIC03,STIC,20220419-20220701,SW,21038950,23422.4,6.977778,92.268,1,fair,NA,2022
AIMS,2022-05-14T11:15:00Z,STIC03,STIC,20220419-20220701,SW,21038950,23422.4,7.178889,92.268,1,fair,NA,2022
AIMS,2022-05-14T11:30:00Z,STIC03,STIC,20220419-20220701,SW,21038950,23422.4,7.381111,92.268,1,fair,NA,2022
AIMS,2022-05-14T11:45:00Z,STIC03,STIC,20220419-20220701,SW,21038950,23422.4,7.582222,92.268,1,fair,NA,2022
AIMS,2022-05-14T12:00:00Z,STIC03,STIC,20220419-20220701,SW,21038950,23422.4,7.782222,92.268,1,fair,NA,2022
AIMS,2022-05-14T12:15:00Z,STIC03,STIC,20220419-20220701,SW,21038950,23422.4,7.882222,92.268,1,fair,NA,2022
AIMS,2022-05-14T12:30:00Z,STIC03,STIC,20220419-20220701,SW,21038950,23422.4,7.982778,92.268,1,fair,NA,2022
AIMS,2022-05-14T12:45:00Z,STIC03,STIC,20220419-20220701,SW,21038950,23422.4,8.182222,92.268,1,fair,NA,2022
AIMS,2022-05-14T13:00:00Z,STIC03,STIC,20220419-20220701,SW,21038950,23422.4,8.282222,92.268,1,fair,NA,2022
AIMS,2022-05-14T13:15:00Z,STIC03,STIC,20220419-20220701,SW,21038950,23422.4,8.382222,92.268,1,fair,NA,2022
AIMS,2022-05-14T13:30:00Z,STIC03,STIC,20220419-20220701,SW,21038950,24800.2,8.581111,97.88565,1,fair,NA,2022
AIMS,2022-05-14T13:45:00Z,STIC03,STIC,20220419-20220701,SW,21038950,24800.2,8.977778,97.88565,1,fair,NA,2022
AIMS,2022-05-14T14:00:00Z,STIC03,STIC,20220419-20220701,SW,21038950,24800.2,9.275,97.88565,1,fair,NA,2022
AIMS,2022-05-14T14:15:00Z,STIC03,STIC,20220419-20220701,SW,21038950,24800.2,9.571111,97.88565,1,fair,NA,2022
AIMS,2022-05-14T14:30:00Z,STIC03,STIC,20220419-20220701,SW,21038950,24800.2,9.571111,97.88565,1,fair,NA,2022
AIMS,2022-05-14T14:45:00Z,STIC03,STIC,20220419-20220701,SW,21038950,24800.2,9.668889,97.88565,1,fair,NA,2022
AIMS,2022-05-14T15:00:00Z,STIC03,STIC,20220419-20220701,SW,21038950,24800.2,9.668889,97.88565,1,fair,NA,2022
AIMS,2022-05-14T15:15:00Z,STIC03,STIC,20220419-20220701,SW,21038950,24800.2,9.767778,97.88565,1,fair,NA,2022
AIMS,2022-05-14T15:30:00Z,STIC03,STIC,20220419-20220701,SW,21038950,24800.2,9.668889,97.88565,1,fair,NA,2022
AIMS,2022-05-14T15:45:00Z,STIC03,STIC,20220419-20220701,SW,21038950,24800.2,9.668889,97.88565,1,fair,NA,2022
AIMS,2022-05-14T16:00:00Z,STIC03,STIC,20220419-20220701,SW,21038950,24800.2,9.668889,97.88565,1,fair,NA,2022
AIMS,2022-05-14T16:15:00Z,STIC03,STIC,20220419-20220701,SW,21038950,24800.2,9.668889,97.88565,1,fair,NA,2022
AIMS,2022-05-14T16:30:00Z,STIC03,STIC,20220419-20220701,SW,21038950,24800.2,9.668889,97.88565,1,fair,NA,2022
AIMS,2022-05-14T16:45:00Z,STIC03,STIC,20220419-20220701,SW,21038950,24800.2,9.668889,97.88565,1,fair,NA,2022
AIMS,2022-05-14T17:00:00Z,STIC03,STIC,20220419-20220701,SW,21038950,24800.2,9.571111,97.88565,1,fair,NA,2022
AIMS,2022-05-14T17:15:00Z,STIC03,STIC,20220419-20220701,SW,21038950,24800.2,9.571111,97.88565,1,fair,NA,2022
AIMS,2022-05-14T17:30:00Z,STIC03,STIC,20220419-20220701,SW,21038950,24800.2,9.571111,97.88565,1,fair,NA,2022
AIMS,2022-05-14T17:45:00Z,STIC03,STIC,20220419-20220701,SW,21038950,24800.2,9.571111,97.88565,1,fair,NA,2022
AIMS,2022-05-14T18:00:00Z,STIC03,STIC,20220419-20220701,SW,21038950,24800.2,9.472222,97.88565,1,fair,NA,2022
AIMS,2022-05-14T18:15:00Z,STIC03,STIC,20220419-20220701,SW,21038950,24800.2,9.472222,97.88565,1,fair,NA,2022
AIMS,2022-05-14T18:30:00Z,STIC03,STIC,20220419-20220701,SW,21038950,24800.2,9.372778,97.88565,1,fair,NA,2022
AIMS,2022-05-14T18:45:00Z,STIC03,STIC,20220419-20220701,SW,21038950,24800.2,9.275,97.88565,1,fair,NA,2022
AIMS,2022-05-14T19:00:00Z,STIC03,STIC,20220419-20220701,SW,21038950,24800.2,9.176111,97.88565,1,fair,NA,2022
AIMS,2022-05-14T19:15:00Z,STIC03,STIC,20220419-20220701,SW,21038950,24800.2,9.077222,97.88565,1,fair,NA,2022
AIMS,2022-05-14T19:30:00Z,STIC03,STIC,20220419-20220701,SW,21038950,24800.2,9.077222,97.88565,1,fair,NA,2022
AIMS,2022-05-14T19:45:00Z,STIC03,STIC,20220419-20220701,SW,21038950,24800.2,8.878889,97.88565,1,fair,NA,2022
AIMS,2022-05-14T20:00:00Z,STIC03,STIC,20220419-20220701,SW,21038950,24800.2,8.778889,97.88565,1,fair,NA,2022
AIMS,2022-05-14T20:15:00Z,STIC03,STIC,20220419-20220701,SW,21038950,24800.2,8.68,97.88565,1,fair,NA,2022
AIMS,2022-05-14T20:30:00Z,STIC03,STIC,20220419-20220701,SW,21038950,24800.2,8.581111,97.88565,1,fair,NA,2022
AIMS,2022-05-14T20:45:00Z,STIC03,STIC,20220419-20220701,SW,21038950,24800.2,8.481111,97.88565,1,fair,NA,2022
AIMS,2022-05-14T21:00:00Z,STIC03,STIC,20220419-20220701,SW,21038950,24800.2,8.382222,97.88565,1,fair,NA,2022
AIMS,2022-05-14T21:15:00Z,STIC03,STIC,20220419-20220701,SW,21038950,24800.2,8.282222,97.88565,1,fair,NA,2022
AIMS,2022-05-14T21:30:00Z,STIC03,STIC,20220419-20220701,SW,21038950,24800.2,8.182222,97.88565,1,fair,NA,2022
AIMS,2022-05-14T21:45:00Z,STIC03,STIC,20220419-20220701,SW,21038950,24800.2,7.982778,97.88565,1,fair,NA,2022
AIMS,2022-05-14T22:00:00Z,STIC03,STIC,20220419-20220701,SW,21038950,24800.2,7.882222,97.88565,1,fair,NA,2022
AIMS,2022-05-14T22:15:00Z,STIC03,STIC,20220419-20220701,SW,21038950,24800.2,7.782222,97.88565,1,fair,NA,2022
AIMS,2022-05-14T22:30:00Z,STIC03,STIC,20220419-20220701,SW,21038950,23422.4,7.682222,92.268,1,fair,NA,2022
AIMS,2022-05-14T22:45:00Z,STIC03,STIC,20220419-20220701,SW,21038950,23422.4,7.481111,92.268,1,fair,NA,2022
AIMS,2022-05-14T23:00:00Z,STIC03,STIC,20220419-20220701,SW,21038950,23422.4,7.381111,92.268,1,fair,NA,2022
AIMS,2022-05-14T23:15:00Z,STIC03,STIC,20220419-20220701,SW,21038950,23422.4,7.28,92.268,1,fair,NA,2022
AIMS,2022-05-14T23:30:00Z,STIC03,STIC,20220419-20220701,SW,21038950,23422.4,7.178889,92.268,1,fair,NA,2022
AIMS,2022-05-14T23:45:00Z,STIC03,STIC,20220419-20220701,SW,21038950,23422.4,7.078889,92.268,1,fair,NA,2022
AIMS,2022-05-15T00:00:00Z,STIC03,STIC,20220419-20220701,SW,21038950,23422.4,6.977778,92.268,1,fair,NA,2022
AIMS,2022-05-15T00:15:00Z,STIC03,STIC,20220419-20220701,SW,21038950,23422.4,6.977778,92.268,1,fair,NA,2022
AIMS,2022-05-15T00:30:00Z,STIC03,STIC,20220419-20220701,SW,21038950,23422.4,6.877222,92.268,1,fair,NA,2022
AIMS,2022-05-15T00:45:00Z,STIC03,STIC,20220419-20220701,SW,21038950,23422.4,6.775,92.268,1,fair,NA,2022
AIMS,2022-05-15T01:00:00Z,STIC03,STIC,20220419-20220701,SW,21038950,23422.4,6.775,92.268,1,fair,NA,2022
AIMS,2022-05-15T01:15:00Z,STIC03,STIC,20220419-20220701,SW,21038950,23422.4,6.673889,92.268,1,fair,NA,2022
AIMS,2022-05-15T01:30:00Z,STIC03,STIC,20220419-20220701,SW,21038950,23422.4,6.572778,92.268,1,fair,NA,2022
AIMS,2022-05-15T01:45:00Z,STIC03,STIC,20220419-20220701,SW,21038950,23422.4,6.572778,92.268,1,fair,NA,2022
AIMS,2022-05-15T02:00:00Z,STIC03,STIC,20220419-20220701,SW,21038950,23422.4,6.471111,92.268,1,fair,NA,2022
AIMS,2022-05-15T02:15:00Z,STIC03,STIC,20220419-20220701,SW,21038950,23422.4,6.471111,92.268,1,fair,NA,2022
AIMS,2022-05-15T02:30:00Z,STIC03,STIC,20220419-20220701,SW,21038950,23422.4,6.37,92.268,1,fair,NA,2022
AIMS,2022-05-15T02:45:00Z,STIC03,STIC,20220419-20220701,SW,21038950,23422.4,6.37,92.268,1,fair,NA,2022
AIMS,2022-05-15T03:00:00Z,STIC03,STIC,20220419-20220701,SW,21038950,23422.4,6.267778,92.268,1,fair,NA,2022
AIMS,2022-05-15T03:15:00Z,STIC03,STIC,20220419-20220701,SW,21038950,23422.4,6.267778,92.268,1,fair,NA,2022
AIMS,2022-05-15T03:30:00Z,STIC03,STIC,20220419-20220701,SW,21038950,22044.6,6.166111,86.65036,1,fair,NA,2022
AIMS,2022-05-15T03:45:00Z,STIC03,STIC,20220419-20220701,SW,21038950,22044.6,6.166111,86.65036,1,fair,NA,2022
AIMS,2022-05-15T04:00:00Z,STIC03,STIC,20220419-20220701,SW,21038950,22044.6,6.063889,86.65036,1,fair,NA,2022
AIMS,2022-05-15T04:15:00Z,STIC03,STIC,20220419-20220701,SW,21038950,22044.6,6.063889,86.65036,1,fair,NA,2022
AIMS,2022-05-15T04:30:00Z,STIC03,STIC,20220419-20220701,SW,21038950,22044.6,5.962222,86.65036,1,fair,NA,2022
AIMS,2022-05-15T04:45:00Z,STIC03,STIC,20220419-20220701,SW,21038950,22044.6,5.962222,86.65036,1,fair,NA,2022
AIMS,2022-05-15T05:00:00Z,STIC03,STIC,20220419-20220701,SW,21038950,22044.6,5.86,86.65036,1,fair,NA,2022
AIMS,2022-05-15T05:15:00Z,STIC03,STIC,20220419-20220701,SW,21038950,22044.6,5.86,86.65036,1,fair,NA,2022
AIMS,2022-05-15T05:30:00Z,STIC03,STIC,20220419-20220701,SW,21038950,22044.6,5.757222,86.65036,1,fair,NA,2022
AIMS,2022-05-15T05:45:00Z,STIC03,STIC,20220419-20220701,SW,21038950,22044.6,5.757222,86.65036,1,fair,NA,2022
AIMS,2022-05-15T06:00:00Z,STIC03,STIC,20220419-20220701,SW,21038950,22044.6,5.655,86.65036,1,fair,NA,2022
AIMS,2022-05-15T06:15:00Z,STIC03,STIC,20220419-20220701,SW,21038950,22044.6,5.655,86.65036,1,fair,NA,2022
AIMS,2022-05-15T06:30:00Z,STIC03,STIC,20220419-20220701,SW,21038950,22044.6,5.552222,86.65036,1,fair,NA,2022
AIMS,2022-05-15T06:45:00Z,STIC03,STIC,20220419-20220701,SW,21038950,22044.6,5.552222,86.65036,1,fair,NA,2022
AIMS,2022-05-15T07:00:00Z,STIC03,STIC,20220419-20220701,SW,21038950,22044.6,5.552222,86.65036,1,fair,NA,2022
AIMS,2022-05-15T07:15:00Z,STIC03,STIC,20220419-20220701,SW,21038950,22044.6,5.552222,86.65036,1,fair,NA,2022
AIMS,2022-05-15T07:30:00Z,STIC03,STIC,20220419-20220701,SW,21038950,22044.6,5.552222,86.65036,1,fair,NA,2022
AIMS,2022-05-15T07:45:00Z,STIC03,STIC,20220419-20220701,SW,21038950,22044.6,5.552222,86.65036,1,fair,NA,2022
AIMS,2022-05-15T08:00:00Z,STIC03,STIC,20220419-20220701,SW,21038950,22044.6,5.552222,86.65036,1,fair,NA,2022
AIMS,2022-05-15T08:15:00Z,STIC03,STIC,20220419-20220701,SW,21038950,22044.6,5.655,86.65036,1,fair,NA,2022
AIMS,2022-05-15T08:30:00Z,STIC03,STIC,20220419-20220701,SW,21038950,22044.6,5.757222,86.65036,1,fair,NA,2022
AIMS,2022-05-15T08:45:00Z,STIC03,STIC,20220419-20220701,SW,21038950,22044.6,5.86,86.65036,1,fair,NA,2022
AIMS,2022-05-15T09:00:00Z,STIC03,STIC,20220419-20220701,SW,21038950,22044.6,5.962222,86.65036,1,fair,NA,2022
AIMS,2022-05-15T09:15:00Z,STIC03,STIC,20220419-20220701,SW,21038950,22044.6,6.063889,86.65036,1,fair,NA,2022
AIMS,2022-05-15T09:30:00Z,STIC03,STIC,20220419-20220701,SW,21038950,22044.6,6.267778,86.65036,1,fair,NA,2022
AIMS,2022-05-15T09:45:00Z,STIC03,STIC,20220419-20220701,SW,21038950,23422.4,6.471111,92.268,1,fair,NA,2022
AIMS,2022-05-15T10:00:00Z,STIC03,STIC,20220419-20220701,SW,21038950,23422.4,6.673889,92.268,1,fair,NA,2022
AIMS,2022-05-15T10:15:00Z,STIC03,STIC,20220419-20220701,SW,21038950,23422.4,6.877222,92.268,1,fair,NA,2022
AIMS,2022-05-15T10:30:00Z,STIC03,STIC,20220419-20220701,SW,21038950,23422.4,7.078889,92.268,1,fair,NA,2022
AIMS,2022-05-15T10:45:00Z,STIC03,STIC,20220419-20220701,SW,21038950,23422.4,7.381111,92.268,1,fair,NA,2022
AIMS,2022-05-15T11:00:00Z,STIC03,STIC,20220419-20220701,SW,21038950,23422.4,7.582222,92.268,1,fair,NA,2022
AIMS,2022-05-15T11:15:00Z,STIC03,STIC,20220419-20220701,SW,21038950,23422.4,7.882222,92.268,1,fair,NA,2022
AIMS,2022-05-15T11:30:00Z,STIC03,STIC,20220419-20220701,SW,21038950,24800.2,8.182222,97.88565,1,fair,NA,2022
AIMS,2022-05-15T11:45:00Z,STIC03,STIC,20220419-20220701,SW,21038950,23422.4,8.481111,92.268,1,fair,NA,2022
AIMS,2022-05-15T12:00:00Z,STIC03,STIC,20220419-20220701,SW,21038950,24800.2,8.878889,97.88565,1,fair,NA,2022
AIMS,2022-05-15T12:15:00Z,STIC03,STIC,20220419-20220701,SW,21038950,24800.2,9.176111,97.88565,1,fair,NA,2022
AIMS,2022-05-15T12:30:00Z,STIC03,STIC,20220419-20220701,SW,21038950,24800.2,9.472222,97.88565,1,fair,NA,2022
AIMS,2022-05-15T12:45:00Z,STIC03,STIC,20220419-20220701,SW,21038950,24800.2,9.767778,97.88565,1,fair,NA,2022
AIMS,2022-05-15T13:00:00Z,STIC03,STIC,20220419-20220701,SW,21038950,24800.2,10.16111,97.88565,1,fair,NA,2022
AIMS,2022-05-15T13:15:00Z,STIC03,STIC,20220419-20220701,SW,21038950,24800.2,10.455,97.88565,1,fair,NA,2022
AIMS,2022-05-15T13:30:00Z,STIC03,STIC,20220419-20220701,SW,21038950,26178,10.74778,103.5033,1,fair,NA,2022
AIMS,2022-05-15T13:45:00Z,STIC03,STIC,20220419-20220701,SW,21038950,26178,11.04111,103.5033,1,fair,NA,2022
AIMS,2022-05-15T14:00:00Z,STIC03,STIC,20220419-20220701,SW,21038950,26178,11.33389,103.5033,1,fair,NA,2022
AIMS,2022-05-15T14:15:00Z,STIC03,STIC,20220419-20220701,SW,21038950,26178,11.625,103.5033,1,fair,NA,2022
AIMS,2022-05-15T14:30:00Z,STIC03,STIC,20220419-20220701,SW,21038950,26178,11.81889,103.5033,1,fair,NA,2022
AIMS,2022-05-15T14:45:00Z,STIC03,STIC,20220419-20220701,SW,21038950,26178,12.01278,103.5033,1,fair,NA,2022
AIMS,2022-05-15T15:00:00Z,STIC03,STIC,20220419-20220701,SW,21038950,26178,12.20722,103.5033,1,fair,NA,2022
AIMS,2022-05-15T15:15:00Z,STIC03,STIC,20220419-20220701,SW,21038950,26178,12.30389,103.5033,1,fair,NA,2022
AIMS,2022-05-15T15:30:00Z,STIC03,STIC,20220419-20220701,SW,21038950,26178,12.49722,103.5033,1,fair,NA,2022
AIMS,2022-05-15T15:45:00Z,STIC03,STIC,20220419-20220701,SW,21038950,26178,12.69,103.5033,1,fair,NA,2022
AIMS,2022-05-15T16:00:00Z,STIC03,STIC,20220419-20220701,SW,21038950,26178,12.78722,103.5033,1,fair,NA,2022
AIMS,2022-05-15T16:15:00Z,STIC03,STIC,20220419-20220701,SW,21038950,26178,12.88278,103.5033,1,fair,NA,2022
AIMS,2022-05-15T16:30:00Z,STIC03,STIC,20220419-20220701,SW,21038950,27555.7,12.98,109.1205,1,fair,NA,2022
AIMS,2022-05-15T16:45:00Z,STIC03,STIC,20220419-20220701,SW,21038950,26178,12.98,103.5033,1,fair,NA,2022
AIMS,2022-05-15T17:00:00Z,STIC03,STIC,20220419-20220701,SW,21038950,26178,12.98,103.5033,1,fair,NA,2022
AIMS,2022-05-15T17:15:00Z,STIC03,STIC,20220419-20220701,SW,21038950,27555.7,12.88278,109.1205,1,fair,NA,2022
AIMS,2022-05-15T17:30:00Z,STIC03,STIC,20220419-20220701,SW,21038950,26178,12.69,103.5033,1,fair,NA,2022
AIMS,2022-05-15T17:45:00Z,STIC03,STIC,20220419-20220701,SW,21038950,26178,12.59389,103.5033,1,fair,NA,2022
AIMS,2022-05-15T18:00:00Z,STIC03,STIC,20220419-20220701,SW,21038950,26178,12.40111,103.5033,1,fair,NA,2022
AIMS,2022-05-15T18:15:00Z,STIC03,STIC,20220419-20220701,SW,21038950,26178,12.30389,103.5033,1,fair,NA,2022
AIMS,2022-05-15T18:30:00Z,STIC03,STIC,20220419-20220701,SW,21038950,26178,12.11,103.5033,1,fair,NA,2022
AIMS,2022-05-15T18:45:00Z,STIC03,STIC,20220419-20220701,SW,21038950,26178,12.01278,103.5033,1,fair,NA,2022
AIMS,2022-05-15T19:00:00Z,STIC03,STIC,20220419-20220701,SW,21038950,26178,11.81889,103.5033,1,fair,NA,2022
AIMS,2022-05-15T19:15:00Z,STIC03,STIC,20220419-20220701,SW,21038950,26178,11.72222,103.5033,1,fair,NA,2022
AIMS,2022-05-15T19:30:00Z,STIC03,STIC,20220419-20220701,SW,21038950,26178,11.52778,103.5033,1,fair,NA,2022
AIMS,2022-05-15T19:45:00Z,STIC03,STIC,20220419-20220701,SW,21038950,26178,11.33389,103.5033,1,fair,NA,2022
AIMS,2022-05-15T20:00:00Z,STIC03,STIC,20220419-20220701,SW,21038950,26178,11.13889,103.5033,1,fair,NA,2022
AIMS,2022-05-15T20:15:00Z,STIC03,STIC,20220419-20220701,SW,21038950,26178,10.94389,103.5033,1,fair,NA,2022
AIMS,2022-05-15T20:30:00Z,STIC03,STIC,20220419-20220701,SW,21038950,26178,10.74778,103.5033,1,fair,NA,2022
AIMS,2022-05-15T20:45:00Z,STIC03,STIC,20220419-20220701,SW,21038950,26178,10.55278,103.5033,1,fair,NA,2022
AIMS,2022-05-15T21:00:00Z,STIC03,STIC,20220419-20220701,SW,21038950,26178,10.35722,103.5033,1,fair,NA,2022
AIMS,2022-05-15T21:15:00Z,STIC03,STIC,20220419-20220701,SW,21038950,26178,10.06278,103.5033,1,fair,NA,2022
AIMS,2022-05-15T21:30:00Z,STIC03,STIC,20220419-20220701,SW,21038950,26178,9.866111,103.5033,1,fair,NA,2022
AIMS,2022-05-15T21:45:00Z,STIC03,STIC,20220419-20220701,SW,21038950,26178,9.668889,103.5033,1,fair,NA,2022
AIMS,2022-05-15T22:00:00Z,STIC03,STIC,20220419-20220701,SW,21038950,24800.2,9.571111,97.88565,1,fair,NA,2022
AIMS,2022-05-15T22:15:00Z,STIC03,STIC,20220419-20220701,SW,21038950,24800.2,9.372778,97.88565,1,fair,NA,2022
AIMS,2022-05-15T22:30:00Z,STIC03,STIC,20220419-20220701,SW,21038950,24800.2,9.176111,97.88565,1,fair,NA,2022
AIMS,2022-05-15T22:45:00Z,STIC03,STIC,20220419-20220701,SW,21038950,24800.2,8.977778,97.88565,1,fair,NA,2022
AIMS,2022-05-15T23:00:00Z,STIC03,STIC,20220419-20220701,SW,21038950,24800.2,8.878889,97.88565,1,fair,NA,2022
AIMS,2022-05-15T23:15:00Z,STIC03,STIC,20220419-20220701,SW,21038950,24800.2,8.68,97.88565,1,fair,NA,2022
AIMS,2022-05-15T23:30:00Z,STIC03,STIC,20220419-20220701,SW,21038950,24800.2,8.581111,97.88565,1,fair,NA,2022
AIMS,2022-05-15T23:45:00Z,STIC03,STIC,20220419-20220701,SW,21038950,24800.2,8.481111,97.88565,1,fair,NA,2022
AIMS,2022-05-16T00:00:00Z,STIC03,STIC,20220419-20220701,SW,21038950,24800.2,8.382222,97.88565,1,fair,NA,2022
AIMS,2022-05-16T00:15:00Z,STIC03,STIC,20220419-20220701,SW,21038950,24800.2,8.282222,97.88565,1,fair,NA,2022
AIMS,2022-05-16T00:30:00Z,STIC03,STIC,20220419-20220701,SW,21038950,24800.2,8.182222,97.88565,1,fair,NA,2022
AIMS,2022-05-16T00:45:00Z,STIC03,STIC,20220419-20220701,SW,21038950,24800.2,8.082222,97.88565,1,fair,NA,2022
AIMS,2022-05-16T01:00:00Z,STIC03,STIC,20220419-20220701,SW,21038950,24800.2,8.082222,97.88565,1,fair,NA,2022
AIMS,2022-05-16T01:15:00Z,STIC03,STIC,20220419-20220701,SW,21038950,24800.2,7.982778,97.88565,1,fair,NA,2022
AIMS,2022-05-16T01:30:00Z,STIC03,STIC,20220419-20220701,SW,21038950,24800.2,7.982778,97.88565,1,fair,NA,2022
AIMS,2022-05-16T01:45:00Z,STIC03,STIC,20220419-20220701,SW,21038950,24800.2,7.982778,97.88565,1,fair,NA,2022
AIMS,2022-05-16T02:00:00Z,STIC03,STIC,20220419-20220701,SW,21038950,24800.2,7.982778,97.88565,1,fair,NA,2022
AIMS,2022-05-16T02:15:00Z,STIC03,STIC,20220419-20220701,SW,21038950,24800.2,7.882222,97.88565,1,fair,NA,2022
AIMS,2022-05-16T02:30:00Z,STIC03,STIC,20220419-20220701,SW,21038950,24800.2,7.882222,97.88565,1,fair,NA,2022
AIMS,2022-05-16T02:45:00Z,STIC03,STIC,20220419-20220701,SW,21038950,24800.2,7.882222,97.88565,1,fair,NA,2022
AIMS,2022-05-16T03:00:00Z,STIC03,STIC,20220419-20220701,SW,21038950,24800.2,7.882222,97.88565,1,fair,NA,2022
AIMS,2022-05-16T03:15:00Z,STIC03,STIC,20220419-20220701,SW,21038950,24800.2,7.882222,97.88565,1,fair,NA,2022
AIMS,2022-05-16T03:30:00Z,STIC03,STIC,20220419-20220701,SW,21038950,24800.2,7.782222,97.88565,1,fair,NA,2022
AIMS,2022-05-16T03:45:00Z,STIC03,STIC,20220419-20220701,SW,21038950,24800.2,7.782222,97.88565,1,fair,NA,2022
AIMS,2022-05-16T04:00:00Z,STIC03,STIC,20220419-20220701,SW,21038950,24800.2,7.782222,97.88565,1,fair,NA,2022
AIMS,2022-05-16T04:15:00Z,STIC03,STIC,20220419-20220701,SW,21038950,24800.2,7.782222,97.88565,1,fair,NA,2022
AIMS,2022-05-16T04:30:00Z,STIC03,STIC,20220419-20220701,SW,21038950,24800.2,7.682222,97.88565,1,fair,NA,2022
AIMS,2022-05-16T04:45:00Z,STIC03,STIC,20220419-20220701,SW,21038950,24800.2,7.682222,97.88565,1,fair,NA,2022
AIMS,2022-05-16T05:00:00Z,STIC03,STIC,20220419-20220701,SW,21038950,24800.2,7.582222,97.88565,1,fair,NA,2022
AIMS,2022-05-16T05:15:00Z,STIC03,STIC,20220419-20220701,SW,21038950,23422.4,7.582222,92.268,1,fair,NA,2022
AIMS,2022-05-16T05:30:00Z,STIC03,STIC,20220419-20220701,SW,21038950,23422.4,7.481111,92.268,1,fair,NA,2022
AIMS,2022-05-16T05:45:00Z,STIC03,STIC,20220419-20220701,SW,21038950,23422.4,7.381111,92.268,1,fair,NA,2022
AIMS,2022-05-16T06:00:00Z,STIC03,STIC,20220419-20220701,SW,21038950,23422.4,7.381111,92.268,1,fair,NA,2022
AIMS,2022-05-16T06:15:00Z,STIC03,STIC,20220419-20220701,SW,21038950,23422.4,7.28,92.268,1,fair,NA,2022
AIMS,2022-05-16T06:30:00Z,STIC03,STIC,20220419-20220701,SW,21038950,23422.4,7.28,92.268,1,fair,NA,2022
AIMS,2022-05-16T06:45:00Z,STIC03,STIC,20220419-20220701,SW,21038950,23422.4,7.178889,92.268,1,fair,NA,2022
AIMS,2022-05-16T07:00:00Z,STIC03,STIC,20220419-20220701,SW,21038950,23422.4,7.178889,92.268,1,fair,NA,2022
AIMS,2022-05-16T07:15:00Z,STIC03,STIC,20220419-20220701,SW,21038950,23422.4,7.178889,92.268,1,fair,NA,2022
AIMS,2022-05-16T07:30:00Z,STIC03,STIC,20220419-20220701,SW,21038950,23422.4,7.28,92.268,1,fair,NA,2022
AIMS,2022-05-16T07:45:00Z,STIC03,STIC,20220419-20220701,SW,21038950,23422.4,7.381111,92.268,1,fair,NA,2022
AIMS,2022-05-16T08:00:00Z,STIC03,STIC,20220419-20220701,SW,21038950,23422.4,7.481111,92.268,1,fair,NA,2022
AIMS,2022-05-16T08:15:00Z,STIC03,STIC,20220419-20220701,SW,21038950,23422.4,7.481111,92.268,1,fair,NA,2022
AIMS,2022-05-16T08:30:00Z,STIC03,STIC,20220419-20220701,SW,21038950,23422.4,7.582222,92.268,1,fair,NA,2022
AIMS,2022-05-16T08:45:00Z,STIC03,STIC,20220419-20220701,SW,21038950,23422.4,7.682222,92.268,1,fair,NA,2022
AIMS,2022-05-16T09:00:00Z,STIC03,STIC,20220419-20220701,SW,21038950,23422.4,7.782222,92.268,1,fair,NA,2022
AIMS,2022-05-16T09:15:00Z,STIC03,STIC,20220419-20220701,SW,21038950,24800.2,7.882222,97.88565,1,fair,NA,2022
AIMS,2022-05-16T09:30:00Z,STIC03,STIC,20220419-20220701,SW,21038950,24800.2,7.982778,97.88565,1,fair,NA,2022
AIMS,2022-05-16T09:45:00Z,STIC03,STIC,20220419-20220701,SW,21038950,24800.2,8.182222,97.88565,1,fair,NA,2022
AIMS,2022-05-16T10:00:00Z,STIC03,STIC,20220419-20220701,SW,21038950,24800.2,8.282222,97.88565,1,fair,NA,2022
AIMS,2022-05-16T10:15:00Z,STIC03,STIC,20220419-20220701,SW,21038950,24800.2,8.481111,97.88565,1,fair,NA,2022
AIMS,2022-05-16T10:30:00Z,STIC03,STIC,20220419-20220701,SW,21038950,24800.2,8.68,97.88565,1,fair,NA,2022
AIMS,2022-05-16T10:45:00Z,STIC03,STIC,20220419-20220701,SW,21038950,24800.2,8.977778,97.88565,1,fair,NA,2022
AIMS,2022-05-16T11:00:00Z,STIC03,STIC,20220419-20220701,SW,21038950,24800.2,9.176111,97.88565,1,fair,NA,2022
AIMS,2022-05-16T11:15:00Z,STIC03,STIC,20220419-20220701,SW,21038950,24800.2,9.472222,97.88565,1,fair,NA,2022
AIMS,2022-05-16T11:30:00Z,STIC03,STIC,20220419-20220701,SW,21038950,24800.2,9.767778,97.88565,1,fair,NA,2022
AIMS,2022-05-16T11:45:00Z,STIC03,STIC,20220419-20220701,SW,21038950,24800.2,10.06278,97.88565,1,fair,NA,2022
AIMS,2022-05-16T12:00:00Z,STIC03,STIC,20220419-20220701,SW,21038950,24800.2,10.35722,97.88565,1,fair,NA,2022
AIMS,2022-05-16T12:15:00Z,STIC03,STIC,20220419-20220701,SW,21038950,26178,10.65111,103.5033,1,fair,NA,2022
AIMS,2022-05-16T12:30:00Z,STIC03,STIC,20220419-20220701,SW,21038950,26178,10.94389,103.5033,1,fair,NA,2022
AIMS,2022-05-16T12:45:00Z,STIC03,STIC,20220419-20220701,SW,21038950,26178,11.23611,103.5033,1,fair,NA,2022
AIMS,2022-05-16T13:00:00Z,STIC03,STIC,20220419-20220701,SW,21038950,26178,11.52778,103.5033,1,fair,NA,2022
AIMS,2022-05-16T13:15:00Z,STIC03,STIC,20220419-20220701,SW,21038950,26178,11.81889,103.5033,1,fair,NA,2022
AIMS,2022-05-16T13:30:00Z,STIC03,STIC,20220419-20220701,SW,21038950,26178,12.11,103.5033,1,fair,NA,2022
AIMS,2022-05-16T13:45:00Z,STIC03,STIC,20220419-20220701,SW,21038950,26178,12.40111,103.5033,1,fair,NA,2022
AIMS,2022-05-16T14:00:00Z,STIC03,STIC,20220419-20220701,SW,21038950,26178,12.59389,103.5033,1,fair,NA,2022
AIMS,2022-05-16T14:15:00Z,STIC03,STIC,20220419-20220701,SW,21038950,26178,12.88278,103.5033,1,fair,NA,2022
AIMS,2022-05-16T14:30:00Z,STIC03,STIC,20220419-20220701,SW,21038950,27555.7,13.07611,109.1205,1,fair,NA,2022
AIMS,2022-05-16T14:45:00Z,STIC03,STIC,20220419-20220701,SW,21038950,27555.7,13.26889,109.1205,1,fair,NA,2022
AIMS,2022-05-16T15:00:00Z,STIC03,STIC,20220419-20220701,SW,21038950,27555.7,13.365,109.1205,1,fair,NA,2022
AIMS,2022-05-16T15:15:00Z,STIC03,STIC,20220419-20220701,SW,21038950,27555.7,13.46111,109.1205,1,fair,NA,2022
AIMS,2022-05-16T15:30:00Z,STIC03,STIC,20220419-20220701,SW,21038950,27555.7,13.65389,109.1205,1,fair,NA,2022
AIMS,2022-05-16T15:45:00Z,STIC03,STIC,20220419-20220701,SW,21038950,27555.7,13.75,109.1205,1,fair,NA,2022
AIMS,2022-05-16T16:00:00Z,STIC03,STIC,20220419-20220701,SW,21038950,27555.7,13.84611,109.1205,1,fair,NA,2022
AIMS,2022-05-16T16:15:00Z,STIC03,STIC,20220419-20220701,SW,21038950,27555.7,13.84611,109.1205,1,fair,NA,2022
AIMS,2022-05-16T16:30:00Z,STIC03,STIC,20220419-20220701,SW,21038950,27555.7,13.84611,109.1205,1,fair,NA,2022
AIMS,2022-05-16T16:45:00Z,STIC03,STIC,20220419-20220701,SW,21038950,27555.7,13.84611,109.1205,1,fair,NA,2022
AIMS,2022-05-16T17:00:00Z,STIC03,STIC,20220419-20220701,SW,21038950,27555.7,13.75,109.1205,1,fair,NA,2022
AIMS,2022-05-16T17:15:00Z,STIC03,STIC,20220419-20220701,SW,21038950,27555.7,13.65389,109.1205,1,fair,NA,2022
AIMS,2022-05-16T17:30:00Z,STIC03,STIC,20220419-20220701,SW,21038950,27555.7,13.46111,109.1205,1,fair,NA,2022
AIMS,2022-05-16T17:45:00Z,STIC03,STIC,20220419-20220701,SW,21038950,27555.7,13.26889,109.1205,1,fair,NA,2022
AIMS,2022-05-16T18:00:00Z,STIC03,STIC,20220419-20220701,SW,21038950,27555.7,13.07611,109.1205,1,fair,NA,2022
AIMS,2022-05-16T18:15:00Z,STIC03,STIC,20220419-20220701,SW,21038950,27555.7,12.98,109.1205,1,fair,NA,2022
AIMS,2022-05-16T18:30:00Z,STIC03,STIC,20220419-20220701,SW,21038950,27555.7,12.88278,109.1205,1,fair,NA,2022
AIMS,2022-05-16T18:45:00Z,STIC03,STIC,20220419-20220701,SW,21038950,27555.7,12.69,109.1205,1,fair,NA,2022
AIMS,2022-05-16T19:00:00Z,STIC03,STIC,20220419-20220701,SW,21038950,27555.7,12.49722,109.1205,1,fair,NA,2022
AIMS,2022-05-16T19:15:00Z,STIC03,STIC,20220419-20220701,SW,21038950,26178,12.30389,103.5033,1,fair,NA,2022
AIMS,2022-05-16T19:30:00Z,STIC03,STIC,20220419-20220701,SW,21038950,26178,12.20722,103.5033,1,fair,NA,2022
AIMS,2022-05-16T19:45:00Z,STIC03,STIC,20220419-20220701,SW,21038950,26178,12.01278,103.5033,1,fair,NA,2022
AIMS,2022-05-16T20:00:00Z,STIC03,STIC,20220419-20220701,SW,21038950,26178,11.81889,103.5033,1,fair,NA,2022
AIMS,2022-05-16T20:15:00Z,STIC03,STIC,20220419-20220701,SW,21038950,26178,11.625,103.5033,1,fair,NA,2022
AIMS,2022-05-16T20:30:00Z,STIC03,STIC,20220419-20220701,SW,21038950,26178,11.43111,103.5033,1,fair,NA,2022
AIMS,2022-05-16T20:45:00Z,STIC03,STIC,20220419-20220701,SW,21038950,26178,11.23611,103.5033,1,fair,NA,2022
AIMS,2022-05-16T21:00:00Z,STIC03,STIC,20220419-20220701,SW,21038950,26178,11.13889,103.5033,1,fair,NA,2022
AIMS,2022-05-16T21:15:00Z,STIC03,STIC,20220419-20220701,SW,21038950,26178,10.94389,103.5033,1,fair,NA,2022
AIMS,2022-05-16T21:30:00Z,STIC03,STIC,20220419-20220701,SW,21038950,26178,10.74778,103.5033,1,fair,NA,2022
AIMS,2022-05-16T21:45:00Z,STIC03,STIC,20220419-20220701,SW,21038950,26178,10.55278,103.5033,1,fair,NA,2022
AIMS,2022-05-16T22:00:00Z,STIC03,STIC,20220419-20220701,SW,21038950,26178,10.35722,103.5033,1,fair,NA,2022
AIMS,2022-05-16T22:15:00Z,STIC03,STIC,20220419-20220701,SW,21038950,26178,10.16111,103.5033,1,fair,NA,2022
AIMS,2022-05-16T22:30:00Z,STIC03,STIC,20220419-20220701,SW,21038950,26178,9.965,103.5033,1,fair,NA,2022
AIMS,2022-05-16T22:45:00Z,STIC03,STIC,20220419-20220701,SW,21038950,26178,9.866111,103.5033,1,fair,NA,2022
AIMS,2022-05-16T23:00:00Z,STIC03,STIC,20220419-20220701,SW,21038950,26178,9.668889,103.5033,1,fair,NA,2022
AIMS,2022-05-16T23:15:00Z,STIC03,STIC,20220419-20220701,SW,21038950,26178,9.571111,103.5033,1,fair,NA,2022
AIMS,2022-05-16T23:30:00Z,STIC03,STIC,20220419-20220701,SW,21038950,26178,9.472222,103.5033,1,fair,NA,2022
AIMS,2022-05-16T23:45:00Z,STIC03,STIC,20220419-20220701,SW,21038950,24800.2,9.275,97.88565,1,fair,NA,2022
AIMS,2022-05-17T00:00:00Z,STIC03,STIC,20220419-20220701,SW,21038950,24800.2,9.176111,97.88565,1,fair,NA,2022
AIMS,2022-05-17T00:15:00Z,STIC03,STIC,20220419-20220701,SW,21038950,24800.2,9.077222,97.88565,1,fair,NA,2022
AIMS,2022-05-17T00:30:00Z,STIC03,STIC,20220419-20220701,SW,21038950,24800.2,8.977778,97.88565,1,fair,NA,2022
AIMS,2022-05-17T00:45:00Z,STIC03,STIC,20220419-20220701,SW,21038950,24800.2,8.878889,97.88565,1,fair,NA,2022
AIMS,2022-05-17T01:00:00Z,STIC03,STIC,20220419-20220701,SW,21038950,24800.2,8.778889,97.88565,1,fair,NA,2022
AIMS,2022-05-17T01:15:00Z,STIC03,STIC,20220419-20220701,SW,21038950,24800.2,8.68,97.88565,1,fair,NA,2022
AIMS,2022-05-17T01:30:00Z,STIC03,STIC,20220419-20220701,SW,21038950,24800.2,8.581111,97.88565,1,fair,NA,2022
AIMS,2022-05-17T01:45:00Z,STIC03,STIC,20220419-20220701,SW,21038950,24800.2,8.581111,97.88565,1,fair,NA,2022
AIMS,2022-05-17T02:00:00Z,STIC03,STIC,20220419-20220701,SW,21038950,24800.2,8.481111,97.88565,1,fair,NA,2022
AIMS,2022-05-17T02:15:00Z,STIC03,STIC,20220419-20220701,SW,21038950,24800.2,8.382222,97.88565,1,fair,NA,2022
AIMS,2022-05-17T02:30:00Z,STIC03,STIC,20220419-20220701,SW,21038950,24800.2,8.382222,97.88565,1,fair,NA,2022
AIMS,2022-05-17T02:45:00Z,STIC03,STIC,20220419-20220701,SW,21038950,24800.2,8.382222,97.88565,1,fair,NA,2022
AIMS,2022-05-17T03:00:00Z,STIC03,STIC,20220419-20220701,SW,21038950,24800.2,8.282222,97.88565,1,fair,NA,2022
AIMS,2022-05-17T03:15:00Z,STIC03,STIC,20220419-20220701,SW,21038950,24800.2,8.282222,97.88565,1,fair,NA,2022
AIMS,2022-05-17T03:30:00Z,STIC03,STIC,20220419-20220701,SW,21038950,24800.2,8.182222,97.88565,1,fair,NA,2022
AIMS,2022-05-17T03:45:00Z,STIC03,STIC,20220419-20220701,SW,21038950,24800.2,8.182222,97.88565,1,fair,NA,2022
AIMS,2022-05-17T04:00:00Z,STIC03,STIC,20220419-20220701,SW,21038950,24800.2,8.082222,97.88565,1,fair,NA,2022
AIMS,2022-05-17T04:15:00Z,STIC03,STIC,20220419-20220701,SW,21038950,24800.2,8.082222,97.88565,1,fair,NA,2022
AIMS,2022-05-17T04:30:00Z,STIC03,STIC,20220419-20220701,SW,21038950,24800.2,8.082222,97.88565,1,fair,NA,2022
AIMS,2022-05-17T04:45:00Z,STIC03,STIC,20220419-20220701,SW,21038950,24800.2,7.982778,97.88565,1,fair,NA,2022
AIMS,2022-05-17T05:00:00Z,STIC03,STIC,20220419-20220701,SW,21038950,24800.2,7.882222,97.88565,1,fair,NA,2022
AIMS,2022-05-17T05:15:00Z,STIC03,STIC,20220419-20220701,SW,21038950,24800.2,7.882222,97.88565,1,fair,NA,2022
AIMS,2022-05-17T05:30:00Z,STIC03,STIC,20220419-20220701,SW,21038950,24800.2,7.882222,97.88565,1,fair,NA,2022
AIMS,2022-05-17T05:45:00Z,STIC03,STIC,20220419-20220701,SW,21038950,24800.2,7.782222,97.88565,1,fair,NA,2022
AIMS,2022-05-17T06:00:00Z,STIC03,STIC,20220419-20220701,SW,21038950,24800.2,7.782222,97.88565,1,fair,NA,2022
AIMS,2022-05-17T06:15:00Z,STIC03,STIC,20220419-20220701,SW,21038950,24800.2,7.682222,97.88565,1,fair,NA,2022
AIMS,2022-05-17T06:30:00Z,STIC03,STIC,20220419-20220701,SW,21038950,24800.2,7.682222,97.88565,1,fair,NA,2022
AIMS,2022-05-17T06:45:00Z,STIC03,STIC,20220419-20220701,SW,21038950,24800.2,7.582222,97.88565,1,fair,NA,2022
AIMS,2022-05-17T07:00:00Z,STIC03,STIC,20220419-20220701,SW,21038950,24800.2,7.582222,97.88565,1,fair,NA,2022
AIMS,2022-05-17T07:15:00Z,STIC03,STIC,20220419-20220701,SW,21038950,23422.4,7.582222,92.268,1,fair,NA,2022
AIMS,2022-05-17T07:30:00Z,STIC03,STIC,20220419-20220701,SW,21038950,24800.2,7.582222,97.88565,1,fair,NA,2022
AIMS,2022-05-17T07:45:00Z,STIC03,STIC,20220419-20220701,SW,21038950,24800.2,7.582222,97.88565,1,fair,NA,2022
AIMS,2022-05-17T08:00:00Z,STIC03,STIC,20220419-20220701,SW,21038950,24800.2,7.582222,97.88565,1,fair,NA,2022
AIMS,2022-05-17T08:15:00Z,STIC03,STIC,20220419-20220701,SW,21038950,24800.2,7.682222,97.88565,1,fair,NA,2022
AIMS,2022-05-17T08:30:00Z,STIC03,STIC,20220419-20220701,SW,21038950,23422.4,7.682222,92.268,1,fair,NA,2022
AIMS,2022-05-17T08:45:00Z,STIC03,STIC,20220419-20220701,SW,21038950,24800.2,7.682222,97.88565,1,fair,NA,2022
AIMS,2022-05-17T09:00:00Z,STIC03,STIC,20220419-20220701,SW,21038950,24800.2,7.782222,97.88565,1,fair,NA,2022
AIMS,2022-05-17T09:15:00Z,STIC03,STIC,20220419-20220701,SW,21038950,24800.2,7.782222,97.88565,1,fair,NA,2022
AIMS,2022-05-17T09:30:00Z,STIC03,STIC,20220419-20220701,SW,21038950,24800.2,7.882222,97.88565,1,fair,NA,2022
AIMS,2022-05-17T09:45:00Z,STIC03,STIC,20220419-20220701,SW,21038950,24800.2,7.982778,97.88565,1,fair,NA,2022
AIMS,2022-05-17T10:00:00Z,STIC03,STIC,20220419-20220701,SW,21038950,24800.2,8.082222,97.88565,1,fair,NA,2022
AIMS,2022-05-17T10:15:00Z,STIC03,STIC,20220419-20220701,SW,21038950,24800.2,8.282222,97.88565,1,fair,NA,2022
AIMS,2022-05-17T10:30:00Z,STIC03,STIC,20220419-20220701,SW,21038950,24800.2,8.481111,97.88565,1,fair,NA,2022
AIMS,2022-05-17T10:45:00Z,STIC03,STIC,20220419-20220701,SW,21038950,24800.2,8.68,97.88565,1,fair,NA,2022
AIMS,2022-05-17T11:00:00Z,STIC03,STIC,20220419-20220701,SW,21038950,24800.2,8.878889,97.88565,1,fair,NA,2022
AIMS,2022-05-17T11:15:00Z,STIC03,STIC,20220419-20220701,SW,21038950,24800.2,9.176111,97.88565,1,fair,NA,2022
AIMS,2022-05-17T11:30:00Z,STIC03,STIC,20220419-20220701,SW,21038950,24800.2,9.472222,97.88565,1,fair,NA,2022
AIMS,2022-05-17T11:45:00Z,STIC03,STIC,20220419-20220701,SW,21038950,24800.2,9.668889,97.88565,1,fair,NA,2022
AIMS,2022-05-17T12:00:00Z,STIC03,STIC,20220419-20220701,SW,21038950,24800.2,9.965,97.88565,1,fair,NA,2022
AIMS,2022-05-17T12:15:00Z,STIC03,STIC,20220419-20220701,SW,21038950,24800.2,10.16111,97.88565,1,fair,NA,2022
AIMS,2022-05-17T12:30:00Z,STIC03,STIC,20220419-20220701,SW,21038950,26178,10.455,103.5033,1,fair,NA,2022
AIMS,2022-05-17T12:45:00Z,STIC03,STIC,20220419-20220701,SW,21038950,26178,10.65111,103.5033,1,fair,NA,2022
AIMS,2022-05-17T13:00:00Z,STIC03,STIC,20220419-20220701,SW,21038950,27555.7,10.94389,109.1205,1,fair,NA,2022
AIMS,2022-05-17T13:15:00Z,STIC03,STIC,20220419-20220701,SW,21038950,26178,11.23611,103.5033,1,fair,NA,2022
AIMS,2022-05-17T13:30:00Z,STIC03,STIC,20220419-20220701,SW,21038950,26178,11.43111,103.5033,1,fair,NA,2022
AIMS,2022-05-17T13:45:00Z,STIC03,STIC,20220419-20220701,SW,21038950,26178,11.72222,103.5033,1,fair,NA,2022
AIMS,2022-05-17T14:00:00Z,STIC03,STIC,20220419-20220701,SW,21038950,26178,11.91611,103.5033,1,fair,NA,2022
AIMS,2022-05-17T14:15:00Z,STIC03,STIC,20220419-20220701,SW,21038950,26178,12.11,103.5033,1,fair,NA,2022
AIMS,2022-05-17T14:30:00Z,STIC03,STIC,20220419-20220701,SW,21038950,26178,12.30389,103.5033,1,fair,NA,2022
AIMS,2022-05-17T14:45:00Z,STIC03,STIC,20220419-20220701,SW,21038950,26178,12.49722,103.5033,1,fair,NA,2022
AIMS,2022-05-17T15:00:00Z,STIC03,STIC,20220419-20220701,SW,21038950,26178,12.59389,103.5033,1,fair,NA,2022
AIMS,2022-05-17T15:15:00Z,STIC03,STIC,20220419-20220701,SW,21038950,26178,12.69,103.5033,1,fair,NA,2022
AIMS,2022-05-17T15:30:00Z,STIC03,STIC,20220419-20220701,SW,21038950,27555.7,12.78722,109.1205,1,fair,NA,2022
AIMS,2022-05-17T15:45:00Z,STIC03,STIC,20220419-20220701,SW,21038950,27555.7,12.88278,109.1205,1,fair,NA,2022
AIMS,2022-05-17T16:00:00Z,STIC03,STIC,20220419-20220701,SW,21038950,27555.7,12.88278,109.1205,1,fair,NA,2022
AIMS,2022-05-17T16:15:00Z,STIC03,STIC,20220419-20220701,SW,21038950,27555.7,12.98,109.1205,1,fair,NA,2022
AIMS,2022-05-17T16:30:00Z,STIC03,STIC,20220419-20220701,SW,21038950,27555.7,12.88278,109.1205,1,fair,NA,2022
AIMS,2022-05-17T16:45:00Z,STIC03,STIC,20220419-20220701,SW,21038950,27555.7,12.88278,109.1205,1,fair,NA,2022
AIMS,2022-05-17T17:00:00Z,STIC03,STIC,20220419-20220701,SW,21038950,27555.7,12.78722,109.1205,1,fair,NA,2022
AIMS,2022-05-17T17:15:00Z,STIC03,STIC,20220419-20220701,SW,21038950,26178,12.59389,103.5033,1,fair,NA,2022
AIMS,2022-05-17T17:30:00Z,STIC03,STIC,20220419-20220701,SW,21038950,26178,12.49722,103.5033,1,fair,NA,2022
AIMS,2022-05-17T17:45:00Z,STIC03,STIC,20220419-20220701,SW,21038950,26178,12.30389,103.5033,1,fair,NA,2022
AIMS,2022-05-17T18:00:00Z,STIC03,STIC,20220419-20220701,SW,21038950,26178,12.20722,103.5033,1,fair,NA,2022
AIMS,2022-05-17T18:15:00Z,STIC03,STIC,20220419-20220701,SW,21038950,26178,12.01278,103.5033,1,fair,NA,2022
AIMS,2022-05-17T18:30:00Z,STIC03,STIC,20220419-20220701,SW,21038950,26178,11.81889,103.5033,1,fair,NA,2022
AIMS,2022-05-17T18:45:00Z,STIC03,STIC,20220419-20220701,SW,21038950,26178,11.625,103.5033,1,fair,NA,2022
AIMS,2022-05-17T19:00:00Z,STIC03,STIC,20220419-20220701,SW,21038950,26178,11.43111,103.5033,1,fair,NA,2022
AIMS,2022-05-17T19:15:00Z,STIC03,STIC,20220419-20220701,SW,21038950,26178,11.23611,103.5033,1,fair,NA,2022
AIMS,2022-05-17T19:30:00Z,STIC03,STIC,20220419-20220701,SW,21038950,26178,11.04111,103.5033,1,fair,NA,2022
AIMS,2022-05-17T19:45:00Z,STIC03,STIC,20220419-20220701,SW,21038950,26178,10.94389,103.5033,1,fair,NA,2022
AIMS,2022-05-17T20:00:00Z,STIC03,STIC,20220419-20220701,SW,21038950,26178,10.74778,103.5033,1,fair,NA,2022
AIMS,2022-05-17T20:15:00Z,STIC03,STIC,20220419-20220701,SW,21038950,26178,10.55278,103.5033,1,fair,NA,2022
AIMS,2022-05-17T20:30:00Z,STIC03,STIC,20220419-20220701,SW,21038950,26178,10.35722,103.5033,1,fair,NA,2022
AIMS,2022-05-17T20:45:00Z,STIC03,STIC,20220419-20220701,SW,21038950,26178,10.16111,103.5033,1,fair,NA,2022
AIMS,2022-05-17T21:00:00Z,STIC03,STIC,20220419-20220701,SW,21038950,26178,9.965,103.5033,1,fair,NA,2022
AIMS,2022-05-17T21:15:00Z,STIC03,STIC,20220419-20220701,SW,21038950,26178,9.767778,103.5033,1,fair,NA,2022
AIMS,2022-05-17T21:30:00Z,STIC03,STIC,20220419-20220701,SW,21038950,24800.2,9.571111,97.88565,1,fair,NA,2022
AIMS,2022-05-17T21:45:00Z,STIC03,STIC,20220419-20220701,SW,21038950,24800.2,9.372778,97.88565,1,fair,NA,2022
AIMS,2022-05-17T22:00:00Z,STIC03,STIC,20220419-20220701,SW,21038950,24800.2,9.176111,97.88565,1,fair,NA,2022
AIMS,2022-05-17T22:15:00Z,STIC03,STIC,20220419-20220701,SW,21038950,24800.2,8.977778,97.88565,1,fair,NA,2022
AIMS,2022-05-17T22:30:00Z,STIC03,STIC,20220419-20220701,SW,21038950,24800.2,8.878889,97.88565,1,fair,NA,2022
AIMS,2022-05-17T22:45:00Z,STIC03,STIC,20220419-20220701,SW,21038950,24800.2,8.68,97.88565,1,fair,NA,2022
AIMS,2022-05-17T23:00:00Z,STIC03,STIC,20220419-20220701,SW,21038950,24800.2,8.581111,97.88565,1,fair,NA,2022
AIMS,2022-05-17T23:15:00Z,STIC03,STIC,20220419-20220701,SW,21038950,24800.2,8.382222,97.88565,1,fair,NA,2022
AIMS,2022-05-17T23:30:00Z,STIC03,STIC,20220419-20220701,SW,21038950,24800.2,8.282222,97.88565,1,fair,NA,2022
AIMS,2022-05-17T23:45:00Z,STIC03,STIC,20220419-20220701,SW,21038950,24800.2,8.182222,97.88565,1,fair,NA,2022
AIMS,2022-05-18T00:00:00Z,STIC03,STIC,20220419-20220701,SW,21038950,24800.2,8.082222,97.88565,1,fair,NA,2022
AIMS,2022-05-18T00:15:00Z,STIC03,STIC,20220419-20220701,SW,21038950,24800.2,7.982778,97.88565,1,fair,NA,2022
AIMS,2022-05-18T00:30:00Z,STIC03,STIC,20220419-20220701,SW,21038950,24800.2,7.882222,97.88565,1,fair,NA,2022
AIMS,2022-05-18T00:45:00Z,STIC03,STIC,20220419-20220701,SW,21038950,24800.2,7.782222,97.88565,1,fair,NA,2022
AIMS,2022-05-18T01:00:00Z,STIC03,STIC,20220419-20220701,SW,21038950,24800.2,7.682222,97.88565,1,fair,NA,2022
AIMS,2022-05-18T01:15:00Z,STIC03,STIC,20220419-20220701,SW,21038950,24800.2,7.582222,97.88565,1,fair,NA,2022
AIMS,2022-05-18T01:30:00Z,STIC03,STIC,20220419-20220701,SW,21038950,24800.2,7.481111,97.88565,1,fair,NA,2022
AIMS,2022-05-18T01:45:00Z,STIC03,STIC,20220419-20220701,SW,21038950,23422.4,7.381111,92.268,1,fair,NA,2022
AIMS,2022-05-18T02:00:00Z,STIC03,STIC,20220419-20220701,SW,21038950,23422.4,7.381111,92.268,1,fair,NA,2022
AIMS,2022-05-18T02:15:00Z,STIC03,STIC,20220419-20220701,SW,21038950,23422.4,7.28,92.268,1,fair,NA,2022
AIMS,2022-05-18T02:30:00Z,STIC03,STIC,20220419-20220701,SW,21038950,23422.4,7.178889,92.268,1,fair,NA,2022
AIMS,2022-05-18T02:45:00Z,STIC03,STIC,20220419-20220701,SW,21038950,23422.4,7.078889,92.268,1,fair,NA,2022
AIMS,2022-05-18T03:00:00Z,STIC03,STIC,20220419-20220701,SW,21038950,23422.4,7.078889,92.268,1,fair,NA,2022
AIMS,2022-05-18T03:15:00Z,STIC03,STIC,20220419-20220701,SW,21038950,23422.4,6.977778,92.268,1,fair,NA,2022
AIMS,2022-05-18T03:30:00Z,STIC03,STIC,20220419-20220701,SW,21038950,23422.4,6.877222,92.268,1,fair,NA,2022
AIMS,2022-05-18T03:45:00Z,STIC03,STIC,20220419-20220701,SW,21038950,23422.4,6.775,92.268,1,fair,NA,2022
AIMS,2022-05-18T04:00:00Z,STIC03,STIC,20220419-20220701,SW,21038950,23422.4,6.775,92.268,1,fair,NA,2022
AIMS,2022-05-18T04:15:00Z,STIC03,STIC,20220419-20220701,SW,21038950,23422.4,6.673889,92.268,1,fair,NA,2022
AIMS,2022-05-18T04:30:00Z,STIC03,STIC,20220419-20220701,SW,21038950,23422.4,6.673889,92.268,1,fair,NA,2022
AIMS,2022-05-18T04:45:00Z,STIC03,STIC,20220419-20220701,SW,21038950,23422.4,6.673889,92.268,1,fair,NA,2022
AIMS,2022-05-18T05:00:00Z,STIC03,STIC,20220419-20220701,SW,21038950,23422.4,6.572778,92.268,1,fair,NA,2022
AIMS,2022-05-18T05:15:00Z,STIC03,STIC,20220419-20220701,SW,21038950,23422.4,6.572778,92.268,1,fair,NA,2022
AIMS,2022-05-18T05:30:00Z,STIC03,STIC,20220419-20220701,SW,21038950,23422.4,6.572778,92.268,1,fair,NA,2022
AIMS,2022-05-18T05:45:00Z,STIC03,STIC,20220419-20220701,SW,21038950,23422.4,6.471111,92.268,1,fair,NA,2022
AIMS,2022-05-18T06:00:00Z,STIC03,STIC,20220419-20220701,SW,21038950,23422.4,6.471111,92.268,1,fair,NA,2022
AIMS,2022-05-18T06:15:00Z,STIC03,STIC,20220419-20220701,SW,21038950,23422.4,6.37,92.268,1,fair,NA,2022
AIMS,2022-05-18T06:30:00Z,STIC03,STIC,20220419-20220701,SW,21038950,23422.4,6.37,92.268,1,fair,NA,2022
AIMS,2022-05-18T06:45:00Z,STIC03,STIC,20220419-20220701,SW,21038950,23422.4,6.37,92.268,1,fair,NA,2022
AIMS,2022-05-18T07:00:00Z,STIC03,STIC,20220419-20220701,SW,21038950,23422.4,6.37,92.268,1,fair,NA,2022
AIMS,2022-05-18T07:15:00Z,STIC03,STIC,20220419-20220701,SW,21038950,23422.4,6.37,92.268,1,fair,NA,2022
AIMS,2022-05-18T07:30:00Z,STIC03,STIC,20220419-20220701,SW,21038950,23422.4,6.37,92.268,1,fair,NA,2022
AIMS,2022-05-18T07:45:00Z,STIC03,STIC,20220419-20220701,SW,21038950,23422.4,6.37,92.268,1,fair,NA,2022
AIMS,2022-05-18T08:00:00Z,STIC03,STIC,20220419-20220701,SW,21038950,23422.4,6.471111,92.268,1,fair,NA,2022
AIMS,2022-05-18T08:15:00Z,STIC03,STIC,20220419-20220701,SW,21038950,23422.4,6.572778,92.268,1,fair,NA,2022
AIMS,2022-05-18T08:30:00Z,STIC03,STIC,20220419-20220701,SW,21038950,23422.4,6.673889,92.268,1,fair,NA,2022
AIMS,2022-05-18T08:45:00Z,STIC03,STIC,20220419-20220701,SW,21038950,23422.4,6.775,92.268,1,fair,NA,2022
AIMS,2022-05-18T09:00:00Z,STIC03,STIC,20220419-20220701,SW,21038950,23422.4,6.877222,92.268,1,fair,NA,2022
AIMS,2022-05-18T09:15:00Z,STIC03,STIC,20220419-20220701,SW,21038950,23422.4,6.977778,92.268,1,fair,NA,2022
AIMS,2022-05-18T09:30:00Z,STIC03,STIC,20220419-20220701,SW,21038950,23422.4,7.078889,92.268,1,fair,NA,2022
AIMS,2022-05-18T09:45:00Z,STIC03,STIC,20220419-20220701,SW,21038950,23422.4,7.28,92.268,1,fair,NA,2022
AIMS,2022-05-18T10:00:00Z,STIC03,STIC,20220419-20220701,SW,21038950,23422.4,7.481111,92.268,1,fair,NA,2022
AIMS,2022-05-18T10:15:00Z,STIC03,STIC,20220419-20220701,SW,21038950,24800.2,7.682222,97.88565,1,fair,NA,2022
AIMS,2022-05-18T10:30:00Z,STIC03,STIC,20220419-20220701,SW,21038950,24800.2,7.882222,97.88565,1,fair,NA,2022
AIMS,2022-05-18T10:45:00Z,STIC03,STIC,20220419-20220701,SW,21038950,24800.2,7.982778,97.88565,1,fair,NA,2022
AIMS,2022-05-18T11:00:00Z,STIC03,STIC,20220419-20220701,SW,21038950,24800.2,8.182222,97.88565,1,fair,NA,2022
AIMS,2022-05-18T11:15:00Z,STIC03,STIC,20220419-20220701,SW,21038950,24800.2,8.481111,97.88565,1,fair,NA,2022
AIMS,2022-05-18T11:30:00Z,STIC03,STIC,20220419-20220701,SW,21038950,24800.2,8.68,97.88565,1,fair,NA,2022
AIMS,2022-05-18T11:45:00Z,STIC03,STIC,20220419-20220701,SW,21038950,24800.2,9.077222,97.88565,1,fair,NA,2022
AIMS,2022-05-18T12:00:00Z,STIC03,STIC,20220419-20220701,SW,21038950,24800.2,9.372778,97.88565,1,fair,NA,2022
AIMS,2022-05-18T12:15:00Z,STIC03,STIC,20220419-20220701,SW,21038950,24800.2,9.668889,97.88565,1,fair,NA,2022
AIMS,2022-05-18T12:30:00Z,STIC03,STIC,20220419-20220701,SW,21038950,26178,9.965,103.5033,1,fair,NA,2022
AIMS,2022-05-18T12:45:00Z,STIC03,STIC,20220419-20220701,SW,21038950,26178,10.25889,103.5033,1,fair,NA,2022
AIMS,2022-05-18T13:00:00Z,STIC03,STIC,20220419-20220701,SW,21038950,26178,10.55278,103.5033,1,fair,NA,2022
AIMS,2022-05-18T13:15:00Z,STIC03,STIC,20220419-20220701,SW,21038950,26178,10.84611,103.5033,1,fair,NA,2022
AIMS,2022-05-18T13:30:00Z,STIC03,STIC,20220419-20220701,SW,21038950,26178,11.13889,103.5033,1,fair,NA,2022
AIMS,2022-05-18T13:45:00Z,STIC03,STIC,20220419-20220701,SW,21038950,26178,11.43111,103.5033,1,fair,NA,2022
AIMS,2022-05-18T14:00:00Z,STIC03,STIC,20220419-20220701,SW,21038950,26178,11.625,103.5033,1,fair,NA,2022
AIMS,2022-05-18T14:15:00Z,STIC03,STIC,20220419-20220701,SW,21038950,26178,11.91611,103.5033,1,fair,NA,2022
AIMS,2022-05-18T14:30:00Z,STIC03,STIC,20220419-20220701,SW,21038950,26178,12.11,103.5033,1,fair,NA,2022
AIMS,2022-05-18T14:45:00Z,STIC03,STIC,20220419-20220701,SW,21038950,26178,12.30389,103.5033,1,fair,NA,2022
AIMS,2022-05-18T15:00:00Z,STIC03,STIC,20220419-20220701,SW,21038950,26178,12.40111,103.5033,1,fair,NA,2022
AIMS,2022-05-18T15:15:00Z,STIC03,STIC,20220419-20220701,SW,21038950,26178,12.49722,103.5033,1,fair,NA,2022
AIMS,2022-05-18T15:30:00Z,STIC03,STIC,20220419-20220701,SW,21038950,26178,12.49722,103.5033,1,fair,NA,2022
AIMS,2022-05-18T15:45:00Z,STIC03,STIC,20220419-20220701,SW,21038950,26178,12.49722,103.5033,1,fair,NA,2022
AIMS,2022-05-18T16:00:00Z,STIC03,STIC,20220419-20220701,SW,21038950,26178,12.59389,103.5033,1,fair,NA,2022
AIMS,2022-05-18T16:15:00Z,STIC03,STIC,20220419-20220701,SW,21038950,26178,12.49722,103.5033,1,fair,NA,2022
AIMS,2022-05-18T16:30:00Z,STIC03,STIC,20220419-20220701,SW,21038950,26178,12.59389,103.5033,1,fair,NA,2022
AIMS,2022-05-18T16:45:00Z,STIC03,STIC,20220419-20220701,SW,21038950,27555.7,12.59389,109.1205,1,fair,NA,2022
AIMS,2022-05-18T17:00:00Z,STIC03,STIC,20220419-20220701,SW,21038950,27555.7,12.59389,109.1205,1,fair,NA,2022
AIMS,2022-05-18T17:15:00Z,STIC03,STIC,20220419-20220701,SW,21038950,27555.7,12.49722,109.1205,1,fair,NA,2022
AIMS,2022-05-18T17:30:00Z,STIC03,STIC,20220419-20220701,SW,21038950,27555.7,12.40111,109.1205,1,fair,NA,2022
AIMS,2022-05-18T17:45:00Z,STIC03,STIC,20220419-20220701,SW,21038950,26178,12.20722,103.5033,1,fair,NA,2022
AIMS,2022-05-18T18:00:00Z,STIC03,STIC,20220419-20220701,SW,21038950,26178,12.11,103.5033,1,fair,NA,2022
AIMS,2022-05-18T18:15:00Z,STIC03,STIC,20220419-20220701,SW,21038950,26178,12.01278,103.5033,1,fair,NA,2022
AIMS,2022-05-18T18:30:00Z,STIC03,STIC,20220419-20220701,SW,21038950,26178,11.81889,103.5033,1,fair,NA,2022
AIMS,2022-05-18T18:45:00Z,STIC03,STIC,20220419-20220701,SW,21038950,26178,11.72222,103.5033,1,fair,NA,2022
AIMS,2022-05-18T19:00:00Z,STIC03,STIC,20220419-20220701,SW,21038950,26178,11.52778,103.5033,1,fair,NA,2022
AIMS,2022-05-18T19:15:00Z,STIC03,STIC,20220419-20220701,SW,21038950,26178,11.43111,103.5033,1,fair,NA,2022
AIMS,2022-05-18T19:30:00Z,STIC03,STIC,20220419-20220701,SW,21038950,26178,11.33389,103.5033,1,fair,NA,2022
AIMS,2022-05-18T19:45:00Z,STIC03,STIC,20220419-20220701,SW,21038950,26178,11.13889,103.5033,1,fair,NA,2022
AIMS,2022-05-18T20:00:00Z,STIC03,STIC,20220419-20220701,SW,21038950,26178,11.04111,103.5033,1,fair,NA,2022
AIMS,2022-05-18T20:15:00Z,STIC03,STIC,20220419-20220701,SW,21038950,26178,10.84611,103.5033,1,fair,NA,2022
AIMS,2022-05-18T20:30:00Z,STIC03,STIC,20220419-20220701,SW,21038950,26178,10.74778,103.5033,1,fair,NA,2022
AIMS,2022-05-18T20:45:00Z,STIC03,STIC,20220419-20220701,SW,21038950,26178,10.65111,103.5033,1,fair,NA,2022
AIMS,2022-05-18T21:00:00Z,STIC03,STIC,20220419-20220701,SW,21038950,26178,10.455,103.5033,1,fair,NA,2022
AIMS,2022-05-18T21:15:00Z,STIC03,STIC,20220419-20220701,SW,21038950,26178,10.35722,103.5033,1,fair,NA,2022
AIMS,2022-05-18T21:30:00Z,STIC03,STIC,20220419-20220701,SW,21038950,26178,10.16111,103.5033,1,fair,NA,2022
AIMS,2022-05-18T21:45:00Z,STIC03,STIC,20220419-20220701,SW,21038950,26178,10.06278,103.5033,1,fair,NA,2022
AIMS,2022-05-18T22:00:00Z,STIC03,STIC,20220419-20220701,SW,21038950,26178,9.866111,103.5033,1,fair,NA,2022
AIMS,2022-05-18T22:15:00Z,STIC03,STIC,20220419-20220701,SW,21038950,26178,9.767778,103.5033,1,fair,NA,2022
AIMS,2022-05-18T22:30:00Z,STIC03,STIC,20220419-20220701,SW,21038950,26178,9.571111,103.5033,1,fair,NA,2022
AIMS,2022-05-18T22:45:00Z,STIC03,STIC,20220419-20220701,SW,21038950,26178,9.472222,103.5033,1,fair,NA,2022
AIMS,2022-05-18T23:00:00Z,STIC03,STIC,20220419-20220701,SW,21038950,24800.2,9.372778,97.88565,1,fair,NA,2022
AIMS,2022-05-18T23:15:00Z,STIC03,STIC,20220419-20220701,SW,21038950,24800.2,9.176111,97.88565,1,fair,NA,2022
AIMS,2022-05-18T23:30:00Z,STIC03,STIC,20220419-20220701,SW,21038950,24800.2,9.077222,97.88565,1,fair,NA,2022
AIMS,2022-05-18T23:45:00Z,STIC03,STIC,20220419-20220701,SW,21038950,24800.2,8.977778,97.88565,1,fair,NA,2022
AIMS,2022-05-19T00:00:00Z,STIC03,STIC,20220419-20220701,SW,21038950,24800.2,8.878889,97.88565,1,fair,NA,2022
AIMS,2022-05-19T00:15:00Z,STIC03,STIC,20220419-20220701,SW,21038950,24800.2,8.68,97.88565,1,fair,NA,2022
AIMS,2022-05-19T00:30:00Z,STIC03,STIC,20220419-20220701,SW,21038950,24800.2,8.581111,97.88565,1,fair,NA,2022
AIMS,2022-05-19T00:45:00Z,STIC03,STIC,20220419-20220701,SW,21038950,24800.2,8.481111,97.88565,1,fair,NA,2022
AIMS,2022-05-19T01:00:00Z,STIC03,STIC,20220419-20220701,SW,21038950,24800.2,8.382222,97.88565,1,fair,NA,2022
AIMS,2022-05-19T01:15:00Z,STIC03,STIC,20220419-20220701,SW,21038950,24800.2,8.282222,97.88565,1,fair,NA,2022
AIMS,2022-05-19T01:30:00Z,STIC03,STIC,20220419-20220701,SW,21038950,24800.2,8.182222,97.88565,1,fair,NA,2022
AIMS,2022-05-19T01:45:00Z,STIC03,STIC,20220419-20220701,SW,21038950,24800.2,8.082222,97.88565,1,fair,NA,2022
AIMS,2022-05-19T02:00:00Z,STIC03,STIC,20220419-20220701,SW,21038950,24800.2,8.082222,97.88565,1,fair,NA,2022
AIMS,2022-05-19T02:15:00Z,STIC03,STIC,20220419-20220701,SW,21038950,24800.2,7.982778,97.88565,1,fair,NA,2022
AIMS,2022-05-19T02:30:00Z,STIC03,STIC,20220419-20220701,SW,21038950,24800.2,7.982778,97.88565,1,fair,NA,2022
AIMS,2022-05-19T02:45:00Z,STIC03,STIC,20220419-20220701,SW,21038950,24800.2,7.982778,97.88565,1,fair,NA,2022
AIMS,2022-05-19T03:00:00Z,STIC03,STIC,20220419-20220701,SW,21038950,24800.2,7.982778,97.88565,1,fair,NA,2022
AIMS,2022-05-19T03:15:00Z,STIC03,STIC,20220419-20220701,SW,21038950,24800.2,7.982778,97.88565,1,fair,NA,2022
AIMS,2022-05-19T03:30:00Z,STIC03,STIC,20220419-20220701,SW,21038950,24800.2,7.982778,97.88565,1,fair,NA,2022
AIMS,2022-05-19T03:45:00Z,STIC03,STIC,20220419-20220701,SW,21038950,24800.2,7.982778,97.88565,1,fair,NA,2022
AIMS,2022-05-19T04:00:00Z,STIC03,STIC,20220419-20220701,SW,21038950,24800.2,7.982778,97.88565,1,fair,NA,2022
AIMS,2022-05-19T04:15:00Z,STIC03,STIC,20220419-20220701,SW,21038950,24800.2,7.982778,97.88565,1,fair,NA,2022
AIMS,2022-05-19T04:30:00Z,STIC03,STIC,20220419-20220701,SW,21038950,24800.2,7.982778,97.88565,1,fair,NA,2022
AIMS,2022-05-19T04:45:00Z,STIC03,STIC,20220419-20220701,SW,21038950,24800.2,7.982778,97.88565,1,fair,NA,2022
AIMS,2022-05-19T05:00:00Z,STIC03,STIC,20220419-20220701,SW,21038950,24800.2,7.982778,97.88565,1,fair,NA,2022
AIMS,2022-05-19T05:15:00Z,STIC03,STIC,20220419-20220701,SW,21038950,24800.2,7.882222,97.88565,1,fair,NA,2022
AIMS,2022-05-19T05:30:00Z,STIC03,STIC,20220419-20220701,SW,21038950,24800.2,7.882222,97.88565,1,fair,NA,2022
AIMS,2022-05-19T05:45:00Z,STIC03,STIC,20220419-20220701,SW,21038950,24800.2,7.882222,97.88565,1,fair,NA,2022
AIMS,2022-05-19T06:00:00Z,STIC03,STIC,20220419-20220701,SW,21038950,24800.2,7.782222,97.88565,1,fair,NA,2022
AIMS,2022-05-19T06:15:00Z,STIC03,STIC,20220419-20220701,SW,21038950,24800.2,7.782222,97.88565,1,fair,NA,2022
AIMS,2022-05-19T06:30:00Z,STIC03,STIC,20220419-20220701,SW,21038950,24800.2,7.682222,97.88565,1,fair,NA,2022
AIMS,2022-05-19T06:45:00Z,STIC03,STIC,20220419-20220701,SW,21038950,24800.2,7.682222,97.88565,1,fair,NA,2022
AIMS,2022-05-19T07:00:00Z,STIC03,STIC,20220419-20220701,SW,21038950,24800.2,7.682222,97.88565,1,fair,NA,2022
AIMS,2022-05-19T07:15:00Z,STIC03,STIC,20220419-20220701,SW,21038950,24800.2,7.682222,97.88565,1,fair,NA,2022
AIMS,2022-05-19T07:30:00Z,STIC03,STIC,20220419-20220701,SW,21038950,24800.2,7.582222,97.88565,1,fair,NA,2022
AIMS,2022-05-19T07:45:00Z,STIC03,STIC,20220419-20220701,SW,21038950,24800.2,7.582222,97.88565,1,fair,NA,2022
AIMS,2022-05-19T08:00:00Z,STIC03,STIC,20220419-20220701,SW,21038950,24800.2,7.582222,97.88565,1,fair,NA,2022
AIMS,2022-05-19T08:15:00Z,STIC03,STIC,20220419-20220701,SW,21038950,24800.2,7.481111,97.88565,1,fair,NA,2022
AIMS,2022-05-19T08:30:00Z,STIC03,STIC,20220419-20220701,SW,21038950,24800.2,7.481111,97.88565,1,fair,NA,2022
AIMS,2022-05-19T08:45:00Z,STIC03,STIC,20220419-20220701,SW,21038950,23422.4,7.481111,92.268,1,fair,NA,2022
AIMS,2022-05-19T09:00:00Z,STIC03,STIC,20220419-20220701,SW,21038950,23422.4,7.381111,92.268,1,fair,NA,2022
AIMS,2022-05-19T09:15:00Z,STIC03,STIC,20220419-20220701,SW,21038950,23422.4,7.381111,92.268,1,fair,NA,2022
AIMS,2022-05-19T09:30:00Z,STIC03,STIC,20220419-20220701,SW,21038950,23422.4,7.28,92.268,1,fair,NA,2022
AIMS,2022-05-19T09:45:00Z,STIC03,STIC,20220419-20220701,SW,21038950,23422.4,7.28,92.268,1,fair,NA,2022
AIMS,2022-05-19T10:00:00Z,STIC03,STIC,20220419-20220701,SW,21038950,23422.4,7.178889,92.268,1,fair,NA,2022
AIMS,2022-05-19T10:15:00Z,STIC03,STIC,20220419-20220701,SW,21038950,23422.4,7.078889,92.268,1,fair,NA,2022
AIMS,2022-05-19T10:30:00Z,STIC03,STIC,20220419-20220701,SW,21038950,23422.4,7.078889,92.268,1,fair,NA,2022
AIMS,2022-05-19T10:45:00Z,STIC03,STIC,20220419-20220701,SW,21038950,23422.4,6.977778,92.268,1,fair,NA,2022
AIMS,2022-05-19T11:00:00Z,STIC03,STIC,20220419-20220701,SW,21038950,23422.4,6.977778,92.268,1,fair,NA,2022
AIMS,2022-05-19T11:15:00Z,STIC03,STIC,20220419-20220701,SW,21038950,23422.4,6.977778,92.268,1,fair,NA,2022
AIMS,2022-05-19T11:30:00Z,STIC03,STIC,20220419-20220701,SW,21038950,23422.4,6.877222,92.268,1,fair,NA,2022
AIMS,2022-05-19T11:45:00Z,STIC03,STIC,20220419-20220701,SW,21038950,23422.4,6.877222,92.268,1,fair,NA,2022
AIMS,2022-05-19T12:00:00Z,STIC03,STIC,20220419-20220701,SW,21038950,23422.4,6.877222,92.268,1,fair,NA,2022
AIMS,2022-05-19T12:15:00Z,STIC03,STIC,20220419-20220701,SW,21038950,23422.4,6.977778,92.268,1,fair,NA,2022
AIMS,2022-05-19T12:30:00Z,STIC03,STIC,20220419-20220701,SW,21038950,23422.4,6.977778,92.268,1,fair,NA,2022
AIMS,2022-05-19T12:45:00Z,STIC03,STIC,20220419-20220701,SW,21038950,23422.4,6.977778,92.268,1,fair,NA,2022
AIMS,2022-05-19T13:00:00Z,STIC03,STIC,20220419-20220701,SW,21038950,23422.4,7.078889,92.268,1,fair,NA,2022
AIMS,2022-05-19T13:15:00Z,STIC03,STIC,20220419-20220701,SW,21038950,23422.4,7.178889,92.268,1,fair,NA,2022
AIMS,2022-05-19T13:30:00Z,STIC03,STIC,20220419-20220701,SW,21038950,23422.4,7.28,92.268,1,fair,NA,2022
AIMS,2022-05-19T13:45:00Z,STIC03,STIC,20220419-20220701,SW,21038950,23422.4,7.28,92.268,1,fair,NA,2022
AIMS,2022-05-19T14:00:00Z,STIC03,STIC,20220419-20220701,SW,21038950,23422.4,7.381111,92.268,1,fair,NA,2022
AIMS,2022-05-19T14:15:00Z,STIC03,STIC,20220419-20220701,SW,21038950,23422.4,7.481111,92.268,1,fair,NA,2022
AIMS,2022-05-19T14:30:00Z,STIC03,STIC,20220419-20220701,SW,21038950,23422.4,7.381111,92.268,1,fair,NA,2022
AIMS,2022-05-19T14:45:00Z,STIC03,STIC,20220419-20220701,SW,21038950,23422.4,7.381111,92.268,1,fair,NA,2022
AIMS,2022-05-19T15:00:00Z,STIC03,STIC,20220419-20220701,SW,21038950,23422.4,7.481111,92.268,1,fair,NA,2022
AIMS,2022-05-19T15:15:00Z,STIC03,STIC,20220419-20220701,SW,21038950,23422.4,7.682222,92.268,1,fair,NA,2022
AIMS,2022-05-19T15:30:00Z,STIC03,STIC,20220419-20220701,SW,21038950,23422.4,7.782222,92.268,1,fair,NA,2022
AIMS,2022-05-19T15:45:00Z,STIC03,STIC,20220419-20220701,SW,21038950,23422.4,7.682222,92.268,1,fair,NA,2022
AIMS,2022-05-19T16:00:00Z,STIC03,STIC,20220419-20220701,SW,21038950,23422.4,7.481111,92.268,1,fair,NA,2022
AIMS,2022-05-19T16:15:00Z,STIC03,STIC,20220419-20220701,SW,21038950,23422.4,7.481111,92.268,1,fair,NA,2022
AIMS,2022-05-19T16:30:00Z,STIC03,STIC,20220419-20220701,SW,21038950,23422.4,7.381111,92.268,1,fair,NA,2022
AIMS,2022-05-19T16:45:00Z,STIC03,STIC,20220419-20220701,SW,21038950,23422.4,7.28,92.268,1,fair,NA,2022
AIMS,2022-05-19T17:00:00Z,STIC03,STIC,20220419-20220701,SW,21038950,23422.4,7.28,92.268,1,fair,NA,2022
AIMS,2022-05-19T17:15:00Z,STIC03,STIC,20220419-20220701,SW,21038950,23422.4,7.178889,92.268,1,fair,NA,2022
AIMS,2022-05-19T17:30:00Z,STIC03,STIC,20220419-20220701,SW,21038950,23422.4,7.078889,92.268,1,fair,NA,2022
AIMS,2022-05-19T17:45:00Z,STIC03,STIC,20220419-20220701,SW,21038950,23422.4,7.078889,92.268,1,fair,NA,2022
AIMS,2022-05-19T18:00:00Z,STIC03,STIC,20220419-20220701,SW,21038950,23422.4,6.977778,92.268,1,fair,NA,2022
AIMS,2022-05-19T18:15:00Z,STIC03,STIC,20220419-20220701,SW,21038950,23422.4,6.877222,92.268,1,fair,NA,2022
AIMS,2022-05-19T18:30:00Z,STIC03,STIC,20220419-20220701,SW,21038950,23422.4,6.877222,92.268,1,fair,NA,2022
AIMS,2022-05-19T18:45:00Z,STIC03,STIC,20220419-20220701,SW,21038950,23422.4,6.877222,92.268,1,fair,NA,2022
AIMS,2022-05-19T19:00:00Z,STIC03,STIC,20220419-20220701,SW,21038950,23422.4,6.775,92.268,1,fair,NA,2022
AIMS,2022-05-19T19:15:00Z,STIC03,STIC,20220419-20220701,SW,21038950,23422.4,6.775,92.268,1,fair,NA,2022
AIMS,2022-05-19T19:30:00Z,STIC03,STIC,20220419-20220701,SW,21038950,23422.4,6.673889,92.268,1,fair,NA,2022
AIMS,2022-05-19T19:45:00Z,STIC03,STIC,20220419-20220701,SW,21038950,23422.4,6.572778,92.268,1,fair,NA,2022
AIMS,2022-05-19T20:00:00Z,STIC03,STIC,20220419-20220701,SW,21038950,23422.4,6.471111,92.268,1,fair,NA,2022
AIMS,2022-05-19T20:15:00Z,STIC03,STIC,20220419-20220701,SW,21038950,23422.4,6.37,92.268,1,fair,NA,2022
AIMS,2022-05-19T20:30:00Z,STIC03,STIC,20220419-20220701,SW,21038950,23422.4,6.37,92.268,1,fair,NA,2022
AIMS,2022-05-19T20:45:00Z,STIC03,STIC,20220419-20220701,SW,21038950,23422.4,6.267778,92.268,1,fair,NA,2022
AIMS,2022-05-19T21:00:00Z,STIC03,STIC,20220419-20220701,SW,21038950,23422.4,6.267778,92.268,1,fair,NA,2022
AIMS,2022-05-19T21:15:00Z,STIC03,STIC,20220419-20220701,SW,21038950,22044.6,6.166111,86.65036,1,fair,NA,2022
AIMS,2022-05-19T21:30:00Z,STIC03,STIC,20220419-20220701,SW,21038950,23422.4,6.166111,92.268,1,fair,NA,2022
AIMS,2022-05-19T21:45:00Z,STIC03,STIC,20220419-20220701,SW,21038950,23422.4,6.063889,92.268,1,fair,NA,2022
AIMS,2022-05-19T22:00:00Z,STIC03,STIC,20220419-20220701,SW,21038950,23422.4,5.962222,92.268,1,fair,NA,2022
AIMS,2022-05-19T22:15:00Z,STIC03,STIC,20220419-20220701,SW,21038950,23422.4,5.962222,92.268,1,fair,NA,2022
AIMS,2022-05-19T22:30:00Z,STIC03,STIC,20220419-20220701,SW,21038950,23422.4,5.86,92.268,1,fair,NA,2022
AIMS,2022-05-19T22:45:00Z,STIC03,STIC,20220419-20220701,SW,21038950,23422.4,5.757222,92.268,1,fair,NA,2022
AIMS,2022-05-19T23:00:00Z,STIC03,STIC,20220419-20220701,SW,21038950,23422.4,5.655,92.268,1,fair,NA,2022
AIMS,2022-05-19T23:15:00Z,STIC03,STIC,20220419-20220701,SW,21038950,22044.6,5.655,86.65036,1,fair,NA,2022
AIMS,2022-05-19T23:30:00Z,STIC03,STIC,20220419-20220701,SW,21038950,22044.6,5.552222,86.65036,1,fair,NA,2022
AIMS,2022-05-19T23:45:00Z,STIC03,STIC,20220419-20220701,SW,21038950,22044.6,5.45,86.65036,1,fair,NA,2022
AIMS,2022-05-20T00:00:00Z,STIC03,STIC,20220419-20220701,SW,21038950,22044.6,5.45,86.65036,1,fair,NA,2022
AIMS,2022-05-20T00:15:00Z,STIC03,STIC,20220419-20220701,SW,21038950,22044.6,5.347222,86.65036,1,fair,NA,2022
AIMS,2022-05-20T00:30:00Z,STIC03,STIC,20220419-20220701,SW,21038950,22044.6,5.243889,86.65036,1,fair,NA,2022
AIMS,2022-05-20T00:45:00Z,STIC03,STIC,20220419-20220701,SW,21038950,22044.6,5.141111,86.65036,1,fair,NA,2022
AIMS,2022-05-20T01:00:00Z,STIC03,STIC,20220419-20220701,SW,21038950,22044.6,5.141111,86.65036,1,fair,NA,2022
AIMS,2022-05-20T01:15:00Z,STIC03,STIC,20220419-20220701,SW,21038950,22044.6,5.037222,86.65036,1,fair,NA,2022
AIMS,2022-05-20T01:30:00Z,STIC03,STIC,20220419-20220701,SW,21038950,22044.6,4.933889,86.65036,1,fair,NA,2022
AIMS,2022-05-20T01:45:00Z,STIC03,STIC,20220419-20220701,SW,21038950,22044.6,4.933889,86.65036,1,fair,NA,2022
AIMS,2022-05-20T02:00:00Z,STIC03,STIC,20220419-20220701,SW,21038950,22044.6,4.831111,86.65036,1,fair,NA,2022
AIMS,2022-05-20T02:15:00Z,STIC03,STIC,20220419-20220701,SW,21038950,22044.6,4.831111,86.65036,1,fair,NA,2022
AIMS,2022-05-20T02:30:00Z,STIC03,STIC,20220419-20220701,SW,21038950,22044.6,4.727222,86.65036,1,fair,NA,2022
AIMS,2022-05-20T02:45:00Z,STIC03,STIC,20220419-20220701,SW,21038950,22044.6,4.727222,86.65036,1,fair,NA,2022
AIMS,2022-05-20T03:00:00Z,STIC03,STIC,20220419-20220701,SW,21038950,22044.6,4.727222,86.65036,1,fair,NA,2022
AIMS,2022-05-20T03:15:00Z,STIC03,STIC,20220419-20220701,SW,21038950,22044.6,4.727222,86.65036,1,fair,NA,2022
AIMS,2022-05-20T03:30:00Z,STIC03,STIC,20220419-20220701,SW,21038950,22044.6,4.622778,86.65036,1,fair,NA,2022
AIMS,2022-05-20T03:45:00Z,STIC03,STIC,20220419-20220701,SW,21038950,22044.6,4.622778,86.65036,1,fair,NA,2022
AIMS,2022-05-20T04:00:00Z,STIC03,STIC,20220419-20220701,SW,21038950,22044.6,4.518889,86.65036,1,fair,NA,2022
AIMS,2022-05-20T04:15:00Z,STIC03,STIC,20220419-20220701,SW,21038950,22044.6,4.518889,86.65036,1,fair,NA,2022
AIMS,2022-05-20T04:30:00Z,STIC03,STIC,20220419-20220701,SW,21038950,22044.6,4.518889,86.65036,1,fair,NA,2022
AIMS,2022-05-20T04:45:00Z,STIC03,STIC,20220419-20220701,SW,21038950,22044.6,4.415,86.65036,1,fair,NA,2022
AIMS,2022-05-20T05:00:00Z,STIC03,STIC,20220419-20220701,SW,21038950,22044.6,4.415,86.65036,1,fair,NA,2022
AIMS,2022-05-20T05:15:00Z,STIC03,STIC,20220419-20220701,SW,21038950,22044.6,4.415,86.65036,1,fair,NA,2022
AIMS,2022-05-20T05:30:00Z,STIC03,STIC,20220419-20220701,SW,21038950,22044.6,4.415,86.65036,1,fair,NA,2022
AIMS,2022-05-20T05:45:00Z,STIC03,STIC,20220419-20220701,SW,21038950,22044.6,4.415,86.65036,1,fair,NA,2022
AIMS,2022-05-20T06:00:00Z,STIC03,STIC,20220419-20220701,SW,21038950,22044.6,4.311111,86.65036,1,fair,NA,2022
AIMS,2022-05-20T06:15:00Z,STIC03,STIC,20220419-20220701,SW,21038950,22044.6,4.311111,86.65036,1,fair,NA,2022
AIMS,2022-05-20T06:30:00Z,STIC03,STIC,20220419-20220701,SW,21038950,22044.6,4.311111,86.65036,1,fair,NA,2022
AIMS,2022-05-20T06:45:00Z,STIC03,STIC,20220419-20220701,SW,21038950,22044.6,4.311111,86.65036,1,fair,NA,2022
AIMS,2022-05-20T07:00:00Z,STIC03,STIC,20220419-20220701,SW,21038950,22044.6,4.311111,86.65036,1,fair,NA,2022
AIMS,2022-05-20T07:15:00Z,STIC03,STIC,20220419-20220701,SW,21038950,22044.6,4.311111,86.65036,1,fair,NA,2022
AIMS,2022-05-20T07:30:00Z,STIC03,STIC,20220419-20220701,SW,21038950,22044.6,4.311111,86.65036,1,fair,NA,2022
AIMS,2022-05-20T07:45:00Z,STIC03,STIC,20220419-20220701,SW,21038950,22044.6,4.311111,86.65036,1,fair,NA,2022
AIMS,2022-05-20T08:00:00Z,STIC03,STIC,20220419-20220701,SW,21038950,22044.6,4.311111,86.65036,1,fair,NA,2022
AIMS,2022-05-20T08:15:00Z,STIC03,STIC,20220419-20220701,SW,21038950,22044.6,4.415,86.65036,1,fair,NA,2022
AIMS,2022-05-20T08:30:00Z,STIC03,STIC,20220419-20220701,SW,21038950,22044.6,4.415,86.65036,1,fair,NA,2022
AIMS,2022-05-20T08:45:00Z,STIC03,STIC,20220419-20220701,SW,21038950,22044.6,4.518889,86.65036,1,fair,NA,2022
AIMS,2022-05-20T09:00:00Z,STIC03,STIC,20220419-20220701,SW,21038950,22044.6,4.518889,86.65036,1,fair,NA,2022
AIMS,2022-05-20T09:15:00Z,STIC03,STIC,20220419-20220701,SW,21038950,22044.6,4.622778,86.65036,1,fair,NA,2022
AIMS,2022-05-20T09:30:00Z,STIC03,STIC,20220419-20220701,SW,21038950,22044.6,4.727222,86.65036,1,fair,NA,2022
AIMS,2022-05-20T09:45:00Z,STIC03,STIC,20220419-20220701,SW,21038950,22044.6,4.831111,86.65036,1,fair,NA,2022
AIMS,2022-05-20T10:00:00Z,STIC03,STIC,20220419-20220701,SW,21038950,22044.6,4.933889,86.65036,1,fair,NA,2022
AIMS,2022-05-20T10:15:00Z,STIC03,STIC,20220419-20220701,SW,21038950,22044.6,5.141111,86.65036,1,fair,NA,2022
AIMS,2022-05-20T10:30:00Z,STIC03,STIC,20220419-20220701,SW,21038950,22044.6,5.243889,86.65036,1,fair,NA,2022
AIMS,2022-05-20T10:45:00Z,STIC03,STIC,20220419-20220701,SW,21038950,22044.6,5.45,86.65036,1,fair,NA,2022
AIMS,2022-05-20T11:00:00Z,STIC03,STIC,20220419-20220701,SW,21038950,22044.6,5.655,86.65036,1,fair,NA,2022
AIMS,2022-05-20T11:15:00Z,STIC03,STIC,20220419-20220701,SW,21038950,22044.6,5.962222,86.65036,1,fair,NA,2022
AIMS,2022-05-20T11:30:00Z,STIC03,STIC,20220419-20220701,SW,21038950,23422.4,6.166111,92.268,1,fair,NA,2022
AIMS,2022-05-20T11:45:00Z,STIC03,STIC,20220419-20220701,SW,21038950,23422.4,6.37,92.268,1,fair,NA,2022
AIMS,2022-05-20T12:00:00Z,STIC03,STIC,20220419-20220701,SW,21038950,23422.4,6.572778,92.268,1,fair,NA,2022
AIMS,2022-05-20T12:15:00Z,STIC03,STIC,20220419-20220701,SW,21038950,23422.4,6.775,92.268,1,fair,NA,2022
AIMS,2022-05-20T12:30:00Z,STIC03,STIC,20220419-20220701,SW,21038950,23422.4,7.078889,92.268,1,fair,NA,2022
AIMS,2022-05-20T12:45:00Z,STIC03,STIC,20220419-20220701,SW,21038950,23422.4,7.178889,92.268,1,fair,NA,2022
AIMS,2022-05-20T13:00:00Z,STIC03,STIC,20220419-20220701,SW,21038950,23422.4,7.381111,92.268,1,fair,NA,2022
AIMS,2022-05-20T13:15:00Z,STIC03,STIC,20220419-20220701,SW,21038950,23422.4,7.481111,92.268,1,fair,NA,2022
AIMS,2022-05-20T13:30:00Z,STIC03,STIC,20220419-20220701,SW,21038950,24800.2,7.682222,97.88565,1,fair,NA,2022
AIMS,2022-05-20T13:45:00Z,STIC03,STIC,20220419-20220701,SW,21038950,24800.2,7.982778,97.88565,1,fair,NA,2022
AIMS,2022-05-20T14:00:00Z,STIC03,STIC,20220419-20220701,SW,21038950,24800.2,8.282222,97.88565,1,fair,NA,2022
AIMS,2022-05-20T14:15:00Z,STIC03,STIC,20220419-20220701,SW,21038950,24800.2,8.581111,97.88565,1,fair,NA,2022
AIMS,2022-05-20T14:30:00Z,STIC03,STIC,20220419-20220701,SW,21038950,24800.2,8.68,97.88565,1,fair,NA,2022
AIMS,2022-05-20T14:45:00Z,STIC03,STIC,20220419-20220701,SW,21038950,24800.2,8.778889,97.88565,1,fair,NA,2022
AIMS,2022-05-20T15:00:00Z,STIC03,STIC,20220419-20220701,SW,21038950,24800.2,8.878889,97.88565,1,fair,NA,2022
AIMS,2022-05-20T15:15:00Z,STIC03,STIC,20220419-20220701,SW,21038950,24800.2,8.878889,97.88565,1,fair,NA,2022
AIMS,2022-05-20T15:30:00Z,STIC03,STIC,20220419-20220701,SW,21038950,24800.2,8.778889,97.88565,1,fair,NA,2022
AIMS,2022-05-20T15:45:00Z,STIC03,STIC,20220419-20220701,SW,21038950,24800.2,8.778889,97.88565,1,fair,NA,2022
AIMS,2022-05-20T16:00:00Z,STIC03,STIC,20220419-20220701,SW,21038950,24800.2,8.778889,97.88565,1,fair,NA,2022
AIMS,2022-05-20T16:15:00Z,STIC03,STIC,20220419-20220701,SW,21038950,24800.2,8.778889,97.88565,1,fair,NA,2022
AIMS,2022-05-20T16:30:00Z,STIC03,STIC,20220419-20220701,SW,21038950,24800.2,8.778889,97.88565,1,fair,NA,2022
AIMS,2022-05-20T16:45:00Z,STIC03,STIC,20220419-20220701,SW,21038950,24800.2,8.878889,97.88565,1,fair,NA,2022
AIMS,2022-05-20T17:00:00Z,STIC03,STIC,20220419-20220701,SW,21038950,24800.2,8.878889,97.88565,1,fair,NA,2022
AIMS,2022-05-20T17:15:00Z,STIC03,STIC,20220419-20220701,SW,21038950,24800.2,8.778889,97.88565,1,fair,NA,2022
AIMS,2022-05-20T17:30:00Z,STIC03,STIC,20220419-20220701,SW,21038950,24800.2,8.778889,97.88565,1,fair,NA,2022
AIMS,2022-05-20T17:45:00Z,STIC03,STIC,20220419-20220701,SW,21038950,24800.2,8.68,97.88565,1,fair,NA,2022
AIMS,2022-05-20T18:00:00Z,STIC03,STIC,20220419-20220701,SW,21038950,24800.2,8.68,97.88565,1,fair,NA,2022
AIMS,2022-05-20T18:15:00Z,STIC03,STIC,20220419-20220701,SW,21038950,24800.2,8.581111,97.88565,1,fair,NA,2022
AIMS,2022-05-20T18:30:00Z,STIC03,STIC,20220419-20220701,SW,21038950,24800.2,8.481111,97.88565,1,fair,NA,2022
AIMS,2022-05-20T18:45:00Z,STIC03,STIC,20220419-20220701,SW,21038950,24800.2,8.382222,97.88565,1,fair,NA,2022
AIMS,2022-05-20T19:00:00Z,STIC03,STIC,20220419-20220701,SW,21038950,24800.2,8.382222,97.88565,1,fair,NA,2022
AIMS,2022-05-20T19:15:00Z,STIC03,STIC,20220419-20220701,SW,21038950,24800.2,8.282222,97.88565,1,fair,NA,2022
AIMS,2022-05-20T19:30:00Z,STIC03,STIC,20220419-20220701,SW,21038950,24800.2,8.182222,97.88565,1,fair,NA,2022
AIMS,2022-05-20T19:45:00Z,STIC03,STIC,20220419-20220701,SW,21038950,24800.2,8.082222,97.88565,1,fair,NA,2022
AIMS,2022-05-20T20:00:00Z,STIC03,STIC,20220419-20220701,SW,21038950,24800.2,7.882222,97.88565,1,fair,NA,2022
AIMS,2022-05-20T20:15:00Z,STIC03,STIC,20220419-20220701,SW,21038950,24800.2,7.782222,97.88565,1,fair,NA,2022
AIMS,2022-05-20T20:30:00Z,STIC03,STIC,20220419-20220701,SW,21038950,24800.2,7.582222,97.88565,1,fair,NA,2022
AIMS,2022-05-20T20:45:00Z,STIC03,STIC,20220419-20220701,SW,21038950,24800.2,7.481111,97.88565,1,fair,NA,2022
AIMS,2022-05-20T21:00:00Z,STIC03,STIC,20220419-20220701,SW,21038950,24800.2,7.28,97.88565,1,fair,NA,2022
AIMS,2022-05-20T21:15:00Z,STIC03,STIC,20220419-20220701,SW,21038950,24800.2,7.178889,97.88565,1,fair,NA,2022
AIMS,2022-05-20T21:30:00Z,STIC03,STIC,20220419-20220701,SW,21038950,24800.2,6.977778,97.88565,1,fair,NA,2022
AIMS,2022-05-20T21:45:00Z,STIC03,STIC,20220419-20220701,SW,21038950,24800.2,6.877222,97.88565,1,fair,NA,2022
AIMS,2022-05-20T22:00:00Z,STIC03,STIC,20220419-20220701,SW,21038950,23422.4,6.775,92.268,1,fair,NA,2022
AIMS,2022-05-20T22:15:00Z,STIC03,STIC,20220419-20220701,SW,21038950,23422.4,6.673889,92.268,1,fair,NA,2022
AIMS,2022-05-20T22:30:00Z,STIC03,STIC,20220419-20220701,SW,21038950,23422.4,6.471111,92.268,1,fair,NA,2022
AIMS,2022-05-20T22:45:00Z,STIC03,STIC,20220419-20220701,SW,21038950,23422.4,6.37,92.268,1,fair,NA,2022
AIMS,2022-05-20T23:00:00Z,STIC03,STIC,20220419-20220701,SW,21038950,23422.4,6.166111,92.268,1,fair,NA,2022
AIMS,2022-05-20T23:15:00Z,STIC03,STIC,20220419-20220701,SW,21038950,23422.4,6.063889,92.268,1,fair,NA,2022
AIMS,2022-05-20T23:30:00Z,STIC03,STIC,20220419-20220701,SW,21038950,23422.4,5.962222,92.268,1,fair,NA,2022
AIMS,2022-05-20T23:45:00Z,STIC03,STIC,20220419-20220701,SW,21038950,23422.4,5.86,92.268,1,fair,NA,2022
AIMS,2022-05-21T00:00:00Z,STIC03,STIC,20220419-20220701,SW,21038950,23422.4,5.655,92.268,1,fair,NA,2022
AIMS,2022-05-21T00:15:00Z,STIC03,STIC,20220419-20220701,SW,21038950,23422.4,5.552222,92.268,1,fair,NA,2022
AIMS,2022-05-21T00:30:00Z,STIC03,STIC,20220419-20220701,SW,21038950,23422.4,5.45,92.268,1,fair,NA,2022
AIMS,2022-05-21T00:45:00Z,STIC03,STIC,20220419-20220701,SW,21038950,23422.4,5.347222,92.268,1,fair,NA,2022
AIMS,2022-05-21T01:00:00Z,STIC03,STIC,20220419-20220701,SW,21038950,23422.4,5.243889,92.268,1,fair,NA,2022
AIMS,2022-05-21T01:15:00Z,STIC03,STIC,20220419-20220701,SW,21038950,22044.6,5.141111,86.65036,1,fair,NA,2022
AIMS,2022-05-21T01:30:00Z,STIC03,STIC,20220419-20220701,SW,21038950,22044.6,5.141111,86.65036,1,fair,NA,2022
AIMS,2022-05-21T01:45:00Z,STIC03,STIC,20220419-20220701,SW,21038950,22044.6,5.037222,86.65036,1,fair,NA,2022
AIMS,2022-05-21T02:00:00Z,STIC03,STIC,20220419-20220701,SW,21038950,22044.6,4.933889,86.65036,1,fair,NA,2022
AIMS,2022-05-21T02:15:00Z,STIC03,STIC,20220419-20220701,SW,21038950,22044.6,4.831111,86.65036,1,fair,NA,2022
AIMS,2022-05-21T02:30:00Z,STIC03,STIC,20220419-20220701,SW,21038950,22044.6,4.831111,86.65036,1,fair,NA,2022
AIMS,2022-05-21T02:45:00Z,STIC03,STIC,20220419-20220701,SW,21038950,22044.6,4.727222,86.65036,1,fair,NA,2022
AIMS,2022-05-21T03:00:00Z,STIC03,STIC,20220419-20220701,SW,21038950,22044.6,4.727222,86.65036,1,fair,NA,2022
AIMS,2022-05-21T03:15:00Z,STIC03,STIC,20220419-20220701,SW,21038950,22044.6,4.622778,86.65036,1,fair,NA,2022
AIMS,2022-05-21T03:30:00Z,STIC03,STIC,20220419-20220701,SW,21038950,22044.6,4.622778,86.65036,1,fair,NA,2022
AIMS,2022-05-21T03:45:00Z,STIC03,STIC,20220419-20220701,SW,21038950,22044.6,4.518889,86.65036,1,fair,NA,2022
AIMS,2022-05-21T04:00:00Z,STIC03,STIC,20220419-20220701,SW,21038950,22044.6,4.518889,86.65036,1,fair,NA,2022
AIMS,2022-05-21T04:15:00Z,STIC03,STIC,20220419-20220701,SW,21038950,22044.6,4.518889,86.65036,1,fair,NA,2022
AIMS,2022-05-21T04:30:00Z,STIC03,STIC,20220419-20220701,SW,21038950,22044.6,4.415,86.65036,1,fair,NA,2022
AIMS,2022-05-21T04:45:00Z,STIC03,STIC,20220419-20220701,SW,21038950,22044.6,4.415,86.65036,1,fair,NA,2022
AIMS,2022-05-21T05:00:00Z,STIC03,STIC,20220419-20220701,SW,21038950,22044.6,4.311111,86.65036,1,fair,NA,2022
AIMS,2022-05-21T05:15:00Z,STIC03,STIC,20220419-20220701,SW,21038950,22044.6,4.311111,86.65036,1,fair,NA,2022
AIMS,2022-05-21T05:30:00Z,STIC03,STIC,20220419-20220701,SW,21038950,22044.6,4.311111,86.65036,1,fair,NA,2022
AIMS,2022-05-21T05:45:00Z,STIC03,STIC,20220419-20220701,SW,21038950,22044.6,4.207222,86.65036,1,fair,NA,2022
AIMS,2022-05-21T06:00:00Z,STIC03,STIC,20220419-20220701,SW,21038950,22044.6,4.207222,86.65036,1,fair,NA,2022
AIMS,2022-05-21T06:15:00Z,STIC03,STIC,20220419-20220701,SW,21038950,22044.6,4.207222,86.65036,1,fair,NA,2022
AIMS,2022-05-21T06:30:00Z,STIC03,STIC,20220419-20220701,SW,21038950,22044.6,4.102222,86.65036,1,fair,NA,2022
AIMS,2022-05-21T06:45:00Z,STIC03,STIC,20220419-20220701,SW,21038950,22044.6,4.102222,86.65036,1,fair,NA,2022
AIMS,2022-05-21T07:00:00Z,STIC03,STIC,20220419-20220701,SW,21038950,22044.6,4.102222,86.65036,1,fair,NA,2022
AIMS,2022-05-21T07:15:00Z,STIC03,STIC,20220419-20220701,SW,21038950,22044.6,4.102222,86.65036,1,fair,NA,2022
AIMS,2022-05-21T07:30:00Z,STIC03,STIC,20220419-20220701,SW,21038950,22044.6,4.102222,86.65036,1,fair,NA,2022
AIMS,2022-05-21T07:45:00Z,STIC03,STIC,20220419-20220701,SW,21038950,22044.6,4.102222,86.65036,1,fair,NA,2022
AIMS,2022-05-21T08:00:00Z,STIC03,STIC,20220419-20220701,SW,21038950,22044.6,4.207222,86.65036,1,fair,NA,2022
AIMS,2022-05-21T08:15:00Z,STIC03,STIC,20220419-20220701,SW,21038950,22044.6,4.311111,86.65036,1,fair,NA,2022
AIMS,2022-05-21T08:30:00Z,STIC03,STIC,20220419-20220701,SW,21038950,22044.6,4.311111,86.65036,1,fair,NA,2022
AIMS,2022-05-21T08:45:00Z,STIC03,STIC,20220419-20220701,SW,21038950,22044.6,4.415,86.65036,1,fair,NA,2022
AIMS,2022-05-21T09:00:00Z,STIC03,STIC,20220419-20220701,SW,21038950,22044.6,4.622778,86.65036,1,fair,NA,2022
AIMS,2022-05-21T09:15:00Z,STIC03,STIC,20220419-20220701,SW,21038950,22044.6,4.727222,86.65036,1,fair,NA,2022
AIMS,2022-05-21T09:30:00Z,STIC03,STIC,20220419-20220701,SW,21038950,22044.6,4.933889,86.65036,1,fair,NA,2022
AIMS,2022-05-21T09:45:00Z,STIC03,STIC,20220419-20220701,SW,21038950,22044.6,5.037222,86.65036,1,fair,NA,2022
AIMS,2022-05-21T10:00:00Z,STIC03,STIC,20220419-20220701,SW,21038950,22044.6,5.243889,86.65036,1,fair,NA,2022
AIMS,2022-05-21T10:15:00Z,STIC03,STIC,20220419-20220701,SW,21038950,23422.4,5.552222,92.268,1,fair,NA,2022
AIMS,2022-05-21T10:30:00Z,STIC03,STIC,20220419-20220701,SW,21038950,23422.4,5.757222,92.268,1,fair,NA,2022
AIMS,2022-05-21T10:45:00Z,STIC03,STIC,20220419-20220701,SW,21038950,23422.4,5.962222,92.268,1,fair,NA,2022
AIMS,2022-05-21T11:00:00Z,STIC03,STIC,20220419-20220701,SW,21038950,23422.4,6.267778,92.268,1,fair,NA,2022
AIMS,2022-05-21T11:15:00Z,STIC03,STIC,20220419-20220701,SW,21038950,23422.4,6.572778,92.268,1,fair,NA,2022
AIMS,2022-05-21T11:30:00Z,STIC03,STIC,20220419-20220701,SW,21038950,23422.4,6.877222,92.268,1,fair,NA,2022
AIMS,2022-05-21T11:45:00Z,STIC03,STIC,20220419-20220701,SW,21038950,23422.4,6.977778,92.268,1,fair,NA,2022
AIMS,2022-05-21T12:00:00Z,STIC03,STIC,20220419-20220701,SW,21038950,23422.4,7.078889,92.268,1,fair,NA,2022
AIMS,2022-05-21T12:15:00Z,STIC03,STIC,20220419-20220701,SW,21038950,24800.2,7.178889,97.88565,1,fair,NA,2022
AIMS,2022-05-21T12:30:00Z,STIC03,STIC,20220419-20220701,SW,21038950,24800.2,7.28,97.88565,1,fair,NA,2022
AIMS,2022-05-21T12:45:00Z,STIC03,STIC,20220419-20220701,SW,21038950,24800.2,7.381111,97.88565,1,fair,NA,2022
AIMS,2022-05-21T13:00:00Z,STIC03,STIC,20220419-20220701,SW,21038950,24800.2,7.381111,97.88565,1,fair,NA,2022
AIMS,2022-05-21T13:15:00Z,STIC03,STIC,20220419-20220701,SW,21038950,24800.2,7.381111,97.88565,1,fair,NA,2022
AIMS,2022-05-21T13:30:00Z,STIC03,STIC,20220419-20220701,SW,21038950,24800.2,7.481111,97.88565,1,fair,NA,2022
AIMS,2022-05-21T13:45:00Z,STIC03,STIC,20220419-20220701,SW,21038950,24800.2,7.481111,97.88565,1,fair,NA,2022
AIMS,2022-05-21T14:00:00Z,STIC03,STIC,20220419-20220701,SW,21038950,24800.2,7.682222,97.88565,1,fair,NA,2022
AIMS,2022-05-21T14:15:00Z,STIC03,STIC,20220419-20220701,SW,21038950,24800.2,7.882222,97.88565,1,fair,NA,2022
AIMS,2022-05-21T14:30:00Z,STIC03,STIC,20220419-20220701,SW,21038950,24800.2,7.982778,97.88565,1,fair,NA,2022
AIMS,2022-05-21T14:45:00Z,STIC03,STIC,20220419-20220701,SW,21038950,24800.2,7.982778,97.88565,1,fair,NA,2022
AIMS,2022-05-21T15:00:00Z,STIC03,STIC,20220419-20220701,SW,21038950,24800.2,7.982778,97.88565,1,fair,NA,2022
AIMS,2022-05-21T15:15:00Z,STIC03,STIC,20220419-20220701,SW,21038950,24800.2,7.982778,97.88565,1,fair,NA,2022
AIMS,2022-05-21T15:30:00Z,STIC03,STIC,20220419-20220701,SW,21038950,24800.2,8.082222,97.88565,1,fair,NA,2022
AIMS,2022-05-21T15:45:00Z,STIC03,STIC,20220419-20220701,SW,21038950,24800.2,8.082222,97.88565,1,fair,NA,2022
AIMS,2022-05-21T16:00:00Z,STIC03,STIC,20220419-20220701,SW,21038950,24800.2,8.082222,97.88565,1,fair,NA,2022
AIMS,2022-05-21T16:15:00Z,STIC03,STIC,20220419-20220701,SW,21038950,24800.2,8.082222,97.88565,1,fair,NA,2022
AIMS,2022-05-21T16:30:00Z,STIC03,STIC,20220419-20220701,SW,21038950,24800.2,8.282222,97.88565,1,fair,NA,2022
AIMS,2022-05-21T16:45:00Z,STIC03,STIC,20220419-20220701,SW,21038950,24800.2,8.382222,97.88565,1,fair,NA,2022
AIMS,2022-05-21T17:00:00Z,STIC03,STIC,20220419-20220701,SW,21038950,24800.2,8.382222,97.88565,1,fair,NA,2022
AIMS,2022-05-21T17:15:00Z,STIC03,STIC,20220419-20220701,SW,21038950,24800.2,8.382222,97.88565,1,fair,NA,2022
AIMS,2022-05-21T17:30:00Z,STIC03,STIC,20220419-20220701,SW,21038950,24800.2,8.481111,97.88565,1,fair,NA,2022
AIMS,2022-05-21T17:45:00Z,STIC03,STIC,20220419-20220701,SW,21038950,24800.2,8.481111,97.88565,1,fair,NA,2022
AIMS,2022-05-21T18:00:00Z,STIC03,STIC,20220419-20220701,SW,21038950,24800.2,8.481111,97.88565,1,fair,NA,2022
AIMS,2022-05-21T18:15:00Z,STIC03,STIC,20220419-20220701,SW,21038950,24800.2,8.481111,97.88565,1,fair,NA,2022
AIMS,2022-05-21T18:30:00Z,STIC03,STIC,20220419-20220701,SW,21038950,24800.2,8.382222,97.88565,1,fair,NA,2022
AIMS,2022-05-21T18:45:00Z,STIC03,STIC,20220419-20220701,SW,21038950,24800.2,8.382222,97.88565,1,fair,NA,2022
AIMS,2022-05-21T19:00:00Z,STIC03,STIC,20220419-20220701,SW,21038950,24800.2,8.382222,97.88565,1,fair,NA,2022
AIMS,2022-05-21T19:15:00Z,STIC03,STIC,20220419-20220701,SW,21038950,24800.2,8.382222,97.88565,1,fair,NA,2022
AIMS,2022-05-21T19:30:00Z,STIC03,STIC,20220419-20220701,SW,21038950,24800.2,8.282222,97.88565,1,fair,NA,2022
AIMS,2022-05-21T19:45:00Z,STIC03,STIC,20220419-20220701,SW,21038950,24800.2,8.282222,97.88565,1,fair,NA,2022
AIMS,2022-05-21T20:00:00Z,STIC03,STIC,20220419-20220701,SW,21038950,24800.2,8.182222,97.88565,1,fair,NA,2022
AIMS,2022-05-21T20:15:00Z,STIC03,STIC,20220419-20220701,SW,21038950,24800.2,8.082222,97.88565,1,fair,NA,2022
AIMS,2022-05-21T20:30:00Z,STIC03,STIC,20220419-20220701,SW,21038950,24800.2,7.982778,97.88565,1,fair,NA,2022
AIMS,2022-05-21T20:45:00Z,STIC03,STIC,20220419-20220701,SW,21038950,24800.2,7.782222,97.88565,1,fair,NA,2022
AIMS,2022-05-21T21:00:00Z,STIC03,STIC,20220419-20220701,SW,21038950,24800.2,7.682222,97.88565,1,fair,NA,2022
AIMS,2022-05-21T21:15:00Z,STIC03,STIC,20220419-20220701,SW,21038950,24800.2,7.481111,97.88565,1,fair,NA,2022
AIMS,2022-05-21T21:30:00Z,STIC03,STIC,20220419-20220701,SW,21038950,24800.2,7.28,97.88565,1,fair,NA,2022
AIMS,2022-05-21T21:45:00Z,STIC03,STIC,20220419-20220701,SW,21038950,24800.2,7.078889,97.88565,1,fair,NA,2022
AIMS,2022-05-21T22:00:00Z,STIC03,STIC,20220419-20220701,SW,21038950,24800.2,6.977778,97.88565,1,fair,NA,2022
AIMS,2022-05-21T22:15:00Z,STIC03,STIC,20220419-20220701,SW,21038950,24800.2,6.775,97.88565,1,fair,NA,2022
AIMS,2022-05-21T22:30:00Z,STIC03,STIC,20220419-20220701,SW,21038950,24800.2,6.673889,97.88565,1,fair,NA,2022
AIMS,2022-05-21T22:45:00Z,STIC03,STIC,20220419-20220701,SW,21038950,24800.2,6.572778,97.88565,1,fair,NA,2022
AIMS,2022-05-21T23:00:00Z,STIC03,STIC,20220419-20220701,SW,21038950,24800.2,6.471111,97.88565,1,fair,NA,2022
AIMS,2022-05-21T23:15:00Z,STIC03,STIC,20220419-20220701,SW,21038950,23422.4,6.267778,92.268,1,fair,NA,2022
AIMS,2022-05-21T23:30:00Z,STIC03,STIC,20220419-20220701,SW,21038950,23422.4,6.166111,92.268,1,fair,NA,2022
AIMS,2022-05-21T23:45:00Z,STIC03,STIC,20220419-20220701,SW,21038950,23422.4,6.063889,92.268,1,fair,NA,2022
AIMS,2022-05-22T00:00:00Z,STIC03,STIC,20220419-20220701,SW,21038950,23422.4,5.962222,92.268,1,fair,NA,2022
AIMS,2022-05-22T00:15:00Z,STIC03,STIC,20220419-20220701,SW,21038950,23422.4,5.86,92.268,1,fair,NA,2022
AIMS,2022-05-22T00:30:00Z,STIC03,STIC,20220419-20220701,SW,21038950,23422.4,5.86,92.268,1,fair,NA,2022
AIMS,2022-05-22T00:45:00Z,STIC03,STIC,20220419-20220701,SW,21038950,23422.4,5.757222,92.268,1,fair,NA,2022
AIMS,2022-05-22T01:00:00Z,STIC03,STIC,20220419-20220701,SW,21038950,23422.4,5.757222,92.268,1,fair,NA,2022
AIMS,2022-05-22T01:15:00Z,STIC03,STIC,20220419-20220701,SW,21038950,23422.4,5.655,92.268,1,fair,NA,2022
AIMS,2022-05-22T01:30:00Z,STIC03,STIC,20220419-20220701,SW,21038950,23422.4,5.655,92.268,1,fair,NA,2022
AIMS,2022-05-22T01:45:00Z,STIC03,STIC,20220419-20220701,SW,21038950,23422.4,5.552222,92.268,1,fair,NA,2022
AIMS,2022-05-22T02:00:00Z,STIC03,STIC,20220419-20220701,SW,21038950,24800.2,5.552222,97.88565,1,fair,NA,2022
AIMS,2022-05-22T02:15:00Z,STIC03,STIC,20220419-20220701,SW,21038950,23422.4,5.45,92.268,1,fair,NA,2022
AIMS,2022-05-22T02:30:00Z,STIC03,STIC,20220419-20220701,SW,21038950,23422.4,5.347222,92.268,1,fair,NA,2022
AIMS,2022-05-22T02:45:00Z,STIC03,STIC,20220419-20220701,SW,21038950,23422.4,5.243889,92.268,1,fair,NA,2022
AIMS,2022-05-22T03:00:00Z,STIC03,STIC,20220419-20220701,SW,21038950,23422.4,5.243889,92.268,1,fair,NA,2022
AIMS,2022-05-22T03:15:00Z,STIC03,STIC,20220419-20220701,SW,21038950,23422.4,5.141111,92.268,1,fair,NA,2022
AIMS,2022-05-22T03:30:00Z,STIC03,STIC,20220419-20220701,SW,21038950,23422.4,5.037222,92.268,1,fair,NA,2022
AIMS,2022-05-22T03:45:00Z,STIC03,STIC,20220419-20220701,SW,21038950,23422.4,5.037222,92.268,1,fair,NA,2022
AIMS,2022-05-22T04:00:00Z,STIC03,STIC,20220419-20220701,SW,21038950,23422.4,4.933889,92.268,1,fair,NA,2022
AIMS,2022-05-22T04:15:00Z,STIC03,STIC,20220419-20220701,SW,21038950,23422.4,4.933889,92.268,1,fair,NA,2022
AIMS,2022-05-22T04:30:00Z,STIC03,STIC,20220419-20220701,SW,21038950,22044.6,4.831111,86.65036,1,fair,NA,2022
AIMS,2022-05-22T04:45:00Z,STIC03,STIC,20220419-20220701,SW,21038950,22044.6,4.831111,86.65036,1,fair,NA,2022
AIMS,2022-05-22T05:00:00Z,STIC03,STIC,20220419-20220701,SW,21038950,22044.6,4.727222,86.65036,1,fair,NA,2022
AIMS,2022-05-22T05:15:00Z,STIC03,STIC,20220419-20220701,SW,21038950,22044.6,4.727222,86.65036,1,fair,NA,2022
AIMS,2022-05-22T05:30:00Z,STIC03,STIC,20220419-20220701,SW,21038950,22044.6,4.622778,86.65036,1,fair,NA,2022
AIMS,2022-05-22T05:45:00Z,STIC03,STIC,20220419-20220701,SW,21038950,22044.6,4.622778,86.65036,1,fair,NA,2022
AIMS,2022-05-22T06:00:00Z,STIC03,STIC,20220419-20220701,SW,21038950,22044.6,4.518889,86.65036,1,fair,NA,2022
AIMS,2022-05-22T06:15:00Z,STIC03,STIC,20220419-20220701,SW,21038950,22044.6,4.518889,86.65036,1,fair,NA,2022
AIMS,2022-05-22T06:30:00Z,STIC03,STIC,20220419-20220701,SW,21038950,22044.6,4.518889,86.65036,1,fair,NA,2022
AIMS,2022-05-22T06:45:00Z,STIC03,STIC,20220419-20220701,SW,21038950,22044.6,4.518889,86.65036,1,fair,NA,2022
AIMS,2022-05-22T07:00:00Z,STIC03,STIC,20220419-20220701,SW,21038950,22044.6,4.415,86.65036,1,fair,NA,2022
AIMS,2022-05-22T07:15:00Z,STIC03,STIC,20220419-20220701,SW,21038950,22044.6,4.518889,86.65036,1,fair,NA,2022
AIMS,2022-05-22T07:30:00Z,STIC03,STIC,20220419-20220701,SW,21038950,22044.6,4.518889,86.65036,1,fair,NA,2022
AIMS,2022-05-22T07:45:00Z,STIC03,STIC,20220419-20220701,SW,21038950,22044.6,4.518889,86.65036,1,fair,NA,2022
AIMS,2022-05-22T08:00:00Z,STIC03,STIC,20220419-20220701,SW,21038950,22044.6,4.518889,86.65036,1,fair,NA,2022
AIMS,2022-05-22T08:15:00Z,STIC03,STIC,20220419-20220701,SW,21038950,22044.6,4.622778,86.65036,1,fair,NA,2022
AIMS,2022-05-22T08:30:00Z,STIC03,STIC,20220419-20220701,SW,21038950,22044.6,4.727222,86.65036,1,fair,NA,2022
AIMS,2022-05-22T08:45:00Z,STIC03,STIC,20220419-20220701,SW,21038950,22044.6,4.933889,86.65036,1,fair,NA,2022
AIMS,2022-05-22T09:00:00Z,STIC03,STIC,20220419-20220701,SW,21038950,23422.4,5.037222,92.268,1,fair,NA,2022
AIMS,2022-05-22T09:15:00Z,STIC03,STIC,20220419-20220701,SW,21038950,23422.4,5.141111,92.268,1,fair,NA,2022
AIMS,2022-05-22T09:30:00Z,STIC03,STIC,20220419-20220701,SW,21038950,23422.4,5.347222,92.268,1,fair,NA,2022
AIMS,2022-05-22T09:45:00Z,STIC03,STIC,20220419-20220701,SW,21038950,23422.4,5.552222,92.268,1,fair,NA,2022
AIMS,2022-05-22T10:00:00Z,STIC03,STIC,20220419-20220701,SW,21038950,23422.4,5.757222,92.268,1,fair,NA,2022
AIMS,2022-05-22T10:15:00Z,STIC03,STIC,20220419-20220701,SW,21038950,23422.4,5.86,92.268,1,fair,NA,2022
AIMS,2022-05-22T10:30:00Z,STIC03,STIC,20220419-20220701,SW,21038950,23422.4,6.166111,92.268,1,fair,NA,2022
AIMS,2022-05-22T10:45:00Z,STIC03,STIC,20220419-20220701,SW,21038950,23422.4,6.267778,92.268,1,fair,NA,2022
AIMS,2022-05-22T11:00:00Z,STIC03,STIC,20220419-20220701,SW,21038950,23422.4,6.267778,92.268,1,fair,NA,2022
AIMS,2022-05-22T11:15:00Z,STIC03,STIC,20220419-20220701,SW,21038950,23422.4,6.572778,92.268,1,fair,NA,2022
AIMS,2022-05-22T11:30:00Z,STIC03,STIC,20220419-20220701,SW,21038950,24800.2,6.775,97.88565,1,fair,NA,2022
AIMS,2022-05-22T11:45:00Z,STIC03,STIC,20220419-20220701,SW,21038950,24800.2,6.977778,97.88565,1,fair,NA,2022
AIMS,2022-05-22T12:00:00Z,STIC03,STIC,20220419-20220701,SW,21038950,24800.2,7.178889,97.88565,1,fair,NA,2022
AIMS,2022-05-22T12:15:00Z,STIC03,STIC,20220419-20220701,SW,21038950,24800.2,7.28,97.88565,1,fair,NA,2022
AIMS,2022-05-22T12:30:00Z,STIC03,STIC,20220419-20220701,SW,21038950,24800.2,7.28,97.88565,1,fair,NA,2022
AIMS,2022-05-22T12:45:00Z,STIC03,STIC,20220419-20220701,SW,21038950,24800.2,7.381111,97.88565,1,fair,NA,2022
AIMS,2022-05-22T13:00:00Z,STIC03,STIC,20220419-20220701,SW,21038950,24800.2,7.481111,97.88565,1,fair,NA,2022
AIMS,2022-05-22T13:15:00Z,STIC03,STIC,20220419-20220701,SW,21038950,24800.2,7.481111,97.88565,1,fair,NA,2022
AIMS,2022-05-22T13:30:00Z,STIC03,STIC,20220419-20220701,SW,21038950,24800.2,7.481111,97.88565,1,fair,NA,2022
AIMS,2022-05-22T13:45:00Z,STIC03,STIC,20220419-20220701,SW,21038950,24800.2,7.481111,97.88565,1,fair,NA,2022
AIMS,2022-05-22T14:00:00Z,STIC03,STIC,20220419-20220701,SW,21038950,24800.2,7.481111,97.88565,1,fair,NA,2022
AIMS,2022-05-22T14:15:00Z,STIC03,STIC,20220419-20220701,SW,21038950,24800.2,7.582222,97.88565,1,fair,NA,2022
AIMS,2022-05-22T14:30:00Z,STIC03,STIC,20220419-20220701,SW,21038950,24800.2,7.682222,97.88565,1,fair,NA,2022
AIMS,2022-05-22T14:45:00Z,STIC03,STIC,20220419-20220701,SW,21038950,24800.2,7.682222,97.88565,1,fair,NA,2022
AIMS,2022-05-22T15:00:00Z,STIC03,STIC,20220419-20220701,SW,21038950,23422.4,7.782222,92.268,1,fair,NA,2022
AIMS,2022-05-22T15:15:00Z,STIC03,STIC,20220419-20220701,SW,21038950,24800.2,7.982778,97.88565,1,fair,NA,2022
AIMS,2022-05-22T15:30:00Z,STIC03,STIC,20220419-20220701,SW,21038950,24800.2,8.082222,97.88565,1,fair,NA,2022
AIMS,2022-05-22T15:45:00Z,STIC03,STIC,20220419-20220701,SW,21038950,24800.2,8.082222,97.88565,1,fair,NA,2022
AIMS,2022-05-22T16:00:00Z,STIC03,STIC,20220419-20220701,SW,21038950,24800.2,8.082222,97.88565,1,fair,NA,2022
AIMS,2022-05-22T16:15:00Z,STIC03,STIC,20220419-20220701,SW,21038950,24800.2,7.982778,97.88565,1,fair,NA,2022
AIMS,2022-05-22T16:30:00Z,STIC03,STIC,20220419-20220701,SW,21038950,24800.2,7.882222,97.88565,1,fair,NA,2022
AIMS,2022-05-22T16:45:00Z,STIC03,STIC,20220419-20220701,SW,21038950,24800.2,7.782222,97.88565,1,fair,NA,2022
AIMS,2022-05-22T17:00:00Z,STIC03,STIC,20220419-20220701,SW,21038950,24800.2,7.782222,97.88565,1,fair,NA,2022
AIMS,2022-05-22T17:15:00Z,STIC03,STIC,20220419-20220701,SW,21038950,24800.2,7.682222,97.88565,1,fair,NA,2022
AIMS,2022-05-22T17:30:00Z,STIC03,STIC,20220419-20220701,SW,21038950,24800.2,7.682222,97.88565,1,fair,NA,2022
AIMS,2022-05-22T17:45:00Z,STIC03,STIC,20220419-20220701,SW,21038950,24800.2,7.682222,97.88565,1,fair,NA,2022
AIMS,2022-05-22T18:00:00Z,STIC03,STIC,20220419-20220701,SW,21038950,24800.2,7.582222,97.88565,1,fair,NA,2022
AIMS,2022-05-22T18:15:00Z,STIC03,STIC,20220419-20220701,SW,21038950,24800.2,7.481111,97.88565,1,fair,NA,2022
AIMS,2022-05-22T18:30:00Z,STIC03,STIC,20220419-20220701,SW,21038950,24800.2,7.381111,97.88565,1,fair,NA,2022
AIMS,2022-05-22T18:45:00Z,STIC03,STIC,20220419-20220701,SW,21038950,24800.2,7.28,97.88565,1,fair,NA,2022
AIMS,2022-05-22T19:00:00Z,STIC03,STIC,20220419-20220701,SW,21038950,24800.2,7.178889,97.88565,1,fair,NA,2022
AIMS,2022-05-22T19:15:00Z,STIC03,STIC,20220419-20220701,SW,21038950,24800.2,7.078889,97.88565,1,fair,NA,2022
AIMS,2022-05-22T19:30:00Z,STIC03,STIC,20220419-20220701,SW,21038950,24800.2,6.977778,97.88565,1,fair,NA,2022
AIMS,2022-05-22T19:45:00Z,STIC03,STIC,20220419-20220701,SW,21038950,24800.2,6.977778,97.88565,1,fair,NA,2022
AIMS,2022-05-22T20:00:00Z,STIC03,STIC,20220419-20220701,SW,21038950,24800.2,6.877222,97.88565,1,fair,NA,2022
AIMS,2022-05-22T20:15:00Z,STIC03,STIC,20220419-20220701,SW,21038950,24800.2,6.775,97.88565,1,fair,NA,2022
AIMS,2022-05-22T20:30:00Z,STIC03,STIC,20220419-20220701,SW,21038950,24800.2,6.673889,97.88565,1,fair,NA,2022
AIMS,2022-05-22T20:45:00Z,STIC03,STIC,20220419-20220701,SW,21038950,24800.2,6.471111,97.88565,1,fair,NA,2022
AIMS,2022-05-22T21:00:00Z,STIC03,STIC,20220419-20220701,SW,21038950,24800.2,6.37,97.88565,1,fair,NA,2022
AIMS,2022-05-22T21:15:00Z,STIC03,STIC,20220419-20220701,SW,21038950,24800.2,6.267778,97.88565,1,fair,NA,2022
AIMS,2022-05-22T21:30:00Z,STIC03,STIC,20220419-20220701,SW,21038950,23422.4,6.166111,92.268,1,fair,NA,2022
AIMS,2022-05-22T21:45:00Z,STIC03,STIC,20220419-20220701,SW,21038950,23422.4,6.063889,92.268,1,fair,NA,2022
AIMS,2022-05-22T22:00:00Z,STIC03,STIC,20220419-20220701,SW,21038950,23422.4,5.86,92.268,1,fair,NA,2022
AIMS,2022-05-22T22:15:00Z,STIC03,STIC,20220419-20220701,SW,21038950,23422.4,5.86,92.268,1,fair,NA,2022
AIMS,2022-05-22T22:30:00Z,STIC03,STIC,20220419-20220701,SW,21038950,23422.4,5.757222,92.268,1,fair,NA,2022
AIMS,2022-05-22T22:45:00Z,STIC03,STIC,20220419-20220701,SW,21038950,23422.4,5.655,92.268,1,fair,NA,2022
AIMS,2022-05-22T23:00:00Z,STIC03,STIC,20220419-20220701,SW,21038950,23422.4,5.552222,92.268,1,fair,NA,2022
AIMS,2022-05-22T23:15:00Z,STIC03,STIC,20220419-20220701,SW,21038950,23422.4,5.45,92.268,1,fair,NA,2022
AIMS,2022-05-22T23:30:00Z,STIC03,STIC,20220419-20220701,SW,21038950,23422.4,5.347222,92.268,1,fair,NA,2022
AIMS,2022-05-22T23:45:00Z,STIC03,STIC,20220419-20220701,SW,21038950,23422.4,5.347222,92.268,1,fair,NA,2022
AIMS,2022-05-23T00:00:00Z,STIC03,STIC,20220419-20220701,SW,21038950,23422.4,5.243889,92.268,1,fair,NA,2022
AIMS,2022-05-23T00:15:00Z,STIC03,STIC,20220419-20220701,SW,21038950,23422.4,5.141111,92.268,1,fair,NA,2022
AIMS,2022-05-23T00:30:00Z,STIC03,STIC,20220419-20220701,SW,21038950,23422.4,5.037222,92.268,1,fair,NA,2022
AIMS,2022-05-23T00:45:00Z,STIC03,STIC,20220419-20220701,SW,21038950,23422.4,5.037222,92.268,1,fair,NA,2022
AIMS,2022-05-23T01:00:00Z,STIC03,STIC,20220419-20220701,SW,21038950,23422.4,4.933889,92.268,1,fair,NA,2022
AIMS,2022-05-23T01:15:00Z,STIC03,STIC,20220419-20220701,SW,21038950,23422.4,4.933889,92.268,1,fair,NA,2022
AIMS,2022-05-23T01:30:00Z,STIC03,STIC,20220419-20220701,SW,21038950,23422.4,4.831111,92.268,1,fair,NA,2022
AIMS,2022-05-23T01:45:00Z,STIC03,STIC,20220419-20220701,SW,21038950,23422.4,4.831111,92.268,1,fair,NA,2022
AIMS,2022-05-23T02:00:00Z,STIC03,STIC,20220419-20220701,SW,21038950,23422.4,4.727222,92.268,1,fair,NA,2022
AIMS,2022-05-23T02:15:00Z,STIC03,STIC,20220419-20220701,SW,21038950,23422.4,4.727222,92.268,1,fair,NA,2022
AIMS,2022-05-23T02:30:00Z,STIC03,STIC,20220419-20220701,SW,21038950,23422.4,4.727222,92.268,1,fair,NA,2022
AIMS,2022-05-23T02:45:00Z,STIC03,STIC,20220419-20220701,SW,21038950,23422.4,4.622778,92.268,1,fair,NA,2022
AIMS,2022-05-23T03:00:00Z,STIC03,STIC,20220419-20220701,SW,21038950,23422.4,4.622778,92.268,1,fair,NA,2022
AIMS,2022-05-23T03:15:00Z,STIC03,STIC,20220419-20220701,SW,21038950,23422.4,4.622778,92.268,1,fair,NA,2022
AIMS,2022-05-23T03:30:00Z,STIC03,STIC,20220419-20220701,SW,21038950,23422.4,4.518889,92.268,1,fair,NA,2022
AIMS,2022-05-23T03:45:00Z,STIC03,STIC,20220419-20220701,SW,21038950,22044.6,4.518889,86.65036,1,fair,NA,2022
AIMS,2022-05-23T04:00:00Z,STIC03,STIC,20220419-20220701,SW,21038950,22044.6,4.415,86.65036,1,fair,NA,2022
AIMS,2022-05-23T04:15:00Z,STIC03,STIC,20220419-20220701,SW,21038950,22044.6,4.415,86.65036,1,fair,NA,2022
AIMS,2022-05-23T04:30:00Z,STIC03,STIC,20220419-20220701,SW,21038950,22044.6,4.415,86.65036,1,fair,NA,2022
AIMS,2022-05-23T04:45:00Z,STIC03,STIC,20220419-20220701,SW,21038950,22044.6,4.311111,86.65036,1,fair,NA,2022
AIMS,2022-05-23T05:00:00Z,STIC03,STIC,20220419-20220701,SW,21038950,22044.6,4.311111,86.65036,1,fair,NA,2022
AIMS,2022-05-23T05:15:00Z,STIC03,STIC,20220419-20220701,SW,21038950,22044.6,4.311111,86.65036,1,fair,NA,2022
AIMS,2022-05-23T05:30:00Z,STIC03,STIC,20220419-20220701,SW,21038950,22044.6,4.311111,86.65036,1,fair,NA,2022
AIMS,2022-05-23T05:45:00Z,STIC03,STIC,20220419-20220701,SW,21038950,22044.6,4.207222,86.65036,1,fair,NA,2022
AIMS,2022-05-23T06:00:00Z,STIC03,STIC,20220419-20220701,SW,21038950,22044.6,4.207222,86.65036,1,fair,NA,2022
AIMS,2022-05-23T06:15:00Z,STIC03,STIC,20220419-20220701,SW,21038950,22044.6,4.102222,86.65036,1,fair,NA,2022
AIMS,2022-05-23T06:30:00Z,STIC03,STIC,20220419-20220701,SW,21038950,22044.6,4.102222,86.65036,1,fair,NA,2022
AIMS,2022-05-23T06:45:00Z,STIC03,STIC,20220419-20220701,SW,21038950,22044.6,4.102222,86.65036,1,fair,NA,2022
AIMS,2022-05-23T07:00:00Z,STIC03,STIC,20220419-20220701,SW,21038950,22044.6,4.102222,86.65036,1,fair,NA,2022
AIMS,2022-05-23T07:15:00Z,STIC03,STIC,20220419-20220701,SW,21038950,22044.6,4.102222,86.65036,1,fair,NA,2022
AIMS,2022-05-23T07:30:00Z,STIC03,STIC,20220419-20220701,SW,21038950,22044.6,4.102222,86.65036,1,fair,NA,2022
AIMS,2022-05-23T07:45:00Z,STIC03,STIC,20220419-20220701,SW,21038950,22044.6,4.207222,86.65036,1,fair,NA,2022
AIMS,2022-05-23T08:00:00Z,STIC03,STIC,20220419-20220701,SW,21038950,22044.6,4.207222,86.65036,1,fair,NA,2022
AIMS,2022-05-23T08:15:00Z,STIC03,STIC,20220419-20220701,SW,21038950,22044.6,4.311111,86.65036,1,fair,NA,2022
AIMS,2022-05-23T08:30:00Z,STIC03,STIC,20220419-20220701,SW,21038950,22044.6,4.415,86.65036,1,fair,NA,2022
AIMS,2022-05-23T08:45:00Z,STIC03,STIC,20220419-20220701,SW,21038950,22044.6,4.518889,86.65036,1,fair,NA,2022
AIMS,2022-05-23T09:00:00Z,STIC03,STIC,20220419-20220701,SW,21038950,22044.6,4.622778,86.65036,1,fair,NA,2022
AIMS,2022-05-23T09:15:00Z,STIC03,STIC,20220419-20220701,SW,21038950,23422.4,4.727222,92.268,1,fair,NA,2022
AIMS,2022-05-23T09:30:00Z,STIC03,STIC,20220419-20220701,SW,21038950,23422.4,4.933889,92.268,1,fair,NA,2022
AIMS,2022-05-23T09:45:00Z,STIC03,STIC,20220419-20220701,SW,21038950,23422.4,5.141111,92.268,1,fair,NA,2022
AIMS,2022-05-23T10:00:00Z,STIC03,STIC,20220419-20220701,SW,21038950,23422.4,5.347222,92.268,1,fair,NA,2022
AIMS,2022-05-23T10:15:00Z,STIC03,STIC,20220419-20220701,SW,21038950,23422.4,5.552222,92.268,1,fair,NA,2022
AIMS,2022-05-23T10:30:00Z,STIC03,STIC,20220419-20220701,SW,21038950,23422.4,5.757222,92.268,1,fair,NA,2022
AIMS,2022-05-23T10:45:00Z,STIC03,STIC,20220419-20220701,SW,21038950,23422.4,6.063889,92.268,1,fair,NA,2022
AIMS,2022-05-23T11:00:00Z,STIC03,STIC,20220419-20220701,SW,21038950,24800.2,6.37,97.88565,1,fair,NA,2022
AIMS,2022-05-23T11:15:00Z,STIC03,STIC,20220419-20220701,SW,21038950,24800.2,6.673889,97.88565,1,fair,NA,2022
AIMS,2022-05-23T11:30:00Z,STIC03,STIC,20220419-20220701,SW,21038950,24800.2,6.877222,97.88565,1,fair,NA,2022
AIMS,2022-05-23T11:45:00Z,STIC03,STIC,20220419-20220701,SW,21038950,24800.2,7.28,97.88565,1,fair,NA,2022
AIMS,2022-05-23T12:00:00Z,STIC03,STIC,20220419-20220701,SW,21038950,24800.2,7.582222,97.88565,1,fair,NA,2022
AIMS,2022-05-23T12:15:00Z,STIC03,STIC,20220419-20220701,SW,21038950,24800.2,7.882222,97.88565,1,fair,NA,2022
AIMS,2022-05-23T12:30:00Z,STIC03,STIC,20220419-20220701,SW,21038950,24800.2,8.082222,97.88565,1,fair,NA,2022
AIMS,2022-05-23T12:45:00Z,STIC03,STIC,20220419-20220701,SW,21038950,24800.2,8.082222,97.88565,1,fair,NA,2022
AIMS,2022-05-23T13:00:00Z,STIC03,STIC,20220419-20220701,SW,21038950,24800.2,8.082222,97.88565,1,fair,NA,2022
AIMS,2022-05-23T13:15:00Z,STIC03,STIC,20220419-20220701,SW,21038950,24800.2,8.282222,97.88565,1,fair,NA,2022
AIMS,2022-05-23T13:30:00Z,STIC03,STIC,20220419-20220701,SW,21038950,24800.2,8.581111,97.88565,1,fair,NA,2022
AIMS,2022-05-23T13:45:00Z,STIC03,STIC,20220419-20220701,SW,21038950,26178,8.878889,103.5033,1,fair,NA,2022
AIMS,2022-05-23T14:00:00Z,STIC03,STIC,20220419-20220701,SW,21038950,26178,9.077222,103.5033,1,fair,NA,2022
AIMS,2022-05-23T14:15:00Z,STIC03,STIC,20220419-20220701,SW,21038950,26178,9.275,103.5033,1,fair,NA,2022
AIMS,2022-05-23T14:30:00Z,STIC03,STIC,20220419-20220701,SW,21038950,26178,9.472222,103.5033,1,fair,NA,2022
AIMS,2022-05-23T14:45:00Z,STIC03,STIC,20220419-20220701,SW,21038950,26178,9.668889,103.5033,1,fair,NA,2022
AIMS,2022-05-23T15:00:00Z,STIC03,STIC,20220419-20220701,SW,21038950,26178,9.866111,103.5033,1,fair,NA,2022
AIMS,2022-05-23T15:15:00Z,STIC03,STIC,20220419-20220701,SW,21038950,26178,9.965,103.5033,1,fair,NA,2022
AIMS,2022-05-23T15:30:00Z,STIC03,STIC,20220419-20220701,SW,21038950,26178,10.06278,103.5033,1,fair,NA,2022
AIMS,2022-05-23T15:45:00Z,STIC03,STIC,20220419-20220701,SW,21038950,24800.2,10.06278,97.88565,1,fair,NA,2022
AIMS,2022-05-23T16:00:00Z,STIC03,STIC,20220419-20220701,SW,21038950,26178,10.16111,103.5033,1,fair,NA,2022
AIMS,2022-05-23T16:15:00Z,STIC03,STIC,20220419-20220701,SW,21038950,26178,10.16111,103.5033,1,fair,NA,2022
AIMS,2022-05-23T16:30:00Z,STIC03,STIC,20220419-20220701,SW,21038950,26178,10.16111,103.5033,1,fair,NA,2022
AIMS,2022-05-23T16:45:00Z,STIC03,STIC,20220419-20220701,SW,21038950,26178,10.25889,103.5033,1,fair,NA,2022
AIMS,2022-05-23T17:00:00Z,STIC03,STIC,20220419-20220701,SW,21038950,26178,10.16111,103.5033,1,fair,NA,2022
AIMS,2022-05-23T17:15:00Z,STIC03,STIC,20220419-20220701,SW,21038950,26178,10.16111,103.5033,1,fair,NA,2022
AIMS,2022-05-23T17:30:00Z,STIC03,STIC,20220419-20220701,SW,21038950,26178,10.06278,103.5033,1,fair,NA,2022
AIMS,2022-05-23T17:45:00Z,STIC03,STIC,20220419-20220701,SW,21038950,26178,10.06278,103.5033,1,fair,NA,2022
AIMS,2022-05-23T18:00:00Z,STIC03,STIC,20220419-20220701,SW,21038950,26178,9.965,103.5033,1,fair,NA,2022
AIMS,2022-05-23T18:15:00Z,STIC03,STIC,20220419-20220701,SW,21038950,26178,9.866111,103.5033,1,fair,NA,2022
AIMS,2022-05-23T18:30:00Z,STIC03,STIC,20220419-20220701,SW,21038950,26178,9.767778,103.5033,1,fair,NA,2022
AIMS,2022-05-23T18:45:00Z,STIC03,STIC,20220419-20220701,SW,21038950,26178,9.668889,103.5033,1,fair,NA,2022
AIMS,2022-05-23T19:00:00Z,STIC03,STIC,20220419-20220701,SW,21038950,26178,9.571111,103.5033,1,fair,NA,2022
AIMS,2022-05-23T19:15:00Z,STIC03,STIC,20220419-20220701,SW,21038950,26178,9.472222,103.5033,1,fair,NA,2022
AIMS,2022-05-23T19:30:00Z,STIC03,STIC,20220419-20220701,SW,21038950,26178,9.472222,103.5033,1,fair,NA,2022
AIMS,2022-05-23T19:45:00Z,STIC03,STIC,20220419-20220701,SW,21038950,26178,9.372778,103.5033,1,fair,NA,2022
AIMS,2022-05-23T20:00:00Z,STIC03,STIC,20220419-20220701,SW,21038950,26178,9.275,103.5033,1,fair,NA,2022
AIMS,2022-05-23T20:15:00Z,STIC03,STIC,20220419-20220701,SW,21038950,26178,9.077222,103.5033,1,fair,NA,2022
AIMS,2022-05-23T20:30:00Z,STIC03,STIC,20220419-20220701,SW,21038950,26178,8.878889,103.5033,1,fair,NA,2022
AIMS,2022-05-23T20:45:00Z,STIC03,STIC,20220419-20220701,SW,21038950,26178,8.778889,103.5033,1,fair,NA,2022
AIMS,2022-05-23T21:00:00Z,STIC03,STIC,20220419-20220701,SW,21038950,26178,8.581111,103.5033,1,fair,NA,2022
AIMS,2022-05-23T21:15:00Z,STIC03,STIC,20220419-20220701,SW,21038950,26178,8.382222,103.5033,1,fair,NA,2022
AIMS,2022-05-23T21:30:00Z,STIC03,STIC,20220419-20220701,SW,21038950,26178,8.182222,103.5033,1,fair,NA,2022
AIMS,2022-05-23T21:45:00Z,STIC03,STIC,20220419-20220701,SW,21038950,26178,7.982778,103.5033,1,fair,NA,2022
AIMS,2022-05-23T22:00:00Z,STIC03,STIC,20220419-20220701,SW,21038950,24800.2,7.882222,97.88565,1,fair,NA,2022
AIMS,2022-05-23T22:15:00Z,STIC03,STIC,20220419-20220701,SW,21038950,24800.2,7.682222,97.88565,1,fair,NA,2022
AIMS,2022-05-23T22:30:00Z,STIC03,STIC,20220419-20220701,SW,21038950,24800.2,7.582222,97.88565,1,fair,NA,2022
AIMS,2022-05-23T22:45:00Z,STIC03,STIC,20220419-20220701,SW,21038950,24800.2,7.381111,97.88565,1,fair,NA,2022
AIMS,2022-05-23T23:00:00Z,STIC03,STIC,20220419-20220701,SW,21038950,24800.2,7.28,97.88565,1,fair,NA,2022
AIMS,2022-05-23T23:15:00Z,STIC03,STIC,20220419-20220701,SW,21038950,24800.2,7.178889,97.88565,1,fair,NA,2022
AIMS,2022-05-23T23:30:00Z,STIC03,STIC,20220419-20220701,SW,21038950,24800.2,7.078889,97.88565,1,fair,NA,2022
AIMS,2022-05-23T23:45:00Z,STIC03,STIC,20220419-20220701,SW,21038950,24800.2,6.977778,97.88565,1,fair,NA,2022
AIMS,2022-05-24T00:00:00Z,STIC03,STIC,20220419-20220701,SW,21038950,24800.2,6.977778,97.88565,1,fair,NA,2022
AIMS,2022-05-24T00:15:00Z,STIC03,STIC,20220419-20220701,SW,21038950,24800.2,6.877222,97.88565,1,fair,NA,2022
AIMS,2022-05-24T00:30:00Z,STIC03,STIC,20220419-20220701,SW,21038950,24800.2,6.673889,97.88565,1,fair,NA,2022
AIMS,2022-05-24T00:45:00Z,STIC03,STIC,20220419-20220701,SW,21038950,24800.2,6.572778,97.88565,1,fair,NA,2022
AIMS,2022-05-24T01:00:00Z,STIC03,STIC,20220419-20220701,SW,21038950,24800.2,6.471111,97.88565,1,fair,NA,2022
AIMS,2022-05-24T01:15:00Z,STIC03,STIC,20220419-20220701,SW,21038950,24800.2,6.37,97.88565,1,fair,NA,2022
AIMS,2022-05-24T01:30:00Z,STIC03,STIC,20220419-20220701,SW,21038950,24800.2,6.267778,97.88565,1,fair,NA,2022
AIMS,2022-05-24T01:45:00Z,STIC03,STIC,20220419-20220701,SW,21038950,24800.2,6.166111,97.88565,1,fair,NA,2022
AIMS,2022-05-24T02:00:00Z,STIC03,STIC,20220419-20220701,SW,21038950,24800.2,6.063889,97.88565,1,fair,NA,2022
AIMS,2022-05-24T02:15:00Z,STIC03,STIC,20220419-20220701,SW,21038950,24800.2,5.962222,97.88565,1,fair,NA,2022
AIMS,2022-05-24T02:30:00Z,STIC03,STIC,20220419-20220701,SW,21038950,24800.2,5.86,97.88565,1,fair,NA,2022
AIMS,2022-05-24T02:45:00Z,STIC03,STIC,20220419-20220701,SW,21038950,24800.2,5.757222,97.88565,1,fair,NA,2022
AIMS,2022-05-24T03:00:00Z,STIC03,STIC,20220419-20220701,SW,21038950,23422.4,5.757222,92.268,1,fair,NA,2022
AIMS,2022-05-24T03:15:00Z,STIC03,STIC,20220419-20220701,SW,21038950,23422.4,5.655,92.268,1,fair,NA,2022
AIMS,2022-05-24T03:30:00Z,STIC03,STIC,20220419-20220701,SW,21038950,23422.4,5.552222,92.268,1,fair,NA,2022
AIMS,2022-05-24T03:45:00Z,STIC03,STIC,20220419-20220701,SW,21038950,23422.4,5.45,92.268,1,fair,NA,2022
AIMS,2022-05-24T04:00:00Z,STIC03,STIC,20220419-20220701,SW,21038950,23422.4,5.45,92.268,1,fair,NA,2022
AIMS,2022-05-24T04:15:00Z,STIC03,STIC,20220419-20220701,SW,21038950,23422.4,5.347222,92.268,1,fair,NA,2022
AIMS,2022-05-24T04:30:00Z,STIC03,STIC,20220419-20220701,SW,21038950,23422.4,5.347222,92.268,1,fair,NA,2022
AIMS,2022-05-24T04:45:00Z,STIC03,STIC,20220419-20220701,SW,21038950,23422.4,5.243889,92.268,1,fair,NA,2022
AIMS,2022-05-24T05:00:00Z,STIC03,STIC,20220419-20220701,SW,21038950,23422.4,5.141111,92.268,1,fair,NA,2022
AIMS,2022-05-24T05:15:00Z,STIC03,STIC,20220419-20220701,SW,21038950,23422.4,5.141111,92.268,1,fair,NA,2022
AIMS,2022-05-24T05:30:00Z,STIC03,STIC,20220419-20220701,SW,21038950,23422.4,5.141111,92.268,1,fair,NA,2022
AIMS,2022-05-24T05:45:00Z,STIC03,STIC,20220419-20220701,SW,21038950,23422.4,5.037222,92.268,1,fair,NA,2022
AIMS,2022-05-24T06:00:00Z,STIC03,STIC,20220419-20220701,SW,21038950,23422.4,5.037222,92.268,1,fair,NA,2022
AIMS,2022-05-24T06:15:00Z,STIC03,STIC,20220419-20220701,SW,21038950,23422.4,4.933889,92.268,1,fair,NA,2022
AIMS,2022-05-24T06:30:00Z,STIC03,STIC,20220419-20220701,SW,21038950,23422.4,4.933889,92.268,1,fair,NA,2022
AIMS,2022-05-24T06:45:00Z,STIC03,STIC,20220419-20220701,SW,21038950,19289,4.933889,75.41507,1,fair,NA,2022
AIMS,2022-05-24T07:00:00Z,STIC03,STIC,20220419-20220701,SW,21038950,23422.4,4.933889,92.268,1,fair,NA,2022
AIMS,2022-05-24T07:15:00Z,STIC03,STIC,20220419-20220701,SW,21038950,23422.4,4.831111,92.268,1,fair,NA,2022
AIMS,2022-05-24T07:30:00Z,STIC03,STIC,20220419-20220701,SW,21038950,23422.4,4.933889,92.268,1,fair,NA,2022
AIMS,2022-05-24T07:45:00Z,STIC03,STIC,20220419-20220701,SW,21038950,23422.4,4.933889,92.268,1,fair,NA,2022
AIMS,2022-05-24T08:00:00Z,STIC03,STIC,20220419-20220701,SW,21038950,23422.4,5.037222,92.268,1,fair,NA,2022
AIMS,2022-05-24T08:15:00Z,STIC03,STIC,20220419-20220701,SW,21038950,23422.4,5.141111,92.268,1,fair,NA,2022
AIMS,2022-05-24T08:30:00Z,STIC03,STIC,20220419-20220701,SW,21038950,23422.4,5.243889,92.268,1,fair,NA,2022
AIMS,2022-05-24T08:45:00Z,STIC03,STIC,20220419-20220701,SW,21038950,23422.4,5.45,92.268,1,fair,NA,2022
AIMS,2022-05-24T09:00:00Z,STIC03,STIC,20220419-20220701,SW,21038950,23422.4,5.552222,92.268,1,fair,NA,2022
AIMS,2022-05-24T09:15:00Z,STIC03,STIC,20220419-20220701,SW,21038950,23422.4,5.757222,92.268,1,fair,NA,2022
AIMS,2022-05-24T09:30:00Z,STIC03,STIC,20220419-20220701,SW,21038950,23422.4,5.86,92.268,1,fair,NA,2022
AIMS,2022-05-24T09:45:00Z,STIC03,STIC,20220419-20220701,SW,21038950,24800.2,6.063889,97.88565,1,fair,NA,2022
AIMS,2022-05-24T10:00:00Z,STIC03,STIC,20220419-20220701,SW,21038950,24800.2,6.267778,97.88565,1,fair,NA,2022
AIMS,2022-05-24T10:15:00Z,STIC03,STIC,20220419-20220701,SW,21038950,24800.2,6.471111,97.88565,1,fair,NA,2022
AIMS,2022-05-24T10:30:00Z,STIC03,STIC,20220419-20220701,SW,21038950,24800.2,6.673889,97.88565,1,fair,NA,2022
AIMS,2022-05-24T10:45:00Z,STIC03,STIC,20220419-20220701,SW,21038950,24800.2,6.877222,97.88565,1,fair,NA,2022
AIMS,2022-05-24T11:00:00Z,STIC03,STIC,20220419-20220701,SW,21038950,24800.2,7.178889,97.88565,1,fair,NA,2022
AIMS,2022-05-24T11:15:00Z,STIC03,STIC,20220419-20220701,SW,21038950,24800.2,7.481111,97.88565,1,fair,NA,2022
AIMS,2022-05-24T11:30:00Z,STIC03,STIC,20220419-20220701,SW,21038950,24800.2,7.782222,97.88565,1,fair,NA,2022
AIMS,2022-05-24T11:45:00Z,STIC03,STIC,20220419-20220701,SW,21038950,24800.2,8.082222,97.88565,1,fair,NA,2022
AIMS,2022-05-24T12:00:00Z,STIC03,STIC,20220419-20220701,SW,21038950,26178,8.382222,103.5033,1,fair,NA,2022
AIMS,2022-05-24T12:15:00Z,STIC03,STIC,20220419-20220701,SW,21038950,26178,8.68,103.5033,1,fair,NA,2022
AIMS,2022-05-24T12:30:00Z,STIC03,STIC,20220419-20220701,SW,21038950,26178,8.977778,103.5033,1,fair,NA,2022
AIMS,2022-05-24T12:45:00Z,STIC03,STIC,20220419-20220701,SW,21038950,26178,9.176111,103.5033,1,fair,NA,2022
AIMS,2022-05-24T13:00:00Z,STIC03,STIC,20220419-20220701,SW,21038950,26178,9.275,103.5033,1,fair,NA,2022
AIMS,2022-05-24T13:15:00Z,STIC03,STIC,20220419-20220701,SW,21038950,26178,9.472222,103.5033,1,fair,NA,2022
AIMS,2022-05-24T13:30:00Z,STIC03,STIC,20220419-20220701,SW,21038950,26178,9.571111,103.5033,1,fair,NA,2022
AIMS,2022-05-24T13:45:00Z,STIC03,STIC,20220419-20220701,SW,21038950,26178,9.866111,103.5033,1,fair,NA,2022
AIMS,2022-05-24T14:00:00Z,STIC03,STIC,20220419-20220701,SW,21038950,26178,9.965,103.5033,1,fair,NA,2022
AIMS,2022-05-24T14:15:00Z,STIC03,STIC,20220419-20220701,SW,21038950,26178,10.16111,103.5033,1,fair,NA,2022
AIMS,2022-05-24T14:30:00Z,STIC03,STIC,20220419-20220701,SW,21038950,26178,10.16111,103.5033,1,fair,NA,2022
AIMS,2022-05-24T14:45:00Z,STIC03,STIC,20220419-20220701,SW,21038950,26178,10.25889,103.5033,1,fair,NA,2022
AIMS,2022-05-24T15:00:00Z,STIC03,STIC,20220419-20220701,SW,21038950,26178,10.35722,103.5033,1,fair,NA,2022
AIMS,2022-05-24T15:15:00Z,STIC03,STIC,20220419-20220701,SW,21038950,26178,10.455,103.5033,1,fair,NA,2022
AIMS,2022-05-24T15:30:00Z,STIC03,STIC,20220419-20220701,SW,21038950,26178,10.55278,103.5033,1,fair,NA,2022
AIMS,2022-05-24T15:45:00Z,STIC03,STIC,20220419-20220701,SW,21038950,26178,10.55278,103.5033,1,fair,NA,2022
AIMS,2022-05-24T16:00:00Z,STIC03,STIC,20220419-20220701,SW,21038950,26178,10.55278,103.5033,1,fair,NA,2022
AIMS,2022-05-24T16:15:00Z,STIC03,STIC,20220419-20220701,SW,21038950,27555.7,10.55278,109.1205,1,fair,NA,2022
AIMS,2022-05-24T16:30:00Z,STIC03,STIC,20220419-20220701,SW,21038950,27555.7,10.65111,109.1205,1,fair,NA,2022
AIMS,2022-05-24T16:45:00Z,STIC03,STIC,20220419-20220701,SW,21038950,27555.7,10.74778,109.1205,1,fair,NA,2022
AIMS,2022-05-24T17:00:00Z,STIC03,STIC,20220419-20220701,SW,21038950,27555.7,10.65111,109.1205,1,fair,NA,2022
AIMS,2022-05-24T17:15:00Z,STIC03,STIC,20220419-20220701,SW,21038950,27555.7,10.65111,109.1205,1,fair,NA,2022
AIMS,2022-05-24T17:30:00Z,STIC03,STIC,20220419-20220701,SW,21038950,27555.7,10.55278,109.1205,1,fair,NA,2022
AIMS,2022-05-24T17:45:00Z,STIC03,STIC,20220419-20220701,SW,21038950,27555.7,10.455,109.1205,1,fair,NA,2022
AIMS,2022-05-24T18:00:00Z,STIC03,STIC,20220419-20220701,SW,21038950,27555.7,10.35722,109.1205,1,fair,NA,2022
AIMS,2022-05-24T18:15:00Z,STIC03,STIC,20220419-20220701,SW,21038950,27555.7,10.25889,109.1205,1,fair,NA,2022
AIMS,2022-05-24T18:30:00Z,STIC03,STIC,20220419-20220701,SW,21038950,26178,10.25889,103.5033,1,fair,NA,2022
AIMS,2022-05-24T18:45:00Z,STIC03,STIC,20220419-20220701,SW,21038950,26178,10.16111,103.5033,1,fair,NA,2022
AIMS,2022-05-24T19:00:00Z,STIC03,STIC,20220419-20220701,SW,21038950,26178,10.06278,103.5033,1,fair,NA,2022
AIMS,2022-05-24T19:15:00Z,STIC03,STIC,20220419-20220701,SW,21038950,26178,10.06278,103.5033,1,fair,NA,2022
AIMS,2022-05-24T19:30:00Z,STIC03,STIC,20220419-20220701,SW,21038950,26178,9.866111,103.5033,1,fair,NA,2022
AIMS,2022-05-24T19:45:00Z,STIC03,STIC,20220419-20220701,SW,21038950,26178,9.767778,103.5033,1,fair,NA,2022
AIMS,2022-05-24T20:00:00Z,STIC03,STIC,20220419-20220701,SW,21038950,26178,9.571111,103.5033,1,fair,NA,2022
AIMS,2022-05-24T20:15:00Z,STIC03,STIC,20220419-20220701,SW,21038950,26178,9.472222,103.5033,1,fair,NA,2022
AIMS,2022-05-24T20:30:00Z,STIC03,STIC,20220419-20220701,SW,21038950,26178,9.372778,103.5033,1,fair,NA,2022
AIMS,2022-05-24T20:45:00Z,STIC03,STIC,20220419-20220701,SW,21038950,26178,9.176111,103.5033,1,fair,NA,2022
AIMS,2022-05-24T21:00:00Z,STIC03,STIC,20220419-20220701,SW,21038950,26178,8.977778,103.5033,1,fair,NA,2022
AIMS,2022-05-24T21:15:00Z,STIC03,STIC,20220419-20220701,SW,21038950,26178,8.778889,103.5033,1,fair,NA,2022
AIMS,2022-05-24T21:30:00Z,STIC03,STIC,20220419-20220701,SW,21038950,26178,8.68,103.5033,1,fair,NA,2022
AIMS,2022-05-24T21:45:00Z,STIC03,STIC,20220419-20220701,SW,21038950,26178,8.481111,103.5033,1,fair,NA,2022
AIMS,2022-05-24T22:00:00Z,STIC03,STIC,20220419-20220701,SW,21038950,26178,8.282222,103.5033,1,fair,NA,2022
AIMS,2022-05-24T22:15:00Z,STIC03,STIC,20220419-20220701,SW,21038950,26178,8.182222,103.5033,1,fair,NA,2022
AIMS,2022-05-24T22:30:00Z,STIC03,STIC,20220419-20220701,SW,21038950,26178,7.982778,103.5033,1,fair,NA,2022
AIMS,2022-05-24T22:45:00Z,STIC03,STIC,20220419-20220701,SW,21038950,26178,7.782222,103.5033,1,fair,NA,2022
AIMS,2022-05-24T23:00:00Z,STIC03,STIC,20220419-20220701,SW,21038950,26178,7.682222,103.5033,1,fair,NA,2022
AIMS,2022-05-24T23:15:00Z,STIC03,STIC,20220419-20220701,SW,21038950,26178,7.481111,103.5033,1,fair,NA,2022
AIMS,2022-05-24T23:30:00Z,STIC03,STIC,20220419-20220701,SW,21038950,24800.2,7.381111,97.88565,1,fair,NA,2022
AIMS,2022-05-24T23:45:00Z,STIC03,STIC,20220419-20220701,SW,21038950,24800.2,7.178889,97.88565,1,fair,NA,2022
AIMS,2022-05-25T00:00:00Z,STIC03,STIC,20220419-20220701,SW,21038950,24800.2,7.078889,97.88565,1,fair,NA,2022
AIMS,2022-05-25T00:15:00Z,STIC03,STIC,20220419-20220701,SW,21038950,24800.2,6.977778,97.88565,1,fair,NA,2022
AIMS,2022-05-25T00:30:00Z,STIC03,STIC,20220419-20220701,SW,21038950,24800.2,6.877222,97.88565,1,fair,NA,2022
AIMS,2022-05-25T00:45:00Z,STIC03,STIC,20220419-20220701,SW,21038950,24800.2,6.775,97.88565,1,fair,NA,2022
AIMS,2022-05-25T01:00:00Z,STIC03,STIC,20220419-20220701,SW,21038950,24800.2,6.673889,97.88565,1,fair,NA,2022
AIMS,2022-05-25T01:15:00Z,STIC03,STIC,20220419-20220701,SW,21038950,24800.2,6.572778,97.88565,1,fair,NA,2022
AIMS,2022-05-25T01:30:00Z,STIC03,STIC,20220419-20220701,SW,21038950,24800.2,6.471111,97.88565,1,fair,NA,2022
AIMS,2022-05-25T01:45:00Z,STIC03,STIC,20220419-20220701,SW,21038950,24800.2,6.37,97.88565,1,fair,NA,2022
AIMS,2022-05-25T02:00:00Z,STIC03,STIC,20220419-20220701,SW,21038950,24800.2,6.267778,97.88565,1,fair,NA,2022
AIMS,2022-05-25T02:15:00Z,STIC03,STIC,20220419-20220701,SW,21038950,24800.2,6.166111,97.88565,1,fair,NA,2022
AIMS,2022-05-25T02:30:00Z,STIC03,STIC,20220419-20220701,SW,21038950,24800.2,6.166111,97.88565,1,fair,NA,2022
AIMS,2022-05-25T02:45:00Z,STIC03,STIC,20220419-20220701,SW,21038950,24800.2,6.063889,97.88565,1,fair,NA,2022
AIMS,2022-05-25T03:00:00Z,STIC03,STIC,20220419-20220701,SW,21038950,24800.2,5.962222,97.88565,1,fair,NA,2022
AIMS,2022-05-25T03:15:00Z,STIC03,STIC,20220419-20220701,SW,21038950,24800.2,5.86,97.88565,1,fair,NA,2022
AIMS,2022-05-25T03:30:00Z,STIC03,STIC,20220419-20220701,SW,21038950,24800.2,5.86,97.88565,1,fair,NA,2022
AIMS,2022-05-25T03:45:00Z,STIC03,STIC,20220419-20220701,SW,21038950,24800.2,5.757222,97.88565,1,fair,NA,2022
AIMS,2022-05-25T04:00:00Z,STIC03,STIC,20220419-20220701,SW,21038950,24800.2,5.655,97.88565,1,fair,NA,2022
AIMS,2022-05-25T04:15:00Z,STIC03,STIC,20220419-20220701,SW,21038950,24800.2,5.655,97.88565,1,fair,NA,2022
AIMS,2022-05-25T04:30:00Z,STIC03,STIC,20220419-20220701,SW,21038950,24800.2,5.552222,97.88565,1,fair,NA,2022
AIMS,2022-05-25T04:45:00Z,STIC03,STIC,20220419-20220701,SW,21038950,24800.2,5.552222,97.88565,1,fair,NA,2022
AIMS,2022-05-25T05:00:00Z,STIC03,STIC,20220419-20220701,SW,21038950,24800.2,5.45,97.88565,1,fair,NA,2022
AIMS,2022-05-25T05:15:00Z,STIC03,STIC,20220419-20220701,SW,21038950,24800.2,5.45,97.88565,1,fair,NA,2022
AIMS,2022-05-25T05:30:00Z,STIC03,STIC,20220419-20220701,SW,21038950,24800.2,5.347222,97.88565,1,fair,NA,2022
AIMS,2022-05-25T05:45:00Z,STIC03,STIC,20220419-20220701,SW,21038950,24800.2,5.347222,97.88565,1,fair,NA,2022
AIMS,2022-05-25T06:00:00Z,STIC03,STIC,20220419-20220701,SW,21038950,24800.2,5.347222,97.88565,1,fair,NA,2022
AIMS,2022-05-25T06:15:00Z,STIC03,STIC,20220419-20220701,SW,21038950,23422.4,5.243889,92.268,1,fair,NA,2022
AIMS,2022-05-25T06:30:00Z,STIC03,STIC,20220419-20220701,SW,21038950,23422.4,5.243889,92.268,1,fair,NA,2022
AIMS,2022-05-25T06:45:00Z,STIC03,STIC,20220419-20220701,SW,21038950,23422.4,5.243889,92.268,1,fair,NA,2022
AIMS,2022-05-25T07:00:00Z,STIC03,STIC,20220419-20220701,SW,21038950,23422.4,5.243889,92.268,1,fair,NA,2022
AIMS,2022-05-25T07:15:00Z,STIC03,STIC,20220419-20220701,SW,21038950,23422.4,5.243889,92.268,1,fair,NA,2022
AIMS,2022-05-25T07:30:00Z,STIC03,STIC,20220419-20220701,SW,21038950,23422.4,5.243889,92.268,1,fair,NA,2022
AIMS,2022-05-25T07:45:00Z,STIC03,STIC,20220419-20220701,SW,21038950,24800.2,5.347222,97.88565,1,fair,NA,2022
AIMS,2022-05-25T08:00:00Z,STIC03,STIC,20220419-20220701,SW,21038950,23422.4,5.45,92.268,1,fair,NA,2022
AIMS,2022-05-25T08:15:00Z,STIC03,STIC,20220419-20220701,SW,21038950,24800.2,5.655,97.88565,1,fair,NA,2022
AIMS,2022-05-25T08:30:00Z,STIC03,STIC,20220419-20220701,SW,21038950,24800.2,5.757222,97.88565,1,fair,NA,2022
AIMS,2022-05-25T08:45:00Z,STIC03,STIC,20220419-20220701,SW,21038950,24800.2,5.86,97.88565,1,fair,NA,2022
AIMS,2022-05-25T09:00:00Z,STIC03,STIC,20220419-20220701,SW,21038950,24800.2,5.962222,97.88565,1,fair,NA,2022
AIMS,2022-05-25T09:15:00Z,STIC03,STIC,20220419-20220701,SW,21038950,24800.2,6.166111,97.88565,1,fair,NA,2022
AIMS,2022-05-25T09:30:00Z,STIC03,STIC,20220419-20220701,SW,21038950,24800.2,6.37,97.88565,1,fair,NA,2022
AIMS,2022-05-25T09:45:00Z,STIC03,STIC,20220419-20220701,SW,21038950,24800.2,6.572778,97.88565,1,fair,NA,2022
AIMS,2022-05-25T10:00:00Z,STIC03,STIC,20220419-20220701,SW,21038950,24800.2,6.775,97.88565,1,fair,NA,2022
AIMS,2022-05-25T10:15:00Z,STIC03,STIC,20220419-20220701,SW,21038950,24800.2,6.977778,97.88565,1,fair,NA,2022
AIMS,2022-05-25T10:30:00Z,STIC03,STIC,20220419-20220701,SW,21038950,24800.2,7.28,97.88565,1,fair,NA,2022
AIMS,2022-05-25T10:45:00Z,STIC03,STIC,20220419-20220701,SW,21038950,24800.2,7.481111,97.88565,1,fair,NA,2022
AIMS,2022-05-25T11:00:00Z,STIC03,STIC,20220419-20220701,SW,21038950,24800.2,7.782222,97.88565,1,fair,NA,2022
AIMS,2022-05-25T11:15:00Z,STIC03,STIC,20220419-20220701,SW,21038950,26178,8.082222,103.5033,1,fair,NA,2022
AIMS,2022-05-25T11:30:00Z,STIC03,STIC,20220419-20220701,SW,21038950,26178,8.382222,103.5033,1,fair,NA,2022
AIMS,2022-05-25T11:45:00Z,STIC03,STIC,20220419-20220701,SW,21038950,26178,8.68,103.5033,1,fair,NA,2022
AIMS,2022-05-25T12:00:00Z,STIC03,STIC,20220419-20220701,SW,21038950,26178,9.077222,103.5033,1,fair,NA,2022
AIMS,2022-05-25T12:15:00Z,STIC03,STIC,20220419-20220701,SW,21038950,26178,9.372778,103.5033,1,fair,NA,2022
AIMS,2022-05-25T12:30:00Z,STIC03,STIC,20220419-20220701,SW,21038950,26178,9.668889,103.5033,1,fair,NA,2022
AIMS,2022-05-25T12:45:00Z,STIC03,STIC,20220419-20220701,SW,21038950,26178,10.06278,103.5033,1,fair,NA,2022
AIMS,2022-05-25T13:00:00Z,STIC03,STIC,20220419-20220701,SW,21038950,27555.7,10.35722,109.1205,1,fair,NA,2022
AIMS,2022-05-25T13:15:00Z,STIC03,STIC,20220419-20220701,SW,21038950,27555.7,10.74778,109.1205,1,fair,NA,2022
AIMS,2022-05-25T13:30:00Z,STIC03,STIC,20220419-20220701,SW,21038950,27555.7,11.04111,109.1205,1,fair,NA,2022
AIMS,2022-05-25T13:45:00Z,STIC03,STIC,20220419-20220701,SW,21038950,27555.7,11.33389,109.1205,1,fair,NA,2022
AIMS,2022-05-25T14:00:00Z,STIC03,STIC,20220419-20220701,SW,21038950,27555.7,11.625,109.1205,1,fair,NA,2022
AIMS,2022-05-25T14:15:00Z,STIC03,STIC,20220419-20220701,SW,21038950,28933.5,11.91611,114.7382,1,fair,NA,2022
AIMS,2022-05-25T14:30:00Z,STIC03,STIC,20220419-20220701,SW,21038950,28933.5,12.11,114.7382,1,fair,NA,2022
AIMS,2022-05-25T14:45:00Z,STIC03,STIC,20220419-20220701,SW,21038950,28933.5,12.30389,114.7382,1,fair,NA,2022
AIMS,2022-05-25T15:00:00Z,STIC03,STIC,20220419-20220701,SW,21038950,28933.5,12.49722,114.7382,1,fair,NA,2022
AIMS,2022-05-25T15:15:00Z,STIC03,STIC,20220419-20220701,SW,21038950,28933.5,12.59389,114.7382,1,fair,NA,2022
AIMS,2022-05-25T15:30:00Z,STIC03,STIC,20220419-20220701,SW,21038950,28933.5,12.78722,114.7382,1,fair,NA,2022
AIMS,2022-05-25T15:45:00Z,STIC03,STIC,20220419-20220701,SW,21038950,28933.5,12.98,114.7382,1,fair,NA,2022
AIMS,2022-05-25T16:00:00Z,STIC03,STIC,20220419-20220701,SW,21038950,28933.5,13.07611,114.7382,1,fair,NA,2022
AIMS,2022-05-25T16:15:00Z,STIC03,STIC,20220419-20220701,SW,21038950,28933.5,13.17278,114.7382,1,fair,NA,2022
AIMS,2022-05-25T16:30:00Z,STIC03,STIC,20220419-20220701,SW,21038950,28933.5,13.17278,114.7382,1,fair,NA,2022
AIMS,2022-05-25T16:45:00Z,STIC03,STIC,20220419-20220701,SW,21038950,28933.5,13.17278,114.7382,1,fair,NA,2022
AIMS,2022-05-25T17:00:00Z,STIC03,STIC,20220419-20220701,SW,21038950,28933.5,13.17278,114.7382,1,fair,NA,2022
AIMS,2022-05-25T17:15:00Z,STIC03,STIC,20220419-20220701,SW,21038950,28933.5,13.07611,114.7382,1,fair,NA,2022
AIMS,2022-05-25T17:30:00Z,STIC03,STIC,20220419-20220701,SW,21038950,28933.5,12.98,114.7382,1,fair,NA,2022
AIMS,2022-05-25T17:45:00Z,STIC03,STIC,20220419-20220701,SW,21038950,28933.5,12.88278,114.7382,1,fair,NA,2022
AIMS,2022-05-25T18:00:00Z,STIC03,STIC,20220419-20220701,SW,21038950,28933.5,12.69,114.7382,1,fair,NA,2022
AIMS,2022-05-25T18:15:00Z,STIC03,STIC,20220419-20220701,SW,21038950,28933.5,12.49722,114.7382,1,fair,NA,2022
AIMS,2022-05-25T18:30:00Z,STIC03,STIC,20220419-20220701,SW,21038950,28933.5,12.40111,114.7382,1,fair,NA,2022
AIMS,2022-05-25T18:45:00Z,STIC03,STIC,20220419-20220701,SW,21038950,28933.5,12.20722,114.7382,1,fair,NA,2022
AIMS,2022-05-25T19:00:00Z,STIC03,STIC,20220419-20220701,SW,21038950,28933.5,12.01278,114.7382,1,fair,NA,2022
AIMS,2022-05-25T19:15:00Z,STIC03,STIC,20220419-20220701,SW,21038950,28933.5,11.91611,114.7382,1,fair,NA,2022
AIMS,2022-05-25T19:30:00Z,STIC03,STIC,20220419-20220701,SW,21038950,28933.5,11.72222,114.7382,1,fair,NA,2022
AIMS,2022-05-25T19:45:00Z,STIC03,STIC,20220419-20220701,SW,21038950,28933.5,11.52778,114.7382,1,fair,NA,2022
AIMS,2022-05-25T20:00:00Z,STIC03,STIC,20220419-20220701,SW,21038950,28933.5,11.43111,114.7382,1,fair,NA,2022
AIMS,2022-05-25T20:15:00Z,STIC03,STIC,20220419-20220701,SW,21038950,28933.5,11.23611,114.7382,1,fair,NA,2022
AIMS,2022-05-25T20:30:00Z,STIC03,STIC,20220419-20220701,SW,21038950,28933.5,11.04111,114.7382,1,fair,NA,2022
AIMS,2022-05-25T20:45:00Z,STIC03,STIC,20220419-20220701,SW,21038950,27555.7,10.84611,109.1205,1,fair,NA,2022
AIMS,2022-05-25T21:00:00Z,STIC03,STIC,20220419-20220701,SW,21038950,27555.7,10.65111,109.1205,1,fair,NA,2022
AIMS,2022-05-25T21:15:00Z,STIC03,STIC,20220419-20220701,SW,21038950,27555.7,10.455,109.1205,1,fair,NA,2022
AIMS,2022-05-25T21:30:00Z,STIC03,STIC,20220419-20220701,SW,21038950,27555.7,10.25889,109.1205,1,fair,NA,2022
AIMS,2022-05-25T21:45:00Z,STIC03,STIC,20220419-20220701,SW,21038950,27555.7,10.06278,109.1205,1,fair,NA,2022
AIMS,2022-05-25T22:00:00Z,STIC03,STIC,20220419-20220701,SW,21038950,27555.7,9.866111,109.1205,1,fair,NA,2022
AIMS,2022-05-25T22:15:00Z,STIC03,STIC,20220419-20220701,SW,21038950,27555.7,9.767778,109.1205,1,fair,NA,2022
AIMS,2022-05-25T22:30:00Z,STIC03,STIC,20220419-20220701,SW,21038950,27555.7,9.571111,109.1205,1,fair,NA,2022
AIMS,2022-05-25T22:45:00Z,STIC03,STIC,20220419-20220701,SW,21038950,27555.7,9.372778,109.1205,1,fair,NA,2022
AIMS,2022-05-25T23:00:00Z,STIC03,STIC,20220419-20220701,SW,21038950,27555.7,9.176111,109.1205,1,fair,NA,2022
AIMS,2022-05-25T23:15:00Z,STIC03,STIC,20220419-20220701,SW,21038950,26178,9.077222,103.5033,1,fair,NA,2022
AIMS,2022-05-25T23:30:00Z,STIC03,STIC,20220419-20220701,SW,21038950,26178,8.878889,103.5033,1,fair,NA,2022
AIMS,2022-05-25T23:45:00Z,STIC03,STIC,20220419-20220701,SW,21038950,26178,8.778889,103.5033,1,fair,NA,2022
AIMS,2022-05-26T00:00:00Z,STIC03,STIC,20220419-20220701,SW,21038950,26178,8.68,103.5033,1,fair,NA,2022
AIMS,2022-05-26T00:15:00Z,STIC03,STIC,20220419-20220701,SW,21038950,26178,8.581111,103.5033,1,fair,NA,2022
AIMS,2022-05-26T00:30:00Z,STIC03,STIC,20220419-20220701,SW,21038950,26178,8.481111,103.5033,1,fair,NA,2022
AIMS,2022-05-26T00:45:00Z,STIC03,STIC,20220419-20220701,SW,21038950,26178,8.382222,103.5033,1,fair,NA,2022
AIMS,2022-05-26T01:00:00Z,STIC03,STIC,20220419-20220701,SW,21038950,26178,8.282222,103.5033,1,fair,NA,2022
AIMS,2022-05-26T01:15:00Z,STIC03,STIC,20220419-20220701,SW,21038950,26178,8.182222,103.5033,1,fair,NA,2022
AIMS,2022-05-26T01:30:00Z,STIC03,STIC,20220419-20220701,SW,21038950,26178,8.082222,103.5033,1,fair,NA,2022
AIMS,2022-05-26T01:45:00Z,STIC03,STIC,20220419-20220701,SW,21038950,26178,7.982778,103.5033,1,fair,NA,2022
AIMS,2022-05-26T02:00:00Z,STIC03,STIC,20220419-20220701,SW,21038950,26178,7.982778,103.5033,1,fair,NA,2022
AIMS,2022-05-26T02:15:00Z,STIC03,STIC,20220419-20220701,SW,21038950,26178,7.882222,103.5033,1,fair,NA,2022
AIMS,2022-05-26T02:30:00Z,STIC03,STIC,20220419-20220701,SW,21038950,26178,7.782222,103.5033,1,fair,NA,2022
AIMS,2022-05-26T02:45:00Z,STIC03,STIC,20220419-20220701,SW,21038950,26178,7.682222,103.5033,1,fair,NA,2022
AIMS,2022-05-26T03:00:00Z,STIC03,STIC,20220419-20220701,SW,21038950,26178,7.582222,103.5033,1,fair,NA,2022
AIMS,2022-05-26T03:15:00Z,STIC03,STIC,20220419-20220701,SW,21038950,26178,7.582222,103.5033,1,fair,NA,2022
AIMS,2022-05-26T03:30:00Z,STIC03,STIC,20220419-20220701,SW,21038950,26178,7.481111,103.5033,1,fair,NA,2022
AIMS,2022-05-26T03:45:00Z,STIC03,STIC,20220419-20220701,SW,21038950,26178,7.381111,103.5033,1,fair,NA,2022
AIMS,2022-05-26T04:00:00Z,STIC03,STIC,20220419-20220701,SW,21038950,26178,7.381111,103.5033,1,fair,NA,2022
AIMS,2022-05-26T04:15:00Z,STIC03,STIC,20220419-20220701,SW,21038950,26178,7.28,103.5033,1,fair,NA,2022
AIMS,2022-05-26T04:30:00Z,STIC03,STIC,20220419-20220701,SW,21038950,26178,7.178889,103.5033,1,fair,NA,2022
AIMS,2022-05-26T04:45:00Z,STIC03,STIC,20220419-20220701,SW,21038950,24800.2,7.178889,97.88565,1,fair,NA,2022
AIMS,2022-05-26T05:00:00Z,STIC03,STIC,20220419-20220701,SW,21038950,24800.2,7.078889,97.88565,1,fair,NA,2022
AIMS,2022-05-26T05:15:00Z,STIC03,STIC,20220419-20220701,SW,21038950,24800.2,7.078889,97.88565,1,fair,NA,2022
AIMS,2022-05-26T05:30:00Z,STIC03,STIC,20220419-20220701,SW,21038950,24800.2,6.977778,97.88565,1,fair,NA,2022
AIMS,2022-05-26T05:45:00Z,STIC03,STIC,20220419-20220701,SW,21038950,24800.2,6.977778,97.88565,1,fair,NA,2022
AIMS,2022-05-26T06:00:00Z,STIC03,STIC,20220419-20220701,SW,21038950,24800.2,6.877222,97.88565,1,fair,NA,2022
AIMS,2022-05-26T06:15:00Z,STIC03,STIC,20220419-20220701,SW,21038950,24800.2,6.877222,97.88565,1,fair,NA,2022
AIMS,2022-05-26T06:30:00Z,STIC03,STIC,20220419-20220701,SW,21038950,24800.2,6.775,97.88565,1,fair,NA,2022
AIMS,2022-05-26T06:45:00Z,STIC03,STIC,20220419-20220701,SW,21038950,24800.2,6.775,97.88565,1,fair,NA,2022
AIMS,2022-05-26T07:00:00Z,STIC03,STIC,20220419-20220701,SW,21038950,24800.2,6.775,97.88565,1,fair,NA,2022
AIMS,2022-05-26T07:15:00Z,STIC03,STIC,20220419-20220701,SW,21038950,24800.2,6.775,97.88565,1,fair,NA,2022
AIMS,2022-05-26T07:30:00Z,STIC03,STIC,20220419-20220701,SW,21038950,24800.2,6.775,97.88565,1,fair,NA,2022
AIMS,2022-05-26T07:45:00Z,STIC03,STIC,20220419-20220701,SW,21038950,24800.2,6.877222,97.88565,1,fair,NA,2022
AIMS,2022-05-26T08:00:00Z,STIC03,STIC,20220419-20220701,SW,21038950,24800.2,6.977778,97.88565,1,fair,NA,2022
AIMS,2022-05-26T08:15:00Z,STIC03,STIC,20220419-20220701,SW,21038950,24800.2,6.977778,97.88565,1,fair,NA,2022
AIMS,2022-05-26T08:30:00Z,STIC03,STIC,20220419-20220701,SW,21038950,24800.2,7.078889,97.88565,1,fair,NA,2022
AIMS,2022-05-26T08:45:00Z,STIC03,STIC,20220419-20220701,SW,21038950,24800.2,7.178889,97.88565,1,fair,NA,2022
AIMS,2022-05-26T09:00:00Z,STIC03,STIC,20220419-20220701,SW,21038950,24800.2,7.381111,97.88565,1,fair,NA,2022
AIMS,2022-05-26T09:15:00Z,STIC03,STIC,20220419-20220701,SW,21038950,26178,7.481111,103.5033,1,fair,NA,2022
AIMS,2022-05-26T09:30:00Z,STIC03,STIC,20220419-20220701,SW,21038950,26178,7.682222,103.5033,1,fair,NA,2022
AIMS,2022-05-26T09:45:00Z,STIC03,STIC,20220419-20220701,SW,21038950,26178,7.882222,103.5033,1,fair,NA,2022
AIMS,2022-05-26T10:00:00Z,STIC03,STIC,20220419-20220701,SW,21038950,26178,8.082222,103.5033,1,fair,NA,2022
AIMS,2022-05-26T10:15:00Z,STIC03,STIC,20220419-20220701,SW,21038950,26178,8.282222,103.5033,1,fair,NA,2022
AIMS,2022-05-26T10:30:00Z,STIC03,STIC,20220419-20220701,SW,21038950,26178,8.481111,103.5033,1,fair,NA,2022
AIMS,2022-05-26T10:45:00Z,STIC03,STIC,20220419-20220701,SW,21038950,26178,8.778889,103.5033,1,fair,NA,2022
AIMS,2022-05-26T11:00:00Z,STIC03,STIC,20220419-20220701,SW,21038950,26178,9.077222,103.5033,1,fair,NA,2022
AIMS,2022-05-26T11:15:00Z,STIC03,STIC,20220419-20220701,SW,21038950,26178,9.472222,103.5033,1,fair,NA,2022
AIMS,2022-05-26T11:30:00Z,STIC03,STIC,20220419-20220701,SW,21038950,27555.7,9.767778,109.1205,1,fair,NA,2022
AIMS,2022-05-26T11:45:00Z,STIC03,STIC,20220419-20220701,SW,21038950,27555.7,10.16111,109.1205,1,fair,NA,2022
AIMS,2022-05-26T12:00:00Z,STIC03,STIC,20220419-20220701,SW,21038950,27555.7,10.455,109.1205,1,fair,NA,2022
AIMS,2022-05-26T12:15:00Z,STIC03,STIC,20220419-20220701,SW,21038950,27555.7,10.84611,109.1205,1,fair,NA,2022
AIMS,2022-05-26T12:30:00Z,STIC03,STIC,20220419-20220701,SW,21038950,27555.7,11.13889,109.1205,1,fair,NA,2022
AIMS,2022-05-26T12:45:00Z,STIC03,STIC,20220419-20220701,SW,21038950,28933.5,11.43111,114.7382,1,fair,NA,2022
AIMS,2022-05-26T13:00:00Z,STIC03,STIC,20220419-20220701,SW,21038950,28933.5,11.72222,114.7382,1,fair,NA,2022
AIMS,2022-05-26T13:15:00Z,STIC03,STIC,20220419-20220701,SW,21038950,28933.5,12.01278,114.7382,1,fair,NA,2022
AIMS,2022-05-26T13:30:00Z,STIC03,STIC,20220419-20220701,SW,21038950,28933.5,12.30389,114.7382,1,fair,NA,2022
AIMS,2022-05-26T13:45:00Z,STIC03,STIC,20220419-20220701,SW,21038950,28933.5,12.59389,114.7382,1,fair,NA,2022
AIMS,2022-05-26T14:00:00Z,STIC03,STIC,20220419-20220701,SW,21038950,28933.5,12.98,114.7382,1,fair,NA,2022
AIMS,2022-05-26T14:15:00Z,STIC03,STIC,20220419-20220701,SW,21038950,28933.5,13.26889,114.7382,1,fair,NA,2022
AIMS,2022-05-26T14:30:00Z,STIC03,STIC,20220419-20220701,SW,21038950,28933.5,13.46111,114.7382,1,fair,NA,2022
AIMS,2022-05-26T14:45:00Z,STIC03,STIC,20220419-20220701,SW,21038950,30311.3,13.65389,120.3558,1,fair,NA,2022
AIMS,2022-05-26T15:00:00Z,STIC03,STIC,20220419-20220701,SW,21038950,30311.3,13.84611,120.3558,1,fair,NA,2022
AIMS,2022-05-26T15:15:00Z,STIC03,STIC,20220419-20220701,SW,21038950,30311.3,13.94222,120.3558,1,fair,NA,2022
AIMS,2022-05-26T15:30:00Z,STIC03,STIC,20220419-20220701,SW,21038950,30311.3,14.03778,120.3558,1,fair,NA,2022
AIMS,2022-05-26T15:45:00Z,STIC03,STIC,20220419-20220701,SW,21038950,28933.5,14.23,114.7382,1,fair,NA,2022
AIMS,2022-05-26T16:00:00Z,STIC03,STIC,20220419-20220701,SW,21038950,30311.3,14.325,120.3558,1,fair,NA,2022
AIMS,2022-05-26T16:15:00Z,STIC03,STIC,20220419-20220701,SW,21038950,30311.3,14.42111,120.3558,1,fair,NA,2022
AIMS,2022-05-26T16:30:00Z,STIC03,STIC,20220419-20220701,SW,21038950,30311.3,14.42111,120.3558,1,fair,NA,2022
AIMS,2022-05-26T16:45:00Z,STIC03,STIC,20220419-20220701,SW,21038950,30311.3,14.325,120.3558,1,fair,NA,2022
AIMS,2022-05-26T17:00:00Z,STIC03,STIC,20220419-20220701,SW,21038950,30311.3,14.03778,120.3558,1,fair,NA,2022
AIMS,2022-05-26T17:15:00Z,STIC03,STIC,20220419-20220701,SW,21038950,30311.3,13.84611,120.3558,1,fair,NA,2022
AIMS,2022-05-26T17:30:00Z,STIC03,STIC,20220419-20220701,SW,21038950,30311.3,13.75,120.3558,1,fair,NA,2022
AIMS,2022-05-26T17:45:00Z,STIC03,STIC,20220419-20220701,SW,21038950,30311.3,13.55778,120.3558,1,fair,NA,2022
AIMS,2022-05-26T18:00:00Z,STIC03,STIC,20220419-20220701,SW,21038950,28933.5,13.46111,114.7382,1,fair,NA,2022
AIMS,2022-05-26T18:15:00Z,STIC03,STIC,20220419-20220701,SW,21038950,28933.5,13.26889,114.7382,1,fair,NA,2022
AIMS,2022-05-26T18:30:00Z,STIC03,STIC,20220419-20220701,SW,21038950,28933.5,13.26889,114.7382,1,fair,NA,2022
AIMS,2022-05-26T18:45:00Z,STIC03,STIC,20220419-20220701,SW,21038950,28933.5,13.17278,114.7382,1,fair,NA,2022
AIMS,2022-05-26T19:00:00Z,STIC03,STIC,20220419-20220701,SW,21038950,30311.3,13.07611,120.3558,1,fair,NA,2022
AIMS,2022-05-26T19:15:00Z,STIC03,STIC,20220419-20220701,SW,21038950,28933.5,12.98,114.7382,1,fair,NA,2022
AIMS,2022-05-26T19:30:00Z,STIC03,STIC,20220419-20220701,SW,21038950,28933.5,12.88278,114.7382,1,fair,NA,2022
AIMS,2022-05-26T19:45:00Z,STIC03,STIC,20220419-20220701,SW,21038950,30311.3,12.69,120.3558,1,fair,NA,2022
AIMS,2022-05-26T20:00:00Z,STIC03,STIC,20220419-20220701,SW,21038950,28933.5,12.49722,114.7382,1,fair,NA,2022
AIMS,2022-05-26T20:15:00Z,STIC03,STIC,20220419-20220701,SW,21038950,28933.5,12.30389,114.7382,1,fair,NA,2022
AIMS,2022-05-26T20:30:00Z,STIC03,STIC,20220419-20220701,SW,21038950,28933.5,12.20722,114.7382,1,fair,NA,2022
AIMS,2022-05-26T20:45:00Z,STIC03,STIC,20220419-20220701,SW,21038950,28933.5,12.01278,114.7382,1,fair,NA,2022
AIMS,2022-05-26T21:00:00Z,STIC03,STIC,20220419-20220701,SW,21038950,28933.5,11.91611,114.7382,1,fair,NA,2022
AIMS,2022-05-26T21:15:00Z,STIC03,STIC,20220419-20220701,SW,21038950,28933.5,11.72222,114.7382,1,fair,NA,2022
AIMS,2022-05-26T21:30:00Z,STIC03,STIC,20220419-20220701,SW,21038950,28933.5,11.625,114.7382,1,fair,NA,2022
AIMS,2022-05-26T21:45:00Z,STIC03,STIC,20220419-20220701,SW,21038950,28933.5,11.43111,114.7382,1,fair,NA,2022
AIMS,2022-05-26T22:00:00Z,STIC03,STIC,20220419-20220701,SW,21038950,28933.5,11.33389,114.7382,1,fair,NA,2022
AIMS,2022-05-26T22:15:00Z,STIC03,STIC,20220419-20220701,SW,21038950,28933.5,11.13889,114.7382,1,fair,NA,2022
AIMS,2022-05-26T22:30:00Z,STIC03,STIC,20220419-20220701,SW,21038950,28933.5,11.04111,114.7382,1,fair,NA,2022
AIMS,2022-05-26T22:45:00Z,STIC03,STIC,20220419-20220701,SW,21038950,28933.5,10.84611,114.7382,1,fair,NA,2022
AIMS,2022-05-26T23:00:00Z,STIC03,STIC,20220419-20220701,SW,21038950,28933.5,10.74778,114.7382,1,fair,NA,2022
AIMS,2022-05-26T23:15:00Z,STIC03,STIC,20220419-20220701,SW,21038950,28933.5,10.55278,114.7382,1,fair,NA,2022
AIMS,2022-05-26T23:30:00Z,STIC03,STIC,20220419-20220701,SW,21038950,28933.5,10.455,114.7382,1,fair,NA,2022
AIMS,2022-05-26T23:45:00Z,STIC03,STIC,20220419-20220701,SW,21038950,28933.5,10.35722,114.7382,1,fair,NA,2022
AIMS,2022-05-27T00:00:00Z,STIC03,STIC,20220419-20220701,SW,21038950,27555.7,10.25889,109.1205,1,fair,NA,2022
AIMS,2022-05-27T00:15:00Z,STIC03,STIC,20220419-20220701,SW,21038950,27555.7,10.16111,109.1205,1,fair,NA,2022
AIMS,2022-05-27T00:30:00Z,STIC03,STIC,20220419-20220701,SW,21038950,27555.7,10.06278,109.1205,1,fair,NA,2022
AIMS,2022-05-27T00:45:00Z,STIC03,STIC,20220419-20220701,SW,21038950,27555.7,9.965,109.1205,1,fair,NA,2022
AIMS,2022-05-27T01:00:00Z,STIC03,STIC,20220419-20220701,SW,21038950,27555.7,9.965,109.1205,1,fair,NA,2022
AIMS,2022-05-27T01:15:00Z,STIC03,STIC,20220419-20220701,SW,21038950,27555.7,9.866111,109.1205,1,fair,NA,2022
AIMS,2022-05-27T01:30:00Z,STIC03,STIC,20220419-20220701,SW,21038950,27555.7,9.767778,109.1205,1,fair,NA,2022
AIMS,2022-05-27T01:45:00Z,STIC03,STIC,20220419-20220701,SW,21038950,27555.7,9.767778,109.1205,1,fair,NA,2022
AIMS,2022-05-27T02:00:00Z,STIC03,STIC,20220419-20220701,SW,21038950,27555.7,9.668889,109.1205,1,fair,NA,2022
AIMS,2022-05-27T02:15:00Z,STIC03,STIC,20220419-20220701,SW,21038950,27555.7,9.571111,109.1205,1,fair,NA,2022
AIMS,2022-05-27T02:30:00Z,STIC03,STIC,20220419-20220701,SW,21038950,27555.7,9.472222,109.1205,1,fair,NA,2022
AIMS,2022-05-27T02:45:00Z,STIC03,STIC,20220419-20220701,SW,21038950,27555.7,9.472222,109.1205,1,fair,NA,2022
AIMS,2022-05-27T03:00:00Z,STIC03,STIC,20220419-20220701,SW,21038950,27555.7,9.372778,109.1205,1,fair,NA,2022
AIMS,2022-05-27T03:15:00Z,STIC03,STIC,20220419-20220701,SW,21038950,27555.7,9.372778,109.1205,1,fair,NA,2022
AIMS,2022-05-27T03:30:00Z,STIC03,STIC,20220419-20220701,SW,21038950,27555.7,9.275,109.1205,1,fair,NA,2022
AIMS,2022-05-27T03:45:00Z,STIC03,STIC,20220419-20220701,SW,21038950,27555.7,9.275,109.1205,1,fair,NA,2022
AIMS,2022-05-27T04:00:00Z,STIC03,STIC,20220419-20220701,SW,21038950,27555.7,9.176111,109.1205,1,fair,NA,2022
AIMS,2022-05-27T04:15:00Z,STIC03,STIC,20220419-20220701,SW,21038950,27555.7,9.275,109.1205,1,fair,NA,2022
AIMS,2022-05-27T04:30:00Z,STIC03,STIC,20220419-20220701,SW,21038950,27555.7,9.176111,109.1205,1,fair,NA,2022
AIMS,2022-05-27T04:45:00Z,STIC03,STIC,20220419-20220701,SW,21038950,27555.7,9.176111,109.1205,1,fair,NA,2022
AIMS,2022-05-27T05:00:00Z,STIC03,STIC,20220419-20220701,SW,21038950,27555.7,9.176111,109.1205,1,fair,NA,2022
AIMS,2022-05-27T05:15:00Z,STIC03,STIC,20220419-20220701,SW,21038950,27555.7,9.176111,109.1205,1,fair,NA,2022
AIMS,2022-05-27T05:30:00Z,STIC03,STIC,20220419-20220701,SW,21038950,27555.7,9.176111,109.1205,1,fair,NA,2022
AIMS,2022-05-27T05:45:00Z,STIC03,STIC,20220419-20220701,SW,21038950,27555.7,9.176111,109.1205,1,fair,NA,2022
AIMS,2022-05-27T06:00:00Z,STIC03,STIC,20220419-20220701,SW,21038950,26178,9.176111,103.5033,1,fair,NA,2022
AIMS,2022-05-27T06:15:00Z,STIC03,STIC,20220419-20220701,SW,21038950,27555.7,9.077222,109.1205,1,fair,NA,2022
AIMS,2022-05-27T06:30:00Z,STIC03,STIC,20220419-20220701,SW,21038950,27555.7,9.077222,109.1205,1,fair,NA,2022
AIMS,2022-05-27T06:45:00Z,STIC03,STIC,20220419-20220701,SW,21038950,26178,9.077222,103.5033,1,fair,NA,2022
AIMS,2022-05-27T07:00:00Z,STIC03,STIC,20220419-20220701,SW,21038950,26178,9.077222,103.5033,1,fair,NA,2022
AIMS,2022-05-27T07:15:00Z,STIC03,STIC,20220419-20220701,SW,21038950,26178,8.977778,103.5033,1,fair,NA,2022
AIMS,2022-05-27T07:30:00Z,STIC03,STIC,20220419-20220701,SW,21038950,26178,9.077222,103.5033,1,fair,NA,2022
AIMS,2022-05-27T07:45:00Z,STIC03,STIC,20220419-20220701,SW,21038950,26178,9.077222,103.5033,1,fair,NA,2022
AIMS,2022-05-27T08:00:00Z,STIC03,STIC,20220419-20220701,SW,21038950,26178,9.077222,103.5033,1,fair,NA,2022
AIMS,2022-05-27T08:15:00Z,STIC03,STIC,20220419-20220701,SW,21038950,26178,9.176111,103.5033,1,fair,NA,2022
AIMS,2022-05-27T08:30:00Z,STIC03,STIC,20220419-20220701,SW,21038950,26178,9.176111,103.5033,1,fair,NA,2022
AIMS,2022-05-27T08:45:00Z,STIC03,STIC,20220419-20220701,SW,21038950,26178,9.176111,103.5033,1,fair,NA,2022
AIMS,2022-05-27T09:00:00Z,STIC03,STIC,20220419-20220701,SW,21038950,26178,9.275,103.5033,1,fair,NA,2022
AIMS,2022-05-27T09:15:00Z,STIC03,STIC,20220419-20220701,SW,21038950,27555.7,9.372778,109.1205,1,fair,NA,2022
AIMS,2022-05-27T09:30:00Z,STIC03,STIC,20220419-20220701,SW,21038950,27555.7,9.472222,109.1205,1,fair,NA,2022
AIMS,2022-05-27T09:45:00Z,STIC03,STIC,20220419-20220701,SW,21038950,27555.7,9.571111,109.1205,1,fair,NA,2022
AIMS,2022-05-27T10:00:00Z,STIC03,STIC,20220419-20220701,SW,21038950,27555.7,9.668889,109.1205,1,fair,NA,2022
AIMS,2022-05-27T10:15:00Z,STIC03,STIC,20220419-20220701,SW,21038950,27555.7,9.866111,109.1205,1,fair,NA,2022
AIMS,2022-05-27T10:30:00Z,STIC03,STIC,20220419-20220701,SW,21038950,27555.7,9.965,109.1205,1,fair,NA,2022
AIMS,2022-05-27T10:45:00Z,STIC03,STIC,20220419-20220701,SW,21038950,27555.7,10.16111,109.1205,1,fair,NA,2022
AIMS,2022-05-27T11:00:00Z,STIC03,STIC,20220419-20220701,SW,21038950,27555.7,10.35722,109.1205,1,fair,NA,2022
AIMS,2022-05-27T11:15:00Z,STIC03,STIC,20220419-20220701,SW,21038950,27555.7,10.65111,109.1205,1,fair,NA,2022
AIMS,2022-05-27T11:30:00Z,STIC03,STIC,20220419-20220701,SW,21038950,27555.7,10.84611,109.1205,1,fair,NA,2022
AIMS,2022-05-27T11:45:00Z,STIC03,STIC,20220419-20220701,SW,21038950,27555.7,11.13889,109.1205,1,fair,NA,2022
AIMS,2022-05-27T12:00:00Z,STIC03,STIC,20220419-20220701,SW,21038950,28933.5,11.33389,114.7382,1,fair,NA,2022
AIMS,2022-05-27T12:15:00Z,STIC03,STIC,20220419-20220701,SW,21038950,28933.5,11.625,114.7382,1,fair,NA,2022
AIMS,2022-05-27T12:30:00Z,STIC03,STIC,20220419-20220701,SW,21038950,28933.5,11.91611,114.7382,1,fair,NA,2022
AIMS,2022-05-27T12:45:00Z,STIC03,STIC,20220419-20220701,SW,21038950,28933.5,12.11,114.7382,1,fair,NA,2022
AIMS,2022-05-27T13:00:00Z,STIC03,STIC,20220419-20220701,SW,21038950,28933.5,12.20722,114.7382,1,fair,NA,2022
AIMS,2022-05-27T13:15:00Z,STIC03,STIC,20220419-20220701,SW,21038950,28933.5,12.49722,114.7382,1,fair,NA,2022
AIMS,2022-05-27T13:30:00Z,STIC03,STIC,20220419-20220701,SW,21038950,28933.5,12.69,114.7382,1,fair,NA,2022
AIMS,2022-05-27T13:45:00Z,STIC03,STIC,20220419-20220701,SW,21038950,28933.5,12.98,114.7382,1,fair,NA,2022
AIMS,2022-05-27T14:00:00Z,STIC03,STIC,20220419-20220701,SW,21038950,28933.5,13.26889,114.7382,1,fair,NA,2022
AIMS,2022-05-27T14:15:00Z,STIC03,STIC,20220419-20220701,SW,21038950,28933.5,13.46111,114.7382,1,fair,NA,2022
AIMS,2022-05-27T14:30:00Z,STIC03,STIC,20220419-20220701,SW,21038950,28933.5,13.55778,114.7382,1,fair,NA,2022
AIMS,2022-05-27T14:45:00Z,STIC03,STIC,20220419-20220701,SW,21038950,28933.5,13.55778,114.7382,1,fair,NA,2022
AIMS,2022-05-27T15:00:00Z,STIC03,STIC,20220419-20220701,SW,21038950,28933.5,13.65389,114.7382,1,fair,NA,2022
AIMS,2022-05-27T15:15:00Z,STIC03,STIC,20220419-20220701,SW,21038950,28933.5,13.75,114.7382,1,fair,NA,2022
AIMS,2022-05-27T15:30:00Z,STIC03,STIC,20220419-20220701,SW,21038950,28933.5,13.84611,114.7382,1,fair,NA,2022
AIMS,2022-05-27T15:45:00Z,STIC03,STIC,20220419-20220701,SW,21038950,28933.5,13.84611,114.7382,1,fair,NA,2022
AIMS,2022-05-27T16:00:00Z,STIC03,STIC,20220419-20220701,SW,21038950,28933.5,13.84611,114.7382,1,fair,NA,2022
AIMS,2022-05-27T16:15:00Z,STIC03,STIC,20220419-20220701,SW,21038950,28933.5,13.75,114.7382,1,fair,NA,2022
AIMS,2022-05-27T16:30:00Z,STIC03,STIC,20220419-20220701,SW,21038950,28933.5,13.75,114.7382,1,fair,NA,2022
AIMS,2022-05-27T16:45:00Z,STIC03,STIC,20220419-20220701,SW,21038950,28933.5,13.65389,114.7382,1,fair,NA,2022
AIMS,2022-05-27T17:00:00Z,STIC03,STIC,20220419-20220701,SW,21038950,28933.5,13.55778,114.7382,1,fair,NA,2022
AIMS,2022-05-27T17:15:00Z,STIC03,STIC,20220419-20220701,SW,21038950,28933.5,13.46111,114.7382,1,fair,NA,2022
AIMS,2022-05-27T17:30:00Z,STIC03,STIC,20220419-20220701,SW,21038950,28933.5,13.26889,114.7382,1,fair,NA,2022
AIMS,2022-05-27T17:45:00Z,STIC03,STIC,20220419-20220701,SW,21038950,27555.7,13.17278,109.1205,1,fair,NA,2022
AIMS,2022-05-27T18:00:00Z,STIC03,STIC,20220419-20220701,SW,21038950,28933.5,13.17278,114.7382,1,fair,NA,2022
AIMS,2022-05-27T18:15:00Z,STIC03,STIC,20220419-20220701,SW,21038950,28933.5,13.07611,114.7382,1,fair,NA,2022
AIMS,2022-05-27T18:30:00Z,STIC03,STIC,20220419-20220701,SW,21038950,28933.5,12.98,114.7382,1,fair,NA,2022
AIMS,2022-05-27T18:45:00Z,STIC03,STIC,20220419-20220701,SW,21038950,28933.5,12.88278,114.7382,1,fair,NA,2022
AIMS,2022-05-27T19:00:00Z,STIC03,STIC,20220419-20220701,SW,21038950,28933.5,12.69,114.7382,1,fair,NA,2022
AIMS,2022-05-27T19:15:00Z,STIC03,STIC,20220419-20220701,SW,21038950,28933.5,12.59389,114.7382,1,fair,NA,2022
AIMS,2022-05-27T19:30:00Z,STIC03,STIC,20220419-20220701,SW,21038950,28933.5,12.49722,114.7382,1,fair,NA,2022
AIMS,2022-05-27T19:45:00Z,STIC03,STIC,20220419-20220701,SW,21038950,28933.5,12.40111,114.7382,1,fair,NA,2022
AIMS,2022-05-27T20:00:00Z,STIC03,STIC,20220419-20220701,SW,21038950,28933.5,12.30389,114.7382,1,fair,NA,2022
AIMS,2022-05-27T20:15:00Z,STIC03,STIC,20220419-20220701,SW,21038950,28933.5,12.11,114.7382,1,fair,NA,2022
AIMS,2022-05-27T20:30:00Z,STIC03,STIC,20220419-20220701,SW,21038950,28933.5,12.01278,114.7382,1,fair,NA,2022
AIMS,2022-05-27T20:45:00Z,STIC03,STIC,20220419-20220701,SW,21038950,28933.5,11.91611,114.7382,1,fair,NA,2022
AIMS,2022-05-27T21:00:00Z,STIC03,STIC,20220419-20220701,SW,21038950,28933.5,11.72222,114.7382,1,fair,NA,2022
AIMS,2022-05-27T21:15:00Z,STIC03,STIC,20220419-20220701,SW,21038950,28933.5,11.625,114.7382,1,fair,NA,2022
AIMS,2022-05-27T21:30:00Z,STIC03,STIC,20220419-20220701,SW,21038950,28933.5,11.52778,114.7382,1,fair,NA,2022
AIMS,2022-05-27T21:45:00Z,STIC03,STIC,20220419-20220701,SW,21038950,28933.5,11.43111,114.7382,1,fair,NA,2022
AIMS,2022-05-27T22:00:00Z,STIC03,STIC,20220419-20220701,SW,21038950,28933.5,11.23611,114.7382,1,fair,NA,2022
AIMS,2022-05-27T22:15:00Z,STIC03,STIC,20220419-20220701,SW,21038950,28933.5,11.13889,114.7382,1,fair,NA,2022
AIMS,2022-05-27T22:30:00Z,STIC03,STIC,20220419-20220701,SW,21038950,28933.5,11.04111,114.7382,1,fair,NA,2022
AIMS,2022-05-27T22:45:00Z,STIC03,STIC,20220419-20220701,SW,21038950,28933.5,10.84611,114.7382,1,fair,NA,2022
AIMS,2022-05-27T23:00:00Z,STIC03,STIC,20220419-20220701,SW,21038950,28933.5,10.74778,114.7382,1,fair,NA,2022
AIMS,2022-05-27T23:15:00Z,STIC03,STIC,20220419-20220701,SW,21038950,28933.5,10.65111,114.7382,1,fair,NA,2022
AIMS,2022-05-27T23:30:00Z,STIC03,STIC,20220419-20220701,SW,21038950,27555.7,10.55278,109.1205,1,fair,NA,2022
AIMS,2022-05-27T23:45:00Z,STIC03,STIC,20220419-20220701,SW,21038950,27555.7,10.455,109.1205,1,fair,NA,2022
AIMS,2022-05-28T00:00:00Z,STIC03,STIC,20220419-20220701,SW,21038950,27555.7,10.35722,109.1205,1,fair,NA,2022
AIMS,2022-05-28T00:15:00Z,STIC03,STIC,20220419-20220701,SW,21038950,27555.7,10.25889,109.1205,1,fair,NA,2022
AIMS,2022-05-28T00:30:00Z,STIC03,STIC,20220419-20220701,SW,21038950,27555.7,10.16111,109.1205,1,fair,NA,2022
AIMS,2022-05-28T00:45:00Z,STIC03,STIC,20220419-20220701,SW,21038950,27555.7,10.16111,109.1205,1,fair,NA,2022
AIMS,2022-05-28T01:00:00Z,STIC03,STIC,20220419-20220701,SW,21038950,27555.7,10.06278,109.1205,1,fair,NA,2022
AIMS,2022-05-28T01:15:00Z,STIC03,STIC,20220419-20220701,SW,21038950,27555.7,10.06278,109.1205,1,fair,NA,2022
AIMS,2022-05-28T01:30:00Z,STIC03,STIC,20220419-20220701,SW,21038950,27555.7,9.965,109.1205,1,fair,NA,2022
AIMS,2022-05-28T01:45:00Z,STIC03,STIC,20220419-20220701,SW,21038950,27555.7,9.866111,109.1205,1,fair,NA,2022
AIMS,2022-05-28T02:00:00Z,STIC03,STIC,20220419-20220701,SW,21038950,27555.7,9.866111,109.1205,1,fair,NA,2022
AIMS,2022-05-28T02:15:00Z,STIC03,STIC,20220419-20220701,SW,21038950,27555.7,9.767778,109.1205,1,fair,NA,2022
AIMS,2022-05-28T02:30:00Z,STIC03,STIC,20220419-20220701,SW,21038950,27555.7,9.767778,109.1205,1,fair,NA,2022
AIMS,2022-05-28T02:45:00Z,STIC03,STIC,20220419-20220701,SW,21038950,27555.7,9.668889,109.1205,1,fair,NA,2022
AIMS,2022-05-28T03:00:00Z,STIC03,STIC,20220419-20220701,SW,21038950,27555.7,9.571111,109.1205,1,fair,NA,2022
AIMS,2022-05-28T03:15:00Z,STIC03,STIC,20220419-20220701,SW,21038950,27555.7,9.571111,109.1205,1,fair,NA,2022
AIMS,2022-05-28T03:30:00Z,STIC03,STIC,20220419-20220701,SW,21038950,27555.7,9.472222,109.1205,1,fair,NA,2022
AIMS,2022-05-28T03:45:00Z,STIC03,STIC,20220419-20220701,SW,21038950,26178,9.372778,103.5033,1,fair,NA,2022
AIMS,2022-05-28T04:00:00Z,STIC03,STIC,20220419-20220701,SW,21038950,26178,9.372778,103.5033,1,fair,NA,2022
AIMS,2022-05-28T04:15:00Z,STIC03,STIC,20220419-20220701,SW,21038950,26178,9.275,103.5033,1,fair,NA,2022
AIMS,2022-05-28T04:30:00Z,STIC03,STIC,20220419-20220701,SW,21038950,26178,9.176111,103.5033,1,fair,NA,2022
AIMS,2022-05-28T04:45:00Z,STIC03,STIC,20220419-20220701,SW,21038950,26178,9.176111,103.5033,1,fair,NA,2022
AIMS,2022-05-28T05:00:00Z,STIC03,STIC,20220419-20220701,SW,21038950,26178,9.077222,103.5033,1,fair,NA,2022
AIMS,2022-05-28T05:15:00Z,STIC03,STIC,20220419-20220701,SW,21038950,26178,9.077222,103.5033,1,fair,NA,2022
AIMS,2022-05-28T05:30:00Z,STIC03,STIC,20220419-20220701,SW,21038950,26178,8.977778,103.5033,1,fair,NA,2022
AIMS,2022-05-28T05:45:00Z,STIC03,STIC,20220419-20220701,SW,21038950,26178,8.878889,103.5033,1,fair,NA,2022
AIMS,2022-05-28T06:00:00Z,STIC03,STIC,20220419-20220701,SW,21038950,26178,8.878889,103.5033,1,fair,NA,2022
AIMS,2022-05-28T06:15:00Z,STIC03,STIC,20220419-20220701,SW,21038950,26178,8.778889,103.5033,1,fair,NA,2022
AIMS,2022-05-28T06:30:00Z,STIC03,STIC,20220419-20220701,SW,21038950,26178,8.778889,103.5033,1,fair,NA,2022
AIMS,2022-05-28T06:45:00Z,STIC03,STIC,20220419-20220701,SW,21038950,26178,8.68,103.5033,1,fair,NA,2022
AIMS,2022-05-28T07:00:00Z,STIC03,STIC,20220419-20220701,SW,21038950,26178,8.581111,103.5033,1,fair,NA,2022
AIMS,2022-05-28T07:15:00Z,STIC03,STIC,20220419-20220701,SW,21038950,26178,8.581111,103.5033,1,fair,NA,2022
AIMS,2022-05-28T07:30:00Z,STIC03,STIC,20220419-20220701,SW,21038950,26178,8.481111,103.5033,1,fair,NA,2022
AIMS,2022-05-28T07:45:00Z,STIC03,STIC,20220419-20220701,SW,21038950,26178,8.481111,103.5033,1,fair,NA,2022
AIMS,2022-05-28T08:00:00Z,STIC03,STIC,20220419-20220701,SW,21038950,26178,8.481111,103.5033,1,fair,NA,2022
AIMS,2022-05-28T08:15:00Z,STIC03,STIC,20220419-20220701,SW,21038950,26178,8.382222,103.5033,1,fair,NA,2022
AIMS,2022-05-28T08:30:00Z,STIC03,STIC,20220419-20220701,SW,21038950,26178,8.382222,103.5033,1,fair,NA,2022
AIMS,2022-05-28T08:45:00Z,STIC03,STIC,20220419-20220701,SW,21038950,26178,8.282222,103.5033,1,fair,NA,2022
AIMS,2022-05-28T09:00:00Z,STIC03,STIC,20220419-20220701,SW,21038950,26178,8.282222,103.5033,1,fair,NA,2022
AIMS,2022-05-28T09:15:00Z,STIC03,STIC,20220419-20220701,SW,21038950,26178,8.282222,103.5033,1,fair,NA,2022
AIMS,2022-05-28T09:30:00Z,STIC03,STIC,20220419-20220701,SW,21038950,24800.2,8.282222,97.88565,1,fair,NA,2022
AIMS,2022-05-28T09:45:00Z,STIC03,STIC,20220419-20220701,SW,21038950,26178,8.282222,103.5033,1,fair,NA,2022
AIMS,2022-05-28T10:00:00Z,STIC03,STIC,20220419-20220701,SW,21038950,26178,8.282222,103.5033,1,fair,NA,2022
AIMS,2022-05-28T10:15:00Z,STIC03,STIC,20220419-20220701,SW,21038950,26178,8.282222,103.5033,1,fair,NA,2022
AIMS,2022-05-28T10:30:00Z,STIC03,STIC,20220419-20220701,SW,21038950,26178,8.282222,103.5033,1,fair,NA,2022
AIMS,2022-05-28T10:45:00Z,STIC03,STIC,20220419-20220701,SW,21038950,26178,8.382222,103.5033,1,fair,NA,2022
AIMS,2022-05-28T11:00:00Z,STIC03,STIC,20220419-20220701,SW,21038950,26178,8.382222,103.5033,1,fair,NA,2022
AIMS,2022-05-28T11:15:00Z,STIC03,STIC,20220419-20220701,SW,21038950,26178,8.481111,103.5033,1,fair,NA,2022
AIMS,2022-05-28T11:30:00Z,STIC03,STIC,20220419-20220701,SW,21038950,26178,8.581111,103.5033,1,fair,NA,2022
AIMS,2022-05-28T11:45:00Z,STIC03,STIC,20220419-20220701,SW,21038950,26178,8.68,103.5033,1,fair,NA,2022
AIMS,2022-05-28T12:00:00Z,STIC03,STIC,20220419-20220701,SW,21038950,27555.7,8.68,109.1205,1,fair,NA,2022
AIMS,2022-05-28T12:15:00Z,STIC03,STIC,20220419-20220701,SW,21038950,27555.7,8.778889,109.1205,1,fair,NA,2022
AIMS,2022-05-28T12:30:00Z,STIC03,STIC,20220419-20220701,SW,21038950,27555.7,8.778889,109.1205,1,fair,NA,2022
AIMS,2022-05-28T12:45:00Z,STIC03,STIC,20220419-20220701,SW,21038950,27555.7,8.878889,109.1205,1,fair,NA,2022
AIMS,2022-05-28T13:00:00Z,STIC03,STIC,20220419-20220701,SW,21038950,27555.7,8.878889,109.1205,1,fair,NA,2022
AIMS,2022-05-28T13:15:00Z,STIC03,STIC,20220419-20220701,SW,21038950,27555.7,8.878889,109.1205,1,fair,NA,2022
AIMS,2022-05-28T13:30:00Z,STIC03,STIC,20220419-20220701,SW,21038950,27555.7,8.878889,109.1205,1,fair,NA,2022
AIMS,2022-05-28T13:45:00Z,STIC03,STIC,20220419-20220701,SW,21038950,27555.7,8.977778,109.1205,1,fair,NA,2022
AIMS,2022-05-28T14:00:00Z,STIC03,STIC,20220419-20220701,SW,21038950,27555.7,9.077222,109.1205,1,fair,NA,2022
AIMS,2022-05-28T14:15:00Z,STIC03,STIC,20220419-20220701,SW,21038950,27555.7,9.077222,109.1205,1,fair,NA,2022
AIMS,2022-05-28T14:30:00Z,STIC03,STIC,20220419-20220701,SW,21038950,27555.7,9.077222,109.1205,1,fair,NA,2022
AIMS,2022-05-28T14:45:00Z,STIC03,STIC,20220419-20220701,SW,21038950,27555.7,9.077222,109.1205,1,fair,NA,2022
AIMS,2022-05-28T15:00:00Z,STIC03,STIC,20220419-20220701,SW,21038950,27555.7,9.176111,109.1205,1,fair,NA,2022
AIMS,2022-05-28T15:15:00Z,STIC03,STIC,20220419-20220701,SW,21038950,27555.7,9.275,109.1205,1,fair,NA,2022
AIMS,2022-05-28T15:30:00Z,STIC03,STIC,20220419-20220701,SW,21038950,28933.5,9.472222,114.7382,1,fair,NA,2022
AIMS,2022-05-28T15:45:00Z,STIC03,STIC,20220419-20220701,SW,21038950,28933.5,9.571111,114.7382,1,fair,NA,2022
AIMS,2022-05-28T16:00:00Z,STIC03,STIC,20220419-20220701,SW,21038950,28933.5,9.668889,114.7382,1,fair,NA,2022
AIMS,2022-05-28T16:15:00Z,STIC03,STIC,20220419-20220701,SW,21038950,28933.5,9.668889,114.7382,1,fair,NA,2022
AIMS,2022-05-28T16:30:00Z,STIC03,STIC,20220419-20220701,SW,21038950,28933.5,9.668889,114.7382,1,fair,NA,2022
AIMS,2022-05-28T16:45:00Z,STIC03,STIC,20220419-20220701,SW,21038950,28933.5,9.668889,114.7382,1,fair,NA,2022
AIMS,2022-05-28T17:00:00Z,STIC03,STIC,20220419-20220701,SW,21038950,28933.5,9.668889,114.7382,1,fair,NA,2022
AIMS,2022-05-28T17:15:00Z,STIC03,STIC,20220419-20220701,SW,21038950,28933.5,9.767778,114.7382,1,fair,NA,2022
AIMS,2022-05-28T17:30:00Z,STIC03,STIC,20220419-20220701,SW,21038950,28933.5,9.767778,114.7382,1,fair,NA,2022
AIMS,2022-05-28T17:45:00Z,STIC03,STIC,20220419-20220701,SW,21038950,28933.5,9.767778,114.7382,1,fair,NA,2022
AIMS,2022-05-28T18:00:00Z,STIC03,STIC,20220419-20220701,SW,21038950,28933.5,9.767778,114.7382,1,fair,NA,2022
AIMS,2022-05-28T18:15:00Z,STIC03,STIC,20220419-20220701,SW,21038950,28933.5,9.767778,114.7382,1,fair,NA,2022
AIMS,2022-05-28T18:30:00Z,STIC03,STIC,20220419-20220701,SW,21038950,28933.5,9.767778,114.7382,1,fair,NA,2022
AIMS,2022-05-28T18:45:00Z,STIC03,STIC,20220419-20220701,SW,21038950,28933.5,9.767778,114.7382,1,fair,NA,2022
AIMS,2022-05-28T19:00:00Z,STIC03,STIC,20220419-20220701,SW,21038950,28933.5,9.668889,114.7382,1,fair,NA,2022
AIMS,2022-05-28T19:15:00Z,STIC03,STIC,20220419-20220701,SW,21038950,28933.5,9.668889,114.7382,1,fair,NA,2022
AIMS,2022-05-28T19:30:00Z,STIC03,STIC,20220419-20220701,SW,21038950,28933.5,9.571111,114.7382,1,fair,NA,2022
AIMS,2022-05-28T19:45:00Z,STIC03,STIC,20220419-20220701,SW,21038950,28933.5,9.571111,114.7382,1,fair,NA,2022
AIMS,2022-05-28T20:00:00Z,STIC03,STIC,20220419-20220701,SW,21038950,28933.5,9.571111,114.7382,1,fair,NA,2022
AIMS,2022-05-28T20:15:00Z,STIC03,STIC,20220419-20220701,SW,21038950,28933.5,9.472222,114.7382,1,fair,NA,2022
AIMS,2022-05-28T20:30:00Z,STIC03,STIC,20220419-20220701,SW,21038950,28933.5,9.472222,114.7382,1,fair,NA,2022
AIMS,2022-05-28T20:45:00Z,STIC03,STIC,20220419-20220701,SW,21038950,28933.5,9.372778,114.7382,1,fair,NA,2022
AIMS,2022-05-28T21:00:00Z,STIC03,STIC,20220419-20220701,SW,21038950,28933.5,9.275,114.7382,1,fair,NA,2022
AIMS,2022-05-28T21:15:00Z,STIC03,STIC,20220419-20220701,SW,21038950,28933.5,9.275,114.7382,1,fair,NA,2022
AIMS,2022-05-28T21:30:00Z,STIC03,STIC,20220419-20220701,SW,21038950,28933.5,9.176111,114.7382,1,fair,NA,2022
AIMS,2022-05-28T21:45:00Z,STIC03,STIC,20220419-20220701,SW,21038950,27555.7,9.077222,109.1205,1,fair,NA,2022
AIMS,2022-05-28T22:00:00Z,STIC03,STIC,20220419-20220701,SW,21038950,27555.7,9.077222,109.1205,1,fair,NA,2022
AIMS,2022-05-28T22:15:00Z,STIC03,STIC,20220419-20220701,SW,21038950,27555.7,8.977778,109.1205,1,fair,NA,2022
AIMS,2022-05-28T22:30:00Z,STIC03,STIC,20220419-20220701,SW,21038950,27555.7,8.878889,109.1205,1,fair,NA,2022
AIMS,2022-05-28T22:45:00Z,STIC03,STIC,20220419-20220701,SW,21038950,27555.7,8.778889,109.1205,1,fair,NA,2022
AIMS,2022-05-28T23:00:00Z,STIC03,STIC,20220419-20220701,SW,21038950,27555.7,8.68,109.1205,1,fair,NA,2022
AIMS,2022-05-28T23:15:00Z,STIC03,STIC,20220419-20220701,SW,21038950,27555.7,8.581111,109.1205,1,fair,NA,2022
AIMS,2022-05-28T23:30:00Z,STIC03,STIC,20220419-20220701,SW,21038950,27555.7,8.481111,109.1205,1,fair,NA,2022
AIMS,2022-05-28T23:45:00Z,STIC03,STIC,20220419-20220701,SW,21038950,27555.7,8.382222,109.1205,1,fair,NA,2022
AIMS,2022-05-29T00:00:00Z,STIC03,STIC,20220419-20220701,SW,21038950,27555.7,8.382222,109.1205,1,fair,NA,2022
AIMS,2022-05-29T00:15:00Z,STIC03,STIC,20220419-20220701,SW,21038950,27555.7,8.282222,109.1205,1,fair,NA,2022
AIMS,2022-05-29T00:30:00Z,STIC03,STIC,20220419-20220701,SW,21038950,27555.7,8.182222,109.1205,1,fair,NA,2022
AIMS,2022-05-29T00:45:00Z,STIC03,STIC,20220419-20220701,SW,21038950,27555.7,8.082222,109.1205,1,fair,NA,2022
AIMS,2022-05-29T01:00:00Z,STIC03,STIC,20220419-20220701,SW,21038950,27555.7,7.982778,109.1205,1,fair,NA,2022
AIMS,2022-05-29T01:15:00Z,STIC03,STIC,20220419-20220701,SW,21038950,27555.7,7.982778,109.1205,1,fair,NA,2022
AIMS,2022-05-29T01:30:00Z,STIC03,STIC,20220419-20220701,SW,21038950,27555.7,7.882222,109.1205,1,fair,NA,2022
AIMS,2022-05-29T01:45:00Z,STIC03,STIC,20220419-20220701,SW,21038950,27555.7,7.782222,109.1205,1,fair,NA,2022
AIMS,2022-05-29T02:00:00Z,STIC03,STIC,20220419-20220701,SW,21038950,27555.7,7.782222,109.1205,1,fair,NA,2022
AIMS,2022-05-29T02:15:00Z,STIC03,STIC,20220419-20220701,SW,21038950,27555.7,7.782222,109.1205,1,fair,NA,2022
AIMS,2022-05-29T02:30:00Z,STIC03,STIC,20220419-20220701,SW,21038950,26178,7.682222,103.5033,1,fair,NA,2022
AIMS,2022-05-29T02:45:00Z,STIC03,STIC,20220419-20220701,SW,21038950,26178,7.682222,103.5033,1,fair,NA,2022
AIMS,2022-05-29T03:00:00Z,STIC03,STIC,20220419-20220701,SW,21038950,26178,7.682222,103.5033,1,fair,NA,2022
AIMS,2022-05-29T03:15:00Z,STIC03,STIC,20220419-20220701,SW,21038950,26178,7.582222,103.5033,1,fair,NA,2022
AIMS,2022-05-29T03:30:00Z,STIC03,STIC,20220419-20220701,SW,21038950,26178,7.481111,103.5033,1,fair,NA,2022
AIMS,2022-05-29T03:45:00Z,STIC03,STIC,20220419-20220701,SW,21038950,26178,7.481111,103.5033,1,fair,NA,2022
AIMS,2022-05-29T04:00:00Z,STIC03,STIC,20220419-20220701,SW,21038950,26178,7.381111,103.5033,1,fair,NA,2022
AIMS,2022-05-29T04:15:00Z,STIC03,STIC,20220419-20220701,SW,21038950,26178,7.381111,103.5033,1,fair,NA,2022
AIMS,2022-05-29T04:30:00Z,STIC03,STIC,20220419-20220701,SW,21038950,26178,7.381111,103.5033,1,fair,NA,2022
AIMS,2022-05-29T04:45:00Z,STIC03,STIC,20220419-20220701,SW,21038950,26178,7.28,103.5033,1,fair,NA,2022
AIMS,2022-05-29T05:00:00Z,STIC03,STIC,20220419-20220701,SW,21038950,26178,7.28,103.5033,1,fair,NA,2022
AIMS,2022-05-29T05:15:00Z,STIC03,STIC,20220419-20220701,SW,21038950,26178,7.28,103.5033,1,fair,NA,2022
AIMS,2022-05-29T05:30:00Z,STIC03,STIC,20220419-20220701,SW,21038950,24800.2,7.178889,97.88565,1,fair,NA,2022
AIMS,2022-05-29T05:45:00Z,STIC03,STIC,20220419-20220701,SW,21038950,24800.2,7.178889,97.88565,1,fair,NA,2022
AIMS,2022-05-29T06:00:00Z,STIC03,STIC,20220419-20220701,SW,21038950,24800.2,7.178889,97.88565,1,fair,NA,2022
AIMS,2022-05-29T06:15:00Z,STIC03,STIC,20220419-20220701,SW,21038950,24800.2,7.078889,97.88565,1,fair,NA,2022
AIMS,2022-05-29T06:30:00Z,STIC03,STIC,20220419-20220701,SW,21038950,26178,7.078889,103.5033,1,fair,NA,2022
AIMS,2022-05-29T06:45:00Z,STIC03,STIC,20220419-20220701,SW,21038950,26178,7.078889,103.5033,1,fair,NA,2022
AIMS,2022-05-29T07:00:00Z,STIC03,STIC,20220419-20220701,SW,21038950,26178,7.078889,103.5033,1,fair,NA,2022
AIMS,2022-05-29T07:15:00Z,STIC03,STIC,20220419-20220701,SW,21038950,26178,7.078889,103.5033,1,fair,NA,2022
AIMS,2022-05-29T07:30:00Z,STIC03,STIC,20220419-20220701,SW,21038950,26178,7.078889,103.5033,1,fair,NA,2022
AIMS,2022-05-29T07:45:00Z,STIC03,STIC,20220419-20220701,SW,21038950,26178,6.977778,103.5033,1,fair,NA,2022
AIMS,2022-05-29T08:00:00Z,STIC03,STIC,20220419-20220701,SW,21038950,26178,6.977778,103.5033,1,fair,NA,2022
AIMS,2022-05-29T08:15:00Z,STIC03,STIC,20220419-20220701,SW,21038950,26178,6.877222,103.5033,1,fair,NA,2022
AIMS,2022-05-29T08:30:00Z,STIC03,STIC,20220419-20220701,SW,21038950,26178,6.877222,103.5033,1,fair,NA,2022
AIMS,2022-05-29T08:45:00Z,STIC03,STIC,20220419-20220701,SW,21038950,24800.2,6.877222,97.88565,1,fair,NA,2022
AIMS,2022-05-29T09:00:00Z,STIC03,STIC,20220419-20220701,SW,21038950,24800.2,6.877222,97.88565,1,fair,NA,2022
AIMS,2022-05-29T09:15:00Z,STIC03,STIC,20220419-20220701,SW,21038950,24800.2,6.775,97.88565,1,fair,NA,2022
AIMS,2022-05-29T09:30:00Z,STIC03,STIC,20220419-20220701,SW,21038950,24800.2,6.775,97.88565,1,fair,NA,2022
AIMS,2022-05-29T09:45:00Z,STIC03,STIC,20220419-20220701,SW,21038950,24800.2,6.673889,97.88565,1,fair,NA,2022
AIMS,2022-05-29T10:00:00Z,STIC03,STIC,20220419-20220701,SW,21038950,24800.2,6.673889,97.88565,1,fair,NA,2022
AIMS,2022-05-29T10:15:00Z,STIC03,STIC,20220419-20220701,SW,21038950,24800.2,6.673889,97.88565,1,fair,NA,2022
AIMS,2022-05-29T10:30:00Z,STIC03,STIC,20220419-20220701,SW,21038950,24800.2,6.673889,97.88565,1,fair,NA,2022
AIMS,2022-05-29T10:45:00Z,STIC03,STIC,20220419-20220701,SW,21038950,24800.2,6.673889,97.88565,1,fair,NA,2022
AIMS,2022-05-29T11:00:00Z,STIC03,STIC,20220419-20220701,SW,21038950,24800.2,6.572778,97.88565,1,fair,NA,2022
AIMS,2022-05-29T11:15:00Z,STIC03,STIC,20220419-20220701,SW,21038950,24800.2,6.572778,97.88565,1,fair,NA,2022
AIMS,2022-05-29T11:30:00Z,STIC03,STIC,20220419-20220701,SW,21038950,24800.2,6.572778,97.88565,1,fair,NA,2022
AIMS,2022-05-29T11:45:00Z,STIC03,STIC,20220419-20220701,SW,21038950,24800.2,6.572778,97.88565,1,fair,NA,2022
AIMS,2022-05-29T12:00:00Z,STIC03,STIC,20220419-20220701,SW,21038950,24800.2,6.572778,97.88565,1,fair,NA,2022
AIMS,2022-05-29T12:15:00Z,STIC03,STIC,20220419-20220701,SW,21038950,24800.2,6.572778,97.88565,1,fair,NA,2022
AIMS,2022-05-29T12:30:00Z,STIC03,STIC,20220419-20220701,SW,21038950,24800.2,6.673889,97.88565,1,fair,NA,2022
AIMS,2022-05-29T12:45:00Z,STIC03,STIC,20220419-20220701,SW,21038950,26178,6.775,103.5033,1,fair,NA,2022
AIMS,2022-05-29T13:00:00Z,STIC03,STIC,20220419-20220701,SW,21038950,26178,7.078889,103.5033,1,fair,NA,2022
AIMS,2022-05-29T13:15:00Z,STIC03,STIC,20220419-20220701,SW,21038950,26178,7.28,103.5033,1,fair,NA,2022
AIMS,2022-05-29T13:30:00Z,STIC03,STIC,20220419-20220701,SW,21038950,26178,7.381111,103.5033,1,fair,NA,2022
AIMS,2022-05-29T13:45:00Z,STIC03,STIC,20220419-20220701,SW,21038950,26178,7.381111,103.5033,1,fair,NA,2022
AIMS,2022-05-29T14:00:00Z,STIC03,STIC,20220419-20220701,SW,21038950,26178,7.582222,103.5033,1,fair,NA,2022
AIMS,2022-05-29T14:15:00Z,STIC03,STIC,20220419-20220701,SW,21038950,26178,7.682222,103.5033,1,fair,NA,2022
AIMS,2022-05-29T14:30:00Z,STIC03,STIC,20220419-20220701,SW,21038950,26178,7.782222,103.5033,1,fair,NA,2022
AIMS,2022-05-29T14:45:00Z,STIC03,STIC,20220419-20220701,SW,21038950,26178,7.782222,103.5033,1,fair,NA,2022
AIMS,2022-05-29T15:00:00Z,STIC03,STIC,20220419-20220701,SW,21038950,27555.7,7.982778,109.1205,1,fair,NA,2022
AIMS,2022-05-29T15:15:00Z,STIC03,STIC,20220419-20220701,SW,21038950,27555.7,8.082222,109.1205,1,fair,NA,2022
AIMS,2022-05-29T15:30:00Z,STIC03,STIC,20220419-20220701,SW,21038950,27555.7,8.182222,109.1205,1,fair,NA,2022
AIMS,2022-05-29T15:45:00Z,STIC03,STIC,20220419-20220701,SW,21038950,27555.7,8.182222,109.1205,1,fair,NA,2022
AIMS,2022-05-29T16:00:00Z,STIC03,STIC,20220419-20220701,SW,21038950,27555.7,8.182222,109.1205,1,fair,NA,2022
AIMS,2022-05-29T16:15:00Z,STIC03,STIC,20220419-20220701,SW,21038950,27555.7,8.182222,109.1205,1,fair,NA,2022
AIMS,2022-05-29T16:30:00Z,STIC03,STIC,20220419-20220701,SW,21038950,27555.7,8.182222,109.1205,1,fair,NA,2022
AIMS,2022-05-29T16:45:00Z,STIC03,STIC,20220419-20220701,SW,21038950,27555.7,8.082222,109.1205,1,fair,NA,2022
AIMS,2022-05-29T17:00:00Z,STIC03,STIC,20220419-20220701,SW,21038950,27555.7,8.082222,109.1205,1,fair,NA,2022
AIMS,2022-05-29T17:15:00Z,STIC03,STIC,20220419-20220701,SW,21038950,27555.7,8.082222,109.1205,1,fair,NA,2022
AIMS,2022-05-29T17:30:00Z,STIC03,STIC,20220419-20220701,SW,21038950,27555.7,8.082222,109.1205,1,fair,NA,2022
AIMS,2022-05-29T17:45:00Z,STIC03,STIC,20220419-20220701,SW,21038950,27555.7,8.082222,109.1205,1,fair,NA,2022
AIMS,2022-05-29T18:00:00Z,STIC03,STIC,20220419-20220701,SW,21038950,27555.7,8.082222,109.1205,1,fair,NA,2022
AIMS,2022-05-29T18:15:00Z,STIC03,STIC,20220419-20220701,SW,21038950,27555.7,7.982778,109.1205,1,fair,NA,2022
AIMS,2022-05-29T18:30:00Z,STIC03,STIC,20220419-20220701,SW,21038950,27555.7,7.982778,109.1205,1,fair,NA,2022
AIMS,2022-05-29T18:45:00Z,STIC03,STIC,20220419-20220701,SW,21038950,27555.7,7.982778,109.1205,1,fair,NA,2022
AIMS,2022-05-29T19:00:00Z,STIC03,STIC,20220419-20220701,SW,21038950,27555.7,7.882222,109.1205,1,fair,NA,2022
AIMS,2022-05-29T19:15:00Z,STIC03,STIC,20220419-20220701,SW,21038950,27555.7,7.782222,109.1205,1,fair,NA,2022
AIMS,2022-05-29T19:30:00Z,STIC03,STIC,20220419-20220701,SW,21038950,27555.7,7.782222,109.1205,1,fair,NA,2022
AIMS,2022-05-29T19:45:00Z,STIC03,STIC,20220419-20220701,SW,21038950,27555.7,7.682222,109.1205,1,fair,NA,2022
AIMS,2022-05-29T20:00:00Z,STIC03,STIC,20220419-20220701,SW,21038950,27555.7,7.582222,109.1205,1,fair,NA,2022
AIMS,2022-05-29T20:15:00Z,STIC03,STIC,20220419-20220701,SW,21038950,27555.7,7.481111,109.1205,1,fair,NA,2022
AIMS,2022-05-29T20:30:00Z,STIC03,STIC,20220419-20220701,SW,21038950,27555.7,7.481111,109.1205,1,fair,NA,2022
AIMS,2022-05-29T20:45:00Z,STIC03,STIC,20220419-20220701,SW,21038950,27555.7,7.381111,109.1205,1,fair,NA,2022
AIMS,2022-05-29T21:00:00Z,STIC03,STIC,20220419-20220701,SW,21038950,27555.7,7.28,109.1205,1,fair,NA,2022
AIMS,2022-05-29T21:15:00Z,STIC03,STIC,20220419-20220701,SW,21038950,27555.7,7.178889,109.1205,1,fair,NA,2022
AIMS,2022-05-29T21:30:00Z,STIC03,STIC,20220419-20220701,SW,21038950,27555.7,7.178889,109.1205,1,fair,NA,2022
AIMS,2022-05-29T21:45:00Z,STIC03,STIC,20220419-20220701,SW,21038950,27555.7,7.078889,109.1205,1,fair,NA,2022
AIMS,2022-05-29T22:00:00Z,STIC03,STIC,20220419-20220701,SW,21038950,27555.7,6.977778,109.1205,1,fair,NA,2022
AIMS,2022-05-29T22:15:00Z,STIC03,STIC,20220419-20220701,SW,21038950,26178,6.977778,103.5033,1,fair,NA,2022
AIMS,2022-05-29T22:30:00Z,STIC03,STIC,20220419-20220701,SW,21038950,26178,6.877222,103.5033,1,fair,NA,2022
AIMS,2022-05-29T22:45:00Z,STIC03,STIC,20220419-20220701,SW,21038950,26178,6.775,103.5033,1,fair,NA,2022
AIMS,2022-05-29T23:00:00Z,STIC03,STIC,20220419-20220701,SW,21038950,26178,6.775,103.5033,1,fair,NA,2022
AIMS,2022-05-29T23:15:00Z,STIC03,STIC,20220419-20220701,SW,21038950,26178,6.673889,103.5033,1,fair,NA,2022
AIMS,2022-05-29T23:30:00Z,STIC03,STIC,20220419-20220701,SW,21038950,26178,6.673889,103.5033,1,fair,NA,2022
AIMS,2022-05-29T23:45:00Z,STIC03,STIC,20220419-20220701,SW,21038950,26178,6.572778,103.5033,1,fair,NA,2022
AIMS,2022-05-30T00:00:00Z,STIC03,STIC,20220419-20220701,SW,21038950,26178,6.572778,103.5033,1,fair,NA,2022
AIMS,2022-05-30T00:15:00Z,STIC03,STIC,20220419-20220701,SW,21038950,26178,6.471111,103.5033,1,fair,NA,2022
AIMS,2022-05-30T00:30:00Z,STIC03,STIC,20220419-20220701,SW,21038950,26178,6.471111,103.5033,1,fair,NA,2022
AIMS,2022-05-30T00:45:00Z,STIC03,STIC,20220419-20220701,SW,21038950,26178,6.471111,103.5033,1,fair,NA,2022
AIMS,2022-05-30T01:00:00Z,STIC03,STIC,20220419-20220701,SW,21038950,26178,6.37,103.5033,1,fair,NA,2022
AIMS,2022-05-30T01:15:00Z,STIC03,STIC,20220419-20220701,SW,21038950,26178,6.37,103.5033,1,fair,NA,2022
AIMS,2022-05-30T01:30:00Z,STIC03,STIC,20220419-20220701,SW,21038950,26178,6.37,103.5033,1,fair,NA,2022
AIMS,2022-05-30T01:45:00Z,STIC03,STIC,20220419-20220701,SW,21038950,26178,6.37,103.5033,1,fair,NA,2022
AIMS,2022-05-30T02:00:00Z,STIC03,STIC,20220419-20220701,SW,21038950,26178,6.267778,103.5033,1,fair,NA,2022
AIMS,2022-05-30T02:15:00Z,STIC03,STIC,20220419-20220701,SW,21038950,26178,6.267778,103.5033,1,fair,NA,2022
AIMS,2022-05-30T02:30:00Z,STIC03,STIC,20220419-20220701,SW,21038950,26178,6.267778,103.5033,1,fair,NA,2022
AIMS,2022-05-30T02:45:00Z,STIC03,STIC,20220419-20220701,SW,21038950,26178,6.267778,103.5033,1,fair,NA,2022
AIMS,2022-05-30T03:00:00Z,STIC03,STIC,20220419-20220701,SW,21038950,26178,6.267778,103.5033,1,fair,NA,2022
AIMS,2022-05-30T03:15:00Z,STIC03,STIC,20220419-20220701,SW,21038950,26178,6.267778,103.5033,1,fair,NA,2022
AIMS,2022-05-30T03:30:00Z,STIC03,STIC,20220419-20220701,SW,21038950,26178,6.166111,103.5033,1,fair,NA,2022
AIMS,2022-05-30T03:45:00Z,STIC03,STIC,20220419-20220701,SW,21038950,26178,6.166111,103.5033,1,fair,NA,2022
AIMS,2022-05-30T04:00:00Z,STIC03,STIC,20220419-20220701,SW,21038950,26178,6.166111,103.5033,1,fair,NA,2022
AIMS,2022-05-30T04:15:00Z,STIC03,STIC,20220419-20220701,SW,21038950,26178,6.166111,103.5033,1,fair,NA,2022
AIMS,2022-05-30T04:30:00Z,STIC03,STIC,20220419-20220701,SW,21038950,26178,6.166111,103.5033,1,fair,NA,2022
AIMS,2022-05-30T04:45:00Z,STIC03,STIC,20220419-20220701,SW,21038950,26178,6.166111,103.5033,1,fair,NA,2022
AIMS,2022-05-30T05:00:00Z,STIC03,STIC,20220419-20220701,SW,21038950,26178,6.166111,103.5033,1,fair,NA,2022
AIMS,2022-05-30T05:15:00Z,STIC03,STIC,20220419-20220701,SW,21038950,26178,6.166111,103.5033,1,fair,NA,2022
AIMS,2022-05-30T05:30:00Z,STIC03,STIC,20220419-20220701,SW,21038950,26178,6.166111,103.5033,1,fair,NA,2022
AIMS,2022-05-30T05:45:00Z,STIC03,STIC,20220419-20220701,SW,21038950,26178,6.166111,103.5033,1,fair,NA,2022
AIMS,2022-05-30T06:00:00Z,STIC03,STIC,20220419-20220701,SW,21038950,26178,6.166111,103.5033,1,fair,NA,2022
AIMS,2022-05-30T06:15:00Z,STIC03,STIC,20220419-20220701,SW,21038950,26178,6.063889,103.5033,1,fair,NA,2022
AIMS,2022-05-30T06:30:00Z,STIC03,STIC,20220419-20220701,SW,21038950,26178,6.063889,103.5033,1,fair,NA,2022
AIMS,2022-05-30T06:45:00Z,STIC03,STIC,20220419-20220701,SW,21038950,26178,6.166111,103.5033,1,fair,NA,2022
AIMS,2022-05-30T07:00:00Z,STIC03,STIC,20220419-20220701,SW,21038950,26178,6.063889,103.5033,1,fair,NA,2022
AIMS,2022-05-30T07:15:00Z,STIC03,STIC,20220419-20220701,SW,21038950,26178,6.063889,103.5033,1,fair,NA,2022
AIMS,2022-05-30T07:30:00Z,STIC03,STIC,20220419-20220701,SW,21038950,26178,6.063889,103.5033,1,fair,NA,2022
AIMS,2022-05-30T07:45:00Z,STIC03,STIC,20220419-20220701,SW,21038950,26178,6.063889,103.5033,1,fair,NA,2022
AIMS,2022-05-30T08:00:00Z,STIC03,STIC,20220419-20220701,SW,21038950,26178,6.063889,103.5033,1,fair,NA,2022
AIMS,2022-05-30T08:15:00Z,STIC03,STIC,20220419-20220701,SW,21038950,26178,6.063889,103.5033,1,fair,NA,2022
AIMS,2022-05-30T08:30:00Z,STIC03,STIC,20220419-20220701,SW,21038950,26178,6.166111,103.5033,1,fair,NA,2022
AIMS,2022-05-30T08:45:00Z,STIC03,STIC,20220419-20220701,SW,21038950,26178,6.166111,103.5033,1,fair,NA,2022
AIMS,2022-05-30T09:00:00Z,STIC03,STIC,20220419-20220701,SW,21038950,26178,6.166111,103.5033,1,fair,NA,2022
AIMS,2022-05-30T09:15:00Z,STIC03,STIC,20220419-20220701,SW,21038950,26178,6.267778,103.5033,1,fair,NA,2022
AIMS,2022-05-30T09:30:00Z,STIC03,STIC,20220419-20220701,SW,21038950,26178,6.37,103.5033,1,fair,NA,2022
AIMS,2022-05-30T09:45:00Z,STIC03,STIC,20220419-20220701,SW,21038950,26178,6.37,103.5033,1,fair,NA,2022
AIMS,2022-05-30T10:00:00Z,STIC03,STIC,20220419-20220701,SW,21038950,26178,6.471111,103.5033,1,fair,NA,2022
AIMS,2022-05-30T10:15:00Z,STIC03,STIC,20220419-20220701,SW,21038950,26178,6.471111,103.5033,1,fair,NA,2022
AIMS,2022-05-30T10:30:00Z,STIC03,STIC,20220419-20220701,SW,21038950,26178,6.572778,103.5033,1,fair,NA,2022
AIMS,2022-05-30T10:45:00Z,STIC03,STIC,20220419-20220701,SW,21038950,26178,6.572778,103.5033,1,fair,NA,2022
AIMS,2022-05-30T11:00:00Z,STIC03,STIC,20220419-20220701,SW,21038950,26178,6.673889,103.5033,1,fair,NA,2022
AIMS,2022-05-30T11:15:00Z,STIC03,STIC,20220419-20220701,SW,21038950,26178,6.673889,103.5033,1,fair,NA,2022
AIMS,2022-05-30T11:30:00Z,STIC03,STIC,20220419-20220701,SW,21038950,26178,6.673889,103.5033,1,fair,NA,2022
AIMS,2022-05-30T11:45:00Z,STIC03,STIC,20220419-20220701,SW,21038950,26178,6.775,103.5033,1,fair,NA,2022
AIMS,2022-05-30T12:00:00Z,STIC03,STIC,20220419-20220701,SW,21038950,26178,6.775,103.5033,1,fair,NA,2022
AIMS,2022-05-30T12:15:00Z,STIC03,STIC,20220419-20220701,SW,21038950,26178,6.877222,103.5033,1,fair,NA,2022
AIMS,2022-05-30T12:30:00Z,STIC03,STIC,20220419-20220701,SW,21038950,26178,6.877222,103.5033,1,fair,NA,2022
AIMS,2022-05-30T12:45:00Z,STIC03,STIC,20220419-20220701,SW,21038950,26178,6.977778,103.5033,1,fair,NA,2022
AIMS,2022-05-30T13:00:00Z,STIC03,STIC,20220419-20220701,SW,21038950,26178,6.977778,103.5033,1,fair,NA,2022
AIMS,2022-05-30T13:15:00Z,STIC03,STIC,20220419-20220701,SW,21038950,26178,6.977778,103.5033,1,fair,NA,2022
AIMS,2022-05-30T13:30:00Z,STIC03,STIC,20220419-20220701,SW,21038950,26178,6.977778,103.5033,1,fair,NA,2022
AIMS,2022-05-30T13:45:00Z,STIC03,STIC,20220419-20220701,SW,21038950,26178,7.078889,103.5033,1,fair,NA,2022
AIMS,2022-05-30T14:00:00Z,STIC03,STIC,20220419-20220701,SW,21038950,26178,7.178889,103.5033,1,fair,NA,2022
AIMS,2022-05-30T14:15:00Z,STIC03,STIC,20220419-20220701,SW,21038950,26178,7.28,103.5033,1,fair,NA,2022
AIMS,2022-05-30T14:30:00Z,STIC03,STIC,20220419-20220701,SW,21038950,26178,7.28,103.5033,1,fair,NA,2022
AIMS,2022-05-30T14:45:00Z,STIC03,STIC,20220419-20220701,SW,21038950,26178,7.381111,103.5033,1,fair,NA,2022
AIMS,2022-05-30T15:00:00Z,STIC03,STIC,20220419-20220701,SW,21038950,26178,7.381111,103.5033,1,fair,NA,2022
AIMS,2022-05-30T15:15:00Z,STIC03,STIC,20220419-20220701,SW,21038950,26178,7.381111,103.5033,1,fair,NA,2022
AIMS,2022-05-30T15:30:00Z,STIC03,STIC,20220419-20220701,SW,21038950,26178,7.481111,103.5033,1,fair,NA,2022
AIMS,2022-05-30T15:45:00Z,STIC03,STIC,20220419-20220701,SW,21038950,27555.7,7.582222,109.1205,1,fair,NA,2022
AIMS,2022-05-30T16:00:00Z,STIC03,STIC,20220419-20220701,SW,21038950,27555.7,7.682222,109.1205,1,fair,NA,2022
AIMS,2022-05-30T16:15:00Z,STIC03,STIC,20220419-20220701,SW,21038950,27555.7,7.682222,109.1205,1,fair,NA,2022
AIMS,2022-05-30T16:30:00Z,STIC03,STIC,20220419-20220701,SW,21038950,27555.7,7.682222,109.1205,1,fair,NA,2022
AIMS,2022-05-30T16:45:00Z,STIC03,STIC,20220419-20220701,SW,21038950,27555.7,7.682222,109.1205,1,fair,NA,2022
AIMS,2022-05-30T17:00:00Z,STIC03,STIC,20220419-20220701,SW,21038950,27555.7,7.682222,109.1205,1,fair,NA,2022
AIMS,2022-05-30T17:15:00Z,STIC03,STIC,20220419-20220701,SW,21038950,27555.7,7.682222,109.1205,1,fair,NA,2022
AIMS,2022-05-30T17:30:00Z,STIC03,STIC,20220419-20220701,SW,21038950,27555.7,7.682222,109.1205,1,fair,NA,2022
AIMS,2022-05-30T17:45:00Z,STIC03,STIC,20220419-20220701,SW,21038950,26178,7.682222,103.5033,1,fair,NA,2022
AIMS,2022-05-30T18:00:00Z,STIC03,STIC,20220419-20220701,SW,21038950,27555.7,7.582222,109.1205,1,fair,NA,2022
AIMS,2022-05-30T18:15:00Z,STIC03,STIC,20220419-20220701,SW,21038950,27555.7,7.582222,109.1205,1,fair,NA,2022
AIMS,2022-05-30T18:30:00Z,STIC03,STIC,20220419-20220701,SW,21038950,27555.7,7.582222,109.1205,1,fair,NA,2022
AIMS,2022-05-30T18:45:00Z,STIC03,STIC,20220419-20220701,SW,21038950,26178,7.582222,103.5033,1,fair,NA,2022
AIMS,2022-05-30T19:00:00Z,STIC03,STIC,20220419-20220701,SW,21038950,26178,7.481111,103.5033,1,fair,NA,2022
AIMS,2022-05-30T19:15:00Z,STIC03,STIC,20220419-20220701,SW,21038950,27555.7,7.481111,109.1205,1,fair,NA,2022
AIMS,2022-05-30T19:30:00Z,STIC03,STIC,20220419-20220701,SW,21038950,26178,7.381111,103.5033,1,fair,NA,2022
AIMS,2022-05-30T19:45:00Z,STIC03,STIC,20220419-20220701,SW,21038950,26178,7.381111,103.5033,1,fair,NA,2022
AIMS,2022-05-30T20:00:00Z,STIC03,STIC,20220419-20220701,SW,21038950,26178,7.28,103.5033,1,fair,NA,2022
AIMS,2022-05-30T20:15:00Z,STIC03,STIC,20220419-20220701,SW,21038950,26178,7.28,103.5033,1,fair,NA,2022
AIMS,2022-05-30T20:30:00Z,STIC03,STIC,20220419-20220701,SW,21038950,26178,7.178889,103.5033,1,fair,NA,2022
AIMS,2022-05-30T20:45:00Z,STIC03,STIC,20220419-20220701,SW,21038950,26178,7.178889,103.5033,1,fair,NA,2022
AIMS,2022-05-30T21:00:00Z,STIC03,STIC,20220419-20220701,SW,21038950,26178,7.078889,103.5033,1,fair,NA,2022
AIMS,2022-05-30T21:15:00Z,STIC03,STIC,20220419-20220701,SW,21038950,26178,7.078889,103.5033,1,fair,NA,2022
AIMS,2022-05-30T21:30:00Z,STIC03,STIC,20220419-20220701,SW,21038950,26178,6.977778,103.5033,1,fair,NA,2022
AIMS,2022-05-30T21:45:00Z,STIC03,STIC,20220419-20220701,SW,21038950,26178,6.977778,103.5033,1,fair,NA,2022
AIMS,2022-05-30T22:00:00Z,STIC03,STIC,20220419-20220701,SW,21038950,26178,6.877222,103.5033,1,fair,NA,2022
AIMS,2022-05-30T22:15:00Z,STIC03,STIC,20220419-20220701,SW,21038950,26178,6.775,103.5033,1,fair,NA,2022
AIMS,2022-05-30T22:30:00Z,STIC03,STIC,20220419-20220701,SW,21038950,26178,6.775,103.5033,1,fair,NA,2022
AIMS,2022-05-30T22:45:00Z,STIC03,STIC,20220419-20220701,SW,21038950,26178,6.775,103.5033,1,fair,NA,2022
AIMS,2022-05-30T23:00:00Z,STIC03,STIC,20220419-20220701,SW,21038950,26178,6.673889,103.5033,1,fair,NA,2022
AIMS,2022-05-30T23:15:00Z,STIC03,STIC,20220419-20220701,SW,21038950,26178,6.673889,103.5033,1,fair,NA,2022
AIMS,2022-05-30T23:30:00Z,STIC03,STIC,20220419-20220701,SW,21038950,26178,6.572778,103.5033,1,fair,NA,2022
AIMS,2022-05-30T23:45:00Z,STIC03,STIC,20220419-20220701,SW,21038950,26178,6.572778,103.5033,1,fair,NA,2022
AIMS,2022-05-31T00:00:00Z,STIC03,STIC,20220419-20220701,SW,21038950,26178,6.471111,103.5033,1,fair,NA,2022
AIMS,2022-05-31T00:15:00Z,STIC03,STIC,20220419-20220701,SW,21038950,26178,6.471111,103.5033,1,fair,NA,2022
AIMS,2022-05-31T00:30:00Z,STIC03,STIC,20220419-20220701,SW,21038950,26178,6.471111,103.5033,1,fair,NA,2022
AIMS,2022-05-31T00:45:00Z,STIC03,STIC,20220419-20220701,SW,21038950,26178,6.37,103.5033,1,fair,NA,2022
AIMS,2022-05-31T01:00:00Z,STIC03,STIC,20220419-20220701,SW,21038950,26178,6.37,103.5033,1,fair,NA,2022
AIMS,2022-05-31T01:15:00Z,STIC03,STIC,20220419-20220701,SW,21038950,26178,6.37,103.5033,1,fair,NA,2022
AIMS,2022-05-31T01:30:00Z,STIC03,STIC,20220419-20220701,SW,21038950,26178,6.37,103.5033,1,fair,NA,2022
AIMS,2022-05-31T01:45:00Z,STIC03,STIC,20220419-20220701,SW,21038950,26178,6.267778,103.5033,1,fair,NA,2022
AIMS,2022-05-31T02:00:00Z,STIC03,STIC,20220419-20220701,SW,21038950,26178,6.267778,103.5033,1,fair,NA,2022
AIMS,2022-05-31T02:15:00Z,STIC03,STIC,20220419-20220701,SW,21038950,26178,6.267778,103.5033,1,fair,NA,2022
AIMS,2022-05-31T02:30:00Z,STIC03,STIC,20220419-20220701,SW,21038950,26178,6.267778,103.5033,1,fair,NA,2022
AIMS,2022-05-31T02:45:00Z,STIC03,STIC,20220419-20220701,SW,21038950,26178,6.166111,103.5033,1,fair,NA,2022
AIMS,2022-05-31T03:00:00Z,STIC03,STIC,20220419-20220701,SW,21038950,26178,6.166111,103.5033,1,fair,NA,2022
AIMS,2022-05-31T03:15:00Z,STIC03,STIC,20220419-20220701,SW,21038950,26178,6.166111,103.5033,1,fair,NA,2022
AIMS,2022-05-31T03:30:00Z,STIC03,STIC,20220419-20220701,SW,21038950,26178,6.166111,103.5033,1,fair,NA,2022
AIMS,2022-05-31T03:45:00Z,STIC03,STIC,20220419-20220701,SW,21038950,26178,6.063889,103.5033,1,fair,NA,2022
AIMS,2022-05-31T04:00:00Z,STIC03,STIC,20220419-20220701,SW,21038950,26178,6.063889,103.5033,1,fair,NA,2022
AIMS,2022-05-31T04:15:00Z,STIC03,STIC,20220419-20220701,SW,21038950,26178,6.063889,103.5033,1,fair,NA,2022
AIMS,2022-05-31T04:30:00Z,STIC03,STIC,20220419-20220701,SW,21038950,26178,6.063889,103.5033,1,fair,NA,2022
AIMS,2022-05-31T04:45:00Z,STIC03,STIC,20220419-20220701,SW,21038950,26178,6.063889,103.5033,1,fair,NA,2022
AIMS,2022-05-31T05:00:00Z,STIC03,STIC,20220419-20220701,SW,21038950,26178,6.063889,103.5033,1,fair,NA,2022
AIMS,2022-05-31T05:15:00Z,STIC03,STIC,20220419-20220701,SW,21038950,26178,6.063889,103.5033,1,fair,NA,2022
AIMS,2022-05-31T05:30:00Z,STIC03,STIC,20220419-20220701,SW,21038950,26178,6.063889,103.5033,1,fair,NA,2022
AIMS,2022-05-31T05:45:00Z,STIC03,STIC,20220419-20220701,SW,21038950,26178,6.063889,103.5033,1,fair,NA,2022
AIMS,2022-05-31T06:00:00Z,STIC03,STIC,20220419-20220701,SW,21038950,26178,5.962222,103.5033,1,fair,NA,2022
AIMS,2022-05-31T06:15:00Z,STIC03,STIC,20220419-20220701,SW,21038950,26178,6.063889,103.5033,1,fair,NA,2022
AIMS,2022-05-31T06:30:00Z,STIC03,STIC,20220419-20220701,SW,21038950,26178,6.063889,103.5033,1,fair,NA,2022
AIMS,2022-05-31T06:45:00Z,STIC03,STIC,20220419-20220701,SW,21038950,26178,6.063889,103.5033,1,fair,NA,2022
AIMS,2022-05-31T07:00:00Z,STIC03,STIC,20220419-20220701,SW,21038950,26178,6.063889,103.5033,1,fair,NA,2022
AIMS,2022-05-31T07:15:00Z,STIC03,STIC,20220419-20220701,SW,21038950,26178,6.063889,103.5033,1,fair,NA,2022
AIMS,2022-05-31T07:30:00Z,STIC03,STIC,20220419-20220701,SW,21038950,26178,6.063889,103.5033,1,fair,NA,2022
AIMS,2022-05-31T07:45:00Z,STIC03,STIC,20220419-20220701,SW,21038950,26178,6.063889,103.5033,1,fair,NA,2022
AIMS,2022-05-31T08:00:00Z,STIC03,STIC,20220419-20220701,SW,21038950,26178,6.063889,103.5033,1,fair,NA,2022
AIMS,2022-05-31T08:15:00Z,STIC03,STIC,20220419-20220701,SW,21038950,26178,6.166111,103.5033,1,fair,NA,2022
AIMS,2022-05-31T08:30:00Z,STIC03,STIC,20220419-20220701,SW,21038950,26178,6.166111,103.5033,1,fair,NA,2022
AIMS,2022-05-31T08:45:00Z,STIC03,STIC,20220419-20220701,SW,21038950,26178,6.166111,103.5033,1,fair,NA,2022
AIMS,2022-05-31T09:00:00Z,STIC03,STIC,20220419-20220701,SW,21038950,26178,6.267778,103.5033,1,fair,NA,2022
AIMS,2022-05-31T09:15:00Z,STIC03,STIC,20220419-20220701,SW,21038950,26178,6.37,103.5033,1,fair,NA,2022
AIMS,2022-05-31T09:30:00Z,STIC03,STIC,20220419-20220701,SW,21038950,26178,6.37,103.5033,1,fair,NA,2022
AIMS,2022-05-31T09:45:00Z,STIC03,STIC,20220419-20220701,SW,21038950,26178,6.572778,103.5033,1,fair,NA,2022
AIMS,2022-05-31T10:00:00Z,STIC03,STIC,20220419-20220701,SW,21038950,26178,6.673889,103.5033,1,fair,NA,2022
AIMS,2022-05-31T10:15:00Z,STIC03,STIC,20220419-20220701,SW,21038950,26178,6.775,103.5033,1,fair,NA,2022
AIMS,2022-05-31T10:30:00Z,STIC03,STIC,20220419-20220701,SW,21038950,26178,6.977778,103.5033,1,fair,NA,2022
AIMS,2022-05-31T10:45:00Z,STIC03,STIC,20220419-20220701,SW,21038950,26178,7.078889,103.5033,1,fair,NA,2022
AIMS,2022-05-31T11:00:00Z,STIC03,STIC,20220419-20220701,SW,21038950,26178,7.178889,103.5033,1,fair,NA,2022
AIMS,2022-05-31T11:15:00Z,STIC03,STIC,20220419-20220701,SW,21038950,26178,7.178889,103.5033,1,fair,NA,2022
AIMS,2022-05-31T11:30:00Z,STIC03,STIC,20220419-20220701,SW,21038950,26178,7.28,103.5033,1,fair,NA,2022
AIMS,2022-05-31T11:45:00Z,STIC03,STIC,20220419-20220701,SW,21038950,26178,7.481111,103.5033,1,fair,NA,2022
AIMS,2022-05-31T12:00:00Z,STIC03,STIC,20220419-20220701,SW,21038950,26178,7.582222,103.5033,1,fair,NA,2022
AIMS,2022-05-31T12:15:00Z,STIC03,STIC,20220419-20220701,SW,21038950,26178,7.682222,103.5033,1,fair,NA,2022
AIMS,2022-05-31T12:30:00Z,STIC03,STIC,20220419-20220701,SW,21038950,27555.7,7.782222,109.1205,1,fair,NA,2022
AIMS,2022-05-31T12:45:00Z,STIC03,STIC,20220419-20220701,SW,21038950,27555.7,7.882222,109.1205,1,fair,NA,2022
AIMS,2022-05-31T13:00:00Z,STIC03,STIC,20220419-20220701,SW,21038950,27555.7,7.882222,109.1205,1,fair,NA,2022
AIMS,2022-05-31T13:15:00Z,STIC03,STIC,20220419-20220701,SW,21038950,27555.7,7.982778,109.1205,1,fair,NA,2022
AIMS,2022-05-31T13:30:00Z,STIC03,STIC,20220419-20220701,SW,21038950,27555.7,7.982778,109.1205,1,fair,NA,2022
AIMS,2022-05-31T13:45:00Z,STIC03,STIC,20220419-20220701,SW,21038950,27555.7,8.082222,109.1205,1,fair,NA,2022
AIMS,2022-05-31T14:00:00Z,STIC03,STIC,20220419-20220701,SW,21038950,27555.7,8.182222,109.1205,1,fair,NA,2022
AIMS,2022-05-31T14:15:00Z,STIC03,STIC,20220419-20220701,SW,21038950,27555.7,8.282222,109.1205,1,fair,NA,2022
AIMS,2022-05-31T14:30:00Z,STIC03,STIC,20220419-20220701,SW,21038950,27555.7,8.282222,109.1205,1,fair,NA,2022
AIMS,2022-05-31T14:45:00Z,STIC03,STIC,20220419-20220701,SW,21038950,27555.7,8.282222,109.1205,1,fair,NA,2022
AIMS,2022-05-31T15:00:00Z,STIC03,STIC,20220419-20220701,SW,21038950,27555.7,8.282222,109.1205,1,fair,NA,2022
AIMS,2022-05-31T15:15:00Z,STIC03,STIC,20220419-20220701,SW,21038950,27555.7,8.481111,109.1205,1,fair,NA,2022
AIMS,2022-05-31T15:30:00Z,STIC03,STIC,20220419-20220701,SW,21038950,27555.7,8.581111,109.1205,1,fair,NA,2022
AIMS,2022-05-31T15:45:00Z,STIC03,STIC,20220419-20220701,SW,21038950,27555.7,8.581111,109.1205,1,fair,NA,2022
AIMS,2022-05-31T16:00:00Z,STIC03,STIC,20220419-20220701,SW,21038950,27555.7,8.778889,109.1205,1,fair,NA,2022
AIMS,2022-05-31T16:15:00Z,STIC03,STIC,20220419-20220701,SW,21038950,27555.7,8.878889,109.1205,1,fair,NA,2022
AIMS,2022-05-31T16:30:00Z,STIC03,STIC,20220419-20220701,SW,21038950,27555.7,8.878889,109.1205,1,fair,NA,2022
AIMS,2022-05-31T16:45:00Z,STIC03,STIC,20220419-20220701,SW,21038950,27555.7,8.977778,109.1205,1,fair,NA,2022
AIMS,2022-05-31T17:00:00Z,STIC03,STIC,20220419-20220701,SW,21038950,28933.5,9.077222,114.7382,1,fair,NA,2022
AIMS,2022-05-31T17:15:00Z,STIC03,STIC,20220419-20220701,SW,21038950,28933.5,9.077222,114.7382,1,fair,NA,2022
AIMS,2022-05-31T17:30:00Z,STIC03,STIC,20220419-20220701,SW,21038950,28933.5,9.077222,114.7382,1,fair,NA,2022
AIMS,2022-05-31T17:45:00Z,STIC03,STIC,20220419-20220701,SW,21038950,27555.7,9.077222,109.1205,1,fair,NA,2022
AIMS,2022-05-31T18:00:00Z,STIC03,STIC,20220419-20220701,SW,21038950,27555.7,9.077222,109.1205,1,fair,NA,2022
AIMS,2022-05-31T18:15:00Z,STIC03,STIC,20220419-20220701,SW,21038950,27555.7,9.077222,109.1205,1,fair,NA,2022
AIMS,2022-05-31T18:30:00Z,STIC03,STIC,20220419-20220701,SW,21038950,27555.7,8.977778,109.1205,1,fair,NA,2022
AIMS,2022-05-31T18:45:00Z,STIC03,STIC,20220419-20220701,SW,21038950,27555.7,8.977778,109.1205,1,fair,NA,2022
AIMS,2022-05-31T19:00:00Z,STIC03,STIC,20220419-20220701,SW,21038950,27555.7,8.878889,109.1205,1,fair,NA,2022
AIMS,2022-05-31T19:15:00Z,STIC03,STIC,20220419-20220701,SW,21038950,27555.7,8.878889,109.1205,1,fair,NA,2022
AIMS,2022-05-31T19:30:00Z,STIC03,STIC,20220419-20220701,SW,21038950,27555.7,8.878889,109.1205,1,fair,NA,2022
AIMS,2022-05-31T19:45:00Z,STIC03,STIC,20220419-20220701,SW,21038950,27555.7,8.778889,109.1205,1,fair,NA,2022
AIMS,2022-05-31T20:00:00Z,STIC03,STIC,20220419-20220701,SW,21038950,27555.7,8.778889,109.1205,1,fair,NA,2022
AIMS,2022-05-31T20:15:00Z,STIC03,STIC,20220419-20220701,SW,21038950,27555.7,8.68,109.1205,1,fair,NA,2022
AIMS,2022-05-31T20:30:00Z,STIC03,STIC,20220419-20220701,SW,21038950,27555.7,8.581111,109.1205,1,fair,NA,2022
AIMS,2022-05-31T20:45:00Z,STIC03,STIC,20220419-20220701,SW,21038950,27555.7,8.481111,109.1205,1,fair,NA,2022
AIMS,2022-05-31T21:00:00Z,STIC03,STIC,20220419-20220701,SW,21038950,27555.7,8.382222,109.1205,1,fair,NA,2022
AIMS,2022-05-31T21:15:00Z,STIC03,STIC,20220419-20220701,SW,21038950,27555.7,8.282222,109.1205,1,fair,NA,2022
AIMS,2022-05-31T21:30:00Z,STIC03,STIC,20220419-20220701,SW,21038950,27555.7,8.182222,109.1205,1,fair,NA,2022
AIMS,2022-05-31T21:45:00Z,STIC03,STIC,20220419-20220701,SW,21038950,27555.7,8.082222,109.1205,1,fair,NA,2022
AIMS,2022-05-31T22:00:00Z,STIC03,STIC,20220419-20220701,SW,21038950,27555.7,7.882222,109.1205,1,fair,NA,2022
AIMS,2022-05-31T22:15:00Z,STIC03,STIC,20220419-20220701,SW,21038950,27555.7,7.782222,109.1205,1,fair,NA,2022
AIMS,2022-05-31T22:30:00Z,STIC03,STIC,20220419-20220701,SW,21038950,27555.7,7.682222,109.1205,1,fair,NA,2022
AIMS,2022-05-31T22:45:00Z,STIC03,STIC,20220419-20220701,SW,21038950,27555.7,7.582222,109.1205,1,fair,NA,2022
AIMS,2022-05-31T23:00:00Z,STIC03,STIC,20220419-20220701,SW,21038950,27555.7,7.481111,109.1205,1,fair,NA,2022
AIMS,2022-05-31T23:15:00Z,STIC03,STIC,20220419-20220701,SW,21038950,26178,7.381111,103.5033,1,fair,NA,2022
AIMS,2022-05-31T23:30:00Z,STIC03,STIC,20220419-20220701,SW,21038950,26178,7.28,103.5033,1,fair,NA,2022
AIMS,2022-05-31T23:45:00Z,STIC03,STIC,20220419-20220701,SW,21038950,26178,7.178889,103.5033,1,fair,NA,2022
AIMS,2022-06-01T00:00:00Z,STIC03,STIC,20220419-20220701,SW,21038950,26178,7.178889,103.5033,1,fair,NA,2022
AIMS,2022-06-01T00:15:00Z,STIC03,STIC,20220419-20220701,SW,21038950,26178,7.078889,103.5033,1,fair,NA,2022
AIMS,2022-06-01T00:30:00Z,STIC03,STIC,20220419-20220701,SW,21038950,26178,6.977778,103.5033,1,fair,NA,2022
AIMS,2022-06-01T00:45:00Z,STIC03,STIC,20220419-20220701,SW,21038950,26178,6.877222,103.5033,1,fair,NA,2022
AIMS,2022-06-01T01:00:00Z,STIC03,STIC,20220419-20220701,SW,21038950,26178,6.775,103.5033,1,fair,NA,2022
AIMS,2022-06-01T01:15:00Z,STIC03,STIC,20220419-20220701,SW,21038950,26178,6.673889,103.5033,1,fair,NA,2022
AIMS,2022-06-01T01:30:00Z,STIC03,STIC,20220419-20220701,SW,21038950,26178,6.673889,103.5033,1,fair,NA,2022
AIMS,2022-06-01T01:45:00Z,STIC03,STIC,20220419-20220701,SW,21038950,26178,6.572778,103.5033,1,fair,NA,2022
AIMS,2022-06-01T02:00:00Z,STIC03,STIC,20220419-20220701,SW,21038950,26178,6.471111,103.5033,1,fair,NA,2022
AIMS,2022-06-01T02:15:00Z,STIC03,STIC,20220419-20220701,SW,21038950,26178,6.37,103.5033,1,fair,NA,2022
AIMS,2022-06-01T02:30:00Z,STIC03,STIC,20220419-20220701,SW,21038950,26178,6.37,103.5033,1,fair,NA,2022
AIMS,2022-06-01T02:45:00Z,STIC03,STIC,20220419-20220701,SW,21038950,26178,6.267778,103.5033,1,fair,NA,2022
AIMS,2022-06-01T03:00:00Z,STIC03,STIC,20220419-20220701,SW,21038950,26178,6.166111,103.5033,1,fair,NA,2022
AIMS,2022-06-01T03:15:00Z,STIC03,STIC,20220419-20220701,SW,21038950,26178,6.166111,103.5033,1,fair,NA,2022
AIMS,2022-06-01T03:30:00Z,STIC03,STIC,20220419-20220701,SW,21038950,26178,6.063889,103.5033,1,fair,NA,2022
AIMS,2022-06-01T03:45:00Z,STIC03,STIC,20220419-20220701,SW,21038950,26178,6.063889,103.5033,1,fair,NA,2022
AIMS,2022-06-01T04:00:00Z,STIC03,STIC,20220419-20220701,SW,21038950,26178,5.962222,103.5033,1,fair,NA,2022
AIMS,2022-06-01T04:15:00Z,STIC03,STIC,20220419-20220701,SW,21038950,26178,5.962222,103.5033,1,fair,NA,2022
AIMS,2022-06-01T04:30:00Z,STIC03,STIC,20220419-20220701,SW,21038950,26178,5.86,103.5033,1,fair,NA,2022
AIMS,2022-06-01T04:45:00Z,STIC03,STIC,20220419-20220701,SW,21038950,26178,5.86,103.5033,1,fair,NA,2022
AIMS,2022-06-01T05:00:00Z,STIC03,STIC,20220419-20220701,SW,21038950,26178,5.757222,103.5033,1,fair,NA,2022
AIMS,2022-06-01T05:15:00Z,STIC03,STIC,20220419-20220701,SW,21038950,26178,5.757222,103.5033,1,fair,NA,2022
AIMS,2022-06-01T05:30:00Z,STIC03,STIC,20220419-20220701,SW,21038950,26178,5.655,103.5033,1,fair,NA,2022
AIMS,2022-06-01T05:45:00Z,STIC03,STIC,20220419-20220701,SW,21038950,26178,5.655,103.5033,1,fair,NA,2022
AIMS,2022-06-01T06:00:00Z,STIC03,STIC,20220419-20220701,SW,21038950,26178,5.655,103.5033,1,fair,NA,2022
AIMS,2022-06-01T06:15:00Z,STIC03,STIC,20220419-20220701,SW,21038950,26178,5.552222,103.5033,1,fair,NA,2022
AIMS,2022-06-01T06:30:00Z,STIC03,STIC,20220419-20220701,SW,21038950,26178,5.552222,103.5033,1,fair,NA,2022
AIMS,2022-06-01T06:45:00Z,STIC03,STIC,20220419-20220701,SW,21038950,26178,5.552222,103.5033,1,fair,NA,2022
AIMS,2022-06-01T07:00:00Z,STIC03,STIC,20220419-20220701,SW,21038950,26178,5.552222,103.5033,1,fair,NA,2022
AIMS,2022-06-01T07:15:00Z,STIC03,STIC,20220419-20220701,SW,21038950,26178,5.552222,103.5033,1,fair,NA,2022
AIMS,2022-06-01T07:30:00Z,STIC03,STIC,20220419-20220701,SW,21038950,26178,5.552222,103.5033,1,fair,NA,2022
AIMS,2022-06-01T07:45:00Z,STIC03,STIC,20220419-20220701,SW,21038950,26178,5.655,103.5033,1,fair,NA,2022
AIMS,2022-06-01T08:00:00Z,STIC03,STIC,20220419-20220701,SW,21038950,26178,5.757222,103.5033,1,fair,NA,2022
AIMS,2022-06-01T08:15:00Z,STIC03,STIC,20220419-20220701,SW,21038950,26178,5.86,103.5033,1,fair,NA,2022
AIMS,2022-06-01T08:30:00Z,STIC03,STIC,20220419-20220701,SW,21038950,26178,5.86,103.5033,1,fair,NA,2022
AIMS,2022-06-01T08:45:00Z,STIC03,STIC,20220419-20220701,SW,21038950,26178,6.063889,103.5033,1,fair,NA,2022
AIMS,2022-06-01T09:00:00Z,STIC03,STIC,20220419-20220701,SW,21038950,26178,6.166111,103.5033,1,fair,NA,2022
AIMS,2022-06-01T09:15:00Z,STIC03,STIC,20220419-20220701,SW,21038950,26178,6.267778,103.5033,1,fair,NA,2022
AIMS,2022-06-01T09:30:00Z,STIC03,STIC,20220419-20220701,SW,21038950,26178,6.471111,103.5033,1,fair,NA,2022
AIMS,2022-06-01T09:45:00Z,STIC03,STIC,20220419-20220701,SW,21038950,26178,6.572778,103.5033,1,fair,NA,2022
AIMS,2022-06-01T10:00:00Z,STIC03,STIC,20220419-20220701,SW,21038950,26178,6.877222,103.5033,1,fair,NA,2022
AIMS,2022-06-01T10:15:00Z,STIC03,STIC,20220419-20220701,SW,21038950,26178,7.078889,103.5033,1,fair,NA,2022
AIMS,2022-06-01T10:30:00Z,STIC03,STIC,20220419-20220701,SW,21038950,26178,7.28,103.5033,1,fair,NA,2022
AIMS,2022-06-01T10:45:00Z,STIC03,STIC,20220419-20220701,SW,21038950,26178,7.582222,103.5033,1,fair,NA,2022
AIMS,2022-06-01T11:00:00Z,STIC03,STIC,20220419-20220701,SW,21038950,26178,7.882222,103.5033,1,fair,NA,2022
AIMS,2022-06-01T11:15:00Z,STIC03,STIC,20220419-20220701,SW,21038950,27555.7,8.082222,109.1205,1,fair,NA,2022
AIMS,2022-06-01T11:30:00Z,STIC03,STIC,20220419-20220701,SW,21038950,27555.7,8.382222,109.1205,1,fair,NA,2022
AIMS,2022-06-01T11:45:00Z,STIC03,STIC,20220419-20220701,SW,21038950,27555.7,8.68,109.1205,1,fair,NA,2022
AIMS,2022-06-01T12:00:00Z,STIC03,STIC,20220419-20220701,SW,21038950,27555.7,8.878889,109.1205,1,fair,NA,2022
AIMS,2022-06-01T12:15:00Z,STIC03,STIC,20220419-20220701,SW,21038950,27555.7,8.977778,109.1205,1,fair,NA,2022
AIMS,2022-06-01T12:30:00Z,STIC03,STIC,20220419-20220701,SW,21038950,27555.7,9.176111,109.1205,1,fair,NA,2022
AIMS,2022-06-01T12:45:00Z,STIC03,STIC,20220419-20220701,SW,21038950,27555.7,9.176111,109.1205,1,fair,NA,2022
AIMS,2022-06-01T13:00:00Z,STIC03,STIC,20220419-20220701,SW,21038950,27555.7,9.077222,109.1205,1,fair,NA,2022
AIMS,2022-06-01T13:15:00Z,STIC03,STIC,20220419-20220701,SW,21038950,27555.7,8.977778,109.1205,1,fair,NA,2022
AIMS,2022-06-01T13:30:00Z,STIC03,STIC,20220419-20220701,SW,21038950,27555.7,8.977778,109.1205,1,fair,NA,2022
AIMS,2022-06-01T13:45:00Z,STIC03,STIC,20220419-20220701,SW,21038950,27555.7,9.077222,109.1205,1,fair,NA,2022
AIMS,2022-06-01T14:00:00Z,STIC03,STIC,20220419-20220701,SW,21038950,27555.7,9.372778,109.1205,1,fair,NA,2022
AIMS,2022-06-01T14:15:00Z,STIC03,STIC,20220419-20220701,SW,21038950,27555.7,9.571111,109.1205,1,fair,NA,2022
AIMS,2022-06-01T14:30:00Z,STIC03,STIC,20220419-20220701,SW,21038950,27555.7,9.571111,109.1205,1,fair,NA,2022
AIMS,2022-06-01T14:45:00Z,STIC03,STIC,20220419-20220701,SW,21038950,28933.5,9.668889,114.7382,1,fair,NA,2022
AIMS,2022-06-01T15:00:00Z,STIC03,STIC,20220419-20220701,SW,21038950,28933.5,9.767778,114.7382,1,fair,NA,2022
AIMS,2022-06-01T15:15:00Z,STIC03,STIC,20220419-20220701,SW,21038950,28933.5,9.866111,114.7382,1,fair,NA,2022
AIMS,2022-06-01T15:30:00Z,STIC03,STIC,20220419-20220701,SW,21038950,28933.5,9.866111,114.7382,1,fair,NA,2022
AIMS,2022-06-01T15:45:00Z,STIC03,STIC,20220419-20220701,SW,21038950,28933.5,9.866111,114.7382,1,fair,NA,2022
AIMS,2022-06-01T16:00:00Z,STIC03,STIC,20220419-20220701,SW,21038950,28933.5,9.866111,114.7382,1,fair,NA,2022
AIMS,2022-06-01T16:15:00Z,STIC03,STIC,20220419-20220701,SW,21038950,28933.5,9.965,114.7382,1,fair,NA,2022
AIMS,2022-06-01T16:30:00Z,STIC03,STIC,20220419-20220701,SW,21038950,28933.5,9.965,114.7382,1,fair,NA,2022
AIMS,2022-06-01T16:45:00Z,STIC03,STIC,20220419-20220701,SW,21038950,28933.5,10.06278,114.7382,1,fair,NA,2022
AIMS,2022-06-01T17:00:00Z,STIC03,STIC,20220419-20220701,SW,21038950,28933.5,10.16111,114.7382,1,fair,NA,2022
AIMS,2022-06-01T17:15:00Z,STIC03,STIC,20220419-20220701,SW,21038950,28933.5,10.16111,114.7382,1,fair,NA,2022
AIMS,2022-06-01T17:30:00Z,STIC03,STIC,20220419-20220701,SW,21038950,28933.5,10.16111,114.7382,1,fair,NA,2022
AIMS,2022-06-01T17:45:00Z,STIC03,STIC,20220419-20220701,SW,21038950,28933.5,10.25889,114.7382,1,fair,NA,2022
AIMS,2022-06-01T18:00:00Z,STIC03,STIC,20220419-20220701,SW,21038950,28933.5,10.25889,114.7382,1,fair,NA,2022
AIMS,2022-06-01T18:15:00Z,STIC03,STIC,20220419-20220701,SW,21038950,28933.5,10.16111,114.7382,1,fair,NA,2022
AIMS,2022-06-01T18:30:00Z,STIC03,STIC,20220419-20220701,SW,21038950,28933.5,10.16111,114.7382,1,fair,NA,2022
AIMS,2022-06-01T18:45:00Z,STIC03,STIC,20220419-20220701,SW,21038950,28933.5,10.16111,114.7382,1,fair,NA,2022
AIMS,2022-06-01T19:00:00Z,STIC03,STIC,20220419-20220701,SW,21038950,28933.5,10.16111,114.7382,1,fair,NA,2022
AIMS,2022-06-01T19:15:00Z,STIC03,STIC,20220419-20220701,SW,21038950,28933.5,10.16111,114.7382,1,fair,NA,2022
AIMS,2022-06-01T19:30:00Z,STIC03,STIC,20220419-20220701,SW,21038950,28933.5,10.16111,114.7382,1,fair,NA,2022
AIMS,2022-06-01T19:45:00Z,STIC03,STIC,20220419-20220701,SW,21038950,28933.5,10.06278,114.7382,1,fair,NA,2022
AIMS,2022-06-01T20:00:00Z,STIC03,STIC,20220419-20220701,SW,21038950,28933.5,10.06278,114.7382,1,fair,NA,2022
AIMS,2022-06-01T20:15:00Z,STIC03,STIC,20220419-20220701,SW,21038950,28933.5,9.965,114.7382,1,fair,NA,2022
AIMS,2022-06-01T20:30:00Z,STIC03,STIC,20220419-20220701,SW,21038950,28933.5,9.866111,114.7382,1,fair,NA,2022
AIMS,2022-06-01T20:45:00Z,STIC03,STIC,20220419-20220701,SW,21038950,28933.5,9.767778,114.7382,1,fair,NA,2022
AIMS,2022-06-01T21:00:00Z,STIC03,STIC,20220419-20220701,SW,21038950,28933.5,9.571111,114.7382,1,fair,NA,2022
AIMS,2022-06-01T21:15:00Z,STIC03,STIC,20220419-20220701,SW,21038950,28933.5,9.472222,114.7382,1,fair,NA,2022
AIMS,2022-06-01T21:30:00Z,STIC03,STIC,20220419-20220701,SW,21038950,28933.5,9.372778,114.7382,1,fair,NA,2022
AIMS,2022-06-01T21:45:00Z,STIC03,STIC,20220419-20220701,SW,21038950,28933.5,9.176111,114.7382,1,fair,NA,2022
AIMS,2022-06-01T22:00:00Z,STIC03,STIC,20220419-20220701,SW,21038950,28933.5,9.077222,114.7382,1,fair,NA,2022
AIMS,2022-06-01T22:15:00Z,STIC03,STIC,20220419-20220701,SW,21038950,27555.7,8.977778,109.1205,1,fair,NA,2022
AIMS,2022-06-01T22:30:00Z,STIC03,STIC,20220419-20220701,SW,21038950,27555.7,8.878889,109.1205,1,fair,NA,2022
AIMS,2022-06-01T22:45:00Z,STIC03,STIC,20220419-20220701,SW,21038950,27555.7,8.68,109.1205,1,fair,NA,2022
AIMS,2022-06-01T23:00:00Z,STIC03,STIC,20220419-20220701,SW,21038950,27555.7,8.581111,109.1205,1,fair,NA,2022
AIMS,2022-06-01T23:15:00Z,STIC03,STIC,20220419-20220701,SW,21038950,27555.7,8.581111,109.1205,1,fair,NA,2022
AIMS,2022-06-01T23:30:00Z,STIC03,STIC,20220419-20220701,SW,21038950,27555.7,8.481111,109.1205,1,fair,NA,2022
AIMS,2022-06-01T23:45:00Z,STIC03,STIC,20220419-20220701,SW,21038950,27555.7,8.382222,109.1205,1,fair,NA,2022
AIMS,2022-06-02T00:00:00Z,STIC03,STIC,20220419-20220701,SW,21038950,27555.7,8.282222,109.1205,1,fair,NA,2022
AIMS,2022-06-02T00:15:00Z,STIC03,STIC,20220419-20220701,SW,21038950,27555.7,8.282222,109.1205,1,fair,NA,2022
AIMS,2022-06-02T00:30:00Z,STIC03,STIC,20220419-20220701,SW,21038950,27555.7,8.182222,109.1205,1,fair,NA,2022
AIMS,2022-06-02T00:45:00Z,STIC03,STIC,20220419-20220701,SW,21038950,27555.7,8.082222,109.1205,1,fair,NA,2022
AIMS,2022-06-02T01:00:00Z,STIC03,STIC,20220419-20220701,SW,21038950,27555.7,8.082222,109.1205,1,fair,NA,2022
AIMS,2022-06-02T01:15:00Z,STIC03,STIC,20220419-20220701,SW,21038950,27555.7,7.982778,109.1205,1,fair,NA,2022
AIMS,2022-06-02T01:30:00Z,STIC03,STIC,20220419-20220701,SW,21038950,27555.7,7.982778,109.1205,1,fair,NA,2022
AIMS,2022-06-02T01:45:00Z,STIC03,STIC,20220419-20220701,SW,21038950,27555.7,7.882222,109.1205,1,fair,NA,2022
AIMS,2022-06-02T02:00:00Z,STIC03,STIC,20220419-20220701,SW,21038950,27555.7,7.782222,109.1205,1,fair,NA,2022
AIMS,2022-06-02T02:15:00Z,STIC03,STIC,20220419-20220701,SW,21038950,27555.7,7.682222,109.1205,1,fair,NA,2022
AIMS,2022-06-02T02:30:00Z,STIC03,STIC,20220419-20220701,SW,21038950,26178,7.682222,103.5033,1,fair,NA,2022
AIMS,2022-06-02T02:45:00Z,STIC03,STIC,20220419-20220701,SW,21038950,26178,7.582222,103.5033,1,fair,NA,2022
AIMS,2022-06-02T03:00:00Z,STIC03,STIC,20220419-20220701,SW,21038950,26178,7.481111,103.5033,1,fair,NA,2022
AIMS,2022-06-02T03:15:00Z,STIC03,STIC,20220419-20220701,SW,21038950,26178,7.481111,103.5033,1,fair,NA,2022
AIMS,2022-06-02T03:30:00Z,STIC03,STIC,20220419-20220701,SW,21038950,26178,7.381111,103.5033,1,fair,NA,2022
AIMS,2022-06-02T03:45:00Z,STIC03,STIC,20220419-20220701,SW,21038950,26178,7.381111,103.5033,1,fair,NA,2022
AIMS,2022-06-02T04:00:00Z,STIC03,STIC,20220419-20220701,SW,21038950,26178,7.28,103.5033,1,fair,NA,2022
AIMS,2022-06-02T04:15:00Z,STIC03,STIC,20220419-20220701,SW,21038950,26178,7.28,103.5033,1,fair,NA,2022
AIMS,2022-06-02T04:30:00Z,STIC03,STIC,20220419-20220701,SW,21038950,26178,7.178889,103.5033,1,fair,NA,2022
AIMS,2022-06-02T04:45:00Z,STIC03,STIC,20220419-20220701,SW,21038950,26178,7.178889,103.5033,1,fair,NA,2022
AIMS,2022-06-02T05:00:00Z,STIC03,STIC,20220419-20220701,SW,21038950,26178,7.078889,103.5033,1,fair,NA,2022
AIMS,2022-06-02T05:15:00Z,STIC03,STIC,20220419-20220701,SW,21038950,26178,7.078889,103.5033,1,fair,NA,2022
AIMS,2022-06-02T05:30:00Z,STIC03,STIC,20220419-20220701,SW,21038950,26178,6.977778,103.5033,1,fair,NA,2022
AIMS,2022-06-02T05:45:00Z,STIC03,STIC,20220419-20220701,SW,21038950,26178,6.977778,103.5033,1,fair,NA,2022
AIMS,2022-06-02T06:00:00Z,STIC03,STIC,20220419-20220701,SW,21038950,26178,6.877222,103.5033,1,fair,NA,2022
AIMS,2022-06-02T06:15:00Z,STIC03,STIC,20220419-20220701,SW,21038950,26178,6.877222,103.5033,1,fair,NA,2022
AIMS,2022-06-02T06:30:00Z,STIC03,STIC,20220419-20220701,SW,21038950,26178,6.775,103.5033,1,fair,NA,2022
AIMS,2022-06-02T06:45:00Z,STIC03,STIC,20220419-20220701,SW,21038950,26178,6.775,103.5033,1,fair,NA,2022
AIMS,2022-06-02T07:00:00Z,STIC03,STIC,20220419-20220701,SW,21038950,26178,6.775,103.5033,1,fair,NA,2022
AIMS,2022-06-02T07:15:00Z,STIC03,STIC,20220419-20220701,SW,21038950,26178,6.775,103.5033,1,fair,NA,2022
AIMS,2022-06-02T07:30:00Z,STIC03,STIC,20220419-20220701,SW,21038950,26178,6.775,103.5033,1,fair,NA,2022
AIMS,2022-06-02T07:45:00Z,STIC03,STIC,20220419-20220701,SW,21038950,26178,6.775,103.5033,1,fair,NA,2022
AIMS,2022-06-02T08:00:00Z,STIC03,STIC,20220419-20220701,SW,21038950,26178,6.877222,103.5033,1,fair,NA,2022
AIMS,2022-06-02T08:15:00Z,STIC03,STIC,20220419-20220701,SW,21038950,26178,6.877222,103.5033,1,fair,NA,2022
AIMS,2022-06-02T08:30:00Z,STIC03,STIC,20220419-20220701,SW,21038950,26178,6.977778,103.5033,1,fair,NA,2022
AIMS,2022-06-02T08:45:00Z,STIC03,STIC,20220419-20220701,SW,21038950,26178,7.078889,103.5033,1,fair,NA,2022
AIMS,2022-06-02T09:00:00Z,STIC03,STIC,20220419-20220701,SW,21038950,26178,7.178889,103.5033,1,fair,NA,2022
AIMS,2022-06-02T09:15:00Z,STIC03,STIC,20220419-20220701,SW,21038950,26178,7.28,103.5033,1,fair,NA,2022
AIMS,2022-06-02T09:30:00Z,STIC03,STIC,20220419-20220701,SW,21038950,26178,7.481111,103.5033,1,fair,NA,2022
AIMS,2022-06-02T09:45:00Z,STIC03,STIC,20220419-20220701,SW,21038950,26178,7.582222,103.5033,1,fair,NA,2022
AIMS,2022-06-02T10:00:00Z,STIC03,STIC,20220419-20220701,SW,21038950,26178,7.782222,103.5033,1,fair,NA,2022
AIMS,2022-06-02T10:15:00Z,STIC03,STIC,20220419-20220701,SW,21038950,26178,7.982778,103.5033,1,fair,NA,2022
AIMS,2022-06-02T10:30:00Z,STIC03,STIC,20220419-20220701,SW,21038950,27555.7,8.282222,109.1205,1,fair,NA,2022
AIMS,2022-06-02T10:45:00Z,STIC03,STIC,20220419-20220701,SW,21038950,27555.7,8.481111,109.1205,1,fair,NA,2022
AIMS,2022-06-02T11:00:00Z,STIC03,STIC,20220419-20220701,SW,21038950,27555.7,8.778889,109.1205,1,fair,NA,2022
AIMS,2022-06-02T11:15:00Z,STIC03,STIC,20220419-20220701,SW,21038950,27555.7,8.977778,109.1205,1,fair,NA,2022
AIMS,2022-06-02T11:30:00Z,STIC03,STIC,20220419-20220701,SW,21038950,27555.7,9.077222,109.1205,1,fair,NA,2022
AIMS,2022-06-02T11:45:00Z,STIC03,STIC,20220419-20220701,SW,21038950,27555.7,9.275,109.1205,1,fair,NA,2022
AIMS,2022-06-02T12:00:00Z,STIC03,STIC,20220419-20220701,SW,21038950,27555.7,9.472222,109.1205,1,fair,NA,2022
AIMS,2022-06-02T12:15:00Z,STIC03,STIC,20220419-20220701,SW,21038950,27555.7,9.571111,109.1205,1,fair,NA,2022
AIMS,2022-06-02T12:30:00Z,STIC03,STIC,20220419-20220701,SW,21038950,28933.5,9.866111,114.7382,1,fair,NA,2022
AIMS,2022-06-02T12:45:00Z,STIC03,STIC,20220419-20220701,SW,21038950,28933.5,10.16111,114.7382,1,fair,NA,2022
AIMS,2022-06-02T13:00:00Z,STIC03,STIC,20220419-20220701,SW,21038950,28933.5,10.55278,114.7382,1,fair,NA,2022
AIMS,2022-06-02T13:15:00Z,STIC03,STIC,20220419-20220701,SW,21038950,28933.5,10.74778,114.7382,1,fair,NA,2022
AIMS,2022-06-02T13:30:00Z,STIC03,STIC,20220419-20220701,SW,21038950,28933.5,11.04111,114.7382,1,fair,NA,2022
AIMS,2022-06-02T13:45:00Z,STIC03,STIC,20220419-20220701,SW,21038950,28933.5,11.13889,114.7382,1,fair,NA,2022
AIMS,2022-06-02T14:00:00Z,STIC03,STIC,20220419-20220701,SW,21038950,28933.5,11.23611,114.7382,1,fair,NA,2022
AIMS,2022-06-02T14:15:00Z,STIC03,STIC,20220419-20220701,SW,21038950,28933.5,11.23611,114.7382,1,fair,NA,2022
AIMS,2022-06-02T14:30:00Z,STIC03,STIC,20220419-20220701,SW,21038950,28933.5,11.33389,114.7382,1,fair,NA,2022
AIMS,2022-06-02T14:45:00Z,STIC03,STIC,20220419-20220701,SW,21038950,28933.5,11.33389,114.7382,1,fair,NA,2022
AIMS,2022-06-02T15:00:00Z,STIC03,STIC,20220419-20220701,SW,21038950,28933.5,11.43111,114.7382,1,fair,NA,2022
AIMS,2022-06-02T15:15:00Z,STIC03,STIC,20220419-20220701,SW,21038950,28933.5,11.33389,114.7382,1,fair,NA,2022
AIMS,2022-06-02T15:30:00Z,STIC03,STIC,20220419-20220701,SW,21038950,28933.5,11.43111,114.7382,1,fair,NA,2022
AIMS,2022-06-02T15:45:00Z,STIC03,STIC,20220419-20220701,SW,21038950,28933.5,11.52778,114.7382,1,fair,NA,2022
AIMS,2022-06-02T16:00:00Z,STIC03,STIC,20220419-20220701,SW,21038950,28933.5,11.625,114.7382,1,fair,NA,2022
AIMS,2022-06-02T16:15:00Z,STIC03,STIC,20220419-20220701,SW,21038950,28933.5,11.625,114.7382,1,fair,NA,2022
AIMS,2022-06-02T16:30:00Z,STIC03,STIC,20220419-20220701,SW,21038950,28933.5,11.625,114.7382,1,fair,NA,2022
AIMS,2022-06-02T16:45:00Z,STIC03,STIC,20220419-20220701,SW,21038950,28933.5,11.72222,114.7382,1,fair,NA,2022
AIMS,2022-06-02T17:00:00Z,STIC03,STIC,20220419-20220701,SW,21038950,28933.5,11.81889,114.7382,1,fair,NA,2022
AIMS,2022-06-02T17:15:00Z,STIC03,STIC,20220419-20220701,SW,21038950,28933.5,12.01278,114.7382,1,fair,NA,2022
AIMS,2022-06-02T17:30:00Z,STIC03,STIC,20220419-20220701,SW,21038950,30311.3,12.11,120.3558,1,fair,NA,2022
AIMS,2022-06-02T17:45:00Z,STIC03,STIC,20220419-20220701,SW,21038950,30311.3,12.11,120.3558,1,fair,NA,2022
AIMS,2022-06-02T18:00:00Z,STIC03,STIC,20220419-20220701,SW,21038950,30311.3,12.01278,120.3558,1,fair,NA,2022
AIMS,2022-06-02T18:15:00Z,STIC03,STIC,20220419-20220701,SW,21038950,30311.3,12.01278,120.3558,1,fair,NA,2022
AIMS,2022-06-02T18:30:00Z,STIC03,STIC,20220419-20220701,SW,21038950,30311.3,11.91611,120.3558,1,fair,NA,2022
AIMS,2022-06-02T18:45:00Z,STIC03,STIC,20220419-20220701,SW,21038950,30311.3,11.91611,120.3558,1,fair,NA,2022
AIMS,2022-06-02T19:00:00Z,STIC03,STIC,20220419-20220701,SW,21038950,30311.3,11.81889,120.3558,1,fair,NA,2022
AIMS,2022-06-02T19:15:00Z,STIC03,STIC,20220419-20220701,SW,21038950,28933.5,11.81889,114.7382,1,fair,NA,2022
AIMS,2022-06-02T19:30:00Z,STIC03,STIC,20220419-20220701,SW,21038950,28933.5,11.72222,114.7382,1,fair,NA,2022
AIMS,2022-06-02T19:45:00Z,STIC03,STIC,20220419-20220701,SW,21038950,30311.3,11.625,120.3558,1,fair,NA,2022
AIMS,2022-06-02T20:00:00Z,STIC03,STIC,20220419-20220701,SW,21038950,28933.5,11.625,114.7382,1,fair,NA,2022
AIMS,2022-06-02T20:15:00Z,STIC03,STIC,20220419-20220701,SW,21038950,28933.5,11.52778,114.7382,1,fair,NA,2022
AIMS,2022-06-02T20:30:00Z,STIC03,STIC,20220419-20220701,SW,21038950,28933.5,11.43111,114.7382,1,fair,NA,2022
AIMS,2022-06-02T20:45:00Z,STIC03,STIC,20220419-20220701,SW,21038950,28933.5,11.23611,114.7382,1,fair,NA,2022
AIMS,2022-06-02T21:00:00Z,STIC03,STIC,20220419-20220701,SW,21038950,28933.5,11.13889,114.7382,1,fair,NA,2022
AIMS,2022-06-02T21:15:00Z,STIC03,STIC,20220419-20220701,SW,21038950,28933.5,11.04111,114.7382,1,fair,NA,2022
AIMS,2022-06-02T21:30:00Z,STIC03,STIC,20220419-20220701,SW,21038950,28933.5,10.84611,114.7382,1,fair,NA,2022
AIMS,2022-06-02T21:45:00Z,STIC03,STIC,20220419-20220701,SW,21038950,28933.5,10.74778,114.7382,1,fair,NA,2022
AIMS,2022-06-02T22:00:00Z,STIC03,STIC,20220419-20220701,SW,21038950,28933.5,10.65111,114.7382,1,fair,NA,2022
AIMS,2022-06-02T22:15:00Z,STIC03,STIC,20220419-20220701,SW,21038950,28933.5,10.55278,114.7382,1,fair,NA,2022
AIMS,2022-06-02T22:30:00Z,STIC03,STIC,20220419-20220701,SW,21038950,28933.5,10.35722,114.7382,1,fair,NA,2022
AIMS,2022-06-02T22:45:00Z,STIC03,STIC,20220419-20220701,SW,21038950,28933.5,10.25889,114.7382,1,fair,NA,2022
AIMS,2022-06-02T23:00:00Z,STIC03,STIC,20220419-20220701,SW,21038950,28933.5,10.16111,114.7382,1,fair,NA,2022
AIMS,2022-06-02T23:15:00Z,STIC03,STIC,20220419-20220701,SW,21038950,28933.5,10.06278,114.7382,1,fair,NA,2022
AIMS,2022-06-02T23:30:00Z,STIC03,STIC,20220419-20220701,SW,21038950,28933.5,9.965,114.7382,1,fair,NA,2022
AIMS,2022-06-02T23:45:00Z,STIC03,STIC,20220419-20220701,SW,21038950,28933.5,9.866111,114.7382,1,fair,NA,2022
AIMS,2022-06-03T00:00:00Z,STIC03,STIC,20220419-20220701,SW,21038950,28933.5,9.767778,114.7382,1,fair,NA,2022
AIMS,2022-06-03T00:15:00Z,STIC03,STIC,20220419-20220701,SW,21038950,28933.5,9.668889,114.7382,1,fair,NA,2022
AIMS,2022-06-03T00:30:00Z,STIC03,STIC,20220419-20220701,SW,21038950,28933.5,9.571111,114.7382,1,fair,NA,2022
AIMS,2022-06-03T00:45:00Z,STIC03,STIC,20220419-20220701,SW,21038950,28933.5,9.472222,114.7382,1,fair,NA,2022
AIMS,2022-06-03T01:00:00Z,STIC03,STIC,20220419-20220701,SW,21038950,27555.7,9.372778,109.1205,1,fair,NA,2022
AIMS,2022-06-03T01:15:00Z,STIC03,STIC,20220419-20220701,SW,21038950,27555.7,9.275,109.1205,1,fair,NA,2022
AIMS,2022-06-03T01:30:00Z,STIC03,STIC,20220419-20220701,SW,21038950,27555.7,9.176111,109.1205,1,fair,NA,2022
AIMS,2022-06-03T01:45:00Z,STIC03,STIC,20220419-20220701,SW,21038950,27555.7,9.176111,109.1205,1,fair,NA,2022
AIMS,2022-06-03T02:00:00Z,STIC03,STIC,20220419-20220701,SW,21038950,27555.7,9.077222,109.1205,1,fair,NA,2022
AIMS,2022-06-03T02:15:00Z,STIC03,STIC,20220419-20220701,SW,21038950,27555.7,9.077222,109.1205,1,fair,NA,2022
AIMS,2022-06-03T02:30:00Z,STIC03,STIC,20220419-20220701,SW,21038950,27555.7,8.977778,109.1205,1,fair,NA,2022
AIMS,2022-06-03T02:45:00Z,STIC03,STIC,20220419-20220701,SW,21038950,27555.7,8.977778,109.1205,1,fair,NA,2022
AIMS,2022-06-03T03:00:00Z,STIC03,STIC,20220419-20220701,SW,21038950,27555.7,8.977778,109.1205,1,fair,NA,2022
AIMS,2022-06-03T03:15:00Z,STIC03,STIC,20220419-20220701,SW,21038950,27555.7,8.878889,109.1205,1,fair,NA,2022
AIMS,2022-06-03T03:30:00Z,STIC03,STIC,20220419-20220701,SW,21038950,27555.7,8.878889,109.1205,1,fair,NA,2022
AIMS,2022-06-03T03:45:00Z,STIC03,STIC,20220419-20220701,SW,21038950,27555.7,8.778889,109.1205,1,fair,NA,2022
AIMS,2022-06-03T04:00:00Z,STIC03,STIC,20220419-20220701,SW,21038950,27555.7,8.778889,109.1205,1,fair,NA,2022
AIMS,2022-06-03T04:15:00Z,STIC03,STIC,20220419-20220701,SW,21038950,27555.7,8.778889,109.1205,1,fair,NA,2022
AIMS,2022-06-03T04:30:00Z,STIC03,STIC,20220419-20220701,SW,21038950,27555.7,8.68,109.1205,1,fair,NA,2022
AIMS,2022-06-03T04:45:00Z,STIC03,STIC,20220419-20220701,SW,21038950,27555.7,8.68,109.1205,1,fair,NA,2022
AIMS,2022-06-03T05:00:00Z,STIC03,STIC,20220419-20220701,SW,21038950,27555.7,8.581111,109.1205,1,fair,NA,2022
AIMS,2022-06-03T05:15:00Z,STIC03,STIC,20220419-20220701,SW,21038950,27555.7,8.581111,109.1205,1,fair,NA,2022
AIMS,2022-06-03T05:30:00Z,STIC03,STIC,20220419-20220701,SW,21038950,27555.7,8.481111,109.1205,1,fair,NA,2022
AIMS,2022-06-03T05:45:00Z,STIC03,STIC,20220419-20220701,SW,21038950,27555.7,8.481111,109.1205,1,fair,NA,2022
AIMS,2022-06-03T06:00:00Z,STIC03,STIC,20220419-20220701,SW,21038950,27555.7,8.382222,109.1205,1,fair,NA,2022
AIMS,2022-06-03T06:15:00Z,STIC03,STIC,20220419-20220701,SW,21038950,26178,8.282222,103.5033,1,fair,NA,2022
AIMS,2022-06-03T06:30:00Z,STIC03,STIC,20220419-20220701,SW,21038950,26178,8.282222,103.5033,1,fair,NA,2022
AIMS,2022-06-03T06:45:00Z,STIC03,STIC,20220419-20220701,SW,21038950,26178,8.182222,103.5033,1,fair,NA,2022
AIMS,2022-06-03T07:00:00Z,STIC03,STIC,20220419-20220701,SW,21038950,26178,8.182222,103.5033,1,fair,NA,2022
AIMS,2022-06-03T07:15:00Z,STIC03,STIC,20220419-20220701,SW,21038950,26178,8.182222,103.5033,1,fair,NA,2022
AIMS,2022-06-03T07:30:00Z,STIC03,STIC,20220419-20220701,SW,21038950,26178,8.182222,103.5033,1,fair,NA,2022
AIMS,2022-06-03T07:45:00Z,STIC03,STIC,20220419-20220701,SW,21038950,26178,8.182222,103.5033,1,fair,NA,2022
AIMS,2022-06-03T08:00:00Z,STIC03,STIC,20220419-20220701,SW,21038950,26178,8.282222,103.5033,1,fair,NA,2022
AIMS,2022-06-03T08:15:00Z,STIC03,STIC,20220419-20220701,SW,21038950,26178,8.282222,103.5033,1,fair,NA,2022
AIMS,2022-06-03T08:30:00Z,STIC03,STIC,20220419-20220701,SW,21038950,26178,8.382222,103.5033,1,fair,NA,2022
AIMS,2022-06-03T08:45:00Z,STIC03,STIC,20220419-20220701,SW,21038950,26178,8.481111,103.5033,1,fair,NA,2022
AIMS,2022-06-03T09:00:00Z,STIC03,STIC,20220419-20220701,SW,21038950,27555.7,8.581111,109.1205,1,fair,NA,2022
AIMS,2022-06-03T09:15:00Z,STIC03,STIC,20220419-20220701,SW,21038950,26178,8.68,103.5033,1,fair,NA,2022
AIMS,2022-06-03T09:30:00Z,STIC03,STIC,20220419-20220701,SW,21038950,27555.7,8.778889,109.1205,1,fair,NA,2022
AIMS,2022-06-03T09:45:00Z,STIC03,STIC,20220419-20220701,SW,21038950,27555.7,8.878889,109.1205,1,fair,NA,2022
AIMS,2022-06-03T10:00:00Z,STIC03,STIC,20220419-20220701,SW,21038950,27555.7,8.977778,109.1205,1,fair,NA,2022
AIMS,2022-06-03T10:15:00Z,STIC03,STIC,20220419-20220701,SW,21038950,27555.7,9.077222,109.1205,1,fair,NA,2022
AIMS,2022-06-03T10:30:00Z,STIC03,STIC,20220419-20220701,SW,21038950,27555.7,9.275,109.1205,1,fair,NA,2022
AIMS,2022-06-03T10:45:00Z,STIC03,STIC,20220419-20220701,SW,21038950,27555.7,9.372778,109.1205,1,fair,NA,2022
AIMS,2022-06-03T11:00:00Z,STIC03,STIC,20220419-20220701,SW,21038950,27555.7,9.472222,109.1205,1,fair,NA,2022
AIMS,2022-06-03T11:15:00Z,STIC03,STIC,20220419-20220701,SW,21038950,27555.7,9.571111,109.1205,1,fair,NA,2022
AIMS,2022-06-03T11:30:00Z,STIC03,STIC,20220419-20220701,SW,21038950,27555.7,9.767778,109.1205,1,fair,NA,2022
AIMS,2022-06-03T11:45:00Z,STIC03,STIC,20220419-20220701,SW,21038950,27555.7,9.866111,109.1205,1,fair,NA,2022
AIMS,2022-06-03T12:00:00Z,STIC03,STIC,20220419-20220701,SW,21038950,27555.7,9.965,109.1205,1,fair,NA,2022
AIMS,2022-06-03T12:15:00Z,STIC03,STIC,20220419-20220701,SW,21038950,27555.7,10.06278,109.1205,1,fair,NA,2022
AIMS,2022-06-03T12:30:00Z,STIC03,STIC,20220419-20220701,SW,21038950,27555.7,10.25889,109.1205,1,fair,NA,2022
AIMS,2022-06-03T12:45:00Z,STIC03,STIC,20220419-20220701,SW,21038950,27555.7,10.455,109.1205,1,fair,NA,2022
AIMS,2022-06-03T13:00:00Z,STIC03,STIC,20220419-20220701,SW,21038950,28933.5,10.74778,114.7382,1,fair,NA,2022
AIMS,2022-06-03T13:15:00Z,STIC03,STIC,20220419-20220701,SW,21038950,28933.5,11.04111,114.7382,1,fair,NA,2022
AIMS,2022-06-03T13:30:00Z,STIC03,STIC,20220419-20220701,SW,21038950,28933.5,11.33389,114.7382,1,fair,NA,2022
AIMS,2022-06-03T13:45:00Z,STIC03,STIC,20220419-20220701,SW,21038950,28933.5,11.625,114.7382,1,fair,NA,2022
AIMS,2022-06-03T14:00:00Z,STIC03,STIC,20220419-20220701,SW,21038950,28933.5,11.91611,114.7382,1,fair,NA,2022
AIMS,2022-06-03T14:15:00Z,STIC03,STIC,20220419-20220701,SW,21038950,28933.5,12.20722,114.7382,1,fair,NA,2022
AIMS,2022-06-03T14:30:00Z,STIC03,STIC,20220419-20220701,SW,21038950,28933.5,12.49722,114.7382,1,fair,NA,2022
AIMS,2022-06-03T14:45:00Z,STIC03,STIC,20220419-20220701,SW,21038950,28933.5,12.69,114.7382,1,fair,NA,2022
AIMS,2022-06-03T15:00:00Z,STIC03,STIC,20220419-20220701,SW,21038950,28933.5,12.88278,114.7382,1,fair,NA,2022
AIMS,2022-06-03T15:15:00Z,STIC03,STIC,20220419-20220701,SW,21038950,30311.3,12.98,120.3558,1,fair,NA,2022
AIMS,2022-06-03T15:30:00Z,STIC03,STIC,20220419-20220701,SW,21038950,30311.3,13.07611,120.3558,1,fair,NA,2022
AIMS,2022-06-03T15:45:00Z,STIC03,STIC,20220419-20220701,SW,21038950,30311.3,13.26889,120.3558,1,fair,NA,2022
AIMS,2022-06-03T16:00:00Z,STIC03,STIC,20220419-20220701,SW,21038950,30311.3,13.365,120.3558,1,fair,NA,2022
AIMS,2022-06-03T16:15:00Z,STIC03,STIC,20220419-20220701,SW,21038950,30311.3,13.365,120.3558,1,fair,NA,2022
AIMS,2022-06-03T16:30:00Z,STIC03,STIC,20220419-20220701,SW,21038950,30311.3,13.26889,120.3558,1,fair,NA,2022
AIMS,2022-06-03T16:45:00Z,STIC03,STIC,20220419-20220701,SW,21038950,30311.3,13.17278,120.3558,1,fair,NA,2022
AIMS,2022-06-03T17:00:00Z,STIC03,STIC,20220419-20220701,SW,21038950,30311.3,13.07611,120.3558,1,fair,NA,2022
AIMS,2022-06-03T17:15:00Z,STIC03,STIC,20220419-20220701,SW,21038950,28933.5,12.98,114.7382,1,fair,NA,2022
AIMS,2022-06-03T17:30:00Z,STIC03,STIC,20220419-20220701,SW,21038950,28933.5,12.88278,114.7382,1,fair,NA,2022
AIMS,2022-06-03T17:45:00Z,STIC03,STIC,20220419-20220701,SW,21038950,28933.5,12.69,114.7382,1,fair,NA,2022
AIMS,2022-06-03T18:00:00Z,STIC03,STIC,20220419-20220701,SW,21038950,28933.5,12.59389,114.7382,1,fair,NA,2022
AIMS,2022-06-03T18:15:00Z,STIC03,STIC,20220419-20220701,SW,21038950,28933.5,12.49722,114.7382,1,fair,NA,2022
AIMS,2022-06-03T18:30:00Z,STIC03,STIC,20220419-20220701,SW,21038950,28933.5,12.40111,114.7382,1,fair,NA,2022
AIMS,2022-06-03T18:45:00Z,STIC03,STIC,20220419-20220701,SW,21038950,28933.5,12.40111,114.7382,1,fair,NA,2022
AIMS,2022-06-03T19:00:00Z,STIC03,STIC,20220419-20220701,SW,21038950,28933.5,12.40111,114.7382,1,fair,NA,2022
AIMS,2022-06-03T19:15:00Z,STIC03,STIC,20220419-20220701,SW,21038950,28933.5,12.30389,114.7382,1,fair,NA,2022
AIMS,2022-06-03T19:30:00Z,STIC03,STIC,20220419-20220701,SW,21038950,28933.5,12.20722,114.7382,1,fair,NA,2022
AIMS,2022-06-03T19:45:00Z,STIC03,STIC,20220419-20220701,SW,21038950,28933.5,12.01278,114.7382,1,fair,NA,2022
AIMS,2022-06-03T20:00:00Z,STIC03,STIC,20220419-20220701,SW,21038950,28933.5,11.91611,114.7382,1,fair,NA,2022
AIMS,2022-06-03T20:15:00Z,STIC03,STIC,20220419-20220701,SW,21038950,28933.5,11.81889,114.7382,1,fair,NA,2022
AIMS,2022-06-03T20:30:00Z,STIC03,STIC,20220419-20220701,SW,21038950,28933.5,11.625,114.7382,1,fair,NA,2022
AIMS,2022-06-03T20:45:00Z,STIC03,STIC,20220419-20220701,SW,21038950,28933.5,11.52778,114.7382,1,fair,NA,2022
AIMS,2022-06-03T21:00:00Z,STIC03,STIC,20220419-20220701,SW,21038950,28933.5,11.33389,114.7382,1,fair,NA,2022
AIMS,2022-06-03T21:15:00Z,STIC03,STIC,20220419-20220701,SW,21038950,28933.5,11.23611,114.7382,1,fair,NA,2022
AIMS,2022-06-03T21:30:00Z,STIC03,STIC,20220419-20220701,SW,21038950,28933.5,11.04111,114.7382,1,fair,NA,2022
AIMS,2022-06-03T21:45:00Z,STIC03,STIC,20220419-20220701,SW,21038950,28933.5,10.84611,114.7382,1,fair,NA,2022
AIMS,2022-06-03T22:00:00Z,STIC03,STIC,20220419-20220701,SW,21038950,28933.5,10.74778,114.7382,1,fair,NA,2022
AIMS,2022-06-03T22:15:00Z,STIC03,STIC,20220419-20220701,SW,21038950,28933.5,10.55278,114.7382,1,fair,NA,2022
AIMS,2022-06-03T22:30:00Z,STIC03,STIC,20220419-20220701,SW,21038950,28933.5,10.35722,114.7382,1,fair,NA,2022
AIMS,2022-06-03T22:45:00Z,STIC03,STIC,20220419-20220701,SW,21038950,28933.5,10.25889,114.7382,1,fair,NA,2022
AIMS,2022-06-03T23:00:00Z,STIC03,STIC,20220419-20220701,SW,21038950,27555.7,10.06278,109.1205,1,fair,NA,2022
AIMS,2022-06-03T23:15:00Z,STIC03,STIC,20220419-20220701,SW,21038950,27555.7,9.965,109.1205,1,fair,NA,2022
AIMS,2022-06-03T23:30:00Z,STIC03,STIC,20220419-20220701,SW,21038950,27555.7,9.866111,109.1205,1,fair,NA,2022
AIMS,2022-06-03T23:45:00Z,STIC03,STIC,20220419-20220701,SW,21038950,27555.7,9.668889,109.1205,1,fair,NA,2022
AIMS,2022-06-04T00:00:00Z,STIC03,STIC,20220419-20220701,SW,21038950,27555.7,9.571111,109.1205,1,fair,NA,2022
AIMS,2022-06-04T00:15:00Z,STIC03,STIC,20220419-20220701,SW,21038950,27555.7,9.472222,109.1205,1,fair,NA,2022
AIMS,2022-06-04T00:30:00Z,STIC03,STIC,20220419-20220701,SW,21038950,27555.7,9.372778,109.1205,1,fair,NA,2022
AIMS,2022-06-04T00:45:00Z,STIC03,STIC,20220419-20220701,SW,21038950,27555.7,9.275,109.1205,1,fair,NA,2022
AIMS,2022-06-04T01:00:00Z,STIC03,STIC,20220419-20220701,SW,21038950,27555.7,9.176111,109.1205,1,fair,NA,2022
AIMS,2022-06-04T01:15:00Z,STIC03,STIC,20220419-20220701,SW,21038950,27555.7,9.077222,109.1205,1,fair,NA,2022
AIMS,2022-06-04T01:30:00Z,STIC03,STIC,20220419-20220701,SW,21038950,27555.7,8.977778,109.1205,1,fair,NA,2022
AIMS,2022-06-04T01:45:00Z,STIC03,STIC,20220419-20220701,SW,21038950,27555.7,8.878889,109.1205,1,fair,NA,2022
AIMS,2022-06-04T02:00:00Z,STIC03,STIC,20220419-20220701,SW,21038950,27555.7,8.778889,109.1205,1,fair,NA,2022
AIMS,2022-06-04T02:15:00Z,STIC03,STIC,20220419-20220701,SW,21038950,26178,8.68,103.5033,1,fair,NA,2022
AIMS,2022-06-04T02:30:00Z,STIC03,STIC,20220419-20220701,SW,21038950,26178,8.68,103.5033,1,fair,NA,2022
AIMS,2022-06-04T02:45:00Z,STIC03,STIC,20220419-20220701,SW,21038950,26178,8.581111,103.5033,1,fair,NA,2022
AIMS,2022-06-04T03:00:00Z,STIC03,STIC,20220419-20220701,SW,21038950,26178,8.481111,103.5033,1,fair,NA,2022
AIMS,2022-06-04T03:15:00Z,STIC03,STIC,20220419-20220701,SW,21038950,26178,8.481111,103.5033,1,fair,NA,2022
AIMS,2022-06-04T03:30:00Z,STIC03,STIC,20220419-20220701,SW,21038950,26178,8.481111,103.5033,1,fair,NA,2022
AIMS,2022-06-04T03:45:00Z,STIC03,STIC,20220419-20220701,SW,21038950,26178,8.382222,103.5033,1,fair,NA,2022
AIMS,2022-06-04T04:00:00Z,STIC03,STIC,20220419-20220701,SW,21038950,26178,8.382222,103.5033,1,fair,NA,2022
AIMS,2022-06-04T04:15:00Z,STIC03,STIC,20220419-20220701,SW,21038950,26178,8.382222,103.5033,1,fair,NA,2022
AIMS,2022-06-04T04:30:00Z,STIC03,STIC,20220419-20220701,SW,21038950,26178,8.382222,103.5033,1,fair,NA,2022
AIMS,2022-06-04T04:45:00Z,STIC03,STIC,20220419-20220701,SW,21038950,26178,8.382222,103.5033,1,fair,NA,2022
AIMS,2022-06-04T05:00:00Z,STIC03,STIC,20220419-20220701,SW,21038950,26178,8.382222,103.5033,1,fair,NA,2022
AIMS,2022-06-04T05:15:00Z,STIC03,STIC,20220419-20220701,SW,21038950,26178,8.382222,103.5033,1,fair,NA,2022
AIMS,2022-06-04T05:30:00Z,STIC03,STIC,20220419-20220701,SW,21038950,26178,8.282222,103.5033,1,fair,NA,2022
AIMS,2022-06-04T05:45:00Z,STIC03,STIC,20220419-20220701,SW,21038950,26178,8.282222,103.5033,1,fair,NA,2022
AIMS,2022-06-04T06:00:00Z,STIC03,STIC,20220419-20220701,SW,21038950,26178,8.282222,103.5033,1,fair,NA,2022
AIMS,2022-06-04T06:15:00Z,STIC03,STIC,20220419-20220701,SW,21038950,26178,8.282222,103.5033,1,fair,NA,2022
AIMS,2022-06-04T06:30:00Z,STIC03,STIC,20220419-20220701,SW,21038950,26178,8.282222,103.5033,1,fair,NA,2022
AIMS,2022-06-04T06:45:00Z,STIC03,STIC,20220419-20220701,SW,21038950,26178,8.282222,103.5033,1,fair,NA,2022
AIMS,2022-06-04T07:00:00Z,STIC03,STIC,20220419-20220701,SW,21038950,26178,8.382222,103.5033,1,fair,NA,2022
AIMS,2022-06-04T07:15:00Z,STIC03,STIC,20220419-20220701,SW,21038950,26178,8.382222,103.5033,1,fair,NA,2022
AIMS,2022-06-04T07:30:00Z,STIC03,STIC,20220419-20220701,SW,21038950,26178,8.382222,103.5033,1,fair,NA,2022
AIMS,2022-06-04T07:45:00Z,STIC03,STIC,20220419-20220701,SW,21038950,26178,8.481111,103.5033,1,fair,NA,2022
AIMS,2022-06-04T08:00:00Z,STIC03,STIC,20220419-20220701,SW,21038950,26178,8.481111,103.5033,1,fair,NA,2022
AIMS,2022-06-04T08:15:00Z,STIC03,STIC,20220419-20220701,SW,21038950,26178,8.581111,103.5033,1,fair,NA,2022
AIMS,2022-06-04T08:30:00Z,STIC03,STIC,20220419-20220701,SW,21038950,26178,8.581111,103.5033,1,fair,NA,2022
AIMS,2022-06-04T08:45:00Z,STIC03,STIC,20220419-20220701,SW,21038950,26178,8.68,103.5033,1,fair,NA,2022
AIMS,2022-06-04T09:00:00Z,STIC03,STIC,20220419-20220701,SW,21038950,26178,8.68,103.5033,1,fair,NA,2022
AIMS,2022-06-04T09:15:00Z,STIC03,STIC,20220419-20220701,SW,21038950,26178,8.778889,103.5033,1,fair,NA,2022
AIMS,2022-06-04T09:30:00Z,STIC03,STIC,20220419-20220701,SW,21038950,26178,8.878889,103.5033,1,fair,NA,2022
AIMS,2022-06-04T09:45:00Z,STIC03,STIC,20220419-20220701,SW,21038950,26178,8.977778,103.5033,1,fair,NA,2022
AIMS,2022-06-04T10:00:00Z,STIC03,STIC,20220419-20220701,SW,21038950,26178,8.977778,103.5033,1,fair,NA,2022
AIMS,2022-06-04T10:15:00Z,STIC03,STIC,20220419-20220701,SW,21038950,26178,9.077222,103.5033,1,fair,NA,2022
AIMS,2022-06-04T10:30:00Z,STIC03,STIC,20220419-20220701,SW,21038950,26178,9.176111,103.5033,1,fair,NA,2022
AIMS,2022-06-04T10:45:00Z,STIC03,STIC,20220419-20220701,SW,21038950,26178,9.176111,103.5033,1,fair,NA,2022
AIMS,2022-06-04T11:00:00Z,STIC03,STIC,20220419-20220701,SW,21038950,26178,9.372778,103.5033,1,fair,NA,2022
AIMS,2022-06-04T11:15:00Z,STIC03,STIC,20220419-20220701,SW,21038950,27555.7,9.372778,109.1205,1,fair,NA,2022
AIMS,2022-06-04T11:30:00Z,STIC03,STIC,20220419-20220701,SW,21038950,27555.7,9.472222,109.1205,1,fair,NA,2022
AIMS,2022-06-04T11:45:00Z,STIC03,STIC,20220419-20220701,SW,21038950,27555.7,9.571111,109.1205,1,fair,NA,2022
AIMS,2022-06-04T12:00:00Z,STIC03,STIC,20220419-20220701,SW,21038950,27555.7,9.668889,109.1205,1,fair,NA,2022
AIMS,2022-06-04T12:15:00Z,STIC03,STIC,20220419-20220701,SW,21038950,27555.7,9.866111,109.1205,1,fair,NA,2022
AIMS,2022-06-04T12:30:00Z,STIC03,STIC,20220419-20220701,SW,21038950,27555.7,9.965,109.1205,1,fair,NA,2022
AIMS,2022-06-04T12:45:00Z,STIC03,STIC,20220419-20220701,SW,21038950,27555.7,10.16111,109.1205,1,fair,NA,2022
AIMS,2022-06-04T13:00:00Z,STIC03,STIC,20220419-20220701,SW,21038950,27555.7,10.25889,109.1205,1,fair,NA,2022
AIMS,2022-06-04T13:15:00Z,STIC03,STIC,20220419-20220701,SW,21038950,27555.7,10.455,109.1205,1,fair,NA,2022
AIMS,2022-06-04T13:30:00Z,STIC03,STIC,20220419-20220701,SW,21038950,27555.7,10.55278,109.1205,1,fair,NA,2022
AIMS,2022-06-04T13:45:00Z,STIC03,STIC,20220419-20220701,SW,21038950,27555.7,10.74778,109.1205,1,fair,NA,2022
AIMS,2022-06-04T14:00:00Z,STIC03,STIC,20220419-20220701,SW,21038950,27555.7,10.94389,109.1205,1,fair,NA,2022
AIMS,2022-06-04T14:15:00Z,STIC03,STIC,20220419-20220701,SW,21038950,27555.7,11.13889,109.1205,1,fair,NA,2022
AIMS,2022-06-04T14:30:00Z,STIC03,STIC,20220419-20220701,SW,21038950,27555.7,11.23611,109.1205,1,fair,NA,2022
AIMS,2022-06-04T14:45:00Z,STIC03,STIC,20220419-20220701,SW,21038950,28933.5,11.33389,114.7382,1,fair,NA,2022
AIMS,2022-06-04T15:00:00Z,STIC03,STIC,20220419-20220701,SW,21038950,27555.7,11.43111,109.1205,1,fair,NA,2022
AIMS,2022-06-04T15:15:00Z,STIC03,STIC,20220419-20220701,SW,21038950,28933.5,11.43111,114.7382,1,fair,NA,2022
AIMS,2022-06-04T15:30:00Z,STIC03,STIC,20220419-20220701,SW,21038950,28933.5,11.43111,114.7382,1,fair,NA,2022
AIMS,2022-06-04T15:45:00Z,STIC03,STIC,20220419-20220701,SW,21038950,28933.5,11.43111,114.7382,1,fair,NA,2022
AIMS,2022-06-04T16:00:00Z,STIC03,STIC,20220419-20220701,SW,21038950,27555.7,11.43111,109.1205,1,fair,NA,2022
AIMS,2022-06-04T16:15:00Z,STIC03,STIC,20220419-20220701,SW,21038950,28933.5,11.43111,114.7382,1,fair,NA,2022
AIMS,2022-06-04T16:30:00Z,STIC03,STIC,20220419-20220701,SW,21038950,28933.5,11.33389,114.7382,1,fair,NA,2022
AIMS,2022-06-04T16:45:00Z,STIC03,STIC,20220419-20220701,SW,21038950,28933.5,11.33389,114.7382,1,fair,NA,2022
AIMS,2022-06-04T17:00:00Z,STIC03,STIC,20220419-20220701,SW,21038950,28933.5,11.23611,114.7382,1,fair,NA,2022
AIMS,2022-06-04T17:15:00Z,STIC03,STIC,20220419-20220701,SW,21038950,28933.5,11.23611,114.7382,1,fair,NA,2022
AIMS,2022-06-04T17:30:00Z,STIC03,STIC,20220419-20220701,SW,21038950,28933.5,11.13889,114.7382,1,fair,NA,2022
AIMS,2022-06-04T17:45:00Z,STIC03,STIC,20220419-20220701,SW,21038950,27555.7,11.04111,109.1205,1,fair,NA,2022
AIMS,2022-06-04T18:00:00Z,STIC03,STIC,20220419-20220701,SW,21038950,28933.5,11.04111,114.7382,1,fair,NA,2022
AIMS,2022-06-04T18:15:00Z,STIC03,STIC,20220419-20220701,SW,21038950,27555.7,10.94389,109.1205,1,fair,NA,2022
AIMS,2022-06-04T18:30:00Z,STIC03,STIC,20220419-20220701,SW,21038950,27555.7,10.94389,109.1205,1,fair,NA,2022
AIMS,2022-06-04T18:45:00Z,STIC03,STIC,20220419-20220701,SW,21038950,27555.7,10.94389,109.1205,1,fair,NA,2022
AIMS,2022-06-04T19:00:00Z,STIC03,STIC,20220419-20220701,SW,21038950,27555.7,10.84611,109.1205,1,fair,NA,2022
AIMS,2022-06-04T19:15:00Z,STIC03,STIC,20220419-20220701,SW,21038950,27555.7,10.84611,109.1205,1,fair,NA,2022
AIMS,2022-06-04T19:30:00Z,STIC03,STIC,20220419-20220701,SW,21038950,28933.5,10.74778,114.7382,1,fair,NA,2022
AIMS,2022-06-04T19:45:00Z,STIC03,STIC,20220419-20220701,SW,21038950,27555.7,10.74778,109.1205,1,fair,NA,2022
AIMS,2022-06-04T20:00:00Z,STIC03,STIC,20220419-20220701,SW,21038950,27555.7,10.65111,109.1205,1,fair,NA,2022
AIMS,2022-06-04T20:15:00Z,STIC03,STIC,20220419-20220701,SW,21038950,27555.7,10.65111,109.1205,1,fair,NA,2022
AIMS,2022-06-04T20:30:00Z,STIC03,STIC,20220419-20220701,SW,21038950,27555.7,10.55278,109.1205,1,fair,NA,2022
AIMS,2022-06-04T20:45:00Z,STIC03,STIC,20220419-20220701,SW,21038950,27555.7,10.455,109.1205,1,fair,NA,2022
AIMS,2022-06-04T21:00:00Z,STIC03,STIC,20220419-20220701,SW,21038950,27555.7,10.35722,109.1205,1,fair,NA,2022
AIMS,2022-06-04T21:15:00Z,STIC03,STIC,20220419-20220701,SW,21038950,27555.7,10.25889,109.1205,1,fair,NA,2022
AIMS,2022-06-04T21:30:00Z,STIC03,STIC,20220419-20220701,SW,21038950,27555.7,10.16111,109.1205,1,fair,NA,2022
AIMS,2022-06-04T21:45:00Z,STIC03,STIC,20220419-20220701,SW,21038950,27555.7,10.06278,109.1205,1,fair,NA,2022
AIMS,2022-06-04T22:00:00Z,STIC03,STIC,20220419-20220701,SW,21038950,27555.7,9.965,109.1205,1,fair,NA,2022
AIMS,2022-06-04T22:15:00Z,STIC03,STIC,20220419-20220701,SW,21038950,27555.7,9.866111,109.1205,1,fair,NA,2022
AIMS,2022-06-04T22:30:00Z,STIC03,STIC,20220419-20220701,SW,21038950,27555.7,9.767778,109.1205,1,fair,NA,2022
AIMS,2022-06-04T22:45:00Z,STIC03,STIC,20220419-20220701,SW,21038950,27555.7,9.668889,109.1205,1,fair,NA,2022
AIMS,2022-06-04T23:00:00Z,STIC03,STIC,20220419-20220701,SW,21038950,27555.7,9.571111,109.1205,1,fair,NA,2022
AIMS,2022-06-04T23:15:00Z,STIC03,STIC,20220419-20220701,SW,21038950,27555.7,9.372778,109.1205,1,fair,NA,2022
AIMS,2022-06-04T23:30:00Z,STIC03,STIC,20220419-20220701,SW,21038950,27555.7,9.275,109.1205,1,fair,NA,2022
AIMS,2022-06-04T23:45:00Z,STIC03,STIC,20220419-20220701,SW,21038950,27555.7,9.176111,109.1205,1,fair,NA,2022
AIMS,2022-06-05T00:00:00Z,STIC03,STIC,20220419-20220701,SW,21038950,27555.7,9.077222,109.1205,1,fair,NA,2022
AIMS,2022-06-05T00:15:00Z,STIC03,STIC,20220419-20220701,SW,21038950,26178,8.977778,103.5033,1,fair,NA,2022
AIMS,2022-06-05T00:30:00Z,STIC03,STIC,20220419-20220701,SW,21038950,27555.7,8.878889,109.1205,1,fair,NA,2022
AIMS,2022-06-05T00:45:00Z,STIC03,STIC,20220419-20220701,SW,21038950,26178,8.778889,103.5033,1,fair,NA,2022
AIMS,2022-06-05T01:00:00Z,STIC03,STIC,20220419-20220701,SW,21038950,26178,8.68,103.5033,1,fair,NA,2022
AIMS,2022-06-05T01:15:00Z,STIC03,STIC,20220419-20220701,SW,21038950,26178,8.581111,103.5033,1,fair,NA,2022
AIMS,2022-06-05T01:30:00Z,STIC03,STIC,20220419-20220701,SW,21038950,26178,8.481111,103.5033,1,fair,NA,2022
AIMS,2022-06-05T01:45:00Z,STIC03,STIC,20220419-20220701,SW,21038950,26178,8.382222,103.5033,1,fair,NA,2022
AIMS,2022-06-05T02:00:00Z,STIC03,STIC,20220419-20220701,SW,21038950,26178,8.382222,103.5033,1,fair,NA,2022
AIMS,2022-06-05T02:15:00Z,STIC03,STIC,20220419-20220701,SW,21038950,26178,8.282222,103.5033,1,fair,NA,2022
AIMS,2022-06-05T02:30:00Z,STIC03,STIC,20220419-20220701,SW,21038950,26178,8.182222,103.5033,1,fair,NA,2022
AIMS,2022-06-05T02:45:00Z,STIC03,STIC,20220419-20220701,SW,21038950,26178,8.082222,103.5033,1,fair,NA,2022
AIMS,2022-06-05T03:00:00Z,STIC03,STIC,20220419-20220701,SW,21038950,26178,7.982778,103.5033,1,fair,NA,2022
AIMS,2022-06-05T03:15:00Z,STIC03,STIC,20220419-20220701,SW,21038950,26178,7.982778,103.5033,1,fair,NA,2022
AIMS,2022-06-05T03:30:00Z,STIC03,STIC,20220419-20220701,SW,21038950,26178,7.882222,103.5033,1,fair,NA,2022
AIMS,2022-06-05T03:45:00Z,STIC03,STIC,20220419-20220701,SW,21038950,26178,7.782222,103.5033,1,fair,NA,2022
AIMS,2022-06-05T04:00:00Z,STIC03,STIC,20220419-20220701,SW,21038950,26178,7.782222,103.5033,1,fair,NA,2022
AIMS,2022-06-05T04:15:00Z,STIC03,STIC,20220419-20220701,SW,21038950,26178,7.682222,103.5033,1,fair,NA,2022
AIMS,2022-06-05T04:30:00Z,STIC03,STIC,20220419-20220701,SW,21038950,26178,7.682222,103.5033,1,fair,NA,2022
AIMS,2022-06-05T04:45:00Z,STIC03,STIC,20220419-20220701,SW,21038950,26178,7.582222,103.5033,1,fair,NA,2022
AIMS,2022-06-05T05:00:00Z,STIC03,STIC,20220419-20220701,SW,21038950,26178,7.582222,103.5033,1,fair,NA,2022
AIMS,2022-06-05T05:15:00Z,STIC03,STIC,20220419-20220701,SW,21038950,26178,7.481111,103.5033,1,fair,NA,2022
AIMS,2022-06-05T05:30:00Z,STIC03,STIC,20220419-20220701,SW,21038950,26178,7.481111,103.5033,1,fair,NA,2022
AIMS,2022-06-05T05:45:00Z,STIC03,STIC,20220419-20220701,SW,21038950,26178,7.381111,103.5033,1,fair,NA,2022
AIMS,2022-06-05T06:00:00Z,STIC03,STIC,20220419-20220701,SW,21038950,26178,7.381111,103.5033,1,fair,NA,2022
AIMS,2022-06-05T06:15:00Z,STIC03,STIC,20220419-20220701,SW,21038950,26178,7.28,103.5033,1,fair,NA,2022
AIMS,2022-06-05T06:30:00Z,STIC03,STIC,20220419-20220701,SW,21038950,26178,7.28,103.5033,1,fair,NA,2022
AIMS,2022-06-05T06:45:00Z,STIC03,STIC,20220419-20220701,SW,21038950,26178,7.28,103.5033,1,fair,NA,2022
AIMS,2022-06-05T07:00:00Z,STIC03,STIC,20220419-20220701,SW,21038950,26178,7.381111,103.5033,1,fair,NA,2022
AIMS,2022-06-05T07:15:00Z,STIC03,STIC,20220419-20220701,SW,21038950,26178,7.381111,103.5033,1,fair,NA,2022
AIMS,2022-06-05T07:30:00Z,STIC03,STIC,20220419-20220701,SW,21038950,26178,7.481111,103.5033,1,fair,NA,2022
AIMS,2022-06-05T07:45:00Z,STIC03,STIC,20220419-20220701,SW,21038950,26178,7.582222,103.5033,1,fair,NA,2022
AIMS,2022-06-05T08:00:00Z,STIC03,STIC,20220419-20220701,SW,21038950,26178,7.582222,103.5033,1,fair,NA,2022
AIMS,2022-06-05T08:15:00Z,STIC03,STIC,20220419-20220701,SW,21038950,26178,7.682222,103.5033,1,fair,NA,2022
AIMS,2022-06-05T08:30:00Z,STIC03,STIC,20220419-20220701,SW,21038950,26178,7.782222,103.5033,1,fair,NA,2022
AIMS,2022-06-05T08:45:00Z,STIC03,STIC,20220419-20220701,SW,21038950,26178,7.882222,103.5033,1,fair,NA,2022
AIMS,2022-06-05T09:00:00Z,STIC03,STIC,20220419-20220701,SW,21038950,26178,7.882222,103.5033,1,fair,NA,2022
AIMS,2022-06-05T09:15:00Z,STIC03,STIC,20220419-20220701,SW,21038950,26178,7.982778,103.5033,1,fair,NA,2022
AIMS,2022-06-05T09:30:00Z,STIC03,STIC,20220419-20220701,SW,21038950,26178,8.082222,103.5033,1,fair,NA,2022
AIMS,2022-06-05T09:45:00Z,STIC03,STIC,20220419-20220701,SW,21038950,26178,8.082222,103.5033,1,fair,NA,2022
AIMS,2022-06-05T10:00:00Z,STIC03,STIC,20220419-20220701,SW,21038950,26178,8.282222,103.5033,1,fair,NA,2022
AIMS,2022-06-05T10:15:00Z,STIC03,STIC,20220419-20220701,SW,21038950,26178,8.282222,103.5033,1,fair,NA,2022
AIMS,2022-06-05T10:30:00Z,STIC03,STIC,20220419-20220701,SW,21038950,26178,8.382222,103.5033,1,fair,NA,2022
AIMS,2022-06-05T10:45:00Z,STIC03,STIC,20220419-20220701,SW,21038950,26178,8.481111,103.5033,1,fair,NA,2022
AIMS,2022-06-05T11:00:00Z,STIC03,STIC,20220419-20220701,SW,21038950,26178,8.581111,103.5033,1,fair,NA,2022
AIMS,2022-06-05T11:15:00Z,STIC03,STIC,20220419-20220701,SW,21038950,26178,8.68,103.5033,1,fair,NA,2022
AIMS,2022-06-05T11:30:00Z,STIC03,STIC,20220419-20220701,SW,21038950,26178,8.68,103.5033,1,fair,NA,2022
AIMS,2022-06-05T11:45:00Z,STIC03,STIC,20220419-20220701,SW,21038950,26178,8.778889,103.5033,1,fair,NA,2022
AIMS,2022-06-05T12:00:00Z,STIC03,STIC,20220419-20220701,SW,21038950,26178,8.778889,103.5033,1,fair,NA,2022
AIMS,2022-06-05T12:15:00Z,STIC03,STIC,20220419-20220701,SW,21038950,26178,8.878889,103.5033,1,fair,NA,2022
AIMS,2022-06-05T12:30:00Z,STIC03,STIC,20220419-20220701,SW,21038950,26178,8.977778,103.5033,1,fair,NA,2022
AIMS,2022-06-05T12:45:00Z,STIC03,STIC,20220419-20220701,SW,21038950,26178,8.977778,103.5033,1,fair,NA,2022
AIMS,2022-06-05T13:00:00Z,STIC03,STIC,20220419-20220701,SW,21038950,26178,9.077222,103.5033,1,fair,NA,2022
AIMS,2022-06-05T13:15:00Z,STIC03,STIC,20220419-20220701,SW,21038950,26178,9.077222,103.5033,1,fair,NA,2022
AIMS,2022-06-05T13:30:00Z,STIC03,STIC,20220419-20220701,SW,21038950,26178,9.176111,103.5033,1,fair,NA,2022
AIMS,2022-06-05T13:45:00Z,STIC03,STIC,20220419-20220701,SW,21038950,26178,9.275,103.5033,1,fair,NA,2022
AIMS,2022-06-05T14:00:00Z,STIC03,STIC,20220419-20220701,SW,21038950,26178,9.372778,103.5033,1,fair,NA,2022
AIMS,2022-06-05T14:15:00Z,STIC03,STIC,20220419-20220701,SW,21038950,26178,9.372778,103.5033,1,fair,NA,2022
AIMS,2022-06-05T14:30:00Z,STIC03,STIC,20220419-20220701,SW,21038950,26178,9.472222,103.5033,1,fair,NA,2022
AIMS,2022-06-05T14:45:00Z,STIC03,STIC,20220419-20220701,SW,21038950,26178,9.668889,103.5033,1,fair,NA,2022
AIMS,2022-06-05T15:00:00Z,STIC03,STIC,20220419-20220701,SW,21038950,26178,9.767778,103.5033,1,fair,NA,2022
AIMS,2022-06-05T15:15:00Z,STIC03,STIC,20220419-20220701,SW,21038950,26178,9.866111,103.5033,1,fair,NA,2022
AIMS,2022-06-05T15:30:00Z,STIC03,STIC,20220419-20220701,SW,21038950,26178,9.767778,103.5033,1,fair,NA,2022
AIMS,2022-06-05T15:45:00Z,STIC03,STIC,20220419-20220701,SW,21038950,26178,9.767778,103.5033,1,fair,NA,2022
AIMS,2022-06-05T16:00:00Z,STIC03,STIC,20220419-20220701,SW,21038950,26178,9.866111,103.5033,1,fair,NA,2022
AIMS,2022-06-05T16:15:00Z,STIC03,STIC,20220419-20220701,SW,21038950,26178,10.06278,103.5033,1,fair,NA,2022
AIMS,2022-06-05T16:30:00Z,STIC03,STIC,20220419-20220701,SW,21038950,27555.7,10.16111,109.1205,1,fair,NA,2022
AIMS,2022-06-05T16:45:00Z,STIC03,STIC,20220419-20220701,SW,21038950,27555.7,10.25889,109.1205,1,fair,NA,2022
AIMS,2022-06-05T17:00:00Z,STIC03,STIC,20220419-20220701,SW,21038950,27555.7,10.35722,109.1205,1,fair,NA,2022
AIMS,2022-06-05T17:15:00Z,STIC03,STIC,20220419-20220701,SW,21038950,27555.7,10.455,109.1205,1,fair,NA,2022
AIMS,2022-06-05T17:30:00Z,STIC03,STIC,20220419-20220701,SW,21038950,27555.7,10.455,109.1205,1,fair,NA,2022
AIMS,2022-06-05T17:45:00Z,STIC03,STIC,20220419-20220701,SW,21038950,27555.7,10.35722,109.1205,1,fair,NA,2022
AIMS,2022-06-05T18:00:00Z,STIC03,STIC,20220419-20220701,SW,21038950,27555.7,10.455,109.1205,1,fair,NA,2022
AIMS,2022-06-05T18:15:00Z,STIC03,STIC,20220419-20220701,SW,21038950,27555.7,10.455,109.1205,1,fair,NA,2022
AIMS,2022-06-05T18:30:00Z,STIC03,STIC,20220419-20220701,SW,21038950,27555.7,10.35722,109.1205,1,fair,NA,2022
AIMS,2022-06-05T18:45:00Z,STIC03,STIC,20220419-20220701,SW,21038950,27555.7,10.35722,109.1205,1,fair,NA,2022
AIMS,2022-06-05T19:00:00Z,STIC03,STIC,20220419-20220701,SW,21038950,27555.7,10.25889,109.1205,1,fair,NA,2022
AIMS,2022-06-05T19:15:00Z,STIC03,STIC,20220419-20220701,SW,21038950,27555.7,10.25889,109.1205,1,fair,NA,2022
AIMS,2022-06-05T19:30:00Z,STIC03,STIC,20220419-20220701,SW,21038950,27555.7,10.25889,109.1205,1,fair,NA,2022
AIMS,2022-06-05T19:45:00Z,STIC03,STIC,20220419-20220701,SW,21038950,27555.7,10.16111,109.1205,1,fair,NA,2022
AIMS,2022-06-05T20:00:00Z,STIC03,STIC,20220419-20220701,SW,21038950,27555.7,10.16111,109.1205,1,fair,NA,2022
AIMS,2022-06-05T20:15:00Z,STIC03,STIC,20220419-20220701,SW,21038950,27555.7,10.06278,109.1205,1,fair,NA,2022
AIMS,2022-06-05T20:30:00Z,STIC03,STIC,20220419-20220701,SW,21038950,27555.7,10.06278,109.1205,1,fair,NA,2022
AIMS,2022-06-05T20:45:00Z,STIC03,STIC,20220419-20220701,SW,21038950,27555.7,9.965,109.1205,1,fair,NA,2022
AIMS,2022-06-05T21:00:00Z,STIC03,STIC,20220419-20220701,SW,21038950,27555.7,9.965,109.1205,1,fair,NA,2022
AIMS,2022-06-05T21:15:00Z,STIC03,STIC,20220419-20220701,SW,21038950,27555.7,9.866111,109.1205,1,fair,NA,2022
AIMS,2022-06-05T21:30:00Z,STIC03,STIC,20220419-20220701,SW,21038950,27555.7,9.866111,109.1205,1,fair,NA,2022
AIMS,2022-06-05T21:45:00Z,STIC03,STIC,20220419-20220701,SW,21038950,27555.7,9.767778,109.1205,1,fair,NA,2022
AIMS,2022-06-05T22:00:00Z,STIC03,STIC,20220419-20220701,SW,21038950,27555.7,9.767778,109.1205,1,fair,NA,2022
AIMS,2022-06-05T22:15:00Z,STIC03,STIC,20220419-20220701,SW,21038950,27555.7,9.668889,109.1205,1,fair,NA,2022
AIMS,2022-06-05T22:30:00Z,STIC03,STIC,20220419-20220701,SW,21038950,27555.7,9.571111,109.1205,1,fair,NA,2022
AIMS,2022-06-05T22:45:00Z,STIC03,STIC,20220419-20220701,SW,21038950,27555.7,9.571111,109.1205,1,fair,NA,2022
AIMS,2022-06-05T23:00:00Z,STIC03,STIC,20220419-20220701,SW,21038950,27555.7,9.571111,109.1205,1,fair,NA,2022
AIMS,2022-06-05T23:15:00Z,STIC03,STIC,20220419-20220701,SW,21038950,27555.7,9.472222,109.1205,1,fair,NA,2022
AIMS,2022-06-05T23:30:00Z,STIC03,STIC,20220419-20220701,SW,21038950,27555.7,9.472222,109.1205,1,fair,NA,2022
AIMS,2022-06-05T23:45:00Z,STIC03,STIC,20220419-20220701,SW,21038950,27555.7,9.372778,109.1205,1,fair,NA,2022
AIMS,2022-06-06T00:00:00Z,STIC03,STIC,20220419-20220701,SW,21038950,27555.7,9.372778,109.1205,1,fair,NA,2022
AIMS,2022-06-06T00:15:00Z,STIC03,STIC,20220419-20220701,SW,21038950,27555.7,9.275,109.1205,1,fair,NA,2022
AIMS,2022-06-06T00:30:00Z,STIC03,STIC,20220419-20220701,SW,21038950,27555.7,9.176111,109.1205,1,fair,NA,2022
AIMS,2022-06-06T00:45:00Z,STIC03,STIC,20220419-20220701,SW,21038950,27555.7,9.176111,109.1205,1,fair,NA,2022
AIMS,2022-06-06T01:00:00Z,STIC03,STIC,20220419-20220701,SW,21038950,27555.7,9.077222,109.1205,1,fair,NA,2022
AIMS,2022-06-06T01:15:00Z,STIC03,STIC,20220419-20220701,SW,21038950,26178,8.977778,103.5033,1,fair,NA,2022
AIMS,2022-06-06T01:30:00Z,STIC03,STIC,20220419-20220701,SW,21038950,26178,8.977778,103.5033,1,fair,NA,2022
AIMS,2022-06-06T01:45:00Z,STIC03,STIC,20220419-20220701,SW,21038950,26178,8.977778,103.5033,1,fair,NA,2022
AIMS,2022-06-06T02:00:00Z,STIC03,STIC,20220419-20220701,SW,21038950,26178,8.878889,103.5033,1,fair,NA,2022
AIMS,2022-06-06T02:15:00Z,STIC03,STIC,20220419-20220701,SW,21038950,26178,8.778889,103.5033,1,fair,NA,2022
AIMS,2022-06-06T02:30:00Z,STIC03,STIC,20220419-20220701,SW,21038950,26178,8.68,103.5033,1,fair,NA,2022
AIMS,2022-06-06T02:45:00Z,STIC03,STIC,20220419-20220701,SW,21038950,26178,8.68,103.5033,1,fair,NA,2022
AIMS,2022-06-06T03:00:00Z,STIC03,STIC,20220419-20220701,SW,21038950,26178,8.581111,103.5033,1,fair,NA,2022
AIMS,2022-06-06T03:15:00Z,STIC03,STIC,20220419-20220701,SW,21038950,26178,8.481111,103.5033,1,fair,NA,2022
AIMS,2022-06-06T03:30:00Z,STIC03,STIC,20220419-20220701,SW,21038950,26178,8.382222,103.5033,1,fair,NA,2022
AIMS,2022-06-06T03:45:00Z,STIC03,STIC,20220419-20220701,SW,21038950,26178,8.382222,103.5033,1,fair,NA,2022
AIMS,2022-06-06T04:00:00Z,STIC03,STIC,20220419-20220701,SW,21038950,26178,8.282222,103.5033,1,fair,NA,2022
AIMS,2022-06-06T04:15:00Z,STIC03,STIC,20220419-20220701,SW,21038950,26178,8.282222,103.5033,1,fair,NA,2022
AIMS,2022-06-06T04:30:00Z,STIC03,STIC,20220419-20220701,SW,21038950,26178,8.182222,103.5033,1,fair,NA,2022
AIMS,2022-06-06T04:45:00Z,STIC03,STIC,20220419-20220701,SW,21038950,26178,8.182222,103.5033,1,fair,NA,2022
AIMS,2022-06-06T05:00:00Z,STIC03,STIC,20220419-20220701,SW,21038950,26178,8.082222,103.5033,1,fair,NA,2022
AIMS,2022-06-06T05:15:00Z,STIC03,STIC,20220419-20220701,SW,21038950,26178,8.082222,103.5033,1,fair,NA,2022
AIMS,2022-06-06T05:30:00Z,STIC03,STIC,20220419-20220701,SW,21038950,26178,8.082222,103.5033,1,fair,NA,2022
AIMS,2022-06-06T05:45:00Z,STIC03,STIC,20220419-20220701,SW,21038950,26178,8.082222,103.5033,1,fair,NA,2022
AIMS,2022-06-06T06:00:00Z,STIC03,STIC,20220419-20220701,SW,21038950,26178,8.082222,103.5033,1,fair,NA,2022
AIMS,2022-06-06T06:15:00Z,STIC03,STIC,20220419-20220701,SW,21038950,26178,8.082222,103.5033,1,fair,NA,2022
AIMS,2022-06-06T06:30:00Z,STIC03,STIC,20220419-20220701,SW,21038950,26178,8.082222,103.5033,1,fair,NA,2022
AIMS,2022-06-06T06:45:00Z,STIC03,STIC,20220419-20220701,SW,21038950,26178,8.082222,103.5033,1,fair,NA,2022
AIMS,2022-06-06T07:00:00Z,STIC03,STIC,20220419-20220701,SW,21038950,26178,8.082222,103.5033,1,fair,NA,2022
AIMS,2022-06-06T07:15:00Z,STIC03,STIC,20220419-20220701,SW,21038950,26178,8.082222,103.5033,1,fair,NA,2022
AIMS,2022-06-06T07:30:00Z,STIC03,STIC,20220419-20220701,SW,21038950,26178,8.082222,103.5033,1,fair,NA,2022
AIMS,2022-06-06T07:45:00Z,STIC03,STIC,20220419-20220701,SW,21038950,26178,8.082222,103.5033,1,fair,NA,2022
AIMS,2022-06-06T08:00:00Z,STIC03,STIC,20220419-20220701,SW,21038950,26178,8.182222,103.5033,1,fair,NA,2022
AIMS,2022-06-06T08:15:00Z,STIC03,STIC,20220419-20220701,SW,21038950,26178,8.182222,103.5033,1,fair,NA,2022
AIMS,2022-06-06T08:30:00Z,STIC03,STIC,20220419-20220701,SW,21038950,26178,8.282222,103.5033,1,fair,NA,2022
AIMS,2022-06-06T08:45:00Z,STIC03,STIC,20220419-20220701,SW,21038950,26178,8.282222,103.5033,1,fair,NA,2022
AIMS,2022-06-06T09:00:00Z,STIC03,STIC,20220419-20220701,SW,21038950,26178,8.282222,103.5033,1,fair,NA,2022
AIMS,2022-06-06T09:15:00Z,STIC03,STIC,20220419-20220701,SW,21038950,26178,8.382222,103.5033,1,fair,NA,2022
AIMS,2022-06-06T09:30:00Z,STIC03,STIC,20220419-20220701,SW,21038950,26178,8.481111,103.5033,1,fair,NA,2022
AIMS,2022-06-06T09:45:00Z,STIC03,STIC,20220419-20220701,SW,21038950,26178,8.581111,103.5033,1,fair,NA,2022
AIMS,2022-06-06T10:00:00Z,STIC03,STIC,20220419-20220701,SW,21038950,26178,8.68,103.5033,1,fair,NA,2022
AIMS,2022-06-06T10:15:00Z,STIC03,STIC,20220419-20220701,SW,21038950,27555.7,8.778889,109.1205,1,fair,NA,2022
AIMS,2022-06-06T10:30:00Z,STIC03,STIC,20220419-20220701,SW,21038950,27555.7,8.977778,109.1205,1,fair,NA,2022
AIMS,2022-06-06T10:45:00Z,STIC03,STIC,20220419-20220701,SW,21038950,30311.3,9.077222,120.3558,1,fair,NA,2022
AIMS,2022-06-06T11:00:00Z,STIC03,STIC,20220419-20220701,SW,21038950,27555.7,9.176111,109.1205,1,fair,NA,2022
AIMS,2022-06-06T11:15:00Z,STIC03,STIC,20220419-20220701,SW,21038950,27555.7,9.372778,109.1205,1,fair,NA,2022
AIMS,2022-06-06T11:30:00Z,STIC03,STIC,20220419-20220701,SW,21038950,27555.7,9.571111,109.1205,1,fair,NA,2022
AIMS,2022-06-06T11:45:00Z,STIC03,STIC,20220419-20220701,SW,21038950,27555.7,9.767778,109.1205,1,fair,NA,2022
AIMS,2022-06-06T12:00:00Z,STIC03,STIC,20220419-20220701,SW,21038950,27555.7,9.965,109.1205,1,fair,NA,2022
AIMS,2022-06-06T12:15:00Z,STIC03,STIC,20220419-20220701,SW,21038950,27555.7,10.16111,109.1205,1,fair,NA,2022
AIMS,2022-06-06T12:30:00Z,STIC03,STIC,20220419-20220701,SW,21038950,28933.5,10.455,114.7382,1,fair,NA,2022
AIMS,2022-06-06T12:45:00Z,STIC03,STIC,20220419-20220701,SW,21038950,28933.5,10.55278,114.7382,1,fair,NA,2022
AIMS,2022-06-06T13:00:00Z,STIC03,STIC,20220419-20220701,SW,21038950,28933.5,10.74778,114.7382,1,fair,NA,2022
AIMS,2022-06-06T13:15:00Z,STIC03,STIC,20220419-20220701,SW,21038950,28933.5,10.94389,114.7382,1,fair,NA,2022
AIMS,2022-06-06T13:30:00Z,STIC03,STIC,20220419-20220701,SW,21038950,28933.5,11.13889,114.7382,1,fair,NA,2022
AIMS,2022-06-06T13:45:00Z,STIC03,STIC,20220419-20220701,SW,21038950,28933.5,11.23611,114.7382,1,fair,NA,2022
AIMS,2022-06-06T14:00:00Z,STIC03,STIC,20220419-20220701,SW,21038950,28933.5,11.33389,114.7382,1,fair,NA,2022
AIMS,2022-06-06T14:15:00Z,STIC03,STIC,20220419-20220701,SW,21038950,28933.5,11.52778,114.7382,1,fair,NA,2022
AIMS,2022-06-06T14:30:00Z,STIC03,STIC,20220419-20220701,SW,21038950,28933.5,11.625,114.7382,1,fair,NA,2022
AIMS,2022-06-06T14:45:00Z,STIC03,STIC,20220419-20220701,SW,21038950,28933.5,11.81889,114.7382,1,fair,NA,2022
AIMS,2022-06-06T15:00:00Z,STIC03,STIC,20220419-20220701,SW,21038950,28933.5,11.91611,114.7382,1,fair,NA,2022
AIMS,2022-06-06T15:15:00Z,STIC03,STIC,20220419-20220701,SW,21038950,28933.5,11.91611,114.7382,1,fair,NA,2022
AIMS,2022-06-06T15:30:00Z,STIC03,STIC,20220419-20220701,SW,21038950,28933.5,12.11,114.7382,1,fair,NA,2022
AIMS,2022-06-06T15:45:00Z,STIC03,STIC,20220419-20220701,SW,21038950,28933.5,12.20722,114.7382,1,fair,NA,2022
AIMS,2022-06-06T16:00:00Z,STIC03,STIC,20220419-20220701,SW,21038950,28933.5,12.30389,114.7382,1,fair,NA,2022
AIMS,2022-06-06T16:15:00Z,STIC03,STIC,20220419-20220701,SW,21038950,28933.5,12.40111,114.7382,1,fair,NA,2022
AIMS,2022-06-06T16:30:00Z,STIC03,STIC,20220419-20220701,SW,21038950,28933.5,12.40111,114.7382,1,fair,NA,2022
AIMS,2022-06-06T16:45:00Z,STIC03,STIC,20220419-20220701,SW,21038950,28933.5,12.30389,114.7382,1,fair,NA,2022
AIMS,2022-06-06T17:00:00Z,STIC03,STIC,20220419-20220701,SW,21038950,28933.5,12.30389,114.7382,1,fair,NA,2022
AIMS,2022-06-06T17:15:00Z,STIC03,STIC,20220419-20220701,SW,21038950,28933.5,12.20722,114.7382,1,fair,NA,2022
AIMS,2022-06-06T17:30:00Z,STIC03,STIC,20220419-20220701,SW,21038950,28933.5,12.11,114.7382,1,fair,NA,2022
AIMS,2022-06-06T17:45:00Z,STIC03,STIC,20220419-20220701,SW,21038950,28933.5,12.01278,114.7382,1,fair,NA,2022
AIMS,2022-06-06T18:00:00Z,STIC03,STIC,20220419-20220701,SW,21038950,28933.5,12.01278,114.7382,1,fair,NA,2022
AIMS,2022-06-06T18:15:00Z,STIC03,STIC,20220419-20220701,SW,21038950,28933.5,11.91611,114.7382,1,fair,NA,2022
AIMS,2022-06-06T18:30:00Z,STIC03,STIC,20220419-20220701,SW,21038950,28933.5,11.72222,114.7382,1,fair,NA,2022
AIMS,2022-06-06T18:45:00Z,STIC03,STIC,20220419-20220701,SW,21038950,28933.5,11.625,114.7382,1,fair,NA,2022
AIMS,2022-06-06T19:00:00Z,STIC03,STIC,20220419-20220701,SW,21038950,28933.5,11.43111,114.7382,1,fair,NA,2022
AIMS,2022-06-06T19:15:00Z,STIC03,STIC,20220419-20220701,SW,21038950,28933.5,11.33389,114.7382,1,fair,NA,2022
AIMS,2022-06-06T19:30:00Z,STIC03,STIC,20220419-20220701,SW,21038950,28933.5,11.23611,114.7382,1,fair,NA,2022
AIMS,2022-06-06T19:45:00Z,STIC03,STIC,20220419-20220701,SW,21038950,28933.5,11.13889,114.7382,1,fair,NA,2022
AIMS,2022-06-06T20:00:00Z,STIC03,STIC,20220419-20220701,SW,21038950,28933.5,11.04111,114.7382,1,fair,NA,2022
AIMS,2022-06-06T20:15:00Z,STIC03,STIC,20220419-20220701,SW,21038950,28933.5,11.04111,114.7382,1,fair,NA,2022
AIMS,2022-06-06T20:30:00Z,STIC03,STIC,20220419-20220701,SW,21038950,28933.5,10.84611,114.7382,1,fair,NA,2022
AIMS,2022-06-06T20:45:00Z,STIC03,STIC,20220419-20220701,SW,21038950,28933.5,10.74778,114.7382,1,fair,NA,2022
AIMS,2022-06-06T21:00:00Z,STIC03,STIC,20220419-20220701,SW,21038950,28933.5,10.55278,114.7382,1,fair,NA,2022
AIMS,2022-06-06T21:15:00Z,STIC03,STIC,20220419-20220701,SW,21038950,28933.5,10.35722,114.7382,1,fair,NA,2022
AIMS,2022-06-06T21:30:00Z,STIC03,STIC,20220419-20220701,SW,21038950,28933.5,10.06278,114.7382,1,fair,NA,2022
AIMS,2022-06-06T21:45:00Z,STIC03,STIC,20220419-20220701,SW,21038950,28933.5,9.866111,114.7382,1,fair,NA,2022
AIMS,2022-06-06T22:00:00Z,STIC03,STIC,20220419-20220701,SW,21038950,28933.5,9.668889,114.7382,1,fair,NA,2022
AIMS,2022-06-06T22:15:00Z,STIC03,STIC,20220419-20220701,SW,21038950,27555.7,9.472222,109.1205,1,fair,NA,2022
AIMS,2022-06-06T22:30:00Z,STIC03,STIC,20220419-20220701,SW,21038950,27555.7,9.472222,109.1205,1,fair,NA,2022
AIMS,2022-06-06T22:45:00Z,STIC03,STIC,20220419-20220701,SW,21038950,27555.7,9.372778,109.1205,1,fair,NA,2022
AIMS,2022-06-06T23:00:00Z,STIC03,STIC,20220419-20220701,SW,21038950,27555.7,9.275,109.1205,1,fair,NA,2022
AIMS,2022-06-06T23:15:00Z,STIC03,STIC,20220419-20220701,SW,21038950,27555.7,9.176111,109.1205,1,fair,NA,2022
AIMS,2022-06-06T23:30:00Z,STIC03,STIC,20220419-20220701,SW,21038950,27555.7,8.977778,109.1205,1,fair,NA,2022
AIMS,2022-06-06T23:45:00Z,STIC03,STIC,20220419-20220701,SW,21038950,27555.7,8.878889,109.1205,1,fair,NA,2022
AIMS,2022-06-07T00:00:00Z,STIC03,STIC,20220419-20220701,SW,21038950,27555.7,8.778889,109.1205,1,fair,NA,2022
AIMS,2022-06-07T00:15:00Z,STIC03,STIC,20220419-20220701,SW,21038950,27555.7,8.581111,109.1205,1,fair,NA,2022
AIMS,2022-06-07T00:30:00Z,STIC03,STIC,20220419-20220701,SW,21038950,27555.7,8.581111,109.1205,1,fair,NA,2022
AIMS,2022-06-07T00:45:00Z,STIC03,STIC,20220419-20220701,SW,21038950,27555.7,8.481111,109.1205,1,fair,NA,2022
AIMS,2022-06-07T01:00:00Z,STIC03,STIC,20220419-20220701,SW,21038950,27555.7,8.382222,109.1205,1,fair,NA,2022
AIMS,2022-06-07T01:15:00Z,STIC03,STIC,20220419-20220701,SW,21038950,27555.7,8.282222,109.1205,1,fair,NA,2022
AIMS,2022-06-07T01:30:00Z,STIC03,STIC,20220419-20220701,SW,21038950,27555.7,8.182222,109.1205,1,fair,NA,2022
AIMS,2022-06-07T01:45:00Z,STIC03,STIC,20220419-20220701,SW,21038950,26178,8.082222,103.5033,1,fair,NA,2022
AIMS,2022-06-07T02:00:00Z,STIC03,STIC,20220419-20220701,SW,21038950,26178,7.982778,103.5033,1,fair,NA,2022
AIMS,2022-06-07T02:15:00Z,STIC03,STIC,20220419-20220701,SW,21038950,26178,7.882222,103.5033,1,fair,NA,2022
AIMS,2022-06-07T02:30:00Z,STIC03,STIC,20220419-20220701,SW,21038950,26178,7.782222,103.5033,1,fair,NA,2022
AIMS,2022-06-07T02:45:00Z,STIC03,STIC,20220419-20220701,SW,21038950,26178,7.782222,103.5033,1,fair,NA,2022
AIMS,2022-06-07T03:00:00Z,STIC03,STIC,20220419-20220701,SW,21038950,26178,7.682222,103.5033,1,fair,NA,2022
AIMS,2022-06-07T03:15:00Z,STIC03,STIC,20220419-20220701,SW,21038950,26178,7.582222,103.5033,1,fair,NA,2022
AIMS,2022-06-07T03:30:00Z,STIC03,STIC,20220419-20220701,SW,21038950,26178,7.481111,103.5033,1,fair,NA,2022
AIMS,2022-06-07T03:45:00Z,STIC03,STIC,20220419-20220701,SW,21038950,26178,7.381111,103.5033,1,fair,NA,2022
AIMS,2022-06-07T04:00:00Z,STIC03,STIC,20220419-20220701,SW,21038950,26178,7.381111,103.5033,1,fair,NA,2022
AIMS,2022-06-07T04:15:00Z,STIC03,STIC,20220419-20220701,SW,21038950,26178,7.381111,103.5033,1,fair,NA,2022
AIMS,2022-06-07T04:30:00Z,STIC03,STIC,20220419-20220701,SW,21038950,26178,7.28,103.5033,1,fair,NA,2022
AIMS,2022-06-07T04:45:00Z,STIC03,STIC,20220419-20220701,SW,21038950,26178,7.28,103.5033,1,fair,NA,2022
AIMS,2022-06-07T05:00:00Z,STIC03,STIC,20220419-20220701,SW,21038950,26178,7.28,103.5033,1,fair,NA,2022
AIMS,2022-06-07T05:15:00Z,STIC03,STIC,20220419-20220701,SW,21038950,26178,7.178889,103.5033,1,fair,NA,2022
AIMS,2022-06-07T05:30:00Z,STIC03,STIC,20220419-20220701,SW,21038950,26178,7.178889,103.5033,1,fair,NA,2022
AIMS,2022-06-07T05:45:00Z,STIC03,STIC,20220419-20220701,SW,21038950,26178,7.28,103.5033,1,fair,NA,2022
AIMS,2022-06-07T06:00:00Z,STIC03,STIC,20220419-20220701,SW,21038950,26178,7.28,103.5033,1,fair,NA,2022
AIMS,2022-06-07T06:15:00Z,STIC03,STIC,20220419-20220701,SW,21038950,26178,7.28,103.5033,1,fair,NA,2022
AIMS,2022-06-07T06:30:00Z,STIC03,STIC,20220419-20220701,SW,21038950,26178,7.381111,103.5033,1,fair,NA,2022
AIMS,2022-06-07T06:45:00Z,STIC03,STIC,20220419-20220701,SW,21038950,26178,7.381111,103.5033,1,fair,NA,2022
AIMS,2022-06-07T07:00:00Z,STIC03,STIC,20220419-20220701,SW,21038950,26178,7.381111,103.5033,1,fair,NA,2022
AIMS,2022-06-07T07:15:00Z,STIC03,STIC,20220419-20220701,SW,21038950,26178,7.381111,103.5033,1,fair,NA,2022
AIMS,2022-06-07T07:30:00Z,STIC03,STIC,20220419-20220701,SW,21038950,26178,7.481111,103.5033,1,fair,NA,2022
AIMS,2022-06-07T07:45:00Z,STIC03,STIC,20220419-20220701,SW,21038950,26178,7.481111,103.5033,1,fair,NA,2022
AIMS,2022-06-07T08:00:00Z,STIC03,STIC,20220419-20220701,SW,21038950,26178,7.582222,103.5033,1,fair,NA,2022
AIMS,2022-06-07T08:15:00Z,STIC03,STIC,20220419-20220701,SW,21038950,26178,7.682222,103.5033,1,fair,NA,2022
AIMS,2022-06-07T08:30:00Z,STIC03,STIC,20220419-20220701,SW,21038950,26178,7.782222,103.5033,1,fair,NA,2022
AIMS,2022-06-07T08:45:00Z,STIC03,STIC,20220419-20220701,SW,21038950,26178,7.882222,103.5033,1,fair,NA,2022
AIMS,2022-06-07T09:00:00Z,STIC03,STIC,20220419-20220701,SW,21038950,26178,7.982778,103.5033,1,fair,NA,2022
AIMS,2022-06-07T09:15:00Z,STIC03,STIC,20220419-20220701,SW,21038950,26178,8.082222,103.5033,1,fair,NA,2022
AIMS,2022-06-07T09:30:00Z,STIC03,STIC,20220419-20220701,SW,21038950,26178,8.182222,103.5033,1,fair,NA,2022
AIMS,2022-06-07T09:45:00Z,STIC03,STIC,20220419-20220701,SW,21038950,26178,8.382222,103.5033,1,fair,NA,2022
AIMS,2022-06-07T10:00:00Z,STIC03,STIC,20220419-20220701,SW,21038950,26178,8.581111,103.5033,1,fair,NA,2022
AIMS,2022-06-07T10:15:00Z,STIC03,STIC,20220419-20220701,SW,21038950,26178,8.778889,103.5033,1,fair,NA,2022
AIMS,2022-06-07T10:30:00Z,STIC03,STIC,20220419-20220701,SW,21038950,26178,8.878889,103.5033,1,fair,NA,2022
AIMS,2022-06-07T10:45:00Z,STIC03,STIC,20220419-20220701,SW,21038950,26178,8.977778,103.5033,1,fair,NA,2022
AIMS,2022-06-07T11:00:00Z,STIC03,STIC,20220419-20220701,SW,21038950,26178,9.176111,103.5033,1,fair,NA,2022
AIMS,2022-06-07T11:15:00Z,STIC03,STIC,20220419-20220701,SW,21038950,26178,9.372778,103.5033,1,fair,NA,2022
AIMS,2022-06-07T11:30:00Z,STIC03,STIC,20220419-20220701,SW,21038950,27555.7,9.571111,109.1205,1,fair,NA,2022
AIMS,2022-06-07T11:45:00Z,STIC03,STIC,20220419-20220701,SW,21038950,27555.7,9.866111,109.1205,1,fair,NA,2022
AIMS,2022-06-07T12:00:00Z,STIC03,STIC,20220419-20220701,SW,21038950,27555.7,9.965,109.1205,1,fair,NA,2022
AIMS,2022-06-07T12:15:00Z,STIC03,STIC,20220419-20220701,SW,21038950,27555.7,10.35722,109.1205,1,fair,NA,2022
AIMS,2022-06-07T12:30:00Z,STIC03,STIC,20220419-20220701,SW,21038950,27555.7,10.65111,109.1205,1,fair,NA,2022
AIMS,2022-06-07T12:45:00Z,STIC03,STIC,20220419-20220701,SW,21038950,27555.7,10.84611,109.1205,1,fair,NA,2022
AIMS,2022-06-07T13:00:00Z,STIC03,STIC,20220419-20220701,SW,21038950,27555.7,10.94389,109.1205,1,fair,NA,2022
AIMS,2022-06-07T13:15:00Z,STIC03,STIC,20220419-20220701,SW,21038950,27555.7,11.23611,109.1205,1,fair,NA,2022
AIMS,2022-06-07T13:30:00Z,STIC03,STIC,20220419-20220701,SW,21038950,28933.5,11.43111,114.7382,1,fair,NA,2022
AIMS,2022-06-07T13:45:00Z,STIC03,STIC,20220419-20220701,SW,21038950,28933.5,11.625,114.7382,1,fair,NA,2022
AIMS,2022-06-07T14:00:00Z,STIC03,STIC,20220419-20220701,SW,21038950,28933.5,11.81889,114.7382,1,fair,NA,2022
AIMS,2022-06-07T14:15:00Z,STIC03,STIC,20220419-20220701,SW,21038950,28933.5,12.11,114.7382,1,fair,NA,2022
AIMS,2022-06-07T14:30:00Z,STIC03,STIC,20220419-20220701,SW,21038950,28933.5,12.30389,114.7382,1,fair,NA,2022
AIMS,2022-06-07T14:45:00Z,STIC03,STIC,20220419-20220701,SW,21038950,28933.5,12.40111,114.7382,1,fair,NA,2022
AIMS,2022-06-07T15:00:00Z,STIC03,STIC,20220419-20220701,SW,21038950,28933.5,12.40111,114.7382,1,fair,NA,2022
AIMS,2022-06-07T15:15:00Z,STIC03,STIC,20220419-20220701,SW,21038950,28933.5,12.40111,114.7382,1,fair,NA,2022
AIMS,2022-06-07T15:30:00Z,STIC03,STIC,20220419-20220701,SW,21038950,28933.5,12.40111,114.7382,1,fair,NA,2022
AIMS,2022-06-07T15:45:00Z,STIC03,STIC,20220419-20220701,SW,21038950,28933.5,12.49722,114.7382,1,fair,NA,2022
AIMS,2022-06-07T16:00:00Z,STIC03,STIC,20220419-20220701,SW,21038950,28933.5,12.88278,114.7382,1,fair,NA,2022
AIMS,2022-06-07T16:15:00Z,STIC03,STIC,20220419-20220701,SW,21038950,28933.5,13.07611,114.7382,1,fair,NA,2022
AIMS,2022-06-07T16:30:00Z,STIC03,STIC,20220419-20220701,SW,21038950,28933.5,12.88278,114.7382,1,fair,NA,2022
AIMS,2022-06-07T16:45:00Z,STIC03,STIC,20220419-20220701,SW,21038950,28933.5,12.78722,114.7382,1,fair,NA,2022
AIMS,2022-06-07T17:00:00Z,STIC03,STIC,20220419-20220701,SW,21038950,28933.5,12.69,114.7382,1,fair,NA,2022
AIMS,2022-06-07T17:15:00Z,STIC03,STIC,20220419-20220701,SW,21038950,28933.5,12.69,114.7382,1,fair,NA,2022
AIMS,2022-06-07T17:30:00Z,STIC03,STIC,20220419-20220701,SW,21038950,28933.5,12.59389,114.7382,1,fair,NA,2022
AIMS,2022-06-07T17:45:00Z,STIC03,STIC,20220419-20220701,SW,21038950,28933.5,12.59389,114.7382,1,fair,NA,2022
AIMS,2022-06-07T18:00:00Z,STIC03,STIC,20220419-20220701,SW,21038950,28933.5,12.49722,114.7382,1,fair,NA,2022
AIMS,2022-06-07T18:15:00Z,STIC03,STIC,20220419-20220701,SW,21038950,28933.5,12.40111,114.7382,1,fair,NA,2022
AIMS,2022-06-07T18:30:00Z,STIC03,STIC,20220419-20220701,SW,21038950,28933.5,12.30389,114.7382,1,fair,NA,2022
AIMS,2022-06-07T18:45:00Z,STIC03,STIC,20220419-20220701,SW,21038950,28933.5,12.30389,114.7382,1,fair,NA,2022
AIMS,2022-06-07T19:00:00Z,STIC03,STIC,20220419-20220701,SW,21038950,28933.5,12.11,114.7382,1,fair,NA,2022
AIMS,2022-06-07T19:15:00Z,STIC03,STIC,20220419-20220701,SW,21038950,28933.5,12.01278,114.7382,1,fair,NA,2022
AIMS,2022-06-07T19:30:00Z,STIC03,STIC,20220419-20220701,SW,21038950,28933.5,11.91611,114.7382,1,fair,NA,2022
AIMS,2022-06-07T19:45:00Z,STIC03,STIC,20220419-20220701,SW,21038950,28933.5,11.72222,114.7382,1,fair,NA,2022
AIMS,2022-06-07T20:00:00Z,STIC03,STIC,20220419-20220701,SW,21038950,28933.5,11.52778,114.7382,1,fair,NA,2022
AIMS,2022-06-07T20:15:00Z,STIC03,STIC,20220419-20220701,SW,21038950,28933.5,11.33389,114.7382,1,fair,NA,2022
AIMS,2022-06-07T20:30:00Z,STIC03,STIC,20220419-20220701,SW,21038950,28933.5,11.04111,114.7382,1,fair,NA,2022
AIMS,2022-06-07T20:45:00Z,STIC03,STIC,20220419-20220701,SW,21038950,28933.5,10.74778,114.7382,1,fair,NA,2022
AIMS,2022-06-07T21:00:00Z,STIC03,STIC,20220419-20220701,SW,21038950,28933.5,10.455,114.7382,1,fair,NA,2022
AIMS,2022-06-07T21:15:00Z,STIC03,STIC,20220419-20220701,SW,21038950,28933.5,10.25889,114.7382,1,fair,NA,2022
AIMS,2022-06-07T21:30:00Z,STIC03,STIC,20220419-20220701,SW,21038950,28933.5,9.965,114.7382,1,fair,NA,2022
AIMS,2022-06-07T21:45:00Z,STIC03,STIC,20220419-20220701,SW,21038950,28933.5,9.767778,114.7382,1,fair,NA,2022
AIMS,2022-06-07T22:00:00Z,STIC03,STIC,20220419-20220701,SW,21038950,28933.5,9.571111,114.7382,1,fair,NA,2022
AIMS,2022-06-07T22:15:00Z,STIC03,STIC,20220419-20220701,SW,21038950,28933.5,9.372778,114.7382,1,fair,NA,2022
AIMS,2022-06-07T22:30:00Z,STIC03,STIC,20220419-20220701,SW,21038950,28933.5,9.176111,114.7382,1,fair,NA,2022
AIMS,2022-06-07T22:45:00Z,STIC03,STIC,20220419-20220701,SW,21038950,27555.7,8.977778,109.1205,1,fair,NA,2022
AIMS,2022-06-07T23:00:00Z,STIC03,STIC,20220419-20220701,SW,21038950,27555.7,8.878889,109.1205,1,fair,NA,2022
AIMS,2022-06-07T23:15:00Z,STIC03,STIC,20220419-20220701,SW,21038950,27555.7,8.68,109.1205,1,fair,NA,2022
AIMS,2022-06-07T23:30:00Z,STIC03,STIC,20220419-20220701,SW,21038950,27555.7,8.581111,109.1205,1,fair,NA,2022
AIMS,2022-06-07T23:45:00Z,STIC03,STIC,20220419-20220701,SW,21038950,27555.7,8.382222,109.1205,1,fair,NA,2022
AIMS,2022-06-08T00:00:00Z,STIC03,STIC,20220419-20220701,SW,21038950,27555.7,8.282222,109.1205,1,fair,NA,2022
AIMS,2022-06-08T00:15:00Z,STIC03,STIC,20220419-20220701,SW,21038950,27555.7,8.082222,109.1205,1,fair,NA,2022
AIMS,2022-06-08T00:30:00Z,STIC03,STIC,20220419-20220701,SW,21038950,27555.7,7.982778,109.1205,1,fair,NA,2022
AIMS,2022-06-08T00:45:00Z,STIC03,STIC,20220419-20220701,SW,21038950,27555.7,7.882222,109.1205,1,fair,NA,2022
AIMS,2022-06-08T01:00:00Z,STIC03,STIC,20220419-20220701,SW,21038950,26178,7.782222,103.5033,1,fair,NA,2022
AIMS,2022-06-08T01:15:00Z,STIC03,STIC,20220419-20220701,SW,21038950,26178,7.582222,103.5033,1,fair,NA,2022
AIMS,2022-06-08T01:30:00Z,STIC03,STIC,20220419-20220701,SW,21038950,26178,7.481111,103.5033,1,fair,NA,2022
AIMS,2022-06-08T01:45:00Z,STIC03,STIC,20220419-20220701,SW,21038950,26178,7.381111,103.5033,1,fair,NA,2022
AIMS,2022-06-08T02:00:00Z,STIC03,STIC,20220419-20220701,SW,21038950,26178,7.28,103.5033,1,fair,NA,2022
AIMS,2022-06-08T02:15:00Z,STIC03,STIC,20220419-20220701,SW,21038950,26178,7.178889,103.5033,1,fair,NA,2022
AIMS,2022-06-08T02:30:00Z,STIC03,STIC,20220419-20220701,SW,21038950,26178,7.078889,103.5033,1,fair,NA,2022
AIMS,2022-06-08T02:45:00Z,STIC03,STIC,20220419-20220701,SW,21038950,26178,6.977778,103.5033,1,fair,NA,2022
AIMS,2022-06-08T03:00:00Z,STIC03,STIC,20220419-20220701,SW,21038950,26178,6.877222,103.5033,1,fair,NA,2022
AIMS,2022-06-08T03:15:00Z,STIC03,STIC,20220419-20220701,SW,21038950,26178,6.775,103.5033,1,fair,NA,2022
AIMS,2022-06-08T03:30:00Z,STIC03,STIC,20220419-20220701,SW,21038950,26178,6.775,103.5033,1,fair,NA,2022
AIMS,2022-06-08T03:45:00Z,STIC03,STIC,20220419-20220701,SW,21038950,26178,6.673889,103.5033,1,fair,NA,2022
AIMS,2022-06-08T04:00:00Z,STIC03,STIC,20220419-20220701,SW,21038950,26178,6.673889,103.5033,1,fair,NA,2022
AIMS,2022-06-08T04:15:00Z,STIC03,STIC,20220419-20220701,SW,21038950,26178,6.572778,103.5033,1,fair,NA,2022
AIMS,2022-06-08T04:30:00Z,STIC03,STIC,20220419-20220701,SW,21038950,26178,6.471111,103.5033,1,fair,NA,2022
AIMS,2022-06-08T04:45:00Z,STIC03,STIC,20220419-20220701,SW,21038950,26178,6.471111,103.5033,1,fair,NA,2022
AIMS,2022-06-08T05:00:00Z,STIC03,STIC,20220419-20220701,SW,21038950,26178,6.37,103.5033,1,fair,NA,2022
AIMS,2022-06-08T05:15:00Z,STIC03,STIC,20220419-20220701,SW,21038950,26178,6.37,103.5033,1,fair,NA,2022
AIMS,2022-06-08T05:30:00Z,STIC03,STIC,20220419-20220701,SW,21038950,26178,6.267778,103.5033,1,fair,NA,2022
AIMS,2022-06-08T05:45:00Z,STIC03,STIC,20220419-20220701,SW,21038950,26178,6.166111,103.5033,1,fair,NA,2022
AIMS,2022-06-08T06:00:00Z,STIC03,STIC,20220419-20220701,SW,21038950,26178,6.166111,103.5033,1,fair,NA,2022
AIMS,2022-06-08T06:15:00Z,STIC03,STIC,20220419-20220701,SW,21038950,26178,6.063889,103.5033,1,fair,NA,2022
AIMS,2022-06-08T06:30:00Z,STIC03,STIC,20220419-20220701,SW,21038950,26178,6.063889,103.5033,1,fair,NA,2022
AIMS,2022-06-08T06:45:00Z,STIC03,STIC,20220419-20220701,SW,21038950,26178,6.063889,103.5033,1,fair,NA,2022
AIMS,2022-06-08T07:00:00Z,STIC03,STIC,20220419-20220701,SW,21038950,26178,6.166111,103.5033,1,fair,NA,2022
AIMS,2022-06-08T07:15:00Z,STIC03,STIC,20220419-20220701,SW,21038950,26178,6.37,103.5033,1,fair,NA,2022
AIMS,2022-06-08T07:30:00Z,STIC03,STIC,20220419-20220701,SW,21038950,26178,6.572778,103.5033,1,fair,NA,2022
AIMS,2022-06-08T07:45:00Z,STIC03,STIC,20220419-20220701,SW,21038950,26178,6.877222,103.5033,1,fair,NA,2022
AIMS,2022-06-08T08:00:00Z,STIC03,STIC,20220419-20220701,SW,21038950,26178,7.078889,103.5033,1,fair,NA,2022
AIMS,2022-06-08T08:15:00Z,STIC03,STIC,20220419-20220701,SW,21038950,26178,7.178889,103.5033,1,fair,NA,2022
AIMS,2022-06-08T08:30:00Z,STIC03,STIC,20220419-20220701,SW,21038950,26178,7.381111,103.5033,1,fair,NA,2022
AIMS,2022-06-08T08:45:00Z,STIC03,STIC,20220419-20220701,SW,21038950,26178,7.481111,103.5033,1,fair,NA,2022
AIMS,2022-06-08T09:00:00Z,STIC03,STIC,20220419-20220701,SW,21038950,26178,7.582222,103.5033,1,fair,NA,2022
AIMS,2022-06-08T09:15:00Z,STIC03,STIC,20220419-20220701,SW,21038950,26178,7.782222,103.5033,1,fair,NA,2022
AIMS,2022-06-08T09:30:00Z,STIC03,STIC,20220419-20220701,SW,21038950,26178,7.982778,103.5033,1,fair,NA,2022
AIMS,2022-06-08T09:45:00Z,STIC03,STIC,20220419-20220701,SW,21038950,26178,8.082222,103.5033,1,fair,NA,2022
AIMS,2022-06-08T10:00:00Z,STIC03,STIC,20220419-20220701,SW,21038950,26178,8.282222,103.5033,1,fair,NA,2022
AIMS,2022-06-08T10:15:00Z,STIC03,STIC,20220419-20220701,SW,21038950,26178,8.481111,103.5033,1,fair,NA,2022
AIMS,2022-06-08T10:30:00Z,STIC03,STIC,20220419-20220701,SW,21038950,26178,8.581111,103.5033,1,fair,NA,2022
AIMS,2022-06-08T10:45:00Z,STIC03,STIC,20220419-20220701,SW,21038950,26178,8.878889,103.5033,1,fair,NA,2022
AIMS,2022-06-08T11:00:00Z,STIC03,STIC,20220419-20220701,SW,21038950,27555.7,9.176111,109.1205,1,fair,NA,2022
AIMS,2022-06-08T11:15:00Z,STIC03,STIC,20220419-20220701,SW,21038950,27555.7,9.275,109.1205,1,fair,NA,2022
AIMS,2022-06-08T11:30:00Z,STIC03,STIC,20220419-20220701,SW,21038950,27555.7,9.571111,109.1205,1,fair,NA,2022
AIMS,2022-06-08T11:45:00Z,STIC03,STIC,20220419-20220701,SW,21038950,27555.7,9.571111,109.1205,1,fair,NA,2022
AIMS,2022-06-08T12:00:00Z,STIC03,STIC,20220419-20220701,SW,21038950,27555.7,9.767778,109.1205,1,fair,NA,2022
AIMS,2022-06-08T12:15:00Z,STIC03,STIC,20220419-20220701,SW,21038950,27555.7,9.965,109.1205,1,fair,NA,2022
AIMS,2022-06-08T12:30:00Z,STIC03,STIC,20220419-20220701,SW,21038950,27555.7,10.25889,109.1205,1,fair,NA,2022
AIMS,2022-06-08T12:45:00Z,STIC03,STIC,20220419-20220701,SW,21038950,27555.7,10.55278,109.1205,1,fair,NA,2022
AIMS,2022-06-08T13:00:00Z,STIC03,STIC,20220419-20220701,SW,21038950,27555.7,10.74778,109.1205,1,fair,NA,2022
AIMS,2022-06-08T13:15:00Z,STIC03,STIC,20220419-20220701,SW,21038950,27555.7,11.04111,109.1205,1,fair,NA,2022
AIMS,2022-06-08T13:30:00Z,STIC03,STIC,20220419-20220701,SW,21038950,28933.5,11.23611,114.7382,1,fair,NA,2022
AIMS,2022-06-08T13:45:00Z,STIC03,STIC,20220419-20220701,SW,21038950,28933.5,11.23611,114.7382,1,fair,NA,2022
AIMS,2022-06-08T14:00:00Z,STIC03,STIC,20220419-20220701,SW,21038950,28933.5,11.33389,114.7382,1,fair,NA,2022
AIMS,2022-06-08T14:15:00Z,STIC03,STIC,20220419-20220701,SW,21038950,28933.5,11.52778,114.7382,1,fair,NA,2022
AIMS,2022-06-08T14:30:00Z,STIC03,STIC,20220419-20220701,SW,21038950,28933.5,11.625,114.7382,1,fair,NA,2022
AIMS,2022-06-08T14:45:00Z,STIC03,STIC,20220419-20220701,SW,21038950,28933.5,11.625,114.7382,1,fair,NA,2022
AIMS,2022-06-08T15:00:00Z,STIC03,STIC,20220419-20220701,SW,21038950,28933.5,11.91611,114.7382,1,fair,NA,2022
AIMS,2022-06-08T15:15:00Z,STIC03,STIC,20220419-20220701,SW,21038950,28933.5,12.01278,114.7382,1,fair,NA,2022
AIMS,2022-06-08T15:30:00Z,STIC03,STIC,20220419-20220701,SW,21038950,28933.5,12.20722,114.7382,1,fair,NA,2022
AIMS,2022-06-08T15:45:00Z,STIC03,STIC,20220419-20220701,SW,21038950,28933.5,12.49722,114.7382,1,fair,NA,2022
AIMS,2022-06-08T16:00:00Z,STIC03,STIC,20220419-20220701,SW,21038950,28933.5,12.49722,114.7382,1,fair,NA,2022
AIMS,2022-06-08T16:15:00Z,STIC03,STIC,20220419-20220701,SW,21038950,28933.5,12.40111,114.7382,1,fair,NA,2022
AIMS,2022-06-08T16:30:00Z,STIC03,STIC,20220419-20220701,SW,21038950,28933.5,12.30389,114.7382,1,fair,NA,2022
AIMS,2022-06-08T16:45:00Z,STIC03,STIC,20220419-20220701,SW,21038950,28933.5,12.30389,114.7382,1,fair,NA,2022
AIMS,2022-06-08T17:00:00Z,STIC03,STIC,20220419-20220701,SW,21038950,28933.5,12.30389,114.7382,1,fair,NA,2022
AIMS,2022-06-08T17:15:00Z,STIC03,STIC,20220419-20220701,SW,21038950,28933.5,12.30389,114.7382,1,fair,NA,2022
AIMS,2022-06-08T17:30:00Z,STIC03,STIC,20220419-20220701,SW,21038950,28933.5,12.30389,114.7382,1,fair,NA,2022
AIMS,2022-06-08T17:45:00Z,STIC03,STIC,20220419-20220701,SW,21038950,28933.5,12.20722,114.7382,1,fair,NA,2022
AIMS,2022-06-08T18:00:00Z,STIC03,STIC,20220419-20220701,SW,21038950,28933.5,12.20722,114.7382,1,fair,NA,2022
AIMS,2022-06-08T18:15:00Z,STIC03,STIC,20220419-20220701,SW,21038950,28933.5,12.11,114.7382,1,fair,NA,2022
AIMS,2022-06-08T18:30:00Z,STIC03,STIC,20220419-20220701,SW,21038950,28933.5,12.20722,114.7382,1,fair,NA,2022
AIMS,2022-06-08T18:45:00Z,STIC03,STIC,20220419-20220701,SW,21038950,28933.5,12.20722,114.7382,1,fair,NA,2022
AIMS,2022-06-08T19:00:00Z,STIC03,STIC,20220419-20220701,SW,21038950,28933.5,12.20722,114.7382,1,fair,NA,2022
AIMS,2022-06-08T19:15:00Z,STIC03,STIC,20220419-20220701,SW,21038950,28933.5,12.11,114.7382,1,fair,NA,2022
AIMS,2022-06-08T19:30:00Z,STIC03,STIC,20220419-20220701,SW,21038950,28933.5,12.11,114.7382,1,fair,NA,2022
AIMS,2022-06-08T19:45:00Z,STIC03,STIC,20220419-20220701,SW,21038950,28933.5,11.91611,114.7382,1,fair,NA,2022
AIMS,2022-06-08T20:00:00Z,STIC03,STIC,20220419-20220701,SW,21038950,28933.5,11.81889,114.7382,1,fair,NA,2022
AIMS,2022-06-08T20:15:00Z,STIC03,STIC,20220419-20220701,SW,21038950,28933.5,11.72222,114.7382,1,fair,NA,2022
AIMS,2022-06-08T20:30:00Z,STIC03,STIC,20220419-20220701,SW,21038950,28933.5,11.625,114.7382,1,fair,NA,2022
AIMS,2022-06-08T20:45:00Z,STIC03,STIC,20220419-20220701,SW,21038950,28933.5,11.52778,114.7382,1,fair,NA,2022
AIMS,2022-06-08T21:00:00Z,STIC03,STIC,20220419-20220701,SW,21038950,28933.5,11.33389,114.7382,1,fair,NA,2022
AIMS,2022-06-08T21:15:00Z,STIC03,STIC,20220419-20220701,SW,21038950,28933.5,11.13889,114.7382,1,fair,NA,2022
AIMS,2022-06-08T21:30:00Z,STIC03,STIC,20220419-20220701,SW,21038950,28933.5,11.04111,114.7382,1,fair,NA,2022
AIMS,2022-06-08T21:45:00Z,STIC03,STIC,20220419-20220701,SW,21038950,28933.5,10.84611,114.7382,1,fair,NA,2022
AIMS,2022-06-08T22:00:00Z,STIC03,STIC,20220419-20220701,SW,21038950,28933.5,10.65111,114.7382,1,fair,NA,2022
AIMS,2022-06-08T22:15:00Z,STIC03,STIC,20220419-20220701,SW,21038950,28933.5,10.455,114.7382,1,fair,NA,2022
AIMS,2022-06-08T22:30:00Z,STIC03,STIC,20220419-20220701,SW,21038950,28933.5,10.35722,114.7382,1,fair,NA,2022
AIMS,2022-06-08T22:45:00Z,STIC03,STIC,20220419-20220701,SW,21038950,28933.5,10.16111,114.7382,1,fair,NA,2022
AIMS,2022-06-08T23:00:00Z,STIC03,STIC,20220419-20220701,SW,21038950,28933.5,10.06278,114.7382,1,fair,NA,2022
AIMS,2022-06-08T23:15:00Z,STIC03,STIC,20220419-20220701,SW,21038950,28933.5,10.06278,114.7382,1,fair,NA,2022
AIMS,2022-06-08T23:30:00Z,STIC03,STIC,20220419-20220701,SW,21038950,28933.5,9.965,114.7382,1,fair,NA,2022
AIMS,2022-06-08T23:45:00Z,STIC03,STIC,20220419-20220701,SW,21038950,28933.5,9.965,114.7382,1,fair,NA,2022
AIMS,2022-06-09T00:00:00Z,STIC03,STIC,20220419-20220701,SW,21038950,28933.5,9.866111,114.7382,1,fair,NA,2022
AIMS,2022-06-09T00:15:00Z,STIC03,STIC,20220419-20220701,SW,21038950,28933.5,9.668889,114.7382,1,fair,NA,2022
AIMS,2022-06-09T00:30:00Z,STIC03,STIC,20220419-20220701,SW,21038950,28933.5,9.571111,114.7382,1,fair,NA,2022
AIMS,2022-06-09T00:45:00Z,STIC03,STIC,20220419-20220701,SW,21038950,28933.5,9.472222,114.7382,1,fair,NA,2022
AIMS,2022-06-09T01:00:00Z,STIC03,STIC,20220419-20220701,SW,21038950,28933.5,9.372778,114.7382,1,fair,NA,2022
AIMS,2022-06-09T01:15:00Z,STIC03,STIC,20220419-20220701,SW,21038950,27555.7,9.275,109.1205,1,fair,NA,2022
AIMS,2022-06-09T01:30:00Z,STIC03,STIC,20220419-20220701,SW,21038950,27555.7,9.176111,109.1205,1,fair,NA,2022
AIMS,2022-06-09T01:45:00Z,STIC03,STIC,20220419-20220701,SW,21038950,27555.7,9.077222,109.1205,1,fair,NA,2022
AIMS,2022-06-09T02:00:00Z,STIC03,STIC,20220419-20220701,SW,21038950,27555.7,9.077222,109.1205,1,fair,NA,2022
AIMS,2022-06-09T02:15:00Z,STIC03,STIC,20220419-20220701,SW,21038950,27555.7,8.977778,109.1205,1,fair,NA,2022
AIMS,2022-06-09T02:30:00Z,STIC03,STIC,20220419-20220701,SW,21038950,27555.7,8.878889,109.1205,1,fair,NA,2022
AIMS,2022-06-09T02:45:00Z,STIC03,STIC,20220419-20220701,SW,21038950,27555.7,8.778889,109.1205,1,fair,NA,2022
AIMS,2022-06-09T03:00:00Z,STIC03,STIC,20220419-20220701,SW,21038950,27555.7,8.878889,109.1205,1,fair,NA,2022
AIMS,2022-06-09T03:15:00Z,STIC03,STIC,20220419-20220701,SW,21038950,27555.7,8.878889,109.1205,1,fair,NA,2022
AIMS,2022-06-09T03:30:00Z,STIC03,STIC,20220419-20220701,SW,21038950,27555.7,8.778889,109.1205,1,fair,NA,2022
AIMS,2022-06-09T03:45:00Z,STIC03,STIC,20220419-20220701,SW,21038950,27555.7,8.68,109.1205,1,fair,NA,2022
AIMS,2022-06-09T04:00:00Z,STIC03,STIC,20220419-20220701,SW,21038950,27555.7,8.581111,109.1205,1,fair,NA,2022
AIMS,2022-06-09T04:15:00Z,STIC03,STIC,20220419-20220701,SW,21038950,27555.7,8.481111,109.1205,1,fair,NA,2022
AIMS,2022-06-09T04:30:00Z,STIC03,STIC,20220419-20220701,SW,21038950,27555.7,8.382222,109.1205,1,fair,NA,2022
AIMS,2022-06-09T04:45:00Z,STIC03,STIC,20220419-20220701,SW,21038950,27555.7,8.282222,109.1205,1,fair,NA,2022
AIMS,2022-06-09T05:00:00Z,STIC03,STIC,20220419-20220701,SW,21038950,27555.7,8.182222,109.1205,1,fair,NA,2022
AIMS,2022-06-09T05:15:00Z,STIC03,STIC,20220419-20220701,SW,21038950,27555.7,8.082222,109.1205,1,fair,NA,2022
AIMS,2022-06-09T05:30:00Z,STIC03,STIC,20220419-20220701,SW,21038950,26178,7.982778,103.5033,1,fair,NA,2022
AIMS,2022-06-09T05:45:00Z,STIC03,STIC,20220419-20220701,SW,21038950,26178,7.982778,103.5033,1,fair,NA,2022
AIMS,2022-06-09T06:00:00Z,STIC03,STIC,20220419-20220701,SW,21038950,26178,7.882222,103.5033,1,fair,NA,2022
AIMS,2022-06-09T06:15:00Z,STIC03,STIC,20220419-20220701,SW,21038950,26178,7.782222,103.5033,1,fair,NA,2022
AIMS,2022-06-09T06:30:00Z,STIC03,STIC,20220419-20220701,SW,21038950,26178,7.782222,103.5033,1,fair,NA,2022
AIMS,2022-06-09T06:45:00Z,STIC03,STIC,20220419-20220701,SW,21038950,26178,7.782222,103.5033,1,fair,NA,2022
AIMS,2022-06-09T07:00:00Z,STIC03,STIC,20220419-20220701,SW,21038950,26178,7.882222,103.5033,1,fair,NA,2022
AIMS,2022-06-09T07:15:00Z,STIC03,STIC,20220419-20220701,SW,21038950,26178,7.982778,103.5033,1,fair,NA,2022
AIMS,2022-06-09T07:30:00Z,STIC03,STIC,20220419-20220701,SW,21038950,26178,8.182222,103.5033,1,fair,NA,2022
AIMS,2022-06-09T07:45:00Z,STIC03,STIC,20220419-20220701,SW,21038950,26178,8.282222,103.5033,1,fair,NA,2022
AIMS,2022-06-09T08:00:00Z,STIC03,STIC,20220419-20220701,SW,21038950,26178,8.382222,103.5033,1,fair,NA,2022
AIMS,2022-06-09T08:15:00Z,STIC03,STIC,20220419-20220701,SW,21038950,26178,8.481111,103.5033,1,fair,NA,2022
AIMS,2022-06-09T08:30:00Z,STIC03,STIC,20220419-20220701,SW,21038950,26178,8.581111,103.5033,1,fair,NA,2022
AIMS,2022-06-09T08:45:00Z,STIC03,STIC,20220419-20220701,SW,21038950,27555.7,8.68,109.1205,1,fair,NA,2022
AIMS,2022-06-09T09:00:00Z,STIC03,STIC,20220419-20220701,SW,21038950,27555.7,8.778889,109.1205,1,fair,NA,2022
AIMS,2022-06-09T09:15:00Z,STIC03,STIC,20220419-20220701,SW,21038950,27555.7,8.977778,109.1205,1,fair,NA,2022
AIMS,2022-06-09T09:30:00Z,STIC03,STIC,20220419-20220701,SW,21038950,27555.7,9.077222,109.1205,1,fair,NA,2022
AIMS,2022-06-09T09:45:00Z,STIC03,STIC,20220419-20220701,SW,21038950,27555.7,9.372778,109.1205,1,fair,NA,2022
AIMS,2022-06-09T10:00:00Z,STIC03,STIC,20220419-20220701,SW,21038950,27555.7,9.767778,109.1205,1,fair,NA,2022
AIMS,2022-06-09T10:15:00Z,STIC03,STIC,20220419-20220701,SW,21038950,27555.7,10.16111,109.1205,1,fair,NA,2022
AIMS,2022-06-09T10:30:00Z,STIC03,STIC,20220419-20220701,SW,21038950,27555.7,10.35722,109.1205,1,fair,NA,2022
AIMS,2022-06-09T10:45:00Z,STIC03,STIC,20220419-20220701,SW,21038950,27555.7,10.35722,109.1205,1,fair,NA,2022
AIMS,2022-06-09T11:00:00Z,STIC03,STIC,20220419-20220701,SW,21038950,28933.5,10.35722,114.7382,1,fair,NA,2022
AIMS,2022-06-09T11:15:00Z,STIC03,STIC,20220419-20220701,SW,21038950,28933.5,10.55278,114.7382,1,fair,NA,2022
AIMS,2022-06-09T11:30:00Z,STIC03,STIC,20220419-20220701,SW,21038950,28933.5,10.84611,114.7382,1,fair,NA,2022
AIMS,2022-06-09T11:45:00Z,STIC03,STIC,20220419-20220701,SW,21038950,28933.5,11.13889,114.7382,1,fair,NA,2022
AIMS,2022-06-09T12:00:00Z,STIC03,STIC,20220419-20220701,SW,21038950,28933.5,11.33389,114.7382,1,fair,NA,2022
AIMS,2022-06-09T12:15:00Z,STIC03,STIC,20220419-20220701,SW,21038950,28933.5,11.81889,114.7382,1,fair,NA,2022
AIMS,2022-06-09T12:30:00Z,STIC03,STIC,20220419-20220701,SW,21038950,28933.5,12.20722,114.7382,1,fair,NA,2022
AIMS,2022-06-09T12:45:00Z,STIC03,STIC,20220419-20220701,SW,21038950,28933.5,12.49722,114.7382,1,fair,NA,2022
AIMS,2022-06-09T13:00:00Z,STIC03,STIC,20220419-20220701,SW,21038950,28933.5,12.59389,114.7382,1,fair,NA,2022
AIMS,2022-06-09T13:15:00Z,STIC03,STIC,20220419-20220701,SW,21038950,28933.5,12.69,114.7382,1,fair,NA,2022
AIMS,2022-06-09T13:30:00Z,STIC03,STIC,20220419-20220701,SW,21038950,28933.5,12.78722,114.7382,1,fair,NA,2022
AIMS,2022-06-09T13:45:00Z,STIC03,STIC,20220419-20220701,SW,21038950,28933.5,12.88278,114.7382,1,fair,NA,2022
AIMS,2022-06-09T14:00:00Z,STIC03,STIC,20220419-20220701,SW,21038950,28933.5,13.07611,114.7382,1,fair,NA,2022
AIMS,2022-06-09T14:15:00Z,STIC03,STIC,20220419-20220701,SW,21038950,30311.3,13.26889,120.3558,1,fair,NA,2022
AIMS,2022-06-09T14:30:00Z,STIC03,STIC,20220419-20220701,SW,21038950,30311.3,13.55778,120.3558,1,fair,NA,2022
AIMS,2022-06-09T14:45:00Z,STIC03,STIC,20220419-20220701,SW,21038950,30311.3,13.65389,120.3558,1,fair,NA,2022
AIMS,2022-06-09T15:00:00Z,STIC03,STIC,20220419-20220701,SW,21038950,30311.3,13.75,120.3558,1,fair,NA,2022
AIMS,2022-06-09T15:15:00Z,STIC03,STIC,20220419-20220701,SW,21038950,30311.3,13.84611,120.3558,1,fair,NA,2022
AIMS,2022-06-09T15:30:00Z,STIC03,STIC,20220419-20220701,SW,21038950,30311.3,13.94222,120.3558,1,fair,NA,2022
AIMS,2022-06-09T15:45:00Z,STIC03,STIC,20220419-20220701,SW,21038950,30311.3,14.13389,120.3558,1,fair,NA,2022
AIMS,2022-06-09T16:00:00Z,STIC03,STIC,20220419-20220701,SW,21038950,30311.3,14.42111,120.3558,1,fair,NA,2022
AIMS,2022-06-09T16:15:00Z,STIC03,STIC,20220419-20220701,SW,21038950,30311.3,14.61278,120.3558,1,fair,NA,2022
AIMS,2022-06-09T16:30:00Z,STIC03,STIC,20220419-20220701,SW,21038950,30311.3,14.51722,120.3558,1,fair,NA,2022
AIMS,2022-06-09T16:45:00Z,STIC03,STIC,20220419-20220701,SW,21038950,30311.3,14.42111,120.3558,1,fair,NA,2022
AIMS,2022-06-09T17:00:00Z,STIC03,STIC,20220419-20220701,SW,21038950,30311.3,14.42111,120.3558,1,fair,NA,2022
AIMS,2022-06-09T17:15:00Z,STIC03,STIC,20220419-20220701,SW,21038950,30311.3,14.42111,120.3558,1,fair,NA,2022
AIMS,2022-06-09T17:30:00Z,STIC03,STIC,20220419-20220701,SW,21038950,30311.3,14.325,120.3558,1,fair,NA,2022
AIMS,2022-06-09T17:45:00Z,STIC03,STIC,20220419-20220701,SW,21038950,30311.3,14.325,120.3558,1,fair,NA,2022
AIMS,2022-06-09T18:00:00Z,STIC03,STIC,20220419-20220701,SW,21038950,30311.3,14.23,120.3558,1,fair,NA,2022
AIMS,2022-06-09T18:15:00Z,STIC03,STIC,20220419-20220701,SW,21038950,30311.3,14.13389,120.3558,1,fair,NA,2022
AIMS,2022-06-09T18:30:00Z,STIC03,STIC,20220419-20220701,SW,21038950,30311.3,14.03778,120.3558,1,fair,NA,2022
AIMS,2022-06-09T18:45:00Z,STIC03,STIC,20220419-20220701,SW,21038950,30311.3,13.94222,120.3558,1,fair,NA,2022
AIMS,2022-06-09T19:00:00Z,STIC03,STIC,20220419-20220701,SW,21038950,30311.3,13.75,120.3558,1,fair,NA,2022
AIMS,2022-06-09T19:15:00Z,STIC03,STIC,20220419-20220701,SW,21038950,30311.3,13.65389,120.3558,1,fair,NA,2022
AIMS,2022-06-09T19:30:00Z,STIC03,STIC,20220419-20220701,SW,21038950,30311.3,13.46111,120.3558,1,fair,NA,2022
AIMS,2022-06-09T19:45:00Z,STIC03,STIC,20220419-20220701,SW,21038950,30311.3,13.365,120.3558,1,fair,NA,2022
AIMS,2022-06-09T20:00:00Z,STIC03,STIC,20220419-20220701,SW,21038950,30311.3,13.17278,120.3558,1,fair,NA,2022
AIMS,2022-06-09T20:15:00Z,STIC03,STIC,20220419-20220701,SW,21038950,30311.3,12.98,120.3558,1,fair,NA,2022
AIMS,2022-06-09T20:30:00Z,STIC03,STIC,20220419-20220701,SW,21038950,30311.3,12.78722,120.3558,1,fair,NA,2022
AIMS,2022-06-09T20:45:00Z,STIC03,STIC,20220419-20220701,SW,21038950,30311.3,12.59389,120.3558,1,fair,NA,2022
AIMS,2022-06-09T21:00:00Z,STIC03,STIC,20220419-20220701,SW,21038950,30311.3,12.40111,120.3558,1,fair,NA,2022
AIMS,2022-06-09T21:15:00Z,STIC03,STIC,20220419-20220701,SW,21038950,30311.3,12.20722,120.3558,1,fair,NA,2022
AIMS,2022-06-09T21:30:00Z,STIC03,STIC,20220419-20220701,SW,21038950,30311.3,12.01278,120.3558,1,fair,NA,2022
AIMS,2022-06-09T21:45:00Z,STIC03,STIC,20220419-20220701,SW,21038950,30311.3,11.81889,120.3558,1,fair,NA,2022
AIMS,2022-06-09T22:00:00Z,STIC03,STIC,20220419-20220701,SW,21038950,30311.3,11.625,120.3558,1,fair,NA,2022
AIMS,2022-06-09T22:15:00Z,STIC03,STIC,20220419-20220701,SW,21038950,30311.3,11.43111,120.3558,1,fair,NA,2022
AIMS,2022-06-09T22:30:00Z,STIC03,STIC,20220419-20220701,SW,21038950,30311.3,11.33389,120.3558,1,fair,NA,2022
AIMS,2022-06-09T22:45:00Z,STIC03,STIC,20220419-20220701,SW,21038950,28933.5,11.13889,114.7382,1,fair,NA,2022
AIMS,2022-06-09T23:00:00Z,STIC03,STIC,20220419-20220701,SW,21038950,28933.5,11.04111,114.7382,1,fair,NA,2022
AIMS,2022-06-09T23:15:00Z,STIC03,STIC,20220419-20220701,SW,21038950,28933.5,10.84611,114.7382,1,fair,NA,2022
AIMS,2022-06-09T23:30:00Z,STIC03,STIC,20220419-20220701,SW,21038950,28933.5,10.74778,114.7382,1,fair,NA,2022
AIMS,2022-06-09T23:45:00Z,STIC03,STIC,20220419-20220701,SW,21038950,28933.5,10.65111,114.7382,1,fair,NA,2022
AIMS,2022-06-10T00:00:00Z,STIC03,STIC,20220419-20220701,SW,21038950,28933.5,10.55278,114.7382,1,fair,NA,2022
AIMS,2022-06-10T00:15:00Z,STIC03,STIC,20220419-20220701,SW,21038950,28933.5,10.35722,114.7382,1,fair,NA,2022
AIMS,2022-06-10T00:30:00Z,STIC03,STIC,20220419-20220701,SW,21038950,28933.5,10.25889,114.7382,1,fair,NA,2022
AIMS,2022-06-10T00:45:00Z,STIC03,STIC,20220419-20220701,SW,21038950,28933.5,10.16111,114.7382,1,fair,NA,2022
AIMS,2022-06-10T01:00:00Z,STIC03,STIC,20220419-20220701,SW,21038950,28933.5,10.06278,114.7382,1,fair,NA,2022
AIMS,2022-06-10T01:15:00Z,STIC03,STIC,20220419-20220701,SW,21038950,28933.5,10.06278,114.7382,1,fair,NA,2022
AIMS,2022-06-10T01:30:00Z,STIC03,STIC,20220419-20220701,SW,21038950,28933.5,9.965,114.7382,1,fair,NA,2022
AIMS,2022-06-10T01:45:00Z,STIC03,STIC,20220419-20220701,SW,21038950,28933.5,9.866111,114.7382,1,fair,NA,2022
AIMS,2022-06-10T02:00:00Z,STIC03,STIC,20220419-20220701,SW,21038950,28933.5,9.767778,114.7382,1,fair,NA,2022
AIMS,2022-06-10T02:15:00Z,STIC03,STIC,20220419-20220701,SW,21038950,28933.5,9.767778,114.7382,1,fair,NA,2022
AIMS,2022-06-10T02:30:00Z,STIC03,STIC,20220419-20220701,SW,21038950,28933.5,9.668889,114.7382,1,fair,NA,2022
AIMS,2022-06-10T02:45:00Z,STIC03,STIC,20220419-20220701,SW,21038950,28933.5,9.571111,114.7382,1,fair,NA,2022
AIMS,2022-06-10T03:00:00Z,STIC03,STIC,20220419-20220701,SW,21038950,28933.5,9.472222,114.7382,1,fair,NA,2022
AIMS,2022-06-10T03:15:00Z,STIC03,STIC,20220419-20220701,SW,21038950,28933.5,9.472222,114.7382,1,fair,NA,2022
AIMS,2022-06-10T03:30:00Z,STIC03,STIC,20220419-20220701,SW,21038950,28933.5,9.372778,114.7382,1,fair,NA,2022
AIMS,2022-06-10T03:45:00Z,STIC03,STIC,20220419-20220701,SW,21038950,28933.5,9.275,114.7382,1,fair,NA,2022
AIMS,2022-06-10T04:00:00Z,STIC03,STIC,20220419-20220701,SW,21038950,28933.5,9.275,114.7382,1,fair,NA,2022
AIMS,2022-06-10T04:15:00Z,STIC03,STIC,20220419-20220701,SW,21038950,28933.5,9.176111,114.7382,1,fair,NA,2022
AIMS,2022-06-10T04:30:00Z,STIC03,STIC,20220419-20220701,SW,21038950,28933.5,9.176111,114.7382,1,fair,NA,2022
AIMS,2022-06-10T04:45:00Z,STIC03,STIC,20220419-20220701,SW,21038950,27555.7,9.077222,109.1205,1,fair,NA,2022
AIMS,2022-06-10T05:00:00Z,STIC03,STIC,20220419-20220701,SW,21038950,28933.5,9.077222,114.7382,1,fair,NA,2022
AIMS,2022-06-10T05:15:00Z,STIC03,STIC,20220419-20220701,SW,21038950,27555.7,8.977778,109.1205,1,fair,NA,2022
AIMS,2022-06-10T05:30:00Z,STIC03,STIC,20220419-20220701,SW,21038950,27555.7,8.977778,109.1205,1,fair,NA,2022
AIMS,2022-06-10T05:45:00Z,STIC03,STIC,20220419-20220701,SW,21038950,27555.7,8.878889,109.1205,1,fair,NA,2022
AIMS,2022-06-10T06:00:00Z,STIC03,STIC,20220419-20220701,SW,21038950,27555.7,8.878889,109.1205,1,fair,NA,2022
AIMS,2022-06-10T06:15:00Z,STIC03,STIC,20220419-20220701,SW,21038950,27555.7,8.878889,109.1205,1,fair,NA,2022
AIMS,2022-06-10T06:30:00Z,STIC03,STIC,20220419-20220701,SW,21038950,27555.7,8.778889,109.1205,1,fair,NA,2022
AIMS,2022-06-10T06:45:00Z,STIC03,STIC,20220419-20220701,SW,21038950,27555.7,8.778889,109.1205,1,fair,NA,2022
AIMS,2022-06-10T07:00:00Z,STIC03,STIC,20220419-20220701,SW,21038950,27555.7,8.878889,109.1205,1,fair,NA,2022
AIMS,2022-06-10T07:15:00Z,STIC03,STIC,20220419-20220701,SW,21038950,27555.7,8.878889,109.1205,1,fair,NA,2022
AIMS,2022-06-10T07:30:00Z,STIC03,STIC,20220419-20220701,SW,21038950,27555.7,9.077222,109.1205,1,fair,NA,2022
AIMS,2022-06-10T07:45:00Z,STIC03,STIC,20220419-20220701,SW,21038950,27555.7,9.176111,109.1205,1,fair,NA,2022
AIMS,2022-06-10T08:00:00Z,STIC03,STIC,20220419-20220701,SW,21038950,27555.7,9.275,109.1205,1,fair,NA,2022
AIMS,2022-06-10T08:15:00Z,STIC03,STIC,20220419-20220701,SW,21038950,27555.7,9.372778,109.1205,1,fair,NA,2022
AIMS,2022-06-10T08:30:00Z,STIC03,STIC,20220419-20220701,SW,21038950,27555.7,9.571111,109.1205,1,fair,NA,2022
AIMS,2022-06-10T08:45:00Z,STIC03,STIC,20220419-20220701,SW,21038950,27555.7,9.767778,109.1205,1,fair,NA,2022
AIMS,2022-06-10T09:00:00Z,STIC03,STIC,20220419-20220701,SW,21038950,27555.7,9.965,109.1205,1,fair,NA,2022
AIMS,2022-06-10T09:15:00Z,STIC03,STIC,20220419-20220701,SW,21038950,27555.7,10.06278,109.1205,1,fair,NA,2022
AIMS,2022-06-10T09:30:00Z,STIC03,STIC,20220419-20220701,SW,21038950,28933.5,10.25889,114.7382,1,fair,NA,2022
AIMS,2022-06-10T09:45:00Z,STIC03,STIC,20220419-20220701,SW,21038950,28933.5,10.455,114.7382,1,fair,NA,2022
AIMS,2022-06-10T10:00:00Z,STIC03,STIC,20220419-20220701,SW,21038950,28933.5,10.65111,114.7382,1,fair,NA,2022
AIMS,2022-06-10T10:15:00Z,STIC03,STIC,20220419-20220701,SW,21038950,28933.5,11.04111,114.7382,1,fair,NA,2022
AIMS,2022-06-10T10:30:00Z,STIC03,STIC,20220419-20220701,SW,21038950,28933.5,11.23611,114.7382,1,fair,NA,2022
AIMS,2022-06-10T10:45:00Z,STIC03,STIC,20220419-20220701,SW,21038950,28933.5,11.23611,114.7382,1,fair,NA,2022
AIMS,2022-06-10T11:00:00Z,STIC03,STIC,20220419-20220701,SW,21038950,28933.5,11.33389,114.7382,1,fair,NA,2022
AIMS,2022-06-10T11:15:00Z,STIC03,STIC,20220419-20220701,SW,21038950,28933.5,11.52778,114.7382,1,fair,NA,2022
AIMS,2022-06-10T11:30:00Z,STIC03,STIC,20220419-20220701,SW,21038950,28933.5,11.81889,114.7382,1,fair,NA,2022
AIMS,2022-06-10T11:45:00Z,STIC03,STIC,20220419-20220701,SW,21038950,28933.5,12.20722,114.7382,1,fair,NA,2022
AIMS,2022-06-10T12:00:00Z,STIC03,STIC,20220419-20220701,SW,21038950,28933.5,12.40111,114.7382,1,fair,NA,2022
AIMS,2022-06-10T12:15:00Z,STIC03,STIC,20220419-20220701,SW,21038950,28933.5,12.69,114.7382,1,fair,NA,2022
AIMS,2022-06-10T12:30:00Z,STIC03,STIC,20220419-20220701,SW,21038950,28933.5,13.17278,114.7382,1,fair,NA,2022
AIMS,2022-06-10T12:45:00Z,STIC03,STIC,20220419-20220701,SW,21038950,28933.5,13.46111,114.7382,1,fair,NA,2022
AIMS,2022-06-10T13:00:00Z,STIC03,STIC,20220419-20220701,SW,21038950,28933.5,13.46111,114.7382,1,fair,NA,2022
AIMS,2022-06-10T13:15:00Z,STIC03,STIC,20220419-20220701,SW,21038950,28933.5,13.75,114.7382,1,fair,NA,2022
AIMS,2022-06-10T13:30:00Z,STIC03,STIC,20220419-20220701,SW,21038950,30311.3,13.94222,120.3558,1,fair,NA,2022
AIMS,2022-06-10T13:45:00Z,STIC03,STIC,20220419-20220701,SW,21038950,30311.3,14.13389,120.3558,1,fair,NA,2022
AIMS,2022-06-10T14:00:00Z,STIC03,STIC,20220419-20220701,SW,21038950,30311.3,14.23,120.3558,1,fair,NA,2022
AIMS,2022-06-10T14:15:00Z,STIC03,STIC,20220419-20220701,SW,21038950,30311.3,14.325,120.3558,1,fair,NA,2022
AIMS,2022-06-10T14:30:00Z,STIC03,STIC,20220419-20220701,SW,21038950,30311.3,14.51722,120.3558,1,fair,NA,2022
AIMS,2022-06-10T14:45:00Z,STIC03,STIC,20220419-20220701,SW,21038950,30311.3,14.61278,120.3558,1,fair,NA,2022
AIMS,2022-06-10T15:00:00Z,STIC03,STIC,20220419-20220701,SW,21038950,30311.3,14.80389,120.3558,1,fair,NA,2022
AIMS,2022-06-10T15:15:00Z,STIC03,STIC,20220419-20220701,SW,21038950,30311.3,14.80389,120.3558,1,fair,NA,2022
AIMS,2022-06-10T15:30:00Z,STIC03,STIC,20220419-20220701,SW,21038950,30311.3,14.9,120.3558,1,fair,NA,2022
AIMS,2022-06-10T15:45:00Z,STIC03,STIC,20220419-20220701,SW,21038950,30311.3,15.09111,120.3558,1,fair,NA,2022
AIMS,2022-06-10T16:00:00Z,STIC03,STIC,20220419-20220701,SW,21038950,30311.3,15.47278,120.3558,1,fair,NA,2022
AIMS,2022-06-10T16:15:00Z,STIC03,STIC,20220419-20220701,SW,21038950,30311.3,15.66389,120.3558,1,fair,NA,2022
AIMS,2022-06-10T16:30:00Z,STIC03,STIC,20220419-20220701,SW,21038950,30311.3,15.47278,120.3558,1,fair,NA,2022
AIMS,2022-06-10T16:45:00Z,STIC03,STIC,20220419-20220701,SW,21038950,30311.3,15.37778,120.3558,1,fair,NA,2022
AIMS,2022-06-10T17:00:00Z,STIC03,STIC,20220419-20220701,SW,21038950,30311.3,15.37778,120.3558,1,fair,NA,2022
AIMS,2022-06-10T17:15:00Z,STIC03,STIC,20220419-20220701,SW,21038950,30311.3,15.28222,120.3558,1,fair,NA,2022
AIMS,2022-06-10T17:30:00Z,STIC03,STIC,20220419-20220701,SW,21038950,30311.3,15.28222,120.3558,1,fair,NA,2022
AIMS,2022-06-10T17:45:00Z,STIC03,STIC,20220419-20220701,SW,21038950,30311.3,15.18722,120.3558,1,fair,NA,2022
AIMS,2022-06-10T18:00:00Z,STIC03,STIC,20220419-20220701,SW,21038950,30311.3,15.09111,120.3558,1,fair,NA,2022
AIMS,2022-06-10T18:15:00Z,STIC03,STIC,20220419-20220701,SW,21038950,30311.3,14.99611,120.3558,1,fair,NA,2022
AIMS,2022-06-10T18:30:00Z,STIC03,STIC,20220419-20220701,SW,21038950,30311.3,14.9,120.3558,1,fair,NA,2022
AIMS,2022-06-10T18:45:00Z,STIC03,STIC,20220419-20220701,SW,21038950,30311.3,14.70889,120.3558,1,fair,NA,2022
AIMS,2022-06-10T19:00:00Z,STIC03,STIC,20220419-20220701,SW,21038950,30311.3,14.61278,120.3558,1,fair,NA,2022
AIMS,2022-06-10T19:15:00Z,STIC03,STIC,20220419-20220701,SW,21038950,30311.3,14.51722,120.3558,1,fair,NA,2022
AIMS,2022-06-10T19:30:00Z,STIC03,STIC,20220419-20220701,SW,21038950,30311.3,14.42111,120.3558,1,fair,NA,2022
AIMS,2022-06-10T19:45:00Z,STIC03,STIC,20220419-20220701,SW,21038950,30311.3,14.23,120.3558,1,fair,NA,2022
AIMS,2022-06-10T20:00:00Z,STIC03,STIC,20220419-20220701,SW,21038950,30311.3,14.03778,120.3558,1,fair,NA,2022
AIMS,2022-06-10T20:15:00Z,STIC03,STIC,20220419-20220701,SW,21038950,30311.3,13.84611,120.3558,1,fair,NA,2022
AIMS,2022-06-10T20:30:00Z,STIC03,STIC,20220419-20220701,SW,21038950,30311.3,13.65389,120.3558,1,fair,NA,2022
AIMS,2022-06-10T20:45:00Z,STIC03,STIC,20220419-20220701,SW,21038950,30311.3,13.46111,120.3558,1,fair,NA,2022
AIMS,2022-06-10T21:00:00Z,STIC03,STIC,20220419-20220701,SW,21038950,30311.3,13.26889,120.3558,1,fair,NA,2022
AIMS,2022-06-10T21:15:00Z,STIC03,STIC,20220419-20220701,SW,21038950,30311.3,13.07611,120.3558,1,fair,NA,2022
AIMS,2022-06-10T21:30:00Z,STIC03,STIC,20220419-20220701,SW,21038950,30311.3,12.88278,120.3558,1,fair,NA,2022
AIMS,2022-06-10T21:45:00Z,STIC03,STIC,20220419-20220701,SW,21038950,30311.3,12.59389,120.3558,1,fair,NA,2022
AIMS,2022-06-10T22:00:00Z,STIC03,STIC,20220419-20220701,SW,21038950,30311.3,12.40111,120.3558,1,fair,NA,2022
AIMS,2022-06-10T22:15:00Z,STIC03,STIC,20220419-20220701,SW,21038950,30311.3,12.30389,120.3558,1,fair,NA,2022
AIMS,2022-06-10T22:30:00Z,STIC03,STIC,20220419-20220701,SW,21038950,30311.3,12.11,120.3558,1,fair,NA,2022
AIMS,2022-06-10T22:45:00Z,STIC03,STIC,20220419-20220701,SW,21038950,30311.3,11.91611,120.3558,1,fair,NA,2022
AIMS,2022-06-10T23:00:00Z,STIC03,STIC,20220419-20220701,SW,21038950,30311.3,11.81889,120.3558,1,fair,NA,2022
AIMS,2022-06-10T23:15:00Z,STIC03,STIC,20220419-20220701,SW,21038950,30311.3,11.72222,120.3558,1,fair,NA,2022
AIMS,2022-06-10T23:30:00Z,STIC03,STIC,20220419-20220701,SW,21038950,28933.5,11.52778,114.7382,1,fair,NA,2022
AIMS,2022-06-10T23:45:00Z,STIC03,STIC,20220419-20220701,SW,21038950,28933.5,11.43111,114.7382,1,fair,NA,2022
AIMS,2022-06-11T00:00:00Z,STIC03,STIC,20220419-20220701,SW,21038950,28933.5,11.33389,114.7382,1,fair,NA,2022
AIMS,2022-06-11T00:15:00Z,STIC03,STIC,20220419-20220701,SW,21038950,28933.5,11.23611,114.7382,1,fair,NA,2022
AIMS,2022-06-11T00:30:00Z,STIC03,STIC,20220419-20220701,SW,21038950,28933.5,11.13889,114.7382,1,fair,NA,2022
AIMS,2022-06-11T00:45:00Z,STIC03,STIC,20220419-20220701,SW,21038950,28933.5,11.04111,114.7382,1,fair,NA,2022
AIMS,2022-06-11T01:00:00Z,STIC03,STIC,20220419-20220701,SW,21038950,28933.5,10.84611,114.7382,1,fair,NA,2022
AIMS,2022-06-11T01:15:00Z,STIC03,STIC,20220419-20220701,SW,21038950,28933.5,10.74778,114.7382,1,fair,NA,2022
AIMS,2022-06-11T01:30:00Z,STIC03,STIC,20220419-20220701,SW,21038950,28933.5,10.65111,114.7382,1,fair,NA,2022
AIMS,2022-06-11T01:45:00Z,STIC03,STIC,20220419-20220701,SW,21038950,28933.5,10.55278,114.7382,1,fair,NA,2022
AIMS,2022-06-11T02:00:00Z,STIC03,STIC,20220419-20220701,SW,21038950,28933.5,10.455,114.7382,1,fair,NA,2022
AIMS,2022-06-11T02:15:00Z,STIC03,STIC,20220419-20220701,SW,21038950,28933.5,10.35722,114.7382,1,fair,NA,2022
AIMS,2022-06-11T02:30:00Z,STIC03,STIC,20220419-20220701,SW,21038950,28933.5,10.25889,114.7382,1,fair,NA,2022
AIMS,2022-06-11T02:45:00Z,STIC03,STIC,20220419-20220701,SW,21038950,28933.5,10.16111,114.7382,1,fair,NA,2022
AIMS,2022-06-11T03:00:00Z,STIC03,STIC,20220419-20220701,SW,21038950,28933.5,10.06278,114.7382,1,fair,NA,2022
AIMS,2022-06-11T03:15:00Z,STIC03,STIC,20220419-20220701,SW,21038950,28933.5,9.965,114.7382,1,fair,NA,2022
AIMS,2022-06-11T03:30:00Z,STIC03,STIC,20220419-20220701,SW,21038950,28933.5,9.965,114.7382,1,fair,NA,2022
AIMS,2022-06-11T03:45:00Z,STIC03,STIC,20220419-20220701,SW,21038950,28933.5,9.866111,114.7382,1,fair,NA,2022
AIMS,2022-06-11T04:00:00Z,STIC03,STIC,20220419-20220701,SW,21038950,28933.5,9.866111,114.7382,1,fair,NA,2022
AIMS,2022-06-11T04:15:00Z,STIC03,STIC,20220419-20220701,SW,21038950,28933.5,9.767778,114.7382,1,fair,NA,2022
AIMS,2022-06-11T04:30:00Z,STIC03,STIC,20220419-20220701,SW,21038950,28933.5,9.767778,114.7382,1,fair,NA,2022
AIMS,2022-06-11T04:45:00Z,STIC03,STIC,20220419-20220701,SW,21038950,28933.5,9.767778,114.7382,1,fair,NA,2022
AIMS,2022-06-11T05:00:00Z,STIC03,STIC,20220419-20220701,SW,21038950,28933.5,9.668889,114.7382,1,fair,NA,2022
AIMS,2022-06-11T05:15:00Z,STIC03,STIC,20220419-20220701,SW,21038950,28933.5,9.668889,114.7382,1,fair,NA,2022
AIMS,2022-06-11T05:30:00Z,STIC03,STIC,20220419-20220701,SW,21038950,28933.5,9.668889,114.7382,1,fair,NA,2022
AIMS,2022-06-11T05:45:00Z,STIC03,STIC,20220419-20220701,SW,21038950,28933.5,9.767778,114.7382,1,fair,NA,2022
AIMS,2022-06-11T06:00:00Z,STIC03,STIC,20220419-20220701,SW,21038950,28933.5,9.866111,114.7382,1,fair,NA,2022
AIMS,2022-06-11T06:15:00Z,STIC03,STIC,20220419-20220701,SW,21038950,28933.5,9.866111,114.7382,1,fair,NA,2022
AIMS,2022-06-11T06:30:00Z,STIC03,STIC,20220419-20220701,SW,21038950,28933.5,9.965,114.7382,1,fair,NA,2022
AIMS,2022-06-11T06:45:00Z,STIC03,STIC,20220419-20220701,SW,21038950,28933.5,9.965,114.7382,1,fair,NA,2022
AIMS,2022-06-11T07:00:00Z,STIC03,STIC,20220419-20220701,SW,21038950,28933.5,9.965,114.7382,1,fair,NA,2022
AIMS,2022-06-11T07:15:00Z,STIC03,STIC,20220419-20220701,SW,21038950,28933.5,10.06278,114.7382,1,fair,NA,2022
AIMS,2022-06-11T07:30:00Z,STIC03,STIC,20220419-20220701,SW,21038950,28933.5,10.16111,114.7382,1,fair,NA,2022
AIMS,2022-06-11T07:45:00Z,STIC03,STIC,20220419-20220701,SW,21038950,28933.5,10.25889,114.7382,1,fair,NA,2022
AIMS,2022-06-11T08:00:00Z,STIC03,STIC,20220419-20220701,SW,21038950,28933.5,10.35722,114.7382,1,fair,NA,2022
AIMS,2022-06-11T08:15:00Z,STIC03,STIC,20220419-20220701,SW,21038950,28933.5,10.455,114.7382,1,fair,NA,2022
AIMS,2022-06-11T08:30:00Z,STIC03,STIC,20220419-20220701,SW,21038950,28933.5,10.55278,114.7382,1,fair,NA,2022
AIMS,2022-06-11T08:45:00Z,STIC03,STIC,20220419-20220701,SW,21038950,28933.5,10.65111,114.7382,1,fair,NA,2022
AIMS,2022-06-11T09:00:00Z,STIC03,STIC,20220419-20220701,SW,21038950,28933.5,10.84611,114.7382,1,fair,NA,2022
AIMS,2022-06-11T09:15:00Z,STIC03,STIC,20220419-20220701,SW,21038950,28933.5,10.94389,114.7382,1,fair,NA,2022
AIMS,2022-06-11T09:30:00Z,STIC03,STIC,20220419-20220701,SW,21038950,28933.5,11.04111,114.7382,1,fair,NA,2022
AIMS,2022-06-11T09:45:00Z,STIC03,STIC,20220419-20220701,SW,21038950,28933.5,11.23611,114.7382,1,fair,NA,2022
AIMS,2022-06-11T10:00:00Z,STIC03,STIC,20220419-20220701,SW,21038950,28933.5,11.33389,114.7382,1,fair,NA,2022
AIMS,2022-06-11T10:15:00Z,STIC03,STIC,20220419-20220701,SW,21038950,28933.5,11.72222,114.7382,1,fair,NA,2022
AIMS,2022-06-11T10:30:00Z,STIC03,STIC,20220419-20220701,SW,21038950,28933.5,11.81889,114.7382,1,fair,NA,2022
AIMS,2022-06-11T10:45:00Z,STIC03,STIC,20220419-20220701,SW,21038950,28933.5,11.91611,114.7382,1,fair,NA,2022
AIMS,2022-06-11T11:00:00Z,STIC03,STIC,20220419-20220701,SW,21038950,28933.5,12.11,114.7382,1,fair,NA,2022
AIMS,2022-06-11T11:15:00Z,STIC03,STIC,20220419-20220701,SW,21038950,28933.5,12.30389,114.7382,1,fair,NA,2022
AIMS,2022-06-11T11:30:00Z,STIC03,STIC,20220419-20220701,SW,21038950,28933.5,12.59389,114.7382,1,fair,NA,2022
AIMS,2022-06-11T11:45:00Z,STIC03,STIC,20220419-20220701,SW,21038950,28933.5,12.88278,114.7382,1,fair,NA,2022
AIMS,2022-06-11T12:00:00Z,STIC03,STIC,20220419-20220701,SW,21038950,28933.5,13.07611,114.7382,1,fair,NA,2022
AIMS,2022-06-11T12:15:00Z,STIC03,STIC,20220419-20220701,SW,21038950,28933.5,13.17278,114.7382,1,fair,NA,2022
AIMS,2022-06-11T12:30:00Z,STIC03,STIC,20220419-20220701,SW,21038950,28933.5,13.26889,114.7382,1,fair,NA,2022
AIMS,2022-06-11T12:45:00Z,STIC03,STIC,20220419-20220701,SW,21038950,28933.5,13.84611,114.7382,1,fair,NA,2022
AIMS,2022-06-11T13:00:00Z,STIC03,STIC,20220419-20220701,SW,21038950,30311.3,14.03778,120.3558,1,fair,NA,2022
AIMS,2022-06-11T13:15:00Z,STIC03,STIC,20220419-20220701,SW,21038950,30311.3,14.23,120.3558,1,fair,NA,2022
AIMS,2022-06-11T13:30:00Z,STIC03,STIC,20220419-20220701,SW,21038950,30311.3,14.51722,120.3558,1,fair,NA,2022
AIMS,2022-06-11T13:45:00Z,STIC03,STIC,20220419-20220701,SW,21038950,30311.3,14.70889,120.3558,1,fair,NA,2022
AIMS,2022-06-11T14:00:00Z,STIC03,STIC,20220419-20220701,SW,21038950,30311.3,14.80389,120.3558,1,fair,NA,2022
AIMS,2022-06-11T14:15:00Z,STIC03,STIC,20220419-20220701,SW,21038950,30311.3,14.99611,120.3558,1,fair,NA,2022
AIMS,2022-06-11T14:30:00Z,STIC03,STIC,20220419-20220701,SW,21038950,30311.3,15.09111,120.3558,1,fair,NA,2022
AIMS,2022-06-11T14:45:00Z,STIC03,STIC,20220419-20220701,SW,21038950,30311.3,15.18722,120.3558,1,fair,NA,2022
AIMS,2022-06-11T15:00:00Z,STIC03,STIC,20220419-20220701,SW,21038950,30311.3,15.18722,120.3558,1,fair,NA,2022
AIMS,2022-06-11T15:15:00Z,STIC03,STIC,20220419-20220701,SW,21038950,30311.3,15.28222,120.3558,1,fair,NA,2022
AIMS,2022-06-11T15:30:00Z,STIC03,STIC,20220419-20220701,SW,21038950,30311.3,15.28222,120.3558,1,fair,NA,2022
AIMS,2022-06-11T15:45:00Z,STIC03,STIC,20220419-20220701,SW,21038950,30311.3,15.28222,120.3558,1,fair,NA,2022
AIMS,2022-06-11T16:00:00Z,STIC03,STIC,20220419-20220701,SW,21038950,30311.3,15.47278,120.3558,1,fair,NA,2022
AIMS,2022-06-11T16:15:00Z,STIC03,STIC,20220419-20220701,SW,21038950,30311.3,15.28222,120.3558,1,fair,NA,2022
AIMS,2022-06-11T16:30:00Z,STIC03,STIC,20220419-20220701,SW,21038950,30311.3,15.09111,120.3558,1,fair,NA,2022
AIMS,2022-06-11T16:45:00Z,STIC03,STIC,20220419-20220701,SW,21038950,30311.3,15.09111,120.3558,1,fair,NA,2022
AIMS,2022-06-11T17:00:00Z,STIC03,STIC,20220419-20220701,SW,21038950,30311.3,15.09111,120.3558,1,fair,NA,2022
AIMS,2022-06-11T17:15:00Z,STIC03,STIC,20220419-20220701,SW,21038950,30311.3,15.18722,120.3558,1,fair,NA,2022
AIMS,2022-06-11T17:30:00Z,STIC03,STIC,20220419-20220701,SW,21038950,30311.3,15.09111,120.3558,1,fair,NA,2022
AIMS,2022-06-11T17:45:00Z,STIC03,STIC,20220419-20220701,SW,21038950,30311.3,15.09111,120.3558,1,fair,NA,2022
AIMS,2022-06-11T18:00:00Z,STIC03,STIC,20220419-20220701,SW,21038950,30311.3,14.99611,120.3558,1,fair,NA,2022
AIMS,2022-06-11T18:15:00Z,STIC03,STIC,20220419-20220701,SW,21038950,30311.3,14.9,120.3558,1,fair,NA,2022
AIMS,2022-06-11T18:30:00Z,STIC03,STIC,20220419-20220701,SW,21038950,30311.3,14.80389,120.3558,1,fair,NA,2022
AIMS,2022-06-11T18:45:00Z,STIC03,STIC,20220419-20220701,SW,21038950,30311.3,14.61278,120.3558,1,fair,NA,2022
AIMS,2022-06-11T19:00:00Z,STIC03,STIC,20220419-20220701,SW,21038950,30311.3,14.51722,120.3558,1,fair,NA,2022
AIMS,2022-06-11T19:15:00Z,STIC03,STIC,20220419-20220701,SW,21038950,30311.3,14.42111,120.3558,1,fair,NA,2022
AIMS,2022-06-11T19:30:00Z,STIC03,STIC,20220419-20220701,SW,21038950,30311.3,14.42111,120.3558,1,fair,NA,2022
AIMS,2022-06-11T19:45:00Z,STIC03,STIC,20220419-20220701,SW,21038950,30311.3,14.325,120.3558,1,fair,NA,2022
AIMS,2022-06-11T20:00:00Z,STIC03,STIC,20220419-20220701,SW,21038950,30311.3,14.13389,120.3558,1,fair,NA,2022
AIMS,2022-06-11T20:15:00Z,STIC03,STIC,20220419-20220701,SW,21038950,30311.3,14.03778,120.3558,1,fair,NA,2022
AIMS,2022-06-11T20:30:00Z,STIC03,STIC,20220419-20220701,SW,21038950,30311.3,13.84611,120.3558,1,fair,NA,2022
AIMS,2022-06-11T20:45:00Z,STIC03,STIC,20220419-20220701,SW,21038950,30311.3,13.75,120.3558,1,fair,NA,2022
AIMS,2022-06-11T21:00:00Z,STIC03,STIC,20220419-20220701,SW,21038950,30311.3,13.55778,120.3558,1,fair,NA,2022
AIMS,2022-06-11T21:15:00Z,STIC03,STIC,20220419-20220701,SW,21038950,30311.3,13.365,120.3558,1,fair,NA,2022
AIMS,2022-06-11T21:30:00Z,STIC03,STIC,20220419-20220701,SW,21038950,30311.3,13.17278,120.3558,1,fair,NA,2022
AIMS,2022-06-11T21:45:00Z,STIC03,STIC,20220419-20220701,SW,21038950,30311.3,12.98,120.3558,1,fair,NA,2022
AIMS,2022-06-11T22:00:00Z,STIC03,STIC,20220419-20220701,SW,21038950,30311.3,12.69,120.3558,1,fair,NA,2022
AIMS,2022-06-11T22:15:00Z,STIC03,STIC,20220419-20220701,SW,21038950,30311.3,12.49722,120.3558,1,fair,NA,2022
AIMS,2022-06-11T22:30:00Z,STIC03,STIC,20220419-20220701,SW,21038950,30311.3,12.30389,120.3558,1,fair,NA,2022
AIMS,2022-06-11T22:45:00Z,STIC03,STIC,20220419-20220701,SW,21038950,30311.3,12.11,120.3558,1,fair,NA,2022
AIMS,2022-06-11T23:00:00Z,STIC03,STIC,20220419-20220701,SW,21038950,30311.3,12.01278,120.3558,1,fair,NA,2022
AIMS,2022-06-11T23:15:00Z,STIC03,STIC,20220419-20220701,SW,21038950,30311.3,11.81889,120.3558,1,fair,NA,2022
AIMS,2022-06-11T23:30:00Z,STIC03,STIC,20220419-20220701,SW,21038950,30311.3,11.72222,120.3558,1,fair,NA,2022
AIMS,2022-06-11T23:45:00Z,STIC03,STIC,20220419-20220701,SW,21038950,30311.3,11.625,120.3558,1,fair,NA,2022
AIMS,2022-06-12T00:00:00Z,STIC03,STIC,20220419-20220701,SW,21038950,28933.5,11.625,114.7382,1,fair,NA,2022
AIMS,2022-06-12T00:15:00Z,STIC03,STIC,20220419-20220701,SW,21038950,28933.5,11.52778,114.7382,1,fair,NA,2022
AIMS,2022-06-12T00:30:00Z,STIC03,STIC,20220419-20220701,SW,21038950,28933.5,11.52778,114.7382,1,fair,NA,2022
AIMS,2022-06-12T00:45:00Z,STIC03,STIC,20220419-20220701,SW,21038950,28933.5,11.52778,114.7382,1,fair,NA,2022
AIMS,2022-06-12T01:00:00Z,STIC03,STIC,20220419-20220701,SW,21038950,28933.5,11.43111,114.7382,1,fair,NA,2022
AIMS,2022-06-12T01:15:00Z,STIC03,STIC,20220419-20220701,SW,21038950,28933.5,11.43111,114.7382,1,fair,NA,2022
AIMS,2022-06-12T01:30:00Z,STIC03,STIC,20220419-20220701,SW,21038950,28933.5,11.33389,114.7382,1,fair,NA,2022
AIMS,2022-06-12T01:45:00Z,STIC03,STIC,20220419-20220701,SW,21038950,28933.5,11.33389,114.7382,1,fair,NA,2022
AIMS,2022-06-12T02:00:00Z,STIC03,STIC,20220419-20220701,SW,21038950,28933.5,11.23611,114.7382,1,fair,NA,2022
AIMS,2022-06-12T02:15:00Z,STIC03,STIC,20220419-20220701,SW,21038950,28933.5,11.23611,114.7382,1,fair,NA,2022
AIMS,2022-06-12T02:30:00Z,STIC03,STIC,20220419-20220701,SW,21038950,28933.5,11.23611,114.7382,1,fair,NA,2022
AIMS,2022-06-12T02:45:00Z,STIC03,STIC,20220419-20220701,SW,21038950,28933.5,11.13889,114.7382,1,fair,NA,2022
AIMS,2022-06-12T03:00:00Z,STIC03,STIC,20220419-20220701,SW,21038950,28933.5,11.13889,114.7382,1,fair,NA,2022
AIMS,2022-06-12T03:15:00Z,STIC03,STIC,20220419-20220701,SW,21038950,28933.5,11.13889,114.7382,1,fair,NA,2022
AIMS,2022-06-12T03:30:00Z,STIC03,STIC,20220419-20220701,SW,21038950,28933.5,11.04111,114.7382,1,fair,NA,2022
AIMS,2022-06-12T03:45:00Z,STIC03,STIC,20220419-20220701,SW,21038950,28933.5,11.04111,114.7382,1,fair,NA,2022
AIMS,2022-06-12T04:00:00Z,STIC03,STIC,20220419-20220701,SW,21038950,28933.5,11.04111,114.7382,1,fair,NA,2022
AIMS,2022-06-12T04:15:00Z,STIC03,STIC,20220419-20220701,SW,21038950,28933.5,10.94389,114.7382,1,fair,NA,2022
AIMS,2022-06-12T04:30:00Z,STIC03,STIC,20220419-20220701,SW,21038950,28933.5,10.94389,114.7382,1,fair,NA,2022
AIMS,2022-06-12T04:45:00Z,STIC03,STIC,20220419-20220701,SW,21038950,28933.5,10.94389,114.7382,1,fair,NA,2022
AIMS,2022-06-12T05:00:00Z,STIC03,STIC,20220419-20220701,SW,21038950,28933.5,10.84611,114.7382,1,fair,NA,2022
AIMS,2022-06-12T05:15:00Z,STIC03,STIC,20220419-20220701,SW,21038950,28933.5,10.84611,114.7382,1,fair,NA,2022
AIMS,2022-06-12T05:30:00Z,STIC03,STIC,20220419-20220701,SW,21038950,28933.5,10.74778,114.7382,1,fair,NA,2022
AIMS,2022-06-12T05:45:00Z,STIC03,STIC,20220419-20220701,SW,21038950,28933.5,10.74778,114.7382,1,fair,NA,2022
AIMS,2022-06-12T06:00:00Z,STIC03,STIC,20220419-20220701,SW,21038950,28933.5,10.74778,114.7382,1,fair,NA,2022
AIMS,2022-06-12T06:15:00Z,STIC03,STIC,20220419-20220701,SW,21038950,28933.5,10.65111,114.7382,1,fair,NA,2022
AIMS,2022-06-12T06:30:00Z,STIC03,STIC,20220419-20220701,SW,21038950,28933.5,10.65111,114.7382,1,fair,NA,2022
AIMS,2022-06-12T06:45:00Z,STIC03,STIC,20220419-20220701,SW,21038950,28933.5,10.65111,114.7382,1,fair,NA,2022
AIMS,2022-06-12T07:00:00Z,STIC03,STIC,20220419-20220701,SW,21038950,28933.5,10.55278,114.7382,1,fair,NA,2022
AIMS,2022-06-12T07:15:00Z,STIC03,STIC,20220419-20220701,SW,21038950,28933.5,10.55278,114.7382,1,fair,NA,2022
AIMS,2022-06-12T07:30:00Z,STIC03,STIC,20220419-20220701,SW,21038950,28933.5,10.65111,114.7382,1,fair,NA,2022
AIMS,2022-06-12T07:45:00Z,STIC03,STIC,20220419-20220701,SW,21038950,28933.5,10.65111,114.7382,1,fair,NA,2022
AIMS,2022-06-12T08:00:00Z,STIC03,STIC,20220419-20220701,SW,21038950,28933.5,10.74778,114.7382,1,fair,NA,2022
AIMS,2022-06-12T08:15:00Z,STIC03,STIC,20220419-20220701,SW,21038950,28933.5,10.84611,114.7382,1,fair,NA,2022
AIMS,2022-06-12T08:30:00Z,STIC03,STIC,20220419-20220701,SW,21038950,28933.5,10.84611,114.7382,1,fair,NA,2022
AIMS,2022-06-12T08:45:00Z,STIC03,STIC,20220419-20220701,SW,21038950,28933.5,10.94389,114.7382,1,fair,NA,2022
AIMS,2022-06-12T09:00:00Z,STIC03,STIC,20220419-20220701,SW,21038950,28933.5,10.94389,114.7382,1,fair,NA,2022
AIMS,2022-06-12T09:15:00Z,STIC03,STIC,20220419-20220701,SW,21038950,28933.5,10.94389,114.7382,1,fair,NA,2022
AIMS,2022-06-12T09:30:00Z,STIC03,STIC,20220419-20220701,SW,21038950,28933.5,10.94389,114.7382,1,fair,NA,2022
AIMS,2022-06-12T09:45:00Z,STIC03,STIC,20220419-20220701,SW,21038950,28933.5,11.04111,114.7382,1,fair,NA,2022
AIMS,2022-06-12T10:00:00Z,STIC03,STIC,20220419-20220701,SW,21038950,28933.5,11.04111,114.7382,1,fair,NA,2022
AIMS,2022-06-12T10:15:00Z,STIC03,STIC,20220419-20220701,SW,21038950,28933.5,11.13889,114.7382,1,fair,NA,2022
AIMS,2022-06-12T10:30:00Z,STIC03,STIC,20220419-20220701,SW,21038950,28933.5,11.33389,114.7382,1,fair,NA,2022
AIMS,2022-06-12T10:45:00Z,STIC03,STIC,20220419-20220701,SW,21038950,28933.5,11.33389,114.7382,1,fair,NA,2022
AIMS,2022-06-12T11:00:00Z,STIC03,STIC,20220419-20220701,SW,21038950,28933.5,11.52778,114.7382,1,fair,NA,2022
AIMS,2022-06-12T11:15:00Z,STIC03,STIC,20220419-20220701,SW,21038950,28933.5,11.52778,114.7382,1,fair,NA,2022
AIMS,2022-06-12T11:30:00Z,STIC03,STIC,20220419-20220701,SW,21038950,28933.5,11.52778,114.7382,1,fair,NA,2022
AIMS,2022-06-12T11:45:00Z,STIC03,STIC,20220419-20220701,SW,21038950,28933.5,11.625,114.7382,1,fair,NA,2022
AIMS,2022-06-12T12:00:00Z,STIC03,STIC,20220419-20220701,SW,21038950,28933.5,11.72222,114.7382,1,fair,NA,2022
AIMS,2022-06-12T12:15:00Z,STIC03,STIC,20220419-20220701,SW,21038950,28933.5,12.01278,114.7382,1,fair,NA,2022
AIMS,2022-06-12T12:30:00Z,STIC03,STIC,20220419-20220701,SW,21038950,28933.5,12.11,114.7382,1,fair,NA,2022
AIMS,2022-06-12T12:45:00Z,STIC03,STIC,20220419-20220701,SW,21038950,28933.5,12.11,114.7382,1,fair,NA,2022
AIMS,2022-06-12T13:00:00Z,STIC03,STIC,20220419-20220701,SW,21038950,28933.5,12.20722,114.7382,1,fair,NA,2022
AIMS,2022-06-12T13:15:00Z,STIC03,STIC,20220419-20220701,SW,21038950,28933.5,12.30389,114.7382,1,fair,NA,2022
AIMS,2022-06-12T13:30:00Z,STIC03,STIC,20220419-20220701,SW,21038950,28933.5,12.49722,114.7382,1,fair,NA,2022
AIMS,2022-06-12T13:45:00Z,STIC03,STIC,20220419-20220701,SW,21038950,28933.5,12.88278,114.7382,1,fair,NA,2022
AIMS,2022-06-12T14:00:00Z,STIC03,STIC,20220419-20220701,SW,21038950,28933.5,13.26889,114.7382,1,fair,NA,2022
AIMS,2022-06-12T14:15:00Z,STIC03,STIC,20220419-20220701,SW,21038950,28933.5,13.365,114.7382,1,fair,NA,2022
AIMS,2022-06-12T14:30:00Z,STIC03,STIC,20220419-20220701,SW,21038950,28933.5,13.17278,114.7382,1,fair,NA,2022
AIMS,2022-06-12T14:45:00Z,STIC03,STIC,20220419-20220701,SW,21038950,28933.5,13.17278,114.7382,1,fair,NA,2022
AIMS,2022-06-12T15:00:00Z,STIC03,STIC,20220419-20220701,SW,21038950,28933.5,12.98,114.7382,1,fair,NA,2022
AIMS,2022-06-12T15:15:00Z,STIC03,STIC,20220419-20220701,SW,21038950,28933.5,12.88278,114.7382,1,fair,NA,2022
AIMS,2022-06-12T15:30:00Z,STIC03,STIC,20220419-20220701,SW,21038950,28933.5,12.78722,114.7382,1,fair,NA,2022
AIMS,2022-06-12T15:45:00Z,STIC03,STIC,20220419-20220701,SW,21038950,28933.5,12.59389,114.7382,1,fair,NA,2022
AIMS,2022-06-12T16:00:00Z,STIC03,STIC,20220419-20220701,SW,21038950,28933.5,12.59389,114.7382,1,fair,NA,2022
AIMS,2022-06-12T16:15:00Z,STIC03,STIC,20220419-20220701,SW,21038950,28933.5,12.49722,114.7382,1,fair,NA,2022
AIMS,2022-06-12T16:30:00Z,STIC03,STIC,20220419-20220701,SW,21038950,28933.5,12.49722,114.7382,1,fair,NA,2022
AIMS,2022-06-12T16:45:00Z,STIC03,STIC,20220419-20220701,SW,21038950,28933.5,12.49722,114.7382,1,fair,NA,2022
AIMS,2022-06-12T17:00:00Z,STIC03,STIC,20220419-20220701,SW,21038950,28933.5,12.49722,114.7382,1,fair,NA,2022
AIMS,2022-06-12T17:15:00Z,STIC03,STIC,20220419-20220701,SW,21038950,28933.5,12.59389,114.7382,1,fair,NA,2022
AIMS,2022-06-12T17:30:00Z,STIC03,STIC,20220419-20220701,SW,21038950,28933.5,12.59389,114.7382,1,fair,NA,2022
AIMS,2022-06-12T17:45:00Z,STIC03,STIC,20220419-20220701,SW,21038950,28933.5,12.49722,114.7382,1,fair,NA,2022
AIMS,2022-06-12T18:00:00Z,STIC03,STIC,20220419-20220701,SW,21038950,28933.5,12.49722,114.7382,1,fair,NA,2022
AIMS,2022-06-12T18:15:00Z,STIC03,STIC,20220419-20220701,SW,21038950,28933.5,12.40111,114.7382,1,fair,NA,2022
AIMS,2022-06-12T18:30:00Z,STIC03,STIC,20220419-20220701,SW,21038950,28933.5,12.40111,114.7382,1,fair,NA,2022
AIMS,2022-06-12T18:45:00Z,STIC03,STIC,20220419-20220701,SW,21038950,28933.5,12.20722,114.7382,1,fair,NA,2022
AIMS,2022-06-12T19:00:00Z,STIC03,STIC,20220419-20220701,SW,21038950,28933.5,12.11,114.7382,1,fair,NA,2022
AIMS,2022-06-12T19:15:00Z,STIC03,STIC,20220419-20220701,SW,21038950,28933.5,12.01278,114.7382,1,fair,NA,2022
AIMS,2022-06-12T19:30:00Z,STIC03,STIC,20220419-20220701,SW,21038950,28933.5,12.01278,114.7382,1,fair,NA,2022
AIMS,2022-06-12T19:45:00Z,STIC03,STIC,20220419-20220701,SW,21038950,28933.5,11.91611,114.7382,1,fair,NA,2022
AIMS,2022-06-12T20:00:00Z,STIC03,STIC,20220419-20220701,SW,21038950,28933.5,11.81889,114.7382,1,fair,NA,2022
AIMS,2022-06-12T20:15:00Z,STIC03,STIC,20220419-20220701,SW,21038950,28933.5,11.81889,114.7382,1,fair,NA,2022
AIMS,2022-06-12T20:30:00Z,STIC03,STIC,20220419-20220701,SW,21038950,28933.5,11.81889,114.7382,1,fair,NA,2022
AIMS,2022-06-12T20:45:00Z,STIC03,STIC,20220419-20220701,SW,21038950,28933.5,11.72222,114.7382,1,fair,NA,2022
AIMS,2022-06-12T21:00:00Z,STIC03,STIC,20220419-20220701,SW,21038950,28933.5,11.625,114.7382,1,fair,NA,2022
AIMS,2022-06-12T21:15:00Z,STIC03,STIC,20220419-20220701,SW,21038950,28933.5,11.52778,114.7382,1,fair,NA,2022
AIMS,2022-06-12T21:30:00Z,STIC03,STIC,20220419-20220701,SW,21038950,28933.5,11.43111,114.7382,1,fair,NA,2022
AIMS,2022-06-12T21:45:00Z,STIC03,STIC,20220419-20220701,SW,21038950,28933.5,11.33389,114.7382,1,fair,NA,2022
AIMS,2022-06-12T22:00:00Z,STIC03,STIC,20220419-20220701,SW,21038950,28933.5,11.23611,114.7382,1,fair,NA,2022
AIMS,2022-06-12T22:15:00Z,STIC03,STIC,20220419-20220701,SW,21038950,27555.7,11.23611,109.1205,1,fair,NA,2022
AIMS,2022-06-12T22:30:00Z,STIC03,STIC,20220419-20220701,SW,21038950,28933.5,11.13889,114.7382,1,fair,NA,2022
AIMS,2022-06-12T22:45:00Z,STIC03,STIC,20220419-20220701,SW,21038950,28933.5,11.04111,114.7382,1,fair,NA,2022
AIMS,2022-06-12T23:00:00Z,STIC03,STIC,20220419-20220701,SW,21038950,28933.5,11.04111,114.7382,1,fair,NA,2022
AIMS,2022-06-12T23:15:00Z,STIC03,STIC,20220419-20220701,SW,21038950,27555.7,10.94389,109.1205,1,fair,NA,2022
AIMS,2022-06-12T23:30:00Z,STIC03,STIC,20220419-20220701,SW,21038950,27555.7,10.94389,109.1205,1,fair,NA,2022
AIMS,2022-06-12T23:45:00Z,STIC03,STIC,20220419-20220701,SW,21038950,28933.5,10.84611,114.7382,1,fair,NA,2022
AIMS,2022-06-13T00:00:00Z,STIC03,STIC,20220419-20220701,SW,21038950,26178,10.74778,103.5033,1,fair,NA,2022
AIMS,2022-06-13T00:15:00Z,STIC03,STIC,20220419-20220701,SW,21038950,28933.5,10.65111,114.7382,1,fair,NA,2022
AIMS,2022-06-13T00:30:00Z,STIC03,STIC,20220419-20220701,SW,21038950,28933.5,10.55278,114.7382,1,fair,NA,2022
AIMS,2022-06-13T00:45:00Z,STIC03,STIC,20220419-20220701,SW,21038950,28933.5,10.455,114.7382,1,fair,NA,2022
AIMS,2022-06-13T01:00:00Z,STIC03,STIC,20220419-20220701,SW,21038950,28933.5,10.35722,114.7382,1,fair,NA,2022
AIMS,2022-06-13T01:15:00Z,STIC03,STIC,20220419-20220701,SW,21038950,28933.5,10.35722,114.7382,1,fair,NA,2022
AIMS,2022-06-13T01:30:00Z,STIC03,STIC,20220419-20220701,SW,21038950,28933.5,10.25889,114.7382,1,fair,NA,2022
AIMS,2022-06-13T01:45:00Z,STIC03,STIC,20220419-20220701,SW,21038950,28933.5,10.25889,114.7382,1,fair,NA,2022
AIMS,2022-06-13T02:00:00Z,STIC03,STIC,20220419-20220701,SW,21038950,28933.5,10.16111,114.7382,1,fair,NA,2022
AIMS,2022-06-13T02:15:00Z,STIC03,STIC,20220419-20220701,SW,21038950,28933.5,10.06278,114.7382,1,fair,NA,2022
AIMS,2022-06-13T02:30:00Z,STIC03,STIC,20220419-20220701,SW,21038950,28933.5,10.06278,114.7382,1,fair,NA,2022
AIMS,2022-06-13T02:45:00Z,STIC03,STIC,20220419-20220701,SW,21038950,28933.5,9.965,114.7382,1,fair,NA,2022
AIMS,2022-06-13T03:00:00Z,STIC03,STIC,20220419-20220701,SW,21038950,28933.5,9.866111,114.7382,1,fair,NA,2022
AIMS,2022-06-13T03:15:00Z,STIC03,STIC,20220419-20220701,SW,21038950,27555.7,9.866111,109.1205,1,fair,NA,2022
AIMS,2022-06-13T03:30:00Z,STIC03,STIC,20220419-20220701,SW,21038950,28933.5,9.767778,114.7382,1,fair,NA,2022
AIMS,2022-06-13T03:45:00Z,STIC03,STIC,20220419-20220701,SW,21038950,28933.5,9.767778,114.7382,1,fair,NA,2022
AIMS,2022-06-13T04:00:00Z,STIC03,STIC,20220419-20220701,SW,21038950,28933.5,9.668889,114.7382,1,fair,NA,2022
AIMS,2022-06-13T04:15:00Z,STIC03,STIC,20220419-20220701,SW,21038950,27555.7,9.668889,109.1205,1,fair,NA,2022
AIMS,2022-06-13T04:30:00Z,STIC03,STIC,20220419-20220701,SW,21038950,27555.7,9.571111,109.1205,1,fair,NA,2022
AIMS,2022-06-13T04:45:00Z,STIC03,STIC,20220419-20220701,SW,21038950,26178,9.472222,103.5033,1,fair,NA,2022
AIMS,2022-06-13T05:00:00Z,STIC03,STIC,20220419-20220701,SW,21038950,26178,9.372778,103.5033,1,fair,NA,2022
AIMS,2022-06-13T05:15:00Z,STIC03,STIC,20220419-20220701,SW,21038950,26178,9.372778,103.5033,1,fair,NA,2022
AIMS,2022-06-13T05:30:00Z,STIC03,STIC,20220419-20220701,SW,21038950,26178,9.275,103.5033,1,fair,NA,2022
AIMS,2022-06-13T05:45:00Z,STIC03,STIC,20220419-20220701,SW,21038950,27555.7,9.275,109.1205,1,fair,NA,2022
AIMS,2022-06-13T06:00:00Z,STIC03,STIC,20220419-20220701,SW,21038950,27555.7,9.176111,109.1205,1,fair,NA,2022
AIMS,2022-06-13T06:15:00Z,STIC03,STIC,20220419-20220701,SW,21038950,27555.7,9.176111,109.1205,1,fair,NA,2022
AIMS,2022-06-13T06:30:00Z,STIC03,STIC,20220419-20220701,SW,21038950,26178,9.077222,103.5033,1,fair,NA,2022
AIMS,2022-06-13T06:45:00Z,STIC03,STIC,20220419-20220701,SW,21038950,26178,9.077222,103.5033,1,fair,NA,2022
AIMS,2022-06-13T07:00:00Z,STIC03,STIC,20220419-20220701,SW,21038950,26178,8.977778,103.5033,1,fair,NA,2022
AIMS,2022-06-13T07:15:00Z,STIC03,STIC,20220419-20220701,SW,21038950,26178,8.878889,103.5033,1,fair,NA,2022
AIMS,2022-06-13T07:30:00Z,STIC03,STIC,20220419-20220701,SW,21038950,26178,8.878889,103.5033,1,fair,NA,2022
AIMS,2022-06-13T07:45:00Z,STIC03,STIC,20220419-20220701,SW,21038950,27555.7,8.778889,109.1205,1,fair,NA,2022
AIMS,2022-06-13T08:00:00Z,STIC03,STIC,20220419-20220701,SW,21038950,27555.7,8.778889,109.1205,1,fair,NA,2022
AIMS,2022-06-13T08:15:00Z,STIC03,STIC,20220419-20220701,SW,21038950,28933.5,8.68,114.7382,1,fair,NA,2022
AIMS,2022-06-13T08:30:00Z,STIC03,STIC,20220419-20220701,SW,21038950,28933.5,8.68,114.7382,1,fair,NA,2022
AIMS,2022-06-13T08:45:00Z,STIC03,STIC,20220419-20220701,SW,21038950,28933.5,8.68,114.7382,1,fair,NA,2022
AIMS,2022-06-13T09:00:00Z,STIC03,STIC,20220419-20220701,SW,21038950,28933.5,8.581111,114.7382,1,fair,NA,2022
AIMS,2022-06-13T09:15:00Z,STIC03,STIC,20220419-20220701,SW,21038950,28933.5,8.581111,114.7382,1,fair,NA,2022
AIMS,2022-06-13T09:30:00Z,STIC03,STIC,20220419-20220701,SW,21038950,28933.5,8.581111,114.7382,1,fair,NA,2022
AIMS,2022-06-13T09:45:00Z,STIC03,STIC,20220419-20220701,SW,21038950,28933.5,8.68,114.7382,1,fair,NA,2022
AIMS,2022-06-13T10:00:00Z,STIC03,STIC,20220419-20220701,SW,21038950,28933.5,8.68,114.7382,1,fair,NA,2022
AIMS,2022-06-13T10:15:00Z,STIC03,STIC,20220419-20220701,SW,21038950,28933.5,8.778889,114.7382,1,fair,NA,2022
AIMS,2022-06-13T10:30:00Z,STIC03,STIC,20220419-20220701,SW,21038950,28933.5,8.878889,114.7382,1,fair,NA,2022
AIMS,2022-06-13T10:45:00Z,STIC03,STIC,20220419-20220701,SW,21038950,28933.5,8.977778,114.7382,1,fair,NA,2022
AIMS,2022-06-13T11:00:00Z,STIC03,STIC,20220419-20220701,SW,21038950,28933.5,9.077222,114.7382,1,fair,NA,2022
AIMS,2022-06-13T11:15:00Z,STIC03,STIC,20220419-20220701,SW,21038950,28933.5,9.176111,114.7382,1,fair,NA,2022
AIMS,2022-06-13T11:30:00Z,STIC03,STIC,20220419-20220701,SW,21038950,30311.3,9.275,120.3558,1,fair,NA,2022
AIMS,2022-06-13T11:45:00Z,STIC03,STIC,20220419-20220701,SW,21038950,30311.3,9.372778,120.3558,1,fair,NA,2022
AIMS,2022-06-13T12:00:00Z,STIC03,STIC,20220419-20220701,SW,21038950,30311.3,9.372778,120.3558,1,fair,NA,2022
AIMS,2022-06-13T12:15:00Z,STIC03,STIC,20220419-20220701,SW,21038950,30311.3,9.472222,120.3558,1,fair,NA,2022
AIMS,2022-06-13T12:30:00Z,STIC03,STIC,20220419-20220701,SW,21038950,30311.3,9.571111,120.3558,1,fair,NA,2022
AIMS,2022-06-13T12:45:00Z,STIC03,STIC,20220419-20220701,SW,21038950,30311.3,9.668889,120.3558,1,fair,NA,2022
AIMS,2022-06-13T13:00:00Z,STIC03,STIC,20220419-20220701,SW,21038950,30311.3,9.668889,120.3558,1,fair,NA,2022
AIMS,2022-06-13T13:15:00Z,STIC03,STIC,20220419-20220701,SW,21038950,30311.3,9.767778,120.3558,1,fair,NA,2022
AIMS,2022-06-13T13:30:00Z,STIC03,STIC,20220419-20220701,SW,21038950,30311.3,9.866111,120.3558,1,fair,NA,2022
AIMS,2022-06-13T13:45:00Z,STIC03,STIC,20220419-20220701,SW,21038950,28933.5,10.06278,114.7382,1,fair,NA,2022
AIMS,2022-06-13T14:00:00Z,STIC03,STIC,20220419-20220701,SW,21038950,30311.3,10.06278,120.3558,1,fair,NA,2022
AIMS,2022-06-13T14:15:00Z,STIC03,STIC,20220419-20220701,SW,21038950,30311.3,10.16111,120.3558,1,fair,NA,2022
AIMS,2022-06-13T14:30:00Z,STIC03,STIC,20220419-20220701,SW,21038950,30311.3,10.25889,120.3558,1,fair,NA,2022
AIMS,2022-06-13T14:45:00Z,STIC03,STIC,20220419-20220701,SW,21038950,30311.3,10.35722,120.3558,1,fair,NA,2022
AIMS,2022-06-13T15:00:00Z,STIC03,STIC,20220419-20220701,SW,21038950,30311.3,10.455,120.3558,1,fair,NA,2022
AIMS,2022-06-13T15:15:00Z,STIC03,STIC,20220419-20220701,SW,21038950,30311.3,10.455,120.3558,1,fair,NA,2022
AIMS,2022-06-13T15:30:00Z,STIC03,STIC,20220419-20220701,SW,21038950,30311.3,10.55278,120.3558,1,fair,NA,2022
AIMS,2022-06-13T15:45:00Z,STIC03,STIC,20220419-20220701,SW,21038950,30311.3,10.65111,120.3558,1,fair,NA,2022
AIMS,2022-06-13T16:00:00Z,STIC03,STIC,20220419-20220701,SW,21038950,30311.3,10.74778,120.3558,1,fair,NA,2022
AIMS,2022-06-13T16:15:00Z,STIC03,STIC,20220419-20220701,SW,21038950,30311.3,10.84611,120.3558,1,fair,NA,2022
AIMS,2022-06-13T16:30:00Z,STIC03,STIC,20220419-20220701,SW,21038950,30311.3,10.74778,120.3558,1,fair,NA,2022
AIMS,2022-06-13T16:45:00Z,STIC03,STIC,20220419-20220701,SW,21038950,30311.3,10.65111,120.3558,1,fair,NA,2022
AIMS,2022-06-13T17:00:00Z,STIC03,STIC,20220419-20220701,SW,21038950,30311.3,10.55278,120.3558,1,fair,NA,2022
AIMS,2022-06-13T17:15:00Z,STIC03,STIC,20220419-20220701,SW,21038950,30311.3,10.55278,120.3558,1,fair,NA,2022
AIMS,2022-06-13T17:30:00Z,STIC03,STIC,20220419-20220701,SW,21038950,30311.3,10.455,120.3558,1,fair,NA,2022
AIMS,2022-06-13T17:45:00Z,STIC03,STIC,20220419-20220701,SW,21038950,30311.3,10.25889,120.3558,1,fair,NA,2022
AIMS,2022-06-13T18:00:00Z,STIC03,STIC,20220419-20220701,SW,21038950,30311.3,10.16111,120.3558,1,fair,NA,2022
AIMS,2022-06-13T18:15:00Z,STIC03,STIC,20220419-20220701,SW,21038950,30311.3,10.06278,120.3558,1,fair,NA,2022
AIMS,2022-06-13T18:30:00Z,STIC03,STIC,20220419-20220701,SW,21038950,30311.3,9.965,120.3558,1,fair,NA,2022
AIMS,2022-06-13T18:45:00Z,STIC03,STIC,20220419-20220701,SW,21038950,30311.3,9.767778,120.3558,1,fair,NA,2022
AIMS,2022-06-13T19:00:00Z,STIC03,STIC,20220419-20220701,SW,21038950,30311.3,9.571111,120.3558,1,fair,NA,2022
AIMS,2022-06-13T19:15:00Z,STIC03,STIC,20220419-20220701,SW,21038950,30311.3,9.372778,120.3558,1,fair,NA,2022
AIMS,2022-06-13T19:30:00Z,STIC03,STIC,20220419-20220701,SW,21038950,30311.3,9.275,120.3558,1,fair,NA,2022
AIMS,2022-06-13T19:45:00Z,STIC03,STIC,20220419-20220701,SW,21038950,30311.3,9.176111,120.3558,1,fair,NA,2022
AIMS,2022-06-13T20:00:00Z,STIC03,STIC,20220419-20220701,SW,21038950,30311.3,8.977778,120.3558,1,fair,NA,2022
AIMS,2022-06-13T20:15:00Z,STIC03,STIC,20220419-20220701,SW,21038950,30311.3,8.778889,120.3558,1,fair,NA,2022
AIMS,2022-06-13T20:30:00Z,STIC03,STIC,20220419-20220701,SW,21038950,30311.3,8.68,120.3558,1,fair,NA,2022
AIMS,2022-06-13T20:45:00Z,STIC03,STIC,20220419-20220701,SW,21038950,28933.5,8.581111,114.7382,1,fair,NA,2022
AIMS,2022-06-13T21:00:00Z,STIC03,STIC,20220419-20220701,SW,21038950,28933.5,8.481111,114.7382,1,fair,NA,2022
AIMS,2022-06-13T21:15:00Z,STIC03,STIC,20220419-20220701,SW,21038950,28933.5,8.282222,114.7382,1,fair,NA,2022
AIMS,2022-06-13T21:30:00Z,STIC03,STIC,20220419-20220701,SW,21038950,28933.5,8.182222,114.7382,1,fair,NA,2022
AIMS,2022-06-13T21:45:00Z,STIC03,STIC,20220419-20220701,SW,21038950,28933.5,8.082222,114.7382,1,fair,NA,2022
AIMS,2022-06-13T22:00:00Z,STIC03,STIC,20220419-20220701,SW,21038950,28933.5,7.882222,114.7382,1,fair,NA,2022
AIMS,2022-06-13T22:15:00Z,STIC03,STIC,20220419-20220701,SW,21038950,28933.5,7.882222,114.7382,1,fair,NA,2022
AIMS,2022-06-13T22:30:00Z,STIC03,STIC,20220419-20220701,SW,21038950,28933.5,7.782222,114.7382,1,fair,NA,2022
AIMS,2022-06-13T22:45:00Z,STIC03,STIC,20220419-20220701,SW,21038950,28933.5,7.682222,114.7382,1,fair,NA,2022
AIMS,2022-06-13T23:00:00Z,STIC03,STIC,20220419-20220701,SW,21038950,28933.5,7.582222,114.7382,1,fair,NA,2022
AIMS,2022-06-13T23:15:00Z,STIC03,STIC,20220419-20220701,SW,21038950,28933.5,7.481111,114.7382,1,fair,NA,2022
AIMS,2022-06-13T23:30:00Z,STIC03,STIC,20220419-20220701,SW,21038950,28933.5,7.381111,114.7382,1,fair,NA,2022
AIMS,2022-06-13T23:45:00Z,STIC03,STIC,20220419-20220701,SW,21038950,28933.5,7.28,114.7382,1,fair,NA,2022
AIMS,2022-06-14T00:00:00Z,STIC03,STIC,20220419-20220701,SW,21038950,28933.5,7.178889,114.7382,1,fair,NA,2022
AIMS,2022-06-14T00:15:00Z,STIC03,STIC,20220419-20220701,SW,21038950,28933.5,7.078889,114.7382,1,fair,NA,2022
AIMS,2022-06-14T00:30:00Z,STIC03,STIC,20220419-20220701,SW,21038950,28933.5,7.078889,114.7382,1,fair,NA,2022
AIMS,2022-06-14T00:45:00Z,STIC03,STIC,20220419-20220701,SW,21038950,28933.5,6.977778,114.7382,1,fair,NA,2022
AIMS,2022-06-14T01:00:00Z,STIC03,STIC,20220419-20220701,SW,21038950,28933.5,6.877222,114.7382,1,fair,NA,2022
AIMS,2022-06-14T01:15:00Z,STIC03,STIC,20220419-20220701,SW,21038950,28933.5,6.877222,114.7382,1,fair,NA,2022
AIMS,2022-06-14T01:30:00Z,STIC03,STIC,20220419-20220701,SW,21038950,28933.5,6.775,114.7382,1,fair,NA,2022
AIMS,2022-06-14T01:45:00Z,STIC03,STIC,20220419-20220701,SW,21038950,28933.5,6.775,114.7382,1,fair,NA,2022
AIMS,2022-06-14T02:00:00Z,STIC03,STIC,20220419-20220701,SW,21038950,28933.5,6.673889,114.7382,1,fair,NA,2022
AIMS,2022-06-14T02:15:00Z,STIC03,STIC,20220419-20220701,SW,21038950,28933.5,6.673889,114.7382,1,fair,NA,2022
AIMS,2022-06-14T02:30:00Z,STIC03,STIC,20220419-20220701,SW,21038950,28933.5,6.673889,114.7382,1,fair,NA,2022
AIMS,2022-06-14T02:45:00Z,STIC03,STIC,20220419-20220701,SW,21038950,28933.5,6.572778,114.7382,1,fair,NA,2022
AIMS,2022-06-14T03:00:00Z,STIC03,STIC,20220419-20220701,SW,21038950,28933.5,6.572778,114.7382,1,fair,NA,2022
AIMS,2022-06-14T03:15:00Z,STIC03,STIC,20220419-20220701,SW,21038950,28933.5,6.572778,114.7382,1,fair,NA,2022
AIMS,2022-06-14T03:30:00Z,STIC03,STIC,20220419-20220701,SW,21038950,28933.5,6.471111,114.7382,1,fair,NA,2022
AIMS,2022-06-14T03:45:00Z,STIC03,STIC,20220419-20220701,SW,21038950,27555.7,6.471111,109.1205,1,fair,NA,2022
AIMS,2022-06-14T04:00:00Z,STIC03,STIC,20220419-20220701,SW,21038950,27555.7,6.37,109.1205,1,fair,NA,2022
AIMS,2022-06-14T04:15:00Z,STIC03,STIC,20220419-20220701,SW,21038950,27555.7,6.37,109.1205,1,fair,NA,2022
AIMS,2022-06-14T04:30:00Z,STIC03,STIC,20220419-20220701,SW,21038950,27555.7,6.37,109.1205,1,fair,NA,2022
AIMS,2022-06-14T04:45:00Z,STIC03,STIC,20220419-20220701,SW,21038950,27555.7,6.37,109.1205,1,fair,NA,2022
AIMS,2022-06-14T05:00:00Z,STIC03,STIC,20220419-20220701,SW,21038950,27555.7,6.37,109.1205,1,fair,NA,2022
AIMS,2022-06-14T05:15:00Z,STIC03,STIC,20220419-20220701,SW,21038950,27555.7,6.267778,109.1205,1,fair,NA,2022
AIMS,2022-06-14T05:30:00Z,STIC03,STIC,20220419-20220701,SW,21038950,27555.7,6.166111,109.1205,1,fair,NA,2022
AIMS,2022-06-14T05:45:00Z,STIC03,STIC,20220419-20220701,SW,21038950,27555.7,6.166111,109.1205,1,fair,NA,2022
AIMS,2022-06-14T06:00:00Z,STIC03,STIC,20220419-20220701,SW,21038950,27555.7,6.063889,109.1205,1,fair,NA,2022
AIMS,2022-06-14T06:15:00Z,STIC03,STIC,20220419-20220701,SW,21038950,27555.7,6.063889,109.1205,1,fair,NA,2022
AIMS,2022-06-14T06:30:00Z,STIC03,STIC,20220419-20220701,SW,21038950,27555.7,5.962222,109.1205,1,fair,NA,2022
AIMS,2022-06-14T06:45:00Z,STIC03,STIC,20220419-20220701,SW,21038950,27555.7,5.962222,109.1205,1,fair,NA,2022
AIMS,2022-06-14T07:00:00Z,STIC03,STIC,20220419-20220701,SW,21038950,27555.7,6.063889,109.1205,1,fair,NA,2022
AIMS,2022-06-14T07:15:00Z,STIC03,STIC,20220419-20220701,SW,21038950,27555.7,6.063889,109.1205,1,fair,NA,2022
AIMS,2022-06-14T07:30:00Z,STIC03,STIC,20220419-20220701,SW,21038950,27555.7,6.166111,109.1205,1,fair,NA,2022
AIMS,2022-06-14T07:45:00Z,STIC03,STIC,20220419-20220701,SW,21038950,27555.7,6.166111,109.1205,1,fair,NA,2022
AIMS,2022-06-14T08:00:00Z,STIC03,STIC,20220419-20220701,SW,21038950,27555.7,6.166111,109.1205,1,fair,NA,2022
AIMS,2022-06-14T08:15:00Z,STIC03,STIC,20220419-20220701,SW,21038950,27555.7,6.267778,109.1205,1,fair,NA,2022
AIMS,2022-06-14T08:30:00Z,STIC03,STIC,20220419-20220701,SW,21038950,27555.7,6.267778,109.1205,1,fair,NA,2022
AIMS,2022-06-14T08:45:00Z,STIC03,STIC,20220419-20220701,SW,21038950,27555.7,6.37,109.1205,1,fair,NA,2022
AIMS,2022-06-14T09:00:00Z,STIC03,STIC,20220419-20220701,SW,21038950,27555.7,6.37,109.1205,1,fair,NA,2022
AIMS,2022-06-14T09:15:00Z,STIC03,STIC,20220419-20220701,SW,21038950,27555.7,6.37,109.1205,1,fair,NA,2022
AIMS,2022-06-14T09:30:00Z,STIC03,STIC,20220419-20220701,SW,21038950,27555.7,6.471111,109.1205,1,fair,NA,2022
AIMS,2022-06-14T09:45:00Z,STIC03,STIC,20220419-20220701,SW,21038950,27555.7,6.572778,109.1205,1,fair,NA,2022
AIMS,2022-06-14T10:00:00Z,STIC03,STIC,20220419-20220701,SW,21038950,27555.7,6.673889,109.1205,1,fair,NA,2022
AIMS,2022-06-14T10:15:00Z,STIC03,STIC,20220419-20220701,SW,21038950,27555.7,6.775,109.1205,1,fair,NA,2022
AIMS,2022-06-14T10:30:00Z,STIC03,STIC,20220419-20220701,SW,21038950,27555.7,6.877222,109.1205,1,fair,NA,2022
AIMS,2022-06-14T10:45:00Z,STIC03,STIC,20220419-20220701,SW,21038950,28933.5,6.977778,114.7382,1,fair,NA,2022
AIMS,2022-06-14T11:00:00Z,STIC03,STIC,20220419-20220701,SW,21038950,28933.5,7.078889,114.7382,1,fair,NA,2022
AIMS,2022-06-14T11:15:00Z,STIC03,STIC,20220419-20220701,SW,21038950,28933.5,7.178889,114.7382,1,fair,NA,2022
AIMS,2022-06-14T11:30:00Z,STIC03,STIC,20220419-20220701,SW,21038950,28933.5,7.381111,114.7382,1,fair,NA,2022
AIMS,2022-06-14T11:45:00Z,STIC03,STIC,20220419-20220701,SW,21038950,28933.5,7.481111,114.7382,1,fair,NA,2022
AIMS,2022-06-14T12:00:00Z,STIC03,STIC,20220419-20220701,SW,21038950,28933.5,7.682222,114.7382,1,fair,NA,2022
AIMS,2022-06-14T12:15:00Z,STIC03,STIC,20220419-20220701,SW,21038950,28933.5,7.882222,114.7382,1,fair,NA,2022
AIMS,2022-06-14T12:30:00Z,STIC03,STIC,20220419-20220701,SW,21038950,28933.5,8.182222,114.7382,1,fair,NA,2022
AIMS,2022-06-14T12:45:00Z,STIC03,STIC,20220419-20220701,SW,21038950,28933.5,8.481111,114.7382,1,fair,NA,2022
AIMS,2022-06-14T13:00:00Z,STIC03,STIC,20220419-20220701,SW,21038950,28933.5,8.581111,114.7382,1,fair,NA,2022
AIMS,2022-06-14T13:15:00Z,STIC03,STIC,20220419-20220701,SW,21038950,28933.5,8.778889,114.7382,1,fair,NA,2022
AIMS,2022-06-14T13:30:00Z,STIC03,STIC,20220419-20220701,SW,21038950,28933.5,8.977778,114.7382,1,fair,NA,2022
AIMS,2022-06-14T13:45:00Z,STIC03,STIC,20220419-20220701,SW,21038950,28933.5,9.077222,114.7382,1,fair,NA,2022
AIMS,2022-06-14T14:00:00Z,STIC03,STIC,20220419-20220701,SW,21038950,28933.5,9.077222,114.7382,1,fair,NA,2022
AIMS,2022-06-14T14:15:00Z,STIC03,STIC,20220419-20220701,SW,21038950,28933.5,9.176111,114.7382,1,fair,NA,2022
AIMS,2022-06-14T14:30:00Z,STIC03,STIC,20220419-20220701,SW,21038950,28933.5,9.372778,114.7382,1,fair,NA,2022
AIMS,2022-06-14T14:45:00Z,STIC03,STIC,20220419-20220701,SW,21038950,28933.5,9.372778,114.7382,1,fair,NA,2022
AIMS,2022-06-14T15:00:00Z,STIC03,STIC,20220419-20220701,SW,21038950,28933.5,9.372778,114.7382,1,fair,NA,2022
AIMS,2022-06-14T15:15:00Z,STIC03,STIC,20220419-20220701,SW,21038950,28933.5,9.472222,114.7382,1,fair,NA,2022
AIMS,2022-06-14T15:30:00Z,STIC03,STIC,20220419-20220701,SW,21038950,28933.5,9.571111,114.7382,1,fair,NA,2022
AIMS,2022-06-14T15:45:00Z,STIC03,STIC,20220419-20220701,SW,21038950,30311.3,9.767778,120.3558,1,fair,NA,2022
AIMS,2022-06-14T16:00:00Z,STIC03,STIC,20220419-20220701,SW,21038950,30311.3,9.866111,120.3558,1,fair,NA,2022
AIMS,2022-06-14T16:15:00Z,STIC03,STIC,20220419-20220701,SW,21038950,30311.3,10.16111,120.3558,1,fair,NA,2022
AIMS,2022-06-14T16:30:00Z,STIC03,STIC,20220419-20220701,SW,21038950,30311.3,10.06278,120.3558,1,fair,NA,2022
AIMS,2022-06-14T16:45:00Z,STIC03,STIC,20220419-20220701,SW,21038950,30311.3,9.965,120.3558,1,fair,NA,2022
AIMS,2022-06-14T17:00:00Z,STIC03,STIC,20220419-20220701,SW,21038950,30311.3,9.767778,120.3558,1,fair,NA,2022
AIMS,2022-06-14T17:15:00Z,STIC03,STIC,20220419-20220701,SW,21038950,28933.5,9.668889,114.7382,1,fair,NA,2022
AIMS,2022-06-14T17:30:00Z,STIC03,STIC,20220419-20220701,SW,21038950,28933.5,9.571111,114.7382,1,fair,NA,2022
AIMS,2022-06-14T17:45:00Z,STIC03,STIC,20220419-20220701,SW,21038950,28933.5,9.275,114.7382,1,fair,NA,2022
AIMS,2022-06-14T18:00:00Z,STIC03,STIC,20220419-20220701,SW,21038950,28933.5,9.176111,114.7382,1,fair,NA,2022
AIMS,2022-06-14T18:15:00Z,STIC03,STIC,20220419-20220701,SW,21038950,28933.5,9.077222,114.7382,1,fair,NA,2022
AIMS,2022-06-14T18:30:00Z,STIC03,STIC,20220419-20220701,SW,21038950,28933.5,8.977778,114.7382,1,fair,NA,2022
AIMS,2022-06-14T18:45:00Z,STIC03,STIC,20220419-20220701,SW,21038950,28933.5,8.878889,114.7382,1,fair,NA,2022
AIMS,2022-06-14T19:00:00Z,STIC03,STIC,20220419-20220701,SW,21038950,28933.5,8.778889,114.7382,1,fair,NA,2022
AIMS,2022-06-14T19:15:00Z,STIC03,STIC,20220419-20220701,SW,21038950,28933.5,8.68,114.7382,1,fair,NA,2022
AIMS,2022-06-14T19:30:00Z,STIC03,STIC,20220419-20220701,SW,21038950,28933.5,8.581111,114.7382,1,fair,NA,2022
AIMS,2022-06-14T19:45:00Z,STIC03,STIC,20220419-20220701,SW,21038950,28933.5,8.581111,114.7382,1,fair,NA,2022
AIMS,2022-06-14T20:00:00Z,STIC03,STIC,20220419-20220701,SW,21038950,28933.5,8.382222,114.7382,1,fair,NA,2022
AIMS,2022-06-14T20:15:00Z,STIC03,STIC,20220419-20220701,SW,21038950,28933.5,8.282222,114.7382,1,fair,NA,2022
AIMS,2022-06-14T20:30:00Z,STIC03,STIC,20220419-20220701,SW,21038950,28933.5,8.182222,114.7382,1,fair,NA,2022
AIMS,2022-06-14T20:45:00Z,STIC03,STIC,20220419-20220701,SW,21038950,28933.5,8.082222,114.7382,1,fair,NA,2022
AIMS,2022-06-14T21:00:00Z,STIC03,STIC,20220419-20220701,SW,21038950,28933.5,7.982778,114.7382,1,fair,NA,2022
AIMS,2022-06-14T21:15:00Z,STIC03,STIC,20220419-20220701,SW,21038950,28933.5,7.782222,114.7382,1,fair,NA,2022
AIMS,2022-06-14T21:30:00Z,STIC03,STIC,20220419-20220701,SW,21038950,28933.5,7.582222,114.7382,1,fair,NA,2022
AIMS,2022-06-14T21:45:00Z,STIC03,STIC,20220419-20220701,SW,21038950,28933.5,7.381111,114.7382,1,fair,NA,2022
AIMS,2022-06-14T22:00:00Z,STIC03,STIC,20220419-20220701,SW,21038950,28933.5,7.178889,114.7382,1,fair,NA,2022
AIMS,2022-06-14T22:15:00Z,STIC03,STIC,20220419-20220701,SW,21038950,28933.5,6.977778,114.7382,1,fair,NA,2022
AIMS,2022-06-14T22:30:00Z,STIC03,STIC,20220419-20220701,SW,21038950,27555.7,6.877222,109.1205,1,fair,NA,2022
AIMS,2022-06-14T22:45:00Z,STIC03,STIC,20220419-20220701,SW,21038950,27555.7,6.775,109.1205,1,fair,NA,2022
AIMS,2022-06-14T23:00:00Z,STIC03,STIC,20220419-20220701,SW,21038950,27555.7,6.775,109.1205,1,fair,NA,2022
AIMS,2022-06-14T23:15:00Z,STIC03,STIC,20220419-20220701,SW,21038950,27555.7,6.673889,109.1205,1,fair,NA,2022
AIMS,2022-06-14T23:30:00Z,STIC03,STIC,20220419-20220701,SW,21038950,27555.7,6.572778,109.1205,1,fair,NA,2022
AIMS,2022-06-14T23:45:00Z,STIC03,STIC,20220419-20220701,SW,21038950,27555.7,6.572778,109.1205,1,fair,NA,2022
AIMS,2022-06-15T00:00:00Z,STIC03,STIC,20220419-20220701,SW,21038950,27555.7,6.471111,109.1205,1,fair,NA,2022
AIMS,2022-06-15T00:15:00Z,STIC03,STIC,20220419-20220701,SW,21038950,27555.7,6.471111,109.1205,1,fair,NA,2022
AIMS,2022-06-15T00:30:00Z,STIC03,STIC,20220419-20220701,SW,21038950,27555.7,6.471111,109.1205,1,fair,NA,2022
AIMS,2022-06-15T00:45:00Z,STIC03,STIC,20220419-20220701,SW,21038950,27555.7,6.37,109.1205,1,fair,NA,2022
AIMS,2022-06-15T01:00:00Z,STIC03,STIC,20220419-20220701,SW,21038950,27555.7,6.37,109.1205,1,fair,NA,2022
AIMS,2022-06-15T01:15:00Z,STIC03,STIC,20220419-20220701,SW,21038950,27555.7,6.267778,109.1205,1,fair,NA,2022
AIMS,2022-06-15T01:30:00Z,STIC03,STIC,20220419-20220701,SW,21038950,27555.7,6.267778,109.1205,1,fair,NA,2022
AIMS,2022-06-15T01:45:00Z,STIC03,STIC,20220419-20220701,SW,21038950,27555.7,6.166111,109.1205,1,fair,NA,2022
AIMS,2022-06-15T02:00:00Z,STIC03,STIC,20220419-20220701,SW,21038950,27555.7,6.166111,109.1205,1,fair,NA,2022
AIMS,2022-06-15T02:15:00Z,STIC03,STIC,20220419-20220701,SW,21038950,27555.7,5.962222,109.1205,1,fair,NA,2022
AIMS,2022-06-15T02:30:00Z,STIC03,STIC,20220419-20220701,SW,21038950,27555.7,5.86,109.1205,1,fair,NA,2022
AIMS,2022-06-15T02:45:00Z,STIC03,STIC,20220419-20220701,SW,21038950,26178,5.757222,103.5033,1,fair,NA,2022
AIMS,2022-06-15T03:00:00Z,STIC03,STIC,20220419-20220701,SW,21038950,26178,5.655,103.5033,1,fair,NA,2022
AIMS,2022-06-15T03:15:00Z,STIC03,STIC,20220419-20220701,SW,21038950,27555.7,5.655,109.1205,1,fair,NA,2022
AIMS,2022-06-15T03:30:00Z,STIC03,STIC,20220419-20220701,SW,21038950,27555.7,5.45,109.1205,1,fair,NA,2022
AIMS,2022-06-15T03:45:00Z,STIC03,STIC,20220419-20220701,SW,21038950,26178,5.347222,103.5033,1,fair,NA,2022
AIMS,2022-06-15T04:00:00Z,STIC03,STIC,20220419-20220701,SW,21038950,26178,5.243889,103.5033,1,fair,NA,2022
AIMS,2022-06-15T04:15:00Z,STIC03,STIC,20220419-20220701,SW,21038950,26178,5.141111,103.5033,1,fair,NA,2022
AIMS,2022-06-15T04:30:00Z,STIC03,STIC,20220419-20220701,SW,21038950,26178,5.037222,103.5033,1,fair,NA,2022
AIMS,2022-06-15T04:45:00Z,STIC03,STIC,20220419-20220701,SW,21038950,26178,4.933889,103.5033,1,fair,NA,2022
AIMS,2022-06-15T05:00:00Z,STIC03,STIC,20220419-20220701,SW,21038950,26178,4.933889,103.5033,1,fair,NA,2022
AIMS,2022-06-15T05:15:00Z,STIC03,STIC,20220419-20220701,SW,21038950,26178,4.831111,103.5033,1,fair,NA,2022
AIMS,2022-06-15T05:30:00Z,STIC03,STIC,20220419-20220701,SW,21038950,26178,4.831111,103.5033,1,fair,NA,2022
AIMS,2022-06-15T05:45:00Z,STIC03,STIC,20220419-20220701,SW,21038950,26178,4.831111,103.5033,1,fair,NA,2022
AIMS,2022-06-15T06:00:00Z,STIC03,STIC,20220419-20220701,SW,21038950,26178,4.831111,103.5033,1,fair,NA,2022
AIMS,2022-06-15T06:15:00Z,STIC03,STIC,20220419-20220701,SW,21038950,26178,4.831111,103.5033,1,fair,NA,2022
AIMS,2022-06-15T06:30:00Z,STIC03,STIC,20220419-20220701,SW,21038950,26178,4.831111,103.5033,1,fair,NA,2022
AIMS,2022-06-15T06:45:00Z,STIC03,STIC,20220419-20220701,SW,21038950,26178,4.831111,103.5033,1,fair,NA,2022
AIMS,2022-06-15T07:00:00Z,STIC03,STIC,20220419-20220701,SW,21038950,26178,4.831111,103.5033,1,fair,NA,2022
AIMS,2022-06-15T07:15:00Z,STIC03,STIC,20220419-20220701,SW,21038950,26178,4.933889,103.5033,1,fair,NA,2022
AIMS,2022-06-15T07:30:00Z,STIC03,STIC,20220419-20220701,SW,21038950,26178,5.037222,103.5033,1,fair,NA,2022
AIMS,2022-06-15T07:45:00Z,STIC03,STIC,20220419-20220701,SW,21038950,27555.7,5.141111,109.1205,1,fair,NA,2022
AIMS,2022-06-15T08:00:00Z,STIC03,STIC,20220419-20220701,SW,21038950,27555.7,5.347222,109.1205,1,fair,NA,2022
AIMS,2022-06-15T08:15:00Z,STIC03,STIC,20220419-20220701,SW,21038950,27555.7,5.552222,109.1205,1,fair,NA,2022
AIMS,2022-06-15T08:30:00Z,STIC03,STIC,20220419-20220701,SW,21038950,27555.7,5.655,109.1205,1,fair,NA,2022
AIMS,2022-06-15T08:45:00Z,STIC03,STIC,20220419-20220701,SW,21038950,27555.7,5.86,109.1205,1,fair,NA,2022
AIMS,2022-06-15T09:00:00Z,STIC03,STIC,20220419-20220701,SW,21038950,27555.7,5.962222,109.1205,1,fair,NA,2022
AIMS,2022-06-15T09:15:00Z,STIC03,STIC,20220419-20220701,SW,21038950,27555.7,6.166111,109.1205,1,fair,NA,2022
AIMS,2022-06-15T09:30:00Z,STIC03,STIC,20220419-20220701,SW,21038950,27555.7,6.267778,109.1205,1,fair,NA,2022
AIMS,2022-06-15T09:45:00Z,STIC03,STIC,20220419-20220701,SW,21038950,27555.7,6.471111,109.1205,1,fair,NA,2022
AIMS,2022-06-15T10:00:00Z,STIC03,STIC,20220419-20220701,SW,21038950,27555.7,6.572778,109.1205,1,fair,NA,2022
AIMS,2022-06-15T10:15:00Z,STIC03,STIC,20220419-20220701,SW,21038950,27555.7,6.877222,109.1205,1,fair,NA,2022
AIMS,2022-06-15T10:30:00Z,STIC03,STIC,20220419-20220701,SW,21038950,27555.7,6.977778,109.1205,1,fair,NA,2022
AIMS,2022-06-15T10:45:00Z,STIC03,STIC,20220419-20220701,SW,21038950,27555.7,7.078889,109.1205,1,fair,NA,2022
AIMS,2022-06-15T11:00:00Z,STIC03,STIC,20220419-20220701,SW,21038950,27555.7,7.28,109.1205,1,fair,NA,2022
AIMS,2022-06-15T11:15:00Z,STIC03,STIC,20220419-20220701,SW,21038950,27555.7,7.481111,109.1205,1,fair,NA,2022
AIMS,2022-06-15T11:30:00Z,STIC03,STIC,20220419-20220701,SW,21038950,28933.5,7.682222,114.7382,1,fair,NA,2022
AIMS,2022-06-15T11:45:00Z,STIC03,STIC,20220419-20220701,SW,21038950,28933.5,7.882222,114.7382,1,fair,NA,2022
AIMS,2022-06-15T12:00:00Z,STIC03,STIC,20220419-20220701,SW,21038950,28933.5,8.082222,114.7382,1,fair,NA,2022
AIMS,2022-06-15T12:15:00Z,STIC03,STIC,20220419-20220701,SW,21038950,28933.5,8.382222,114.7382,1,fair,NA,2022
AIMS,2022-06-15T12:30:00Z,STIC03,STIC,20220419-20220701,SW,21038950,28933.5,8.778889,114.7382,1,fair,NA,2022
AIMS,2022-06-15T12:45:00Z,STIC03,STIC,20220419-20220701,SW,21038950,28933.5,9.176111,114.7382,1,fair,NA,2022
AIMS,2022-06-15T13:00:00Z,STIC03,STIC,20220419-20220701,SW,21038950,28933.5,9.275,114.7382,1,fair,NA,2022
AIMS,2022-06-15T13:15:00Z,STIC03,STIC,20220419-20220701,SW,21038950,28933.5,9.372778,114.7382,1,fair,NA,2022
AIMS,2022-06-15T13:30:00Z,STIC03,STIC,20220419-20220701,SW,21038950,28933.5,9.571111,114.7382,1,fair,NA,2022
AIMS,2022-06-15T13:45:00Z,STIC03,STIC,20220419-20220701,SW,21038950,28933.5,9.767778,114.7382,1,fair,NA,2022
AIMS,2022-06-15T14:00:00Z,STIC03,STIC,20220419-20220701,SW,21038950,30311.3,9.965,120.3558,1,fair,NA,2022
AIMS,2022-06-15T14:15:00Z,STIC03,STIC,20220419-20220701,SW,21038950,30311.3,10.25889,120.3558,1,fair,NA,2022
AIMS,2022-06-15T14:30:00Z,STIC03,STIC,20220419-20220701,SW,21038950,30311.3,10.455,120.3558,1,fair,NA,2022
AIMS,2022-06-15T14:45:00Z,STIC03,STIC,20220419-20220701,SW,21038950,30311.3,10.55278,120.3558,1,fair,NA,2022
AIMS,2022-06-15T15:00:00Z,STIC03,STIC,20220419-20220701,SW,21038950,30311.3,10.65111,120.3558,1,fair,NA,2022
AIMS,2022-06-15T15:15:00Z,STIC03,STIC,20220419-20220701,SW,21038950,30311.3,10.55278,120.3558,1,fair,NA,2022
AIMS,2022-06-15T15:30:00Z,STIC03,STIC,20220419-20220701,SW,21038950,30311.3,10.65111,120.3558,1,fair,NA,2022
AIMS,2022-06-15T15:45:00Z,STIC03,STIC,20220419-20220701,SW,21038950,30311.3,10.65111,120.3558,1,fair,NA,2022
AIMS,2022-06-15T16:00:00Z,STIC03,STIC,20220419-20220701,SW,21038950,30311.3,11.13889,120.3558,1,fair,NA,2022
AIMS,2022-06-15T16:15:00Z,STIC03,STIC,20220419-20220701,SW,21038950,30311.3,11.625,120.3558,1,fair,NA,2022
AIMS,2022-06-15T16:30:00Z,STIC03,STIC,20220419-20220701,SW,21038950,30311.3,11.43111,120.3558,1,fair,NA,2022
AIMS,2022-06-15T16:45:00Z,STIC03,STIC,20220419-20220701,SW,21038950,30311.3,11.23611,120.3558,1,fair,NA,2022
AIMS,2022-06-15T17:00:00Z,STIC03,STIC,20220419-20220701,SW,21038950,30311.3,11.23611,120.3558,1,fair,NA,2022
AIMS,2022-06-15T17:15:00Z,STIC03,STIC,20220419-20220701,SW,21038950,30311.3,11.23611,120.3558,1,fair,NA,2022
AIMS,2022-06-15T17:30:00Z,STIC03,STIC,20220419-20220701,SW,21038950,30311.3,11.23611,120.3558,1,fair,NA,2022
AIMS,2022-06-15T17:45:00Z,STIC03,STIC,20220419-20220701,SW,21038950,30311.3,11.33389,120.3558,1,fair,NA,2022
AIMS,2022-06-15T18:00:00Z,STIC03,STIC,20220419-20220701,SW,21038950,30311.3,11.23611,120.3558,1,fair,NA,2022
AIMS,2022-06-15T18:15:00Z,STIC03,STIC,20220419-20220701,SW,21038950,30311.3,11.23611,120.3558,1,fair,NA,2022
AIMS,2022-06-15T18:30:00Z,STIC03,STIC,20220419-20220701,SW,21038950,30311.3,11.13889,120.3558,1,fair,NA,2022
AIMS,2022-06-15T18:45:00Z,STIC03,STIC,20220419-20220701,SW,21038950,30311.3,11.04111,120.3558,1,fair,NA,2022
AIMS,2022-06-15T19:00:00Z,STIC03,STIC,20220419-20220701,SW,21038950,30311.3,10.94389,120.3558,1,fair,NA,2022
AIMS,2022-06-15T19:15:00Z,STIC03,STIC,20220419-20220701,SW,21038950,30311.3,10.84611,120.3558,1,fair,NA,2022
AIMS,2022-06-15T19:30:00Z,STIC03,STIC,20220419-20220701,SW,21038950,30311.3,10.74778,120.3558,1,fair,NA,2022
AIMS,2022-06-15T19:45:00Z,STIC03,STIC,20220419-20220701,SW,21038950,30311.3,10.65111,120.3558,1,fair,NA,2022
AIMS,2022-06-15T20:00:00Z,STIC03,STIC,20220419-20220701,SW,21038950,30311.3,10.455,120.3558,1,fair,NA,2022
AIMS,2022-06-15T20:15:00Z,STIC03,STIC,20220419-20220701,SW,21038950,30311.3,10.35722,120.3558,1,fair,NA,2022
AIMS,2022-06-15T20:30:00Z,STIC03,STIC,20220419-20220701,SW,21038950,30311.3,10.16111,120.3558,1,fair,NA,2022
AIMS,2022-06-15T20:45:00Z,STIC03,STIC,20220419-20220701,SW,21038950,30311.3,9.866111,120.3558,1,fair,NA,2022
AIMS,2022-06-15T21:00:00Z,STIC03,STIC,20220419-20220701,SW,21038950,28933.5,9.571111,114.7382,1,fair,NA,2022
AIMS,2022-06-15T21:15:00Z,STIC03,STIC,20220419-20220701,SW,21038950,28933.5,9.275,114.7382,1,fair,NA,2022
AIMS,2022-06-15T21:30:00Z,STIC03,STIC,20220419-20220701,SW,21038950,28933.5,8.977778,114.7382,1,fair,NA,2022
AIMS,2022-06-15T21:45:00Z,STIC03,STIC,20220419-20220701,SW,21038950,28933.5,8.778889,114.7382,1,fair,NA,2022
AIMS,2022-06-15T22:00:00Z,STIC03,STIC,20220419-20220701,SW,21038950,28933.5,8.68,114.7382,1,fair,NA,2022
AIMS,2022-06-15T22:15:00Z,STIC03,STIC,20220419-20220701,SW,21038950,28933.5,8.581111,114.7382,1,fair,NA,2022
AIMS,2022-06-15T22:30:00Z,STIC03,STIC,20220419-20220701,SW,21038950,28933.5,8.382222,114.7382,1,fair,NA,2022
AIMS,2022-06-15T22:45:00Z,STIC03,STIC,20220419-20220701,SW,21038950,28933.5,8.182222,114.7382,1,fair,NA,2022
AIMS,2022-06-15T23:00:00Z,STIC03,STIC,20220419-20220701,SW,21038950,28933.5,7.982778,114.7382,1,fair,NA,2022
AIMS,2022-06-15T23:15:00Z,STIC03,STIC,20220419-20220701,SW,21038950,28933.5,7.782222,114.7382,1,fair,NA,2022
AIMS,2022-06-15T23:30:00Z,STIC03,STIC,20220419-20220701,SW,21038950,28933.5,7.582222,114.7382,1,fair,NA,2022
AIMS,2022-06-15T23:45:00Z,STIC03,STIC,20220419-20220701,SW,21038950,28933.5,7.481111,114.7382,1,fair,NA,2022
AIMS,2022-06-16T00:00:00Z,STIC03,STIC,20220419-20220701,SW,21038950,28933.5,7.381111,114.7382,1,fair,NA,2022
AIMS,2022-06-16T00:15:00Z,STIC03,STIC,20220419-20220701,SW,21038950,28933.5,7.28,114.7382,1,fair,NA,2022
AIMS,2022-06-16T00:30:00Z,STIC03,STIC,20220419-20220701,SW,21038950,28933.5,7.178889,114.7382,1,fair,NA,2022
AIMS,2022-06-16T00:45:00Z,STIC03,STIC,20220419-20220701,SW,21038950,28933.5,7.078889,114.7382,1,fair,NA,2022
AIMS,2022-06-16T01:00:00Z,STIC03,STIC,20220419-20220701,SW,21038950,28933.5,6.977778,114.7382,1,fair,NA,2022
AIMS,2022-06-16T01:15:00Z,STIC03,STIC,20220419-20220701,SW,21038950,28933.5,6.877222,114.7382,1,fair,NA,2022
AIMS,2022-06-16T01:30:00Z,STIC03,STIC,20220419-20220701,SW,21038950,28933.5,6.775,114.7382,1,fair,NA,2022
AIMS,2022-06-16T01:45:00Z,STIC03,STIC,20220419-20220701,SW,21038950,28933.5,6.775,114.7382,1,fair,NA,2022
AIMS,2022-06-16T02:00:00Z,STIC03,STIC,20220419-20220701,SW,21038950,28933.5,6.673889,114.7382,1,fair,NA,2022
AIMS,2022-06-16T02:15:00Z,STIC03,STIC,20220419-20220701,SW,21038950,28933.5,6.572778,114.7382,1,fair,NA,2022
AIMS,2022-06-16T02:30:00Z,STIC03,STIC,20220419-20220701,SW,21038950,28933.5,6.572778,114.7382,1,fair,NA,2022
AIMS,2022-06-16T02:45:00Z,STIC03,STIC,20220419-20220701,SW,21038950,27555.7,6.471111,109.1205,1,fair,NA,2022
AIMS,2022-06-16T03:00:00Z,STIC03,STIC,20220419-20220701,SW,21038950,27555.7,6.471111,109.1205,1,fair,NA,2022
AIMS,2022-06-16T03:15:00Z,STIC03,STIC,20220419-20220701,SW,21038950,27555.7,6.37,109.1205,1,fair,NA,2022
AIMS,2022-06-16T03:30:00Z,STIC03,STIC,20220419-20220701,SW,21038950,27555.7,6.37,109.1205,1,fair,NA,2022
AIMS,2022-06-16T03:45:00Z,STIC03,STIC,20220419-20220701,SW,21038950,27555.7,6.267778,109.1205,1,fair,NA,2022
AIMS,2022-06-16T04:00:00Z,STIC03,STIC,20220419-20220701,SW,21038950,27555.7,6.166111,109.1205,1,fair,NA,2022
AIMS,2022-06-16T04:15:00Z,STIC03,STIC,20220419-20220701,SW,21038950,27555.7,6.166111,109.1205,1,fair,NA,2022
AIMS,2022-06-16T04:30:00Z,STIC03,STIC,20220419-20220701,SW,21038950,27555.7,6.063889,109.1205,1,fair,NA,2022
AIMS,2022-06-16T04:45:00Z,STIC03,STIC,20220419-20220701,SW,21038950,27555.7,5.962222,109.1205,1,fair,NA,2022
AIMS,2022-06-16T05:00:00Z,STIC03,STIC,20220419-20220701,SW,21038950,27555.7,5.962222,109.1205,1,fair,NA,2022
AIMS,2022-06-16T05:15:00Z,STIC03,STIC,20220419-20220701,SW,21038950,27555.7,5.962222,109.1205,1,fair,NA,2022
AIMS,2022-06-16T05:30:00Z,STIC03,STIC,20220419-20220701,SW,21038950,27555.7,5.962222,109.1205,1,fair,NA,2022
AIMS,2022-06-16T05:45:00Z,STIC03,STIC,20220419-20220701,SW,21038950,27555.7,5.86,109.1205,1,fair,NA,2022
AIMS,2022-06-16T06:00:00Z,STIC03,STIC,20220419-20220701,SW,21038950,27555.7,5.86,109.1205,1,fair,NA,2022
AIMS,2022-06-16T06:15:00Z,STIC03,STIC,20220419-20220701,SW,21038950,27555.7,5.86,109.1205,1,fair,NA,2022
AIMS,2022-06-16T06:30:00Z,STIC03,STIC,20220419-20220701,SW,21038950,27555.7,5.86,109.1205,1,fair,NA,2022
AIMS,2022-06-16T06:45:00Z,STIC03,STIC,20220419-20220701,SW,21038950,27555.7,5.962222,109.1205,1,fair,NA,2022
AIMS,2022-06-16T07:00:00Z,STIC03,STIC,20220419-20220701,SW,21038950,27555.7,6.063889,109.1205,1,fair,NA,2022
AIMS,2022-06-16T07:15:00Z,STIC03,STIC,20220419-20220701,SW,21038950,27555.7,6.267778,109.1205,1,fair,NA,2022
AIMS,2022-06-16T07:30:00Z,STIC03,STIC,20220419-20220701,SW,21038950,27555.7,6.471111,109.1205,1,fair,NA,2022
AIMS,2022-06-16T07:45:00Z,STIC03,STIC,20220419-20220701,SW,21038950,27555.7,6.673889,109.1205,1,fair,NA,2022
AIMS,2022-06-16T08:00:00Z,STIC03,STIC,20220419-20220701,SW,21038950,27555.7,6.877222,109.1205,1,fair,NA,2022
AIMS,2022-06-16T08:15:00Z,STIC03,STIC,20220419-20220701,SW,21038950,27555.7,7.078889,109.1205,1,fair,NA,2022
AIMS,2022-06-16T08:30:00Z,STIC03,STIC,20220419-20220701,SW,21038950,27555.7,7.28,109.1205,1,fair,NA,2022
AIMS,2022-06-16T08:45:00Z,STIC03,STIC,20220419-20220701,SW,21038950,27555.7,7.481111,109.1205,1,fair,NA,2022
AIMS,2022-06-16T09:00:00Z,STIC03,STIC,20220419-20220701,SW,21038950,27555.7,7.582222,109.1205,1,fair,NA,2022
AIMS,2022-06-16T09:15:00Z,STIC03,STIC,20220419-20220701,SW,21038950,27555.7,7.782222,109.1205,1,fair,NA,2022
AIMS,2022-06-16T09:30:00Z,STIC03,STIC,20220419-20220701,SW,21038950,30311.3,8.182222,120.3558,1,fair,NA,2022
AIMS,2022-06-16T09:45:00Z,STIC03,STIC,20220419-20220701,SW,21038950,28933.5,8.282222,114.7382,1,fair,NA,2022
AIMS,2022-06-16T10:00:00Z,STIC03,STIC,20220419-20220701,SW,21038950,28933.5,8.581111,114.7382,1,fair,NA,2022
AIMS,2022-06-16T10:15:00Z,STIC03,STIC,20220419-20220701,SW,21038950,28933.5,8.977778,114.7382,1,fair,NA,2022
AIMS,2022-06-16T10:30:00Z,STIC03,STIC,20220419-20220701,SW,21038950,28933.5,9.275,114.7382,1,fair,NA,2022
AIMS,2022-06-16T10:45:00Z,STIC03,STIC,20220419-20220701,SW,21038950,28933.5,9.472222,114.7382,1,fair,NA,2022
AIMS,2022-06-16T11:00:00Z,STIC03,STIC,20220419-20220701,SW,21038950,28933.5,9.767778,114.7382,1,fair,NA,2022
AIMS,2022-06-16T11:15:00Z,STIC03,STIC,20220419-20220701,SW,21038950,28933.5,10.06278,114.7382,1,fair,NA,2022
AIMS,2022-06-16T11:30:00Z,STIC03,STIC,20220419-20220701,SW,21038950,28933.5,10.35722,114.7382,1,fair,NA,2022
AIMS,2022-06-16T11:45:00Z,STIC03,STIC,20220419-20220701,SW,21038950,28933.5,10.65111,114.7382,1,fair,NA,2022
AIMS,2022-06-16T12:00:00Z,STIC03,STIC,20220419-20220701,SW,21038950,28933.5,10.84611,114.7382,1,fair,NA,2022
AIMS,2022-06-16T12:15:00Z,STIC03,STIC,20220419-20220701,SW,21038950,28933.5,11.23611,114.7382,1,fair,NA,2022
AIMS,2022-06-16T12:30:00Z,STIC03,STIC,20220419-20220701,SW,21038950,30311.3,11.625,120.3558,1,fair,NA,2022
AIMS,2022-06-16T12:45:00Z,STIC03,STIC,20220419-20220701,SW,21038950,30311.3,12.01278,120.3558,1,fair,NA,2022
AIMS,2022-06-16T13:00:00Z,STIC03,STIC,20220419-20220701,SW,21038950,30311.3,12.20722,120.3558,1,fair,NA,2022
AIMS,2022-06-16T13:15:00Z,STIC03,STIC,20220419-20220701,SW,21038950,30311.3,12.40111,120.3558,1,fair,NA,2022
AIMS,2022-06-16T13:30:00Z,STIC03,STIC,20220419-20220701,SW,21038950,30311.3,12.69,120.3558,1,fair,NA,2022
AIMS,2022-06-16T13:45:00Z,STIC03,STIC,20220419-20220701,SW,21038950,30311.3,13.07611,120.3558,1,fair,NA,2022
AIMS,2022-06-16T14:00:00Z,STIC03,STIC,20220419-20220701,SW,21038950,30311.3,13.26889,120.3558,1,fair,NA,2022
AIMS,2022-06-16T14:15:00Z,STIC03,STIC,20220419-20220701,SW,21038950,30311.3,13.55778,120.3558,1,fair,NA,2022
AIMS,2022-06-16T14:30:00Z,STIC03,STIC,20220419-20220701,SW,21038950,30311.3,13.84611,120.3558,1,fair,NA,2022
AIMS,2022-06-16T14:45:00Z,STIC03,STIC,20220419-20220701,SW,21038950,30311.3,14.03778,120.3558,1,fair,NA,2022
AIMS,2022-06-16T15:00:00Z,STIC03,STIC,20220419-20220701,SW,21038950,30311.3,14.13389,120.3558,1,fair,NA,2022
AIMS,2022-06-16T15:15:00Z,STIC03,STIC,20220419-20220701,SW,21038950,30311.3,14.13389,120.3558,1,fair,NA,2022
AIMS,2022-06-16T15:30:00Z,STIC03,STIC,20220419-20220701,SW,21038950,30311.3,14.23,120.3558,1,fair,NA,2022
AIMS,2022-06-16T15:45:00Z,STIC03,STIC,20220419-20220701,SW,21038950,30311.3,14.325,120.3558,1,fair,NA,2022
AIMS,2022-06-16T16:00:00Z,STIC03,STIC,20220419-20220701,SW,21038950,30311.3,14.70889,120.3558,1,fair,NA,2022
AIMS,2022-06-16T16:15:00Z,STIC03,STIC,20220419-20220701,SW,21038950,30311.3,15.09111,120.3558,1,fair,NA,2022
AIMS,2022-06-16T16:30:00Z,STIC03,STIC,20220419-20220701,SW,21038950,30311.3,14.9,120.3558,1,fair,NA,2022
AIMS,2022-06-16T16:45:00Z,STIC03,STIC,20220419-20220701,SW,21038950,30311.3,14.61278,120.3558,1,fair,NA,2022
AIMS,2022-06-16T17:00:00Z,STIC03,STIC,20220419-20220701,SW,21038950,30311.3,14.51722,120.3558,1,fair,NA,2022
AIMS,2022-06-16T17:15:00Z,STIC03,STIC,20220419-20220701,SW,21038950,30311.3,14.51722,120.3558,1,fair,NA,2022
AIMS,2022-06-16T17:30:00Z,STIC03,STIC,20220419-20220701,SW,21038950,28933.5,14.61278,114.7382,1,fair,NA,2022
AIMS,2022-06-16T17:45:00Z,STIC03,STIC,20220419-20220701,SW,21038950,30311.3,14.61278,120.3558,1,fair,NA,2022
AIMS,2022-06-16T18:00:00Z,STIC03,STIC,20220419-20220701,SW,21038950,30311.3,14.51722,120.3558,1,fair,NA,2022
AIMS,2022-06-16T18:15:00Z,STIC03,STIC,20220419-20220701,SW,21038950,30311.3,14.42111,120.3558,1,fair,NA,2022
AIMS,2022-06-16T18:30:00Z,STIC03,STIC,20220419-20220701,SW,21038950,30311.3,14.23,120.3558,1,fair,NA,2022
AIMS,2022-06-16T18:45:00Z,STIC03,STIC,20220419-20220701,SW,21038950,30311.3,14.03778,120.3558,1,fair,NA,2022
AIMS,2022-06-16T19:00:00Z,STIC03,STIC,20220419-20220701,SW,21038950,30311.3,13.84611,120.3558,1,fair,NA,2022
AIMS,2022-06-16T19:15:00Z,STIC03,STIC,20220419-20220701,SW,21038950,30311.3,13.75,120.3558,1,fair,NA,2022
AIMS,2022-06-16T19:30:00Z,STIC03,STIC,20220419-20220701,SW,21038950,30311.3,13.65389,120.3558,1,fair,NA,2022
AIMS,2022-06-16T19:45:00Z,STIC03,STIC,20220419-20220701,SW,21038950,30311.3,13.46111,120.3558,1,fair,NA,2022
AIMS,2022-06-16T20:00:00Z,STIC03,STIC,20220419-20220701,SW,21038950,30311.3,13.26889,120.3558,1,fair,NA,2022
AIMS,2022-06-16T20:15:00Z,STIC03,STIC,20220419-20220701,SW,21038950,30311.3,13.07611,120.3558,1,fair,NA,2022
AIMS,2022-06-16T20:30:00Z,STIC03,STIC,20220419-20220701,SW,21038950,30311.3,12.88278,120.3558,1,fair,NA,2022
AIMS,2022-06-16T20:45:00Z,STIC03,STIC,20220419-20220701,SW,21038950,30311.3,12.59389,120.3558,1,fair,NA,2022
AIMS,2022-06-16T21:00:00Z,STIC03,STIC,20220419-20220701,SW,21038950,30311.3,12.30389,120.3558,1,fair,NA,2022
AIMS,2022-06-16T21:15:00Z,STIC03,STIC,20220419-20220701,SW,21038950,30311.3,12.01278,120.3558,1,fair,NA,2022
AIMS,2022-06-16T21:30:00Z,STIC03,STIC,20220419-20220701,SW,21038950,30311.3,11.81889,120.3558,1,fair,NA,2022
AIMS,2022-06-16T21:45:00Z,STIC03,STIC,20220419-20220701,SW,21038950,30311.3,11.52778,120.3558,1,fair,NA,2022
AIMS,2022-06-16T22:00:00Z,STIC03,STIC,20220419-20220701,SW,21038950,30311.3,11.33389,120.3558,1,fair,NA,2022
AIMS,2022-06-16T22:15:00Z,STIC03,STIC,20220419-20220701,SW,21038950,30311.3,11.13889,120.3558,1,fair,NA,2022
AIMS,2022-06-16T22:30:00Z,STIC03,STIC,20220419-20220701,SW,21038950,30311.3,11.04111,120.3558,1,fair,NA,2022
AIMS,2022-06-16T22:45:00Z,STIC03,STIC,20220419-20220701,SW,21038950,30311.3,10.84611,120.3558,1,fair,NA,2022
AIMS,2022-06-16T23:00:00Z,STIC03,STIC,20220419-20220701,SW,21038950,30311.3,10.74778,120.3558,1,fair,NA,2022
AIMS,2022-06-16T23:15:00Z,STIC03,STIC,20220419-20220701,SW,21038950,30311.3,10.65111,120.3558,1,fair,NA,2022
AIMS,2022-06-16T23:30:00Z,STIC03,STIC,20220419-20220701,SW,21038950,28933.5,10.55278,114.7382,1,fair,NA,2022
AIMS,2022-06-16T23:45:00Z,STIC03,STIC,20220419-20220701,SW,21038950,28933.5,10.455,114.7382,1,fair,NA,2022
AIMS,2022-06-17T00:00:00Z,STIC03,STIC,20220419-20220701,SW,21038950,28933.5,10.35722,114.7382,1,fair,NA,2022
AIMS,2022-06-17T00:15:00Z,STIC03,STIC,20220419-20220701,SW,21038950,28933.5,10.25889,114.7382,1,fair,NA,2022
AIMS,2022-06-17T00:30:00Z,STIC03,STIC,20220419-20220701,SW,21038950,28933.5,10.16111,114.7382,1,fair,NA,2022
AIMS,2022-06-17T00:45:00Z,STIC03,STIC,20220419-20220701,SW,21038950,28933.5,9.965,114.7382,1,fair,NA,2022
AIMS,2022-06-17T01:00:00Z,STIC03,STIC,20220419-20220701,SW,21038950,28933.5,9.965,114.7382,1,fair,NA,2022
AIMS,2022-06-17T01:15:00Z,STIC03,STIC,20220419-20220701,SW,21038950,28933.5,9.866111,114.7382,1,fair,NA,2022
AIMS,2022-06-17T01:30:00Z,STIC03,STIC,20220419-20220701,SW,21038950,28933.5,9.767778,114.7382,1,fair,NA,2022
AIMS,2022-06-17T01:45:00Z,STIC03,STIC,20220419-20220701,SW,21038950,28933.5,9.668889,114.7382,1,fair,NA,2022
AIMS,2022-06-17T02:00:00Z,STIC03,STIC,20220419-20220701,SW,21038950,28933.5,9.571111,114.7382,1,fair,NA,2022
AIMS,2022-06-17T02:15:00Z,STIC03,STIC,20220419-20220701,SW,21038950,28933.5,9.472222,114.7382,1,fair,NA,2022
AIMS,2022-06-17T02:30:00Z,STIC03,STIC,20220419-20220701,SW,21038950,28933.5,9.372778,114.7382,1,fair,NA,2022
AIMS,2022-06-17T02:45:00Z,STIC03,STIC,20220419-20220701,SW,21038950,28933.5,9.275,114.7382,1,fair,NA,2022
AIMS,2022-06-17T03:00:00Z,STIC03,STIC,20220419-20220701,SW,21038950,28933.5,9.176111,114.7382,1,fair,NA,2022
AIMS,2022-06-17T03:15:00Z,STIC03,STIC,20220419-20220701,SW,21038950,28933.5,8.977778,114.7382,1,fair,NA,2022
AIMS,2022-06-17T03:30:00Z,STIC03,STIC,20220419-20220701,SW,21038950,28933.5,8.977778,114.7382,1,fair,NA,2022
AIMS,2022-06-17T03:45:00Z,STIC03,STIC,20220419-20220701,SW,21038950,28933.5,8.878889,114.7382,1,fair,NA,2022
AIMS,2022-06-17T04:00:00Z,STIC03,STIC,20220419-20220701,SW,21038950,28933.5,8.778889,114.7382,1,fair,NA,2022
AIMS,2022-06-17T04:15:00Z,STIC03,STIC,20220419-20220701,SW,21038950,28933.5,8.778889,114.7382,1,fair,NA,2022
AIMS,2022-06-17T04:30:00Z,STIC03,STIC,20220419-20220701,SW,21038950,28933.5,8.68,114.7382,1,fair,NA,2022
AIMS,2022-06-17T04:45:00Z,STIC03,STIC,20220419-20220701,SW,21038950,28933.5,8.68,114.7382,1,fair,NA,2022
AIMS,2022-06-17T05:00:00Z,STIC03,STIC,20220419-20220701,SW,21038950,28933.5,8.581111,114.7382,1,fair,NA,2022
AIMS,2022-06-17T05:15:00Z,STIC03,STIC,20220419-20220701,SW,21038950,28933.5,8.581111,114.7382,1,fair,NA,2022
AIMS,2022-06-17T05:30:00Z,STIC03,STIC,20220419-20220701,SW,21038950,28933.5,8.481111,114.7382,1,fair,NA,2022
AIMS,2022-06-17T05:45:00Z,STIC03,STIC,20220419-20220701,SW,21038950,28933.5,8.481111,114.7382,1,fair,NA,2022
AIMS,2022-06-17T06:00:00Z,STIC03,STIC,20220419-20220701,SW,21038950,28933.5,8.481111,114.7382,1,fair,NA,2022
AIMS,2022-06-17T06:15:00Z,STIC03,STIC,20220419-20220701,SW,21038950,28933.5,8.481111,114.7382,1,fair,NA,2022
AIMS,2022-06-17T06:30:00Z,STIC03,STIC,20220419-20220701,SW,21038950,28933.5,8.481111,114.7382,1,fair,NA,2022
AIMS,2022-06-17T06:45:00Z,STIC03,STIC,20220419-20220701,SW,21038950,28933.5,8.481111,114.7382,1,fair,NA,2022
AIMS,2022-06-17T07:00:00Z,STIC03,STIC,20220419-20220701,SW,21038950,28933.5,8.68,114.7382,1,fair,NA,2022
AIMS,2022-06-17T07:15:00Z,STIC03,STIC,20220419-20220701,SW,21038950,28933.5,8.878889,114.7382,1,fair,NA,2022
AIMS,2022-06-17T07:30:00Z,STIC03,STIC,20220419-20220701,SW,21038950,28933.5,9.077222,114.7382,1,fair,NA,2022
AIMS,2022-06-17T07:45:00Z,STIC03,STIC,20220419-20220701,SW,21038950,28933.5,9.176111,114.7382,1,fair,NA,2022
AIMS,2022-06-17T08:00:00Z,STIC03,STIC,20220419-20220701,SW,21038950,28933.5,9.372778,114.7382,1,fair,NA,2022
AIMS,2022-06-17T08:15:00Z,STIC03,STIC,20220419-20220701,SW,21038950,28933.5,9.472222,114.7382,1,fair,NA,2022
AIMS,2022-06-17T08:30:00Z,STIC03,STIC,20220419-20220701,SW,21038950,28933.5,9.668889,114.7382,1,fair,NA,2022
AIMS,2022-06-17T08:45:00Z,STIC03,STIC,20220419-20220701,SW,21038950,28933.5,9.965,114.7382,1,fair,NA,2022
AIMS,2022-06-17T09:00:00Z,STIC03,STIC,20220419-20220701,SW,21038950,28933.5,10.16111,114.7382,1,fair,NA,2022
AIMS,2022-06-17T09:15:00Z,STIC03,STIC,20220419-20220701,SW,21038950,28933.5,10.35722,114.7382,1,fair,NA,2022
AIMS,2022-06-17T09:30:00Z,STIC03,STIC,20220419-20220701,SW,21038950,28933.5,10.65111,114.7382,1,fair,NA,2022
AIMS,2022-06-17T09:45:00Z,STIC03,STIC,20220419-20220701,SW,21038950,28933.5,10.84611,114.7382,1,fair,NA,2022
AIMS,2022-06-17T10:00:00Z,STIC03,STIC,20220419-20220701,SW,21038950,28933.5,11.04111,114.7382,1,fair,NA,2022
AIMS,2022-06-17T10:15:00Z,STIC03,STIC,20220419-20220701,SW,21038950,28933.5,11.72222,114.7382,1,fair,NA,2022
AIMS,2022-06-17T10:30:00Z,STIC03,STIC,20220419-20220701,SW,21038950,28933.5,11.72222,114.7382,1,fair,NA,2022
AIMS,2022-06-17T10:45:00Z,STIC03,STIC,20220419-20220701,SW,21038950,28933.5,11.81889,114.7382,1,fair,NA,2022
AIMS,2022-06-17T11:00:00Z,STIC03,STIC,20220419-20220701,SW,21038950,28933.5,12.01278,114.7382,1,fair,NA,2022
AIMS,2022-06-17T11:15:00Z,STIC03,STIC,20220419-20220701,SW,21038950,28933.5,12.30389,114.7382,1,fair,NA,2022
AIMS,2022-06-17T11:30:00Z,STIC03,STIC,20220419-20220701,SW,21038950,28933.5,12.59389,114.7382,1,fair,NA,2022
AIMS,2022-06-17T11:45:00Z,STIC03,STIC,20220419-20220701,SW,21038950,28933.5,13.07611,114.7382,1,fair,NA,2022
AIMS,2022-06-17T12:00:00Z,STIC03,STIC,20220419-20220701,SW,21038950,28933.5,13.26889,114.7382,1,fair,NA,2022
AIMS,2022-06-17T12:15:00Z,STIC03,STIC,20220419-20220701,SW,21038950,28933.5,13.75,114.7382,1,fair,NA,2022
AIMS,2022-06-17T12:30:00Z,STIC03,STIC,20220419-20220701,SW,21038950,28933.5,14.03778,114.7382,1,fair,NA,2022
AIMS,2022-06-17T12:45:00Z,STIC03,STIC,20220419-20220701,SW,21038950,28933.5,14.325,114.7382,1,fair,NA,2022
AIMS,2022-06-17T13:00:00Z,STIC03,STIC,20220419-20220701,SW,21038950,28933.5,14.42111,114.7382,1,fair,NA,2022
AIMS,2022-06-17T13:15:00Z,STIC03,STIC,20220419-20220701,SW,21038950,28933.5,14.51722,114.7382,1,fair,NA,2022
AIMS,2022-06-17T13:30:00Z,STIC03,STIC,20220419-20220701,SW,21038950,28933.5,14.80389,114.7382,1,fair,NA,2022
AIMS,2022-06-17T13:45:00Z,STIC03,STIC,20220419-20220701,SW,21038950,28933.5,14.99611,114.7382,1,fair,NA,2022
AIMS,2022-06-17T14:00:00Z,STIC03,STIC,20220419-20220701,SW,21038950,28933.5,15.18722,114.7382,1,fair,NA,2022
AIMS,2022-06-17T14:15:00Z,STIC03,STIC,20220419-20220701,SW,21038950,28933.5,15.56889,114.7382,1,fair,NA,2022
AIMS,2022-06-17T14:30:00Z,STIC03,STIC,20220419-20220701,SW,21038950,28933.5,15.855,114.7382,1,fair,NA,2022
AIMS,2022-06-17T14:45:00Z,STIC03,STIC,20220419-20220701,SW,21038950,30311.3,15.76,120.3558,1,fair,NA,2022
AIMS,2022-06-17T15:00:00Z,STIC03,STIC,20220419-20220701,SW,21038950,27555.7,15.37778,109.1205,1,fair,NA,2022
AIMS,2022-06-17T15:15:00Z,STIC03,STIC,20220419-20220701,SW,21038950,28933.5,15.47278,114.7382,1,fair,NA,2022
AIMS,2022-06-17T15:30:00Z,STIC03,STIC,20220419-20220701,SW,21038950,26178,15.56889,103.5033,1,fair,NA,2022
AIMS,2022-06-17T15:45:00Z,STIC03,STIC,20220419-20220701,SW,21038950,27555.7,15.66389,109.1205,1,fair,NA,2022
AIMS,2022-06-17T16:00:00Z,STIC03,STIC,20220419-20220701,SW,21038950,27555.7,15.95111,109.1205,1,fair,NA,2022
AIMS,2022-06-17T16:15:00Z,STIC03,STIC,20220419-20220701,SW,21038950,33066.9,16.23722,131.5911,1,fair,NA,2022
AIMS,2022-06-17T16:30:00Z,STIC03,STIC,20220419-20220701,SW,21038950,33066.9,16.04611,131.5911,1,fair,NA,2022
AIMS,2022-06-17T16:45:00Z,STIC03,STIC,20220419-20220701,SW,21038950,33066.9,15.855,131.5911,1,fair,NA,2022
AIMS,2022-06-17T17:00:00Z,STIC03,STIC,20220419-20220701,SW,21038950,33066.9,15.76,131.5911,1,fair,NA,2022
AIMS,2022-06-17T17:15:00Z,STIC03,STIC,20220419-20220701,SW,21038950,33066.9,15.76,131.5911,1,fair,NA,2022
AIMS,2022-06-17T17:30:00Z,STIC03,STIC,20220419-20220701,SW,21038950,33066.9,15.76,131.5911,1,fair,NA,2022
AIMS,2022-06-17T17:45:00Z,STIC03,STIC,20220419-20220701,SW,21038950,33066.9,15.56889,131.5911,1,fair,NA,2022
AIMS,2022-06-17T18:00:00Z,STIC03,STIC,20220419-20220701,SW,21038950,33066.9,15.37778,131.5911,1,fair,NA,2022
AIMS,2022-06-17T18:15:00Z,STIC03,STIC,20220419-20220701,SW,21038950,33066.9,15.28222,131.5911,1,fair,NA,2022
AIMS,2022-06-17T18:30:00Z,STIC03,STIC,20220419-20220701,SW,21038950,33066.9,15.18722,131.5911,1,fair,NA,2022
AIMS,2022-06-17T18:45:00Z,STIC03,STIC,20220419-20220701,SW,21038950,33066.9,14.99611,131.5911,1,fair,NA,2022
AIMS,2022-06-17T19:00:00Z,STIC03,STIC,20220419-20220701,SW,21038950,33066.9,14.9,131.5911,1,fair,NA,2022
AIMS,2022-06-17T19:15:00Z,STIC03,STIC,20220419-20220701,SW,21038950,33066.9,14.80389,131.5911,1,fair,NA,2022
AIMS,2022-06-17T19:30:00Z,STIC03,STIC,20220419-20220701,SW,21038950,33066.9,14.70889,131.5911,1,fair,NA,2022
AIMS,2022-06-17T19:45:00Z,STIC03,STIC,20220419-20220701,SW,21038950,33066.9,14.61278,131.5911,1,fair,NA,2022
AIMS,2022-06-17T20:00:00Z,STIC03,STIC,20220419-20220701,SW,21038950,33066.9,14.61278,131.5911,1,fair,NA,2022
AIMS,2022-06-17T20:15:00Z,STIC03,STIC,20220419-20220701,SW,21038950,33066.9,14.42111,131.5911,1,fair,NA,2022
AIMS,2022-06-17T20:30:00Z,STIC03,STIC,20220419-20220701,SW,21038950,33066.9,14.13389,131.5911,1,fair,NA,2022
AIMS,2022-06-17T20:45:00Z,STIC03,STIC,20220419-20220701,SW,21038950,33066.9,13.84611,131.5911,1,fair,NA,2022
AIMS,2022-06-17T21:00:00Z,STIC03,STIC,20220419-20220701,SW,21038950,33066.9,13.46111,131.5911,1,fair,NA,2022
AIMS,2022-06-17T21:15:00Z,STIC03,STIC,20220419-20220701,SW,21038950,33066.9,13.26889,131.5911,1,fair,NA,2022
AIMS,2022-06-17T21:30:00Z,STIC03,STIC,20220419-20220701,SW,21038950,33066.9,13.07611,131.5911,1,fair,NA,2022
AIMS,2022-06-17T21:45:00Z,STIC03,STIC,20220419-20220701,SW,21038950,33066.9,12.88278,131.5911,1,fair,NA,2022
AIMS,2022-06-17T22:00:00Z,STIC03,STIC,20220419-20220701,SW,21038950,33066.9,12.78722,131.5911,1,fair,NA,2022
AIMS,2022-06-17T22:15:00Z,STIC03,STIC,20220419-20220701,SW,21038950,33066.9,12.59389,131.5911,1,fair,NA,2022
AIMS,2022-06-17T22:30:00Z,STIC03,STIC,20220419-20220701,SW,21038950,33066.9,12.49722,131.5911,1,fair,NA,2022
AIMS,2022-06-17T22:45:00Z,STIC03,STIC,20220419-20220701,SW,21038950,33066.9,12.40111,131.5911,1,fair,NA,2022
AIMS,2022-06-17T23:00:00Z,STIC03,STIC,20220419-20220701,SW,21038950,31689.1,12.30389,125.9735,1,fair,NA,2022
AIMS,2022-06-17T23:15:00Z,STIC03,STIC,20220419-20220701,SW,21038950,31689.1,12.20722,125.9735,1,fair,NA,2022
AIMS,2022-06-17T23:30:00Z,STIC03,STIC,20220419-20220701,SW,21038950,31689.1,12.11,125.9735,1,fair,NA,2022
AIMS,2022-06-17T23:45:00Z,STIC03,STIC,20220419-20220701,SW,21038950,31689.1,11.91611,125.9735,1,fair,NA,2022
AIMS,2022-06-18T00:00:00Z,STIC03,STIC,20220419-20220701,SW,21038950,31689.1,11.81889,125.9735,1,fair,NA,2022
AIMS,2022-06-18T00:15:00Z,STIC03,STIC,20220419-20220701,SW,21038950,31689.1,11.72222,125.9735,1,fair,NA,2022
AIMS,2022-06-18T00:30:00Z,STIC03,STIC,20220419-20220701,SW,21038950,31689.1,11.625,125.9735,1,fair,NA,2022
AIMS,2022-06-18T00:45:00Z,STIC03,STIC,20220419-20220701,SW,21038950,31689.1,11.43111,125.9735,1,fair,NA,2022
AIMS,2022-06-18T01:00:00Z,STIC03,STIC,20220419-20220701,SW,21038950,31689.1,11.33389,125.9735,1,fair,NA,2022
AIMS,2022-06-18T01:15:00Z,STIC03,STIC,20220419-20220701,SW,21038950,31689.1,11.23611,125.9735,1,fair,NA,2022
AIMS,2022-06-18T01:30:00Z,STIC03,STIC,20220419-20220701,SW,21038950,31689.1,11.04111,125.9735,1,fair,NA,2022
AIMS,2022-06-18T01:45:00Z,STIC03,STIC,20220419-20220701,SW,21038950,31689.1,10.84611,125.9735,1,fair,NA,2022
AIMS,2022-06-18T02:00:00Z,STIC03,STIC,20220419-20220701,SW,21038950,31689.1,10.65111,125.9735,1,fair,NA,2022
AIMS,2022-06-18T02:15:00Z,STIC03,STIC,20220419-20220701,SW,21038950,30311.3,10.455,120.3558,1,fair,NA,2022
AIMS,2022-06-18T02:30:00Z,STIC03,STIC,20220419-20220701,SW,21038950,30311.3,10.16111,120.3558,1,fair,NA,2022
AIMS,2022-06-18T02:45:00Z,STIC03,STIC,20220419-20220701,SW,21038950,30311.3,9.965,120.3558,1,fair,NA,2022
AIMS,2022-06-18T03:00:00Z,STIC03,STIC,20220419-20220701,SW,21038950,30311.3,9.767778,120.3558,1,fair,NA,2022
AIMS,2022-06-18T03:15:00Z,STIC03,STIC,20220419-20220701,SW,21038950,30311.3,9.571111,120.3558,1,fair,NA,2022
AIMS,2022-06-18T03:30:00Z,STIC03,STIC,20220419-20220701,SW,21038950,30311.3,9.472222,120.3558,1,fair,NA,2022
AIMS,2022-06-18T03:45:00Z,STIC03,STIC,20220419-20220701,SW,21038950,30311.3,9.372778,120.3558,1,fair,NA,2022
AIMS,2022-06-18T04:00:00Z,STIC03,STIC,20220419-20220701,SW,21038950,30311.3,9.275,120.3558,1,fair,NA,2022
AIMS,2022-06-18T04:15:00Z,STIC03,STIC,20220419-20220701,SW,21038950,30311.3,9.176111,120.3558,1,fair,NA,2022
AIMS,2022-06-18T04:30:00Z,STIC03,STIC,20220419-20220701,SW,21038950,30311.3,9.077222,120.3558,1,fair,NA,2022
AIMS,2022-06-18T04:45:00Z,STIC03,STIC,20220419-20220701,SW,21038950,30311.3,8.977778,120.3558,1,fair,NA,2022
AIMS,2022-06-18T05:00:00Z,STIC03,STIC,20220419-20220701,SW,21038950,30311.3,8.778889,120.3558,1,fair,NA,2022
AIMS,2022-06-18T05:15:00Z,STIC03,STIC,20220419-20220701,SW,21038950,30311.3,8.581111,120.3558,1,fair,NA,2022
AIMS,2022-06-18T05:30:00Z,STIC03,STIC,20220419-20220701,SW,21038950,30311.3,8.382222,120.3558,1,fair,NA,2022
AIMS,2022-06-18T05:45:00Z,STIC03,STIC,20220419-20220701,SW,21038950,30311.3,8.282222,120.3558,1,fair,NA,2022
AIMS,2022-06-18T06:00:00Z,STIC03,STIC,20220419-20220701,SW,21038950,30311.3,8.182222,120.3558,1,fair,NA,2022
AIMS,2022-06-18T06:15:00Z,STIC03,STIC,20220419-20220701,SW,21038950,30311.3,7.982778,120.3558,1,fair,NA,2022
AIMS,2022-06-18T06:30:00Z,STIC03,STIC,20220419-20220701,SW,21038950,30311.3,7.982778,120.3558,1,fair,NA,2022
AIMS,2022-06-18T06:45:00Z,STIC03,STIC,20220419-20220701,SW,21038950,30311.3,7.982778,120.3558,1,fair,NA,2022
AIMS,2022-06-18T07:00:00Z,STIC03,STIC,20220419-20220701,SW,21038950,30311.3,8.082222,120.3558,1,fair,NA,2022
AIMS,2022-06-18T07:15:00Z,STIC03,STIC,20220419-20220701,SW,21038950,30311.3,8.182222,120.3558,1,fair,NA,2022
AIMS,2022-06-18T07:30:00Z,STIC03,STIC,20220419-20220701,SW,21038950,30311.3,8.382222,120.3558,1,fair,NA,2022
AIMS,2022-06-18T07:45:00Z,STIC03,STIC,20220419-20220701,SW,21038950,30311.3,8.68,120.3558,1,fair,NA,2022
AIMS,2022-06-18T08:00:00Z,STIC03,STIC,20220419-20220701,SW,21038950,30311.3,8.977778,120.3558,1,fair,NA,2022
AIMS,2022-06-18T08:15:00Z,STIC03,STIC,20220419-20220701,SW,21038950,30311.3,9.176111,120.3558,1,fair,NA,2022
AIMS,2022-06-18T08:30:00Z,STIC03,STIC,20220419-20220701,SW,21038950,30311.3,9.372778,120.3558,1,fair,NA,2022
AIMS,2022-06-18T08:45:00Z,STIC03,STIC,20220419-20220701,SW,21038950,30311.3,9.571111,120.3558,1,fair,NA,2022
AIMS,2022-06-18T09:00:00Z,STIC03,STIC,20220419-20220701,SW,21038950,30311.3,9.767778,120.3558,1,fair,NA,2022
AIMS,2022-06-18T09:15:00Z,STIC03,STIC,20220419-20220701,SW,21038950,30311.3,10.06278,120.3558,1,fair,NA,2022
AIMS,2022-06-18T09:30:00Z,STIC03,STIC,20220419-20220701,SW,21038950,30311.3,10.35722,120.3558,1,fair,NA,2022
AIMS,2022-06-18T09:45:00Z,STIC03,STIC,20220419-20220701,SW,21038950,30311.3,10.55278,120.3558,1,fair,NA,2022
AIMS,2022-06-18T10:00:00Z,STIC03,STIC,20220419-20220701,SW,21038950,30311.3,10.74778,120.3558,1,fair,NA,2022
AIMS,2022-06-18T10:15:00Z,STIC03,STIC,20220419-20220701,SW,21038950,30311.3,11.13889,120.3558,1,fair,NA,2022
AIMS,2022-06-18T10:30:00Z,STIC03,STIC,20220419-20220701,SW,21038950,30311.3,11.33389,120.3558,1,fair,NA,2022
AIMS,2022-06-18T10:45:00Z,STIC03,STIC,20220419-20220701,SW,21038950,30311.3,11.52778,120.3558,1,fair,NA,2022
AIMS,2022-06-18T11:00:00Z,STIC03,STIC,20220419-20220701,SW,21038950,30311.3,11.81889,120.3558,1,fair,NA,2022
AIMS,2022-06-18T11:15:00Z,STIC03,STIC,20220419-20220701,SW,21038950,30311.3,12.11,120.3558,1,fair,NA,2022
AIMS,2022-06-18T11:30:00Z,STIC03,STIC,20220419-20220701,SW,21038950,30311.3,12.30389,120.3558,1,fair,NA,2022
AIMS,2022-06-18T11:45:00Z,STIC03,STIC,20220419-20220701,SW,21038950,31689.1,12.40111,125.9735,1,fair,NA,2022
AIMS,2022-06-18T12:00:00Z,STIC03,STIC,20220419-20220701,SW,21038950,31689.1,12.69,125.9735,1,fair,NA,2022
AIMS,2022-06-18T12:15:00Z,STIC03,STIC,20220419-20220701,SW,21038950,31689.1,13.17278,125.9735,1,fair,NA,2022
AIMS,2022-06-18T12:30:00Z,STIC03,STIC,20220419-20220701,SW,21038950,31689.1,13.46111,125.9735,1,fair,NA,2022
AIMS,2022-06-18T12:45:00Z,STIC03,STIC,20220419-20220701,SW,21038950,31689.1,13.75,125.9735,1,fair,NA,2022
AIMS,2022-06-18T13:00:00Z,STIC03,STIC,20220419-20220701,SW,21038950,31689.1,13.84611,125.9735,1,fair,NA,2022
AIMS,2022-06-18T13:15:00Z,STIC03,STIC,20220419-20220701,SW,21038950,31689.1,14.03778,125.9735,1,fair,NA,2022
AIMS,2022-06-18T13:30:00Z,STIC03,STIC,20220419-20220701,SW,21038950,31689.1,14.13389,125.9735,1,fair,NA,2022
AIMS,2022-06-18T13:45:00Z,STIC03,STIC,20220419-20220701,SW,21038950,33066.9,14.42111,131.5911,1,fair,NA,2022
AIMS,2022-06-18T14:00:00Z,STIC03,STIC,20220419-20220701,SW,21038950,33066.9,14.51722,131.5911,1,fair,NA,2022
AIMS,2022-06-18T14:15:00Z,STIC03,STIC,20220419-20220701,SW,21038950,33066.9,14.80389,131.5911,1,fair,NA,2022
AIMS,2022-06-18T14:30:00Z,STIC03,STIC,20220419-20220701,SW,21038950,33066.9,14.9,131.5911,1,fair,NA,2022
AIMS,2022-06-18T14:45:00Z,STIC03,STIC,20220419-20220701,SW,21038950,33066.9,14.99611,131.5911,1,fair,NA,2022
AIMS,2022-06-18T15:00:00Z,STIC03,STIC,20220419-20220701,SW,21038950,33066.9,14.99611,131.5911,1,fair,NA,2022
AIMS,2022-06-18T15:15:00Z,STIC03,STIC,20220419-20220701,SW,21038950,33066.9,14.9,131.5911,1,fair,NA,2022
AIMS,2022-06-18T15:30:00Z,STIC03,STIC,20220419-20220701,SW,21038950,33066.9,14.9,131.5911,1,fair,NA,2022
AIMS,2022-06-18T15:45:00Z,STIC03,STIC,20220419-20220701,SW,21038950,33066.9,14.9,131.5911,1,fair,NA,2022
AIMS,2022-06-18T16:00:00Z,STIC03,STIC,20220419-20220701,SW,21038950,33066.9,14.80389,131.5911,1,fair,NA,2022
AIMS,2022-06-18T16:15:00Z,STIC03,STIC,20220419-20220701,SW,21038950,33066.9,14.61278,131.5911,1,fair,NA,2022
AIMS,2022-06-18T16:30:00Z,STIC03,STIC,20220419-20220701,SW,21038950,33066.9,14.61278,131.5911,1,fair,NA,2022
AIMS,2022-06-18T16:45:00Z,STIC03,STIC,20220419-20220701,SW,21038950,33066.9,14.42111,131.5911,1,fair,NA,2022
AIMS,2022-06-18T17:00:00Z,STIC03,STIC,20220419-20220701,SW,21038950,33066.9,14.325,131.5911,1,fair,NA,2022
AIMS,2022-06-18T17:15:00Z,STIC03,STIC,20220419-20220701,SW,21038950,33066.9,14.13389,131.5911,1,fair,NA,2022
AIMS,2022-06-18T17:30:00Z,STIC03,STIC,20220419-20220701,SW,21038950,33066.9,14.03778,131.5911,1,fair,NA,2022
AIMS,2022-06-18T17:45:00Z,STIC03,STIC,20220419-20220701,SW,21038950,33066.9,13.94222,131.5911,1,fair,NA,2022
AIMS,2022-06-18T18:00:00Z,STIC03,STIC,20220419-20220701,SW,21038950,33066.9,13.75,131.5911,1,fair,NA,2022
AIMS,2022-06-18T18:15:00Z,STIC03,STIC,20220419-20220701,SW,21038950,33066.9,13.65389,131.5911,1,fair,NA,2022
AIMS,2022-06-18T18:30:00Z,STIC03,STIC,20220419-20220701,SW,21038950,31689.1,13.46111,125.9735,1,fair,NA,2022
AIMS,2022-06-18T18:45:00Z,STIC03,STIC,20220419-20220701,SW,21038950,31689.1,13.365,125.9735,1,fair,NA,2022
AIMS,2022-06-18T19:00:00Z,STIC03,STIC,20220419-20220701,SW,21038950,33066.9,13.17278,131.5911,1,fair,NA,2022
AIMS,2022-06-18T19:15:00Z,STIC03,STIC,20220419-20220701,SW,21038950,31689.1,13.07611,125.9735,1,fair,NA,2022
AIMS,2022-06-18T19:30:00Z,STIC03,STIC,20220419-20220701,SW,21038950,31689.1,12.98,125.9735,1,fair,NA,2022
AIMS,2022-06-18T19:45:00Z,STIC03,STIC,20220419-20220701,SW,21038950,31689.1,12.88278,125.9735,1,fair,NA,2022
AIMS,2022-06-18T20:00:00Z,STIC03,STIC,20220419-20220701,SW,21038950,31689.1,12.78722,125.9735,1,fair,NA,2022
AIMS,2022-06-18T20:15:00Z,STIC03,STIC,20220419-20220701,SW,21038950,31689.1,12.69,125.9735,1,fair,NA,2022
AIMS,2022-06-18T20:30:00Z,STIC03,STIC,20220419-20220701,SW,21038950,31689.1,12.59389,125.9735,1,fair,NA,2022
AIMS,2022-06-18T20:45:00Z,STIC03,STIC,20220419-20220701,SW,21038950,31689.1,12.40111,125.9735,1,fair,NA,2022
AIMS,2022-06-18T21:00:00Z,STIC03,STIC,20220419-20220701,SW,21038950,31689.1,12.40111,125.9735,1,fair,NA,2022
AIMS,2022-06-18T21:15:00Z,STIC03,STIC,20220419-20220701,SW,21038950,31689.1,12.30389,125.9735,1,fair,NA,2022
AIMS,2022-06-18T21:30:00Z,STIC03,STIC,20220419-20220701,SW,21038950,31689.1,12.20722,125.9735,1,fair,NA,2022
AIMS,2022-06-18T21:45:00Z,STIC03,STIC,20220419-20220701,SW,21038950,31689.1,12.11,125.9735,1,fair,NA,2022
AIMS,2022-06-18T22:00:00Z,STIC03,STIC,20220419-20220701,SW,21038950,31689.1,12.01278,125.9735,1,fair,NA,2022
AIMS,2022-06-18T22:15:00Z,STIC03,STIC,20220419-20220701,SW,21038950,31689.1,11.91611,125.9735,1,fair,NA,2022
AIMS,2022-06-18T22:30:00Z,STIC03,STIC,20220419-20220701,SW,21038950,31689.1,11.91611,125.9735,1,fair,NA,2022
AIMS,2022-06-18T22:45:00Z,STIC03,STIC,20220419-20220701,SW,21038950,31689.1,11.81889,125.9735,1,fair,NA,2022
AIMS,2022-06-18T23:00:00Z,STIC03,STIC,20220419-20220701,SW,21038950,31689.1,11.625,125.9735,1,fair,NA,2022
AIMS,2022-06-18T23:15:00Z,STIC03,STIC,20220419-20220701,SW,21038950,31689.1,11.625,125.9735,1,fair,NA,2022
AIMS,2022-06-18T23:30:00Z,STIC03,STIC,20220419-20220701,SW,21038950,31689.1,11.52778,125.9735,1,fair,NA,2022
AIMS,2022-06-18T23:45:00Z,STIC03,STIC,20220419-20220701,SW,21038950,31689.1,11.43111,125.9735,1,fair,NA,2022
AIMS,2022-06-19T00:00:00Z,STIC03,STIC,20220419-20220701,SW,21038950,31689.1,11.23611,125.9735,1,fair,NA,2022
AIMS,2022-06-19T00:15:00Z,STIC03,STIC,20220419-20220701,SW,21038950,31689.1,11.13889,125.9735,1,fair,NA,2022
AIMS,2022-06-19T00:30:00Z,STIC03,STIC,20220419-20220701,SW,21038950,31689.1,11.04111,125.9735,1,fair,NA,2022
AIMS,2022-06-19T00:45:00Z,STIC03,STIC,20220419-20220701,SW,21038950,31689.1,10.94389,125.9735,1,fair,NA,2022
AIMS,2022-06-19T01:00:00Z,STIC03,STIC,20220419-20220701,SW,21038950,31689.1,10.94389,125.9735,1,fair,NA,2022
AIMS,2022-06-19T01:15:00Z,STIC03,STIC,20220419-20220701,SW,21038950,31689.1,10.84611,125.9735,1,fair,NA,2022
AIMS,2022-06-19T01:30:00Z,STIC03,STIC,20220419-20220701,SW,21038950,31689.1,10.74778,125.9735,1,fair,NA,2022
AIMS,2022-06-19T01:45:00Z,STIC03,STIC,20220419-20220701,SW,21038950,31689.1,10.65111,125.9735,1,fair,NA,2022
AIMS,2022-06-19T02:00:00Z,STIC03,STIC,20220419-20220701,SW,21038950,31689.1,10.55278,125.9735,1,fair,NA,2022
AIMS,2022-06-19T02:15:00Z,STIC03,STIC,20220419-20220701,SW,21038950,31689.1,10.25889,125.9735,1,fair,NA,2022
AIMS,2022-06-19T02:30:00Z,STIC03,STIC,20220419-20220701,SW,21038950,30311.3,9.965,120.3558,1,fair,NA,2022
AIMS,2022-06-19T02:45:00Z,STIC03,STIC,20220419-20220701,SW,21038950,30311.3,9.571111,120.3558,1,fair,NA,2022
AIMS,2022-06-19T03:00:00Z,STIC03,STIC,20220419-20220701,SW,21038950,30311.3,9.275,120.3558,1,fair,NA,2022
AIMS,2022-06-19T03:15:00Z,STIC03,STIC,20220419-20220701,SW,21038950,30311.3,9.275,120.3558,1,fair,NA,2022
AIMS,2022-06-19T03:30:00Z,STIC03,STIC,20220419-20220701,SW,21038950,30311.3,9.275,120.3558,1,fair,NA,2022
AIMS,2022-06-19T03:45:00Z,STIC03,STIC,20220419-20220701,SW,21038950,30311.3,9.176111,120.3558,1,fair,NA,2022
AIMS,2022-06-19T04:00:00Z,STIC03,STIC,20220419-20220701,SW,21038950,30311.3,9.077222,120.3558,1,fair,NA,2022
AIMS,2022-06-19T04:15:00Z,STIC03,STIC,20220419-20220701,SW,21038950,30311.3,8.977778,120.3558,1,fair,NA,2022
AIMS,2022-06-19T04:30:00Z,STIC03,STIC,20220419-20220701,SW,21038950,30311.3,8.977778,120.3558,1,fair,NA,2022
AIMS,2022-06-19T04:45:00Z,STIC03,STIC,20220419-20220701,SW,21038950,30311.3,9.077222,120.3558,1,fair,NA,2022
AIMS,2022-06-19T05:00:00Z,STIC03,STIC,20220419-20220701,SW,21038950,30311.3,9.077222,120.3558,1,fair,NA,2022
AIMS,2022-06-19T05:15:00Z,STIC03,STIC,20220419-20220701,SW,21038950,30311.3,8.977778,120.3558,1,fair,NA,2022
AIMS,2022-06-19T05:30:00Z,STIC03,STIC,20220419-20220701,SW,21038950,30311.3,8.878889,120.3558,1,fair,NA,2022
AIMS,2022-06-19T05:45:00Z,STIC03,STIC,20220419-20220701,SW,21038950,30311.3,8.878889,120.3558,1,fair,NA,2022
AIMS,2022-06-19T06:00:00Z,STIC03,STIC,20220419-20220701,SW,21038950,30311.3,8.878889,120.3558,1,fair,NA,2022
AIMS,2022-06-19T06:15:00Z,STIC03,STIC,20220419-20220701,SW,21038950,30311.3,8.878889,120.3558,1,fair,NA,2022
AIMS,2022-06-19T06:30:00Z,STIC03,STIC,20220419-20220701,SW,21038950,30311.3,8.878889,120.3558,1,fair,NA,2022
AIMS,2022-06-19T06:45:00Z,STIC03,STIC,20220419-20220701,SW,21038950,30311.3,8.778889,120.3558,1,fair,NA,2022
AIMS,2022-06-19T07:00:00Z,STIC03,STIC,20220419-20220701,SW,21038950,30311.3,8.778889,120.3558,1,fair,NA,2022
AIMS,2022-06-19T07:15:00Z,STIC03,STIC,20220419-20220701,SW,21038950,30311.3,8.68,120.3558,1,fair,NA,2022
AIMS,2022-06-19T07:30:00Z,STIC03,STIC,20220419-20220701,SW,21038950,30311.3,8.778889,120.3558,1,fair,NA,2022
AIMS,2022-06-19T07:45:00Z,STIC03,STIC,20220419-20220701,SW,21038950,30311.3,8.878889,120.3558,1,fair,NA,2022
AIMS,2022-06-19T08:00:00Z,STIC03,STIC,20220419-20220701,SW,21038950,30311.3,9.077222,120.3558,1,fair,NA,2022
AIMS,2022-06-19T08:15:00Z,STIC03,STIC,20220419-20220701,SW,21038950,30311.3,9.176111,120.3558,1,fair,NA,2022
AIMS,2022-06-19T08:30:00Z,STIC03,STIC,20220419-20220701,SW,21038950,30311.3,9.176111,120.3558,1,fair,NA,2022
AIMS,2022-06-19T08:45:00Z,STIC03,STIC,20220419-20220701,SW,21038950,30311.3,9.275,120.3558,1,fair,NA,2022
AIMS,2022-06-19T09:00:00Z,STIC03,STIC,20220419-20220701,SW,21038950,30311.3,9.372778,120.3558,1,fair,NA,2022
AIMS,2022-06-19T09:15:00Z,STIC03,STIC,20220419-20220701,SW,21038950,30311.3,9.372778,120.3558,1,fair,NA,2022
AIMS,2022-06-19T09:30:00Z,STIC03,STIC,20220419-20220701,SW,21038950,30311.3,9.571111,120.3558,1,fair,NA,2022
AIMS,2022-06-19T09:45:00Z,STIC03,STIC,20220419-20220701,SW,21038950,30311.3,9.668889,120.3558,1,fair,NA,2022
AIMS,2022-06-19T10:00:00Z,STIC03,STIC,20220419-20220701,SW,21038950,30311.3,9.767778,120.3558,1,fair,NA,2022
AIMS,2022-06-19T10:15:00Z,STIC03,STIC,20220419-20220701,SW,21038950,30311.3,10.16111,120.3558,1,fair,NA,2022
AIMS,2022-06-19T10:30:00Z,STIC03,STIC,20220419-20220701,SW,21038950,30311.3,10.06278,120.3558,1,fair,NA,2022
AIMS,2022-06-19T10:45:00Z,STIC03,STIC,20220419-20220701,SW,21038950,30311.3,10.16111,120.3558,1,fair,NA,2022
AIMS,2022-06-19T11:00:00Z,STIC03,STIC,20220419-20220701,SW,21038950,30311.3,10.16111,120.3558,1,fair,NA,2022
AIMS,2022-06-19T11:15:00Z,STIC03,STIC,20220419-20220701,SW,21038950,30311.3,10.25889,120.3558,1,fair,NA,2022
AIMS,2022-06-19T11:30:00Z,STIC03,STIC,20220419-20220701,SW,21038950,30311.3,10.455,120.3558,1,fair,NA,2022
AIMS,2022-06-19T11:45:00Z,STIC03,STIC,20220419-20220701,SW,21038950,30311.3,10.74778,120.3558,1,fair,NA,2022
AIMS,2022-06-19T12:00:00Z,STIC03,STIC,20220419-20220701,SW,21038950,30311.3,10.84611,120.3558,1,fair,NA,2022
AIMS,2022-06-19T12:15:00Z,STIC03,STIC,20220419-20220701,SW,21038950,30311.3,10.94389,120.3558,1,fair,NA,2022
AIMS,2022-06-19T12:30:00Z,STIC03,STIC,20220419-20220701,SW,21038950,30311.3,11.13889,120.3558,1,fair,NA,2022
AIMS,2022-06-19T12:45:00Z,STIC03,STIC,20220419-20220701,SW,21038950,30311.3,11.52778,120.3558,1,fair,NA,2022
AIMS,2022-06-19T13:00:00Z,STIC03,STIC,20220419-20220701,SW,21038950,30311.3,11.625,120.3558,1,fair,NA,2022
AIMS,2022-06-19T13:15:00Z,STIC03,STIC,20220419-20220701,SW,21038950,30311.3,11.81889,120.3558,1,fair,NA,2022
AIMS,2022-06-19T13:30:00Z,STIC03,STIC,20220419-20220701,SW,21038950,31689.1,11.91611,125.9735,1,fair,NA,2022
AIMS,2022-06-19T13:45:00Z,STIC03,STIC,20220419-20220701,SW,21038950,31689.1,12.01278,125.9735,1,fair,NA,2022
AIMS,2022-06-19T14:00:00Z,STIC03,STIC,20220419-20220701,SW,21038950,31689.1,12.20722,125.9735,1,fair,NA,2022
AIMS,2022-06-19T14:15:00Z,STIC03,STIC,20220419-20220701,SW,21038950,31689.1,12.40111,125.9735,1,fair,NA,2022
AIMS,2022-06-19T14:30:00Z,STIC03,STIC,20220419-20220701,SW,21038950,31689.1,12.59389,125.9735,1,fair,NA,2022
AIMS,2022-06-19T14:45:00Z,STIC03,STIC,20220419-20220701,SW,21038950,31689.1,12.49722,125.9735,1,fair,NA,2022
AIMS,2022-06-19T15:00:00Z,STIC03,STIC,20220419-20220701,SW,21038950,31689.1,12.30389,125.9735,1,fair,NA,2022
AIMS,2022-06-19T15:15:00Z,STIC03,STIC,20220419-20220701,SW,21038950,31689.1,11.91611,125.9735,1,fair,NA,2022
AIMS,2022-06-19T15:30:00Z,STIC03,STIC,20220419-20220701,SW,21038950,31689.1,11.23611,125.9735,1,fair,NA,2022
AIMS,2022-06-19T15:45:00Z,STIC03,STIC,20220419-20220701,SW,21038950,31689.1,10.84611,125.9735,1,fair,NA,2022
AIMS,2022-06-19T16:00:00Z,STIC03,STIC,20220419-20220701,SW,21038950,31689.1,10.74778,125.9735,1,fair,NA,2022
AIMS,2022-06-19T16:15:00Z,STIC03,STIC,20220419-20220701,SW,21038950,30311.3,10.74778,120.3558,1,fair,NA,2022
AIMS,2022-06-19T16:30:00Z,STIC03,STIC,20220419-20220701,SW,21038950,30311.3,10.74778,120.3558,1,fair,NA,2022
AIMS,2022-06-19T16:45:00Z,STIC03,STIC,20220419-20220701,SW,21038950,30311.3,11.04111,120.3558,1,fair,NA,2022
AIMS,2022-06-19T17:00:00Z,STIC03,STIC,20220419-20220701,SW,21038950,30311.3,11.33389,120.3558,1,fair,NA,2022
AIMS,2022-06-19T17:15:00Z,STIC03,STIC,20220419-20220701,SW,21038950,30311.3,11.43111,120.3558,1,fair,NA,2022
AIMS,2022-06-19T17:30:00Z,STIC03,STIC,20220419-20220701,SW,21038950,30311.3,11.23611,120.3558,1,fair,NA,2022
AIMS,2022-06-19T17:45:00Z,STIC03,STIC,20220419-20220701,SW,21038950,30311.3,11.13889,120.3558,1,fair,NA,2022
AIMS,2022-06-19T18:00:00Z,STIC03,STIC,20220419-20220701,SW,21038950,30311.3,11.04111,120.3558,1,fair,NA,2022
AIMS,2022-06-19T18:15:00Z,STIC03,STIC,20220419-20220701,SW,21038950,30311.3,11.04111,120.3558,1,fair,NA,2022
AIMS,2022-06-19T18:30:00Z,STIC03,STIC,20220419-20220701,SW,21038950,30311.3,10.84611,120.3558,1,fair,NA,2022
AIMS,2022-06-19T18:45:00Z,STIC03,STIC,20220419-20220701,SW,21038950,30311.3,10.65111,120.3558,1,fair,NA,2022
AIMS,2022-06-19T19:00:00Z,STIC03,STIC,20220419-20220701,SW,21038950,30311.3,10.55278,120.3558,1,fair,NA,2022
AIMS,2022-06-19T19:15:00Z,STIC03,STIC,20220419-20220701,SW,21038950,30311.3,10.455,120.3558,1,fair,NA,2022
AIMS,2022-06-19T19:30:00Z,STIC03,STIC,20220419-20220701,SW,21038950,30311.3,10.35722,120.3558,1,fair,NA,2022
AIMS,2022-06-19T19:45:00Z,STIC03,STIC,20220419-20220701,SW,21038950,30311.3,10.25889,120.3558,1,fair,NA,2022
AIMS,2022-06-19T20:00:00Z,STIC03,STIC,20220419-20220701,SW,21038950,30311.3,9.965,120.3558,1,fair,NA,2022
AIMS,2022-06-19T20:15:00Z,STIC03,STIC,20220419-20220701,SW,21038950,30311.3,9.866111,120.3558,1,fair,NA,2022
AIMS,2022-06-19T20:30:00Z,STIC03,STIC,20220419-20220701,SW,21038950,30311.3,9.866111,120.3558,1,fair,NA,2022
AIMS,2022-06-19T20:45:00Z,STIC03,STIC,20220419-20220701,SW,21038950,30311.3,9.866111,120.3558,1,fair,NA,2022
AIMS,2022-06-19T21:00:00Z,STIC03,STIC,20220419-20220701,SW,21038950,30311.3,9.767778,120.3558,1,fair,NA,2022
AIMS,2022-06-19T21:15:00Z,STIC03,STIC,20220419-20220701,SW,21038950,30311.3,9.668889,120.3558,1,fair,NA,2022
AIMS,2022-06-19T21:30:00Z,STIC03,STIC,20220419-20220701,SW,21038950,30311.3,9.472222,120.3558,1,fair,NA,2022
AIMS,2022-06-19T21:45:00Z,STIC03,STIC,20220419-20220701,SW,21038950,30311.3,9.275,120.3558,1,fair,NA,2022
AIMS,2022-06-19T22:00:00Z,STIC03,STIC,20220419-20220701,SW,21038950,30311.3,9.077222,120.3558,1,fair,NA,2022
AIMS,2022-06-19T22:15:00Z,STIC03,STIC,20220419-20220701,SW,21038950,30311.3,8.878889,120.3558,1,fair,NA,2022
AIMS,2022-06-19T22:30:00Z,STIC03,STIC,20220419-20220701,SW,21038950,30311.3,8.68,120.3558,1,fair,NA,2022
AIMS,2022-06-19T22:45:00Z,STIC03,STIC,20220419-20220701,SW,21038950,30311.3,8.481111,120.3558,1,fair,NA,2022
AIMS,2022-06-19T23:00:00Z,STIC03,STIC,20220419-20220701,SW,21038950,30311.3,8.282222,120.3558,1,fair,NA,2022
AIMS,2022-06-19T23:15:00Z,STIC03,STIC,20220419-20220701,SW,21038950,30311.3,8.082222,120.3558,1,fair,NA,2022
AIMS,2022-06-19T23:30:00Z,STIC03,STIC,20220419-20220701,SW,21038950,30311.3,7.982778,120.3558,1,fair,NA,2022
AIMS,2022-06-19T23:45:00Z,STIC03,STIC,20220419-20220701,SW,21038950,30311.3,7.782222,120.3558,1,fair,NA,2022
AIMS,2022-06-20T00:00:00Z,STIC03,STIC,20220419-20220701,SW,21038950,30311.3,7.682222,120.3558,1,fair,NA,2022
AIMS,2022-06-20T00:15:00Z,STIC03,STIC,20220419-20220701,SW,21038950,30311.3,7.481111,120.3558,1,fair,NA,2022
AIMS,2022-06-20T00:30:00Z,STIC03,STIC,20220419-20220701,SW,21038950,30311.3,7.28,120.3558,1,fair,NA,2022
AIMS,2022-06-20T00:45:00Z,STIC03,STIC,20220419-20220701,SW,21038950,30311.3,7.078889,120.3558,1,fair,NA,2022
AIMS,2022-06-20T01:00:00Z,STIC03,STIC,20220419-20220701,SW,21038950,28933.5,6.977778,114.7382,1,fair,NA,2022
AIMS,2022-06-20T01:15:00Z,STIC03,STIC,20220419-20220701,SW,21038950,30311.3,6.775,120.3558,1,fair,NA,2022
AIMS,2022-06-20T01:30:00Z,STIC03,STIC,20220419-20220701,SW,21038950,28933.5,6.673889,114.7382,1,fair,NA,2022
AIMS,2022-06-20T01:45:00Z,STIC03,STIC,20220419-20220701,SW,21038950,28933.5,6.471111,114.7382,1,fair,NA,2022
AIMS,2022-06-20T02:00:00Z,STIC03,STIC,20220419-20220701,SW,21038950,28933.5,6.37,114.7382,1,fair,NA,2022
AIMS,2022-06-20T02:15:00Z,STIC03,STIC,20220419-20220701,SW,21038950,28933.5,6.267778,114.7382,1,fair,NA,2022
AIMS,2022-06-20T02:30:00Z,STIC03,STIC,20220419-20220701,SW,21038950,28933.5,6.166111,114.7382,1,fair,NA,2022
AIMS,2022-06-20T02:45:00Z,STIC03,STIC,20220419-20220701,SW,21038950,28933.5,6.063889,114.7382,1,fair,NA,2022
AIMS,2022-06-20T03:00:00Z,STIC03,STIC,20220419-20220701,SW,21038950,28933.5,5.962222,114.7382,1,fair,NA,2022
AIMS,2022-06-20T03:15:00Z,STIC03,STIC,20220419-20220701,SW,21038950,28933.5,5.86,114.7382,1,fair,NA,2022
AIMS,2022-06-20T03:30:00Z,STIC03,STIC,20220419-20220701,SW,21038950,28933.5,5.962222,114.7382,1,fair,NA,2022
AIMS,2022-06-20T03:45:00Z,STIC03,STIC,20220419-20220701,SW,21038950,28933.5,5.962222,114.7382,1,fair,NA,2022
AIMS,2022-06-20T04:00:00Z,STIC03,STIC,20220419-20220701,SW,21038950,28933.5,5.962222,114.7382,1,fair,NA,2022
AIMS,2022-06-20T04:15:00Z,STIC03,STIC,20220419-20220701,SW,21038950,28933.5,5.962222,114.7382,1,fair,NA,2022
AIMS,2022-06-20T04:30:00Z,STIC03,STIC,20220419-20220701,SW,21038950,28933.5,5.962222,114.7382,1,fair,NA,2022
AIMS,2022-06-20T04:45:00Z,STIC03,STIC,20220419-20220701,SW,21038950,28933.5,6.063889,114.7382,1,fair,NA,2022
AIMS,2022-06-20T05:00:00Z,STIC03,STIC,20220419-20220701,SW,21038950,28933.5,6.166111,114.7382,1,fair,NA,2022
AIMS,2022-06-20T05:15:00Z,STIC03,STIC,20220419-20220701,SW,21038950,28933.5,6.267778,114.7382,1,fair,NA,2022
AIMS,2022-06-20T05:30:00Z,STIC03,STIC,20220419-20220701,SW,21038950,28933.5,6.37,114.7382,1,fair,NA,2022
AIMS,2022-06-20T05:45:00Z,STIC03,STIC,20220419-20220701,SW,21038950,28933.5,6.37,114.7382,1,fair,NA,2022
AIMS,2022-06-20T06:00:00Z,STIC03,STIC,20220419-20220701,SW,21038950,28933.5,6.471111,114.7382,1,fair,NA,2022
AIMS,2022-06-20T06:15:00Z,STIC03,STIC,20220419-20220701,SW,21038950,28933.5,6.572778,114.7382,1,fair,NA,2022
AIMS,2022-06-20T06:30:00Z,STIC03,STIC,20220419-20220701,SW,21038950,28933.5,6.673889,114.7382,1,fair,NA,2022
AIMS,2022-06-20T06:45:00Z,STIC03,STIC,20220419-20220701,SW,21038950,28933.5,6.877222,114.7382,1,fair,NA,2022
AIMS,2022-06-20T07:00:00Z,STIC03,STIC,20220419-20220701,SW,21038950,28933.5,6.977778,114.7382,1,fair,NA,2022
AIMS,2022-06-20T07:15:00Z,STIC03,STIC,20220419-20220701,SW,21038950,28933.5,7.078889,114.7382,1,fair,NA,2022
AIMS,2022-06-20T07:30:00Z,STIC03,STIC,20220419-20220701,SW,21038950,28933.5,7.178889,114.7382,1,fair,NA,2022
AIMS,2022-06-20T07:45:00Z,STIC03,STIC,20220419-20220701,SW,21038950,28933.5,7.28,114.7382,1,fair,NA,2022
AIMS,2022-06-20T08:00:00Z,STIC03,STIC,20220419-20220701,SW,21038950,28933.5,7.381111,114.7382,1,fair,NA,2022
AIMS,2022-06-20T08:15:00Z,STIC03,STIC,20220419-20220701,SW,21038950,28933.5,7.481111,114.7382,1,fair,NA,2022
AIMS,2022-06-20T08:30:00Z,STIC03,STIC,20220419-20220701,SW,21038950,28933.5,7.582222,114.7382,1,fair,NA,2022
AIMS,2022-06-20T08:45:00Z,STIC03,STIC,20220419-20220701,SW,21038950,28933.5,7.682222,114.7382,1,fair,NA,2022
AIMS,2022-06-20T09:00:00Z,STIC03,STIC,20220419-20220701,SW,21038950,28933.5,7.782222,114.7382,1,fair,NA,2022
AIMS,2022-06-20T09:15:00Z,STIC03,STIC,20220419-20220701,SW,21038950,28933.5,7.982778,114.7382,1,fair,NA,2022
AIMS,2022-06-20T09:30:00Z,STIC03,STIC,20220419-20220701,SW,21038950,28933.5,8.182222,114.7382,1,fair,NA,2022
AIMS,2022-06-20T09:45:00Z,STIC03,STIC,20220419-20220701,SW,21038950,28933.5,8.382222,114.7382,1,fair,NA,2022
AIMS,2022-06-20T10:00:00Z,STIC03,STIC,20220419-20220701,SW,21038950,28933.5,8.581111,114.7382,1,fair,NA,2022
AIMS,2022-06-20T10:15:00Z,STIC03,STIC,20220419-20220701,SW,21038950,28933.5,8.68,114.7382,1,fair,NA,2022
AIMS,2022-06-20T10:30:00Z,STIC03,STIC,20220419-20220701,SW,21038950,28933.5,8.68,114.7382,1,fair,NA,2022
AIMS,2022-06-20T10:45:00Z,STIC03,STIC,20220419-20220701,SW,21038950,28933.5,8.778889,114.7382,1,fair,NA,2022
AIMS,2022-06-20T11:00:00Z,STIC03,STIC,20220419-20220701,SW,21038950,28933.5,8.878889,114.7382,1,fair,NA,2022
AIMS,2022-06-20T11:15:00Z,STIC03,STIC,20220419-20220701,SW,21038950,30311.3,8.977778,120.3558,1,fair,NA,2022
AIMS,2022-06-20T11:30:00Z,STIC03,STIC,20220419-20220701,SW,21038950,30311.3,8.977778,120.3558,1,fair,NA,2022
AIMS,2022-06-20T11:45:00Z,STIC03,STIC,20220419-20220701,SW,21038950,30311.3,9.077222,120.3558,1,fair,NA,2022
AIMS,2022-06-20T12:00:00Z,STIC03,STIC,20220419-20220701,SW,21038950,30311.3,9.372778,120.3558,1,fair,NA,2022
AIMS,2022-06-20T12:15:00Z,STIC03,STIC,20220419-20220701,SW,21038950,30311.3,9.668889,120.3558,1,fair,NA,2022
AIMS,2022-06-20T12:30:00Z,STIC03,STIC,20220419-20220701,SW,21038950,30311.3,9.571111,120.3558,1,fair,NA,2022
AIMS,2022-06-20T12:45:00Z,STIC03,STIC,20220419-20220701,SW,21038950,30311.3,9.866111,120.3558,1,fair,NA,2022
AIMS,2022-06-20T13:00:00Z,STIC03,STIC,20220419-20220701,SW,21038950,30311.3,10.06278,120.3558,1,fair,NA,2022
AIMS,2022-06-20T13:15:00Z,STIC03,STIC,20220419-20220701,SW,21038950,30311.3,10.35722,120.3558,1,fair,NA,2022
AIMS,2022-06-20T13:30:00Z,STIC03,STIC,20220419-20220701,SW,21038950,30311.3,10.35722,120.3558,1,fair,NA,2022
AIMS,2022-06-20T13:45:00Z,STIC03,STIC,20220419-20220701,SW,21038950,30311.3,10.35722,120.3558,1,fair,NA,2022
AIMS,2022-06-20T14:00:00Z,STIC03,STIC,20220419-20220701,SW,21038950,30311.3,10.55278,120.3558,1,fair,NA,2022
AIMS,2022-06-20T14:15:00Z,STIC03,STIC,20220419-20220701,SW,21038950,30311.3,10.74778,120.3558,1,fair,NA,2022
AIMS,2022-06-20T14:30:00Z,STIC03,STIC,20220419-20220701,SW,21038950,30311.3,11.04111,120.3558,1,fair,NA,2022
AIMS,2022-06-20T14:45:00Z,STIC03,STIC,20220419-20220701,SW,21038950,30311.3,11.43111,120.3558,1,fair,NA,2022
AIMS,2022-06-20T15:00:00Z,STIC03,STIC,20220419-20220701,SW,21038950,30311.3,11.52778,120.3558,1,fair,NA,2022
AIMS,2022-06-20T15:15:00Z,STIC03,STIC,20220419-20220701,SW,21038950,30311.3,11.43111,120.3558,1,fair,NA,2022
AIMS,2022-06-20T15:30:00Z,STIC03,STIC,20220419-20220701,SW,21038950,30311.3,11.23611,120.3558,1,fair,NA,2022
AIMS,2022-06-20T15:45:00Z,STIC03,STIC,20220419-20220701,SW,21038950,30311.3,11.23611,120.3558,1,fair,NA,2022
AIMS,2022-06-20T16:00:00Z,STIC03,STIC,20220419-20220701,SW,21038950,30311.3,11.43111,120.3558,1,fair,NA,2022
AIMS,2022-06-20T16:15:00Z,STIC03,STIC,20220419-20220701,SW,21038950,30311.3,11.72222,120.3558,1,fair,NA,2022
AIMS,2022-06-20T16:30:00Z,STIC03,STIC,20220419-20220701,SW,21038950,30311.3,11.52778,120.3558,1,fair,NA,2022
AIMS,2022-06-20T16:45:00Z,STIC03,STIC,20220419-20220701,SW,21038950,30311.3,11.43111,120.3558,1,fair,NA,2022
AIMS,2022-06-20T17:00:00Z,STIC03,STIC,20220419-20220701,SW,21038950,30311.3,11.33389,120.3558,1,fair,NA,2022
AIMS,2022-06-20T17:15:00Z,STIC03,STIC,20220419-20220701,SW,21038950,30311.3,11.33389,120.3558,1,fair,NA,2022
AIMS,2022-06-20T17:30:00Z,STIC03,STIC,20220419-20220701,SW,21038950,30311.3,11.43111,120.3558,1,fair,NA,2022
AIMS,2022-06-20T17:45:00Z,STIC03,STIC,20220419-20220701,SW,21038950,30311.3,11.43111,120.3558,1,fair,NA,2022
AIMS,2022-06-20T18:00:00Z,STIC03,STIC,20220419-20220701,SW,21038950,30311.3,11.33389,120.3558,1,fair,NA,2022
AIMS,2022-06-20T18:15:00Z,STIC03,STIC,20220419-20220701,SW,21038950,30311.3,11.23611,120.3558,1,fair,NA,2022
AIMS,2022-06-20T18:30:00Z,STIC03,STIC,20220419-20220701,SW,21038950,30311.3,11.13889,120.3558,1,fair,NA,2022
AIMS,2022-06-20T18:45:00Z,STIC03,STIC,20220419-20220701,SW,21038950,30311.3,11.04111,120.3558,1,fair,NA,2022
AIMS,2022-06-20T19:00:00Z,STIC03,STIC,20220419-20220701,SW,21038950,30311.3,10.84611,120.3558,1,fair,NA,2022
AIMS,2022-06-20T19:15:00Z,STIC03,STIC,20220419-20220701,SW,21038950,30311.3,10.74778,120.3558,1,fair,NA,2022
AIMS,2022-06-20T19:30:00Z,STIC03,STIC,20220419-20220701,SW,21038950,30311.3,10.65111,120.3558,1,fair,NA,2022
AIMS,2022-06-20T19:45:00Z,STIC03,STIC,20220419-20220701,SW,21038950,30311.3,10.55278,120.3558,1,fair,NA,2022
AIMS,2022-06-20T20:00:00Z,STIC03,STIC,20220419-20220701,SW,21038950,30311.3,10.35722,120.3558,1,fair,NA,2022
AIMS,2022-06-20T20:15:00Z,STIC03,STIC,20220419-20220701,SW,21038950,30311.3,10.16111,120.3558,1,fair,NA,2022
AIMS,2022-06-20T20:30:00Z,STIC03,STIC,20220419-20220701,SW,21038950,30311.3,9.767778,120.3558,1,fair,NA,2022
AIMS,2022-06-20T20:45:00Z,STIC03,STIC,20220419-20220701,SW,21038950,30311.3,9.472222,120.3558,1,fair,NA,2022
AIMS,2022-06-20T21:00:00Z,STIC03,STIC,20220419-20220701,SW,21038950,30311.3,9.176111,120.3558,1,fair,NA,2022
AIMS,2022-06-20T21:15:00Z,STIC03,STIC,20220419-20220701,SW,21038950,30311.3,8.878889,120.3558,1,fair,NA,2022
AIMS,2022-06-20T21:30:00Z,STIC03,STIC,20220419-20220701,SW,21038950,30311.3,8.581111,120.3558,1,fair,NA,2022
AIMS,2022-06-20T21:45:00Z,STIC03,STIC,20220419-20220701,SW,21038950,30311.3,8.282222,120.3558,1,fair,NA,2022
AIMS,2022-06-20T22:00:00Z,STIC03,STIC,20220419-20220701,SW,21038950,30311.3,8.082222,120.3558,1,fair,NA,2022
AIMS,2022-06-20T22:15:00Z,STIC03,STIC,20220419-20220701,SW,21038950,30311.3,7.882222,120.3558,1,fair,NA,2022
AIMS,2022-06-20T22:30:00Z,STIC03,STIC,20220419-20220701,SW,21038950,30311.3,7.682222,120.3558,1,fair,NA,2022
AIMS,2022-06-20T22:45:00Z,STIC03,STIC,20220419-20220701,SW,21038950,30311.3,7.481111,120.3558,1,fair,NA,2022
AIMS,2022-06-20T23:00:00Z,STIC03,STIC,20220419-20220701,SW,21038950,30311.3,7.381111,120.3558,1,fair,NA,2022
AIMS,2022-06-20T23:15:00Z,STIC03,STIC,20220419-20220701,SW,21038950,30311.3,7.28,120.3558,1,fair,NA,2022
AIMS,2022-06-20T23:30:00Z,STIC03,STIC,20220419-20220701,SW,21038950,30311.3,7.178889,120.3558,1,fair,NA,2022
AIMS,2022-06-20T23:45:00Z,STIC03,STIC,20220419-20220701,SW,21038950,30311.3,7.078889,120.3558,1,fair,NA,2022
AIMS,2022-06-21T00:00:00Z,STIC03,STIC,20220419-20220701,SW,21038950,30311.3,6.877222,120.3558,1,fair,NA,2022
AIMS,2022-06-21T00:15:00Z,STIC03,STIC,20220419-20220701,SW,21038950,28933.5,6.775,114.7382,1,fair,NA,2022
AIMS,2022-06-21T00:30:00Z,STIC03,STIC,20220419-20220701,SW,21038950,28933.5,6.673889,114.7382,1,fair,NA,2022
AIMS,2022-06-21T00:45:00Z,STIC03,STIC,20220419-20220701,SW,21038950,28933.5,6.572778,114.7382,1,fair,NA,2022
AIMS,2022-06-21T01:00:00Z,STIC03,STIC,20220419-20220701,SW,21038950,28933.5,6.471111,114.7382,1,fair,NA,2022
AIMS,2022-06-21T01:15:00Z,STIC03,STIC,20220419-20220701,SW,21038950,28933.5,6.471111,114.7382,1,fair,NA,2022
AIMS,2022-06-21T01:30:00Z,STIC03,STIC,20220419-20220701,SW,21038950,28933.5,6.37,114.7382,1,fair,NA,2022
AIMS,2022-06-21T01:45:00Z,STIC03,STIC,20220419-20220701,SW,21038950,28933.5,6.267778,114.7382,1,fair,NA,2022
AIMS,2022-06-21T02:00:00Z,STIC03,STIC,20220419-20220701,SW,21038950,28933.5,6.267778,114.7382,1,fair,NA,2022
AIMS,2022-06-21T02:15:00Z,STIC03,STIC,20220419-20220701,SW,21038950,28933.5,6.267778,114.7382,1,fair,NA,2022
AIMS,2022-06-21T02:30:00Z,STIC03,STIC,20220419-20220701,SW,21038950,28933.5,6.166111,114.7382,1,fair,NA,2022
AIMS,2022-06-21T02:45:00Z,STIC03,STIC,20220419-20220701,SW,21038950,28933.5,6.063889,114.7382,1,fair,NA,2022
AIMS,2022-06-21T03:00:00Z,STIC03,STIC,20220419-20220701,SW,21038950,28933.5,6.063889,114.7382,1,fair,NA,2022
AIMS,2022-06-21T03:15:00Z,STIC03,STIC,20220419-20220701,SW,21038950,28933.5,5.962222,114.7382,1,fair,NA,2022
AIMS,2022-06-21T03:30:00Z,STIC03,STIC,20220419-20220701,SW,21038950,28933.5,5.86,114.7382,1,fair,NA,2022
AIMS,2022-06-21T03:45:00Z,STIC03,STIC,20220419-20220701,SW,21038950,28933.5,5.86,114.7382,1,fair,NA,2022
AIMS,2022-06-21T04:00:00Z,STIC03,STIC,20220419-20220701,SW,21038950,28933.5,5.757222,114.7382,1,fair,NA,2022
AIMS,2022-06-21T04:15:00Z,STIC03,STIC,20220419-20220701,SW,21038950,28933.5,5.655,114.7382,1,fair,NA,2022
AIMS,2022-06-21T04:30:00Z,STIC03,STIC,20220419-20220701,SW,21038950,28933.5,5.655,114.7382,1,fair,NA,2022
AIMS,2022-06-21T04:45:00Z,STIC03,STIC,20220419-20220701,SW,21038950,28933.5,5.552222,114.7382,1,fair,NA,2022
AIMS,2022-06-21T05:00:00Z,STIC03,STIC,20220419-20220701,SW,21038950,28933.5,5.552222,114.7382,1,fair,NA,2022
AIMS,2022-06-21T05:15:00Z,STIC03,STIC,20220419-20220701,SW,21038950,28933.5,5.552222,114.7382,1,fair,NA,2022
AIMS,2022-06-21T05:30:00Z,STIC03,STIC,20220419-20220701,SW,21038950,28933.5,5.552222,114.7382,1,fair,NA,2022
AIMS,2022-06-21T05:45:00Z,STIC03,STIC,20220419-20220701,SW,21038950,28933.5,5.45,114.7382,1,fair,NA,2022
AIMS,2022-06-21T06:00:00Z,STIC03,STIC,20220419-20220701,SW,21038950,28933.5,5.45,114.7382,1,fair,NA,2022
AIMS,2022-06-21T06:15:00Z,STIC03,STIC,20220419-20220701,SW,21038950,28933.5,5.347222,114.7382,1,fair,NA,2022
AIMS,2022-06-21T06:30:00Z,STIC03,STIC,20220419-20220701,SW,21038950,28933.5,5.347222,114.7382,1,fair,NA,2022
AIMS,2022-06-21T06:45:00Z,STIC03,STIC,20220419-20220701,SW,21038950,28933.5,5.45,114.7382,1,fair,NA,2022
AIMS,2022-06-21T07:00:00Z,STIC03,STIC,20220419-20220701,SW,21038950,28933.5,5.655,114.7382,1,fair,NA,2022
AIMS,2022-06-21T07:15:00Z,STIC03,STIC,20220419-20220701,SW,21038950,28933.5,5.757222,114.7382,1,fair,NA,2022
AIMS,2022-06-21T07:30:00Z,STIC03,STIC,20220419-20220701,SW,21038950,28933.5,5.962222,114.7382,1,fair,NA,2022
AIMS,2022-06-21T07:45:00Z,STIC03,STIC,20220419-20220701,SW,21038950,28933.5,6.267778,114.7382,1,fair,NA,2022
AIMS,2022-06-21T08:00:00Z,STIC03,STIC,20220419-20220701,SW,21038950,28933.5,6.572778,114.7382,1,fair,NA,2022
AIMS,2022-06-21T08:15:00Z,STIC03,STIC,20220419-20220701,SW,21038950,28933.5,6.877222,114.7382,1,fair,NA,2022
AIMS,2022-06-21T08:30:00Z,STIC03,STIC,20220419-20220701,SW,21038950,28933.5,7.178889,114.7382,1,fair,NA,2022
AIMS,2022-06-21T08:45:00Z,STIC03,STIC,20220419-20220701,SW,21038950,28933.5,7.381111,114.7382,1,fair,NA,2022
AIMS,2022-06-21T09:00:00Z,STIC03,STIC,20220419-20220701,SW,21038950,28933.5,7.582222,114.7382,1,fair,NA,2022
AIMS,2022-06-21T09:15:00Z,STIC03,STIC,20220419-20220701,SW,21038950,28933.5,7.882222,114.7382,1,fair,NA,2022
AIMS,2022-06-21T09:30:00Z,STIC03,STIC,20220419-20220701,SW,21038950,28933.5,8.082222,114.7382,1,fair,NA,2022
AIMS,2022-06-21T09:45:00Z,STIC03,STIC,20220419-20220701,SW,21038950,28933.5,8.382222,114.7382,1,fair,NA,2022
AIMS,2022-06-21T10:00:00Z,STIC03,STIC,20220419-20220701,SW,21038950,28933.5,8.68,114.7382,1,fair,NA,2022
AIMS,2022-06-21T10:15:00Z,STIC03,STIC,20220419-20220701,SW,21038950,28933.5,9.176111,114.7382,1,fair,NA,2022
AIMS,2022-06-21T10:30:00Z,STIC03,STIC,20220419-20220701,SW,21038950,28933.5,9.472222,114.7382,1,fair,NA,2022
AIMS,2022-06-21T10:45:00Z,STIC03,STIC,20220419-20220701,SW,21038950,30311.3,9.571111,120.3558,1,fair,NA,2022
AIMS,2022-06-21T11:00:00Z,STIC03,STIC,20220419-20220701,SW,21038950,30311.3,9.767778,120.3558,1,fair,NA,2022
AIMS,2022-06-21T11:15:00Z,STIC03,STIC,20220419-20220701,SW,21038950,30311.3,10.06278,120.3558,1,fair,NA,2022
AIMS,2022-06-21T11:30:00Z,STIC03,STIC,20220419-20220701,SW,21038950,30311.3,10.16111,120.3558,1,fair,NA,2022
AIMS,2022-06-21T11:45:00Z,STIC03,STIC,20220419-20220701,SW,21038950,30311.3,10.455,120.3558,1,fair,NA,2022
AIMS,2022-06-21T12:00:00Z,STIC03,STIC,20220419-20220701,SW,21038950,30311.3,10.74778,120.3558,1,fair,NA,2022
AIMS,2022-06-21T12:15:00Z,STIC03,STIC,20220419-20220701,SW,21038950,30311.3,11.04111,120.3558,1,fair,NA,2022
AIMS,2022-06-21T12:30:00Z,STIC03,STIC,20220419-20220701,SW,21038950,30311.3,11.43111,120.3558,1,fair,NA,2022
AIMS,2022-06-21T12:45:00Z,STIC03,STIC,20220419-20220701,SW,21038950,30311.3,12.01278,120.3558,1,fair,NA,2022
AIMS,2022-06-21T13:00:00Z,STIC03,STIC,20220419-20220701,SW,21038950,30311.3,12.01278,120.3558,1,fair,NA,2022
AIMS,2022-06-21T13:15:00Z,STIC03,STIC,20220419-20220701,SW,21038950,30311.3,12.11,120.3558,1,fair,NA,2022
AIMS,2022-06-21T13:30:00Z,STIC03,STIC,20220419-20220701,SW,21038950,31689.1,12.20722,125.9735,1,fair,NA,2022
AIMS,2022-06-21T13:45:00Z,STIC03,STIC,20220419-20220701,SW,21038950,31689.1,12.40111,125.9735,1,fair,NA,2022
AIMS,2022-06-21T14:00:00Z,STIC03,STIC,20220419-20220701,SW,21038950,31689.1,12.69,125.9735,1,fair,NA,2022
AIMS,2022-06-21T14:15:00Z,STIC03,STIC,20220419-20220701,SW,21038950,31689.1,12.88278,125.9735,1,fair,NA,2022
AIMS,2022-06-21T14:30:00Z,STIC03,STIC,20220419-20220701,SW,21038950,31689.1,13.07611,125.9735,1,fair,NA,2022
AIMS,2022-06-21T14:45:00Z,STIC03,STIC,20220419-20220701,SW,21038950,31689.1,13.26889,125.9735,1,fair,NA,2022
AIMS,2022-06-21T15:00:00Z,STIC03,STIC,20220419-20220701,SW,21038950,31689.1,13.365,125.9735,1,fair,NA,2022
AIMS,2022-06-21T15:15:00Z,STIC03,STIC,20220419-20220701,SW,21038950,31689.1,13.365,125.9735,1,fair,NA,2022
AIMS,2022-06-21T15:30:00Z,STIC03,STIC,20220419-20220701,SW,21038950,31689.1,13.365,125.9735,1,fair,NA,2022
AIMS,2022-06-21T15:45:00Z,STIC03,STIC,20220419-20220701,SW,21038950,31689.1,13.365,125.9735,1,fair,NA,2022
AIMS,2022-06-21T16:00:00Z,STIC03,STIC,20220419-20220701,SW,21038950,31689.1,13.75,125.9735,1,fair,NA,2022
AIMS,2022-06-21T16:15:00Z,STIC03,STIC,20220419-20220701,SW,21038950,31689.1,14.03778,125.9735,1,fair,NA,2022
AIMS,2022-06-21T16:30:00Z,STIC03,STIC,20220419-20220701,SW,21038950,33066.9,13.84611,131.5911,1,fair,NA,2022
AIMS,2022-06-21T16:45:00Z,STIC03,STIC,20220419-20220701,SW,21038950,33066.9,13.55778,131.5911,1,fair,NA,2022
AIMS,2022-06-21T17:00:00Z,STIC03,STIC,20220419-20220701,SW,21038950,33066.9,13.46111,131.5911,1,fair,NA,2022
AIMS,2022-06-21T17:15:00Z,STIC03,STIC,20220419-20220701,SW,21038950,33066.9,13.365,131.5911,1,fair,NA,2022
AIMS,2022-06-21T17:30:00Z,STIC03,STIC,20220419-20220701,SW,21038950,31689.1,13.365,125.9735,1,fair,NA,2022
AIMS,2022-06-21T17:45:00Z,STIC03,STIC,20220419-20220701,SW,21038950,31689.1,13.365,125.9735,1,fair,NA,2022
AIMS,2022-06-21T18:00:00Z,STIC03,STIC,20220419-20220701,SW,21038950,31689.1,13.26889,125.9735,1,fair,NA,2022
AIMS,2022-06-21T18:15:00Z,STIC03,STIC,20220419-20220701,SW,21038950,31689.1,13.17278,125.9735,1,fair,NA,2022
AIMS,2022-06-21T18:30:00Z,STIC03,STIC,20220419-20220701,SW,21038950,31689.1,12.98,125.9735,1,fair,NA,2022
AIMS,2022-06-21T18:45:00Z,STIC03,STIC,20220419-20220701,SW,21038950,31689.1,12.78722,125.9735,1,fair,NA,2022
AIMS,2022-06-21T19:00:00Z,STIC03,STIC,20220419-20220701,SW,21038950,31689.1,12.59389,125.9735,1,fair,NA,2022
AIMS,2022-06-21T19:15:00Z,STIC03,STIC,20220419-20220701,SW,21038950,31689.1,12.40111,125.9735,1,fair,NA,2022
AIMS,2022-06-21T19:30:00Z,STIC03,STIC,20220419-20220701,SW,21038950,31689.1,12.20722,125.9735,1,fair,NA,2022
AIMS,2022-06-21T19:45:00Z,STIC03,STIC,20220419-20220701,SW,21038950,31689.1,12.01278,125.9735,1,fair,NA,2022
AIMS,2022-06-21T20:00:00Z,STIC03,STIC,20220419-20220701,SW,21038950,31689.1,11.72222,125.9735,1,fair,NA,2022
AIMS,2022-06-21T20:15:00Z,STIC03,STIC,20220419-20220701,SW,21038950,31689.1,11.43111,125.9735,1,fair,NA,2022
AIMS,2022-06-21T20:30:00Z,STIC03,STIC,20220419-20220701,SW,21038950,31689.1,11.13889,125.9735,1,fair,NA,2022
AIMS,2022-06-21T20:45:00Z,STIC03,STIC,20220419-20220701,SW,21038950,31689.1,10.84611,125.9735,1,fair,NA,2022
AIMS,2022-06-21T21:00:00Z,STIC03,STIC,20220419-20220701,SW,21038950,31689.1,10.55278,125.9735,1,fair,NA,2022
AIMS,2022-06-21T21:15:00Z,STIC03,STIC,20220419-20220701,SW,21038950,31689.1,10.25889,125.9735,1,fair,NA,2022
AIMS,2022-06-21T21:30:00Z,STIC03,STIC,20220419-20220701,SW,21038950,31689.1,9.965,125.9735,1,fair,NA,2022
AIMS,2022-06-21T21:45:00Z,STIC03,STIC,20220419-20220701,SW,21038950,31689.1,9.668889,125.9735,1,fair,NA,2022
AIMS,2022-06-21T22:00:00Z,STIC03,STIC,20220419-20220701,SW,21038950,31689.1,9.372778,125.9735,1,fair,NA,2022
AIMS,2022-06-21T22:15:00Z,STIC03,STIC,20220419-20220701,SW,21038950,30311.3,9.176111,120.3558,1,fair,NA,2022
AIMS,2022-06-21T22:30:00Z,STIC03,STIC,20220419-20220701,SW,21038950,30311.3,8.878889,120.3558,1,fair,NA,2022
AIMS,2022-06-21T22:45:00Z,STIC03,STIC,20220419-20220701,SW,21038950,30311.3,8.68,120.3558,1,fair,NA,2022
AIMS,2022-06-21T23:00:00Z,STIC03,STIC,20220419-20220701,SW,21038950,30311.3,8.581111,120.3558,1,fair,NA,2022
AIMS,2022-06-21T23:15:00Z,STIC03,STIC,20220419-20220701,SW,21038950,30311.3,8.382222,120.3558,1,fair,NA,2022
AIMS,2022-06-21T23:30:00Z,STIC03,STIC,20220419-20220701,SW,21038950,30311.3,8.182222,120.3558,1,fair,NA,2022
AIMS,2022-06-21T23:45:00Z,STIC03,STIC,20220419-20220701,SW,21038950,30311.3,7.982778,120.3558,1,fair,NA,2022
AIMS,2022-06-22T00:00:00Z,STIC03,STIC,20220419-20220701,SW,21038950,30311.3,7.882222,120.3558,1,fair,NA,2022
AIMS,2022-06-22T00:15:00Z,STIC03,STIC,20220419-20220701,SW,21038950,30311.3,7.782222,120.3558,1,fair,NA,2022
AIMS,2022-06-22T00:30:00Z,STIC03,STIC,20220419-20220701,SW,21038950,30311.3,7.682222,120.3558,1,fair,NA,2022
AIMS,2022-06-22T00:45:00Z,STIC03,STIC,20220419-20220701,SW,21038950,28933.5,7.481111,114.7382,1,fair,NA,2022
AIMS,2022-06-22T01:00:00Z,STIC03,STIC,20220419-20220701,SW,21038950,30311.3,7.28,120.3558,1,fair,NA,2022
AIMS,2022-06-22T01:15:00Z,STIC03,STIC,20220419-20220701,SW,21038950,30311.3,7.178889,120.3558,1,fair,NA,2022
AIMS,2022-06-22T01:30:00Z,STIC03,STIC,20220419-20220701,SW,21038950,30311.3,7.078889,120.3558,1,fair,NA,2022
AIMS,2022-06-22T01:45:00Z,STIC03,STIC,20220419-20220701,SW,21038950,30311.3,6.977778,120.3558,1,fair,NA,2022
AIMS,2022-06-22T02:00:00Z,STIC03,STIC,20220419-20220701,SW,21038950,30311.3,6.877222,120.3558,1,fair,NA,2022
AIMS,2022-06-22T02:15:00Z,STIC03,STIC,20220419-20220701,SW,21038950,30311.3,6.775,120.3558,1,fair,NA,2022
AIMS,2022-06-22T02:30:00Z,STIC03,STIC,20220419-20220701,SW,21038950,30311.3,6.673889,120.3558,1,fair,NA,2022
AIMS,2022-06-22T02:45:00Z,STIC03,STIC,20220419-20220701,SW,21038950,28933.5,6.673889,114.7382,1,fair,NA,2022
AIMS,2022-06-22T03:00:00Z,STIC03,STIC,20220419-20220701,SW,21038950,28933.5,6.572778,114.7382,1,fair,NA,2022
AIMS,2022-06-22T03:15:00Z,STIC03,STIC,20220419-20220701,SW,21038950,28933.5,6.471111,114.7382,1,fair,NA,2022
AIMS,2022-06-22T03:30:00Z,STIC03,STIC,20220419-20220701,SW,21038950,28933.5,6.471111,114.7382,1,fair,NA,2022
AIMS,2022-06-22T03:45:00Z,STIC03,STIC,20220419-20220701,SW,21038950,28933.5,6.37,114.7382,1,fair,NA,2022
AIMS,2022-06-22T04:00:00Z,STIC03,STIC,20220419-20220701,SW,21038950,28933.5,6.267778,114.7382,1,fair,NA,2022
AIMS,2022-06-22T04:15:00Z,STIC03,STIC,20220419-20220701,SW,21038950,28933.5,6.267778,114.7382,1,fair,NA,2022
AIMS,2022-06-22T04:30:00Z,STIC03,STIC,20220419-20220701,SW,21038950,28933.5,6.267778,114.7382,1,fair,NA,2022
AIMS,2022-06-22T04:45:00Z,STIC03,STIC,20220419-20220701,SW,21038950,28933.5,6.166111,114.7382,1,fair,NA,2022
AIMS,2022-06-22T05:00:00Z,STIC03,STIC,20220419-20220701,SW,21038950,28933.5,6.166111,114.7382,1,fair,NA,2022
AIMS,2022-06-22T05:15:00Z,STIC03,STIC,20220419-20220701,SW,21038950,28933.5,6.166111,114.7382,1,fair,NA,2022
AIMS,2022-06-22T05:30:00Z,STIC03,STIC,20220419-20220701,SW,21038950,28933.5,6.063889,114.7382,1,fair,NA,2022
AIMS,2022-06-22T05:45:00Z,STIC03,STIC,20220419-20220701,SW,21038950,28933.5,6.063889,114.7382,1,fair,NA,2022
AIMS,2022-06-22T06:00:00Z,STIC03,STIC,20220419-20220701,SW,21038950,28933.5,5.962222,114.7382,1,fair,NA,2022
AIMS,2022-06-22T06:15:00Z,STIC03,STIC,20220419-20220701,SW,21038950,28933.5,5.962222,114.7382,1,fair,NA,2022
AIMS,2022-06-22T06:30:00Z,STIC03,STIC,20220419-20220701,SW,21038950,28933.5,5.962222,114.7382,1,fair,NA,2022
AIMS,2022-06-22T06:45:00Z,STIC03,STIC,20220419-20220701,SW,21038950,28933.5,6.063889,114.7382,1,fair,NA,2022
AIMS,2022-06-22T07:00:00Z,STIC03,STIC,20220419-20220701,SW,21038950,28933.5,6.267778,114.7382,1,fair,NA,2022
AIMS,2022-06-22T07:15:00Z,STIC03,STIC,20220419-20220701,SW,21038950,28933.5,6.471111,114.7382,1,fair,NA,2022
AIMS,2022-06-22T07:30:00Z,STIC03,STIC,20220419-20220701,SW,21038950,28933.5,6.673889,114.7382,1,fair,NA,2022
AIMS,2022-06-22T07:45:00Z,STIC03,STIC,20220419-20220701,SW,21038950,28933.5,6.977778,114.7382,1,fair,NA,2022
AIMS,2022-06-22T08:00:00Z,STIC03,STIC,20220419-20220701,SW,21038950,28933.5,7.28,114.7382,1,fair,NA,2022
AIMS,2022-06-22T08:15:00Z,STIC03,STIC,20220419-20220701,SW,21038950,28933.5,7.582222,114.7382,1,fair,NA,2022
AIMS,2022-06-22T08:30:00Z,STIC03,STIC,20220419-20220701,SW,21038950,28933.5,7.882222,114.7382,1,fair,NA,2022
AIMS,2022-06-22T08:45:00Z,STIC03,STIC,20220419-20220701,SW,21038950,28933.5,8.182222,114.7382,1,fair,NA,2022
AIMS,2022-06-22T09:00:00Z,STIC03,STIC,20220419-20220701,SW,21038950,28933.5,8.481111,114.7382,1,fair,NA,2022
AIMS,2022-06-22T09:15:00Z,STIC03,STIC,20220419-20220701,SW,21038950,28933.5,8.68,114.7382,1,fair,NA,2022
AIMS,2022-06-22T09:30:00Z,STIC03,STIC,20220419-20220701,SW,21038950,30311.3,8.977778,120.3558,1,fair,NA,2022
AIMS,2022-06-22T09:45:00Z,STIC03,STIC,20220419-20220701,SW,21038950,30311.3,9.372778,120.3558,1,fair,NA,2022
AIMS,2022-06-22T10:00:00Z,STIC03,STIC,20220419-20220701,SW,21038950,30311.3,9.472222,120.3558,1,fair,NA,2022
AIMS,2022-06-22T10:15:00Z,STIC03,STIC,20220419-20220701,SW,21038950,30311.3,9.767778,120.3558,1,fair,NA,2022
AIMS,2022-06-22T10:30:00Z,STIC03,STIC,20220419-20220701,SW,21038950,30311.3,9.965,120.3558,1,fair,NA,2022
AIMS,2022-06-22T10:45:00Z,STIC03,STIC,20220419-20220701,SW,21038950,30311.3,10.25889,120.3558,1,fair,NA,2022
AIMS,2022-06-22T11:00:00Z,STIC03,STIC,20220419-20220701,SW,21038950,30311.3,10.455,120.3558,1,fair,NA,2022
AIMS,2022-06-22T11:15:00Z,STIC03,STIC,20220419-20220701,SW,21038950,30311.3,10.84611,120.3558,1,fair,NA,2022
AIMS,2022-06-22T11:30:00Z,STIC03,STIC,20220419-20220701,SW,21038950,30311.3,11.13889,120.3558,1,fair,NA,2022
AIMS,2022-06-22T11:45:00Z,STIC03,STIC,20220419-20220701,SW,21038950,30311.3,11.43111,120.3558,1,fair,NA,2022
AIMS,2022-06-22T12:00:00Z,STIC03,STIC,20220419-20220701,SW,21038950,30311.3,11.625,120.3558,1,fair,NA,2022
AIMS,2022-06-22T12:15:00Z,STIC03,STIC,20220419-20220701,SW,21038950,30311.3,11.91611,120.3558,1,fair,NA,2022
AIMS,2022-06-22T12:30:00Z,STIC03,STIC,20220419-20220701,SW,21038950,30311.3,12.30389,120.3558,1,fair,NA,2022
AIMS,2022-06-22T12:45:00Z,STIC03,STIC,20220419-20220701,SW,21038950,31689.1,12.88278,125.9735,1,fair,NA,2022
AIMS,2022-06-22T13:00:00Z,STIC03,STIC,20220419-20220701,SW,21038950,31689.1,12.98,125.9735,1,fair,NA,2022
AIMS,2022-06-22T13:15:00Z,STIC03,STIC,20220419-20220701,SW,21038950,31689.1,13.17278,125.9735,1,fair,NA,2022
AIMS,2022-06-22T13:30:00Z,STIC03,STIC,20220419-20220701,SW,21038950,31689.1,13.365,125.9735,1,fair,NA,2022
AIMS,2022-06-22T13:45:00Z,STIC03,STIC,20220419-20220701,SW,21038950,31689.1,13.65389,125.9735,1,fair,NA,2022
AIMS,2022-06-22T14:00:00Z,STIC03,STIC,20220419-20220701,SW,21038950,31689.1,13.94222,125.9735,1,fair,NA,2022
AIMS,2022-06-22T14:15:00Z,STIC03,STIC,20220419-20220701,SW,21038950,31689.1,14.23,125.9735,1,fair,NA,2022
AIMS,2022-06-22T14:30:00Z,STIC03,STIC,20220419-20220701,SW,21038950,33066.9,14.42111,131.5911,1,fair,NA,2022
AIMS,2022-06-22T14:45:00Z,STIC03,STIC,20220419-20220701,SW,21038950,33066.9,14.70889,131.5911,1,fair,NA,2022
AIMS,2022-06-22T15:00:00Z,STIC03,STIC,20220419-20220701,SW,21038950,31689.1,14.70889,125.9735,1,fair,NA,2022
AIMS,2022-06-22T15:15:00Z,STIC03,STIC,20220419-20220701,SW,21038950,33066.9,14.70889,131.5911,1,fair,NA,2022
AIMS,2022-06-22T15:30:00Z,STIC03,STIC,20220419-20220701,SW,21038950,33066.9,14.61278,131.5911,1,fair,NA,2022
AIMS,2022-06-22T15:45:00Z,STIC03,STIC,20220419-20220701,SW,21038950,33066.9,14.70889,131.5911,1,fair,NA,2022
AIMS,2022-06-22T16:00:00Z,STIC03,STIC,20220419-20220701,SW,21038950,33066.9,15.18722,131.5911,1,fair,NA,2022
AIMS,2022-06-22T16:15:00Z,STIC03,STIC,20220419-20220701,SW,21038950,33066.9,15.37778,131.5911,1,fair,NA,2022
AIMS,2022-06-22T16:30:00Z,STIC03,STIC,20220419-20220701,SW,21038950,33066.9,15.09111,131.5911,1,fair,NA,2022
AIMS,2022-06-22T16:45:00Z,STIC03,STIC,20220419-20220701,SW,21038950,33066.9,14.80389,131.5911,1,fair,NA,2022
AIMS,2022-06-22T17:00:00Z,STIC03,STIC,20220419-20220701,SW,21038950,33066.9,14.70889,131.5911,1,fair,NA,2022
AIMS,2022-06-22T17:15:00Z,STIC03,STIC,20220419-20220701,SW,21038950,33066.9,14.70889,131.5911,1,fair,NA,2022
AIMS,2022-06-22T17:30:00Z,STIC03,STIC,20220419-20220701,SW,21038950,33066.9,14.61278,131.5911,1,fair,NA,2022
AIMS,2022-06-22T17:45:00Z,STIC03,STIC,20220419-20220701,SW,21038950,31689.1,14.70889,125.9735,1,fair,NA,2022
AIMS,2022-06-22T18:00:00Z,STIC03,STIC,20220419-20220701,SW,21038950,31689.1,14.61278,125.9735,1,fair,NA,2022
AIMS,2022-06-22T18:15:00Z,STIC03,STIC,20220419-20220701,SW,21038950,33066.9,14.325,131.5911,1,fair,NA,2022
AIMS,2022-06-22T18:30:00Z,STIC03,STIC,20220419-20220701,SW,21038950,31689.1,14.23,125.9735,1,fair,NA,2022
AIMS,2022-06-22T18:45:00Z,STIC03,STIC,20220419-20220701,SW,21038950,31689.1,14.03778,125.9735,1,fair,NA,2022
AIMS,2022-06-22T19:00:00Z,STIC03,STIC,20220419-20220701,SW,21038950,31689.1,13.94222,125.9735,1,fair,NA,2022
AIMS,2022-06-22T19:15:00Z,STIC03,STIC,20220419-20220701,SW,21038950,31689.1,13.75,125.9735,1,fair,NA,2022
AIMS,2022-06-22T19:30:00Z,STIC03,STIC,20220419-20220701,SW,21038950,31689.1,13.55778,125.9735,1,fair,NA,2022
AIMS,2022-06-22T19:45:00Z,STIC03,STIC,20220419-20220701,SW,21038950,31689.1,13.365,125.9735,1,fair,NA,2022
AIMS,2022-06-22T20:00:00Z,STIC03,STIC,20220419-20220701,SW,21038950,31689.1,13.17278,125.9735,1,fair,NA,2022
AIMS,2022-06-22T20:15:00Z,STIC03,STIC,20220419-20220701,SW,21038950,31689.1,12.98,125.9735,1,fair,NA,2022
AIMS,2022-06-22T20:30:00Z,STIC03,STIC,20220419-20220701,SW,21038950,31689.1,12.69,125.9735,1,fair,NA,2022
AIMS,2022-06-22T20:45:00Z,STIC03,STIC,20220419-20220701,SW,21038950,31689.1,12.49722,125.9735,1,fair,NA,2022
AIMS,2022-06-22T21:00:00Z,STIC03,STIC,20220419-20220701,SW,21038950,31689.1,12.30389,125.9735,1,fair,NA,2022
AIMS,2022-06-22T21:15:00Z,STIC03,STIC,20220419-20220701,SW,21038950,31689.1,12.01278,125.9735,1,fair,NA,2022
AIMS,2022-06-22T21:30:00Z,STIC03,STIC,20220419-20220701,SW,21038950,31689.1,11.81889,125.9735,1,fair,NA,2022
AIMS,2022-06-22T21:45:00Z,STIC03,STIC,20220419-20220701,SW,21038950,31689.1,11.52778,125.9735,1,fair,NA,2022
AIMS,2022-06-22T22:00:00Z,STIC03,STIC,20220419-20220701,SW,21038950,31689.1,11.33389,125.9735,1,fair,NA,2022
AIMS,2022-06-22T22:15:00Z,STIC03,STIC,20220419-20220701,SW,21038950,31689.1,11.23611,125.9735,1,fair,NA,2022
AIMS,2022-06-22T22:30:00Z,STIC03,STIC,20220419-20220701,SW,21038950,31689.1,11.04111,125.9735,1,fair,NA,2022
AIMS,2022-06-22T22:45:00Z,STIC03,STIC,20220419-20220701,SW,21038950,31689.1,10.84611,125.9735,1,fair,NA,2022
AIMS,2022-06-22T23:00:00Z,STIC03,STIC,20220419-20220701,SW,21038950,31689.1,10.65111,125.9735,1,fair,NA,2022
AIMS,2022-06-22T23:15:00Z,STIC03,STIC,20220419-20220701,SW,21038950,31689.1,10.455,125.9735,1,fair,NA,2022
AIMS,2022-06-22T23:30:00Z,STIC03,STIC,20220419-20220701,SW,21038950,31689.1,10.35722,125.9735,1,fair,NA,2022
AIMS,2022-06-22T23:45:00Z,STIC03,STIC,20220419-20220701,SW,21038950,31689.1,10.16111,125.9735,1,fair,NA,2022
AIMS,2022-06-23T00:00:00Z,STIC03,STIC,20220419-20220701,SW,21038950,31689.1,9.965,125.9735,1,fair,NA,2022
AIMS,2022-06-23T00:15:00Z,STIC03,STIC,20220419-20220701,SW,21038950,31689.1,9.866111,125.9735,1,fair,NA,2022
AIMS,2022-06-23T00:30:00Z,STIC03,STIC,20220419-20220701,SW,21038950,31689.1,9.668889,125.9735,1,fair,NA,2022
AIMS,2022-06-23T00:45:00Z,STIC03,STIC,20220419-20220701,SW,21038950,30311.3,9.571111,120.3558,1,fair,NA,2022
AIMS,2022-06-23T01:00:00Z,STIC03,STIC,20220419-20220701,SW,21038950,30311.3,9.372778,120.3558,1,fair,NA,2022
AIMS,2022-06-23T01:15:00Z,STIC03,STIC,20220419-20220701,SW,21038950,30311.3,9.275,120.3558,1,fair,NA,2022
AIMS,2022-06-23T01:30:00Z,STIC03,STIC,20220419-20220701,SW,21038950,30311.3,9.077222,120.3558,1,fair,NA,2022
AIMS,2022-06-23T01:45:00Z,STIC03,STIC,20220419-20220701,SW,21038950,30311.3,8.977778,120.3558,1,fair,NA,2022
AIMS,2022-06-23T02:00:00Z,STIC03,STIC,20220419-20220701,SW,21038950,30311.3,8.878889,120.3558,1,fair,NA,2022
AIMS,2022-06-23T02:15:00Z,STIC03,STIC,20220419-20220701,SW,21038950,30311.3,8.778889,120.3558,1,fair,NA,2022
AIMS,2022-06-23T02:30:00Z,STIC03,STIC,20220419-20220701,SW,21038950,30311.3,8.581111,120.3558,1,fair,NA,2022
AIMS,2022-06-23T02:45:00Z,STIC03,STIC,20220419-20220701,SW,21038950,30311.3,8.481111,120.3558,1,fair,NA,2022
AIMS,2022-06-23T03:00:00Z,STIC03,STIC,20220419-20220701,SW,21038950,30311.3,8.481111,120.3558,1,fair,NA,2022
AIMS,2022-06-23T03:15:00Z,STIC03,STIC,20220419-20220701,SW,21038950,30311.3,8.382222,120.3558,1,fair,NA,2022
AIMS,2022-06-23T03:30:00Z,STIC03,STIC,20220419-20220701,SW,21038950,30311.3,8.382222,120.3558,1,fair,NA,2022
AIMS,2022-06-23T03:45:00Z,STIC03,STIC,20220419-20220701,SW,21038950,30311.3,8.282222,120.3558,1,fair,NA,2022
AIMS,2022-06-23T04:00:00Z,STIC03,STIC,20220419-20220701,SW,21038950,30311.3,8.182222,120.3558,1,fair,NA,2022
AIMS,2022-06-23T04:15:00Z,STIC03,STIC,20220419-20220701,SW,21038950,30311.3,8.182222,120.3558,1,fair,NA,2022
AIMS,2022-06-23T04:30:00Z,STIC03,STIC,20220419-20220701,SW,21038950,30311.3,8.182222,120.3558,1,fair,NA,2022
AIMS,2022-06-23T04:45:00Z,STIC03,STIC,20220419-20220701,SW,21038950,30311.3,8.082222,120.3558,1,fair,NA,2022
AIMS,2022-06-23T05:00:00Z,STIC03,STIC,20220419-20220701,SW,21038950,30311.3,8.082222,120.3558,1,fair,NA,2022
AIMS,2022-06-23T05:15:00Z,STIC03,STIC,20220419-20220701,SW,21038950,30311.3,8.082222,120.3558,1,fair,NA,2022
AIMS,2022-06-23T05:30:00Z,STIC03,STIC,20220419-20220701,SW,21038950,30311.3,7.982778,120.3558,1,fair,NA,2022
AIMS,2022-06-23T05:45:00Z,STIC03,STIC,20220419-20220701,SW,21038950,30311.3,7.982778,120.3558,1,fair,NA,2022
AIMS,2022-06-23T06:00:00Z,STIC03,STIC,20220419-20220701,SW,21038950,30311.3,7.982778,120.3558,1,fair,NA,2022
AIMS,2022-06-23T06:15:00Z,STIC03,STIC,20220419-20220701,SW,21038950,30311.3,7.982778,120.3558,1,fair,NA,2022
AIMS,2022-06-23T06:30:00Z,STIC03,STIC,20220419-20220701,SW,21038950,30311.3,7.982778,120.3558,1,fair,NA,2022
AIMS,2022-06-23T06:45:00Z,STIC03,STIC,20220419-20220701,SW,21038950,30311.3,8.082222,120.3558,1,fair,NA,2022
AIMS,2022-06-23T07:00:00Z,STIC03,STIC,20220419-20220701,SW,21038950,30311.3,8.182222,120.3558,1,fair,NA,2022
AIMS,2022-06-23T07:15:00Z,STIC03,STIC,20220419-20220701,SW,21038950,30311.3,8.382222,120.3558,1,fair,NA,2022
AIMS,2022-06-23T07:30:00Z,STIC03,STIC,20220419-20220701,SW,21038950,30311.3,8.581111,120.3558,1,fair,NA,2022
AIMS,2022-06-23T07:45:00Z,STIC03,STIC,20220419-20220701,SW,21038950,30311.3,8.778889,120.3558,1,fair,NA,2022
AIMS,2022-06-23T08:00:00Z,STIC03,STIC,20220419-20220701,SW,21038950,30311.3,8.977778,120.3558,1,fair,NA,2022
AIMS,2022-06-23T08:15:00Z,STIC03,STIC,20220419-20220701,SW,21038950,30311.3,9.275,120.3558,1,fair,NA,2022
AIMS,2022-06-23T08:30:00Z,STIC03,STIC,20220419-20220701,SW,21038950,30311.3,9.571111,120.3558,1,fair,NA,2022
AIMS,2022-06-23T08:45:00Z,STIC03,STIC,20220419-20220701,SW,21038950,30311.3,9.866111,120.3558,1,fair,NA,2022
AIMS,2022-06-23T09:00:00Z,STIC03,STIC,20220419-20220701,SW,21038950,30311.3,9.965,120.3558,1,fair,NA,2022
AIMS,2022-06-23T09:15:00Z,STIC03,STIC,20220419-20220701,SW,21038950,30311.3,10.25889,120.3558,1,fair,NA,2022
AIMS,2022-06-23T09:30:00Z,STIC03,STIC,20220419-20220701,SW,21038950,30311.3,10.84611,120.3558,1,fair,NA,2022
AIMS,2022-06-23T09:45:00Z,STIC03,STIC,20220419-20220701,SW,21038950,30311.3,11.04111,120.3558,1,fair,NA,2022
AIMS,2022-06-23T10:00:00Z,STIC03,STIC,20220419-20220701,SW,21038950,30311.3,11.23611,120.3558,1,fair,NA,2022
AIMS,2022-06-23T10:15:00Z,STIC03,STIC,20220419-20220701,SW,21038950,30311.3,11.81889,120.3558,1,fair,NA,2022
AIMS,2022-06-23T10:30:00Z,STIC03,STIC,20220419-20220701,SW,21038950,30311.3,11.91611,120.3558,1,fair,NA,2022
AIMS,2022-06-23T10:45:00Z,STIC03,STIC,20220419-20220701,SW,21038950,30311.3,12.01278,120.3558,1,fair,NA,2022
AIMS,2022-06-23T11:00:00Z,STIC03,STIC,20220419-20220701,SW,21038950,31689.1,12.20722,125.9735,1,fair,NA,2022
AIMS,2022-06-23T11:15:00Z,STIC03,STIC,20220419-20220701,SW,21038950,31689.1,12.49722,125.9735,1,fair,NA,2022
AIMS,2022-06-23T11:30:00Z,STIC03,STIC,20220419-20220701,SW,21038950,31689.1,12.98,125.9735,1,fair,NA,2022
AIMS,2022-06-23T11:45:00Z,STIC03,STIC,20220419-20220701,SW,21038950,31689.1,13.07611,125.9735,1,fair,NA,2022
AIMS,2022-06-23T12:00:00Z,STIC03,STIC,20220419-20220701,SW,21038950,31689.1,13.46111,125.9735,1,fair,NA,2022
AIMS,2022-06-23T12:15:00Z,STIC03,STIC,20220419-20220701,SW,21038950,31689.1,13.46111,125.9735,1,fair,NA,2022
AIMS,2022-06-23T12:30:00Z,STIC03,STIC,20220419-20220701,SW,21038950,31689.1,13.365,125.9735,1,fair,NA,2022
AIMS,2022-06-23T12:45:00Z,STIC03,STIC,20220419-20220701,SW,21038950,31689.1,13.65389,125.9735,1,fair,NA,2022
AIMS,2022-06-23T13:00:00Z,STIC03,STIC,20220419-20220701,SW,21038950,31689.1,13.84611,125.9735,1,fair,NA,2022
AIMS,2022-06-23T13:15:00Z,STIC03,STIC,20220419-20220701,SW,21038950,31689.1,14.325,125.9735,1,fair,NA,2022
AIMS,2022-06-23T13:30:00Z,STIC03,STIC,20220419-20220701,SW,21038950,31689.1,14.70889,125.9735,1,fair,NA,2022
AIMS,2022-06-23T13:45:00Z,STIC03,STIC,20220419-20220701,SW,21038950,33066.9,15.09111,131.5911,1,fair,NA,2022
AIMS,2022-06-23T14:00:00Z,STIC03,STIC,20220419-20220701,SW,21038950,33066.9,15.28222,131.5911,1,fair,NA,2022
AIMS,2022-06-23T14:15:00Z,STIC03,STIC,20220419-20220701,SW,21038950,33066.9,15.56889,131.5911,1,fair,NA,2022
AIMS,2022-06-23T14:30:00Z,STIC03,STIC,20220419-20220701,SW,21038950,33066.9,15.76,131.5911,1,fair,NA,2022
AIMS,2022-06-23T14:45:00Z,STIC03,STIC,20220419-20220701,SW,21038950,31689.1,15.66389,125.9735,1,fair,NA,2022
AIMS,2022-06-23T15:00:00Z,STIC03,STIC,20220419-20220701,SW,21038950,33066.9,15.855,131.5911,1,fair,NA,2022
AIMS,2022-06-23T15:15:00Z,STIC03,STIC,20220419-20220701,SW,21038950,33066.9,15.76,131.5911,1,fair,NA,2022
AIMS,2022-06-23T15:30:00Z,STIC03,STIC,20220419-20220701,SW,21038950,33066.9,15.56889,131.5911,1,fair,NA,2022
AIMS,2022-06-23T15:45:00Z,STIC03,STIC,20220419-20220701,SW,21038950,33066.9,15.56889,131.5911,1,fair,NA,2022
AIMS,2022-06-23T16:00:00Z,STIC03,STIC,20220419-20220701,SW,21038950,31689.1,15.855,125.9735,1,fair,NA,2022
AIMS,2022-06-23T16:15:00Z,STIC03,STIC,20220419-20220701,SW,21038950,31689.1,15.855,125.9735,1,fair,NA,2022
AIMS,2022-06-23T16:30:00Z,STIC03,STIC,20220419-20220701,SW,21038950,33066.9,15.56889,131.5911,1,fair,NA,2022
AIMS,2022-06-23T16:45:00Z,STIC03,STIC,20220419-20220701,SW,21038950,31689.1,15.37778,125.9735,1,fair,NA,2022
AIMS,2022-06-23T17:00:00Z,STIC03,STIC,20220419-20220701,SW,21038950,33066.9,15.28222,131.5911,1,fair,NA,2022
AIMS,2022-06-23T17:15:00Z,STIC03,STIC,20220419-20220701,SW,21038950,33066.9,15.37778,131.5911,1,fair,NA,2022
AIMS,2022-06-23T17:30:00Z,STIC03,STIC,20220419-20220701,SW,21038950,31689.1,15.09111,125.9735,1,fair,NA,2022
AIMS,2022-06-23T17:45:00Z,STIC03,STIC,20220419-20220701,SW,21038950,33066.9,14.80389,131.5911,1,fair,NA,2022
AIMS,2022-06-23T18:00:00Z,STIC03,STIC,20220419-20220701,SW,21038950,31689.1,14.51722,125.9735,1,fair,NA,2022
AIMS,2022-06-23T18:15:00Z,STIC03,STIC,20220419-20220701,SW,21038950,33066.9,14.325,131.5911,1,fair,NA,2022
AIMS,2022-06-23T18:30:00Z,STIC03,STIC,20220419-20220701,SW,21038950,31689.1,14.23,125.9735,1,fair,NA,2022
AIMS,2022-06-23T18:45:00Z,STIC03,STIC,20220419-20220701,SW,21038950,31689.1,14.13389,125.9735,1,fair,NA,2022
AIMS,2022-06-23T19:00:00Z,STIC03,STIC,20220419-20220701,SW,21038950,33066.9,13.94222,131.5911,1,fair,NA,2022
AIMS,2022-06-23T19:15:00Z,STIC03,STIC,20220419-20220701,SW,21038950,31689.1,13.84611,125.9735,1,fair,NA,2022
AIMS,2022-06-23T19:30:00Z,STIC03,STIC,20220419-20220701,SW,21038950,31689.1,13.46111,125.9735,1,fair,NA,2022
AIMS,2022-06-23T19:45:00Z,STIC03,STIC,20220419-20220701,SW,21038950,31689.1,13.07611,125.9735,1,fair,NA,2022
AIMS,2022-06-23T20:00:00Z,STIC03,STIC,20220419-20220701,SW,21038950,31689.1,12.88278,125.9735,1,fair,NA,2022
AIMS,2022-06-23T20:15:00Z,STIC03,STIC,20220419-20220701,SW,21038950,31689.1,12.69,125.9735,1,fair,NA,2022
AIMS,2022-06-23T20:30:00Z,STIC03,STIC,20220419-20220701,SW,21038950,30311.3,12.49722,120.3558,1,fair,NA,2022
AIMS,2022-06-23T20:45:00Z,STIC03,STIC,20220419-20220701,SW,21038950,31689.1,12.40111,125.9735,1,fair,NA,2022
AIMS,2022-06-23T21:00:00Z,STIC03,STIC,20220419-20220701,SW,21038950,31689.1,12.30389,125.9735,1,fair,NA,2022
AIMS,2022-06-23T21:15:00Z,STIC03,STIC,20220419-20220701,SW,21038950,31689.1,12.20722,125.9735,1,fair,NA,2022
AIMS,2022-06-23T21:30:00Z,STIC03,STIC,20220419-20220701,SW,21038950,31689.1,12.11,125.9735,1,fair,NA,2022
AIMS,2022-06-23T21:45:00Z,STIC03,STIC,20220419-20220701,SW,21038950,31689.1,11.91611,125.9735,1,fair,NA,2022
AIMS,2022-06-23T22:00:00Z,STIC03,STIC,20220419-20220701,SW,21038950,33066.9,11.81889,131.5911,1,fair,NA,2022
AIMS,2022-06-23T22:15:00Z,STIC03,STIC,20220419-20220701,SW,21038950,33066.9,11.81889,131.5911,1,fair,NA,2022
AIMS,2022-06-23T22:30:00Z,STIC03,STIC,20220419-20220701,SW,21038950,33066.9,11.72222,131.5911,1,fair,NA,2022
AIMS,2022-06-23T22:45:00Z,STIC03,STIC,20220419-20220701,SW,21038950,33066.9,11.72222,131.5911,1,fair,NA,2022
AIMS,2022-06-23T23:00:00Z,STIC03,STIC,20220419-20220701,SW,21038950,33066.9,11.625,131.5911,1,fair,NA,2022
AIMS,2022-06-23T23:15:00Z,STIC03,STIC,20220419-20220701,SW,21038950,31689.1,11.43111,125.9735,1,fair,NA,2022
AIMS,2022-06-23T23:30:00Z,STIC03,STIC,20220419-20220701,SW,21038950,33066.9,11.33389,131.5911,1,fair,NA,2022
AIMS,2022-06-23T23:45:00Z,STIC03,STIC,20220419-20220701,SW,21038950,33066.9,11.23611,131.5911,1,fair,NA,2022
AIMS,2022-06-24T00:00:00Z,STIC03,STIC,20220419-20220701,SW,21038950,31689.1,11.04111,125.9735,1,fair,NA,2022
AIMS,2022-06-24T00:15:00Z,STIC03,STIC,20220419-20220701,SW,21038950,33066.9,10.84611,131.5911,1,fair,NA,2022
AIMS,2022-06-24T00:30:00Z,STIC03,STIC,20220419-20220701,SW,21038950,33066.9,10.65111,131.5911,1,fair,NA,2022
AIMS,2022-06-24T00:45:00Z,STIC03,STIC,20220419-20220701,SW,21038950,31689.1,10.55278,125.9735,1,fair,NA,2022
AIMS,2022-06-24T01:00:00Z,STIC03,STIC,20220419-20220701,SW,21038950,31689.1,10.455,125.9735,1,fair,NA,2022
AIMS,2022-06-24T01:15:00Z,STIC03,STIC,20220419-20220701,SW,21038950,31689.1,10.35722,125.9735,1,fair,NA,2022
AIMS,2022-06-24T01:30:00Z,STIC03,STIC,20220419-20220701,SW,21038950,31689.1,10.35722,125.9735,1,fair,NA,2022
AIMS,2022-06-24T01:45:00Z,STIC03,STIC,20220419-20220701,SW,21038950,31689.1,10.35722,125.9735,1,fair,NA,2022
AIMS,2022-06-24T02:00:00Z,STIC03,STIC,20220419-20220701,SW,21038950,31689.1,10.35722,125.9735,1,fair,NA,2022
AIMS,2022-06-24T02:15:00Z,STIC03,STIC,20220419-20220701,SW,21038950,31689.1,10.455,125.9735,1,fair,NA,2022
AIMS,2022-06-24T02:30:00Z,STIC03,STIC,20220419-20220701,SW,21038950,31689.1,10.455,125.9735,1,fair,NA,2022
AIMS,2022-06-24T02:45:00Z,STIC03,STIC,20220419-20220701,SW,21038950,31689.1,10.55278,125.9735,1,fair,NA,2022
AIMS,2022-06-24T03:00:00Z,STIC03,STIC,20220419-20220701,SW,21038950,31689.1,10.55278,125.9735,1,fair,NA,2022
AIMS,2022-06-24T03:15:00Z,STIC03,STIC,20220419-20220701,SW,21038950,31689.1,10.65111,125.9735,1,fair,NA,2022
AIMS,2022-06-24T03:30:00Z,STIC03,STIC,20220419-20220701,SW,21038950,31689.1,10.65111,125.9735,1,fair,NA,2022
AIMS,2022-06-24T03:45:00Z,STIC03,STIC,20220419-20220701,SW,21038950,31689.1,10.65111,125.9735,1,fair,NA,2022
AIMS,2022-06-24T04:00:00Z,STIC03,STIC,20220419-20220701,SW,21038950,31689.1,10.65111,125.9735,1,fair,NA,2022
AIMS,2022-06-24T04:15:00Z,STIC03,STIC,20220419-20220701,SW,21038950,31689.1,10.65111,125.9735,1,fair,NA,2022
AIMS,2022-06-24T04:30:00Z,STIC03,STIC,20220419-20220701,SW,21038950,31689.1,10.65111,125.9735,1,fair,NA,2022
AIMS,2022-06-24T04:45:00Z,STIC03,STIC,20220419-20220701,SW,21038950,31689.1,10.65111,125.9735,1,fair,NA,2022
AIMS,2022-06-24T05:00:00Z,STIC03,STIC,20220419-20220701,SW,21038950,31689.1,10.65111,125.9735,1,fair,NA,2022
AIMS,2022-06-24T05:15:00Z,STIC03,STIC,20220419-20220701,SW,21038950,31689.1,10.65111,125.9735,1,fair,NA,2022
AIMS,2022-06-24T05:30:00Z,STIC03,STIC,20220419-20220701,SW,21038950,31689.1,10.65111,125.9735,1,fair,NA,2022
AIMS,2022-06-24T05:45:00Z,STIC03,STIC,20220419-20220701,SW,21038950,31689.1,10.55278,125.9735,1,fair,NA,2022
AIMS,2022-06-24T06:00:00Z,STIC03,STIC,20220419-20220701,SW,21038950,31689.1,10.55278,125.9735,1,fair,NA,2022
AIMS,2022-06-24T06:15:00Z,STIC03,STIC,20220419-20220701,SW,21038950,31689.1,10.455,125.9735,1,fair,NA,2022
AIMS,2022-06-24T06:30:00Z,STIC03,STIC,20220419-20220701,SW,21038950,31689.1,10.35722,125.9735,1,fair,NA,2022
AIMS,2022-06-24T06:45:00Z,STIC03,STIC,20220419-20220701,SW,21038950,31689.1,10.16111,125.9735,1,fair,NA,2022
AIMS,2022-06-24T07:00:00Z,STIC03,STIC,20220419-20220701,SW,21038950,31689.1,10.06278,125.9735,1,fair,NA,2022
AIMS,2022-06-24T07:15:00Z,STIC03,STIC,20220419-20220701,SW,21038950,31689.1,10.06278,125.9735,1,fair,NA,2022
AIMS,2022-06-24T07:30:00Z,STIC03,STIC,20220419-20220701,SW,21038950,31689.1,10.25889,125.9735,1,fair,NA,2022
AIMS,2022-06-24T07:45:00Z,STIC03,STIC,20220419-20220701,SW,21038950,31689.1,10.455,125.9735,1,fair,NA,2022
AIMS,2022-06-24T08:00:00Z,STIC03,STIC,20220419-20220701,SW,21038950,31689.1,10.65111,125.9735,1,fair,NA,2022
AIMS,2022-06-24T08:15:00Z,STIC03,STIC,20220419-20220701,SW,21038950,31689.1,10.74778,125.9735,1,fair,NA,2022
AIMS,2022-06-24T08:30:00Z,STIC03,STIC,20220419-20220701,SW,21038950,31689.1,10.84611,125.9735,1,fair,NA,2022
AIMS,2022-06-24T08:45:00Z,STIC03,STIC,20220419-20220701,SW,21038950,31689.1,10.84611,125.9735,1,fair,NA,2022
AIMS,2022-06-24T09:00:00Z,STIC03,STIC,20220419-20220701,SW,21038950,31689.1,10.94389,125.9735,1,fair,NA,2022
AIMS,2022-06-24T09:15:00Z,STIC03,STIC,20220419-20220701,SW,21038950,31689.1,11.04111,125.9735,1,fair,NA,2022
AIMS,2022-06-24T09:30:00Z,STIC03,STIC,20220419-20220701,SW,21038950,31689.1,11.13889,125.9735,1,fair,NA,2022
AIMS,2022-06-24T09:45:00Z,STIC03,STIC,20220419-20220701,SW,21038950,31689.1,11.13889,125.9735,1,fair,NA,2022
AIMS,2022-06-24T10:00:00Z,STIC03,STIC,20220419-20220701,SW,21038950,31689.1,11.13889,125.9735,1,fair,NA,2022
AIMS,2022-06-24T10:15:00Z,STIC03,STIC,20220419-20220701,SW,21038950,31689.1,11.23611,125.9735,1,fair,NA,2022
AIMS,2022-06-24T10:30:00Z,STIC03,STIC,20220419-20220701,SW,21038950,31689.1,11.43111,125.9735,1,fair,NA,2022
AIMS,2022-06-24T10:45:00Z,STIC03,STIC,20220419-20220701,SW,21038950,31689.1,11.625,125.9735,1,fair,NA,2022
AIMS,2022-06-24T11:00:00Z,STIC03,STIC,20220419-20220701,SW,21038950,31689.1,11.81889,125.9735,1,fair,NA,2022
AIMS,2022-06-24T11:15:00Z,STIC03,STIC,20220419-20220701,SW,21038950,31689.1,12.01278,125.9735,1,fair,NA,2022
AIMS,2022-06-24T11:30:00Z,STIC03,STIC,20220419-20220701,SW,21038950,31689.1,12.20722,125.9735,1,fair,NA,2022
AIMS,2022-06-24T11:45:00Z,STIC03,STIC,20220419-20220701,SW,21038950,31689.1,12.40111,125.9735,1,fair,NA,2022
AIMS,2022-06-24T12:00:00Z,STIC03,STIC,20220419-20220701,SW,21038950,31689.1,12.59389,125.9735,1,fair,NA,2022
AIMS,2022-06-24T12:15:00Z,STIC03,STIC,20220419-20220701,SW,21038950,33066.9,12.88278,131.5911,1,fair,NA,2022
AIMS,2022-06-24T12:30:00Z,STIC03,STIC,20220419-20220701,SW,21038950,33066.9,13.17278,131.5911,1,fair,NA,2022
AIMS,2022-06-24T12:45:00Z,STIC03,STIC,20220419-20220701,SW,21038950,33066.9,13.75,131.5911,1,fair,NA,2022
AIMS,2022-06-24T13:00:00Z,STIC03,STIC,20220419-20220701,SW,21038950,33066.9,13.65389,131.5911,1,fair,NA,2022
AIMS,2022-06-24T13:15:00Z,STIC03,STIC,20220419-20220701,SW,21038950,31689.1,13.75,125.9735,1,fair,NA,2022
AIMS,2022-06-24T13:30:00Z,STIC03,STIC,20220419-20220701,SW,21038950,31689.1,13.94222,125.9735,1,fair,NA,2022
AIMS,2022-06-24T13:45:00Z,STIC03,STIC,20220419-20220701,SW,21038950,33066.9,14.13389,131.5911,1,fair,NA,2022
AIMS,2022-06-24T14:00:00Z,STIC03,STIC,20220419-20220701,SW,21038950,33066.9,14.325,131.5911,1,fair,NA,2022
AIMS,2022-06-24T14:15:00Z,STIC03,STIC,20220419-20220701,SW,21038950,31689.1,14.51722,125.9735,1,fair,NA,2022
AIMS,2022-06-24T14:30:00Z,STIC03,STIC,20220419-20220701,SW,21038950,33066.9,14.70889,131.5911,1,fair,NA,2022
AIMS,2022-06-24T14:45:00Z,STIC03,STIC,20220419-20220701,SW,21038950,33066.9,14.9,131.5911,1,fair,NA,2022
AIMS,2022-06-24T15:00:00Z,STIC03,STIC,20220419-20220701,SW,21038950,33066.9,14.9,131.5911,1,fair,NA,2022
AIMS,2022-06-24T15:15:00Z,STIC03,STIC,20220419-20220701,SW,21038950,33066.9,14.9,131.5911,1,fair,NA,2022
AIMS,2022-06-24T15:30:00Z,STIC03,STIC,20220419-20220701,SW,21038950,33066.9,14.9,131.5911,1,fair,NA,2022
AIMS,2022-06-24T15:45:00Z,STIC03,STIC,20220419-20220701,SW,21038950,31689.1,14.9,125.9735,1,fair,NA,2022
AIMS,2022-06-24T16:00:00Z,STIC03,STIC,20220419-20220701,SW,21038950,33066.9,15.09111,131.5911,1,fair,NA,2022
AIMS,2022-06-24T16:15:00Z,STIC03,STIC,20220419-20220701,SW,21038950,31689.1,15.47278,125.9735,1,fair,NA,2022
AIMS,2022-06-24T16:30:00Z,STIC03,STIC,20220419-20220701,SW,21038950,31689.1,15.18722,125.9735,1,fair,NA,2022
AIMS,2022-06-24T16:45:00Z,STIC03,STIC,20220419-20220701,SW,21038950,33066.9,14.99611,131.5911,1,fair,NA,2022
AIMS,2022-06-24T17:00:00Z,STIC03,STIC,20220419-20220701,SW,21038950,33066.9,14.80389,131.5911,1,fair,NA,2022
AIMS,2022-06-24T17:15:00Z,STIC03,STIC,20220419-20220701,SW,21038950,33066.9,14.80389,131.5911,1,fair,NA,2022
AIMS,2022-06-24T17:30:00Z,STIC03,STIC,20220419-20220701,SW,21038950,33066.9,14.70889,131.5911,1,fair,NA,2022
AIMS,2022-06-24T17:45:00Z,STIC03,STIC,20220419-20220701,SW,21038950,33066.9,14.70889,131.5911,1,fair,NA,2022
AIMS,2022-06-24T18:00:00Z,STIC03,STIC,20220419-20220701,SW,21038950,31689.1,14.51722,125.9735,1,fair,NA,2022
AIMS,2022-06-24T18:15:00Z,STIC03,STIC,20220419-20220701,SW,21038950,33066.9,14.42111,131.5911,1,fair,NA,2022
AIMS,2022-06-24T18:30:00Z,STIC03,STIC,20220419-20220701,SW,21038950,31689.1,14.325,125.9735,1,fair,NA,2022
AIMS,2022-06-24T18:45:00Z,STIC03,STIC,20220419-20220701,SW,21038950,31689.1,14.13389,125.9735,1,fair,NA,2022
AIMS,2022-06-24T19:00:00Z,STIC03,STIC,20220419-20220701,SW,21038950,31689.1,13.94222,125.9735,1,fair,NA,2022
AIMS,2022-06-24T19:15:00Z,STIC03,STIC,20220419-20220701,SW,21038950,33066.9,13.75,131.5911,1,fair,NA,2022
AIMS,2022-06-24T19:30:00Z,STIC03,STIC,20220419-20220701,SW,21038950,31689.1,13.55778,125.9735,1,fair,NA,2022
AIMS,2022-06-24T19:45:00Z,STIC03,STIC,20220419-20220701,SW,21038950,31689.1,13.46111,125.9735,1,fair,NA,2022
AIMS,2022-06-24T20:00:00Z,STIC03,STIC,20220419-20220701,SW,21038950,31689.1,13.17278,125.9735,1,fair,NA,2022
AIMS,2022-06-24T20:15:00Z,STIC03,STIC,20220419-20220701,SW,21038950,31689.1,13.07611,125.9735,1,fair,NA,2022
AIMS,2022-06-24T20:30:00Z,STIC03,STIC,20220419-20220701,SW,21038950,31689.1,12.88278,125.9735,1,fair,NA,2022
AIMS,2022-06-24T20:45:00Z,STIC03,STIC,20220419-20220701,SW,21038950,31689.1,12.69,125.9735,1,fair,NA,2022
AIMS,2022-06-24T21:00:00Z,STIC03,STIC,20220419-20220701,SW,21038950,31689.1,12.40111,125.9735,1,fair,NA,2022
AIMS,2022-06-24T21:15:00Z,STIC03,STIC,20220419-20220701,SW,21038950,31689.1,12.01278,125.9735,1,fair,NA,2022
AIMS,2022-06-24T21:30:00Z,STIC03,STIC,20220419-20220701,SW,21038950,31689.1,11.72222,125.9735,1,fair,NA,2022
AIMS,2022-06-24T21:45:00Z,STIC03,STIC,20220419-20220701,SW,21038950,31689.1,11.52778,125.9735,1,fair,NA,2022
AIMS,2022-06-24T22:00:00Z,STIC03,STIC,20220419-20220701,SW,21038950,31689.1,11.43111,125.9735,1,fair,NA,2022
AIMS,2022-06-24T22:15:00Z,STIC03,STIC,20220419-20220701,SW,21038950,31689.1,11.33389,125.9735,1,fair,NA,2022
AIMS,2022-06-24T22:30:00Z,STIC03,STIC,20220419-20220701,SW,21038950,31689.1,11.23611,125.9735,1,fair,NA,2022
AIMS,2022-06-24T22:45:00Z,STIC03,STIC,20220419-20220701,SW,21038950,31689.1,11.04111,125.9735,1,fair,NA,2022
AIMS,2022-06-24T23:00:00Z,STIC03,STIC,20220419-20220701,SW,21038950,31689.1,10.84611,125.9735,1,fair,NA,2022
AIMS,2022-06-24T23:15:00Z,STIC03,STIC,20220419-20220701,SW,21038950,31689.1,10.74778,125.9735,1,fair,NA,2022
AIMS,2022-06-24T23:30:00Z,STIC03,STIC,20220419-20220701,SW,21038950,31689.1,10.65111,125.9735,1,fair,NA,2022
AIMS,2022-06-24T23:45:00Z,STIC03,STIC,20220419-20220701,SW,21038950,31689.1,10.55278,125.9735,1,fair,NA,2022
AIMS,2022-06-25T00:00:00Z,STIC03,STIC,20220419-20220701,SW,21038950,31689.1,10.455,125.9735,1,fair,NA,2022
AIMS,2022-06-25T00:15:00Z,STIC03,STIC,20220419-20220701,SW,21038950,31689.1,10.25889,125.9735,1,fair,NA,2022
AIMS,2022-06-25T00:30:00Z,STIC03,STIC,20220419-20220701,SW,21038950,31689.1,10.16111,125.9735,1,fair,NA,2022
AIMS,2022-06-25T00:45:00Z,STIC03,STIC,20220419-20220701,SW,21038950,31689.1,10.06278,125.9735,1,fair,NA,2022
AIMS,2022-06-25T01:00:00Z,STIC03,STIC,20220419-20220701,SW,21038950,31689.1,10.16111,125.9735,1,fair,NA,2022
AIMS,2022-06-25T01:15:00Z,STIC03,STIC,20220419-20220701,SW,21038950,31689.1,10.06278,125.9735,1,fair,NA,2022
AIMS,2022-06-25T01:30:00Z,STIC03,STIC,20220419-20220701,SW,21038950,31689.1,9.965,125.9735,1,fair,NA,2022
AIMS,2022-06-25T01:45:00Z,STIC03,STIC,20220419-20220701,SW,21038950,31689.1,9.866111,125.9735,1,fair,NA,2022
AIMS,2022-06-25T02:00:00Z,STIC03,STIC,20220419-20220701,SW,21038950,30311.3,9.571111,120.3558,1,fair,NA,2022
AIMS,2022-06-25T02:15:00Z,STIC03,STIC,20220419-20220701,SW,21038950,30311.3,9.372778,120.3558,1,fair,NA,2022
AIMS,2022-06-25T02:30:00Z,STIC03,STIC,20220419-20220701,SW,21038950,31689.1,9.077222,125.9735,1,fair,NA,2022
AIMS,2022-06-25T02:45:00Z,STIC03,STIC,20220419-20220701,SW,21038950,30311.3,8.878889,120.3558,1,fair,NA,2022
AIMS,2022-06-25T03:00:00Z,STIC03,STIC,20220419-20220701,SW,21038950,30311.3,8.68,120.3558,1,fair,NA,2022
AIMS,2022-06-25T03:15:00Z,STIC03,STIC,20220419-20220701,SW,21038950,30311.3,8.481111,120.3558,1,fair,NA,2022
AIMS,2022-06-25T03:30:00Z,STIC03,STIC,20220419-20220701,SW,21038950,30311.3,8.282222,120.3558,1,fair,NA,2022
AIMS,2022-06-25T03:45:00Z,STIC03,STIC,20220419-20220701,SW,21038950,30311.3,8.082222,120.3558,1,fair,NA,2022
AIMS,2022-06-25T04:00:00Z,STIC03,STIC,20220419-20220701,SW,21038950,30311.3,7.982778,120.3558,1,fair,NA,2022
AIMS,2022-06-25T04:15:00Z,STIC03,STIC,20220419-20220701,SW,21038950,30311.3,7.782222,120.3558,1,fair,NA,2022
AIMS,2022-06-25T04:30:00Z,STIC03,STIC,20220419-20220701,SW,21038950,30311.3,7.682222,120.3558,1,fair,NA,2022
AIMS,2022-06-25T04:45:00Z,STIC03,STIC,20220419-20220701,SW,21038950,30311.3,7.582222,120.3558,1,fair,NA,2022
AIMS,2022-06-25T05:00:00Z,STIC03,STIC,20220419-20220701,SW,21038950,30311.3,7.481111,120.3558,1,fair,NA,2022
AIMS,2022-06-25T05:15:00Z,STIC03,STIC,20220419-20220701,SW,21038950,30311.3,7.381111,120.3558,1,fair,NA,2022
AIMS,2022-06-25T05:30:00Z,STIC03,STIC,20220419-20220701,SW,21038950,30311.3,7.28,120.3558,1,fair,NA,2022
AIMS,2022-06-25T05:45:00Z,STIC03,STIC,20220419-20220701,SW,21038950,30311.3,7.178889,120.3558,1,fair,NA,2022
AIMS,2022-06-25T06:00:00Z,STIC03,STIC,20220419-20220701,SW,21038950,30311.3,7.078889,120.3558,1,fair,NA,2022
AIMS,2022-06-25T06:15:00Z,STIC03,STIC,20220419-20220701,SW,21038950,30311.3,6.977778,120.3558,1,fair,NA,2022
AIMS,2022-06-25T06:30:00Z,STIC03,STIC,20220419-20220701,SW,21038950,30311.3,6.877222,120.3558,1,fair,NA,2022
AIMS,2022-06-25T06:45:00Z,STIC03,STIC,20220419-20220701,SW,21038950,30311.3,6.977778,120.3558,1,fair,NA,2022
AIMS,2022-06-25T07:00:00Z,STIC03,STIC,20220419-20220701,SW,21038950,30311.3,7.078889,120.3558,1,fair,NA,2022
AIMS,2022-06-25T07:15:00Z,STIC03,STIC,20220419-20220701,SW,21038950,30311.3,7.28,120.3558,1,fair,NA,2022
AIMS,2022-06-25T07:30:00Z,STIC03,STIC,20220419-20220701,SW,21038950,30311.3,7.481111,120.3558,1,fair,NA,2022
AIMS,2022-06-25T07:45:00Z,STIC03,STIC,20220419-20220701,SW,21038950,30311.3,7.882222,120.3558,1,fair,NA,2022
AIMS,2022-06-25T08:00:00Z,STIC03,STIC,20220419-20220701,SW,21038950,30311.3,8.182222,120.3558,1,fair,NA,2022
AIMS,2022-06-25T08:15:00Z,STIC03,STIC,20220419-20220701,SW,21038950,30311.3,8.581111,120.3558,1,fair,NA,2022
AIMS,2022-06-25T08:30:00Z,STIC03,STIC,20220419-20220701,SW,21038950,30311.3,8.878889,120.3558,1,fair,NA,2022
AIMS,2022-06-25T08:45:00Z,STIC03,STIC,20220419-20220701,SW,21038950,30311.3,9.176111,120.3558,1,fair,NA,2022
AIMS,2022-06-25T09:00:00Z,STIC03,STIC,20220419-20220701,SW,21038950,30311.3,9.372778,120.3558,1,fair,NA,2022
AIMS,2022-06-25T09:15:00Z,STIC03,STIC,20220419-20220701,SW,21038950,30311.3,9.571111,120.3558,1,fair,NA,2022
AIMS,2022-06-25T09:30:00Z,STIC03,STIC,20220419-20220701,SW,21038950,30311.3,9.767778,120.3558,1,fair,NA,2022
AIMS,2022-06-25T09:45:00Z,STIC03,STIC,20220419-20220701,SW,21038950,30311.3,9.965,120.3558,1,fair,NA,2022
AIMS,2022-06-25T10:00:00Z,STIC03,STIC,20220419-20220701,SW,21038950,30311.3,10.35722,120.3558,1,fair,NA,2022
AIMS,2022-06-25T10:15:00Z,STIC03,STIC,20220419-20220701,SW,21038950,30311.3,10.74778,120.3558,1,fair,NA,2022
AIMS,2022-06-25T10:30:00Z,STIC03,STIC,20220419-20220701,SW,21038950,30311.3,11.04111,120.3558,1,fair,NA,2022
AIMS,2022-06-25T10:45:00Z,STIC03,STIC,20220419-20220701,SW,21038950,30311.3,11.52778,120.3558,1,fair,NA,2022
AIMS,2022-06-25T11:00:00Z,STIC03,STIC,20220419-20220701,SW,21038950,30311.3,11.81889,120.3558,1,fair,NA,2022
AIMS,2022-06-25T11:15:00Z,STIC03,STIC,20220419-20220701,SW,21038950,30311.3,12.01278,120.3558,1,fair,NA,2022
AIMS,2022-06-25T11:30:00Z,STIC03,STIC,20220419-20220701,SW,21038950,31689.1,12.01278,125.9735,1,fair,NA,2022
AIMS,2022-06-25T11:45:00Z,STIC03,STIC,20220419-20220701,SW,21038950,31689.1,12.01278,125.9735,1,fair,NA,2022
AIMS,2022-06-25T12:00:00Z,STIC03,STIC,20220419-20220701,SW,21038950,31689.1,12.11,125.9735,1,fair,NA,2022
AIMS,2022-06-25T12:15:00Z,STIC03,STIC,20220419-20220701,SW,21038950,31689.1,12.40111,125.9735,1,fair,NA,2022
AIMS,2022-06-25T12:30:00Z,STIC03,STIC,20220419-20220701,SW,21038950,31689.1,12.69,125.9735,1,fair,NA,2022
AIMS,2022-06-25T12:45:00Z,STIC03,STIC,20220419-20220701,SW,21038950,31689.1,13.365,125.9735,1,fair,NA,2022
AIMS,2022-06-25T13:00:00Z,STIC03,STIC,20220419-20220701,SW,21038950,31689.1,13.46111,125.9735,1,fair,NA,2022
AIMS,2022-06-25T13:15:00Z,STIC03,STIC,20220419-20220701,SW,21038950,31689.1,13.65389,125.9735,1,fair,NA,2022
AIMS,2022-06-25T13:30:00Z,STIC03,STIC,20220419-20220701,SW,21038950,31689.1,13.84611,125.9735,1,fair,NA,2022
AIMS,2022-06-25T13:45:00Z,STIC03,STIC,20220419-20220701,SW,21038950,31689.1,13.94222,125.9735,1,fair,NA,2022
AIMS,2022-06-25T14:00:00Z,STIC03,STIC,20220419-20220701,SW,21038950,31689.1,14.23,125.9735,1,fair,NA,2022
AIMS,2022-06-25T14:15:00Z,STIC03,STIC,20220419-20220701,SW,21038950,31689.1,14.325,125.9735,1,fair,NA,2022
AIMS,2022-06-25T14:30:00Z,STIC03,STIC,20220419-20220701,SW,21038950,30311.3,14.42111,120.3558,1,fair,NA,2022
AIMS,2022-06-25T14:45:00Z,STIC03,STIC,20220419-20220701,SW,21038950,31689.1,14.61278,125.9735,1,fair,NA,2022
AIMS,2022-06-25T15:00:00Z,STIC03,STIC,20220419-20220701,SW,21038950,31689.1,14.70889,125.9735,1,fair,NA,2022
AIMS,2022-06-25T15:15:00Z,STIC03,STIC,20220419-20220701,SW,21038950,31689.1,14.70889,125.9735,1,fair,NA,2022
AIMS,2022-06-25T15:30:00Z,STIC03,STIC,20220419-20220701,SW,21038950,31689.1,14.61278,125.9735,1,fair,NA,2022
AIMS,2022-06-25T15:45:00Z,STIC03,STIC,20220419-20220701,SW,21038950,31689.1,14.61278,125.9735,1,fair,NA,2022
AIMS,2022-06-25T16:00:00Z,STIC03,STIC,20220419-20220701,SW,21038950,31689.1,15.09111,125.9735,1,fair,NA,2022
AIMS,2022-06-25T16:15:00Z,STIC03,STIC,20220419-20220701,SW,21038950,30311.3,15.56889,120.3558,1,fair,NA,2022
AIMS,2022-06-25T16:30:00Z,STIC03,STIC,20220419-20220701,SW,21038950,34444.7,15.18722,137.2088,1,fair,NA,2022
AIMS,2022-06-25T16:45:00Z,STIC03,STIC,20220419-20220701,SW,21038950,34444.7,14.9,137.2088,1,fair,NA,2022
AIMS,2022-06-25T17:00:00Z,STIC03,STIC,20220419-20220701,SW,21038950,34444.7,14.70889,137.2088,1,fair,NA,2022
AIMS,2022-06-25T17:15:00Z,STIC03,STIC,20220419-20220701,SW,21038950,34444.7,14.61278,137.2088,1,fair,NA,2022
AIMS,2022-06-25T17:30:00Z,STIC03,STIC,20220419-20220701,SW,21038950,34444.7,14.61278,137.2088,1,fair,NA,2022
AIMS,2022-06-25T17:45:00Z,STIC03,STIC,20220419-20220701,SW,21038950,34444.7,14.61278,137.2088,1,fair,NA,2022
AIMS,2022-06-25T18:00:00Z,STIC03,STIC,20220419-20220701,SW,21038950,33066.9,14.51722,131.5911,1,fair,NA,2022
AIMS,2022-06-25T18:15:00Z,STIC03,STIC,20220419-20220701,SW,21038950,33066.9,14.42111,131.5911,1,fair,NA,2022
AIMS,2022-06-25T18:30:00Z,STIC03,STIC,20220419-20220701,SW,21038950,33066.9,14.23,131.5911,1,fair,NA,2022
AIMS,2022-06-25T18:45:00Z,STIC03,STIC,20220419-20220701,SW,21038950,33066.9,14.03778,131.5911,1,fair,NA,2022
AIMS,2022-06-25T19:00:00Z,STIC03,STIC,20220419-20220701,SW,21038950,33066.9,13.75,131.5911,1,fair,NA,2022
AIMS,2022-06-25T19:15:00Z,STIC03,STIC,20220419-20220701,SW,21038950,33066.9,13.46111,131.5911,1,fair,NA,2022
AIMS,2022-06-25T19:30:00Z,STIC03,STIC,20220419-20220701,SW,21038950,33066.9,13.17278,131.5911,1,fair,NA,2022
AIMS,2022-06-25T19:45:00Z,STIC03,STIC,20220419-20220701,SW,21038950,33066.9,12.88278,131.5911,1,fair,NA,2022
AIMS,2022-06-25T20:00:00Z,STIC03,STIC,20220419-20220701,SW,21038950,33066.9,12.49722,131.5911,1,fair,NA,2022
AIMS,2022-06-25T20:15:00Z,STIC03,STIC,20220419-20220701,SW,21038950,33066.9,12.11,131.5911,1,fair,NA,2022
AIMS,2022-06-25T20:30:00Z,STIC03,STIC,20220419-20220701,SW,21038950,33066.9,11.81889,131.5911,1,fair,NA,2022
AIMS,2022-06-25T20:45:00Z,STIC03,STIC,20220419-20220701,SW,21038950,33066.9,11.43111,131.5911,1,fair,NA,2022
AIMS,2022-06-25T21:00:00Z,STIC03,STIC,20220419-20220701,SW,21038950,33066.9,11.04111,131.5911,1,fair,NA,2022
AIMS,2022-06-25T21:15:00Z,STIC03,STIC,20220419-20220701,SW,21038950,33066.9,10.74778,131.5911,1,fair,NA,2022
AIMS,2022-06-25T21:30:00Z,STIC03,STIC,20220419-20220701,SW,21038950,33066.9,10.455,131.5911,1,fair,NA,2022
AIMS,2022-06-25T21:45:00Z,STIC03,STIC,20220419-20220701,SW,21038950,33066.9,10.16111,131.5911,1,fair,NA,2022
AIMS,2022-06-25T22:00:00Z,STIC03,STIC,20220419-20220701,SW,21038950,33066.9,9.866111,131.5911,1,fair,NA,2022
AIMS,2022-06-25T22:15:00Z,STIC03,STIC,20220419-20220701,SW,21038950,33066.9,9.668889,131.5911,1,fair,NA,2022
AIMS,2022-06-25T22:30:00Z,STIC03,STIC,20220419-20220701,SW,21038950,33066.9,9.372778,131.5911,1,fair,NA,2022
AIMS,2022-06-25T22:45:00Z,STIC03,STIC,20220419-20220701,SW,21038950,33066.9,9.176111,131.5911,1,fair,NA,2022
AIMS,2022-06-25T23:00:00Z,STIC03,STIC,20220419-20220701,SW,21038950,31689.1,8.977778,125.9735,1,fair,NA,2022
AIMS,2022-06-25T23:15:00Z,STIC03,STIC,20220419-20220701,SW,21038950,31689.1,8.778889,125.9735,1,fair,NA,2022
AIMS,2022-06-25T23:30:00Z,STIC03,STIC,20220419-20220701,SW,21038950,31689.1,8.68,125.9735,1,fair,NA,2022
AIMS,2022-06-25T23:45:00Z,STIC03,STIC,20220419-20220701,SW,21038950,31689.1,8.481111,125.9735,1,fair,NA,2022
AIMS,2022-06-26T00:00:00Z,STIC03,STIC,20220419-20220701,SW,21038950,31689.1,8.382222,125.9735,1,fair,NA,2022
AIMS,2022-06-26T00:15:00Z,STIC03,STIC,20220419-20220701,SW,21038950,31689.1,8.182222,125.9735,1,fair,NA,2022
AIMS,2022-06-26T00:30:00Z,STIC03,STIC,20220419-20220701,SW,21038950,31689.1,8.082222,125.9735,1,fair,NA,2022
AIMS,2022-06-26T00:45:00Z,STIC03,STIC,20220419-20220701,SW,21038950,31689.1,7.882222,125.9735,1,fair,NA,2022
AIMS,2022-06-26T01:00:00Z,STIC03,STIC,20220419-20220701,SW,21038950,31689.1,7.782222,125.9735,1,fair,NA,2022
AIMS,2022-06-26T01:15:00Z,STIC03,STIC,20220419-20220701,SW,21038950,31689.1,7.582222,125.9735,1,fair,NA,2022
AIMS,2022-06-26T01:30:00Z,STIC03,STIC,20220419-20220701,SW,21038950,31689.1,7.481111,125.9735,1,fair,NA,2022
AIMS,2022-06-26T01:45:00Z,STIC03,STIC,20220419-20220701,SW,21038950,31689.1,7.381111,125.9735,1,fair,NA,2022
AIMS,2022-06-26T02:00:00Z,STIC03,STIC,20220419-20220701,SW,21038950,31689.1,7.178889,125.9735,1,fair,NA,2022
AIMS,2022-06-26T02:15:00Z,STIC03,STIC,20220419-20220701,SW,21038950,30311.3,7.078889,120.3558,1,fair,NA,2022
AIMS,2022-06-26T02:30:00Z,STIC03,STIC,20220419-20220701,SW,21038950,30311.3,6.977778,120.3558,1,fair,NA,2022
AIMS,2022-06-26T02:45:00Z,STIC03,STIC,20220419-20220701,SW,21038950,30311.3,6.877222,120.3558,1,fair,NA,2022
AIMS,2022-06-26T03:00:00Z,STIC03,STIC,20220419-20220701,SW,21038950,30311.3,6.775,120.3558,1,fair,NA,2022
AIMS,2022-06-26T03:15:00Z,STIC03,STIC,20220419-20220701,SW,21038950,30311.3,6.775,120.3558,1,fair,NA,2022
AIMS,2022-06-26T03:30:00Z,STIC03,STIC,20220419-20220701,SW,21038950,30311.3,6.673889,120.3558,1,fair,NA,2022
AIMS,2022-06-26T03:45:00Z,STIC03,STIC,20220419-20220701,SW,21038950,30311.3,6.572778,120.3558,1,fair,NA,2022
AIMS,2022-06-26T04:00:00Z,STIC03,STIC,20220419-20220701,SW,21038950,30311.3,6.572778,120.3558,1,fair,NA,2022
AIMS,2022-06-26T04:15:00Z,STIC03,STIC,20220419-20220701,SW,21038950,30311.3,6.471111,120.3558,1,fair,NA,2022
AIMS,2022-06-26T04:30:00Z,STIC03,STIC,20220419-20220701,SW,21038950,30311.3,6.37,120.3558,1,fair,NA,2022
AIMS,2022-06-26T04:45:00Z,STIC03,STIC,20220419-20220701,SW,21038950,30311.3,6.267778,120.3558,1,fair,NA,2022
AIMS,2022-06-26T05:00:00Z,STIC03,STIC,20220419-20220701,SW,21038950,30311.3,6.166111,120.3558,1,fair,NA,2022
AIMS,2022-06-26T05:15:00Z,STIC03,STIC,20220419-20220701,SW,21038950,30311.3,6.063889,120.3558,1,fair,NA,2022
AIMS,2022-06-26T05:30:00Z,STIC03,STIC,20220419-20220701,SW,21038950,30311.3,5.962222,120.3558,1,fair,NA,2022
AIMS,2022-06-26T05:45:00Z,STIC03,STIC,20220419-20220701,SW,21038950,30311.3,5.86,120.3558,1,fair,NA,2022
AIMS,2022-06-26T06:00:00Z,STIC03,STIC,20220419-20220701,SW,21038950,30311.3,5.86,120.3558,1,fair,NA,2022
AIMS,2022-06-26T06:15:00Z,STIC03,STIC,20220419-20220701,SW,21038950,30311.3,5.86,120.3558,1,fair,NA,2022
AIMS,2022-06-26T06:30:00Z,STIC03,STIC,20220419-20220701,SW,21038950,30311.3,5.962222,120.3558,1,fair,NA,2022
AIMS,2022-06-26T06:45:00Z,STIC03,STIC,20220419-20220701,SW,21038950,30311.3,5.962222,120.3558,1,fair,NA,2022
AIMS,2022-06-26T07:00:00Z,STIC03,STIC,20220419-20220701,SW,21038950,30311.3,6.166111,120.3558,1,fair,NA,2022
AIMS,2022-06-26T07:15:00Z,STIC03,STIC,20220419-20220701,SW,21038950,30311.3,6.37,120.3558,1,fair,NA,2022
AIMS,2022-06-26T07:30:00Z,STIC03,STIC,20220419-20220701,SW,21038950,30311.3,6.673889,120.3558,1,fair,NA,2022
AIMS,2022-06-26T07:45:00Z,STIC03,STIC,20220419-20220701,SW,21038950,30311.3,6.977778,120.3558,1,fair,NA,2022
AIMS,2022-06-26T08:00:00Z,STIC03,STIC,20220419-20220701,SW,21038950,30311.3,7.381111,120.3558,1,fair,NA,2022
AIMS,2022-06-26T08:15:00Z,STIC03,STIC,20220419-20220701,SW,21038950,30311.3,7.682222,120.3558,1,fair,NA,2022
AIMS,2022-06-26T08:30:00Z,STIC03,STIC,20220419-20220701,SW,21038950,30311.3,8.082222,120.3558,1,fair,NA,2022
AIMS,2022-06-26T08:45:00Z,STIC03,STIC,20220419-20220701,SW,21038950,30311.3,8.382222,120.3558,1,fair,NA,2022
AIMS,2022-06-26T09:00:00Z,STIC03,STIC,20220419-20220701,SW,21038950,30311.3,8.68,120.3558,1,fair,NA,2022
AIMS,2022-06-26T09:15:00Z,STIC03,STIC,20220419-20220701,SW,21038950,30311.3,8.878889,120.3558,1,fair,NA,2022
AIMS,2022-06-26T09:30:00Z,STIC03,STIC,20220419-20220701,SW,21038950,30311.3,9.176111,120.3558,1,fair,NA,2022
AIMS,2022-06-26T09:45:00Z,STIC03,STIC,20220419-20220701,SW,21038950,30311.3,9.472222,120.3558,1,fair,NA,2022
AIMS,2022-06-26T10:00:00Z,STIC03,STIC,20220419-20220701,SW,21038950,30311.3,9.668889,120.3558,1,fair,NA,2022
AIMS,2022-06-26T10:15:00Z,STIC03,STIC,20220419-20220701,SW,21038950,31689.1,10.16111,125.9735,1,fair,NA,2022
AIMS,2022-06-26T10:30:00Z,STIC03,STIC,20220419-20220701,SW,21038950,31689.1,10.35722,125.9735,1,fair,NA,2022
AIMS,2022-06-26T10:45:00Z,STIC03,STIC,20220419-20220701,SW,21038950,31689.1,10.74778,125.9735,1,fair,NA,2022
AIMS,2022-06-26T11:00:00Z,STIC03,STIC,20220419-20220701,SW,21038950,31689.1,11.04111,125.9735,1,fair,NA,2022
AIMS,2022-06-26T11:15:00Z,STIC03,STIC,20220419-20220701,SW,21038950,31689.1,11.33389,125.9735,1,fair,NA,2022
AIMS,2022-06-26T11:30:00Z,STIC03,STIC,20220419-20220701,SW,21038950,31689.1,11.625,125.9735,1,fair,NA,2022
AIMS,2022-06-26T11:45:00Z,STIC03,STIC,20220419-20220701,SW,21038950,31689.1,11.81889,125.9735,1,fair,NA,2022
AIMS,2022-06-26T12:00:00Z,STIC03,STIC,20220419-20220701,SW,21038950,31689.1,12.20722,125.9735,1,fair,NA,2022
AIMS,2022-06-26T12:15:00Z,STIC03,STIC,20220419-20220701,SW,21038950,33066.9,12.59389,131.5911,1,fair,NA,2022
AIMS,2022-06-26T12:30:00Z,STIC03,STIC,20220419-20220701,SW,21038950,33066.9,12.88278,131.5911,1,fair,NA,2022
AIMS,2022-06-26T12:45:00Z,STIC03,STIC,20220419-20220701,SW,21038950,33066.9,13.65389,131.5911,1,fair,NA,2022
AIMS,2022-06-26T13:00:00Z,STIC03,STIC,20220419-20220701,SW,21038950,33066.9,13.75,131.5911,1,fair,NA,2022
AIMS,2022-06-26T13:15:00Z,STIC03,STIC,20220419-20220701,SW,21038950,33066.9,13.84611,131.5911,1,fair,NA,2022
AIMS,2022-06-26T13:30:00Z,STIC03,STIC,20220419-20220701,SW,21038950,33066.9,14.03778,131.5911,1,fair,NA,2022
AIMS,2022-06-26T13:45:00Z,STIC03,STIC,20220419-20220701,SW,21038950,33066.9,14.23,131.5911,1,fair,NA,2022
AIMS,2022-06-26T14:00:00Z,STIC03,STIC,20220419-20220701,SW,21038950,33066.9,14.42111,131.5911,1,fair,NA,2022
AIMS,2022-06-26T14:15:00Z,STIC03,STIC,20220419-20220701,SW,21038950,33066.9,14.70889,131.5911,1,fair,NA,2022
AIMS,2022-06-26T14:30:00Z,STIC03,STIC,20220419-20220701,SW,21038950,33066.9,14.9,131.5911,1,fair,NA,2022
AIMS,2022-06-26T14:45:00Z,STIC03,STIC,20220419-20220701,SW,21038950,33066.9,15.18722,131.5911,1,fair,NA,2022
AIMS,2022-06-26T15:00:00Z,STIC03,STIC,20220419-20220701,SW,21038950,33066.9,15.28222,131.5911,1,fair,NA,2022
AIMS,2022-06-26T15:15:00Z,STIC03,STIC,20220419-20220701,SW,21038950,33066.9,15.18722,131.5911,1,fair,NA,2022
AIMS,2022-06-26T15:30:00Z,STIC03,STIC,20220419-20220701,SW,21038950,33066.9,14.99611,131.5911,1,fair,NA,2022
AIMS,2022-06-26T15:45:00Z,STIC03,STIC,20220419-20220701,SW,21038950,33066.9,15.09111,131.5911,1,fair,NA,2022
AIMS,2022-06-26T16:00:00Z,STIC03,STIC,20220419-20220701,SW,21038950,34444.7,15.47278,137.2088,1,fair,NA,2022
AIMS,2022-06-26T16:15:00Z,STIC03,STIC,20220419-20220701,SW,21038950,34444.7,15.95111,137.2088,1,fair,NA,2022
AIMS,2022-06-26T16:30:00Z,STIC03,STIC,20220419-20220701,SW,21038950,34444.7,15.56889,137.2088,1,fair,NA,2022
AIMS,2022-06-26T16:45:00Z,STIC03,STIC,20220419-20220701,SW,21038950,34444.7,15.18722,137.2088,1,fair,NA,2022
AIMS,2022-06-26T17:00:00Z,STIC03,STIC,20220419-20220701,SW,21038950,34444.7,14.99611,137.2088,1,fair,NA,2022
AIMS,2022-06-26T17:15:00Z,STIC03,STIC,20220419-20220701,SW,21038950,33066.9,14.99611,131.5911,1,fair,NA,2022
AIMS,2022-06-26T17:30:00Z,STIC03,STIC,20220419-20220701,SW,21038950,33066.9,14.99611,131.5911,1,fair,NA,2022
AIMS,2022-06-26T17:45:00Z,STIC03,STIC,20220419-20220701,SW,21038950,33066.9,14.99611,131.5911,1,fair,NA,2022
AIMS,2022-06-26T18:00:00Z,STIC03,STIC,20220419-20220701,SW,21038950,33066.9,14.99611,131.5911,1,fair,NA,2022
AIMS,2022-06-26T18:15:00Z,STIC03,STIC,20220419-20220701,SW,21038950,33066.9,14.9,131.5911,1,fair,NA,2022
AIMS,2022-06-26T18:30:00Z,STIC03,STIC,20220419-20220701,SW,21038950,33066.9,14.70889,131.5911,1,fair,NA,2022
AIMS,2022-06-26T18:45:00Z,STIC03,STIC,20220419-20220701,SW,21038950,33066.9,14.51722,131.5911,1,fair,NA,2022
AIMS,2022-06-26T19:00:00Z,STIC03,STIC,20220419-20220701,SW,21038950,33066.9,14.23,131.5911,1,fair,NA,2022
AIMS,2022-06-26T19:15:00Z,STIC03,STIC,20220419-20220701,SW,21038950,33066.9,14.03778,131.5911,1,fair,NA,2022
AIMS,2022-06-26T19:30:00Z,STIC03,STIC,20220419-20220701,SW,21038950,33066.9,13.84611,131.5911,1,fair,NA,2022
AIMS,2022-06-26T19:45:00Z,STIC03,STIC,20220419-20220701,SW,21038950,33066.9,13.55778,131.5911,1,fair,NA,2022
AIMS,2022-06-26T20:00:00Z,STIC03,STIC,20220419-20220701,SW,21038950,33066.9,13.365,131.5911,1,fair,NA,2022
AIMS,2022-06-26T20:15:00Z,STIC03,STIC,20220419-20220701,SW,21038950,33066.9,13.17278,131.5911,1,fair,NA,2022
AIMS,2022-06-26T20:30:00Z,STIC03,STIC,20220419-20220701,SW,21038950,33066.9,12.88278,131.5911,1,fair,NA,2022
AIMS,2022-06-26T20:45:00Z,STIC03,STIC,20220419-20220701,SW,21038950,33066.9,12.49722,131.5911,1,fair,NA,2022
AIMS,2022-06-26T21:00:00Z,STIC03,STIC,20220419-20220701,SW,21038950,33066.9,12.20722,131.5911,1,fair,NA,2022
AIMS,2022-06-26T21:15:00Z,STIC03,STIC,20220419-20220701,SW,21038950,33066.9,12.01278,131.5911,1,fair,NA,2022
AIMS,2022-06-26T21:30:00Z,STIC03,STIC,20220419-20220701,SW,21038950,33066.9,11.72222,131.5911,1,fair,NA,2022
AIMS,2022-06-26T21:45:00Z,STIC03,STIC,20220419-20220701,SW,21038950,33066.9,11.43111,131.5911,1,fair,NA,2022
AIMS,2022-06-26T22:00:00Z,STIC03,STIC,20220419-20220701,SW,21038950,33066.9,11.13889,131.5911,1,fair,NA,2022
AIMS,2022-06-26T22:15:00Z,STIC03,STIC,20220419-20220701,SW,21038950,33066.9,10.94389,131.5911,1,fair,NA,2022
AIMS,2022-06-26T22:30:00Z,STIC03,STIC,20220419-20220701,SW,21038950,33066.9,10.65111,131.5911,1,fair,NA,2022
AIMS,2022-06-26T22:45:00Z,STIC03,STIC,20220419-20220701,SW,21038950,33066.9,10.455,131.5911,1,fair,NA,2022
AIMS,2022-06-26T23:00:00Z,STIC03,STIC,20220419-20220701,SW,21038950,33066.9,10.35722,131.5911,1,fair,NA,2022
AIMS,2022-06-26T23:15:00Z,STIC03,STIC,20220419-20220701,SW,21038950,31689.1,10.25889,125.9735,1,fair,NA,2022
AIMS,2022-06-26T23:30:00Z,STIC03,STIC,20220419-20220701,SW,21038950,31689.1,10.06278,125.9735,1,fair,NA,2022
AIMS,2022-06-26T23:45:00Z,STIC03,STIC,20220419-20220701,SW,21038950,31689.1,9.965,125.9735,1,fair,NA,2022
AIMS,2022-06-27T00:00:00Z,STIC03,STIC,20220419-20220701,SW,21038950,31689.1,9.866111,125.9735,1,fair,NA,2022
AIMS,2022-06-27T00:15:00Z,STIC03,STIC,20220419-20220701,SW,21038950,31689.1,9.668889,125.9735,1,fair,NA,2022
AIMS,2022-06-27T00:30:00Z,STIC03,STIC,20220419-20220701,SW,21038950,31689.1,9.571111,125.9735,1,fair,NA,2022
AIMS,2022-06-27T00:45:00Z,STIC03,STIC,20220419-20220701,SW,21038950,31689.1,9.472222,125.9735,1,fair,NA,2022
AIMS,2022-06-27T01:00:00Z,STIC03,STIC,20220419-20220701,SW,21038950,31689.1,9.372778,125.9735,1,fair,NA,2022
AIMS,2022-06-27T01:15:00Z,STIC03,STIC,20220419-20220701,SW,21038950,31689.1,9.275,125.9735,1,fair,NA,2022
AIMS,2022-06-27T01:30:00Z,STIC03,STIC,20220419-20220701,SW,21038950,31689.1,9.176111,125.9735,1,fair,NA,2022
AIMS,2022-06-27T01:45:00Z,STIC03,STIC,20220419-20220701,SW,21038950,31689.1,9.077222,125.9735,1,fair,NA,2022
AIMS,2022-06-27T02:00:00Z,STIC03,STIC,20220419-20220701,SW,21038950,31689.1,8.977778,125.9735,1,fair,NA,2022
AIMS,2022-06-27T02:15:00Z,STIC03,STIC,20220419-20220701,SW,21038950,31689.1,8.977778,125.9735,1,fair,NA,2022
AIMS,2022-06-27T02:30:00Z,STIC03,STIC,20220419-20220701,SW,21038950,31689.1,8.778889,125.9735,1,fair,NA,2022
AIMS,2022-06-27T02:45:00Z,STIC03,STIC,20220419-20220701,SW,21038950,31689.1,8.68,125.9735,1,fair,NA,2022
AIMS,2022-06-27T03:00:00Z,STIC03,STIC,20220419-20220701,SW,21038950,31689.1,8.581111,125.9735,1,fair,NA,2022
AIMS,2022-06-27T03:15:00Z,STIC03,STIC,20220419-20220701,SW,21038950,31689.1,8.581111,125.9735,1,fair,NA,2022
AIMS,2022-06-27T03:30:00Z,STIC03,STIC,20220419-20220701,SW,21038950,31689.1,8.481111,125.9735,1,fair,NA,2022
AIMS,2022-06-27T03:45:00Z,STIC03,STIC,20220419-20220701,SW,21038950,31689.1,8.382222,125.9735,1,fair,NA,2022
AIMS,2022-06-27T04:00:00Z,STIC03,STIC,20220419-20220701,SW,21038950,31689.1,8.282222,125.9735,1,fair,NA,2022
AIMS,2022-06-27T04:15:00Z,STIC03,STIC,20220419-20220701,SW,21038950,31689.1,8.282222,125.9735,1,fair,NA,2022
AIMS,2022-06-27T04:30:00Z,STIC03,STIC,20220419-20220701,SW,21038950,31689.1,8.282222,125.9735,1,fair,NA,2022
AIMS,2022-06-27T04:45:00Z,STIC03,STIC,20220419-20220701,SW,21038950,31689.1,8.282222,125.9735,1,fair,NA,2022
AIMS,2022-06-27T05:00:00Z,STIC03,STIC,20220419-20220701,SW,21038950,31689.1,8.182222,125.9735,1,fair,NA,2022
AIMS,2022-06-27T05:15:00Z,STIC03,STIC,20220419-20220701,SW,21038950,31689.1,8.082222,125.9735,1,fair,NA,2022
AIMS,2022-06-27T05:30:00Z,STIC03,STIC,20220419-20220701,SW,21038950,31689.1,7.982778,125.9735,1,fair,NA,2022
AIMS,2022-06-27T05:45:00Z,STIC03,STIC,20220419-20220701,SW,21038950,31689.1,7.982778,125.9735,1,fair,NA,2022
AIMS,2022-06-27T06:00:00Z,STIC03,STIC,20220419-20220701,SW,21038950,31689.1,7.882222,125.9735,1,fair,NA,2022
AIMS,2022-06-27T06:15:00Z,STIC03,STIC,20220419-20220701,SW,21038950,31689.1,7.882222,125.9735,1,fair,NA,2022
AIMS,2022-06-27T06:30:00Z,STIC03,STIC,20220419-20220701,SW,21038950,31689.1,7.882222,125.9735,1,fair,NA,2022
AIMS,2022-06-27T06:45:00Z,STIC03,STIC,20220419-20220701,SW,21038950,31689.1,7.882222,125.9735,1,fair,NA,2022
AIMS,2022-06-27T07:00:00Z,STIC03,STIC,20220419-20220701,SW,21038950,31689.1,8.082222,125.9735,1,fair,NA,2022
AIMS,2022-06-27T07:15:00Z,STIC03,STIC,20220419-20220701,SW,21038950,31689.1,8.282222,125.9735,1,fair,NA,2022
AIMS,2022-06-27T07:30:00Z,STIC03,STIC,20220419-20220701,SW,21038950,31689.1,8.581111,125.9735,1,fair,NA,2022
AIMS,2022-06-27T07:45:00Z,STIC03,STIC,20220419-20220701,SW,21038950,31689.1,8.778889,125.9735,1,fair,NA,2022
AIMS,2022-06-27T08:00:00Z,STIC03,STIC,20220419-20220701,SW,21038950,31689.1,9.077222,125.9735,1,fair,NA,2022
AIMS,2022-06-27T08:15:00Z,STIC03,STIC,20220419-20220701,SW,21038950,31689.1,9.372778,125.9735,1,fair,NA,2022
AIMS,2022-06-27T08:30:00Z,STIC03,STIC,20220419-20220701,SW,21038950,31689.1,9.571111,125.9735,1,fair,NA,2022
AIMS,2022-06-27T08:45:00Z,STIC03,STIC,20220419-20220701,SW,21038950,31689.1,9.866111,125.9735,1,fair,NA,2022
AIMS,2022-06-27T09:00:00Z,STIC03,STIC,20220419-20220701,SW,21038950,31689.1,10.06278,125.9735,1,fair,NA,2022
AIMS,2022-06-27T09:15:00Z,STIC03,STIC,20220419-20220701,SW,21038950,31689.1,10.25889,125.9735,1,fair,NA,2022
AIMS,2022-06-27T09:30:00Z,STIC03,STIC,20220419-20220701,SW,21038950,31689.1,10.55278,125.9735,1,fair,NA,2022
AIMS,2022-06-27T09:45:00Z,STIC03,STIC,20220419-20220701,SW,21038950,31689.1,10.74778,125.9735,1,fair,NA,2022
AIMS,2022-06-27T10:00:00Z,STIC03,STIC,20220419-20220701,SW,21038950,31689.1,10.94389,125.9735,1,fair,NA,2022
AIMS,2022-06-27T10:15:00Z,STIC03,STIC,20220419-20220701,SW,21038950,31689.1,11.33389,125.9735,1,fair,NA,2022
AIMS,2022-06-27T10:30:00Z,STIC03,STIC,20220419-20220701,SW,21038950,33066.9,11.52778,131.5911,1,fair,NA,2022
AIMS,2022-06-27T10:45:00Z,STIC03,STIC,20220419-20220701,SW,21038950,33066.9,11.72222,131.5911,1,fair,NA,2022
AIMS,2022-06-27T11:00:00Z,STIC03,STIC,20220419-20220701,SW,21038950,33066.9,11.91611,131.5911,1,fair,NA,2022
AIMS,2022-06-27T11:15:00Z,STIC03,STIC,20220419-20220701,SW,21038950,33066.9,12.20722,131.5911,1,fair,NA,2022
AIMS,2022-06-27T11:30:00Z,STIC03,STIC,20220419-20220701,SW,21038950,33066.9,12.49722,131.5911,1,fair,NA,2022
AIMS,2022-06-27T11:45:00Z,STIC03,STIC,20220419-20220701,SW,21038950,33066.9,12.88278,131.5911,1,fair,NA,2022
AIMS,2022-06-27T12:00:00Z,STIC03,STIC,20220419-20220701,SW,21038950,33066.9,13.17278,131.5911,1,fair,NA,2022
AIMS,2022-06-27T12:15:00Z,STIC03,STIC,20220419-20220701,SW,21038950,33066.9,13.46111,131.5911,1,fair,NA,2022
AIMS,2022-06-27T12:30:00Z,STIC03,STIC,20220419-20220701,SW,21038950,33066.9,13.75,131.5911,1,fair,NA,2022
AIMS,2022-06-27T12:45:00Z,STIC03,STIC,20220419-20220701,SW,21038950,33066.9,14.42111,131.5911,1,fair,NA,2022
AIMS,2022-06-27T13:00:00Z,STIC03,STIC,20220419-20220701,SW,21038950,33066.9,14.51722,131.5911,1,fair,NA,2022
AIMS,2022-06-27T13:15:00Z,STIC03,STIC,20220419-20220701,SW,21038950,33066.9,14.80389,131.5911,1,fair,NA,2022
AIMS,2022-06-27T13:30:00Z,STIC03,STIC,20220419-20220701,SW,21038950,33066.9,14.99611,131.5911,1,fair,NA,2022
AIMS,2022-06-27T13:45:00Z,STIC03,STIC,20220419-20220701,SW,21038950,33066.9,15.28222,131.5911,1,fair,NA,2022
AIMS,2022-06-27T14:00:00Z,STIC03,STIC,20220419-20220701,SW,21038950,34444.7,15.37778,137.2088,1,fair,NA,2022
AIMS,2022-06-27T14:15:00Z,STIC03,STIC,20220419-20220701,SW,21038950,34444.7,15.66389,137.2088,1,fair,NA,2022
AIMS,2022-06-27T14:30:00Z,STIC03,STIC,20220419-20220701,SW,21038950,34444.7,15.855,137.2088,1,fair,NA,2022
AIMS,2022-06-27T14:45:00Z,STIC03,STIC,20220419-20220701,SW,21038950,34444.7,15.95111,137.2088,1,fair,NA,2022
AIMS,2022-06-27T15:00:00Z,STIC03,STIC,20220419-20220701,SW,21038950,34444.7,16.04611,137.2088,1,fair,NA,2022
AIMS,2022-06-27T15:15:00Z,STIC03,STIC,20220419-20220701,SW,21038950,34444.7,16.04611,137.2088,1,fair,NA,2022
AIMS,2022-06-27T15:30:00Z,STIC03,STIC,20220419-20220701,SW,21038950,34444.7,15.95111,137.2088,1,fair,NA,2022
AIMS,2022-06-27T15:45:00Z,STIC03,STIC,20220419-20220701,SW,21038950,34444.7,16.04611,137.2088,1,fair,NA,2022
AIMS,2022-06-27T16:00:00Z,STIC03,STIC,20220419-20220701,SW,21038950,34444.7,16.33222,137.2088,1,fair,NA,2022
AIMS,2022-06-27T16:15:00Z,STIC03,STIC,20220419-20220701,SW,21038950,34444.7,16.90278,137.2088,1,fair,NA,2022
AIMS,2022-06-27T16:30:00Z,STIC03,STIC,20220419-20220701,SW,21038950,34444.7,16.61778,137.2088,1,fair,NA,2022
AIMS,2022-06-27T16:45:00Z,STIC03,STIC,20220419-20220701,SW,21038950,34444.7,16.33222,137.2088,1,fair,NA,2022
AIMS,2022-06-27T17:00:00Z,STIC03,STIC,20220419-20220701,SW,21038950,34444.7,16.14111,137.2088,1,fair,NA,2022
AIMS,2022-06-27T17:15:00Z,STIC03,STIC,20220419-20220701,SW,21038950,34444.7,16.14111,137.2088,1,fair,NA,2022
AIMS,2022-06-27T17:30:00Z,STIC03,STIC,20220419-20220701,SW,21038950,34444.7,16.04611,137.2088,1,fair,NA,2022
AIMS,2022-06-27T17:45:00Z,STIC03,STIC,20220419-20220701,SW,21038950,34444.7,15.95111,137.2088,1,fair,NA,2022
AIMS,2022-06-27T18:00:00Z,STIC03,STIC,20220419-20220701,SW,21038950,34444.7,15.855,137.2088,1,fair,NA,2022
AIMS,2022-06-27T18:15:00Z,STIC03,STIC,20220419-20220701,SW,21038950,33066.9,15.66389,131.5911,1,fair,NA,2022
AIMS,2022-06-27T18:30:00Z,STIC03,STIC,20220419-20220701,SW,21038950,34444.7,15.56889,137.2088,1,fair,NA,2022
AIMS,2022-06-27T18:45:00Z,STIC03,STIC,20220419-20220701,SW,21038950,34444.7,15.28222,137.2088,1,fair,NA,2022
AIMS,2022-06-27T19:00:00Z,STIC03,STIC,20220419-20220701,SW,21038950,33066.9,15.09111,131.5911,1,fair,NA,2022
AIMS,2022-06-27T19:15:00Z,STIC03,STIC,20220419-20220701,SW,21038950,34444.7,14.9,137.2088,1,fair,NA,2022
AIMS,2022-06-27T19:30:00Z,STIC03,STIC,20220419-20220701,SW,21038950,33066.9,14.70889,131.5911,1,fair,NA,2022
AIMS,2022-06-27T19:45:00Z,STIC03,STIC,20220419-20220701,SW,21038950,33066.9,14.51722,131.5911,1,fair,NA,2022
AIMS,2022-06-27T20:00:00Z,STIC03,STIC,20220419-20220701,SW,21038950,34444.7,14.325,137.2088,1,fair,NA,2022
AIMS,2022-06-27T20:15:00Z,STIC03,STIC,20220419-20220701,SW,21038950,33066.9,14.03778,131.5911,1,fair,NA,2022
AIMS,2022-06-27T20:30:00Z,STIC03,STIC,20220419-20220701,SW,21038950,33066.9,13.75,131.5911,1,fair,NA,2022
AIMS,2022-06-27T20:45:00Z,STIC03,STIC,20220419-20220701,SW,21038950,33066.9,13.55778,131.5911,1,fair,NA,2022
AIMS,2022-06-27T21:00:00Z,STIC03,STIC,20220419-20220701,SW,21038950,33066.9,13.26889,131.5911,1,fair,NA,2022
AIMS,2022-06-27T21:15:00Z,STIC03,STIC,20220419-20220701,SW,21038950,33066.9,12.98,131.5911,1,fair,NA,2022
AIMS,2022-06-27T21:30:00Z,STIC03,STIC,20220419-20220701,SW,21038950,33066.9,12.69,131.5911,1,fair,NA,2022
AIMS,2022-06-27T21:45:00Z,STIC03,STIC,20220419-20220701,SW,21038950,33066.9,12.40111,131.5911,1,fair,NA,2022
AIMS,2022-06-27T22:00:00Z,STIC03,STIC,20220419-20220701,SW,21038950,33066.9,12.20722,131.5911,1,fair,NA,2022
AIMS,2022-06-27T22:15:00Z,STIC03,STIC,20220419-20220701,SW,21038950,33066.9,12.01278,131.5911,1,fair,NA,2022
AIMS,2022-06-27T22:30:00Z,STIC03,STIC,20220419-20220701,SW,21038950,33066.9,11.81889,131.5911,1,fair,NA,2022
AIMS,2022-06-27T22:45:00Z,STIC03,STIC,20220419-20220701,SW,21038950,33066.9,11.625,131.5911,1,fair,NA,2022
AIMS,2022-06-27T23:00:00Z,STIC03,STIC,20220419-20220701,SW,21038950,33066.9,11.43111,131.5911,1,fair,NA,2022
AIMS,2022-06-27T23:15:00Z,STIC03,STIC,20220419-20220701,SW,21038950,33066.9,11.33389,131.5911,1,fair,NA,2022
AIMS,2022-06-27T23:30:00Z,STIC03,STIC,20220419-20220701,SW,21038950,33066.9,11.23611,131.5911,1,fair,NA,2022
AIMS,2022-06-27T23:45:00Z,STIC03,STIC,20220419-20220701,SW,21038950,33066.9,11.04111,131.5911,1,fair,NA,2022
AIMS,2022-06-28T00:00:00Z,STIC03,STIC,20220419-20220701,SW,21038950,33066.9,10.94389,131.5911,1,fair,NA,2022
AIMS,2022-06-28T00:15:00Z,STIC03,STIC,20220419-20220701,SW,21038950,33066.9,10.74778,131.5911,1,fair,NA,2022
AIMS,2022-06-28T00:30:00Z,STIC03,STIC,20220419-20220701,SW,21038950,33066.9,10.65111,131.5911,1,fair,NA,2022
AIMS,2022-06-28T00:45:00Z,STIC03,STIC,20220419-20220701,SW,21038950,33066.9,10.55278,131.5911,1,fair,NA,2022
AIMS,2022-06-28T01:00:00Z,STIC03,STIC,20220419-20220701,SW,21038950,33066.9,10.455,131.5911,1,fair,NA,2022
AIMS,2022-06-28T01:15:00Z,STIC03,STIC,20220419-20220701,SW,21038950,33066.9,10.55278,131.5911,1,fair,NA,2022
AIMS,2022-06-28T01:30:00Z,STIC03,STIC,20220419-20220701,SW,21038950,33066.9,10.65111,131.5911,1,fair,NA,2022
AIMS,2022-06-28T01:45:00Z,STIC03,STIC,20220419-20220701,SW,21038950,33066.9,10.65111,131.5911,1,fair,NA,2022
AIMS,2022-06-28T02:00:00Z,STIC03,STIC,20220419-20220701,SW,21038950,33066.9,10.65111,131.5911,1,fair,NA,2022
AIMS,2022-06-28T02:15:00Z,STIC03,STIC,20220419-20220701,SW,21038950,33066.9,10.55278,131.5911,1,fair,NA,2022
AIMS,2022-06-28T02:30:00Z,STIC03,STIC,20220419-20220701,SW,21038950,33066.9,10.455,131.5911,1,fair,NA,2022
AIMS,2022-06-28T02:45:00Z,STIC03,STIC,20220419-20220701,SW,21038950,33066.9,10.35722,131.5911,1,fair,NA,2022
AIMS,2022-06-28T03:00:00Z,STIC03,STIC,20220419-20220701,SW,21038950,33066.9,10.25889,131.5911,1,fair,NA,2022
AIMS,2022-06-28T03:15:00Z,STIC03,STIC,20220419-20220701,SW,21038950,33066.9,10.16111,131.5911,1,fair,NA,2022
AIMS,2022-06-28T03:30:00Z,STIC03,STIC,20220419-20220701,SW,21038950,33066.9,10.06278,131.5911,1,fair,NA,2022
AIMS,2022-06-28T03:45:00Z,STIC03,STIC,20220419-20220701,SW,21038950,33066.9,10.06278,131.5911,1,fair,NA,2022
AIMS,2022-06-28T04:00:00Z,STIC03,STIC,20220419-20220701,SW,21038950,33066.9,9.965,131.5911,1,fair,NA,2022
AIMS,2022-06-28T04:15:00Z,STIC03,STIC,20220419-20220701,SW,21038950,33066.9,9.965,131.5911,1,fair,NA,2022
AIMS,2022-06-28T04:30:00Z,STIC03,STIC,20220419-20220701,SW,21038950,33066.9,9.866111,131.5911,1,fair,NA,2022
AIMS,2022-06-28T04:45:00Z,STIC03,STIC,20220419-20220701,SW,21038950,31689.1,9.866111,125.9735,1,fair,NA,2022
AIMS,2022-06-28T05:00:00Z,STIC03,STIC,20220419-20220701,SW,21038950,33066.9,9.767778,131.5911,1,fair,NA,2022
AIMS,2022-06-28T05:15:00Z,STIC03,STIC,20220419-20220701,SW,21038950,33066.9,9.767778,131.5911,1,fair,NA,2022
AIMS,2022-06-28T05:30:00Z,STIC03,STIC,20220419-20220701,SW,21038950,33066.9,9.767778,131.5911,1,fair,NA,2022
AIMS,2022-06-28T05:45:00Z,STIC03,STIC,20220419-20220701,SW,21038950,33066.9,9.668889,131.5911,1,fair,NA,2022
AIMS,2022-06-28T06:00:00Z,STIC03,STIC,20220419-20220701,SW,21038950,31689.1,9.668889,125.9735,1,fair,NA,2022
AIMS,2022-06-28T06:15:00Z,STIC03,STIC,20220419-20220701,SW,21038950,33066.9,9.668889,131.5911,1,fair,NA,2022
AIMS,2022-06-28T06:30:00Z,STIC03,STIC,20220419-20220701,SW,21038950,31689.1,9.668889,125.9735,1,fair,NA,2022
AIMS,2022-06-28T06:45:00Z,STIC03,STIC,20220419-20220701,SW,21038950,31689.1,9.965,125.9735,1,fair,NA,2022
AIMS,2022-06-28T07:00:00Z,STIC03,STIC,20220419-20220701,SW,21038950,31689.1,10.16111,125.9735,1,fair,NA,2022
AIMS,2022-06-28T07:15:00Z,STIC03,STIC,20220419-20220701,SW,21038950,31689.1,10.25889,125.9735,1,fair,NA,2022
AIMS,2022-06-28T07:30:00Z,STIC03,STIC,20220419-20220701,SW,21038950,31689.1,10.455,125.9735,1,fair,NA,2022
AIMS,2022-06-28T07:45:00Z,STIC03,STIC,20220419-20220701,SW,21038950,31689.1,10.55278,125.9735,1,fair,NA,2022
AIMS,2022-06-28T08:00:00Z,STIC03,STIC,20220419-20220701,SW,21038950,33066.9,10.65111,131.5911,1,fair,NA,2022
AIMS,2022-06-28T08:15:00Z,STIC03,STIC,20220419-20220701,SW,21038950,33066.9,10.74778,131.5911,1,fair,NA,2022
AIMS,2022-06-28T08:30:00Z,STIC03,STIC,20220419-20220701,SW,21038950,33066.9,10.94389,131.5911,1,fair,NA,2022
AIMS,2022-06-28T08:45:00Z,STIC03,STIC,20220419-20220701,SW,21038950,33066.9,11.23611,131.5911,1,fair,NA,2022
AIMS,2022-06-28T09:00:00Z,STIC03,STIC,20220419-20220701,SW,21038950,33066.9,11.43111,131.5911,1,fair,NA,2022
AIMS,2022-06-28T09:15:00Z,STIC03,STIC,20220419-20220701,SW,21038950,33066.9,11.43111,131.5911,1,fair,NA,2022
AIMS,2022-06-28T09:30:00Z,STIC03,STIC,20220419-20220701,SW,21038950,33066.9,11.52778,131.5911,1,fair,NA,2022
AIMS,2022-06-28T09:45:00Z,STIC03,STIC,20220419-20220701,SW,21038950,33066.9,11.625,131.5911,1,fair,NA,2022
AIMS,2022-06-28T10:00:00Z,STIC03,STIC,20220419-20220701,SW,21038950,33066.9,11.81889,131.5911,1,fair,NA,2022
AIMS,2022-06-28T10:15:00Z,STIC03,STIC,20220419-20220701,SW,21038950,33066.9,12.20722,131.5911,1,fair,NA,2022
AIMS,2022-06-28T10:30:00Z,STIC03,STIC,20220419-20220701,SW,21038950,33066.9,12.20722,131.5911,1,fair,NA,2022
AIMS,2022-06-28T10:45:00Z,STIC03,STIC,20220419-20220701,SW,21038950,33066.9,12.20722,131.5911,1,fair,NA,2022
AIMS,2022-06-28T11:00:00Z,STIC03,STIC,20220419-20220701,SW,21038950,33066.9,12.40111,131.5911,1,fair,NA,2022
AIMS,2022-06-28T11:15:00Z,STIC03,STIC,20220419-20220701,SW,21038950,33066.9,12.59389,131.5911,1,fair,NA,2022
AIMS,2022-06-28T11:30:00Z,STIC03,STIC,20220419-20220701,SW,21038950,33066.9,12.88278,131.5911,1,fair,NA,2022
AIMS,2022-06-28T11:45:00Z,STIC03,STIC,20220419-20220701,SW,21038950,33066.9,12.98,131.5911,1,fair,NA,2022
AIMS,2022-06-28T12:00:00Z,STIC03,STIC,20220419-20220701,SW,21038950,33066.9,13.65389,131.5911,1,fair,NA,2022
AIMS,2022-06-28T12:15:00Z,STIC03,STIC,20220419-20220701,SW,21038950,33066.9,14.23,131.5911,1,fair,NA,2022
AIMS,2022-06-28T12:30:00Z,STIC03,STIC,20220419-20220701,SW,21038950,33066.9,14.70889,131.5911,1,fair,NA,2022
AIMS,2022-06-28T12:45:00Z,STIC03,STIC,20220419-20220701,SW,21038950,33066.9,15.47278,131.5911,1,fair,NA,2022
AIMS,2022-06-28T13:00:00Z,STIC03,STIC,20220419-20220701,SW,21038950,33066.9,15.37778,131.5911,1,fair,NA,2022
AIMS,2022-06-28T13:15:00Z,STIC03,STIC,20220419-20220701,SW,21038950,33066.9,15.37778,131.5911,1,fair,NA,2022
AIMS,2022-06-28T13:30:00Z,STIC03,STIC,20220419-20220701,SW,21038950,33066.9,15.56889,131.5911,1,fair,NA,2022
AIMS,2022-06-28T13:45:00Z,STIC03,STIC,20220419-20220701,SW,21038950,33066.9,16.04611,131.5911,1,fair,NA,2022
AIMS,2022-06-28T14:00:00Z,STIC03,STIC,20220419-20220701,SW,21038950,33066.9,16.71278,131.5911,1,fair,NA,2022
AIMS,2022-06-28T14:15:00Z,STIC03,STIC,20220419-20220701,SW,21038950,33066.9,17.09389,131.5911,1,fair,NA,2022
AIMS,2022-06-28T14:30:00Z,STIC03,STIC,20220419-20220701,SW,21038950,33066.9,17.09389,131.5911,1,fair,NA,2022
AIMS,2022-06-28T14:45:00Z,STIC03,STIC,20220419-20220701,SW,21038950,33066.9,16.90278,131.5911,1,fair,NA,2022
AIMS,2022-06-28T15:00:00Z,STIC03,STIC,20220419-20220701,SW,21038950,33066.9,16.33222,131.5911,1,fair,NA,2022
AIMS,2022-06-28T15:15:00Z,STIC03,STIC,20220419-20220701,SW,21038950,33066.9,15.95111,131.5911,1,fair,NA,2022
AIMS,2022-06-28T15:30:00Z,STIC03,STIC,20220419-20220701,SW,21038950,33066.9,15.76,131.5911,1,fair,NA,2022
AIMS,2022-06-28T15:45:00Z,STIC03,STIC,20220419-20220701,SW,21038950,34444.7,15.855,137.2088,1,fair,NA,2022
AIMS,2022-06-28T16:00:00Z,STIC03,STIC,20220419-20220701,SW,21038950,34444.7,16.42722,137.2088,1,fair,NA,2022
AIMS,2022-06-28T16:15:00Z,STIC03,STIC,20220419-20220701,SW,21038950,34444.7,16.80778,137.2088,1,fair,NA,2022
AIMS,2022-06-28T16:30:00Z,STIC03,STIC,20220419-20220701,SW,21038950,34444.7,16.71278,137.2088,1,fair,NA,2022
AIMS,2022-06-28T16:45:00Z,STIC03,STIC,20220419-20220701,SW,21038950,34444.7,16.52278,137.2088,1,fair,NA,2022
AIMS,2022-06-28T17:00:00Z,STIC03,STIC,20220419-20220701,SW,21038950,34444.7,16.52278,137.2088,1,fair,NA,2022
AIMS,2022-06-28T17:15:00Z,STIC03,STIC,20220419-20220701,SW,21038950,34444.7,16.42722,137.2088,1,fair,NA,2022
AIMS,2022-06-28T17:30:00Z,STIC03,STIC,20220419-20220701,SW,21038950,34444.7,16.04611,137.2088,1,fair,NA,2022
AIMS,2022-06-28T17:45:00Z,STIC03,STIC,20220419-20220701,SW,21038950,34444.7,15.95111,137.2088,1,fair,NA,2022
AIMS,2022-06-28T18:00:00Z,STIC03,STIC,20220419-20220701,SW,21038950,34444.7,16.04611,137.2088,1,fair,NA,2022
AIMS,2022-06-28T18:15:00Z,STIC03,STIC,20220419-20220701,SW,21038950,34444.7,15.855,137.2088,1,fair,NA,2022
AIMS,2022-06-28T18:30:00Z,STIC03,STIC,20220419-20220701,SW,21038950,34444.7,15.76,137.2088,1,fair,NA,2022
AIMS,2022-06-28T18:45:00Z,STIC03,STIC,20220419-20220701,SW,21038950,34444.7,15.56889,137.2088,1,fair,NA,2022
AIMS,2022-06-28T19:00:00Z,STIC03,STIC,20220419-20220701,SW,21038950,34444.7,15.28222,137.2088,1,fair,NA,2022
AIMS,2022-06-28T19:15:00Z,STIC03,STIC,20220419-20220701,SW,21038950,34444.7,15.09111,137.2088,1,fair,NA,2022
AIMS,2022-06-28T19:30:00Z,STIC03,STIC,20220419-20220701,SW,21038950,34444.7,14.9,137.2088,1,fair,NA,2022
AIMS,2022-06-28T19:45:00Z,STIC03,STIC,20220419-20220701,SW,21038950,34444.7,14.70889,137.2088,1,fair,NA,2022
AIMS,2022-06-28T20:00:00Z,STIC03,STIC,20220419-20220701,SW,21038950,34444.7,14.61278,137.2088,1,fair,NA,2022
AIMS,2022-06-28T20:15:00Z,STIC03,STIC,20220419-20220701,SW,21038950,34444.7,14.42111,137.2088,1,fair,NA,2022
AIMS,2022-06-28T20:30:00Z,STIC03,STIC,20220419-20220701,SW,21038950,34444.7,14.23,137.2088,1,fair,NA,2022
AIMS,2022-06-28T20:45:00Z,STIC03,STIC,20220419-20220701,SW,21038950,34444.7,13.94222,137.2088,1,fair,NA,2022
AIMS,2022-06-28T21:00:00Z,STIC03,STIC,20220419-20220701,SW,21038950,34444.7,13.75,137.2088,1,fair,NA,2022
AIMS,2022-06-28T21:15:00Z,STIC03,STIC,20220419-20220701,SW,21038950,34444.7,13.46111,137.2088,1,fair,NA,2022
AIMS,2022-06-28T21:30:00Z,STIC03,STIC,20220419-20220701,SW,21038950,34444.7,13.17278,137.2088,1,fair,NA,2022
AIMS,2022-06-28T21:45:00Z,STIC03,STIC,20220419-20220701,SW,21038950,34444.7,12.98,137.2088,1,fair,NA,2022
AIMS,2022-06-28T22:00:00Z,STIC03,STIC,20220419-20220701,SW,21038950,34444.7,12.69,137.2088,1,fair,NA,2022
AIMS,2022-06-28T22:15:00Z,STIC03,STIC,20220419-20220701,SW,21038950,34444.7,12.49722,137.2088,1,fair,NA,2022
AIMS,2022-06-28T22:30:00Z,STIC03,STIC,20220419-20220701,SW,21038950,34444.7,12.30389,137.2088,1,fair,NA,2022
AIMS,2022-06-28T22:45:00Z,STIC03,STIC,20220419-20220701,SW,21038950,34444.7,12.11,137.2088,1,fair,NA,2022
AIMS,2022-06-28T23:00:00Z,STIC03,STIC,20220419-20220701,SW,21038950,34444.7,11.91611,137.2088,1,fair,NA,2022
AIMS,2022-06-28T23:15:00Z,STIC03,STIC,20220419-20220701,SW,21038950,34444.7,11.81889,137.2088,1,fair,NA,2022
AIMS,2022-06-28T23:30:00Z,STIC03,STIC,20220419-20220701,SW,21038950,33066.9,11.72222,131.5911,1,fair,NA,2022
AIMS,2022-06-28T23:45:00Z,STIC03,STIC,20220419-20220701,SW,21038950,33066.9,11.72222,131.5911,1,fair,NA,2022
AIMS,2022-06-29T00:00:00Z,STIC03,STIC,20220419-20220701,SW,21038950,33066.9,11.52778,131.5911,1,fair,NA,2022
AIMS,2022-06-29T00:15:00Z,STIC03,STIC,20220419-20220701,SW,21038950,33066.9,11.43111,131.5911,1,fair,NA,2022
AIMS,2022-06-29T00:30:00Z,STIC03,STIC,20220419-20220701,SW,21038950,33066.9,11.33389,131.5911,1,fair,NA,2022
AIMS,2022-06-29T00:45:00Z,STIC03,STIC,20220419-20220701,SW,21038950,33066.9,11.33389,131.5911,1,fair,NA,2022
AIMS,2022-06-29T01:00:00Z,STIC03,STIC,20220419-20220701,SW,21038950,33066.9,11.23611,131.5911,1,fair,NA,2022
AIMS,2022-06-29T01:15:00Z,STIC03,STIC,20220419-20220701,SW,21038950,33066.9,11.13889,131.5911,1,fair,NA,2022
AIMS,2022-06-29T01:30:00Z,STIC03,STIC,20220419-20220701,SW,21038950,33066.9,11.13889,131.5911,1,fair,NA,2022
AIMS,2022-06-29T01:45:00Z,STIC03,STIC,20220419-20220701,SW,21038950,33066.9,11.23611,131.5911,1,fair,NA,2022
AIMS,2022-06-29T02:00:00Z,STIC03,STIC,20220419-20220701,SW,21038950,33066.9,11.23611,131.5911,1,fair,NA,2022
AIMS,2022-06-29T02:15:00Z,STIC03,STIC,20220419-20220701,SW,21038950,33066.9,11.13889,131.5911,1,fair,NA,2022
AIMS,2022-06-29T02:30:00Z,STIC03,STIC,20220419-20220701,SW,21038950,33066.9,11.13889,131.5911,1,fair,NA,2022
AIMS,2022-06-29T02:45:00Z,STIC03,STIC,20220419-20220701,SW,21038950,33066.9,11.13889,131.5911,1,fair,NA,2022
AIMS,2022-06-29T03:00:00Z,STIC03,STIC,20220419-20220701,SW,21038950,33066.9,11.04111,131.5911,1,fair,NA,2022
AIMS,2022-06-29T03:15:00Z,STIC03,STIC,20220419-20220701,SW,21038950,33066.9,10.84611,131.5911,1,fair,NA,2022
AIMS,2022-06-29T03:30:00Z,STIC03,STIC,20220419-20220701,SW,21038950,33066.9,10.65111,131.5911,1,fair,NA,2022
AIMS,2022-06-29T03:45:00Z,STIC03,STIC,20220419-20220701,SW,21038950,33066.9,10.55278,131.5911,1,fair,NA,2022
AIMS,2022-06-29T04:00:00Z,STIC03,STIC,20220419-20220701,SW,21038950,33066.9,10.455,131.5911,1,fair,NA,2022
AIMS,2022-06-29T04:15:00Z,STIC03,STIC,20220419-20220701,SW,21038950,33066.9,10.35722,131.5911,1,fair,NA,2022
AIMS,2022-06-29T04:30:00Z,STIC03,STIC,20220419-20220701,SW,21038950,33066.9,10.16111,131.5911,1,fair,NA,2022
AIMS,2022-06-29T04:45:00Z,STIC03,STIC,20220419-20220701,SW,21038950,33066.9,10.06278,131.5911,1,fair,NA,2022
AIMS,2022-06-29T05:00:00Z,STIC03,STIC,20220419-20220701,SW,21038950,33066.9,10.06278,131.5911,1,fair,NA,2022
AIMS,2022-06-29T05:15:00Z,STIC03,STIC,20220419-20220701,SW,21038950,33066.9,10.16111,131.5911,1,fair,NA,2022
AIMS,2022-06-29T05:30:00Z,STIC03,STIC,20220419-20220701,SW,21038950,33066.9,10.35722,131.5911,1,fair,NA,2022
AIMS,2022-06-29T05:45:00Z,STIC03,STIC,20220419-20220701,SW,21038950,33066.9,10.55278,131.5911,1,fair,NA,2022
AIMS,2022-06-29T06:00:00Z,STIC03,STIC,20220419-20220701,SW,21038950,33066.9,10.65111,131.5911,1,fair,NA,2022
AIMS,2022-06-29T06:15:00Z,STIC03,STIC,20220419-20220701,SW,21038950,33066.9,10.84611,131.5911,1,fair,NA,2022
AIMS,2022-06-29T06:30:00Z,STIC03,STIC,20220419-20220701,SW,21038950,33066.9,10.94389,131.5911,1,fair,NA,2022
AIMS,2022-06-29T06:45:00Z,STIC03,STIC,20220419-20220701,SW,21038950,33066.9,11.04111,131.5911,1,fair,NA,2022
AIMS,2022-06-29T07:00:00Z,STIC03,STIC,20220419-20220701,SW,21038950,33066.9,11.13889,131.5911,1,fair,NA,2022
AIMS,2022-06-29T07:15:00Z,STIC03,STIC,20220419-20220701,SW,21038950,33066.9,11.23611,131.5911,1,fair,NA,2022
AIMS,2022-06-29T07:30:00Z,STIC03,STIC,20220419-20220701,SW,21038950,33066.9,11.13889,131.5911,1,fair,NA,2022
AIMS,2022-06-29T07:45:00Z,STIC03,STIC,20220419-20220701,SW,21038950,33066.9,11.23611,131.5911,1,fair,NA,2022
AIMS,2022-06-29T08:00:00Z,STIC03,STIC,20220419-20220701,SW,21038950,33066.9,11.33389,131.5911,1,fair,NA,2022
AIMS,2022-06-29T08:15:00Z,STIC03,STIC,20220419-20220701,SW,21038950,33066.9,11.43111,131.5911,1,fair,NA,2022
AIMS,2022-06-29T08:30:00Z,STIC03,STIC,20220419-20220701,SW,21038950,33066.9,11.625,131.5911,1,fair,NA,2022
AIMS,2022-06-29T08:45:00Z,STIC03,STIC,20220419-20220701,SW,21038950,33066.9,11.72222,131.5911,1,fair,NA,2022
AIMS,2022-06-29T09:00:00Z,STIC03,STIC,20220419-20220701,SW,21038950,33066.9,11.72222,131.5911,1,fair,NA,2022
AIMS,2022-06-29T09:15:00Z,STIC03,STIC,20220419-20220701,SW,21038950,33066.9,11.72222,131.5911,1,fair,NA,2022
AIMS,2022-06-29T09:30:00Z,STIC03,STIC,20220419-20220701,SW,21038950,33066.9,11.81889,131.5911,1,fair,NA,2022
AIMS,2022-06-29T09:45:00Z,STIC03,STIC,20220419-20220701,SW,21038950,33066.9,11.91611,131.5911,1,fair,NA,2022
AIMS,2022-06-29T10:00:00Z,STIC03,STIC,20220419-20220701,SW,21038950,33066.9,12.20722,131.5911,1,fair,NA,2022
AIMS,2022-06-29T10:15:00Z,STIC03,STIC,20220419-20220701,SW,21038950,33066.9,12.40111,131.5911,1,fair,NA,2022
AIMS,2022-06-29T10:30:00Z,STIC03,STIC,20220419-20220701,SW,21038950,33066.9,12.49722,131.5911,1,fair,NA,2022
AIMS,2022-06-29T10:45:00Z,STIC03,STIC,20220419-20220701,SW,21038950,33066.9,12.49722,131.5911,1,fair,NA,2022
AIMS,2022-06-29T11:00:00Z,STIC03,STIC,20220419-20220701,SW,21038950,33066.9,12.59389,131.5911,1,fair,NA,2022
AIMS,2022-06-29T11:15:00Z,STIC03,STIC,20220419-20220701,SW,21038950,33066.9,12.69,131.5911,1,fair,NA,2022
AIMS,2022-06-29T11:30:00Z,STIC03,STIC,20220419-20220701,SW,21038950,33066.9,12.88278,131.5911,1,fair,NA,2022
AIMS,2022-06-29T11:45:00Z,STIC03,STIC,20220419-20220701,SW,21038950,33066.9,12.98,131.5911,1,fair,NA,2022
AIMS,2022-06-29T12:00:00Z,STIC03,STIC,20220419-20220701,SW,21038950,33066.9,12.98,131.5911,1,fair,NA,2022
AIMS,2022-06-29T12:15:00Z,STIC03,STIC,20220419-20220701,SW,21038950,33066.9,13.07611,131.5911,1,fair,NA,2022
AIMS,2022-06-29T12:30:00Z,STIC03,STIC,20220419-20220701,SW,21038950,33066.9,12.98,131.5911,1,fair,NA,2022
AIMS,2022-06-29T12:45:00Z,STIC03,STIC,20220419-20220701,SW,21038950,33066.9,12.78722,131.5911,1,fair,NA,2022
AIMS,2022-06-29T13:00:00Z,STIC03,STIC,20220419-20220701,SW,21038950,33066.9,13.17278,131.5911,1,fair,NA,2022
AIMS,2022-06-29T13:15:00Z,STIC03,STIC,20220419-20220701,SW,21038950,33066.9,13.365,131.5911,1,fair,NA,2022
AIMS,2022-06-29T13:30:00Z,STIC03,STIC,20220419-20220701,SW,21038950,33066.9,13.46111,131.5911,1,fair,NA,2022
AIMS,2022-06-29T13:45:00Z,STIC03,STIC,20220419-20220701,SW,21038950,33066.9,13.46111,131.5911,1,fair,NA,2022
AIMS,2022-06-29T14:00:00Z,STIC03,STIC,20220419-20220701,SW,21038950,33066.9,13.94222,131.5911,1,fair,NA,2022
AIMS,2022-06-29T14:15:00Z,STIC03,STIC,20220419-20220701,SW,21038950,33066.9,14.325,131.5911,1,fair,NA,2022
AIMS,2022-06-29T14:30:00Z,STIC03,STIC,20220419-20220701,SW,21038950,33066.9,14.61278,131.5911,1,fair,NA,2022
AIMS,2022-06-29T14:45:00Z,STIC03,STIC,20220419-20220701,SW,21038950,34444.7,14.9,137.2088,1,fair,NA,2022
AIMS,2022-06-29T15:00:00Z,STIC03,STIC,20220419-20220701,SW,21038950,34444.7,15.09111,137.2088,1,fair,NA,2022
AIMS,2022-06-29T15:15:00Z,STIC03,STIC,20220419-20220701,SW,21038950,34444.7,15.09111,137.2088,1,fair,NA,2022
AIMS,2022-06-29T15:30:00Z,STIC03,STIC,20220419-20220701,SW,21038950,34444.7,15.18722,137.2088,1,fair,NA,2022
AIMS,2022-06-29T15:45:00Z,STIC03,STIC,20220419-20220701,SW,21038950,34444.7,15.28222,137.2088,1,fair,NA,2022
AIMS,2022-06-29T16:00:00Z,STIC03,STIC,20220419-20220701,SW,21038950,34444.7,15.56889,137.2088,1,fair,NA,2022
AIMS,2022-06-29T16:15:00Z,STIC03,STIC,20220419-20220701,SW,21038950,34444.7,15.76,137.2088,1,fair,NA,2022
AIMS,2022-06-29T16:30:00Z,STIC03,STIC,20220419-20220701,SW,21038950,34444.7,15.56889,137.2088,1,fair,NA,2022
AIMS,2022-06-29T16:45:00Z,STIC03,STIC,20220419-20220701,SW,21038950,34444.7,15.37778,137.2088,1,fair,NA,2022
AIMS,2022-06-29T17:00:00Z,STIC03,STIC,20220419-20220701,SW,21038950,34444.7,15.28222,137.2088,1,fair,NA,2022
AIMS,2022-06-29T17:15:00Z,STIC03,STIC,20220419-20220701,SW,21038950,34444.7,15.18722,137.2088,1,fair,NA,2022
AIMS,2022-06-29T17:30:00Z,STIC03,STIC,20220419-20220701,SW,21038950,33066.9,15.28222,131.5911,1,fair,NA,2022
AIMS,2022-06-29T17:45:00Z,STIC03,STIC,20220419-20220701,SW,21038950,33066.9,15.28222,131.5911,1,fair,NA,2022
AIMS,2022-06-29T18:00:00Z,STIC03,STIC,20220419-20220701,SW,21038950,33066.9,15.18722,131.5911,1,fair,NA,2022
AIMS,2022-06-29T18:15:00Z,STIC03,STIC,20220419-20220701,SW,21038950,33066.9,15.09111,131.5911,1,fair,NA,2022
AIMS,2022-06-29T18:30:00Z,STIC03,STIC,20220419-20220701,SW,21038950,33066.9,14.9,131.5911,1,fair,NA,2022
AIMS,2022-06-29T18:45:00Z,STIC03,STIC,20220419-20220701,SW,21038950,31689.1,14.70889,125.9735,1,fair,NA,2022
AIMS,2022-06-29T19:00:00Z,STIC03,STIC,20220419-20220701,SW,21038950,34444.7,14.42111,137.2088,1,fair,NA,2022
AIMS,2022-06-29T19:15:00Z,STIC03,STIC,20220419-20220701,SW,21038950,34444.7,14.23,137.2088,1,fair,NA,2022
AIMS,2022-06-29T19:30:00Z,STIC03,STIC,20220419-20220701,SW,21038950,33066.9,13.94222,131.5911,1,fair,NA,2022
AIMS,2022-06-29T19:45:00Z,STIC03,STIC,20220419-20220701,SW,21038950,33066.9,13.75,131.5911,1,fair,NA,2022
AIMS,2022-06-29T20:00:00Z,STIC03,STIC,20220419-20220701,SW,21038950,31689.1,13.55778,125.9735,1,fair,NA,2022
AIMS,2022-06-29T20:15:00Z,STIC03,STIC,20220419-20220701,SW,21038950,31689.1,13.26889,125.9735,1,fair,NA,2022
AIMS,2022-06-29T20:30:00Z,STIC03,STIC,20220419-20220701,SW,21038950,31689.1,13.07611,125.9735,1,fair,NA,2022
AIMS,2022-06-29T20:45:00Z,STIC03,STIC,20220419-20220701,SW,21038950,33066.9,12.69,131.5911,1,fair,NA,2022
AIMS,2022-06-29T21:00:00Z,STIC03,STIC,20220419-20220701,SW,21038950,30311.3,12.30389,120.3558,1,fair,NA,2022
AIMS,2022-06-29T21:15:00Z,STIC03,STIC,20220419-20220701,SW,21038950,33066.9,12.01278,131.5911,1,fair,NA,2022
AIMS,2022-06-29T21:30:00Z,STIC03,STIC,20220419-20220701,SW,21038950,33066.9,11.625,131.5911,1,fair,NA,2022
AIMS,2022-06-29T21:45:00Z,STIC03,STIC,20220419-20220701,SW,21038950,33066.9,11.23611,131.5911,1,fair,NA,2022
AIMS,2022-06-29T22:00:00Z,STIC03,STIC,20220419-20220701,SW,21038950,33066.9,10.94389,131.5911,1,fair,NA,2022
AIMS,2022-06-29T22:15:00Z,STIC03,STIC,20220419-20220701,SW,21038950,33066.9,10.74778,131.5911,1,fair,NA,2022
AIMS,2022-06-29T22:30:00Z,STIC03,STIC,20220419-20220701,SW,21038950,33066.9,10.455,131.5911,1,fair,NA,2022
AIMS,2022-06-29T22:45:00Z,STIC03,STIC,20220419-20220701,SW,21038950,33066.9,10.25889,131.5911,1,fair,NA,2022
AIMS,2022-06-29T23:00:00Z,STIC03,STIC,20220419-20220701,SW,21038950,33066.9,9.965,131.5911,1,fair,NA,2022
AIMS,2022-06-29T23:15:00Z,STIC03,STIC,20220419-20220701,SW,21038950,33066.9,9.767778,131.5911,1,fair,NA,2022
AIMS,2022-06-29T23:30:00Z,STIC03,STIC,20220419-20220701,SW,21038950,31689.1,9.571111,125.9735,1,fair,NA,2022
AIMS,2022-06-29T23:45:00Z,STIC03,STIC,20220419-20220701,SW,21038950,31689.1,9.372778,125.9735,1,fair,NA,2022
AIMS,2022-06-30T00:00:00Z,STIC03,STIC,20220419-20220701,SW,21038950,31689.1,9.275,125.9735,1,fair,NA,2022
AIMS,2022-06-30T00:15:00Z,STIC03,STIC,20220419-20220701,SW,21038950,31689.1,9.077222,125.9735,1,fair,NA,2022
AIMS,2022-06-30T00:30:00Z,STIC03,STIC,20220419-20220701,SW,21038950,31689.1,8.977778,125.9735,1,fair,NA,2022
AIMS,2022-06-30T00:45:00Z,STIC03,STIC,20220419-20220701,SW,21038950,31689.1,8.778889,125.9735,1,fair,NA,2022
AIMS,2022-06-30T01:00:00Z,STIC03,STIC,20220419-20220701,SW,21038950,31689.1,8.778889,125.9735,1,fair,NA,2022
AIMS,2022-06-30T01:15:00Z,STIC03,STIC,20220419-20220701,SW,21038950,31689.1,8.778889,125.9735,1,fair,NA,2022
AIMS,2022-06-30T01:30:00Z,STIC03,STIC,20220419-20220701,SW,21038950,31689.1,8.878889,125.9735,1,fair,NA,2022
AIMS,2022-06-30T01:45:00Z,STIC03,STIC,20220419-20220701,SW,21038950,31689.1,8.878889,125.9735,1,fair,NA,2022
AIMS,2022-06-30T02:00:00Z,STIC03,STIC,20220419-20220701,SW,21038950,31689.1,8.977778,125.9735,1,fair,NA,2022
AIMS,2022-06-30T02:15:00Z,STIC03,STIC,20220419-20220701,SW,21038950,31689.1,8.977778,125.9735,1,fair,NA,2022
AIMS,2022-06-30T02:30:00Z,STIC03,STIC,20220419-20220701,SW,21038950,31689.1,9.077222,125.9735,1,fair,NA,2022
AIMS,2022-06-30T02:45:00Z,STIC03,STIC,20220419-20220701,SW,21038950,30311.3,9.077222,120.3558,1,fair,NA,2022
AIMS,2022-06-30T03:00:00Z,STIC03,STIC,20220419-20220701,SW,21038950,31689.1,8.977778,125.9735,1,fair,NA,2022
AIMS,2022-06-30T03:15:00Z,STIC03,STIC,20220419-20220701,SW,21038950,30311.3,8.778889,120.3558,1,fair,NA,2022
AIMS,2022-06-30T03:30:00Z,STIC03,STIC,20220419-20220701,SW,21038950,31689.1,8.68,125.9735,1,fair,NA,2022
AIMS,2022-06-30T03:45:00Z,STIC03,STIC,20220419-20220701,SW,21038950,31689.1,8.481111,125.9735,1,fair,NA,2022
AIMS,2022-06-30T04:00:00Z,STIC03,STIC,20220419-20220701,SW,21038950,31689.1,8.382222,125.9735,1,fair,NA,2022
AIMS,2022-06-30T04:15:00Z,STIC03,STIC,20220419-20220701,SW,21038950,31689.1,8.282222,125.9735,1,fair,NA,2022
AIMS,2022-06-30T04:30:00Z,STIC03,STIC,20220419-20220701,SW,21038950,31689.1,8.182222,125.9735,1,fair,NA,2022
AIMS,2022-06-30T04:45:00Z,STIC03,STIC,20220419-20220701,SW,21038950,30311.3,8.182222,120.3558,1,fair,NA,2022
AIMS,2022-06-30T05:00:00Z,STIC03,STIC,20220419-20220701,SW,21038950,31689.1,8.182222,125.9735,1,fair,NA,2022
AIMS,2022-06-30T05:15:00Z,STIC03,STIC,20220419-20220701,SW,21038950,30311.3,8.282222,120.3558,1,fair,NA,2022
AIMS,2022-06-30T05:30:00Z,STIC03,STIC,20220419-20220701,SW,21038950,31689.1,8.282222,125.9735,1,fair,NA,2022
AIMS,2022-06-30T05:45:00Z,STIC03,STIC,20220419-20220701,SW,21038950,30311.3,8.182222,120.3558,1,fair,NA,2022
AIMS,2022-06-30T06:00:00Z,STIC03,STIC,20220419-20220701,SW,21038950,30311.3,8.282222,120.3558,1,fair,NA,2022
AIMS,2022-06-30T06:15:00Z,STIC03,STIC,20220419-20220701,SW,21038950,31689.1,8.182222,125.9735,1,fair,NA,2022
AIMS,2022-06-30T06:30:00Z,STIC03,STIC,20220419-20220701,SW,21038950,30311.3,8.182222,120.3558,1,fair,NA,2022
AIMS,2022-06-30T06:45:00Z,STIC03,STIC,20220419-20220701,SW,21038950,30311.3,8.182222,120.3558,1,fair,NA,2022
AIMS,2022-06-30T07:00:00Z,STIC03,STIC,20220419-20220701,SW,21038950,30311.3,8.282222,120.3558,1,fair,NA,2022
AIMS,2022-06-30T07:15:00Z,STIC03,STIC,20220419-20220701,SW,21038950,30311.3,8.481111,120.3558,1,fair,NA,2022
AIMS,2022-06-30T07:30:00Z,STIC03,STIC,20220419-20220701,SW,21038950,30311.3,8.778889,120.3558,1,fair,NA,2022
AIMS,2022-06-30T07:45:00Z,STIC03,STIC,20220419-20220701,SW,21038950,30311.3,9.176111,120.3558,1,fair,NA,2022
AIMS,2022-06-30T08:00:00Z,STIC03,STIC,20220419-20220701,SW,21038950,31689.1,9.472222,125.9735,1,fair,NA,2022
AIMS,2022-06-30T08:15:00Z,STIC03,STIC,20220419-20220701,SW,21038950,30311.3,9.571111,120.3558,1,fair,NA,2022
AIMS,2022-06-30T08:30:00Z,STIC03,STIC,20220419-20220701,SW,21038950,30311.3,9.767778,120.3558,1,fair,NA,2022
AIMS,2022-06-30T08:45:00Z,STIC03,STIC,20220419-20220701,SW,21038950,30311.3,9.965,120.3558,1,fair,NA,2022
AIMS,2022-06-30T09:00:00Z,STIC03,STIC,20220419-20220701,SW,21038950,30311.3,10.06278,120.3558,1,fair,NA,2022
AIMS,2022-06-30T09:15:00Z,STIC03,STIC,20220419-20220701,SW,21038950,30311.3,10.16111,120.3558,1,fair,NA,2022
AIMS,2022-06-30T09:30:00Z,STIC03,STIC,20220419-20220701,SW,21038950,31689.1,10.35722,125.9735,1,fair,NA,2022
AIMS,2022-06-30T09:45:00Z,STIC03,STIC,20220419-20220701,SW,21038950,31689.1,10.55278,125.9735,1,fair,NA,2022
AIMS,2022-06-30T10:00:00Z,STIC03,STIC,20220419-20220701,SW,21038950,30311.3,10.65111,120.3558,1,fair,NA,2022
AIMS,2022-06-30T10:15:00Z,STIC03,STIC,20220419-20220701,SW,21038950,30311.3,10.84611,120.3558,1,fair,NA,2022
AIMS,2022-06-30T10:30:00Z,STIC03,STIC,20220419-20220701,SW,21038950,30311.3,11.04111,120.3558,1,fair,NA,2022
AIMS,2022-06-30T10:45:00Z,STIC03,STIC,20220419-20220701,SW,21038950,30311.3,11.23611,120.3558,1,fair,NA,2022
AIMS,2022-06-30T11:00:00Z,STIC03,STIC,20220419-20220701,SW,21038950,31689.1,11.43111,125.9735,1,fair,NA,2022
AIMS,2022-06-30T11:15:00Z,STIC03,STIC,20220419-20220701,SW,21038950,30311.3,11.72222,120.3558,1,fair,NA,2022
AIMS,2022-06-30T11:30:00Z,STIC03,STIC,20220419-20220701,SW,21038950,30311.3,11.91611,120.3558,1,fair,NA,2022
AIMS,2022-06-30T11:45:00Z,STIC03,STIC,20220419-20220701,SW,21038950,31689.1,12.30389,125.9735,1,fair,NA,2022
AIMS,2022-06-30T12:00:00Z,STIC03,STIC,20220419-20220701,SW,21038950,30311.3,12.59389,120.3558,1,fair,NA,2022
AIMS,2022-06-30T12:15:00Z,STIC03,STIC,20220419-20220701,SW,21038950,30311.3,12.88278,120.3558,1,fair,NA,2022
AIMS,2022-06-30T12:30:00Z,STIC03,STIC,20220419-20220701,SW,21038950,30311.3,13.17278,120.3558,1,fair,NA,2022
AIMS,2022-06-30T12:45:00Z,STIC03,STIC,20220419-20220701,SW,21038950,33066.9,13.75,131.5911,1,fair,NA,2022
AIMS,2022-06-30T13:00:00Z,STIC03,STIC,20220419-20220701,SW,21038950,34444.7,13.84611,137.2088,1,fair,NA,2022
AIMS,2022-06-30T13:15:00Z,STIC03,STIC,20220419-20220701,SW,21038950,34444.7,13.84611,137.2088,1,fair,NA,2022
AIMS,2022-06-30T13:30:00Z,STIC03,STIC,20220419-20220701,SW,21038950,34444.7,13.94222,137.2088,1,fair,NA,2022
AIMS,2022-06-30T13:45:00Z,STIC03,STIC,20220419-20220701,SW,21038950,34444.7,14.03778,137.2088,1,fair,NA,2022
AIMS,2022-06-30T14:00:00Z,STIC03,STIC,20220419-20220701,SW,21038950,34444.7,14.325,137.2088,1,fair,NA,2022
AIMS,2022-06-30T14:15:00Z,STIC03,STIC,20220419-20220701,SW,21038950,34444.7,14.61278,137.2088,1,fair,NA,2022
AIMS,2022-06-30T14:30:00Z,STIC03,STIC,20220419-20220701,SW,21038950,34444.7,14.99611,137.2088,1,fair,NA,2022
AIMS,2022-06-30T14:45:00Z,STIC03,STIC,20220419-20220701,SW,21038950,34444.7,15.28222,137.2088,1,fair,NA,2022
AIMS,2022-06-30T15:00:00Z,STIC03,STIC,20220419-20220701,SW,21038950,34444.7,15.47278,137.2088,1,fair,NA,2022
AIMS,2022-06-30T15:15:00Z,STIC03,STIC,20220419-20220701,SW,21038950,34444.7,15.37778,137.2088,1,fair,NA,2022
AIMS,2022-06-30T15:30:00Z,STIC03,STIC,20220419-20220701,SW,21038950,34444.7,15.37778,137.2088,1,fair,NA,2022
AIMS,2022-06-30T15:45:00Z,STIC03,STIC,20220419-20220701,SW,21038950,34444.7,15.47278,137.2088,1,fair,NA,2022
AIMS,2022-06-30T16:00:00Z,STIC03,STIC,20220419-20220701,SW,21038950,34444.7,15.76,137.2088,1,fair,NA,2022
AIMS,2022-06-30T16:15:00Z,STIC03,STIC,20220419-20220701,SW,21038950,34444.7,15.95111,137.2088,1,fair,NA,2022
AIMS,2022-06-30T16:30:00Z,STIC03,STIC,20220419-20220701,SW,21038950,34444.7,15.76,137.2088,1,fair,NA,2022
AIMS,2022-06-30T16:45:00Z,STIC03,STIC,20220419-20220701,SW,21038950,34444.7,15.56889,137.2088,1,fair,NA,2022
AIMS,2022-06-30T17:00:00Z,STIC03,STIC,20220419-20220701,SW,21038950,34444.7,15.56889,137.2088,1,fair,NA,2022
AIMS,2022-06-30T17:15:00Z,STIC03,STIC,20220419-20220701,SW,21038950,34444.7,15.47278,137.2088,1,fair,NA,2022
AIMS,2022-06-30T17:30:00Z,STIC03,STIC,20220419-20220701,SW,21038950,34444.7,15.56889,137.2088,1,fair,NA,2022
AIMS,2022-06-30T17:45:00Z,STIC03,STIC,20220419-20220701,SW,21038950,34444.7,15.56889,137.2088,1,fair,NA,2022
AIMS,2022-06-30T18:00:00Z,STIC03,STIC,20220419-20220701,SW,21038950,34444.7,15.37778,137.2088,1,fair,NA,2022
AIMS,2022-06-30T18:15:00Z,STIC03,STIC,20220419-20220701,SW,21038950,34444.7,15.28222,137.2088,1,fair,NA,2022
AIMS,2022-06-30T18:30:00Z,STIC03,STIC,20220419-20220701,SW,21038950,34444.7,15.09111,137.2088,1,fair,NA,2022
AIMS,2022-06-30T18:45:00Z,STIC03,STIC,20220419-20220701,SW,21038950,34444.7,14.9,137.2088,1,fair,NA,2022
AIMS,2022-06-30T19:00:00Z,STIC03,STIC,20220419-20220701,SW,21038950,33066.9,14.61278,131.5911,1,fair,NA,2022
AIMS,2022-06-30T19:15:00Z,STIC03,STIC,20220419-20220701,SW,21038950,34444.7,14.42111,137.2088,1,fair,NA,2022
AIMS,2022-06-30T19:30:00Z,STIC03,STIC,20220419-20220701,SW,21038950,34444.7,14.23,137.2088,1,fair,NA,2022
AIMS,2022-06-30T19:45:00Z,STIC03,STIC,20220419-20220701,SW,21038950,33066.9,14.03778,131.5911,1,fair,NA,2022
AIMS,2022-06-30T20:00:00Z,STIC03,STIC,20220419-20220701,SW,21038950,34444.7,13.84611,137.2088,1,fair,NA,2022
AIMS,2022-06-30T20:15:00Z,STIC03,STIC,20220419-20220701,SW,21038950,33066.9,13.55778,131.5911,1,fair,NA,2022
AIMS,2022-06-30T20:30:00Z,STIC03,STIC,20220419-20220701,SW,21038950,33066.9,13.26889,131.5911,1,fair,NA,2022
AIMS,2022-06-30T20:45:00Z,STIC03,STIC,20220419-20220701,SW,21038950,33066.9,12.98,131.5911,1,fair,NA,2022
AIMS,2022-06-30T21:00:00Z,STIC03,STIC,20220419-20220701,SW,21038950,33066.9,12.59389,131.5911,1,fair,NA,2022
AIMS,2022-06-30T21:15:00Z,STIC03,STIC,20220419-20220701,SW,21038950,33066.9,12.30389,131.5911,1,fair,NA,2022
AIMS,2022-06-30T21:30:00Z,STIC03,STIC,20220419-20220701,SW,21038950,33066.9,12.11,131.5911,1,fair,NA,2022
AIMS,2022-06-30T21:45:00Z,STIC03,STIC,20220419-20220701,SW,21038950,33066.9,12.01278,131.5911,1,fair,NA,2022
AIMS,2022-06-30T22:00:00Z,STIC03,STIC,20220419-20220701,SW,21038950,33066.9,11.91611,131.5911,1,fair,NA,2022
AIMS,2022-06-30T22:15:00Z,STIC03,STIC,20220419-20220701,SW,21038950,33066.9,11.81889,131.5911,1,fair,NA,2022
AIMS,2022-06-30T22:30:00Z,STIC03,STIC,20220419-20220701,SW,21038950,33066.9,11.72222,131.5911,1,fair,NA,2022
AIMS,2022-06-30T22:45:00Z,STIC03,STIC,20220419-20220701,SW,21038950,33066.9,11.52778,131.5911,1,fair,NA,2022
AIMS,2022-06-30T23:00:00Z,STIC03,STIC,20220419-20220701,SW,21038950,33066.9,11.43111,131.5911,1,fair,NA,2022
AIMS,2022-06-30T23:15:00Z,STIC03,STIC,20220419-20220701,SW,21038950,33066.9,11.23611,131.5911,1,fair,NA,2022
AIMS,2022-06-30T23:30:00Z,STIC03,STIC,20220419-20220701,SW,21038950,33066.9,11.04111,131.5911,1,fair,NA,2022
AIMS,2022-06-30T23:45:00Z,STIC03,STIC,20220419-20220701,SW,21038950,33066.9,10.84611,131.5911,1,fair,NA,2022
AIMS,2022-07-01T00:00:00Z,STIC03,STIC,20220419-20220701,SW,21038950,33066.9,10.65111,131.5911,1,fair,NA,2022
AIMS,2022-07-01T00:15:00Z,STIC03,STIC,20220419-20220701,SW,21038950,33066.9,10.55278,131.5911,1,fair,NA,2022
AIMS,2022-07-01T00:30:00Z,STIC03,STIC,20220419-20220701,SW,21038950,33066.9,10.455,131.5911,1,fair,NA,2022
AIMS,2022-07-01T00:45:00Z,STIC03,STIC,20220419-20220701,SW,21038950,33066.9,10.35722,131.5911,1,fair,NA,2022
AIMS,2022-07-01T01:00:00Z,STIC03,STIC,20220419-20220701,SW,21038950,33066.9,10.25889,131.5911,1,fair,NA,2022
AIMS,2022-07-01T01:15:00Z,STIC03,STIC,20220419-20220701,SW,21038950,33066.9,10.16111,131.5911,1,fair,NA,2022
AIMS,2022-07-01T01:30:00Z,STIC03,STIC,20220419-20220701,SW,21038950,33066.9,9.965,131.5911,1,fair,NA,2022
AIMS,2022-07-01T01:45:00Z,STIC03,STIC,20220419-20220701,SW,21038950,33066.9,9.866111,131.5911,1,fair,NA,2022
AIMS,2022-07-01T02:00:00Z,STIC03,STIC,20220419-20220701,SW,21038950,33066.9,9.866111,131.5911,1,fair,NA,2022
AIMS,2022-07-01T02:15:00Z,STIC03,STIC,20220419-20220701,SW,21038950,33066.9,9.767778,131.5911,1,fair,NA,2022
AIMS,2022-07-01T02:30:00Z,STIC03,STIC,20220419-20220701,SW,21038950,33066.9,9.668889,131.5911,1,fair,NA,2022
AIMS,2022-07-01T02:45:00Z,STIC03,STIC,20220419-20220701,SW,21038950,33066.9,9.668889,131.5911,1,fair,NA,2022
AIMS,2022-07-01T03:00:00Z,STIC03,STIC,20220419-20220701,SW,21038950,33066.9,9.571111,131.5911,1,fair,NA,2022
AIMS,2022-07-01T03:15:00Z,STIC03,STIC,20220419-20220701,SW,21038950,33066.9,9.472222,131.5911,1,fair,NA,2022
AIMS,2022-07-01T03:30:00Z,STIC03,STIC,20220419-20220701,SW,21038950,33066.9,9.472222,131.5911,1,fair,NA,2022
AIMS,2022-07-01T03:45:00Z,STIC03,STIC,20220419-20220701,SW,21038950,33066.9,9.372778,131.5911,1,fair,NA,2022
AIMS,2022-07-01T04:00:00Z,STIC03,STIC,20220419-20220701,SW,21038950,33066.9,9.472222,131.5911,1,fair,NA,2022
AIMS,2022-07-01T04:15:00Z,STIC03,STIC,20220419-20220701,SW,21038950,33066.9,9.472222,131.5911,1,fair,NA,2022
AIMS,2022-07-01T04:30:00Z,STIC03,STIC,20220419-20220701,SW,21038950,31689.1,9.472222,125.9735,1,fair,NA,2022
AIMS,2022-07-01T04:45:00Z,STIC03,STIC,20220419-20220701,SW,21038950,31689.1,9.472222,125.9735,1,fair,NA,2022
AIMS,2022-07-01T05:00:00Z,STIC03,STIC,20220419-20220701,SW,21038950,31689.1,9.372778,125.9735,1,fair,NA,2022
AIMS,2022-07-01T05:15:00Z,STIC03,STIC,20220419-20220701,SW,21038950,31689.1,9.372778,125.9735,1,fair,NA,2022
AIMS,2022-07-01T05:30:00Z,STIC03,STIC,20220419-20220701,SW,21038950,31689.1,9.372778,125.9735,1,fair,NA,2022
AIMS,2022-07-01T05:45:00Z,STIC03,STIC,20220419-20220701,SW,21038950,31689.1,9.275,125.9735,1,fair,NA,2022
AIMS,2022-07-01T06:00:00Z,STIC03,STIC,20220419-20220701,SW,21038950,31689.1,9.275,125.9735,1,fair,NA,2022
AIMS,2022-07-01T06:15:00Z,STIC03,STIC,20220419-20220701,SW,21038950,31689.1,9.176111,125.9735,1,fair,NA,2022
AIMS,2022-07-01T06:30:00Z,STIC03,STIC,20220419-20220701,SW,21038950,31689.1,9.077222,125.9735,1,fair,NA,2022
AIMS,2022-07-01T06:45:00Z,STIC03,STIC,20220419-20220701,SW,21038950,31689.1,9.077222,125.9735,1,fair,NA,2022
AIMS,2022-07-01T07:00:00Z,STIC03,STIC,20220419-20220701,SW,21038950,31689.1,9.176111,125.9735,1,fair,NA,2022
AIMS,2022-07-01T07:15:00Z,STIC03,STIC,20220419-20220701,SW,21038950,31689.1,9.372778,125.9735,1,fair,NA,2022
AIMS,2022-07-01T07:30:00Z,STIC03,STIC,20220419-20220701,SW,21038950,31689.1,9.668889,125.9735,1,fair,NA,2022
AIMS,2022-07-01T07:45:00Z,STIC03,STIC,20220419-20220701,SW,21038950,31689.1,9.866111,125.9735,1,fair,NA,2022
AIMS,2022-07-01T08:00:00Z,STIC03,STIC,20220419-20220701,SW,21038950,31689.1,10.16111,125.9735,1,fair,NA,2022
AIMS,2022-07-01T08:15:00Z,STIC03,STIC,20220419-20220701,SW,21038950,31689.1,10.35722,125.9735,1,fair,NA,2022
AIMS,2022-07-01T08:30:00Z,STIC03,STIC,20220419-20220701,SW,21038950,31689.1,10.65111,125.9735,1,fair,NA,2022
AIMS,2022-07-01T08:45:00Z,STIC03,STIC,20220419-20220701,SW,21038950,31689.1,10.94389,125.9735,1,fair,NA,2022
AIMS,2022-07-01T09:00:00Z,STIC03,STIC,20220419-20220701,SW,21038950,31689.1,11.13889,125.9735,1,fair,NA,2022
AIMS,2022-07-01T09:15:00Z,STIC03,STIC,20220419-20220701,SW,21038950,33066.9,11.43111,131.5911,1,fair,NA,2022
AIMS,2022-07-01T09:30:00Z,STIC03,STIC,20220419-20220701,SW,21038950,33066.9,11.625,131.5911,1,fair,NA,2022
AIMS,2022-07-01T09:45:00Z,STIC03,STIC,20220419-20220701,SW,21038950,33066.9,11.81889,131.5911,1,fair,NA,2022
AIMS,2022-07-01T10:00:00Z,STIC03,STIC,20220419-20220701,SW,21038950,33066.9,12.01278,131.5911,1,fair,NA,2022
AIMS,2022-07-01T10:15:00Z,STIC03,STIC,20220419-20220701,SW,21038950,31689.1,12.40111,125.9735,1,fair,NA,2022
AIMS,2022-07-01T10:30:00Z,STIC03,STIC,20220419-20220701,SW,21038950,31689.1,12.78722,125.9735,1,fair,NA,2022
AIMS,2022-07-01T10:45:00Z,STIC03,STIC,20220419-20220701,SW,21038950,33066.9,13.07611,131.5911,1,fair,NA,2022
AIMS,2022-07-01T11:00:00Z,STIC03,STIC,20220419-20220701,SW,21038950,33066.9,13.26889,131.5911,1,fair,NA,2022
AIMS,2022-07-01T11:15:00Z,STIC03,STIC,20220419-20220701,SW,21038950,33066.9,13.55778,131.5911,1,fair,NA,2022
AIMS,2022-07-01T11:30:00Z,STIC03,STIC,20220419-20220701,SW,21038950,33066.9,13.75,131.5911,1,fair,NA,2022
AIMS,2022-07-01T11:45:00Z,STIC03,STIC,20220419-20220701,SW,21038950,33066.9,14.13389,131.5911,1,fair,NA,2022
