project,datetime,siteId,rType,rep,sublocation,SN,condUncal,tempC,SpC,wetdry,qual_rating,QAQC
AIMS,2021-09-24T22:00:00Z,PRM07,STIC,20210924-20220314,HS,21035985,37200.2,15.951,211.5993333752,1,excellent,NA
AIMS,2021-09-24T22:30:00Z,PRM07,STIC,20210924-20220314,HS,21035985,35822.5,15.951,204.60505908000002,1,excellent,NA
AIMS,2021-09-24T23:00:00Z,PRM07,STIC,20210924-20220314,HS,21035985,35822.5,15.855,204.60505908000002,1,excellent,NA
AIMS,2021-09-24T23:30:00Z,PRM07,STIC,20210924-20220314,HS,21035985,35822.5,15.76,204.60505908000002,1,excellent,NA
AIMS,2021-09-25T00:00:00Z,PRM07,STIC,20210924-20220314,HS,21035985,37200.2,15.664,211.5993333752,1,excellent,NA
AIMS,2021-09-25T00:30:00Z,PRM07,STIC,20210924-20220314,HS,21035985,37200.2,15.664,211.5993333752,1,excellent,NA
AIMS,2021-09-25T01:00:00Z,PRM07,STIC,20210924-20220314,HS,21035985,37200.2,15.569,211.5993333752,1,excellent,NA
AIMS,2021-09-25T01:30:00Z,PRM07,STIC,20210924-20220314,HS,21035985,35822.5,15.473,204.60505908000002,1,excellent,NA
AIMS,2021-09-25T02:00:00Z,PRM07,STIC,20210924-20220314,HS,21035985,35822.5,15.378,204.60505908000002,1,excellent,NA
AIMS,2021-09-25T02:30:00Z,PRM07,STIC,20210924-20220314,HS,21035985,37200.2,15.282,211.5993333752,1,excellent,NA
AIMS,2021-09-25T03:00:00Z,PRM07,STIC,20210924-20220314,HS,21035985,35822.5,15.187,204.60505908000002,1,excellent,NA
AIMS,2021-09-25T03:30:00Z,PRM07,STIC,20210924-20220314,HS,21035985,35822.5,15.091,204.60505908000002,1,excellent,NA
AIMS,2021-09-25T04:00:00Z,PRM07,STIC,20210924-20220314,HS,21035985,35822.5,15.091,204.60505908000002,1,excellent,NA
AIMS,2021-09-25T04:30:00Z,PRM07,STIC,20210924-20220314,HS,21035985,34444.7,14.996,197.61027710719998,1,excellent,NA
AIMS,2021-09-25T05:00:00Z,PRM07,STIC,20210924-20220314,HS,21035985,35822.5,14.9,204.60505908000002,1,excellent,NA
AIMS,2021-09-25T05:30:00Z,PRM07,STIC,20210924-20220314,HS,21035985,35822.5,14.613,204.60505908000002,1,excellent,NA
AIMS,2021-09-25T06:00:00Z,PRM07,STIC,20210924-20220314,HS,21035985,35822.5,14.517,204.60505908000002,1,excellent,NA
AIMS,2021-09-25T06:30:00Z,PRM07,STIC,20210924-20220314,HS,21035985,37200.2,14.421,211.5993333752,1,excellent,NA
AIMS,2021-09-25T07:00:00Z,PRM07,STIC,20210924-20220314,HS,21035985,34444.7,14.325,197.61027710719998,1,excellent,NA
AIMS,2021-09-25T07:30:00Z,PRM07,STIC,20210924-20220314,HS,21035985,35822.5,14.23,204.60505908000002,1,excellent,NA
AIMS,2021-09-25T08:00:00Z,PRM07,STIC,20210924-20220314,HS,21035985,37200.2,14.134,211.5993333752,1,excellent,NA
AIMS,2021-09-25T08:30:00Z,PRM07,STIC,20210924-20220314,HS,21035985,35822.5,14.038,204.60505908000002,1,excellent,NA
AIMS,2021-09-25T09:00:00Z,PRM07,STIC,20210924-20220314,HS,21035985,35822.5,14.038,204.60505908000002,1,excellent,NA
AIMS,2021-09-25T09:30:00Z,PRM07,STIC,20210924-20220314,HS,21035985,37200.2,14.038,211.5993333752,1,excellent,NA
AIMS,2021-09-25T10:00:00Z,PRM07,STIC,20210924-20220314,HS,21035985,37200.2,13.942,211.5993333752,1,excellent,NA
AIMS,2021-09-25T10:30:00Z,PRM07,STIC,20210924-20220314,HS,21035985,37200.2,13.942,211.5993333752,1,excellent,NA
AIMS,2021-09-25T11:00:00Z,PRM07,STIC,20210924-20220314,HS,21035985,35822.5,13.846,204.60505908000002,1,excellent,NA
AIMS,2021-09-25T11:30:00Z,PRM07,STIC,20210924-20220314,HS,21035985,35822.5,13.654,204.60505908000002,1,excellent,NA
AIMS,2021-09-25T12:00:00Z,PRM07,STIC,20210924-20220314,HS,21035985,37200.2,13.461,211.5993333752,1,excellent,NA
AIMS,2021-09-25T12:30:00Z,PRM07,STIC,20210924-20220314,HS,21035985,35822.5,13.461,204.60505908000002,1,excellent,NA
AIMS,2021-09-25T13:00:00Z,PRM07,STIC,20210924-20220314,HS,21035985,37200.2,13.461,211.5993333752,1,excellent,NA
AIMS,2021-09-25T13:30:00Z,PRM07,STIC,20210924-20220314,HS,21035985,35822.5,13.75,204.60505908000002,1,excellent,NA
AIMS,2021-09-25T14:00:00Z,PRM07,STIC,20210924-20220314,HS,21035985,34444.7,14.038,197.61027710719998,1,excellent,NA
AIMS,2021-09-25T14:30:00Z,PRM07,STIC,20210924-20220314,HS,21035985,34444.7,14.421,197.61027710719998,1,excellent,NA
AIMS,2021-09-25T15:00:00Z,PRM07,STIC,20210924-20220314,HS,21035985,34444.7,14.709,197.61027710719998,1,excellent,NA
AIMS,2021-09-25T15:30:00Z,PRM07,STIC,20210924-20220314,HS,21035985,37200.2,14.9,211.5993333752,1,excellent,NA
AIMS,2021-09-25T16:00:00Z,PRM07,STIC,20210924-20220314,HS,21035985,35822.5,15.091,204.60505908000002,1,excellent,NA
AIMS,2021-09-25T16:30:00Z,PRM07,STIC,20210924-20220314,HS,21035985,35822.5,15.378,204.60505908000002,1,excellent,NA
AIMS,2021-09-25T17:00:00Z,PRM07,STIC,20210924-20220314,HS,21035985,35822.5,15.664,204.60505908000002,1,excellent,NA
AIMS,2021-09-25T17:30:00Z,PRM07,STIC,20210924-20220314,HS,21035985,34444.7,15.76,197.61027710719998,1,excellent,NA
AIMS,2021-09-25T18:00:00Z,PRM07,STIC,20210924-20220314,HS,21035985,35822.5,15.951,204.60505908000002,1,excellent,NA
AIMS,2021-09-25T18:30:00Z,PRM07,STIC,20210924-20220314,HS,21035985,34444.7,16.141,197.61027710719998,1,excellent,NA
AIMS,2021-09-25T19:00:00Z,PRM07,STIC,20210924-20220314,HS,21035985,35822.5,16.332,204.60505908000002,1,excellent,NA
AIMS,2021-09-25T19:30:00Z,PRM07,STIC,20210924-20220314,HS,21035985,34444.7,16.427,197.61027710719998,1,excellent,NA
AIMS,2021-09-25T20:00:00Z,PRM07,STIC,20210924-20220314,HS,21035985,35822.5,16.523,204.60505908000002,1,excellent,NA
AIMS,2021-09-25T20:30:00Z,PRM07,STIC,20210924-20220314,HS,21035985,33066.9,16.713,190.61549513440002,1,excellent,NA
AIMS,2021-09-25T21:00:00Z,PRM07,STIC,20210924-20220314,HS,21035985,33066.9,16.713,190.61549513440002,1,excellent,NA
AIMS,2021-09-25T21:30:00Z,PRM07,STIC,20210924-20220314,HS,21035985,34444.7,16.713,197.61027710719998,1,excellent,NA
AIMS,2021-09-25T22:00:00Z,PRM07,STIC,20210924-20220314,HS,21035985,33066.9,16.523,190.61549513440002,1,excellent,NA
AIMS,2021-09-25T22:30:00Z,PRM07,STIC,20210924-20220314,HS,21035985,34444.7,16.523,197.61027710719998,1,excellent,NA
AIMS,2021-09-25T23:00:00Z,PRM07,STIC,20210924-20220314,HS,21035985,34444.7,16.427,197.61027710719998,1,excellent,NA
AIMS,2021-09-25T23:30:00Z,PRM07,STIC,20210924-20220314,HS,21035985,34444.7,16.332,197.61027710719998,1,excellent,NA
AIMS,2021-09-26T00:00:00Z,PRM07,STIC,20210924-20220314,HS,21035985,34444.7,16.141,197.61027710719998,1,excellent,NA
AIMS,2021-09-26T00:30:00Z,PRM07,STIC,20210924-20220314,HS,21035985,35822.5,15.951,204.60505908000002,1,excellent,NA
AIMS,2021-09-26T01:00:00Z,PRM07,STIC,20210924-20220314,HS,21035985,34444.7,15.76,197.61027710719998,1,excellent,NA
AIMS,2021-09-26T01:30:00Z,PRM07,STIC,20210924-20220314,HS,21035985,33066.9,15.569,190.61549513440002,1,excellent,NA
AIMS,2021-09-26T02:00:00Z,PRM07,STIC,20210924-20220314,HS,21035985,34444.7,15.473,197.61027710719998,1,excellent,NA
AIMS,2021-09-26T02:30:00Z,PRM07,STIC,20210924-20220314,HS,21035985,34444.7,15.378,197.61027710719998,1,excellent,NA
AIMS,2021-09-26T03:00:00Z,PRM07,STIC,20210924-20220314,HS,21035985,34444.7,15.378,197.61027710719998,1,excellent,NA
AIMS,2021-09-26T03:30:00Z,PRM07,STIC,20210924-20220314,HS,21035985,34444.7,15.282,197.61027710719998,1,excellent,NA
AIMS,2021-09-26T04:00:00Z,PRM07,STIC,20210924-20220314,HS,21035985,34444.7,15.091,197.61027710719998,1,excellent,NA
AIMS,2021-09-26T04:30:00Z,PRM07,STIC,20210924-20220314,HS,21035985,34444.7,14.996,197.61027710719998,1,excellent,NA
AIMS,2021-09-26T05:00:00Z,PRM07,STIC,20210924-20220314,HS,21035985,34444.7,14.804,197.61027710719998,1,excellent,NA
AIMS,2021-09-26T05:30:00Z,PRM07,STIC,20210924-20220314,HS,21035985,34444.7,14.804,197.61027710719998,1,excellent,NA
AIMS,2021-09-26T06:00:00Z,PRM07,STIC,20210924-20220314,HS,21035985,34444.7,14.709,197.61027710719998,1,excellent,NA
AIMS,2021-09-26T06:30:00Z,PRM07,STIC,20210924-20220314,HS,21035985,34444.7,14.613,197.61027710719998,1,excellent,NA
AIMS,2021-09-26T07:00:00Z,PRM07,STIC,20210924-20220314,HS,21035985,34444.7,14.613,197.61027710719998,1,excellent,NA
AIMS,2021-09-26T07:30:00Z,PRM07,STIC,20210924-20220314,HS,21035985,34444.7,14.517,197.61027710719998,1,excellent,NA
AIMS,2021-09-26T08:00:00Z,PRM07,STIC,20210924-20220314,HS,21035985,34444.7,14.517,197.61027710719998,1,excellent,NA
AIMS,2021-09-26T08:30:00Z,PRM07,STIC,20210924-20220314,HS,21035985,34444.7,14.517,197.61027710719998,1,excellent,NA
AIMS,2021-09-26T09:00:00Z,PRM07,STIC,20210924-20220314,HS,21035985,34444.7,14.517,197.61027710719998,1,excellent,NA
AIMS,2021-09-26T09:30:00Z,PRM07,STIC,20210924-20220314,HS,21035985,34444.7,14.517,197.61027710719998,1,excellent,NA
AIMS,2021-09-26T10:00:00Z,PRM07,STIC,20210924-20220314,HS,21035985,34444.7,14.421,197.61027710719998,1,excellent,NA
AIMS,2021-09-26T10:30:00Z,PRM07,STIC,20210924-20220314,HS,21035985,33066.9,14.421,190.61549513440002,1,excellent,NA
AIMS,2021-09-26T11:00:00Z,PRM07,STIC,20210924-20220314,HS,21035985,34444.7,14.421,197.61027710719998,1,excellent,NA
AIMS,2021-09-26T11:30:00Z,PRM07,STIC,20210924-20220314,HS,21035985,34444.7,14.325,197.61027710719998,1,excellent,NA
AIMS,2021-09-26T12:00:00Z,PRM07,STIC,20210924-20220314,HS,21035985,34444.7,14.23,197.61027710719998,1,excellent,NA
AIMS,2021-09-26T12:30:00Z,PRM07,STIC,20210924-20220314,HS,21035985,34444.7,14.23,197.61027710719998,1,excellent,NA
AIMS,2021-09-26T13:00:00Z,PRM07,STIC,20210924-20220314,HS,21035985,34444.7,14.325,197.61027710719998,1,excellent,NA
AIMS,2021-09-26T13:30:00Z,PRM07,STIC,20210924-20220314,HS,21035985,34444.7,14.421,197.61027710719998,1,excellent,NA
AIMS,2021-09-26T14:00:00Z,PRM07,STIC,20210924-20220314,HS,21035985,33066.9,14.613,190.61549513440002,1,excellent,NA
AIMS,2021-09-26T14:30:00Z,PRM07,STIC,20210924-20220314,HS,21035985,34444.7,15.091,197.61027710719998,1,excellent,NA
AIMS,2021-09-26T15:00:00Z,PRM07,STIC,20210924-20220314,HS,21035985,34444.7,15.473,197.61027710719998,1,excellent,NA
AIMS,2021-09-26T15:30:00Z,PRM07,STIC,20210924-20220314,HS,21035985,34444.7,15.664,197.61027710719998,1,excellent,NA
AIMS,2021-09-26T16:00:00Z,PRM07,STIC,20210924-20220314,HS,21035985,33066.9,16.046,190.61549513440002,1,excellent,NA
AIMS,2021-09-26T16:30:00Z,PRM07,STIC,20210924-20220314,HS,21035985,33066.9,16.523,190.61549513440002,1,excellent,NA
AIMS,2021-09-26T17:00:00Z,PRM07,STIC,20210924-20220314,HS,21035985,34444.7,16.808,197.61027710719998,1,excellent,NA
AIMS,2021-09-26T17:30:00Z,PRM07,STIC,20210924-20220314,HS,21035985,34444.7,16.999,197.61027710719998,1,excellent,NA
AIMS,2021-09-26T18:00:00Z,PRM07,STIC,20210924-20220314,HS,21035985,30311.3,16.999,176.6259311888,1,excellent,NA
AIMS,2021-09-26T18:30:00Z,PRM07,STIC,20210924-20220314,HS,21035985,33066.9,17.094,190.61549513440002,1,excellent,NA
AIMS,2021-09-26T19:00:00Z,PRM07,STIC,20210924-20220314,HS,21035985,33066.9,17.094,190.61549513440002,1,excellent,NA
AIMS,2021-09-26T19:30:00Z,PRM07,STIC,20210924-20220314,HS,21035985,31689.1,17.284,183.6207131616,1,excellent,NA
AIMS,2021-09-26T20:00:00Z,PRM07,STIC,20210924-20220314,HS,21035985,31689.1,17.189,183.6207131616,1,excellent,NA
AIMS,2021-09-26T20:30:00Z,PRM07,STIC,20210924-20220314,HS,21035985,31689.1,17.094,183.6207131616,1,excellent,NA
AIMS,2021-09-26T21:00:00Z,PRM07,STIC,20210924-20220314,HS,21035985,31689.1,17.189,183.6207131616,1,excellent,NA
AIMS,2021-09-26T21:30:00Z,PRM07,STIC,20210924-20220314,HS,21035985,33066.9,17.57,190.61549513440002,1,excellent,NA
AIMS,2021-09-26T22:00:00Z,PRM07,STIC,20210924-20220314,HS,21035985,31689.1,17.284,183.6207131616,1,excellent,NA
AIMS,2021-09-26T22:30:00Z,PRM07,STIC,20210924-20220314,HS,21035985,33066.9,17.094,190.61549513440002,1,excellent,NA
AIMS,2021-09-26T23:00:00Z,PRM07,STIC,20210924-20220314,HS,21035985,31689.1,16.903,183.6207131616,1,excellent,NA
AIMS,2021-09-26T23:30:00Z,PRM07,STIC,20210924-20220314,HS,21035985,33066.9,16.808,190.61549513440002,1,excellent,NA
AIMS,2021-09-27T00:00:00Z,PRM07,STIC,20210924-20220314,HS,21035985,33066.9,16.523,190.61549513440002,1,excellent,NA
AIMS,2021-09-27T00:30:00Z,PRM07,STIC,20210924-20220314,HS,21035985,33066.9,16.332,190.61549513440002,1,excellent,NA
AIMS,2021-09-27T01:00:00Z,PRM07,STIC,20210924-20220314,HS,21035985,33066.9,16.141,190.61549513440002,1,excellent,NA
AIMS,2021-09-27T01:30:00Z,PRM07,STIC,20210924-20220314,HS,21035985,33066.9,15.951,190.61549513440002,1,excellent,NA
AIMS,2021-09-27T02:00:00Z,PRM07,STIC,20210924-20220314,HS,21035985,33066.9,15.76,190.61549513440002,1,excellent,NA
AIMS,2021-09-27T02:30:00Z,PRM07,STIC,20210924-20220314,HS,21035985,33066.9,15.664,190.61549513440002,1,excellent,NA
AIMS,2021-09-27T03:00:00Z,PRM07,STIC,20210924-20220314,HS,21035985,33066.9,15.569,190.61549513440002,1,excellent,NA
AIMS,2021-09-27T03:30:00Z,PRM07,STIC,20210924-20220314,HS,21035985,33066.9,15.378,190.61549513440002,1,excellent,NA
AIMS,2021-09-27T04:00:00Z,PRM07,STIC,20210924-20220314,HS,21035985,33066.9,15.282,190.61549513440002,1,excellent,NA
AIMS,2021-09-27T04:30:00Z,PRM07,STIC,20210924-20220314,HS,21035985,33066.9,15.091,190.61549513440002,1,excellent,NA
AIMS,2021-09-27T05:00:00Z,PRM07,STIC,20210924-20220314,HS,21035985,33066.9,14.9,190.61549513440002,1,excellent,NA
AIMS,2021-09-27T05:30:00Z,PRM07,STIC,20210924-20220314,HS,21035985,33066.9,14.804,190.61549513440002,1,excellent,NA
AIMS,2021-09-27T06:00:00Z,PRM07,STIC,20210924-20220314,HS,21035985,33066.9,14.709,190.61549513440002,1,excellent,NA
AIMS,2021-09-27T06:30:00Z,PRM07,STIC,20210924-20220314,HS,21035985,33066.9,14.613,190.61549513440002,1,excellent,NA
AIMS,2021-09-27T07:00:00Z,PRM07,STIC,20210924-20220314,HS,21035985,33066.9,14.709,190.61549513440002,1,excellent,NA
AIMS,2021-09-27T07:30:00Z,PRM07,STIC,20210924-20220314,HS,21035985,33066.9,14.709,190.61549513440002,1,excellent,NA
AIMS,2021-09-27T08:00:00Z,PRM07,STIC,20210924-20220314,HS,21035985,33066.9,14.709,190.61549513440002,1,excellent,NA
AIMS,2021-09-27T08:30:00Z,PRM07,STIC,20210924-20220314,HS,21035985,33066.9,14.804,190.61549513440002,1,excellent,NA
AIMS,2021-09-27T09:00:00Z,PRM07,STIC,20210924-20220314,HS,21035985,33066.9,14.9,190.61549513440002,1,excellent,NA
AIMS,2021-09-27T09:30:00Z,PRM07,STIC,20210924-20220314,HS,21035985,33066.9,14.804,190.61549513440002,1,excellent,NA
AIMS,2021-09-27T10:00:00Z,PRM07,STIC,20210924-20220314,HS,21035985,33066.9,14.709,190.61549513440002,1,excellent,NA
AIMS,2021-09-27T10:30:00Z,PRM07,STIC,20210924-20220314,HS,21035985,33066.9,14.709,190.61549513440002,1,excellent,NA
AIMS,2021-09-27T11:00:00Z,PRM07,STIC,20210924-20220314,HS,21035985,33066.9,14.517,190.61549513440002,1,excellent,NA
AIMS,2021-09-27T11:30:00Z,PRM07,STIC,20210924-20220314,HS,21035985,33066.9,14.517,190.61549513440002,1,excellent,NA
AIMS,2021-09-27T12:00:00Z,PRM07,STIC,20210924-20220314,HS,21035985,33066.9,14.325,190.61549513440002,1,excellent,NA
AIMS,2021-09-27T12:30:00Z,PRM07,STIC,20210924-20220314,HS,21035985,33066.9,14.325,190.61549513440002,1,excellent,NA
AIMS,2021-09-27T13:00:00Z,PRM07,STIC,20210924-20220314,HS,21035985,33066.9,14.325,190.61549513440002,1,excellent,NA
AIMS,2021-09-27T13:30:00Z,PRM07,STIC,20210924-20220314,HS,21035985,33066.9,14.517,190.61549513440002,1,excellent,NA
AIMS,2021-09-27T14:00:00Z,PRM07,STIC,20210924-20220314,HS,21035985,33066.9,14.9,190.61549513440002,1,excellent,NA
AIMS,2021-09-27T14:30:00Z,PRM07,STIC,20210924-20220314,HS,21035985,33066.9,15.378,190.61549513440002,1,excellent,NA
AIMS,2021-09-27T15:00:00Z,PRM07,STIC,20210924-20220314,HS,21035985,33066.9,15.664,190.61549513440002,1,excellent,NA
AIMS,2021-09-27T15:30:00Z,PRM07,STIC,20210924-20220314,HS,21035985,33066.9,16.046,190.61549513440002,1,excellent,NA
AIMS,2021-09-27T16:00:00Z,PRM07,STIC,20210924-20220314,HS,21035985,31689.1,16.427,183.6207131616,1,excellent,NA
AIMS,2021-09-27T16:30:00Z,PRM07,STIC,20210924-20220314,HS,21035985,30311.3,16.999,176.6259311888,1,excellent,NA
AIMS,2021-09-27T17:00:00Z,PRM07,STIC,20210924-20220314,HS,21035985,139.9,17.189,23.4524917824,0,excellent,NA
AIMS,2021-09-27T17:30:00Z,PRM07,STIC,20210924-20220314,HS,21035985,64.6,17.379,23.0702105496,0,excellent,NA
AIMS,2021-09-27T18:00:00Z,PRM07,STIC,20210924-20220314,HS,21035985,0,17.379,22.74225082,0,excellent,NA
AIMS,2021-09-27T18:30:00Z,PRM07,STIC,20210924-20220314,HS,21035985,0,17.95,22.74225082,0,excellent,NA
AIMS,2021-09-27T19:00:00Z,PRM07,STIC,20210924-20220314,HS,21035985,0,18.331,22.74225082,0,excellent,NA
AIMS,2021-09-27T19:30:00Z,PRM07,STIC,20210924-20220314,HS,21035985,0,18.616,22.74225082,0,excellent,NA
AIMS,2021-09-27T20:00:00Z,PRM07,STIC,20210924-20220314,HS,21035985,0,18.806,22.74225082,0,excellent,NA
AIMS,2021-09-27T20:30:00Z,PRM07,STIC,20210924-20220314,HS,21035985,0,18.806,22.74225082,0,excellent,NA
AIMS,2021-09-27T21:00:00Z,PRM07,STIC,20210924-20220314,HS,21035985,0,18.711,22.74225082,0,excellent,NA
AIMS,2021-09-27T21:30:00Z,PRM07,STIC,20210924-20220314,HS,21035985,0,19.377,22.74225082,0,excellent,NA
AIMS,2021-09-27T22:00:00Z,PRM07,STIC,20210924-20220314,HS,21035985,0,18.616,22.74225082,0,excellent,NA
AIMS,2021-09-27T22:30:00Z,PRM07,STIC,20210924-20220314,HS,21035985,0,18.236,22.74225082,0,excellent,NA
AIMS,2021-09-27T23:00:00Z,PRM07,STIC,20210924-20220314,HS,21035985,0,17.95,22.74225082,0,excellent,NA
AIMS,2021-09-27T23:30:00Z,PRM07,STIC,20210924-20220314,HS,21035985,0,17.76,22.74225082,0,excellent,NA
AIMS,2021-09-28T00:00:00Z,PRM07,STIC,20210924-20220314,HS,21035985,0,17.57,22.74225082,0,excellent,NA
AIMS,2021-09-28T00:30:00Z,PRM07,STIC,20210924-20220314,HS,21035985,0,17.189,22.74225082,0,excellent,NA
AIMS,2021-09-28T01:00:00Z,PRM07,STIC,20210924-20220314,HS,21035985,0,16.808,22.74225082,0,excellent,NA
AIMS,2021-09-28T01:30:00Z,PRM07,STIC,20210924-20220314,HS,21035985,0,16.523,22.74225082,0,excellent,NA
AIMS,2021-09-28T02:00:00Z,PRM07,STIC,20210924-20220314,HS,21035985,0,16.332,22.74225082,0,excellent,NA
AIMS,2021-09-28T02:30:00Z,PRM07,STIC,20210924-20220314,HS,21035985,0,16.141,22.74225082,0,excellent,NA
AIMS,2021-09-28T03:00:00Z,PRM07,STIC,20210924-20220314,HS,21035985,0,15.951,22.74225082,0,excellent,NA
AIMS,2021-09-28T03:30:00Z,PRM07,STIC,20210924-20220314,HS,21035985,0,15.664,22.74225082,0,excellent,NA
AIMS,2021-09-28T04:00:00Z,PRM07,STIC,20210924-20220314,HS,21035985,0,15.473,22.74225082,0,excellent,NA
AIMS,2021-09-28T04:30:00Z,PRM07,STIC,20210924-20220314,HS,21035985,0,15.282,22.74225082,0,excellent,NA
AIMS,2021-09-28T05:00:00Z,PRM07,STIC,20210924-20220314,HS,21035985,0,15.187,22.74225082,0,excellent,NA
AIMS,2021-09-28T05:30:00Z,PRM07,STIC,20210924-20220314,HS,21035985,0,14.9,22.74225082,0,excellent,NA
AIMS,2021-09-28T06:00:00Z,PRM07,STIC,20210924-20220314,HS,21035985,0,14.804,22.74225082,0,excellent,NA
AIMS,2021-09-28T06:30:00Z,PRM07,STIC,20210924-20220314,HS,21035985,0,14.613,22.74225082,0,excellent,NA
AIMS,2021-09-28T07:00:00Z,PRM07,STIC,20210924-20220314,HS,21035985,0,14.613,22.74225082,0,excellent,NA
AIMS,2021-09-28T07:30:00Z,PRM07,STIC,20210924-20220314,HS,21035985,0,14.517,22.74225082,0,excellent,NA
AIMS,2021-09-28T08:00:00Z,PRM07,STIC,20210924-20220314,HS,21035985,0,14.421,22.74225082,0,excellent,NA
AIMS,2021-09-28T08:30:00Z,PRM07,STIC,20210924-20220314,HS,21035985,0,14.421,22.74225082,0,excellent,NA
AIMS,2021-09-28T09:00:00Z,PRM07,STIC,20210924-20220314,HS,21035985,0,14.325,22.74225082,0,excellent,NA
AIMS,2021-09-28T09:30:00Z,PRM07,STIC,20210924-20220314,HS,21035985,0,14.23,22.74225082,0,excellent,NA
AIMS,2021-09-28T10:00:00Z,PRM07,STIC,20210924-20220314,HS,21035985,0,14.325,22.74225082,0,excellent,NA
AIMS,2021-09-28T10:30:00Z,PRM07,STIC,20210924-20220314,HS,21035985,0,14.23,22.74225082,0,excellent,NA
AIMS,2021-09-28T11:00:00Z,PRM07,STIC,20210924-20220314,HS,21035985,0,14.134,22.74225082,0,excellent,NA
AIMS,2021-09-28T11:30:00Z,PRM07,STIC,20210924-20220314,HS,21035985,0,14.038,22.74225082,0,excellent,NA
AIMS,2021-09-28T12:00:00Z,PRM07,STIC,20210924-20220314,HS,21035985,0,14.038,22.74225082,0,excellent,NA
AIMS,2021-09-28T12:30:00Z,PRM07,STIC,20210924-20220314,HS,21035985,0,14.038,22.74225082,0,excellent,NA
AIMS,2021-09-28T13:00:00Z,PRM07,STIC,20210924-20220314,HS,21035985,0,14.134,22.74225082,0,excellent,NA
AIMS,2021-09-28T13:30:00Z,PRM07,STIC,20210924-20220314,HS,21035985,0,14.325,22.74225082,0,excellent,NA
AIMS,2021-09-28T14:00:00Z,PRM07,STIC,20210924-20220314,HS,21035985,0,14.804,22.74225082,0,excellent,NA
AIMS,2021-09-28T14:30:00Z,PRM07,STIC,20210924-20220314,HS,21035985,0,15.282,22.74225082,0,excellent,NA
AIMS,2021-09-28T15:00:00Z,PRM07,STIC,20210924-20220314,HS,21035985,0,15.76,22.74225082,0,excellent,NA
AIMS,2021-09-28T15:30:00Z,PRM07,STIC,20210924-20220314,HS,21035985,0,16.332,22.74225082,0,excellent,NA
AIMS,2021-09-28T16:00:00Z,PRM07,STIC,20210924-20220314,HS,21035985,0,16.903,22.74225082,0,excellent,NA
AIMS,2021-09-28T16:30:00Z,PRM07,STIC,20210924-20220314,HS,21035985,0,17.855,22.74225082,0,excellent,NA
AIMS,2021-09-28T17:00:00Z,PRM07,STIC,20210924-20220314,HS,21035985,0,18.331,22.74225082,0,excellent,NA
AIMS,2021-09-28T17:30:00Z,PRM07,STIC,20210924-20220314,HS,21035985,0,18.616,22.74225082,0,excellent,NA
AIMS,2021-09-28T18:00:00Z,PRM07,STIC,20210924-20220314,HS,21035985,0,18.711,22.74225082,0,excellent,NA
AIMS,2021-09-28T18:30:00Z,PRM07,STIC,20210924-20220314,HS,21035985,0,18.901,22.74225082,0,excellent,NA
AIMS,2021-09-28T19:00:00Z,PRM07,STIC,20210924-20220314,HS,21035985,0,19.187,22.74225082,0,excellent,NA
AIMS,2021-09-28T19:30:00Z,PRM07,STIC,20210924-20220314,HS,21035985,0,19.472,22.74225082,0,excellent,NA
AIMS,2021-09-28T20:00:00Z,PRM07,STIC,20210924-20220314,HS,21035985,0,19.662,22.74225082,0,excellent,NA
AIMS,2021-09-28T20:30:00Z,PRM07,STIC,20210924-20220314,HS,21035985,0,19.567,22.74225082,0,excellent,NA
AIMS,2021-09-28T21:00:00Z,PRM07,STIC,20210924-20220314,HS,21035985,0,19.662,22.74225082,0,excellent,NA
AIMS,2021-09-28T21:30:00Z,PRM07,STIC,20210924-20220314,HS,21035985,0,20.329,22.74225082,0,excellent,NA
AIMS,2021-09-28T22:00:00Z,PRM07,STIC,20210924-20220314,HS,21035985,0,19.567,22.74225082,0,excellent,NA
AIMS,2021-09-28T22:30:00Z,PRM07,STIC,20210924-20220314,HS,21035985,0,19.282,22.74225082,0,excellent,NA
AIMS,2021-09-28T23:00:00Z,PRM07,STIC,20210924-20220314,HS,21035985,0,18.996,22.74225082,0,excellent,NA
AIMS,2021-09-28T23:30:00Z,PRM07,STIC,20210924-20220314,HS,21035985,0,18.901,22.74225082,0,excellent,NA
AIMS,2021-09-29T00:00:00Z,PRM07,STIC,20210924-20220314,HS,21035985,0,18.711,22.74225082,0,excellent,NA
AIMS,2021-09-29T00:30:00Z,PRM07,STIC,20210924-20220314,HS,21035985,0,18.521,22.74225082,0,excellent,NA
AIMS,2021-09-29T01:00:00Z,PRM07,STIC,20210924-20220314,HS,21035985,0,18.426,22.74225082,0,excellent,NA
AIMS,2021-09-29T01:30:00Z,PRM07,STIC,20210924-20220314,HS,21035985,0,18.236,22.74225082,0,excellent,NA
AIMS,2021-09-29T02:00:00Z,PRM07,STIC,20210924-20220314,HS,21035985,0,18.045,22.74225082,0,excellent,NA
AIMS,2021-09-29T02:30:00Z,PRM07,STIC,20210924-20220314,HS,21035985,0,17.95,22.74225082,0,excellent,NA
AIMS,2021-09-29T03:00:00Z,PRM07,STIC,20210924-20220314,HS,21035985,0,17.76,22.74225082,0,excellent,NA
AIMS,2021-09-29T03:30:00Z,PRM07,STIC,20210924-20220314,HS,21035985,0,17.57,22.74225082,0,excellent,NA
AIMS,2021-09-29T04:00:00Z,PRM07,STIC,20210924-20220314,HS,21035985,0,17.379,22.74225082,0,excellent,NA
AIMS,2021-09-29T04:30:00Z,PRM07,STIC,20210924-20220314,HS,21035985,0,17.189,22.74225082,0,excellent,NA
AIMS,2021-09-29T05:00:00Z,PRM07,STIC,20210924-20220314,HS,21035985,0,17.094,22.74225082,0,excellent,NA
AIMS,2021-09-29T05:30:00Z,PRM07,STIC,20210924-20220314,HS,21035985,0,16.903,22.74225082,0,excellent,NA
AIMS,2021-09-29T06:00:00Z,PRM07,STIC,20210924-20220314,HS,21035985,0,16.808,22.74225082,0,excellent,NA
AIMS,2021-09-29T06:30:00Z,PRM07,STIC,20210924-20220314,HS,21035985,0,16.618,22.74225082,0,excellent,NA
AIMS,2021-09-29T07:00:00Z,PRM07,STIC,20210924-20220314,HS,21035985,0,16.618,22.74225082,0,excellent,NA
AIMS,2021-09-29T07:30:00Z,PRM07,STIC,20210924-20220314,HS,21035985,0,16.523,22.74225082,0,excellent,NA
AIMS,2021-09-29T08:00:00Z,PRM07,STIC,20210924-20220314,HS,21035985,0,16.427,22.74225082,0,excellent,NA
AIMS,2021-09-29T08:30:00Z,PRM07,STIC,20210924-20220314,HS,21035985,0,16.332,22.74225082,0,excellent,NA
AIMS,2021-09-29T09:00:00Z,PRM07,STIC,20210924-20220314,HS,21035985,0,16.332,22.74225082,0,excellent,NA
AIMS,2021-09-29T09:30:00Z,PRM07,STIC,20210924-20220314,HS,21035985,0,16.332,22.74225082,0,excellent,NA
AIMS,2021-09-29T10:00:00Z,PRM07,STIC,20210924-20220314,HS,21035985,0,16.237,22.74225082,0,excellent,NA
AIMS,2021-09-29T10:30:00Z,PRM07,STIC,20210924-20220314,HS,21035985,0,16.141,22.74225082,0,excellent,NA
AIMS,2021-09-29T11:00:00Z,PRM07,STIC,20210924-20220314,HS,21035985,0,16.046,22.74225082,0,excellent,NA
AIMS,2021-09-29T11:30:00Z,PRM07,STIC,20210924-20220314,HS,21035985,0,15.855,22.74225082,0,excellent,NA
AIMS,2021-09-29T12:00:00Z,PRM07,STIC,20210924-20220314,HS,21035985,0,15.855,22.74225082,0,excellent,NA
AIMS,2021-09-29T12:30:00Z,PRM07,STIC,20210924-20220314,HS,21035985,0,15.855,22.74225082,0,excellent,NA
AIMS,2021-09-29T13:00:00Z,PRM07,STIC,20210924-20220314,HS,21035985,0,16.046,22.74225082,0,excellent,NA
AIMS,2021-09-29T13:30:00Z,PRM07,STIC,20210924-20220314,HS,21035985,0,16.237,22.74225082,0,excellent,NA
AIMS,2021-09-29T14:00:00Z,PRM07,STIC,20210924-20220314,HS,21035985,0,16.523,22.74225082,0,excellent,NA
AIMS,2021-09-29T14:30:00Z,PRM07,STIC,20210924-20220314,HS,21035985,0,16.808,22.74225082,0,excellent,NA
AIMS,2021-09-29T15:00:00Z,PRM07,STIC,20210924-20220314,HS,21035985,0,17.284,22.74225082,0,excellent,NA
AIMS,2021-09-29T15:30:00Z,PRM07,STIC,20210924-20220314,HS,21035985,0,17.76,22.74225082,0,excellent,NA
AIMS,2021-09-29T16:00:00Z,PRM07,STIC,20210924-20220314,HS,21035985,0,18.236,22.74225082,0,excellent,NA
AIMS,2021-09-29T16:30:00Z,PRM07,STIC,20210924-20220314,HS,21035985,0,18.711,22.74225082,0,excellent,NA
AIMS,2021-09-29T17:00:00Z,PRM07,STIC,20210924-20220314,HS,21035985,0,19.282,22.74225082,0,excellent,NA
AIMS,2021-09-29T17:30:00Z,PRM07,STIC,20210924-20220314,HS,21035985,0,19.662,22.74225082,0,excellent,NA
AIMS,2021-09-29T18:00:00Z,PRM07,STIC,20210924-20220314,HS,21035985,0,19.948,22.74225082,0,excellent,NA
AIMS,2021-09-29T18:30:00Z,PRM07,STIC,20210924-20220314,HS,21035985,0,19.948,22.74225082,0,excellent,NA
AIMS,2021-09-29T19:00:00Z,PRM07,STIC,20210924-20220314,HS,21035985,0,20.424,22.74225082,0,excellent,NA
AIMS,2021-09-29T19:30:00Z,PRM07,STIC,20210924-20220314,HS,21035985,0,20.519,22.74225082,0,excellent,NA
AIMS,2021-09-29T20:00:00Z,PRM07,STIC,20210924-20220314,HS,21035985,0,20.71,22.74225082,0,excellent,NA
AIMS,2021-09-29T20:30:00Z,PRM07,STIC,20210924-20220314,HS,21035985,0,20.424,22.74225082,0,excellent,NA
AIMS,2021-09-29T21:00:00Z,PRM07,STIC,20210924-20220314,HS,21035985,0,20.615,22.74225082,0,excellent,NA
AIMS,2021-09-29T21:30:00Z,PRM07,STIC,20210924-20220314,HS,21035985,0,21.569,22.74225082,0,excellent,NA
AIMS,2021-09-29T22:00:00Z,PRM07,STIC,20210924-20220314,HS,21035985,0,20.615,22.74225082,0,excellent,NA
AIMS,2021-09-29T22:30:00Z,PRM07,STIC,20210924-20220314,HS,21035985,0,20.138,22.74225082,0,excellent,NA
AIMS,2021-09-29T23:00:00Z,PRM07,STIC,20210924-20220314,HS,21035985,0,19.948,22.74225082,0,excellent,NA
AIMS,2021-09-29T23:30:00Z,PRM07,STIC,20210924-20220314,HS,21035985,0,19.662,22.74225082,0,excellent,NA
AIMS,2021-09-30T00:00:00Z,PRM07,STIC,20210924-20220314,HS,21035985,0,19.472,22.74225082,0,excellent,NA
AIMS,2021-09-30T00:30:00Z,PRM07,STIC,20210924-20220314,HS,21035985,0,19.187,22.74225082,0,excellent,NA
AIMS,2021-09-30T01:00:00Z,PRM07,STIC,20210924-20220314,HS,21035985,0,18.996,22.74225082,0,excellent,NA
AIMS,2021-09-30T01:30:00Z,PRM07,STIC,20210924-20220314,HS,21035985,0,18.806,22.74225082,0,excellent,NA
AIMS,2021-09-30T02:00:00Z,PRM07,STIC,20210924-20220314,HS,21035985,0,18.711,22.74225082,0,excellent,NA
AIMS,2021-09-30T02:30:00Z,PRM07,STIC,20210924-20220314,HS,21035985,0,18.616,22.74225082,0,excellent,NA
AIMS,2021-09-30T03:00:00Z,PRM07,STIC,20210924-20220314,HS,21035985,0,18.426,22.74225082,0,excellent,NA
AIMS,2021-09-30T03:30:00Z,PRM07,STIC,20210924-20220314,HS,21035985,0,18.331,22.74225082,0,excellent,NA
AIMS,2021-09-30T04:00:00Z,PRM07,STIC,20210924-20220314,HS,21035985,0,18.14,22.74225082,0,excellent,NA
AIMS,2021-09-30T04:30:00Z,PRM07,STIC,20210924-20220314,HS,21035985,0,17.95,22.74225082,0,excellent,NA
AIMS,2021-09-30T05:00:00Z,PRM07,STIC,20210924-20220314,HS,21035985,0,17.855,22.74225082,0,excellent,NA
AIMS,2021-09-30T05:30:00Z,PRM07,STIC,20210924-20220314,HS,21035985,0,17.665,22.74225082,0,excellent,NA
AIMS,2021-09-30T06:00:00Z,PRM07,STIC,20210924-20220314,HS,21035985,0,17.57,22.74225082,0,excellent,NA
AIMS,2021-09-30T06:30:00Z,PRM07,STIC,20210924-20220314,HS,21035985,0,17.475,22.74225082,0,excellent,NA
AIMS,2021-09-30T07:00:00Z,PRM07,STIC,20210924-20220314,HS,21035985,0,17.284,22.74225082,0,excellent,NA
AIMS,2021-09-30T07:30:00Z,PRM07,STIC,20210924-20220314,HS,21035985,0,17.189,22.74225082,0,excellent,NA
AIMS,2021-09-30T08:00:00Z,PRM07,STIC,20210924-20220314,HS,21035985,0,17.094,22.74225082,0,excellent,NA
AIMS,2021-09-30T08:30:00Z,PRM07,STIC,20210924-20220314,HS,21035985,0,16.999,22.74225082,0,excellent,NA
AIMS,2021-09-30T09:00:00Z,PRM07,STIC,20210924-20220314,HS,21035985,0,16.808,22.74225082,0,excellent,NA
AIMS,2021-09-30T09:30:00Z,PRM07,STIC,20210924-20220314,HS,21035985,0,16.808,22.74225082,0,excellent,NA
AIMS,2021-09-30T10:00:00Z,PRM07,STIC,20210924-20220314,HS,21035985,0,16.713,22.74225082,0,excellent,NA
AIMS,2021-09-30T10:30:00Z,PRM07,STIC,20210924-20220314,HS,21035985,0,16.618,22.74225082,0,excellent,NA
AIMS,2021-09-30T11:00:00Z,PRM07,STIC,20210924-20220314,HS,21035985,0,16.523,22.74225082,0,excellent,NA
AIMS,2021-09-30T11:30:00Z,PRM07,STIC,20210924-20220314,HS,21035985,0,16.427,22.74225082,0,excellent,NA
AIMS,2021-09-30T12:00:00Z,PRM07,STIC,20210924-20220314,HS,21035985,0,16.332,22.74225082,0,excellent,NA
AIMS,2021-09-30T12:30:00Z,PRM07,STIC,20210924-20220314,HS,21035985,0,16.427,22.74225082,0,excellent,NA
AIMS,2021-09-30T13:00:00Z,PRM07,STIC,20210924-20220314,HS,21035985,0,16.523,22.74225082,0,excellent,NA
AIMS,2021-09-30T13:30:00Z,PRM07,STIC,20210924-20220314,HS,21035985,0,16.713,22.74225082,0,excellent,NA
AIMS,2021-09-30T14:00:00Z,PRM07,STIC,20210924-20220314,HS,21035985,0,17.094,22.74225082,0,excellent,NA
AIMS,2021-09-30T14:30:00Z,PRM07,STIC,20210924-20220314,HS,21035985,0,17.379,22.74225082,0,excellent,NA
AIMS,2021-09-30T15:00:00Z,PRM07,STIC,20210924-20220314,HS,21035985,0,17.665,22.74225082,0,excellent,NA
AIMS,2021-09-30T15:30:00Z,PRM07,STIC,20210924-20220314,HS,21035985,0,18.045,22.74225082,0,excellent,NA
AIMS,2021-09-30T16:00:00Z,PRM07,STIC,20210924-20220314,HS,21035985,0,18.521,22.74225082,0,excellent,NA
AIMS,2021-09-30T16:30:00Z,PRM07,STIC,20210924-20220314,HS,21035985,0,18.806,22.74225082,0,excellent,NA
AIMS,2021-09-30T17:00:00Z,PRM07,STIC,20210924-20220314,HS,21035985,0,19.472,22.74225082,0,excellent,NA
AIMS,2021-09-30T17:30:00Z,PRM07,STIC,20210924-20220314,HS,21035985,0,19.948,22.74225082,0,excellent,NA
AIMS,2021-09-30T18:00:00Z,PRM07,STIC,20210924-20220314,HS,21035985,0,19.948,22.74225082,0,excellent,NA
AIMS,2021-09-30T18:30:00Z,PRM07,STIC,20210924-20220314,HS,21035985,0,20.138,22.74225082,0,excellent,NA
AIMS,2021-09-30T19:00:00Z,PRM07,STIC,20210924-20220314,HS,21035985,0,20.519,22.74225082,0,excellent,NA
AIMS,2021-09-30T19:30:00Z,PRM07,STIC,20210924-20220314,HS,21035985,0,20.615,22.74225082,0,excellent,NA
AIMS,2021-09-30T20:00:00Z,PRM07,STIC,20210924-20220314,HS,21035985,0,20.424,22.74225082,0,excellent,NA
AIMS,2021-09-30T20:30:00Z,PRM07,STIC,20210924-20220314,HS,21035985,0,20.519,22.74225082,0,excellent,NA
AIMS,2021-09-30T21:00:00Z,PRM07,STIC,20210924-20220314,HS,21035985,0,20.519,22.74225082,0,excellent,NA
AIMS,2021-09-30T21:30:00Z,PRM07,STIC,20210924-20220314,HS,21035985,0,20.424,22.74225082,0,excellent,NA
AIMS,2021-09-30T22:00:00Z,PRM07,STIC,20210924-20220314,HS,21035985,0,20.424,22.74225082,0,excellent,NA
AIMS,2021-09-30T22:30:00Z,PRM07,STIC,20210924-20220314,HS,21035985,0,20.424,22.74225082,0,excellent,NA
AIMS,2021-09-30T23:00:00Z,PRM07,STIC,20210924-20220314,HS,21035985,0,20.234,22.74225082,0,excellent,NA
AIMS,2021-09-30T23:30:00Z,PRM07,STIC,20210924-20220314,HS,21035985,0,20.043,22.74225082,0,excellent,NA
AIMS,2021-10-01T00:00:00Z,PRM07,STIC,20210924-20220314,HS,21035985,0,19.948,22.74225082,0,excellent,NA
AIMS,2021-10-01T00:30:00Z,PRM07,STIC,20210924-20220314,HS,21035985,0,19.758,22.74225082,0,excellent,NA
AIMS,2021-10-01T01:00:00Z,PRM07,STIC,20210924-20220314,HS,21035985,0,19.662,22.74225082,0,excellent,NA
AIMS,2021-10-01T01:30:00Z,PRM07,STIC,20210924-20220314,HS,21035985,0,19.567,22.74225082,0,excellent,NA
AIMS,2021-10-01T02:00:00Z,PRM07,STIC,20210924-20220314,HS,21035985,0,19.472,22.74225082,0,excellent,NA
AIMS,2021-10-01T02:30:00Z,PRM07,STIC,20210924-20220314,HS,21035985,0,19.377,22.74225082,0,excellent,NA
AIMS,2021-10-01T03:00:00Z,PRM07,STIC,20210924-20220314,HS,21035985,0,19.282,22.74225082,0,excellent,NA
AIMS,2021-10-01T03:30:00Z,PRM07,STIC,20210924-20220314,HS,21035985,0,19.282,22.74225082,0,excellent,NA
AIMS,2021-10-01T04:00:00Z,PRM07,STIC,20210924-20220314,HS,21035985,0,19.187,22.74225082,0,excellent,NA
AIMS,2021-10-01T04:30:00Z,PRM07,STIC,20210924-20220314,HS,21035985,0,19.092,22.74225082,0,excellent,NA
AIMS,2021-10-01T05:00:00Z,PRM07,STIC,20210924-20220314,HS,21035985,0,19.092,22.74225082,0,excellent,NA
AIMS,2021-10-01T05:30:00Z,PRM07,STIC,20210924-20220314,HS,21035985,0,18.996,22.74225082,0,excellent,NA
AIMS,2021-10-01T06:00:00Z,PRM07,STIC,20210924-20220314,HS,21035985,0,18.806,22.74225082,0,excellent,NA
AIMS,2021-10-01T06:30:00Z,PRM07,STIC,20210924-20220314,HS,21035985,0,18.806,22.74225082,0,excellent,NA
AIMS,2021-10-01T07:00:00Z,PRM07,STIC,20210924-20220314,HS,21035985,0,18.711,22.74225082,0,excellent,NA
AIMS,2021-10-01T07:30:00Z,PRM07,STIC,20210924-20220314,HS,21035985,0,18.616,22.74225082,0,excellent,NA
AIMS,2021-10-01T08:00:00Z,PRM07,STIC,20210924-20220314,HS,21035985,0,18.616,22.74225082,0,excellent,NA
AIMS,2021-10-01T08:30:00Z,PRM07,STIC,20210924-20220314,HS,21035985,0,18.521,22.74225082,0,excellent,NA
AIMS,2021-10-01T09:00:00Z,PRM07,STIC,20210924-20220314,HS,21035985,0,18.426,22.74225082,0,excellent,NA
AIMS,2021-10-01T09:30:00Z,PRM07,STIC,20210924-20220314,HS,21035985,0,18.426,22.74225082,0,excellent,NA
AIMS,2021-10-01T10:00:00Z,PRM07,STIC,20210924-20220314,HS,21035985,0,18.331,22.74225082,0,excellent,NA
AIMS,2021-10-01T10:30:00Z,PRM07,STIC,20210924-20220314,HS,21035985,0,18.331,22.74225082,0,excellent,NA
AIMS,2021-10-01T11:00:00Z,PRM07,STIC,20210924-20220314,HS,21035985,0,18.236,22.74225082,0,excellent,NA
AIMS,2021-10-01T11:30:00Z,PRM07,STIC,20210924-20220314,HS,21035985,0,18.14,22.74225082,0,excellent,NA
AIMS,2021-10-01T12:00:00Z,PRM07,STIC,20210924-20220314,HS,21035985,0,18.045,22.74225082,0,excellent,NA
AIMS,2021-10-01T12:30:00Z,PRM07,STIC,20210924-20220314,HS,21035985,0,17.95,22.74225082,0,excellent,NA
AIMS,2021-10-01T13:00:00Z,PRM07,STIC,20210924-20220314,HS,21035985,0,17.95,22.74225082,0,excellent,NA
AIMS,2021-10-01T13:30:00Z,PRM07,STIC,20210924-20220314,HS,21035985,0,18.14,22.74225082,0,excellent,NA
AIMS,2021-10-01T14:00:00Z,PRM07,STIC,20210924-20220314,HS,21035985,0,18.426,22.74225082,0,excellent,NA
AIMS,2021-10-01T14:30:00Z,PRM07,STIC,20210924-20220314,HS,21035985,0,18.616,22.74225082,0,excellent,NA
AIMS,2021-10-01T15:00:00Z,PRM07,STIC,20210924-20220314,HS,21035985,0,18.996,22.74225082,0,excellent,NA
AIMS,2021-10-01T15:30:00Z,PRM07,STIC,20210924-20220314,HS,21035985,0,19.472,22.74225082,0,excellent,NA
AIMS,2021-10-01T16:00:00Z,PRM07,STIC,20210924-20220314,HS,21035985,0,20.234,22.74225082,0,excellent,NA
AIMS,2021-10-01T16:30:00Z,PRM07,STIC,20210924-20220314,HS,21035985,0,20.71,22.74225082,0,excellent,NA
AIMS,2021-10-01T17:00:00Z,PRM07,STIC,20210924-20220314,HS,21035985,0,21.091,22.74225082,0,excellent,NA
AIMS,2021-10-01T17:30:00Z,PRM07,STIC,20210924-20220314,HS,21035985,0,21.378,22.74225082,0,excellent,NA
AIMS,2021-10-01T18:00:00Z,PRM07,STIC,20210924-20220314,HS,21035985,0,21.951,22.74225082,0,excellent,NA
AIMS,2021-10-01T18:30:00Z,PRM07,STIC,20210924-20220314,HS,21035985,0,21.76,22.74225082,0,excellent,NA
AIMS,2021-10-01T19:00:00Z,PRM07,STIC,20210924-20220314,HS,21035985,0,21.951,22.74225082,0,excellent,NA
AIMS,2021-10-01T19:30:00Z,PRM07,STIC,20210924-20220314,HS,21035985,0,22.142,22.74225082,0,excellent,NA
AIMS,2021-10-01T20:00:00Z,PRM07,STIC,20210924-20220314,HS,21035985,0,22.142,22.74225082,0,excellent,NA
AIMS,2021-10-01T20:30:00Z,PRM07,STIC,20210924-20220314,HS,21035985,0,21.951,22.74225082,0,excellent,NA
AIMS,2021-10-01T21:00:00Z,PRM07,STIC,20210924-20220314,HS,21035985,0,21.76,22.74225082,0,excellent,NA
AIMS,2021-10-01T21:30:00Z,PRM07,STIC,20210924-20220314,HS,21035985,0,22.621,22.74225082,0,excellent,NA
AIMS,2021-10-01T22:00:00Z,PRM07,STIC,20210924-20220314,HS,21035985,0,21.664,22.74225082,0,excellent,NA
AIMS,2021-10-01T22:30:00Z,PRM07,STIC,20210924-20220314,HS,21035985,0,21.091,22.74225082,0,excellent,NA
AIMS,2021-10-01T23:00:00Z,PRM07,STIC,20210924-20220314,HS,21035985,0,20.805,22.74225082,0,excellent,NA
AIMS,2021-10-01T23:30:00Z,PRM07,STIC,20210924-20220314,HS,21035985,0,20.615,22.74225082,0,excellent,NA
AIMS,2021-10-02T00:00:00Z,PRM07,STIC,20210924-20220314,HS,21035985,0,20.329,22.74225082,0,excellent,NA
AIMS,2021-10-02T00:30:00Z,PRM07,STIC,20210924-20220314,HS,21035985,0,19.948,22.74225082,0,excellent,NA
AIMS,2021-10-02T01:00:00Z,PRM07,STIC,20210924-20220314,HS,21035985,0,19.662,22.74225082,0,excellent,NA
AIMS,2021-10-02T01:30:00Z,PRM07,STIC,20210924-20220314,HS,21035985,0,19.472,22.74225082,0,excellent,NA
AIMS,2021-10-02T02:00:00Z,PRM07,STIC,20210924-20220314,HS,21035985,0,19.187,22.74225082,0,excellent,NA
AIMS,2021-10-02T02:30:00Z,PRM07,STIC,20210924-20220314,HS,21035985,0,18.996,22.74225082,0,excellent,NA
AIMS,2021-10-02T03:00:00Z,PRM07,STIC,20210924-20220314,HS,21035985,0,18.806,22.74225082,0,excellent,NA
AIMS,2021-10-02T03:30:00Z,PRM07,STIC,20210924-20220314,HS,21035985,0,18.616,22.74225082,0,excellent,NA
AIMS,2021-10-02T04:00:00Z,PRM07,STIC,20210924-20220314,HS,21035985,0,18.331,22.74225082,0,excellent,NA
AIMS,2021-10-02T04:30:00Z,PRM07,STIC,20210924-20220314,HS,21035985,0,18.236,22.74225082,0,excellent,NA
AIMS,2021-10-02T05:00:00Z,PRM07,STIC,20210924-20220314,HS,21035985,0,18.045,22.74225082,0,excellent,NA
AIMS,2021-10-02T05:30:00Z,PRM07,STIC,20210924-20220314,HS,21035985,0,17.855,22.74225082,0,excellent,NA
AIMS,2021-10-02T06:00:00Z,PRM07,STIC,20210924-20220314,HS,21035985,0,17.665,22.74225082,0,excellent,NA
AIMS,2021-10-02T06:30:00Z,PRM07,STIC,20210924-20220314,HS,21035985,0,17.475,22.74225082,0,excellent,NA
AIMS,2021-10-02T07:00:00Z,PRM07,STIC,20210924-20220314,HS,21035985,0,17.379,22.74225082,0,excellent,NA
AIMS,2021-10-02T07:30:00Z,PRM07,STIC,20210924-20220314,HS,21035985,0,17.189,22.74225082,0,excellent,NA
AIMS,2021-10-02T08:00:00Z,PRM07,STIC,20210924-20220314,HS,21035985,0,17.189,22.74225082,0,excellent,NA
AIMS,2021-10-02T08:30:00Z,PRM07,STIC,20210924-20220314,HS,21035985,0,16.903,22.74225082,0,excellent,NA
AIMS,2021-10-02T09:00:00Z,PRM07,STIC,20210924-20220314,HS,21035985,0,16.713,22.74225082,0,excellent,NA
AIMS,2021-10-02T09:30:00Z,PRM07,STIC,20210924-20220314,HS,21035985,0,16.713,22.74225082,0,excellent,NA
AIMS,2021-10-02T10:00:00Z,PRM07,STIC,20210924-20220314,HS,21035985,0,16.523,22.74225082,0,excellent,NA
AIMS,2021-10-02T10:30:00Z,PRM07,STIC,20210924-20220314,HS,21035985,0,16.427,22.74225082,0,excellent,NA
AIMS,2021-10-02T11:00:00Z,PRM07,STIC,20210924-20220314,HS,21035985,0,16.332,22.74225082,0,excellent,NA
AIMS,2021-10-02T11:30:00Z,PRM07,STIC,20210924-20220314,HS,21035985,0,16.332,22.74225082,0,excellent,NA
AIMS,2021-10-02T12:00:00Z,PRM07,STIC,20210924-20220314,HS,21035985,0,16.237,22.74225082,0,excellent,NA
AIMS,2021-10-02T12:30:00Z,PRM07,STIC,20210924-20220314,HS,21035985,0,16.332,22.74225082,0,excellent,NA
AIMS,2021-10-02T13:00:00Z,PRM07,STIC,20210924-20220314,HS,21035985,0,16.523,22.74225082,0,excellent,NA
AIMS,2021-10-02T13:30:00Z,PRM07,STIC,20210924-20220314,HS,21035985,0,16.808,22.74225082,0,excellent,NA
AIMS,2021-10-02T14:00:00Z,PRM07,STIC,20210924-20220314,HS,21035985,0,17.284,22.74225082,0,excellent,NA
AIMS,2021-10-02T14:30:00Z,PRM07,STIC,20210924-20220314,HS,21035985,0,17.665,22.74225082,0,excellent,NA
AIMS,2021-10-02T15:00:00Z,PRM07,STIC,20210924-20220314,HS,21035985,0,18.045,22.74225082,0,excellent,NA
AIMS,2021-10-02T15:30:00Z,PRM07,STIC,20210924-20220314,HS,21035985,0,18.521,22.74225082,0,excellent,NA
AIMS,2021-10-02T16:00:00Z,PRM07,STIC,20210924-20220314,HS,21035985,0,19.092,22.74225082,0,excellent,NA
AIMS,2021-10-02T16:30:00Z,PRM07,STIC,20210924-20220314,HS,21035985,0,19.472,22.74225082,0,excellent,NA
AIMS,2021-10-02T17:00:00Z,PRM07,STIC,20210924-20220314,HS,21035985,0,19.758,22.74225082,0,excellent,NA
AIMS,2021-10-02T17:30:00Z,PRM07,STIC,20210924-20220314,HS,21035985,0,20.424,22.74225082,0,excellent,NA
AIMS,2021-10-02T18:00:00Z,PRM07,STIC,20210924-20220314,HS,21035985,0,20.805,22.74225082,0,excellent,NA
AIMS,2021-10-02T18:30:00Z,PRM07,STIC,20210924-20220314,HS,21035985,0,20.901,22.74225082,0,excellent,NA
AIMS,2021-10-02T19:00:00Z,PRM07,STIC,20210924-20220314,HS,21035985,0,21.091,22.74225082,0,excellent,NA
AIMS,2021-10-02T19:30:00Z,PRM07,STIC,20210924-20220314,HS,21035985,0,20.996,22.74225082,0,excellent,NA
AIMS,2021-10-02T20:00:00Z,PRM07,STIC,20210924-20220314,HS,21035985,0,20.996,22.74225082,0,excellent,NA
AIMS,2021-10-02T20:30:00Z,PRM07,STIC,20210924-20220314,HS,21035985,0,20.71,22.74225082,0,excellent,NA
AIMS,2021-10-02T21:00:00Z,PRM07,STIC,20210924-20220314,HS,21035985,0,20.71,22.74225082,0,excellent,NA
AIMS,2021-10-02T21:30:00Z,PRM07,STIC,20210924-20220314,HS,21035985,0,20.996,22.74225082,0,excellent,NA
AIMS,2021-10-02T22:00:00Z,PRM07,STIC,20210924-20220314,HS,21035985,0,20.805,22.74225082,0,excellent,NA
AIMS,2021-10-02T22:30:00Z,PRM07,STIC,20210924-20220314,HS,21035985,0,20.615,22.74225082,0,excellent,NA
AIMS,2021-10-02T23:00:00Z,PRM07,STIC,20210924-20220314,HS,21035985,0,20.424,22.74225082,0,excellent,NA
AIMS,2021-10-02T23:30:00Z,PRM07,STIC,20210924-20220314,HS,21035985,0,20.329,22.74225082,0,excellent,NA
AIMS,2021-10-03T00:00:00Z,PRM07,STIC,20210924-20220314,HS,21035985,0,20.138,22.74225082,0,excellent,NA
AIMS,2021-10-03T00:30:00Z,PRM07,STIC,20210924-20220314,HS,21035985,0,20.043,22.74225082,0,excellent,NA
AIMS,2021-10-03T01:00:00Z,PRM07,STIC,20210924-20220314,HS,21035985,0,20.043,22.74225082,0,excellent,NA
AIMS,2021-10-03T01:30:00Z,PRM07,STIC,20210924-20220314,HS,21035985,0,19.948,22.74225082,0,excellent,NA
AIMS,2021-10-03T02:00:00Z,PRM07,STIC,20210924-20220314,HS,21035985,0,19.853,22.74225082,0,excellent,NA
AIMS,2021-10-03T02:30:00Z,PRM07,STIC,20210924-20220314,HS,21035985,0,19.853,22.74225082,0,excellent,NA
AIMS,2021-10-03T03:00:00Z,PRM07,STIC,20210924-20220314,HS,21035985,0,19.758,22.74225082,0,excellent,NA
AIMS,2021-10-03T03:30:00Z,PRM07,STIC,20210924-20220314,HS,21035985,0,19.758,22.74225082,0,excellent,NA
AIMS,2021-10-03T04:00:00Z,PRM07,STIC,20210924-20220314,HS,21035985,0,19.662,22.74225082,0,excellent,NA
AIMS,2021-10-03T04:30:00Z,PRM07,STIC,20210924-20220314,HS,21035985,0,19.662,22.74225082,0,excellent,NA
AIMS,2021-10-03T05:00:00Z,PRM07,STIC,20210924-20220314,HS,21035985,0,19.662,22.74225082,0,excellent,NA
AIMS,2021-10-03T05:30:00Z,PRM07,STIC,20210924-20220314,HS,21035985,0,19.567,22.74225082,0,excellent,NA
AIMS,2021-10-03T06:00:00Z,PRM07,STIC,20210924-20220314,HS,21035985,0,19.472,22.74225082,0,excellent,NA
AIMS,2021-10-03T06:30:00Z,PRM07,STIC,20210924-20220314,HS,21035985,0,19.472,22.74225082,0,excellent,NA
AIMS,2021-10-03T07:00:00Z,PRM07,STIC,20210924-20220314,HS,21035985,0,19.472,22.74225082,0,excellent,NA
AIMS,2021-10-03T07:30:00Z,PRM07,STIC,20210924-20220314,HS,21035985,0,19.472,22.74225082,0,excellent,NA
AIMS,2021-10-03T08:00:00Z,PRM07,STIC,20210924-20220314,HS,21035985,0,19.377,22.74225082,0,excellent,NA
AIMS,2021-10-03T08:30:00Z,PRM07,STIC,20210924-20220314,HS,21035985,0,19.377,22.74225082,0,excellent,NA
AIMS,2021-10-03T09:00:00Z,PRM07,STIC,20210924-20220314,HS,21035985,0,19.282,22.74225082,0,excellent,NA
AIMS,2021-10-03T09:30:00Z,PRM07,STIC,20210924-20220314,HS,21035985,0,19.282,22.74225082,0,excellent,NA
AIMS,2021-10-03T10:00:00Z,PRM07,STIC,20210924-20220314,HS,21035985,0,19.282,22.74225082,0,excellent,NA
AIMS,2021-10-03T10:30:00Z,PRM07,STIC,20210924-20220314,HS,21035985,0,19.282,22.74225082,0,excellent,NA
AIMS,2021-10-03T11:00:00Z,PRM07,STIC,20210924-20220314,HS,21035985,0,19.282,22.74225082,0,excellent,NA
AIMS,2021-10-03T11:30:00Z,PRM07,STIC,20210924-20220314,HS,21035985,0,19.187,22.74225082,0,excellent,NA
AIMS,2021-10-03T12:00:00Z,PRM07,STIC,20210924-20220314,HS,21035985,0,19.187,22.74225082,0,excellent,NA
AIMS,2021-10-03T12:30:00Z,PRM07,STIC,20210924-20220314,HS,21035985,0,19.092,22.74225082,0,excellent,NA
AIMS,2021-10-03T13:00:00Z,PRM07,STIC,20210924-20220314,HS,21035985,0,19.187,22.74225082,0,excellent,NA
AIMS,2021-10-03T13:30:00Z,PRM07,STIC,20210924-20220314,HS,21035985,0,19.377,22.74225082,0,excellent,NA
AIMS,2021-10-03T14:00:00Z,PRM07,STIC,20210924-20220314,HS,21035985,0,19.472,22.74225082,0,excellent,NA
AIMS,2021-10-03T14:30:00Z,PRM07,STIC,20210924-20220314,HS,21035985,0,19.567,22.74225082,0,excellent,NA
AIMS,2021-10-03T15:00:00Z,PRM07,STIC,20210924-20220314,HS,21035985,0,19.662,22.74225082,0,excellent,NA
AIMS,2021-10-03T15:30:00Z,PRM07,STIC,20210924-20220314,HS,21035985,0,19.662,22.74225082,0,excellent,NA
AIMS,2021-10-03T16:00:00Z,PRM07,STIC,20210924-20220314,HS,21035985,0,19.758,22.74225082,0,excellent,NA
AIMS,2021-10-03T16:30:00Z,PRM07,STIC,20210924-20220314,HS,21035985,0,19.948,22.74225082,0,excellent,NA
AIMS,2021-10-03T17:00:00Z,PRM07,STIC,20210924-20220314,HS,21035985,0,19.948,22.74225082,0,excellent,NA
AIMS,2021-10-03T17:30:00Z,PRM07,STIC,20210924-20220314,HS,21035985,0,19.948,22.74225082,0,excellent,NA
AIMS,2021-10-03T18:00:00Z,PRM07,STIC,20210924-20220314,HS,21035985,0,19.948,22.74225082,0,excellent,NA
AIMS,2021-10-03T18:30:00Z,PRM07,STIC,20210924-20220314,HS,21035985,0,20.138,22.74225082,0,excellent,NA
AIMS,2021-10-03T19:00:00Z,PRM07,STIC,20210924-20220314,HS,21035985,0,20.043,22.74225082,0,excellent,NA
AIMS,2021-10-03T19:30:00Z,PRM07,STIC,20210924-20220314,HS,21035985,0,20.138,22.74225082,0,excellent,NA
AIMS,2021-10-03T20:00:00Z,PRM07,STIC,20210924-20220314,HS,21035985,0,20.234,22.74225082,0,excellent,NA
AIMS,2021-10-03T20:30:00Z,PRM07,STIC,20210924-20220314,HS,21035985,0,20.138,22.74225082,0,excellent,NA
AIMS,2021-10-03T21:00:00Z,PRM07,STIC,20210924-20220314,HS,21035985,0,20.138,22.74225082,0,excellent,NA
AIMS,2021-10-03T21:30:00Z,PRM07,STIC,20210924-20220314,HS,21035985,0,20.043,22.74225082,0,excellent,NA
AIMS,2021-10-03T22:00:00Z,PRM07,STIC,20210924-20220314,HS,21035985,0,20.043,22.74225082,0,excellent,NA
AIMS,2021-10-03T22:30:00Z,PRM07,STIC,20210924-20220314,HS,21035985,0,19.948,22.74225082,0,excellent,NA
AIMS,2021-10-03T23:00:00Z,PRM07,STIC,20210924-20220314,HS,21035985,0,19.948,22.74225082,0,excellent,NA
AIMS,2021-10-03T23:30:00Z,PRM07,STIC,20210924-20220314,HS,21035985,0,19.853,22.74225082,0,excellent,NA
AIMS,2021-10-04T00:00:00Z,PRM07,STIC,20210924-20220314,HS,21035985,0,19.758,22.74225082,0,excellent,NA
AIMS,2021-10-04T00:30:00Z,PRM07,STIC,20210924-20220314,HS,21035985,0,19.662,22.74225082,0,excellent,NA
AIMS,2021-10-04T01:00:00Z,PRM07,STIC,20210924-20220314,HS,21035985,0,19.567,22.74225082,0,excellent,NA
AIMS,2021-10-04T01:30:00Z,PRM07,STIC,20210924-20220314,HS,21035985,0,19.567,22.74225082,0,excellent,NA
AIMS,2021-10-04T02:00:00Z,PRM07,STIC,20210924-20220314,HS,21035985,0,19.472,22.74225082,0,excellent,NA
AIMS,2021-10-04T02:30:00Z,PRM07,STIC,20210924-20220314,HS,21035985,0,19.472,22.74225082,0,excellent,NA
AIMS,2021-10-04T03:00:00Z,PRM07,STIC,20210924-20220314,HS,21035985,0,19.377,22.74225082,0,excellent,NA
AIMS,2021-10-04T03:30:00Z,PRM07,STIC,20210924-20220314,HS,21035985,0,19.377,22.74225082,0,excellent,NA
AIMS,2021-10-04T04:00:00Z,PRM07,STIC,20210924-20220314,HS,21035985,0,19.377,22.74225082,0,excellent,NA
AIMS,2021-10-04T04:30:00Z,PRM07,STIC,20210924-20220314,HS,21035985,0,19.377,22.74225082,0,excellent,NA
AIMS,2021-10-04T05:00:00Z,PRM07,STIC,20210924-20220314,HS,21035985,0,19.282,22.74225082,0,excellent,NA
AIMS,2021-10-04T05:30:00Z,PRM07,STIC,20210924-20220314,HS,21035985,0,19.282,22.74225082,0,excellent,NA
AIMS,2021-10-04T06:00:00Z,PRM07,STIC,20210924-20220314,HS,21035985,0,19.282,22.74225082,0,excellent,NA
AIMS,2021-10-04T06:30:00Z,PRM07,STIC,20210924-20220314,HS,21035985,0,19.282,22.74225082,0,excellent,NA
AIMS,2021-10-04T07:00:00Z,PRM07,STIC,20210924-20220314,HS,21035985,0,19.282,22.74225082,0,excellent,NA
AIMS,2021-10-04T07:30:00Z,PRM07,STIC,20210924-20220314,HS,21035985,0,19.282,22.74225082,0,excellent,NA
AIMS,2021-10-04T08:00:00Z,PRM07,STIC,20210924-20220314,HS,21035985,0,19.282,22.74225082,0,excellent,NA
AIMS,2021-10-04T08:30:00Z,PRM07,STIC,20210924-20220314,HS,21035985,0,19.282,22.74225082,0,excellent,NA
AIMS,2021-10-04T09:00:00Z,PRM07,STIC,20210924-20220314,HS,21035985,0,19.187,22.74225082,0,excellent,NA
AIMS,2021-10-04T09:30:00Z,PRM07,STIC,20210924-20220314,HS,21035985,0,19.187,22.74225082,0,excellent,NA
AIMS,2021-10-04T10:00:00Z,PRM07,STIC,20210924-20220314,HS,21035985,0,19.092,22.74225082,0,excellent,NA
AIMS,2021-10-04T10:30:00Z,PRM07,STIC,20210924-20220314,HS,21035985,0,18.806,22.74225082,0,excellent,NA
AIMS,2021-10-04T11:00:00Z,PRM07,STIC,20210924-20220314,HS,21035985,0,18.711,22.74225082,0,excellent,NA
AIMS,2021-10-04T11:30:00Z,PRM07,STIC,20210924-20220314,HS,21035985,0,18.711,22.74225082,0,excellent,NA
AIMS,2021-10-04T12:00:00Z,PRM07,STIC,20210924-20220314,HS,21035985,0,18.711,22.74225082,0,excellent,NA
AIMS,2021-10-04T12:30:00Z,PRM07,STIC,20210924-20220314,HS,21035985,0,18.711,22.74225082,0,excellent,NA
AIMS,2021-10-04T13:00:00Z,PRM07,STIC,20210924-20220314,HS,21035985,0,18.806,22.74225082,0,excellent,NA
AIMS,2021-10-04T13:30:00Z,PRM07,STIC,20210924-20220314,HS,21035985,0,18.901,22.74225082,0,excellent,NA
AIMS,2021-10-04T14:00:00Z,PRM07,STIC,20210924-20220314,HS,21035985,0,19.187,22.74225082,0,excellent,NA
AIMS,2021-10-04T14:30:00Z,PRM07,STIC,20210924-20220314,HS,21035985,0,19.472,22.74225082,0,excellent,NA
AIMS,2021-10-04T15:00:00Z,PRM07,STIC,20210924-20220314,HS,21035985,0,19.567,22.74225082,0,excellent,NA
AIMS,2021-10-04T15:30:00Z,PRM07,STIC,20210924-20220314,HS,21035985,0,19.853,22.74225082,0,excellent,NA
AIMS,2021-10-04T16:00:00Z,PRM07,STIC,20210924-20220314,HS,21035985,0,20.043,22.74225082,0,excellent,NA
AIMS,2021-10-04T16:30:00Z,PRM07,STIC,20210924-20220314,HS,21035985,0,20.138,22.74225082,0,excellent,NA
AIMS,2021-10-04T17:00:00Z,PRM07,STIC,20210924-20220314,HS,21035985,0,20.329,22.74225082,0,excellent,NA
AIMS,2021-10-04T17:30:00Z,PRM07,STIC,20210924-20220314,HS,21035985,0,20.615,22.74225082,0,excellent,NA
AIMS,2021-10-04T18:00:00Z,PRM07,STIC,20210924-20220314,HS,21035985,0,20.519,22.74225082,0,excellent,NA
AIMS,2021-10-04T18:30:00Z,PRM07,STIC,20210924-20220314,HS,21035985,0,20.615,22.74225082,0,excellent,NA
AIMS,2021-10-04T19:00:00Z,PRM07,STIC,20210924-20220314,HS,21035985,0,20.71,22.74225082,0,excellent,NA
AIMS,2021-10-04T19:30:00Z,PRM07,STIC,20210924-20220314,HS,21035985,0,20.901,22.74225082,0,excellent,NA
AIMS,2021-10-04T20:00:00Z,PRM07,STIC,20210924-20220314,HS,21035985,0,20.996,22.74225082,0,excellent,NA
AIMS,2021-10-04T20:30:00Z,PRM07,STIC,20210924-20220314,HS,21035985,0,21.187,22.74225082,0,excellent,NA
AIMS,2021-10-04T21:00:00Z,PRM07,STIC,20210924-20220314,HS,21035985,0,21.378,22.74225082,0,excellent,NA
AIMS,2021-10-04T21:30:00Z,PRM07,STIC,20210924-20220314,HS,21035985,0,22.429,22.74225082,0,excellent,NA
AIMS,2021-10-04T22:00:00Z,PRM07,STIC,20210924-20220314,HS,21035985,0,21.664,22.74225082,0,excellent,NA
AIMS,2021-10-04T22:30:00Z,PRM07,STIC,20210924-20220314,HS,21035985,0,21.091,22.74225082,0,excellent,NA
AIMS,2021-10-04T23:00:00Z,PRM07,STIC,20210924-20220314,HS,21035985,0,20.805,22.74225082,0,excellent,NA
AIMS,2021-10-04T23:30:00Z,PRM07,STIC,20210924-20220314,HS,21035985,0,20.615,22.74225082,0,excellent,NA
AIMS,2021-10-05T00:00:00Z,PRM07,STIC,20210924-20220314,HS,21035985,0,20.424,22.74225082,0,excellent,NA
AIMS,2021-10-05T00:30:00Z,PRM07,STIC,20210924-20220314,HS,21035985,0,20.234,22.74225082,0,excellent,NA
AIMS,2021-10-05T01:00:00Z,PRM07,STIC,20210924-20220314,HS,21035985,0,19.853,22.74225082,0,excellent,NA
AIMS,2021-10-05T01:30:00Z,PRM07,STIC,20210924-20220314,HS,21035985,0,19.472,22.74225082,0,excellent,NA
AIMS,2021-10-05T02:00:00Z,PRM07,STIC,20210924-20220314,HS,21035985,0,19.187,22.74225082,0,excellent,NA
AIMS,2021-10-05T02:30:00Z,PRM07,STIC,20210924-20220314,HS,21035985,0,18.996,22.74225082,0,excellent,NA
AIMS,2021-10-05T03:00:00Z,PRM07,STIC,20210924-20220314,HS,21035985,0,18.806,22.74225082,0,excellent,NA
AIMS,2021-10-05T03:30:00Z,PRM07,STIC,20210924-20220314,HS,21035985,0,18.616,22.74225082,0,excellent,NA
AIMS,2021-10-05T04:00:00Z,PRM07,STIC,20210924-20220314,HS,21035985,0,18.426,22.74225082,0,excellent,NA
AIMS,2021-10-05T04:30:00Z,PRM07,STIC,20210924-20220314,HS,21035985,0,18.426,22.74225082,0,excellent,NA
AIMS,2021-10-05T05:00:00Z,PRM07,STIC,20210924-20220314,HS,21035985,0,18.331,22.74225082,0,excellent,NA
AIMS,2021-10-05T05:30:00Z,PRM07,STIC,20210924-20220314,HS,21035985,0,18.236,22.74225082,0,excellent,NA
AIMS,2021-10-05T06:00:00Z,PRM07,STIC,20210924-20220314,HS,21035985,0,18.14,22.74225082,0,excellent,NA
AIMS,2021-10-05T06:30:00Z,PRM07,STIC,20210924-20220314,HS,21035985,0,18.14,22.74225082,0,excellent,NA
AIMS,2021-10-05T07:00:00Z,PRM07,STIC,20210924-20220314,HS,21035985,0,18.14,22.74225082,0,excellent,NA
AIMS,2021-10-05T07:30:00Z,PRM07,STIC,20210924-20220314,HS,21035985,0,18.14,22.74225082,0,excellent,NA
AIMS,2021-10-05T08:00:00Z,PRM07,STIC,20210924-20220314,HS,21035985,0,18.045,22.74225082,0,excellent,NA
AIMS,2021-10-05T08:30:00Z,PRM07,STIC,20210924-20220314,HS,21035985,0,18.045,22.74225082,0,excellent,NA
AIMS,2021-10-05T09:00:00Z,PRM07,STIC,20210924-20220314,HS,21035985,0,18.045,22.74225082,0,excellent,NA
AIMS,2021-10-05T09:30:00Z,PRM07,STIC,20210924-20220314,HS,21035985,0,18.045,22.74225082,0,excellent,NA
AIMS,2021-10-05T10:00:00Z,PRM07,STIC,20210924-20220314,HS,21035985,0,18.045,22.74225082,0,excellent,NA
AIMS,2021-10-05T10:30:00Z,PRM07,STIC,20210924-20220314,HS,21035985,0,18.045,22.74225082,0,excellent,NA
AIMS,2021-10-05T11:00:00Z,PRM07,STIC,20210924-20220314,HS,21035985,0,18.14,22.74225082,0,excellent,NA
AIMS,2021-10-05T11:30:00Z,PRM07,STIC,20210924-20220314,HS,21035985,0,18.14,22.74225082,0,excellent,NA
AIMS,2021-10-05T12:00:00Z,PRM07,STIC,20210924-20220314,HS,21035985,0,18.236,22.74225082,0,excellent,NA
AIMS,2021-10-05T12:30:00Z,PRM07,STIC,20210924-20220314,HS,21035985,0,18.236,22.74225082,0,excellent,NA
AIMS,2021-10-05T13:00:00Z,PRM07,STIC,20210924-20220314,HS,21035985,0,18.331,22.74225082,0,excellent,NA
AIMS,2021-10-05T13:30:00Z,PRM07,STIC,20210924-20220314,HS,21035985,0,18.426,22.74225082,0,excellent,NA
AIMS,2021-10-05T14:00:00Z,PRM07,STIC,20210924-20220314,HS,21035985,0,18.711,22.74225082,0,excellent,NA
AIMS,2021-10-05T14:30:00Z,PRM07,STIC,20210924-20220314,HS,21035985,0,18.901,22.74225082,0,excellent,NA
AIMS,2021-10-05T15:00:00Z,PRM07,STIC,20210924-20220314,HS,21035985,0,19.092,22.74225082,0,excellent,NA
AIMS,2021-10-05T15:30:00Z,PRM07,STIC,20210924-20220314,HS,21035985,0,19.187,22.74225082,0,excellent,NA
AIMS,2021-10-05T16:00:00Z,PRM07,STIC,20210924-20220314,HS,21035985,0,19.377,22.74225082,0,excellent,NA
AIMS,2021-10-05T16:30:00Z,PRM07,STIC,20210924-20220314,HS,21035985,0,19.567,22.74225082,0,excellent,NA
AIMS,2021-10-05T17:00:00Z,PRM07,STIC,20210924-20220314,HS,21035985,0,19.567,22.74225082,0,excellent,NA
AIMS,2021-10-05T17:30:00Z,PRM07,STIC,20210924-20220314,HS,21035985,0,19.282,22.74225082,0,excellent,NA
AIMS,2021-10-05T18:00:00Z,PRM07,STIC,20210924-20220314,HS,21035985,0,19.472,22.74225082,0,excellent,NA
AIMS,2021-10-05T18:30:00Z,PRM07,STIC,20210924-20220314,HS,21035985,0,20.043,22.74225082,0,excellent,NA
AIMS,2021-10-05T19:00:00Z,PRM07,STIC,20210924-20220314,HS,21035985,0,20.234,22.74225082,0,excellent,NA
AIMS,2021-10-05T19:30:00Z,PRM07,STIC,20210924-20220314,HS,21035985,0,20.234,22.74225082,0,excellent,NA
AIMS,2021-10-05T20:00:00Z,PRM07,STIC,20210924-20220314,HS,21035985,0,20.329,22.74225082,0,excellent,NA
AIMS,2021-10-05T20:30:00Z,PRM07,STIC,20210924-20220314,HS,21035985,0,20.424,22.74225082,0,excellent,NA
AIMS,2021-10-05T21:00:00Z,PRM07,STIC,20210924-20220314,HS,21035985,0,20.519,22.74225082,0,excellent,NA
AIMS,2021-10-05T21:30:00Z,PRM07,STIC,20210924-20220314,HS,21035985,0,20.329,22.74225082,0,excellent,NA
AIMS,2021-10-05T22:00:00Z,PRM07,STIC,20210924-20220314,HS,21035985,0,20.138,22.74225082,0,excellent,NA
AIMS,2021-10-05T22:30:00Z,PRM07,STIC,20210924-20220314,HS,21035985,0,20.043,22.74225082,0,excellent,NA
AIMS,2021-10-05T23:00:00Z,PRM07,STIC,20210924-20220314,HS,21035985,0,19.948,22.74225082,0,excellent,NA
AIMS,2021-10-05T23:30:00Z,PRM07,STIC,20210924-20220314,HS,21035985,0,19.758,22.74225082,0,excellent,NA
AIMS,2021-10-06T00:00:00Z,PRM07,STIC,20210924-20220314,HS,21035985,0,19.567,22.74225082,0,excellent,NA
AIMS,2021-10-06T00:30:00Z,PRM07,STIC,20210924-20220314,HS,21035985,0,19.377,22.74225082,0,excellent,NA
AIMS,2021-10-06T01:00:00Z,PRM07,STIC,20210924-20220314,HS,21035985,0,19.187,22.74225082,0,excellent,NA
AIMS,2021-10-06T01:30:00Z,PRM07,STIC,20210924-20220314,HS,21035985,0,19.092,22.74225082,0,excellent,NA
AIMS,2021-10-06T02:00:00Z,PRM07,STIC,20210924-20220314,HS,21035985,0,19.092,22.74225082,0,excellent,NA
AIMS,2021-10-06T02:30:00Z,PRM07,STIC,20210924-20220314,HS,21035985,0,19.092,22.74225082,0,excellent,NA
AIMS,2021-10-06T03:00:00Z,PRM07,STIC,20210924-20220314,HS,21035985,0,18.901,22.74225082,0,excellent,NA
AIMS,2021-10-06T03:30:00Z,PRM07,STIC,20210924-20220314,HS,21035985,0,18.901,22.74225082,0,excellent,NA
AIMS,2021-10-06T04:00:00Z,PRM07,STIC,20210924-20220314,HS,21035985,0,18.996,22.74225082,0,excellent,NA
AIMS,2021-10-06T04:30:00Z,PRM07,STIC,20210924-20220314,HS,21035985,0,19.092,22.74225082,0,excellent,NA
AIMS,2021-10-06T05:00:00Z,PRM07,STIC,20210924-20220314,HS,21035985,0,19.187,22.74225082,0,excellent,NA
AIMS,2021-10-06T05:30:00Z,PRM07,STIC,20210924-20220314,HS,21035985,0,19.187,22.74225082,0,excellent,NA
AIMS,2021-10-06T06:00:00Z,PRM07,STIC,20210924-20220314,HS,21035985,0,19.187,22.74225082,0,excellent,NA
AIMS,2021-10-06T06:30:00Z,PRM07,STIC,20210924-20220314,HS,21035985,0,19.187,22.74225082,0,excellent,NA
AIMS,2021-10-06T07:00:00Z,PRM07,STIC,20210924-20220314,HS,21035985,0,19.187,22.74225082,0,excellent,NA
AIMS,2021-10-06T07:30:00Z,PRM07,STIC,20210924-20220314,HS,21035985,0,19.187,22.74225082,0,excellent,NA
AIMS,2021-10-06T08:00:00Z,PRM07,STIC,20210924-20220314,HS,21035985,0,19.187,22.74225082,0,excellent,NA
AIMS,2021-10-06T08:30:00Z,PRM07,STIC,20210924-20220314,HS,21035985,0,19.187,22.74225082,0,excellent,NA
AIMS,2021-10-06T09:00:00Z,PRM07,STIC,20210924-20220314,HS,21035985,0,19.187,22.74225082,0,excellent,NA
AIMS,2021-10-06T09:30:00Z,PRM07,STIC,20210924-20220314,HS,21035985,0,19.187,22.74225082,0,excellent,NA
AIMS,2021-10-06T10:00:00Z,PRM07,STIC,20210924-20220314,HS,21035985,0,19.187,22.74225082,0,excellent,NA
AIMS,2021-10-06T10:30:00Z,PRM07,STIC,20210924-20220314,HS,21035985,0,19.187,22.74225082,0,excellent,NA
AIMS,2021-10-06T11:00:00Z,PRM07,STIC,20210924-20220314,HS,21035985,0,19.187,22.74225082,0,excellent,NA
AIMS,2021-10-06T11:30:00Z,PRM07,STIC,20210924-20220314,HS,21035985,0,19.092,22.74225082,0,excellent,NA
AIMS,2021-10-06T12:00:00Z,PRM07,STIC,20210924-20220314,HS,21035985,0,19.092,22.74225082,0,excellent,NA
AIMS,2021-10-06T12:30:00Z,PRM07,STIC,20210924-20220314,HS,21035985,0,19.092,22.74225082,0,excellent,NA
AIMS,2021-10-06T13:00:00Z,PRM07,STIC,20210924-20220314,HS,21035985,0,19.187,22.74225082,0,excellent,NA
AIMS,2021-10-06T13:30:00Z,PRM07,STIC,20210924-20220314,HS,21035985,0,19.187,22.74225082,0,excellent,NA
AIMS,2021-10-06T14:00:00Z,PRM07,STIC,20210924-20220314,HS,21035985,0,19.187,22.74225082,0,excellent,NA
AIMS,2021-10-06T14:30:00Z,PRM07,STIC,20210924-20220314,HS,21035985,0,19.377,22.74225082,0,excellent,NA
AIMS,2021-10-06T15:00:00Z,PRM07,STIC,20210924-20220314,HS,21035985,0,19.567,22.74225082,0,excellent,NA
AIMS,2021-10-06T15:30:00Z,PRM07,STIC,20210924-20220314,HS,21035985,0,19.758,22.74225082,0,excellent,NA
AIMS,2021-10-06T16:00:00Z,PRM07,STIC,20210924-20220314,HS,21035985,0,19.758,22.74225082,0,excellent,NA
AIMS,2021-10-06T16:30:00Z,PRM07,STIC,20210924-20220314,HS,21035985,0,19.853,22.74225082,0,excellent,NA
AIMS,2021-10-06T17:00:00Z,PRM07,STIC,20210924-20220314,HS,21035985,0,20.043,22.74225082,0,excellent,NA
AIMS,2021-10-06T17:30:00Z,PRM07,STIC,20210924-20220314,HS,21035985,0,20.424,22.74225082,0,excellent,NA
AIMS,2021-10-06T18:00:00Z,PRM07,STIC,20210924-20220314,HS,21035985,0,20.519,22.74225082,0,excellent,NA
AIMS,2021-10-06T18:30:00Z,PRM07,STIC,20210924-20220314,HS,21035985,0,20.805,22.74225082,0,excellent,NA
AIMS,2021-10-06T19:00:00Z,PRM07,STIC,20210924-20220314,HS,21035985,0,21.091,22.74225082,0,excellent,NA
AIMS,2021-10-06T19:30:00Z,PRM07,STIC,20210924-20220314,HS,21035985,0,21.091,22.74225082,0,excellent,NA
AIMS,2021-10-06T20:00:00Z,PRM07,STIC,20210924-20220314,HS,21035985,0,20.901,22.74225082,0,excellent,NA
AIMS,2021-10-06T20:30:00Z,PRM07,STIC,20210924-20220314,HS,21035985,0,20.424,22.74225082,0,excellent,NA
AIMS,2021-10-06T21:00:00Z,PRM07,STIC,20210924-20220314,HS,21035985,0,20.329,22.74225082,0,excellent,NA
AIMS,2021-10-06T21:30:00Z,PRM07,STIC,20210924-20220314,HS,21035985,0,20.043,22.74225082,0,excellent,NA
AIMS,2021-10-06T22:00:00Z,PRM07,STIC,20210924-20220314,HS,21035985,0,19.853,22.74225082,0,excellent,NA
AIMS,2021-10-06T22:30:00Z,PRM07,STIC,20210924-20220314,HS,21035985,0,19.377,22.74225082,0,excellent,NA
AIMS,2021-10-06T23:00:00Z,PRM07,STIC,20210924-20220314,HS,21035985,0,18.996,22.74225082,0,excellent,NA
AIMS,2021-10-06T23:30:00Z,PRM07,STIC,20210924-20220314,HS,21035985,60622.6,18.521,330.50961155759995,1,excellent,NA
AIMS,2021-10-07T00:00:00Z,PRM07,STIC,20210924-20220314,HS,21035985,44089.2,18.521,246.5732432392,1,excellent,NA
AIMS,2021-10-07T00:30:00Z,PRM07,STIC,20210924-20220314,HS,21035985,31689.1,18.426,183.6207131616,1,excellent,NA
AIMS,2021-10-07T01:00:00Z,PRM07,STIC,20210924-20220314,HS,21035985,37200.2,17.95,211.5993333752,1,excellent,NA
AIMS,2021-10-07T01:30:00Z,PRM07,STIC,20210924-20220314,HS,21035985,42711.4,17.855,239.5784612664,1,excellent,NA
AIMS,2021-10-07T02:00:00Z,PRM07,STIC,20210924-20220314,HS,21035985,44089.2,17.76,246.5732432392,1,excellent,NA
AIMS,2021-10-07T02:30:00Z,PRM07,STIC,20210924-20220314,HS,21035985,49600.3,17.665,274.5518634528,1,excellent,NA
AIMS,2021-10-07T03:00:00Z,PRM07,STIC,20210924-20220314,HS,21035985,49600.3,17.665,274.5518634528,1,excellent,NA
AIMS,2021-10-07T03:30:00Z,PRM07,STIC,20210924-20220314,HS,21035985,49600.3,17.665,274.5518634528,1,excellent,NA
AIMS,2021-10-07T04:00:00Z,PRM07,STIC,20210924-20220314,HS,21035985,52355.9,17.76,288.5414273984,1,excellent,NA
AIMS,2021-10-07T04:30:00Z,PRM07,STIC,20210924-20220314,HS,21035985,55111.5,17.76,302.530991344,1,excellent,NA
AIMS,2021-10-07T05:00:00Z,PRM07,STIC,20210924-20220314,HS,21035985,52355.9,17.855,288.5414273984,1,excellent,NA
AIMS,2021-10-07T05:30:00Z,PRM07,STIC,20210924-20220314,HS,21035985,52355.9,17.855,288.5414273984,1,excellent,NA
AIMS,2021-10-07T06:00:00Z,PRM07,STIC,20210924-20220314,HS,21035985,52355.9,17.855,288.5414273984,1,excellent,NA
AIMS,2021-10-07T06:30:00Z,PRM07,STIC,20210924-20220314,HS,21035985,52355.9,17.76,288.5414273984,1,excellent,NA
AIMS,2021-10-07T07:00:00Z,PRM07,STIC,20210924-20220314,HS,21035985,52355.9,17.76,288.5414273984,1,excellent,NA
AIMS,2021-10-07T07:30:00Z,PRM07,STIC,20210924-20220314,HS,21035985,55111.5,17.76,302.530991344,1,excellent,NA
AIMS,2021-10-07T08:00:00Z,PRM07,STIC,20210924-20220314,HS,21035985,55111.5,17.76,302.530991344,1,excellent,NA
AIMS,2021-10-07T08:30:00Z,PRM07,STIC,20210924-20220314,HS,21035985,55111.5,17.665,302.530991344,1,excellent,NA
AIMS,2021-10-07T09:00:00Z,PRM07,STIC,20210924-20220314,HS,21035985,55111.5,17.665,302.530991344,1,excellent,NA
AIMS,2021-10-07T09:30:00Z,PRM07,STIC,20210924-20220314,HS,21035985,55111.5,17.665,302.530991344,1,excellent,NA
AIMS,2021-10-07T10:00:00Z,PRM07,STIC,20210924-20220314,HS,21035985,55111.5,17.665,302.530991344,1,excellent,NA
AIMS,2021-10-07T10:30:00Z,PRM07,STIC,20210924-20220314,HS,21035985,55111.5,17.57,302.530991344,1,excellent,NA
AIMS,2021-10-07T11:00:00Z,PRM07,STIC,20210924-20220314,HS,21035985,55111.5,17.57,302.530991344,1,excellent,NA
AIMS,2021-10-07T11:30:00Z,PRM07,STIC,20210924-20220314,HS,21035985,55111.5,17.57,302.530991344,1,excellent,NA
AIMS,2021-10-07T12:00:00Z,PRM07,STIC,20210924-20220314,HS,21035985,55111.5,17.57,302.530991344,1,excellent,NA
AIMS,2021-10-07T12:30:00Z,PRM07,STIC,20210924-20220314,HS,21035985,55111.5,17.57,302.530991344,1,excellent,NA
AIMS,2021-10-07T13:00:00Z,PRM07,STIC,20210924-20220314,HS,21035985,55111.5,17.57,302.530991344,1,excellent,NA
AIMS,2021-10-07T13:30:00Z,PRM07,STIC,20210924-20220314,HS,21035985,55111.5,17.57,302.530991344,1,excellent,NA
AIMS,2021-10-07T14:00:00Z,PRM07,STIC,20210924-20220314,HS,21035985,55111.5,17.665,302.530991344,1,excellent,NA
AIMS,2021-10-07T14:30:00Z,PRM07,STIC,20210924-20220314,HS,21035985,55111.5,17.665,302.530991344,1,excellent,NA
AIMS,2021-10-07T15:00:00Z,PRM07,STIC,20210924-20220314,HS,21035985,55111.5,17.76,302.530991344,1,excellent,NA
AIMS,2021-10-07T15:30:00Z,PRM07,STIC,20210924-20220314,HS,21035985,55111.5,17.95,302.530991344,1,excellent,NA
AIMS,2021-10-07T16:00:00Z,PRM07,STIC,20210924-20220314,HS,21035985,55111.5,18.045,302.530991344,1,excellent,NA
AIMS,2021-10-07T16:30:00Z,PRM07,STIC,20210924-20220314,HS,21035985,55111.5,18.14,302.530991344,1,excellent,NA
AIMS,2021-10-07T17:00:00Z,PRM07,STIC,20210924-20220314,HS,21035985,55111.5,18.236,302.530991344,1,excellent,NA
AIMS,2021-10-07T17:30:00Z,PRM07,STIC,20210924-20220314,HS,21035985,55111.5,18.236,302.530991344,1,excellent,NA
AIMS,2021-10-07T18:00:00Z,PRM07,STIC,20210924-20220314,HS,21035985,55111.5,18.426,302.530991344,1,excellent,NA
AIMS,2021-10-07T18:30:00Z,PRM07,STIC,20210924-20220314,HS,21035985,55111.5,18.426,302.530991344,1,excellent,NA
AIMS,2021-10-07T19:00:00Z,PRM07,STIC,20210924-20220314,HS,21035985,55111.5,18.521,302.530991344,1,excellent,NA
AIMS,2021-10-07T19:30:00Z,PRM07,STIC,20210924-20220314,HS,21035985,52355.9,18.616,288.5414273984,1,excellent,NA
AIMS,2021-10-07T20:00:00Z,PRM07,STIC,20210924-20220314,HS,21035985,52355.9,18.521,288.5414273984,1,excellent,NA
AIMS,2021-10-07T20:30:00Z,PRM07,STIC,20210924-20220314,HS,21035985,52355.9,18.521,288.5414273984,1,excellent,NA
AIMS,2021-10-07T21:00:00Z,PRM07,STIC,20210924-20220314,HS,21035985,52355.9,18.521,288.5414273984,1,excellent,NA
AIMS,2021-10-07T21:30:00Z,PRM07,STIC,20210924-20220314,HS,21035985,52355.9,18.426,288.5414273984,1,excellent,NA
AIMS,2021-10-07T22:00:00Z,PRM07,STIC,20210924-20220314,HS,21035985,52355.9,18.426,288.5414273984,1,excellent,NA
AIMS,2021-10-07T22:30:00Z,PRM07,STIC,20210924-20220314,HS,21035985,52355.9,18.426,288.5414273984,1,excellent,NA
AIMS,2021-10-07T23:00:00Z,PRM07,STIC,20210924-20220314,HS,21035985,49600.3,18.331,274.5518634528,1,excellent,NA
AIMS,2021-10-07T23:30:00Z,PRM07,STIC,20210924-20220314,HS,21035985,49600.3,18.236,274.5518634528,1,excellent,NA
AIMS,2021-10-08T00:00:00Z,PRM07,STIC,20210924-20220314,HS,21035985,49600.3,18.14,274.5518634528,1,excellent,NA
AIMS,2021-10-08T00:30:00Z,PRM07,STIC,20210924-20220314,HS,21035985,49600.3,18.14,274.5518634528,1,excellent,NA
AIMS,2021-10-08T01:00:00Z,PRM07,STIC,20210924-20220314,HS,21035985,49600.3,18.045,274.5518634528,1,excellent,NA
AIMS,2021-10-08T01:30:00Z,PRM07,STIC,20210924-20220314,HS,21035985,49600.3,17.95,274.5518634528,1,excellent,NA
AIMS,2021-10-08T02:00:00Z,PRM07,STIC,20210924-20220314,HS,21035985,49600.3,17.95,274.5518634528,1,excellent,NA
AIMS,2021-10-08T02:30:00Z,PRM07,STIC,20210924-20220314,HS,21035985,49600.3,17.855,274.5518634528,1,excellent,NA
AIMS,2021-10-08T03:00:00Z,PRM07,STIC,20210924-20220314,HS,21035985,49600.3,17.76,274.5518634528,1,excellent,NA
AIMS,2021-10-08T03:30:00Z,PRM07,STIC,20210924-20220314,HS,21035985,49600.3,17.76,274.5518634528,1,excellent,NA
AIMS,2021-10-08T04:00:00Z,PRM07,STIC,20210924-20220314,HS,21035985,49600.3,17.665,274.5518634528,1,excellent,NA
AIMS,2021-10-08T04:30:00Z,PRM07,STIC,20210924-20220314,HS,21035985,49600.3,17.665,274.5518634528,1,excellent,NA
AIMS,2021-10-08T05:00:00Z,PRM07,STIC,20210924-20220314,HS,21035985,49600.3,17.665,274.5518634528,1,excellent,NA
AIMS,2021-10-08T05:30:00Z,PRM07,STIC,20210924-20220314,HS,21035985,49600.3,17.665,274.5518634528,1,excellent,NA
AIMS,2021-10-08T06:00:00Z,PRM07,STIC,20210924-20220314,HS,21035985,49600.3,17.57,274.5518634528,1,excellent,NA
AIMS,2021-10-08T06:30:00Z,PRM07,STIC,20210924-20220314,HS,21035985,49600.3,17.57,274.5518634528,1,excellent,NA
AIMS,2021-10-08T07:00:00Z,PRM07,STIC,20210924-20220314,HS,21035985,49600.3,17.57,274.5518634528,1,excellent,NA
AIMS,2021-10-08T07:30:00Z,PRM07,STIC,20210924-20220314,HS,21035985,49600.3,17.475,274.5518634528,1,excellent,NA
AIMS,2021-10-08T08:00:00Z,PRM07,STIC,20210924-20220314,HS,21035985,49600.3,17.475,274.5518634528,1,excellent,NA
AIMS,2021-10-08T08:30:00Z,PRM07,STIC,20210924-20220314,HS,21035985,49600.3,17.475,274.5518634528,1,excellent,NA
AIMS,2021-10-08T09:00:00Z,PRM07,STIC,20210924-20220314,HS,21035985,49600.3,17.379,274.5518634528,1,excellent,NA
AIMS,2021-10-08T09:30:00Z,PRM07,STIC,20210924-20220314,HS,21035985,49600.3,17.379,274.5518634528,1,excellent,NA
AIMS,2021-10-08T10:00:00Z,PRM07,STIC,20210924-20220314,HS,21035985,49600.3,17.379,274.5518634528,1,excellent,NA
AIMS,2021-10-08T10:30:00Z,PRM07,STIC,20210924-20220314,HS,21035985,49600.3,17.284,274.5518634528,1,excellent,NA
AIMS,2021-10-08T11:00:00Z,PRM07,STIC,20210924-20220314,HS,21035985,49600.3,17.284,274.5518634528,1,excellent,NA
AIMS,2021-10-08T11:30:00Z,PRM07,STIC,20210924-20220314,HS,21035985,49600.3,17.189,274.5518634528,1,excellent,NA
AIMS,2021-10-08T12:00:00Z,PRM07,STIC,20210924-20220314,HS,21035985,49600.3,17.189,274.5518634528,1,excellent,NA
AIMS,2021-10-08T12:30:00Z,PRM07,STIC,20210924-20220314,HS,21035985,49600.3,17.189,274.5518634528,1,excellent,NA
AIMS,2021-10-08T13:00:00Z,PRM07,STIC,20210924-20220314,HS,21035985,49600.3,17.189,274.5518634528,1,excellent,NA
AIMS,2021-10-08T13:30:00Z,PRM07,STIC,20210924-20220314,HS,21035985,49600.3,17.094,274.5518634528,1,excellent,NA
AIMS,2021-10-08T14:00:00Z,PRM07,STIC,20210924-20220314,HS,21035985,49600.3,17.189,274.5518634528,1,excellent,NA
AIMS,2021-10-08T14:30:00Z,PRM07,STIC,20210924-20220314,HS,21035985,49600.3,17.189,274.5518634528,1,excellent,NA
AIMS,2021-10-08T15:00:00Z,PRM07,STIC,20210924-20220314,HS,21035985,49600.3,17.189,274.5518634528,1,excellent,NA
AIMS,2021-10-08T15:30:00Z,PRM07,STIC,20210924-20220314,HS,21035985,49600.3,17.284,274.5518634528,1,excellent,NA
AIMS,2021-10-08T16:00:00Z,PRM07,STIC,20210924-20220314,HS,21035985,49600.3,17.379,274.5518634528,1,excellent,NA
AIMS,2021-10-08T16:30:00Z,PRM07,STIC,20210924-20220314,HS,21035985,49600.3,17.475,274.5518634528,1,excellent,NA
AIMS,2021-10-08T17:00:00Z,PRM07,STIC,20210924-20220314,HS,21035985,49600.3,17.665,274.5518634528,1,excellent,NA
AIMS,2021-10-08T17:30:00Z,PRM07,STIC,20210924-20220314,HS,21035985,49600.3,17.76,274.5518634528,1,excellent,NA
AIMS,2021-10-08T18:00:00Z,PRM07,STIC,20210924-20220314,HS,21035985,49600.3,17.855,274.5518634528,1,excellent,NA
AIMS,2021-10-08T18:30:00Z,PRM07,STIC,20210924-20220314,HS,21035985,49600.3,17.95,274.5518634528,1,excellent,NA
AIMS,2021-10-08T19:00:00Z,PRM07,STIC,20210924-20220314,HS,21035985,49600.3,18.045,274.5518634528,1,excellent,NA
AIMS,2021-10-08T19:30:00Z,PRM07,STIC,20210924-20220314,HS,21035985,49600.3,18.14,274.5518634528,1,excellent,NA
AIMS,2021-10-08T20:00:00Z,PRM07,STIC,20210924-20220314,HS,21035985,49600.3,18.236,274.5518634528,1,excellent,NA
AIMS,2021-10-08T20:30:00Z,PRM07,STIC,20210924-20220314,HS,21035985,49600.3,18.236,274.5518634528,1,excellent,NA
AIMS,2021-10-08T21:00:00Z,PRM07,STIC,20210924-20220314,HS,21035985,52355.9,18.14,288.5414273984,1,excellent,NA
AIMS,2021-10-08T21:30:00Z,PRM07,STIC,20210924-20220314,HS,21035985,52355.9,18.14,288.5414273984,1,excellent,NA
AIMS,2021-10-08T22:00:00Z,PRM07,STIC,20210924-20220314,HS,21035985,52355.9,18.045,288.5414273984,1,excellent,NA
AIMS,2021-10-08T22:30:00Z,PRM07,STIC,20210924-20220314,HS,21035985,52355.9,17.95,288.5414273984,1,excellent,NA
AIMS,2021-10-08T23:00:00Z,PRM07,STIC,20210924-20220314,HS,21035985,52355.9,17.95,288.5414273984,1,excellent,NA
AIMS,2021-10-08T23:30:00Z,PRM07,STIC,20210924-20220314,HS,21035985,52355.9,17.95,288.5414273984,1,excellent,NA
AIMS,2021-10-09T00:00:00Z,PRM07,STIC,20210924-20220314,HS,21035985,52355.9,17.855,288.5414273984,1,excellent,NA
AIMS,2021-10-09T00:30:00Z,PRM07,STIC,20210924-20220314,HS,21035985,52355.9,17.855,288.5414273984,1,excellent,NA
AIMS,2021-10-09T01:00:00Z,PRM07,STIC,20210924-20220314,HS,21035985,52355.9,17.76,288.5414273984,1,excellent,NA
AIMS,2021-10-09T01:30:00Z,PRM07,STIC,20210924-20220314,HS,21035985,52355.9,17.665,288.5414273984,1,excellent,NA
AIMS,2021-10-09T02:00:00Z,PRM07,STIC,20210924-20220314,HS,21035985,52355.9,17.57,288.5414273984,1,excellent,NA
AIMS,2021-10-09T02:30:00Z,PRM07,STIC,20210924-20220314,HS,21035985,52355.9,17.57,288.5414273984,1,excellent,NA
AIMS,2021-10-09T03:00:00Z,PRM07,STIC,20210924-20220314,HS,21035985,52355.9,17.475,288.5414273984,1,excellent,NA
AIMS,2021-10-09T03:30:00Z,PRM07,STIC,20210924-20220314,HS,21035985,52355.9,17.379,288.5414273984,1,excellent,NA
AIMS,2021-10-09T04:00:00Z,PRM07,STIC,20210924-20220314,HS,21035985,52355.9,17.379,288.5414273984,1,excellent,NA
AIMS,2021-10-09T04:30:00Z,PRM07,STIC,20210924-20220314,HS,21035985,52355.9,17.284,288.5414273984,1,excellent,NA
AIMS,2021-10-09T05:00:00Z,PRM07,STIC,20210924-20220314,HS,21035985,52355.9,17.284,288.5414273984,1,excellent,NA
AIMS,2021-10-09T05:30:00Z,PRM07,STIC,20210924-20220314,HS,21035985,52355.9,17.189,288.5414273984,1,excellent,NA
AIMS,2021-10-09T06:00:00Z,PRM07,STIC,20210924-20220314,HS,21035985,52355.9,17.189,288.5414273984,1,excellent,NA
AIMS,2021-10-09T06:30:00Z,PRM07,STIC,20210924-20220314,HS,21035985,52355.9,17.189,288.5414273984,1,excellent,NA
AIMS,2021-10-09T07:00:00Z,PRM07,STIC,20210924-20220314,HS,21035985,52355.9,17.094,288.5414273984,1,excellent,NA
AIMS,2021-10-09T07:30:00Z,PRM07,STIC,20210924-20220314,HS,21035985,52355.9,17.094,288.5414273984,1,excellent,NA
AIMS,2021-10-09T08:00:00Z,PRM07,STIC,20210924-20220314,HS,21035985,52355.9,17.094,288.5414273984,1,excellent,NA
AIMS,2021-10-09T08:30:00Z,PRM07,STIC,20210924-20220314,HS,21035985,52355.9,17.094,288.5414273984,1,excellent,NA
AIMS,2021-10-09T09:00:00Z,PRM07,STIC,20210924-20220314,HS,21035985,52355.9,16.999,288.5414273984,1,excellent,NA
AIMS,2021-10-09T09:30:00Z,PRM07,STIC,20210924-20220314,HS,21035985,52355.9,16.999,288.5414273984,1,excellent,NA
AIMS,2021-10-09T10:00:00Z,PRM07,STIC,20210924-20220314,HS,21035985,52355.9,16.903,288.5414273984,1,excellent,NA
AIMS,2021-10-09T10:30:00Z,PRM07,STIC,20210924-20220314,HS,21035985,52355.9,16.903,288.5414273984,1,excellent,NA
AIMS,2021-10-09T11:00:00Z,PRM07,STIC,20210924-20220314,HS,21035985,52355.9,16.903,288.5414273984,1,excellent,NA
AIMS,2021-10-09T11:30:00Z,PRM07,STIC,20210924-20220314,HS,21035985,52355.9,16.808,288.5414273984,1,excellent,NA
AIMS,2021-10-09T12:00:00Z,PRM07,STIC,20210924-20220314,HS,21035985,52355.9,16.808,288.5414273984,1,excellent,NA
AIMS,2021-10-09T12:30:00Z,PRM07,STIC,20210924-20220314,HS,21035985,52355.9,16.808,288.5414273984,1,excellent,NA
AIMS,2021-10-09T13:00:00Z,PRM07,STIC,20210924-20220314,HS,21035985,52355.9,16.808,288.5414273984,1,excellent,NA
AIMS,2021-10-09T13:30:00Z,PRM07,STIC,20210924-20220314,HS,21035985,52355.9,16.808,288.5414273984,1,excellent,NA
AIMS,2021-10-09T14:00:00Z,PRM07,STIC,20210924-20220314,HS,21035985,52355.9,16.808,288.5414273984,1,excellent,NA
AIMS,2021-10-09T14:30:00Z,PRM07,STIC,20210924-20220314,HS,21035985,52355.9,16.903,288.5414273984,1,excellent,NA
AIMS,2021-10-09T15:00:00Z,PRM07,STIC,20210924-20220314,HS,21035985,52355.9,17.094,288.5414273984,1,excellent,NA
AIMS,2021-10-09T15:30:00Z,PRM07,STIC,20210924-20220314,HS,21035985,52355.9,17.189,288.5414273984,1,excellent,NA
AIMS,2021-10-09T16:00:00Z,PRM07,STIC,20210924-20220314,HS,21035985,52355.9,17.284,288.5414273984,1,excellent,NA
AIMS,2021-10-09T16:30:00Z,PRM07,STIC,20210924-20220314,HS,21035985,52355.9,17.475,288.5414273984,1,excellent,NA
AIMS,2021-10-09T17:00:00Z,PRM07,STIC,20210924-20220314,HS,21035985,52355.9,17.76,288.5414273984,1,excellent,NA
AIMS,2021-10-09T17:30:00Z,PRM07,STIC,20210924-20220314,HS,21035985,52355.9,18.045,288.5414273984,1,excellent,NA
AIMS,2021-10-09T18:00:00Z,PRM07,STIC,20210924-20220314,HS,21035985,52355.9,18.14,288.5414273984,1,excellent,NA
AIMS,2021-10-09T18:30:00Z,PRM07,STIC,20210924-20220314,HS,21035985,52355.9,18.331,288.5414273984,1,excellent,NA
AIMS,2021-10-09T19:00:00Z,PRM07,STIC,20210924-20220314,HS,21035985,52355.9,18.426,288.5414273984,1,excellent,NA
AIMS,2021-10-09T19:30:00Z,PRM07,STIC,20210924-20220314,HS,21035985,52355.9,18.521,288.5414273984,1,excellent,NA
AIMS,2021-10-09T20:00:00Z,PRM07,STIC,20210924-20220314,HS,21035985,52355.9,18.616,288.5414273984,1,excellent,NA
AIMS,2021-10-09T20:30:00Z,PRM07,STIC,20210924-20220314,HS,21035985,52355.9,18.711,288.5414273984,1,excellent,NA
AIMS,2021-10-09T21:00:00Z,PRM07,STIC,20210924-20220314,HS,21035985,52355.9,18.711,288.5414273984,1,excellent,NA
AIMS,2021-10-09T21:30:00Z,PRM07,STIC,20210924-20220314,HS,21035985,52355.9,18.616,288.5414273984,1,excellent,NA
AIMS,2021-10-09T22:00:00Z,PRM07,STIC,20210924-20220314,HS,21035985,52355.9,18.616,288.5414273984,1,excellent,NA
AIMS,2021-10-09T22:30:00Z,PRM07,STIC,20210924-20220314,HS,21035985,52355.9,18.521,288.5414273984,1,excellent,NA
AIMS,2021-10-09T23:00:00Z,PRM07,STIC,20210924-20220314,HS,21035985,52355.9,18.426,288.5414273984,1,excellent,NA
AIMS,2021-10-09T23:30:00Z,PRM07,STIC,20210924-20220314,HS,21035985,52355.9,18.331,288.5414273984,1,excellent,NA
AIMS,2021-10-10T00:00:00Z,PRM07,STIC,20210924-20220314,HS,21035985,52355.9,18.236,288.5414273984,1,excellent,NA
AIMS,2021-10-10T00:30:00Z,PRM07,STIC,20210924-20220314,HS,21035985,52355.9,18.14,288.5414273984,1,excellent,NA
AIMS,2021-10-10T01:00:00Z,PRM07,STIC,20210924-20220314,HS,21035985,52355.9,18.045,288.5414273984,1,excellent,NA
AIMS,2021-10-10T01:30:00Z,PRM07,STIC,20210924-20220314,HS,21035985,52355.9,17.95,288.5414273984,1,excellent,NA
AIMS,2021-10-10T02:00:00Z,PRM07,STIC,20210924-20220314,HS,21035985,52355.9,17.95,288.5414273984,1,excellent,NA
AIMS,2021-10-10T02:30:00Z,PRM07,STIC,20210924-20220314,HS,21035985,52355.9,17.855,288.5414273984,1,excellent,NA
AIMS,2021-10-10T03:00:00Z,PRM07,STIC,20210924-20220314,HS,21035985,52355.9,17.76,288.5414273984,1,excellent,NA
AIMS,2021-10-10T03:30:00Z,PRM07,STIC,20210924-20220314,HS,21035985,52355.9,17.76,288.5414273984,1,excellent,NA
AIMS,2021-10-10T04:00:00Z,PRM07,STIC,20210924-20220314,HS,21035985,52355.9,17.665,288.5414273984,1,excellent,NA
AIMS,2021-10-10T04:30:00Z,PRM07,STIC,20210924-20220314,HS,21035985,52355.9,17.57,288.5414273984,1,excellent,NA
AIMS,2021-10-10T05:00:00Z,PRM07,STIC,20210924-20220314,HS,21035985,52355.9,17.57,288.5414273984,1,excellent,NA
AIMS,2021-10-10T05:30:00Z,PRM07,STIC,20210924-20220314,HS,21035985,52355.9,17.475,288.5414273984,1,excellent,NA
AIMS,2021-10-10T06:00:00Z,PRM07,STIC,20210924-20220314,HS,21035985,52355.9,17.475,288.5414273984,1,excellent,NA
AIMS,2021-10-10T06:30:00Z,PRM07,STIC,20210924-20220314,HS,21035985,52355.9,17.475,288.5414273984,1,excellent,NA
AIMS,2021-10-10T07:00:00Z,PRM07,STIC,20210924-20220314,HS,21035985,52355.9,17.379,288.5414273984,1,excellent,NA
AIMS,2021-10-10T07:30:00Z,PRM07,STIC,20210924-20220314,HS,21035985,52355.9,17.379,288.5414273984,1,excellent,NA
AIMS,2021-10-10T08:00:00Z,PRM07,STIC,20210924-20220314,HS,21035985,52355.9,17.284,288.5414273984,1,excellent,NA
AIMS,2021-10-10T08:30:00Z,PRM07,STIC,20210924-20220314,HS,21035985,52355.9,17.284,288.5414273984,1,excellent,NA
AIMS,2021-10-10T09:00:00Z,PRM07,STIC,20210924-20220314,HS,21035985,52355.9,17.284,288.5414273984,1,excellent,NA
AIMS,2021-10-10T09:30:00Z,PRM07,STIC,20210924-20220314,HS,21035985,52355.9,17.189,288.5414273984,1,excellent,NA
AIMS,2021-10-10T10:00:00Z,PRM07,STIC,20210924-20220314,HS,21035985,52355.9,17.189,288.5414273984,1,excellent,NA
AIMS,2021-10-10T10:30:00Z,PRM07,STIC,20210924-20220314,HS,21035985,52355.9,17.189,288.5414273984,1,excellent,NA
AIMS,2021-10-10T11:00:00Z,PRM07,STIC,20210924-20220314,HS,21035985,52355.9,17.094,288.5414273984,1,excellent,NA
AIMS,2021-10-10T11:30:00Z,PRM07,STIC,20210924-20220314,HS,21035985,52355.9,17.094,288.5414273984,1,excellent,NA
AIMS,2021-10-10T12:00:00Z,PRM07,STIC,20210924-20220314,HS,21035985,5166.7,16.999,48.972429379199994,1,excellent,NA
AIMS,2021-10-10T12:30:00Z,PRM07,STIC,20210924-20220314,HS,21035985,14466.8,16.999,96.18695385679999,1,excellent,NA
AIMS,2021-10-10T13:00:00Z,PRM07,STIC,20210924-20220314,HS,21035985,16533.4,16.999,106.6786191384,1,excellent,NA
AIMS,2021-10-10T13:30:00Z,PRM07,STIC,20210924-20220314,HS,21035985,4133.4,17.094,43.7265967384,1,excellent,NA
AIMS,2021-10-10T14:00:00Z,PRM07,STIC,20210924-20220314,HS,21035985,26178,17.189,155.642092948,1,excellent,NA
AIMS,2021-10-10T14:30:00Z,PRM07,STIC,20210924-20220314,HS,21035985,19977.9,17.379,124.1655740704,1,excellent,NA
AIMS,2021-10-10T15:00:00Z,PRM07,STIC,20210924-20220314,HS,21035985,30311.3,17.57,176.6259311888,1,excellent,NA
AIMS,2021-10-10T15:30:00Z,PRM07,STIC,20210924-20220314,HS,21035985,30311.3,17.95,176.6259311888,1,excellent,NA
AIMS,2021-10-10T16:00:00Z,PRM07,STIC,20210924-20220314,HS,21035985,30311.3,18.14,176.6259311888,1,excellent,NA
AIMS,2021-10-10T16:30:00Z,PRM07,STIC,20210924-20220314,HS,21035985,30311.3,18.521,176.6259311888,1,excellent,NA
AIMS,2021-10-10T17:00:00Z,PRM07,STIC,20210924-20220314,HS,21035985,30311.3,18.616,176.6259311888,1,excellent,NA
AIMS,2021-10-10T17:30:00Z,PRM07,STIC,20210924-20220314,HS,21035985,30311.3,18.806,176.6259311888,1,excellent,NA
AIMS,2021-10-10T18:00:00Z,PRM07,STIC,20210924-20220314,HS,21035985,30311.3,18.901,176.6259311888,1,excellent,NA
AIMS,2021-10-10T18:30:00Z,PRM07,STIC,20210924-20220314,HS,21035985,30311.3,19.092,176.6259311888,1,excellent,NA
AIMS,2021-10-10T19:00:00Z,PRM07,STIC,20210924-20220314,HS,21035985,28933.5,19.187,169.631149216,1,excellent,NA
AIMS,2021-10-10T19:30:00Z,PRM07,STIC,20210924-20220314,HS,21035985,28933.5,19.187,169.631149216,1,excellent,NA
AIMS,2021-10-10T20:00:00Z,PRM07,STIC,20210924-20220314,HS,21035985,527.4,19.282,25.4197424824,1,excellent,NA
AIMS,2021-10-10T20:30:00Z,PRM07,STIC,20210924-20220314,HS,21035985,473.6,19.377,25.1466119336,1,excellent,NA
AIMS,2021-10-10T21:00:00Z,PRM07,STIC,20210924-20220314,HS,21035985,441.3,19.377,24.982632068799997,1,excellent,NA
AIMS,2021-10-10T21:30:00Z,PRM07,STIC,20210924-20220314,HS,21035985,419.8,19.282,24.873481384799998,1,excellent,NA
AIMS,2021-10-10T22:00:00Z,PRM07,STIC,20210924-20220314,HS,21035985,398.3,19.092,24.7643307008,1,excellent,NA
AIMS,2021-10-10T22:30:00Z,PRM07,STIC,20210924-20220314,HS,21035985,398.3,18.996,24.7643307008,1,excellent,NA
AIMS,2021-10-10T23:00:00Z,PRM07,STIC,20210924-20220314,HS,21035985,398.3,18.806,24.7643307008,1,excellent,NA
AIMS,2021-10-10T23:30:00Z,PRM07,STIC,20210924-20220314,HS,21035985,387.5,18.711,24.70950152,1,excellent,NA
AIMS,2021-10-11T00:00:00Z,PRM07,STIC,20210924-20220314,HS,21035985,398.3,18.521,24.7643307008,1,excellent,NA
AIMS,2021-10-11T00:30:00Z,PRM07,STIC,20210924-20220314,HS,21035985,387.5,18.426,24.70950152,1,excellent,NA
AIMS,2021-10-11T01:00:00Z,PRM07,STIC,20210924-20220314,HS,21035985,398.3,18.331,24.7643307008,1,excellent,NA
AIMS,2021-10-11T01:30:00Z,PRM07,STIC,20210924-20220314,HS,21035985,398.3,18.236,24.7643307008,1,excellent,NA
AIMS,2021-10-11T02:00:00Z,PRM07,STIC,20210924-20220314,HS,21035985,398.3,18.045,24.7643307008,1,excellent,NA
AIMS,2021-10-11T02:30:00Z,PRM07,STIC,20210924-20220314,HS,21035985,398.3,17.95,24.7643307008,1,excellent,NA
AIMS,2021-10-11T03:00:00Z,PRM07,STIC,20210924-20220314,HS,21035985,409,17.855,24.818652204,1,excellent,NA
AIMS,2021-10-11T03:30:00Z,PRM07,STIC,20210924-20220314,HS,21035985,409,17.76,24.818652204,1,excellent,NA
AIMS,2021-10-11T04:00:00Z,PRM07,STIC,20210924-20220314,HS,21035985,409,17.665,24.818652204,1,excellent,NA
AIMS,2021-10-11T04:30:00Z,PRM07,STIC,20210924-20220314,HS,21035985,409,17.57,24.818652204,1,excellent,NA
AIMS,2021-10-11T05:00:00Z,PRM07,STIC,20210924-20220314,HS,21035985,409,17.57,24.818652204,1,excellent,NA
AIMS,2021-10-11T05:30:00Z,PRM07,STIC,20210924-20220314,HS,21035985,409,17.475,24.818652204,1,excellent,NA
AIMS,2021-10-11T06:00:00Z,PRM07,STIC,20210924-20220314,HS,21035985,398.3,17.379,24.7643307008,1,excellent,NA
AIMS,2021-10-11T06:30:00Z,PRM07,STIC,20210924-20220314,HS,21035985,398.3,17.284,24.7643307008,1,excellent,NA
AIMS,2021-10-11T07:00:00Z,PRM07,STIC,20210924-20220314,HS,21035985,387.5,17.189,24.70950152,1,excellent,NA
AIMS,2021-10-11T07:30:00Z,PRM07,STIC,20210924-20220314,HS,21035985,387.5,17.094,24.70950152,1,excellent,NA
AIMS,2021-10-11T08:00:00Z,PRM07,STIC,20210924-20220314,HS,21035985,376.7,16.999,24.654672339199998,1,excellent,NA
AIMS,2021-10-11T08:30:00Z,PRM07,STIC,20210924-20220314,HS,21035985,366,16.808,24.600350835999997,1,excellent,NA
AIMS,2021-10-11T09:00:00Z,PRM07,STIC,20210924-20220314,HS,21035985,355.2,16.808,24.545521655199998,1,excellent,NA
AIMS,2021-10-11T09:30:00Z,PRM07,STIC,20210924-20220314,HS,21035985,355.2,16.808,24.545521655199998,1,excellent,NA
AIMS,2021-10-11T10:00:00Z,PRM07,STIC,20210924-20220314,HS,21035985,344.4,16.808,24.4906924744,1,excellent,NA
AIMS,2021-10-11T10:30:00Z,PRM07,STIC,20210924-20220314,HS,21035985,344.4,16.808,24.4906924744,1,excellent,NA
AIMS,2021-10-11T11:00:00Z,PRM07,STIC,20210924-20220314,HS,21035985,333.7,16.713,24.4363709712,1,excellent,NA
AIMS,2021-10-11T11:30:00Z,PRM07,STIC,20210924-20220314,HS,21035985,322.9,16.713,24.3815417904,1,excellent,NA
AIMS,2021-10-11T12:00:00Z,PRM07,STIC,20210924-20220314,HS,21035985,322.9,16.523,24.3815417904,1,excellent,NA
AIMS,2021-10-11T12:30:00Z,PRM07,STIC,20210924-20220314,HS,21035985,312.2,16.523,24.3272202872,1,excellent,NA
AIMS,2021-10-11T13:00:00Z,PRM07,STIC,20210924-20220314,HS,21035985,312.2,16.618,24.3272202872,1,excellent,NA
AIMS,2021-10-11T13:30:00Z,PRM07,STIC,20210924-20220314,HS,21035985,312.2,16.808,24.3272202872,1,excellent,NA
AIMS,2021-10-11T14:00:00Z,PRM07,STIC,20210924-20220314,HS,21035985,312.2,17.094,24.3272202872,1,excellent,NA
AIMS,2021-10-11T14:30:00Z,PRM07,STIC,20210924-20220314,HS,21035985,312.2,17.475,24.3272202872,1,excellent,NA
AIMS,2021-10-11T15:00:00Z,PRM07,STIC,20210924-20220314,HS,21035985,322.9,17.855,24.3815417904,1,excellent,NA
AIMS,2021-10-11T15:30:00Z,PRM07,STIC,20210924-20220314,HS,21035985,333.7,18.14,24.4363709712,1,excellent,NA
AIMS,2021-10-11T16:00:00Z,PRM07,STIC,20210924-20220314,HS,21035985,344.4,18.616,24.4906924744,1,excellent,NA
AIMS,2021-10-11T16:30:00Z,PRM07,STIC,20210924-20220314,HS,21035985,366,18.806,24.600350835999997,1,excellent,NA
AIMS,2021-10-11T17:00:00Z,PRM07,STIC,20210924-20220314,HS,21035985,366,18.806,24.600350835999997,1,excellent,NA
AIMS,2021-10-11T17:30:00Z,PRM07,STIC,20210924-20220314,HS,21035985,366,19.092,24.600350835999997,1,excellent,NA
AIMS,2021-10-11T18:00:00Z,PRM07,STIC,20210924-20220314,HS,21035985,366,19.282,24.600350835999997,1,excellent,NA
AIMS,2021-10-11T18:30:00Z,PRM07,STIC,20210924-20220314,HS,21035985,355.2,19.377,24.545521655199998,1,excellent,NA
AIMS,2021-10-11T19:00:00Z,PRM07,STIC,20210924-20220314,HS,21035985,344.4,19.472,24.4906924744,1,excellent,NA
AIMS,2021-10-11T19:30:00Z,PRM07,STIC,20210924-20220314,HS,21035985,333.7,19.567,24.4363709712,1,excellent,NA
AIMS,2021-10-11T20:00:00Z,PRM07,STIC,20210924-20220314,HS,21035985,269.1,19.472,24.1084112416,0,excellent,NA
AIMS,2021-10-11T20:30:00Z,PRM07,STIC,20210924-20220314,HS,21035985,258.3,19.662,24.0535820608,0,excellent,NA
AIMS,2021-10-11T21:00:00Z,PRM07,STIC,20210924-20220314,HS,21035985,247.6,19.758,23.9992605576,0,excellent,NA
AIMS,2021-10-11T21:30:00Z,PRM07,STIC,20210924-20220314,HS,21035985,193.8,19.662,23.7261300088,0,excellent,NA
AIMS,2021-10-11T22:00:00Z,PRM07,STIC,20210924-20220314,HS,21035985,118.4,19.567,23.3433410984,0,excellent,NA
AIMS,2021-10-11T22:30:00Z,PRM07,STIC,20210924-20220314,HS,21035985,86.1,19.377,23.179361233599998,0,excellent,NA
AIMS,2021-10-11T23:00:00Z,PRM07,STIC,20210924-20220314,HS,21035985,75.3,19.187,23.1245320528,0,excellent,NA
AIMS,2021-10-11T23:30:00Z,PRM07,STIC,20210924-20220314,HS,21035985,64.6,19.092,23.0702105496,0,excellent,NA
AIMS,2021-10-12T00:00:00Z,PRM07,STIC,20210924-20220314,HS,21035985,43.1,18.901,22.9610598656,0,excellent,NA
AIMS,2021-10-12T00:30:00Z,PRM07,STIC,20210924-20220314,HS,21035985,32.3,18.711,22.9062306848,0,excellent,NA
AIMS,2021-10-12T01:00:00Z,PRM07,STIC,20210924-20220314,HS,21035985,32.3,18.616,22.9062306848,0,excellent,NA
AIMS,2021-10-12T01:30:00Z,PRM07,STIC,20210924-20220314,HS,21035985,21.5,18.521,22.851401504,0,excellent,NA
AIMS,2021-10-12T02:00:00Z,PRM07,STIC,20210924-20220314,HS,21035985,21.5,18.426,22.851401504,0,excellent,NA
AIMS,2021-10-12T02:30:00Z,PRM07,STIC,20210924-20220314,HS,21035985,21.5,18.236,22.851401504,0,excellent,NA
AIMS,2021-10-12T03:00:00Z,PRM07,STIC,20210924-20220314,HS,21035985,21.5,18.331,22.851401504,0,excellent,NA
AIMS,2021-10-12T03:30:00Z,PRM07,STIC,20210924-20220314,HS,21035985,10.8,18.331,22.797080000799998,0,excellent,NA
AIMS,2021-10-12T04:00:00Z,PRM07,STIC,20210924-20220314,HS,21035985,10.8,18.331,22.797080000799998,0,excellent,NA
AIMS,2021-10-12T04:30:00Z,PRM07,STIC,20210924-20220314,HS,21035985,10.8,18.236,22.797080000799998,0,excellent,NA
AIMS,2021-10-12T05:00:00Z,PRM07,STIC,20210924-20220314,HS,21035985,10.8,18.14,22.797080000799998,0,excellent,NA
AIMS,2021-10-12T05:30:00Z,PRM07,STIC,20210924-20220314,HS,21035985,10.8,18.045,22.797080000799998,0,excellent,NA
AIMS,2021-10-12T06:00:00Z,PRM07,STIC,20210924-20220314,HS,21035985,10.8,18.045,22.797080000799998,0,excellent,NA
AIMS,2021-10-12T06:30:00Z,PRM07,STIC,20210924-20220314,HS,21035985,10.8,17.95,22.797080000799998,0,excellent,NA
AIMS,2021-10-12T07:00:00Z,PRM07,STIC,20210924-20220314,HS,21035985,10.8,17.95,22.797080000799998,0,excellent,NA
AIMS,2021-10-12T07:30:00Z,PRM07,STIC,20210924-20220314,HS,21035985,10.8,17.95,22.797080000799998,0,excellent,NA
AIMS,2021-10-12T08:00:00Z,PRM07,STIC,20210924-20220314,HS,21035985,10.8,17.95,22.797080000799998,0,excellent,NA
AIMS,2021-10-12T08:30:00Z,PRM07,STIC,20210924-20220314,HS,21035985,10.8,17.95,22.797080000799998,0,excellent,NA
AIMS,2021-10-12T09:00:00Z,PRM07,STIC,20210924-20220314,HS,21035985,10.8,17.95,22.797080000799998,0,excellent,NA
AIMS,2021-10-12T09:30:00Z,PRM07,STIC,20210924-20220314,HS,21035985,0,17.855,22.74225082,0,excellent,NA
AIMS,2021-10-12T10:00:00Z,PRM07,STIC,20210924-20220314,HS,21035985,0,17.855,22.74225082,0,excellent,NA
AIMS,2021-10-12T10:30:00Z,PRM07,STIC,20210924-20220314,HS,21035985,0,17.855,22.74225082,0,excellent,NA
AIMS,2021-10-12T11:00:00Z,PRM07,STIC,20210924-20220314,HS,21035985,0,17.855,22.74225082,0,excellent,NA
AIMS,2021-10-12T11:30:00Z,PRM07,STIC,20210924-20220314,HS,21035985,0,17.855,22.74225082,0,excellent,NA
AIMS,2021-10-12T12:00:00Z,PRM07,STIC,20210924-20220314,HS,21035985,0,17.855,22.74225082,0,excellent,NA
AIMS,2021-10-12T12:30:00Z,PRM07,STIC,20210924-20220314,HS,21035985,0,17.855,22.74225082,0,excellent,NA
AIMS,2021-10-12T13:00:00Z,PRM07,STIC,20210924-20220314,HS,21035985,0,17.95,22.74225082,0,excellent,NA
AIMS,2021-10-12T13:30:00Z,PRM07,STIC,20210924-20220314,HS,21035985,0,18.14,22.74225082,0,excellent,NA
AIMS,2021-10-12T14:00:00Z,PRM07,STIC,20210924-20220314,HS,21035985,0,18.331,22.74225082,0,excellent,NA
AIMS,2021-10-12T14:30:00Z,PRM07,STIC,20210924-20220314,HS,21035985,0,18.616,22.74225082,0,excellent,NA
AIMS,2021-10-12T15:00:00Z,PRM07,STIC,20210924-20220314,HS,21035985,0,19.092,22.74225082,0,excellent,NA
AIMS,2021-10-12T15:30:00Z,PRM07,STIC,20210924-20220314,HS,21035985,0,19.282,22.74225082,0,excellent,NA
AIMS,2021-10-12T16:00:00Z,PRM07,STIC,20210924-20220314,HS,21035985,0,19.092,22.74225082,0,excellent,NA
AIMS,2021-10-12T16:30:00Z,PRM07,STIC,20210924-20220314,HS,21035985,0,19.377,22.74225082,0,excellent,NA
AIMS,2021-10-12T17:00:00Z,PRM07,STIC,20210924-20220314,HS,21035985,0,19.758,22.74225082,0,excellent,NA
AIMS,2021-10-12T17:30:00Z,PRM07,STIC,20210924-20220314,HS,21035985,0,19.948,22.74225082,0,excellent,NA
AIMS,2021-10-12T18:00:00Z,PRM07,STIC,20210924-20220314,HS,21035985,0,20.043,22.74225082,0,excellent,NA
AIMS,2021-10-12T18:30:00Z,PRM07,STIC,20210924-20220314,HS,21035985,0,20.329,22.74225082,0,excellent,NA
AIMS,2021-10-12T19:00:00Z,PRM07,STIC,20210924-20220314,HS,21035985,0,20.424,22.74225082,0,excellent,NA
AIMS,2021-10-12T19:30:00Z,PRM07,STIC,20210924-20220314,HS,21035985,0,20.519,22.74225082,0,excellent,NA
AIMS,2021-10-12T20:00:00Z,PRM07,STIC,20210924-20220314,HS,21035985,0,20.615,22.74225082,0,excellent,NA
AIMS,2021-10-12T20:30:00Z,PRM07,STIC,20210924-20220314,HS,21035985,0,20.615,22.74225082,0,excellent,NA
AIMS,2021-10-12T21:00:00Z,PRM07,STIC,20210924-20220314,HS,21035985,0,20.615,22.74225082,0,excellent,NA
AIMS,2021-10-12T21:30:00Z,PRM07,STIC,20210924-20220314,HS,21035985,0,20.519,22.74225082,0,excellent,NA
AIMS,2021-10-12T22:00:00Z,PRM07,STIC,20210924-20220314,HS,21035985,0,20.329,22.74225082,0,excellent,NA
AIMS,2021-10-12T22:30:00Z,PRM07,STIC,20210924-20220314,HS,21035985,0,20.138,22.74225082,0,excellent,NA
AIMS,2021-10-12T23:00:00Z,PRM07,STIC,20210924-20220314,HS,21035985,0,20.043,22.74225082,0,excellent,NA
AIMS,2021-10-12T23:30:00Z,PRM07,STIC,20210924-20220314,HS,21035985,0,19.948,22.74225082,0,excellent,NA
AIMS,2021-10-13T00:00:00Z,PRM07,STIC,20210924-20220314,HS,21035985,0,19.758,22.74225082,0,excellent,NA
AIMS,2021-10-13T00:30:00Z,PRM07,STIC,20210924-20220314,HS,21035985,0,19.662,22.74225082,0,excellent,NA
AIMS,2021-10-13T01:00:00Z,PRM07,STIC,20210924-20220314,HS,21035985,0,19.567,22.74225082,0,excellent,NA
AIMS,2021-10-13T01:30:00Z,PRM07,STIC,20210924-20220314,HS,21035985,0,19.472,22.74225082,0,excellent,NA
AIMS,2021-10-13T02:00:00Z,PRM07,STIC,20210924-20220314,HS,21035985,0,19.377,22.74225082,0,excellent,NA
AIMS,2021-10-13T02:30:00Z,PRM07,STIC,20210924-20220314,HS,21035985,0,19.282,22.74225082,0,excellent,NA
AIMS,2021-10-13T03:00:00Z,PRM07,STIC,20210924-20220314,HS,21035985,0,19.187,22.74225082,0,excellent,NA
AIMS,2021-10-13T03:30:00Z,PRM07,STIC,20210924-20220314,HS,21035985,0,18.996,22.74225082,0,excellent,NA
AIMS,2021-10-13T04:00:00Z,PRM07,STIC,20210924-20220314,HS,21035985,0,18.901,22.74225082,0,excellent,NA
AIMS,2021-10-13T04:30:00Z,PRM07,STIC,20210924-20220314,HS,21035985,0,18.806,22.74225082,0,excellent,NA
AIMS,2021-10-13T05:00:00Z,PRM07,STIC,20210924-20220314,HS,21035985,0,18.711,22.74225082,0,excellent,NA
AIMS,2021-10-13T05:30:00Z,PRM07,STIC,20210924-20220314,HS,21035985,0,18.616,22.74225082,0,excellent,NA
AIMS,2021-10-13T06:00:00Z,PRM07,STIC,20210924-20220314,HS,21035985,0,18.521,22.74225082,0,excellent,NA
AIMS,2021-10-13T06:30:00Z,PRM07,STIC,20210924-20220314,HS,21035985,0,18.331,22.74225082,0,excellent,NA
AIMS,2021-10-13T07:00:00Z,PRM07,STIC,20210924-20220314,HS,21035985,0,18.331,22.74225082,0,excellent,NA
AIMS,2021-10-13T07:30:00Z,PRM07,STIC,20210924-20220314,HS,21035985,0,18.236,22.74225082,0,excellent,NA
AIMS,2021-10-13T08:00:00Z,PRM07,STIC,20210924-20220314,HS,21035985,0,18.236,22.74225082,0,excellent,NA
AIMS,2021-10-13T08:30:00Z,PRM07,STIC,20210924-20220314,HS,21035985,0,18.236,22.74225082,0,excellent,NA
AIMS,2021-10-13T09:00:00Z,PRM07,STIC,20210924-20220314,HS,21035985,0,18.14,22.74225082,0,excellent,NA
AIMS,2021-10-13T09:30:00Z,PRM07,STIC,20210924-20220314,HS,21035985,0,18.14,22.74225082,0,excellent,NA
AIMS,2021-10-13T10:00:00Z,PRM07,STIC,20210924-20220314,HS,21035985,0,18.045,22.74225082,0,excellent,NA
AIMS,2021-10-13T10:30:00Z,PRM07,STIC,20210924-20220314,HS,21035985,0,18.045,22.74225082,0,excellent,NA
AIMS,2021-10-13T11:00:00Z,PRM07,STIC,20210924-20220314,HS,21035985,0,18.045,22.74225082,0,excellent,NA
AIMS,2021-10-13T11:30:00Z,PRM07,STIC,20210924-20220314,HS,21035985,0,18.045,22.74225082,0,excellent,NA
AIMS,2021-10-13T12:00:00Z,PRM07,STIC,20210924-20220314,HS,21035985,0,17.95,22.74225082,0,excellent,NA
AIMS,2021-10-13T12:30:00Z,PRM07,STIC,20210924-20220314,HS,21035985,0,18.045,22.74225082,0,excellent,NA
AIMS,2021-10-13T13:00:00Z,PRM07,STIC,20210924-20220314,HS,21035985,0,18.14,22.74225082,0,excellent,NA
AIMS,2021-10-13T13:30:00Z,PRM07,STIC,20210924-20220314,HS,21035985,0,18.331,22.74225082,0,excellent,NA
AIMS,2021-10-13T14:00:00Z,PRM07,STIC,20210924-20220314,HS,21035985,0,18.616,22.74225082,0,excellent,NA
AIMS,2021-10-13T14:30:00Z,PRM07,STIC,20210924-20220314,HS,21035985,0,18.711,22.74225082,0,excellent,NA
AIMS,2021-10-13T15:00:00Z,PRM07,STIC,20210924-20220314,HS,21035985,0,19.282,22.74225082,0,excellent,NA
AIMS,2021-10-13T15:30:00Z,PRM07,STIC,20210924-20220314,HS,21035985,0,19.758,22.74225082,0,excellent,NA
AIMS,2021-10-13T16:00:00Z,PRM07,STIC,20210924-20220314,HS,21035985,0,19.948,22.74225082,0,excellent,NA
AIMS,2021-10-13T16:30:00Z,PRM07,STIC,20210924-20220314,HS,21035985,0,20.329,22.74225082,0,excellent,NA
AIMS,2021-10-13T17:00:00Z,PRM07,STIC,20210924-20220314,HS,21035985,0,20.615,22.74225082,0,excellent,NA
AIMS,2021-10-13T17:30:00Z,PRM07,STIC,20210924-20220314,HS,21035985,0,20.805,22.74225082,0,excellent,NA
AIMS,2021-10-13T18:00:00Z,PRM07,STIC,20210924-20220314,HS,21035985,0,21.187,22.74225082,0,excellent,NA
AIMS,2021-10-13T18:30:00Z,PRM07,STIC,20210924-20220314,HS,21035985,0,21.569,22.74225082,0,excellent,NA
AIMS,2021-10-13T19:00:00Z,PRM07,STIC,20210924-20220314,HS,21035985,0,21.473,22.74225082,0,excellent,NA
AIMS,2021-10-13T19:30:00Z,PRM07,STIC,20210924-20220314,HS,21035985,0,21.473,22.74225082,0,excellent,NA
AIMS,2021-10-13T20:00:00Z,PRM07,STIC,20210924-20220314,HS,21035985,0,21.473,22.74225082,0,excellent,NA
AIMS,2021-10-13T20:30:00Z,PRM07,STIC,20210924-20220314,HS,21035985,0,21.569,22.74225082,0,excellent,NA
AIMS,2021-10-13T21:00:00Z,PRM07,STIC,20210924-20220314,HS,21035985,0,21.282,22.74225082,0,excellent,NA
AIMS,2021-10-13T21:30:00Z,PRM07,STIC,20210924-20220314,HS,21035985,0,21.187,22.74225082,0,excellent,NA
AIMS,2021-10-13T22:00:00Z,PRM07,STIC,20210924-20220314,HS,21035985,0,21.091,22.74225082,0,excellent,NA
AIMS,2021-10-13T22:30:00Z,PRM07,STIC,20210924-20220314,HS,21035985,0,20.901,22.74225082,0,excellent,NA
AIMS,2021-10-13T23:00:00Z,PRM07,STIC,20210924-20220314,HS,21035985,0,20.71,22.74225082,0,excellent,NA
AIMS,2021-10-13T23:30:00Z,PRM07,STIC,20210924-20220314,HS,21035985,0,20.615,22.74225082,0,excellent,NA
AIMS,2021-10-14T00:00:00Z,PRM07,STIC,20210924-20220314,HS,21035985,0,20.519,22.74225082,0,excellent,NA
AIMS,2021-10-14T00:30:00Z,PRM07,STIC,20210924-20220314,HS,21035985,0,20.329,22.74225082,0,excellent,NA
AIMS,2021-10-14T01:00:00Z,PRM07,STIC,20210924-20220314,HS,21035985,0,20.138,22.74225082,0,excellent,NA
AIMS,2021-10-14T01:30:00Z,PRM07,STIC,20210924-20220314,HS,21035985,0,19.948,22.74225082,0,excellent,NA
AIMS,2021-10-14T02:00:00Z,PRM07,STIC,20210924-20220314,HS,21035985,0,19.758,22.74225082,0,excellent,NA
AIMS,2021-10-14T02:30:00Z,PRM07,STIC,20210924-20220314,HS,21035985,0,19.662,22.74225082,0,excellent,NA
AIMS,2021-10-14T03:00:00Z,PRM07,STIC,20210924-20220314,HS,21035985,0,19.472,22.74225082,0,excellent,NA
AIMS,2021-10-14T03:30:00Z,PRM07,STIC,20210924-20220314,HS,21035985,0,19.282,22.74225082,0,excellent,NA
AIMS,2021-10-14T04:00:00Z,PRM07,STIC,20210924-20220314,HS,21035985,0,19.187,22.74225082,0,excellent,NA
AIMS,2021-10-14T04:30:00Z,PRM07,STIC,20210924-20220314,HS,21035985,0,18.996,22.74225082,0,excellent,NA
AIMS,2021-10-14T05:00:00Z,PRM07,STIC,20210924-20220314,HS,21035985,0,18.901,22.74225082,0,excellent,NA
AIMS,2021-10-14T05:30:00Z,PRM07,STIC,20210924-20220314,HS,21035985,0,18.711,22.74225082,0,excellent,NA
AIMS,2021-10-14T06:00:00Z,PRM07,STIC,20210924-20220314,HS,21035985,0,18.711,22.74225082,0,excellent,NA
AIMS,2021-10-14T06:30:00Z,PRM07,STIC,20210924-20220314,HS,21035985,0,18.616,22.74225082,0,excellent,NA
AIMS,2021-10-14T07:00:00Z,PRM07,STIC,20210924-20220314,HS,21035985,0,18.521,22.74225082,0,excellent,NA
AIMS,2021-10-14T07:30:00Z,PRM07,STIC,20210924-20220314,HS,21035985,0,18.521,22.74225082,0,excellent,NA
AIMS,2021-10-14T08:00:00Z,PRM07,STIC,20210924-20220314,HS,21035985,0,18.426,22.74225082,0,excellent,NA
AIMS,2021-10-14T08:30:00Z,PRM07,STIC,20210924-20220314,HS,21035985,0,18.331,22.74225082,0,excellent,NA
AIMS,2021-10-14T09:00:00Z,PRM07,STIC,20210924-20220314,HS,21035985,0,18.236,22.74225082,0,excellent,NA
AIMS,2021-10-14T09:30:00Z,PRM07,STIC,20210924-20220314,HS,21035985,0,18.14,22.74225082,0,excellent,NA
AIMS,2021-10-14T10:00:00Z,PRM07,STIC,20210924-20220314,HS,21035985,0,18.045,22.74225082,0,excellent,NA
AIMS,2021-10-14T10:30:00Z,PRM07,STIC,20210924-20220314,HS,21035985,0,17.95,22.74225082,0,excellent,NA
AIMS,2021-10-14T11:00:00Z,PRM07,STIC,20210924-20220314,HS,21035985,0,17.855,22.74225082,0,excellent,NA
AIMS,2021-10-14T11:30:00Z,PRM07,STIC,20210924-20220314,HS,21035985,0,17.76,22.74225082,0,excellent,NA
AIMS,2021-10-14T12:00:00Z,PRM07,STIC,20210924-20220314,HS,21035985,0,17.665,22.74225082,0,excellent,NA
AIMS,2021-10-14T12:30:00Z,PRM07,STIC,20210924-20220314,HS,21035985,0,17.665,22.74225082,0,excellent,NA
AIMS,2021-10-14T13:00:00Z,PRM07,STIC,20210924-20220314,HS,21035985,0,17.665,22.74225082,0,excellent,NA
AIMS,2021-10-14T13:30:00Z,PRM07,STIC,20210924-20220314,HS,21035985,0,17.76,22.74225082,0,excellent,NA
AIMS,2021-10-14T14:00:00Z,PRM07,STIC,20210924-20220314,HS,21035985,0,17.855,22.74225082,0,excellent,NA
AIMS,2021-10-14T14:30:00Z,PRM07,STIC,20210924-20220314,HS,21035985,0,18.14,22.74225082,0,excellent,NA
AIMS,2021-10-14T15:00:00Z,PRM07,STIC,20210924-20220314,HS,21035985,0,18.521,22.74225082,0,excellent,NA
AIMS,2021-10-14T15:30:00Z,PRM07,STIC,20210924-20220314,HS,21035985,0,19.187,22.74225082,0,excellent,NA
AIMS,2021-10-14T16:00:00Z,PRM07,STIC,20210924-20220314,HS,21035985,0,19.567,22.74225082,0,excellent,NA
AIMS,2021-10-14T16:30:00Z,PRM07,STIC,20210924-20220314,HS,21035985,0,19.758,22.74225082,0,excellent,NA
AIMS,2021-10-14T17:00:00Z,PRM07,STIC,20210924-20220314,HS,21035985,0,19.948,22.74225082,0,excellent,NA
AIMS,2021-10-14T17:30:00Z,PRM07,STIC,20210924-20220314,HS,21035985,0,20.424,22.74225082,0,excellent,NA
AIMS,2021-10-14T18:00:00Z,PRM07,STIC,20210924-20220314,HS,21035985,0,20.805,22.74225082,0,excellent,NA
AIMS,2021-10-14T18:30:00Z,PRM07,STIC,20210924-20220314,HS,21035985,0,20.901,22.74225082,0,excellent,NA
AIMS,2021-10-14T19:00:00Z,PRM07,STIC,20210924-20220314,HS,21035985,0,20.996,22.74225082,0,excellent,NA
AIMS,2021-10-14T19:30:00Z,PRM07,STIC,20210924-20220314,HS,21035985,0,20.901,22.74225082,0,excellent,NA
AIMS,2021-10-14T20:00:00Z,PRM07,STIC,20210924-20220314,HS,21035985,0,20.996,22.74225082,0,excellent,NA
AIMS,2021-10-14T20:30:00Z,PRM07,STIC,20210924-20220314,HS,21035985,0,20.996,22.74225082,0,excellent,NA
AIMS,2021-10-14T21:00:00Z,PRM07,STIC,20210924-20220314,HS,21035985,0,20.901,22.74225082,0,excellent,NA
AIMS,2021-10-14T21:30:00Z,PRM07,STIC,20210924-20220314,HS,21035985,0,20.901,22.74225082,0,excellent,NA
AIMS,2021-10-14T22:00:00Z,PRM07,STIC,20210924-20220314,HS,21035985,0,20.71,22.74225082,0,excellent,NA
AIMS,2021-10-14T22:30:00Z,PRM07,STIC,20210924-20220314,HS,21035985,0,20.615,22.74225082,0,excellent,NA
AIMS,2021-10-14T23:00:00Z,PRM07,STIC,20210924-20220314,HS,21035985,0,20.519,22.74225082,0,excellent,NA
AIMS,2021-10-14T23:30:00Z,PRM07,STIC,20210924-20220314,HS,21035985,0,20.329,22.74225082,0,excellent,NA
AIMS,2021-10-15T00:00:00Z,PRM07,STIC,20210924-20220314,HS,21035985,0,20.138,22.74225082,0,excellent,NA
AIMS,2021-10-15T00:30:00Z,PRM07,STIC,20210924-20220314,HS,21035985,0,20.043,22.74225082,0,excellent,NA
AIMS,2021-10-15T01:00:00Z,PRM07,STIC,20210924-20220314,HS,21035985,0,19.853,22.74225082,0,excellent,NA
AIMS,2021-10-15T01:30:00Z,PRM07,STIC,20210924-20220314,HS,21035985,0,19.758,22.74225082,0,excellent,NA
AIMS,2021-10-15T02:00:00Z,PRM07,STIC,20210924-20220314,HS,21035985,0,19.567,22.74225082,0,excellent,NA
AIMS,2021-10-15T02:30:00Z,PRM07,STIC,20210924-20220314,HS,21035985,0,19.377,22.74225082,0,excellent,NA
AIMS,2021-10-15T03:00:00Z,PRM07,STIC,20210924-20220314,HS,21035985,0,19.187,22.74225082,0,excellent,NA
AIMS,2021-10-15T03:30:00Z,PRM07,STIC,20210924-20220314,HS,21035985,0,18.996,22.74225082,0,excellent,NA
AIMS,2021-10-15T04:00:00Z,PRM07,STIC,20210924-20220314,HS,21035985,0,18.806,22.74225082,0,excellent,NA
AIMS,2021-10-15T04:30:00Z,PRM07,STIC,20210924-20220314,HS,21035985,0,18.711,22.74225082,0,excellent,NA
AIMS,2021-10-15T05:00:00Z,PRM07,STIC,20210924-20220314,HS,21035985,0,18.521,22.74225082,0,excellent,NA
AIMS,2021-10-15T05:30:00Z,PRM07,STIC,20210924-20220314,HS,21035985,0,18.426,22.74225082,0,excellent,NA
AIMS,2021-10-15T06:00:00Z,PRM07,STIC,20210924-20220314,HS,21035985,0,18.426,22.74225082,0,excellent,NA
AIMS,2021-10-15T06:30:00Z,PRM07,STIC,20210924-20220314,HS,21035985,0,18.426,22.74225082,0,excellent,NA
AIMS,2021-10-15T07:00:00Z,PRM07,STIC,20210924-20220314,HS,21035985,0,18.426,22.74225082,0,excellent,NA
AIMS,2021-10-15T07:30:00Z,PRM07,STIC,20210924-20220314,HS,21035985,0,18.331,22.74225082,0,excellent,NA
AIMS,2021-10-15T08:00:00Z,PRM07,STIC,20210924-20220314,HS,21035985,0,18.331,22.74225082,0,excellent,NA
AIMS,2021-10-15T08:30:00Z,PRM07,STIC,20210924-20220314,HS,21035985,0,18.236,22.74225082,0,excellent,NA
AIMS,2021-10-15T09:00:00Z,PRM07,STIC,20210924-20220314,HS,21035985,0,18.045,22.74225082,0,excellent,NA
AIMS,2021-10-15T09:30:00Z,PRM07,STIC,20210924-20220314,HS,21035985,0,17.95,22.74225082,0,excellent,NA
AIMS,2021-10-15T10:00:00Z,PRM07,STIC,20210924-20220314,HS,21035985,0,17.855,22.74225082,0,excellent,NA
AIMS,2021-10-15T10:30:00Z,PRM07,STIC,20210924-20220314,HS,21035985,0,17.855,22.74225082,0,excellent,NA
AIMS,2021-10-15T11:00:00Z,PRM07,STIC,20210924-20220314,HS,21035985,0,17.855,22.74225082,0,excellent,NA
AIMS,2021-10-15T11:30:00Z,PRM07,STIC,20210924-20220314,HS,21035985,0,17.76,22.74225082,0,excellent,NA
AIMS,2021-10-15T12:00:00Z,PRM07,STIC,20210924-20220314,HS,21035985,0,17.665,22.74225082,0,excellent,NA
AIMS,2021-10-15T12:30:00Z,PRM07,STIC,20210924-20220314,HS,21035985,0,17.57,22.74225082,0,excellent,NA
AIMS,2021-10-15T13:00:00Z,PRM07,STIC,20210924-20220314,HS,21035985,0,17.57,22.74225082,0,excellent,NA
AIMS,2021-10-15T13:30:00Z,PRM07,STIC,20210924-20220314,HS,21035985,0,17.475,22.74225082,0,excellent,NA
AIMS,2021-10-15T14:00:00Z,PRM07,STIC,20210924-20220314,HS,21035985,0,17.57,22.74225082,0,excellent,NA
AIMS,2021-10-15T14:30:00Z,PRM07,STIC,20210924-20220314,HS,21035985,0,17.95,22.74225082,0,excellent,NA
AIMS,2021-10-15T15:00:00Z,PRM07,STIC,20210924-20220314,HS,21035985,0,18.426,22.74225082,0,excellent,NA
AIMS,2021-10-15T15:30:00Z,PRM07,STIC,20210924-20220314,HS,21035985,0,19.092,22.74225082,0,excellent,NA
AIMS,2021-10-15T16:00:00Z,PRM07,STIC,20210924-20220314,HS,21035985,0,19.472,22.74225082,0,excellent,NA
AIMS,2021-10-15T16:30:00Z,PRM07,STIC,20210924-20220314,HS,21035985,0,19.567,22.74225082,0,excellent,NA
AIMS,2021-10-15T17:00:00Z,PRM07,STIC,20210924-20220314,HS,21035985,0,19.662,22.74225082,0,excellent,NA
AIMS,2021-10-15T17:30:00Z,PRM07,STIC,20210924-20220314,HS,21035985,0,19.948,22.74225082,0,excellent,NA
AIMS,2021-10-15T18:00:00Z,PRM07,STIC,20210924-20220314,HS,21035985,0,20.043,22.74225082,0,excellent,NA
AIMS,2021-10-15T18:30:00Z,PRM07,STIC,20210924-20220314,HS,21035985,0,20.138,22.74225082,0,excellent,NA
AIMS,2021-10-15T19:00:00Z,PRM07,STIC,20210924-20220314,HS,21035985,0,20.329,22.74225082,0,excellent,NA
AIMS,2021-10-15T19:30:00Z,PRM07,STIC,20210924-20220314,HS,21035985,0,20.424,22.74225082,0,excellent,NA
AIMS,2021-10-15T20:00:00Z,PRM07,STIC,20210924-20220314,HS,21035985,0,20.615,22.74225082,0,excellent,NA
AIMS,2021-10-15T20:30:00Z,PRM07,STIC,20210924-20220314,HS,21035985,0,20.901,22.74225082,0,excellent,NA
AIMS,2021-10-15T21:00:00Z,PRM07,STIC,20210924-20220314,HS,21035985,0,20.996,22.74225082,0,excellent,NA
AIMS,2021-10-15T21:30:00Z,PRM07,STIC,20210924-20220314,HS,21035985,0,21.091,22.74225082,0,excellent,NA
AIMS,2021-10-15T22:00:00Z,PRM07,STIC,20210924-20220314,HS,21035985,0,20.901,22.74225082,0,excellent,NA
AIMS,2021-10-15T22:30:00Z,PRM07,STIC,20210924-20220314,HS,21035985,0,20.805,22.74225082,0,excellent,NA
AIMS,2021-10-15T23:00:00Z,PRM07,STIC,20210924-20220314,HS,21035985,0,20.615,22.74225082,0,excellent,NA
AIMS,2021-10-15T23:30:00Z,PRM07,STIC,20210924-20220314,HS,21035985,0,20.519,22.74225082,0,excellent,NA
AIMS,2021-10-16T00:00:00Z,PRM07,STIC,20210924-20220314,HS,21035985,0,20.424,22.74225082,0,excellent,NA
AIMS,2021-10-16T00:30:00Z,PRM07,STIC,20210924-20220314,HS,21035985,0,20.329,22.74225082,0,excellent,NA
AIMS,2021-10-16T01:00:00Z,PRM07,STIC,20210924-20220314,HS,21035985,0,20.234,22.74225082,0,excellent,NA
AIMS,2021-10-16T01:30:00Z,PRM07,STIC,20210924-20220314,HS,21035985,0,20.138,22.74225082,0,excellent,NA
AIMS,2021-10-16T02:00:00Z,PRM07,STIC,20210924-20220314,HS,21035985,0,20.234,22.74225082,0,excellent,NA
AIMS,2021-10-16T02:30:00Z,PRM07,STIC,20210924-20220314,HS,21035985,0,20.043,22.74225082,0,excellent,NA
AIMS,2021-10-16T03:00:00Z,PRM07,STIC,20210924-20220314,HS,21035985,0,18.996,22.74225082,0,excellent,NA
AIMS,2021-10-16T03:30:00Z,PRM07,STIC,20210924-20220314,HS,21035985,0,18.711,22.74225082,0,excellent,NA
AIMS,2021-10-16T04:00:00Z,PRM07,STIC,20210924-20220314,HS,21035985,55111.5,18.616,302.530991344,1,excellent,NA
AIMS,2021-10-16T04:30:00Z,PRM07,STIC,20210924-20220314,HS,21035985,55111.5,18.331,302.530991344,1,excellent,NA
AIMS,2021-10-16T05:00:00Z,PRM07,STIC,20210924-20220314,HS,21035985,55111.5,18.14,302.530991344,1,excellent,NA
AIMS,2021-10-16T05:30:00Z,PRM07,STIC,20210924-20220314,HS,21035985,57867,18.14,316.520047612,1,excellent,NA
AIMS,2021-10-16T06:00:00Z,PRM07,STIC,20210924-20220314,HS,21035985,55111.5,18.14,302.530991344,1,excellent,NA
AIMS,2021-10-16T06:30:00Z,PRM07,STIC,20210924-20220314,HS,21035985,57867,18.14,316.520047612,1,excellent,NA
AIMS,2021-10-16T07:00:00Z,PRM07,STIC,20210924-20220314,HS,21035985,60622.6,18.045,330.50961155759995,1,excellent,NA
AIMS,2021-10-16T07:30:00Z,PRM07,STIC,20210924-20220314,HS,21035985,60622.6,17.95,330.50961155759995,1,excellent,NA
AIMS,2021-10-16T08:00:00Z,PRM07,STIC,20210924-20220314,HS,21035985,60622.6,17.855,330.50961155759995,1,excellent,NA
AIMS,2021-10-16T08:30:00Z,PRM07,STIC,20210924-20220314,HS,21035985,60622.6,17.855,330.50961155759995,1,excellent,NA
AIMS,2021-10-16T09:00:00Z,PRM07,STIC,20210924-20220314,HS,21035985,60622.6,17.855,330.50961155759995,1,excellent,NA
AIMS,2021-10-16T09:30:00Z,PRM07,STIC,20210924-20220314,HS,21035985,60622.6,17.76,330.50961155759995,1,excellent,NA
AIMS,2021-10-16T10:00:00Z,PRM07,STIC,20210924-20220314,HS,21035985,60622.6,17.57,330.50961155759995,1,excellent,NA
AIMS,2021-10-16T10:30:00Z,PRM07,STIC,20210924-20220314,HS,21035985,60622.6,17.379,330.50961155759995,1,excellent,NA
AIMS,2021-10-16T11:00:00Z,PRM07,STIC,20210924-20220314,HS,21035985,60622.6,17.189,330.50961155759995,1,excellent,NA
AIMS,2021-10-16T11:30:00Z,PRM07,STIC,20210924-20220314,HS,21035985,60622.6,16.999,330.50961155759995,1,excellent,NA
AIMS,2021-10-16T12:00:00Z,PRM07,STIC,20210924-20220314,HS,21035985,55111.5,16.808,302.530991344,1,excellent,NA
AIMS,2021-10-16T12:30:00Z,PRM07,STIC,20210924-20220314,HS,21035985,44089.2,16.713,246.5732432392,1,excellent,NA
AIMS,2021-10-16T13:00:00Z,PRM07,STIC,20210924-20220314,HS,21035985,39955.8,16.523,225.58889732080002,1,excellent,NA
AIMS,2021-10-16T13:30:00Z,PRM07,STIC,20210924-20220314,HS,21035985,34444.7,16.332,197.61027710719998,1,excellent,NA
AIMS,2021-10-16T14:00:00Z,PRM07,STIC,20210924-20220314,HS,21035985,34444.7,16.332,197.61027710719998,1,excellent,NA
AIMS,2021-10-16T14:30:00Z,PRM07,STIC,20210924-20220314,HS,21035985,34444.7,16.237,197.61027710719998,1,excellent,NA
AIMS,2021-10-16T15:00:00Z,PRM07,STIC,20210924-20220314,HS,21035985,35822.5,16.237,204.60505908000002,1,excellent,NA
AIMS,2021-10-16T15:30:00Z,PRM07,STIC,20210924-20220314,HS,21035985,37200.2,16.141,211.5993333752,1,excellent,NA
AIMS,2021-10-16T16:00:00Z,PRM07,STIC,20210924-20220314,HS,21035985,37200.2,16.141,211.5993333752,1,excellent,NA
AIMS,2021-10-16T16:30:00Z,PRM07,STIC,20210924-20220314,HS,21035985,37200.2,16.046,211.5993333752,1,excellent,NA
AIMS,2021-10-16T17:00:00Z,PRM07,STIC,20210924-20220314,HS,21035985,37200.2,16.046,211.5993333752,1,excellent,NA
AIMS,2021-10-16T17:30:00Z,PRM07,STIC,20210924-20220314,HS,21035985,37200.2,16.046,211.5993333752,1,excellent,NA
AIMS,2021-10-16T18:00:00Z,PRM07,STIC,20210924-20220314,HS,21035985,37200.2,16.046,211.5993333752,1,excellent,NA
AIMS,2021-10-16T18:30:00Z,PRM07,STIC,20210924-20220314,HS,21035985,37200.2,16.046,211.5993333752,1,excellent,NA
AIMS,2021-10-16T19:00:00Z,PRM07,STIC,20210924-20220314,HS,21035985,37200.2,15.951,211.5993333752,1,excellent,NA
AIMS,2021-10-16T19:30:00Z,PRM07,STIC,20210924-20220314,HS,21035985,38578,16.046,218.594115348,1,excellent,NA
AIMS,2021-10-16T20:00:00Z,PRM07,STIC,20210924-20220314,HS,21035985,38578,15.951,218.594115348,1,excellent,NA
AIMS,2021-10-16T20:30:00Z,PRM07,STIC,20210924-20220314,HS,21035985,38578,15.951,218.594115348,1,excellent,NA
AIMS,2021-10-16T21:00:00Z,PRM07,STIC,20210924-20220314,HS,21035985,41333.6,16.046,232.5836792936,1,excellent,NA
AIMS,2021-10-16T21:30:00Z,PRM07,STIC,20210924-20220314,HS,21035985,42711.4,15.951,239.5784612664,1,excellent,NA
AIMS,2021-10-16T22:00:00Z,PRM07,STIC,20210924-20220314,HS,21035985,42711.4,15.855,239.5784612664,1,excellent,NA
AIMS,2021-10-16T22:30:00Z,PRM07,STIC,20210924-20220314,HS,21035985,42711.4,15.76,239.5784612664,1,excellent,NA
AIMS,2021-10-16T23:00:00Z,PRM07,STIC,20210924-20220314,HS,21035985,42711.4,15.378,239.5784612664,1,excellent,NA
AIMS,2021-10-16T23:30:00Z,PRM07,STIC,20210924-20220314,HS,21035985,41333.6,14.996,232.5836792936,1,excellent,NA
AIMS,2021-10-17T00:00:00Z,PRM07,STIC,20210924-20220314,HS,21035985,41333.6,14.613,232.5836792936,1,excellent,NA
AIMS,2021-10-17T00:30:00Z,PRM07,STIC,20210924-20220314,HS,21035985,41333.6,14.613,232.5836792936,1,excellent,NA
AIMS,2021-10-17T01:00:00Z,PRM07,STIC,20210924-20220314,HS,21035985,37200.2,14.23,211.5993333752,1,excellent,NA
AIMS,2021-10-17T01:30:00Z,PRM07,STIC,20210924-20220314,HS,21035985,38578,13.846,218.594115348,1,excellent,NA
AIMS,2021-10-17T02:00:00Z,PRM07,STIC,20210924-20220314,HS,21035985,38578,13.75,218.594115348,1,excellent,NA
AIMS,2021-10-17T02:30:00Z,PRM07,STIC,20210924-20220314,HS,21035985,39955.8,13.654,225.58889732080002,1,excellent,NA
AIMS,2021-10-17T03:00:00Z,PRM07,STIC,20210924-20220314,HS,21035985,38578,13.365,218.594115348,1,excellent,NA
AIMS,2021-10-17T03:30:00Z,PRM07,STIC,20210924-20220314,HS,21035985,39955.8,13.269,225.58889732080002,1,excellent,NA
AIMS,2021-10-17T04:00:00Z,PRM07,STIC,20210924-20220314,HS,21035985,39955.8,13.173,225.58889732080002,1,excellent,NA
AIMS,2021-10-17T04:30:00Z,PRM07,STIC,20210924-20220314,HS,21035985,39955.8,12.98,225.58889732080002,1,excellent,NA
AIMS,2021-10-17T05:00:00Z,PRM07,STIC,20210924-20220314,HS,21035985,37200.2,12.883,211.5993333752,1,excellent,NA
AIMS,2021-10-17T05:30:00Z,PRM07,STIC,20210924-20220314,HS,21035985,38578,12.69,218.594115348,1,excellent,NA
AIMS,2021-10-17T06:00:00Z,PRM07,STIC,20210924-20220314,HS,21035985,37200.2,12.69,211.5993333752,1,excellent,NA
AIMS,2021-10-17T06:30:00Z,PRM07,STIC,20210924-20220314,HS,21035985,44089.2,12.594,246.5732432392,1,excellent,NA
AIMS,2021-10-17T07:00:00Z,PRM07,STIC,20210924-20220314,HS,21035985,44089.2,12.401,246.5732432392,1,excellent,NA
AIMS,2021-10-17T07:30:00Z,PRM07,STIC,20210924-20220314,HS,21035985,42711.4,12.304,239.5784612664,1,excellent,NA
AIMS,2021-10-17T08:00:00Z,PRM07,STIC,20210924-20220314,HS,21035985,42711.4,12.207,239.5784612664,1,excellent,NA
AIMS,2021-10-17T08:30:00Z,PRM07,STIC,20210924-20220314,HS,21035985,785.8,12.013,26.7315814008,1,excellent,NA
AIMS,2021-10-17T09:00:00Z,PRM07,STIC,20210924-20220314,HS,21035985,667.4,11.916,26.1304911224,1,excellent,NA
AIMS,2021-10-17T09:30:00Z,PRM07,STIC,20210924-20220314,HS,21035985,602.8,11.722,25.8025313928,1,excellent,NA
AIMS,2021-10-17T10:00:00Z,PRM07,STIC,20210924-20220314,HS,21035985,559.7,11.625,25.5837223472,1,excellent,NA
AIMS,2021-10-17T10:30:00Z,PRM07,STIC,20210924-20220314,HS,21035985,516.7,11.528,25.3654209792,1,excellent,NA
AIMS,2021-10-17T11:00:00Z,PRM07,STIC,20210924-20220314,HS,21035985,505.9,11.334,25.310591798399997,1,excellent,NA
AIMS,2021-10-17T11:30:00Z,PRM07,STIC,20210924-20220314,HS,21035985,484.4,11.236,25.201441114399998,1,excellent,NA
AIMS,2021-10-17T12:00:00Z,PRM07,STIC,20210924-20220314,HS,21035985,473.6,11.139,25.1466119336,1,excellent,NA
AIMS,2021-10-17T12:30:00Z,PRM07,STIC,20210924-20220314,HS,21035985,462.9,11.041,25.0922904304,1,excellent,NA
AIMS,2021-10-17T13:00:00Z,PRM07,STIC,20210924-20220314,HS,21035985,462.9,11.139,25.0922904304,1,excellent,NA
AIMS,2021-10-17T13:30:00Z,PRM07,STIC,20210924-20220314,HS,21035985,452.1,11.334,25.0374612496,1,excellent,NA
AIMS,2021-10-17T14:00:00Z,PRM07,STIC,20210924-20220314,HS,21035985,441.3,11.625,24.982632068799997,1,excellent,NA
AIMS,2021-10-17T14:30:00Z,PRM07,STIC,20210924-20220314,HS,21035985,430.6,12.11,24.9283105656,1,excellent,NA
AIMS,2021-10-17T15:00:00Z,PRM07,STIC,20210924-20220314,HS,21035985,419.8,12.594,24.873481384799998,1,excellent,NA
AIMS,2021-10-17T15:30:00Z,PRM07,STIC,20210924-20220314,HS,21035985,409,13.269,24.818652204,1,excellent,NA
AIMS,2021-10-17T16:00:00Z,PRM07,STIC,20210924-20220314,HS,21035985,409,13.269,24.818652204,1,excellent,NA
AIMS,2021-10-17T16:30:00Z,PRM07,STIC,20210924-20220314,HS,21035985,398.3,13.558,24.7643307008,1,excellent,NA
AIMS,2021-10-17T17:00:00Z,PRM07,STIC,20210924-20220314,HS,21035985,387.5,13.558,24.70950152,1,excellent,NA
AIMS,2021-10-17T17:30:00Z,PRM07,STIC,20210924-20220314,HS,21035985,376.7,13.846,24.654672339199998,1,excellent,NA
AIMS,2021-10-17T18:00:00Z,PRM07,STIC,20210924-20220314,HS,21035985,366,14.134,24.600350835999997,1,excellent,NA
AIMS,2021-10-17T18:30:00Z,PRM07,STIC,20210924-20220314,HS,21035985,355.2,14.325,24.545521655199998,1,excellent,NA
AIMS,2021-10-17T19:00:00Z,PRM07,STIC,20210924-20220314,HS,21035985,355.2,14.325,24.545521655199998,1,excellent,NA
AIMS,2021-10-17T19:30:00Z,PRM07,STIC,20210924-20220314,HS,21035985,344.4,14.613,24.4906924744,1,excellent,NA
AIMS,2021-10-17T20:00:00Z,PRM07,STIC,20210924-20220314,HS,21035985,322.9,14.804,24.3815417904,1,excellent,NA
AIMS,2021-10-17T20:30:00Z,PRM07,STIC,20210924-20220314,HS,21035985,312.2,14.9,24.3272202872,1,excellent,NA
AIMS,2021-10-17T21:00:00Z,PRM07,STIC,20210924-20220314,HS,21035985,312.2,14.996,24.3272202872,1,excellent,NA
AIMS,2021-10-17T21:30:00Z,PRM07,STIC,20210924-20220314,HS,21035985,301.4,14.9,24.272391106399997,1,excellent,NA
AIMS,2021-10-17T22:00:00Z,PRM07,STIC,20210924-20220314,HS,21035985,301.4,14.709,24.272391106399997,1,excellent,NA
AIMS,2021-10-17T22:30:00Z,PRM07,STIC,20210924-20220314,HS,21035985,290.6,14.23,24.2175619256,1,excellent,NA
AIMS,2021-10-17T23:00:00Z,PRM07,STIC,20210924-20220314,HS,21035985,279.9,13.75,24.163240422399998,1,excellent,NA
AIMS,2021-10-17T23:30:00Z,PRM07,STIC,20210924-20220314,HS,21035985,279.9,13.365,24.163240422399998,1,excellent,NA
AIMS,2021-10-18T00:00:00Z,PRM07,STIC,20210924-20220314,HS,21035985,398.3,13.269,24.7643307008,1,excellent,NA
AIMS,2021-10-18T00:30:00Z,PRM07,STIC,20210924-20220314,HS,21035985,376.7,12.883,24.654672339199998,1,excellent,NA
AIMS,2021-10-18T01:00:00Z,PRM07,STIC,20210924-20220314,HS,21035985,355.2,12.787,24.545521655199998,1,excellent,NA
AIMS,2021-10-18T01:30:00Z,PRM07,STIC,20210924-20220314,HS,21035985,355.2,12.497,24.545521655199998,1,excellent,NA
AIMS,2021-10-18T02:00:00Z,PRM07,STIC,20210924-20220314,HS,21035985,355.2,12.304,24.545521655199998,1,excellent,NA
AIMS,2021-10-18T02:30:00Z,PRM07,STIC,20210924-20220314,HS,21035985,344.4,12.207,24.4906924744,1,excellent,NA
AIMS,2021-10-18T03:00:00Z,PRM07,STIC,20210924-20220314,HS,21035985,333.7,12.013,24.4363709712,1,excellent,NA
AIMS,2021-10-18T03:30:00Z,PRM07,STIC,20210924-20220314,HS,21035985,333.7,11.916,24.4363709712,1,excellent,NA
AIMS,2021-10-18T04:00:00Z,PRM07,STIC,20210924-20220314,HS,21035985,322.9,11.625,24.3815417904,1,excellent,NA
AIMS,2021-10-18T04:30:00Z,PRM07,STIC,20210924-20220314,HS,21035985,204.5,11.431,23.780451512,0,excellent,NA
AIMS,2021-10-18T05:00:00Z,PRM07,STIC,20210924-20220314,HS,21035985,183,10.944,23.671300828,0,excellent,NA
AIMS,2021-10-18T05:30:00Z,PRM07,STIC,20210924-20220314,HS,21035985,172.2,10.651,23.616471647199997,0,excellent,NA
AIMS,2021-10-18T06:00:00Z,PRM07,STIC,20210924-20220314,HS,21035985,118.4,10.259,23.3433410984,0,excellent,NA
AIMS,2021-10-18T06:30:00Z,PRM07,STIC,20210924-20220314,HS,21035985,86.1,9.965,23.179361233599998,0,excellent,NA
AIMS,2021-10-18T07:00:00Z,PRM07,STIC,20210924-20220314,HS,21035985,75.3,9.768,23.1245320528,0,excellent,NA
AIMS,2021-10-18T07:30:00Z,PRM07,STIC,20210924-20220314,HS,21035985,75.3,9.472,23.1245320528,0,excellent,NA
AIMS,2021-10-18T08:00:00Z,PRM07,STIC,20210924-20220314,HS,21035985,75.3,9.373,23.1245320528,0,excellent,NA
AIMS,2021-10-18T08:30:00Z,PRM07,STIC,20210924-20220314,HS,21035985,75.3,9.176,23.1245320528,0,excellent,NA
AIMS,2021-10-18T09:00:00Z,PRM07,STIC,20210924-20220314,HS,21035985,75.3,9.077,23.1245320528,0,excellent,NA
AIMS,2021-10-18T09:30:00Z,PRM07,STIC,20210924-20220314,HS,21035985,75.3,8.978,23.1245320528,0,excellent,NA
AIMS,2021-10-18T10:00:00Z,PRM07,STIC,20210924-20220314,HS,21035985,75.3,8.879,23.1245320528,0,excellent,NA
AIMS,2021-10-18T10:30:00Z,PRM07,STIC,20210924-20220314,HS,21035985,75.3,8.581,23.1245320528,0,excellent,NA
AIMS,2021-10-18T11:00:00Z,PRM07,STIC,20210924-20220314,HS,21035985,64.6,8.581,23.0702105496,0,excellent,NA
AIMS,2021-10-18T11:30:00Z,PRM07,STIC,20210924-20220314,HS,21035985,64.6,8.481,23.0702105496,0,excellent,NA
AIMS,2021-10-18T12:00:00Z,PRM07,STIC,20210924-20220314,HS,21035985,64.6,8.282,23.0702105496,0,excellent,NA
AIMS,2021-10-18T12:30:00Z,PRM07,STIC,20210924-20220314,HS,21035985,64.6,8.282,23.0702105496,0,excellent,NA
AIMS,2021-10-18T13:00:00Z,PRM07,STIC,20210924-20220314,HS,21035985,64.6,8.082,23.0702105496,0,excellent,NA
AIMS,2021-10-18T13:30:00Z,PRM07,STIC,20210924-20220314,HS,21035985,64.6,8.481,23.0702105496,0,excellent,NA
AIMS,2021-10-18T14:00:00Z,PRM07,STIC,20210924-20220314,HS,21035985,64.6,8.978,23.0702105496,0,excellent,NA
AIMS,2021-10-18T14:30:00Z,PRM07,STIC,20210924-20220314,HS,21035985,64.6,9.768,23.0702105496,0,excellent,NA
AIMS,2021-10-18T15:00:00Z,PRM07,STIC,20210924-20220314,HS,21035985,64.6,10.651,23.0702105496,0,excellent,NA
AIMS,2021-10-18T15:30:00Z,PRM07,STIC,20210924-20220314,HS,21035985,53.8,11.819,23.0153813688,0,excellent,NA
AIMS,2021-10-18T16:00:00Z,PRM07,STIC,20210924-20220314,HS,21035985,53.8,12.304,23.0153813688,0,excellent,NA
AIMS,2021-10-18T16:30:00Z,PRM07,STIC,20210924-20220314,HS,21035985,53.8,13.076,23.0153813688,0,excellent,NA
AIMS,2021-10-18T17:00:00Z,PRM07,STIC,20210924-20220314,HS,21035985,53.8,13.461,23.0153813688,0,excellent,NA
AIMS,2021-10-18T17:30:00Z,PRM07,STIC,20210924-20220314,HS,21035985,53.8,13.942,23.0153813688,0,excellent,NA
AIMS,2021-10-18T18:00:00Z,PRM07,STIC,20210924-20220314,HS,21035985,53.8,14.325,23.0153813688,0,excellent,NA
AIMS,2021-10-18T18:30:00Z,PRM07,STIC,20210924-20220314,HS,21035985,43.1,14.517,22.9610598656,0,excellent,NA
AIMS,2021-10-18T19:00:00Z,PRM07,STIC,20210924-20220314,HS,21035985,43.1,14.804,22.9610598656,0,excellent,NA
AIMS,2021-10-18T19:30:00Z,PRM07,STIC,20210924-20220314,HS,21035985,53.8,14.9,23.0153813688,0,excellent,NA
AIMS,2021-10-18T20:00:00Z,PRM07,STIC,20210924-20220314,HS,21035985,53.8,15.091,23.0153813688,0,excellent,NA
AIMS,2021-10-18T20:30:00Z,PRM07,STIC,20210924-20220314,HS,21035985,43.1,15.187,22.9610598656,0,excellent,NA
AIMS,2021-10-18T21:00:00Z,PRM07,STIC,20210924-20220314,HS,21035985,53.8,15.187,23.0153813688,0,excellent,NA
AIMS,2021-10-18T21:30:00Z,PRM07,STIC,20210924-20220314,HS,21035985,53.8,15.091,23.0153813688,0,excellent,NA
AIMS,2021-10-18T22:00:00Z,PRM07,STIC,20210924-20220314,HS,21035985,53.8,14.9,23.0153813688,0,excellent,NA
AIMS,2021-10-18T22:30:00Z,PRM07,STIC,20210924-20220314,HS,21035985,43.1,14.613,22.9610598656,0,excellent,NA
AIMS,2021-10-18T23:00:00Z,PRM07,STIC,20210924-20220314,HS,21035985,43.1,14.325,22.9610598656,0,excellent,NA
AIMS,2021-10-18T23:30:00Z,PRM07,STIC,20210924-20220314,HS,21035985,43.1,13.942,22.9610598656,0,excellent,NA
AIMS,2021-10-19T00:00:00Z,PRM07,STIC,20210924-20220314,HS,21035985,43.1,13.846,22.9610598656,0,excellent,NA
AIMS,2021-10-19T00:30:00Z,PRM07,STIC,20210924-20220314,HS,21035985,32.3,13.558,22.9062306848,0,excellent,NA
AIMS,2021-10-19T01:00:00Z,PRM07,STIC,20210924-20220314,HS,21035985,32.3,13.173,22.9062306848,0,excellent,NA
AIMS,2021-10-19T01:30:00Z,PRM07,STIC,20210924-20220314,HS,21035985,32.3,12.883,22.9062306848,0,excellent,NA
AIMS,2021-10-19T02:00:00Z,PRM07,STIC,20210924-20220314,HS,21035985,32.3,12.69,22.9062306848,0,excellent,NA
AIMS,2021-10-19T02:30:00Z,PRM07,STIC,20210924-20220314,HS,21035985,32.3,12.401,22.9062306848,0,excellent,NA
AIMS,2021-10-19T03:00:00Z,PRM07,STIC,20210924-20220314,HS,21035985,32.3,12.207,22.9062306848,0,excellent,NA
AIMS,2021-10-19T03:30:00Z,PRM07,STIC,20210924-20220314,HS,21035985,32.3,11.916,22.9062306848,0,excellent,NA
AIMS,2021-10-19T04:00:00Z,PRM07,STIC,20210924-20220314,HS,21035985,32.3,11.625,22.9062306848,0,excellent,NA
AIMS,2021-10-19T04:30:00Z,PRM07,STIC,20210924-20220314,HS,21035985,32.3,11.431,22.9062306848,0,excellent,NA
AIMS,2021-10-19T05:00:00Z,PRM07,STIC,20210924-20220314,HS,21035985,32.3,11.139,22.9062306848,0,excellent,NA
AIMS,2021-10-19T05:30:00Z,PRM07,STIC,20210924-20220314,HS,21035985,32.3,10.846,22.9062306848,0,excellent,NA
AIMS,2021-10-19T06:00:00Z,PRM07,STIC,20210924-20220314,HS,21035985,32.3,10.553,22.9062306848,0,excellent,NA
AIMS,2021-10-19T06:30:00Z,PRM07,STIC,20210924-20220314,HS,21035985,43.1,10.357,22.9610598656,0,excellent,NA
AIMS,2021-10-19T07:00:00Z,PRM07,STIC,20210924-20220314,HS,21035985,43.1,10.259,22.9610598656,0,excellent,NA
AIMS,2021-10-19T07:30:00Z,PRM07,STIC,20210924-20220314,HS,21035985,32.3,10.063,22.9062306848,0,excellent,NA
AIMS,2021-10-19T08:00:00Z,PRM07,STIC,20210924-20220314,HS,21035985,43.1,9.768,22.9610598656,0,excellent,NA
AIMS,2021-10-19T08:30:00Z,PRM07,STIC,20210924-20220314,HS,21035985,43.1,9.571,22.9610598656,0,excellent,NA
AIMS,2021-10-19T09:00:00Z,PRM07,STIC,20210924-20220314,HS,21035985,43.1,9.373,22.9610598656,0,excellent,NA
AIMS,2021-10-19T09:30:00Z,PRM07,STIC,20210924-20220314,HS,21035985,43.1,9.077,22.9610598656,0,excellent,NA
AIMS,2021-10-19T10:00:00Z,PRM07,STIC,20210924-20220314,HS,21035985,43.1,8.978,22.9610598656,0,excellent,NA
AIMS,2021-10-19T10:30:00Z,PRM07,STIC,20210924-20220314,HS,21035985,43.1,8.779,22.9610598656,0,excellent,NA
AIMS,2021-10-19T11:00:00Z,PRM07,STIC,20210924-20220314,HS,21035985,43.1,8.581,22.9610598656,0,excellent,NA
AIMS,2021-10-19T11:30:00Z,PRM07,STIC,20210924-20220314,HS,21035985,43.1,8.382,22.9610598656,0,excellent,NA
AIMS,2021-10-19T12:00:00Z,PRM07,STIC,20210924-20220314,HS,21035985,43.1,8.182,22.9610598656,0,excellent,NA
AIMS,2021-10-19T12:30:00Z,PRM07,STIC,20210924-20220314,HS,21035985,53.8,8.082,23.0153813688,0,excellent,NA
AIMS,2021-10-19T13:00:00Z,PRM07,STIC,20210924-20220314,HS,21035985,53.8,7.983,23.0153813688,0,excellent,NA
AIMS,2021-10-19T13:30:00Z,PRM07,STIC,20210924-20220314,HS,21035985,53.8,8.182,23.0153813688,0,excellent,NA
AIMS,2021-10-19T14:00:00Z,PRM07,STIC,20210924-20220314,HS,21035985,53.8,8.581,23.0153813688,0,excellent,NA
AIMS,2021-10-19T14:30:00Z,PRM07,STIC,20210924-20220314,HS,21035985,53.8,9.275,23.0153813688,0,excellent,NA
AIMS,2021-10-19T15:00:00Z,PRM07,STIC,20210924-20220314,HS,21035985,53.8,9.866,23.0153813688,0,excellent,NA
AIMS,2021-10-19T15:30:00Z,PRM07,STIC,20210924-20220314,HS,21035985,53.8,10.651,23.0153813688,0,excellent,NA
AIMS,2021-10-19T16:00:00Z,PRM07,STIC,20210924-20220314,HS,21035985,53.8,11.041,23.0153813688,0,excellent,NA
AIMS,2021-10-19T16:30:00Z,PRM07,STIC,20210924-20220314,HS,21035985,43.1,11.722,22.9610598656,0,excellent,NA
AIMS,2021-10-19T17:00:00Z,PRM07,STIC,20210924-20220314,HS,21035985,43.1,12.304,22.9610598656,0,excellent,NA
AIMS,2021-10-19T17:30:00Z,PRM07,STIC,20210924-20220314,HS,21035985,32.3,12.787,22.9062306848,0,excellent,NA
AIMS,2021-10-19T18:00:00Z,PRM07,STIC,20210924-20220314,HS,21035985,32.3,13.173,22.9062306848,0,excellent,NA
AIMS,2021-10-19T18:30:00Z,PRM07,STIC,20210924-20220314,HS,21035985,10.8,13.558,22.797080000799998,0,excellent,NA
AIMS,2021-10-19T19:00:00Z,PRM07,STIC,20210924-20220314,HS,21035985,10.8,13.846,22.797080000799998,0,excellent,NA
AIMS,2021-10-19T19:30:00Z,PRM07,STIC,20210924-20220314,HS,21035985,0,14.134,22.74225082,0,excellent,NA
AIMS,2021-10-19T20:00:00Z,PRM07,STIC,20210924-20220314,HS,21035985,0,14.325,22.74225082,0,excellent,NA
AIMS,2021-10-19T20:30:00Z,PRM07,STIC,20210924-20220314,HS,21035985,0,14.325,22.74225082,0,excellent,NA
AIMS,2021-10-19T21:00:00Z,PRM07,STIC,20210924-20220314,HS,21035985,0,14.325,22.74225082,0,excellent,NA
AIMS,2021-10-19T21:30:00Z,PRM07,STIC,20210924-20220314,HS,21035985,0,14.421,22.74225082,0,excellent,NA
AIMS,2021-10-19T22:00:00Z,PRM07,STIC,20210924-20220314,HS,21035985,0,14.325,22.74225082,0,excellent,NA
AIMS,2021-10-19T22:30:00Z,PRM07,STIC,20210924-20220314,HS,21035985,0,14.325,22.74225082,0,excellent,NA
AIMS,2021-10-19T23:00:00Z,PRM07,STIC,20210924-20220314,HS,21035985,0,14.134,22.74225082,0,excellent,NA
AIMS,2021-10-19T23:30:00Z,PRM07,STIC,20210924-20220314,HS,21035985,0,13.942,22.74225082,0,excellent,NA
AIMS,2021-10-20T00:00:00Z,PRM07,STIC,20210924-20220314,HS,21035985,0,13.654,22.74225082,0,excellent,NA
AIMS,2021-10-20T00:30:00Z,PRM07,STIC,20210924-20220314,HS,21035985,0,13.365,22.74225082,0,excellent,NA
AIMS,2021-10-20T01:00:00Z,PRM07,STIC,20210924-20220314,HS,21035985,0,13.076,22.74225082,0,excellent,NA
AIMS,2021-10-20T01:30:00Z,PRM07,STIC,20210924-20220314,HS,21035985,0,12.787,22.74225082,0,excellent,NA
AIMS,2021-10-20T02:00:00Z,PRM07,STIC,20210924-20220314,HS,21035985,0,12.594,22.74225082,0,excellent,NA
AIMS,2021-10-20T02:30:00Z,PRM07,STIC,20210924-20220314,HS,21035985,0,12.497,22.74225082,0,excellent,NA
AIMS,2021-10-20T03:00:00Z,PRM07,STIC,20210924-20220314,HS,21035985,10.8,12.304,22.797080000799998,0,excellent,NA
AIMS,2021-10-20T03:30:00Z,PRM07,STIC,20210924-20220314,HS,21035985,10.8,12.207,22.797080000799998,0,excellent,NA
AIMS,2021-10-20T04:00:00Z,PRM07,STIC,20210924-20220314,HS,21035985,10.8,11.916,22.797080000799998,0,excellent,NA
AIMS,2021-10-20T04:30:00Z,PRM07,STIC,20210924-20220314,HS,21035985,10.8,11.722,22.797080000799998,0,excellent,NA
AIMS,2021-10-20T05:00:00Z,PRM07,STIC,20210924-20220314,HS,21035985,10.8,11.528,22.797080000799998,0,excellent,NA
AIMS,2021-10-20T05:30:00Z,PRM07,STIC,20210924-20220314,HS,21035985,10.8,11.334,22.797080000799998,0,excellent,NA
AIMS,2021-10-20T06:00:00Z,PRM07,STIC,20210924-20220314,HS,21035985,21.5,11.139,22.851401504,0,excellent,NA
AIMS,2021-10-20T06:30:00Z,PRM07,STIC,20210924-20220314,HS,21035985,21.5,10.944,22.851401504,0,excellent,NA
AIMS,2021-10-20T07:00:00Z,PRM07,STIC,20210924-20220314,HS,21035985,21.5,10.748,22.851401504,0,excellent,NA
AIMS,2021-10-20T07:30:00Z,PRM07,STIC,20210924-20220314,HS,21035985,21.5,10.553,22.851401504,0,excellent,NA
AIMS,2021-10-20T08:00:00Z,PRM07,STIC,20210924-20220314,HS,21035985,21.5,10.357,22.851401504,0,excellent,NA
AIMS,2021-10-20T08:30:00Z,PRM07,STIC,20210924-20220314,HS,21035985,21.5,10.161,22.851401504,0,excellent,NA
AIMS,2021-10-20T09:00:00Z,PRM07,STIC,20210924-20220314,HS,21035985,21.5,10.063,22.851401504,0,excellent,NA
AIMS,2021-10-20T09:30:00Z,PRM07,STIC,20210924-20220314,HS,21035985,32.3,9.866,22.9062306848,0,excellent,NA
AIMS,2021-10-20T10:00:00Z,PRM07,STIC,20210924-20220314,HS,21035985,32.3,9.768,22.9062306848,0,excellent,NA
AIMS,2021-10-20T10:30:00Z,PRM07,STIC,20210924-20220314,HS,21035985,32.3,9.669,22.9062306848,0,excellent,NA
AIMS,2021-10-20T11:00:00Z,PRM07,STIC,20210924-20220314,HS,21035985,32.3,9.472,22.9062306848,0,excellent,NA
AIMS,2021-10-20T11:30:00Z,PRM07,STIC,20210924-20220314,HS,21035985,32.3,9.472,22.9062306848,0,excellent,NA
AIMS,2021-10-20T12:00:00Z,PRM07,STIC,20210924-20220314,HS,21035985,32.3,9.275,22.9062306848,0,excellent,NA
AIMS,2021-10-20T12:30:00Z,PRM07,STIC,20210924-20220314,HS,21035985,32.3,9.176,22.9062306848,0,excellent,NA
AIMS,2021-10-20T13:00:00Z,PRM07,STIC,20210924-20220314,HS,21035985,32.3,9.176,22.9062306848,0,excellent,NA
AIMS,2021-10-20T13:30:00Z,PRM07,STIC,20210924-20220314,HS,21035985,32.3,9.373,22.9062306848,0,excellent,NA
AIMS,2021-10-20T14:00:00Z,PRM07,STIC,20210924-20220314,HS,21035985,43.1,9.768,22.9610598656,0,excellent,NA
AIMS,2021-10-20T14:30:00Z,PRM07,STIC,20210924-20220314,HS,21035985,43.1,10.357,22.9610598656,0,excellent,NA
AIMS,2021-10-20T15:00:00Z,PRM07,STIC,20210924-20220314,HS,21035985,43.1,10.846,22.9610598656,0,excellent,NA
AIMS,2021-10-20T15:30:00Z,PRM07,STIC,20210924-20220314,HS,21035985,43.1,11.528,22.9610598656,0,excellent,NA
AIMS,2021-10-20T16:00:00Z,PRM07,STIC,20210924-20220314,HS,21035985,43.1,12.11,22.9610598656,0,excellent,NA
AIMS,2021-10-20T16:30:00Z,PRM07,STIC,20210924-20220314,HS,21035985,43.1,12.69,22.9610598656,0,excellent,NA
AIMS,2021-10-20T17:00:00Z,PRM07,STIC,20210924-20220314,HS,21035985,43.1,13.461,22.9610598656,0,excellent,NA
AIMS,2021-10-20T17:30:00Z,PRM07,STIC,20210924-20220314,HS,21035985,43.1,13.942,22.9610598656,0,excellent,NA
AIMS,2021-10-20T18:00:00Z,PRM07,STIC,20210924-20220314,HS,21035985,43.1,14.325,22.9610598656,0,excellent,NA
AIMS,2021-10-20T18:30:00Z,PRM07,STIC,20210924-20220314,HS,21035985,43.1,14.9,22.9610598656,0,excellent,NA
AIMS,2021-10-20T19:00:00Z,PRM07,STIC,20210924-20220314,HS,21035985,43.1,15.282,22.9610598656,0,excellent,NA
AIMS,2021-10-20T19:30:00Z,PRM07,STIC,20210924-20220314,HS,21035985,10.8,15.76,22.797080000799998,0,excellent,NA
AIMS,2021-10-20T20:00:00Z,PRM07,STIC,20210924-20220314,HS,21035985,0,16.046,22.74225082,0,excellent,NA
AIMS,2021-10-20T20:30:00Z,PRM07,STIC,20210924-20220314,HS,21035985,0,15.76,22.74225082,0,excellent,NA
AIMS,2021-10-20T21:00:00Z,PRM07,STIC,20210924-20220314,HS,21035985,0,15.664,22.74225082,0,excellent,NA
AIMS,2021-10-20T21:30:00Z,PRM07,STIC,20210924-20220314,HS,21035985,0,15.951,22.74225082,0,excellent,NA
AIMS,2021-10-20T22:00:00Z,PRM07,STIC,20210924-20220314,HS,21035985,0,15.76,22.74225082,0,excellent,NA
AIMS,2021-10-20T22:30:00Z,PRM07,STIC,20210924-20220314,HS,21035985,0,15.664,22.74225082,0,excellent,NA
AIMS,2021-10-20T23:00:00Z,PRM07,STIC,20210924-20220314,HS,21035985,0,15.569,22.74225082,0,excellent,NA
AIMS,2021-10-20T23:30:00Z,PRM07,STIC,20210924-20220314,HS,21035985,0,15.473,22.74225082,0,excellent,NA
AIMS,2021-10-21T00:00:00Z,PRM07,STIC,20210924-20220314,HS,21035985,0,15.378,22.74225082,0,excellent,NA
AIMS,2021-10-21T00:30:00Z,PRM07,STIC,20210924-20220314,HS,21035985,0,15.282,22.74225082,0,excellent,NA
AIMS,2021-10-21T01:00:00Z,PRM07,STIC,20210924-20220314,HS,21035985,0,15.091,22.74225082,0,excellent,NA
AIMS,2021-10-21T01:30:00Z,PRM07,STIC,20210924-20220314,HS,21035985,0,14.996,22.74225082,0,excellent,NA
AIMS,2021-10-21T02:00:00Z,PRM07,STIC,20210924-20220314,HS,21035985,0,14.9,22.74225082,0,excellent,NA
AIMS,2021-10-21T02:30:00Z,PRM07,STIC,20210924-20220314,HS,21035985,0,14.804,22.74225082,0,excellent,NA
AIMS,2021-10-21T03:00:00Z,PRM07,STIC,20210924-20220314,HS,21035985,0,14.613,22.74225082,0,excellent,NA
AIMS,2021-10-21T03:30:00Z,PRM07,STIC,20210924-20220314,HS,21035985,10.8,14.517,22.797080000799998,0,excellent,NA
AIMS,2021-10-21T04:00:00Z,PRM07,STIC,20210924-20220314,HS,21035985,0,14.325,22.74225082,0,excellent,NA
AIMS,2021-10-21T04:30:00Z,PRM07,STIC,20210924-20220314,HS,21035985,10.8,14.23,22.797080000799998,0,excellent,NA
AIMS,2021-10-21T05:00:00Z,PRM07,STIC,20210924-20220314,HS,21035985,10.8,14.134,22.797080000799998,0,excellent,NA
AIMS,2021-10-21T05:30:00Z,PRM07,STIC,20210924-20220314,HS,21035985,10.8,14.038,22.797080000799998,0,excellent,NA
AIMS,2021-10-21T06:00:00Z,PRM07,STIC,20210924-20220314,HS,21035985,10.8,14.038,22.797080000799998,0,excellent,NA
AIMS,2021-10-21T06:30:00Z,PRM07,STIC,20210924-20220314,HS,21035985,10.8,14.134,22.797080000799998,0,excellent,NA
AIMS,2021-10-21T07:00:00Z,PRM07,STIC,20210924-20220314,HS,21035985,10.8,14.134,22.797080000799998,0,excellent,NA
AIMS,2021-10-21T07:30:00Z,PRM07,STIC,20210924-20220314,HS,21035985,10.8,14.038,22.797080000799998,0,excellent,NA
AIMS,2021-10-21T08:00:00Z,PRM07,STIC,20210924-20220314,HS,21035985,10.8,14.038,22.797080000799998,0,excellent,NA
AIMS,2021-10-21T08:30:00Z,PRM07,STIC,20210924-20220314,HS,21035985,10.8,14.038,22.797080000799998,0,excellent,NA
AIMS,2021-10-21T09:00:00Z,PRM07,STIC,20210924-20220314,HS,21035985,10.8,14.134,22.797080000799998,0,excellent,NA
AIMS,2021-10-21T09:30:00Z,PRM07,STIC,20210924-20220314,HS,21035985,10.8,14.134,22.797080000799998,0,excellent,NA
AIMS,2021-10-21T10:00:00Z,PRM07,STIC,20210924-20220314,HS,21035985,10.8,14.038,22.797080000799998,0,excellent,NA
AIMS,2021-10-21T10:30:00Z,PRM07,STIC,20210924-20220314,HS,21035985,10.8,14.038,22.797080000799998,0,excellent,NA
AIMS,2021-10-21T11:00:00Z,PRM07,STIC,20210924-20220314,HS,21035985,10.8,14.038,22.797080000799998,0,excellent,NA
AIMS,2021-10-21T11:30:00Z,PRM07,STIC,20210924-20220314,HS,21035985,10.8,14.134,22.797080000799998,0,excellent,NA
AIMS,2021-10-21T12:00:00Z,PRM07,STIC,20210924-20220314,HS,21035985,10.8,14.134,22.797080000799998,0,excellent,NA
AIMS,2021-10-21T12:30:00Z,PRM07,STIC,20210924-20220314,HS,21035985,10.8,14.23,22.797080000799998,0,excellent,NA
AIMS,2021-10-21T13:00:00Z,PRM07,STIC,20210924-20220314,HS,21035985,10.8,14.325,22.797080000799998,0,excellent,NA
AIMS,2021-10-21T13:30:00Z,PRM07,STIC,20210924-20220314,HS,21035985,10.8,14.421,22.797080000799998,0,excellent,NA
AIMS,2021-10-21T14:00:00Z,PRM07,STIC,20210924-20220314,HS,21035985,10.8,14.421,22.797080000799998,0,excellent,NA
AIMS,2021-10-21T14:30:00Z,PRM07,STIC,20210924-20220314,HS,21035985,10.8,14.613,22.797080000799998,0,excellent,NA
AIMS,2021-10-21T15:00:00Z,PRM07,STIC,20210924-20220314,HS,21035985,0,14.996,22.74225082,0,excellent,NA
AIMS,2021-10-21T15:30:00Z,PRM07,STIC,20210924-20220314,HS,21035985,0,15.282,22.74225082,0,excellent,NA
AIMS,2021-10-21T16:00:00Z,PRM07,STIC,20210924-20220314,HS,21035985,0,15.664,22.74225082,0,excellent,NA
AIMS,2021-10-21T16:30:00Z,PRM07,STIC,20210924-20220314,HS,21035985,0,16.046,22.74225082,0,excellent,NA
AIMS,2021-10-21T17:00:00Z,PRM07,STIC,20210924-20220314,HS,21035985,0,16.523,22.74225082,0,excellent,NA
AIMS,2021-10-21T17:30:00Z,PRM07,STIC,20210924-20220314,HS,21035985,0,16.713,22.74225082,0,excellent,NA
AIMS,2021-10-21T18:00:00Z,PRM07,STIC,20210924-20220314,HS,21035985,0,16.999,22.74225082,0,excellent,NA
AIMS,2021-10-21T18:30:00Z,PRM07,STIC,20210924-20220314,HS,21035985,0,17.379,22.74225082,0,excellent,NA
AIMS,2021-10-21T19:00:00Z,PRM07,STIC,20210924-20220314,HS,21035985,0,17.76,22.74225082,0,excellent,NA
AIMS,2021-10-21T19:30:00Z,PRM07,STIC,20210924-20220314,HS,21035985,0,17.665,22.74225082,0,excellent,NA
AIMS,2021-10-21T20:00:00Z,PRM07,STIC,20210924-20220314,HS,21035985,0,17.95,22.74225082,0,excellent,NA
AIMS,2021-10-21T20:30:00Z,PRM07,STIC,20210924-20220314,HS,21035985,0,18.236,22.74225082,0,excellent,NA
AIMS,2021-10-21T21:00:00Z,PRM07,STIC,20210924-20220314,HS,21035985,0,18.14,22.74225082,0,excellent,NA
AIMS,2021-10-21T21:30:00Z,PRM07,STIC,20210924-20220314,HS,21035985,0,18.045,22.74225082,0,excellent,NA
AIMS,2021-10-21T22:00:00Z,PRM07,STIC,20210924-20220314,HS,21035985,32.3,17.855,22.9062306848,0,excellent,NA
AIMS,2021-10-21T22:30:00Z,PRM07,STIC,20210924-20220314,HS,21035985,52355.9,17.665,288.5414273984,1,excellent,NA
AIMS,2021-10-21T23:00:00Z,PRM07,STIC,20210924-20220314,HS,21035985,42711.4,16.999,239.5784612664,1,excellent,NA
AIMS,2021-10-21T23:30:00Z,PRM07,STIC,20210924-20220314,HS,21035985,46844.8,16.903,260.5628071848,1,excellent,NA
AIMS,2021-10-22T00:00:00Z,PRM07,STIC,20210924-20220314,HS,21035985,49600.3,16.713,274.5518634528,1,excellent,NA
AIMS,2021-10-22T00:30:00Z,PRM07,STIC,20210924-20220314,HS,21035985,52355.9,16.618,288.5414273984,1,excellent,NA
AIMS,2021-10-22T01:00:00Z,PRM07,STIC,20210924-20220314,HS,21035985,55111.5,16.523,302.530991344,1,excellent,NA
AIMS,2021-10-22T01:30:00Z,PRM07,STIC,20210924-20220314,HS,21035985,57867,16.427,316.520047612,1,excellent,NA
AIMS,2021-10-22T02:00:00Z,PRM07,STIC,20210924-20220314,HS,21035985,57867,16.427,316.520047612,1,excellent,NA
AIMS,2021-10-22T02:30:00Z,PRM07,STIC,20210924-20220314,HS,21035985,60622.6,16.332,330.50961155759995,1,excellent,NA
AIMS,2021-10-22T03:00:00Z,PRM07,STIC,20210924-20220314,HS,21035985,60622.6,16.332,330.50961155759995,1,excellent,NA
AIMS,2021-10-22T03:30:00Z,PRM07,STIC,20210924-20220314,HS,21035985,60622.6,16.332,330.50961155759995,1,excellent,NA
AIMS,2021-10-22T04:00:00Z,PRM07,STIC,20210924-20220314,HS,21035985,60622.6,16.237,330.50961155759995,1,excellent,NA
AIMS,2021-10-22T04:30:00Z,PRM07,STIC,20210924-20220314,HS,21035985,60622.6,16.141,330.50961155759995,1,excellent,NA
AIMS,2021-10-22T05:00:00Z,PRM07,STIC,20210924-20220314,HS,21035985,60622.6,16.046,330.50961155759995,1,excellent,NA
AIMS,2021-10-22T05:30:00Z,PRM07,STIC,20210924-20220314,HS,21035985,60622.6,15.855,330.50961155759995,1,excellent,NA
AIMS,2021-10-22T06:00:00Z,PRM07,STIC,20210924-20220314,HS,21035985,60622.6,15.76,330.50961155759995,1,excellent,NA
AIMS,2021-10-22T06:30:00Z,PRM07,STIC,20210924-20220314,HS,21035985,60622.6,15.569,330.50961155759995,1,excellent,NA
AIMS,2021-10-22T07:00:00Z,PRM07,STIC,20210924-20220314,HS,21035985,60622.6,15.473,330.50961155759995,1,excellent,NA
AIMS,2021-10-22T07:30:00Z,PRM07,STIC,20210924-20220314,HS,21035985,63378.2,15.473,344.4991755032,1,excellent,NA
AIMS,2021-10-22T08:00:00Z,PRM07,STIC,20210924-20220314,HS,21035985,63378.2,15.378,344.4991755032,1,excellent,NA
AIMS,2021-10-22T08:30:00Z,PRM07,STIC,20210924-20220314,HS,21035985,63378.2,15.282,344.4991755032,1,excellent,NA
AIMS,2021-10-22T09:00:00Z,PRM07,STIC,20210924-20220314,HS,21035985,63378.2,15.187,344.4991755032,1,excellent,NA
AIMS,2021-10-22T09:30:00Z,PRM07,STIC,20210924-20220314,HS,21035985,63378.2,15.187,344.4991755032,1,excellent,NA
AIMS,2021-10-22T10:00:00Z,PRM07,STIC,20210924-20220314,HS,21035985,63378.2,15.091,344.4991755032,1,excellent,NA
AIMS,2021-10-22T10:30:00Z,PRM07,STIC,20210924-20220314,HS,21035985,63378.2,14.9,344.4991755032,1,excellent,NA
AIMS,2021-10-22T11:00:00Z,PRM07,STIC,20210924-20220314,HS,21035985,63378.2,14.804,344.4991755032,1,excellent,NA
AIMS,2021-10-22T11:30:00Z,PRM07,STIC,20210924-20220314,HS,21035985,63378.2,14.804,344.4991755032,1,excellent,NA
AIMS,2021-10-22T12:00:00Z,PRM07,STIC,20210924-20220314,HS,21035985,63378.2,14.709,344.4991755032,1,excellent,NA
AIMS,2021-10-22T12:30:00Z,PRM07,STIC,20210924-20220314,HS,21035985,63378.2,14.613,344.4991755032,1,excellent,NA
AIMS,2021-10-22T13:00:00Z,PRM07,STIC,20210924-20220314,HS,21035985,63378.2,14.613,344.4991755032,1,excellent,NA
AIMS,2021-10-22T13:30:00Z,PRM07,STIC,20210924-20220314,HS,21035985,63378.2,14.613,344.4991755032,1,excellent,NA
AIMS,2021-10-22T14:00:00Z,PRM07,STIC,20210924-20220314,HS,21035985,63378.2,14.613,344.4991755032,1,excellent,NA
AIMS,2021-10-22T14:30:00Z,PRM07,STIC,20210924-20220314,HS,21035985,63378.2,14.613,344.4991755032,1,excellent,NA
AIMS,2021-10-22T15:00:00Z,PRM07,STIC,20210924-20220314,HS,21035985,63378.2,14.709,344.4991755032,1,excellent,NA
AIMS,2021-10-22T15:30:00Z,PRM07,STIC,20210924-20220314,HS,21035985,63378.2,14.804,344.4991755032,1,excellent,NA
AIMS,2021-10-22T16:00:00Z,PRM07,STIC,20210924-20220314,HS,21035985,63378.2,14.804,344.4991755032,1,excellent,NA
AIMS,2021-10-22T16:30:00Z,PRM07,STIC,20210924-20220314,HS,21035985,63378.2,14.9,344.4991755032,1,excellent,NA
AIMS,2021-10-22T17:00:00Z,PRM07,STIC,20210924-20220314,HS,21035985,63378.2,15.091,344.4991755032,1,excellent,NA
AIMS,2021-10-22T17:30:00Z,PRM07,STIC,20210924-20220314,HS,21035985,63378.2,15.091,344.4991755032,1,excellent,NA
AIMS,2021-10-22T18:00:00Z,PRM07,STIC,20210924-20220314,HS,21035985,63378.2,14.996,344.4991755032,1,excellent,NA
AIMS,2021-10-22T18:30:00Z,PRM07,STIC,20210924-20220314,HS,21035985,63378.2,15.091,344.4991755032,1,excellent,NA
AIMS,2021-10-22T19:00:00Z,PRM07,STIC,20210924-20220314,HS,21035985,63378.2,15.187,344.4991755032,1,excellent,NA
AIMS,2021-10-22T19:30:00Z,PRM07,STIC,20210924-20220314,HS,21035985,63378.2,15.187,344.4991755032,1,excellent,NA
AIMS,2021-10-22T20:00:00Z,PRM07,STIC,20210924-20220314,HS,21035985,63378.2,15.282,344.4991755032,1,excellent,NA
AIMS,2021-10-22T20:30:00Z,PRM07,STIC,20210924-20220314,HS,21035985,63378.2,15.473,344.4991755032,1,excellent,NA
AIMS,2021-10-22T21:00:00Z,PRM07,STIC,20210924-20220314,HS,21035985,63378.2,15.378,344.4991755032,1,excellent,NA
AIMS,2021-10-22T21:30:00Z,PRM07,STIC,20210924-20220314,HS,21035985,63378.2,15.569,344.4991755032,1,excellent,NA
AIMS,2021-10-22T22:00:00Z,PRM07,STIC,20210924-20220314,HS,21035985,63378.2,15.569,344.4991755032,1,excellent,NA
AIMS,2021-10-22T22:30:00Z,PRM07,STIC,20210924-20220314,HS,21035985,63378.2,15.378,344.4991755032,1,excellent,NA
AIMS,2021-10-22T23:00:00Z,PRM07,STIC,20210924-20220314,HS,21035985,63378.2,15.282,344.4991755032,1,excellent,NA
AIMS,2021-10-22T23:30:00Z,PRM07,STIC,20210924-20220314,HS,21035985,63378.2,14.996,344.4991755032,1,excellent,NA
AIMS,2021-10-23T00:00:00Z,PRM07,STIC,20210924-20220314,HS,21035985,63378.2,14.804,344.4991755032,1,excellent,NA
AIMS,2021-10-23T00:30:00Z,PRM07,STIC,20210924-20220314,HS,21035985,63378.2,14.517,344.4991755032,1,excellent,NA
AIMS,2021-10-23T01:00:00Z,PRM07,STIC,20210924-20220314,HS,21035985,63378.2,14.325,344.4991755032,1,excellent,NA
AIMS,2021-10-23T01:30:00Z,PRM07,STIC,20210924-20220314,HS,21035985,60622.6,14.23,330.50961155759995,1,excellent,NA
AIMS,2021-10-23T02:00:00Z,PRM07,STIC,20210924-20220314,HS,21035985,60622.6,14.038,330.50961155759995,1,excellent,NA
AIMS,2021-10-23T02:30:00Z,PRM07,STIC,20210924-20220314,HS,21035985,60622.6,13.846,330.50961155759995,1,excellent,NA
AIMS,2021-10-23T03:00:00Z,PRM07,STIC,20210924-20220314,HS,21035985,60622.6,13.654,330.50961155759995,1,excellent,NA
AIMS,2021-10-23T03:30:00Z,PRM07,STIC,20210924-20220314,HS,21035985,60622.6,13.558,330.50961155759995,1,excellent,NA
AIMS,2021-10-23T04:00:00Z,PRM07,STIC,20210924-20220314,HS,21035985,49600.3,13.365,274.5518634528,1,excellent,NA
AIMS,2021-10-23T04:30:00Z,PRM07,STIC,20210924-20220314,HS,21035985,35822.5,13.461,204.60505908000002,1,excellent,NA
AIMS,2021-10-23T05:00:00Z,PRM07,STIC,20210924-20220314,HS,21035985,30311.3,13.269,176.6259311888,1,excellent,NA
AIMS,2021-10-23T05:30:00Z,PRM07,STIC,20210924-20220314,HS,21035985,41333.6,13.365,232.5836792936,1,excellent,NA
AIMS,2021-10-23T06:00:00Z,PRM07,STIC,20210924-20220314,HS,21035985,42711.4,13.269,239.5784612664,1,excellent,NA
AIMS,2021-10-23T06:30:00Z,PRM07,STIC,20210924-20220314,HS,21035985,38578,13.173,218.594115348,1,excellent,NA
AIMS,2021-10-23T07:00:00Z,PRM07,STIC,20210924-20220314,HS,21035985,38578,13.173,218.594115348,1,excellent,NA
AIMS,2021-10-23T07:30:00Z,PRM07,STIC,20210924-20220314,HS,21035985,41333.6,13.173,232.5836792936,1,excellent,NA
AIMS,2021-10-23T08:00:00Z,PRM07,STIC,20210924-20220314,HS,21035985,39955.8,13.076,225.58889732080002,1,excellent,NA
AIMS,2021-10-23T08:30:00Z,PRM07,STIC,20210924-20220314,HS,21035985,41333.6,13.076,232.5836792936,1,excellent,NA
AIMS,2021-10-23T09:00:00Z,PRM07,STIC,20210924-20220314,HS,21035985,39955.8,13.076,225.58889732080002,1,excellent,NA
AIMS,2021-10-23T09:30:00Z,PRM07,STIC,20210924-20220314,HS,21035985,38578,12.98,218.594115348,1,excellent,NA
AIMS,2021-10-23T10:00:00Z,PRM07,STIC,20210924-20220314,HS,21035985,39955.8,12.787,225.58889732080002,1,excellent,NA
AIMS,2021-10-23T10:30:00Z,PRM07,STIC,20210924-20220314,HS,21035985,39955.8,12.69,225.58889732080002,1,excellent,NA
AIMS,2021-10-23T11:00:00Z,PRM07,STIC,20210924-20220314,HS,21035985,39955.8,12.69,225.58889732080002,1,excellent,NA
AIMS,2021-10-23T11:30:00Z,PRM07,STIC,20210924-20220314,HS,21035985,41333.6,12.69,232.5836792936,1,excellent,NA
AIMS,2021-10-23T12:00:00Z,PRM07,STIC,20210924-20220314,HS,21035985,41333.6,12.594,232.5836792936,1,excellent,NA
AIMS,2021-10-23T12:30:00Z,PRM07,STIC,20210924-20220314,HS,21035985,39955.8,12.594,225.58889732080002,1,excellent,NA
AIMS,2021-10-23T13:00:00Z,PRM07,STIC,20210924-20220314,HS,21035985,39955.8,12.497,225.58889732080002,1,excellent,NA
AIMS,2021-10-23T13:30:00Z,PRM07,STIC,20210924-20220314,HS,21035985,613.5,12.401,25.856852896,1,excellent,NA
AIMS,2021-10-23T14:00:00Z,PRM07,STIC,20210924-20220314,HS,21035985,570.5,12.207,25.638551528,1,excellent,NA
AIMS,2021-10-23T14:30:00Z,PRM07,STIC,20210924-20220314,HS,21035985,527.4,12.304,25.4197424824,1,excellent,NA
AIMS,2021-10-23T15:00:00Z,PRM07,STIC,20210924-20220314,HS,21035985,505.9,12.497,25.310591798399997,1,excellent,NA
AIMS,2021-10-23T15:30:00Z,PRM07,STIC,20210924-20220314,HS,21035985,484.4,13.173,25.201441114399998,1,excellent,NA
AIMS,2021-10-23T16:00:00Z,PRM07,STIC,20210924-20220314,HS,21035985,473.6,13.75,25.1466119336,1,excellent,NA
AIMS,2021-10-23T16:30:00Z,PRM07,STIC,20210924-20220314,HS,21035985,452.1,14.134,25.0374612496,1,excellent,NA
AIMS,2021-10-23T17:00:00Z,PRM07,STIC,20210924-20220314,HS,21035985,441.3,14.421,24.982632068799997,1,excellent,NA
AIMS,2021-10-23T17:30:00Z,PRM07,STIC,20210924-20220314,HS,21035985,441.3,14.709,24.982632068799997,1,excellent,NA
AIMS,2021-10-23T18:00:00Z,PRM07,STIC,20210924-20220314,HS,21035985,441.3,14.9,24.982632068799997,1,excellent,NA
AIMS,2021-10-23T18:30:00Z,PRM07,STIC,20210924-20220314,HS,21035985,441.3,15.091,24.982632068799997,1,excellent,NA
AIMS,2021-10-23T19:00:00Z,PRM07,STIC,20210924-20220314,HS,21035985,452.1,15.282,25.0374612496,1,excellent,NA
AIMS,2021-10-23T19:30:00Z,PRM07,STIC,20210924-20220314,HS,21035985,462.9,15.378,25.0922904304,1,excellent,NA
AIMS,2021-10-23T20:00:00Z,PRM07,STIC,20210924-20220314,HS,21035985,473.6,15.473,25.1466119336,1,excellent,NA
AIMS,2021-10-23T20:30:00Z,PRM07,STIC,20210924-20220314,HS,21035985,484.4,15.569,25.201441114399998,1,excellent,NA
AIMS,2021-10-23T21:00:00Z,PRM07,STIC,20210924-20220314,HS,21035985,484.4,15.569,25.201441114399998,1,excellent,NA
AIMS,2021-10-23T21:30:00Z,PRM07,STIC,20210924-20220314,HS,21035985,495.1,15.569,25.2557626176,1,excellent,NA
AIMS,2021-10-23T22:00:00Z,PRM07,STIC,20210924-20220314,HS,21035985,495.1,15.378,25.2557626176,1,excellent,NA
AIMS,2021-10-23T22:30:00Z,PRM07,STIC,20210924-20220314,HS,21035985,495.1,15.282,25.2557626176,1,excellent,NA
AIMS,2021-10-23T23:00:00Z,PRM07,STIC,20210924-20220314,HS,21035985,495.1,15.187,25.2557626176,1,excellent,NA
AIMS,2021-10-23T23:30:00Z,PRM07,STIC,20210924-20220314,HS,21035985,495.1,14.9,25.2557626176,1,excellent,NA
AIMS,2021-10-24T00:00:00Z,PRM07,STIC,20210924-20220314,HS,21035985,484.4,14.517,25.201441114399998,1,excellent,NA
AIMS,2021-10-24T00:30:00Z,PRM07,STIC,20210924-20220314,HS,21035985,462.9,14.23,25.0922904304,1,excellent,NA
AIMS,2021-10-24T01:00:00Z,PRM07,STIC,20210924-20220314,HS,21035985,473.6,14.134,25.1466119336,1,excellent,NA
AIMS,2021-10-24T01:30:00Z,PRM07,STIC,20210924-20220314,HS,21035985,452.1,13.942,25.0374612496,1,excellent,NA
AIMS,2021-10-24T02:00:00Z,PRM07,STIC,20210924-20220314,HS,21035985,441.3,13.846,24.982632068799997,1,excellent,NA
AIMS,2021-10-24T02:30:00Z,PRM07,STIC,20210924-20220314,HS,21035985,419.8,13.654,24.873481384799998,1,excellent,NA
AIMS,2021-10-24T03:00:00Z,PRM07,STIC,20210924-20220314,HS,21035985,409,13.558,24.818652204,1,excellent,NA
AIMS,2021-10-24T03:30:00Z,PRM07,STIC,20210924-20220314,HS,21035985,398.3,13.461,24.7643307008,1,excellent,NA
AIMS,2021-10-24T04:00:00Z,PRM07,STIC,20210924-20220314,HS,21035985,387.5,13.365,24.70950152,1,excellent,NA
AIMS,2021-10-24T04:30:00Z,PRM07,STIC,20210924-20220314,HS,21035985,376.7,13.173,24.654672339199998,1,excellent,NA
AIMS,2021-10-24T05:00:00Z,PRM07,STIC,20210924-20220314,HS,21035985,366,12.98,24.600350835999997,1,excellent,NA
AIMS,2021-10-24T05:30:00Z,PRM07,STIC,20210924-20220314,HS,21035985,355.2,12.883,24.545521655199998,1,excellent,NA
AIMS,2021-10-24T06:00:00Z,PRM07,STIC,20210924-20220314,HS,21035985,344.4,12.883,24.4906924744,1,excellent,NA
AIMS,2021-10-24T06:30:00Z,PRM07,STIC,20210924-20220314,HS,21035985,344.4,12.787,24.4906924744,1,excellent,NA
AIMS,2021-10-24T07:00:00Z,PRM07,STIC,20210924-20220314,HS,21035985,333.7,12.594,24.4363709712,1,excellent,NA
AIMS,2021-10-24T07:30:00Z,PRM07,STIC,20210924-20220314,HS,21035985,322.9,12.594,24.3815417904,1,excellent,NA
AIMS,2021-10-24T08:00:00Z,PRM07,STIC,20210924-20220314,HS,21035985,312.2,12.497,24.3272202872,1,excellent,NA
AIMS,2021-10-24T08:30:00Z,PRM07,STIC,20210924-20220314,HS,21035985,312.2,12.497,24.3272202872,1,excellent,NA
AIMS,2021-10-24T09:00:00Z,PRM07,STIC,20210924-20220314,HS,21035985,301.4,12.304,24.272391106399997,1,excellent,NA
AIMS,2021-10-24T09:30:00Z,PRM07,STIC,20210924-20220314,HS,21035985,290.6,12.401,24.2175619256,1,excellent,NA
AIMS,2021-10-24T10:00:00Z,PRM07,STIC,20210924-20220314,HS,21035985,279.9,12.207,24.163240422399998,1,excellent,NA
AIMS,2021-10-24T10:30:00Z,PRM07,STIC,20210924-20220314,HS,21035985,269.1,12.207,24.1084112416,0,excellent,NA
AIMS,2021-10-24T11:00:00Z,PRM07,STIC,20210924-20220314,HS,21035985,258.3,12.207,24.0535820608,0,excellent,NA
AIMS,2021-10-24T11:30:00Z,PRM07,STIC,20210924-20220314,HS,21035985,247.6,12.207,23.9992605576,0,excellent,NA
AIMS,2021-10-24T12:00:00Z,PRM07,STIC,20210924-20220314,HS,21035985,247.6,12.11,23.9992605576,0,excellent,NA
AIMS,2021-10-24T12:30:00Z,PRM07,STIC,20210924-20220314,HS,21035985,236.8,12.11,23.944431376799997,0,excellent,NA
AIMS,2021-10-24T13:00:00Z,PRM07,STIC,20210924-20220314,HS,21035985,236.8,12.11,23.944431376799997,0,excellent,NA
AIMS,2021-10-24T13:30:00Z,PRM07,STIC,20210924-20220314,HS,21035985,236.8,12.401,23.944431376799997,0,excellent,NA
AIMS,2021-10-24T14:00:00Z,PRM07,STIC,20210924-20220314,HS,21035985,226,12.787,23.889602196,0,excellent,NA
AIMS,2021-10-24T14:30:00Z,PRM07,STIC,20210924-20220314,HS,21035985,226,13.269,23.889602196,0,excellent,NA
AIMS,2021-10-24T15:00:00Z,PRM07,STIC,20210924-20220314,HS,21035985,215.3,13.75,23.835280692799998,0,excellent,NA
AIMS,2021-10-24T15:30:00Z,PRM07,STIC,20210924-20220314,HS,21035985,204.5,14.134,23.780451512,0,excellent,NA
AIMS,2021-10-24T16:00:00Z,PRM07,STIC,20210924-20220314,HS,21035985,215.3,14.613,23.835280692799998,0,excellent,NA
AIMS,2021-10-24T16:30:00Z,PRM07,STIC,20210924-20220314,HS,21035985,226,14.9,23.889602196,0,excellent,NA
AIMS,2021-10-24T17:00:00Z,PRM07,STIC,20210924-20220314,HS,21035985,236.8,15.091,23.944431376799997,0,excellent,NA
AIMS,2021-10-24T17:30:00Z,PRM07,STIC,20210924-20220314,HS,21035985,215.3,15.378,23.835280692799998,0,excellent,NA
AIMS,2021-10-24T18:00:00Z,PRM07,STIC,20210924-20220314,HS,21035985,107.6,15.855,23.288511917599998,0,excellent,NA
AIMS,2021-10-24T18:30:00Z,PRM07,STIC,20210924-20220314,HS,21035985,118.4,16.237,23.3433410984,0,excellent,NA
AIMS,2021-10-24T19:00:00Z,PRM07,STIC,20210924-20220314,HS,21035985,118.4,16.427,23.3433410984,0,excellent,NA
AIMS,2021-10-24T19:30:00Z,PRM07,STIC,20210924-20220314,HS,21035985,107.6,16.523,23.288511917599998,0,excellent,NA
AIMS,2021-10-24T20:00:00Z,PRM07,STIC,20210924-20220314,HS,21035985,107.6,16.523,23.288511917599998,0,excellent,NA
AIMS,2021-10-24T20:30:00Z,PRM07,STIC,20210924-20220314,HS,21035985,107.6,16.427,23.288511917599998,0,excellent,NA
AIMS,2021-10-24T21:00:00Z,PRM07,STIC,20210924-20220314,HS,21035985,96.9,16.427,23.2341904144,0,excellent,NA
AIMS,2021-10-24T21:30:00Z,PRM07,STIC,20210924-20220314,HS,21035985,96.9,16.427,23.2341904144,0,excellent,NA
AIMS,2021-10-24T22:00:00Z,PRM07,STIC,20210924-20220314,HS,21035985,96.9,16.237,23.2341904144,0,excellent,NA
AIMS,2021-10-24T22:30:00Z,PRM07,STIC,20210924-20220314,HS,21035985,96.9,16.141,23.2341904144,0,excellent,NA
AIMS,2021-10-24T23:00:00Z,PRM07,STIC,20210924-20220314,HS,21035985,96.9,15.951,23.2341904144,0,excellent,NA
AIMS,2021-10-24T23:30:00Z,PRM07,STIC,20210924-20220314,HS,21035985,107.6,15.855,23.288511917599998,0,excellent,NA
AIMS,2021-10-25T00:00:00Z,PRM07,STIC,20210924-20220314,HS,21035985,107.6,15.664,23.288511917599998,0,excellent,NA
AIMS,2021-10-25T00:30:00Z,PRM07,STIC,20210924-20220314,HS,21035985,107.6,15.569,23.288511917599998,0,excellent,NA
AIMS,2021-10-25T01:00:00Z,PRM07,STIC,20210924-20220314,HS,21035985,107.6,15.473,23.288511917599998,0,excellent,NA
AIMS,2021-10-25T01:30:00Z,PRM07,STIC,20210924-20220314,HS,21035985,107.6,15.282,23.288511917599998,0,excellent,NA
AIMS,2021-10-25T02:00:00Z,PRM07,STIC,20210924-20220314,HS,21035985,96.9,14.996,23.2341904144,0,excellent,NA
AIMS,2021-10-25T02:30:00Z,PRM07,STIC,20210924-20220314,HS,21035985,96.9,14.709,23.2341904144,0,excellent,NA
AIMS,2021-10-25T03:00:00Z,PRM07,STIC,20210924-20220314,HS,21035985,86.1,14.613,23.179361233599998,0,excellent,NA
AIMS,2021-10-25T03:30:00Z,PRM07,STIC,20210924-20220314,HS,21035985,86.1,14.517,23.179361233599998,0,excellent,NA
AIMS,2021-10-25T04:00:00Z,PRM07,STIC,20210924-20220314,HS,21035985,86.1,14.325,23.179361233599998,0,excellent,NA
AIMS,2021-10-25T04:30:00Z,PRM07,STIC,20210924-20220314,HS,21035985,75.3,14.23,23.1245320528,0,excellent,NA
AIMS,2021-10-25T05:00:00Z,PRM07,STIC,20210924-20220314,HS,21035985,75.3,14.23,23.1245320528,0,excellent,NA
AIMS,2021-10-25T05:30:00Z,PRM07,STIC,20210924-20220314,HS,21035985,75.3,14.23,23.1245320528,0,excellent,NA
AIMS,2021-10-25T06:00:00Z,PRM07,STIC,20210924-20220314,HS,21035985,64.6,14.23,23.0702105496,0,excellent,NA
AIMS,2021-10-25T06:30:00Z,PRM07,STIC,20210924-20220314,HS,21035985,64.6,14.23,23.0702105496,0,excellent,NA
AIMS,2021-10-25T07:00:00Z,PRM07,STIC,20210924-20220314,HS,21035985,64.6,14.421,23.0702105496,0,excellent,NA
AIMS,2021-10-25T07:30:00Z,PRM07,STIC,20210924-20220314,HS,21035985,64.6,14.421,23.0702105496,0,excellent,NA
AIMS,2021-10-25T08:00:00Z,PRM07,STIC,20210924-20220314,HS,21035985,64.6,14.421,23.0702105496,0,excellent,NA
AIMS,2021-10-25T08:30:00Z,PRM07,STIC,20210924-20220314,HS,21035985,64.6,14.421,23.0702105496,0,excellent,NA
AIMS,2021-10-25T09:00:00Z,PRM07,STIC,20210924-20220314,HS,21035985,64.6,14.517,23.0702105496,0,excellent,NA
AIMS,2021-10-25T09:30:00Z,PRM07,STIC,20210924-20220314,HS,21035985,64.6,14.517,23.0702105496,0,excellent,NA
AIMS,2021-10-25T10:00:00Z,PRM07,STIC,20210924-20220314,HS,21035985,64.6,14.613,23.0702105496,0,excellent,NA
AIMS,2021-10-25T10:30:00Z,PRM07,STIC,20210924-20220314,HS,21035985,64.6,14.709,23.0702105496,0,excellent,NA
AIMS,2021-10-25T11:00:00Z,PRM07,STIC,20210924-20220314,HS,21035985,64.6,14.804,23.0702105496,0,excellent,NA
AIMS,2021-10-25T11:30:00Z,PRM07,STIC,20210924-20220314,HS,21035985,64.6,14.9,23.0702105496,0,excellent,NA
AIMS,2021-10-25T12:00:00Z,PRM07,STIC,20210924-20220314,HS,21035985,75.3,14.996,23.1245320528,0,excellent,NA
AIMS,2021-10-25T12:30:00Z,PRM07,STIC,20210924-20220314,HS,21035985,75.3,15.091,23.1245320528,0,excellent,NA
AIMS,2021-10-25T13:00:00Z,PRM07,STIC,20210924-20220314,HS,21035985,75.3,15.282,23.1245320528,0,excellent,NA
AIMS,2021-10-25T13:30:00Z,PRM07,STIC,20210924-20220314,HS,21035985,75.3,15.473,23.1245320528,0,excellent,NA
AIMS,2021-10-25T14:00:00Z,PRM07,STIC,20210924-20220314,HS,21035985,75.3,15.951,23.1245320528,0,excellent,NA
AIMS,2021-10-25T14:30:00Z,PRM07,STIC,20210924-20220314,HS,21035985,86.1,15.951,23.179361233599998,0,excellent,NA
AIMS,2021-10-25T15:00:00Z,PRM07,STIC,20210924-20220314,HS,21035985,86.1,16.046,23.179361233599998,0,excellent,NA
AIMS,2021-10-25T15:30:00Z,PRM07,STIC,20210924-20220314,HS,21035985,96.9,16.141,23.2341904144,0,excellent,NA
AIMS,2021-10-25T16:00:00Z,PRM07,STIC,20210924-20220314,HS,21035985,96.9,16.237,23.2341904144,0,excellent,NA
AIMS,2021-10-25T16:30:00Z,PRM07,STIC,20210924-20220314,HS,21035985,96.9,16.237,23.2341904144,0,excellent,NA
AIMS,2021-10-25T17:00:00Z,PRM07,STIC,20210924-20220314,HS,21035985,107.6,16.427,23.288511917599998,0,excellent,NA
AIMS,2021-10-25T17:30:00Z,PRM07,STIC,20210924-20220314,HS,21035985,96.9,16.903,23.2341904144,0,excellent,NA
AIMS,2021-10-25T18:00:00Z,PRM07,STIC,20210924-20220314,HS,21035985,86.1,17.189,23.179361233599998,0,excellent,NA
AIMS,2021-10-25T18:30:00Z,PRM07,STIC,20210924-20220314,HS,21035985,75.3,17.284,23.1245320528,0,excellent,NA
AIMS,2021-10-25T19:00:00Z,PRM07,STIC,20210924-20220314,HS,21035985,64.6,17.57,23.0702105496,0,excellent,NA
AIMS,2021-10-25T19:30:00Z,PRM07,STIC,20210924-20220314,HS,21035985,64.6,17.379,23.0702105496,0,excellent,NA
AIMS,2021-10-25T20:00:00Z,PRM07,STIC,20210924-20220314,HS,21035985,64.6,17.189,23.0702105496,0,excellent,NA
AIMS,2021-10-25T20:30:00Z,PRM07,STIC,20210924-20220314,HS,21035985,64.6,17.379,23.0702105496,0,excellent,NA
AIMS,2021-10-25T21:00:00Z,PRM07,STIC,20210924-20220314,HS,21035985,64.6,17.379,23.0702105496,0,excellent,NA
AIMS,2021-10-25T21:30:00Z,PRM07,STIC,20210924-20220314,HS,21035985,64.6,17.379,23.0702105496,0,excellent,NA
AIMS,2021-10-25T22:00:00Z,PRM07,STIC,20210924-20220314,HS,21035985,64.6,17.284,23.0702105496,0,excellent,NA
AIMS,2021-10-25T22:30:00Z,PRM07,STIC,20210924-20220314,HS,21035985,64.6,16.999,23.0702105496,0,excellent,NA
AIMS,2021-10-25T23:00:00Z,PRM07,STIC,20210924-20220314,HS,21035985,75.3,16.713,23.1245320528,0,excellent,NA
AIMS,2021-10-25T23:30:00Z,PRM07,STIC,20210924-20220314,HS,21035985,75.3,16.046,23.1245320528,0,excellent,NA
AIMS,2021-10-26T00:00:00Z,PRM07,STIC,20210924-20220314,HS,21035985,75.3,15.473,23.1245320528,0,excellent,NA
AIMS,2021-10-26T00:30:00Z,PRM07,STIC,20210924-20220314,HS,21035985,75.3,15.091,23.1245320528,0,excellent,NA
AIMS,2021-10-26T01:00:00Z,PRM07,STIC,20210924-20220314,HS,21035985,64.6,14.709,23.0702105496,0,excellent,NA
AIMS,2021-10-26T01:30:00Z,PRM07,STIC,20210924-20220314,HS,21035985,64.6,14.421,23.0702105496,0,excellent,NA
AIMS,2021-10-26T02:00:00Z,PRM07,STIC,20210924-20220314,HS,21035985,64.6,14.134,23.0702105496,0,excellent,NA
AIMS,2021-10-26T02:30:00Z,PRM07,STIC,20210924-20220314,HS,21035985,64.6,14.038,23.0702105496,0,excellent,NA
AIMS,2021-10-26T03:00:00Z,PRM07,STIC,20210924-20220314,HS,21035985,64.6,13.942,23.0702105496,0,excellent,NA
AIMS,2021-10-26T03:30:00Z,PRM07,STIC,20210924-20220314,HS,21035985,53.8,13.75,23.0153813688,0,excellent,NA
AIMS,2021-10-26T04:00:00Z,PRM07,STIC,20210924-20220314,HS,21035985,53.8,13.75,23.0153813688,0,excellent,NA
AIMS,2021-10-26T04:30:00Z,PRM07,STIC,20210924-20220314,HS,21035985,53.8,13.461,23.0153813688,0,excellent,NA
AIMS,2021-10-26T05:00:00Z,PRM07,STIC,20210924-20220314,HS,21035985,53.8,13.365,23.0153813688,0,excellent,NA
AIMS,2021-10-26T05:30:00Z,PRM07,STIC,20210924-20220314,HS,21035985,53.8,13.269,23.0153813688,0,excellent,NA
AIMS,2021-10-26T06:00:00Z,PRM07,STIC,20210924-20220314,HS,21035985,53.8,13.076,23.0153813688,0,excellent,NA
AIMS,2021-10-26T06:30:00Z,PRM07,STIC,20210924-20220314,HS,21035985,53.8,12.98,23.0153813688,0,excellent,NA
AIMS,2021-10-26T07:00:00Z,PRM07,STIC,20210924-20220314,HS,21035985,53.8,12.98,23.0153813688,0,excellent,NA
AIMS,2021-10-26T07:30:00Z,PRM07,STIC,20210924-20220314,HS,21035985,53.8,12.883,23.0153813688,0,excellent,NA
AIMS,2021-10-26T08:00:00Z,PRM07,STIC,20210924-20220314,HS,21035985,53.8,12.69,23.0153813688,0,excellent,NA
AIMS,2021-10-26T08:30:00Z,PRM07,STIC,20210924-20220314,HS,21035985,53.8,12.69,23.0153813688,0,excellent,NA
AIMS,2021-10-26T09:00:00Z,PRM07,STIC,20210924-20220314,HS,21035985,64.6,12.594,23.0702105496,0,excellent,NA
AIMS,2021-10-26T09:30:00Z,PRM07,STIC,20210924-20220314,HS,21035985,64.6,12.497,23.0702105496,0,excellent,NA
AIMS,2021-10-26T10:00:00Z,PRM07,STIC,20210924-20220314,HS,21035985,64.6,12.207,23.0702105496,0,excellent,NA
AIMS,2021-10-26T10:30:00Z,PRM07,STIC,20210924-20220314,HS,21035985,64.6,12.207,23.0702105496,0,excellent,NA
AIMS,2021-10-26T11:00:00Z,PRM07,STIC,20210924-20220314,HS,21035985,64.6,12.207,23.0702105496,0,excellent,NA
AIMS,2021-10-26T11:30:00Z,PRM07,STIC,20210924-20220314,HS,21035985,64.6,12.013,23.0702105496,0,excellent,NA
AIMS,2021-10-26T12:00:00Z,PRM07,STIC,20210924-20220314,HS,21035985,53.8,11.819,23.0153813688,0,excellent,NA
AIMS,2021-10-26T12:30:00Z,PRM07,STIC,20210924-20220314,HS,21035985,53.8,11.916,23.0153813688,0,excellent,NA
AIMS,2021-10-26T13:00:00Z,PRM07,STIC,20210924-20220314,HS,21035985,53.8,11.819,23.0153813688,0,excellent,NA
AIMS,2021-10-26T13:30:00Z,PRM07,STIC,20210924-20220314,HS,21035985,53.8,11.722,23.0153813688,0,excellent,NA
AIMS,2021-10-26T14:00:00Z,PRM07,STIC,20210924-20220314,HS,21035985,53.8,11.819,23.0153813688,0,excellent,NA
AIMS,2021-10-26T14:30:00Z,PRM07,STIC,20210924-20220314,HS,21035985,53.8,12.013,23.0153813688,0,excellent,NA
AIMS,2021-10-26T15:00:00Z,PRM07,STIC,20210924-20220314,HS,21035985,53.8,11.916,23.0153813688,0,excellent,NA
AIMS,2021-10-26T15:30:00Z,PRM07,STIC,20210924-20220314,HS,21035985,53.8,12.013,23.0153813688,0,excellent,NA
AIMS,2021-10-26T16:00:00Z,PRM07,STIC,20210924-20220314,HS,21035985,53.8,12.207,23.0153813688,0,excellent,NA
AIMS,2021-10-26T16:30:00Z,PRM07,STIC,20210924-20220314,HS,21035985,53.8,12.497,23.0153813688,0,excellent,NA
AIMS,2021-10-26T17:00:00Z,PRM07,STIC,20210924-20220314,HS,21035985,53.8,12.69,23.0153813688,0,excellent,NA
AIMS,2021-10-26T17:30:00Z,PRM07,STIC,20210924-20220314,HS,21035985,53.8,12.787,23.0153813688,0,excellent,NA
AIMS,2021-10-26T18:00:00Z,PRM07,STIC,20210924-20220314,HS,21035985,53.8,12.98,23.0153813688,0,excellent,NA
AIMS,2021-10-26T18:30:00Z,PRM07,STIC,20210924-20220314,HS,21035985,53.8,13.173,23.0153813688,0,excellent,NA
AIMS,2021-10-26T19:00:00Z,PRM07,STIC,20210924-20220314,HS,21035985,53.8,13.365,23.0153813688,0,excellent,NA
AIMS,2021-10-26T19:30:00Z,PRM07,STIC,20210924-20220314,HS,21035985,53.8,13.461,23.0153813688,0,excellent,NA
AIMS,2021-10-26T20:00:00Z,PRM07,STIC,20210924-20220314,HS,21035985,53.8,13.461,23.0153813688,0,excellent,NA
AIMS,2021-10-26T20:30:00Z,PRM07,STIC,20210924-20220314,HS,21035985,43.1,13.558,22.9610598656,0,excellent,NA
AIMS,2021-10-26T21:00:00Z,PRM07,STIC,20210924-20220314,HS,21035985,43.1,13.654,22.9610598656,0,excellent,NA
AIMS,2021-10-26T21:30:00Z,PRM07,STIC,20210924-20220314,HS,21035985,43.1,13.654,22.9610598656,0,excellent,NA
AIMS,2021-10-26T22:00:00Z,PRM07,STIC,20210924-20220314,HS,21035985,53.8,13.558,23.0153813688,0,excellent,NA
AIMS,2021-10-26T22:30:00Z,PRM07,STIC,20210924-20220314,HS,21035985,43.1,13.269,22.9610598656,0,excellent,NA
AIMS,2021-10-26T23:00:00Z,PRM07,STIC,20210924-20220314,HS,21035985,43.1,12.98,22.9610598656,0,excellent,NA
AIMS,2021-10-26T23:30:00Z,PRM07,STIC,20210924-20220314,HS,21035985,43.1,12.497,22.9610598656,0,excellent,NA
AIMS,2021-10-27T00:00:00Z,PRM07,STIC,20210924-20220314,HS,21035985,43.1,12.11,22.9610598656,0,excellent,NA
AIMS,2021-10-27T00:30:00Z,PRM07,STIC,20210924-20220314,HS,21035985,43.1,11.916,22.9610598656,0,excellent,NA
AIMS,2021-10-27T01:00:00Z,PRM07,STIC,20210924-20220314,HS,21035985,43.1,11.625,22.9610598656,0,excellent,NA
AIMS,2021-10-27T01:30:00Z,PRM07,STIC,20210924-20220314,HS,21035985,43.1,11.528,22.9610598656,0,excellent,NA
AIMS,2021-10-27T02:00:00Z,PRM07,STIC,20210924-20220314,HS,21035985,43.1,11.334,22.9610598656,0,excellent,NA
AIMS,2021-10-27T02:30:00Z,PRM07,STIC,20210924-20220314,HS,21035985,43.1,11.139,22.9610598656,0,excellent,NA
AIMS,2021-10-27T03:00:00Z,PRM07,STIC,20210924-20220314,HS,21035985,43.1,10.944,22.9610598656,0,excellent,NA
AIMS,2021-10-27T03:30:00Z,PRM07,STIC,20210924-20220314,HS,21035985,43.1,10.553,22.9610598656,0,excellent,NA
AIMS,2021-10-27T04:00:00Z,PRM07,STIC,20210924-20220314,HS,21035985,43.1,10.455,22.9610598656,0,excellent,NA
AIMS,2021-10-27T04:30:00Z,PRM07,STIC,20210924-20220314,HS,21035985,43.1,10.357,22.9610598656,0,excellent,NA
AIMS,2021-10-27T05:00:00Z,PRM07,STIC,20210924-20220314,HS,21035985,43.1,9.965,22.9610598656,0,excellent,NA
AIMS,2021-10-27T05:30:00Z,PRM07,STIC,20210924-20220314,HS,21035985,43.1,9.768,22.9610598656,0,excellent,NA
AIMS,2021-10-27T06:00:00Z,PRM07,STIC,20210924-20220314,HS,21035985,43.1,9.571,22.9610598656,0,excellent,NA
AIMS,2021-10-27T06:30:00Z,PRM07,STIC,20210924-20220314,HS,21035985,43.1,9.275,22.9610598656,0,excellent,NA
AIMS,2021-10-27T07:00:00Z,PRM07,STIC,20210924-20220314,HS,21035985,53.8,9.077,23.0153813688,0,excellent,NA
AIMS,2021-10-27T07:30:00Z,PRM07,STIC,20210924-20220314,HS,21035985,53.8,8.879,23.0153813688,0,excellent,NA
AIMS,2021-10-27T08:00:00Z,PRM07,STIC,20210924-20220314,HS,21035985,53.8,8.879,23.0153813688,0,excellent,NA
AIMS,2021-10-27T08:30:00Z,PRM07,STIC,20210924-20220314,HS,21035985,53.8,8.68,23.0153813688,0,excellent,NA
AIMS,2021-10-27T09:00:00Z,PRM07,STIC,20210924-20220314,HS,21035985,53.8,8.282,23.0153813688,0,excellent,NA
AIMS,2021-10-27T09:30:00Z,PRM07,STIC,20210924-20220314,HS,21035985,53.8,8.382,23.0153813688,0,excellent,NA
AIMS,2021-10-27T10:00:00Z,PRM07,STIC,20210924-20220314,HS,21035985,53.8,8.182,23.0153813688,0,excellent,NA
AIMS,2021-10-27T10:30:00Z,PRM07,STIC,20210924-20220314,HS,21035985,53.8,7.983,23.0153813688,0,excellent,NA
AIMS,2021-10-27T11:00:00Z,PRM07,STIC,20210924-20220314,HS,21035985,53.8,7.782,23.0153813688,0,excellent,NA
AIMS,2021-10-27T11:30:00Z,PRM07,STIC,20210924-20220314,HS,21035985,53.8,7.782,23.0153813688,0,excellent,NA
AIMS,2021-10-27T12:00:00Z,PRM07,STIC,20210924-20220314,HS,21035985,53.8,7.582,23.0153813688,0,excellent,NA
AIMS,2021-10-27T12:30:00Z,PRM07,STIC,20210924-20220314,HS,21035985,53.8,7.582,23.0153813688,0,excellent,NA
AIMS,2021-10-27T13:00:00Z,PRM07,STIC,20210924-20220314,HS,21035985,53.8,7.582,23.0153813688,0,excellent,NA
AIMS,2021-10-27T13:30:00Z,PRM07,STIC,20210924-20220314,HS,21035985,53.8,7.882,23.0153813688,0,excellent,NA
AIMS,2021-10-27T14:00:00Z,PRM07,STIC,20210924-20220314,HS,21035985,53.8,8.082,23.0153813688,0,excellent,NA
AIMS,2021-10-27T14:30:00Z,PRM07,STIC,20210924-20220314,HS,21035985,53.8,8.581,23.0153813688,0,excellent,NA
AIMS,2021-10-27T15:00:00Z,PRM07,STIC,20210924-20220314,HS,21035985,64.6,9.176,23.0702105496,0,excellent,NA
AIMS,2021-10-27T15:30:00Z,PRM07,STIC,20210924-20220314,HS,21035985,64.6,9.669,23.0702105496,0,excellent,NA
AIMS,2021-10-27T16:00:00Z,PRM07,STIC,20210924-20220314,HS,21035985,64.6,10.161,23.0702105496,0,excellent,NA
AIMS,2021-10-27T16:30:00Z,PRM07,STIC,20210924-20220314,HS,21035985,64.6,10.553,23.0702105496,0,excellent,NA
AIMS,2021-10-27T17:00:00Z,PRM07,STIC,20210924-20220314,HS,21035985,64.6,10.944,23.0702105496,0,excellent,NA
AIMS,2021-10-27T17:30:00Z,PRM07,STIC,20210924-20220314,HS,21035985,64.6,11.431,23.0702105496,0,excellent,NA
AIMS,2021-10-27T18:00:00Z,PRM07,STIC,20210924-20220314,HS,21035985,64.6,11.819,23.0702105496,0,excellent,NA
AIMS,2021-10-27T18:30:00Z,PRM07,STIC,20210924-20220314,HS,21035985,53.8,12.207,23.0153813688,0,excellent,NA
AIMS,2021-10-27T19:00:00Z,PRM07,STIC,20210924-20220314,HS,21035985,53.8,12.594,23.0153813688,0,excellent,NA
AIMS,2021-10-27T19:30:00Z,PRM07,STIC,20210924-20220314,HS,21035985,53.8,12.69,23.0153813688,0,excellent,NA
AIMS,2021-10-27T20:00:00Z,PRM07,STIC,20210924-20220314,HS,21035985,64.6,12.787,23.0702105496,0,excellent,NA
AIMS,2021-10-27T20:30:00Z,PRM07,STIC,20210924-20220314,HS,21035985,53.8,12.883,23.0153813688,0,excellent,NA
AIMS,2021-10-27T21:00:00Z,PRM07,STIC,20210924-20220314,HS,21035985,53.8,12.98,23.0153813688,0,excellent,NA
AIMS,2021-10-27T21:30:00Z,PRM07,STIC,20210924-20220314,HS,21035985,43.1,12.883,22.9610598656,0,excellent,NA
AIMS,2021-10-27T22:00:00Z,PRM07,STIC,20210924-20220314,HS,21035985,43.1,12.787,22.9610598656,0,excellent,NA
AIMS,2021-10-27T22:30:00Z,PRM07,STIC,20210924-20220314,HS,21035985,43.1,12.594,22.9610598656,0,excellent,NA
AIMS,2021-10-27T23:00:00Z,PRM07,STIC,20210924-20220314,HS,21035985,43.1,12.497,22.9610598656,0,excellent,NA
AIMS,2021-10-27T23:30:00Z,PRM07,STIC,20210924-20220314,HS,21035985,43.1,12.304,22.9610598656,0,excellent,NA
AIMS,2021-10-28T00:00:00Z,PRM07,STIC,20210924-20220314,HS,21035985,43.1,12.207,22.9610598656,0,excellent,NA
AIMS,2021-10-28T00:30:00Z,PRM07,STIC,20210924-20220314,HS,21035985,43.1,12.013,22.9610598656,0,excellent,NA
AIMS,2021-10-28T01:00:00Z,PRM07,STIC,20210924-20220314,HS,21035985,43.1,11.916,22.9610598656,0,excellent,NA
AIMS,2021-10-28T01:30:00Z,PRM07,STIC,20210924-20220314,HS,21035985,43.1,11.916,22.9610598656,0,excellent,NA
AIMS,2021-10-28T02:00:00Z,PRM07,STIC,20210924-20220314,HS,21035985,43.1,11.819,22.9610598656,0,excellent,NA
AIMS,2021-10-28T02:30:00Z,PRM07,STIC,20210924-20220314,HS,21035985,43.1,11.819,22.9610598656,0,excellent,NA
AIMS,2021-10-28T03:00:00Z,PRM07,STIC,20210924-20220314,HS,21035985,43.1,11.819,22.9610598656,0,excellent,NA
AIMS,2021-10-28T03:30:00Z,PRM07,STIC,20210924-20220314,HS,21035985,43.1,11.819,22.9610598656,0,excellent,NA
AIMS,2021-10-28T04:00:00Z,PRM07,STIC,20210924-20220314,HS,21035985,43.1,11.819,22.9610598656,0,excellent,NA
AIMS,2021-10-28T04:30:00Z,PRM07,STIC,20210924-20220314,HS,21035985,43.1,11.916,22.9610598656,0,excellent,NA
AIMS,2021-10-28T05:00:00Z,PRM07,STIC,20210924-20220314,HS,21035985,43.1,12.013,22.9610598656,0,excellent,NA
AIMS,2021-10-28T05:30:00Z,PRM07,STIC,20210924-20220314,HS,21035985,43.1,12.013,22.9610598656,0,excellent,NA
AIMS,2021-10-28T06:00:00Z,PRM07,STIC,20210924-20220314,HS,21035985,43.1,12.11,22.9610598656,0,excellent,NA
AIMS,2021-10-28T06:30:00Z,PRM07,STIC,20210924-20220314,HS,21035985,43.1,12.304,22.9610598656,0,excellent,NA
AIMS,2021-10-28T07:00:00Z,PRM07,STIC,20210924-20220314,HS,21035985,43.1,12.304,22.9610598656,0,excellent,NA
AIMS,2021-10-28T07:30:00Z,PRM07,STIC,20210924-20220314,HS,21035985,43.1,12.401,22.9610598656,0,excellent,NA
AIMS,2021-10-28T08:00:00Z,PRM07,STIC,20210924-20220314,HS,21035985,43.1,12.401,22.9610598656,0,excellent,NA
AIMS,2021-10-28T08:30:00Z,PRM07,STIC,20210924-20220314,HS,21035985,43.1,12.497,22.9610598656,0,excellent,NA
AIMS,2021-10-28T09:00:00Z,PRM07,STIC,20210924-20220314,HS,21035985,43.1,12.497,22.9610598656,0,excellent,NA
AIMS,2021-10-28T09:30:00Z,PRM07,STIC,20210924-20220314,HS,21035985,43.1,12.594,22.9610598656,0,excellent,NA
AIMS,2021-10-28T10:00:00Z,PRM07,STIC,20210924-20220314,HS,21035985,43.1,12.594,22.9610598656,0,excellent,NA
AIMS,2021-10-28T10:30:00Z,PRM07,STIC,20210924-20220314,HS,21035985,43.1,12.69,22.9610598656,0,excellent,NA
AIMS,2021-10-28T11:00:00Z,PRM07,STIC,20210924-20220314,HS,21035985,43.1,12.787,22.9610598656,0,excellent,NA
AIMS,2021-10-28T11:30:00Z,PRM07,STIC,20210924-20220314,HS,21035985,43.1,12.883,22.9610598656,0,excellent,NA
AIMS,2021-10-28T12:00:00Z,PRM07,STIC,20210924-20220314,HS,21035985,43.1,12.883,22.9610598656,0,excellent,NA
AIMS,2021-10-28T12:30:00Z,PRM07,STIC,20210924-20220314,HS,21035985,43.1,12.883,22.9610598656,0,excellent,NA
AIMS,2021-10-28T13:00:00Z,PRM07,STIC,20210924-20220314,HS,21035985,43.1,12.69,22.9610598656,0,excellent,NA
AIMS,2021-10-28T13:30:00Z,PRM07,STIC,20210924-20220314,HS,21035985,53.8,12.787,23.0153813688,0,excellent,NA
AIMS,2021-10-28T14:00:00Z,PRM07,STIC,20210924-20220314,HS,21035985,64.6,12.883,23.0702105496,0,excellent,NA
AIMS,2021-10-28T14:30:00Z,PRM07,STIC,20210924-20220314,HS,21035985,96.9,12.98,23.2341904144,0,excellent,NA
AIMS,2021-10-28T15:00:00Z,PRM07,STIC,20210924-20220314,HS,21035985,107.6,13.076,23.288511917599998,0,excellent,NA
AIMS,2021-10-28T15:30:00Z,PRM07,STIC,20210924-20220314,HS,21035985,118.4,13.173,23.3433410984,0,excellent,NA
AIMS,2021-10-28T16:00:00Z,PRM07,STIC,20210924-20220314,HS,21035985,118.4,13.269,23.3433410984,0,excellent,NA
AIMS,2021-10-28T16:30:00Z,PRM07,STIC,20210924-20220314,HS,21035985,118.4,13.365,23.3433410984,0,excellent,NA
AIMS,2021-10-28T17:00:00Z,PRM07,STIC,20210924-20220314,HS,21035985,107.6,13.461,23.288511917599998,0,excellent,NA
AIMS,2021-10-28T17:30:00Z,PRM07,STIC,20210924-20220314,HS,21035985,107.6,13.654,23.288511917599998,0,excellent,NA
AIMS,2021-10-28T18:00:00Z,PRM07,STIC,20210924-20220314,HS,21035985,107.6,13.942,23.288511917599998,0,excellent,NA
AIMS,2021-10-28T18:30:00Z,PRM07,STIC,20210924-20220314,HS,21035985,107.6,14.134,23.288511917599998,0,excellent,NA
AIMS,2021-10-28T19:00:00Z,PRM07,STIC,20210924-20220314,HS,21035985,107.6,14.325,23.288511917599998,0,excellent,NA
AIMS,2021-10-28T19:30:00Z,PRM07,STIC,20210924-20220314,HS,21035985,107.6,14.325,23.288511917599998,0,excellent,NA
AIMS,2021-10-28T20:00:00Z,PRM07,STIC,20210924-20220314,HS,21035985,96.9,14.613,23.2341904144,0,excellent,NA
AIMS,2021-10-28T20:30:00Z,PRM07,STIC,20210924-20220314,HS,21035985,107.6,14.613,23.288511917599998,0,excellent,NA
AIMS,2021-10-28T21:00:00Z,PRM07,STIC,20210924-20220314,HS,21035985,96.9,14.709,23.2341904144,0,excellent,NA
AIMS,2021-10-28T21:30:00Z,PRM07,STIC,20210924-20220314,HS,21035985,129.2,14.709,23.3981702792,0,excellent,NA
AIMS,2021-10-28T22:00:00Z,PRM07,STIC,20210924-20220314,HS,21035985,129.2,14.613,23.3981702792,0,excellent,NA
AIMS,2021-10-28T22:30:00Z,PRM07,STIC,20210924-20220314,HS,21035985,118.4,14.421,23.3433410984,0,excellent,NA
AIMS,2021-10-28T23:00:00Z,PRM07,STIC,20210924-20220314,HS,21035985,118.4,14.23,23.3433410984,0,excellent,NA
AIMS,2021-10-28T23:30:00Z,PRM07,STIC,20210924-20220314,HS,21035985,118.4,14.134,23.3433410984,0,excellent,NA
AIMS,2021-10-29T00:00:00Z,PRM07,STIC,20210924-20220314,HS,21035985,107.6,14.038,23.288511917599998,0,excellent,NA
AIMS,2021-10-29T00:30:00Z,PRM07,STIC,20210924-20220314,HS,21035985,107.6,13.942,23.288511917599998,0,excellent,NA
AIMS,2021-10-29T01:00:00Z,PRM07,STIC,20210924-20220314,HS,21035985,107.6,13.846,23.288511917599998,0,excellent,NA
AIMS,2021-10-29T01:30:00Z,PRM07,STIC,20210924-20220314,HS,21035985,107.6,13.75,23.288511917599998,0,excellent,NA
AIMS,2021-10-29T02:00:00Z,PRM07,STIC,20210924-20220314,HS,21035985,96.9,13.654,23.2341904144,0,excellent,NA
AIMS,2021-10-29T02:30:00Z,PRM07,STIC,20210924-20220314,HS,21035985,107.6,13.558,23.288511917599998,0,excellent,NA
AIMS,2021-10-29T03:00:00Z,PRM07,STIC,20210924-20220314,HS,21035985,118.4,13.461,23.3433410984,0,excellent,NA
AIMS,2021-10-29T03:30:00Z,PRM07,STIC,20210924-20220314,HS,21035985,107.6,13.269,23.288511917599998,0,excellent,NA
AIMS,2021-10-29T04:00:00Z,PRM07,STIC,20210924-20220314,HS,21035985,107.6,13.269,23.288511917599998,0,excellent,NA
AIMS,2021-10-29T04:30:00Z,PRM07,STIC,20210924-20220314,HS,21035985,107.6,13.076,23.288511917599998,0,excellent,NA
AIMS,2021-10-29T05:00:00Z,PRM07,STIC,20210924-20220314,HS,21035985,96.9,12.98,23.2341904144,0,excellent,NA
AIMS,2021-10-29T05:30:00Z,PRM07,STIC,20210924-20220314,HS,21035985,96.9,12.883,23.2341904144,0,excellent,NA
AIMS,2021-10-29T06:00:00Z,PRM07,STIC,20210924-20220314,HS,21035985,96.9,12.883,23.2341904144,0,excellent,NA
AIMS,2021-10-29T06:30:00Z,PRM07,STIC,20210924-20220314,HS,21035985,96.9,12.787,23.2341904144,0,excellent,NA
AIMS,2021-10-29T07:00:00Z,PRM07,STIC,20210924-20220314,HS,21035985,86.1,12.69,23.179361233599998,0,excellent,NA
AIMS,2021-10-29T07:30:00Z,PRM07,STIC,20210924-20220314,HS,21035985,86.1,12.594,23.179361233599998,0,excellent,NA
AIMS,2021-10-29T08:00:00Z,PRM07,STIC,20210924-20220314,HS,21035985,96.9,12.497,23.2341904144,0,excellent,NA
AIMS,2021-10-29T08:30:00Z,PRM07,STIC,20210924-20220314,HS,21035985,96.9,12.401,23.2341904144,0,excellent,NA
AIMS,2021-10-29T09:00:00Z,PRM07,STIC,20210924-20220314,HS,21035985,86.1,12.497,23.179361233599998,0,excellent,NA
AIMS,2021-10-29T09:30:00Z,PRM07,STIC,20210924-20220314,HS,21035985,107.6,12.207,23.288511917599998,0,excellent,NA
AIMS,2021-10-29T10:00:00Z,PRM07,STIC,20210924-20220314,HS,21035985,96.9,12.013,23.2341904144,0,excellent,NA
AIMS,2021-10-29T10:30:00Z,PRM07,STIC,20210924-20220314,HS,21035985,107.6,11.916,23.288511917599998,0,excellent,NA
AIMS,2021-10-29T11:00:00Z,PRM07,STIC,20210924-20220314,HS,21035985,107.6,11.722,23.288511917599998,0,excellent,NA
AIMS,2021-10-29T11:30:00Z,PRM07,STIC,20210924-20220314,HS,21035985,107.6,11.625,23.288511917599998,0,excellent,NA
AIMS,2021-10-29T12:00:00Z,PRM07,STIC,20210924-20220314,HS,21035985,129.2,11.528,23.3981702792,0,excellent,D
AIMS,2021-10-29T12:30:00Z,PRM07,STIC,20210924-20220314,HS,21035985,118.4,11.431,23.3433410984,0,excellent,NA
AIMS,2021-10-29T13:00:00Z,PRM07,STIC,20210924-20220314,HS,21035985,107.6,11.431,23.288511917599998,0,excellent,NA
AIMS,2021-10-29T13:30:00Z,PRM07,STIC,20210924-20220314,HS,21035985,96.9,11.528,23.2341904144,0,excellent,NA
AIMS,2021-10-29T14:00:00Z,PRM07,STIC,20210924-20220314,HS,21035985,96.9,11.528,23.2341904144,0,excellent,NA
AIMS,2021-10-29T14:30:00Z,PRM07,STIC,20210924-20220314,HS,21035985,118.4,11.431,23.3433410984,0,excellent,NA
AIMS,2021-10-29T15:00:00Z,PRM07,STIC,20210924-20220314,HS,21035985,129.2,11.528,23.3981702792,0,excellent,NA
AIMS,2021-10-29T15:30:00Z,PRM07,STIC,20210924-20220314,HS,21035985,118.4,11.625,23.3433410984,0,excellent,NA
AIMS,2021-10-29T16:00:00Z,PRM07,STIC,20210924-20220314,HS,21035985,107.6,11.625,23.288511917599998,0,excellent,NA
AIMS,2021-10-29T16:30:00Z,PRM07,STIC,20210924-20220314,HS,21035985,107.6,11.819,23.288511917599998,0,excellent,NA
AIMS,2021-10-29T17:00:00Z,PRM07,STIC,20210924-20220314,HS,21035985,96.9,11.916,23.2341904144,0,excellent,NA
AIMS,2021-10-29T17:30:00Z,PRM07,STIC,20210924-20220314,HS,21035985,96.9,11.916,23.2341904144,0,excellent,NA
AIMS,2021-10-29T18:00:00Z,PRM07,STIC,20210924-20220314,HS,21035985,96.9,11.819,23.2341904144,0,excellent,NA
AIMS,2021-10-29T18:30:00Z,PRM07,STIC,20210924-20220314,HS,21035985,86.1,12.11,23.179361233599998,0,excellent,NA
AIMS,2021-10-29T19:00:00Z,PRM07,STIC,20210924-20220314,HS,21035985,86.1,12.11,23.179361233599998,0,excellent,NA
AIMS,2021-10-29T19:30:00Z,PRM07,STIC,20210924-20220314,HS,21035985,96.9,12.013,23.2341904144,0,excellent,NA
AIMS,2021-10-29T20:00:00Z,PRM07,STIC,20210924-20220314,HS,21035985,86.1,12.207,23.179361233599998,0,excellent,NA
AIMS,2021-10-29T20:30:00Z,PRM07,STIC,20210924-20220314,HS,21035985,86.1,12.11,23.179361233599998,0,excellent,NA
AIMS,2021-10-29T21:00:00Z,PRM07,STIC,20210924-20220314,HS,21035985,75.3,12.401,23.1245320528,0,excellent,NA
AIMS,2021-10-29T21:30:00Z,PRM07,STIC,20210924-20220314,HS,21035985,75.3,12.304,23.1245320528,0,excellent,NA
AIMS,2021-10-29T22:00:00Z,PRM07,STIC,20210924-20220314,HS,21035985,86.1,12.11,23.179361233599998,0,excellent,NA
AIMS,2021-10-29T22:30:00Z,PRM07,STIC,20210924-20220314,HS,21035985,86.1,12.11,23.179361233599998,0,excellent,NA
AIMS,2021-10-29T23:00:00Z,PRM07,STIC,20210924-20220314,HS,21035985,86.1,12.11,23.179361233599998,0,excellent,NA
AIMS,2021-10-29T23:30:00Z,PRM07,STIC,20210924-20220314,HS,21035985,86.1,12.013,23.179361233599998,0,excellent,NA
AIMS,2021-10-30T00:00:00Z,PRM07,STIC,20210924-20220314,HS,21035985,75.3,12.11,23.1245320528,0,excellent,NA
AIMS,2021-10-30T00:30:00Z,PRM07,STIC,20210924-20220314,HS,21035985,75.3,12.013,23.1245320528,0,excellent,NA
AIMS,2021-10-30T01:00:00Z,PRM07,STIC,20210924-20220314,HS,21035985,75.3,12.013,23.1245320528,0,excellent,NA
AIMS,2021-10-30T01:30:00Z,PRM07,STIC,20210924-20220314,HS,21035985,75.3,12.013,23.1245320528,0,excellent,NA
AIMS,2021-10-30T02:00:00Z,PRM07,STIC,20210924-20220314,HS,21035985,75.3,11.916,23.1245320528,0,excellent,NA
AIMS,2021-10-30T02:30:00Z,PRM07,STIC,20210924-20220314,HS,21035985,64.6,12.013,23.0702105496,0,excellent,NA
AIMS,2021-10-30T03:00:00Z,PRM07,STIC,20210924-20220314,HS,21035985,64.6,12.013,23.0702105496,0,excellent,NA
AIMS,2021-10-30T03:30:00Z,PRM07,STIC,20210924-20220314,HS,21035985,64.6,12.11,23.0702105496,0,excellent,NA
AIMS,2021-10-30T04:00:00Z,PRM07,STIC,20210924-20220314,HS,21035985,64.6,12.11,23.0702105496,0,excellent,NA
AIMS,2021-10-30T04:30:00Z,PRM07,STIC,20210924-20220314,HS,21035985,64.6,12.013,23.0702105496,0,excellent,NA
AIMS,2021-10-30T05:00:00Z,PRM07,STIC,20210924-20220314,HS,21035985,75.3,12.11,23.1245320528,0,excellent,NA
AIMS,2021-10-30T05:30:00Z,PRM07,STIC,20210924-20220314,HS,21035985,64.6,12.11,23.0702105496,0,excellent,NA
AIMS,2021-10-30T06:00:00Z,PRM07,STIC,20210924-20220314,HS,21035985,64.6,12.013,23.0702105496,0,excellent,NA
AIMS,2021-10-30T06:30:00Z,PRM07,STIC,20210924-20220314,HS,21035985,64.6,12.207,23.0702105496,0,excellent,NA
AIMS,2021-10-30T07:00:00Z,PRM07,STIC,20210924-20220314,HS,21035985,64.6,12.11,23.0702105496,0,excellent,NA
AIMS,2021-10-30T07:30:00Z,PRM07,STIC,20210924-20220314,HS,21035985,64.6,12.207,23.0702105496,0,excellent,NA
AIMS,2021-10-30T08:00:00Z,PRM07,STIC,20210924-20220314,HS,21035985,64.6,12.304,23.0702105496,0,excellent,NA
AIMS,2021-10-30T08:30:00Z,PRM07,STIC,20210924-20220314,HS,21035985,64.6,12.304,23.0702105496,0,excellent,NA
AIMS,2021-10-30T09:00:00Z,PRM07,STIC,20210924-20220314,HS,21035985,64.6,12.304,23.0702105496,0,excellent,NA
AIMS,2021-10-30T09:30:00Z,PRM07,STIC,20210924-20220314,HS,21035985,75.3,12.304,23.1245320528,0,excellent,NA
AIMS,2021-10-30T10:00:00Z,PRM07,STIC,20210924-20220314,HS,21035985,75.3,12.304,23.1245320528,0,excellent,NA
AIMS,2021-10-30T10:30:00Z,PRM07,STIC,20210924-20220314,HS,21035985,75.3,12.401,23.1245320528,0,excellent,NA
AIMS,2021-10-30T11:00:00Z,PRM07,STIC,20210924-20220314,HS,21035985,64.6,12.401,23.0702105496,0,excellent,NA
AIMS,2021-10-30T11:30:00Z,PRM07,STIC,20210924-20220314,HS,21035985,64.6,12.401,23.0702105496,0,excellent,NA
AIMS,2021-10-30T12:00:00Z,PRM07,STIC,20210924-20220314,HS,21035985,64.6,12.401,23.0702105496,0,excellent,NA
AIMS,2021-10-30T12:30:00Z,PRM07,STIC,20210924-20220314,HS,21035985,64.6,12.401,23.0702105496,0,excellent,NA
AIMS,2021-10-30T13:00:00Z,PRM07,STIC,20210924-20220314,HS,21035985,64.6,12.497,23.0702105496,0,excellent,NA
AIMS,2021-10-30T13:30:00Z,PRM07,STIC,20210924-20220314,HS,21035985,64.6,12.497,23.0702105496,0,excellent,NA
AIMS,2021-10-30T14:00:00Z,PRM07,STIC,20210924-20220314,HS,21035985,64.6,12.594,23.0702105496,0,excellent,NA
AIMS,2021-10-30T14:30:00Z,PRM07,STIC,20210924-20220314,HS,21035985,64.6,12.497,23.0702105496,0,excellent,NA
AIMS,2021-10-30T15:00:00Z,PRM07,STIC,20210924-20220314,HS,21035985,86.1,12.497,23.179361233599998,0,excellent,NA
AIMS,2021-10-30T15:30:00Z,PRM07,STIC,20210924-20220314,HS,21035985,376.7,12.883,24.654672339199998,1,excellent,NA
AIMS,2021-10-30T16:00:00Z,PRM07,STIC,20210924-20220314,HS,21035985,398.3,12.98,24.7643307008,1,excellent,NA
AIMS,2021-10-30T16:30:00Z,PRM07,STIC,20210924-20220314,HS,21035985,366,13.076,24.600350835999997,1,excellent,NA
AIMS,2021-10-30T17:00:00Z,PRM07,STIC,20210924-20220314,HS,21035985,322.9,13.269,24.3815417904,1,excellent,NA
AIMS,2021-10-30T17:30:00Z,PRM07,STIC,20210924-20220314,HS,21035985,312.2,13.365,24.3272202872,1,excellent,NA
AIMS,2021-10-30T18:00:00Z,PRM07,STIC,20210924-20220314,HS,21035985,1151.7,13.461,28.5891737392,1,excellent,NA
AIMS,2021-10-30T18:30:00Z,PRM07,STIC,20210924-20220314,HS,21035985,3961.1,13.942,42.8518682336,1,excellent,NA
AIMS,2021-10-30T19:00:00Z,PRM07,STIC,20210924-20220314,HS,21035985,4477.8,14.134,45.4750383928,1,excellent,NA
AIMS,2021-10-30T19:30:00Z,PRM07,STIC,20210924-20220314,HS,21035985,4133.4,14.23,43.7265967384,1,excellent,NA
AIMS,2021-10-30T20:00:00Z,PRM07,STIC,20210924-20220314,HS,21035985,4133.4,14.23,43.7265967384,1,excellent,NA
AIMS,2021-10-30T20:30:00Z,PRM07,STIC,20210924-20220314,HS,21035985,4305.6,14.23,44.600817565599996,1,excellent,NA
AIMS,2021-10-30T21:00:00Z,PRM07,STIC,20210924-20220314,HS,21035985,4477.8,14.23,45.4750383928,1,excellent,NA
AIMS,2021-10-30T21:30:00Z,PRM07,STIC,20210924-20220314,HS,21035985,5166.7,14.23,48.972429379199994,1,excellent,D
AIMS,2021-10-30T22:00:00Z,PRM07,STIC,20210924-20220314,HS,21035985,4477.8,14.23,45.4750383928,1,excellent,NA
AIMS,2021-10-30T22:30:00Z,PRM07,STIC,20210924-20220314,HS,21035985,4305.6,14.23,44.600817565599996,1,excellent,NA
AIMS,2021-10-30T23:00:00Z,PRM07,STIC,20210924-20220314,HS,21035985,4822.3,14.134,47.2239877248,1,excellent,NA
AIMS,2021-10-30T23:30:00Z,PRM07,STIC,20210924-20220314,HS,21035985,4477.8,14.134,45.4750383928,1,excellent,NA
AIMS,2021-10-31T00:00:00Z,PRM07,STIC,20210924-20220314,HS,21035985,3961.1,14.134,42.8518682336,1,excellent,NA
AIMS,2021-10-31T00:30:00Z,PRM07,STIC,20210924-20220314,HS,21035985,3616.7,14.134,41.1034265792,1,excellent,NA
AIMS,2021-10-31T01:00:00Z,PRM07,STIC,20210924-20220314,HS,21035985,4477.8,14.134,45.4750383928,1,excellent,NA
AIMS,2021-10-31T01:30:00Z,PRM07,STIC,20210924-20220314,HS,21035985,4994.5,14.038,48.098208552,1,excellent,NA
AIMS,2021-10-31T02:00:00Z,PRM07,STIC,20210924-20220314,HS,21035985,4477.8,14.038,45.4750383928,1,excellent,NA
AIMS,2021-10-31T02:30:00Z,PRM07,STIC,20210924-20220314,HS,21035985,5166.7,14.038,48.972429379199994,1,excellent,NA
AIMS,2021-10-31T03:00:00Z,PRM07,STIC,20210924-20220314,HS,21035985,4477.8,14.038,45.4750383928,1,excellent,NA
AIMS,2021-10-31T03:30:00Z,PRM07,STIC,20210924-20220314,HS,21035985,4650,14.038,46.34925921999999,1,excellent,NA
AIMS,2021-10-31T04:00:00Z,PRM07,STIC,20210924-20220314,HS,21035985,4822.3,14.038,47.2239877248,1,excellent,NA
AIMS,2021-10-31T04:30:00Z,PRM07,STIC,20210924-20220314,HS,21035985,4650,14.038,46.34925921999999,1,excellent,NA
AIMS,2021-10-31T05:00:00Z,PRM07,STIC,20210924-20220314,HS,21035985,5338.9,14.038,49.8466502064,1,excellent,NA
AIMS,2021-10-31T05:30:00Z,PRM07,STIC,20210924-20220314,HS,21035985,4305.6,13.942,44.600817565599996,1,excellent,NA
AIMS,2021-10-31T06:00:00Z,PRM07,STIC,20210924-20220314,HS,21035985,4822.3,13.942,47.2239877248,1,excellent,NA
AIMS,2021-10-31T06:30:00Z,PRM07,STIC,20210924-20220314,HS,21035985,5166.7,13.942,48.972429379199994,1,excellent,NA
AIMS,2021-10-31T07:00:00Z,PRM07,STIC,20210924-20220314,HS,21035985,4822.3,13.846,47.2239877248,1,excellent,NA
AIMS,2021-10-31T07:30:00Z,PRM07,STIC,20210924-20220314,HS,21035985,4822.3,13.846,47.2239877248,1,excellent,NA
AIMS,2021-10-31T08:00:00Z,PRM07,STIC,20210924-20220314,HS,21035985,4477.8,13.846,45.4750383928,1,excellent,NA
AIMS,2021-10-31T08:30:00Z,PRM07,STIC,20210924-20220314,HS,21035985,4650,13.75,46.34925921999999,1,excellent,NA
AIMS,2021-10-31T09:00:00Z,PRM07,STIC,20210924-20220314,HS,21035985,4477.8,13.75,45.4750383928,1,excellent,NA
AIMS,2021-10-31T09:30:00Z,PRM07,STIC,20210924-20220314,HS,21035985,4305.6,13.75,44.600817565599996,1,excellent,NA
AIMS,2021-10-31T10:00:00Z,PRM07,STIC,20210924-20220314,HS,21035985,5166.7,13.654,48.972429379199994,1,excellent,D
AIMS,2021-10-31T10:30:00Z,PRM07,STIC,20210924-20220314,HS,21035985,4650,13.558,46.34925921999999,1,excellent,NA
AIMS,2021-10-31T11:00:00Z,PRM07,STIC,20210924-20220314,HS,21035985,4650,13.558,46.34925921999999,1,excellent,NA
AIMS,2021-10-31T11:30:00Z,PRM07,STIC,20210924-20220314,HS,21035985,5166.7,13.461,48.972429379199994,1,excellent,NA
AIMS,2021-10-31T12:00:00Z,PRM07,STIC,20210924-20220314,HS,21035985,4650,13.365,46.34925921999999,1,excellent,NA
AIMS,2021-10-31T12:30:00Z,PRM07,STIC,20210924-20220314,HS,21035985,5166.7,13.365,48.972429379199994,1,excellent,NA
AIMS,2021-10-31T13:00:00Z,PRM07,STIC,20210924-20220314,HS,21035985,5338.9,13.269,49.8466502064,1,excellent,NA
AIMS,2021-10-31T13:30:00Z,PRM07,STIC,20210924-20220314,HS,21035985,4305.6,13.365,44.600817565599996,1,excellent,NA
AIMS,2021-10-31T14:00:00Z,PRM07,STIC,20210924-20220314,HS,21035985,21355.7,13.365,131.1603560432,1,excellent,D
AIMS,2021-10-31T14:30:00Z,PRM07,STIC,20210924-20220314,HS,21035985,4133.4,13.558,43.7265967384,1,excellent,NA
AIMS,2021-10-31T15:00:00Z,PRM07,STIC,20210924-20220314,HS,21035985,4305.6,13.558,44.600817565599996,1,excellent,NA
AIMS,2021-10-31T15:30:00Z,PRM07,STIC,20210924-20220314,HS,21035985,4477.8,13.461,45.4750383928,1,excellent,NA
AIMS,2021-10-31T16:00:00Z,PRM07,STIC,20210924-20220314,HS,21035985,4994.5,13.654,48.098208552,1,excellent,D
AIMS,2021-10-31T16:30:00Z,PRM07,STIC,20210924-20220314,HS,21035985,4477.8,13.654,45.4750383928,1,excellent,NA
AIMS,2021-10-31T17:00:00Z,PRM07,STIC,20210924-20220314,HS,21035985,4305.6,13.75,44.600817565599996,1,excellent,NA
AIMS,2021-10-31T17:30:00Z,PRM07,STIC,20210924-20220314,HS,21035985,4477.8,14.038,45.4750383928,1,excellent,NA
AIMS,2021-10-31T18:00:00Z,PRM07,STIC,20210924-20220314,HS,21035985,4650,14.038,46.34925921999999,1,excellent,NA
AIMS,2021-10-31T18:30:00Z,PRM07,STIC,20210924-20220314,HS,21035985,26178,13.942,155.642092948,1,excellent,NA
AIMS,2021-10-31T19:00:00Z,PRM07,STIC,20210924-20220314,HS,21035985,17911.2,14.23,113.6734011112,1,excellent,NA
AIMS,2021-10-31T19:30:00Z,PRM07,STIC,20210924-20220314,HS,21035985,31689.1,14.421,183.6207131616,1,excellent,NA
AIMS,2021-10-31T20:00:00Z,PRM07,STIC,20210924-20220314,HS,21035985,30311.3,14.517,176.6259311888,1,excellent,NA
AIMS,2021-10-31T20:30:00Z,PRM07,STIC,20210924-20220314,HS,21035985,30311.3,14.517,176.6259311888,1,excellent,NA
AIMS,2021-10-31T21:00:00Z,PRM07,STIC,20210924-20220314,HS,21035985,30311.3,14.613,176.6259311888,1,excellent,NA
AIMS,2021-10-31T21:30:00Z,PRM07,STIC,20210924-20220314,HS,21035985,30311.3,14.613,176.6259311888,1,excellent,NA
AIMS,2021-10-31T22:00:00Z,PRM07,STIC,20210924-20220314,HS,21035985,30311.3,14.421,176.6259311888,1,excellent,NA
AIMS,2021-10-31T22:30:00Z,PRM07,STIC,20210924-20220314,HS,21035985,31689.1,14.134,183.6207131616,1,excellent,NA
AIMS,2021-10-31T23:00:00Z,PRM07,STIC,20210924-20220314,HS,21035985,31689.1,13.846,183.6207131616,1,excellent,NA
AIMS,2021-10-31T23:30:00Z,PRM07,STIC,20210924-20220314,HS,21035985,688.9,13.558,26.239641806399998,1,excellent,NA
AIMS,2021-11-01T00:00:00Z,PRM07,STIC,20210924-20220314,HS,21035985,602.8,13.365,25.8025313928,1,excellent,NA
AIMS,2021-11-01T00:30:00Z,PRM07,STIC,20210924-20220314,HS,21035985,559.7,13.173,25.5837223472,1,excellent,NA
AIMS,2021-11-01T01:00:00Z,PRM07,STIC,20210924-20220314,HS,21035985,538.2,12.98,25.4745716632,1,excellent,NA
AIMS,2021-11-01T01:30:00Z,PRM07,STIC,20210924-20220314,HS,21035985,505.9,12.883,25.310591798399997,1,excellent,NA
AIMS,2021-11-01T02:00:00Z,PRM07,STIC,20210924-20220314,HS,21035985,484.4,12.594,25.201441114399998,1,excellent,NA
AIMS,2021-11-01T02:30:00Z,PRM07,STIC,20210924-20220314,HS,21035985,462.9,12.497,25.0922904304,1,excellent,NA
AIMS,2021-11-01T03:00:00Z,PRM07,STIC,20210924-20220314,HS,21035985,441.3,12.401,24.982632068799997,1,excellent,NA
AIMS,2021-11-01T03:30:00Z,PRM07,STIC,20210924-20220314,HS,21035985,409,12.207,24.818652204,1,excellent,NA
AIMS,2021-11-01T04:00:00Z,PRM07,STIC,20210924-20220314,HS,21035985,387.5,12.013,24.70950152,1,excellent,NA
AIMS,2021-11-01T04:30:00Z,PRM07,STIC,20210924-20220314,HS,21035985,366,11.916,24.600350835999997,1,excellent,NA
AIMS,2021-11-01T05:00:00Z,PRM07,STIC,20210924-20220314,HS,21035985,344.4,11.819,24.4906924744,1,excellent,NA
AIMS,2021-11-01T05:30:00Z,PRM07,STIC,20210924-20220314,HS,21035985,322.9,11.819,24.3815417904,1,excellent,NA
AIMS,2021-11-01T06:00:00Z,PRM07,STIC,20210924-20220314,HS,21035985,312.2,11.819,24.3272202872,1,excellent,NA
AIMS,2021-11-01T06:30:00Z,PRM07,STIC,20210924-20220314,HS,21035985,290.6,11.819,24.2175619256,1,excellent,NA
AIMS,2021-11-01T07:00:00Z,PRM07,STIC,20210924-20220314,HS,21035985,290.6,11.916,24.2175619256,1,excellent,NA
AIMS,2021-11-01T07:30:00Z,PRM07,STIC,20210924-20220314,HS,21035985,269.1,11.722,24.1084112416,0,excellent,NA
AIMS,2021-11-01T08:00:00Z,PRM07,STIC,20210924-20220314,HS,21035985,258.3,11.722,24.0535820608,0,excellent,NA
AIMS,2021-11-01T08:30:00Z,PRM07,STIC,20210924-20220314,HS,21035985,247.6,11.722,23.9992605576,0,excellent,NA
AIMS,2021-11-01T09:00:00Z,PRM07,STIC,20210924-20220314,HS,21035985,247.6,11.916,23.9992605576,0,excellent,NA
AIMS,2021-11-01T09:30:00Z,PRM07,STIC,20210924-20220314,HS,21035985,236.8,12.013,23.944431376799997,0,excellent,NA
AIMS,2021-11-01T10:00:00Z,PRM07,STIC,20210924-20220314,HS,21035985,226,12.11,23.889602196,0,excellent,NA
AIMS,2021-11-01T10:30:00Z,PRM07,STIC,20210924-20220314,HS,21035985,226,12.11,23.889602196,0,excellent,NA
AIMS,2021-11-01T11:00:00Z,PRM07,STIC,20210924-20220314,HS,21035985,226,12.11,23.889602196,0,excellent,NA
AIMS,2021-11-01T11:30:00Z,PRM07,STIC,20210924-20220314,HS,21035985,215.3,12.207,23.835280692799998,0,excellent,NA
AIMS,2021-11-01T12:00:00Z,PRM07,STIC,20210924-20220314,HS,21035985,215.3,12.11,23.835280692799998,0,excellent,NA
AIMS,2021-11-01T12:30:00Z,PRM07,STIC,20210924-20220314,HS,21035985,204.5,12.207,23.780451512,0,excellent,NA
AIMS,2021-11-01T13:00:00Z,PRM07,STIC,20210924-20220314,HS,21035985,204.5,12.401,23.780451512,0,excellent,NA
AIMS,2021-11-01T13:30:00Z,PRM07,STIC,20210924-20220314,HS,21035985,269.1,12.497,24.1084112416,0,excellent,NA
AIMS,2021-11-01T14:00:00Z,PRM07,STIC,20210924-20220314,HS,21035985,279.9,12.401,24.163240422399998,1,excellent,NA
AIMS,2021-11-01T14:30:00Z,PRM07,STIC,20210924-20220314,HS,21035985,279.9,12.497,24.163240422399998,1,excellent,NA
AIMS,2021-11-01T15:00:00Z,PRM07,STIC,20210924-20220314,HS,21035985,269.1,12.594,24.1084112416,0,excellent,NA
AIMS,2021-11-01T15:30:00Z,PRM07,STIC,20210924-20220314,HS,21035985,258.3,12.883,24.0535820608,0,excellent,NA
AIMS,2021-11-01T16:00:00Z,PRM07,STIC,20210924-20220314,HS,21035985,258.3,12.98,24.0535820608,0,excellent,NA
AIMS,2021-11-01T16:30:00Z,PRM07,STIC,20210924-20220314,HS,21035985,247.6,13.173,23.9992605576,0,excellent,NA
AIMS,2021-11-01T17:00:00Z,PRM07,STIC,20210924-20220314,HS,21035985,236.8,13.365,23.944431376799997,0,excellent,NA
AIMS,2021-11-01T17:30:00Z,PRM07,STIC,20210924-20220314,HS,21035985,236.8,13.461,23.944431376799997,0,excellent,NA
AIMS,2021-11-01T18:00:00Z,PRM07,STIC,20210924-20220314,HS,21035985,226,13.654,23.889602196,0,excellent,NA
AIMS,2021-11-01T18:30:00Z,PRM07,STIC,20210924-20220314,HS,21035985,226,13.846,23.889602196,0,excellent,NA
AIMS,2021-11-01T19:00:00Z,PRM07,STIC,20210924-20220314,HS,21035985,204.5,13.846,23.780451512,0,excellent,NA
AIMS,2021-11-01T19:30:00Z,PRM07,STIC,20210924-20220314,HS,21035985,129.2,13.75,23.3981702792,0,excellent,NA
AIMS,2021-11-01T20:00:00Z,PRM07,STIC,20210924-20220314,HS,21035985,96.9,13.75,23.2341904144,0,excellent,NA
AIMS,2021-11-01T20:30:00Z,PRM07,STIC,20210924-20220314,HS,21035985,204.5,13.846,23.780451512,0,excellent,D
AIMS,2021-11-01T21:00:00Z,PRM07,STIC,20210924-20220314,HS,21035985,150.7,13.942,23.507320963199998,0,excellent,NA
AIMS,2021-11-01T21:30:00Z,PRM07,STIC,20210924-20220314,HS,21035985,107.6,13.942,23.288511917599998,0,excellent,NA
AIMS,2021-11-01T22:00:00Z,PRM07,STIC,20210924-20220314,HS,21035985,96.9,13.75,23.2341904144,0,excellent,NA
AIMS,2021-11-01T22:30:00Z,PRM07,STIC,20210924-20220314,HS,21035985,86.1,13.461,23.179361233599998,0,excellent,NA
AIMS,2021-11-01T23:00:00Z,PRM07,STIC,20210924-20220314,HS,21035985,86.1,12.98,23.179361233599998,0,excellent,NA
AIMS,2021-11-01T23:30:00Z,PRM07,STIC,20210924-20220314,HS,21035985,75.3,12.594,23.1245320528,0,excellent,NA
AIMS,2021-11-02T00:00:00Z,PRM07,STIC,20210924-20220314,HS,21035985,64.6,12.401,23.0702105496,0,excellent,NA
AIMS,2021-11-02T00:30:00Z,PRM07,STIC,20210924-20220314,HS,21035985,64.6,12.11,23.0702105496,0,excellent,NA
AIMS,2021-11-02T01:00:00Z,PRM07,STIC,20210924-20220314,HS,21035985,53.8,11.916,23.0153813688,0,excellent,NA
AIMS,2021-11-02T01:30:00Z,PRM07,STIC,20210924-20220314,HS,21035985,53.8,11.625,23.0153813688,0,excellent,NA
AIMS,2021-11-02T02:00:00Z,PRM07,STIC,20210924-20220314,HS,21035985,53.8,11.334,23.0153813688,0,excellent,NA
AIMS,2021-11-02T02:30:00Z,PRM07,STIC,20210924-20220314,HS,21035985,53.8,11.139,23.0153813688,0,excellent,NA
AIMS,2021-11-02T03:00:00Z,PRM07,STIC,20210924-20220314,HS,21035985,43.1,10.846,22.9610598656,0,excellent,NA
AIMS,2021-11-02T03:30:00Z,PRM07,STIC,20210924-20220314,HS,21035985,43.1,10.651,22.9610598656,0,excellent,NA
AIMS,2021-11-02T04:00:00Z,PRM07,STIC,20210924-20220314,HS,21035985,43.1,10.553,22.9610598656,0,excellent,NA
AIMS,2021-11-02T04:30:00Z,PRM07,STIC,20210924-20220314,HS,21035985,43.1,10.357,22.9610598656,0,excellent,NA
AIMS,2021-11-02T05:00:00Z,PRM07,STIC,20210924-20220314,HS,21035985,43.1,10.455,22.9610598656,0,excellent,NA
AIMS,2021-11-02T05:30:00Z,PRM07,STIC,20210924-20220314,HS,21035985,43.1,10.259,22.9610598656,0,excellent,NA
AIMS,2021-11-02T06:00:00Z,PRM07,STIC,20210924-20220314,HS,21035985,43.1,10.259,22.9610598656,0,excellent,NA
AIMS,2021-11-02T06:30:00Z,PRM07,STIC,20210924-20220314,HS,21035985,43.1,10.063,22.9610598656,0,excellent,NA
AIMS,2021-11-02T07:00:00Z,PRM07,STIC,20210924-20220314,HS,21035985,43.1,10.161,22.9610598656,0,excellent,NA
AIMS,2021-11-02T07:30:00Z,PRM07,STIC,20210924-20220314,HS,21035985,43.1,9.965,22.9610598656,0,excellent,NA
AIMS,2021-11-02T08:00:00Z,PRM07,STIC,20210924-20220314,HS,21035985,43.1,10.259,22.9610598656,0,excellent,NA
AIMS,2021-11-02T08:30:00Z,PRM07,STIC,20210924-20220314,HS,21035985,43.1,10.259,22.9610598656,0,excellent,NA
AIMS,2021-11-02T09:00:00Z,PRM07,STIC,20210924-20220314,HS,21035985,43.1,10.161,22.9610598656,0,excellent,NA
AIMS,2021-11-02T09:30:00Z,PRM07,STIC,20210924-20220314,HS,21035985,43.1,10.259,22.9610598656,0,excellent,NA
AIMS,2021-11-02T10:00:00Z,PRM07,STIC,20210924-20220314,HS,21035985,43.1,10.455,22.9610598656,0,excellent,NA
AIMS,2021-11-02T10:30:00Z,PRM07,STIC,20210924-20220314,HS,21035985,43.1,10.259,22.9610598656,0,excellent,NA
AIMS,2021-11-02T11:00:00Z,PRM07,STIC,20210924-20220314,HS,21035985,32.3,10.357,22.9062306848,0,excellent,NA
AIMS,2021-11-02T11:30:00Z,PRM07,STIC,20210924-20220314,HS,21035985,43.1,10.259,22.9610598656,0,excellent,NA
AIMS,2021-11-02T12:00:00Z,PRM07,STIC,20210924-20220314,HS,21035985,32.3,10.161,22.9062306848,0,excellent,NA
AIMS,2021-11-02T12:30:00Z,PRM07,STIC,20210924-20220314,HS,21035985,32.3,10.357,22.9062306848,0,excellent,NA
AIMS,2021-11-02T13:00:00Z,PRM07,STIC,20210924-20220314,HS,21035985,32.3,10.357,22.9062306848,0,excellent,NA
AIMS,2021-11-02T13:30:00Z,PRM07,STIC,20210924-20220314,HS,21035985,32.3,10.357,22.9062306848,0,excellent,NA
AIMS,2021-11-02T14:00:00Z,PRM07,STIC,20210924-20220314,HS,21035985,32.3,10.553,22.9062306848,0,excellent,NA
AIMS,2021-11-02T14:30:00Z,PRM07,STIC,20210924-20220314,HS,21035985,32.3,10.846,22.9062306848,0,excellent,NA
AIMS,2021-11-02T15:00:00Z,PRM07,STIC,20210924-20220314,HS,21035985,32.3,10.846,22.9062306848,0,excellent,NA
AIMS,2021-11-02T15:30:00Z,PRM07,STIC,20210924-20220314,HS,21035985,32.3,10.944,22.9062306848,0,excellent,NA
AIMS,2021-11-02T16:00:00Z,PRM07,STIC,20210924-20220314,HS,21035985,32.3,10.944,22.9062306848,0,excellent,NA
AIMS,2021-11-02T16:30:00Z,PRM07,STIC,20210924-20220314,HS,21035985,32.3,10.944,22.9062306848,0,excellent,NA
AIMS,2021-11-02T17:00:00Z,PRM07,STIC,20210924-20220314,HS,21035985,32.3,11.041,22.9062306848,0,excellent,NA
AIMS,2021-11-02T17:30:00Z,PRM07,STIC,20210924-20220314,HS,21035985,32.3,11.139,22.9062306848,0,excellent,NA
AIMS,2021-11-02T18:00:00Z,PRM07,STIC,20210924-20220314,HS,21035985,32.3,11.041,22.9062306848,0,excellent,NA
AIMS,2021-11-02T18:30:00Z,PRM07,STIC,20210924-20220314,HS,21035985,21.5,11.334,22.851401504,0,excellent,NA
AIMS,2021-11-02T19:00:00Z,PRM07,STIC,20210924-20220314,HS,21035985,21.5,11.528,22.851401504,0,excellent,NA
AIMS,2021-11-02T19:30:00Z,PRM07,STIC,20210924-20220314,HS,21035985,21.5,11.819,22.851401504,0,excellent,NA
AIMS,2021-11-02T20:00:00Z,PRM07,STIC,20210924-20220314,HS,21035985,21.5,11.819,22.851401504,0,excellent,NA
AIMS,2021-11-02T20:30:00Z,PRM07,STIC,20210924-20220314,HS,21035985,21.5,12.013,22.851401504,0,excellent,NA
AIMS,2021-11-02T21:00:00Z,PRM07,STIC,20210924-20220314,HS,21035985,21.5,12.013,22.851401504,0,excellent,NA
AIMS,2021-11-02T21:30:00Z,PRM07,STIC,20210924-20220314,HS,21035985,21.5,11.819,22.851401504,0,excellent,NA
AIMS,2021-11-02T22:00:00Z,PRM07,STIC,20210924-20220314,HS,21035985,21.5,11.625,22.851401504,0,excellent,NA
AIMS,2021-11-02T22:30:00Z,PRM07,STIC,20210924-20220314,HS,21035985,21.5,11.528,22.851401504,0,excellent,NA
AIMS,2021-11-02T23:00:00Z,PRM07,STIC,20210924-20220314,HS,21035985,21.5,11.236,22.851401504,0,excellent,NA
AIMS,2021-11-02T23:30:00Z,PRM07,STIC,20210924-20220314,HS,21035985,21.5,10.846,22.851401504,0,excellent,NA
AIMS,2021-11-03T00:00:00Z,PRM07,STIC,20210924-20220314,HS,21035985,21.5,10.553,22.851401504,0,excellent,NA
AIMS,2021-11-03T00:30:00Z,PRM07,STIC,20210924-20220314,HS,21035985,21.5,10.357,22.851401504,0,excellent,NA
AIMS,2021-11-03T01:00:00Z,PRM07,STIC,20210924-20220314,HS,21035985,21.5,10.063,22.851401504,0,excellent,NA
AIMS,2021-11-03T01:30:00Z,PRM07,STIC,20210924-20220314,HS,21035985,32.3,9.866,22.9062306848,0,excellent,NA
AIMS,2021-11-03T02:00:00Z,PRM07,STIC,20210924-20220314,HS,21035985,32.3,9.571,22.9062306848,0,excellent,NA
AIMS,2021-11-03T02:30:00Z,PRM07,STIC,20210924-20220314,HS,21035985,32.3,9.373,22.9062306848,0,excellent,NA
AIMS,2021-11-03T03:00:00Z,PRM07,STIC,20210924-20220314,HS,21035985,32.3,9.176,22.9062306848,0,excellent,NA
AIMS,2021-11-03T03:30:00Z,PRM07,STIC,20210924-20220314,HS,21035985,32.3,8.879,22.9062306848,0,excellent,NA
AIMS,2021-11-03T04:00:00Z,PRM07,STIC,20210924-20220314,HS,21035985,32.3,8.779,22.9062306848,0,excellent,NA
AIMS,2021-11-03T04:30:00Z,PRM07,STIC,20210924-20220314,HS,21035985,32.3,8.581,22.9062306848,0,excellent,NA
AIMS,2021-11-03T05:00:00Z,PRM07,STIC,20210924-20220314,HS,21035985,32.3,8.082,22.9062306848,0,excellent,NA
AIMS,2021-11-03T05:30:00Z,PRM07,STIC,20210924-20220314,HS,21035985,32.3,7.882,22.9062306848,0,excellent,NA
AIMS,2021-11-03T06:00:00Z,PRM07,STIC,20210924-20220314,HS,21035985,32.3,7.582,22.9062306848,0,excellent,NA
AIMS,2021-11-03T06:30:00Z,PRM07,STIC,20210924-20220314,HS,21035985,32.3,7.782,22.9062306848,0,excellent,NA
AIMS,2021-11-03T07:00:00Z,PRM07,STIC,20210924-20220314,HS,21035985,32.3,7.481,22.9062306848,0,excellent,NA
AIMS,2021-11-03T07:30:00Z,PRM07,STIC,20210924-20220314,HS,21035985,32.3,7.381,22.9062306848,0,excellent,NA
AIMS,2021-11-03T08:00:00Z,PRM07,STIC,20210924-20220314,HS,21035985,43.1,7.28,22.9610598656,0,excellent,NA
AIMS,2021-11-03T08:30:00Z,PRM07,STIC,20210924-20220314,HS,21035985,32.3,7.28,22.9062306848,0,excellent,NA
AIMS,2021-11-03T09:00:00Z,PRM07,STIC,20210924-20220314,HS,21035985,32.3,6.978,22.9062306848,0,excellent,NA
AIMS,2021-11-03T09:30:00Z,PRM07,STIC,20210924-20220314,HS,21035985,32.3,7.28,22.9062306848,0,excellent,NA
AIMS,2021-11-03T10:00:00Z,PRM07,STIC,20210924-20220314,HS,21035985,32.3,7.079,22.9062306848,0,excellent,NA
AIMS,2021-11-03T10:30:00Z,PRM07,STIC,20210924-20220314,HS,21035985,32.3,7.179,22.9062306848,0,excellent,NA
AIMS,2021-11-03T11:00:00Z,PRM07,STIC,20210924-20220314,HS,21035985,32.3,7.079,22.9062306848,0,excellent,NA
AIMS,2021-11-03T11:30:00Z,PRM07,STIC,20210924-20220314,HS,21035985,32.3,7.179,22.9062306848,0,excellent,NA
AIMS,2021-11-03T12:00:00Z,PRM07,STIC,20210924-20220314,HS,21035985,32.3,7.28,22.9062306848,0,excellent,NA
AIMS,2021-11-03T12:30:00Z,PRM07,STIC,20210924-20220314,HS,21035985,32.3,7.179,22.9062306848,0,excellent,NA
AIMS,2021-11-03T13:00:00Z,PRM07,STIC,20210924-20220314,HS,21035985,32.3,7.28,22.9062306848,0,excellent,NA
AIMS,2021-11-03T13:30:00Z,PRM07,STIC,20210924-20220314,HS,21035985,32.3,7.28,22.9062306848,0,excellent,NA
AIMS,2021-11-03T14:00:00Z,PRM07,STIC,20210924-20220314,HS,21035985,21.5,7.582,22.851401504,0,excellent,NA
AIMS,2021-11-03T14:30:00Z,PRM07,STIC,20210924-20220314,HS,21035985,21.5,7.782,22.851401504,0,excellent,NA
AIMS,2021-11-03T15:00:00Z,PRM07,STIC,20210924-20220314,HS,21035985,21.5,7.882,22.851401504,0,excellent,NA
AIMS,2021-11-03T15:30:00Z,PRM07,STIC,20210924-20220314,HS,21035985,21.5,7.983,22.851401504,0,excellent,NA
AIMS,2021-11-03T16:00:00Z,PRM07,STIC,20210924-20220314,HS,21035985,21.5,8.182,22.851401504,0,excellent,NA
AIMS,2021-11-03T16:30:00Z,PRM07,STIC,20210924-20220314,HS,21035985,21.5,8.282,22.851401504,0,excellent,NA
AIMS,2021-11-03T17:00:00Z,PRM07,STIC,20210924-20220314,HS,21035985,21.5,8.282,22.851401504,0,excellent,NA
AIMS,2021-11-03T17:30:00Z,PRM07,STIC,20210924-20220314,HS,21035985,21.5,8.481,22.851401504,0,excellent,NA
AIMS,2021-11-03T18:00:00Z,PRM07,STIC,20210924-20220314,HS,21035985,21.5,8.68,22.851401504,0,excellent,NA
AIMS,2021-11-03T18:30:00Z,PRM07,STIC,20210924-20220314,HS,21035985,21.5,8.978,22.851401504,0,excellent,NA
AIMS,2021-11-03T19:00:00Z,PRM07,STIC,20210924-20220314,HS,21035985,21.5,9.077,22.851401504,0,excellent,NA
AIMS,2021-11-03T19:30:00Z,PRM07,STIC,20210924-20220314,HS,21035985,21.5,9.275,22.851401504,0,excellent,NA
AIMS,2021-11-03T20:00:00Z,PRM07,STIC,20210924-20220314,HS,21035985,21.5,9.373,22.851401504,0,excellent,NA
AIMS,2021-11-03T20:30:00Z,PRM07,STIC,20210924-20220314,HS,21035985,10.8,9.472,22.797080000799998,0,excellent,NA
AIMS,2021-11-03T21:00:00Z,PRM07,STIC,20210924-20220314,HS,21035985,10.8,9.571,22.797080000799998,0,excellent,NA
AIMS,2021-11-03T21:30:00Z,PRM07,STIC,20210924-20220314,HS,21035985,10.8,9.472,22.797080000799998,0,excellent,NA
AIMS,2021-11-03T22:00:00Z,PRM07,STIC,20210924-20220314,HS,21035985,10.8,9.275,22.797080000799998,0,excellent,NA
AIMS,2021-11-03T22:30:00Z,PRM07,STIC,20210924-20220314,HS,21035985,10.8,9.275,22.797080000799998,0,excellent,NA
AIMS,2021-11-03T23:00:00Z,PRM07,STIC,20210924-20220314,HS,21035985,10.8,9.176,22.797080000799998,0,excellent,NA
AIMS,2021-11-03T23:30:00Z,PRM07,STIC,20210924-20220314,HS,21035985,10.8,9.176,22.797080000799998,0,excellent,NA
AIMS,2021-11-04T00:00:00Z,PRM07,STIC,20210924-20220314,HS,21035985,10.8,9.077,22.797080000799998,0,excellent,NA
AIMS,2021-11-04T00:30:00Z,PRM07,STIC,20210924-20220314,HS,21035985,10.8,8.978,22.797080000799998,0,excellent,NA
AIMS,2021-11-04T01:00:00Z,PRM07,STIC,20210924-20220314,HS,21035985,10.8,8.978,22.797080000799998,0,excellent,NA
AIMS,2021-11-04T01:30:00Z,PRM07,STIC,20210924-20220314,HS,21035985,10.8,8.779,22.797080000799998,0,excellent,NA
AIMS,2021-11-04T02:00:00Z,PRM07,STIC,20210924-20220314,HS,21035985,10.8,8.581,22.797080000799998,0,excellent,NA
AIMS,2021-11-04T02:30:00Z,PRM07,STIC,20210924-20220314,HS,21035985,10.8,8.581,22.797080000799998,0,excellent,NA
AIMS,2021-11-04T03:00:00Z,PRM07,STIC,20210924-20220314,HS,21035985,21.5,8.581,22.851401504,0,excellent,NA
AIMS,2021-11-04T03:30:00Z,PRM07,STIC,20210924-20220314,HS,21035985,21.5,8.481,22.851401504,0,excellent,NA
AIMS,2021-11-04T04:00:00Z,PRM07,STIC,20210924-20220314,HS,21035985,21.5,8.481,22.851401504,0,excellent,NA
AIMS,2021-11-04T04:30:00Z,PRM07,STIC,20210924-20220314,HS,21035985,21.5,8.382,22.851401504,0,excellent,NA
AIMS,2021-11-04T05:00:00Z,PRM07,STIC,20210924-20220314,HS,21035985,21.5,8.282,22.851401504,0,excellent,NA
AIMS,2021-11-04T05:30:00Z,PRM07,STIC,20210924-20220314,HS,21035985,21.5,8.182,22.851401504,0,excellent,NA
AIMS,2021-11-04T06:00:00Z,PRM07,STIC,20210924-20220314,HS,21035985,43.1,7.983,22.9610598656,0,excellent,NA
AIMS,2021-11-04T06:30:00Z,PRM07,STIC,20210924-20220314,HS,21035985,32.3,8.082,22.9062306848,0,excellent,NA
AIMS,2021-11-04T07:00:00Z,PRM07,STIC,20210924-20220314,HS,21035985,32.3,7.983,22.9062306848,0,excellent,NA
AIMS,2021-11-04T07:30:00Z,PRM07,STIC,20210924-20220314,HS,21035985,32.3,7.882,22.9062306848,0,excellent,NA
AIMS,2021-11-04T08:00:00Z,PRM07,STIC,20210924-20220314,HS,21035985,43.1,7.882,22.9610598656,0,excellent,NA
AIMS,2021-11-04T08:30:00Z,PRM07,STIC,20210924-20220314,HS,21035985,53.8,7.782,23.0153813688,0,excellent,NA
AIMS,2021-11-04T09:00:00Z,PRM07,STIC,20210924-20220314,HS,21035985,64.6,7.782,23.0702105496,0,excellent,NA
AIMS,2021-11-04T09:30:00Z,PRM07,STIC,20210924-20220314,HS,21035985,53.8,7.682,23.0153813688,0,excellent,NA
AIMS,2021-11-04T10:00:00Z,PRM07,STIC,20210924-20220314,HS,21035985,64.6,7.682,23.0702105496,0,excellent,NA
AIMS,2021-11-04T10:30:00Z,PRM07,STIC,20210924-20220314,HS,21035985,64.6,7.682,23.0702105496,0,excellent,NA
AIMS,2021-11-04T11:00:00Z,PRM07,STIC,20210924-20220314,HS,21035985,75.3,7.582,23.1245320528,0,excellent,NA
AIMS,2021-11-04T11:30:00Z,PRM07,STIC,20210924-20220314,HS,21035985,75.3,7.381,23.1245320528,0,excellent,NA
AIMS,2021-11-04T12:00:00Z,PRM07,STIC,20210924-20220314,HS,21035985,86.1,7.381,23.179361233599998,0,excellent,NA
AIMS,2021-11-04T12:30:00Z,PRM07,STIC,20210924-20220314,HS,21035985,86.1,7.381,23.179361233599998,0,excellent,NA
AIMS,2021-11-04T13:00:00Z,PRM07,STIC,20210924-20220314,HS,21035985,86.1,7.682,23.179361233599998,0,excellent,NA
AIMS,2021-11-04T13:30:00Z,PRM07,STIC,20210924-20220314,HS,21035985,75.3,7.682,23.1245320528,0,excellent,NA
AIMS,2021-11-04T14:00:00Z,PRM07,STIC,20210924-20220314,HS,21035985,75.3,7.882,23.1245320528,0,excellent,NA
AIMS,2021-11-04T14:30:00Z,PRM07,STIC,20210924-20220314,HS,21035985,64.6,7.983,23.0702105496,0,excellent,NA
AIMS,2021-11-04T15:00:00Z,PRM07,STIC,20210924-20220314,HS,21035985,64.6,8.082,23.0702105496,0,excellent,NA
AIMS,2021-11-04T15:30:00Z,PRM07,STIC,20210924-20220314,HS,21035985,64.6,8.282,23.0702105496,0,excellent,NA
AIMS,2021-11-04T16:00:00Z,PRM07,STIC,20210924-20220314,HS,21035985,64.6,8.581,23.0702105496,0,excellent,NA
AIMS,2021-11-04T16:30:00Z,PRM07,STIC,20210924-20220314,HS,21035985,64.6,8.68,23.0702105496,0,excellent,NA
AIMS,2021-11-04T17:00:00Z,PRM07,STIC,20210924-20220314,HS,21035985,53.8,8.879,23.0153813688,0,excellent,NA
AIMS,2021-11-04T17:30:00Z,PRM07,STIC,20210924-20220314,HS,21035985,53.8,8.978,23.0153813688,0,excellent,NA
AIMS,2021-11-04T18:00:00Z,PRM07,STIC,20210924-20220314,HS,21035985,53.8,9.077,23.0153813688,0,excellent,NA
AIMS,2021-11-04T18:30:00Z,PRM07,STIC,20210924-20220314,HS,21035985,53.8,9.275,23.0153813688,0,excellent,NA
AIMS,2021-11-04T19:00:00Z,PRM07,STIC,20210924-20220314,HS,21035985,53.8,9.373,23.0153813688,0,excellent,NA
AIMS,2021-11-04T19:30:00Z,PRM07,STIC,20210924-20220314,HS,21035985,53.8,9.373,23.0153813688,0,excellent,NA
AIMS,2021-11-04T20:00:00Z,PRM07,STIC,20210924-20220314,HS,21035985,43.1,9.373,22.9610598656,0,excellent,NA
AIMS,2021-11-04T20:30:00Z,PRM07,STIC,20210924-20220314,HS,21035985,43.1,9.373,22.9610598656,0,excellent,NA
AIMS,2021-11-04T21:00:00Z,PRM07,STIC,20210924-20220314,HS,21035985,43.1,9.472,22.9610598656,0,excellent,NA
AIMS,2021-11-04T21:30:00Z,PRM07,STIC,20210924-20220314,HS,21035985,43.1,9.373,22.9610598656,0,excellent,NA
AIMS,2021-11-04T22:00:00Z,PRM07,STIC,20210924-20220314,HS,21035985,43.1,9.373,22.9610598656,0,excellent,NA
AIMS,2021-11-04T22:30:00Z,PRM07,STIC,20210924-20220314,HS,21035985,43.1,9.275,22.9610598656,0,excellent,NA
AIMS,2021-11-04T23:00:00Z,PRM07,STIC,20210924-20220314,HS,21035985,43.1,9.275,22.9610598656,0,excellent,NA
AIMS,2021-11-04T23:30:00Z,PRM07,STIC,20210924-20220314,HS,21035985,32.3,9.176,22.9062306848,0,excellent,NA
AIMS,2021-11-05T00:00:00Z,PRM07,STIC,20210924-20220314,HS,21035985,32.3,9.176,22.9062306848,0,excellent,NA
AIMS,2021-11-05T00:30:00Z,PRM07,STIC,20210924-20220314,HS,21035985,32.3,9.077,22.9062306848,0,excellent,NA
AIMS,2021-11-05T01:00:00Z,PRM07,STIC,20210924-20220314,HS,21035985,32.3,8.978,22.9062306848,0,excellent,NA
AIMS,2021-11-05T01:30:00Z,PRM07,STIC,20210924-20220314,HS,21035985,32.3,8.879,22.9062306848,0,excellent,NA
AIMS,2021-11-05T02:00:00Z,PRM07,STIC,20210924-20220314,HS,21035985,32.3,8.779,22.9062306848,0,excellent,NA
AIMS,2021-11-05T02:30:00Z,PRM07,STIC,20210924-20220314,HS,21035985,32.3,8.68,22.9062306848,0,excellent,NA
AIMS,2021-11-05T03:00:00Z,PRM07,STIC,20210924-20220314,HS,21035985,32.3,8.481,22.9062306848,0,excellent,NA
AIMS,2021-11-05T03:30:00Z,PRM07,STIC,20210924-20220314,HS,21035985,32.3,8.282,22.9062306848,0,excellent,NA
AIMS,2021-11-05T04:00:00Z,PRM07,STIC,20210924-20220314,HS,21035985,32.3,8.082,22.9062306848,0,excellent,NA
AIMS,2021-11-05T04:30:00Z,PRM07,STIC,20210924-20220314,HS,21035985,32.3,7.983,22.9062306848,0,excellent,NA
AIMS,2021-11-05T05:00:00Z,PRM07,STIC,20210924-20220314,HS,21035985,32.3,7.882,22.9062306848,0,excellent,NA
AIMS,2021-11-05T05:30:00Z,PRM07,STIC,20210924-20220314,HS,21035985,32.3,7.782,22.9062306848,0,excellent,NA
AIMS,2021-11-05T06:00:00Z,PRM07,STIC,20210924-20220314,HS,21035985,32.3,7.682,22.9062306848,0,excellent,NA
AIMS,2021-11-05T06:30:00Z,PRM07,STIC,20210924-20220314,HS,21035985,32.3,7.481,22.9062306848,0,excellent,NA
AIMS,2021-11-05T07:00:00Z,PRM07,STIC,20210924-20220314,HS,21035985,32.3,7.381,22.9062306848,0,excellent,NA
AIMS,2021-11-05T07:30:00Z,PRM07,STIC,20210924-20220314,HS,21035985,43.1,7.28,22.9610598656,0,excellent,NA
AIMS,2021-11-05T08:00:00Z,PRM07,STIC,20210924-20220314,HS,21035985,32.3,7.179,22.9062306848,0,excellent,NA
AIMS,2021-11-05T08:30:00Z,PRM07,STIC,20210924-20220314,HS,21035985,32.3,7.079,22.9062306848,0,excellent,NA
AIMS,2021-11-05T09:00:00Z,PRM07,STIC,20210924-20220314,HS,21035985,32.3,7.079,22.9062306848,0,excellent,NA
AIMS,2021-11-05T09:30:00Z,PRM07,STIC,20210924-20220314,HS,21035985,32.3,6.978,22.9062306848,0,excellent,NA
AIMS,2021-11-05T10:00:00Z,PRM07,STIC,20210924-20220314,HS,21035985,32.3,6.978,22.9062306848,0,excellent,NA
AIMS,2021-11-05T10:30:00Z,PRM07,STIC,20210924-20220314,HS,21035985,32.3,7.079,22.9062306848,0,excellent,NA
AIMS,2021-11-05T11:00:00Z,PRM07,STIC,20210924-20220314,HS,21035985,32.3,7.179,22.9062306848,0,excellent,NA
AIMS,2021-11-05T11:30:00Z,PRM07,STIC,20210924-20220314,HS,21035985,32.3,7.179,22.9062306848,0,excellent,NA
AIMS,2021-11-05T12:00:00Z,PRM07,STIC,20210924-20220314,HS,21035985,32.3,7.28,22.9062306848,0,excellent,NA
AIMS,2021-11-05T12:30:00Z,PRM07,STIC,20210924-20220314,HS,21035985,32.3,7.381,22.9062306848,0,excellent,NA
AIMS,2021-11-05T13:00:00Z,PRM07,STIC,20210924-20220314,HS,21035985,32.3,7.481,22.9062306848,0,excellent,NA
AIMS,2021-11-05T13:30:00Z,PRM07,STIC,20210924-20220314,HS,21035985,21.5,7.682,22.851401504,0,excellent,NA
AIMS,2021-11-05T14:00:00Z,PRM07,STIC,20210924-20220314,HS,21035985,21.5,7.882,22.851401504,0,excellent,NA
AIMS,2021-11-05T14:30:00Z,PRM07,STIC,20210924-20220314,HS,21035985,21.5,8.082,22.851401504,0,excellent,NA
AIMS,2021-11-05T15:00:00Z,PRM07,STIC,20210924-20220314,HS,21035985,21.5,8.282,22.851401504,0,excellent,NA
AIMS,2021-11-05T15:30:00Z,PRM07,STIC,20210924-20220314,HS,21035985,21.5,8.481,22.851401504,0,excellent,NA
AIMS,2021-11-05T16:00:00Z,PRM07,STIC,20210924-20220314,HS,21035985,21.5,8.581,22.851401504,0,excellent,NA
AIMS,2021-11-05T16:30:00Z,PRM07,STIC,20210924-20220314,HS,21035985,21.5,8.68,22.851401504,0,excellent,NA
AIMS,2021-11-05T17:00:00Z,PRM07,STIC,20210924-20220314,HS,21035985,21.5,9.077,22.851401504,0,excellent,NA
AIMS,2021-11-05T17:30:00Z,PRM07,STIC,20210924-20220314,HS,21035985,21.5,9.373,22.851401504,0,excellent,NA
AIMS,2021-11-05T18:00:00Z,PRM07,STIC,20210924-20220314,HS,21035985,21.5,9.571,22.851401504,0,excellent,NA
AIMS,2021-11-05T18:30:00Z,PRM07,STIC,20210924-20220314,HS,21035985,21.5,9.866,22.851401504,0,excellent,NA
AIMS,2021-11-05T19:00:00Z,PRM07,STIC,20210924-20220314,HS,21035985,21.5,9.866,22.851401504,0,excellent,NA
AIMS,2021-11-05T19:30:00Z,PRM07,STIC,20210924-20220314,HS,21035985,10.8,9.965,22.797080000799998,0,excellent,NA
AIMS,2021-11-05T20:00:00Z,PRM07,STIC,20210924-20220314,HS,21035985,10.8,10.063,22.797080000799998,0,excellent,NA
AIMS,2021-11-05T20:30:00Z,PRM07,STIC,20210924-20220314,HS,21035985,10.8,10.161,22.797080000799998,0,excellent,NA
AIMS,2021-11-05T21:00:00Z,PRM07,STIC,20210924-20220314,HS,21035985,10.8,10.161,22.797080000799998,0,excellent,NA
AIMS,2021-11-05T21:30:00Z,PRM07,STIC,20210924-20220314,HS,21035985,10.8,10.063,22.797080000799998,0,excellent,NA
AIMS,2021-11-05T22:00:00Z,PRM07,STIC,20210924-20220314,HS,21035985,10.8,9.965,22.797080000799998,0,excellent,NA
AIMS,2021-11-05T22:30:00Z,PRM07,STIC,20210924-20220314,HS,21035985,10.8,9.866,22.797080000799998,0,excellent,NA
AIMS,2021-11-05T23:00:00Z,PRM07,STIC,20210924-20220314,HS,21035985,10.8,9.768,22.797080000799998,0,excellent,NA
AIMS,2021-11-05T23:30:00Z,PRM07,STIC,20210924-20220314,HS,21035985,10.8,9.571,22.797080000799998,0,excellent,NA
AIMS,2021-11-06T00:00:00Z,PRM07,STIC,20210924-20220314,HS,21035985,10.8,9.176,22.797080000799998,0,excellent,NA
AIMS,2021-11-06T00:30:00Z,PRM07,STIC,20210924-20220314,HS,21035985,10.8,8.879,22.797080000799998,0,excellent,NA
AIMS,2021-11-06T01:00:00Z,PRM07,STIC,20210924-20220314,HS,21035985,10.8,8.581,22.797080000799998,0,excellent,NA
AIMS,2021-11-06T01:30:00Z,PRM07,STIC,20210924-20220314,HS,21035985,10.8,8.182,22.797080000799998,0,excellent,NA
AIMS,2021-11-06T02:00:00Z,PRM07,STIC,20210924-20220314,HS,21035985,10.8,7.983,22.797080000799998,0,excellent,NA
AIMS,2021-11-06T02:30:00Z,PRM07,STIC,20210924-20220314,HS,21035985,10.8,7.582,22.797080000799998,0,excellent,NA
AIMS,2021-11-06T03:00:00Z,PRM07,STIC,20210924-20220314,HS,21035985,10.8,7.381,22.797080000799998,0,excellent,NA
AIMS,2021-11-06T03:30:00Z,PRM07,STIC,20210924-20220314,HS,21035985,10.8,7.079,22.797080000799998,0,excellent,NA
AIMS,2021-11-06T04:00:00Z,PRM07,STIC,20210924-20220314,HS,21035985,21.5,6.877,22.851401504,0,excellent,NA
AIMS,2021-11-06T04:30:00Z,PRM07,STIC,20210924-20220314,HS,21035985,10.8,6.674,22.797080000799998,0,excellent,NA
AIMS,2021-11-06T05:00:00Z,PRM07,STIC,20210924-20220314,HS,21035985,21.5,6.573,22.851401504,0,excellent,NA
AIMS,2021-11-06T05:30:00Z,PRM07,STIC,20210924-20220314,HS,21035985,21.5,6.573,22.851401504,0,excellent,NA
AIMS,2021-11-06T06:00:00Z,PRM07,STIC,20210924-20220314,HS,21035985,21.5,6.573,22.851401504,0,excellent,NA
AIMS,2021-11-06T06:30:00Z,PRM07,STIC,20210924-20220314,HS,21035985,21.5,6.37,22.851401504,0,excellent,NA
AIMS,2021-11-06T07:00:00Z,PRM07,STIC,20210924-20220314,HS,21035985,21.5,6.268,22.851401504,0,excellent,NA
AIMS,2021-11-06T07:30:00Z,PRM07,STIC,20210924-20220314,HS,21035985,21.5,6.166,22.851401504,0,excellent,NA
AIMS,2021-11-06T08:00:00Z,PRM07,STIC,20210924-20220314,HS,21035985,21.5,6.064,22.851401504,0,excellent,NA
AIMS,2021-11-06T08:30:00Z,PRM07,STIC,20210924-20220314,HS,21035985,21.5,5.962,22.851401504,0,excellent,NA
AIMS,2021-11-06T09:00:00Z,PRM07,STIC,20210924-20220314,HS,21035985,21.5,5.86,22.851401504,0,excellent,NA
AIMS,2021-11-06T09:30:00Z,PRM07,STIC,20210924-20220314,HS,21035985,21.5,5.757,22.851401504,0,excellent,NA
AIMS,2021-11-06T10:00:00Z,PRM07,STIC,20210924-20220314,HS,21035985,21.5,5.552,22.851401504,0,excellent,NA
AIMS,2021-11-06T10:30:00Z,PRM07,STIC,20210924-20220314,HS,21035985,21.5,5.552,22.851401504,0,excellent,NA
AIMS,2021-11-06T11:00:00Z,PRM07,STIC,20210924-20220314,HS,21035985,32.3,5.45,22.9062306848,0,excellent,NA
AIMS,2021-11-06T11:30:00Z,PRM07,STIC,20210924-20220314,HS,21035985,32.3,5.45,22.9062306848,0,excellent,NA
AIMS,2021-11-06T12:00:00Z,PRM07,STIC,20210924-20220314,HS,21035985,32.3,5.347,22.9062306848,0,excellent,NA
AIMS,2021-11-06T12:30:00Z,PRM07,STIC,20210924-20220314,HS,21035985,32.3,5.244,22.9062306848,0,excellent,NA
AIMS,2021-11-06T13:00:00Z,PRM07,STIC,20210924-20220314,HS,21035985,32.3,5.244,22.9062306848,0,excellent,NA
AIMS,2021-11-06T13:30:00Z,PRM07,STIC,20210924-20220314,HS,21035985,32.3,5.244,22.9062306848,0,excellent,NA
AIMS,2021-11-06T14:00:00Z,PRM07,STIC,20210924-20220314,HS,21035985,32.3,5.244,22.9062306848,0,excellent,NA
AIMS,2021-11-06T14:30:00Z,PRM07,STIC,20210924-20220314,HS,21035985,32.3,5.347,22.9062306848,0,excellent,NA
AIMS,2021-11-06T15:00:00Z,PRM07,STIC,20210924-20220314,HS,21035985,32.3,5.45,22.9062306848,0,excellent,NA
AIMS,2021-11-06T15:30:00Z,PRM07,STIC,20210924-20220314,HS,21035985,32.3,5.757,22.9062306848,0,excellent,NA
AIMS,2021-11-06T16:00:00Z,PRM07,STIC,20210924-20220314,HS,21035985,32.3,6.471,22.9062306848,0,excellent,NA
AIMS,2021-11-06T16:30:00Z,PRM07,STIC,20210924-20220314,HS,21035985,43.1,7.381,22.9610598656,0,excellent,NA
AIMS,2021-11-06T17:00:00Z,PRM07,STIC,20210924-20220314,HS,21035985,43.1,7.983,22.9610598656,0,excellent,NA
AIMS,2021-11-06T17:30:00Z,PRM07,STIC,20210924-20220314,HS,21035985,32.3,8.382,22.9062306848,0,excellent,NA
AIMS,2021-11-06T18:00:00Z,PRM07,STIC,20210924-20220314,HS,21035985,32.3,8.68,22.9062306848,0,excellent,NA
AIMS,2021-11-06T18:30:00Z,PRM07,STIC,20210924-20220314,HS,21035985,32.3,8.879,22.9062306848,0,excellent,NA
AIMS,2021-11-06T19:00:00Z,PRM07,STIC,20210924-20220314,HS,21035985,32.3,9.176,22.9062306848,0,excellent,NA
AIMS,2021-11-06T19:30:00Z,PRM07,STIC,20210924-20220314,HS,21035985,32.3,9.373,22.9062306848,0,excellent,NA
AIMS,2021-11-06T20:00:00Z,PRM07,STIC,20210924-20220314,HS,21035985,32.3,9.472,22.9062306848,0,excellent,NA
AIMS,2021-11-06T20:30:00Z,PRM07,STIC,20210924-20220314,HS,21035985,21.5,9.571,22.851401504,0,excellent,NA
AIMS,2021-11-06T21:00:00Z,PRM07,STIC,20210924-20220314,HS,21035985,32.3,9.472,22.9062306848,0,excellent,NA
AIMS,2021-11-06T21:30:00Z,PRM07,STIC,20210924-20220314,HS,21035985,32.3,9.373,22.9062306848,0,excellent,NA
AIMS,2021-11-06T22:00:00Z,PRM07,STIC,20210924-20220314,HS,21035985,21.5,9.176,22.851401504,0,excellent,NA
AIMS,2021-11-06T22:30:00Z,PRM07,STIC,20210924-20220314,HS,21035985,21.5,9.077,22.851401504,0,excellent,NA
AIMS,2021-11-06T23:00:00Z,PRM07,STIC,20210924-20220314,HS,21035985,32.3,8.879,22.9062306848,0,excellent,NA
AIMS,2021-11-06T23:30:00Z,PRM07,STIC,20210924-20220314,HS,21035985,32.3,8.581,22.9062306848,0,excellent,NA
AIMS,2021-11-07T00:00:00Z,PRM07,STIC,20210924-20220314,HS,21035985,32.3,8.282,22.9062306848,0,excellent,NA
AIMS,2021-11-07T00:30:00Z,PRM07,STIC,20210924-20220314,HS,21035985,32.3,8.082,22.9062306848,0,excellent,NA
AIMS,2021-11-07T01:00:00Z,PRM07,STIC,20210924-20220314,HS,21035985,21.5,7.782,22.851401504,0,excellent,NA
AIMS,2021-11-07T01:30:00Z,PRM07,STIC,20210924-20220314,HS,21035985,32.3,7.582,22.9062306848,0,excellent,NA
AIMS,2021-11-07T02:00:00Z,PRM07,STIC,20210924-20220314,HS,21035985,21.5,7.381,22.851401504,0,excellent,NA
AIMS,2021-11-07T02:30:00Z,PRM07,STIC,20210924-20220314,HS,21035985,21.5,7.079,22.851401504,0,excellent,NA
AIMS,2021-11-07T03:00:00Z,PRM07,STIC,20210924-20220314,HS,21035985,21.5,6.877,22.851401504,0,excellent,NA
AIMS,2021-11-07T03:30:00Z,PRM07,STIC,20210924-20220314,HS,21035985,21.5,6.573,22.851401504,0,excellent,NA
AIMS,2021-11-07T04:00:00Z,PRM07,STIC,20210924-20220314,HS,21035985,21.5,6.37,22.851401504,0,excellent,NA
AIMS,2021-11-07T04:30:00Z,PRM07,STIC,20210924-20220314,HS,21035985,21.5,6.064,22.851401504,0,excellent,NA
AIMS,2021-11-07T05:00:00Z,PRM07,STIC,20210924-20220314,HS,21035985,21.5,5.962,22.851401504,0,excellent,NA
AIMS,2021-11-07T05:30:00Z,PRM07,STIC,20210924-20220314,HS,21035985,21.5,5.757,22.851401504,0,excellent,NA
AIMS,2021-11-07T07:00:00Z,PRM07,STIC,20210924-20220314,HS,21035985,21.5,5.552,22.851401504,0,excellent,NA
AIMS,2021-11-07T07:30:00Z,PRM07,STIC,20210924-20220314,HS,21035985,21.5,5.347,22.851401504,0,excellent,NA
AIMS,2021-11-07T08:00:00Z,PRM07,STIC,20210924-20220314,HS,21035985,21.5,5.037,22.851401504,0,excellent,NA
AIMS,2021-11-07T08:30:00Z,PRM07,STIC,20210924-20220314,HS,21035985,21.5,4.831,22.851401504,0,excellent,NA
AIMS,2021-11-07T09:00:00Z,PRM07,STIC,20210924-20220314,HS,21035985,21.5,4.623,22.851401504,0,excellent,NA
AIMS,2021-11-07T09:30:00Z,PRM07,STIC,20210924-20220314,HS,21035985,21.5,4.623,22.851401504,0,excellent,NA
AIMS,2021-11-07T10:00:00Z,PRM07,STIC,20210924-20220314,HS,21035985,21.5,4.311,22.851401504,0,excellent,NA
AIMS,2021-11-07T10:30:00Z,PRM07,STIC,20210924-20220314,HS,21035985,21.5,4.415,22.851401504,0,excellent,NA
AIMS,2021-11-07T11:00:00Z,PRM07,STIC,20210924-20220314,HS,21035985,32.3,3.998,22.9062306848,0,excellent,NA
AIMS,2021-11-07T11:30:00Z,PRM07,STIC,20210924-20220314,HS,21035985,21.5,3.683,22.851401504,0,excellent,NA
AIMS,2021-11-07T12:00:00Z,PRM07,STIC,20210924-20220314,HS,21035985,21.5,3.472,22.851401504,0,excellent,NA
AIMS,2021-11-07T12:30:00Z,PRM07,STIC,20210924-20220314,HS,21035985,32.3,3.367,22.9062306848,0,excellent,NA
AIMS,2021-11-07T13:00:00Z,PRM07,STIC,20210924-20220314,HS,21035985,21.5,3.155,22.851401504,0,excellent,NA
AIMS,2021-11-07T13:30:00Z,PRM07,STIC,20210924-20220314,HS,21035985,21.5,2.943,22.851401504,0,excellent,NA
AIMS,2021-11-07T14:00:00Z,PRM07,STIC,20210924-20220314,HS,21035985,32.3,2.943,22.9062306848,0,excellent,NA
AIMS,2021-11-07T14:30:00Z,PRM07,STIC,20210924-20220314,HS,21035985,32.3,3.049,22.9062306848,0,excellent,NA
AIMS,2021-11-07T15:00:00Z,PRM07,STIC,20210924-20220314,HS,21035985,32.3,3.367,22.9062306848,0,excellent,NA
AIMS,2021-11-07T15:30:00Z,PRM07,STIC,20210924-20220314,HS,21035985,32.3,3.893,22.9062306848,0,excellent,NA
AIMS,2021-11-07T16:00:00Z,PRM07,STIC,20210924-20220314,HS,21035985,32.3,4.415,22.9062306848,0,excellent,NA
AIMS,2021-11-07T16:30:00Z,PRM07,STIC,20210924-20220314,HS,21035985,32.3,5.037,22.9062306848,0,excellent,NA
AIMS,2021-11-07T17:00:00Z,PRM07,STIC,20210924-20220314,HS,21035985,32.3,5.655,22.9062306848,0,excellent,NA
AIMS,2021-11-07T17:30:00Z,PRM07,STIC,20210924-20220314,HS,21035985,32.3,6.268,22.9062306848,0,excellent,NA
AIMS,2021-11-07T18:00:00Z,PRM07,STIC,20210924-20220314,HS,21035985,32.3,6.978,22.9062306848,0,excellent,NA
AIMS,2021-11-07T18:30:00Z,PRM07,STIC,20210924-20220314,HS,21035985,32.3,7.481,22.9062306848,0,excellent,NA
AIMS,2021-11-07T19:00:00Z,PRM07,STIC,20210924-20220314,HS,21035985,32.3,8.182,22.9062306848,0,excellent,NA
AIMS,2021-11-07T19:30:00Z,PRM07,STIC,20210924-20220314,HS,21035985,32.3,8.978,22.9062306848,0,excellent,NA
AIMS,2021-11-07T20:00:00Z,PRM07,STIC,20210924-20220314,HS,21035985,32.3,9.373,22.9062306848,0,excellent,NA
AIMS,2021-11-07T20:30:00Z,PRM07,STIC,20210924-20220314,HS,21035985,21.5,9.373,22.851401504,0,excellent,NA
AIMS,2021-11-07T21:00:00Z,PRM07,STIC,20210924-20220314,HS,21035985,32.3,9.571,22.9062306848,0,excellent,NA
AIMS,2021-11-07T21:30:00Z,PRM07,STIC,20210924-20220314,HS,21035985,10.8,9.571,22.797080000799998,0,excellent,NA
AIMS,2021-11-07T22:00:00Z,PRM07,STIC,20210924-20220314,HS,21035985,0,9.472,22.74225082,0,excellent,NA
AIMS,2021-11-07T22:30:00Z,PRM07,STIC,20210924-20220314,HS,21035985,10.8,9.373,22.797080000799998,0,excellent,NA
AIMS,2021-11-07T23:00:00Z,PRM07,STIC,20210924-20220314,HS,21035985,10.8,9.176,22.797080000799998,0,excellent,NA
AIMS,2021-11-07T23:30:00Z,PRM07,STIC,20210924-20220314,HS,21035985,10.8,8.978,22.797080000799998,0,excellent,NA
AIMS,2021-11-08T00:00:00Z,PRM07,STIC,20210924-20220314,HS,21035985,10.8,8.879,22.797080000799998,0,excellent,NA
AIMS,2021-11-08T00:30:00Z,PRM07,STIC,20210924-20220314,HS,21035985,10.8,8.779,22.797080000799998,0,excellent,NA
AIMS,2021-11-08T01:00:00Z,PRM07,STIC,20210924-20220314,HS,21035985,10.8,8.581,22.797080000799998,0,excellent,NA
AIMS,2021-11-08T01:30:00Z,PRM07,STIC,20210924-20220314,HS,21035985,10.8,8.382,22.797080000799998,0,excellent,NA
AIMS,2021-11-08T02:00:00Z,PRM07,STIC,20210924-20220314,HS,21035985,10.8,8.182,22.797080000799998,0,excellent,NA
AIMS,2021-11-08T02:30:00Z,PRM07,STIC,20210924-20220314,HS,21035985,10.8,7.882,22.797080000799998,0,excellent,NA
AIMS,2021-11-08T03:00:00Z,PRM07,STIC,20210924-20220314,HS,21035985,10.8,7.782,22.797080000799998,0,excellent,NA
AIMS,2021-11-08T03:30:00Z,PRM07,STIC,20210924-20220314,HS,21035985,10.8,7.481,22.797080000799998,0,excellent,NA
AIMS,2021-11-08T04:00:00Z,PRM07,STIC,20210924-20220314,HS,21035985,10.8,7.28,22.797080000799998,0,excellent,NA
AIMS,2021-11-08T04:30:00Z,PRM07,STIC,20210924-20220314,HS,21035985,21.5,7.079,22.851401504,0,excellent,NA
AIMS,2021-11-08T05:00:00Z,PRM07,STIC,20210924-20220314,HS,21035985,21.5,6.877,22.851401504,0,excellent,NA
AIMS,2021-11-08T05:30:00Z,PRM07,STIC,20210924-20220314,HS,21035985,21.5,6.573,22.851401504,0,excellent,NA
AIMS,2021-11-08T06:00:00Z,PRM07,STIC,20210924-20220314,HS,21035985,21.5,6.268,22.851401504,0,excellent,NA
AIMS,2021-11-08T06:30:00Z,PRM07,STIC,20210924-20220314,HS,21035985,21.5,6.064,22.851401504,0,excellent,NA
AIMS,2021-11-08T07:00:00Z,PRM07,STIC,20210924-20220314,HS,21035985,21.5,5.86,22.851401504,0,excellent,NA
AIMS,2021-11-08T07:30:00Z,PRM07,STIC,20210924-20220314,HS,21035985,21.5,5.757,22.851401504,0,excellent,NA
AIMS,2021-11-08T08:00:00Z,PRM07,STIC,20210924-20220314,HS,21035985,32.3,5.45,22.9062306848,0,excellent,NA
AIMS,2021-11-08T08:30:00Z,PRM07,STIC,20210924-20220314,HS,21035985,32.3,5.347,22.9062306848,0,excellent,NA
AIMS,2021-11-08T09:00:00Z,PRM07,STIC,20210924-20220314,HS,21035985,32.3,5.141,22.9062306848,0,excellent,NA
AIMS,2021-11-08T09:30:00Z,PRM07,STIC,20210924-20220314,HS,21035985,32.3,5.037,22.9062306848,0,excellent,NA
AIMS,2021-11-08T10:00:00Z,PRM07,STIC,20210924-20220314,HS,21035985,32.3,4.831,22.9062306848,0,excellent,NA
AIMS,2021-11-08T10:30:00Z,PRM07,STIC,20210924-20220314,HS,21035985,32.3,4.727,22.9062306848,0,excellent,NA
AIMS,2021-11-08T11:00:00Z,PRM07,STIC,20210924-20220314,HS,21035985,32.3,4.519,22.9062306848,0,excellent,NA
AIMS,2021-11-08T11:30:00Z,PRM07,STIC,20210924-20220314,HS,21035985,32.3,4.207,22.9062306848,0,excellent,NA
AIMS,2021-11-08T12:00:00Z,PRM07,STIC,20210924-20220314,HS,21035985,32.3,4.207,22.9062306848,0,excellent,NA
AIMS,2021-11-08T12:30:00Z,PRM07,STIC,20210924-20220314,HS,21035985,32.3,3.893,22.9062306848,0,excellent,NA
AIMS,2021-11-08T13:00:00Z,PRM07,STIC,20210924-20220314,HS,21035985,32.3,3.788,22.9062306848,0,excellent,NA
AIMS,2021-11-08T13:30:00Z,PRM07,STIC,20210924-20220314,HS,21035985,32.3,3.683,22.9062306848,0,excellent,NA
AIMS,2021-11-08T14:00:00Z,PRM07,STIC,20210924-20220314,HS,21035985,32.3,3.578,22.9062306848,0,excellent,NA
AIMS,2021-11-08T14:30:00Z,PRM07,STIC,20210924-20220314,HS,21035985,32.3,3.683,22.9062306848,0,excellent,NA
AIMS,2021-11-08T15:00:00Z,PRM07,STIC,20210924-20220314,HS,21035985,32.3,4.102,22.9062306848,0,excellent,NA
AIMS,2021-11-08T15:30:00Z,PRM07,STIC,20210924-20220314,HS,21035985,32.3,4.519,22.9062306848,0,excellent,NA
AIMS,2021-11-08T16:00:00Z,PRM07,STIC,20210924-20220314,HS,21035985,32.3,5.141,22.9062306848,0,excellent,NA
AIMS,2021-11-08T16:30:00Z,PRM07,STIC,20210924-20220314,HS,21035985,32.3,5.655,22.9062306848,0,excellent,NA
AIMS,2021-11-08T17:00:00Z,PRM07,STIC,20210924-20220314,HS,21035985,32.3,6.268,22.9062306848,0,excellent,NA
AIMS,2021-11-08T17:30:00Z,PRM07,STIC,20210924-20220314,HS,21035985,43.1,6.775,22.9610598656,0,excellent,NA
AIMS,2021-11-08T18:00:00Z,PRM07,STIC,20210924-20220314,HS,21035985,43.1,7.381,22.9610598656,0,excellent,NA
AIMS,2021-11-08T18:30:00Z,PRM07,STIC,20210924-20220314,HS,21035985,43.1,8.082,22.9610598656,0,excellent,NA
AIMS,2021-11-08T19:00:00Z,PRM07,STIC,20210924-20220314,HS,21035985,43.1,8.68,22.9610598656,0,excellent,NA
AIMS,2021-11-08T19:30:00Z,PRM07,STIC,20210924-20220314,HS,21035985,43.1,9.176,22.9610598656,0,excellent,NA
AIMS,2021-11-08T20:00:00Z,PRM07,STIC,20210924-20220314,HS,21035985,43.1,9.571,22.9610598656,0,excellent,NA
AIMS,2021-11-08T20:30:00Z,PRM07,STIC,20210924-20220314,HS,21035985,53.8,9.669,23.0153813688,0,excellent,NA
AIMS,2021-11-08T21:00:00Z,PRM07,STIC,20210924-20220314,HS,21035985,53.8,9.866,23.0153813688,0,excellent,NA
AIMS,2021-11-08T21:30:00Z,PRM07,STIC,20210924-20220314,HS,21035985,43.1,10.063,22.9610598656,0,excellent,NA
AIMS,2021-11-08T22:00:00Z,PRM07,STIC,20210924-20220314,HS,21035985,43.1,10.063,22.9610598656,0,excellent,NA
AIMS,2021-11-08T22:30:00Z,PRM07,STIC,20210924-20220314,HS,21035985,43.1,10.063,22.9610598656,0,excellent,NA
AIMS,2021-11-08T23:00:00Z,PRM07,STIC,20210924-20220314,HS,21035985,43.1,9.965,22.9610598656,0,excellent,NA
AIMS,2021-11-08T23:30:00Z,PRM07,STIC,20210924-20220314,HS,21035985,43.1,9.965,22.9610598656,0,excellent,NA
AIMS,2021-11-09T00:00:00Z,PRM07,STIC,20210924-20220314,HS,21035985,43.1,9.866,22.9610598656,0,excellent,NA
AIMS,2021-11-09T00:30:00Z,PRM07,STIC,20210924-20220314,HS,21035985,43.1,9.768,22.9610598656,0,excellent,NA
AIMS,2021-11-09T01:00:00Z,PRM07,STIC,20210924-20220314,HS,21035985,43.1,9.571,22.9610598656,0,excellent,NA
AIMS,2021-11-09T01:30:00Z,PRM07,STIC,20210924-20220314,HS,21035985,43.1,9.472,22.9610598656,0,excellent,NA
AIMS,2021-11-09T02:00:00Z,PRM07,STIC,20210924-20220314,HS,21035985,43.1,9.275,22.9610598656,0,excellent,NA
AIMS,2021-11-09T02:30:00Z,PRM07,STIC,20210924-20220314,HS,21035985,43.1,9.077,22.9610598656,0,excellent,NA
AIMS,2021-11-09T03:00:00Z,PRM07,STIC,20210924-20220314,HS,21035985,43.1,8.879,22.9610598656,0,excellent,NA
AIMS,2021-11-09T03:30:00Z,PRM07,STIC,20210924-20220314,HS,21035985,43.1,8.68,22.9610598656,0,excellent,NA
AIMS,2021-11-09T04:00:00Z,PRM07,STIC,20210924-20220314,HS,21035985,43.1,8.382,22.9610598656,0,excellent,NA
AIMS,2021-11-09T04:30:00Z,PRM07,STIC,20210924-20220314,HS,21035985,43.1,8.182,22.9610598656,0,excellent,NA
AIMS,2021-11-09T05:00:00Z,PRM07,STIC,20210924-20220314,HS,21035985,43.1,7.983,22.9610598656,0,excellent,NA
AIMS,2021-11-09T05:30:00Z,PRM07,STIC,20210924-20220314,HS,21035985,32.3,7.782,22.9062306848,0,excellent,NA
AIMS,2021-11-09T06:00:00Z,PRM07,STIC,20210924-20220314,HS,21035985,32.3,7.582,22.9062306848,0,excellent,NA
AIMS,2021-11-09T06:30:00Z,PRM07,STIC,20210924-20220314,HS,21035985,32.3,7.28,22.9062306848,0,excellent,NA
AIMS,2021-11-09T07:00:00Z,PRM07,STIC,20210924-20220314,HS,21035985,43.1,7.079,22.9610598656,0,excellent,NA
AIMS,2021-11-09T07:30:00Z,PRM07,STIC,20210924-20220314,HS,21035985,32.3,6.978,22.9062306848,0,excellent,NA
AIMS,2021-11-09T08:00:00Z,PRM07,STIC,20210924-20220314,HS,21035985,32.3,6.775,22.9062306848,0,excellent,NA
AIMS,2021-11-09T08:30:00Z,PRM07,STIC,20210924-20220314,HS,21035985,32.3,6.573,22.9062306848,0,excellent,NA
AIMS,2021-11-09T09:00:00Z,PRM07,STIC,20210924-20220314,HS,21035985,32.3,6.471,22.9062306848,0,excellent,NA
AIMS,2021-11-09T09:30:00Z,PRM07,STIC,20210924-20220314,HS,21035985,43.1,6.268,22.9610598656,0,excellent,NA
AIMS,2021-11-09T10:00:00Z,PRM07,STIC,20210924-20220314,HS,21035985,32.3,6.064,22.9062306848,0,excellent,NA
AIMS,2021-11-09T10:30:00Z,PRM07,STIC,20210924-20220314,HS,21035985,32.3,5.86,22.9062306848,0,excellent,NA
AIMS,2021-11-09T11:00:00Z,PRM07,STIC,20210924-20220314,HS,21035985,32.3,5.86,22.9062306848,0,excellent,NA
AIMS,2021-11-09T11:30:00Z,PRM07,STIC,20210924-20220314,HS,21035985,32.3,5.552,22.9062306848,0,excellent,NA
AIMS,2021-11-09T12:00:00Z,PRM07,STIC,20210924-20220314,HS,21035985,43.1,5.347,22.9610598656,0,excellent,NA
AIMS,2021-11-09T12:30:00Z,PRM07,STIC,20210924-20220314,HS,21035985,32.3,5.244,22.9062306848,0,excellent,NA
AIMS,2021-11-09T13:00:00Z,PRM07,STIC,20210924-20220314,HS,21035985,43.1,5.244,22.9610598656,0,excellent,NA
AIMS,2021-11-09T13:30:00Z,PRM07,STIC,20210924-20220314,HS,21035985,32.3,5.037,22.9062306848,0,excellent,NA
AIMS,2021-11-09T14:00:00Z,PRM07,STIC,20210924-20220314,HS,21035985,32.3,4.934,22.9062306848,0,excellent,NA
AIMS,2021-11-09T14:30:00Z,PRM07,STIC,20210924-20220314,HS,21035985,43.1,4.831,22.9610598656,0,excellent,NA
AIMS,2021-11-09T15:00:00Z,PRM07,STIC,20210924-20220314,HS,21035985,32.3,5.244,22.9062306848,0,excellent,NA
AIMS,2021-11-09T15:30:00Z,PRM07,STIC,20210924-20220314,HS,21035985,43.1,5.757,22.9610598656,0,excellent,NA
AIMS,2021-11-09T16:00:00Z,PRM07,STIC,20210924-20220314,HS,21035985,43.1,6.268,22.9610598656,0,excellent,NA
AIMS,2021-11-09T16:30:00Z,PRM07,STIC,20210924-20220314,HS,21035985,43.1,6.775,22.9610598656,0,excellent,NA
AIMS,2021-11-09T17:00:00Z,PRM07,STIC,20210924-20220314,HS,21035985,43.1,7.28,22.9610598656,0,excellent,NA
AIMS,2021-11-09T17:30:00Z,PRM07,STIC,20210924-20220314,HS,21035985,43.1,7.882,22.9610598656,0,excellent,NA
AIMS,2021-11-09T18:00:00Z,PRM07,STIC,20210924-20220314,HS,21035985,43.1,8.481,22.9610598656,0,excellent,NA
AIMS,2021-11-09T18:30:00Z,PRM07,STIC,20210924-20220314,HS,21035985,53.8,9.176,23.0153813688,0,excellent,NA
AIMS,2021-11-09T19:00:00Z,PRM07,STIC,20210924-20220314,HS,21035985,53.8,9.866,23.0153813688,0,excellent,NA
AIMS,2021-11-09T19:30:00Z,PRM07,STIC,20210924-20220314,HS,21035985,53.8,10.259,23.0153813688,0,excellent,NA
AIMS,2021-11-09T20:00:00Z,PRM07,STIC,20210924-20220314,HS,21035985,53.8,10.846,23.0153813688,0,excellent,NA
AIMS,2021-11-09T20:30:00Z,PRM07,STIC,20210924-20220314,HS,21035985,53.8,11.236,23.0153813688,0,excellent,NA
AIMS,2021-11-09T21:00:00Z,PRM07,STIC,20210924-20220314,HS,21035985,53.8,11.334,23.0153813688,0,excellent,NA
AIMS,2021-11-09T21:30:00Z,PRM07,STIC,20210924-20220314,HS,21035985,53.8,11.528,23.0153813688,0,excellent,NA
AIMS,2021-11-09T22:00:00Z,PRM07,STIC,20210924-20220314,HS,21035985,43.1,11.431,22.9610598656,0,excellent,NA
AIMS,2021-11-09T22:30:00Z,PRM07,STIC,20210924-20220314,HS,21035985,43.1,11.431,22.9610598656,0,excellent,NA
AIMS,2021-11-09T23:00:00Z,PRM07,STIC,20210924-20220314,HS,21035985,21.5,11.334,22.851401504,0,excellent,NA
AIMS,2021-11-09T23:30:00Z,PRM07,STIC,20210924-20220314,HS,21035985,10.8,11.236,22.797080000799998,0,excellent,NA
AIMS,2021-11-10T00:00:00Z,PRM07,STIC,20210924-20220314,HS,21035985,10.8,11.139,22.797080000799998,0,excellent,NA
AIMS,2021-11-10T00:30:00Z,PRM07,STIC,20210924-20220314,HS,21035985,21.5,11.041,22.851401504,0,excellent,NA
AIMS,2021-11-10T01:00:00Z,PRM07,STIC,20210924-20220314,HS,21035985,21.5,10.944,22.851401504,0,excellent,NA
AIMS,2021-11-10T01:30:00Z,PRM07,STIC,20210924-20220314,HS,21035985,21.5,10.846,22.851401504,0,excellent,NA
AIMS,2021-11-10T02:00:00Z,PRM07,STIC,20210924-20220314,HS,21035985,21.5,10.748,22.851401504,0,excellent,NA
AIMS,2021-11-10T02:30:00Z,PRM07,STIC,20210924-20220314,HS,21035985,21.5,10.651,22.851401504,0,excellent,NA
AIMS,2021-11-10T03:00:00Z,PRM07,STIC,20210924-20220314,HS,21035985,21.5,10.553,22.851401504,0,excellent,NA
AIMS,2021-11-10T03:30:00Z,PRM07,STIC,20210924-20220314,HS,21035985,21.5,10.455,22.851401504,0,excellent,NA
AIMS,2021-11-10T04:00:00Z,PRM07,STIC,20210924-20220314,HS,21035985,21.5,10.259,22.851401504,0,excellent,NA
AIMS,2021-11-10T04:30:00Z,PRM07,STIC,20210924-20220314,HS,21035985,21.5,10.063,22.851401504,0,excellent,NA
AIMS,2021-11-10T05:00:00Z,PRM07,STIC,20210924-20220314,HS,21035985,32.3,9.768,22.9062306848,0,excellent,NA
AIMS,2021-11-10T05:30:00Z,PRM07,STIC,20210924-20220314,HS,21035985,32.3,9.571,22.9062306848,0,excellent,NA
AIMS,2021-11-10T06:00:00Z,PRM07,STIC,20210924-20220314,HS,21035985,32.3,9.472,22.9062306848,0,excellent,NA
AIMS,2021-11-10T06:30:00Z,PRM07,STIC,20210924-20220314,HS,21035985,32.3,9.275,22.9062306848,0,excellent,NA
AIMS,2021-11-10T07:00:00Z,PRM07,STIC,20210924-20220314,HS,21035985,32.3,9.176,22.9062306848,0,excellent,NA
AIMS,2021-11-10T07:30:00Z,PRM07,STIC,20210924-20220314,HS,21035985,32.3,9.077,22.9062306848,0,excellent,NA
AIMS,2021-11-10T08:00:00Z,PRM07,STIC,20210924-20220314,HS,21035985,32.3,8.879,22.9062306848,0,excellent,NA
AIMS,2021-11-10T08:30:00Z,PRM07,STIC,20210924-20220314,HS,21035985,32.3,8.68,22.9062306848,0,excellent,NA
AIMS,2021-11-10T09:00:00Z,PRM07,STIC,20210924-20220314,HS,21035985,32.3,8.481,22.9062306848,0,excellent,NA
AIMS,2021-11-10T09:30:00Z,PRM07,STIC,20210924-20220314,HS,21035985,32.3,8.481,22.9062306848,0,excellent,NA
AIMS,2021-11-10T10:00:00Z,PRM07,STIC,20210924-20220314,HS,21035985,32.3,8.382,22.9062306848,0,excellent,NA
AIMS,2021-11-10T10:30:00Z,PRM07,STIC,20210924-20220314,HS,21035985,43.1,8.182,22.9610598656,0,excellent,NA
AIMS,2021-11-10T11:00:00Z,PRM07,STIC,20210924-20220314,HS,21035985,43.1,7.983,22.9610598656,0,excellent,NA
AIMS,2021-11-10T11:30:00Z,PRM07,STIC,20210924-20220314,HS,21035985,43.1,7.782,22.9610598656,0,excellent,NA
AIMS,2021-11-10T12:00:00Z,PRM07,STIC,20210924-20220314,HS,21035985,43.1,7.782,22.9610598656,0,excellent,NA
AIMS,2021-11-10T12:30:00Z,PRM07,STIC,20210924-20220314,HS,21035985,43.1,7.582,22.9610598656,0,excellent,NA
AIMS,2021-11-10T13:00:00Z,PRM07,STIC,20210924-20220314,HS,21035985,43.1,7.28,22.9610598656,0,excellent,NA
AIMS,2021-11-10T13:30:00Z,PRM07,STIC,20210924-20220314,HS,21035985,43.1,7.079,22.9610598656,0,excellent,NA
AIMS,2021-11-10T14:00:00Z,PRM07,STIC,20210924-20220314,HS,21035985,43.1,6.978,22.9610598656,0,excellent,NA
AIMS,2021-11-10T14:30:00Z,PRM07,STIC,20210924-20220314,HS,21035985,43.1,6.877,22.9610598656,0,excellent,NA
AIMS,2021-11-10T15:00:00Z,PRM07,STIC,20210924-20220314,HS,21035985,43.1,7.179,22.9610598656,0,excellent,NA
AIMS,2021-11-10T15:30:00Z,PRM07,STIC,20210924-20220314,HS,21035985,43.1,7.582,22.9610598656,0,excellent,NA
AIMS,2021-11-10T16:00:00Z,PRM07,STIC,20210924-20220314,HS,21035985,43.1,8.082,22.9610598656,0,excellent,NA
AIMS,2021-11-10T16:30:00Z,PRM07,STIC,20210924-20220314,HS,21035985,43.1,8.481,22.9610598656,0,excellent,NA
AIMS,2021-11-10T17:00:00Z,PRM07,STIC,20210924-20220314,HS,21035985,53.8,8.978,23.0153813688,0,excellent,NA
AIMS,2021-11-10T17:30:00Z,PRM07,STIC,20210924-20220314,HS,21035985,53.8,9.472,23.0153813688,0,excellent,NA
AIMS,2021-11-10T18:00:00Z,PRM07,STIC,20210924-20220314,HS,21035985,53.8,10.259,23.0153813688,0,excellent,NA
AIMS,2021-11-10T18:30:00Z,PRM07,STIC,20210924-20220314,HS,21035985,53.8,10.748,23.0153813688,0,excellent,NA
AIMS,2021-11-10T19:00:00Z,PRM07,STIC,20210924-20220314,HS,21035985,53.8,11.334,23.0153813688,0,excellent,NA
AIMS,2021-11-10T19:30:00Z,PRM07,STIC,20210924-20220314,HS,21035985,53.8,11.625,23.0153813688,0,excellent,NA
AIMS,2021-11-10T20:00:00Z,PRM07,STIC,20210924-20220314,HS,21035985,43.1,12.11,22.9610598656,0,excellent,NA
AIMS,2021-11-10T20:30:00Z,PRM07,STIC,20210924-20220314,HS,21035985,43.1,12.207,22.9610598656,0,excellent,NA
AIMS,2021-11-10T21:00:00Z,PRM07,STIC,20210924-20220314,HS,21035985,32.3,12.304,22.9062306848,0,excellent,NA
AIMS,2021-11-10T21:30:00Z,PRM07,STIC,20210924-20220314,HS,21035985,10.8,12.401,22.797080000799998,0,excellent,NA
AIMS,2021-11-10T22:00:00Z,PRM07,STIC,20210924-20220314,HS,21035985,10.8,12.401,22.797080000799998,0,excellent,NA
AIMS,2021-11-10T22:30:00Z,PRM07,STIC,20210924-20220314,HS,21035985,10.8,12.11,22.797080000799998,0,excellent,NA
AIMS,2021-11-10T23:00:00Z,PRM07,STIC,20210924-20220314,HS,21035985,10.8,11.916,22.797080000799998,0,excellent,NA
AIMS,2021-11-10T23:30:00Z,PRM07,STIC,20210924-20220314,HS,21035985,10.8,11.722,22.797080000799998,0,excellent,NA
AIMS,2021-11-11T00:00:00Z,PRM07,STIC,20210924-20220314,HS,21035985,10.8,11.528,22.797080000799998,0,excellent,NA
AIMS,2021-11-11T00:30:00Z,PRM07,STIC,20210924-20220314,HS,21035985,10.8,11.334,22.797080000799998,0,excellent,NA
AIMS,2021-11-11T01:00:00Z,PRM07,STIC,20210924-20220314,HS,21035985,21.5,11.139,22.851401504,0,excellent,NA
AIMS,2021-11-11T01:30:00Z,PRM07,STIC,20210924-20220314,HS,21035985,21.5,10.944,22.851401504,0,excellent,NA
AIMS,2021-11-11T02:00:00Z,PRM07,STIC,20210924-20220314,HS,21035985,21.5,10.748,22.851401504,0,excellent,NA
AIMS,2021-11-11T02:30:00Z,PRM07,STIC,20210924-20220314,HS,21035985,21.5,10.455,22.851401504,0,excellent,NA
AIMS,2021-11-11T03:00:00Z,PRM07,STIC,20210924-20220314,HS,21035985,21.5,10.259,22.851401504,0,excellent,NA
AIMS,2021-11-11T03:30:00Z,PRM07,STIC,20210924-20220314,HS,21035985,32.3,10.063,22.9062306848,0,excellent,NA
AIMS,2021-11-11T04:00:00Z,PRM07,STIC,20210924-20220314,HS,21035985,32.3,9.866,22.9062306848,0,excellent,NA
AIMS,2021-11-11T04:30:00Z,PRM07,STIC,20210924-20220314,HS,21035985,32.3,9.768,22.9062306848,0,excellent,NA
AIMS,2021-11-11T05:00:00Z,PRM07,STIC,20210924-20220314,HS,21035985,32.3,9.669,22.9062306848,0,excellent,NA
AIMS,2021-11-11T05:30:00Z,PRM07,STIC,20210924-20220314,HS,21035985,32.3,9.472,22.9062306848,0,excellent,NA
AIMS,2021-11-11T06:00:00Z,PRM07,STIC,20210924-20220314,HS,21035985,32.3,9.373,22.9062306848,0,excellent,NA
AIMS,2021-11-11T06:30:00Z,PRM07,STIC,20210924-20220314,HS,21035985,32.3,9.373,22.9062306848,0,excellent,NA
AIMS,2021-11-11T07:00:00Z,PRM07,STIC,20210924-20220314,HS,21035985,43.1,9.275,22.9610598656,0,excellent,NA
AIMS,2021-11-11T07:30:00Z,PRM07,STIC,20210924-20220314,HS,21035985,43.1,9.176,22.9610598656,0,excellent,NA
AIMS,2021-11-11T08:00:00Z,PRM07,STIC,20210924-20220314,HS,21035985,43.1,9.077,22.9610598656,0,excellent,NA
AIMS,2021-11-11T08:30:00Z,PRM07,STIC,20210924-20220314,HS,21035985,43.1,8.779,22.9610598656,0,excellent,NA
AIMS,2021-11-11T09:00:00Z,PRM07,STIC,20210924-20220314,HS,21035985,43.1,8.68,22.9610598656,0,excellent,NA
AIMS,2021-11-11T09:30:00Z,PRM07,STIC,20210924-20220314,HS,21035985,43.1,8.481,22.9610598656,0,excellent,NA
AIMS,2021-11-11T10:00:00Z,PRM07,STIC,20210924-20220314,HS,21035985,43.1,8.581,22.9610598656,0,excellent,NA
AIMS,2021-11-11T10:30:00Z,PRM07,STIC,20210924-20220314,HS,21035985,53.8,8.481,23.0153813688,0,excellent,NA
AIMS,2021-11-11T11:00:00Z,PRM07,STIC,20210924-20220314,HS,21035985,53.8,8.581,23.0153813688,0,excellent,NA
AIMS,2021-11-11T11:30:00Z,PRM07,STIC,20210924-20220314,HS,21035985,53.8,8.779,23.0153813688,0,excellent,NA
AIMS,2021-11-11T12:00:00Z,PRM07,STIC,20210924-20220314,HS,21035985,53.8,8.779,23.0153813688,0,excellent,NA
AIMS,2021-11-11T12:30:00Z,PRM07,STIC,20210924-20220314,HS,21035985,53.8,8.68,23.0153813688,0,excellent,NA
AIMS,2021-11-11T13:00:00Z,PRM07,STIC,20210924-20220314,HS,21035985,53.8,8.779,23.0153813688,0,excellent,NA
AIMS,2021-11-11T13:30:00Z,PRM07,STIC,20210924-20220314,HS,21035985,53.8,8.978,23.0153813688,0,excellent,NA
AIMS,2021-11-11T14:00:00Z,PRM07,STIC,20210924-20220314,HS,21035985,53.8,9.275,23.0153813688,0,excellent,NA
AIMS,2021-11-11T14:30:00Z,PRM07,STIC,20210924-20220314,HS,21035985,53.8,9.669,23.0153813688,0,excellent,NA
AIMS,2021-11-11T15:00:00Z,PRM07,STIC,20210924-20220314,HS,21035985,64.6,10.161,23.0702105496,0,excellent,NA
AIMS,2021-11-11T15:30:00Z,PRM07,STIC,20210924-20220314,HS,21035985,64.6,10.846,23.0702105496,0,excellent,NA
AIMS,2021-11-11T16:00:00Z,PRM07,STIC,20210924-20220314,HS,21035985,64.6,11.528,23.0702105496,0,excellent,NA
AIMS,2021-11-11T16:30:00Z,PRM07,STIC,20210924-20220314,HS,21035985,64.6,12.11,23.0702105496,0,excellent,NA
AIMS,2021-11-11T17:00:00Z,PRM07,STIC,20210924-20220314,HS,21035985,64.6,12.787,23.0702105496,0,excellent,NA
AIMS,2021-11-11T17:30:00Z,PRM07,STIC,20210924-20220314,HS,21035985,53.8,13.365,23.0153813688,0,excellent,NA
AIMS,2021-11-11T18:00:00Z,PRM07,STIC,20210924-20220314,HS,21035985,43.1,13.654,22.9610598656,0,excellent,NA
AIMS,2021-11-11T18:30:00Z,PRM07,STIC,20210924-20220314,HS,21035985,10.8,13.942,22.797080000799998,0,excellent,NA
AIMS,2021-11-11T19:00:00Z,PRM07,STIC,20210924-20220314,HS,21035985,0,13.846,22.74225082,0,excellent,NA
AIMS,2021-11-11T19:30:00Z,PRM07,STIC,20210924-20220314,HS,21035985,0,14.038,22.74225082,0,excellent,NA
AIMS,2021-11-11T20:00:00Z,PRM07,STIC,20210924-20220314,HS,21035985,10.8,14.038,22.797080000799998,0,excellent,NA
AIMS,2021-11-11T20:30:00Z,PRM07,STIC,20210924-20220314,HS,21035985,10.8,13.654,22.797080000799998,0,excellent,NA
AIMS,2021-11-11T21:00:00Z,PRM07,STIC,20210924-20220314,HS,21035985,64.6,13.654,23.0702105496,0,excellent,NA
AIMS,2021-11-11T21:30:00Z,PRM07,STIC,20210924-20220314,HS,21035985,118.4,13.846,23.3433410984,0,excellent,NA
AIMS,2021-11-11T22:00:00Z,PRM07,STIC,20210924-20220314,HS,21035985,86.1,14.038,23.179361233599998,0,excellent,NA
AIMS,2021-11-11T22:30:00Z,PRM07,STIC,20210924-20220314,HS,21035985,86.1,14.038,23.179361233599998,0,excellent,NA
AIMS,2021-11-11T23:00:00Z,PRM07,STIC,20210924-20220314,HS,21035985,75.3,13.75,23.1245320528,0,excellent,NA
AIMS,2021-11-11T23:30:00Z,PRM07,STIC,20210924-20220314,HS,21035985,44089.2,13.558,246.5732432392,1,excellent,NA
AIMS,2021-11-12T00:00:00Z,PRM07,STIC,20210924-20220314,HS,21035985,44089.2,13.269,246.5732432392,1,excellent,NA
AIMS,2021-11-12T00:30:00Z,PRM07,STIC,20210924-20220314,HS,21035985,46844.8,13.269,260.5628071848,1,excellent,NA
AIMS,2021-11-12T01:00:00Z,PRM07,STIC,20210924-20220314,HS,21035985,49600.3,13.269,274.5518634528,1,excellent,NA
AIMS,2021-11-12T01:30:00Z,PRM07,STIC,20210924-20220314,HS,21035985,49600.3,13.269,274.5518634528,1,excellent,NA
AIMS,2021-11-12T02:00:00Z,PRM07,STIC,20210924-20220314,HS,21035985,49600.3,13.269,274.5518634528,1,excellent,NA
AIMS,2021-11-12T02:30:00Z,PRM07,STIC,20210924-20220314,HS,21035985,52355.9,13.269,288.5414273984,1,excellent,NA
AIMS,2021-11-12T03:00:00Z,PRM07,STIC,20210924-20220314,HS,21035985,52355.9,13.269,288.5414273984,1,excellent,NA
AIMS,2021-11-12T03:30:00Z,PRM07,STIC,20210924-20220314,HS,21035985,52355.9,13.173,288.5414273984,1,excellent,NA
AIMS,2021-11-12T04:00:00Z,PRM07,STIC,20210924-20220314,HS,21035985,52355.9,13.173,288.5414273984,1,excellent,NA
AIMS,2021-11-12T04:30:00Z,PRM07,STIC,20210924-20220314,HS,21035985,52355.9,13.076,288.5414273984,1,excellent,NA
AIMS,2021-11-12T05:00:00Z,PRM07,STIC,20210924-20220314,HS,21035985,55111.5,12.98,302.530991344,1,excellent,NA
AIMS,2021-11-12T05:30:00Z,PRM07,STIC,20210924-20220314,HS,21035985,55111.5,12.883,302.530991344,1,excellent,NA
AIMS,2021-11-12T06:00:00Z,PRM07,STIC,20210924-20220314,HS,21035985,55111.5,12.69,302.530991344,1,excellent,NA
AIMS,2021-11-12T06:30:00Z,PRM07,STIC,20210924-20220314,HS,21035985,55111.5,12.594,302.530991344,1,excellent,NA
AIMS,2021-11-12T07:00:00Z,PRM07,STIC,20210924-20220314,HS,21035985,55111.5,12.497,302.530991344,1,excellent,NA
AIMS,2021-11-12T07:30:00Z,PRM07,STIC,20210924-20220314,HS,21035985,55111.5,12.401,302.530991344,1,excellent,NA
AIMS,2021-11-12T08:00:00Z,PRM07,STIC,20210924-20220314,HS,21035985,55111.5,12.207,302.530991344,1,excellent,NA
AIMS,2021-11-12T08:30:00Z,PRM07,STIC,20210924-20220314,HS,21035985,57867,12.013,316.520047612,1,excellent,NA
AIMS,2021-11-12T09:00:00Z,PRM07,STIC,20210924-20220314,HS,21035985,55111.5,11.819,302.530991344,1,excellent,NA
AIMS,2021-11-12T09:30:00Z,PRM07,STIC,20210924-20220314,HS,21035985,55111.5,11.625,302.530991344,1,excellent,NA
AIMS,2021-11-12T10:00:00Z,PRM07,STIC,20210924-20220314,HS,21035985,55111.5,11.431,302.530991344,1,excellent,NA
AIMS,2021-11-12T10:30:00Z,PRM07,STIC,20210924-20220314,HS,21035985,688.9,11.334,26.239641806399998,1,excellent,NA
AIMS,2021-11-12T11:00:00Z,PRM07,STIC,20210924-20220314,HS,21035985,592,11.236,25.747702212,1,excellent,NA
AIMS,2021-11-12T11:30:00Z,PRM07,STIC,20210924-20220314,HS,21035985,549,11.139,25.529400843999998,1,excellent,NA
AIMS,2021-11-12T12:00:00Z,PRM07,STIC,20210924-20220314,HS,21035985,495.1,11.041,25.2557626176,1,excellent,NA
AIMS,2021-11-12T12:30:00Z,PRM07,STIC,20210924-20220314,HS,21035985,419.8,11.041,24.873481384799998,1,excellent,NA
AIMS,2021-11-12T13:00:00Z,PRM07,STIC,20210924-20220314,HS,21035985,376.7,10.846,24.654672339199998,1,excellent,NA
AIMS,2021-11-12T13:30:00Z,PRM07,STIC,20210924-20220314,HS,21035985,322.9,10.651,24.3815417904,1,excellent,NA
AIMS,2021-11-12T14:00:00Z,PRM07,STIC,20210924-20220314,HS,21035985,129.2,10.161,23.3981702792,0,excellent,NA
AIMS,2021-11-12T14:30:00Z,PRM07,STIC,20210924-20220314,HS,21035985,86.1,10.161,23.179361233599998,0,excellent,NA
AIMS,2021-11-12T15:00:00Z,PRM07,STIC,20210924-20220314,HS,21035985,75.3,10.161,23.1245320528,0,excellent,NA
AIMS,2021-11-12T15:30:00Z,PRM07,STIC,20210924-20220314,HS,21035985,64.6,10.063,23.0702105496,0,excellent,NA
AIMS,2021-11-12T16:00:00Z,PRM07,STIC,20210924-20220314,HS,21035985,64.6,10.357,23.0702105496,0,excellent,NA
AIMS,2021-11-12T16:30:00Z,PRM07,STIC,20210924-20220314,HS,21035985,53.8,10.357,23.0153813688,0,excellent,NA
AIMS,2021-11-12T17:00:00Z,PRM07,STIC,20210924-20220314,HS,21035985,53.8,10.553,23.0153813688,0,excellent,NA
AIMS,2021-11-12T17:30:00Z,PRM07,STIC,20210924-20220314,HS,21035985,53.8,10.944,23.0153813688,0,excellent,NA
AIMS,2021-11-12T18:00:00Z,PRM07,STIC,20210924-20220314,HS,21035985,53.8,11.431,23.0153813688,0,excellent,NA
AIMS,2021-11-12T18:30:00Z,PRM07,STIC,20210924-20220314,HS,21035985,43.1,11.528,22.9610598656,0,excellent,NA
AIMS,2021-11-12T19:00:00Z,PRM07,STIC,20210924-20220314,HS,21035985,43.1,11.722,22.9610598656,0,excellent,NA
AIMS,2021-11-12T19:30:00Z,PRM07,STIC,20210924-20220314,HS,21035985,43.1,11.722,22.9610598656,0,excellent,NA
AIMS,2021-11-12T20:00:00Z,PRM07,STIC,20210924-20220314,HS,21035985,43.1,11.819,22.9610598656,0,excellent,NA
AIMS,2021-11-12T20:30:00Z,PRM07,STIC,20210924-20220314,HS,21035985,43.1,11.916,22.9610598656,0,excellent,NA
AIMS,2021-11-12T21:00:00Z,PRM07,STIC,20210924-20220314,HS,21035985,43.1,11.916,22.9610598656,0,excellent,NA
AIMS,2021-11-12T21:30:00Z,PRM07,STIC,20210924-20220314,HS,21035985,43.1,12.013,22.9610598656,0,excellent,NA
AIMS,2021-11-12T22:00:00Z,PRM07,STIC,20210924-20220314,HS,21035985,43.1,12.11,22.9610598656,0,excellent,NA
AIMS,2021-11-12T22:30:00Z,PRM07,STIC,20210924-20220314,HS,21035985,43.1,12.11,22.9610598656,0,excellent,NA
AIMS,2021-11-12T23:00:00Z,PRM07,STIC,20210924-20220314,HS,21035985,43.1,11.916,22.9610598656,0,excellent,NA
AIMS,2021-11-12T23:30:00Z,PRM07,STIC,20210924-20220314,HS,21035985,43.1,11.722,22.9610598656,0,excellent,NA
AIMS,2021-11-13T00:00:00Z,PRM07,STIC,20210924-20220314,HS,21035985,43.1,11.528,22.9610598656,0,excellent,NA
AIMS,2021-11-13T00:30:00Z,PRM07,STIC,20210924-20220314,HS,21035985,43.1,11.236,22.9610598656,0,excellent,NA
AIMS,2021-11-13T01:00:00Z,PRM07,STIC,20210924-20220314,HS,21035985,32.3,11.139,22.9062306848,0,excellent,NA
AIMS,2021-11-13T01:30:00Z,PRM07,STIC,20210924-20220314,HS,21035985,43.1,10.846,22.9610598656,0,excellent,NA
AIMS,2021-11-13T02:00:00Z,PRM07,STIC,20210924-20220314,HS,21035985,32.3,10.455,22.9062306848,0,excellent,NA
AIMS,2021-11-13T02:30:00Z,PRM07,STIC,20210924-20220314,HS,21035985,32.3,10.259,22.9062306848,0,excellent,NA
AIMS,2021-11-13T03:00:00Z,PRM07,STIC,20210924-20220314,HS,21035985,32.3,9.866,22.9062306848,0,excellent,NA
AIMS,2021-11-13T03:30:00Z,PRM07,STIC,20210924-20220314,HS,21035985,32.3,9.669,22.9062306848,0,excellent,NA
AIMS,2021-11-13T04:00:00Z,PRM07,STIC,20210924-20220314,HS,21035985,32.3,9.275,22.9062306848,0,excellent,NA
AIMS,2021-11-13T04:30:00Z,PRM07,STIC,20210924-20220314,HS,21035985,32.3,9.275,22.9062306848,0,excellent,NA
AIMS,2021-11-13T05:00:00Z,PRM07,STIC,20210924-20220314,HS,21035985,32.3,9.077,22.9062306848,0,excellent,NA
AIMS,2021-11-13T05:30:00Z,PRM07,STIC,20210924-20220314,HS,21035985,32.3,9.176,22.9062306848,0,excellent,NA
AIMS,2021-11-13T06:00:00Z,PRM07,STIC,20210924-20220314,HS,21035985,32.3,9.571,22.9062306848,0,excellent,NA
AIMS,2021-11-13T06:30:00Z,PRM07,STIC,20210924-20220314,HS,21035985,32.3,9.768,22.9062306848,0,excellent,NA
AIMS,2021-11-13T07:00:00Z,PRM07,STIC,20210924-20220314,HS,21035985,32.3,9.866,22.9062306848,0,excellent,NA
AIMS,2021-11-13T07:30:00Z,PRM07,STIC,20210924-20220314,HS,21035985,32.3,9.768,22.9062306848,0,excellent,NA
AIMS,2021-11-13T08:00:00Z,PRM07,STIC,20210924-20220314,HS,21035985,32.3,9.669,22.9062306848,0,excellent,NA
AIMS,2021-11-13T08:30:00Z,PRM07,STIC,20210924-20220314,HS,21035985,32.3,9.669,22.9062306848,0,excellent,NA
AIMS,2021-11-13T09:00:00Z,PRM07,STIC,20210924-20220314,HS,21035985,32.3,9.472,22.9062306848,0,excellent,NA
AIMS,2021-11-13T09:30:00Z,PRM07,STIC,20210924-20220314,HS,21035985,32.3,9.275,22.9062306848,0,excellent,NA
AIMS,2021-11-13T10:00:00Z,PRM07,STIC,20210924-20220314,HS,21035985,32.3,8.68,22.9062306848,0,excellent,NA
AIMS,2021-11-13T10:30:00Z,PRM07,STIC,20210924-20220314,HS,21035985,21.5,8.082,22.851401504,0,excellent,NA
AIMS,2021-11-13T11:00:00Z,PRM07,STIC,20210924-20220314,HS,21035985,21.5,7.582,22.851401504,0,excellent,NA
AIMS,2021-11-13T11:30:00Z,PRM07,STIC,20210924-20220314,HS,21035985,32.3,7.28,22.9062306848,0,excellent,NA
AIMS,2021-11-13T12:00:00Z,PRM07,STIC,20210924-20220314,HS,21035985,21.5,6.978,22.851401504,0,excellent,NA
AIMS,2021-11-13T12:30:00Z,PRM07,STIC,20210924-20220314,HS,21035985,21.5,6.674,22.851401504,0,excellent,NA
AIMS,2021-11-13T13:00:00Z,PRM07,STIC,20210924-20220314,HS,21035985,21.5,6.268,22.851401504,0,excellent,NA
AIMS,2021-11-13T13:30:00Z,PRM07,STIC,20210924-20220314,HS,21035985,21.5,6.064,22.851401504,0,excellent,NA
AIMS,2021-11-13T14:00:00Z,PRM07,STIC,20210924-20220314,HS,21035985,21.5,5.962,22.851401504,0,excellent,NA
AIMS,2021-11-13T14:30:00Z,PRM07,STIC,20210924-20220314,HS,21035985,21.5,5.86,22.851401504,0,excellent,NA
AIMS,2021-11-13T15:00:00Z,PRM07,STIC,20210924-20220314,HS,21035985,21.5,5.86,22.851401504,0,excellent,NA
AIMS,2021-11-13T15:30:00Z,PRM07,STIC,20210924-20220314,HS,21035985,21.5,6.064,22.851401504,0,excellent,NA
AIMS,2021-11-13T16:00:00Z,PRM07,STIC,20210924-20220314,HS,21035985,21.5,6.166,22.851401504,0,excellent,NA
AIMS,2021-11-13T16:30:00Z,PRM07,STIC,20210924-20220314,HS,21035985,21.5,6.064,22.851401504,0,excellent,NA
AIMS,2021-11-13T17:00:00Z,PRM07,STIC,20210924-20220314,HS,21035985,21.5,6.064,22.851401504,0,excellent,NA
AIMS,2021-11-13T17:30:00Z,PRM07,STIC,20210924-20220314,HS,21035985,21.5,6.268,22.851401504,0,excellent,NA
AIMS,2021-11-13T18:00:00Z,PRM07,STIC,20210924-20220314,HS,21035985,21.5,6.268,22.851401504,0,excellent,NA
AIMS,2021-11-13T18:30:00Z,PRM07,STIC,20210924-20220314,HS,21035985,21.5,6.268,22.851401504,0,excellent,NA
AIMS,2021-11-13T19:00:00Z,PRM07,STIC,20210924-20220314,HS,21035985,21.5,6.471,22.851401504,0,excellent,NA
AIMS,2021-11-13T19:30:00Z,PRM07,STIC,20210924-20220314,HS,21035985,21.5,6.674,22.851401504,0,excellent,NA
AIMS,2021-11-13T20:00:00Z,PRM07,STIC,20210924-20220314,HS,21035985,21.5,6.775,22.851401504,0,excellent,NA
AIMS,2021-11-13T20:30:00Z,PRM07,STIC,20210924-20220314,HS,21035985,10.8,6.877,22.797080000799998,0,excellent,NA
AIMS,2021-11-13T21:00:00Z,PRM07,STIC,20210924-20220314,HS,21035985,10.8,7.079,22.797080000799998,0,excellent,NA
AIMS,2021-11-13T21:30:00Z,PRM07,STIC,20210924-20220314,HS,21035985,10.8,7.079,22.797080000799998,0,excellent,NA
AIMS,2021-11-13T22:00:00Z,PRM07,STIC,20210924-20220314,HS,21035985,10.8,7.079,22.797080000799998,0,excellent,NA
AIMS,2021-11-13T22:30:00Z,PRM07,STIC,20210924-20220314,HS,21035985,10.8,7.079,22.797080000799998,0,excellent,NA
AIMS,2021-11-13T23:00:00Z,PRM07,STIC,20210924-20220314,HS,21035985,10.8,7.079,22.797080000799998,0,excellent,NA
AIMS,2021-11-13T23:30:00Z,PRM07,STIC,20210924-20220314,HS,21035985,10.8,6.877,22.797080000799998,0,excellent,NA
AIMS,2021-11-14T00:00:00Z,PRM07,STIC,20210924-20220314,HS,21035985,10.8,6.471,22.797080000799998,0,excellent,NA
AIMS,2021-11-14T00:30:00Z,PRM07,STIC,20210924-20220314,HS,21035985,10.8,6.166,22.797080000799998,0,excellent,NA
AIMS,2021-11-14T01:00:00Z,PRM07,STIC,20210924-20220314,HS,21035985,10.8,5.86,22.797080000799998,0,excellent,NA
AIMS,2021-11-14T01:30:00Z,PRM07,STIC,20210924-20220314,HS,21035985,10.8,5.552,22.797080000799998,0,excellent,NA
AIMS,2021-11-14T02:00:00Z,PRM07,STIC,20210924-20220314,HS,21035985,10.8,5.244,22.797080000799998,0,excellent,NA
AIMS,2021-11-14T02:30:00Z,PRM07,STIC,20210924-20220314,HS,21035985,10.8,4.934,22.797080000799998,0,excellent,NA
AIMS,2021-11-14T03:00:00Z,PRM07,STIC,20210924-20220314,HS,21035985,10.8,4.519,22.797080000799998,0,excellent,NA
AIMS,2021-11-14T03:30:00Z,PRM07,STIC,20210924-20220314,HS,21035985,10.8,4.207,22.797080000799998,0,excellent,NA
AIMS,2021-11-14T04:00:00Z,PRM07,STIC,20210924-20220314,HS,21035985,10.8,4.102,22.797080000799998,0,excellent,NA
AIMS,2021-11-14T04:30:00Z,PRM07,STIC,20210924-20220314,HS,21035985,10.8,3.788,22.797080000799998,0,excellent,NA
AIMS,2021-11-14T05:00:00Z,PRM07,STIC,20210924-20220314,HS,21035985,10.8,3.578,22.797080000799998,0,excellent,NA
AIMS,2021-11-14T05:30:00Z,PRM07,STIC,20210924-20220314,HS,21035985,10.8,3.472,22.797080000799998,0,excellent,NA
AIMS,2021-11-14T06:00:00Z,PRM07,STIC,20210924-20220314,HS,21035985,10.8,3.049,22.797080000799998,0,excellent,NA
AIMS,2021-11-14T06:30:00Z,PRM07,STIC,20210924-20220314,HS,21035985,10.8,2.837,22.797080000799998,0,excellent,NA
AIMS,2021-11-14T07:00:00Z,PRM07,STIC,20210924-20220314,HS,21035985,10.8,2.624,22.797080000799998,0,excellent,NA
AIMS,2021-11-14T07:30:00Z,PRM07,STIC,20210924-20220314,HS,21035985,10.8,2.73,22.797080000799998,0,excellent,NA
AIMS,2021-11-14T08:00:00Z,PRM07,STIC,20210924-20220314,HS,21035985,10.8,2.517,22.797080000799998,0,excellent,NA
AIMS,2021-11-14T08:30:00Z,PRM07,STIC,20210924-20220314,HS,21035985,10.8,2.195,22.797080000799998,0,excellent,NA
AIMS,2021-11-14T09:00:00Z,PRM07,STIC,20210924-20220314,HS,21035985,10.8,2.195,22.797080000799998,0,excellent,NA
AIMS,2021-11-14T09:30:00Z,PRM07,STIC,20210924-20220314,HS,21035985,10.8,1.98,22.797080000799998,0,excellent,NA
AIMS,2021-11-14T10:00:00Z,PRM07,STIC,20210924-20220314,HS,21035985,10.8,1.872,22.797080000799998,0,excellent,NA
AIMS,2021-11-14T10:30:00Z,PRM07,STIC,20210924-20220314,HS,21035985,10.8,1.764,22.797080000799998,0,excellent,NA
AIMS,2021-11-14T11:00:00Z,PRM07,STIC,20210924-20220314,HS,21035985,10.8,1.764,22.797080000799998,0,excellent,NA
AIMS,2021-11-14T11:30:00Z,PRM07,STIC,20210924-20220314,HS,21035985,10.8,1.548,22.797080000799998,0,excellent,NA
AIMS,2021-11-14T12:00:00Z,PRM07,STIC,20210924-20220314,HS,21035985,21.5,1.548,22.851401504,0,excellent,NA
AIMS,2021-11-14T12:30:00Z,PRM07,STIC,20210924-20220314,HS,21035985,21.5,1.439,22.851401504,0,excellent,NA
AIMS,2021-11-14T13:00:00Z,PRM07,STIC,20210924-20220314,HS,21035985,21.5,1.439,22.851401504,0,excellent,NA
AIMS,2021-11-14T13:30:00Z,PRM07,STIC,20210924-20220314,HS,21035985,21.5,1.221,22.851401504,0,excellent,NA
AIMS,2021-11-14T14:00:00Z,PRM07,STIC,20210924-20220314,HS,21035985,21.5,1.221,22.851401504,0,excellent,NA
AIMS,2021-11-14T14:30:00Z,PRM07,STIC,20210924-20220314,HS,21035985,10.8,1.33,22.797080000799998,0,excellent,NA
AIMS,2021-11-14T15:00:00Z,PRM07,STIC,20210924-20220314,HS,21035985,10.8,1.548,22.797080000799998,0,excellent,NA
AIMS,2021-11-14T15:30:00Z,PRM07,STIC,20210924-20220314,HS,21035985,10.8,1.98,22.797080000799998,0,excellent,NA
AIMS,2021-11-14T16:00:00Z,PRM07,STIC,20210924-20220314,HS,21035985,10.8,2.41,22.797080000799998,0,excellent,NA
AIMS,2021-11-14T16:30:00Z,PRM07,STIC,20210924-20220314,HS,21035985,10.8,2.943,22.797080000799998,0,excellent,NA
AIMS,2021-11-14T17:00:00Z,PRM07,STIC,20210924-20220314,HS,21035985,10.8,3.578,22.797080000799998,0,excellent,NA
AIMS,2021-11-14T17:30:00Z,PRM07,STIC,20210924-20220314,HS,21035985,10.8,4.311,22.797080000799998,0,excellent,NA
AIMS,2021-11-14T18:00:00Z,PRM07,STIC,20210924-20220314,HS,21035985,10.8,5.037,22.797080000799998,0,excellent,NA
AIMS,2021-11-14T18:30:00Z,PRM07,STIC,20210924-20220314,HS,21035985,10.8,5.757,22.797080000799998,0,excellent,NA
AIMS,2021-11-14T19:00:00Z,PRM07,STIC,20210924-20220314,HS,21035985,10.8,6.268,22.797080000799998,0,excellent,NA
AIMS,2021-11-14T19:30:00Z,PRM07,STIC,20210924-20220314,HS,21035985,10.8,6.877,22.797080000799998,0,excellent,NA
AIMS,2021-11-14T20:00:00Z,PRM07,STIC,20210924-20220314,HS,21035985,0,7.381,22.74225082,0,excellent,NA
AIMS,2021-11-14T20:30:00Z,PRM07,STIC,20210924-20220314,HS,21035985,0,7.782,22.74225082,0,excellent,NA
AIMS,2021-11-14T21:00:00Z,PRM07,STIC,20210924-20220314,HS,21035985,0,7.882,22.74225082,0,excellent,NA
AIMS,2021-11-14T21:30:00Z,PRM07,STIC,20210924-20220314,HS,21035985,0,8.082,22.74225082,0,excellent,NA
AIMS,2021-11-14T22:00:00Z,PRM07,STIC,20210924-20220314,HS,21035985,0,8.382,22.74225082,0,excellent,NA
AIMS,2021-11-14T22:30:00Z,PRM07,STIC,20210924-20220314,HS,21035985,0,8.282,22.74225082,0,excellent,NA
AIMS,2021-11-14T23:00:00Z,PRM07,STIC,20210924-20220314,HS,21035985,0,8.082,22.74225082,0,excellent,NA
AIMS,2021-11-14T23:30:00Z,PRM07,STIC,20210924-20220314,HS,21035985,0,7.882,22.74225082,0,excellent,NA
AIMS,2021-11-15T00:00:00Z,PRM07,STIC,20210924-20220314,HS,21035985,0,7.582,22.74225082,0,excellent,NA
AIMS,2021-11-15T00:30:00Z,PRM07,STIC,20210924-20220314,HS,21035985,0,7.381,22.74225082,0,excellent,NA
AIMS,2021-11-15T01:00:00Z,PRM07,STIC,20210924-20220314,HS,21035985,0,7.28,22.74225082,0,excellent,NA
AIMS,2021-11-15T01:30:00Z,PRM07,STIC,20210924-20220314,HS,21035985,0,7.179,22.74225082,0,excellent,NA
AIMS,2021-11-15T02:00:00Z,PRM07,STIC,20210924-20220314,HS,21035985,0,7.079,22.74225082,0,excellent,NA
AIMS,2021-11-15T02:30:00Z,PRM07,STIC,20210924-20220314,HS,21035985,0,6.978,22.74225082,0,excellent,NA
AIMS,2021-11-15T03:00:00Z,PRM07,STIC,20210924-20220314,HS,21035985,0,6.978,22.74225082,0,excellent,NA
AIMS,2021-11-15T03:30:00Z,PRM07,STIC,20210924-20220314,HS,21035985,0,6.978,22.74225082,0,excellent,NA
AIMS,2021-11-15T04:00:00Z,PRM07,STIC,20210924-20220314,HS,21035985,0,6.877,22.74225082,0,excellent,NA
AIMS,2021-11-15T04:30:00Z,PRM07,STIC,20210924-20220314,HS,21035985,0,6.775,22.74225082,0,excellent,NA
AIMS,2021-11-15T05:00:00Z,PRM07,STIC,20210924-20220314,HS,21035985,0,6.37,22.74225082,0,excellent,NA
AIMS,2021-11-15T05:30:00Z,PRM07,STIC,20210924-20220314,HS,21035985,0,6.064,22.74225082,0,excellent,NA
AIMS,2021-11-15T06:00:00Z,PRM07,STIC,20210924-20220314,HS,21035985,0,5.962,22.74225082,0,excellent,NA
AIMS,2021-11-15T06:30:00Z,PRM07,STIC,20210924-20220314,HS,21035985,0,5.655,22.74225082,0,excellent,NA
AIMS,2021-11-15T07:00:00Z,PRM07,STIC,20210924-20220314,HS,21035985,0,5.45,22.74225082,0,excellent,NA
AIMS,2021-11-15T07:30:00Z,PRM07,STIC,20210924-20220314,HS,21035985,0,5.244,22.74225082,0,excellent,NA
AIMS,2021-11-15T08:00:00Z,PRM07,STIC,20210924-20220314,HS,21035985,0,5.037,22.74225082,0,excellent,NA
AIMS,2021-11-15T08:30:00Z,PRM07,STIC,20210924-20220314,HS,21035985,10.8,4.934,22.797080000799998,0,excellent,NA
AIMS,2021-11-15T09:00:00Z,PRM07,STIC,20210924-20220314,HS,21035985,10.8,4.831,22.797080000799998,0,excellent,NA
AIMS,2021-11-15T09:30:00Z,PRM07,STIC,20210924-20220314,HS,21035985,10.8,5.141,22.797080000799998,0,excellent,NA
AIMS,2021-11-15T10:00:00Z,PRM07,STIC,20210924-20220314,HS,21035985,10.8,5.141,22.797080000799998,0,excellent,NA
AIMS,2021-11-15T10:30:00Z,PRM07,STIC,20210924-20220314,HS,21035985,10.8,5.037,22.797080000799998,0,excellent,NA
AIMS,2021-11-15T11:00:00Z,PRM07,STIC,20210924-20220314,HS,21035985,10.8,4.207,22.797080000799998,0,excellent,NA
AIMS,2021-11-15T11:30:00Z,PRM07,STIC,20210924-20220314,HS,21035985,10.8,3.998,22.797080000799998,0,excellent,NA
AIMS,2021-11-15T12:00:00Z,PRM07,STIC,20210924-20220314,HS,21035985,10.8,3.788,22.797080000799998,0,excellent,NA
AIMS,2021-11-15T12:30:00Z,PRM07,STIC,20210924-20220314,HS,21035985,10.8,3.683,22.797080000799998,0,excellent,NA
AIMS,2021-11-15T13:00:00Z,PRM07,STIC,20210924-20220314,HS,21035985,10.8,3.367,22.797080000799998,0,excellent,NA
AIMS,2021-11-15T13:30:00Z,PRM07,STIC,20210924-20220314,HS,21035985,10.8,3.261,22.797080000799998,0,excellent,NA
AIMS,2021-11-15T14:00:00Z,PRM07,STIC,20210924-20220314,HS,21035985,10.8,3.049,22.797080000799998,0,excellent,NA
AIMS,2021-11-15T14:30:00Z,PRM07,STIC,20210924-20220314,HS,21035985,10.8,3.367,22.797080000799998,0,excellent,NA
AIMS,2021-11-15T15:00:00Z,PRM07,STIC,20210924-20220314,HS,21035985,10.8,3.472,22.797080000799998,0,excellent,NA
AIMS,2021-11-15T15:30:00Z,PRM07,STIC,20210924-20220314,HS,21035985,10.8,3.788,22.797080000799998,0,excellent,NA
AIMS,2021-11-15T16:00:00Z,PRM07,STIC,20210924-20220314,HS,21035985,10.8,4.207,22.797080000799998,0,excellent,NA
AIMS,2021-11-15T16:30:00Z,PRM07,STIC,20210924-20220314,HS,21035985,10.8,4.831,22.797080000799998,0,excellent,NA
AIMS,2021-11-15T17:00:00Z,PRM07,STIC,20210924-20220314,HS,21035985,10.8,5.347,22.797080000799998,0,excellent,NA
AIMS,2021-11-15T17:30:00Z,PRM07,STIC,20210924-20220314,HS,21035985,10.8,5.86,22.797080000799998,0,excellent,NA
AIMS,2021-11-15T18:00:00Z,PRM07,STIC,20210924-20220314,HS,21035985,10.8,6.37,22.797080000799998,0,excellent,NA
AIMS,2021-11-15T18:30:00Z,PRM07,STIC,20210924-20220314,HS,21035985,10.8,6.877,22.797080000799998,0,excellent,NA
AIMS,2021-11-15T19:00:00Z,PRM07,STIC,20210924-20220314,HS,21035985,10.8,7.179,22.797080000799998,0,excellent,NA
AIMS,2021-11-15T19:30:00Z,PRM07,STIC,20210924-20220314,HS,21035985,10.8,7.481,22.797080000799998,0,excellent,NA
AIMS,2021-11-15T20:00:00Z,PRM07,STIC,20210924-20220314,HS,21035985,21.5,7.682,22.851401504,0,excellent,NA
AIMS,2021-11-15T20:30:00Z,PRM07,STIC,20210924-20220314,HS,21035985,21.5,7.882,22.851401504,0,excellent,NA
AIMS,2021-11-15T21:00:00Z,PRM07,STIC,20210924-20220314,HS,21035985,21.5,8.182,22.851401504,0,excellent,NA
AIMS,2021-11-15T21:30:00Z,PRM07,STIC,20210924-20220314,HS,21035985,21.5,8.182,22.851401504,0,excellent,NA
AIMS,2021-11-15T22:00:00Z,PRM07,STIC,20210924-20220314,HS,21035985,21.5,8.182,22.851401504,0,excellent,NA
AIMS,2021-11-15T22:30:00Z,PRM07,STIC,20210924-20220314,HS,21035985,21.5,8.082,22.851401504,0,excellent,NA
AIMS,2021-11-15T23:00:00Z,PRM07,STIC,20210924-20220314,HS,21035985,21.5,7.983,22.851401504,0,excellent,NA
AIMS,2021-11-15T23:30:00Z,PRM07,STIC,20210924-20220314,HS,21035985,21.5,7.782,22.851401504,0,excellent,NA
AIMS,2021-11-16T00:00:00Z,PRM07,STIC,20210924-20220314,HS,21035985,21.5,7.582,22.851401504,0,excellent,NA
AIMS,2021-11-16T00:30:00Z,PRM07,STIC,20210924-20220314,HS,21035985,21.5,7.381,22.851401504,0,excellent,NA
AIMS,2021-11-16T01:00:00Z,PRM07,STIC,20210924-20220314,HS,21035985,21.5,7.179,22.851401504,0,excellent,NA
AIMS,2021-11-16T01:30:00Z,PRM07,STIC,20210924-20220314,HS,21035985,21.5,6.978,22.851401504,0,excellent,NA
AIMS,2021-11-16T02:00:00Z,PRM07,STIC,20210924-20220314,HS,21035985,21.5,6.775,22.851401504,0,excellent,NA
AIMS,2021-11-16T02:30:00Z,PRM07,STIC,20210924-20220314,HS,21035985,21.5,6.471,22.851401504,0,excellent,NA
AIMS,2021-11-16T03:00:00Z,PRM07,STIC,20210924-20220314,HS,21035985,10.8,6.166,22.797080000799998,0,excellent,NA
AIMS,2021-11-16T03:30:00Z,PRM07,STIC,20210924-20220314,HS,21035985,21.5,5.962,22.851401504,0,excellent,NA
AIMS,2021-11-16T04:00:00Z,PRM07,STIC,20210924-20220314,HS,21035985,10.8,5.86,22.797080000799998,0,excellent,NA
AIMS,2021-11-16T04:30:00Z,PRM07,STIC,20210924-20220314,HS,21035985,10.8,5.552,22.797080000799998,0,excellent,NA
AIMS,2021-11-16T05:00:00Z,PRM07,STIC,20210924-20220314,HS,21035985,10.8,5.347,22.797080000799998,0,excellent,NA
AIMS,2021-11-16T05:30:00Z,PRM07,STIC,20210924-20220314,HS,21035985,10.8,5.244,22.797080000799998,0,excellent,NA
AIMS,2021-11-16T06:00:00Z,PRM07,STIC,20210924-20220314,HS,21035985,10.8,5.037,22.797080000799998,0,excellent,NA
AIMS,2021-11-16T06:30:00Z,PRM07,STIC,20210924-20220314,HS,21035985,10.8,4.934,22.797080000799998,0,excellent,NA
AIMS,2021-11-16T07:00:00Z,PRM07,STIC,20210924-20220314,HS,21035985,10.8,4.727,22.797080000799998,0,excellent,NA
AIMS,2021-11-16T07:30:00Z,PRM07,STIC,20210924-20220314,HS,21035985,10.8,4.727,22.797080000799998,0,excellent,NA
AIMS,2021-11-16T08:00:00Z,PRM07,STIC,20210924-20220314,HS,21035985,10.8,4.727,22.797080000799998,0,excellent,NA
AIMS,2021-11-16T08:30:00Z,PRM07,STIC,20210924-20220314,HS,21035985,10.8,4.727,22.797080000799998,0,excellent,NA
AIMS,2021-11-16T09:00:00Z,PRM07,STIC,20210924-20220314,HS,21035985,10.8,4.831,22.797080000799998,0,excellent,NA
AIMS,2021-11-16T09:30:00Z,PRM07,STIC,20210924-20220314,HS,21035985,10.8,5.141,22.797080000799998,0,excellent,NA
AIMS,2021-11-16T10:00:00Z,PRM07,STIC,20210924-20220314,HS,21035985,10.8,5.244,22.797080000799998,0,excellent,NA
AIMS,2021-11-16T10:30:00Z,PRM07,STIC,20210924-20220314,HS,21035985,10.8,5.347,22.797080000799998,0,excellent,NA
AIMS,2021-11-16T11:00:00Z,PRM07,STIC,20210924-20220314,HS,21035985,10.8,5.45,22.797080000799998,0,excellent,NA
AIMS,2021-11-16T11:30:00Z,PRM07,STIC,20210924-20220314,HS,21035985,10.8,5.655,22.797080000799998,0,excellent,NA
AIMS,2021-11-16T12:00:00Z,PRM07,STIC,20210924-20220314,HS,21035985,10.8,5.757,22.797080000799998,0,excellent,NA
AIMS,2021-11-16T12:30:00Z,PRM07,STIC,20210924-20220314,HS,21035985,10.8,5.86,22.797080000799998,0,excellent,NA
AIMS,2021-11-16T13:00:00Z,PRM07,STIC,20210924-20220314,HS,21035985,10.8,5.962,22.797080000799998,0,excellent,NA
AIMS,2021-11-16T13:30:00Z,PRM07,STIC,20210924-20220314,HS,21035985,10.8,6.064,22.797080000799998,0,excellent,NA
AIMS,2021-11-16T14:00:00Z,PRM07,STIC,20210924-20220314,HS,21035985,10.8,6.268,22.797080000799998,0,excellent,NA
AIMS,2021-11-16T14:30:00Z,PRM07,STIC,20210924-20220314,HS,21035985,10.8,6.573,22.797080000799998,0,excellent,NA
AIMS,2021-11-16T15:00:00Z,PRM07,STIC,20210924-20220314,HS,21035985,21.5,6.978,22.851401504,0,excellent,NA
AIMS,2021-11-16T15:30:00Z,PRM07,STIC,20210924-20220314,HS,21035985,21.5,7.381,22.851401504,0,excellent,NA
AIMS,2021-11-16T16:00:00Z,PRM07,STIC,20210924-20220314,HS,21035985,10.8,7.882,22.797080000799998,0,excellent,NA
AIMS,2021-11-16T16:30:00Z,PRM07,STIC,20210924-20220314,HS,21035985,21.5,8.481,22.851401504,0,excellent,NA
AIMS,2021-11-16T17:00:00Z,PRM07,STIC,20210924-20220314,HS,21035985,21.5,8.978,22.851401504,0,excellent,NA
AIMS,2021-11-16T17:30:00Z,PRM07,STIC,20210924-20220314,HS,21035985,21.5,10.063,22.851401504,0,excellent,NA
AIMS,2021-11-16T18:00:00Z,PRM07,STIC,20210924-20220314,HS,21035985,10.8,11.139,22.797080000799998,0,excellent,NA
AIMS,2021-11-16T18:30:00Z,PRM07,STIC,20210924-20220314,HS,21035985,0,11.722,22.74225082,0,excellent,NA
AIMS,2021-11-16T19:00:00Z,PRM07,STIC,20210924-20220314,HS,21035985,0,12.787,22.74225082,0,excellent,NA
AIMS,2021-11-16T19:30:00Z,PRM07,STIC,20210924-20220314,HS,21035985,0,12.98,22.74225082,0,excellent,NA
AIMS,2021-11-16T20:00:00Z,PRM07,STIC,20210924-20220314,HS,21035985,0,13.269,22.74225082,0,excellent,NA
AIMS,2021-11-16T20:30:00Z,PRM07,STIC,20210924-20220314,HS,21035985,0,13.269,22.74225082,0,excellent,NA
AIMS,2021-11-16T21:00:00Z,PRM07,STIC,20210924-20220314,HS,21035985,0,13.269,22.74225082,0,excellent,NA
AIMS,2021-11-16T21:30:00Z,PRM07,STIC,20210924-20220314,HS,21035985,0,13.461,22.74225082,0,excellent,NA
AIMS,2021-11-16T22:00:00Z,PRM07,STIC,20210924-20220314,HS,21035985,0,13.558,22.74225082,0,excellent,NA
AIMS,2021-11-16T22:30:00Z,PRM07,STIC,20210924-20220314,HS,21035985,0,13.461,22.74225082,0,excellent,NA
AIMS,2021-11-16T23:00:00Z,PRM07,STIC,20210924-20220314,HS,21035985,0,13.269,22.74225082,0,excellent,NA
AIMS,2021-11-16T23:30:00Z,PRM07,STIC,20210924-20220314,HS,21035985,0,12.98,22.74225082,0,excellent,NA
AIMS,2021-11-17T00:00:00Z,PRM07,STIC,20210924-20220314,HS,21035985,0,12.594,22.74225082,0,excellent,NA
AIMS,2021-11-17T00:30:00Z,PRM07,STIC,20210924-20220314,HS,21035985,0,12.304,22.74225082,0,excellent,NA
AIMS,2021-11-17T01:00:00Z,PRM07,STIC,20210924-20220314,HS,21035985,0,12.11,22.74225082,0,excellent,NA
AIMS,2021-11-17T01:30:00Z,PRM07,STIC,20210924-20220314,HS,21035985,0,12.013,22.74225082,0,excellent,NA
AIMS,2021-11-17T02:00:00Z,PRM07,STIC,20210924-20220314,HS,21035985,0,11.819,22.74225082,0,excellent,NA
AIMS,2021-11-17T02:30:00Z,PRM07,STIC,20210924-20220314,HS,21035985,0,11.722,22.74225082,0,excellent,NA
AIMS,2021-11-17T03:00:00Z,PRM07,STIC,20210924-20220314,HS,21035985,0,11.528,22.74225082,0,excellent,NA
AIMS,2021-11-17T03:30:00Z,PRM07,STIC,20210924-20220314,HS,21035985,0,11.431,22.74225082,0,excellent,NA
AIMS,2021-11-17T04:00:00Z,PRM07,STIC,20210924-20220314,HS,21035985,0,11.236,22.74225082,0,excellent,NA
AIMS,2021-11-17T04:30:00Z,PRM07,STIC,20210924-20220314,HS,21035985,0,11.139,22.74225082,0,excellent,NA
AIMS,2021-11-17T05:00:00Z,PRM07,STIC,20210924-20220314,HS,21035985,0,10.944,22.74225082,0,excellent,NA
AIMS,2021-11-17T05:30:00Z,PRM07,STIC,20210924-20220314,HS,21035985,0,10.846,22.74225082,0,excellent,NA
AIMS,2021-11-17T06:00:00Z,PRM07,STIC,20210924-20220314,HS,21035985,0,10.748,22.74225082,0,excellent,NA
AIMS,2021-11-17T06:30:00Z,PRM07,STIC,20210924-20220314,HS,21035985,0,10.455,22.74225082,0,excellent,NA
AIMS,2021-11-17T07:00:00Z,PRM07,STIC,20210924-20220314,HS,21035985,0,10.357,22.74225082,0,excellent,NA
AIMS,2021-11-17T07:30:00Z,PRM07,STIC,20210924-20220314,HS,21035985,0,10.161,22.74225082,0,excellent,NA
AIMS,2021-11-17T08:00:00Z,PRM07,STIC,20210924-20220314,HS,21035985,0,9.965,22.74225082,0,excellent,NA
AIMS,2021-11-17T08:30:00Z,PRM07,STIC,20210924-20220314,HS,21035985,0,9.768,22.74225082,0,excellent,NA
AIMS,2021-11-17T09:00:00Z,PRM07,STIC,20210924-20220314,HS,21035985,0,9.669,22.74225082,0,excellent,NA
AIMS,2021-11-17T09:30:00Z,PRM07,STIC,20210924-20220314,HS,21035985,0,9.571,22.74225082,0,excellent,NA
AIMS,2021-11-17T10:00:00Z,PRM07,STIC,20210924-20220314,HS,21035985,0,9.373,22.74225082,0,excellent,NA
AIMS,2021-11-17T10:30:00Z,PRM07,STIC,20210924-20220314,HS,21035985,0,9.077,22.74225082,0,excellent,NA
AIMS,2021-11-17T11:00:00Z,PRM07,STIC,20210924-20220314,HS,21035985,0,9.077,22.74225082,0,excellent,NA
AIMS,2021-11-17T11:30:00Z,PRM07,STIC,20210924-20220314,HS,21035985,0,8.978,22.74225082,0,excellent,NA
AIMS,2021-11-17T12:00:00Z,PRM07,STIC,20210924-20220314,HS,21035985,0,8.779,22.74225082,0,excellent,NA
AIMS,2021-11-17T12:30:00Z,PRM07,STIC,20210924-20220314,HS,21035985,10.8,8.68,22.797080000799998,0,excellent,NA
AIMS,2021-11-17T13:00:00Z,PRM07,STIC,20210924-20220314,HS,21035985,10.8,8.481,22.797080000799998,0,excellent,NA
AIMS,2021-11-17T13:30:00Z,PRM07,STIC,20210924-20220314,HS,21035985,10.8,8.282,22.797080000799998,0,excellent,NA
AIMS,2021-11-17T14:00:00Z,PRM07,STIC,20210924-20220314,HS,21035985,10.8,8.382,22.797080000799998,0,excellent,NA
AIMS,2021-11-17T14:30:00Z,PRM07,STIC,20210924-20220314,HS,21035985,10.8,8.779,22.797080000799998,0,excellent,NA
AIMS,2021-11-17T15:00:00Z,PRM07,STIC,20210924-20220314,HS,21035985,10.8,9.176,22.797080000799998,0,excellent,NA
AIMS,2021-11-17T15:30:00Z,PRM07,STIC,20210924-20220314,HS,21035985,10.8,9.669,22.797080000799998,0,excellent,NA
AIMS,2021-11-17T16:00:00Z,PRM07,STIC,20210924-20220314,HS,21035985,10.8,10.259,22.797080000799998,0,excellent,NA
AIMS,2021-11-17T16:30:00Z,PRM07,STIC,20210924-20220314,HS,21035985,10.8,10.944,22.797080000799998,0,excellent,NA
AIMS,2021-11-17T17:00:00Z,PRM07,STIC,20210924-20220314,HS,21035985,10.8,11.528,22.797080000799998,0,excellent,NA
AIMS,2021-11-17T17:30:00Z,PRM07,STIC,20210924-20220314,HS,21035985,10.8,12.304,22.797080000799998,0,excellent,NA
AIMS,2021-11-17T18:00:00Z,PRM07,STIC,20210924-20220314,HS,21035985,10.8,12.594,22.797080000799998,0,excellent,NA
AIMS,2021-11-17T18:30:00Z,PRM07,STIC,20210924-20220314,HS,21035985,10.8,13.076,22.797080000799998,0,excellent,NA
AIMS,2021-11-17T19:00:00Z,PRM07,STIC,20210924-20220314,HS,21035985,0,13.846,22.74225082,0,excellent,NA
AIMS,2021-11-17T19:30:00Z,PRM07,STIC,20210924-20220314,HS,21035985,0,14.325,22.74225082,0,excellent,NA
AIMS,2021-11-17T20:00:00Z,PRM07,STIC,20210924-20220314,HS,21035985,0,14.613,22.74225082,0,excellent,NA
AIMS,2021-11-17T20:30:00Z,PRM07,STIC,20210924-20220314,HS,21035985,0,14.613,22.74225082,0,excellent,NA
AIMS,2021-11-17T21:00:00Z,PRM07,STIC,20210924-20220314,HS,21035985,0,14.517,22.74225082,0,excellent,NA
AIMS,2021-11-17T21:30:00Z,PRM07,STIC,20210924-20220314,HS,21035985,0,14.517,22.74225082,0,excellent,NA
AIMS,2021-11-17T22:00:00Z,PRM07,STIC,20210924-20220314,HS,21035985,0,14.613,22.74225082,0,excellent,NA
AIMS,2021-11-17T22:30:00Z,PRM07,STIC,20210924-20220314,HS,21035985,0,14.421,22.74225082,0,excellent,NA
AIMS,2021-11-17T23:00:00Z,PRM07,STIC,20210924-20220314,HS,21035985,0,14.134,22.74225082,0,excellent,NA
AIMS,2021-11-17T23:30:00Z,PRM07,STIC,20210924-20220314,HS,21035985,0,13.75,22.74225082,0,excellent,NA
AIMS,2021-11-18T00:00:00Z,PRM07,STIC,20210924-20220314,HS,21035985,0,13.461,22.74225082,0,excellent,NA
AIMS,2021-11-18T00:30:00Z,PRM07,STIC,20210924-20220314,HS,21035985,0,13.173,22.74225082,0,excellent,NA
AIMS,2021-11-18T01:00:00Z,PRM07,STIC,20210924-20220314,HS,21035985,0,12.98,22.74225082,0,excellent,NA
AIMS,2021-11-18T01:30:00Z,PRM07,STIC,20210924-20220314,HS,21035985,0,12.69,22.74225082,0,excellent,NA
AIMS,2021-11-18T02:00:00Z,PRM07,STIC,20210924-20220314,HS,21035985,0,12.594,22.74225082,0,excellent,NA
AIMS,2021-11-18T02:30:00Z,PRM07,STIC,20210924-20220314,HS,21035985,0,12.401,22.74225082,0,excellent,NA
AIMS,2021-11-18T03:00:00Z,PRM07,STIC,20210924-20220314,HS,21035985,0,12.207,22.74225082,0,excellent,NA
AIMS,2021-11-18T03:30:00Z,PRM07,STIC,20210924-20220314,HS,21035985,0,12.013,22.74225082,0,excellent,NA
AIMS,2021-11-18T04:00:00Z,PRM07,STIC,20210924-20220314,HS,21035985,0,12.013,22.74225082,0,excellent,NA
AIMS,2021-11-18T04:30:00Z,PRM07,STIC,20210924-20220314,HS,21035985,0,12.013,22.74225082,0,excellent,NA
AIMS,2021-11-18T05:00:00Z,PRM07,STIC,20210924-20220314,HS,21035985,0,11.916,22.74225082,0,excellent,NA
AIMS,2021-11-18T05:30:00Z,PRM07,STIC,20210924-20220314,HS,21035985,0,11.916,22.74225082,0,excellent,NA
AIMS,2021-11-18T06:00:00Z,PRM07,STIC,20210924-20220314,HS,21035985,0,11.916,22.74225082,0,excellent,NA
AIMS,2021-11-18T06:30:00Z,PRM07,STIC,20210924-20220314,HS,21035985,0,11.819,22.74225082,0,excellent,NA
AIMS,2021-11-18T07:00:00Z,PRM07,STIC,20210924-20220314,HS,21035985,0,11.819,22.74225082,0,excellent,NA
AIMS,2021-11-18T07:30:00Z,PRM07,STIC,20210924-20220314,HS,21035985,0,11.819,22.74225082,0,excellent,NA
AIMS,2021-11-18T08:00:00Z,PRM07,STIC,20210924-20220314,HS,21035985,0,11.916,22.74225082,0,excellent,NA
AIMS,2021-11-18T08:30:00Z,PRM07,STIC,20210924-20220314,HS,21035985,0,11.916,22.74225082,0,excellent,NA
AIMS,2021-11-18T09:00:00Z,PRM07,STIC,20210924-20220314,HS,21035985,0,11.916,22.74225082,0,excellent,NA
AIMS,2021-11-18T09:30:00Z,PRM07,STIC,20210924-20220314,HS,21035985,0,11.916,22.74225082,0,excellent,NA
AIMS,2021-11-18T10:00:00Z,PRM07,STIC,20210924-20220314,HS,21035985,0,12.013,22.74225082,0,excellent,NA
AIMS,2021-11-18T10:30:00Z,PRM07,STIC,20210924-20220314,HS,21035985,0,12.013,22.74225082,0,excellent,NA
AIMS,2021-11-18T11:00:00Z,PRM07,STIC,20210924-20220314,HS,21035985,0,11.916,22.74225082,0,excellent,NA
AIMS,2021-11-18T11:30:00Z,PRM07,STIC,20210924-20220314,HS,21035985,0,11.916,22.74225082,0,excellent,NA
AIMS,2021-11-18T12:00:00Z,PRM07,STIC,20210924-20220314,HS,21035985,0,11.819,22.74225082,0,excellent,NA
AIMS,2021-11-18T12:30:00Z,PRM07,STIC,20210924-20220314,HS,21035985,0,11.819,22.74225082,0,excellent,NA
AIMS,2021-11-18T13:00:00Z,PRM07,STIC,20210924-20220314,HS,21035985,0,11.819,22.74225082,0,excellent,NA
AIMS,2021-11-18T13:30:00Z,PRM07,STIC,20210924-20220314,HS,21035985,0,11.819,22.74225082,0,excellent,NA
AIMS,2021-11-18T14:00:00Z,PRM07,STIC,20210924-20220314,HS,21035985,0,11.819,22.74225082,0,excellent,NA
AIMS,2021-11-18T14:30:00Z,PRM07,STIC,20210924-20220314,HS,21035985,0,11.916,22.74225082,0,excellent,NA
AIMS,2021-11-18T15:00:00Z,PRM07,STIC,20210924-20220314,HS,21035985,0,12.11,22.74225082,0,excellent,NA
AIMS,2021-11-18T15:30:00Z,PRM07,STIC,20210924-20220314,HS,21035985,0,12.69,22.74225082,0,excellent,NA
AIMS,2021-11-18T16:00:00Z,PRM07,STIC,20210924-20220314,HS,21035985,0,12.69,22.74225082,0,excellent,NA
AIMS,2021-11-18T16:30:00Z,PRM07,STIC,20210924-20220314,HS,21035985,0,11.722,22.74225082,0,excellent,NA
AIMS,2021-11-18T17:00:00Z,PRM07,STIC,20210924-20220314,HS,21035985,0,11.431,22.74225082,0,excellent,NA
AIMS,2021-11-18T17:30:00Z,PRM07,STIC,20210924-20220314,HS,21035985,0,10.944,22.74225082,0,excellent,NA
AIMS,2021-11-18T18:00:00Z,PRM07,STIC,20210924-20220314,HS,21035985,0,10.259,22.74225082,0,excellent,NA
AIMS,2021-11-18T18:30:00Z,PRM07,STIC,20210924-20220314,HS,21035985,10.8,9.965,22.797080000799998,0,excellent,NA
AIMS,2021-11-18T19:00:00Z,PRM07,STIC,20210924-20220314,HS,21035985,10.8,9.768,22.797080000799998,0,excellent,NA
AIMS,2021-11-18T19:30:00Z,PRM07,STIC,20210924-20220314,HS,21035985,10.8,9.669,22.797080000799998,0,excellent,NA
AIMS,2021-11-18T20:00:00Z,PRM07,STIC,20210924-20220314,HS,21035985,10.8,9.373,22.797080000799998,0,excellent,NA
AIMS,2021-11-18T20:30:00Z,PRM07,STIC,20210924-20220314,HS,21035985,10.8,9.275,22.797080000799998,0,excellent,NA
AIMS,2021-11-18T21:00:00Z,PRM07,STIC,20210924-20220314,HS,21035985,21.5,9.077,22.851401504,0,excellent,NA
AIMS,2021-11-18T21:30:00Z,PRM07,STIC,20210924-20220314,HS,21035985,21.5,9.077,22.851401504,0,excellent,NA
AIMS,2021-11-18T22:00:00Z,PRM07,STIC,20210924-20220314,HS,21035985,21.5,8.978,22.851401504,0,excellent,NA
AIMS,2021-11-18T22:30:00Z,PRM07,STIC,20210924-20220314,HS,21035985,21.5,8.779,22.851401504,0,excellent,NA
AIMS,2021-11-18T23:00:00Z,PRM07,STIC,20210924-20220314,HS,21035985,21.5,8.68,22.851401504,0,excellent,NA
AIMS,2021-11-18T23:30:00Z,PRM07,STIC,20210924-20220314,HS,21035985,21.5,8.581,22.851401504,0,excellent,NA
AIMS,2021-11-19T00:00:00Z,PRM07,STIC,20210924-20220314,HS,21035985,21.5,8.182,22.851401504,0,excellent,NA
AIMS,2021-11-19T00:30:00Z,PRM07,STIC,20210924-20220314,HS,21035985,32.3,7.782,22.9062306848,0,excellent,NA
AIMS,2021-11-19T01:00:00Z,PRM07,STIC,20210924-20220314,HS,21035985,32.3,7.481,22.9062306848,0,excellent,NA
AIMS,2021-11-19T01:30:00Z,PRM07,STIC,20210924-20220314,HS,21035985,32.3,6.877,22.9062306848,0,excellent,NA
AIMS,2021-11-19T02:00:00Z,PRM07,STIC,20210924-20220314,HS,21035985,32.3,6.674,22.9062306848,0,excellent,NA
AIMS,2021-11-19T02:30:00Z,PRM07,STIC,20210924-20220314,HS,21035985,32.3,6.37,22.9062306848,0,excellent,NA
AIMS,2021-11-19T03:00:00Z,PRM07,STIC,20210924-20220314,HS,21035985,32.3,6.064,22.9062306848,0,excellent,NA
AIMS,2021-11-19T03:30:00Z,PRM07,STIC,20210924-20220314,HS,21035985,32.3,5.655,22.9062306848,0,excellent,NA
AIMS,2021-11-19T04:00:00Z,PRM07,STIC,20210924-20220314,HS,21035985,32.3,5.552,22.9062306848,0,excellent,NA
AIMS,2021-11-19T04:30:00Z,PRM07,STIC,20210924-20220314,HS,21035985,32.3,5.347,22.9062306848,0,excellent,NA
AIMS,2021-11-19T05:00:00Z,PRM07,STIC,20210924-20220314,HS,21035985,43.1,5.037,22.9610598656,0,excellent,NA
AIMS,2021-11-19T05:30:00Z,PRM07,STIC,20210924-20220314,HS,21035985,43.1,4.415,22.9610598656,0,excellent,NA
AIMS,2021-11-19T06:00:00Z,PRM07,STIC,20210924-20220314,HS,21035985,43.1,4.102,22.9610598656,0,excellent,NA
AIMS,2021-11-19T06:30:00Z,PRM07,STIC,20210924-20220314,HS,21035985,43.1,3.893,22.9610598656,0,excellent,NA
AIMS,2021-11-19T07:00:00Z,PRM07,STIC,20210924-20220314,HS,21035985,43.1,3.578,22.9610598656,0,excellent,NA
AIMS,2021-11-19T07:30:00Z,PRM07,STIC,20210924-20220314,HS,21035985,43.1,3.367,22.9610598656,0,excellent,NA
AIMS,2021-11-19T08:00:00Z,PRM07,STIC,20210924-20220314,HS,21035985,43.1,3.261,22.9610598656,0,excellent,NA
AIMS,2021-11-19T08:30:00Z,PRM07,STIC,20210924-20220314,HS,21035985,43.1,3.049,22.9610598656,0,excellent,NA
AIMS,2021-11-19T09:00:00Z,PRM07,STIC,20210924-20220314,HS,21035985,43.1,2.943,22.9610598656,0,excellent,NA
AIMS,2021-11-19T09:30:00Z,PRM07,STIC,20210924-20220314,HS,21035985,43.1,2.73,22.9610598656,0,excellent,NA
AIMS,2021-11-19T10:00:00Z,PRM07,STIC,20210924-20220314,HS,21035985,43.1,2.517,22.9610598656,0,excellent,NA
AIMS,2021-11-19T10:30:00Z,PRM07,STIC,20210924-20220314,HS,21035985,43.1,2.41,22.9610598656,0,excellent,NA
AIMS,2021-11-19T11:00:00Z,PRM07,STIC,20210924-20220314,HS,21035985,43.1,2.088,22.9610598656,0,excellent,NA
AIMS,2021-11-19T11:30:00Z,PRM07,STIC,20210924-20220314,HS,21035985,53.8,2.088,23.0153813688,0,excellent,NA
AIMS,2021-11-19T12:00:00Z,PRM07,STIC,20210924-20220314,HS,21035985,43.1,1.656,22.9610598656,0,excellent,NA
AIMS,2021-11-19T12:30:00Z,PRM07,STIC,20210924-20220314,HS,21035985,43.1,1.656,22.9610598656,0,excellent,NA
AIMS,2021-11-19T13:00:00Z,PRM07,STIC,20210924-20220314,HS,21035985,43.1,1.548,22.9610598656,0,excellent,NA
AIMS,2021-11-19T13:30:00Z,PRM07,STIC,20210924-20220314,HS,21035985,43.1,1.439,22.9610598656,0,excellent,NA
AIMS,2021-11-19T14:00:00Z,PRM07,STIC,20210924-20220314,HS,21035985,43.1,1.33,22.9610598656,0,excellent,NA
AIMS,2021-11-19T14:30:00Z,PRM07,STIC,20210924-20220314,HS,21035985,43.1,1.33,22.9610598656,0,excellent,NA
AIMS,2021-11-19T15:00:00Z,PRM07,STIC,20210924-20220314,HS,21035985,43.1,1.872,22.9610598656,0,excellent,NA
AIMS,2021-11-19T15:30:00Z,PRM07,STIC,20210924-20220314,HS,21035985,43.1,2.303,22.9610598656,0,excellent,NA
AIMS,2021-11-19T16:00:00Z,PRM07,STIC,20210924-20220314,HS,21035985,53.8,2.73,23.0153813688,0,excellent,NA
AIMS,2021-11-19T16:30:00Z,PRM07,STIC,20210924-20220314,HS,21035985,53.8,3.261,23.0153813688,0,excellent,NA
AIMS,2021-11-19T17:00:00Z,PRM07,STIC,20210924-20220314,HS,21035985,53.8,3.893,23.0153813688,0,excellent,NA
AIMS,2021-11-19T17:30:00Z,PRM07,STIC,20210924-20220314,HS,21035985,53.8,4.311,23.0153813688,0,excellent,NA
AIMS,2021-11-19T18:00:00Z,PRM07,STIC,20210924-20220314,HS,21035985,53.8,4.727,23.0153813688,0,excellent,NA
AIMS,2021-11-19T18:30:00Z,PRM07,STIC,20210924-20220314,HS,21035985,53.8,5.141,23.0153813688,0,excellent,NA
AIMS,2021-11-19T19:00:00Z,PRM07,STIC,20210924-20220314,HS,21035985,53.8,5.552,23.0153813688,0,excellent,NA
AIMS,2021-11-19T19:30:00Z,PRM07,STIC,20210924-20220314,HS,21035985,53.8,5.86,23.0153813688,0,excellent,NA
AIMS,2021-11-19T20:00:00Z,PRM07,STIC,20210924-20220314,HS,21035985,53.8,6.268,23.0153813688,0,excellent,NA
AIMS,2021-11-19T20:30:00Z,PRM07,STIC,20210924-20220314,HS,21035985,53.8,6.471,23.0153813688,0,excellent,NA
AIMS,2021-11-19T21:00:00Z,PRM07,STIC,20210924-20220314,HS,21035985,53.8,6.573,23.0153813688,0,excellent,NA
AIMS,2021-11-19T21:30:00Z,PRM07,STIC,20210924-20220314,HS,21035985,53.8,6.674,23.0153813688,0,excellent,NA
AIMS,2021-11-19T22:00:00Z,PRM07,STIC,20210924-20220314,HS,21035985,53.8,6.674,23.0153813688,0,excellent,NA
AIMS,2021-11-19T22:30:00Z,PRM07,STIC,20210924-20220314,HS,21035985,53.8,6.573,23.0153813688,0,excellent,NA
AIMS,2021-11-19T23:00:00Z,PRM07,STIC,20210924-20220314,HS,21035985,53.8,6.268,23.0153813688,0,excellent,NA
AIMS,2021-11-19T23:30:00Z,PRM07,STIC,20210924-20220314,HS,21035985,53.8,6.064,23.0153813688,0,excellent,NA
AIMS,2021-11-20T00:00:00Z,PRM07,STIC,20210924-20220314,HS,21035985,53.8,5.757,23.0153813688,0,excellent,NA
AIMS,2021-11-20T00:30:00Z,PRM07,STIC,20210924-20220314,HS,21035985,53.8,5.552,23.0153813688,0,excellent,NA
AIMS,2021-11-20T01:00:00Z,PRM07,STIC,20210924-20220314,HS,21035985,53.8,5.347,23.0153813688,0,excellent,NA
AIMS,2021-11-20T01:30:00Z,PRM07,STIC,20210924-20220314,HS,21035985,53.8,4.934,23.0153813688,0,excellent,NA
AIMS,2021-11-20T02:00:00Z,PRM07,STIC,20210924-20220314,HS,21035985,53.8,4.623,23.0153813688,0,excellent,NA
AIMS,2021-11-20T02:30:00Z,PRM07,STIC,20210924-20220314,HS,21035985,53.8,4.311,23.0153813688,0,excellent,NA
AIMS,2021-11-20T03:00:00Z,PRM07,STIC,20210924-20220314,HS,21035985,53.8,3.998,23.0153813688,0,excellent,NA
AIMS,2021-11-20T03:30:00Z,PRM07,STIC,20210924-20220314,HS,21035985,53.8,3.683,23.0153813688,0,excellent,NA
AIMS,2021-11-20T04:00:00Z,PRM07,STIC,20210924-20220314,HS,21035985,53.8,3.261,23.0153813688,0,excellent,NA
AIMS,2021-11-20T04:30:00Z,PRM07,STIC,20210924-20220314,HS,21035985,53.8,3.155,23.0153813688,0,excellent,NA
AIMS,2021-11-20T05:00:00Z,PRM07,STIC,20210924-20220314,HS,21035985,53.8,2.837,23.0153813688,0,excellent,NA
AIMS,2021-11-20T05:30:00Z,PRM07,STIC,20210924-20220314,HS,21035985,53.8,2.624,23.0153813688,0,excellent,NA
AIMS,2021-11-20T06:00:00Z,PRM07,STIC,20210924-20220314,HS,21035985,53.8,2.303,23.0153813688,0,excellent,NA
AIMS,2021-11-20T06:30:00Z,PRM07,STIC,20210924-20220314,HS,21035985,53.8,2.088,23.0153813688,0,excellent,NA
AIMS,2021-11-20T07:00:00Z,PRM07,STIC,20210924-20220314,HS,21035985,53.8,2.088,23.0153813688,0,excellent,NA
AIMS,2021-11-20T07:30:00Z,PRM07,STIC,20210924-20220314,HS,21035985,43.1,1.98,22.9610598656,0,excellent,NA
AIMS,2021-11-20T08:00:00Z,PRM07,STIC,20210924-20220314,HS,21035985,43.1,1.764,22.9610598656,0,excellent,NA
AIMS,2021-11-20T08:30:00Z,PRM07,STIC,20210924-20220314,HS,21035985,43.1,1.872,22.9610598656,0,excellent,NA
AIMS,2021-11-20T09:00:00Z,PRM07,STIC,20210924-20220314,HS,21035985,43.1,1.548,22.9610598656,0,excellent,NA
AIMS,2021-11-20T09:30:00Z,PRM07,STIC,20210924-20220314,HS,21035985,43.1,1.439,22.9610598656,0,excellent,NA
AIMS,2021-11-20T10:00:00Z,PRM07,STIC,20210924-20220314,HS,21035985,53.8,1.548,23.0153813688,0,excellent,NA
AIMS,2021-11-20T10:30:00Z,PRM07,STIC,20210924-20220314,HS,21035985,43.1,1.33,22.9610598656,0,excellent,NA
AIMS,2021-11-20T11:00:00Z,PRM07,STIC,20210924-20220314,HS,21035985,43.1,1.33,22.9610598656,0,excellent,NA
AIMS,2021-11-20T11:30:00Z,PRM07,STIC,20210924-20220314,HS,21035985,43.1,1.439,22.9610598656,0,excellent,NA
AIMS,2021-11-20T12:00:00Z,PRM07,STIC,20210924-20220314,HS,21035985,53.8,1.872,23.0153813688,0,excellent,NA
AIMS,2021-11-20T12:30:00Z,PRM07,STIC,20210924-20220314,HS,21035985,53.8,2.41,23.0153813688,0,excellent,NA
AIMS,2021-11-20T13:00:00Z,PRM07,STIC,20210924-20220314,HS,21035985,53.8,2.624,23.0153813688,0,excellent,NA
AIMS,2021-11-20T13:30:00Z,PRM07,STIC,20210924-20220314,HS,21035985,53.8,2.73,23.0153813688,0,excellent,NA
AIMS,2021-11-20T14:00:00Z,PRM07,STIC,20210924-20220314,HS,21035985,53.8,2.837,23.0153813688,0,excellent,NA
AIMS,2021-11-20T14:30:00Z,PRM07,STIC,20210924-20220314,HS,21035985,53.8,2.943,23.0153813688,0,excellent,NA
AIMS,2021-11-20T15:00:00Z,PRM07,STIC,20210924-20220314,HS,21035985,53.8,3.155,23.0153813688,0,excellent,NA
AIMS,2021-11-20T15:30:00Z,PRM07,STIC,20210924-20220314,HS,21035985,53.8,3.472,23.0153813688,0,excellent,NA
AIMS,2021-11-20T16:00:00Z,PRM07,STIC,20210924-20220314,HS,21035985,53.8,3.998,23.0153813688,0,excellent,NA
AIMS,2021-11-20T16:30:00Z,PRM07,STIC,20210924-20220314,HS,21035985,53.8,4.623,23.0153813688,0,excellent,NA
AIMS,2021-11-20T17:00:00Z,PRM07,STIC,20210924-20220314,HS,21035985,53.8,5.244,23.0153813688,0,excellent,NA
AIMS,2021-11-20T17:30:00Z,PRM07,STIC,20210924-20220314,HS,21035985,53.8,5.86,23.0153813688,0,excellent,NA
AIMS,2021-11-20T18:00:00Z,PRM07,STIC,20210924-20220314,HS,21035985,53.8,6.877,23.0153813688,0,excellent,NA
AIMS,2021-11-20T18:30:00Z,PRM07,STIC,20210924-20220314,HS,21035985,53.8,7.582,23.0153813688,0,excellent,NA
AIMS,2021-11-20T19:00:00Z,PRM07,STIC,20210924-20220314,HS,21035985,53.8,7.782,23.0153813688,0,excellent,NA
AIMS,2021-11-20T19:30:00Z,PRM07,STIC,20210924-20220314,HS,21035985,53.8,8.082,23.0153813688,0,excellent,NA
AIMS,2021-11-20T20:00:00Z,PRM07,STIC,20210924-20220314,HS,21035985,53.8,8.182,23.0153813688,0,excellent,NA
AIMS,2021-11-20T20:30:00Z,PRM07,STIC,20210924-20220314,HS,21035985,43.1,8.481,22.9610598656,0,excellent,NA
AIMS,2021-11-20T21:00:00Z,PRM07,STIC,20210924-20220314,HS,21035985,43.1,8.581,22.9610598656,0,excellent,NA
AIMS,2021-11-20T21:30:00Z,PRM07,STIC,20210924-20220314,HS,21035985,43.1,8.481,22.9610598656,0,excellent,NA
AIMS,2021-11-20T22:00:00Z,PRM07,STIC,20210924-20220314,HS,21035985,43.1,8.779,22.9610598656,0,excellent,NA
AIMS,2021-11-20T22:30:00Z,PRM07,STIC,20210924-20220314,HS,21035985,53.8,8.68,23.0153813688,0,excellent,NA
AIMS,2021-11-20T23:00:00Z,PRM07,STIC,20210924-20220314,HS,21035985,53.8,8.481,23.0153813688,0,excellent,NA
AIMS,2021-11-20T23:30:00Z,PRM07,STIC,20210924-20220314,HS,21035985,43.1,7.782,22.9610598656,0,excellent,NA
AIMS,2021-11-21T00:00:00Z,PRM07,STIC,20210924-20220314,HS,21035985,43.1,7.28,22.9610598656,0,excellent,NA
AIMS,2021-11-21T00:30:00Z,PRM07,STIC,20210924-20220314,HS,21035985,43.1,6.877,22.9610598656,0,excellent,NA
AIMS,2021-11-21T01:00:00Z,PRM07,STIC,20210924-20220314,HS,21035985,43.1,6.674,22.9610598656,0,excellent,NA
AIMS,2021-11-21T01:30:00Z,PRM07,STIC,20210924-20220314,HS,21035985,43.1,6.471,22.9610598656,0,excellent,NA
AIMS,2021-11-21T02:00:00Z,PRM07,STIC,20210924-20220314,HS,21035985,43.1,6.166,22.9610598656,0,excellent,NA
AIMS,2021-11-21T02:30:00Z,PRM07,STIC,20210924-20220314,HS,21035985,43.1,5.86,22.9610598656,0,excellent,NA
AIMS,2021-11-21T03:00:00Z,PRM07,STIC,20210924-20220314,HS,21035985,43.1,5.655,22.9610598656,0,excellent,NA
AIMS,2021-11-21T03:30:00Z,PRM07,STIC,20210924-20220314,HS,21035985,43.1,5.347,22.9610598656,0,excellent,NA
AIMS,2021-11-21T04:00:00Z,PRM07,STIC,20210924-20220314,HS,21035985,43.1,5.037,22.9610598656,0,excellent,NA
AIMS,2021-11-21T04:30:00Z,PRM07,STIC,20210924-20220314,HS,21035985,43.1,4.831,22.9610598656,0,excellent,NA
AIMS,2021-11-21T05:00:00Z,PRM07,STIC,20210924-20220314,HS,21035985,43.1,4.519,22.9610598656,0,excellent,NA
AIMS,2021-11-21T05:30:00Z,PRM07,STIC,20210924-20220314,HS,21035985,43.1,4.415,22.9610598656,0,excellent,NA
AIMS,2021-11-21T06:00:00Z,PRM07,STIC,20210924-20220314,HS,21035985,43.1,4.311,22.9610598656,0,excellent,NA
AIMS,2021-11-21T06:30:00Z,PRM07,STIC,20210924-20220314,HS,21035985,43.1,4.207,22.9610598656,0,excellent,NA
AIMS,2021-11-21T07:00:00Z,PRM07,STIC,20210924-20220314,HS,21035985,43.1,4.311,22.9610598656,0,excellent,NA
AIMS,2021-11-21T07:30:00Z,PRM07,STIC,20210924-20220314,HS,21035985,43.1,4.415,22.9610598656,0,excellent,NA
AIMS,2021-11-21T08:00:00Z,PRM07,STIC,20210924-20220314,HS,21035985,43.1,4.415,22.9610598656,0,excellent,NA
AIMS,2021-11-21T08:30:00Z,PRM07,STIC,20210924-20220314,HS,21035985,43.1,4.311,22.9610598656,0,excellent,NA
AIMS,2021-11-21T09:00:00Z,PRM07,STIC,20210924-20220314,HS,21035985,43.1,4.311,22.9610598656,0,excellent,NA
AIMS,2021-11-21T09:30:00Z,PRM07,STIC,20210924-20220314,HS,21035985,43.1,4.311,22.9610598656,0,excellent,NA
AIMS,2021-11-21T10:00:00Z,PRM07,STIC,20210924-20220314,HS,21035985,43.1,4.415,22.9610598656,0,excellent,NA
AIMS,2021-11-21T10:30:00Z,PRM07,STIC,20210924-20220314,HS,21035985,43.1,4.415,22.9610598656,0,excellent,NA
AIMS,2021-11-21T11:00:00Z,PRM07,STIC,20210924-20220314,HS,21035985,43.1,4.311,22.9610598656,0,excellent,NA
AIMS,2021-11-21T11:30:00Z,PRM07,STIC,20210924-20220314,HS,21035985,43.1,4.102,22.9610598656,0,excellent,NA
AIMS,2021-11-21T12:00:00Z,PRM07,STIC,20210924-20220314,HS,21035985,43.1,3.893,22.9610598656,0,excellent,NA
AIMS,2021-11-21T12:30:00Z,PRM07,STIC,20210924-20220314,HS,21035985,43.1,3.788,22.9610598656,0,excellent,NA
AIMS,2021-11-21T13:00:00Z,PRM07,STIC,20210924-20220314,HS,21035985,43.1,3.788,22.9610598656,0,excellent,NA
AIMS,2021-11-21T13:30:00Z,PRM07,STIC,20210924-20220314,HS,21035985,43.1,3.683,22.9610598656,0,excellent,NA
AIMS,2021-11-21T14:00:00Z,PRM07,STIC,20210924-20220314,HS,21035985,43.1,4.102,22.9610598656,0,excellent,NA
AIMS,2021-11-21T14:30:00Z,PRM07,STIC,20210924-20220314,HS,21035985,43.1,4.415,22.9610598656,0,excellent,NA
AIMS,2021-11-21T15:00:00Z,PRM07,STIC,20210924-20220314,HS,21035985,53.8,4.934,23.0153813688,0,excellent,NA
AIMS,2021-11-21T15:30:00Z,PRM07,STIC,20210924-20220314,HS,21035985,53.8,5.757,23.0153813688,0,excellent,NA
AIMS,2021-11-21T16:00:00Z,PRM07,STIC,20210924-20220314,HS,21035985,53.8,6.775,23.0153813688,0,excellent,NA
AIMS,2021-11-21T16:30:00Z,PRM07,STIC,20210924-20220314,HS,21035985,53.8,7.882,23.0153813688,0,excellent,NA
AIMS,2021-11-21T17:00:00Z,PRM07,STIC,20210924-20220314,HS,21035985,53.8,8.382,23.0153813688,0,excellent,NA
AIMS,2021-11-21T17:30:00Z,PRM07,STIC,20210924-20220314,HS,21035985,53.8,9.275,23.0153813688,0,excellent,NA
AIMS,2021-11-21T18:00:00Z,PRM07,STIC,20210924-20220314,HS,21035985,53.8,9.866,23.0153813688,0,excellent,NA
AIMS,2021-11-21T18:30:00Z,PRM07,STIC,20210924-20220314,HS,21035985,53.8,10.455,23.0153813688,0,excellent,NA
AIMS,2021-11-21T19:00:00Z,PRM07,STIC,20210924-20220314,HS,21035985,53.8,10.944,23.0153813688,0,excellent,NA
AIMS,2021-11-21T19:30:00Z,PRM07,STIC,20210924-20220314,HS,21035985,53.8,11.236,23.0153813688,0,excellent,NA
AIMS,2021-11-21T20:00:00Z,PRM07,STIC,20210924-20220314,HS,21035985,53.8,11.722,23.0153813688,0,excellent,NA
AIMS,2021-11-21T20:30:00Z,PRM07,STIC,20210924-20220314,HS,21035985,53.8,11.916,23.0153813688,0,excellent,NA
AIMS,2021-11-21T21:00:00Z,PRM07,STIC,20210924-20220314,HS,21035985,53.8,11.819,23.0153813688,0,excellent,NA
AIMS,2021-11-21T21:30:00Z,PRM07,STIC,20210924-20220314,HS,21035985,53.8,11.916,23.0153813688,0,excellent,NA
AIMS,2021-11-21T22:00:00Z,PRM07,STIC,20210924-20220314,HS,21035985,53.8,12.207,23.0153813688,0,excellent,NA
AIMS,2021-11-21T22:30:00Z,PRM07,STIC,20210924-20220314,HS,21035985,53.8,12.013,23.0153813688,0,excellent,NA
AIMS,2021-11-21T23:00:00Z,PRM07,STIC,20210924-20220314,HS,21035985,53.8,11.625,23.0153813688,0,excellent,NA
AIMS,2021-11-21T23:30:00Z,PRM07,STIC,20210924-20220314,HS,21035985,53.8,11.236,23.0153813688,0,excellent,NA
AIMS,2021-11-22T00:00:00Z,PRM07,STIC,20210924-20220314,HS,21035985,53.8,10.944,23.0153813688,0,excellent,NA
AIMS,2021-11-22T00:30:00Z,PRM07,STIC,20210924-20220314,HS,21035985,64.6,10.944,23.0702105496,0,excellent,NA
AIMS,2021-11-22T01:00:00Z,PRM07,STIC,20210924-20220314,HS,21035985,53.8,10.846,23.0153813688,0,excellent,NA
AIMS,2021-11-22T01:30:00Z,PRM07,STIC,20210924-20220314,HS,21035985,43.1,10.748,22.9610598656,0,excellent,NA
AIMS,2021-11-22T02:00:00Z,PRM07,STIC,20210924-20220314,HS,21035985,53.8,10.748,23.0153813688,0,excellent,NA
AIMS,2021-11-22T02:30:00Z,PRM07,STIC,20210924-20220314,HS,21035985,43.1,10.748,22.9610598656,0,excellent,NA
AIMS,2021-11-22T03:00:00Z,PRM07,STIC,20210924-20220314,HS,21035985,53.8,10.748,23.0153813688,0,excellent,NA
AIMS,2021-11-22T03:30:00Z,PRM07,STIC,20210924-20220314,HS,21035985,53.8,10.748,23.0153813688,0,excellent,NA
AIMS,2021-11-22T04:00:00Z,PRM07,STIC,20210924-20220314,HS,21035985,43.1,10.748,22.9610598656,0,excellent,NA
AIMS,2021-11-22T04:30:00Z,PRM07,STIC,20210924-20220314,HS,21035985,26178,11.236,155.642092948,1,excellent,NA
AIMS,2021-11-22T05:00:00Z,PRM07,STIC,20210924-20220314,HS,21035985,24800.2,11.625,148.6473109752,1,excellent,NA
AIMS,2021-11-22T05:30:00Z,PRM07,STIC,20210924-20220314,HS,21035985,26178,11.819,155.642092948,1,excellent,NA
AIMS,2021-11-22T06:00:00Z,PRM07,STIC,20210924-20220314,HS,21035985,20666.8,11.916,127.66296505679999,1,excellent,NA
AIMS,2021-11-22T06:30:00Z,PRM07,STIC,20210924-20220314,HS,21035985,4133.4,12.013,43.7265967384,1,excellent,NA
AIMS,2021-11-22T07:00:00Z,PRM07,STIC,20210924-20220314,HS,21035985,17911.2,12.11,113.6734011112,1,excellent,NA
AIMS,2021-11-22T07:30:00Z,PRM07,STIC,20210924-20220314,HS,21035985,37200.2,12.207,211.5993333752,1,excellent,NA
AIMS,2021-11-22T08:00:00Z,PRM07,STIC,20210924-20220314,HS,21035985,22044.6,12.207,134.6577470296,1,excellent,NA
AIMS,2021-11-22T08:30:00Z,PRM07,STIC,20210924-20220314,HS,21035985,31689.1,12.304,183.6207131616,1,excellent,NA
AIMS,2021-11-22T09:00:00Z,PRM07,STIC,20210924-20220314,HS,21035985,22044.6,12.304,134.6577470296,1,excellent,NA
AIMS,2021-11-22T09:30:00Z,PRM07,STIC,20210924-20220314,HS,21035985,24800.2,12.304,148.6473109752,1,excellent,NA
AIMS,2021-11-22T10:00:00Z,PRM07,STIC,20210924-20220314,HS,21035985,18600.1,12.304,117.17079209759999,1,excellent,NA
AIMS,2021-11-22T10:30:00Z,PRM07,STIC,20210924-20220314,HS,21035985,13089,12.304,89.19217188399999,1,excellent,NA
AIMS,2021-11-22T11:00:00Z,PRM07,STIC,20210924-20220314,HS,21035985,21355.7,12.207,131.1603560432,1,excellent,NA
AIMS,2021-11-22T11:30:00Z,PRM07,STIC,20210924-20220314,HS,21035985,33066.9,12.11,190.61549513440002,1,excellent,NA
AIMS,2021-11-22T12:00:00Z,PRM07,STIC,20210924-20220314,HS,21035985,23422.4,12.11,141.6525290024,1,excellent,NA
AIMS,2021-11-22T12:30:00Z,PRM07,STIC,20210924-20220314,HS,21035985,30311.3,12.11,176.6259311888,1,excellent,NA
AIMS,2021-11-22T13:00:00Z,PRM07,STIC,20210924-20220314,HS,21035985,33066.9,12.013,190.61549513440002,1,excellent,NA
AIMS,2021-11-22T13:30:00Z,PRM07,STIC,20210924-20220314,HS,21035985,22044.6,12.013,134.6577470296,1,excellent,NA
AIMS,2021-11-22T14:00:00Z,PRM07,STIC,20210924-20220314,HS,21035985,35822.5,11.916,204.60505908000002,1,excellent,NA
AIMS,2021-11-22T14:30:00Z,PRM07,STIC,20210924-20220314,HS,21035985,15844.5,11.916,103.18122815199999,1,excellent,NA
AIMS,2021-11-22T15:00:00Z,PRM07,STIC,20210924-20220314,HS,21035985,20666.8,11.819,127.66296505679999,1,excellent,NA
AIMS,2021-11-22T15:30:00Z,PRM07,STIC,20210924-20220314,HS,21035985,24800.2,11.819,148.6473109752,1,excellent,NA
AIMS,2021-11-22T16:00:00Z,PRM07,STIC,20210924-20220314,HS,21035985,28933.5,11.819,169.631149216,1,excellent,NA
AIMS,2021-11-22T16:30:00Z,PRM07,STIC,20210924-20220314,HS,21035985,26178,11.722,155.642092948,1,excellent,NA
AIMS,2021-11-22T17:00:00Z,PRM07,STIC,20210924-20220314,HS,21035985,28933.5,11.722,169.631149216,1,excellent,NA
AIMS,2021-11-22T17:30:00Z,PRM07,STIC,20210924-20220314,HS,21035985,26178,11.722,155.642092948,1,excellent,NA
AIMS,2021-11-22T18:00:00Z,PRM07,STIC,20210924-20220314,HS,21035985,28933.5,11.625,169.631149216,1,excellent,NA
AIMS,2021-11-22T18:30:00Z,PRM07,STIC,20210924-20220314,HS,21035985,35822.5,11.625,204.60505908000002,1,excellent,NA
AIMS,2021-11-22T19:00:00Z,PRM07,STIC,20210924-20220314,HS,21035985,57867,11.528,316.520047612,1,excellent,NA
AIMS,2021-11-22T19:30:00Z,PRM07,STIC,20210924-20220314,HS,21035985,55111.5,11.528,302.530991344,1,excellent,NA
AIMS,2021-11-22T20:00:00Z,PRM07,STIC,20210924-20220314,HS,21035985,57867,11.528,316.520047612,1,excellent,NA
AIMS,2021-11-22T20:30:00Z,PRM07,STIC,20210924-20220314,HS,21035985,55111.5,11.528,302.530991344,1,excellent,NA
AIMS,2021-11-22T21:00:00Z,PRM07,STIC,20210924-20220314,HS,21035985,55111.5,11.431,302.530991344,1,excellent,NA
AIMS,2021-11-22T21:30:00Z,PRM07,STIC,20210924-20220314,HS,21035985,55111.5,11.431,302.530991344,1,excellent,NA
AIMS,2021-11-22T22:00:00Z,PRM07,STIC,20210924-20220314,HS,21035985,55111.5,11.431,302.530991344,1,excellent,NA
AIMS,2021-11-22T22:30:00Z,PRM07,STIC,20210924-20220314,HS,21035985,55111.5,11.236,302.530991344,1,excellent,NA
AIMS,2021-11-22T23:00:00Z,PRM07,STIC,20210924-20220314,HS,21035985,55111.5,11.139,302.530991344,1,excellent,NA
AIMS,2021-11-22T23:30:00Z,PRM07,STIC,20210924-20220314,HS,21035985,55111.5,11.139,302.530991344,1,excellent,NA
AIMS,2021-11-23T00:00:00Z,PRM07,STIC,20210924-20220314,HS,21035985,55111.5,11.041,302.530991344,1,excellent,NA
AIMS,2021-11-23T00:30:00Z,PRM07,STIC,20210924-20220314,HS,21035985,55111.5,10.944,302.530991344,1,excellent,NA
AIMS,2021-11-23T01:00:00Z,PRM07,STIC,20210924-20220314,HS,21035985,55111.5,10.846,302.530991344,1,excellent,NA
AIMS,2021-11-23T01:30:00Z,PRM07,STIC,20210924-20220314,HS,21035985,57867,10.651,316.520047612,1,excellent,NA
AIMS,2021-11-23T02:00:00Z,PRM07,STIC,20210924-20220314,HS,21035985,57867,10.455,316.520047612,1,excellent,NA
AIMS,2021-11-23T02:30:00Z,PRM07,STIC,20210924-20220314,HS,21035985,57867,10.063,316.520047612,1,excellent,NA
AIMS,2021-11-23T03:00:00Z,PRM07,STIC,20210924-20220314,HS,21035985,57867,9.866,316.520047612,1,excellent,NA
AIMS,2021-11-23T03:30:00Z,PRM07,STIC,20210924-20220314,HS,21035985,57867,9.669,316.520047612,1,excellent,NA
AIMS,2021-11-23T04:00:00Z,PRM07,STIC,20210924-20220314,HS,21035985,57867,9.472,316.520047612,1,excellent,NA
AIMS,2021-11-23T04:30:00Z,PRM07,STIC,20210924-20220314,HS,21035985,57867,9.373,316.520047612,1,excellent,NA
AIMS,2021-11-23T05:00:00Z,PRM07,STIC,20210924-20220314,HS,21035985,57867,9.176,316.520047612,1,excellent,NA
AIMS,2021-11-23T05:30:00Z,PRM07,STIC,20210924-20220314,HS,21035985,57867,8.978,316.520047612,1,excellent,NA
AIMS,2021-11-23T06:00:00Z,PRM07,STIC,20210924-20220314,HS,21035985,57867,8.779,316.520047612,1,excellent,NA
AIMS,2021-11-23T06:30:00Z,PRM07,STIC,20210924-20220314,HS,21035985,57867,8.282,316.520047612,1,excellent,NA
AIMS,2021-11-23T07:00:00Z,PRM07,STIC,20210924-20220314,HS,21035985,57867,7.882,316.520047612,1,excellent,NA
AIMS,2021-11-23T07:30:00Z,PRM07,STIC,20210924-20220314,HS,21035985,57867,7.582,316.520047612,1,excellent,NA
AIMS,2021-11-23T08:00:00Z,PRM07,STIC,20210924-20220314,HS,21035985,57867,7.28,316.520047612,1,excellent,NA
AIMS,2021-11-23T08:30:00Z,PRM07,STIC,20210924-20220314,HS,21035985,57867,6.471,316.520047612,1,excellent,NA
AIMS,2021-11-23T09:00:00Z,PRM07,STIC,20210924-20220314,HS,21035985,57867,6.674,316.520047612,1,excellent,NA
AIMS,2021-11-23T09:30:00Z,PRM07,STIC,20210924-20220314,HS,21035985,57867,6.674,316.520047612,1,excellent,NA
AIMS,2021-11-23T10:00:00Z,PRM07,STIC,20210924-20220314,HS,21035985,57867,6.775,316.520047612,1,excellent,NA
AIMS,2021-11-23T10:30:00Z,PRM07,STIC,20210924-20220314,HS,21035985,55111.5,5.757,302.530991344,1,excellent,NA
AIMS,2021-11-23T11:00:00Z,PRM07,STIC,20210924-20220314,HS,21035985,55111.5,5.757,302.530991344,1,excellent,NA
AIMS,2021-11-23T11:30:00Z,PRM07,STIC,20210924-20220314,HS,21035985,55111.5,5.86,302.530991344,1,excellent,NA
AIMS,2021-11-23T12:00:00Z,PRM07,STIC,20210924-20220314,HS,21035985,55111.5,5.347,302.530991344,1,excellent,NA
AIMS,2021-11-23T12:30:00Z,PRM07,STIC,20210924-20220314,HS,21035985,55111.5,5.141,302.530991344,1,excellent,NA
AIMS,2021-11-23T13:00:00Z,PRM07,STIC,20210924-20220314,HS,21035985,55111.5,5.141,302.530991344,1,excellent,NA
AIMS,2021-11-23T13:30:00Z,PRM07,STIC,20210924-20220314,HS,21035985,55111.5,5.037,302.530991344,1,excellent,NA
AIMS,2021-11-23T14:00:00Z,PRM07,STIC,20210924-20220314,HS,21035985,55111.5,4.623,302.530991344,1,excellent,NA
AIMS,2021-11-23T14:30:00Z,PRM07,STIC,20210924-20220314,HS,21035985,55111.5,4.623,302.530991344,1,excellent,NA
AIMS,2021-11-23T15:00:00Z,PRM07,STIC,20210924-20220314,HS,21035985,55111.5,5.037,302.530991344,1,excellent,NA
AIMS,2021-11-23T15:30:00Z,PRM07,STIC,20210924-20220314,HS,21035985,55111.5,5.244,302.530991344,1,excellent,NA
AIMS,2021-11-23T16:00:00Z,PRM07,STIC,20210924-20220314,HS,21035985,55111.5,5.86,302.530991344,1,excellent,NA
AIMS,2021-11-23T16:30:00Z,PRM07,STIC,20210924-20220314,HS,21035985,55111.5,6.268,302.530991344,1,excellent,NA
AIMS,2021-11-23T17:00:00Z,PRM07,STIC,20210924-20220314,HS,21035985,55111.5,6.877,302.530991344,1,excellent,NA
AIMS,2021-11-23T17:30:00Z,PRM07,STIC,20210924-20220314,HS,21035985,55111.5,7.179,302.530991344,1,excellent,NA
AIMS,2021-11-23T18:00:00Z,PRM07,STIC,20210924-20220314,HS,21035985,55111.5,7.481,302.530991344,1,excellent,NA
AIMS,2021-11-23T18:30:00Z,PRM07,STIC,20210924-20220314,HS,21035985,55111.5,7.782,302.530991344,1,excellent,NA
AIMS,2021-11-23T19:00:00Z,PRM07,STIC,20210924-20220314,HS,21035985,55111.5,7.983,302.530991344,1,excellent,NA
AIMS,2021-11-23T19:30:00Z,PRM07,STIC,20210924-20220314,HS,21035985,55111.5,8.082,302.530991344,1,excellent,NA
AIMS,2021-11-23T20:00:00Z,PRM07,STIC,20210924-20220314,HS,21035985,55111.5,8.382,302.530991344,1,excellent,NA
AIMS,2021-11-23T20:30:00Z,PRM07,STIC,20210924-20220314,HS,21035985,52355.9,8.382,288.5414273984,1,excellent,NA
AIMS,2021-11-23T21:00:00Z,PRM07,STIC,20210924-20220314,HS,21035985,52355.9,8.282,288.5414273984,1,excellent,NA
AIMS,2021-11-23T21:30:00Z,PRM07,STIC,20210924-20220314,HS,21035985,52355.9,8.382,288.5414273984,1,excellent,NA
AIMS,2021-11-23T22:00:00Z,PRM07,STIC,20210924-20220314,HS,21035985,55111.5,8.481,302.530991344,1,excellent,NA
AIMS,2021-11-23T22:30:00Z,PRM07,STIC,20210924-20220314,HS,21035985,52355.9,8.382,288.5414273984,1,excellent,NA
AIMS,2021-11-23T23:00:00Z,PRM07,STIC,20210924-20220314,HS,21035985,52355.9,8.082,288.5414273984,1,excellent,NA
AIMS,2021-11-23T23:30:00Z,PRM07,STIC,20210924-20220314,HS,21035985,52355.9,7.782,288.5414273984,1,excellent,NA
AIMS,2021-11-24T00:00:00Z,PRM07,STIC,20210924-20220314,HS,21035985,52355.9,7.481,288.5414273984,1,excellent,NA
AIMS,2021-11-24T00:30:00Z,PRM07,STIC,20210924-20220314,HS,21035985,52355.9,7.28,288.5414273984,1,excellent,NA
AIMS,2021-11-24T01:00:00Z,PRM07,STIC,20210924-20220314,HS,21035985,710.4,6.877,26.348792490399997,1,excellent,NA
AIMS,2021-11-24T01:30:00Z,PRM07,STIC,20210924-20220314,HS,21035985,688.9,6.37,26.239641806399998,1,excellent,NA
AIMS,2021-11-24T02:00:00Z,PRM07,STIC,20210924-20220314,HS,21035985,699.7,5.962,26.2944709872,1,excellent,NA
AIMS,2021-11-24T02:30:00Z,PRM07,STIC,20210924-20220314,HS,21035985,678.1,5.655,26.1848126256,1,excellent,NA
AIMS,2021-11-24T03:00:00Z,PRM07,STIC,20210924-20220314,HS,21035985,678.1,5.347,26.1848126256,1,excellent,NA
AIMS,2021-11-24T03:30:00Z,PRM07,STIC,20210924-20220314,HS,21035985,667.4,5.347,26.1304911224,1,excellent,NA
AIMS,2021-11-24T04:00:00Z,PRM07,STIC,20210924-20220314,HS,21035985,667.4,5.244,26.1304911224,1,excellent,NA
AIMS,2021-11-24T04:30:00Z,PRM07,STIC,20210924-20220314,HS,21035985,656.6,4.831,26.0756619416,1,excellent,NA
AIMS,2021-11-24T05:00:00Z,PRM07,STIC,20210924-20220314,HS,21035985,645.8,4.727,26.020832760799998,1,excellent,NA
AIMS,2021-11-24T05:30:00Z,PRM07,STIC,20210924-20220314,HS,21035985,635.1,4.519,25.966511257599997,1,excellent,NA
AIMS,2021-11-24T06:00:00Z,PRM07,STIC,20210924-20220314,HS,21035985,613.5,4.207,25.856852896,1,excellent,NA
AIMS,2021-11-24T06:30:00Z,PRM07,STIC,20210924-20220314,HS,21035985,570.5,4.415,25.638551528,1,excellent,NA
AIMS,2021-11-24T07:00:00Z,PRM07,STIC,20210924-20220314,HS,21035985,549,4.207,25.529400843999998,1,excellent,NA
AIMS,2021-11-24T07:30:00Z,PRM07,STIC,20210924-20220314,HS,21035985,495.1,4.207,25.2557626176,1,excellent,NA
AIMS,2021-11-24T08:00:00Z,PRM07,STIC,20210924-20220314,HS,21035985,473.6,3.998,25.1466119336,1,excellent,NA
AIMS,2021-11-24T08:30:00Z,PRM07,STIC,20210924-20220314,HS,21035985,430.6,3.788,24.9283105656,1,excellent,NA
AIMS,2021-11-24T09:00:00Z,PRM07,STIC,20210924-20220314,HS,21035985,387.5,3.683,24.70950152,1,excellent,NA
AIMS,2021-11-24T09:30:00Z,PRM07,STIC,20210924-20220314,HS,21035985,376.7,3.367,24.654672339199998,1,excellent,NA
AIMS,2021-11-24T10:00:00Z,PRM07,STIC,20210924-20220314,HS,21035985,376.7,3.367,24.654672339199998,1,excellent,NA
AIMS,2021-11-24T10:30:00Z,PRM07,STIC,20210924-20220314,HS,21035985,398.3,3.261,24.7643307008,1,excellent,NA
AIMS,2021-11-24T11:00:00Z,PRM07,STIC,20210924-20220314,HS,21035985,452.1,3.367,25.0374612496,1,excellent,NA
AIMS,2021-11-24T11:30:00Z,PRM07,STIC,20210924-20220314,HS,21035985,990.3,2.943,27.7697820928,1,excellent,NA
AIMS,2021-11-24T12:00:00Z,PRM07,STIC,20210924-20220314,HS,21035985,1550,2.837,30.61125362,1,excellent,NA
AIMS,2021-11-24T12:30:00Z,PRM07,STIC,20210924-20220314,HS,21035985,1808.3,3.049,31.9225848608,1,excellent,NA
AIMS,2021-11-24T13:00:00Z,PRM07,STIC,20210924-20220314,HS,21035985,1808.3,3.049,31.9225848608,1,excellent,NA
AIMS,2021-11-24T13:30:00Z,PRM07,STIC,20210924-20220314,HS,21035985,1722.2,2.943,31.485474447199998,1,excellent,NA
AIMS,2021-11-24T14:00:00Z,PRM07,STIC,20210924-20220314,HS,21035985,1463.9,2.517,30.1741432064,1,excellent,NA
AIMS,2021-11-24T14:30:00Z,PRM07,STIC,20210924-20220314,HS,21035985,1313.2,2.837,29.409073063199997,1,excellent,NA
AIMS,2021-11-24T15:00:00Z,PRM07,STIC,20210924-20220314,HS,21035985,409,3.261,24.818652204,1,excellent,NA
AIMS,2021-11-24T15:30:00Z,PRM07,STIC,20210924-20220314,HS,21035985,344.4,3.683,24.4906924744,1,excellent,NA
AIMS,2021-11-24T16:00:00Z,PRM07,STIC,20210924-20220314,HS,21035985,258.3,4.102,24.0535820608,0,excellent,NA
AIMS,2021-11-24T16:30:00Z,PRM07,STIC,20210924-20220314,HS,21035985,183,4.727,23.671300828,0,excellent,NA
AIMS,2021-11-24T17:00:00Z,PRM07,STIC,20210924-20220314,HS,21035985,161.5,5.45,23.562150144,0,excellent,NA
AIMS,2021-11-24T17:30:00Z,PRM07,STIC,20210924-20220314,HS,21035985,161.5,6.166,23.562150144,0,excellent,NA
AIMS,2021-11-24T18:00:00Z,PRM07,STIC,20210924-20220314,HS,21035985,96.9,7.381,23.2341904144,0,excellent,NA
AIMS,2021-11-24T18:30:00Z,PRM07,STIC,20210924-20220314,HS,21035985,86.1,7.882,23.179361233599998,0,excellent,NA
AIMS,2021-11-24T19:00:00Z,PRM07,STIC,20210924-20220314,HS,21035985,86.1,8.282,23.179361233599998,0,excellent,NA
AIMS,2021-11-24T19:30:00Z,PRM07,STIC,20210924-20220314,HS,21035985,96.9,8.581,23.2341904144,0,excellent,NA
AIMS,2021-11-24T20:00:00Z,PRM07,STIC,20210924-20220314,HS,21035985,107.6,9.176,23.288511917599998,0,excellent,NA
AIMS,2021-11-24T20:30:00Z,PRM07,STIC,20210924-20220314,HS,21035985,139.9,9.571,23.4524917824,0,excellent,NA
AIMS,2021-11-24T21:00:00Z,PRM07,STIC,20210924-20220314,HS,21035985,150.7,9.472,23.507320963199998,0,excellent,NA
AIMS,2021-11-24T21:30:00Z,PRM07,STIC,20210924-20220314,HS,21035985,150.7,9.571,23.507320963199998,0,excellent,NA
AIMS,2021-11-24T22:00:00Z,PRM07,STIC,20210924-20220314,HS,21035985,161.5,10.063,23.562150144,0,excellent,NA
AIMS,2021-11-24T22:30:00Z,PRM07,STIC,20210924-20220314,HS,21035985,150.7,10.161,23.507320963199998,0,excellent,NA
AIMS,2021-11-24T23:00:00Z,PRM07,STIC,20210924-20220314,HS,21035985,139.9,9.571,23.4524917824,0,excellent,NA
AIMS,2021-11-24T23:30:00Z,PRM07,STIC,20210924-20220314,HS,21035985,129.2,8.779,23.3981702792,0,excellent,NA
AIMS,2021-11-25T00:00:00Z,PRM07,STIC,20210924-20220314,HS,21035985,107.6,8.082,23.288511917599998,0,excellent,NA
AIMS,2021-11-25T00:30:00Z,PRM07,STIC,20210924-20220314,HS,21035985,96.9,7.682,23.2341904144,0,excellent,NA
AIMS,2021-11-25T01:00:00Z,PRM07,STIC,20210924-20220314,HS,21035985,86.1,7.381,23.179361233599998,0,excellent,NA
AIMS,2021-11-25T01:30:00Z,PRM07,STIC,20210924-20220314,HS,21035985,75.3,6.978,23.1245320528,0,excellent,NA
AIMS,2021-11-25T02:00:00Z,PRM07,STIC,20210924-20220314,HS,21035985,64.6,6.775,23.0702105496,0,excellent,NA
AIMS,2021-11-25T02:30:00Z,PRM07,STIC,20210924-20220314,HS,21035985,53.8,6.37,23.0153813688,0,excellent,NA
AIMS,2021-11-25T03:00:00Z,PRM07,STIC,20210924-20220314,HS,21035985,53.8,5.962,23.0153813688,0,excellent,NA
AIMS,2021-11-25T03:30:00Z,PRM07,STIC,20210924-20220314,HS,21035985,43.1,5.552,22.9610598656,0,excellent,NA
AIMS,2021-11-25T04:00:00Z,PRM07,STIC,20210924-20220314,HS,21035985,43.1,5.552,22.9610598656,0,excellent,NA
AIMS,2021-11-25T04:30:00Z,PRM07,STIC,20210924-20220314,HS,21035985,43.1,5.347,22.9610598656,0,excellent,NA
AIMS,2021-11-25T05:00:00Z,PRM07,STIC,20210924-20220314,HS,21035985,43.1,5.141,22.9610598656,0,excellent,NA
AIMS,2021-11-25T05:30:00Z,PRM07,STIC,20210924-20220314,HS,21035985,32.3,4.831,22.9062306848,0,excellent,NA
AIMS,2021-11-25T06:00:00Z,PRM07,STIC,20210924-20220314,HS,21035985,32.3,4.934,22.9062306848,0,excellent,NA
AIMS,2021-11-25T06:30:00Z,PRM07,STIC,20210924-20220314,HS,21035985,32.3,4.519,22.9062306848,0,excellent,NA
AIMS,2021-11-25T07:00:00Z,PRM07,STIC,20210924-20220314,HS,21035985,32.3,4.415,22.9062306848,0,excellent,NA
AIMS,2021-11-25T07:30:00Z,PRM07,STIC,20210924-20220314,HS,21035985,32.3,4.207,22.9062306848,0,excellent,NA
AIMS,2021-11-25T08:00:00Z,PRM07,STIC,20210924-20220314,HS,21035985,32.3,3.893,22.9062306848,0,excellent,NA
AIMS,2021-11-25T08:30:00Z,PRM07,STIC,20210924-20220314,HS,21035985,32.3,3.578,22.9062306848,0,excellent,NA
AIMS,2021-11-25T09:00:00Z,PRM07,STIC,20210924-20220314,HS,21035985,32.3,3.472,22.9062306848,0,excellent,NA
AIMS,2021-11-25T09:30:00Z,PRM07,STIC,20210924-20220314,HS,21035985,32.3,3.367,22.9062306848,0,excellent,NA
AIMS,2021-11-25T10:00:00Z,PRM07,STIC,20210924-20220314,HS,21035985,32.3,3.261,22.9062306848,0,excellent,NA
AIMS,2021-11-25T10:30:00Z,PRM07,STIC,20210924-20220314,HS,21035985,21.5,2.943,22.851401504,0,excellent,NA
AIMS,2021-11-25T11:00:00Z,PRM07,STIC,20210924-20220314,HS,21035985,32.3,3.367,22.9062306848,0,excellent,NA
AIMS,2021-11-25T11:30:00Z,PRM07,STIC,20210924-20220314,HS,21035985,32.3,3.049,22.9062306848,0,excellent,NA
AIMS,2021-11-25T12:00:00Z,PRM07,STIC,20210924-20220314,HS,21035985,21.5,3.155,22.851401504,0,excellent,NA
AIMS,2021-11-25T12:30:00Z,PRM07,STIC,20210924-20220314,HS,21035985,21.5,2.73,22.851401504,0,excellent,NA
AIMS,2021-11-25T13:00:00Z,PRM07,STIC,20210924-20220314,HS,21035985,21.5,2.73,22.851401504,0,excellent,NA
AIMS,2021-11-25T13:30:00Z,PRM07,STIC,20210924-20220314,HS,21035985,21.5,2.73,22.851401504,0,excellent,NA
AIMS,2021-11-25T14:00:00Z,PRM07,STIC,20210924-20220314,HS,21035985,21.5,2.624,22.851401504,0,excellent,NA
AIMS,2021-11-25T14:30:00Z,PRM07,STIC,20210924-20220314,HS,21035985,21.5,3.049,22.851401504,0,excellent,NA
AIMS,2021-11-25T15:00:00Z,PRM07,STIC,20210924-20220314,HS,21035985,21.5,3.155,22.851401504,0,excellent,NA
AIMS,2021-11-25T15:30:00Z,PRM07,STIC,20210924-20220314,HS,21035985,21.5,3.788,22.851401504,0,excellent,NA
AIMS,2021-11-25T16:00:00Z,PRM07,STIC,20210924-20220314,HS,21035985,21.5,4.519,22.851401504,0,excellent,NA
AIMS,2021-11-25T16:30:00Z,PRM07,STIC,20210924-20220314,HS,21035985,21.5,5.552,22.851401504,0,excellent,NA
AIMS,2021-11-25T17:00:00Z,PRM07,STIC,20210924-20220314,HS,21035985,21.5,7.983,22.851401504,0,excellent,NA
AIMS,2021-11-25T17:30:00Z,PRM07,STIC,20210924-20220314,HS,21035985,21.5,9.176,22.851401504,0,excellent,NA
AIMS,2021-11-25T18:00:00Z,PRM07,STIC,20210924-20220314,HS,21035985,21.5,10.553,22.851401504,0,excellent,NA
AIMS,2021-11-25T18:30:00Z,PRM07,STIC,20210924-20220314,HS,21035985,32.3,11.819,22.9062306848,0,excellent,NA
AIMS,2021-11-25T19:00:00Z,PRM07,STIC,20210924-20220314,HS,21035985,32.3,12.497,22.9062306848,0,excellent,NA
AIMS,2021-11-25T19:30:00Z,PRM07,STIC,20210924-20220314,HS,21035985,32.3,11.916,22.9062306848,0,excellent,NA
AIMS,2021-11-25T20:00:00Z,PRM07,STIC,20210924-20220314,HS,21035985,43.1,11.236,22.9610598656,0,excellent,NA
AIMS,2021-11-25T20:30:00Z,PRM07,STIC,20210924-20220314,HS,21035985,43.1,11.041,22.9610598656,0,excellent,NA
AIMS,2021-11-25T21:00:00Z,PRM07,STIC,20210924-20220314,HS,21035985,53.8,10.944,23.0153813688,0,excellent,NA
AIMS,2021-11-25T21:30:00Z,PRM07,STIC,20210924-20220314,HS,21035985,64.6,11.041,23.0702105496,0,excellent,NA
AIMS,2021-11-25T22:00:00Z,PRM07,STIC,20210924-20220314,HS,21035985,64.6,10.944,23.0702105496,0,excellent,NA
AIMS,2021-11-25T22:30:00Z,PRM07,STIC,20210924-20220314,HS,21035985,96.9,10.846,23.2341904144,0,excellent,NA
AIMS,2021-11-25T23:00:00Z,PRM07,STIC,20210924-20220314,HS,21035985,107.6,10.748,23.288511917599998,0,excellent,NA
AIMS,2021-11-25T23:30:00Z,PRM07,STIC,20210924-20220314,HS,21035985,172.2,10.553,23.616471647199997,0,excellent,NA
AIMS,2021-11-26T00:00:00Z,PRM07,STIC,20210924-20220314,HS,21035985,193.8,10.553,23.7261300088,0,excellent,NA
AIMS,2021-11-26T00:30:00Z,PRM07,STIC,20210924-20220314,HS,21035985,193.8,10.553,23.7261300088,0,excellent,NA
AIMS,2021-11-26T01:00:00Z,PRM07,STIC,20210924-20220314,HS,21035985,215.3,10.455,23.835280692799998,0,excellent,NA
AIMS,2021-11-26T01:30:00Z,PRM07,STIC,20210924-20220314,HS,21035985,290.6,10.553,24.2175619256,1,excellent,NA
AIMS,2021-11-26T02:00:00Z,PRM07,STIC,20210924-20220314,HS,21035985,333.7,10.553,24.4363709712,1,excellent,NA
AIMS,2021-11-26T02:30:00Z,PRM07,STIC,20210924-20220314,HS,21035985,333.7,10.553,24.4363709712,1,excellent,NA
AIMS,2021-11-26T03:00:00Z,PRM07,STIC,20210924-20220314,HS,21035985,344.4,10.553,24.4906924744,1,excellent,NA
AIMS,2021-11-26T03:30:00Z,PRM07,STIC,20210924-20220314,HS,21035985,355.2,10.455,24.545521655199998,1,excellent,NA
AIMS,2021-11-26T04:00:00Z,PRM07,STIC,20210924-20220314,HS,21035985,355.2,10.357,24.545521655199998,1,excellent,NA
AIMS,2021-11-26T04:30:00Z,PRM07,STIC,20210924-20220314,HS,21035985,495.1,10.063,25.2557626176,1,excellent,D
AIMS,2021-11-26T05:00:00Z,PRM07,STIC,20210924-20220314,HS,21035985,419.8,9.768,24.873481384799998,1,excellent,NA
AIMS,2021-11-26T05:30:00Z,PRM07,STIC,20210924-20220314,HS,21035985,409,9.275,24.818652204,1,excellent,NA
AIMS,2021-11-26T06:00:00Z,PRM07,STIC,20210924-20220314,HS,21035985,570.5,8.879,25.638551528,1,excellent,NA
AIMS,2021-11-26T06:30:00Z,PRM07,STIC,20210924-20220314,HS,21035985,861.1,8.581,27.1138626336,1,excellent,NA
AIMS,2021-11-26T07:00:00Z,PRM07,STIC,20210924-20220314,HS,21035985,785.8,8.282,26.7315814008,1,excellent,NA
AIMS,2021-11-26T07:30:00Z,PRM07,STIC,20210924-20220314,HS,21035985,818.1,7.983,26.895561265599998,1,excellent,NA
AIMS,2021-11-26T08:00:00Z,PRM07,STIC,20210924-20220314,HS,21035985,742.7,7.682,26.5127723552,1,excellent,NA
AIMS,2021-11-26T08:30:00Z,PRM07,STIC,20210924-20220314,HS,21035985,764.2,7.28,26.6219230392,1,excellent,NA
AIMS,2021-11-26T09:00:00Z,PRM07,STIC,20210924-20220314,HS,21035985,699.7,7.079,26.2944709872,1,excellent,NA
AIMS,2021-11-26T09:30:00Z,PRM07,STIC,20210924-20220314,HS,21035985,710.4,6.978,26.348792490399997,1,excellent,NA
AIMS,2021-11-26T10:00:00Z,PRM07,STIC,20210924-20220314,HS,21035985,1033.3,6.471,27.9880834608,1,excellent,NA
AIMS,2021-11-26T10:30:00Z,PRM07,STIC,20210924-20220314,HS,21035985,1054.9,6.268,28.0977418224,1,excellent,NA
AIMS,2021-11-26T11:00:00Z,PRM07,STIC,20210924-20220314,HS,21035985,1097.9,6.573,28.3160431904,1,excellent,NA
AIMS,2021-11-26T11:30:00Z,PRM07,STIC,20210924-20220314,HS,21035985,1076.4,6.573,28.2068925064,1,excellent,NA
AIMS,2021-11-26T12:00:00Z,PRM07,STIC,20210924-20220314,HS,21035985,1377.8,6.166,29.737032792799997,1,excellent,D
AIMS,2021-11-26T12:30:00Z,PRM07,STIC,20210924-20220314,HS,21035985,1044.1,6.166,28.042912641599997,1,excellent,NA
AIMS,2021-11-26T13:00:00Z,PRM07,STIC,20210924-20220314,HS,21035985,1033.3,5.962,27.9880834608,1,excellent,NA
AIMS,2021-11-26T13:30:00Z,PRM07,STIC,20210924-20220314,HS,21035985,968.8,5.86,27.6606314088,1,excellent,NA
AIMS,2021-11-26T14:00:00Z,PRM07,STIC,20210924-20220314,HS,21035985,1011.8,5.757,27.8789327768,1,excellent,NA
AIMS,2021-11-26T14:30:00Z,PRM07,STIC,20210924-20220314,HS,21035985,688.9,5.655,26.239641806399998,1,excellent,NA
AIMS,2021-11-26T15:00:00Z,PRM07,STIC,20210924-20220314,HS,21035985,592,5.141,25.747702212,1,excellent,NA
AIMS,2021-11-26T15:30:00Z,PRM07,STIC,20210924-20220314,HS,21035985,516.7,4.831,25.3654209792,1,excellent,NA
AIMS,2021-11-26T16:00:00Z,PRM07,STIC,20210924-20220314,HS,21035985,495.1,4.831,25.2557626176,1,excellent,NA
AIMS,2021-11-26T16:30:00Z,PRM07,STIC,20210924-20220314,HS,21035985,484.4,5.141,25.201441114399998,1,excellent,NA
AIMS,2021-11-26T17:00:00Z,PRM07,STIC,20210924-20220314,HS,21035985,473.6,5.244,25.1466119336,1,excellent,NA
AIMS,2021-11-26T17:30:00Z,PRM07,STIC,20210924-20220314,HS,21035985,473.6,5.552,25.1466119336,1,excellent,NA
AIMS,2021-11-26T18:00:00Z,PRM07,STIC,20210924-20220314,HS,21035985,462.9,5.347,25.0922904304,1,excellent,NA
AIMS,2021-11-26T18:30:00Z,PRM07,STIC,20210924-20220314,HS,21035985,462.9,5.757,25.0922904304,1,excellent,NA
AIMS,2021-11-26T19:00:00Z,PRM07,STIC,20210924-20220314,HS,21035985,462.9,5.962,25.0922904304,1,excellent,NA
AIMS,2021-11-26T19:30:00Z,PRM07,STIC,20210924-20220314,HS,21035985,462.9,5.962,25.0922904304,1,excellent,NA
AIMS,2021-11-26T20:00:00Z,PRM07,STIC,20210924-20220314,HS,21035985,462.9,5.757,25.0922904304,1,excellent,NA
AIMS,2021-11-26T20:30:00Z,PRM07,STIC,20210924-20220314,HS,21035985,473.6,5.86,25.1466119336,1,excellent,NA
AIMS,2021-11-26T21:00:00Z,PRM07,STIC,20210924-20220314,HS,21035985,473.6,6.064,25.1466119336,1,excellent,NA
AIMS,2021-11-26T21:30:00Z,PRM07,STIC,20210924-20220314,HS,21035985,441.3,6.268,24.982632068799997,1,excellent,NA
AIMS,2021-11-26T22:00:00Z,PRM07,STIC,20210924-20220314,HS,21035985,430.6,6.268,24.9283105656,1,excellent,NA
AIMS,2021-11-26T22:30:00Z,PRM07,STIC,20210924-20220314,HS,21035985,344.4,6.37,24.4906924744,1,excellent,NA
AIMS,2021-11-26T23:00:00Z,PRM07,STIC,20210924-20220314,HS,21035985,366,6.471,24.600350835999997,1,excellent,NA
AIMS,2021-11-26T23:30:00Z,PRM07,STIC,20210924-20220314,HS,21035985,322.9,6.268,24.3815417904,1,excellent,NA
AIMS,2021-11-27T00:00:00Z,PRM07,STIC,20210924-20220314,HS,21035985,344.4,5.962,24.4906924744,1,excellent,NA
AIMS,2021-11-27T00:30:00Z,PRM07,STIC,20210924-20220314,HS,21035985,355.2,5.655,24.545521655199998,1,excellent,NA
AIMS,2021-11-27T01:00:00Z,PRM07,STIC,20210924-20220314,HS,21035985,419.8,5.552,24.873481384799998,1,excellent,NA
AIMS,2021-11-27T01:30:00Z,PRM07,STIC,20210924-20220314,HS,21035985,495.1,4.831,25.2557626176,1,excellent,NA
AIMS,2021-11-27T02:00:00Z,PRM07,STIC,20210924-20220314,HS,21035985,452.1,4.934,25.0374612496,1,excellent,NA
AIMS,2021-11-27T02:30:00Z,PRM07,STIC,20210924-20220314,HS,21035985,613.5,4.311,25.856852896,1,excellent,NA
AIMS,2021-11-27T03:00:00Z,PRM07,STIC,20210924-20220314,HS,21035985,635.1,4.207,25.966511257599997,1,excellent,NA
AIMS,2021-11-27T03:30:00Z,PRM07,STIC,20210924-20220314,HS,21035985,624.3,4.207,25.9116820768,1,excellent,NA
AIMS,2021-11-27T04:00:00Z,PRM07,STIC,20210924-20220314,HS,21035985,775,4.102,26.676752219999997,1,excellent,NA
AIMS,2021-11-27T04:30:00Z,PRM07,STIC,20210924-20220314,HS,21035985,947.2,3.998,27.5509730472,1,excellent,D
AIMS,2021-11-27T05:00:00Z,PRM07,STIC,20210924-20220314,HS,21035985,581.3,3.683,25.6933807088,1,excellent,NA
AIMS,2021-11-27T05:30:00Z,PRM07,STIC,20210924-20220314,HS,21035985,613.5,3.788,25.856852896,1,excellent,NA
AIMS,2021-11-27T06:00:00Z,PRM07,STIC,20210924-20220314,HS,21035985,462.9,3.472,25.0922904304,1,excellent,NA
AIMS,2021-11-27T06:30:00Z,PRM07,STIC,20210924-20220314,HS,21035985,269.1,3.367,24.1084112416,0,excellent,NA
AIMS,2021-11-27T07:00:00Z,PRM07,STIC,20210924-20220314,HS,21035985,236.8,3.155,23.944431376799997,0,excellent,NA
AIMS,2021-11-27T07:30:00Z,PRM07,STIC,20210924-20220314,HS,21035985,215.3,3.367,23.835280692799998,0,excellent,NA
AIMS,2021-11-27T08:00:00Z,PRM07,STIC,20210924-20220314,HS,21035985,204.5,2.943,23.780451512,0,excellent,NA
AIMS,2021-11-27T08:30:00Z,PRM07,STIC,20210924-20220314,HS,21035985,193.8,3.049,23.7261300088,0,excellent,NA
AIMS,2021-11-27T09:00:00Z,PRM07,STIC,20210924-20220314,HS,21035985,183,2.73,23.671300828,0,excellent,NA
AIMS,2021-11-27T09:30:00Z,PRM07,STIC,20210924-20220314,HS,21035985,183,2.624,23.671300828,0,excellent,NA
AIMS,2021-11-27T10:00:00Z,PRM07,STIC,20210924-20220314,HS,21035985,183,2.624,23.671300828,0,excellent,NA
AIMS,2021-11-27T10:30:00Z,PRM07,STIC,20210924-20220314,HS,21035985,183,2.624,23.671300828,0,excellent,NA
AIMS,2021-11-27T11:00:00Z,PRM07,STIC,20210924-20220314,HS,21035985,172.2,2.41,23.616471647199997,0,excellent,NA
AIMS,2021-11-27T11:30:00Z,PRM07,STIC,20210924-20220314,HS,21035985,172.2,2.303,23.616471647199997,0,excellent,NA
AIMS,2021-11-27T12:00:00Z,PRM07,STIC,20210924-20220314,HS,21035985,161.5,2.517,23.562150144,0,excellent,NA
AIMS,2021-11-27T12:30:00Z,PRM07,STIC,20210924-20220314,HS,21035985,161.5,2.303,23.562150144,0,excellent,NA
AIMS,2021-11-27T13:00:00Z,PRM07,STIC,20210924-20220314,HS,21035985,161.5,1.98,23.562150144,0,excellent,NA
AIMS,2021-11-27T13:30:00Z,PRM07,STIC,20210924-20220314,HS,21035985,183,2.303,23.671300828,0,excellent,NA
AIMS,2021-11-27T14:00:00Z,PRM07,STIC,20210924-20220314,HS,21035985,301.4,1.764,24.272391106399997,1,excellent,NA
AIMS,2021-11-27T14:30:00Z,PRM07,STIC,20210924-20220314,HS,21035985,430.6,2.41,24.9283105656,1,excellent,D
AIMS,2021-11-27T15:00:00Z,PRM07,STIC,20210924-20220314,HS,21035985,183,2.303,23.671300828,0,excellent,NA
AIMS,2021-11-27T15:30:00Z,PRM07,STIC,20210924-20220314,HS,21035985,172.2,3.155,23.616471647199997,0,excellent,NA
AIMS,2021-11-27T16:00:00Z,PRM07,STIC,20210924-20220314,HS,21035985,150.7,3.578,23.507320963199998,0,excellent,NA
AIMS,2021-11-27T16:30:00Z,PRM07,STIC,20210924-20220314,HS,21035985,150.7,3.998,23.507320963199998,0,excellent,NA
AIMS,2021-11-27T17:00:00Z,PRM07,STIC,20210924-20220314,HS,21035985,150.7,4.623,23.507320963199998,0,excellent,NA
AIMS,2021-11-27T17:30:00Z,PRM07,STIC,20210924-20220314,HS,21035985,139.9,5.141,23.4524917824,0,excellent,NA
AIMS,2021-11-27T18:00:00Z,PRM07,STIC,20210924-20220314,HS,21035985,129.2,5.757,23.3981702792,0,excellent,NA
AIMS,2021-11-27T18:30:00Z,PRM07,STIC,20210924-20220314,HS,21035985,129.2,6.268,23.3981702792,0,excellent,NA
AIMS,2021-11-27T19:00:00Z,PRM07,STIC,20210924-20220314,HS,21035985,129.2,6.877,23.3981702792,0,excellent,NA
AIMS,2021-11-27T19:30:00Z,PRM07,STIC,20210924-20220314,HS,21035985,129.2,7.28,23.3981702792,0,excellent,NA
AIMS,2021-11-27T20:00:00Z,PRM07,STIC,20210924-20220314,HS,21035985,129.2,7.682,23.3981702792,0,excellent,NA
AIMS,2021-11-27T20:30:00Z,PRM07,STIC,20210924-20220314,HS,21035985,129.2,7.682,23.3981702792,0,excellent,NA
AIMS,2021-11-27T21:00:00Z,PRM07,STIC,20210924-20220314,HS,21035985,129.2,8.182,23.3981702792,0,excellent,NA
AIMS,2021-11-27T21:30:00Z,PRM07,STIC,20210924-20220314,HS,21035985,129.2,8.481,23.3981702792,0,excellent,NA
AIMS,2021-11-27T22:00:00Z,PRM07,STIC,20210924-20220314,HS,21035985,129.2,8.68,23.3981702792,0,excellent,NA
AIMS,2021-11-27T22:30:00Z,PRM07,STIC,20210924-20220314,HS,21035985,107.6,8.581,23.288511917599998,0,excellent,NA
AIMS,2021-11-27T23:00:00Z,PRM07,STIC,20210924-20220314,HS,21035985,107.6,7.983,23.288511917599998,0,excellent,NA
AIMS,2021-11-27T23:30:00Z,PRM07,STIC,20210924-20220314,HS,21035985,107.6,7.381,23.288511917599998,0,excellent,NA
AIMS,2021-11-28T00:00:00Z,PRM07,STIC,20210924-20220314,HS,21035985,107.6,6.978,23.288511917599998,0,excellent,NA
AIMS,2021-11-28T00:30:00Z,PRM07,STIC,20210924-20220314,HS,21035985,107.6,6.877,23.288511917599998,0,excellent,NA
AIMS,2021-11-28T01:00:00Z,PRM07,STIC,20210924-20220314,HS,21035985,96.9,6.674,23.2341904144,0,excellent,NA
AIMS,2021-11-28T01:30:00Z,PRM07,STIC,20210924-20220314,HS,21035985,96.9,6.37,23.2341904144,0,excellent,NA
AIMS,2021-11-28T02:00:00Z,PRM07,STIC,20210924-20220314,HS,21035985,86.1,6.166,23.179361233599998,0,excellent,NA
AIMS,2021-11-28T02:30:00Z,PRM07,STIC,20210924-20220314,HS,21035985,75.3,6.064,23.1245320528,0,excellent,NA
AIMS,2021-11-28T03:00:00Z,PRM07,STIC,20210924-20220314,HS,21035985,75.3,5.45,23.1245320528,0,excellent,NA
AIMS,2021-11-28T03:30:00Z,PRM07,STIC,20210924-20220314,HS,21035985,64.6,5.244,23.0702105496,0,excellent,NA
AIMS,2021-11-28T04:00:00Z,PRM07,STIC,20210924-20220314,HS,21035985,64.6,5.037,23.0702105496,0,excellent,NA
AIMS,2021-11-28T04:30:00Z,PRM07,STIC,20210924-20220314,HS,21035985,53.8,4.727,23.0153813688,0,excellent,NA
AIMS,2021-11-28T05:00:00Z,PRM07,STIC,20210924-20220314,HS,21035985,53.8,4.623,23.0153813688,0,excellent,NA
AIMS,2021-11-28T05:30:00Z,PRM07,STIC,20210924-20220314,HS,21035985,53.8,4.415,23.0153813688,0,excellent,NA
AIMS,2021-11-28T06:00:00Z,PRM07,STIC,20210924-20220314,HS,21035985,53.8,4.102,23.0153813688,0,excellent,NA
AIMS,2021-11-28T06:30:00Z,PRM07,STIC,20210924-20220314,HS,21035985,43.1,4.102,22.9610598656,0,excellent,NA
AIMS,2021-11-28T07:00:00Z,PRM07,STIC,20210924-20220314,HS,21035985,43.1,3.683,22.9610598656,0,excellent,NA
AIMS,2021-11-28T07:30:00Z,PRM07,STIC,20210924-20220314,HS,21035985,43.1,3.893,22.9610598656,0,excellent,NA
AIMS,2021-11-28T08:00:00Z,PRM07,STIC,20210924-20220314,HS,21035985,43.1,3.261,22.9610598656,0,excellent,NA
AIMS,2021-11-28T08:30:00Z,PRM07,STIC,20210924-20220314,HS,21035985,43.1,3.155,22.9610598656,0,excellent,NA
AIMS,2021-11-28T09:00:00Z,PRM07,STIC,20210924-20220314,HS,21035985,32.3,2.943,22.9062306848,0,excellent,NA
AIMS,2021-11-28T09:30:00Z,PRM07,STIC,20210924-20220314,HS,21035985,32.3,2.943,22.9062306848,0,excellent,NA
AIMS,2021-11-28T10:00:00Z,PRM07,STIC,20210924-20220314,HS,21035985,32.3,2.624,22.9062306848,0,excellent,NA
AIMS,2021-11-28T10:30:00Z,PRM07,STIC,20210924-20220314,HS,21035985,32.3,2.41,22.9062306848,0,excellent,NA
AIMS,2021-11-28T11:00:00Z,PRM07,STIC,20210924-20220314,HS,21035985,32.3,2.41,22.9062306848,0,excellent,NA
AIMS,2021-11-28T11:30:00Z,PRM07,STIC,20210924-20220314,HS,21035985,32.3,2.41,22.9062306848,0,excellent,NA
AIMS,2021-11-28T12:00:00Z,PRM07,STIC,20210924-20220314,HS,21035985,21.5,2.303,22.851401504,0,excellent,NA
AIMS,2021-11-28T12:30:00Z,PRM07,STIC,20210924-20220314,HS,21035985,21.5,2.088,22.851401504,0,excellent,NA
AIMS,2021-11-28T13:00:00Z,PRM07,STIC,20210924-20220314,HS,21035985,21.5,2.195,22.851401504,0,excellent,NA
AIMS,2021-11-28T13:30:00Z,PRM07,STIC,20210924-20220314,HS,21035985,21.5,1.98,22.851401504,0,excellent,NA
AIMS,2021-11-28T14:00:00Z,PRM07,STIC,20210924-20220314,HS,21035985,21.5,1.98,22.851401504,0,excellent,NA
AIMS,2021-11-28T14:30:00Z,PRM07,STIC,20210924-20220314,HS,21035985,21.5,2.195,22.851401504,0,excellent,NA
AIMS,2021-11-28T15:00:00Z,PRM07,STIC,20210924-20220314,HS,21035985,21.5,2.624,22.851401504,0,excellent,NA
AIMS,2021-11-28T15:30:00Z,PRM07,STIC,20210924-20220314,HS,21035985,21.5,2.837,22.851401504,0,excellent,NA
AIMS,2021-11-28T16:00:00Z,PRM07,STIC,20210924-20220314,HS,21035985,21.5,3.788,22.851401504,0,excellent,NA
AIMS,2021-11-28T16:30:00Z,PRM07,STIC,20210924-20220314,HS,21035985,21.5,5.037,22.851401504,0,excellent,NA
AIMS,2021-11-28T17:00:00Z,PRM07,STIC,20210924-20220314,HS,21035985,21.5,6.471,22.851401504,0,excellent,NA
AIMS,2021-11-28T17:30:00Z,PRM07,STIC,20210924-20220314,HS,21035985,21.5,7.28,22.851401504,0,excellent,NA
AIMS,2021-11-28T18:00:00Z,PRM07,STIC,20210924-20220314,HS,21035985,21.5,8.182,22.851401504,0,excellent,NA
AIMS,2021-11-28T18:30:00Z,PRM07,STIC,20210924-20220314,HS,21035985,21.5,8.978,22.851401504,0,excellent,NA
AIMS,2021-11-28T19:00:00Z,PRM07,STIC,20210924-20220314,HS,21035985,32.3,9.571,22.9062306848,0,excellent,NA
AIMS,2021-11-28T19:30:00Z,PRM07,STIC,20210924-20220314,HS,21035985,32.3,9.669,22.9062306848,0,excellent,NA
AIMS,2021-11-28T20:00:00Z,PRM07,STIC,20210924-20220314,HS,21035985,32.3,9.669,22.9062306848,0,excellent,NA
AIMS,2021-11-28T20:30:00Z,PRM07,STIC,20210924-20220314,HS,21035985,32.3,9.866,22.9062306848,0,excellent,NA
AIMS,2021-11-28T21:00:00Z,PRM07,STIC,20210924-20220314,HS,21035985,43.1,9.866,22.9610598656,0,excellent,NA
AIMS,2021-11-28T21:30:00Z,PRM07,STIC,20210924-20220314,HS,21035985,43.1,10.455,22.9610598656,0,excellent,NA
AIMS,2021-11-28T22:00:00Z,PRM07,STIC,20210924-20220314,HS,21035985,53.8,10.846,23.0153813688,0,excellent,NA
AIMS,2021-11-28T22:30:00Z,PRM07,STIC,20210924-20220314,HS,21035985,53.8,10.455,23.0153813688,0,excellent,NA
AIMS,2021-11-28T23:00:00Z,PRM07,STIC,20210924-20220314,HS,21035985,53.8,9.768,23.0153813688,0,excellent,NA
AIMS,2021-11-28T23:30:00Z,PRM07,STIC,20210924-20220314,HS,21035985,43.1,9.077,22.9610598656,0,excellent,NA
AIMS,2021-11-29T00:00:00Z,PRM07,STIC,20210924-20220314,HS,21035985,43.1,8.581,22.9610598656,0,excellent,NA
AIMS,2021-11-29T00:30:00Z,PRM07,STIC,20210924-20220314,HS,21035985,43.1,7.983,22.9610598656,0,excellent,NA
AIMS,2021-11-29T01:00:00Z,PRM07,STIC,20210924-20220314,HS,21035985,32.3,7.481,22.9062306848,0,excellent,NA
AIMS,2021-11-29T01:30:00Z,PRM07,STIC,20210924-20220314,HS,21035985,32.3,6.978,22.9062306848,0,excellent,NA
AIMS,2021-11-29T02:00:00Z,PRM07,STIC,20210924-20220314,HS,21035985,21.5,6.573,22.851401504,0,excellent,NA
AIMS,2021-11-29T02:30:00Z,PRM07,STIC,20210924-20220314,HS,21035985,21.5,5.962,22.851401504,0,excellent,NA
AIMS,2021-11-29T03:00:00Z,PRM07,STIC,20210924-20220314,HS,21035985,21.5,5.552,22.851401504,0,excellent,NA
AIMS,2021-11-29T03:30:00Z,PRM07,STIC,20210924-20220314,HS,21035985,21.5,5.244,22.851401504,0,excellent,NA
AIMS,2021-11-29T04:00:00Z,PRM07,STIC,20210924-20220314,HS,21035985,21.5,4.831,22.851401504,0,excellent,NA
AIMS,2021-11-29T04:30:00Z,PRM07,STIC,20210924-20220314,HS,21035985,21.5,4.415,22.851401504,0,excellent,NA
AIMS,2021-11-29T05:00:00Z,PRM07,STIC,20210924-20220314,HS,21035985,21.5,4.102,22.851401504,0,excellent,NA
AIMS,2021-11-29T05:30:00Z,PRM07,STIC,20210924-20220314,HS,21035985,21.5,3.998,22.851401504,0,excellent,NA
AIMS,2021-11-29T06:00:00Z,PRM07,STIC,20210924-20220314,HS,21035985,21.5,3.998,22.851401504,0,excellent,NA
AIMS,2021-11-29T06:30:00Z,PRM07,STIC,20210924-20220314,HS,21035985,21.5,4.207,22.851401504,0,excellent,NA
AIMS,2021-11-29T07:00:00Z,PRM07,STIC,20210924-20220314,HS,21035985,21.5,4.207,22.851401504,0,excellent,NA
AIMS,2021-11-29T07:30:00Z,PRM07,STIC,20210924-20220314,HS,21035985,21.5,3.998,22.851401504,0,excellent,NA
AIMS,2021-11-29T08:00:00Z,PRM07,STIC,20210924-20220314,HS,21035985,21.5,3.893,22.851401504,0,excellent,NA
AIMS,2021-11-29T08:30:00Z,PRM07,STIC,20210924-20220314,HS,21035985,21.5,3.683,22.851401504,0,excellent,NA
AIMS,2021-11-29T09:00:00Z,PRM07,STIC,20210924-20220314,HS,21035985,21.5,3.472,22.851401504,0,excellent,NA
AIMS,2021-11-29T09:30:00Z,PRM07,STIC,20210924-20220314,HS,21035985,21.5,3.261,22.851401504,0,excellent,NA
AIMS,2021-11-29T10:00:00Z,PRM07,STIC,20210924-20220314,HS,21035985,21.5,2.837,22.851401504,0,excellent,NA
AIMS,2021-11-29T10:30:00Z,PRM07,STIC,20210924-20220314,HS,21035985,10.8,2.41,22.797080000799998,0,excellent,NA
AIMS,2021-11-29T11:00:00Z,PRM07,STIC,20210924-20220314,HS,21035985,21.5,2.088,22.851401504,0,excellent,NA
AIMS,2021-11-29T11:30:00Z,PRM07,STIC,20210924-20220314,HS,21035985,10.8,2.088,22.797080000799998,0,excellent,NA
AIMS,2021-11-29T12:00:00Z,PRM07,STIC,20210924-20220314,HS,21035985,10.8,1.98,22.797080000799998,0,excellent,NA
AIMS,2021-11-29T12:30:00Z,PRM07,STIC,20210924-20220314,HS,21035985,10.8,1.548,22.797080000799998,0,excellent,NA
AIMS,2021-11-29T13:00:00Z,PRM07,STIC,20210924-20220314,HS,21035985,10.8,0.893,22.797080000799998,0,excellent,NA
AIMS,2021-11-29T13:30:00Z,PRM07,STIC,20210924-20220314,HS,21035985,10.8,0.893,22.797080000799998,0,excellent,NA
AIMS,2021-11-29T14:00:00Z,PRM07,STIC,20210924-20220314,HS,21035985,10.8,0.563,22.797080000799998,0,excellent,NA
AIMS,2021-11-29T14:30:00Z,PRM07,STIC,20210924-20220314,HS,21035985,10.8,0.232,22.797080000799998,0,excellent,NA
AIMS,2021-11-29T15:00:00Z,PRM07,STIC,20210924-20220314,HS,21035985,10.8,0.674,22.797080000799998,0,excellent,NA
AIMS,2021-11-29T15:30:00Z,PRM07,STIC,20210924-20220314,HS,21035985,10.8,1.112,22.797080000799998,0,excellent,NA
AIMS,2021-11-29T16:00:00Z,PRM07,STIC,20210924-20220314,HS,21035985,10.8,1.656,22.797080000799998,0,excellent,NA
AIMS,2021-11-29T16:30:00Z,PRM07,STIC,20210924-20220314,HS,21035985,10.8,2.195,22.797080000799998,0,excellent,NA
AIMS,2021-11-29T17:00:00Z,PRM07,STIC,20210924-20220314,HS,21035985,10.8,2.73,22.797080000799998,0,excellent,NA
AIMS,2021-11-29T17:30:00Z,PRM07,STIC,20210924-20220314,HS,21035985,10.8,3.261,22.797080000799998,0,excellent,NA
AIMS,2021-11-29T18:00:00Z,PRM07,STIC,20210924-20220314,HS,21035985,10.8,3.683,22.797080000799998,0,excellent,NA
AIMS,2021-11-29T18:30:00Z,PRM07,STIC,20210924-20220314,HS,21035985,10.8,4.311,22.797080000799998,0,excellent,NA
AIMS,2021-11-29T19:00:00Z,PRM07,STIC,20210924-20220314,HS,21035985,10.8,4.831,22.797080000799998,0,excellent,NA
AIMS,2021-11-29T19:30:00Z,PRM07,STIC,20210924-20220314,HS,21035985,10.8,5.037,22.797080000799998,0,excellent,NA
AIMS,2021-11-29T20:00:00Z,PRM07,STIC,20210924-20220314,HS,21035985,10.8,5.244,22.797080000799998,0,excellent,NA
AIMS,2021-11-29T20:30:00Z,PRM07,STIC,20210924-20220314,HS,21035985,10.8,5.757,22.797080000799998,0,excellent,NA
AIMS,2021-11-29T21:00:00Z,PRM07,STIC,20210924-20220314,HS,21035985,21.5,5.962,22.851401504,0,excellent,NA
AIMS,2021-11-29T21:30:00Z,PRM07,STIC,20210924-20220314,HS,21035985,21.5,5.962,22.851401504,0,excellent,NA
AIMS,2021-11-29T22:00:00Z,PRM07,STIC,20210924-20220314,HS,21035985,21.5,5.962,22.851401504,0,excellent,NA
AIMS,2021-11-29T22:30:00Z,PRM07,STIC,20210924-20220314,HS,21035985,21.5,5.45,22.851401504,0,excellent,NA
AIMS,2021-11-29T23:00:00Z,PRM07,STIC,20210924-20220314,HS,21035985,21.5,4.831,22.851401504,0,excellent,NA
AIMS,2021-11-29T23:30:00Z,PRM07,STIC,20210924-20220314,HS,21035985,21.5,4.415,22.851401504,0,excellent,NA
AIMS,2021-11-30T00:00:00Z,PRM07,STIC,20210924-20220314,HS,21035985,21.5,3.998,22.851401504,0,excellent,NA
AIMS,2021-11-30T00:30:00Z,PRM07,STIC,20210924-20220314,HS,21035985,21.5,3.683,22.851401504,0,excellent,NA
AIMS,2021-11-30T01:00:00Z,PRM07,STIC,20210924-20220314,HS,21035985,21.5,3.367,22.851401504,0,excellent,NA
AIMS,2021-11-30T01:30:00Z,PRM07,STIC,20210924-20220314,HS,21035985,10.8,3.049,22.797080000799998,0,excellent,NA
AIMS,2021-11-30T02:00:00Z,PRM07,STIC,20210924-20220314,HS,21035985,10.8,2.73,22.797080000799998,0,excellent,NA
AIMS,2021-11-30T02:30:00Z,PRM07,STIC,20210924-20220314,HS,21035985,10.8,2.303,22.797080000799998,0,excellent,NA
AIMS,2021-11-30T03:00:00Z,PRM07,STIC,20210924-20220314,HS,21035985,10.8,2.088,22.797080000799998,0,excellent,NA
AIMS,2021-11-30T03:30:00Z,PRM07,STIC,20210924-20220314,HS,21035985,10.8,1.764,22.797080000799998,0,excellent,NA
AIMS,2021-11-30T04:00:00Z,PRM07,STIC,20210924-20220314,HS,21035985,10.8,1.764,22.797080000799998,0,excellent,NA
AIMS,2021-11-30T04:30:00Z,PRM07,STIC,20210924-20220314,HS,21035985,10.8,1.439,22.797080000799998,0,excellent,NA
AIMS,2021-11-30T05:00:00Z,PRM07,STIC,20210924-20220314,HS,21035985,10.8,1.221,22.797080000799998,0,excellent,NA
AIMS,2021-11-30T05:30:00Z,PRM07,STIC,20210924-20220314,HS,21035985,10.8,1.003,22.797080000799998,0,excellent,NA
AIMS,2021-11-30T06:00:00Z,PRM07,STIC,20210924-20220314,HS,21035985,10.8,0.784,22.797080000799998,0,excellent,NA
AIMS,2021-11-30T06:30:00Z,PRM07,STIC,20210924-20220314,HS,21035985,10.8,0.563,22.797080000799998,0,excellent,NA
AIMS,2021-11-30T07:00:00Z,PRM07,STIC,20210924-20220314,HS,21035985,10.8,0.453,22.797080000799998,0,excellent,NA
AIMS,2021-11-30T07:30:00Z,PRM07,STIC,20210924-20220314,HS,21035985,10.8,0.343,22.797080000799998,0,excellent,NA
AIMS,2021-11-30T08:00:00Z,PRM07,STIC,20210924-20220314,HS,21035985,10.8,0.121,22.797080000799998,0,excellent,NA
AIMS,2021-11-30T08:30:00Z,PRM07,STIC,20210924-20220314,HS,21035985,10.8,0.01,22.797080000799998,0,excellent,NA
AIMS,2021-11-30T09:00:00Z,PRM07,STIC,20210924-20220314,HS,21035985,10.8,0.01,22.797080000799998,0,excellent,NA
AIMS,2021-11-30T09:30:00Z,PRM07,STIC,20210924-20220314,HS,21035985,10.8,-0.213,22.797080000799998,0,excellent,NA
AIMS,2021-11-30T10:00:00Z,PRM07,STIC,20210924-20220314,HS,21035985,10.8,-0.213,22.797080000799998,0,excellent,NA
AIMS,2021-11-30T10:30:00Z,PRM07,STIC,20210924-20220314,HS,21035985,10.8,-0.437,22.797080000799998,0,excellent,NA
AIMS,2021-11-30T11:00:00Z,PRM07,STIC,20210924-20220314,HS,21035985,10.8,-0.549,22.797080000799998,0,excellent,NA
AIMS,2021-11-30T11:30:00Z,PRM07,STIC,20210924-20220314,HS,21035985,10.8,-0.549,22.797080000799998,0,excellent,NA
AIMS,2021-11-30T12:00:00Z,PRM07,STIC,20210924-20220314,HS,21035985,10.8,-0.662,22.797080000799998,0,excellent,NA
AIMS,2021-11-30T12:30:00Z,PRM07,STIC,20210924-20220314,HS,21035985,10.8,-0.774,22.797080000799998,0,excellent,NA
AIMS,2021-11-30T13:00:00Z,PRM07,STIC,20210924-20220314,HS,21035985,10.8,-0.887,22.797080000799998,0,excellent,NA
AIMS,2021-11-30T13:30:00Z,PRM07,STIC,20210924-20220314,HS,21035985,10.8,-1.114,22.797080000799998,0,excellent,NA
AIMS,2021-11-30T14:00:00Z,PRM07,STIC,20210924-20220314,HS,21035985,10.8,-1.001,22.797080000799998,0,excellent,NA
AIMS,2021-11-30T14:30:00Z,PRM07,STIC,20210924-20220314,HS,21035985,10.8,-1.001,22.797080000799998,0,excellent,NA
AIMS,2021-11-30T15:00:00Z,PRM07,STIC,20210924-20220314,HS,21035985,10.8,-0.662,22.797080000799998,0,excellent,NA
AIMS,2021-11-30T15:30:00Z,PRM07,STIC,20210924-20220314,HS,21035985,10.8,0.01,22.797080000799998,0,excellent,NA
AIMS,2021-11-30T16:00:00Z,PRM07,STIC,20210924-20220314,HS,21035985,10.8,0.563,22.797080000799998,0,excellent,NA
AIMS,2021-11-30T16:30:00Z,PRM07,STIC,20210924-20220314,HS,21035985,10.8,1.33,22.797080000799998,0,excellent,NA
AIMS,2021-11-30T17:00:00Z,PRM07,STIC,20210924-20220314,HS,21035985,10.8,2.303,22.797080000799998,0,excellent,NA
AIMS,2021-11-30T17:30:00Z,PRM07,STIC,20210924-20220314,HS,21035985,10.8,3.578,22.797080000799998,0,excellent,NA
AIMS,2021-11-30T18:00:00Z,PRM07,STIC,20210924-20220314,HS,21035985,10.8,4.727,22.797080000799998,0,excellent,NA
AIMS,2021-11-30T18:30:00Z,PRM07,STIC,20210924-20220314,HS,21035985,10.8,5.45,22.797080000799998,0,excellent,NA
AIMS,2021-11-30T19:00:00Z,PRM07,STIC,20210924-20220314,HS,21035985,0,6.166,22.74225082,0,excellent,NA
AIMS,2021-11-30T19:30:00Z,PRM07,STIC,20210924-20220314,HS,21035985,0,6.775,22.74225082,0,excellent,NA
AIMS,2021-11-30T20:00:00Z,PRM07,STIC,20210924-20220314,HS,21035985,0,7.481,22.74225082,0,excellent,NA
AIMS,2021-11-30T20:30:00Z,PRM07,STIC,20210924-20220314,HS,21035985,0,7.983,22.74225082,0,excellent,NA
AIMS,2021-11-30T21:00:00Z,PRM07,STIC,20210924-20220314,HS,21035985,0,7.882,22.74225082,0,excellent,NA
AIMS,2021-11-30T21:30:00Z,PRM07,STIC,20210924-20220314,HS,21035985,0,8.082,22.74225082,0,excellent,NA
AIMS,2021-11-30T22:00:00Z,PRM07,STIC,20210924-20220314,HS,21035985,0,8.082,22.74225082,0,excellent,NA
AIMS,2021-11-30T22:30:00Z,PRM07,STIC,20210924-20220314,HS,21035985,0,7.782,22.74225082,0,excellent,NA
AIMS,2021-11-30T23:00:00Z,PRM07,STIC,20210924-20220314,HS,21035985,0,7.381,22.74225082,0,excellent,NA
AIMS,2021-11-30T23:30:00Z,PRM07,STIC,20210924-20220314,HS,21035985,0,7.079,22.74225082,0,excellent,NA
AIMS,2021-12-01T00:00:00Z,PRM07,STIC,20210924-20220314,HS,21035985,0,6.775,22.74225082,0,excellent,NA
AIMS,2021-12-01T00:30:00Z,PRM07,STIC,20210924-20220314,HS,21035985,0,6.573,22.74225082,0,excellent,NA
AIMS,2021-12-01T01:00:00Z,PRM07,STIC,20210924-20220314,HS,21035985,0,6.064,22.74225082,0,excellent,NA
AIMS,2021-12-01T01:30:00Z,PRM07,STIC,20210924-20220314,HS,21035985,0,5.86,22.74225082,0,excellent,NA
AIMS,2021-12-01T02:00:00Z,PRM07,STIC,20210924-20220314,HS,21035985,0,5.655,22.74225082,0,excellent,NA
AIMS,2021-12-01T02:30:00Z,PRM07,STIC,20210924-20220314,HS,21035985,0,5.347,22.74225082,0,excellent,NA
AIMS,2021-12-01T03:00:00Z,PRM07,STIC,20210924-20220314,HS,21035985,0,5.141,22.74225082,0,excellent,NA
AIMS,2021-12-01T03:30:00Z,PRM07,STIC,20210924-20220314,HS,21035985,0,4.934,22.74225082,0,excellent,NA
AIMS,2021-12-01T04:00:00Z,PRM07,STIC,20210924-20220314,HS,21035985,0,4.727,22.74225082,0,excellent,NA
AIMS,2021-12-01T04:30:00Z,PRM07,STIC,20210924-20220314,HS,21035985,0,4.519,22.74225082,0,excellent,NA
AIMS,2021-12-01T05:00:00Z,PRM07,STIC,20210924-20220314,HS,21035985,0,4.311,22.74225082,0,excellent,NA
AIMS,2021-12-01T05:30:00Z,PRM07,STIC,20210924-20220314,HS,21035985,10.8,3.998,22.797080000799998,0,excellent,NA
AIMS,2021-12-01T06:00:00Z,PRM07,STIC,20210924-20220314,HS,21035985,10.8,3.893,22.797080000799998,0,excellent,NA
AIMS,2021-12-01T06:30:00Z,PRM07,STIC,20210924-20220314,HS,21035985,10.8,3.683,22.797080000799998,0,excellent,NA
AIMS,2021-12-01T07:00:00Z,PRM07,STIC,20210924-20220314,HS,21035985,10.8,3.472,22.797080000799998,0,excellent,NA
AIMS,2021-12-01T07:30:00Z,PRM07,STIC,20210924-20220314,HS,21035985,10.8,3.261,22.797080000799998,0,excellent,NA
AIMS,2021-12-01T08:00:00Z,PRM07,STIC,20210924-20220314,HS,21035985,10.8,3.155,22.797080000799998,0,excellent,NA
AIMS,2021-12-01T08:30:00Z,PRM07,STIC,20210924-20220314,HS,21035985,10.8,2.943,22.797080000799998,0,excellent,NA
AIMS,2021-12-01T09:00:00Z,PRM07,STIC,20210924-20220314,HS,21035985,10.8,2.837,22.797080000799998,0,excellent,NA
AIMS,2021-12-01T09:30:00Z,PRM07,STIC,20210924-20220314,HS,21035985,21.5,2.73,22.851401504,0,excellent,NA
AIMS,2021-12-01T10:00:00Z,PRM07,STIC,20210924-20220314,HS,21035985,21.5,2.517,22.851401504,0,excellent,NA
AIMS,2021-12-01T10:30:00Z,PRM07,STIC,20210924-20220314,HS,21035985,21.5,2.303,22.851401504,0,excellent,NA
AIMS,2021-12-01T11:00:00Z,PRM07,STIC,20210924-20220314,HS,21035985,21.5,2.303,22.851401504,0,excellent,NA
AIMS,2021-12-01T11:30:00Z,PRM07,STIC,20210924-20220314,HS,21035985,21.5,2.195,22.851401504,0,excellent,NA
AIMS,2021-12-01T12:00:00Z,PRM07,STIC,20210924-20220314,HS,21035985,21.5,2.088,22.851401504,0,excellent,NA
AIMS,2021-12-01T12:30:00Z,PRM07,STIC,20210924-20220314,HS,21035985,21.5,1.872,22.851401504,0,excellent,NA
AIMS,2021-12-01T13:00:00Z,PRM07,STIC,20210924-20220314,HS,21035985,21.5,1.872,22.851401504,0,excellent,NA
AIMS,2021-12-01T13:30:00Z,PRM07,STIC,20210924-20220314,HS,21035985,21.5,1.656,22.851401504,0,excellent,NA
AIMS,2021-12-01T14:00:00Z,PRM07,STIC,20210924-20220314,HS,21035985,21.5,1.656,22.851401504,0,excellent,NA
AIMS,2021-12-01T14:30:00Z,PRM07,STIC,20210924-20220314,HS,21035985,21.5,1.656,22.851401504,0,excellent,NA
AIMS,2021-12-01T15:00:00Z,PRM07,STIC,20210924-20220314,HS,21035985,21.5,1.98,22.851401504,0,excellent,NA
AIMS,2021-12-01T15:30:00Z,PRM07,STIC,20210924-20220314,HS,21035985,21.5,2.41,22.851401504,0,excellent,NA
AIMS,2021-12-01T16:00:00Z,PRM07,STIC,20210924-20220314,HS,21035985,21.5,3.155,22.851401504,0,excellent,NA
AIMS,2021-12-01T16:30:00Z,PRM07,STIC,20210924-20220314,HS,21035985,32.3,4.831,22.9062306848,0,excellent,NA
AIMS,2021-12-01T17:00:00Z,PRM07,STIC,20210924-20220314,HS,21035985,32.3,6.37,22.9062306848,0,excellent,NA
AIMS,2021-12-01T17:30:00Z,PRM07,STIC,20210924-20220314,HS,21035985,32.3,7.782,22.9062306848,0,excellent,NA
AIMS,2021-12-01T18:00:00Z,PRM07,STIC,20210924-20220314,HS,21035985,32.3,8.879,22.9062306848,0,excellent,NA
AIMS,2021-12-01T18:30:00Z,PRM07,STIC,20210924-20220314,HS,21035985,32.3,10.651,22.9062306848,0,excellent,NA
AIMS,2021-12-01T19:00:00Z,PRM07,STIC,20210924-20220314,HS,21035985,32.3,11.236,22.9062306848,0,excellent,NA
AIMS,2021-12-01T19:30:00Z,PRM07,STIC,20210924-20220314,HS,21035985,21.5,11.431,22.851401504,0,excellent,NA
AIMS,2021-12-01T20:00:00Z,PRM07,STIC,20210924-20220314,HS,21035985,0,11.819,22.74225082,0,excellent,NA
AIMS,2021-12-01T20:30:00Z,PRM07,STIC,20210924-20220314,HS,21035985,0,12.304,22.74225082,0,excellent,NA
AIMS,2021-12-01T21:00:00Z,PRM07,STIC,20210924-20220314,HS,21035985,0,12.594,22.74225082,0,excellent,NA
AIMS,2021-12-01T21:30:00Z,PRM07,STIC,20210924-20220314,HS,21035985,0,12.69,22.74225082,0,excellent,NA
AIMS,2021-12-01T22:00:00Z,PRM07,STIC,20210924-20220314,HS,21035985,0,12.787,22.74225082,0,excellent,NA
AIMS,2021-12-01T22:30:00Z,PRM07,STIC,20210924-20220314,HS,21035985,0,11.916,22.74225082,0,excellent,NA
AIMS,2021-12-01T23:00:00Z,PRM07,STIC,20210924-20220314,HS,21035985,0,11.041,22.74225082,0,excellent,NA
AIMS,2021-12-01T23:30:00Z,PRM07,STIC,20210924-20220314,HS,21035985,0,10.357,22.74225082,0,excellent,NA
AIMS,2021-12-02T00:00:00Z,PRM07,STIC,20210924-20220314,HS,21035985,0,9.472,22.74225082,0,excellent,NA
AIMS,2021-12-02T00:30:00Z,PRM07,STIC,20210924-20220314,HS,21035985,0,8.879,22.74225082,0,excellent,NA
AIMS,2021-12-02T01:00:00Z,PRM07,STIC,20210924-20220314,HS,21035985,0,8.879,22.74225082,0,excellent,NA
AIMS,2021-12-02T01:30:00Z,PRM07,STIC,20210924-20220314,HS,21035985,0,8.978,22.74225082,0,excellent,NA
AIMS,2021-12-02T02:00:00Z,PRM07,STIC,20210924-20220314,HS,21035985,0,9.077,22.74225082,0,excellent,NA
AIMS,2021-12-02T02:30:00Z,PRM07,STIC,20210924-20220314,HS,21035985,0,8.978,22.74225082,0,excellent,NA
AIMS,2021-12-02T03:00:00Z,PRM07,STIC,20210924-20220314,HS,21035985,0,8.779,22.74225082,0,excellent,NA
AIMS,2021-12-02T03:30:00Z,PRM07,STIC,20210924-20220314,HS,21035985,0,8.481,22.74225082,0,excellent,NA
AIMS,2021-12-02T04:00:00Z,PRM07,STIC,20210924-20220314,HS,21035985,0,8.481,22.74225082,0,excellent,NA
AIMS,2021-12-02T04:30:00Z,PRM07,STIC,20210924-20220314,HS,21035985,0,8.581,22.74225082,0,excellent,NA
AIMS,2021-12-02T05:00:00Z,PRM07,STIC,20210924-20220314,HS,21035985,0,8.382,22.74225082,0,excellent,NA
AIMS,2021-12-02T05:30:00Z,PRM07,STIC,20210924-20220314,HS,21035985,0,7.983,22.74225082,0,excellent,NA
AIMS,2021-12-02T06:00:00Z,PRM07,STIC,20210924-20220314,HS,21035985,0,7.582,22.74225082,0,excellent,NA
AIMS,2021-12-02T06:30:00Z,PRM07,STIC,20210924-20220314,HS,21035985,0,7.28,22.74225082,0,excellent,NA
AIMS,2021-12-02T07:00:00Z,PRM07,STIC,20210924-20220314,HS,21035985,0,7.179,22.74225082,0,excellent,NA
AIMS,2021-12-02T07:30:00Z,PRM07,STIC,20210924-20220314,HS,21035985,0,7.079,22.74225082,0,excellent,NA
AIMS,2021-12-02T08:00:00Z,PRM07,STIC,20210924-20220314,HS,21035985,0,6.877,22.74225082,0,excellent,NA
AIMS,2021-12-02T08:30:00Z,PRM07,STIC,20210924-20220314,HS,21035985,10.8,6.877,22.797080000799998,0,excellent,NA
AIMS,2021-12-02T09:00:00Z,PRM07,STIC,20210924-20220314,HS,21035985,10.8,6.978,22.797080000799998,0,excellent,NA
AIMS,2021-12-02T09:30:00Z,PRM07,STIC,20210924-20220314,HS,21035985,10.8,7.079,22.797080000799998,0,excellent,NA
AIMS,2021-12-02T10:00:00Z,PRM07,STIC,20210924-20220314,HS,21035985,10.8,6.978,22.797080000799998,0,excellent,NA
AIMS,2021-12-02T10:30:00Z,PRM07,STIC,20210924-20220314,HS,21035985,10.8,6.978,22.797080000799998,0,excellent,NA
AIMS,2021-12-02T11:00:00Z,PRM07,STIC,20210924-20220314,HS,21035985,10.8,6.978,22.797080000799998,0,excellent,NA
AIMS,2021-12-02T11:30:00Z,PRM07,STIC,20210924-20220314,HS,21035985,10.8,6.674,22.797080000799998,0,excellent,NA
AIMS,2021-12-02T12:00:00Z,PRM07,STIC,20210924-20220314,HS,21035985,10.8,6.37,22.797080000799998,0,excellent,NA
AIMS,2021-12-02T12:30:00Z,PRM07,STIC,20210924-20220314,HS,21035985,10.8,6.166,22.797080000799998,0,excellent,NA
AIMS,2021-12-02T13:00:00Z,PRM07,STIC,20210924-20220314,HS,21035985,10.8,5.86,22.797080000799998,0,excellent,NA
AIMS,2021-12-02T13:30:00Z,PRM07,STIC,20210924-20220314,HS,21035985,10.8,5.655,22.797080000799998,0,excellent,NA
AIMS,2021-12-02T14:00:00Z,PRM07,STIC,20210924-20220314,HS,21035985,10.8,5.552,22.797080000799998,0,excellent,NA
AIMS,2021-12-02T14:30:00Z,PRM07,STIC,20210924-20220314,HS,21035985,10.8,5.552,22.797080000799998,0,excellent,NA
AIMS,2021-12-02T15:00:00Z,PRM07,STIC,20210924-20220314,HS,21035985,10.8,5.655,22.797080000799998,0,excellent,NA
AIMS,2021-12-02T15:30:00Z,PRM07,STIC,20210924-20220314,HS,21035985,21.5,5.962,22.851401504,0,excellent,NA
AIMS,2021-12-02T16:00:00Z,PRM07,STIC,20210924-20220314,HS,21035985,21.5,6.268,22.851401504,0,excellent,NA
AIMS,2021-12-02T16:30:00Z,PRM07,STIC,20210924-20220314,HS,21035985,21.5,6.877,22.851401504,0,excellent,NA
AIMS,2021-12-02T17:00:00Z,PRM07,STIC,20210924-20220314,HS,21035985,21.5,7.381,22.851401504,0,excellent,NA
AIMS,2021-12-02T17:30:00Z,PRM07,STIC,20210924-20220314,HS,21035985,21.5,8.082,22.851401504,0,excellent,NA
AIMS,2021-12-02T18:00:00Z,PRM07,STIC,20210924-20220314,HS,21035985,21.5,8.68,22.851401504,0,excellent,NA
AIMS,2021-12-02T18:30:00Z,PRM07,STIC,20210924-20220314,HS,21035985,21.5,9.373,22.851401504,0,excellent,NA
AIMS,2021-12-02T19:00:00Z,PRM07,STIC,20210924-20220314,HS,21035985,21.5,10.357,22.851401504,0,excellent,NA
AIMS,2021-12-02T19:30:00Z,PRM07,STIC,20210924-20220314,HS,21035985,21.5,10.651,22.851401504,0,excellent,NA
AIMS,2021-12-02T20:00:00Z,PRM07,STIC,20210924-20220314,HS,21035985,10.8,11.041,22.797080000799998,0,excellent,NA
AIMS,2021-12-02T20:30:00Z,PRM07,STIC,20210924-20220314,HS,21035985,0,11.236,22.74225082,0,excellent,NA
AIMS,2021-12-02T21:00:00Z,PRM07,STIC,20210924-20220314,HS,21035985,0,11.334,22.74225082,0,excellent,NA
AIMS,2021-12-02T21:30:00Z,PRM07,STIC,20210924-20220314,HS,21035985,0,11.334,22.74225082,0,excellent,NA
AIMS,2021-12-02T22:00:00Z,PRM07,STIC,20210924-20220314,HS,21035985,0,11.236,22.74225082,0,excellent,NA
AIMS,2021-12-02T22:30:00Z,PRM07,STIC,20210924-20220314,HS,21035985,0,10.846,22.74225082,0,excellent,NA
AIMS,2021-12-02T23:00:00Z,PRM07,STIC,20210924-20220314,HS,21035985,0,10.357,22.74225082,0,excellent,NA
AIMS,2021-12-02T23:30:00Z,PRM07,STIC,20210924-20220314,HS,21035985,0,10.063,22.74225082,0,excellent,NA
AIMS,2021-12-03T00:00:00Z,PRM07,STIC,20210924-20220314,HS,21035985,0,9.768,22.74225082,0,excellent,NA
AIMS,2021-12-03T00:30:00Z,PRM07,STIC,20210924-20220314,HS,21035985,0,9.373,22.74225082,0,excellent,NA
AIMS,2021-12-03T01:00:00Z,PRM07,STIC,20210924-20220314,HS,21035985,0,9.077,22.74225082,0,excellent,NA
AIMS,2021-12-03T01:30:00Z,PRM07,STIC,20210924-20220314,HS,21035985,0,8.779,22.74225082,0,excellent,NA
AIMS,2021-12-03T02:00:00Z,PRM07,STIC,20210924-20220314,HS,21035985,10.8,8.581,22.797080000799998,0,excellent,NA
AIMS,2021-12-03T02:30:00Z,PRM07,STIC,20210924-20220314,HS,21035985,10.8,8.282,22.797080000799998,0,excellent,NA
AIMS,2021-12-03T03:00:00Z,PRM07,STIC,20210924-20220314,HS,21035985,10.8,8.082,22.797080000799998,0,excellent,NA
AIMS,2021-12-03T03:30:00Z,PRM07,STIC,20210924-20220314,HS,21035985,10.8,7.882,22.797080000799998,0,excellent,NA
AIMS,2021-12-03T04:00:00Z,PRM07,STIC,20210924-20220314,HS,21035985,10.8,7.682,22.797080000799998,0,excellent,NA
AIMS,2021-12-03T04:30:00Z,PRM07,STIC,20210924-20220314,HS,21035985,10.8,7.381,22.797080000799998,0,excellent,NA
AIMS,2021-12-03T05:00:00Z,PRM07,STIC,20210924-20220314,HS,21035985,10.8,7.179,22.797080000799998,0,excellent,NA
AIMS,2021-12-03T05:30:00Z,PRM07,STIC,20210924-20220314,HS,21035985,10.8,6.877,22.797080000799998,0,excellent,NA
AIMS,2021-12-03T06:00:00Z,PRM07,STIC,20210924-20220314,HS,21035985,10.8,6.674,22.797080000799998,0,excellent,NA
AIMS,2021-12-03T06:30:00Z,PRM07,STIC,20210924-20220314,HS,21035985,10.8,6.573,22.797080000799998,0,excellent,NA
AIMS,2021-12-03T07:00:00Z,PRM07,STIC,20210924-20220314,HS,21035985,10.8,6.268,22.797080000799998,0,excellent,NA
AIMS,2021-12-03T07:30:00Z,PRM07,STIC,20210924-20220314,HS,21035985,10.8,6.064,22.797080000799998,0,excellent,NA
AIMS,2021-12-03T08:00:00Z,PRM07,STIC,20210924-20220314,HS,21035985,10.8,5.86,22.797080000799998,0,excellent,NA
AIMS,2021-12-03T08:30:00Z,PRM07,STIC,20210924-20220314,HS,21035985,21.5,5.655,22.851401504,0,excellent,NA
AIMS,2021-12-03T09:00:00Z,PRM07,STIC,20210924-20220314,HS,21035985,21.5,5.45,22.851401504,0,excellent,NA
AIMS,2021-12-03T09:30:00Z,PRM07,STIC,20210924-20220314,HS,21035985,21.5,5.141,22.851401504,0,excellent,NA
AIMS,2021-12-03T10:00:00Z,PRM07,STIC,20210924-20220314,HS,21035985,21.5,5.141,22.851401504,0,excellent,NA
AIMS,2021-12-03T10:30:00Z,PRM07,STIC,20210924-20220314,HS,21035985,21.5,4.934,22.851401504,0,excellent,NA
AIMS,2021-12-03T11:00:00Z,PRM07,STIC,20210924-20220314,HS,21035985,21.5,4.727,22.851401504,0,excellent,NA
AIMS,2021-12-03T11:30:00Z,PRM07,STIC,20210924-20220314,HS,21035985,21.5,4.623,22.851401504,0,excellent,NA
AIMS,2021-12-03T12:00:00Z,PRM07,STIC,20210924-20220314,HS,21035985,21.5,4.311,22.851401504,0,excellent,NA
AIMS,2021-12-03T12:30:00Z,PRM07,STIC,20210924-20220314,HS,21035985,21.5,4.102,22.851401504,0,excellent,NA
AIMS,2021-12-03T13:00:00Z,PRM07,STIC,20210924-20220314,HS,21035985,21.5,4.102,22.851401504,0,excellent,NA
AIMS,2021-12-03T13:30:00Z,PRM07,STIC,20210924-20220314,HS,21035985,21.5,3.893,22.851401504,0,excellent,NA
AIMS,2021-12-03T14:00:00Z,PRM07,STIC,20210924-20220314,HS,21035985,21.5,3.788,22.851401504,0,excellent,NA
AIMS,2021-12-03T14:30:00Z,PRM07,STIC,20210924-20220314,HS,21035985,32.3,3.893,22.9062306848,0,excellent,NA
AIMS,2021-12-03T15:00:00Z,PRM07,STIC,20210924-20220314,HS,21035985,32.3,3.998,22.9062306848,0,excellent,NA
AIMS,2021-12-03T15:30:00Z,PRM07,STIC,20210924-20220314,HS,21035985,32.3,4.415,22.9062306848,0,excellent,NA
AIMS,2021-12-03T16:00:00Z,PRM07,STIC,20210924-20220314,HS,21035985,32.3,5.037,22.9062306848,0,excellent,NA
AIMS,2021-12-03T16:30:00Z,PRM07,STIC,20210924-20220314,HS,21035985,32.3,5.757,22.9062306848,0,excellent,NA
AIMS,2021-12-03T17:00:00Z,PRM07,STIC,20210924-20220314,HS,21035985,32.3,6.573,22.9062306848,0,excellent,NA
AIMS,2021-12-03T17:30:00Z,PRM07,STIC,20210924-20220314,HS,21035985,32.3,7.381,22.9062306848,0,excellent,NA
AIMS,2021-12-03T18:00:00Z,PRM07,STIC,20210924-20220314,HS,21035985,32.3,8.182,22.9062306848,0,excellent,NA
AIMS,2021-12-03T18:30:00Z,PRM07,STIC,20210924-20220314,HS,21035985,43.1,8.978,22.9610598656,0,excellent,NA
AIMS,2021-12-03T19:00:00Z,PRM07,STIC,20210924-20220314,HS,21035985,43.1,9.768,22.9610598656,0,excellent,NA
AIMS,2021-12-03T19:30:00Z,PRM07,STIC,20210924-20220314,HS,21035985,43.1,10.259,22.9610598656,0,excellent,NA
AIMS,2021-12-03T20:00:00Z,PRM07,STIC,20210924-20220314,HS,21035985,43.1,10.944,22.9610598656,0,excellent,NA
AIMS,2021-12-03T20:30:00Z,PRM07,STIC,20210924-20220314,HS,21035985,43.1,11.236,22.9610598656,0,excellent,NA
AIMS,2021-12-03T21:00:00Z,PRM07,STIC,20210924-20220314,HS,21035985,43.1,11.625,22.9610598656,0,excellent,NA
AIMS,2021-12-03T21:30:00Z,PRM07,STIC,20210924-20220314,HS,21035985,43.1,11.625,22.9610598656,0,excellent,NA
AIMS,2021-12-03T22:00:00Z,PRM07,STIC,20210924-20220314,HS,21035985,43.1,11.528,22.9610598656,0,excellent,NA
AIMS,2021-12-03T22:30:00Z,PRM07,STIC,20210924-20220314,HS,21035985,32.3,11.722,22.9062306848,0,excellent,NA
AIMS,2021-12-03T23:00:00Z,PRM07,STIC,20210924-20220314,HS,21035985,10.8,11.625,22.797080000799998,0,excellent,NA
AIMS,2021-12-03T23:30:00Z,PRM07,STIC,20210924-20220314,HS,21035985,0,11.236,22.74225082,0,excellent,NA
AIMS,2021-12-04T00:00:00Z,PRM07,STIC,20210924-20220314,HS,21035985,0,10.944,22.74225082,0,excellent,NA
AIMS,2021-12-04T00:30:00Z,PRM07,STIC,20210924-20220314,HS,21035985,0,10.748,22.74225082,0,excellent,NA
AIMS,2021-12-04T01:00:00Z,PRM07,STIC,20210924-20220314,HS,21035985,0,10.651,22.74225082,0,excellent,NA
AIMS,2021-12-04T01:30:00Z,PRM07,STIC,20210924-20220314,HS,21035985,0,10.357,22.74225082,0,excellent,NA
AIMS,2021-12-04T02:00:00Z,PRM07,STIC,20210924-20220314,HS,21035985,0,9.965,22.74225082,0,excellent,NA
AIMS,2021-12-04T02:30:00Z,PRM07,STIC,20210924-20220314,HS,21035985,0,9.669,22.74225082,0,excellent,NA
AIMS,2021-12-04T03:00:00Z,PRM07,STIC,20210924-20220314,HS,21035985,10.8,9.373,22.797080000799998,0,excellent,NA
AIMS,2021-12-04T03:30:00Z,PRM07,STIC,20210924-20220314,HS,21035985,10.8,9.176,22.797080000799998,0,excellent,NA
AIMS,2021-12-04T04:00:00Z,PRM07,STIC,20210924-20220314,HS,21035985,10.8,8.879,22.797080000799998,0,excellent,NA
AIMS,2021-12-04T04:30:00Z,PRM07,STIC,20210924-20220314,HS,21035985,10.8,8.581,22.797080000799998,0,excellent,NA
AIMS,2021-12-04T05:00:00Z,PRM07,STIC,20210924-20220314,HS,21035985,10.8,8.382,22.797080000799998,0,excellent,NA
AIMS,2021-12-04T05:30:00Z,PRM07,STIC,20210924-20220314,HS,21035985,10.8,8.182,22.797080000799998,0,excellent,NA
AIMS,2021-12-04T06:00:00Z,PRM07,STIC,20210924-20220314,HS,21035985,10.8,7.983,22.797080000799998,0,excellent,NA
AIMS,2021-12-04T06:30:00Z,PRM07,STIC,20210924-20220314,HS,21035985,10.8,7.782,22.797080000799998,0,excellent,NA
AIMS,2021-12-04T07:00:00Z,PRM07,STIC,20210924-20220314,HS,21035985,21.5,7.582,22.851401504,0,excellent,NA
AIMS,2021-12-04T07:30:00Z,PRM07,STIC,20210924-20220314,HS,21035985,21.5,7.381,22.851401504,0,excellent,NA
AIMS,2021-12-04T08:00:00Z,PRM07,STIC,20210924-20220314,HS,21035985,21.5,7.28,22.851401504,0,excellent,NA
AIMS,2021-12-04T08:30:00Z,PRM07,STIC,20210924-20220314,HS,21035985,21.5,7.079,22.851401504,0,excellent,NA
AIMS,2021-12-04T09:00:00Z,PRM07,STIC,20210924-20220314,HS,21035985,21.5,6.978,22.851401504,0,excellent,NA
AIMS,2021-12-04T09:30:00Z,PRM07,STIC,20210924-20220314,HS,21035985,21.5,6.877,22.851401504,0,excellent,NA
AIMS,2021-12-04T10:00:00Z,PRM07,STIC,20210924-20220314,HS,21035985,21.5,6.877,22.851401504,0,excellent,NA
AIMS,2021-12-04T10:30:00Z,PRM07,STIC,20210924-20220314,HS,21035985,21.5,7.179,22.851401504,0,excellent,NA
AIMS,2021-12-04T11:00:00Z,PRM07,STIC,20210924-20220314,HS,21035985,32.3,7.28,22.9062306848,0,excellent,NA
AIMS,2021-12-04T11:30:00Z,PRM07,STIC,20210924-20220314,HS,21035985,32.3,7.079,22.9062306848,0,excellent,NA
AIMS,2021-12-04T12:00:00Z,PRM07,STIC,20210924-20220314,HS,21035985,32.3,7.079,22.9062306848,0,excellent,NA
AIMS,2021-12-04T12:30:00Z,PRM07,STIC,20210924-20220314,HS,21035985,32.3,7.28,22.9062306848,0,excellent,NA
AIMS,2021-12-04T13:00:00Z,PRM07,STIC,20210924-20220314,HS,21035985,32.3,7.179,22.9062306848,0,excellent,NA
AIMS,2021-12-04T13:30:00Z,PRM07,STIC,20210924-20220314,HS,21035985,32.3,7.381,22.9062306848,0,excellent,NA
AIMS,2021-12-04T14:00:00Z,PRM07,STIC,20210924-20220314,HS,21035985,32.3,7.682,22.9062306848,0,excellent,NA
AIMS,2021-12-04T14:30:00Z,PRM07,STIC,20210924-20220314,HS,21035985,32.3,8.182,22.9062306848,0,excellent,NA
AIMS,2021-12-04T15:00:00Z,PRM07,STIC,20210924-20220314,HS,21035985,32.3,9.077,22.9062306848,0,excellent,NA
AIMS,2021-12-04T15:30:00Z,PRM07,STIC,20210924-20220314,HS,21035985,32.3,10.161,22.9062306848,0,excellent,NA
AIMS,2021-12-04T16:00:00Z,PRM07,STIC,20210924-20220314,HS,21035985,32.3,10.259,22.9062306848,0,excellent,NA
AIMS,2021-12-04T16:30:00Z,PRM07,STIC,20210924-20220314,HS,21035985,32.3,10.259,22.9062306848,0,excellent,NA
AIMS,2021-12-04T17:00:00Z,PRM07,STIC,20210924-20220314,HS,21035985,32.3,10.455,22.9062306848,0,excellent,NA
AIMS,2021-12-04T17:30:00Z,PRM07,STIC,20210924-20220314,HS,21035985,32.3,10.553,22.9062306848,0,excellent,NA
AIMS,2021-12-04T18:00:00Z,PRM07,STIC,20210924-20220314,HS,21035985,32.3,10.553,22.9062306848,0,excellent,NA
AIMS,2021-12-04T18:30:00Z,PRM07,STIC,20210924-20220314,HS,21035985,10.8,11.236,22.797080000799998,0,excellent,NA
AIMS,2021-12-04T19:00:00Z,PRM07,STIC,20210924-20220314,HS,21035985,0,12.11,22.74225082,0,excellent,NA
AIMS,2021-12-04T19:30:00Z,PRM07,STIC,20210924-20220314,HS,21035985,0,13.365,22.74225082,0,excellent,NA
AIMS,2021-12-04T20:00:00Z,PRM07,STIC,20210924-20220314,HS,21035985,0,13.558,22.74225082,0,excellent,NA
AIMS,2021-12-04T20:30:00Z,PRM07,STIC,20210924-20220314,HS,21035985,0,13.846,22.74225082,0,excellent,NA
AIMS,2021-12-04T21:00:00Z,PRM07,STIC,20210924-20220314,HS,21035985,0,13.846,22.74225082,0,excellent,NA
AIMS,2021-12-04T21:30:00Z,PRM07,STIC,20210924-20220314,HS,21035985,0,13.365,22.74225082,0,excellent,NA
AIMS,2021-12-04T22:00:00Z,PRM07,STIC,20210924-20220314,HS,21035985,0,13.173,22.74225082,0,excellent,NA
AIMS,2021-12-04T22:30:00Z,PRM07,STIC,20210924-20220314,HS,21035985,0,13.173,22.74225082,0,excellent,NA
AIMS,2021-12-04T23:00:00Z,PRM07,STIC,20210924-20220314,HS,21035985,0,13.173,22.74225082,0,excellent,NA
AIMS,2021-12-04T23:30:00Z,PRM07,STIC,20210924-20220314,HS,21035985,0,12.98,22.74225082,0,excellent,NA
AIMS,2021-12-05T00:00:00Z,PRM07,STIC,20210924-20220314,HS,21035985,0,12.883,22.74225082,0,excellent,NA
AIMS,2021-12-05T00:30:00Z,PRM07,STIC,20210924-20220314,HS,21035985,0,12.69,22.74225082,0,excellent,NA
AIMS,2021-12-05T01:00:00Z,PRM07,STIC,20210924-20220314,HS,21035985,0,12.594,22.74225082,0,excellent,NA
AIMS,2021-12-05T01:30:00Z,PRM07,STIC,20210924-20220314,HS,21035985,0,12.497,22.74225082,0,excellent,NA
AIMS,2021-12-05T02:00:00Z,PRM07,STIC,20210924-20220314,HS,21035985,0,12.304,22.74225082,0,excellent,NA
AIMS,2021-12-05T02:30:00Z,PRM07,STIC,20210924-20220314,HS,21035985,0,12.207,22.74225082,0,excellent,NA
AIMS,2021-12-05T03:00:00Z,PRM07,STIC,20210924-20220314,HS,21035985,0,12.207,22.74225082,0,excellent,NA
AIMS,2021-12-05T03:30:00Z,PRM07,STIC,20210924-20220314,HS,21035985,0,12.207,22.74225082,0,excellent,NA
AIMS,2021-12-05T04:00:00Z,PRM07,STIC,20210924-20220314,HS,21035985,0,12.207,22.74225082,0,excellent,NA
AIMS,2021-12-05T04:30:00Z,PRM07,STIC,20210924-20220314,HS,21035985,0,12.207,22.74225082,0,excellent,NA
AIMS,2021-12-05T05:00:00Z,PRM07,STIC,20210924-20220314,HS,21035985,0,12.11,22.74225082,0,excellent,NA
AIMS,2021-12-05T05:30:00Z,PRM07,STIC,20210924-20220314,HS,21035985,0,12.11,22.74225082,0,excellent,NA
AIMS,2021-12-05T06:00:00Z,PRM07,STIC,20210924-20220314,HS,21035985,0,12.207,22.74225082,0,excellent,NA
AIMS,2021-12-05T06:30:00Z,PRM07,STIC,20210924-20220314,HS,21035985,0,12.207,22.74225082,0,excellent,NA
AIMS,2021-12-05T07:00:00Z,PRM07,STIC,20210924-20220314,HS,21035985,0,12.11,22.74225082,0,excellent,NA
AIMS,2021-12-05T07:30:00Z,PRM07,STIC,20210924-20220314,HS,21035985,0,12.11,22.74225082,0,excellent,NA
AIMS,2021-12-05T08:00:00Z,PRM07,STIC,20210924-20220314,HS,21035985,0,12.013,22.74225082,0,excellent,NA
AIMS,2021-12-05T08:30:00Z,PRM07,STIC,20210924-20220314,HS,21035985,0,12.013,22.74225082,0,excellent,NA
AIMS,2021-12-05T09:00:00Z,PRM07,STIC,20210924-20220314,HS,21035985,0,11.916,22.74225082,0,excellent,NA
AIMS,2021-12-05T09:30:00Z,PRM07,STIC,20210924-20220314,HS,21035985,0,11.722,22.74225082,0,excellent,NA
AIMS,2021-12-05T10:00:00Z,PRM07,STIC,20210924-20220314,HS,21035985,0,11.722,22.74225082,0,excellent,NA
AIMS,2021-12-05T10:30:00Z,PRM07,STIC,20210924-20220314,HS,21035985,0,11.722,22.74225082,0,excellent,NA
AIMS,2021-12-05T11:00:00Z,PRM07,STIC,20210924-20220314,HS,21035985,0,11.625,22.74225082,0,excellent,NA
AIMS,2021-12-05T11:30:00Z,PRM07,STIC,20210924-20220314,HS,21035985,0,11.722,22.74225082,0,excellent,NA
AIMS,2021-12-05T12:00:00Z,PRM07,STIC,20210924-20220314,HS,21035985,0,11.722,22.74225082,0,excellent,NA
AIMS,2021-12-05T12:30:00Z,PRM07,STIC,20210924-20220314,HS,21035985,0,11.722,22.74225082,0,excellent,NA
AIMS,2021-12-05T13:00:00Z,PRM07,STIC,20210924-20220314,HS,21035985,0,11.722,22.74225082,0,excellent,NA
AIMS,2021-12-05T13:30:00Z,PRM07,STIC,20210924-20220314,HS,21035985,0,11.722,22.74225082,0,excellent,NA
AIMS,2021-12-05T14:00:00Z,PRM07,STIC,20210924-20220314,HS,21035985,0,11.722,22.74225082,0,excellent,NA
AIMS,2021-12-05T14:30:00Z,PRM07,STIC,20210924-20220314,HS,21035985,0,11.722,22.74225082,0,excellent,NA
AIMS,2021-12-05T15:00:00Z,PRM07,STIC,20210924-20220314,HS,21035985,0,11.819,22.74225082,0,excellent,NA
AIMS,2021-12-05T15:30:00Z,PRM07,STIC,20210924-20220314,HS,21035985,0,12.013,22.74225082,0,excellent,NA
AIMS,2021-12-05T16:00:00Z,PRM07,STIC,20210924-20220314,HS,21035985,0,12.787,22.74225082,0,excellent,NA
AIMS,2021-12-05T16:30:00Z,PRM07,STIC,20210924-20220314,HS,21035985,0,13.365,22.74225082,0,excellent,NA
AIMS,2021-12-05T17:00:00Z,PRM07,STIC,20210924-20220314,HS,21035985,0,14.134,22.74225082,0,excellent,NA
AIMS,2021-12-05T17:30:00Z,PRM07,STIC,20210924-20220314,HS,21035985,0,15.187,22.74225082,0,excellent,NA
AIMS,2021-12-05T18:00:00Z,PRM07,STIC,20210924-20220314,HS,21035985,0,16.046,22.74225082,0,excellent,NA
AIMS,2021-12-05T18:30:00Z,PRM07,STIC,20210924-20220314,HS,21035985,0,16.141,22.74225082,0,excellent,NA
AIMS,2021-12-05T19:00:00Z,PRM07,STIC,20210924-20220314,HS,21035985,0,16.237,22.74225082,0,excellent,NA
AIMS,2021-12-05T19:30:00Z,PRM07,STIC,20210924-20220314,HS,21035985,0,16.046,22.74225082,0,excellent,NA
AIMS,2021-12-05T20:00:00Z,PRM07,STIC,20210924-20220314,HS,21035985,0,16.237,22.74225082,0,excellent,NA
AIMS,2021-12-05T20:30:00Z,PRM07,STIC,20210924-20220314,HS,21035985,0,16.427,22.74225082,0,excellent,NA
AIMS,2021-12-05T21:00:00Z,PRM07,STIC,20210924-20220314,HS,21035985,0,16.903,22.74225082,0,excellent,NA
AIMS,2021-12-05T21:30:00Z,PRM07,STIC,20210924-20220314,HS,21035985,0,16.332,22.74225082,0,excellent,NA
AIMS,2021-12-05T22:00:00Z,PRM07,STIC,20210924-20220314,HS,21035985,0,15.855,22.74225082,0,excellent,NA
AIMS,2021-12-05T22:30:00Z,PRM07,STIC,20210924-20220314,HS,21035985,0,15.282,22.74225082,0,excellent,NA
AIMS,2021-12-05T23:00:00Z,PRM07,STIC,20210924-20220314,HS,21035985,0,14.804,22.74225082,0,excellent,NA
AIMS,2021-12-05T23:30:00Z,PRM07,STIC,20210924-20220314,HS,21035985,0,14.709,22.74225082,0,excellent,NA
AIMS,2021-12-06T00:00:00Z,PRM07,STIC,20210924-20220314,HS,21035985,0,14.325,22.74225082,0,excellent,NA
AIMS,2021-12-06T00:30:00Z,PRM07,STIC,20210924-20220314,HS,21035985,0,14.038,22.74225082,0,excellent,NA
AIMS,2021-12-06T01:00:00Z,PRM07,STIC,20210924-20220314,HS,21035985,0,13.75,22.74225082,0,excellent,NA
AIMS,2021-12-06T01:30:00Z,PRM07,STIC,20210924-20220314,HS,21035985,0,13.558,22.74225082,0,excellent,NA
AIMS,2021-12-06T02:00:00Z,PRM07,STIC,20210924-20220314,HS,21035985,10.8,13.461,22.797080000799998,0,excellent,NA
AIMS,2021-12-06T02:30:00Z,PRM07,STIC,20210924-20220314,HS,21035985,10.8,13.269,22.797080000799998,0,excellent,NA
AIMS,2021-12-06T03:00:00Z,PRM07,STIC,20210924-20220314,HS,21035985,10.8,13.365,22.797080000799998,0,excellent,NA
AIMS,2021-12-06T03:30:00Z,PRM07,STIC,20210924-20220314,HS,21035985,10.8,13.365,22.797080000799998,0,excellent,NA
AIMS,2021-12-06T04:00:00Z,PRM07,STIC,20210924-20220314,HS,21035985,0,13.269,22.74225082,0,excellent,NA
AIMS,2021-12-06T04:30:00Z,PRM07,STIC,20210924-20220314,HS,21035985,0,13.269,22.74225082,0,excellent,NA
AIMS,2021-12-06T05:00:00Z,PRM07,STIC,20210924-20220314,HS,21035985,0,13.173,22.74225082,0,excellent,NA
AIMS,2021-12-06T05:30:00Z,PRM07,STIC,20210924-20220314,HS,21035985,0,13.269,22.74225082,0,excellent,NA
AIMS,2021-12-06T06:00:00Z,PRM07,STIC,20210924-20220314,HS,21035985,0,13.365,22.74225082,0,excellent,NA
AIMS,2021-12-06T06:30:00Z,PRM07,STIC,20210924-20220314,HS,21035985,0,13.461,22.74225082,0,excellent,NA
AIMS,2021-12-06T07:00:00Z,PRM07,STIC,20210924-20220314,HS,21035985,0,13.75,22.74225082,0,excellent,NA
AIMS,2021-12-06T07:30:00Z,PRM07,STIC,20210924-20220314,HS,21035985,0,13.942,22.74225082,0,excellent,NA
AIMS,2021-12-06T08:00:00Z,PRM07,STIC,20210924-20220314,HS,21035985,0,14.23,22.74225082,0,excellent,NA
AIMS,2021-12-06T08:30:00Z,PRM07,STIC,20210924-20220314,HS,21035985,0,14.421,22.74225082,0,excellent,NA
AIMS,2021-12-06T09:00:00Z,PRM07,STIC,20210924-20220314,HS,21035985,0,14.613,22.74225082,0,excellent,NA
AIMS,2021-12-06T09:30:00Z,PRM07,STIC,20210924-20220314,HS,21035985,0,14.613,22.74225082,0,excellent,NA
AIMS,2021-12-06T10:00:00Z,PRM07,STIC,20210924-20220314,HS,21035985,0,14.613,22.74225082,0,excellent,NA
AIMS,2021-12-06T10:30:00Z,PRM07,STIC,20210924-20220314,HS,21035985,0,14.517,22.74225082,0,excellent,NA
AIMS,2021-12-06T11:00:00Z,PRM07,STIC,20210924-20220314,HS,21035985,0,14.23,22.74225082,0,excellent,NA
AIMS,2021-12-06T11:30:00Z,PRM07,STIC,20210924-20220314,HS,21035985,0,14.709,22.74225082,0,excellent,NA
AIMS,2021-12-06T12:00:00Z,PRM07,STIC,20210924-20220314,HS,21035985,0,14.804,22.74225082,0,excellent,NA
AIMS,2021-12-06T12:30:00Z,PRM07,STIC,20210924-20220314,HS,21035985,0,14.804,22.74225082,0,excellent,NA
AIMS,2021-12-06T13:00:00Z,PRM07,STIC,20210924-20220314,HS,21035985,0,15.282,22.74225082,0,excellent,NA
AIMS,2021-12-06T13:30:00Z,PRM07,STIC,20210924-20220314,HS,21035985,0,15.282,22.74225082,0,excellent,NA
AIMS,2021-12-06T14:00:00Z,PRM07,STIC,20210924-20220314,HS,21035985,0,15.187,22.74225082,0,excellent,NA
AIMS,2021-12-06T14:30:00Z,PRM07,STIC,20210924-20220314,HS,21035985,0,14.996,22.74225082,0,excellent,NA
AIMS,2021-12-06T15:00:00Z,PRM07,STIC,20210924-20220314,HS,21035985,32.3,14.9,22.9062306848,0,excellent,NA
AIMS,2021-12-06T15:30:00Z,PRM07,STIC,20210924-20220314,HS,21035985,86.1,15.187,23.179361233599998,0,excellent,NA
AIMS,2021-12-06T16:00:00Z,PRM07,STIC,20210924-20220314,HS,21035985,107.6,15.282,23.288511917599998,0,excellent,NA
AIMS,2021-12-06T16:30:00Z,PRM07,STIC,20210924-20220314,HS,21035985,107.6,14.709,23.288511917599998,0,excellent,NA
AIMS,2021-12-06T17:00:00Z,PRM07,STIC,20210924-20220314,HS,21035985,721.2,13.461,26.4036216712,1,excellent,NA
AIMS,2021-12-06T17:30:00Z,PRM07,STIC,20210924-20220314,HS,21035985,52355.9,13.076,288.5414273984,1,excellent,NA
AIMS,2021-12-06T18:00:00Z,PRM07,STIC,20210924-20220314,HS,21035985,52355.9,13.365,288.5414273984,1,excellent,NA
AIMS,2021-12-06T18:30:00Z,PRM07,STIC,20210924-20220314,HS,21035985,52355.9,13.558,288.5414273984,1,excellent,NA
AIMS,2021-12-06T19:00:00Z,PRM07,STIC,20210924-20220314,HS,21035985,52355.9,13.654,288.5414273984,1,excellent,NA
AIMS,2021-12-06T19:30:00Z,PRM07,STIC,20210924-20220314,HS,21035985,52355.9,13.558,288.5414273984,1,excellent,NA
AIMS,2021-12-06T20:00:00Z,PRM07,STIC,20210924-20220314,HS,21035985,52355.9,13.269,288.5414273984,1,excellent,NA
AIMS,2021-12-06T20:30:00Z,PRM07,STIC,20210924-20220314,HS,21035985,55111.5,13.076,302.530991344,1,excellent,NA
AIMS,2021-12-06T21:00:00Z,PRM07,STIC,20210924-20220314,HS,21035985,55111.5,12.883,302.530991344,1,excellent,NA
AIMS,2021-12-06T21:30:00Z,PRM07,STIC,20210924-20220314,HS,21035985,55111.5,12.69,302.530991344,1,excellent,NA
AIMS,2021-12-06T22:00:00Z,PRM07,STIC,20210924-20220314,HS,21035985,55111.5,12.594,302.530991344,1,excellent,NA
AIMS,2021-12-06T22:30:00Z,PRM07,STIC,20210924-20220314,HS,21035985,55111.5,12.497,302.530991344,1,excellent,NA
AIMS,2021-12-06T23:00:00Z,PRM07,STIC,20210924-20220314,HS,21035985,55111.5,12.401,302.530991344,1,excellent,NA
AIMS,2021-12-06T23:30:00Z,PRM07,STIC,20210924-20220314,HS,21035985,55111.5,12.207,302.530991344,1,excellent,NA
AIMS,2021-12-07T00:00:00Z,PRM07,STIC,20210924-20220314,HS,21035985,55111.5,12.013,302.530991344,1,excellent,NA
AIMS,2021-12-07T00:30:00Z,PRM07,STIC,20210924-20220314,HS,21035985,55111.5,11.819,302.530991344,1,excellent,NA
AIMS,2021-12-07T01:00:00Z,PRM07,STIC,20210924-20220314,HS,21035985,57867,11.625,316.520047612,1,excellent,NA
AIMS,2021-12-07T01:30:00Z,PRM07,STIC,20210924-20220314,HS,21035985,57867,11.431,316.520047612,1,excellent,NA
AIMS,2021-12-07T02:00:00Z,PRM07,STIC,20210924-20220314,HS,21035985,57867,11.334,316.520047612,1,excellent,NA
AIMS,2021-12-07T02:30:00Z,PRM07,STIC,20210924-20220314,HS,21035985,55111.5,11.139,302.530991344,1,excellent,NA
AIMS,2021-12-07T03:00:00Z,PRM07,STIC,20210924-20220314,HS,21035985,55111.5,11.041,302.530991344,1,excellent,NA
AIMS,2021-12-07T03:30:00Z,PRM07,STIC,20210924-20220314,HS,21035985,55111.5,10.944,302.530991344,1,excellent,NA
AIMS,2021-12-07T04:00:00Z,PRM07,STIC,20210924-20220314,HS,21035985,52355.9,10.846,288.5414273984,1,excellent,NA
AIMS,2021-12-07T04:30:00Z,PRM07,STIC,20210924-20220314,HS,21035985,52355.9,10.651,288.5414273984,1,excellent,NA
AIMS,2021-12-07T05:00:00Z,PRM07,STIC,20210924-20220314,HS,21035985,52355.9,10.553,288.5414273984,1,excellent,NA
AIMS,2021-12-07T05:30:00Z,PRM07,STIC,20210924-20220314,HS,21035985,52355.9,10.455,288.5414273984,1,excellent,NA
AIMS,2021-12-07T06:00:00Z,PRM07,STIC,20210924-20220314,HS,21035985,52355.9,10.357,288.5414273984,1,excellent,NA
AIMS,2021-12-07T06:30:00Z,PRM07,STIC,20210924-20220314,HS,21035985,52355.9,10.259,288.5414273984,1,excellent,NA
AIMS,2021-12-07T07:00:00Z,PRM07,STIC,20210924-20220314,HS,21035985,52355.9,10.161,288.5414273984,1,excellent,NA
AIMS,2021-12-07T07:30:00Z,PRM07,STIC,20210924-20220314,HS,21035985,52355.9,10.063,288.5414273984,1,excellent,NA
AIMS,2021-12-07T08:00:00Z,PRM07,STIC,20210924-20220314,HS,21035985,52355.9,9.965,288.5414273984,1,excellent,NA
AIMS,2021-12-07T08:30:00Z,PRM07,STIC,20210924-20220314,HS,21035985,52355.9,9.965,288.5414273984,1,excellent,NA
AIMS,2021-12-07T09:00:00Z,PRM07,STIC,20210924-20220314,HS,21035985,52355.9,9.768,288.5414273984,1,excellent,NA
AIMS,2021-12-07T09:30:00Z,PRM07,STIC,20210924-20220314,HS,21035985,52355.9,9.768,288.5414273984,1,excellent,NA
AIMS,2021-12-07T10:00:00Z,PRM07,STIC,20210924-20220314,HS,21035985,52355.9,9.669,288.5414273984,1,excellent,NA
AIMS,2021-12-07T10:30:00Z,PRM07,STIC,20210924-20220314,HS,21035985,52355.9,9.571,288.5414273984,1,excellent,NA
AIMS,2021-12-07T11:00:00Z,PRM07,STIC,20210924-20220314,HS,21035985,52355.9,9.472,288.5414273984,1,excellent,NA
AIMS,2021-12-07T11:30:00Z,PRM07,STIC,20210924-20220314,HS,21035985,52355.9,9.472,288.5414273984,1,excellent,NA
AIMS,2021-12-07T12:00:00Z,PRM07,STIC,20210924-20220314,HS,21035985,55111.5,9.373,302.530991344,1,excellent,NA
AIMS,2021-12-07T12:30:00Z,PRM07,STIC,20210924-20220314,HS,21035985,55111.5,9.275,302.530991344,1,excellent,NA
AIMS,2021-12-07T13:00:00Z,PRM07,STIC,20210924-20220314,HS,21035985,55111.5,9.077,302.530991344,1,excellent,NA
AIMS,2021-12-07T13:30:00Z,PRM07,STIC,20210924-20220314,HS,21035985,55111.5,8.978,302.530991344,1,excellent,NA
AIMS,2021-12-07T14:00:00Z,PRM07,STIC,20210924-20220314,HS,21035985,55111.5,8.879,302.530991344,1,excellent,NA
AIMS,2021-12-07T14:30:00Z,PRM07,STIC,20210924-20220314,HS,21035985,55111.5,8.68,302.530991344,1,excellent,NA
AIMS,2021-12-07T15:00:00Z,PRM07,STIC,20210924-20220314,HS,21035985,55111.5,8.581,302.530991344,1,excellent,NA
AIMS,2021-12-07T15:30:00Z,PRM07,STIC,20210924-20220314,HS,21035985,55111.5,8.68,302.530991344,1,excellent,NA
AIMS,2021-12-07T16:00:00Z,PRM07,STIC,20210924-20220314,HS,21035985,55111.5,8.68,302.530991344,1,excellent,NA
AIMS,2021-12-07T16:30:00Z,PRM07,STIC,20210924-20220314,HS,21035985,55111.5,8.779,302.530991344,1,excellent,NA
AIMS,2021-12-07T17:00:00Z,PRM07,STIC,20210924-20220314,HS,21035985,55111.5,8.879,302.530991344,1,excellent,NA
AIMS,2021-12-07T17:30:00Z,PRM07,STIC,20210924-20220314,HS,21035985,55111.5,9.176,302.530991344,1,excellent,NA
AIMS,2021-12-07T18:00:00Z,PRM07,STIC,20210924-20220314,HS,21035985,55111.5,9.176,302.530991344,1,excellent,NA
AIMS,2021-12-07T18:30:00Z,PRM07,STIC,20210924-20220314,HS,21035985,55111.5,9.077,302.530991344,1,excellent,NA
AIMS,2021-12-07T19:00:00Z,PRM07,STIC,20210924-20220314,HS,21035985,55111.5,9.373,302.530991344,1,excellent,NA
AIMS,2021-12-07T19:30:00Z,PRM07,STIC,20210924-20220314,HS,21035985,55111.5,9.472,302.530991344,1,excellent,NA
AIMS,2021-12-07T20:00:00Z,PRM07,STIC,20210924-20220314,HS,21035985,55111.5,9.571,302.530991344,1,excellent,NA
AIMS,2021-12-07T20:30:00Z,PRM07,STIC,20210924-20220314,HS,21035985,55111.5,9.571,302.530991344,1,excellent,NA
AIMS,2021-12-07T21:00:00Z,PRM07,STIC,20210924-20220314,HS,21035985,55111.5,9.669,302.530991344,1,excellent,NA
AIMS,2021-12-07T21:30:00Z,PRM07,STIC,20210924-20220314,HS,21035985,52355.9,9.571,288.5414273984,1,excellent,NA
AIMS,2021-12-07T22:00:00Z,PRM07,STIC,20210924-20220314,HS,21035985,52355.9,9.472,288.5414273984,1,excellent,NA
AIMS,2021-12-07T22:30:00Z,PRM07,STIC,20210924-20220314,HS,21035985,52355.9,9.472,288.5414273984,1,excellent,NA
AIMS,2021-12-07T23:00:00Z,PRM07,STIC,20210924-20220314,HS,21035985,52355.9,9.669,288.5414273984,1,excellent,NA
AIMS,2021-12-07T23:30:00Z,PRM07,STIC,20210924-20220314,HS,21035985,52355.9,9.571,288.5414273984,1,excellent,NA
AIMS,2021-12-08T00:00:00Z,PRM07,STIC,20210924-20220314,HS,21035985,52355.9,9.373,288.5414273984,1,excellent,NA
AIMS,2021-12-08T00:30:00Z,PRM07,STIC,20210924-20220314,HS,21035985,52355.9,9.669,288.5414273984,1,excellent,NA
AIMS,2021-12-08T01:00:00Z,PRM07,STIC,20210924-20220314,HS,21035985,52355.9,9.373,288.5414273984,1,excellent,NA
AIMS,2021-12-08T01:30:00Z,PRM07,STIC,20210924-20220314,HS,21035985,52355.9,9.373,288.5414273984,1,excellent,NA
AIMS,2021-12-08T02:00:00Z,PRM07,STIC,20210924-20220314,HS,21035985,52355.9,9.472,288.5414273984,1,excellent,NA
AIMS,2021-12-08T02:30:00Z,PRM07,STIC,20210924-20220314,HS,21035985,52355.9,9.275,288.5414273984,1,excellent,NA
AIMS,2021-12-08T03:00:00Z,PRM07,STIC,20210924-20220314,HS,21035985,52355.9,9.571,288.5414273984,1,excellent,NA
AIMS,2021-12-08T03:30:00Z,PRM07,STIC,20210924-20220314,HS,21035985,52355.9,9.571,288.5414273984,1,excellent,NA
AIMS,2021-12-08T04:00:00Z,PRM07,STIC,20210924-20220314,HS,21035985,52355.9,9.472,288.5414273984,1,excellent,NA
AIMS,2021-12-08T04:30:00Z,PRM07,STIC,20210924-20220314,HS,21035985,52355.9,9.472,288.5414273984,1,excellent,NA
AIMS,2021-12-08T05:00:00Z,PRM07,STIC,20210924-20220314,HS,21035985,52355.9,9.571,288.5414273984,1,excellent,NA
AIMS,2021-12-08T05:30:00Z,PRM07,STIC,20210924-20220314,HS,21035985,52355.9,9.472,288.5414273984,1,excellent,NA
AIMS,2021-12-08T06:00:00Z,PRM07,STIC,20210924-20220314,HS,21035985,55111.5,9.472,302.530991344,1,excellent,NA
AIMS,2021-12-08T06:30:00Z,PRM07,STIC,20210924-20220314,HS,21035985,52355.9,9.669,288.5414273984,1,excellent,NA
AIMS,2021-12-08T07:00:00Z,PRM07,STIC,20210924-20220314,HS,21035985,52355.9,9.669,288.5414273984,1,excellent,NA
AIMS,2021-12-08T07:30:00Z,PRM07,STIC,20210924-20220314,HS,21035985,52355.9,9.571,288.5414273984,1,excellent,NA
AIMS,2021-12-08T08:00:00Z,PRM07,STIC,20210924-20220314,HS,21035985,52355.9,9.571,288.5414273984,1,excellent,NA
AIMS,2021-12-08T08:30:00Z,PRM07,STIC,20210924-20220314,HS,21035985,52355.9,9.472,288.5414273984,1,excellent,NA
AIMS,2021-12-08T09:00:00Z,PRM07,STIC,20210924-20220314,HS,21035985,55111.5,9.373,302.530991344,1,excellent,NA
AIMS,2021-12-08T09:30:00Z,PRM07,STIC,20210924-20220314,HS,21035985,55111.5,9.571,302.530991344,1,excellent,NA
AIMS,2021-12-08T10:00:00Z,PRM07,STIC,20210924-20220314,HS,21035985,55111.5,9.768,302.530991344,1,excellent,NA
AIMS,2021-12-08T10:30:00Z,PRM07,STIC,20210924-20220314,HS,21035985,55111.5,9.571,302.530991344,1,excellent,NA
AIMS,2021-12-08T11:00:00Z,PRM07,STIC,20210924-20220314,HS,21035985,55111.5,9.571,302.530991344,1,excellent,NA
AIMS,2021-12-08T11:30:00Z,PRM07,STIC,20210924-20220314,HS,21035985,55111.5,9.472,302.530991344,1,excellent,NA
AIMS,2021-12-08T12:00:00Z,PRM07,STIC,20210924-20220314,HS,21035985,55111.5,9.176,302.530991344,1,excellent,NA
AIMS,2021-12-08T12:30:00Z,PRM07,STIC,20210924-20220314,HS,21035985,55111.5,8.978,302.530991344,1,excellent,NA
AIMS,2021-12-08T13:00:00Z,PRM07,STIC,20210924-20220314,HS,21035985,55111.5,8.978,302.530991344,1,excellent,NA
AIMS,2021-12-08T13:30:00Z,PRM07,STIC,20210924-20220314,HS,21035985,55111.5,9.275,302.530991344,1,excellent,NA
AIMS,2021-12-08T14:00:00Z,PRM07,STIC,20210924-20220314,HS,21035985,55111.5,9.077,302.530991344,1,excellent,NA
AIMS,2021-12-08T14:30:00Z,PRM07,STIC,20210924-20220314,HS,21035985,55111.5,9.176,302.530991344,1,excellent,NA
AIMS,2021-12-08T15:00:00Z,PRM07,STIC,20210924-20220314,HS,21035985,55111.5,9.077,302.530991344,1,excellent,NA
AIMS,2021-12-08T15:30:00Z,PRM07,STIC,20210924-20220314,HS,21035985,55111.5,9.176,302.530991344,1,excellent,NA
AIMS,2021-12-08T16:00:00Z,PRM07,STIC,20210924-20220314,HS,21035985,52355.9,9.077,288.5414273984,1,excellent,NA
AIMS,2021-12-08T16:30:00Z,PRM07,STIC,20210924-20220314,HS,21035985,44089.2,8.68,246.5732432392,1,excellent,NA
AIMS,2021-12-08T17:00:00Z,PRM07,STIC,20210924-20220314,HS,21035985,33066.9,8.68,190.61549513440002,1,excellent,NA
AIMS,2021-12-08T17:30:00Z,PRM07,STIC,20210924-20220314,HS,21035985,39955.8,8.581,225.58889732080002,1,excellent,NA
AIMS,2021-12-08T18:00:00Z,PRM07,STIC,20210924-20220314,HS,21035985,39955.8,8.68,225.58889732080002,1,excellent,NA
AIMS,2021-12-08T18:30:00Z,PRM07,STIC,20210924-20220314,HS,21035985,17911.2,8.779,113.6734011112,1,excellent,NA
AIMS,2021-12-08T19:00:00Z,PRM07,STIC,20210924-20220314,HS,21035985,17911.2,8.779,113.6734011112,1,excellent,NA
AIMS,2021-12-08T19:30:00Z,PRM07,STIC,20210924-20220314,HS,21035985,22044.6,8.879,134.6577470296,1,excellent,NA
AIMS,2021-12-08T20:00:00Z,PRM07,STIC,20210924-20220314,HS,21035985,28933.5,8.879,169.631149216,1,excellent,NA
AIMS,2021-12-08T20:30:00Z,PRM07,STIC,20210924-20220314,HS,21035985,28933.5,9.077,169.631149216,1,excellent,NA
AIMS,2021-12-08T21:00:00Z,PRM07,STIC,20210924-20220314,HS,21035985,30311.3,9.176,176.6259311888,1,excellent,NA
AIMS,2021-12-08T21:30:00Z,PRM07,STIC,20210924-20220314,HS,21035985,30311.3,9.275,176.6259311888,1,excellent,NA
AIMS,2021-12-08T22:00:00Z,PRM07,STIC,20210924-20220314,HS,21035985,30311.3,9.373,176.6259311888,1,excellent,NA
AIMS,2021-12-08T22:30:00Z,PRM07,STIC,20210924-20220314,HS,21035985,30311.3,9.373,176.6259311888,1,excellent,NA
AIMS,2021-12-08T23:00:00Z,PRM07,STIC,20210924-20220314,HS,21035985,30311.3,9.275,176.6259311888,1,excellent,NA
AIMS,2021-12-08T23:30:00Z,PRM07,STIC,20210924-20220314,HS,21035985,30311.3,9.077,176.6259311888,1,excellent,NA
AIMS,2021-12-09T00:00:00Z,PRM07,STIC,20210924-20220314,HS,21035985,30311.3,8.879,176.6259311888,1,excellent,NA
AIMS,2021-12-09T00:30:00Z,PRM07,STIC,20210924-20220314,HS,21035985,30311.3,8.68,176.6259311888,1,excellent,NA
AIMS,2021-12-09T01:00:00Z,PRM07,STIC,20210924-20220314,HS,21035985,31689.1,8.581,183.6207131616,1,excellent,NA
AIMS,2021-12-09T01:30:00Z,PRM07,STIC,20210924-20220314,HS,21035985,31689.1,8.282,183.6207131616,1,excellent,NA
AIMS,2021-12-09T02:00:00Z,PRM07,STIC,20210924-20220314,HS,21035985,31689.1,7.882,183.6207131616,1,excellent,NA
AIMS,2021-12-09T02:30:00Z,PRM07,STIC,20210924-20220314,HS,21035985,33066.9,7.782,190.61549513440002,1,excellent,NA
AIMS,2021-12-09T03:00:00Z,PRM07,STIC,20210924-20220314,HS,21035985,33066.9,7.481,190.61549513440002,1,excellent,NA
AIMS,2021-12-09T03:30:00Z,PRM07,STIC,20210924-20220314,HS,21035985,33066.9,7.582,190.61549513440002,1,excellent,NA
AIMS,2021-12-09T04:00:00Z,PRM07,STIC,20210924-20220314,HS,21035985,33066.9,7.28,190.61549513440002,1,excellent,NA
AIMS,2021-12-09T04:30:00Z,PRM07,STIC,20210924-20220314,HS,21035985,33066.9,7.079,190.61549513440002,1,excellent,NA
AIMS,2021-12-09T05:00:00Z,PRM07,STIC,20210924-20220314,HS,21035985,33066.9,7.179,190.61549513440002,1,excellent,NA
AIMS,2021-12-09T05:30:00Z,PRM07,STIC,20210924-20220314,HS,21035985,33066.9,7.079,190.61549513440002,1,excellent,NA
AIMS,2021-12-09T06:00:00Z,PRM07,STIC,20210924-20220314,HS,21035985,33066.9,6.978,190.61549513440002,1,excellent,NA
AIMS,2021-12-09T06:30:00Z,PRM07,STIC,20210924-20220314,HS,21035985,33066.9,6.674,190.61549513440002,1,excellent,NA
AIMS,2021-12-09T07:00:00Z,PRM07,STIC,20210924-20220314,HS,21035985,33066.9,6.573,190.61549513440002,1,excellent,NA
AIMS,2021-12-09T07:30:00Z,PRM07,STIC,20210924-20220314,HS,21035985,33066.9,6.268,190.61549513440002,1,excellent,NA
AIMS,2021-12-09T08:00:00Z,PRM07,STIC,20210924-20220314,HS,21035985,33066.9,6.471,190.61549513440002,1,excellent,NA
AIMS,2021-12-09T08:30:00Z,PRM07,STIC,20210924-20220314,HS,21035985,33066.9,6.064,190.61549513440002,1,excellent,NA
AIMS,2021-12-09T09:00:00Z,PRM07,STIC,20210924-20220314,HS,21035985,33066.9,6.166,190.61549513440002,1,excellent,NA
AIMS,2021-12-09T09:30:00Z,PRM07,STIC,20210924-20220314,HS,21035985,33066.9,6.166,190.61549513440002,1,excellent,NA
AIMS,2021-12-09T10:00:00Z,PRM07,STIC,20210924-20220314,HS,21035985,33066.9,6.064,190.61549513440002,1,excellent,NA
AIMS,2021-12-09T10:30:00Z,PRM07,STIC,20210924-20220314,HS,21035985,34444.7,6.166,197.61027710719998,1,excellent,NA
AIMS,2021-12-09T11:00:00Z,PRM07,STIC,20210924-20220314,HS,21035985,34444.7,6.064,197.61027710719998,1,excellent,NA
AIMS,2021-12-09T11:30:00Z,PRM07,STIC,20210924-20220314,HS,21035985,33066.9,5.962,190.61549513440002,1,excellent,NA
AIMS,2021-12-09T12:00:00Z,PRM07,STIC,20210924-20220314,HS,21035985,34444.7,5.962,197.61027710719998,1,excellent,NA
AIMS,2021-12-09T12:30:00Z,PRM07,STIC,20210924-20220314,HS,21035985,34444.7,6.064,197.61027710719998,1,excellent,NA
AIMS,2021-12-09T13:00:00Z,PRM07,STIC,20210924-20220314,HS,21035985,34444.7,5.757,197.61027710719998,1,excellent,NA
AIMS,2021-12-09T13:30:00Z,PRM07,STIC,20210924-20220314,HS,21035985,34444.7,5.962,197.61027710719998,1,excellent,NA
AIMS,2021-12-09T14:00:00Z,PRM07,STIC,20210924-20220314,HS,21035985,34444.7,5.86,197.61027710719998,1,excellent,NA
AIMS,2021-12-09T14:30:00Z,PRM07,STIC,20210924-20220314,HS,21035985,34444.7,5.86,197.61027710719998,1,excellent,NA
AIMS,2021-12-09T15:00:00Z,PRM07,STIC,20210924-20220314,HS,21035985,34444.7,5.757,197.61027710719998,1,excellent,NA
AIMS,2021-12-09T15:30:00Z,PRM07,STIC,20210924-20220314,HS,21035985,34444.7,6.064,197.61027710719998,1,excellent,NA
AIMS,2021-12-09T16:00:00Z,PRM07,STIC,20210924-20220314,HS,21035985,34444.7,6.471,197.61027710719998,1,excellent,NA
AIMS,2021-12-09T16:30:00Z,PRM07,STIC,20210924-20220314,HS,21035985,34444.7,6.775,197.61027710719998,1,excellent,NA
AIMS,2021-12-09T17:00:00Z,PRM07,STIC,20210924-20220314,HS,21035985,33066.9,7.381,190.61549513440002,1,excellent,NA
AIMS,2021-12-09T17:30:00Z,PRM07,STIC,20210924-20220314,HS,21035985,33066.9,8.382,190.61549513440002,1,excellent,NA
AIMS,2021-12-09T18:00:00Z,PRM07,STIC,20210924-20220314,HS,21035985,33066.9,9.077,190.61549513440002,1,excellent,NA
AIMS,2021-12-09T18:30:00Z,PRM07,STIC,20210924-20220314,HS,21035985,31689.1,9.669,183.6207131616,1,excellent,NA
AIMS,2021-12-09T19:00:00Z,PRM07,STIC,20210924-20220314,HS,21035985,31689.1,9.965,183.6207131616,1,excellent,NA
AIMS,2021-12-09T19:30:00Z,PRM07,STIC,20210924-20220314,HS,21035985,30311.3,9.965,176.6259311888,1,excellent,NA
AIMS,2021-12-09T20:00:00Z,PRM07,STIC,20210924-20220314,HS,21035985,30311.3,10.063,176.6259311888,1,excellent,NA
AIMS,2021-12-09T20:30:00Z,PRM07,STIC,20210924-20220314,HS,21035985,30311.3,10.063,176.6259311888,1,excellent,NA
AIMS,2021-12-09T21:00:00Z,PRM07,STIC,20210924-20220314,HS,21035985,30311.3,10.259,176.6259311888,1,excellent,NA
AIMS,2021-12-09T21:30:00Z,PRM07,STIC,20210924-20220314,HS,21035985,30311.3,10.455,176.6259311888,1,excellent,NA
AIMS,2021-12-09T22:00:00Z,PRM07,STIC,20210924-20220314,HS,21035985,30311.3,10.455,176.6259311888,1,excellent,NA
AIMS,2021-12-09T22:30:00Z,PRM07,STIC,20210924-20220314,HS,21035985,30311.3,10.455,176.6259311888,1,excellent,NA
AIMS,2021-12-09T23:00:00Z,PRM07,STIC,20210924-20220314,HS,21035985,30311.3,10.455,176.6259311888,1,excellent,NA
AIMS,2021-12-09T23:30:00Z,PRM07,STIC,20210924-20220314,HS,21035985,30311.3,10.259,176.6259311888,1,excellent,NA
AIMS,2021-12-10T00:00:00Z,PRM07,STIC,20210924-20220314,HS,21035985,30311.3,10.259,176.6259311888,1,excellent,NA
AIMS,2021-12-10T00:30:00Z,PRM07,STIC,20210924-20220314,HS,21035985,30311.3,10.259,176.6259311888,1,excellent,NA
AIMS,2021-12-10T01:00:00Z,PRM07,STIC,20210924-20220314,HS,21035985,30311.3,10.259,176.6259311888,1,excellent,NA
AIMS,2021-12-10T01:30:00Z,PRM07,STIC,20210924-20220314,HS,21035985,30311.3,10.259,176.6259311888,1,excellent,NA
AIMS,2021-12-10T02:00:00Z,PRM07,STIC,20210924-20220314,HS,21035985,31689.1,10.259,183.6207131616,1,excellent,NA
AIMS,2021-12-10T02:30:00Z,PRM07,STIC,20210924-20220314,HS,21035985,30311.3,10.357,176.6259311888,1,excellent,NA
AIMS,2021-12-10T03:00:00Z,PRM07,STIC,20210924-20220314,HS,21035985,31689.1,10.357,183.6207131616,1,excellent,NA
AIMS,2021-12-10T03:30:00Z,PRM07,STIC,20210924-20220314,HS,21035985,31689.1,10.455,183.6207131616,1,excellent,NA
AIMS,2021-12-10T04:00:00Z,PRM07,STIC,20210924-20220314,HS,21035985,31689.1,10.455,183.6207131616,1,excellent,NA
AIMS,2021-12-10T04:30:00Z,PRM07,STIC,20210924-20220314,HS,21035985,31689.1,10.455,183.6207131616,1,excellent,NA
AIMS,2021-12-10T05:00:00Z,PRM07,STIC,20210924-20220314,HS,21035985,31689.1,10.553,183.6207131616,1,excellent,NA
AIMS,2021-12-10T05:30:00Z,PRM07,STIC,20210924-20220314,HS,21035985,31689.1,10.553,183.6207131616,1,excellent,NA
AIMS,2021-12-10T06:00:00Z,PRM07,STIC,20210924-20220314,HS,21035985,31689.1,10.553,183.6207131616,1,excellent,NA
AIMS,2021-12-10T06:30:00Z,PRM07,STIC,20210924-20220314,HS,21035985,31689.1,10.651,183.6207131616,1,excellent,NA
AIMS,2021-12-10T07:00:00Z,PRM07,STIC,20210924-20220314,HS,21035985,31689.1,10.553,183.6207131616,1,excellent,NA
AIMS,2021-12-10T07:30:00Z,PRM07,STIC,20210924-20220314,HS,21035985,31689.1,10.651,183.6207131616,1,excellent,NA
AIMS,2021-12-10T08:00:00Z,PRM07,STIC,20210924-20220314,HS,21035985,31689.1,10.651,183.6207131616,1,excellent,NA
AIMS,2021-12-10T08:30:00Z,PRM07,STIC,20210924-20220314,HS,21035985,31689.1,10.651,183.6207131616,1,excellent,NA
AIMS,2021-12-10T09:00:00Z,PRM07,STIC,20210924-20220314,HS,21035985,31689.1,10.651,183.6207131616,1,excellent,NA
AIMS,2021-12-10T09:30:00Z,PRM07,STIC,20210924-20220314,HS,21035985,31689.1,10.651,183.6207131616,1,excellent,NA
AIMS,2021-12-10T10:00:00Z,PRM07,STIC,20210924-20220314,HS,21035985,31689.1,10.651,183.6207131616,1,excellent,NA
AIMS,2021-12-10T10:30:00Z,PRM07,STIC,20210924-20220314,HS,21035985,31689.1,10.748,183.6207131616,1,excellent,NA
AIMS,2021-12-10T11:00:00Z,PRM07,STIC,20210924-20220314,HS,21035985,31689.1,10.748,183.6207131616,1,excellent,NA
AIMS,2021-12-10T11:30:00Z,PRM07,STIC,20210924-20220314,HS,21035985,31689.1,10.748,183.6207131616,1,excellent,NA
AIMS,2021-12-10T12:00:00Z,PRM07,STIC,20210924-20220314,HS,21035985,592,10.748,25.747702212,1,excellent,NA
AIMS,2021-12-10T12:30:00Z,PRM07,STIC,20210924-20220314,HS,21035985,549,10.846,25.529400843999998,1,excellent,NA
AIMS,2021-12-10T13:00:00Z,PRM07,STIC,20210924-20220314,HS,21035985,538.2,10.846,25.4745716632,1,excellent,NA
AIMS,2021-12-10T13:30:00Z,PRM07,STIC,20210924-20220314,HS,21035985,516.7,10.846,25.3654209792,1,excellent,NA
AIMS,2021-12-10T14:00:00Z,PRM07,STIC,20210924-20220314,HS,21035985,505.9,10.944,25.310591798399997,1,excellent,NA
AIMS,2021-12-10T14:30:00Z,PRM07,STIC,20210924-20220314,HS,21035985,505.9,10.944,25.310591798399997,1,excellent,NA
AIMS,2021-12-10T15:00:00Z,PRM07,STIC,20210924-20220314,HS,21035985,505.9,10.944,25.310591798399997,1,excellent,NA
AIMS,2021-12-10T15:30:00Z,PRM07,STIC,20210924-20220314,HS,21035985,505.9,11.139,25.310591798399997,1,excellent,NA
AIMS,2021-12-10T16:00:00Z,PRM07,STIC,20210924-20220314,HS,21035985,505.9,11.236,25.310591798399997,1,excellent,NA
AIMS,2021-12-10T16:30:00Z,PRM07,STIC,20210924-20220314,HS,21035985,495.1,11.528,25.2557626176,1,excellent,NA
AIMS,2021-12-10T17:00:00Z,PRM07,STIC,20210924-20220314,HS,21035985,495.1,11.722,25.2557626176,1,excellent,NA
AIMS,2021-12-10T17:30:00Z,PRM07,STIC,20210924-20220314,HS,21035985,495.1,11.819,25.2557626176,1,excellent,NA
AIMS,2021-12-10T18:00:00Z,PRM07,STIC,20210924-20220314,HS,21035985,484.4,12.013,25.201441114399998,1,excellent,NA
AIMS,2021-12-10T18:30:00Z,PRM07,STIC,20210924-20220314,HS,21035985,484.4,12.11,25.201441114399998,1,excellent,NA
AIMS,2021-12-10T19:00:00Z,PRM07,STIC,20210924-20220314,HS,21035985,473.6,12.207,25.1466119336,1,excellent,NA
AIMS,2021-12-10T19:30:00Z,PRM07,STIC,20210924-20220314,HS,21035985,473.6,12.401,25.1466119336,1,excellent,NA
AIMS,2021-12-10T20:00:00Z,PRM07,STIC,20210924-20220314,HS,21035985,473.6,12.69,25.1466119336,1,excellent,NA
AIMS,2021-12-10T20:30:00Z,PRM07,STIC,20210924-20220314,HS,21035985,452.1,12.787,25.0374612496,1,excellent,NA
AIMS,2021-12-10T21:00:00Z,PRM07,STIC,20210924-20220314,HS,21035985,430.6,12.98,24.9283105656,1,excellent,NA
AIMS,2021-12-10T21:30:00Z,PRM07,STIC,20210924-20220314,HS,21035985,441.3,12.883,24.982632068799997,1,excellent,NA
AIMS,2021-12-10T22:00:00Z,PRM07,STIC,20210924-20220314,HS,21035985,441.3,12.69,24.982632068799997,1,excellent,NA
AIMS,2021-12-10T22:30:00Z,PRM07,STIC,20210924-20220314,HS,21035985,430.6,12.594,24.9283105656,1,excellent,NA
AIMS,2021-12-10T23:00:00Z,PRM07,STIC,20210924-20220314,HS,21035985,430.6,12.594,24.9283105656,1,excellent,NA
AIMS,2021-12-10T23:30:00Z,PRM07,STIC,20210924-20220314,HS,21035985,441.3,12.497,24.982632068799997,1,excellent,NA
AIMS,2021-12-11T00:00:00Z,PRM07,STIC,20210924-20220314,HS,21035985,441.3,12.497,24.982632068799997,1,excellent,NA
AIMS,2021-12-11T00:30:00Z,PRM07,STIC,20210924-20220314,HS,21035985,441.3,12.497,24.982632068799997,1,excellent,NA
AIMS,2021-12-11T01:00:00Z,PRM07,STIC,20210924-20220314,HS,21035985,441.3,12.497,24.982632068799997,1,excellent,NA
AIMS,2021-12-11T01:30:00Z,PRM07,STIC,20210924-20220314,HS,21035985,452.1,12.497,25.0374612496,1,excellent,NA
AIMS,2021-12-11T02:00:00Z,PRM07,STIC,20210924-20220314,HS,21035985,441.3,12.497,24.982632068799997,1,excellent,NA
AIMS,2021-12-11T02:30:00Z,PRM07,STIC,20210924-20220314,HS,21035985,441.3,12.594,24.982632068799997,1,excellent,NA
AIMS,2021-12-11T03:00:00Z,PRM07,STIC,20210924-20220314,HS,21035985,430.6,12.787,24.9283105656,1,excellent,NA
AIMS,2021-12-11T03:30:00Z,PRM07,STIC,20210924-20220314,HS,21035985,409,13.173,24.818652204,1,excellent,NA
AIMS,2021-12-11T04:00:00Z,PRM07,STIC,20210924-20220314,HS,21035985,398.3,13.558,24.7643307008,1,excellent,NA
AIMS,2021-12-11T04:30:00Z,PRM07,STIC,20210924-20220314,HS,21035985,441.3,13.654,24.982632068799997,1,excellent,D
AIMS,2021-12-11T05:00:00Z,PRM07,STIC,20210924-20220314,HS,21035985,376.7,13.846,24.654672339199998,1,excellent,NA
AIMS,2021-12-11T05:30:00Z,PRM07,STIC,20210924-20220314,HS,21035985,387.5,14.134,24.70950152,1,excellent,NA
AIMS,2021-12-11T06:00:00Z,PRM07,STIC,20210924-20220314,HS,21035985,376.7,14.23,24.654672339199998,1,excellent,NA
AIMS,2021-12-11T06:30:00Z,PRM07,STIC,20210924-20220314,HS,21035985,376.7,14.517,24.654672339199998,1,excellent,NA
AIMS,2021-12-11T07:00:00Z,PRM07,STIC,20210924-20220314,HS,21035985,462.9,14.325,25.0922904304,1,excellent,NA
AIMS,2021-12-11T07:30:00Z,PRM07,STIC,20210924-20220314,HS,21035985,376.7,14.325,24.654672339199998,1,excellent,NA
AIMS,2021-12-11T08:00:00Z,PRM07,STIC,20210924-20220314,HS,21035985,462.9,14.325,25.0922904304,1,excellent,NA
AIMS,2021-12-11T08:30:00Z,PRM07,STIC,20210924-20220314,HS,21035985,409,14.325,24.818652204,1,excellent,NA
AIMS,2021-12-11T09:00:00Z,PRM07,STIC,20210924-20220314,HS,21035985,473.6,14.613,25.1466119336,1,excellent,NA
AIMS,2021-12-11T09:30:00Z,PRM07,STIC,20210924-20220314,HS,21035985,279.9,15.187,24.163240422399998,1,excellent,NA
AIMS,2021-12-11T10:00:00Z,PRM07,STIC,20210924-20220314,HS,21035985,462.9,15.378,25.0922904304,1,excellent,NA
AIMS,2021-12-11T10:30:00Z,PRM07,STIC,20210924-20220314,HS,21035985,312.2,15.664,24.3272202872,1,excellent,NA
AIMS,2021-12-11T11:00:00Z,PRM07,STIC,20210924-20220314,HS,21035985,452.1,15.473,25.0374612496,1,excellent,NA
AIMS,2021-12-11T11:30:00Z,PRM07,STIC,20210924-20220314,HS,21035985,441.3,15.378,24.982632068799997,1,excellent,NA
AIMS,2021-12-11T12:00:00Z,PRM07,STIC,20210924-20220314,HS,21035985,419.8,15.091,24.873481384799998,1,excellent,NA
AIMS,2021-12-11T12:30:00Z,PRM07,STIC,20210924-20220314,HS,21035985,301.4,15.378,24.272391106399997,1,excellent,NA
AIMS,2021-12-11T13:00:00Z,PRM07,STIC,20210924-20220314,HS,21035985,269.1,15.76,24.1084112416,0,excellent,NA
AIMS,2021-12-11T13:30:00Z,PRM07,STIC,20210924-20220314,HS,21035985,279.9,15.664,24.163240422399998,1,excellent,NA
AIMS,2021-12-11T14:00:00Z,PRM07,STIC,20210924-20220314,HS,21035985,269.1,16.237,24.1084112416,0,excellent,NA
AIMS,2021-12-11T14:30:00Z,PRM07,STIC,20210924-20220314,HS,21035985,409,15.951,24.818652204,1,excellent,NA
AIMS,2021-12-11T15:00:00Z,PRM07,STIC,20210924-20220314,HS,21035985,12400.1,13.654,85.6947808976,1,excellent,NA
AIMS,2021-12-11T15:30:00Z,PRM07,STIC,20210924-20220314,HS,21035985,42711.4,13.269,239.5784612664,1,excellent,NA
AIMS,2021-12-11T16:00:00Z,PRM07,STIC,20210924-20220314,HS,21035985,49600.3,13.365,274.5518634528,1,excellent,NA
AIMS,2021-12-11T16:30:00Z,PRM07,STIC,20210924-20220314,HS,21035985,49600.3,13.654,274.5518634528,1,excellent,NA
AIMS,2021-12-11T17:00:00Z,PRM07,STIC,20210924-20220314,HS,21035985,49600.3,13.846,274.5518634528,1,excellent,NA
AIMS,2021-12-11T17:30:00Z,PRM07,STIC,20210924-20220314,HS,21035985,46844.8,13.942,260.5628071848,1,excellent,NA
AIMS,2021-12-11T18:00:00Z,PRM07,STIC,20210924-20220314,HS,21035985,46844.8,14.038,260.5628071848,1,excellent,NA
AIMS,2021-12-11T18:30:00Z,PRM07,STIC,20210924-20220314,HS,21035985,46844.8,14.038,260.5628071848,1,excellent,NA
AIMS,2021-12-11T19:00:00Z,PRM07,STIC,20210924-20220314,HS,21035985,49600.3,14.038,274.5518634528,1,excellent,NA
AIMS,2021-12-11T19:30:00Z,PRM07,STIC,20210924-20220314,HS,21035985,49600.3,14.038,274.5518634528,1,excellent,NA
AIMS,2021-12-11T20:00:00Z,PRM07,STIC,20210924-20220314,HS,21035985,49600.3,14.038,274.5518634528,1,excellent,NA
AIMS,2021-12-11T20:30:00Z,PRM07,STIC,20210924-20220314,HS,21035985,49600.3,14.038,274.5518634528,1,excellent,NA
AIMS,2021-12-11T21:00:00Z,PRM07,STIC,20210924-20220314,HS,21035985,52355.9,13.75,288.5414273984,1,excellent,NA
AIMS,2021-12-11T21:30:00Z,PRM07,STIC,20210924-20220314,HS,21035985,52355.9,13.558,288.5414273984,1,excellent,NA
AIMS,2021-12-11T22:00:00Z,PRM07,STIC,20210924-20220314,HS,21035985,52355.9,13.365,288.5414273984,1,excellent,NA
AIMS,2021-12-11T22:30:00Z,PRM07,STIC,20210924-20220314,HS,21035985,52355.9,13.173,288.5414273984,1,excellent,NA
AIMS,2021-12-11T23:00:00Z,PRM07,STIC,20210924-20220314,HS,21035985,52355.9,12.883,288.5414273984,1,excellent,NA
AIMS,2021-12-11T23:30:00Z,PRM07,STIC,20210924-20220314,HS,21035985,52355.9,12.594,288.5414273984,1,excellent,NA
AIMS,2021-12-12T00:00:00Z,PRM07,STIC,20210924-20220314,HS,21035985,52355.9,12.497,288.5414273984,1,excellent,NA
AIMS,2021-12-12T00:30:00Z,PRM07,STIC,20210924-20220314,HS,21035985,52355.9,12.304,288.5414273984,1,excellent,NA
AIMS,2021-12-12T01:00:00Z,PRM07,STIC,20210924-20220314,HS,21035985,52355.9,12.11,288.5414273984,1,excellent,NA
AIMS,2021-12-12T01:30:00Z,PRM07,STIC,20210924-20220314,HS,21035985,52355.9,12.013,288.5414273984,1,excellent,NA
AIMS,2021-12-12T02:00:00Z,PRM07,STIC,20210924-20220314,HS,21035985,52355.9,11.819,288.5414273984,1,excellent,NA
AIMS,2021-12-12T02:30:00Z,PRM07,STIC,20210924-20220314,HS,21035985,52355.9,11.722,288.5414273984,1,excellent,NA
AIMS,2021-12-12T03:00:00Z,PRM07,STIC,20210924-20220314,HS,21035985,52355.9,11.625,288.5414273984,1,excellent,NA
AIMS,2021-12-12T03:30:00Z,PRM07,STIC,20210924-20220314,HS,21035985,52355.9,11.528,288.5414273984,1,excellent,NA
AIMS,2021-12-12T04:00:00Z,PRM07,STIC,20210924-20220314,HS,21035985,52355.9,11.431,288.5414273984,1,excellent,NA
AIMS,2021-12-12T04:30:00Z,PRM07,STIC,20210924-20220314,HS,21035985,52355.9,11.334,288.5414273984,1,excellent,NA
AIMS,2021-12-12T05:00:00Z,PRM07,STIC,20210924-20220314,HS,21035985,52355.9,11.236,288.5414273984,1,excellent,NA
AIMS,2021-12-12T05:30:00Z,PRM07,STIC,20210924-20220314,HS,21035985,52355.9,11.139,288.5414273984,1,excellent,NA
AIMS,2021-12-12T06:00:00Z,PRM07,STIC,20210924-20220314,HS,21035985,52355.9,11.041,288.5414273984,1,excellent,NA
AIMS,2021-12-12T06:30:00Z,PRM07,STIC,20210924-20220314,HS,21035985,52355.9,10.944,288.5414273984,1,excellent,NA
AIMS,2021-12-12T07:00:00Z,PRM07,STIC,20210924-20220314,HS,21035985,52355.9,10.748,288.5414273984,1,excellent,NA
AIMS,2021-12-12T07:30:00Z,PRM07,STIC,20210924-20220314,HS,21035985,52355.9,10.651,288.5414273984,1,excellent,NA
AIMS,2021-12-12T08:00:00Z,PRM07,STIC,20210924-20220314,HS,21035985,52355.9,10.553,288.5414273984,1,excellent,NA
AIMS,2021-12-12T08:30:00Z,PRM07,STIC,20210924-20220314,HS,21035985,52355.9,10.455,288.5414273984,1,excellent,NA
AIMS,2021-12-12T09:00:00Z,PRM07,STIC,20210924-20220314,HS,21035985,52355.9,10.357,288.5414273984,1,excellent,NA
AIMS,2021-12-12T09:30:00Z,PRM07,STIC,20210924-20220314,HS,21035985,49600.3,10.259,274.5518634528,1,excellent,NA
AIMS,2021-12-12T10:00:00Z,PRM07,STIC,20210924-20220314,HS,21035985,49600.3,10.161,274.5518634528,1,excellent,NA
AIMS,2021-12-12T10:30:00Z,PRM07,STIC,20210924-20220314,HS,21035985,49600.3,10.063,274.5518634528,1,excellent,NA
AIMS,2021-12-12T11:00:00Z,PRM07,STIC,20210924-20220314,HS,21035985,49600.3,10.063,274.5518634528,1,excellent,NA
AIMS,2021-12-12T11:30:00Z,PRM07,STIC,20210924-20220314,HS,21035985,49600.3,9.965,274.5518634528,1,excellent,NA
AIMS,2021-12-12T12:00:00Z,PRM07,STIC,20210924-20220314,HS,21035985,49600.3,9.866,274.5518634528,1,excellent,NA
AIMS,2021-12-12T12:30:00Z,PRM07,STIC,20210924-20220314,HS,21035985,49600.3,9.768,274.5518634528,1,excellent,NA
AIMS,2021-12-12T13:00:00Z,PRM07,STIC,20210924-20220314,HS,21035985,49600.3,9.669,274.5518634528,1,excellent,NA
AIMS,2021-12-12T13:30:00Z,PRM07,STIC,20210924-20220314,HS,21035985,49600.3,9.669,274.5518634528,1,excellent,NA
AIMS,2021-12-12T14:00:00Z,PRM07,STIC,20210924-20220314,HS,21035985,49600.3,9.571,274.5518634528,1,excellent,NA
AIMS,2021-12-12T14:30:00Z,PRM07,STIC,20210924-20220314,HS,21035985,49600.3,9.472,274.5518634528,1,excellent,NA
AIMS,2021-12-12T15:00:00Z,PRM07,STIC,20210924-20220314,HS,21035985,49600.3,9.472,274.5518634528,1,excellent,NA
AIMS,2021-12-12T15:30:00Z,PRM07,STIC,20210924-20220314,HS,21035985,49600.3,9.472,274.5518634528,1,excellent,NA
AIMS,2021-12-12T16:00:00Z,PRM07,STIC,20210924-20220314,HS,21035985,49600.3,9.472,274.5518634528,1,excellent,NA
AIMS,2021-12-12T16:30:00Z,PRM07,STIC,20210924-20220314,HS,21035985,49600.3,9.571,274.5518634528,1,excellent,NA
AIMS,2021-12-12T17:00:00Z,PRM07,STIC,20210924-20220314,HS,21035985,49600.3,9.571,274.5518634528,1,excellent,NA
AIMS,2021-12-12T17:30:00Z,PRM07,STIC,20210924-20220314,HS,21035985,49600.3,9.669,274.5518634528,1,excellent,NA
AIMS,2021-12-12T18:00:00Z,PRM07,STIC,20210924-20220314,HS,21035985,49600.3,9.768,274.5518634528,1,excellent,NA
AIMS,2021-12-12T18:30:00Z,PRM07,STIC,20210924-20220314,HS,21035985,49600.3,9.866,274.5518634528,1,excellent,NA
AIMS,2021-12-12T19:00:00Z,PRM07,STIC,20210924-20220314,HS,21035985,49600.3,9.965,274.5518634528,1,excellent,NA
AIMS,2021-12-12T19:30:00Z,PRM07,STIC,20210924-20220314,HS,21035985,49600.3,10.063,274.5518634528,1,excellent,NA
AIMS,2021-12-12T20:00:00Z,PRM07,STIC,20210924-20220314,HS,21035985,49600.3,10.161,274.5518634528,1,excellent,NA
AIMS,2021-12-12T20:30:00Z,PRM07,STIC,20210924-20220314,HS,21035985,49600.3,10.259,274.5518634528,1,excellent,NA
AIMS,2021-12-12T21:00:00Z,PRM07,STIC,20210924-20220314,HS,21035985,49600.3,10.357,274.5518634528,1,excellent,NA
AIMS,2021-12-12T21:30:00Z,PRM07,STIC,20210924-20220314,HS,21035985,49600.3,10.455,274.5518634528,1,excellent,NA
AIMS,2021-12-12T22:00:00Z,PRM07,STIC,20210924-20220314,HS,21035985,49600.3,10.455,274.5518634528,1,excellent,NA
AIMS,2021-12-12T22:30:00Z,PRM07,STIC,20210924-20220314,HS,21035985,49600.3,10.357,274.5518634528,1,excellent,NA
AIMS,2021-12-12T23:00:00Z,PRM07,STIC,20210924-20220314,HS,21035985,49600.3,10.259,274.5518634528,1,excellent,NA
AIMS,2021-12-12T23:30:00Z,PRM07,STIC,20210924-20220314,HS,21035985,49600.3,10.259,274.5518634528,1,excellent,NA
AIMS,2021-12-13T00:00:00Z,PRM07,STIC,20210924-20220314,HS,21035985,49600.3,10.161,274.5518634528,1,excellent,NA
AIMS,2021-12-13T00:30:00Z,PRM07,STIC,20210924-20220314,HS,21035985,49600.3,10.063,274.5518634528,1,excellent,NA
AIMS,2021-12-13T01:00:00Z,PRM07,STIC,20210924-20220314,HS,21035985,49600.3,9.965,274.5518634528,1,excellent,NA
AIMS,2021-12-13T01:30:00Z,PRM07,STIC,20210924-20220314,HS,21035985,49600.3,9.965,274.5518634528,1,excellent,NA
AIMS,2021-12-13T02:00:00Z,PRM07,STIC,20210924-20220314,HS,21035985,49600.3,9.866,274.5518634528,1,excellent,NA
AIMS,2021-12-13T02:30:00Z,PRM07,STIC,20210924-20220314,HS,21035985,49600.3,9.768,274.5518634528,1,excellent,NA
AIMS,2021-12-13T03:00:00Z,PRM07,STIC,20210924-20220314,HS,21035985,49600.3,9.768,274.5518634528,1,excellent,NA
AIMS,2021-12-13T03:30:00Z,PRM07,STIC,20210924-20220314,HS,21035985,49600.3,9.571,274.5518634528,1,excellent,NA
AIMS,2021-12-13T04:00:00Z,PRM07,STIC,20210924-20220314,HS,21035985,49600.3,9.571,274.5518634528,1,excellent,NA
AIMS,2021-12-13T04:30:00Z,PRM07,STIC,20210924-20220314,HS,21035985,49600.3,9.373,274.5518634528,1,excellent,NA
AIMS,2021-12-13T05:00:00Z,PRM07,STIC,20210924-20220314,HS,21035985,49600.3,9.373,274.5518634528,1,excellent,NA
AIMS,2021-12-13T05:30:00Z,PRM07,STIC,20210924-20220314,HS,21035985,49600.3,9.275,274.5518634528,1,excellent,NA
AIMS,2021-12-13T06:00:00Z,PRM07,STIC,20210924-20220314,HS,21035985,49600.3,9.176,274.5518634528,1,excellent,NA
AIMS,2021-12-13T06:30:00Z,PRM07,STIC,20210924-20220314,HS,21035985,49600.3,9.077,274.5518634528,1,excellent,NA
AIMS,2021-12-13T07:00:00Z,PRM07,STIC,20210924-20220314,HS,21035985,49600.3,8.978,274.5518634528,1,excellent,NA
AIMS,2021-12-13T07:30:00Z,PRM07,STIC,20210924-20220314,HS,21035985,49600.3,8.978,274.5518634528,1,excellent,NA
AIMS,2021-12-13T08:00:00Z,PRM07,STIC,20210924-20220314,HS,21035985,49600.3,8.879,274.5518634528,1,excellent,NA
AIMS,2021-12-13T08:30:00Z,PRM07,STIC,20210924-20220314,HS,21035985,49600.3,8.779,274.5518634528,1,excellent,NA
AIMS,2021-12-13T09:00:00Z,PRM07,STIC,20210924-20220314,HS,21035985,49600.3,8.779,274.5518634528,1,excellent,NA
AIMS,2021-12-13T09:30:00Z,PRM07,STIC,20210924-20220314,HS,21035985,49600.3,8.68,274.5518634528,1,excellent,NA
AIMS,2021-12-13T10:00:00Z,PRM07,STIC,20210924-20220314,HS,21035985,49600.3,8.68,274.5518634528,1,excellent,NA
AIMS,2021-12-13T10:30:00Z,PRM07,STIC,20210924-20220314,HS,21035985,49600.3,8.581,274.5518634528,1,excellent,NA
AIMS,2021-12-13T11:00:00Z,PRM07,STIC,20210924-20220314,HS,21035985,49600.3,8.581,274.5518634528,1,excellent,NA
AIMS,2021-12-13T11:30:00Z,PRM07,STIC,20210924-20220314,HS,21035985,49600.3,8.481,274.5518634528,1,excellent,NA
AIMS,2021-12-13T12:00:00Z,PRM07,STIC,20210924-20220314,HS,21035985,49600.3,8.481,274.5518634528,1,excellent,NA
AIMS,2021-12-13T12:30:00Z,PRM07,STIC,20210924-20220314,HS,21035985,49600.3,8.481,274.5518634528,1,excellent,NA
AIMS,2021-12-13T13:00:00Z,PRM07,STIC,20210924-20220314,HS,21035985,49600.3,8.382,274.5518634528,1,excellent,NA
AIMS,2021-12-13T13:30:00Z,PRM07,STIC,20210924-20220314,HS,21035985,49600.3,8.382,274.5518634528,1,excellent,NA
AIMS,2021-12-13T14:00:00Z,PRM07,STIC,20210924-20220314,HS,21035985,49600.3,8.382,274.5518634528,1,excellent,NA
AIMS,2021-12-13T14:30:00Z,PRM07,STIC,20210924-20220314,HS,21035985,49600.3,8.282,274.5518634528,1,excellent,NA
AIMS,2021-12-13T15:00:00Z,PRM07,STIC,20210924-20220314,HS,21035985,49600.3,8.282,274.5518634528,1,excellent,NA
AIMS,2021-12-13T15:30:00Z,PRM07,STIC,20210924-20220314,HS,21035985,49600.3,8.282,274.5518634528,1,excellent,NA
AIMS,2021-12-13T16:00:00Z,PRM07,STIC,20210924-20220314,HS,21035985,49600.3,8.382,274.5518634528,1,excellent,NA
AIMS,2021-12-13T16:30:00Z,PRM07,STIC,20210924-20220314,HS,21035985,49600.3,8.481,274.5518634528,1,excellent,NA
AIMS,2021-12-13T17:00:00Z,PRM07,STIC,20210924-20220314,HS,21035985,49600.3,8.581,274.5518634528,1,excellent,NA
AIMS,2021-12-13T17:30:00Z,PRM07,STIC,20210924-20220314,HS,21035985,49600.3,8.779,274.5518634528,1,excellent,NA
AIMS,2021-12-13T18:00:00Z,PRM07,STIC,20210924-20220314,HS,21035985,49600.3,8.978,274.5518634528,1,excellent,NA
AIMS,2021-12-13T18:30:00Z,PRM07,STIC,20210924-20220314,HS,21035985,49600.3,9.275,274.5518634528,1,excellent,NA
AIMS,2021-12-13T19:00:00Z,PRM07,STIC,20210924-20220314,HS,21035985,49600.3,9.472,274.5518634528,1,excellent,NA
AIMS,2021-12-13T19:30:00Z,PRM07,STIC,20210924-20220314,HS,21035985,49600.3,9.669,274.5518634528,1,excellent,NA
AIMS,2021-12-13T20:00:00Z,PRM07,STIC,20210924-20220314,HS,21035985,49600.3,9.866,274.5518634528,1,excellent,NA
AIMS,2021-12-13T20:30:00Z,PRM07,STIC,20210924-20220314,HS,21035985,49600.3,9.965,274.5518634528,1,excellent,NA
AIMS,2021-12-13T21:00:00Z,PRM07,STIC,20210924-20220314,HS,21035985,49600.3,10.161,274.5518634528,1,excellent,NA
AIMS,2021-12-13T21:30:00Z,PRM07,STIC,20210924-20220314,HS,21035985,49600.3,10.259,274.5518634528,1,excellent,NA
AIMS,2021-12-13T22:00:00Z,PRM07,STIC,20210924-20220314,HS,21035985,49600.3,10.357,274.5518634528,1,excellent,NA
AIMS,2021-12-13T22:30:00Z,PRM07,STIC,20210924-20220314,HS,21035985,49600.3,10.259,274.5518634528,1,excellent,NA
AIMS,2021-12-13T23:00:00Z,PRM07,STIC,20210924-20220314,HS,21035985,49600.3,10.161,274.5518634528,1,excellent,NA
AIMS,2021-12-13T23:30:00Z,PRM07,STIC,20210924-20220314,HS,21035985,49600.3,10.063,274.5518634528,1,excellent,NA
AIMS,2021-12-14T00:00:00Z,PRM07,STIC,20210924-20220314,HS,21035985,49600.3,9.965,274.5518634528,1,excellent,NA
AIMS,2021-12-14T00:30:00Z,PRM07,STIC,20210924-20220314,HS,21035985,49600.3,9.965,274.5518634528,1,excellent,NA
AIMS,2021-12-14T01:00:00Z,PRM07,STIC,20210924-20220314,HS,21035985,49600.3,9.866,274.5518634528,1,excellent,NA
AIMS,2021-12-14T01:30:00Z,PRM07,STIC,20210924-20220314,HS,21035985,49600.3,9.866,274.5518634528,1,excellent,NA
AIMS,2021-12-14T02:00:00Z,PRM07,STIC,20210924-20220314,HS,21035985,49600.3,9.768,274.5518634528,1,excellent,NA
AIMS,2021-12-14T02:30:00Z,PRM07,STIC,20210924-20220314,HS,21035985,49600.3,9.669,274.5518634528,1,excellent,NA
AIMS,2021-12-14T03:00:00Z,PRM07,STIC,20210924-20220314,HS,21035985,49600.3,9.571,274.5518634528,1,excellent,NA
AIMS,2021-12-14T03:30:00Z,PRM07,STIC,20210924-20220314,HS,21035985,49600.3,9.472,274.5518634528,1,excellent,NA
AIMS,2021-12-14T04:00:00Z,PRM07,STIC,20210924-20220314,HS,21035985,49600.3,9.472,274.5518634528,1,excellent,NA
AIMS,2021-12-14T04:30:00Z,PRM07,STIC,20210924-20220314,HS,21035985,49600.3,9.373,274.5518634528,1,excellent,NA
AIMS,2021-12-14T05:00:00Z,PRM07,STIC,20210924-20220314,HS,21035985,49600.3,9.275,274.5518634528,1,excellent,NA
AIMS,2021-12-14T05:30:00Z,PRM07,STIC,20210924-20220314,HS,21035985,49600.3,9.176,274.5518634528,1,excellent,NA
AIMS,2021-12-14T06:00:00Z,PRM07,STIC,20210924-20220314,HS,21035985,49600.3,9.176,274.5518634528,1,excellent,NA
AIMS,2021-12-14T06:30:00Z,PRM07,STIC,20210924-20220314,HS,21035985,49600.3,9.077,274.5518634528,1,excellent,NA
AIMS,2021-12-14T07:00:00Z,PRM07,STIC,20210924-20220314,HS,21035985,49600.3,9.077,274.5518634528,1,excellent,NA
AIMS,2021-12-14T07:30:00Z,PRM07,STIC,20210924-20220314,HS,21035985,49600.3,8.978,274.5518634528,1,excellent,NA
AIMS,2021-12-14T08:00:00Z,PRM07,STIC,20210924-20220314,HS,21035985,49600.3,8.879,274.5518634528,1,excellent,NA
AIMS,2021-12-14T08:30:00Z,PRM07,STIC,20210924-20220314,HS,21035985,49600.3,8.779,274.5518634528,1,excellent,NA
AIMS,2021-12-14T09:00:00Z,PRM07,STIC,20210924-20220314,HS,21035985,49600.3,8.68,274.5518634528,1,excellent,NA
AIMS,2021-12-14T09:30:00Z,PRM07,STIC,20210924-20220314,HS,21035985,49600.3,8.68,274.5518634528,1,excellent,NA
AIMS,2021-12-14T10:00:00Z,PRM07,STIC,20210924-20220314,HS,21035985,49600.3,8.68,274.5518634528,1,excellent,NA
AIMS,2021-12-14T10:30:00Z,PRM07,STIC,20210924-20220314,HS,21035985,49600.3,8.581,274.5518634528,1,excellent,NA
AIMS,2021-12-14T11:00:00Z,PRM07,STIC,20210924-20220314,HS,21035985,49600.3,8.581,274.5518634528,1,excellent,NA
AIMS,2021-12-14T11:30:00Z,PRM07,STIC,20210924-20220314,HS,21035985,49600.3,8.481,274.5518634528,1,excellent,NA
AIMS,2021-12-14T12:00:00Z,PRM07,STIC,20210924-20220314,HS,21035985,49600.3,8.481,274.5518634528,1,excellent,NA
AIMS,2021-12-14T12:30:00Z,PRM07,STIC,20210924-20220314,HS,21035985,49600.3,8.481,274.5518634528,1,excellent,NA
AIMS,2021-12-14T13:00:00Z,PRM07,STIC,20210924-20220314,HS,21035985,49600.3,8.382,274.5518634528,1,excellent,NA
AIMS,2021-12-14T13:30:00Z,PRM07,STIC,20210924-20220314,HS,21035985,49600.3,8.382,274.5518634528,1,excellent,NA
AIMS,2021-12-14T14:00:00Z,PRM07,STIC,20210924-20220314,HS,21035985,49600.3,8.282,274.5518634528,1,excellent,NA
AIMS,2021-12-14T14:30:00Z,PRM07,STIC,20210924-20220314,HS,21035985,49600.3,8.182,274.5518634528,1,excellent,NA
AIMS,2021-12-14T15:00:00Z,PRM07,STIC,20210924-20220314,HS,21035985,49600.3,8.282,274.5518634528,1,excellent,NA
AIMS,2021-12-14T15:30:00Z,PRM07,STIC,20210924-20220314,HS,21035985,49600.3,8.282,274.5518634528,1,excellent,NA
AIMS,2021-12-14T16:00:00Z,PRM07,STIC,20210924-20220314,HS,21035985,49600.3,8.382,274.5518634528,1,excellent,NA
AIMS,2021-12-14T16:30:00Z,PRM07,STIC,20210924-20220314,HS,21035985,49600.3,8.581,274.5518634528,1,excellent,NA
AIMS,2021-12-14T17:00:00Z,PRM07,STIC,20210924-20220314,HS,21035985,49600.3,8.68,274.5518634528,1,excellent,NA
AIMS,2021-12-14T17:30:00Z,PRM07,STIC,20210924-20220314,HS,21035985,49600.3,8.879,274.5518634528,1,excellent,NA
AIMS,2021-12-14T18:00:00Z,PRM07,STIC,20210924-20220314,HS,21035985,49600.3,9.077,274.5518634528,1,excellent,NA
AIMS,2021-12-14T18:30:00Z,PRM07,STIC,20210924-20220314,HS,21035985,49600.3,9.373,274.5518634528,1,excellent,NA
AIMS,2021-12-14T19:00:00Z,PRM07,STIC,20210924-20220314,HS,21035985,49600.3,9.571,274.5518634528,1,excellent,NA
AIMS,2021-12-14T19:30:00Z,PRM07,STIC,20210924-20220314,HS,21035985,49600.3,9.768,274.5518634528,1,excellent,NA
AIMS,2021-12-14T20:00:00Z,PRM07,STIC,20210924-20220314,HS,21035985,49600.3,9.965,274.5518634528,1,excellent,NA
AIMS,2021-12-14T20:30:00Z,PRM07,STIC,20210924-20220314,HS,21035985,49600.3,10.161,274.5518634528,1,excellent,NA
AIMS,2021-12-14T21:00:00Z,PRM07,STIC,20210924-20220314,HS,21035985,49600.3,10.357,274.5518634528,1,excellent,NA
AIMS,2021-12-14T21:30:00Z,PRM07,STIC,20210924-20220314,HS,21035985,49600.3,10.455,274.5518634528,1,excellent,NA
AIMS,2021-12-14T22:00:00Z,PRM07,STIC,20210924-20220314,HS,21035985,49600.3,10.455,274.5518634528,1,excellent,NA
AIMS,2021-12-14T22:30:00Z,PRM07,STIC,20210924-20220314,HS,21035985,49600.3,10.455,274.5518634528,1,excellent,NA
AIMS,2021-12-14T23:00:00Z,PRM07,STIC,20210924-20220314,HS,21035985,49600.3,10.357,274.5518634528,1,excellent,NA
AIMS,2021-12-14T23:30:00Z,PRM07,STIC,20210924-20220314,HS,21035985,49600.3,10.357,274.5518634528,1,excellent,NA
AIMS,2021-12-15T00:00:00Z,PRM07,STIC,20210924-20220314,HS,21035985,49600.3,10.259,274.5518634528,1,excellent,NA
AIMS,2021-12-15T00:30:00Z,PRM07,STIC,20210924-20220314,HS,21035985,49600.3,10.161,274.5518634528,1,excellent,NA
AIMS,2021-12-15T01:00:00Z,PRM07,STIC,20210924-20220314,HS,21035985,49600.3,10.161,274.5518634528,1,excellent,NA
AIMS,2021-12-15T01:30:00Z,PRM07,STIC,20210924-20220314,HS,21035985,49600.3,10.063,274.5518634528,1,excellent,NA
AIMS,2021-12-15T02:00:00Z,PRM07,STIC,20210924-20220314,HS,21035985,49600.3,10.063,274.5518634528,1,excellent,NA
AIMS,2021-12-15T02:30:00Z,PRM07,STIC,20210924-20220314,HS,21035985,52355.9,9.965,288.5414273984,1,excellent,NA
AIMS,2021-12-15T03:00:00Z,PRM07,STIC,20210924-20220314,HS,21035985,52355.9,9.965,288.5414273984,1,excellent,NA
AIMS,2021-12-15T03:30:00Z,PRM07,STIC,20210924-20220314,HS,21035985,52355.9,9.866,288.5414273984,1,excellent,NA
AIMS,2021-12-15T04:00:00Z,PRM07,STIC,20210924-20220314,HS,21035985,52355.9,9.866,288.5414273984,1,excellent,NA
AIMS,2021-12-15T04:30:00Z,PRM07,STIC,20210924-20220314,HS,21035985,52355.9,9.768,288.5414273984,1,excellent,NA
AIMS,2021-12-15T05:00:00Z,PRM07,STIC,20210924-20220314,HS,21035985,52355.9,9.669,288.5414273984,1,excellent,NA
AIMS,2021-12-15T05:30:00Z,PRM07,STIC,20210924-20220314,HS,21035985,52355.9,9.571,288.5414273984,1,excellent,NA
AIMS,2021-12-15T06:00:00Z,PRM07,STIC,20210924-20220314,HS,21035985,52355.9,9.472,288.5414273984,1,excellent,NA
AIMS,2021-12-15T06:30:00Z,PRM07,STIC,20210924-20220314,HS,21035985,52355.9,9.373,288.5414273984,1,excellent,NA
AIMS,2021-12-15T07:00:00Z,PRM07,STIC,20210924-20220314,HS,21035985,49600.3,9.373,274.5518634528,1,excellent,NA
AIMS,2021-12-15T07:30:00Z,PRM07,STIC,20210924-20220314,HS,21035985,49600.3,9.275,274.5518634528,1,excellent,NA
AIMS,2021-12-15T08:00:00Z,PRM07,STIC,20210924-20220314,HS,21035985,49600.3,9.176,274.5518634528,1,excellent,NA
AIMS,2021-12-15T08:30:00Z,PRM07,STIC,20210924-20220314,HS,21035985,49600.3,9.077,274.5518634528,1,excellent,NA
AIMS,2021-12-15T09:00:00Z,PRM07,STIC,20210924-20220314,HS,21035985,49600.3,8.978,274.5518634528,1,excellent,NA
AIMS,2021-12-15T09:30:00Z,PRM07,STIC,20210924-20220314,HS,21035985,49600.3,8.879,274.5518634528,1,excellent,NA
AIMS,2021-12-15T10:00:00Z,PRM07,STIC,20210924-20220314,HS,21035985,49600.3,8.879,274.5518634528,1,excellent,NA
AIMS,2021-12-15T10:30:00Z,PRM07,STIC,20210924-20220314,HS,21035985,49600.3,8.879,274.5518634528,1,excellent,NA
AIMS,2021-12-15T11:00:00Z,PRM07,STIC,20210924-20220314,HS,21035985,49600.3,8.978,274.5518634528,1,excellent,NA
AIMS,2021-12-15T11:30:00Z,PRM07,STIC,20210924-20220314,HS,21035985,49600.3,9.176,274.5518634528,1,excellent,NA
AIMS,2021-12-15T12:00:00Z,PRM07,STIC,20210924-20220314,HS,21035985,52355.9,9.275,288.5414273984,1,excellent,NA
AIMS,2021-12-15T12:30:00Z,PRM07,STIC,20210924-20220314,HS,21035985,49600.3,9.373,274.5518634528,1,excellent,NA
AIMS,2021-12-15T13:00:00Z,PRM07,STIC,20210924-20220314,HS,21035985,52355.9,9.373,288.5414273984,1,excellent,NA
AIMS,2021-12-15T13:30:00Z,PRM07,STIC,20210924-20220314,HS,21035985,52355.9,9.373,288.5414273984,1,excellent,NA
AIMS,2021-12-15T14:00:00Z,PRM07,STIC,20210924-20220314,HS,21035985,49600.3,9.472,274.5518634528,1,excellent,NA
AIMS,2021-12-15T14:30:00Z,PRM07,STIC,20210924-20220314,HS,21035985,52355.9,9.472,288.5414273984,1,excellent,NA
AIMS,2021-12-15T15:00:00Z,PRM07,STIC,20210924-20220314,HS,21035985,49600.3,9.472,274.5518634528,1,excellent,NA
AIMS,2021-12-15T15:30:00Z,PRM07,STIC,20210924-20220314,HS,21035985,49600.3,9.571,274.5518634528,1,excellent,NA
AIMS,2021-12-15T16:00:00Z,PRM07,STIC,20210924-20220314,HS,21035985,49600.3,9.669,274.5518634528,1,excellent,NA
AIMS,2021-12-15T16:30:00Z,PRM07,STIC,20210924-20220314,HS,21035985,52355.9,9.768,288.5414273984,1,excellent,NA
AIMS,2021-12-15T17:00:00Z,PRM07,STIC,20210924-20220314,HS,21035985,52355.9,10.063,288.5414273984,1,excellent,NA
AIMS,2021-12-15T17:30:00Z,PRM07,STIC,20210924-20220314,HS,21035985,52355.9,10.161,288.5414273984,1,excellent,NA
AIMS,2021-12-15T18:00:00Z,PRM07,STIC,20210924-20220314,HS,21035985,52355.9,10.455,288.5414273984,1,excellent,NA
AIMS,2021-12-15T18:30:00Z,PRM07,STIC,20210924-20220314,HS,21035985,52355.9,10.651,288.5414273984,1,excellent,NA
AIMS,2021-12-15T19:00:00Z,PRM07,STIC,20210924-20220314,HS,21035985,52355.9,10.846,288.5414273984,1,excellent,NA
AIMS,2021-12-15T19:30:00Z,PRM07,STIC,20210924-20220314,HS,21035985,52355.9,11.041,288.5414273984,1,excellent,NA
AIMS,2021-12-15T20:00:00Z,PRM07,STIC,20210924-20220314,HS,21035985,52355.9,11.334,288.5414273984,1,excellent,NA
AIMS,2021-12-15T20:30:00Z,PRM07,STIC,20210924-20220314,HS,21035985,52355.9,11.431,288.5414273984,1,excellent,NA
AIMS,2021-12-15T21:00:00Z,PRM07,STIC,20210924-20220314,HS,21035985,52355.9,11.431,288.5414273984,1,excellent,NA
AIMS,2021-12-15T21:30:00Z,PRM07,STIC,20210924-20220314,HS,21035985,52355.9,11.528,288.5414273984,1,excellent,NA
AIMS,2021-12-15T22:00:00Z,PRM07,STIC,20210924-20220314,HS,21035985,52355.9,11.431,288.5414273984,1,excellent,NA
AIMS,2021-12-15T22:30:00Z,PRM07,STIC,20210924-20220314,HS,21035985,52355.9,11.431,288.5414273984,1,excellent,NA
AIMS,2021-12-15T23:00:00Z,PRM07,STIC,20210924-20220314,HS,21035985,52355.9,11.334,288.5414273984,1,excellent,NA
AIMS,2021-12-15T23:30:00Z,PRM07,STIC,20210924-20220314,HS,21035985,52355.9,11.236,288.5414273984,1,excellent,NA
AIMS,2021-12-16T00:00:00Z,PRM07,STIC,20210924-20220314,HS,21035985,52355.9,11.236,288.5414273984,1,excellent,NA
AIMS,2021-12-16T00:30:00Z,PRM07,STIC,20210924-20220314,HS,21035985,52355.9,11.236,288.5414273984,1,excellent,NA
AIMS,2021-12-16T01:00:00Z,PRM07,STIC,20210924-20220314,HS,21035985,52355.9,11.139,288.5414273984,1,excellent,NA
AIMS,2021-12-16T01:30:00Z,PRM07,STIC,20210924-20220314,HS,21035985,52355.9,11.236,288.5414273984,1,excellent,NA
AIMS,2021-12-16T02:00:00Z,PRM07,STIC,20210924-20220314,HS,21035985,52355.9,11.236,288.5414273984,1,excellent,NA
AIMS,2021-12-16T02:30:00Z,PRM07,STIC,20210924-20220314,HS,21035985,52355.9,11.236,288.5414273984,1,excellent,NA
AIMS,2021-12-16T03:00:00Z,PRM07,STIC,20210924-20220314,HS,21035985,52355.9,11.236,288.5414273984,1,excellent,NA
AIMS,2021-12-16T03:30:00Z,PRM07,STIC,20210924-20220314,HS,21035985,52355.9,11.139,288.5414273984,1,excellent,NA
AIMS,2021-12-16T04:00:00Z,PRM07,STIC,20210924-20220314,HS,21035985,52355.9,11.041,288.5414273984,1,excellent,NA
AIMS,2021-12-16T04:30:00Z,PRM07,STIC,20210924-20220314,HS,21035985,52355.9,11.041,288.5414273984,1,excellent,NA
AIMS,2021-12-16T05:00:00Z,PRM07,STIC,20210924-20220314,HS,21035985,52355.9,11.041,288.5414273984,1,excellent,NA
AIMS,2021-12-16T05:30:00Z,PRM07,STIC,20210924-20220314,HS,21035985,52355.9,11.041,288.5414273984,1,excellent,NA
AIMS,2021-12-16T06:00:00Z,PRM07,STIC,20210924-20220314,HS,21035985,52355.9,10.944,288.5414273984,1,excellent,NA
AIMS,2021-12-16T06:30:00Z,PRM07,STIC,20210924-20220314,HS,21035985,52355.9,10.944,288.5414273984,1,excellent,NA
AIMS,2021-12-16T07:00:00Z,PRM07,STIC,20210924-20220314,HS,21035985,52355.9,10.846,288.5414273984,1,excellent,NA
AIMS,2021-12-16T07:30:00Z,PRM07,STIC,20210924-20220314,HS,21035985,52355.9,10.846,288.5414273984,1,excellent,NA
AIMS,2021-12-16T08:00:00Z,PRM07,STIC,20210924-20220314,HS,21035985,52355.9,10.846,288.5414273984,1,excellent,NA
AIMS,2021-12-16T08:30:00Z,PRM07,STIC,20210924-20220314,HS,21035985,52355.9,10.748,288.5414273984,1,excellent,NA
AIMS,2021-12-16T09:00:00Z,PRM07,STIC,20210924-20220314,HS,21035985,52355.9,10.748,288.5414273984,1,excellent,NA
AIMS,2021-12-16T09:30:00Z,PRM07,STIC,20210924-20220314,HS,21035985,52355.9,10.748,288.5414273984,1,excellent,NA
AIMS,2021-12-16T10:00:00Z,PRM07,STIC,20210924-20220314,HS,21035985,52355.9,10.748,288.5414273984,1,excellent,NA
AIMS,2021-12-16T10:30:00Z,PRM07,STIC,20210924-20220314,HS,21035985,37200.2,10.846,211.5993333752,1,excellent,NA
AIMS,2021-12-16T11:00:00Z,PRM07,STIC,20210924-20220314,HS,21035985,22044.6,10.944,134.6577470296,1,excellent,NA
AIMS,2021-12-16T11:30:00Z,PRM07,STIC,20210924-20220314,HS,21035985,11022.3,10.944,78.6999989248,1,excellent,NA
AIMS,2021-12-16T12:00:00Z,PRM07,STIC,20210924-20220314,HS,21035985,4994.5,10.944,48.098208552,1,excellent,NA
AIMS,2021-12-16T12:30:00Z,PRM07,STIC,20210924-20220314,HS,21035985,4477.8,10.846,45.4750383928,1,excellent,NA
AIMS,2021-12-16T13:00:00Z,PRM07,STIC,20210924-20220314,HS,21035985,4133.4,10.846,43.7265967384,1,excellent,NA
AIMS,2021-12-16T13:30:00Z,PRM07,STIC,20210924-20220314,HS,21035985,3961.1,10.846,42.8518682336,1,excellent,NA
AIMS,2021-12-16T14:00:00Z,PRM07,STIC,20210924-20220314,HS,21035985,4305.6,10.748,44.600817565599996,1,excellent,NA
AIMS,2021-12-16T14:30:00Z,PRM07,STIC,20210924-20220314,HS,21035985,3788.9,10.748,41.977647406399996,1,excellent,NA
AIMS,2021-12-16T15:00:00Z,PRM07,STIC,20210924-20220314,HS,21035985,3788.9,10.846,41.977647406399996,1,excellent,NA
AIMS,2021-12-16T15:30:00Z,PRM07,STIC,20210924-20220314,HS,21035985,3616.7,10.846,41.1034265792,1,excellent,NA
AIMS,2021-12-16T16:00:00Z,PRM07,STIC,20210924-20220314,HS,21035985,3444.5,10.944,40.229205752,1,excellent,NA
AIMS,2021-12-16T16:30:00Z,PRM07,STIC,20210924-20220314,HS,21035985,3444.5,11.139,40.229205752,1,excellent,NA
AIMS,2021-12-16T17:00:00Z,PRM07,STIC,20210924-20220314,HS,21035985,3788.9,11.625,41.977647406399996,1,excellent,NA
AIMS,2021-12-16T17:30:00Z,PRM07,STIC,20210924-20220314,HS,21035985,3788.9,11.722,41.977647406399996,1,excellent,NA
AIMS,2021-12-16T18:00:00Z,PRM07,STIC,20210924-20220314,HS,21035985,3100,12.11,38.480256419999996,1,excellent,NA
AIMS,2021-12-16T18:30:00Z,PRM07,STIC,20210924-20220314,HS,21035985,3100,12.207,38.480256419999996,1,excellent,NA
AIMS,2021-12-16T19:00:00Z,PRM07,STIC,20210924-20220314,HS,21035985,2755.6,12.69,36.7318147656,1,excellent,NA
AIMS,2021-12-16T19:30:00Z,PRM07,STIC,20210924-20220314,HS,21035985,2669.5,12.883,36.294704352,1,excellent,NA
AIMS,2021-12-16T20:00:00Z,PRM07,STIC,20210924-20220314,HS,21035985,1636.1,13.269,31.0483640336,1,excellent,NA
AIMS,2021-12-16T20:30:00Z,PRM07,STIC,20210924-20220314,HS,21035985,1550,13.365,30.61125362,1,excellent,NA
AIMS,2021-12-16T21:00:00Z,PRM07,STIC,20210924-20220314,HS,21035985,1463.9,13.269,30.1741432064,1,excellent,NA
AIMS,2021-12-16T21:30:00Z,PRM07,STIC,20210924-20220314,HS,21035985,1377.8,13.461,29.737032792799997,1,excellent,NA
AIMS,2021-12-16T22:00:00Z,PRM07,STIC,20210924-20220314,HS,21035985,1356.3,13.558,29.627882108799998,1,excellent,NA
AIMS,2021-12-16T22:30:00Z,PRM07,STIC,20210924-20220314,HS,21035985,1237.9,13.461,29.0267918304,1,excellent,NA
AIMS,2021-12-16T23:00:00Z,PRM07,STIC,20210924-20220314,HS,21035985,1194.8,13.173,28.807982784799997,1,excellent,NA
AIMS,2021-12-16T23:30:00Z,PRM07,STIC,20210924-20220314,HS,21035985,1141,12.98,28.534852236,1,excellent,NA
AIMS,2021-12-17T00:00:00Z,PRM07,STIC,20210924-20220314,HS,21035985,1130.2,12.787,28.4800230552,1,excellent,NA
AIMS,2021-12-17T00:30:00Z,PRM07,STIC,20210924-20220314,HS,21035985,1087.2,12.69,28.261721687199998,1,excellent,NA
AIMS,2021-12-17T01:00:00Z,PRM07,STIC,20210924-20220314,HS,21035985,1087.2,12.69,28.261721687199998,1,excellent,NA
AIMS,2021-12-17T01:30:00Z,PRM07,STIC,20210924-20220314,HS,21035985,1065.6,12.594,28.152063325599997,1,excellent,NA
AIMS,2021-12-17T02:00:00Z,PRM07,STIC,20210924-20220314,HS,21035985,1054.9,12.69,28.0977418224,1,excellent,NA
AIMS,2021-12-17T02:30:00Z,PRM07,STIC,20210924-20220314,HS,21035985,1054.9,12.69,28.0977418224,1,excellent,NA
AIMS,2021-12-17T03:00:00Z,PRM07,STIC,20210924-20220314,HS,21035985,1151.7,12.594,28.5891737392,1,excellent,NA
AIMS,2021-12-17T03:30:00Z,PRM07,STIC,20210924-20220314,HS,21035985,1130.2,12.594,28.4800230552,1,excellent,NA
AIMS,2021-12-17T04:00:00Z,PRM07,STIC,20210924-20220314,HS,21035985,1119.5,12.497,28.425701552,1,excellent,NA
AIMS,2021-12-17T04:30:00Z,PRM07,STIC,20210924-20220314,HS,21035985,1108.7,12.497,28.3708723712,1,excellent,NA
AIMS,2021-12-17T05:00:00Z,PRM07,STIC,20210924-20220314,HS,21035985,1130.2,12.497,28.4800230552,1,excellent,NA
AIMS,2021-12-17T05:30:00Z,PRM07,STIC,20210924-20220314,HS,21035985,1097.9,12.497,28.3160431904,1,excellent,NA
AIMS,2021-12-17T06:00:00Z,PRM07,STIC,20210924-20220314,HS,21035985,1087.2,12.497,28.261721687199998,1,excellent,NA
AIMS,2021-12-17T06:30:00Z,PRM07,STIC,20210924-20220314,HS,21035985,1097.9,12.594,28.3160431904,1,excellent,NA
AIMS,2021-12-17T07:00:00Z,PRM07,STIC,20210924-20220314,HS,21035985,1097.9,12.594,28.3160431904,1,excellent,NA
AIMS,2021-12-17T07:30:00Z,PRM07,STIC,20210924-20220314,HS,21035985,1119.5,12.497,28.425701552,1,excellent,NA
AIMS,2021-12-17T08:00:00Z,PRM07,STIC,20210924-20220314,HS,21035985,1119.5,12.497,28.425701552,1,excellent,NA
AIMS,2021-12-17T08:30:00Z,PRM07,STIC,20210924-20220314,HS,21035985,1130.2,12.594,28.4800230552,1,excellent,NA
AIMS,2021-12-17T09:00:00Z,PRM07,STIC,20210924-20220314,HS,21035985,1097.9,12.497,28.3160431904,1,excellent,NA
AIMS,2021-12-17T09:30:00Z,PRM07,STIC,20210924-20220314,HS,21035985,1087.2,12.497,28.261721687199998,1,excellent,NA
AIMS,2021-12-17T10:00:00Z,PRM07,STIC,20210924-20220314,HS,21035985,1054.9,12.497,28.0977418224,1,excellent,NA
AIMS,2021-12-17T10:30:00Z,PRM07,STIC,20210924-20220314,HS,21035985,1054.9,12.594,28.0977418224,1,excellent,NA
AIMS,2021-12-17T11:00:00Z,PRM07,STIC,20210924-20220314,HS,21035985,1130.2,12.594,28.4800230552,1,excellent,NA
AIMS,2021-12-17T11:30:00Z,PRM07,STIC,20210924-20220314,HS,21035985,1141,12.594,28.534852236,1,excellent,NA
AIMS,2021-12-17T12:00:00Z,PRM07,STIC,20210924-20220314,HS,21035985,1151.7,12.594,28.5891737392,1,excellent,NA
AIMS,2021-12-17T12:30:00Z,PRM07,STIC,20210924-20220314,HS,21035985,1162.5,12.594,28.64400292,1,excellent,NA
AIMS,2021-12-17T13:00:00Z,PRM07,STIC,20210924-20220314,HS,21035985,990.3,12.594,27.7697820928,1,excellent,NA
AIMS,2021-12-17T13:30:00Z,PRM07,STIC,20210924-20220314,HS,21035985,1162.5,12.594,28.64400292,1,excellent,NA
AIMS,2021-12-17T14:00:00Z,PRM07,STIC,20210924-20220314,HS,21035985,1162.5,12.594,28.64400292,1,excellent,NA
AIMS,2021-12-17T14:30:00Z,PRM07,STIC,20210924-20220314,HS,21035985,1151.7,12.69,28.5891737392,1,excellent,NA
AIMS,2021-12-17T15:00:00Z,PRM07,STIC,20210924-20220314,HS,21035985,1162.5,12.69,28.64400292,1,excellent,NA
AIMS,2021-12-17T15:30:00Z,PRM07,STIC,20210924-20220314,HS,21035985,1162.5,12.787,28.64400292,1,excellent,NA
AIMS,2021-12-17T16:00:00Z,PRM07,STIC,20210924-20220314,HS,21035985,1141,12.787,28.534852236,1,excellent,NA
AIMS,2021-12-17T16:30:00Z,PRM07,STIC,20210924-20220314,HS,21035985,1162.5,12.883,28.64400292,1,excellent,NA
AIMS,2021-12-17T17:00:00Z,PRM07,STIC,20210924-20220314,HS,21035985,1173.3,12.98,28.698832100799997,1,excellent,NA
AIMS,2021-12-17T17:30:00Z,PRM07,STIC,20210924-20220314,HS,21035985,1173.3,13.076,28.698832100799997,1,excellent,NA
AIMS,2021-12-17T18:00:00Z,PRM07,STIC,20210924-20220314,HS,21035985,1162.5,13.173,28.64400292,1,excellent,NA
AIMS,2021-12-17T18:30:00Z,PRM07,STIC,20210924-20220314,HS,21035985,1184,13.269,28.753153603999998,1,excellent,NA
AIMS,2021-12-17T19:00:00Z,PRM07,STIC,20210924-20220314,HS,21035985,1151.7,13.365,28.5891737392,1,excellent,NA
AIMS,2021-12-17T19:30:00Z,PRM07,STIC,20210924-20220314,HS,21035985,1184,13.461,28.753153603999998,1,excellent,NA
AIMS,2021-12-17T20:00:00Z,PRM07,STIC,20210924-20220314,HS,21035985,1194.8,13.461,28.807982784799997,1,excellent,NA
AIMS,2021-12-17T20:30:00Z,PRM07,STIC,20210924-20220314,HS,21035985,1227.1,13.558,28.9719626496,1,excellent,NA
AIMS,2021-12-17T21:00:00Z,PRM07,STIC,20210924-20220314,HS,21035985,990.3,13.654,27.7697820928,1,excellent,NA
AIMS,2021-12-17T21:30:00Z,PRM07,STIC,20210924-20220314,HS,21035985,1216.3,13.846,28.9171334688,1,excellent,NA
AIMS,2021-12-17T22:00:00Z,PRM07,STIC,20210924-20220314,HS,21035985,1205.6,13.846,28.8628119656,1,excellent,NA
AIMS,2021-12-17T22:30:00Z,PRM07,STIC,20210924-20220314,HS,21035985,1259.4,13.75,29.1359425144,1,excellent,NA
AIMS,2021-12-17T23:00:00Z,PRM07,STIC,20210924-20220314,HS,21035985,1259.4,13.654,29.1359425144,1,excellent,NA
AIMS,2021-12-17T23:30:00Z,PRM07,STIC,20210924-20220314,HS,21035985,1259.4,13.558,29.1359425144,1,excellent,NA
AIMS,2021-12-18T00:00:00Z,PRM07,STIC,20210924-20220314,HS,21035985,1227.1,13.461,28.9719626496,1,excellent,NA
AIMS,2021-12-18T00:30:00Z,PRM07,STIC,20210924-20220314,HS,21035985,958,13.365,27.605802227999998,1,excellent,NA
AIMS,2021-12-18T01:00:00Z,PRM07,STIC,20210924-20220314,HS,21035985,1280.9,13.365,29.2450931984,1,excellent,NA
AIMS,2021-12-18T01:30:00Z,PRM07,STIC,20210924-20220314,HS,21035985,1313.2,13.269,29.409073063199997,1,excellent,NA
AIMS,2021-12-18T02:00:00Z,PRM07,STIC,20210924-20220314,HS,21035985,1205.6,13.173,28.8628119656,1,excellent,NA
AIMS,2021-12-18T02:30:00Z,PRM07,STIC,20210924-20220314,HS,21035985,1313.2,13.076,29.409073063199997,1,excellent,NA
AIMS,2021-12-18T03:00:00Z,PRM07,STIC,20210924-20220314,HS,21035985,1377.8,13.076,29.737032792799997,1,excellent,NA
AIMS,2021-12-18T03:30:00Z,PRM07,STIC,20210924-20220314,HS,21035985,1377.8,12.98,29.737032792799997,1,excellent,NA
AIMS,2021-12-18T04:00:00Z,PRM07,STIC,20210924-20220314,HS,21035985,1377.8,12.98,29.737032792799997,1,excellent,NA
AIMS,2021-12-18T04:30:00Z,PRM07,STIC,20210924-20220314,HS,21035985,1377.8,12.98,29.737032792799997,1,excellent,NA
AIMS,2021-12-18T05:00:00Z,PRM07,STIC,20210924-20220314,HS,21035985,1377.8,12.883,29.737032792799997,1,excellent,NA
AIMS,2021-12-18T05:30:00Z,PRM07,STIC,20210924-20220314,HS,21035985,1377.8,12.787,29.737032792799997,1,excellent,NA
AIMS,2021-12-18T06:00:00Z,PRM07,STIC,20210924-20220314,HS,21035985,1377.8,12.787,29.737032792799997,1,excellent,NA
AIMS,2021-12-18T06:30:00Z,PRM07,STIC,20210924-20220314,HS,21035985,1377.8,12.787,29.737032792799997,1,excellent,NA
AIMS,2021-12-18T07:00:00Z,PRM07,STIC,20210924-20220314,HS,21035985,1334.7,12.787,29.518223747199997,1,excellent,NA
AIMS,2021-12-18T07:30:00Z,PRM07,STIC,20210924-20220314,HS,21035985,1377.8,12.787,29.737032792799997,1,excellent,NA
AIMS,2021-12-18T08:00:00Z,PRM07,STIC,20210924-20220314,HS,21035985,1377.8,12.787,29.737032792799997,1,excellent,NA
AIMS,2021-12-18T08:30:00Z,PRM07,STIC,20210924-20220314,HS,21035985,1345.5,12.787,29.573052928,1,excellent,NA
AIMS,2021-12-18T09:00:00Z,PRM07,STIC,20210924-20220314,HS,21035985,1334.7,12.787,29.518223747199997,1,excellent,NA
AIMS,2021-12-18T09:30:00Z,PRM07,STIC,20210924-20220314,HS,21035985,1291.7,12.883,29.299922379199998,1,excellent,NA
AIMS,2021-12-18T10:00:00Z,PRM07,STIC,20210924-20220314,HS,21035985,1280.9,12.883,29.2450931984,1,excellent,NA
AIMS,2021-12-18T10:30:00Z,PRM07,STIC,20210924-20220314,HS,21035985,1302.4,12.883,29.3542438824,1,excellent,NA
AIMS,2021-12-18T11:00:00Z,PRM07,STIC,20210924-20220314,HS,21035985,1280.9,12.883,29.2450931984,1,excellent,NA
AIMS,2021-12-18T11:30:00Z,PRM07,STIC,20210924-20220314,HS,21035985,1270.1,12.98,29.190264017599997,1,excellent,NA
AIMS,2021-12-18T12:00:00Z,PRM07,STIC,20210924-20220314,HS,21035985,1248.6,12.98,29.081113333599998,1,excellent,NA
AIMS,2021-12-18T12:30:00Z,PRM07,STIC,20210924-20220314,HS,21035985,1216.3,13.076,28.9171334688,1,excellent,NA
AIMS,2021-12-18T13:00:00Z,PRM07,STIC,20210924-20220314,HS,21035985,2927.8,13.173,37.6060355928,1,excellent,NA
AIMS,2021-12-18T13:30:00Z,PRM07,STIC,20210924-20220314,HS,21035985,49600.3,13.75,274.5518634528,1,excellent,NA
AIMS,2021-12-18T14:00:00Z,PRM07,STIC,20210924-20220314,HS,21035985,46844.8,14.038,260.5628071848,1,excellent,NA
AIMS,2021-12-18T14:30:00Z,PRM07,STIC,20210924-20220314,HS,21035985,46844.8,14.134,260.5628071848,1,excellent,NA
AIMS,2021-12-18T15:00:00Z,PRM07,STIC,20210924-20220314,HS,21035985,46844.8,14.23,260.5628071848,1,excellent,NA
AIMS,2021-12-18T15:30:00Z,PRM07,STIC,20210924-20220314,HS,21035985,49600.3,14.325,274.5518634528,1,excellent,NA
AIMS,2021-12-18T16:00:00Z,PRM07,STIC,20210924-20220314,HS,21035985,49600.3,14.421,274.5518634528,1,excellent,NA
AIMS,2021-12-18T16:30:00Z,PRM07,STIC,20210924-20220314,HS,21035985,49600.3,14.517,274.5518634528,1,excellent,NA
AIMS,2021-12-18T17:00:00Z,PRM07,STIC,20210924-20220314,HS,21035985,52355.9,14.613,288.5414273984,1,excellent,NA
AIMS,2021-12-18T17:30:00Z,PRM07,STIC,20210924-20220314,HS,21035985,52355.9,14.709,288.5414273984,1,excellent,NA
AIMS,2021-12-18T18:00:00Z,PRM07,STIC,20210924-20220314,HS,21035985,52355.9,14.804,288.5414273984,1,excellent,NA
AIMS,2021-12-18T18:30:00Z,PRM07,STIC,20210924-20220314,HS,21035985,55111.5,14.9,302.530991344,1,excellent,NA
AIMS,2021-12-18T19:00:00Z,PRM07,STIC,20210924-20220314,HS,21035985,52355.9,14.9,288.5414273984,1,excellent,NA
AIMS,2021-12-18T19:30:00Z,PRM07,STIC,20210924-20220314,HS,21035985,52355.9,14.709,288.5414273984,1,excellent,NA
AIMS,2021-12-18T20:00:00Z,PRM07,STIC,20210924-20220314,HS,21035985,52355.9,14.613,288.5414273984,1,excellent,NA
AIMS,2021-12-18T20:30:00Z,PRM07,STIC,20210924-20220314,HS,21035985,52355.9,14.517,288.5414273984,1,excellent,NA
AIMS,2021-12-18T21:00:00Z,PRM07,STIC,20210924-20220314,HS,21035985,55111.5,14.613,302.530991344,1,excellent,NA
AIMS,2021-12-18T21:30:00Z,PRM07,STIC,20210924-20220314,HS,21035985,55111.5,14.613,302.530991344,1,excellent,NA
AIMS,2021-12-18T22:00:00Z,PRM07,STIC,20210924-20220314,HS,21035985,55111.5,14.613,302.530991344,1,excellent,NA
AIMS,2021-12-18T22:30:00Z,PRM07,STIC,20210924-20220314,HS,21035985,55111.5,14.613,302.530991344,1,excellent,NA
AIMS,2021-12-18T23:00:00Z,PRM07,STIC,20210924-20220314,HS,21035985,55111.5,14.517,302.530991344,1,excellent,NA
AIMS,2021-12-18T23:30:00Z,PRM07,STIC,20210924-20220314,HS,21035985,55111.5,14.517,302.530991344,1,excellent,NA
AIMS,2021-12-19T00:00:00Z,PRM07,STIC,20210924-20220314,HS,21035985,55111.5,14.421,302.530991344,1,excellent,NA
AIMS,2021-12-19T00:30:00Z,PRM07,STIC,20210924-20220314,HS,21035985,55111.5,14.421,302.530991344,1,excellent,NA
AIMS,2021-12-19T01:00:00Z,PRM07,STIC,20210924-20220314,HS,21035985,55111.5,14.325,302.530991344,1,excellent,NA
AIMS,2021-12-19T01:30:00Z,PRM07,STIC,20210924-20220314,HS,21035985,55111.5,14.325,302.530991344,1,excellent,NA
AIMS,2021-12-19T02:00:00Z,PRM07,STIC,20210924-20220314,HS,21035985,55111.5,14.23,302.530991344,1,excellent,NA
AIMS,2021-12-19T02:30:00Z,PRM07,STIC,20210924-20220314,HS,21035985,55111.5,14.23,302.530991344,1,excellent,NA
AIMS,2021-12-19T03:00:00Z,PRM07,STIC,20210924-20220314,HS,21035985,55111.5,14.038,302.530991344,1,excellent,NA
AIMS,2021-12-19T03:30:00Z,PRM07,STIC,20210924-20220314,HS,21035985,55111.5,13.75,302.530991344,1,excellent,NA
AIMS,2021-12-19T04:00:00Z,PRM07,STIC,20210924-20220314,HS,21035985,55111.5,13.558,302.530991344,1,excellent,NA
AIMS,2021-12-19T04:30:00Z,PRM07,STIC,20210924-20220314,HS,21035985,55111.5,13.365,302.530991344,1,excellent,NA
AIMS,2021-12-19T05:00:00Z,PRM07,STIC,20210924-20220314,HS,21035985,55111.5,13.269,302.530991344,1,excellent,NA
AIMS,2021-12-19T05:30:00Z,PRM07,STIC,20210924-20220314,HS,21035985,55111.5,13.076,302.530991344,1,excellent,NA
AIMS,2021-12-19T06:00:00Z,PRM07,STIC,20210924-20220314,HS,21035985,55111.5,12.98,302.530991344,1,excellent,NA
AIMS,2021-12-19T06:30:00Z,PRM07,STIC,20210924-20220314,HS,21035985,55111.5,12.787,302.530991344,1,excellent,NA
AIMS,2021-12-19T07:00:00Z,PRM07,STIC,20210924-20220314,HS,21035985,52355.9,12.69,288.5414273984,1,excellent,NA
AIMS,2021-12-19T07:30:00Z,PRM07,STIC,20210924-20220314,HS,21035985,52355.9,12.497,288.5414273984,1,excellent,NA
AIMS,2021-12-19T08:00:00Z,PRM07,STIC,20210924-20220314,HS,21035985,52355.9,12.401,288.5414273984,1,excellent,NA
AIMS,2021-12-19T08:30:00Z,PRM07,STIC,20210924-20220314,HS,21035985,52355.9,12.304,288.5414273984,1,excellent,NA
AIMS,2021-12-19T09:00:00Z,PRM07,STIC,20210924-20220314,HS,21035985,52355.9,12.207,288.5414273984,1,excellent,NA
AIMS,2021-12-19T09:30:00Z,PRM07,STIC,20210924-20220314,HS,21035985,52355.9,12.11,288.5414273984,1,excellent,NA
AIMS,2021-12-19T10:00:00Z,PRM07,STIC,20210924-20220314,HS,21035985,52355.9,11.916,288.5414273984,1,excellent,NA
AIMS,2021-12-19T10:30:00Z,PRM07,STIC,20210924-20220314,HS,21035985,52355.9,11.916,288.5414273984,1,excellent,NA
AIMS,2021-12-19T11:00:00Z,PRM07,STIC,20210924-20220314,HS,21035985,52355.9,11.819,288.5414273984,1,excellent,NA
AIMS,2021-12-19T11:30:00Z,PRM07,STIC,20210924-20220314,HS,21035985,52355.9,11.722,288.5414273984,1,excellent,NA
AIMS,2021-12-19T12:00:00Z,PRM07,STIC,20210924-20220314,HS,21035985,52355.9,11.722,288.5414273984,1,excellent,NA
AIMS,2021-12-19T12:30:00Z,PRM07,STIC,20210924-20220314,HS,21035985,52355.9,11.625,288.5414273984,1,excellent,NA
AIMS,2021-12-19T13:00:00Z,PRM07,STIC,20210924-20220314,HS,21035985,52355.9,11.625,288.5414273984,1,excellent,NA
AIMS,2021-12-19T13:30:00Z,PRM07,STIC,20210924-20220314,HS,21035985,52355.9,11.528,288.5414273984,1,excellent,NA
AIMS,2021-12-19T14:00:00Z,PRM07,STIC,20210924-20220314,HS,21035985,52355.9,11.431,288.5414273984,1,excellent,NA
AIMS,2021-12-19T14:30:00Z,PRM07,STIC,20210924-20220314,HS,21035985,52355.9,11.431,288.5414273984,1,excellent,NA
AIMS,2021-12-19T15:00:00Z,PRM07,STIC,20210924-20220314,HS,21035985,52355.9,11.334,288.5414273984,1,excellent,NA
AIMS,2021-12-19T15:30:00Z,PRM07,STIC,20210924-20220314,HS,21035985,52355.9,11.334,288.5414273984,1,excellent,NA
AIMS,2021-12-19T16:00:00Z,PRM07,STIC,20210924-20220314,HS,21035985,52355.9,11.334,288.5414273984,1,excellent,NA
AIMS,2021-12-19T16:30:00Z,PRM07,STIC,20210924-20220314,HS,21035985,52355.9,11.334,288.5414273984,1,excellent,NA
AIMS,2021-12-19T17:00:00Z,PRM07,STIC,20210924-20220314,HS,21035985,52355.9,11.236,288.5414273984,1,excellent,NA
AIMS,2021-12-19T17:30:00Z,PRM07,STIC,20210924-20220314,HS,21035985,52355.9,11.236,288.5414273984,1,excellent,NA
AIMS,2021-12-19T18:00:00Z,PRM07,STIC,20210924-20220314,HS,21035985,52355.9,11.236,288.5414273984,1,excellent,NA
AIMS,2021-12-19T18:30:00Z,PRM07,STIC,20210924-20220314,HS,21035985,52355.9,11.236,288.5414273984,1,excellent,NA
AIMS,2021-12-19T19:00:00Z,PRM07,STIC,20210924-20220314,HS,21035985,52355.9,11.236,288.5414273984,1,excellent,NA
AIMS,2021-12-19T19:30:00Z,PRM07,STIC,20210924-20220314,HS,21035985,52355.9,11.236,288.5414273984,1,excellent,NA
AIMS,2021-12-19T20:00:00Z,PRM07,STIC,20210924-20220314,HS,21035985,52355.9,11.139,288.5414273984,1,excellent,NA
AIMS,2021-12-19T20:30:00Z,PRM07,STIC,20210924-20220314,HS,21035985,52355.9,11.139,288.5414273984,1,excellent,NA
AIMS,2021-12-19T21:00:00Z,PRM07,STIC,20210924-20220314,HS,21035985,52355.9,11.139,288.5414273984,1,excellent,NA
AIMS,2021-12-19T21:30:00Z,PRM07,STIC,20210924-20220314,HS,21035985,52355.9,11.139,288.5414273984,1,excellent,NA
AIMS,2021-12-19T22:00:00Z,PRM07,STIC,20210924-20220314,HS,21035985,52355.9,11.041,288.5414273984,1,excellent,NA
AIMS,2021-12-19T22:30:00Z,PRM07,STIC,20210924-20220314,HS,21035985,52355.9,10.944,288.5414273984,1,excellent,NA
AIMS,2021-12-19T23:00:00Z,PRM07,STIC,20210924-20220314,HS,21035985,52355.9,10.846,288.5414273984,1,excellent,NA
AIMS,2021-12-19T23:30:00Z,PRM07,STIC,20210924-20220314,HS,21035985,49600.3,10.651,274.5518634528,1,excellent,NA
AIMS,2021-12-20T00:00:00Z,PRM07,STIC,20210924-20220314,HS,21035985,49600.3,10.553,274.5518634528,1,excellent,NA
AIMS,2021-12-20T00:30:00Z,PRM07,STIC,20210924-20220314,HS,21035985,49600.3,10.553,274.5518634528,1,excellent,NA
AIMS,2021-12-20T01:00:00Z,PRM07,STIC,20210924-20220314,HS,21035985,49600.3,10.455,274.5518634528,1,excellent,NA
AIMS,2021-12-20T01:30:00Z,PRM07,STIC,20210924-20220314,HS,21035985,49600.3,10.357,274.5518634528,1,excellent,NA
AIMS,2021-12-20T02:00:00Z,PRM07,STIC,20210924-20220314,HS,21035985,49600.3,10.259,274.5518634528,1,excellent,NA
AIMS,2021-12-20T02:30:00Z,PRM07,STIC,20210924-20220314,HS,21035985,49600.3,10.161,274.5518634528,1,excellent,NA
AIMS,2021-12-20T03:00:00Z,PRM07,STIC,20210924-20220314,HS,21035985,49600.3,10.063,274.5518634528,1,excellent,NA
AIMS,2021-12-20T03:30:00Z,PRM07,STIC,20210924-20220314,HS,21035985,49600.3,10.063,274.5518634528,1,excellent,NA
AIMS,2021-12-20T04:00:00Z,PRM07,STIC,20210924-20220314,HS,21035985,49600.3,9.965,274.5518634528,1,excellent,NA
AIMS,2021-12-20T04:30:00Z,PRM07,STIC,20210924-20220314,HS,21035985,49600.3,9.866,274.5518634528,1,excellent,NA
AIMS,2021-12-20T05:00:00Z,PRM07,STIC,20210924-20220314,HS,21035985,49600.3,9.768,274.5518634528,1,excellent,NA
AIMS,2021-12-20T05:30:00Z,PRM07,STIC,20210924-20220314,HS,21035985,49600.3,9.768,274.5518634528,1,excellent,NA
AIMS,2021-12-20T06:00:00Z,PRM07,STIC,20210924-20220314,HS,21035985,49600.3,9.669,274.5518634528,1,excellent,NA
AIMS,2021-12-20T06:30:00Z,PRM07,STIC,20210924-20220314,HS,21035985,49600.3,9.669,274.5518634528,1,excellent,NA
AIMS,2021-12-20T07:00:00Z,PRM07,STIC,20210924-20220314,HS,21035985,49600.3,9.571,274.5518634528,1,excellent,NA
AIMS,2021-12-20T07:30:00Z,PRM07,STIC,20210924-20220314,HS,21035985,49600.3,9.571,274.5518634528,1,excellent,NA
AIMS,2021-12-20T08:00:00Z,PRM07,STIC,20210924-20220314,HS,21035985,49600.3,9.472,274.5518634528,1,excellent,NA
AIMS,2021-12-20T08:30:00Z,PRM07,STIC,20210924-20220314,HS,21035985,49600.3,9.472,274.5518634528,1,excellent,NA
AIMS,2021-12-20T09:00:00Z,PRM07,STIC,20210924-20220314,HS,21035985,49600.3,9.472,274.5518634528,1,excellent,NA
AIMS,2021-12-20T09:30:00Z,PRM07,STIC,20210924-20220314,HS,21035985,49600.3,9.472,274.5518634528,1,excellent,NA
AIMS,2021-12-20T10:00:00Z,PRM07,STIC,20210924-20220314,HS,21035985,49600.3,9.571,274.5518634528,1,excellent,NA
AIMS,2021-12-20T10:30:00Z,PRM07,STIC,20210924-20220314,HS,21035985,49600.3,9.571,274.5518634528,1,excellent,NA
AIMS,2021-12-20T11:00:00Z,PRM07,STIC,20210924-20220314,HS,21035985,49600.3,9.571,274.5518634528,1,excellent,NA
AIMS,2021-12-20T11:30:00Z,PRM07,STIC,20210924-20220314,HS,21035985,49600.3,9.571,274.5518634528,1,excellent,NA
AIMS,2021-12-20T12:00:00Z,PRM07,STIC,20210924-20220314,HS,21035985,49600.3,9.571,274.5518634528,1,excellent,NA
AIMS,2021-12-20T12:30:00Z,PRM07,STIC,20210924-20220314,HS,21035985,49600.3,9.571,274.5518634528,1,excellent,NA
AIMS,2021-12-20T13:00:00Z,PRM07,STIC,20210924-20220314,HS,21035985,49600.3,9.571,274.5518634528,1,excellent,NA
AIMS,2021-12-20T13:30:00Z,PRM07,STIC,20210924-20220314,HS,21035985,49600.3,9.571,274.5518634528,1,excellent,NA
AIMS,2021-12-20T14:00:00Z,PRM07,STIC,20210924-20220314,HS,21035985,49600.3,9.571,274.5518634528,1,excellent,NA
AIMS,2021-12-20T14:30:00Z,PRM07,STIC,20210924-20220314,HS,21035985,49600.3,9.571,274.5518634528,1,excellent,NA
AIMS,2021-12-20T15:00:00Z,PRM07,STIC,20210924-20220314,HS,21035985,49600.3,9.571,274.5518634528,1,excellent,NA
AIMS,2021-12-20T15:30:00Z,PRM07,STIC,20210924-20220314,HS,21035985,49600.3,9.669,274.5518634528,1,excellent,NA
AIMS,2021-12-20T16:00:00Z,PRM07,STIC,20210924-20220314,HS,21035985,49600.3,9.669,274.5518634528,1,excellent,NA
AIMS,2021-12-20T16:30:00Z,PRM07,STIC,20210924-20220314,HS,21035985,49600.3,9.768,274.5518634528,1,excellent,NA
AIMS,2021-12-20T17:00:00Z,PRM07,STIC,20210924-20220314,HS,21035985,49600.3,9.866,274.5518634528,1,excellent,NA
AIMS,2021-12-20T17:30:00Z,PRM07,STIC,20210924-20220314,HS,21035985,49600.3,9.965,274.5518634528,1,excellent,NA
AIMS,2021-12-20T18:00:00Z,PRM07,STIC,20210924-20220314,HS,21035985,49600.3,10.063,274.5518634528,1,excellent,NA
AIMS,2021-12-20T18:30:00Z,PRM07,STIC,20210924-20220314,HS,21035985,49600.3,10.161,274.5518634528,1,excellent,NA
AIMS,2021-12-20T19:00:00Z,PRM07,STIC,20210924-20220314,HS,21035985,49600.3,10.259,274.5518634528,1,excellent,NA
AIMS,2021-12-20T19:30:00Z,PRM07,STIC,20210924-20220314,HS,21035985,49600.3,10.357,274.5518634528,1,excellent,NA
AIMS,2021-12-20T20:00:00Z,PRM07,STIC,20210924-20220314,HS,21035985,49600.3,10.455,274.5518634528,1,excellent,NA
AIMS,2021-12-20T20:30:00Z,PRM07,STIC,20210924-20220314,HS,21035985,49600.3,10.553,274.5518634528,1,excellent,NA
AIMS,2021-12-20T21:00:00Z,PRM07,STIC,20210924-20220314,HS,21035985,49600.3,10.553,274.5518634528,1,excellent,NA
AIMS,2021-12-20T21:30:00Z,PRM07,STIC,20210924-20220314,HS,21035985,49600.3,10.651,274.5518634528,1,excellent,NA
AIMS,2021-12-20T22:00:00Z,PRM07,STIC,20210924-20220314,HS,21035985,49600.3,10.651,274.5518634528,1,excellent,NA
AIMS,2021-12-20T22:30:00Z,PRM07,STIC,20210924-20220314,HS,21035985,49600.3,10.651,274.5518634528,1,excellent,NA
AIMS,2021-12-20T23:00:00Z,PRM07,STIC,20210924-20220314,HS,21035985,49600.3,10.651,274.5518634528,1,excellent,NA
AIMS,2021-12-20T23:30:00Z,PRM07,STIC,20210924-20220314,HS,21035985,49600.3,10.553,274.5518634528,1,excellent,NA
AIMS,2021-12-21T00:00:00Z,PRM07,STIC,20210924-20220314,HS,21035985,49600.3,10.553,274.5518634528,1,excellent,NA
AIMS,2021-12-21T00:30:00Z,PRM07,STIC,20210924-20220314,HS,21035985,49600.3,10.455,274.5518634528,1,excellent,NA
AIMS,2021-12-21T01:00:00Z,PRM07,STIC,20210924-20220314,HS,21035985,49600.3,10.357,274.5518634528,1,excellent,NA
AIMS,2021-12-21T01:30:00Z,PRM07,STIC,20210924-20220314,HS,21035985,49600.3,10.259,274.5518634528,1,excellent,NA
AIMS,2021-12-21T02:00:00Z,PRM07,STIC,20210924-20220314,HS,21035985,49600.3,10.259,274.5518634528,1,excellent,NA
AIMS,2021-12-21T02:30:00Z,PRM07,STIC,20210924-20220314,HS,21035985,49600.3,10.161,274.5518634528,1,excellent,NA
AIMS,2021-12-21T03:00:00Z,PRM07,STIC,20210924-20220314,HS,21035985,49600.3,10.161,274.5518634528,1,excellent,NA
AIMS,2021-12-21T03:30:00Z,PRM07,STIC,20210924-20220314,HS,21035985,49600.3,10.063,274.5518634528,1,excellent,NA
AIMS,2021-12-21T04:00:00Z,PRM07,STIC,20210924-20220314,HS,21035985,49600.3,10.063,274.5518634528,1,excellent,NA
AIMS,2021-12-21T04:30:00Z,PRM07,STIC,20210924-20220314,HS,21035985,49600.3,10.063,274.5518634528,1,excellent,NA
AIMS,2021-12-21T05:00:00Z,PRM07,STIC,20210924-20220314,HS,21035985,49600.3,9.965,274.5518634528,1,excellent,NA
AIMS,2021-12-21T05:30:00Z,PRM07,STIC,20210924-20220314,HS,21035985,49600.3,9.965,274.5518634528,1,excellent,NA
AIMS,2021-12-21T06:00:00Z,PRM07,STIC,20210924-20220314,HS,21035985,49600.3,9.965,274.5518634528,1,excellent,NA
AIMS,2021-12-21T06:30:00Z,PRM07,STIC,20210924-20220314,HS,21035985,49600.3,9.965,274.5518634528,1,excellent,NA
AIMS,2021-12-21T07:00:00Z,PRM07,STIC,20210924-20220314,HS,21035985,49600.3,9.965,274.5518634528,1,excellent,NA
AIMS,2021-12-21T07:30:00Z,PRM07,STIC,20210924-20220314,HS,21035985,49600.3,9.965,274.5518634528,1,excellent,NA
AIMS,2021-12-21T08:00:00Z,PRM07,STIC,20210924-20220314,HS,21035985,49600.3,9.965,274.5518634528,1,excellent,NA
AIMS,2021-12-21T08:30:00Z,PRM07,STIC,20210924-20220314,HS,21035985,49600.3,9.965,274.5518634528,1,excellent,NA
AIMS,2021-12-21T09:00:00Z,PRM07,STIC,20210924-20220314,HS,21035985,49600.3,9.965,274.5518634528,1,excellent,NA
AIMS,2021-12-21T09:30:00Z,PRM07,STIC,20210924-20220314,HS,21035985,49600.3,9.965,274.5518634528,1,excellent,NA
AIMS,2021-12-21T10:00:00Z,PRM07,STIC,20210924-20220314,HS,21035985,49600.3,9.965,274.5518634528,1,excellent,NA
AIMS,2021-12-21T10:30:00Z,PRM07,STIC,20210924-20220314,HS,21035985,49600.3,9.965,274.5518634528,1,excellent,NA
AIMS,2021-12-21T11:00:00Z,PRM07,STIC,20210924-20220314,HS,21035985,49600.3,9.965,274.5518634528,1,excellent,NA
AIMS,2021-12-21T11:30:00Z,PRM07,STIC,20210924-20220314,HS,21035985,49600.3,9.965,274.5518634528,1,excellent,NA
AIMS,2021-12-21T12:00:00Z,PRM07,STIC,20210924-20220314,HS,21035985,49600.3,9.965,274.5518634528,1,excellent,NA
AIMS,2021-12-21T12:30:00Z,PRM07,STIC,20210924-20220314,HS,21035985,49600.3,9.965,274.5518634528,1,excellent,NA
AIMS,2021-12-21T13:00:00Z,PRM07,STIC,20210924-20220314,HS,21035985,49600.3,9.965,274.5518634528,1,excellent,NA
AIMS,2021-12-21T13:30:00Z,PRM07,STIC,20210924-20220314,HS,21035985,49600.3,9.965,274.5518634528,1,excellent,NA
AIMS,2021-12-21T14:00:00Z,PRM07,STIC,20210924-20220314,HS,21035985,49600.3,9.866,274.5518634528,1,excellent,NA
AIMS,2021-12-21T14:30:00Z,PRM07,STIC,20210924-20220314,HS,21035985,49600.3,9.965,274.5518634528,1,excellent,NA
AIMS,2021-12-21T15:00:00Z,PRM07,STIC,20210924-20220314,HS,21035985,49600.3,9.965,274.5518634528,1,excellent,NA
AIMS,2021-12-21T15:30:00Z,PRM07,STIC,20210924-20220314,HS,21035985,49600.3,9.965,274.5518634528,1,excellent,NA
AIMS,2021-12-21T16:00:00Z,PRM07,STIC,20210924-20220314,HS,21035985,49600.3,10.063,274.5518634528,1,excellent,NA
AIMS,2021-12-21T16:30:00Z,PRM07,STIC,20210924-20220314,HS,21035985,49600.3,10.063,274.5518634528,1,excellent,NA
AIMS,2021-12-21T17:00:00Z,PRM07,STIC,20210924-20220314,HS,21035985,49600.3,10.161,274.5518634528,1,excellent,NA
AIMS,2021-12-21T17:30:00Z,PRM07,STIC,20210924-20220314,HS,21035985,49600.3,10.259,274.5518634528,1,excellent,NA
AIMS,2021-12-21T18:00:00Z,PRM07,STIC,20210924-20220314,HS,21035985,49600.3,10.259,274.5518634528,1,excellent,NA
AIMS,2021-12-21T18:30:00Z,PRM07,STIC,20210924-20220314,HS,21035985,49600.3,10.357,274.5518634528,1,excellent,NA
AIMS,2021-12-21T19:00:00Z,PRM07,STIC,20210924-20220314,HS,21035985,49600.3,10.357,274.5518634528,1,excellent,NA
AIMS,2021-12-21T19:30:00Z,PRM07,STIC,20210924-20220314,HS,21035985,49600.3,10.357,274.5518634528,1,excellent,NA
AIMS,2021-12-21T20:00:00Z,PRM07,STIC,20210924-20220314,HS,21035985,49600.3,10.455,274.5518634528,1,excellent,NA
AIMS,2021-12-21T20:30:00Z,PRM07,STIC,20210924-20220314,HS,21035985,49600.3,10.553,274.5518634528,1,excellent,NA
AIMS,2021-12-21T21:00:00Z,PRM07,STIC,20210924-20220314,HS,21035985,49600.3,10.553,274.5518634528,1,excellent,NA
AIMS,2021-12-21T21:30:00Z,PRM07,STIC,20210924-20220314,HS,21035985,49600.3,10.651,274.5518634528,1,excellent,NA
AIMS,2021-12-21T22:00:00Z,PRM07,STIC,20210924-20220314,HS,21035985,49600.3,10.651,274.5518634528,1,excellent,NA
AIMS,2021-12-21T22:30:00Z,PRM07,STIC,20210924-20220314,HS,21035985,49600.3,10.651,274.5518634528,1,excellent,NA
AIMS,2021-12-21T23:00:00Z,PRM07,STIC,20210924-20220314,HS,21035985,49600.3,10.651,274.5518634528,1,excellent,NA
AIMS,2021-12-21T23:30:00Z,PRM07,STIC,20210924-20220314,HS,21035985,49600.3,10.553,274.5518634528,1,excellent,NA
AIMS,2021-12-22T00:00:00Z,PRM07,STIC,20210924-20220314,HS,21035985,49600.3,10.553,274.5518634528,1,excellent,NA
AIMS,2021-12-22T00:30:00Z,PRM07,STIC,20210924-20220314,HS,21035985,49600.3,10.553,274.5518634528,1,excellent,NA
AIMS,2021-12-22T01:00:00Z,PRM07,STIC,20210924-20220314,HS,21035985,49600.3,10.553,274.5518634528,1,excellent,NA
AIMS,2021-12-22T01:30:00Z,PRM07,STIC,20210924-20220314,HS,21035985,49600.3,10.553,274.5518634528,1,excellent,NA
AIMS,2021-12-22T02:00:00Z,PRM07,STIC,20210924-20220314,HS,21035985,49600.3,10.455,274.5518634528,1,excellent,NA
AIMS,2021-12-22T02:30:00Z,PRM07,STIC,20210924-20220314,HS,21035985,49600.3,10.455,274.5518634528,1,excellent,NA
AIMS,2021-12-22T03:00:00Z,PRM07,STIC,20210924-20220314,HS,21035985,49600.3,10.357,274.5518634528,1,excellent,NA
AIMS,2021-12-22T03:30:00Z,PRM07,STIC,20210924-20220314,HS,21035985,49600.3,10.357,274.5518634528,1,excellent,NA
AIMS,2021-12-22T04:00:00Z,PRM07,STIC,20210924-20220314,HS,21035985,49600.3,10.259,274.5518634528,1,excellent,NA
AIMS,2021-12-22T04:30:00Z,PRM07,STIC,20210924-20220314,HS,21035985,49600.3,10.161,274.5518634528,1,excellent,NA
AIMS,2021-12-22T05:00:00Z,PRM07,STIC,20210924-20220314,HS,21035985,49600.3,10.063,274.5518634528,1,excellent,NA
AIMS,2021-12-22T05:30:00Z,PRM07,STIC,20210924-20220314,HS,21035985,49600.3,9.965,274.5518634528,1,excellent,NA
AIMS,2021-12-22T06:00:00Z,PRM07,STIC,20210924-20220314,HS,21035985,49600.3,9.965,274.5518634528,1,excellent,NA
AIMS,2021-12-22T06:30:00Z,PRM07,STIC,20210924-20220314,HS,21035985,49600.3,9.866,274.5518634528,1,excellent,NA
AIMS,2021-12-22T07:00:00Z,PRM07,STIC,20210924-20220314,HS,21035985,49600.3,9.768,274.5518634528,1,excellent,NA
AIMS,2021-12-22T07:30:00Z,PRM07,STIC,20210924-20220314,HS,21035985,49600.3,9.669,274.5518634528,1,excellent,NA
AIMS,2021-12-22T08:00:00Z,PRM07,STIC,20210924-20220314,HS,21035985,49600.3,9.571,274.5518634528,1,excellent,NA
AIMS,2021-12-22T08:30:00Z,PRM07,STIC,20210924-20220314,HS,21035985,49600.3,9.571,274.5518634528,1,excellent,NA
AIMS,2021-12-22T09:00:00Z,PRM07,STIC,20210924-20220314,HS,21035985,49600.3,9.472,274.5518634528,1,excellent,NA
AIMS,2021-12-22T09:30:00Z,PRM07,STIC,20210924-20220314,HS,21035985,49600.3,9.472,274.5518634528,1,excellent,NA
AIMS,2021-12-22T10:00:00Z,PRM07,STIC,20210924-20220314,HS,21035985,49600.3,9.373,274.5518634528,1,excellent,NA
AIMS,2021-12-22T10:30:00Z,PRM07,STIC,20210924-20220314,HS,21035985,49600.3,9.275,274.5518634528,1,excellent,NA
AIMS,2021-12-22T11:00:00Z,PRM07,STIC,20210924-20220314,HS,21035985,49600.3,9.275,274.5518634528,1,excellent,NA
AIMS,2021-12-22T11:30:00Z,PRM07,STIC,20210924-20220314,HS,21035985,49600.3,9.176,274.5518634528,1,excellent,NA
AIMS,2021-12-22T12:00:00Z,PRM07,STIC,20210924-20220314,HS,21035985,49600.3,9.176,274.5518634528,1,excellent,NA
AIMS,2021-12-22T12:30:00Z,PRM07,STIC,20210924-20220314,HS,21035985,49600.3,9.077,274.5518634528,1,excellent,NA
AIMS,2021-12-22T13:00:00Z,PRM07,STIC,20210924-20220314,HS,21035985,49600.3,9.077,274.5518634528,1,excellent,NA
AIMS,2021-12-22T13:30:00Z,PRM07,STIC,20210924-20220314,HS,21035985,49600.3,9.077,274.5518634528,1,excellent,NA
AIMS,2021-12-22T14:00:00Z,PRM07,STIC,20210924-20220314,HS,21035985,49600.3,9.077,274.5518634528,1,excellent,NA
AIMS,2021-12-22T14:30:00Z,PRM07,STIC,20210924-20220314,HS,21035985,49600.3,9.077,274.5518634528,1,excellent,NA
AIMS,2021-12-22T15:00:00Z,PRM07,STIC,20210924-20220314,HS,21035985,49600.3,8.978,274.5518634528,1,excellent,NA
AIMS,2021-12-22T15:30:00Z,PRM07,STIC,20210924-20220314,HS,21035985,49600.3,8.978,274.5518634528,1,excellent,NA
AIMS,2021-12-22T16:00:00Z,PRM07,STIC,20210924-20220314,HS,21035985,49600.3,8.879,274.5518634528,1,excellent,NA
AIMS,2021-12-22T16:30:00Z,PRM07,STIC,20210924-20220314,HS,21035985,49600.3,8.879,274.5518634528,1,excellent,NA
AIMS,2021-12-22T17:00:00Z,PRM07,STIC,20210924-20220314,HS,21035985,49600.3,8.879,274.5518634528,1,excellent,NA
AIMS,2021-12-22T17:30:00Z,PRM07,STIC,20210924-20220314,HS,21035985,49600.3,8.779,274.5518634528,1,excellent,NA
AIMS,2021-12-22T18:00:00Z,PRM07,STIC,20210924-20220314,HS,21035985,49600.3,8.779,274.5518634528,1,excellent,NA
AIMS,2021-12-22T18:30:00Z,PRM07,STIC,20210924-20220314,HS,21035985,49600.3,8.779,274.5518634528,1,excellent,NA
AIMS,2021-12-22T19:00:00Z,PRM07,STIC,20210924-20220314,HS,21035985,49600.3,8.779,274.5518634528,1,excellent,NA
AIMS,2021-12-22T19:30:00Z,PRM07,STIC,20210924-20220314,HS,21035985,49600.3,8.879,274.5518634528,1,excellent,NA
AIMS,2021-12-22T20:00:00Z,PRM07,STIC,20210924-20220314,HS,21035985,49600.3,8.879,274.5518634528,1,excellent,NA
AIMS,2021-12-22T20:30:00Z,PRM07,STIC,20210924-20220314,HS,21035985,49600.3,8.879,274.5518634528,1,excellent,NA
AIMS,2021-12-22T21:00:00Z,PRM07,STIC,20210924-20220314,HS,21035985,49600.3,8.978,274.5518634528,1,excellent,NA
AIMS,2021-12-22T21:30:00Z,PRM07,STIC,20210924-20220314,HS,21035985,49600.3,8.879,274.5518634528,1,excellent,NA
AIMS,2021-12-22T22:00:00Z,PRM07,STIC,20210924-20220314,HS,21035985,49600.3,8.879,274.5518634528,1,excellent,NA
AIMS,2021-12-22T22:30:00Z,PRM07,STIC,20210924-20220314,HS,21035985,49600.3,8.879,274.5518634528,1,excellent,NA
AIMS,2021-12-22T23:00:00Z,PRM07,STIC,20210924-20220314,HS,21035985,49600.3,8.978,274.5518634528,1,excellent,NA
AIMS,2021-12-22T23:30:00Z,PRM07,STIC,20210924-20220314,HS,21035985,49600.3,8.978,274.5518634528,1,excellent,NA
AIMS,2021-12-23T00:00:00Z,PRM07,STIC,20210924-20220314,HS,21035985,49600.3,8.978,274.5518634528,1,excellent,NA
AIMS,2021-12-23T00:30:00Z,PRM07,STIC,20210924-20220314,HS,21035985,49600.3,8.879,274.5518634528,1,excellent,NA
AIMS,2021-12-23T01:00:00Z,PRM07,STIC,20210924-20220314,HS,21035985,49600.3,8.779,274.5518634528,1,excellent,NA
AIMS,2021-12-23T01:30:00Z,PRM07,STIC,20210924-20220314,HS,21035985,49600.3,8.68,274.5518634528,1,excellent,NA
AIMS,2021-12-23T02:00:00Z,PRM07,STIC,20210924-20220314,HS,21035985,49600.3,8.68,274.5518634528,1,excellent,NA
AIMS,2021-12-23T02:30:00Z,PRM07,STIC,20210924-20220314,HS,21035985,49600.3,8.581,274.5518634528,1,excellent,NA
AIMS,2021-12-23T03:00:00Z,PRM07,STIC,20210924-20220314,HS,21035985,49600.3,8.481,274.5518634528,1,excellent,NA
AIMS,2021-12-23T03:30:00Z,PRM07,STIC,20210924-20220314,HS,21035985,49600.3,8.382,274.5518634528,1,excellent,NA
AIMS,2021-12-23T04:00:00Z,PRM07,STIC,20210924-20220314,HS,21035985,49600.3,8.382,274.5518634528,1,excellent,NA
AIMS,2021-12-23T04:30:00Z,PRM07,STIC,20210924-20220314,HS,21035985,49600.3,8.282,274.5518634528,1,excellent,NA
AIMS,2021-12-23T05:00:00Z,PRM07,STIC,20210924-20220314,HS,21035985,49600.3,8.182,274.5518634528,1,excellent,NA
AIMS,2021-12-23T05:30:00Z,PRM07,STIC,20210924-20220314,HS,21035985,49600.3,8.082,274.5518634528,1,excellent,NA
AIMS,2021-12-23T06:00:00Z,PRM07,STIC,20210924-20220314,HS,21035985,49600.3,7.983,274.5518634528,1,excellent,NA
AIMS,2021-12-23T06:30:00Z,PRM07,STIC,20210924-20220314,HS,21035985,49600.3,7.983,274.5518634528,1,excellent,NA
AIMS,2021-12-23T07:00:00Z,PRM07,STIC,20210924-20220314,HS,21035985,49600.3,7.882,274.5518634528,1,excellent,NA
AIMS,2021-12-23T07:30:00Z,PRM07,STIC,20210924-20220314,HS,21035985,49600.3,7.782,274.5518634528,1,excellent,NA
AIMS,2021-12-23T08:00:00Z,PRM07,STIC,20210924-20220314,HS,21035985,49600.3,7.682,274.5518634528,1,excellent,NA
AIMS,2021-12-23T08:30:00Z,PRM07,STIC,20210924-20220314,HS,21035985,49600.3,7.682,274.5518634528,1,excellent,NA
AIMS,2021-12-23T09:00:00Z,PRM07,STIC,20210924-20220314,HS,21035985,46844.8,7.582,260.5628071848,1,excellent,NA
AIMS,2021-12-23T09:30:00Z,PRM07,STIC,20210924-20220314,HS,21035985,46844.8,7.481,260.5628071848,1,excellent,NA
AIMS,2021-12-23T10:00:00Z,PRM07,STIC,20210924-20220314,HS,21035985,46844.8,7.481,260.5628071848,1,excellent,NA
AIMS,2021-12-23T10:30:00Z,PRM07,STIC,20210924-20220314,HS,21035985,46844.8,7.381,260.5628071848,1,excellent,NA
AIMS,2021-12-23T11:00:00Z,PRM07,STIC,20210924-20220314,HS,21035985,46844.8,7.28,260.5628071848,1,excellent,NA
AIMS,2021-12-23T11:30:00Z,PRM07,STIC,20210924-20220314,HS,21035985,46844.8,7.28,260.5628071848,1,excellent,NA
AIMS,2021-12-23T12:00:00Z,PRM07,STIC,20210924-20220314,HS,21035985,46844.8,7.179,260.5628071848,1,excellent,NA
AIMS,2021-12-23T12:30:00Z,PRM07,STIC,20210924-20220314,HS,21035985,46844.8,7.179,260.5628071848,1,excellent,NA
AIMS,2021-12-23T13:00:00Z,PRM07,STIC,20210924-20220314,HS,21035985,46844.8,7.079,260.5628071848,1,excellent,NA
AIMS,2021-12-23T13:30:00Z,PRM07,STIC,20210924-20220314,HS,21035985,46844.8,7.079,260.5628071848,1,excellent,NA
AIMS,2021-12-23T14:00:00Z,PRM07,STIC,20210924-20220314,HS,21035985,46844.8,6.978,260.5628071848,1,excellent,NA
AIMS,2021-12-23T14:30:00Z,PRM07,STIC,20210924-20220314,HS,21035985,46844.8,6.877,260.5628071848,1,excellent,NA
AIMS,2021-12-23T15:00:00Z,PRM07,STIC,20210924-20220314,HS,21035985,46844.8,6.877,260.5628071848,1,excellent,NA
AIMS,2021-12-23T15:30:00Z,PRM07,STIC,20210924-20220314,HS,21035985,46844.8,6.877,260.5628071848,1,excellent,NA
AIMS,2021-12-23T16:00:00Z,PRM07,STIC,20210924-20220314,HS,21035985,46844.8,6.978,260.5628071848,1,excellent,NA
AIMS,2021-12-23T16:30:00Z,PRM07,STIC,20210924-20220314,HS,21035985,46844.8,6.978,260.5628071848,1,excellent,NA
AIMS,2021-12-23T17:00:00Z,PRM07,STIC,20210924-20220314,HS,21035985,46844.8,7.079,260.5628071848,1,excellent,NA
AIMS,2021-12-23T17:30:00Z,PRM07,STIC,20210924-20220314,HS,21035985,46844.8,7.28,260.5628071848,1,excellent,NA
AIMS,2021-12-23T18:00:00Z,PRM07,STIC,20210924-20220314,HS,21035985,46844.8,7.381,260.5628071848,1,excellent,NA
AIMS,2021-12-23T18:30:00Z,PRM07,STIC,20210924-20220314,HS,21035985,46844.8,7.582,260.5628071848,1,excellent,NA
AIMS,2021-12-23T19:00:00Z,PRM07,STIC,20210924-20220314,HS,21035985,46844.8,7.682,260.5628071848,1,excellent,NA
AIMS,2021-12-23T19:30:00Z,PRM07,STIC,20210924-20220314,HS,21035985,46844.8,7.782,260.5628071848,1,excellent,NA
AIMS,2021-12-23T20:00:00Z,PRM07,STIC,20210924-20220314,HS,21035985,46844.8,7.983,260.5628071848,1,excellent,NA
AIMS,2021-12-23T20:30:00Z,PRM07,STIC,20210924-20220314,HS,21035985,49600.3,8.082,274.5518634528,1,excellent,NA
AIMS,2021-12-23T21:00:00Z,PRM07,STIC,20210924-20220314,HS,21035985,49600.3,8.282,274.5518634528,1,excellent,NA
AIMS,2021-12-23T21:30:00Z,PRM07,STIC,20210924-20220314,HS,21035985,49600.3,8.382,274.5518634528,1,excellent,NA
AIMS,2021-12-23T22:00:00Z,PRM07,STIC,20210924-20220314,HS,21035985,49600.3,8.581,274.5518634528,1,excellent,NA
AIMS,2021-12-23T22:30:00Z,PRM07,STIC,20210924-20220314,HS,21035985,49600.3,8.581,274.5518634528,1,excellent,NA
AIMS,2021-12-23T23:00:00Z,PRM07,STIC,20210924-20220314,HS,21035985,49600.3,8.68,274.5518634528,1,excellent,NA
AIMS,2021-12-23T23:30:00Z,PRM07,STIC,20210924-20220314,HS,21035985,49600.3,8.581,274.5518634528,1,excellent,NA
AIMS,2021-12-24T00:00:00Z,PRM07,STIC,20210924-20220314,HS,21035985,49600.3,8.581,274.5518634528,1,excellent,NA
AIMS,2021-12-24T00:30:00Z,PRM07,STIC,20210924-20220314,HS,21035985,49600.3,8.481,274.5518634528,1,excellent,NA
AIMS,2021-12-24T01:00:00Z,PRM07,STIC,20210924-20220314,HS,21035985,49600.3,8.481,274.5518634528,1,excellent,NA
AIMS,2021-12-24T01:30:00Z,PRM07,STIC,20210924-20220314,HS,21035985,49600.3,8.481,274.5518634528,1,excellent,NA
AIMS,2021-12-24T02:00:00Z,PRM07,STIC,20210924-20220314,HS,21035985,49600.3,8.382,274.5518634528,1,excellent,NA
AIMS,2021-12-24T02:30:00Z,PRM07,STIC,20210924-20220314,HS,21035985,49600.3,8.282,274.5518634528,1,excellent,NA
AIMS,2021-12-24T03:00:00Z,PRM07,STIC,20210924-20220314,HS,21035985,49600.3,8.282,274.5518634528,1,excellent,NA
AIMS,2021-12-24T03:30:00Z,PRM07,STIC,20210924-20220314,HS,21035985,49600.3,8.182,274.5518634528,1,excellent,NA
AIMS,2021-12-24T04:00:00Z,PRM07,STIC,20210924-20220314,HS,21035985,49600.3,8.182,274.5518634528,1,excellent,NA
AIMS,2021-12-24T04:30:00Z,PRM07,STIC,20210924-20220314,HS,21035985,49600.3,8.082,274.5518634528,1,excellent,NA
AIMS,2021-12-24T05:00:00Z,PRM07,STIC,20210924-20220314,HS,21035985,49600.3,8.082,274.5518634528,1,excellent,NA
AIMS,2021-12-24T05:30:00Z,PRM07,STIC,20210924-20220314,HS,21035985,49600.3,7.983,274.5518634528,1,excellent,NA
AIMS,2021-12-24T06:00:00Z,PRM07,STIC,20210924-20220314,HS,21035985,49600.3,7.983,274.5518634528,1,excellent,NA
AIMS,2021-12-24T06:30:00Z,PRM07,STIC,20210924-20220314,HS,21035985,49600.3,7.983,274.5518634528,1,excellent,NA
AIMS,2021-12-24T07:00:00Z,PRM07,STIC,20210924-20220314,HS,21035985,49600.3,7.882,274.5518634528,1,excellent,NA
AIMS,2021-12-24T07:30:00Z,PRM07,STIC,20210924-20220314,HS,21035985,49600.3,7.882,274.5518634528,1,excellent,NA
AIMS,2021-12-24T08:00:00Z,PRM07,STIC,20210924-20220314,HS,21035985,49600.3,7.882,274.5518634528,1,excellent,NA
AIMS,2021-12-24T08:30:00Z,PRM07,STIC,20210924-20220314,HS,21035985,49600.3,7.882,274.5518634528,1,excellent,NA
AIMS,2021-12-24T09:00:00Z,PRM07,STIC,20210924-20220314,HS,21035985,49600.3,7.882,274.5518634528,1,excellent,NA
AIMS,2021-12-24T09:30:00Z,PRM07,STIC,20210924-20220314,HS,21035985,49600.3,7.882,274.5518634528,1,excellent,NA
AIMS,2021-12-24T10:00:00Z,PRM07,STIC,20210924-20220314,HS,21035985,49600.3,7.882,274.5518634528,1,excellent,NA
AIMS,2021-12-24T10:30:00Z,PRM07,STIC,20210924-20220314,HS,21035985,49600.3,7.882,274.5518634528,1,excellent,NA
AIMS,2021-12-24T11:00:00Z,PRM07,STIC,20210924-20220314,HS,21035985,49600.3,7.882,274.5518634528,1,excellent,NA
AIMS,2021-12-24T11:30:00Z,PRM07,STIC,20210924-20220314,HS,21035985,49600.3,7.782,274.5518634528,1,excellent,NA
AIMS,2021-12-24T12:00:00Z,PRM07,STIC,20210924-20220314,HS,21035985,46844.8,7.782,260.5628071848,1,excellent,NA
AIMS,2021-12-24T12:30:00Z,PRM07,STIC,20210924-20220314,HS,21035985,46844.8,7.882,260.5628071848,1,excellent,NA
AIMS,2021-12-24T13:00:00Z,PRM07,STIC,20210924-20220314,HS,21035985,49600.3,7.983,274.5518634528,1,excellent,NA
AIMS,2021-12-24T13:30:00Z,PRM07,STIC,20210924-20220314,HS,21035985,49600.3,7.983,274.5518634528,1,excellent,NA
AIMS,2021-12-24T14:00:00Z,PRM07,STIC,20210924-20220314,HS,21035985,49600.3,8.082,274.5518634528,1,excellent,NA
AIMS,2021-12-24T14:30:00Z,PRM07,STIC,20210924-20220314,HS,21035985,49600.3,8.182,274.5518634528,1,excellent,NA
AIMS,2021-12-24T15:00:00Z,PRM07,STIC,20210924-20220314,HS,21035985,3616.7,8.182,41.1034265792,1,excellent,NA
AIMS,2021-12-24T15:30:00Z,PRM07,STIC,20210924-20220314,HS,21035985,3444.5,8.282,40.229205752,1,excellent,NA
AIMS,2021-12-24T16:00:00Z,PRM07,STIC,20210924-20220314,HS,21035985,3788.9,8.481,41.977647406399996,1,excellent,NA
AIMS,2021-12-24T16:30:00Z,PRM07,STIC,20210924-20220314,HS,21035985,4305.6,8.779,44.600817565599996,1,excellent,NA
AIMS,2021-12-24T17:00:00Z,PRM07,STIC,20210924-20220314,HS,21035985,22044.6,8.978,134.6577470296,1,excellent,NA
AIMS,2021-12-24T17:30:00Z,PRM07,STIC,20210924-20220314,HS,21035985,21355.7,9.275,131.1603560432,1,excellent,NA
AIMS,2021-12-24T18:00:00Z,PRM07,STIC,20210924-20220314,HS,21035985,13777.9,9.571,92.6895628704,1,excellent,NA
AIMS,2021-12-24T18:30:00Z,PRM07,STIC,20210924-20220314,HS,21035985,18600.1,9.866,117.17079209759999,1,excellent,NA
AIMS,2021-12-24T19:00:00Z,PRM07,STIC,20210924-20220314,HS,21035985,18600.1,10.161,117.17079209759999,1,excellent,NA
AIMS,2021-12-24T19:30:00Z,PRM07,STIC,20210924-20220314,HS,21035985,17911.2,10.357,113.6734011112,1,excellent,NA
AIMS,2021-12-24T20:00:00Z,PRM07,STIC,20210924-20220314,HS,21035985,18600.1,10.553,117.17079209759999,1,excellent,NA
AIMS,2021-12-24T20:30:00Z,PRM07,STIC,20210924-20220314,HS,21035985,15844.5,10.748,103.18122815199999,1,excellent,NA
AIMS,2021-12-24T21:00:00Z,PRM07,STIC,20210924-20220314,HS,21035985,16533.4,10.944,106.6786191384,1,excellent,NA
AIMS,2021-12-24T21:30:00Z,PRM07,STIC,20210924-20220314,HS,21035985,17222.3,11.041,110.17601012479999,1,excellent,NA
AIMS,2021-12-24T22:00:00Z,PRM07,STIC,20210924-20220314,HS,21035985,16533.4,11.236,106.6786191384,1,excellent,NA
AIMS,2021-12-24T22:30:00Z,PRM07,STIC,20210924-20220314,HS,21035985,17222.3,11.334,110.17601012479999,1,excellent,NA
AIMS,2021-12-24T23:00:00Z,PRM07,STIC,20210924-20220314,HS,21035985,15844.5,11.334,103.18122815199999,1,excellent,NA
AIMS,2021-12-24T23:30:00Z,PRM07,STIC,20210924-20220314,HS,21035985,15155.7,11.236,99.6843448432,1,excellent,NA
AIMS,2021-12-25T00:00:00Z,PRM07,STIC,20210924-20220314,HS,21035985,15155.7,11.139,99.6843448432,1,excellent,NA
AIMS,2021-12-25T00:30:00Z,PRM07,STIC,20210924-20220314,HS,21035985,16533.4,11.139,106.6786191384,1,excellent,NA
AIMS,2021-12-25T01:00:00Z,PRM07,STIC,20210924-20220314,HS,21035985,15844.5,11.041,103.18122815199999,1,excellent,NA
AIMS,2021-12-25T01:30:00Z,PRM07,STIC,20210924-20220314,HS,21035985,16533.4,11.041,106.6786191384,1,excellent,NA
AIMS,2021-12-25T02:00:00Z,PRM07,STIC,20210924-20220314,HS,21035985,16533.4,11.041,106.6786191384,1,excellent,NA
AIMS,2021-12-25T02:30:00Z,PRM07,STIC,20210924-20220314,HS,21035985,16533.4,11.041,106.6786191384,1,excellent,NA
AIMS,2021-12-25T03:00:00Z,PRM07,STIC,20210924-20220314,HS,21035985,15844.5,11.041,103.18122815199999,1,excellent,NA
AIMS,2021-12-25T03:30:00Z,PRM07,STIC,20210924-20220314,HS,21035985,16533.4,11.139,106.6786191384,1,excellent,NA
AIMS,2021-12-25T04:00:00Z,PRM07,STIC,20210924-20220314,HS,21035985,16533.4,11.236,106.6786191384,1,excellent,NA
AIMS,2021-12-25T04:30:00Z,PRM07,STIC,20210924-20220314,HS,21035985,16533.4,11.236,106.6786191384,1,excellent,NA
AIMS,2021-12-25T05:00:00Z,PRM07,STIC,20210924-20220314,HS,21035985,16533.4,11.334,106.6786191384,1,excellent,NA
AIMS,2021-12-25T05:30:00Z,PRM07,STIC,20210924-20220314,HS,21035985,15844.5,11.431,103.18122815199999,1,excellent,NA
AIMS,2021-12-25T06:00:00Z,PRM07,STIC,20210924-20220314,HS,21035985,19977.9,11.431,124.1655740704,1,excellent,NA
AIMS,2021-12-25T06:30:00Z,PRM07,STIC,20210924-20220314,HS,21035985,3961.1,11.528,42.8518682336,1,excellent,NA
AIMS,2021-12-25T07:00:00Z,PRM07,STIC,20210924-20220314,HS,21035985,3100,11.528,38.480256419999996,1,excellent,NA
AIMS,2021-12-25T07:30:00Z,PRM07,STIC,20210924-20220314,HS,21035985,3272.2,11.625,39.354477247199995,1,excellent,NA
AIMS,2021-12-25T08:00:00Z,PRM07,STIC,20210924-20220314,HS,21035985,2927.8,11.625,37.6060355928,1,excellent,NA
AIMS,2021-12-25T08:30:00Z,PRM07,STIC,20210924-20220314,HS,21035985,2927.8,11.722,37.6060355928,1,excellent,NA
AIMS,2021-12-25T09:00:00Z,PRM07,STIC,20210924-20220314,HS,21035985,2927.8,11.722,37.6060355928,1,excellent,NA
AIMS,2021-12-25T09:30:00Z,PRM07,STIC,20210924-20220314,HS,21035985,3100,11.819,38.480256419999996,1,excellent,NA
AIMS,2021-12-25T10:00:00Z,PRM07,STIC,20210924-20220314,HS,21035985,2755.6,11.819,36.7318147656,1,excellent,NA
AIMS,2021-12-25T10:30:00Z,PRM07,STIC,20210924-20220314,HS,21035985,3961.1,11.916,42.8518682336,1,excellent,NA
AIMS,2021-12-25T11:00:00Z,PRM07,STIC,20210924-20220314,HS,21035985,4305.6,11.819,44.600817565599996,1,excellent,NA
AIMS,2021-12-25T11:30:00Z,PRM07,STIC,20210924-20220314,HS,21035985,19289,11.819,120.66818308399999,1,excellent,NA
AIMS,2021-12-25T12:00:00Z,PRM07,STIC,20210924-20220314,HS,21035985,18600.1,11.916,117.17079209759999,1,excellent,NA
AIMS,2021-12-25T12:30:00Z,PRM07,STIC,20210924-20220314,HS,21035985,4133.4,11.916,43.7265967384,1,excellent,NA
AIMS,2021-12-25T13:00:00Z,PRM07,STIC,20210924-20220314,HS,21035985,3100,11.916,38.480256419999996,1,excellent,NA
AIMS,2021-12-25T13:30:00Z,PRM07,STIC,20210924-20220314,HS,21035985,19289,12.013,120.66818308399999,1,excellent,NA
AIMS,2021-12-25T14:00:00Z,PRM07,STIC,20210924-20220314,HS,21035985,18600.1,12.013,117.17079209759999,1,excellent,NA
AIMS,2021-12-25T14:30:00Z,PRM07,STIC,20210924-20220314,HS,21035985,19289,12.013,120.66818308399999,1,excellent,NA
AIMS,2021-12-25T15:00:00Z,PRM07,STIC,20210924-20220314,HS,21035985,19289,12.013,120.66818308399999,1,excellent,NA
AIMS,2021-12-25T15:30:00Z,PRM07,STIC,20210924-20220314,HS,21035985,19289,12.11,120.66818308399999,1,excellent,NA
AIMS,2021-12-25T16:00:00Z,PRM07,STIC,20210924-20220314,HS,21035985,18600.1,12.207,117.17079209759999,1,excellent,NA
AIMS,2021-12-25T16:30:00Z,PRM07,STIC,20210924-20220314,HS,21035985,4994.5,12.207,48.098208552,1,excellent,NA
AIMS,2021-12-25T17:00:00Z,PRM07,STIC,20210924-20220314,HS,21035985,13089,12.401,89.19217188399999,1,excellent,NA
AIMS,2021-12-25T17:30:00Z,PRM07,STIC,20210924-20220314,HS,21035985,16533.4,12.401,106.6786191384,1,excellent,NA
AIMS,2021-12-25T18:00:00Z,PRM07,STIC,20210924-20220314,HS,21035985,17911.2,12.497,113.6734011112,1,excellent,NA
AIMS,2021-12-25T18:30:00Z,PRM07,STIC,20210924-20220314,HS,21035985,17222.3,12.497,110.17601012479999,1,excellent,NA
AIMS,2021-12-25T19:00:00Z,PRM07,STIC,20210924-20220314,HS,21035985,16533.4,12.497,106.6786191384,1,excellent,NA
AIMS,2021-12-25T19:30:00Z,PRM07,STIC,20210924-20220314,HS,21035985,16533.4,12.497,106.6786191384,1,excellent,NA
AIMS,2021-12-25T20:00:00Z,PRM07,STIC,20210924-20220314,HS,21035985,16533.4,12.594,106.6786191384,1,excellent,NA
AIMS,2021-12-25T20:30:00Z,PRM07,STIC,20210924-20220314,HS,21035985,16533.4,12.69,106.6786191384,1,excellent,NA
AIMS,2021-12-25T21:00:00Z,PRM07,STIC,20210924-20220314,HS,21035985,15844.5,12.594,103.18122815199999,1,excellent,NA
AIMS,2021-12-25T21:30:00Z,PRM07,STIC,20210924-20220314,HS,21035985,16533.4,12.69,106.6786191384,1,excellent,NA
AIMS,2021-12-25T22:00:00Z,PRM07,STIC,20210924-20220314,HS,21035985,15844.5,12.69,103.18122815199999,1,excellent,NA
AIMS,2021-12-25T22:30:00Z,PRM07,STIC,20210924-20220314,HS,21035985,16533.4,12.69,106.6786191384,1,excellent,NA
AIMS,2021-12-25T23:00:00Z,PRM07,STIC,20210924-20220314,HS,21035985,15155.7,12.787,99.6843448432,1,excellent,NA
AIMS,2021-12-25T23:30:00Z,PRM07,STIC,20210924-20220314,HS,21035985,15844.5,12.787,103.18122815199999,1,excellent,NA
AIMS,2021-12-26T00:00:00Z,PRM07,STIC,20210924-20220314,HS,21035985,15844.5,12.787,103.18122815199999,1,excellent,NA
AIMS,2021-12-26T00:30:00Z,PRM07,STIC,20210924-20220314,HS,21035985,17222.3,12.69,110.17601012479999,1,excellent,NA
AIMS,2021-12-26T01:00:00Z,PRM07,STIC,20210924-20220314,HS,21035985,17222.3,12.69,110.17601012479999,1,excellent,NA
AIMS,2021-12-26T01:30:00Z,PRM07,STIC,20210924-20220314,HS,21035985,16533.4,12.69,106.6786191384,1,excellent,NA
AIMS,2021-12-26T02:00:00Z,PRM07,STIC,20210924-20220314,HS,21035985,17222.3,12.594,110.17601012479999,1,excellent,NA
AIMS,2021-12-26T02:30:00Z,PRM07,STIC,20210924-20220314,HS,21035985,16533.4,12.594,106.6786191384,1,excellent,NA
AIMS,2021-12-26T03:00:00Z,PRM07,STIC,20210924-20220314,HS,21035985,17222.3,12.594,110.17601012479999,1,excellent,NA
AIMS,2021-12-26T03:30:00Z,PRM07,STIC,20210924-20220314,HS,21035985,17222.3,12.594,110.17601012479999,1,excellent,NA
AIMS,2021-12-26T04:00:00Z,PRM07,STIC,20210924-20220314,HS,21035985,17911.2,12.594,113.6734011112,1,excellent,NA
AIMS,2021-12-26T04:30:00Z,PRM07,STIC,20210924-20220314,HS,21035985,17911.2,12.594,113.6734011112,1,excellent,NA
AIMS,2021-12-26T05:00:00Z,PRM07,STIC,20210924-20220314,HS,21035985,17911.2,12.594,113.6734011112,1,excellent,NA
AIMS,2021-12-26T05:30:00Z,PRM07,STIC,20210924-20220314,HS,21035985,17911.2,12.594,113.6734011112,1,excellent,NA
AIMS,2021-12-26T06:00:00Z,PRM07,STIC,20210924-20220314,HS,21035985,17911.2,12.594,113.6734011112,1,excellent,NA
AIMS,2021-12-26T06:30:00Z,PRM07,STIC,20210924-20220314,HS,21035985,18600.1,12.497,117.17079209759999,1,excellent,NA
AIMS,2021-12-26T07:00:00Z,PRM07,STIC,20210924-20220314,HS,21035985,18600.1,12.497,117.17079209759999,1,excellent,NA
AIMS,2021-12-26T07:30:00Z,PRM07,STIC,20210924-20220314,HS,21035985,18600.1,12.497,117.17079209759999,1,excellent,NA
AIMS,2021-12-26T08:00:00Z,PRM07,STIC,20210924-20220314,HS,21035985,18600.1,12.401,117.17079209759999,1,excellent,NA
AIMS,2021-12-26T08:30:00Z,PRM07,STIC,20210924-20220314,HS,21035985,18600.1,12.401,117.17079209759999,1,excellent,NA
AIMS,2021-12-26T09:00:00Z,PRM07,STIC,20210924-20220314,HS,21035985,18600.1,12.401,117.17079209759999,1,excellent,NA
AIMS,2021-12-26T09:30:00Z,PRM07,STIC,20210924-20220314,HS,21035985,18600.1,12.401,117.17079209759999,1,excellent,NA
AIMS,2021-12-26T10:00:00Z,PRM07,STIC,20210924-20220314,HS,21035985,18600.1,12.304,117.17079209759999,1,excellent,NA
AIMS,2021-12-26T10:30:00Z,PRM07,STIC,20210924-20220314,HS,21035985,18600.1,12.401,117.17079209759999,1,excellent,NA
AIMS,2021-12-26T11:00:00Z,PRM07,STIC,20210924-20220314,HS,21035985,18600.1,12.401,117.17079209759999,1,excellent,NA
AIMS,2021-12-26T11:30:00Z,PRM07,STIC,20210924-20220314,HS,21035985,19289,12.401,120.66818308399999,1,excellent,NA
AIMS,2021-12-26T12:00:00Z,PRM07,STIC,20210924-20220314,HS,21035985,18600.1,12.401,117.17079209759999,1,excellent,NA
AIMS,2021-12-26T12:30:00Z,PRM07,STIC,20210924-20220314,HS,21035985,15844.5,12.401,103.18122815199999,1,excellent,NA
AIMS,2021-12-26T13:00:00Z,PRM07,STIC,20210924-20220314,HS,21035985,19289,12.401,120.66818308399999,1,excellent,NA
AIMS,2021-12-26T13:30:00Z,PRM07,STIC,20210924-20220314,HS,21035985,19289,12.497,120.66818308399999,1,excellent,NA
AIMS,2021-12-26T14:00:00Z,PRM07,STIC,20210924-20220314,HS,21035985,19289,12.497,120.66818308399999,1,excellent,NA
AIMS,2021-12-26T14:30:00Z,PRM07,STIC,20210924-20220314,HS,21035985,19289,12.497,120.66818308399999,1,excellent,NA
AIMS,2021-12-26T15:00:00Z,PRM07,STIC,20210924-20220314,HS,21035985,19977.9,12.497,124.1655740704,1,excellent,NA
AIMS,2021-12-26T15:30:00Z,PRM07,STIC,20210924-20220314,HS,21035985,19289,12.594,120.66818308399999,1,excellent,NA
AIMS,2021-12-26T16:00:00Z,PRM07,STIC,20210924-20220314,HS,21035985,19977.9,12.594,124.1655740704,1,excellent,NA
AIMS,2021-12-26T16:30:00Z,PRM07,STIC,20210924-20220314,HS,21035985,18600.1,12.69,117.17079209759999,1,excellent,NA
AIMS,2021-12-26T17:00:00Z,PRM07,STIC,20210924-20220314,HS,21035985,18600.1,12.69,117.17079209759999,1,excellent,NA
AIMS,2021-12-26T17:30:00Z,PRM07,STIC,20210924-20220314,HS,21035985,18600.1,12.787,117.17079209759999,1,excellent,NA
AIMS,2021-12-26T18:00:00Z,PRM07,STIC,20210924-20220314,HS,21035985,17911.2,13.076,113.6734011112,1,excellent,NA
AIMS,2021-12-26T18:30:00Z,PRM07,STIC,20210924-20220314,HS,21035985,17222.3,13.365,110.17601012479999,1,excellent,NA
AIMS,2021-12-26T19:00:00Z,PRM07,STIC,20210924-20220314,HS,21035985,17222.3,13.461,110.17601012479999,1,excellent,NA
AIMS,2021-12-26T19:30:00Z,PRM07,STIC,20210924-20220314,HS,21035985,16533.4,13.558,106.6786191384,1,excellent,NA
AIMS,2021-12-26T20:00:00Z,PRM07,STIC,20210924-20220314,HS,21035985,16533.4,13.654,106.6786191384,1,excellent,NA
AIMS,2021-12-26T20:30:00Z,PRM07,STIC,20210924-20220314,HS,21035985,15844.5,13.75,103.18122815199999,1,excellent,NA
AIMS,2021-12-26T21:00:00Z,PRM07,STIC,20210924-20220314,HS,21035985,15844.5,13.846,103.18122815199999,1,excellent,NA
AIMS,2021-12-26T21:30:00Z,PRM07,STIC,20210924-20220314,HS,21035985,15844.5,13.75,103.18122815199999,1,excellent,NA
AIMS,2021-12-26T22:00:00Z,PRM07,STIC,20210924-20220314,HS,21035985,15155.7,13.75,99.6843448432,1,excellent,NA
AIMS,2021-12-26T22:30:00Z,PRM07,STIC,20210924-20220314,HS,21035985,15155.7,13.846,99.6843448432,1,excellent,NA
AIMS,2021-12-26T23:00:00Z,PRM07,STIC,20210924-20220314,HS,21035985,15155.7,13.846,99.6843448432,1,excellent,NA
AIMS,2021-12-26T23:30:00Z,PRM07,STIC,20210924-20220314,HS,21035985,15844.5,13.654,103.18122815199999,1,excellent,NA
AIMS,2021-12-27T00:00:00Z,PRM07,STIC,20210924-20220314,HS,21035985,15844.5,13.558,103.18122815199999,1,excellent,NA
AIMS,2021-12-27T00:30:00Z,PRM07,STIC,20210924-20220314,HS,21035985,16533.4,13.365,106.6786191384,1,excellent,NA
AIMS,2021-12-27T01:00:00Z,PRM07,STIC,20210924-20220314,HS,21035985,16533.4,13.269,106.6786191384,1,excellent,NA
AIMS,2021-12-27T01:30:00Z,PRM07,STIC,20210924-20220314,HS,21035985,16533.4,13.173,106.6786191384,1,excellent,NA
AIMS,2021-12-27T02:00:00Z,PRM07,STIC,20210924-20220314,HS,21035985,16533.4,13.076,106.6786191384,1,excellent,NA
AIMS,2021-12-27T02:30:00Z,PRM07,STIC,20210924-20220314,HS,21035985,17222.3,12.98,110.17601012479999,1,excellent,NA
AIMS,2021-12-27T03:00:00Z,PRM07,STIC,20210924-20220314,HS,21035985,17222.3,12.883,110.17601012479999,1,excellent,NA
AIMS,2021-12-27T03:30:00Z,PRM07,STIC,20210924-20220314,HS,21035985,17222.3,12.787,110.17601012479999,1,excellent,NA
AIMS,2021-12-27T04:00:00Z,PRM07,STIC,20210924-20220314,HS,21035985,17222.3,12.69,110.17601012479999,1,excellent,NA
AIMS,2021-12-27T04:30:00Z,PRM07,STIC,20210924-20220314,HS,21035985,17911.2,12.594,113.6734011112,1,excellent,NA
AIMS,2021-12-27T05:00:00Z,PRM07,STIC,20210924-20220314,HS,21035985,17911.2,12.594,113.6734011112,1,excellent,NA
AIMS,2021-12-27T05:30:00Z,PRM07,STIC,20210924-20220314,HS,21035985,17911.2,12.497,113.6734011112,1,excellent,NA
AIMS,2021-12-27T06:00:00Z,PRM07,STIC,20210924-20220314,HS,21035985,17911.2,12.401,113.6734011112,1,excellent,NA
AIMS,2021-12-27T06:30:00Z,PRM07,STIC,20210924-20220314,HS,21035985,17911.2,12.401,113.6734011112,1,excellent,NA
AIMS,2021-12-27T07:00:00Z,PRM07,STIC,20210924-20220314,HS,21035985,17911.2,12.401,113.6734011112,1,excellent,NA
AIMS,2021-12-27T07:30:00Z,PRM07,STIC,20210924-20220314,HS,21035985,18600.1,12.304,117.17079209759999,1,excellent,NA
AIMS,2021-12-27T08:00:00Z,PRM07,STIC,20210924-20220314,HS,21035985,17911.2,12.401,113.6734011112,1,excellent,NA
AIMS,2021-12-27T08:30:00Z,PRM07,STIC,20210924-20220314,HS,21035985,17911.2,12.401,113.6734011112,1,excellent,NA
AIMS,2021-12-27T09:00:00Z,PRM07,STIC,20210924-20220314,HS,21035985,17911.2,12.401,113.6734011112,1,excellent,NA
AIMS,2021-12-27T09:30:00Z,PRM07,STIC,20210924-20220314,HS,21035985,17911.2,12.497,113.6734011112,1,excellent,NA
AIMS,2021-12-27T10:00:00Z,PRM07,STIC,20210924-20220314,HS,21035985,17911.2,12.497,113.6734011112,1,excellent,NA
AIMS,2021-12-27T10:30:00Z,PRM07,STIC,20210924-20220314,HS,21035985,17911.2,12.497,113.6734011112,1,excellent,NA
AIMS,2021-12-27T11:00:00Z,PRM07,STIC,20210924-20220314,HS,21035985,17911.2,12.594,113.6734011112,1,excellent,NA
AIMS,2021-12-27T11:30:00Z,PRM07,STIC,20210924-20220314,HS,21035985,17911.2,12.594,113.6734011112,1,excellent,NA
AIMS,2021-12-27T12:00:00Z,PRM07,STIC,20210924-20220314,HS,21035985,17911.2,12.594,113.6734011112,1,excellent,NA
AIMS,2021-12-27T12:30:00Z,PRM07,STIC,20210924-20220314,HS,21035985,17911.2,12.69,113.6734011112,1,excellent,NA
AIMS,2021-12-27T13:00:00Z,PRM07,STIC,20210924-20220314,HS,21035985,17911.2,12.787,113.6734011112,1,excellent,NA
AIMS,2021-12-27T13:30:00Z,PRM07,STIC,20210924-20220314,HS,21035985,17911.2,12.883,113.6734011112,1,excellent,NA
AIMS,2021-12-27T14:00:00Z,PRM07,STIC,20210924-20220314,HS,21035985,17222.3,12.98,110.17601012479999,1,excellent,NA
AIMS,2021-12-27T14:30:00Z,PRM07,STIC,20210924-20220314,HS,21035985,17222.3,13.076,110.17601012479999,1,excellent,NA
AIMS,2021-12-27T15:00:00Z,PRM07,STIC,20210924-20220314,HS,21035985,16533.4,13.173,106.6786191384,1,excellent,NA
AIMS,2021-12-27T15:30:00Z,PRM07,STIC,20210924-20220314,HS,21035985,16533.4,13.173,106.6786191384,1,excellent,NA
AIMS,2021-12-27T16:00:00Z,PRM07,STIC,20210924-20220314,HS,21035985,16533.4,13.269,106.6786191384,1,excellent,NA
AIMS,2021-12-27T16:30:00Z,PRM07,STIC,20210924-20220314,HS,21035985,15844.5,13.461,103.18122815199999,1,excellent,NA
AIMS,2021-12-27T17:00:00Z,PRM07,STIC,20210924-20220314,HS,21035985,15155.7,13.558,99.6843448432,1,excellent,NA
AIMS,2021-12-27T17:30:00Z,PRM07,STIC,20210924-20220314,HS,21035985,14466.8,13.654,96.18695385679999,1,excellent,NA
AIMS,2021-12-27T18:00:00Z,PRM07,STIC,20210924-20220314,HS,21035985,14466.8,13.75,96.18695385679999,1,excellent,NA
AIMS,2021-12-27T18:30:00Z,PRM07,STIC,20210924-20220314,HS,21035985,13089,13.75,89.19217188399999,1,excellent,NA
AIMS,2021-12-27T19:00:00Z,PRM07,STIC,20210924-20220314,HS,21035985,12400.1,13.846,85.6947808976,1,excellent,NA
AIMS,2021-12-27T19:30:00Z,PRM07,STIC,20210924-20220314,HS,21035985,12400.1,13.846,85.6947808976,1,excellent,NA
AIMS,2021-12-27T20:00:00Z,PRM07,STIC,20210924-20220314,HS,21035985,5338.9,13.846,49.8466502064,1,excellent,NA
AIMS,2021-12-27T20:30:00Z,PRM07,STIC,20210924-20220314,HS,21035985,12400.1,13.75,85.6947808976,1,excellent,NA
AIMS,2021-12-27T21:00:00Z,PRM07,STIC,20210924-20220314,HS,21035985,12400.1,13.75,85.6947808976,1,excellent,NA
AIMS,2021-12-27T21:30:00Z,PRM07,STIC,20210924-20220314,HS,21035985,12400.1,13.75,85.6947808976,1,excellent,NA
AIMS,2021-12-27T22:00:00Z,PRM07,STIC,20210924-20220314,HS,21035985,12400.1,13.75,85.6947808976,1,excellent,NA
AIMS,2021-12-27T22:30:00Z,PRM07,STIC,20210924-20220314,HS,21035985,12400.1,13.846,85.6947808976,1,excellent,NA
AIMS,2021-12-27T23:00:00Z,PRM07,STIC,20210924-20220314,HS,21035985,12400.1,13.75,85.6947808976,1,excellent,NA
AIMS,2021-12-27T23:30:00Z,PRM07,STIC,20210924-20220314,HS,21035985,12400.1,13.75,85.6947808976,1,excellent,NA
AIMS,2021-12-28T00:00:00Z,PRM07,STIC,20210924-20220314,HS,21035985,12400.1,13.75,85.6947808976,1,excellent,NA
AIMS,2021-12-28T00:30:00Z,PRM07,STIC,20210924-20220314,HS,21035985,13089,13.75,89.19217188399999,1,excellent,NA
AIMS,2021-12-28T01:00:00Z,PRM07,STIC,20210924-20220314,HS,21035985,13089,13.75,89.19217188399999,1,excellent,NA
AIMS,2021-12-28T01:30:00Z,PRM07,STIC,20210924-20220314,HS,21035985,13089,13.654,89.19217188399999,1,excellent,NA
AIMS,2021-12-28T02:00:00Z,PRM07,STIC,20210924-20220314,HS,21035985,13089,13.654,89.19217188399999,1,excellent,NA
AIMS,2021-12-28T02:30:00Z,PRM07,STIC,20210924-20220314,HS,21035985,13777.9,13.654,92.6895628704,1,excellent,NA
AIMS,2021-12-28T03:00:00Z,PRM07,STIC,20210924-20220314,HS,21035985,13777.9,13.654,92.6895628704,1,excellent,NA
AIMS,2021-12-28T03:30:00Z,PRM07,STIC,20210924-20220314,HS,21035985,13089,13.654,89.19217188399999,1,excellent,NA
AIMS,2021-12-28T04:00:00Z,PRM07,STIC,20210924-20220314,HS,21035985,13777.9,13.654,92.6895628704,1,excellent,NA
AIMS,2021-12-28T04:30:00Z,PRM07,STIC,20210924-20220314,HS,21035985,13777.9,13.558,92.6895628704,1,excellent,NA
AIMS,2021-12-28T05:00:00Z,PRM07,STIC,20210924-20220314,HS,21035985,13777.9,13.558,92.6895628704,1,excellent,NA
AIMS,2021-12-28T05:30:00Z,PRM07,STIC,20210924-20220314,HS,21035985,12400.1,13.558,85.6947808976,1,excellent,NA
AIMS,2021-12-28T06:00:00Z,PRM07,STIC,20210924-20220314,HS,21035985,13777.9,13.558,92.6895628704,1,excellent,NA
AIMS,2021-12-28T06:30:00Z,PRM07,STIC,20210924-20220314,HS,21035985,1356.3,13.558,29.627882108799998,1,excellent,NA
AIMS,2021-12-28T07:00:00Z,PRM07,STIC,20210924-20220314,HS,21035985,1356.3,13.558,29.627882108799998,1,excellent,NA
AIMS,2021-12-28T07:30:00Z,PRM07,STIC,20210924-20220314,HS,21035985,1377.8,13.558,29.737032792799997,1,excellent,NA
AIMS,2021-12-28T08:00:00Z,PRM07,STIC,20210924-20220314,HS,21035985,1367,13.558,29.682203612,1,excellent,NA
AIMS,2021-12-28T08:30:00Z,PRM07,STIC,20210924-20220314,HS,21035985,1377.8,13.461,29.737032792799997,1,excellent,NA
AIMS,2021-12-28T09:00:00Z,PRM07,STIC,20210924-20220314,HS,21035985,1324,13.461,29.463902244,1,excellent,NA
AIMS,2021-12-28T09:30:00Z,PRM07,STIC,20210924-20220314,HS,21035985,1313.2,13.365,29.409073063199997,1,excellent,NA
AIMS,2021-12-28T10:00:00Z,PRM07,STIC,20210924-20220314,HS,21035985,1324,13.269,29.463902244,1,excellent,NA
AIMS,2021-12-28T10:30:00Z,PRM07,STIC,20210924-20220314,HS,21035985,1291.7,13.269,29.299922379199998,1,excellent,NA
AIMS,2021-12-28T11:00:00Z,PRM07,STIC,20210924-20220314,HS,21035985,1291.7,13.269,29.299922379199998,1,excellent,NA
AIMS,2021-12-28T11:30:00Z,PRM07,STIC,20210924-20220314,HS,21035985,1291.7,13.269,29.299922379199998,1,excellent,NA
AIMS,2021-12-28T12:00:00Z,PRM07,STIC,20210924-20220314,HS,21035985,1291.7,13.173,29.299922379199998,1,excellent,NA
AIMS,2021-12-28T12:30:00Z,PRM07,STIC,20210924-20220314,HS,21035985,1280.9,13.173,29.2450931984,1,excellent,NA
AIMS,2021-12-28T13:00:00Z,PRM07,STIC,20210924-20220314,HS,21035985,1280.9,13.173,29.2450931984,1,excellent,NA
AIMS,2021-12-28T13:30:00Z,PRM07,STIC,20210924-20220314,HS,21035985,1280.9,13.269,29.2450931984,1,excellent,NA
AIMS,2021-12-28T14:00:00Z,PRM07,STIC,20210924-20220314,HS,21035985,1280.9,13.269,29.2450931984,1,excellent,NA
AIMS,2021-12-28T14:30:00Z,PRM07,STIC,20210924-20220314,HS,21035985,1280.9,13.365,29.2450931984,1,excellent,NA
AIMS,2021-12-28T15:00:00Z,PRM07,STIC,20210924-20220314,HS,21035985,1280.9,13.365,29.2450931984,1,excellent,NA
AIMS,2021-12-28T15:30:00Z,PRM07,STIC,20210924-20220314,HS,21035985,1280.9,13.461,29.2450931984,1,excellent,NA
AIMS,2021-12-28T16:00:00Z,PRM07,STIC,20210924-20220314,HS,21035985,1280.9,13.558,29.2450931984,1,excellent,NA
AIMS,2021-12-28T16:30:00Z,PRM07,STIC,20210924-20220314,HS,21035985,1291.7,13.654,29.299922379199998,1,excellent,NA
AIMS,2021-12-28T17:00:00Z,PRM07,STIC,20210924-20220314,HS,21035985,1280.9,13.75,29.2450931984,1,excellent,NA
AIMS,2021-12-28T17:30:00Z,PRM07,STIC,20210924-20220314,HS,21035985,1280.9,13.942,29.2450931984,1,excellent,NA
AIMS,2021-12-28T18:00:00Z,PRM07,STIC,20210924-20220314,HS,21035985,1291.7,13.942,29.299922379199998,1,excellent,NA
AIMS,2021-12-28T18:30:00Z,PRM07,STIC,20210924-20220314,HS,21035985,1291.7,14.038,29.299922379199998,1,excellent,NA
AIMS,2021-12-28T19:00:00Z,PRM07,STIC,20210924-20220314,HS,21035985,1280.9,14.134,29.2450931984,1,excellent,NA
AIMS,2021-12-28T19:30:00Z,PRM07,STIC,20210924-20220314,HS,21035985,1280.9,14.134,29.2450931984,1,excellent,NA
AIMS,2021-12-28T20:00:00Z,PRM07,STIC,20210924-20220314,HS,21035985,1280.9,14.325,29.2450931984,1,excellent,NA
AIMS,2021-12-28T20:30:00Z,PRM07,STIC,20210924-20220314,HS,21035985,1280.9,14.613,29.2450931984,1,excellent,NA
AIMS,2021-12-28T21:00:00Z,PRM07,STIC,20210924-20220314,HS,21035985,1291.7,14.804,29.299922379199998,1,excellent,NA
AIMS,2021-12-28T21:30:00Z,PRM07,STIC,20210924-20220314,HS,21035985,1270.1,14.804,29.190264017599997,1,excellent,NA
AIMS,2021-12-28T22:00:00Z,PRM07,STIC,20210924-20220314,HS,21035985,1259.4,14.996,29.1359425144,1,excellent,NA
AIMS,2021-12-28T22:30:00Z,PRM07,STIC,20210924-20220314,HS,21035985,1280.9,14.996,29.2450931984,1,excellent,NA
AIMS,2021-12-28T23:00:00Z,PRM07,STIC,20210924-20220314,HS,21035985,1280.9,14.996,29.2450931984,1,excellent,NA
AIMS,2021-12-28T23:30:00Z,PRM07,STIC,20210924-20220314,HS,21035985,1291.7,14.996,29.299922379199998,1,excellent,NA
AIMS,2021-12-29T00:00:00Z,PRM07,STIC,20210924-20220314,HS,21035985,1291.7,14.9,29.299922379199998,1,excellent,NA
AIMS,2021-12-29T00:30:00Z,PRM07,STIC,20210924-20220314,HS,21035985,1291.7,14.9,29.299922379199998,1,excellent,NA
AIMS,2021-12-29T01:00:00Z,PRM07,STIC,20210924-20220314,HS,21035985,1280.9,14.9,29.2450931984,1,excellent,NA
AIMS,2021-12-29T01:30:00Z,PRM07,STIC,20210924-20220314,HS,21035985,1302.4,14.804,29.3542438824,1,excellent,NA
AIMS,2021-12-29T02:00:00Z,PRM07,STIC,20210924-20220314,HS,21035985,1291.7,14.804,29.299922379199998,1,excellent,NA
AIMS,2021-12-29T02:30:00Z,PRM07,STIC,20210924-20220314,HS,21035985,1302.4,14.804,29.3542438824,1,excellent,NA
AIMS,2021-12-29T03:00:00Z,PRM07,STIC,20210924-20220314,HS,21035985,1302.4,14.804,29.3542438824,1,excellent,NA
AIMS,2021-12-29T03:30:00Z,PRM07,STIC,20210924-20220314,HS,21035985,1302.4,14.709,29.3542438824,1,excellent,NA
AIMS,2021-12-29T04:00:00Z,PRM07,STIC,20210924-20220314,HS,21035985,1302.4,14.709,29.3542438824,1,excellent,NA
AIMS,2021-12-29T04:30:00Z,PRM07,STIC,20210924-20220314,HS,21035985,1291.7,14.613,29.299922379199998,1,excellent,NA
AIMS,2021-12-29T05:00:00Z,PRM07,STIC,20210924-20220314,HS,21035985,1280.9,14.517,29.2450931984,1,excellent,NA
AIMS,2021-12-29T05:30:00Z,PRM07,STIC,20210924-20220314,HS,21035985,2755.6,14.421,36.7318147656,1,excellent,NA
AIMS,2021-12-29T06:00:00Z,PRM07,STIC,20210924-20220314,HS,21035985,2669.5,14.325,36.294704352,1,excellent,NA
AIMS,2021-12-29T06:30:00Z,PRM07,STIC,20210924-20220314,HS,21035985,2583.4,14.325,35.8575939384,1,excellent,NA
AIMS,2021-12-29T07:00:00Z,PRM07,STIC,20210924-20220314,HS,21035985,2497.2,14.613,35.4199758472,1,excellent,NA
AIMS,2021-12-29T07:30:00Z,PRM07,STIC,20210924-20220314,HS,21035985,44089.2,14.804,246.5732432392,1,excellent,NA
AIMS,2021-12-29T08:00:00Z,PRM07,STIC,20210924-20220314,HS,21035985,49600.3,14.9,274.5518634528,1,excellent,NA
AIMS,2021-12-29T08:30:00Z,PRM07,STIC,20210924-20220314,HS,21035985,46844.8,14.996,260.5628071848,1,excellent,NA
AIMS,2021-12-29T09:00:00Z,PRM07,STIC,20210924-20220314,HS,21035985,46844.8,14.996,260.5628071848,1,excellent,NA
AIMS,2021-12-29T09:30:00Z,PRM07,STIC,20210924-20220314,HS,21035985,49600.3,14.996,274.5518634528,1,excellent,NA
AIMS,2021-12-29T10:00:00Z,PRM07,STIC,20210924-20220314,HS,21035985,49600.3,14.9,274.5518634528,1,excellent,NA
AIMS,2021-12-29T10:30:00Z,PRM07,STIC,20210924-20220314,HS,21035985,49600.3,14.9,274.5518634528,1,excellent,NA
AIMS,2021-12-29T11:00:00Z,PRM07,STIC,20210924-20220314,HS,21035985,49600.3,14.804,274.5518634528,1,excellent,NA
AIMS,2021-12-29T11:30:00Z,PRM07,STIC,20210924-20220314,HS,21035985,52355.9,14.804,288.5414273984,1,excellent,NA
AIMS,2021-12-29T12:00:00Z,PRM07,STIC,20210924-20220314,HS,21035985,52355.9,14.804,288.5414273984,1,excellent,NA
AIMS,2021-12-29T12:30:00Z,PRM07,STIC,20210924-20220314,HS,21035985,52355.9,14.804,288.5414273984,1,excellent,NA
AIMS,2021-12-29T13:00:00Z,PRM07,STIC,20210924-20220314,HS,21035985,55111.5,14.709,302.530991344,1,excellent,NA
AIMS,2021-12-29T13:30:00Z,PRM07,STIC,20210924-20220314,HS,21035985,55111.5,14.709,302.530991344,1,excellent,NA
AIMS,2021-12-29T14:00:00Z,PRM07,STIC,20210924-20220314,HS,21035985,55111.5,14.709,302.530991344,1,excellent,NA
AIMS,2021-12-29T14:30:00Z,PRM07,STIC,20210924-20220314,HS,21035985,55111.5,14.709,302.530991344,1,excellent,NA
AIMS,2021-12-29T15:00:00Z,PRM07,STIC,20210924-20220314,HS,21035985,55111.5,14.709,302.530991344,1,excellent,NA
AIMS,2021-12-29T15:30:00Z,PRM07,STIC,20210924-20220314,HS,21035985,55111.5,14.709,302.530991344,1,excellent,NA
AIMS,2021-12-29T16:00:00Z,PRM07,STIC,20210924-20220314,HS,21035985,55111.5,14.804,302.530991344,1,excellent,NA
AIMS,2021-12-29T16:30:00Z,PRM07,STIC,20210924-20220314,HS,21035985,55111.5,14.804,302.530991344,1,excellent,NA
AIMS,2021-12-29T17:00:00Z,PRM07,STIC,20210924-20220314,HS,21035985,55111.5,14.9,302.530991344,1,excellent,NA
AIMS,2021-12-29T17:30:00Z,PRM07,STIC,20210924-20220314,HS,21035985,55111.5,14.996,302.530991344,1,excellent,NA
AIMS,2021-12-29T18:00:00Z,PRM07,STIC,20210924-20220314,HS,21035985,55111.5,15.091,302.530991344,1,excellent,NA
AIMS,2021-12-29T18:30:00Z,PRM07,STIC,20210924-20220314,HS,21035985,55111.5,15.187,302.530991344,1,excellent,NA
AIMS,2021-12-29T19:00:00Z,PRM07,STIC,20210924-20220314,HS,21035985,55111.5,15.091,302.530991344,1,excellent,NA
AIMS,2021-12-29T19:30:00Z,PRM07,STIC,20210924-20220314,HS,21035985,55111.5,15.091,302.530991344,1,excellent,NA
AIMS,2021-12-29T20:00:00Z,PRM07,STIC,20210924-20220314,HS,21035985,55111.5,15.091,302.530991344,1,excellent,NA
AIMS,2021-12-29T20:30:00Z,PRM07,STIC,20210924-20220314,HS,21035985,52355.9,14.996,288.5414273984,1,excellent,NA
AIMS,2021-12-29T21:00:00Z,PRM07,STIC,20210924-20220314,HS,21035985,52355.9,14.9,288.5414273984,1,excellent,NA
AIMS,2021-12-29T21:30:00Z,PRM07,STIC,20210924-20220314,HS,21035985,52355.9,14.804,288.5414273984,1,excellent,NA
AIMS,2021-12-29T22:00:00Z,PRM07,STIC,20210924-20220314,HS,21035985,55111.5,14.709,302.530991344,1,excellent,NA
AIMS,2021-12-29T22:30:00Z,PRM07,STIC,20210924-20220314,HS,21035985,55111.5,14.709,302.530991344,1,excellent,NA
AIMS,2021-12-29T23:00:00Z,PRM07,STIC,20210924-20220314,HS,21035985,55111.5,14.613,302.530991344,1,excellent,NA
AIMS,2021-12-29T23:30:00Z,PRM07,STIC,20210924-20220314,HS,21035985,55111.5,14.613,302.530991344,1,excellent,NA
AIMS,2021-12-30T00:00:00Z,PRM07,STIC,20210924-20220314,HS,21035985,55111.5,14.517,302.530991344,1,excellent,NA
AIMS,2021-12-30T00:30:00Z,PRM07,STIC,20210924-20220314,HS,21035985,55111.5,14.517,302.530991344,1,excellent,NA
AIMS,2021-12-30T01:00:00Z,PRM07,STIC,20210924-20220314,HS,21035985,55111.5,14.421,302.530991344,1,excellent,NA
AIMS,2021-12-30T01:30:00Z,PRM07,STIC,20210924-20220314,HS,21035985,55111.5,14.421,302.530991344,1,excellent,NA
AIMS,2021-12-30T02:00:00Z,PRM07,STIC,20210924-20220314,HS,21035985,52355.9,14.421,288.5414273984,1,excellent,NA
AIMS,2021-12-30T02:30:00Z,PRM07,STIC,20210924-20220314,HS,21035985,38578,14.517,218.594115348,1,excellent,NA
AIMS,2021-12-30T03:00:00Z,PRM07,STIC,20210924-20220314,HS,21035985,33066.9,14.613,190.61549513440002,1,excellent,NA
AIMS,2021-12-30T03:30:00Z,PRM07,STIC,20210924-20220314,HS,21035985,34444.7,14.517,197.61027710719998,1,excellent,NA
AIMS,2021-12-30T04:00:00Z,PRM07,STIC,20210924-20220314,HS,21035985,22044.6,14.517,134.6577470296,1,excellent,NA
AIMS,2021-12-30T04:30:00Z,PRM07,STIC,20210924-20220314,HS,21035985,38578,14.421,218.594115348,1,excellent,NA
AIMS,2021-12-30T05:00:00Z,PRM07,STIC,20210924-20220314,HS,21035985,41333.6,14.421,232.5836792936,1,excellent,NA
AIMS,2021-12-30T05:30:00Z,PRM07,STIC,20210924-20220314,HS,21035985,42711.4,14.325,239.5784612664,1,excellent,NA
AIMS,2021-12-30T06:00:00Z,PRM07,STIC,20210924-20220314,HS,21035985,42711.4,14.325,239.5784612664,1,excellent,NA
AIMS,2021-12-30T06:30:00Z,PRM07,STIC,20210924-20220314,HS,21035985,44089.2,14.325,246.5732432392,1,excellent,NA
AIMS,2021-12-30T07:00:00Z,PRM07,STIC,20210924-20220314,HS,21035985,44089.2,14.325,246.5732432392,1,excellent,NA
AIMS,2021-12-30T07:30:00Z,PRM07,STIC,20210924-20220314,HS,21035985,44089.2,14.23,246.5732432392,1,excellent,NA
AIMS,2021-12-30T08:00:00Z,PRM07,STIC,20210924-20220314,HS,21035985,44089.2,14.23,246.5732432392,1,excellent,NA
AIMS,2021-12-30T08:30:00Z,PRM07,STIC,20210924-20220314,HS,21035985,44089.2,14.134,246.5732432392,1,excellent,NA
AIMS,2021-12-30T09:00:00Z,PRM07,STIC,20210924-20220314,HS,21035985,44089.2,14.134,246.5732432392,1,excellent,NA
AIMS,2021-12-30T09:30:00Z,PRM07,STIC,20210924-20220314,HS,21035985,44089.2,14.134,246.5732432392,1,excellent,NA
AIMS,2021-12-30T10:00:00Z,PRM07,STIC,20210924-20220314,HS,21035985,44089.2,14.134,246.5732432392,1,excellent,NA
AIMS,2021-12-30T10:30:00Z,PRM07,STIC,20210924-20220314,HS,21035985,44089.2,14.134,246.5732432392,1,excellent,NA
AIMS,2021-12-30T11:00:00Z,PRM07,STIC,20210924-20220314,HS,21035985,44089.2,14.134,246.5732432392,1,excellent,NA
AIMS,2021-12-30T11:30:00Z,PRM07,STIC,20210924-20220314,HS,21035985,44089.2,14.134,246.5732432392,1,excellent,NA
AIMS,2021-12-30T12:00:00Z,PRM07,STIC,20210924-20220314,HS,21035985,44089.2,14.134,246.5732432392,1,excellent,NA
AIMS,2021-12-30T12:30:00Z,PRM07,STIC,20210924-20220314,HS,21035985,44089.2,14.134,246.5732432392,1,excellent,NA
AIMS,2021-12-30T13:00:00Z,PRM07,STIC,20210924-20220314,HS,21035985,44089.2,14.134,246.5732432392,1,excellent,NA
AIMS,2021-12-30T13:30:00Z,PRM07,STIC,20210924-20220314,HS,21035985,44089.2,14.134,246.5732432392,1,excellent,NA
AIMS,2021-12-30T14:00:00Z,PRM07,STIC,20210924-20220314,HS,21035985,44089.2,14.134,246.5732432392,1,excellent,NA
AIMS,2021-12-30T14:30:00Z,PRM07,STIC,20210924-20220314,HS,21035985,44089.2,14.134,246.5732432392,1,excellent,NA
AIMS,2021-12-30T15:00:00Z,PRM07,STIC,20210924-20220314,HS,21035985,44089.2,14.134,246.5732432392,1,excellent,NA
AIMS,2021-12-30T15:30:00Z,PRM07,STIC,20210924-20220314,HS,21035985,44089.2,14.134,246.5732432392,1,excellent,NA
AIMS,2021-12-30T16:00:00Z,PRM07,STIC,20210924-20220314,HS,21035985,44089.2,14.23,246.5732432392,1,excellent,NA
AIMS,2021-12-30T16:30:00Z,PRM07,STIC,20210924-20220314,HS,21035985,44089.2,14.325,246.5732432392,1,excellent,NA
AIMS,2021-12-30T17:00:00Z,PRM07,STIC,20210924-20220314,HS,21035985,44089.2,14.421,246.5732432392,1,excellent,NA
AIMS,2021-12-30T17:30:00Z,PRM07,STIC,20210924-20220314,HS,21035985,46844.8,14.613,260.5628071848,1,excellent,NA
AIMS,2021-12-30T18:00:00Z,PRM07,STIC,20210924-20220314,HS,21035985,46844.8,14.709,260.5628071848,1,excellent,NA
AIMS,2021-12-30T18:30:00Z,PRM07,STIC,20210924-20220314,HS,21035985,46844.8,14.804,260.5628071848,1,excellent,NA
AIMS,2021-12-30T19:00:00Z,PRM07,STIC,20210924-20220314,HS,21035985,46844.8,14.804,260.5628071848,1,excellent,NA
AIMS,2021-12-30T19:30:00Z,PRM07,STIC,20210924-20220314,HS,21035985,46844.8,14.804,260.5628071848,1,excellent,NA
AIMS,2021-12-30T20:00:00Z,PRM07,STIC,20210924-20220314,HS,21035985,46844.8,14.9,260.5628071848,1,excellent,NA
AIMS,2021-12-30T20:30:00Z,PRM07,STIC,20210924-20220314,HS,21035985,46844.8,14.9,260.5628071848,1,excellent,NA
AIMS,2021-12-30T21:00:00Z,PRM07,STIC,20210924-20220314,HS,21035985,46844.8,14.996,260.5628071848,1,excellent,NA
AIMS,2021-12-30T21:30:00Z,PRM07,STIC,20210924-20220314,HS,21035985,46844.8,14.9,260.5628071848,1,excellent,NA
AIMS,2021-12-30T22:00:00Z,PRM07,STIC,20210924-20220314,HS,21035985,46844.8,14.804,260.5628071848,1,excellent,NA
AIMS,2021-12-30T22:30:00Z,PRM07,STIC,20210924-20220314,HS,21035985,46844.8,14.709,260.5628071848,1,excellent,NA
AIMS,2021-12-30T23:00:00Z,PRM07,STIC,20210924-20220314,HS,21035985,46844.8,14.613,260.5628071848,1,excellent,NA
AIMS,2021-12-30T23:30:00Z,PRM07,STIC,20210924-20220314,HS,21035985,46844.8,14.517,260.5628071848,1,excellent,NA
AIMS,2021-12-31T00:00:00Z,PRM07,STIC,20210924-20220314,HS,21035985,46844.8,14.421,260.5628071848,1,excellent,NA
AIMS,2021-12-31T00:30:00Z,PRM07,STIC,20210924-20220314,HS,21035985,46844.8,14.23,260.5628071848,1,excellent,NA
AIMS,2021-12-31T01:00:00Z,PRM07,STIC,20210924-20220314,HS,21035985,46844.8,14.134,260.5628071848,1,excellent,NA
AIMS,2021-12-31T01:30:00Z,PRM07,STIC,20210924-20220314,HS,21035985,46844.8,14.038,260.5628071848,1,excellent,NA
AIMS,2021-12-31T02:00:00Z,PRM07,STIC,20210924-20220314,HS,21035985,46844.8,13.942,260.5628071848,1,excellent,NA
AIMS,2021-12-31T02:30:00Z,PRM07,STIC,20210924-20220314,HS,21035985,46844.8,13.846,260.5628071848,1,excellent,NA
AIMS,2021-12-31T03:00:00Z,PRM07,STIC,20210924-20220314,HS,21035985,46844.8,13.75,260.5628071848,1,excellent,NA
AIMS,2021-12-31T03:30:00Z,PRM07,STIC,20210924-20220314,HS,21035985,46844.8,13.654,260.5628071848,1,excellent,NA
AIMS,2021-12-31T04:00:00Z,PRM07,STIC,20210924-20220314,HS,21035985,46844.8,13.558,260.5628071848,1,excellent,NA
AIMS,2021-12-31T04:30:00Z,PRM07,STIC,20210924-20220314,HS,21035985,46844.8,13.558,260.5628071848,1,excellent,NA
AIMS,2021-12-31T05:00:00Z,PRM07,STIC,20210924-20220314,HS,21035985,46844.8,13.558,260.5628071848,1,excellent,NA
AIMS,2021-12-31T05:30:00Z,PRM07,STIC,20210924-20220314,HS,21035985,46844.8,13.461,260.5628071848,1,excellent,NA
AIMS,2021-12-31T06:00:00Z,PRM07,STIC,20210924-20220314,HS,21035985,46844.8,13.461,260.5628071848,1,excellent,NA
AIMS,2021-12-31T06:30:00Z,PRM07,STIC,20210924-20220314,HS,21035985,46844.8,13.461,260.5628071848,1,excellent,NA
AIMS,2021-12-31T07:00:00Z,PRM07,STIC,20210924-20220314,HS,21035985,46844.8,13.365,260.5628071848,1,excellent,NA
AIMS,2021-12-31T07:30:00Z,PRM07,STIC,20210924-20220314,HS,21035985,46844.8,13.365,260.5628071848,1,excellent,NA
AIMS,2021-12-31T08:00:00Z,PRM07,STIC,20210924-20220314,HS,21035985,46844.8,13.365,260.5628071848,1,excellent,NA
AIMS,2021-12-31T08:30:00Z,PRM07,STIC,20210924-20220314,HS,21035985,46844.8,13.365,260.5628071848,1,excellent,NA
AIMS,2021-12-31T09:00:00Z,PRM07,STIC,20210924-20220314,HS,21035985,46844.8,13.365,260.5628071848,1,excellent,NA
AIMS,2021-12-31T09:30:00Z,PRM07,STIC,20210924-20220314,HS,21035985,46844.8,13.365,260.5628071848,1,excellent,NA
AIMS,2021-12-31T10:00:00Z,PRM07,STIC,20210924-20220314,HS,21035985,46844.8,13.365,260.5628071848,1,excellent,NA
AIMS,2021-12-31T10:30:00Z,PRM07,STIC,20210924-20220314,HS,21035985,46844.8,13.365,260.5628071848,1,excellent,NA
AIMS,2021-12-31T11:00:00Z,PRM07,STIC,20210924-20220314,HS,21035985,46844.8,13.269,260.5628071848,1,excellent,NA
AIMS,2021-12-31T11:30:00Z,PRM07,STIC,20210924-20220314,HS,21035985,46844.8,13.269,260.5628071848,1,excellent,NA
AIMS,2021-12-31T12:00:00Z,PRM07,STIC,20210924-20220314,HS,21035985,46844.8,13.269,260.5628071848,1,excellent,NA
AIMS,2021-12-31T12:30:00Z,PRM07,STIC,20210924-20220314,HS,21035985,46844.8,13.269,260.5628071848,1,excellent,NA
AIMS,2021-12-31T13:00:00Z,PRM07,STIC,20210924-20220314,HS,21035985,46844.8,13.269,260.5628071848,1,excellent,NA
AIMS,2021-12-31T13:30:00Z,PRM07,STIC,20210924-20220314,HS,21035985,49600.3,13.269,274.5518634528,1,excellent,NA
AIMS,2021-12-31T14:00:00Z,PRM07,STIC,20210924-20220314,HS,21035985,46844.8,13.269,260.5628071848,1,excellent,NA
AIMS,2021-12-31T14:30:00Z,PRM07,STIC,20210924-20220314,HS,21035985,46844.8,13.269,260.5628071848,1,excellent,NA
AIMS,2021-12-31T15:00:00Z,PRM07,STIC,20210924-20220314,HS,21035985,46844.8,13.365,260.5628071848,1,excellent,NA
AIMS,2021-12-31T15:30:00Z,PRM07,STIC,20210924-20220314,HS,21035985,46844.8,13.461,260.5628071848,1,excellent,NA
AIMS,2021-12-31T16:00:00Z,PRM07,STIC,20210924-20220314,HS,21035985,49600.3,13.558,274.5518634528,1,excellent,NA
AIMS,2021-12-31T16:30:00Z,PRM07,STIC,20210924-20220314,HS,21035985,49600.3,13.654,274.5518634528,1,excellent,NA
AIMS,2021-12-31T17:00:00Z,PRM07,STIC,20210924-20220314,HS,21035985,49600.3,13.846,274.5518634528,1,excellent,NA
AIMS,2021-12-31T17:30:00Z,PRM07,STIC,20210924-20220314,HS,21035985,49600.3,13.846,274.5518634528,1,excellent,NA
AIMS,2021-12-31T18:00:00Z,PRM07,STIC,20210924-20220314,HS,21035985,49600.3,13.942,274.5518634528,1,excellent,NA
AIMS,2021-12-31T18:30:00Z,PRM07,STIC,20210924-20220314,HS,21035985,49600.3,14.038,274.5518634528,1,excellent,NA
AIMS,2021-12-31T19:00:00Z,PRM07,STIC,20210924-20220314,HS,21035985,49600.3,14.134,274.5518634528,1,excellent,NA
AIMS,2021-12-31T19:30:00Z,PRM07,STIC,20210924-20220314,HS,21035985,49600.3,14.23,274.5518634528,1,excellent,NA
AIMS,2021-12-31T20:00:00Z,PRM07,STIC,20210924-20220314,HS,21035985,49600.3,14.325,274.5518634528,1,excellent,NA
AIMS,2021-12-31T20:30:00Z,PRM07,STIC,20210924-20220314,HS,21035985,49600.3,14.421,274.5518634528,1,excellent,NA
AIMS,2021-12-31T21:00:00Z,PRM07,STIC,20210924-20220314,HS,21035985,49600.3,14.517,274.5518634528,1,excellent,NA
AIMS,2021-12-31T21:30:00Z,PRM07,STIC,20210924-20220314,HS,21035985,49600.3,14.613,274.5518634528,1,excellent,NA
AIMS,2021-12-31T22:00:00Z,PRM07,STIC,20210924-20220314,HS,21035985,49600.3,14.709,274.5518634528,1,excellent,NA
AIMS,2021-12-31T22:30:00Z,PRM07,STIC,20210924-20220314,HS,21035985,49600.3,14.709,274.5518634528,1,excellent,NA
AIMS,2021-12-31T23:00:00Z,PRM07,STIC,20210924-20220314,HS,21035985,49600.3,14.709,274.5518634528,1,excellent,NA
AIMS,2021-12-31T23:30:00Z,PRM07,STIC,20210924-20220314,HS,21035985,49600.3,14.709,274.5518634528,1,excellent,NA
