project,datetime,siteId,rType,rep,sublocation,SN,condUncal,tempC,SpC,wetdry,qual_rating,QAQC
AIMS,2021-09-24T22:00:00Z,PRM04,STIC,20210924-20220314,HS,21044189,55111.5,16.332,319.04206185350006,1,fair,NA
AIMS,2021-09-24T22:30:00Z,PRM04,STIC,20210924-20220314,HS,21044189,52355.9,16.237,304.35843666910006,1,fair,NA
AIMS,2021-09-24T23:00:00Z,PRM04,STIC,20210924-20220314,HS,21044189,52355.9,16.141,304.35843666910006,1,fair,NA
AIMS,2021-09-24T23:30:00Z,PRM04,STIC,20210924-20220314,HS,21044189,52355.9,16.046,304.35843666910006,1,fair,NA
AIMS,2021-09-25T00:00:00Z,PRM04,STIC,20210924-20220314,HS,21044189,52355.9,15.951,304.35843666910006,1,fair,NA
AIMS,2021-09-25T00:30:00Z,PRM04,STIC,20210924-20220314,HS,21044189,52355.9,15.855,304.35843666910006,1,fair,NA
AIMS,2021-09-25T01:00:00Z,PRM04,STIC,20210924-20220314,HS,21044189,52355.9,15.664,304.35843666910006,1,fair,NA
AIMS,2021-09-25T01:30:00Z,PRM04,STIC,20210924-20220314,HS,21044189,52355.9,15.569,304.35843666910006,1,fair,NA
AIMS,2021-09-25T02:00:00Z,PRM04,STIC,20210924-20220314,HS,21044189,52355.9,15.473,304.35843666910006,1,fair,NA
AIMS,2021-09-25T02:30:00Z,PRM04,STIC,20210924-20220314,HS,21044189,52355.9,15.378,304.35843666910006,1,fair,NA
AIMS,2021-09-25T03:00:00Z,PRM04,STIC,20210924-20220314,HS,21044189,52355.9,15.187,304.35843666910006,1,fair,NA
AIMS,2021-09-25T03:30:00Z,PRM04,STIC,20210924-20220314,HS,21044189,52355.9,15.091,304.35843666910006,1,fair,NA
AIMS,2021-09-25T04:00:00Z,PRM04,STIC,20210924-20220314,HS,21044189,52355.9,14.996,304.35843666910006,1,fair,NA
AIMS,2021-09-25T04:30:00Z,PRM04,STIC,20210924-20220314,HS,21044189,52355.9,14.9,304.35843666910006,1,fair,NA
AIMS,2021-09-25T05:00:00Z,PRM04,STIC,20210924-20220314,HS,21044189,52355.9,14.804,304.35843666910006,1,fair,NA
AIMS,2021-09-25T05:30:00Z,PRM04,STIC,20210924-20220314,HS,21044189,52355.9,14.709,304.35843666910006,1,fair,NA
AIMS,2021-09-25T06:00:00Z,PRM04,STIC,20210924-20220314,HS,21044189,52355.9,14.517,304.35843666910006,1,fair,NA
AIMS,2021-09-25T06:30:00Z,PRM04,STIC,20210924-20220314,HS,21044189,52355.9,14.421,304.35843666910006,1,fair,NA
AIMS,2021-09-25T07:00:00Z,PRM04,STIC,20210924-20220314,HS,21044189,52355.9,14.325,304.35843666910006,1,fair,NA
AIMS,2021-09-25T07:30:00Z,PRM04,STIC,20210924-20220314,HS,21044189,52355.9,14.23,304.35843666910006,1,fair,NA
AIMS,2021-09-25T08:00:00Z,PRM04,STIC,20210924-20220314,HS,21044189,52355.9,14.038,304.35843666910006,1,fair,NA
AIMS,2021-09-25T08:30:00Z,PRM04,STIC,20210924-20220314,HS,21044189,52355.9,13.942,304.35843666910006,1,fair,NA
AIMS,2021-09-25T09:00:00Z,PRM04,STIC,20210924-20220314,HS,21044189,52355.9,13.846,304.35843666910006,1,fair,NA
AIMS,2021-09-25T09:30:00Z,PRM04,STIC,20210924-20220314,HS,21044189,52355.9,13.846,304.35843666910006,1,fair,NA
AIMS,2021-09-25T10:00:00Z,PRM04,STIC,20210924-20220314,HS,21044189,52355.9,13.75,304.35843666910006,1,fair,NA
AIMS,2021-09-25T10:30:00Z,PRM04,STIC,20210924-20220314,HS,21044189,52355.9,13.654,304.35843666910006,1,fair,NA
AIMS,2021-09-25T11:00:00Z,PRM04,STIC,20210924-20220314,HS,21044189,52355.9,13.558,304.35843666910006,1,fair,NA
AIMS,2021-09-25T11:30:00Z,PRM04,STIC,20210924-20220314,HS,21044189,52355.9,13.461,304.35843666910006,1,fair,NA
AIMS,2021-09-25T12:00:00Z,PRM04,STIC,20210924-20220314,HS,21044189,52355.9,13.365,304.35843666910006,1,fair,NA
AIMS,2021-09-25T12:30:00Z,PRM04,STIC,20210924-20220314,HS,21044189,52355.9,13.269,304.35843666910006,1,fair,NA
AIMS,2021-09-25T13:00:00Z,PRM04,STIC,20210924-20220314,HS,21044189,52355.9,13.269,304.35843666910006,1,fair,NA
AIMS,2021-09-25T13:30:00Z,PRM04,STIC,20210924-20220314,HS,21044189,52355.9,13.365,304.35843666910006,1,fair,NA
AIMS,2021-09-25T14:00:00Z,PRM04,STIC,20210924-20220314,HS,21044189,52355.9,13.558,304.35843666910006,1,fair,NA
AIMS,2021-09-25T14:30:00Z,PRM04,STIC,20210924-20220314,HS,21044189,52355.9,13.942,304.35843666910006,1,fair,NA
AIMS,2021-09-25T15:00:00Z,PRM04,STIC,20210924-20220314,HS,21044189,52355.9,14.325,304.35843666910006,1,fair,NA
AIMS,2021-09-25T15:30:00Z,PRM04,STIC,20210924-20220314,HS,21044189,52355.9,14.613,304.35843666910006,1,fair,NA
AIMS,2021-09-25T16:00:00Z,PRM04,STIC,20210924-20220314,HS,21044189,52355.9,14.996,304.35843666910006,1,fair,NA
AIMS,2021-09-25T16:30:00Z,PRM04,STIC,20210924-20220314,HS,21044189,0,15.664,25.37222249,0,fair,NA
AIMS,2021-09-25T17:00:00Z,PRM04,STIC,20210924-20220314,HS,21044189,0,16.332,25.37222249,0,fair,NA
AIMS,2021-09-25T17:30:00Z,PRM04,STIC,20210924-20220314,HS,21044189,0,16.618,25.37222249,0,fair,NA
AIMS,2021-09-25T18:00:00Z,PRM04,STIC,20210924-20220314,HS,21044189,0,17.189,25.37222249,0,fair,NA
AIMS,2021-09-25T18:30:00Z,PRM04,STIC,20210924-20220314,HS,21044189,0,17.665,25.37222249,0,fair,NA
AIMS,2021-09-25T19:00:00Z,PRM04,STIC,20210924-20220314,HS,21044189,0,18.045,25.37222249,0,fair,NA
AIMS,2021-09-25T19:30:00Z,PRM04,STIC,20210924-20220314,HS,21044189,0,17.95,25.37222249,0,fair,NA
AIMS,2021-09-25T20:00:00Z,PRM04,STIC,20210924-20220314,HS,21044189,0,17.76,25.37222249,0,fair,NA
AIMS,2021-09-25T20:30:00Z,PRM04,STIC,20210924-20220314,HS,21044189,0,17.855,25.37222249,0,fair,NA
AIMS,2021-09-25T21:00:00Z,PRM04,STIC,20210924-20220314,HS,21044189,0,17.76,25.37222249,0,fair,NA
AIMS,2021-09-25T21:30:00Z,PRM04,STIC,20210924-20220314,HS,21044189,0,17.665,25.37222249,0,fair,NA
AIMS,2021-09-25T22:00:00Z,PRM04,STIC,20210924-20220314,HS,21044189,0,17.475,25.37222249,0,fair,NA
AIMS,2021-09-25T22:30:00Z,PRM04,STIC,20210924-20220314,HS,21044189,0,17.284,25.37222249,0,fair,NA
AIMS,2021-09-25T23:00:00Z,PRM04,STIC,20210924-20220314,HS,21044189,0,17.094,25.37222249,0,fair,NA
AIMS,2021-09-25T23:30:00Z,PRM04,STIC,20210924-20220314,HS,21044189,0,16.903,25.37222249,0,fair,NA
AIMS,2021-09-26T00:00:00Z,PRM04,STIC,20210924-20220314,HS,21044189,0,16.713,25.37222249,0,fair,NA
AIMS,2021-09-26T00:30:00Z,PRM04,STIC,20210924-20220314,HS,21044189,0,16.332,25.37222249,0,fair,NA
AIMS,2021-09-26T01:00:00Z,PRM04,STIC,20210924-20220314,HS,21044189,0,15.951,25.37222249,0,fair,NA
AIMS,2021-09-26T01:30:00Z,PRM04,STIC,20210924-20220314,HS,21044189,0,15.664,25.37222249,0,fair,NA
AIMS,2021-09-26T02:00:00Z,PRM04,STIC,20210924-20220314,HS,21044189,0,15.378,25.37222249,0,fair,NA
AIMS,2021-09-26T02:30:00Z,PRM04,STIC,20210924-20220314,HS,21044189,0,15.187,25.37222249,0,fair,NA
AIMS,2021-09-26T03:00:00Z,PRM04,STIC,20210924-20220314,HS,21044189,0,15.091,25.37222249,0,fair,NA
AIMS,2021-09-26T03:30:00Z,PRM04,STIC,20210924-20220314,HS,21044189,0,14.804,25.37222249,0,fair,NA
AIMS,2021-09-26T04:00:00Z,PRM04,STIC,20210924-20220314,HS,21044189,0,14.613,25.37222249,0,fair,NA
AIMS,2021-09-26T04:30:00Z,PRM04,STIC,20210924-20220314,HS,21044189,0,14.325,25.37222249,0,fair,NA
AIMS,2021-09-26T05:00:00Z,PRM04,STIC,20210924-20220314,HS,21044189,0,14.134,25.37222249,0,fair,NA
AIMS,2021-09-26T05:30:00Z,PRM04,STIC,20210924-20220314,HS,21044189,0,13.942,25.37222249,0,fair,NA
AIMS,2021-09-26T06:00:00Z,PRM04,STIC,20210924-20220314,HS,21044189,0,13.75,25.37222249,0,fair,NA
AIMS,2021-09-26T06:30:00Z,PRM04,STIC,20210924-20220314,HS,21044189,0,13.846,25.37222249,0,fair,NA
AIMS,2021-09-26T07:00:00Z,PRM04,STIC,20210924-20220314,HS,21044189,0,13.846,25.37222249,0,fair,NA
AIMS,2021-09-26T07:30:00Z,PRM04,STIC,20210924-20220314,HS,21044189,0,13.846,25.37222249,0,fair,NA
AIMS,2021-09-26T08:00:00Z,PRM04,STIC,20210924-20220314,HS,21044189,0,13.75,25.37222249,0,fair,NA
AIMS,2021-09-26T08:30:00Z,PRM04,STIC,20210924-20220314,HS,21044189,0,13.654,25.37222249,0,fair,NA
AIMS,2021-09-26T09:00:00Z,PRM04,STIC,20210924-20220314,HS,21044189,0,13.75,25.37222249,0,fair,NA
AIMS,2021-09-26T09:30:00Z,PRM04,STIC,20210924-20220314,HS,21044189,0,13.75,25.37222249,0,fair,NA
AIMS,2021-09-26T10:00:00Z,PRM04,STIC,20210924-20220314,HS,21044189,0,13.654,25.37222249,0,fair,NA
AIMS,2021-09-26T10:30:00Z,PRM04,STIC,20210924-20220314,HS,21044189,0,13.558,25.37222249,0,fair,NA
AIMS,2021-09-26T11:00:00Z,PRM04,STIC,20210924-20220314,HS,21044189,0,13.558,25.37222249,0,fair,NA
AIMS,2021-09-26T11:30:00Z,PRM04,STIC,20210924-20220314,HS,21044189,0,13.461,25.37222249,0,fair,NA
AIMS,2021-09-26T12:00:00Z,PRM04,STIC,20210924-20220314,HS,21044189,0,13.269,25.37222249,0,fair,NA
AIMS,2021-09-26T12:30:00Z,PRM04,STIC,20210924-20220314,HS,21044189,0,13.269,25.37222249,0,fair,NA
AIMS,2021-09-26T13:00:00Z,PRM04,STIC,20210924-20220314,HS,21044189,0,13.461,25.37222249,0,fair,NA
AIMS,2021-09-26T13:30:00Z,PRM04,STIC,20210924-20220314,HS,21044189,0,13.654,25.37222249,0,fair,NA
AIMS,2021-09-26T14:00:00Z,PRM04,STIC,20210924-20220314,HS,21044189,0,14.134,25.37222249,0,fair,NA
AIMS,2021-09-26T14:30:00Z,PRM04,STIC,20210924-20220314,HS,21044189,0,14.709,25.37222249,0,fair,NA
AIMS,2021-09-26T15:00:00Z,PRM04,STIC,20210924-20220314,HS,21044189,0,15.569,25.37222249,0,fair,NA
AIMS,2021-09-26T15:30:00Z,PRM04,STIC,20210924-20220314,HS,21044189,0,16.237,25.37222249,0,fair,NA
AIMS,2021-09-26T16:00:00Z,PRM04,STIC,20210924-20220314,HS,21044189,0,16.999,25.37222249,0,fair,NA
AIMS,2021-09-26T16:30:00Z,PRM04,STIC,20210924-20220314,HS,21044189,0,17.95,25.37222249,0,fair,NA
AIMS,2021-09-26T17:00:00Z,PRM04,STIC,20210924-20220314,HS,21044189,0,18.996,25.37222249,0,fair,NA
AIMS,2021-09-26T17:30:00Z,PRM04,STIC,20210924-20220314,HS,21044189,0,19.377,25.37222249,0,fair,NA
AIMS,2021-09-26T18:00:00Z,PRM04,STIC,20210924-20220314,HS,21044189,0,19.187,25.37222249,0,fair,NA
AIMS,2021-09-26T18:30:00Z,PRM04,STIC,20210924-20220314,HS,21044189,0,19.472,25.37222249,0,fair,NA
AIMS,2021-09-26T19:00:00Z,PRM04,STIC,20210924-20220314,HS,21044189,0,19.472,25.37222249,0,fair,NA
AIMS,2021-09-26T19:30:00Z,PRM04,STIC,20210924-20220314,HS,21044189,0,19.472,25.37222249,0,fair,NA
AIMS,2021-09-26T20:00:00Z,PRM04,STIC,20210924-20220314,HS,21044189,0,18.901,25.37222249,0,fair,NA
AIMS,2021-09-26T20:30:00Z,PRM04,STIC,20210924-20220314,HS,21044189,0,18.521,25.37222249,0,fair,NA
AIMS,2021-09-26T21:00:00Z,PRM04,STIC,20210924-20220314,HS,21044189,0,18.521,25.37222249,0,fair,NA
AIMS,2021-09-26T21:30:00Z,PRM04,STIC,20210924-20220314,HS,21044189,0,18.521,25.37222249,0,fair,NA
AIMS,2021-09-26T22:00:00Z,PRM04,STIC,20210924-20220314,HS,21044189,0,18.426,25.37222249,0,fair,NA
AIMS,2021-09-26T22:30:00Z,PRM04,STIC,20210924-20220314,HS,21044189,0,18.236,25.37222249,0,fair,NA
AIMS,2021-09-26T23:00:00Z,PRM04,STIC,20210924-20220314,HS,21044189,0,17.855,25.37222249,0,fair,NA
AIMS,2021-09-26T23:30:00Z,PRM04,STIC,20210924-20220314,HS,21044189,0,17.57,25.37222249,0,fair,NA
AIMS,2021-09-27T00:00:00Z,PRM04,STIC,20210924-20220314,HS,21044189,0,17.284,25.37222249,0,fair,NA
AIMS,2021-09-27T00:30:00Z,PRM04,STIC,20210924-20220314,HS,21044189,0,16.903,25.37222249,0,fair,NA
AIMS,2021-09-27T01:00:00Z,PRM04,STIC,20210924-20220314,HS,21044189,0,16.618,25.37222249,0,fair,NA
AIMS,2021-09-27T01:30:00Z,PRM04,STIC,20210924-20220314,HS,21044189,0,16.237,25.37222249,0,fair,NA
AIMS,2021-09-27T02:00:00Z,PRM04,STIC,20210924-20220314,HS,21044189,0,16.046,25.37222249,0,fair,NA
AIMS,2021-09-27T02:30:00Z,PRM04,STIC,20210924-20220314,HS,21044189,0,15.76,25.37222249,0,fair,NA
AIMS,2021-09-27T03:00:00Z,PRM04,STIC,20210924-20220314,HS,21044189,0,15.473,25.37222249,0,fair,NA
AIMS,2021-09-27T03:30:00Z,PRM04,STIC,20210924-20220314,HS,21044189,0,15.187,25.37222249,0,fair,NA
AIMS,2021-09-27T04:00:00Z,PRM04,STIC,20210924-20220314,HS,21044189,0,14.996,25.37222249,0,fair,NA
AIMS,2021-09-27T04:30:00Z,PRM04,STIC,20210924-20220314,HS,21044189,0,14.709,25.37222249,0,fair,NA
AIMS,2021-09-27T05:00:00Z,PRM04,STIC,20210924-20220314,HS,21044189,0,14.517,25.37222249,0,fair,NA
AIMS,2021-09-27T05:30:00Z,PRM04,STIC,20210924-20220314,HS,21044189,0,14.325,25.37222249,0,fair,NA
AIMS,2021-09-27T06:00:00Z,PRM04,STIC,20210924-20220314,HS,21044189,0,14.23,25.37222249,0,fair,NA
AIMS,2021-09-27T06:30:00Z,PRM04,STIC,20210924-20220314,HS,21044189,0,14.134,25.37222249,0,fair,NA
AIMS,2021-09-27T07:00:00Z,PRM04,STIC,20210924-20220314,HS,21044189,0,14.134,25.37222249,0,fair,NA
AIMS,2021-09-27T07:30:00Z,PRM04,STIC,20210924-20220314,HS,21044189,0,14.325,25.37222249,0,fair,NA
AIMS,2021-09-27T08:00:00Z,PRM04,STIC,20210924-20220314,HS,21044189,0,14.421,25.37222249,0,fair,NA
AIMS,2021-09-27T08:30:00Z,PRM04,STIC,20210924-20220314,HS,21044189,0,14.421,25.37222249,0,fair,NA
AIMS,2021-09-27T09:00:00Z,PRM04,STIC,20210924-20220314,HS,21044189,0,14.517,25.37222249,0,fair,NA
AIMS,2021-09-27T09:30:00Z,PRM04,STIC,20210924-20220314,HS,21044189,0,14.325,25.37222249,0,fair,NA
AIMS,2021-09-27T10:00:00Z,PRM04,STIC,20210924-20220314,HS,21044189,0,14.325,25.37222249,0,fair,NA
AIMS,2021-09-27T10:30:00Z,PRM04,STIC,20210924-20220314,HS,21044189,0,14.134,25.37222249,0,fair,NA
AIMS,2021-09-27T11:00:00Z,PRM04,STIC,20210924-20220314,HS,21044189,0,13.942,25.37222249,0,fair,NA
AIMS,2021-09-27T11:30:00Z,PRM04,STIC,20210924-20220314,HS,21044189,0,13.75,25.37222249,0,fair,NA
AIMS,2021-09-27T12:00:00Z,PRM04,STIC,20210924-20220314,HS,21044189,0,13.654,25.37222249,0,fair,NA
AIMS,2021-09-27T12:30:00Z,PRM04,STIC,20210924-20220314,HS,21044189,0,13.654,25.37222249,0,fair,NA
AIMS,2021-09-27T13:00:00Z,PRM04,STIC,20210924-20220314,HS,21044189,0,13.846,25.37222249,0,fair,NA
AIMS,2021-09-27T13:30:00Z,PRM04,STIC,20210924-20220314,HS,21044189,0,14.038,25.37222249,0,fair,NA
AIMS,2021-09-27T14:00:00Z,PRM04,STIC,20210924-20220314,HS,21044189,0,14.517,25.37222249,0,fair,NA
AIMS,2021-09-27T14:30:00Z,PRM04,STIC,20210924-20220314,HS,21044189,0,15.187,25.37222249,0,fair,NA
AIMS,2021-09-27T15:00:00Z,PRM04,STIC,20210924-20220314,HS,21044189,0,16.046,25.37222249,0,fair,NA
AIMS,2021-09-27T15:30:00Z,PRM04,STIC,20210924-20220314,HS,21044189,0,16.713,25.37222249,0,fair,NA
AIMS,2021-09-27T16:00:00Z,PRM04,STIC,20210924-20220314,HS,21044189,0,17.475,25.37222249,0,fair,NA
AIMS,2021-09-27T16:30:00Z,PRM04,STIC,20210924-20220314,HS,21044189,0,18.236,25.37222249,0,fair,NA
AIMS,2021-09-27T17:00:00Z,PRM04,STIC,20210924-20220314,HS,21044189,0,19.092,25.37222249,0,fair,NA
AIMS,2021-09-27T17:30:00Z,PRM04,STIC,20210924-20220314,HS,21044189,0,19.758,25.37222249,0,fair,NA
AIMS,2021-09-27T18:00:00Z,PRM04,STIC,20210924-20220314,HS,21044189,0,19.853,25.37222249,0,fair,NA
AIMS,2021-09-27T18:30:00Z,PRM04,STIC,20210924-20220314,HS,21044189,0,21.187,25.37222249,0,fair,NA
AIMS,2021-09-27T19:00:00Z,PRM04,STIC,20210924-20220314,HS,21044189,0,21.664,25.37222249,0,fair,NA
AIMS,2021-09-27T19:30:00Z,PRM04,STIC,20210924-20220314,HS,21044189,0,21.664,25.37222249,0,fair,NA
AIMS,2021-09-27T20:00:00Z,PRM04,STIC,20210924-20220314,HS,21044189,0,21.569,25.37222249,0,fair,NA
AIMS,2021-09-27T20:30:00Z,PRM04,STIC,20210924-20220314,HS,21044189,0,20.996,25.37222249,0,fair,NA
AIMS,2021-09-27T21:00:00Z,PRM04,STIC,20210924-20220314,HS,21044189,0,20.519,25.37222249,0,fair,NA
AIMS,2021-09-27T21:30:00Z,PRM04,STIC,20210924-20220314,HS,21044189,0,20.043,25.37222249,0,fair,NA
AIMS,2021-09-27T22:00:00Z,PRM04,STIC,20210924-20220314,HS,21044189,0,19.567,25.37222249,0,fair,NA
AIMS,2021-09-27T22:30:00Z,PRM04,STIC,20210924-20220314,HS,21044189,0,19.187,25.37222249,0,fair,NA
AIMS,2021-09-27T23:00:00Z,PRM04,STIC,20210924-20220314,HS,21044189,0,18.806,25.37222249,0,fair,NA
AIMS,2021-09-27T23:30:00Z,PRM04,STIC,20210924-20220314,HS,21044189,0,18.616,25.37222249,0,fair,NA
AIMS,2021-09-28T00:00:00Z,PRM04,STIC,20210924-20220314,HS,21044189,0,18.236,25.37222249,0,fair,NA
AIMS,2021-09-28T00:30:00Z,PRM04,STIC,20210924-20220314,HS,21044189,0,17.855,25.37222249,0,fair,NA
AIMS,2021-09-28T01:00:00Z,PRM04,STIC,20210924-20220314,HS,21044189,0,17.379,25.37222249,0,fair,NA
AIMS,2021-09-28T01:30:00Z,PRM04,STIC,20210924-20220314,HS,21044189,0,16.999,25.37222249,0,fair,NA
AIMS,2021-09-28T02:00:00Z,PRM04,STIC,20210924-20220314,HS,21044189,0,16.713,25.37222249,0,fair,NA
AIMS,2021-09-28T02:30:00Z,PRM04,STIC,20210924-20220314,HS,21044189,0,16.427,25.37222249,0,fair,NA
AIMS,2021-09-28T03:00:00Z,PRM04,STIC,20210924-20220314,HS,21044189,0,16.237,25.37222249,0,fair,NA
AIMS,2021-09-28T03:30:00Z,PRM04,STIC,20210924-20220314,HS,21044189,0,16.046,25.37222249,0,fair,NA
AIMS,2021-09-28T04:00:00Z,PRM04,STIC,20210924-20220314,HS,21044189,0,15.76,25.37222249,0,fair,NA
AIMS,2021-09-28T04:30:00Z,PRM04,STIC,20210924-20220314,HS,21044189,0,15.569,25.37222249,0,fair,NA
AIMS,2021-09-28T05:00:00Z,PRM04,STIC,20210924-20220314,HS,21044189,0,15.378,25.37222249,0,fair,NA
AIMS,2021-09-28T05:30:00Z,PRM04,STIC,20210924-20220314,HS,21044189,0,15.091,25.37222249,0,fair,NA
AIMS,2021-09-28T06:00:00Z,PRM04,STIC,20210924-20220314,HS,21044189,0,14.996,25.37222249,0,fair,NA
AIMS,2021-09-28T06:30:00Z,PRM04,STIC,20210924-20220314,HS,21044189,0,14.804,25.37222249,0,fair,NA
AIMS,2021-09-28T07:00:00Z,PRM04,STIC,20210924-20220314,HS,21044189,0,14.804,25.37222249,0,fair,NA
AIMS,2021-09-28T07:30:00Z,PRM04,STIC,20210924-20220314,HS,21044189,0,14.709,25.37222249,0,fair,NA
AIMS,2021-09-28T08:00:00Z,PRM04,STIC,20210924-20220314,HS,21044189,0,14.613,25.37222249,0,fair,NA
AIMS,2021-09-28T08:30:00Z,PRM04,STIC,20210924-20220314,HS,21044189,0,14.613,25.37222249,0,fair,NA
AIMS,2021-09-28T09:00:00Z,PRM04,STIC,20210924-20220314,HS,21044189,0,14.517,25.37222249,0,fair,NA
AIMS,2021-09-28T09:30:00Z,PRM04,STIC,20210924-20220314,HS,21044189,0,14.517,25.37222249,0,fair,NA
AIMS,2021-09-28T10:00:00Z,PRM04,STIC,20210924-20220314,HS,21044189,0,14.421,25.37222249,0,fair,NA
AIMS,2021-09-28T10:30:00Z,PRM04,STIC,20210924-20220314,HS,21044189,0,14.325,25.37222249,0,fair,NA
AIMS,2021-09-28T11:00:00Z,PRM04,STIC,20210924-20220314,HS,21044189,0,14.23,25.37222249,0,fair,NA
AIMS,2021-09-28T11:30:00Z,PRM04,STIC,20210924-20220314,HS,21044189,0,14.134,25.37222249,0,fair,NA
AIMS,2021-09-28T12:00:00Z,PRM04,STIC,20210924-20220314,HS,21044189,0,14.134,25.37222249,0,fair,NA
AIMS,2021-09-28T12:30:00Z,PRM04,STIC,20210924-20220314,HS,21044189,0,14.325,25.37222249,0,fair,NA
AIMS,2021-09-28T13:00:00Z,PRM04,STIC,20210924-20220314,HS,21044189,0,14.421,25.37222249,0,fair,NA
AIMS,2021-09-28T13:30:00Z,PRM04,STIC,20210924-20220314,HS,21044189,0,14.709,25.37222249,0,fair,NA
AIMS,2021-09-28T14:00:00Z,PRM04,STIC,20210924-20220314,HS,21044189,0,15.282,25.37222249,0,fair,NA
AIMS,2021-09-28T14:30:00Z,PRM04,STIC,20210924-20220314,HS,21044189,0,15.951,25.37222249,0,fair,NA
AIMS,2021-09-28T15:00:00Z,PRM04,STIC,20210924-20220314,HS,21044189,0,16.618,25.37222249,0,fair,NA
AIMS,2021-09-28T15:30:00Z,PRM04,STIC,20210924-20220314,HS,21044189,0,17.284,25.37222249,0,fair,NA
AIMS,2021-09-28T16:00:00Z,PRM04,STIC,20210924-20220314,HS,21044189,0,18.045,25.37222249,0,fair,NA
AIMS,2021-09-28T16:30:00Z,PRM04,STIC,20210924-20220314,HS,21044189,0,19.187,25.37222249,0,fair,NA
AIMS,2021-09-28T17:00:00Z,PRM04,STIC,20210924-20220314,HS,21044189,0,20.615,25.37222249,0,fair,NA
AIMS,2021-09-28T17:30:00Z,PRM04,STIC,20210924-20220314,HS,21044189,0,20.71,25.37222249,0,fair,NA
AIMS,2021-09-28T18:00:00Z,PRM04,STIC,20210924-20220314,HS,21044189,0,20.805,25.37222249,0,fair,NA
AIMS,2021-09-28T18:30:00Z,PRM04,STIC,20210924-20220314,HS,21044189,0,21.187,25.37222249,0,fair,NA
AIMS,2021-09-28T19:00:00Z,PRM04,STIC,20210924-20220314,HS,21044189,0,21.76,25.37222249,0,fair,NA
AIMS,2021-09-28T19:30:00Z,PRM04,STIC,20210924-20220314,HS,21044189,0,22.046,25.37222249,0,fair,NA
AIMS,2021-09-28T20:00:00Z,PRM04,STIC,20210924-20220314,HS,21044189,0,22.046,25.37222249,0,fair,NA
AIMS,2021-09-28T20:30:00Z,PRM04,STIC,20210924-20220314,HS,21044189,0,20.996,25.37222249,0,fair,NA
AIMS,2021-09-28T21:00:00Z,PRM04,STIC,20210924-20220314,HS,21044189,0,20.615,25.37222249,0,fair,NA
AIMS,2021-09-28T21:30:00Z,PRM04,STIC,20210924-20220314,HS,21044189,0,20.424,25.37222249,0,fair,NA
AIMS,2021-09-28T22:00:00Z,PRM04,STIC,20210924-20220314,HS,21044189,0,20.138,25.37222249,0,fair,NA
AIMS,2021-09-28T22:30:00Z,PRM04,STIC,20210924-20220314,HS,21044189,0,19.758,25.37222249,0,fair,NA
AIMS,2021-09-28T23:00:00Z,PRM04,STIC,20210924-20220314,HS,21044189,0,19.567,25.37222249,0,fair,NA
AIMS,2021-09-28T23:30:00Z,PRM04,STIC,20210924-20220314,HS,21044189,0,19.282,25.37222249,0,fair,NA
AIMS,2021-09-29T00:00:00Z,PRM04,STIC,20210924-20220314,HS,21044189,0,19.092,25.37222249,0,fair,NA
AIMS,2021-09-29T00:30:00Z,PRM04,STIC,20210924-20220314,HS,21044189,0,18.901,25.37222249,0,fair,NA
AIMS,2021-09-29T01:00:00Z,PRM04,STIC,20210924-20220314,HS,21044189,0,18.616,25.37222249,0,fair,NA
AIMS,2021-09-29T01:30:00Z,PRM04,STIC,20210924-20220314,HS,21044189,0,18.426,25.37222249,0,fair,NA
AIMS,2021-09-29T02:00:00Z,PRM04,STIC,20210924-20220314,HS,21044189,0,18.14,25.37222249,0,fair,NA
AIMS,2021-09-29T02:30:00Z,PRM04,STIC,20210924-20220314,HS,21044189,0,17.95,25.37222249,0,fair,NA
AIMS,2021-09-29T03:00:00Z,PRM04,STIC,20210924-20220314,HS,21044189,0,17.76,25.37222249,0,fair,NA
AIMS,2021-09-29T03:30:00Z,PRM04,STIC,20210924-20220314,HS,21044189,0,17.57,25.37222249,0,fair,NA
AIMS,2021-09-29T04:00:00Z,PRM04,STIC,20210924-20220314,HS,21044189,0,17.379,25.37222249,0,fair,NA
AIMS,2021-09-29T04:30:00Z,PRM04,STIC,20210924-20220314,HS,21044189,0,17.189,25.37222249,0,fair,NA
AIMS,2021-09-29T05:00:00Z,PRM04,STIC,20210924-20220314,HS,21044189,0,16.999,25.37222249,0,fair,NA
AIMS,2021-09-29T05:30:00Z,PRM04,STIC,20210924-20220314,HS,21044189,0,16.903,25.37222249,0,fair,NA
AIMS,2021-09-29T06:00:00Z,PRM04,STIC,20210924-20220314,HS,21044189,0,16.808,25.37222249,0,fair,NA
AIMS,2021-09-29T06:30:00Z,PRM04,STIC,20210924-20220314,HS,21044189,0,16.618,25.37222249,0,fair,NA
AIMS,2021-09-29T07:00:00Z,PRM04,STIC,20210924-20220314,HS,21044189,0,16.523,25.37222249,0,fair,NA
AIMS,2021-09-29T07:30:00Z,PRM04,STIC,20210924-20220314,HS,21044189,0,16.523,25.37222249,0,fair,NA
AIMS,2021-09-29T08:00:00Z,PRM04,STIC,20210924-20220314,HS,21044189,0,16.523,25.37222249,0,fair,NA
AIMS,2021-09-29T08:30:00Z,PRM04,STIC,20210924-20220314,HS,21044189,0,16.523,25.37222249,0,fair,NA
AIMS,2021-09-29T09:00:00Z,PRM04,STIC,20210924-20220314,HS,21044189,0,16.523,25.37222249,0,fair,NA
AIMS,2021-09-29T09:30:00Z,PRM04,STIC,20210924-20220314,HS,21044189,0,16.427,25.37222249,0,fair,NA
AIMS,2021-09-29T10:00:00Z,PRM04,STIC,20210924-20220314,HS,21044189,0,16.427,25.37222249,0,fair,NA
AIMS,2021-09-29T10:30:00Z,PRM04,STIC,20210924-20220314,HS,21044189,0,16.332,25.37222249,0,fair,NA
AIMS,2021-09-29T11:00:00Z,PRM04,STIC,20210924-20220314,HS,21044189,0,16.237,25.37222249,0,fair,NA
AIMS,2021-09-29T11:30:00Z,PRM04,STIC,20210924-20220314,HS,21044189,0,16.141,25.37222249,0,fair,NA
AIMS,2021-09-29T12:00:00Z,PRM04,STIC,20210924-20220314,HS,21044189,0,16.141,25.37222249,0,fair,NA
AIMS,2021-09-29T12:30:00Z,PRM04,STIC,20210924-20220314,HS,21044189,0,16.141,25.37222249,0,fair,NA
AIMS,2021-09-29T13:00:00Z,PRM04,STIC,20210924-20220314,HS,21044189,0,16.332,25.37222249,0,fair,NA
AIMS,2021-09-29T13:30:00Z,PRM04,STIC,20210924-20220314,HS,21044189,0,16.618,25.37222249,0,fair,NA
AIMS,2021-09-29T14:00:00Z,PRM04,STIC,20210924-20220314,HS,21044189,0,17.094,25.37222249,0,fair,NA
AIMS,2021-09-29T14:30:00Z,PRM04,STIC,20210924-20220314,HS,21044189,0,17.57,25.37222249,0,fair,NA
AIMS,2021-09-29T15:00:00Z,PRM04,STIC,20210924-20220314,HS,21044189,0,18.14,25.37222249,0,fair,NA
AIMS,2021-09-29T15:30:00Z,PRM04,STIC,20210924-20220314,HS,21044189,0,18.806,25.37222249,0,fair,NA
AIMS,2021-09-29T16:00:00Z,PRM04,STIC,20210924-20220314,HS,21044189,0,19.662,25.37222249,0,fair,NA
AIMS,2021-09-29T16:30:00Z,PRM04,STIC,20210924-20220314,HS,21044189,0,20.234,25.37222249,0,fair,NA
AIMS,2021-09-29T17:00:00Z,PRM04,STIC,20210924-20220314,HS,21044189,0,21.664,25.37222249,0,fair,NA
AIMS,2021-09-29T17:30:00Z,PRM04,STIC,20210924-20220314,HS,21044189,0,22.046,25.37222249,0,fair,NA
AIMS,2021-09-29T18:00:00Z,PRM04,STIC,20210924-20220314,HS,21044189,0,22.333,25.37222249,0,fair,NA
AIMS,2021-09-29T18:30:00Z,PRM04,STIC,20210924-20220314,HS,21044189,0,22.142,25.37222249,0,fair,NA
AIMS,2021-09-29T19:00:00Z,PRM04,STIC,20210924-20220314,HS,21044189,0,24.158,25.37222249,0,fair,NA
AIMS,2021-09-29T19:30:00Z,PRM04,STIC,20210924-20220314,HS,21044189,0,22.908,25.37222249,0,fair,NA
AIMS,2021-09-29T20:00:00Z,PRM04,STIC,20210924-20220314,HS,21044189,0,23.292,25.37222249,0,fair,NA
AIMS,2021-09-29T20:30:00Z,PRM04,STIC,20210924-20220314,HS,21044189,0,21.855,25.37222249,0,fair,NA
AIMS,2021-09-29T21:00:00Z,PRM04,STIC,20210924-20220314,HS,21044189,0,21.473,25.37222249,0,fair,NA
AIMS,2021-09-29T21:30:00Z,PRM04,STIC,20210924-20220314,HS,21044189,0,21.378,25.37222249,0,fair,NA
AIMS,2021-09-29T22:00:00Z,PRM04,STIC,20210924-20220314,HS,21044189,0,20.996,25.37222249,0,fair,NA
AIMS,2021-09-29T22:30:00Z,PRM04,STIC,20210924-20220314,HS,21044189,0,20.71,25.37222249,0,fair,NA
AIMS,2021-09-29T23:00:00Z,PRM04,STIC,20210924-20220314,HS,21044189,0,20.424,25.37222249,0,fair,NA
AIMS,2021-09-29T23:30:00Z,PRM04,STIC,20210924-20220314,HS,21044189,0,20.138,25.37222249,0,fair,NA
AIMS,2021-09-30T00:00:00Z,PRM04,STIC,20210924-20220314,HS,21044189,0,19.853,25.37222249,0,fair,NA
AIMS,2021-09-30T00:30:00Z,PRM04,STIC,20210924-20220314,HS,21044189,0,19.567,25.37222249,0,fair,NA
AIMS,2021-09-30T01:00:00Z,PRM04,STIC,20210924-20220314,HS,21044189,0,19.282,25.37222249,0,fair,NA
AIMS,2021-09-30T01:30:00Z,PRM04,STIC,20210924-20220314,HS,21044189,0,19.092,25.37222249,0,fair,NA
AIMS,2021-09-30T02:00:00Z,PRM04,STIC,20210924-20220314,HS,21044189,0,18.806,25.37222249,0,fair,NA
AIMS,2021-09-30T02:30:00Z,PRM04,STIC,20210924-20220314,HS,21044189,0,18.711,25.37222249,0,fair,NA
AIMS,2021-09-30T03:00:00Z,PRM04,STIC,20210924-20220314,HS,21044189,0,18.521,25.37222249,0,fair,NA
AIMS,2021-09-30T03:30:00Z,PRM04,STIC,20210924-20220314,HS,21044189,0,18.331,25.37222249,0,fair,NA
AIMS,2021-09-30T04:00:00Z,PRM04,STIC,20210924-20220314,HS,21044189,0,18.14,25.37222249,0,fair,NA
AIMS,2021-09-30T04:30:00Z,PRM04,STIC,20210924-20220314,HS,21044189,0,18.045,25.37222249,0,fair,NA
AIMS,2021-09-30T05:00:00Z,PRM04,STIC,20210924-20220314,HS,21044189,0,17.855,25.37222249,0,fair,NA
AIMS,2021-09-30T05:30:00Z,PRM04,STIC,20210924-20220314,HS,21044189,0,17.76,25.37222249,0,fair,NA
AIMS,2021-09-30T06:00:00Z,PRM04,STIC,20210924-20220314,HS,21044189,0,17.57,25.37222249,0,fair,NA
AIMS,2021-09-30T06:30:00Z,PRM04,STIC,20210924-20220314,HS,21044189,0,17.379,25.37222249,0,fair,NA
AIMS,2021-09-30T07:00:00Z,PRM04,STIC,20210924-20220314,HS,21044189,0,17.284,25.37222249,0,fair,NA
AIMS,2021-09-30T07:30:00Z,PRM04,STIC,20210924-20220314,HS,21044189,0,17.189,25.37222249,0,fair,NA
AIMS,2021-09-30T08:00:00Z,PRM04,STIC,20210924-20220314,HS,21044189,0,16.999,25.37222249,0,fair,NA
AIMS,2021-09-30T08:30:00Z,PRM04,STIC,20210924-20220314,HS,21044189,0,16.999,25.37222249,0,fair,NA
AIMS,2021-09-30T09:00:00Z,PRM04,STIC,20210924-20220314,HS,21044189,0,16.903,25.37222249,0,fair,NA
AIMS,2021-09-30T09:30:00Z,PRM04,STIC,20210924-20220314,HS,21044189,0,16.808,25.37222249,0,fair,NA
AIMS,2021-09-30T10:00:00Z,PRM04,STIC,20210924-20220314,HS,21044189,0,16.808,25.37222249,0,fair,NA
AIMS,2021-09-30T10:30:00Z,PRM04,STIC,20210924-20220314,HS,21044189,0,16.713,25.37222249,0,fair,NA
AIMS,2021-09-30T11:00:00Z,PRM04,STIC,20210924-20220314,HS,21044189,0,16.618,25.37222249,0,fair,NA
AIMS,2021-09-30T11:30:00Z,PRM04,STIC,20210924-20220314,HS,21044189,0,16.523,25.37222249,0,fair,NA
AIMS,2021-09-30T12:00:00Z,PRM04,STIC,20210924-20220314,HS,21044189,0,16.523,25.37222249,0,fair,NA
AIMS,2021-09-30T12:30:00Z,PRM04,STIC,20210924-20220314,HS,21044189,0,16.523,25.37222249,0,fair,NA
AIMS,2021-09-30T13:00:00Z,PRM04,STIC,20210924-20220314,HS,21044189,0,16.713,25.37222249,0,fair,NA
AIMS,2021-09-30T13:30:00Z,PRM04,STIC,20210924-20220314,HS,21044189,0,17.094,25.37222249,0,fair,NA
AIMS,2021-09-30T14:00:00Z,PRM04,STIC,20210924-20220314,HS,21044189,0,17.475,25.37222249,0,fair,NA
AIMS,2021-09-30T14:30:00Z,PRM04,STIC,20210924-20220314,HS,21044189,0,17.855,25.37222249,0,fair,NA
AIMS,2021-09-30T15:00:00Z,PRM04,STIC,20210924-20220314,HS,21044189,0,18.426,25.37222249,0,fair,NA
AIMS,2021-09-30T15:30:00Z,PRM04,STIC,20210924-20220314,HS,21044189,0,18.901,25.37222249,0,fair,NA
AIMS,2021-09-30T16:00:00Z,PRM04,STIC,20210924-20220314,HS,21044189,0,19.377,25.37222249,0,fair,NA
AIMS,2021-09-30T16:30:00Z,PRM04,STIC,20210924-20220314,HS,21044189,0,19.758,25.37222249,0,fair,NA
AIMS,2021-09-30T17:00:00Z,PRM04,STIC,20210924-20220314,HS,21044189,0,21.091,25.37222249,0,fair,NA
AIMS,2021-09-30T17:30:00Z,PRM04,STIC,20210924-20220314,HS,21044189,0,21.378,25.37222249,0,fair,NA
AIMS,2021-09-30T18:00:00Z,PRM04,STIC,20210924-20220314,HS,21044189,0,21.378,25.37222249,0,fair,NA
AIMS,2021-09-30T18:30:00Z,PRM04,STIC,20210924-20220314,HS,21044189,0,21.664,25.37222249,0,fair,NA
AIMS,2021-09-30T19:00:00Z,PRM04,STIC,20210924-20220314,HS,21044189,0,23.484,25.37222249,0,fair,NA
AIMS,2021-09-30T19:30:00Z,PRM04,STIC,20210924-20220314,HS,21044189,0,22.238,25.37222249,0,fair,NA
AIMS,2021-09-30T20:00:00Z,PRM04,STIC,20210924-20220314,HS,21044189,0,21.664,25.37222249,0,fair,NA
AIMS,2021-09-30T20:30:00Z,PRM04,STIC,20210924-20220314,HS,21044189,0,21.569,25.37222249,0,fair,NA
AIMS,2021-09-30T21:00:00Z,PRM04,STIC,20210924-20220314,HS,21044189,0,21.473,25.37222249,0,fair,NA
AIMS,2021-09-30T21:30:00Z,PRM04,STIC,20210924-20220314,HS,21044189,0,21.282,25.37222249,0,fair,NA
AIMS,2021-09-30T22:00:00Z,PRM04,STIC,20210924-20220314,HS,21044189,0,21.187,25.37222249,0,fair,NA
AIMS,2021-09-30T22:30:00Z,PRM04,STIC,20210924-20220314,HS,21044189,0,20.996,25.37222249,0,fair,NA
AIMS,2021-09-30T23:00:00Z,PRM04,STIC,20210924-20220314,HS,21044189,0,20.805,25.37222249,0,fair,NA
AIMS,2021-09-30T23:30:00Z,PRM04,STIC,20210924-20220314,HS,21044189,0,20.615,25.37222249,0,fair,NA
AIMS,2021-10-01T00:00:00Z,PRM04,STIC,20210924-20220314,HS,21044189,0,20.424,25.37222249,0,fair,NA
AIMS,2021-10-01T00:30:00Z,PRM04,STIC,20210924-20220314,HS,21044189,0,20.234,25.37222249,0,fair,NA
AIMS,2021-10-01T01:00:00Z,PRM04,STIC,20210924-20220314,HS,21044189,0,20.043,25.37222249,0,fair,NA
AIMS,2021-10-01T01:30:00Z,PRM04,STIC,20210924-20220314,HS,21044189,0,19.948,25.37222249,0,fair,NA
AIMS,2021-10-01T02:00:00Z,PRM04,STIC,20210924-20220314,HS,21044189,0,19.853,25.37222249,0,fair,NA
AIMS,2021-10-01T02:30:00Z,PRM04,STIC,20210924-20220314,HS,21044189,0,19.758,25.37222249,0,fair,NA
AIMS,2021-10-01T03:00:00Z,PRM04,STIC,20210924-20220314,HS,21044189,0,19.662,25.37222249,0,fair,NA
AIMS,2021-10-01T03:30:00Z,PRM04,STIC,20210924-20220314,HS,21044189,0,19.567,25.37222249,0,fair,NA
AIMS,2021-10-01T04:00:00Z,PRM04,STIC,20210924-20220314,HS,21044189,0,19.472,25.37222249,0,fair,NA
AIMS,2021-10-01T04:30:00Z,PRM04,STIC,20210924-20220314,HS,21044189,0,19.377,25.37222249,0,fair,NA
AIMS,2021-10-01T05:00:00Z,PRM04,STIC,20210924-20220314,HS,21044189,0,19.282,25.37222249,0,fair,NA
AIMS,2021-10-01T05:30:00Z,PRM04,STIC,20210924-20220314,HS,21044189,0,19.187,25.37222249,0,fair,NA
AIMS,2021-10-01T06:00:00Z,PRM04,STIC,20210924-20220314,HS,21044189,0,18.996,25.37222249,0,fair,NA
AIMS,2021-10-01T06:30:00Z,PRM04,STIC,20210924-20220314,HS,21044189,0,18.901,25.37222249,0,fair,NA
AIMS,2021-10-01T07:00:00Z,PRM04,STIC,20210924-20220314,HS,21044189,0,18.901,25.37222249,0,fair,NA
AIMS,2021-10-01T07:30:00Z,PRM04,STIC,20210924-20220314,HS,21044189,0,18.806,25.37222249,0,fair,NA
AIMS,2021-10-01T08:00:00Z,PRM04,STIC,20210924-20220314,HS,21044189,0,18.806,25.37222249,0,fair,NA
AIMS,2021-10-01T08:30:00Z,PRM04,STIC,20210924-20220314,HS,21044189,0,18.711,25.37222249,0,fair,NA
AIMS,2021-10-01T09:00:00Z,PRM04,STIC,20210924-20220314,HS,21044189,0,18.711,25.37222249,0,fair,NA
AIMS,2021-10-01T09:30:00Z,PRM04,STIC,20210924-20220314,HS,21044189,0,18.616,25.37222249,0,fair,NA
AIMS,2021-10-01T10:00:00Z,PRM04,STIC,20210924-20220314,HS,21044189,0,18.616,25.37222249,0,fair,NA
AIMS,2021-10-01T10:30:00Z,PRM04,STIC,20210924-20220314,HS,21044189,0,18.521,25.37222249,0,fair,NA
AIMS,2021-10-01T11:00:00Z,PRM04,STIC,20210924-20220314,HS,21044189,0,18.521,25.37222249,0,fair,NA
AIMS,2021-10-01T11:30:00Z,PRM04,STIC,20210924-20220314,HS,21044189,0,18.426,25.37222249,0,fair,NA
AIMS,2021-10-01T12:00:00Z,PRM04,STIC,20210924-20220314,HS,21044189,0,18.331,25.37222249,0,fair,NA
AIMS,2021-10-01T12:30:00Z,PRM04,STIC,20210924-20220314,HS,21044189,0,18.236,25.37222249,0,fair,NA
AIMS,2021-10-01T13:00:00Z,PRM04,STIC,20210924-20220314,HS,21044189,0,18.331,25.37222249,0,fair,NA
AIMS,2021-10-01T13:30:00Z,PRM04,STIC,20210924-20220314,HS,21044189,0,18.426,25.37222249,0,fair,NA
AIMS,2021-10-01T14:00:00Z,PRM04,STIC,20210924-20220314,HS,21044189,0,18.901,25.37222249,0,fair,NA
AIMS,2021-10-01T14:30:00Z,PRM04,STIC,20210924-20220314,HS,21044189,0,19.377,25.37222249,0,fair,NA
AIMS,2021-10-01T15:00:00Z,PRM04,STIC,20210924-20220314,HS,21044189,0,19.853,25.37222249,0,fair,NA
AIMS,2021-10-01T15:30:00Z,PRM04,STIC,20210924-20220314,HS,21044189,0,20.71,25.37222249,0,fair,NA
AIMS,2021-10-01T16:00:00Z,PRM04,STIC,20210924-20220314,HS,21044189,0,21.664,25.37222249,0,fair,NA
AIMS,2021-10-01T16:30:00Z,PRM04,STIC,20210924-20220314,HS,21044189,0,22.812,25.37222249,0,fair,NA
AIMS,2021-10-01T17:00:00Z,PRM04,STIC,20210924-20220314,HS,21044189,0,22.812,25.37222249,0,fair,NA
AIMS,2021-10-01T17:30:00Z,PRM04,STIC,20210924-20220314,HS,21044189,0,23.869,25.37222249,0,fair,NA
AIMS,2021-10-01T18:00:00Z,PRM04,STIC,20210924-20220314,HS,21044189,0,24.545,25.37222249,0,fair,NA
AIMS,2021-10-01T18:30:00Z,PRM04,STIC,20210924-20220314,HS,21044189,0,24.641,25.37222249,0,fair,NA
AIMS,2021-10-01T19:00:00Z,PRM04,STIC,20210924-20220314,HS,21044189,0,27.468,25.37222249,0,fair,NA
AIMS,2021-10-01T19:30:00Z,PRM04,STIC,20210924-20220314,HS,21044189,0,25.416,25.37222249,0,fair,NA
AIMS,2021-10-01T20:00:00Z,PRM04,STIC,20210924-20220314,HS,21044189,0,24.835,25.37222249,0,fair,NA
AIMS,2021-10-01T20:30:00Z,PRM04,STIC,20210924-20220314,HS,21044189,0,23.966,25.37222249,0,fair,NA
AIMS,2021-10-01T21:00:00Z,PRM04,STIC,20210924-20220314,HS,21044189,0,23.196,25.37222249,0,fair,NA
AIMS,2021-10-01T21:30:00Z,PRM04,STIC,20210924-20220314,HS,21044189,0,22.621,25.37222249,0,fair,NA
AIMS,2021-10-01T22:00:00Z,PRM04,STIC,20210924-20220314,HS,21044189,0,22.238,25.37222249,0,fair,NA
AIMS,2021-10-01T22:30:00Z,PRM04,STIC,20210924-20220314,HS,21044189,0,21.76,25.37222249,0,fair,NA
AIMS,2021-10-01T23:00:00Z,PRM04,STIC,20210924-20220314,HS,21044189,0,21.473,25.37222249,0,fair,NA
AIMS,2021-10-01T23:30:00Z,PRM04,STIC,20210924-20220314,HS,21044189,0,21.091,25.37222249,0,fair,NA
AIMS,2021-10-02T00:00:00Z,PRM04,STIC,20210924-20220314,HS,21044189,0,20.71,25.37222249,0,fair,NA
AIMS,2021-10-02T00:30:00Z,PRM04,STIC,20210924-20220314,HS,21044189,0,20.234,25.37222249,0,fair,NA
AIMS,2021-10-02T01:00:00Z,PRM04,STIC,20210924-20220314,HS,21044189,0,19.853,25.37222249,0,fair,NA
AIMS,2021-10-02T01:30:00Z,PRM04,STIC,20210924-20220314,HS,21044189,0,19.662,25.37222249,0,fair,NA
AIMS,2021-10-02T02:00:00Z,PRM04,STIC,20210924-20220314,HS,21044189,0,19.377,25.37222249,0,fair,NA
AIMS,2021-10-02T02:30:00Z,PRM04,STIC,20210924-20220314,HS,21044189,0,19.092,25.37222249,0,fair,NA
AIMS,2021-10-02T03:00:00Z,PRM04,STIC,20210924-20220314,HS,21044189,0,18.806,25.37222249,0,fair,NA
AIMS,2021-10-02T03:30:00Z,PRM04,STIC,20210924-20220314,HS,21044189,0,18.616,25.37222249,0,fair,NA
AIMS,2021-10-02T04:00:00Z,PRM04,STIC,20210924-20220314,HS,21044189,0,18.426,25.37222249,0,fair,NA
AIMS,2021-10-02T04:30:00Z,PRM04,STIC,20210924-20220314,HS,21044189,0,18.236,25.37222249,0,fair,NA
AIMS,2021-10-02T05:00:00Z,PRM04,STIC,20210924-20220314,HS,21044189,0,18.045,25.37222249,0,fair,NA
AIMS,2021-10-02T05:30:00Z,PRM04,STIC,20210924-20220314,HS,21044189,0,17.855,25.37222249,0,fair,NA
AIMS,2021-10-02T06:00:00Z,PRM04,STIC,20210924-20220314,HS,21044189,0,17.665,25.37222249,0,fair,NA
AIMS,2021-10-02T06:30:00Z,PRM04,STIC,20210924-20220314,HS,21044189,0,17.475,25.37222249,0,fair,NA
AIMS,2021-10-02T07:00:00Z,PRM04,STIC,20210924-20220314,HS,21044189,0,17.379,25.37222249,0,fair,NA
AIMS,2021-10-02T07:30:00Z,PRM04,STIC,20210924-20220314,HS,21044189,0,17.189,25.37222249,0,fair,NA
AIMS,2021-10-02T08:00:00Z,PRM04,STIC,20210924-20220314,HS,21044189,0,17.094,25.37222249,0,fair,NA
AIMS,2021-10-02T08:30:00Z,PRM04,STIC,20210924-20220314,HS,21044189,0,16.999,25.37222249,0,fair,NA
AIMS,2021-10-02T09:00:00Z,PRM04,STIC,20210924-20220314,HS,21044189,0,16.808,25.37222249,0,fair,NA
AIMS,2021-10-02T09:30:00Z,PRM04,STIC,20210924-20220314,HS,21044189,0,16.713,25.37222249,0,fair,NA
AIMS,2021-10-02T10:00:00Z,PRM04,STIC,20210924-20220314,HS,21044189,0,16.523,25.37222249,0,fair,NA
AIMS,2021-10-02T10:30:00Z,PRM04,STIC,20210924-20220314,HS,21044189,0,16.523,25.37222249,0,fair,NA
AIMS,2021-10-02T11:00:00Z,PRM04,STIC,20210924-20220314,HS,21044189,0,16.427,25.37222249,0,fair,NA
AIMS,2021-10-02T11:30:00Z,PRM04,STIC,20210924-20220314,HS,21044189,0,16.427,25.37222249,0,fair,NA
AIMS,2021-10-02T12:00:00Z,PRM04,STIC,20210924-20220314,HS,21044189,0,16.427,25.37222249,0,fair,NA
AIMS,2021-10-02T12:30:00Z,PRM04,STIC,20210924-20220314,HS,21044189,0,16.427,25.37222249,0,fair,NA
AIMS,2021-10-02T13:00:00Z,PRM04,STIC,20210924-20220314,HS,21044189,0,16.713,25.37222249,0,fair,NA
AIMS,2021-10-02T13:30:00Z,PRM04,STIC,20210924-20220314,HS,21044189,0,17.189,25.37222249,0,fair,NA
AIMS,2021-10-02T14:00:00Z,PRM04,STIC,20210924-20220314,HS,21044189,0,17.665,25.37222249,0,fair,NA
AIMS,2021-10-02T14:30:00Z,PRM04,STIC,20210924-20220314,HS,21044189,0,18.236,25.37222249,0,fair,NA
AIMS,2021-10-02T15:00:00Z,PRM04,STIC,20210924-20220314,HS,21044189,0,18.711,25.37222249,0,fair,NA
AIMS,2021-10-02T15:30:00Z,PRM04,STIC,20210924-20220314,HS,21044189,0,19.282,25.37222249,0,fair,NA
AIMS,2021-10-02T16:00:00Z,PRM04,STIC,20210924-20220314,HS,21044189,0,20.138,25.37222249,0,fair,NA
AIMS,2021-10-02T16:30:00Z,PRM04,STIC,20210924-20220314,HS,21044189,0,20.519,25.37222249,0,fair,NA
AIMS,2021-10-02T17:00:00Z,PRM04,STIC,20210924-20220314,HS,21044189,0,20.996,25.37222249,0,fair,NA
AIMS,2021-10-02T17:30:00Z,PRM04,STIC,20210924-20220314,HS,21044189,0,22.429,25.37222249,0,fair,NA
AIMS,2021-10-02T18:00:00Z,PRM04,STIC,20210924-20220314,HS,21044189,0,23.004,25.37222249,0,fair,NA
AIMS,2021-10-02T18:30:00Z,PRM04,STIC,20210924-20220314,HS,21044189,0,23.004,25.37222249,0,fair,NA
AIMS,2021-10-02T19:00:00Z,PRM04,STIC,20210924-20220314,HS,21044189,0,23.004,25.37222249,0,fair,NA
AIMS,2021-10-02T19:30:00Z,PRM04,STIC,20210924-20220314,HS,21044189,0,22.333,25.37222249,0,fair,NA
AIMS,2021-10-02T20:00:00Z,PRM04,STIC,20210924-20220314,HS,21044189,0,22.142,25.37222249,0,fair,NA
AIMS,2021-10-02T20:30:00Z,PRM04,STIC,20210924-20220314,HS,21044189,0,21.855,25.37222249,0,fair,NA
AIMS,2021-10-02T21:00:00Z,PRM04,STIC,20210924-20220314,HS,21044189,0,21.664,25.37222249,0,fair,NA
AIMS,2021-10-02T21:30:00Z,PRM04,STIC,20210924-20220314,HS,21044189,0,21.76,25.37222249,0,fair,NA
AIMS,2021-10-02T22:00:00Z,PRM04,STIC,20210924-20220314,HS,21044189,0,21.664,25.37222249,0,fair,NA
AIMS,2021-10-02T22:30:00Z,PRM04,STIC,20210924-20220314,HS,21044189,0,21.473,25.37222249,0,fair,NA
AIMS,2021-10-02T23:00:00Z,PRM04,STIC,20210924-20220314,HS,21044189,0,21.091,25.37222249,0,fair,NA
AIMS,2021-10-02T23:30:00Z,PRM04,STIC,20210924-20220314,HS,21044189,0,20.901,25.37222249,0,fair,NA
AIMS,2021-10-03T00:00:00Z,PRM04,STIC,20210924-20220314,HS,21044189,0,20.71,25.37222249,0,fair,NA
AIMS,2021-10-03T00:30:00Z,PRM04,STIC,20210924-20220314,HS,21044189,0,20.519,25.37222249,0,fair,NA
AIMS,2021-10-03T01:00:00Z,PRM04,STIC,20210924-20220314,HS,21044189,0,20.424,25.37222249,0,fair,NA
AIMS,2021-10-03T01:30:00Z,PRM04,STIC,20210924-20220314,HS,21044189,0,20.329,25.37222249,0,fair,NA
AIMS,2021-10-03T02:00:00Z,PRM04,STIC,20210924-20220314,HS,21044189,0,20.234,25.37222249,0,fair,NA
AIMS,2021-10-03T02:30:00Z,PRM04,STIC,20210924-20220314,HS,21044189,0,20.138,25.37222249,0,fair,NA
AIMS,2021-10-03T03:00:00Z,PRM04,STIC,20210924-20220314,HS,21044189,0,20.043,25.37222249,0,fair,NA
AIMS,2021-10-03T03:30:00Z,PRM04,STIC,20210924-20220314,HS,21044189,0,20.043,25.37222249,0,fair,NA
AIMS,2021-10-03T04:00:00Z,PRM04,STIC,20210924-20220314,HS,21044189,0,19.948,25.37222249,0,fair,NA
AIMS,2021-10-03T04:30:00Z,PRM04,STIC,20210924-20220314,HS,21044189,0,19.948,25.37222249,0,fair,NA
AIMS,2021-10-03T05:00:00Z,PRM04,STIC,20210924-20220314,HS,21044189,0,19.853,25.37222249,0,fair,NA
AIMS,2021-10-03T05:30:00Z,PRM04,STIC,20210924-20220314,HS,21044189,0,19.853,25.37222249,0,fair,NA
AIMS,2021-10-03T06:00:00Z,PRM04,STIC,20210924-20220314,HS,21044189,0,19.758,25.37222249,0,fair,NA
AIMS,2021-10-03T06:30:00Z,PRM04,STIC,20210924-20220314,HS,21044189,0,19.758,25.37222249,0,fair,NA
AIMS,2021-10-03T07:00:00Z,PRM04,STIC,20210924-20220314,HS,21044189,0,19.662,25.37222249,0,fair,NA
AIMS,2021-10-03T07:30:00Z,PRM04,STIC,20210924-20220314,HS,21044189,0,19.662,25.37222249,0,fair,NA
AIMS,2021-10-03T08:00:00Z,PRM04,STIC,20210924-20220314,HS,21044189,0,19.662,25.37222249,0,fair,NA
AIMS,2021-10-03T08:30:00Z,PRM04,STIC,20210924-20220314,HS,21044189,0,19.662,25.37222249,0,fair,NA
AIMS,2021-10-03T09:00:00Z,PRM04,STIC,20210924-20220314,HS,21044189,0,19.567,25.37222249,0,fair,NA
AIMS,2021-10-03T09:30:00Z,PRM04,STIC,20210924-20220314,HS,21044189,0,19.567,25.37222249,0,fair,NA
AIMS,2021-10-03T10:00:00Z,PRM04,STIC,20210924-20220314,HS,21044189,0,19.567,25.37222249,0,fair,NA
AIMS,2021-10-03T10:30:00Z,PRM04,STIC,20210924-20220314,HS,21044189,0,19.472,25.37222249,0,fair,NA
AIMS,2021-10-03T11:00:00Z,PRM04,STIC,20210924-20220314,HS,21044189,0,19.472,25.37222249,0,fair,NA
AIMS,2021-10-03T11:30:00Z,PRM04,STIC,20210924-20220314,HS,21044189,0,19.472,25.37222249,0,fair,NA
AIMS,2021-10-03T12:00:00Z,PRM04,STIC,20210924-20220314,HS,21044189,0,19.472,25.37222249,0,fair,NA
AIMS,2021-10-03T12:30:00Z,PRM04,STIC,20210924-20220314,HS,21044189,0,19.377,25.37222249,0,fair,NA
AIMS,2021-10-03T13:00:00Z,PRM04,STIC,20210924-20220314,HS,21044189,0,19.472,25.37222249,0,fair,NA
AIMS,2021-10-03T13:30:00Z,PRM04,STIC,20210924-20220314,HS,21044189,0,19.758,25.37222249,0,fair,NA
AIMS,2021-10-03T14:00:00Z,PRM04,STIC,20210924-20220314,HS,21044189,0,19.948,25.37222249,0,fair,NA
AIMS,2021-10-03T14:30:00Z,PRM04,STIC,20210924-20220314,HS,21044189,0,19.948,25.37222249,0,fair,NA
AIMS,2021-10-03T15:00:00Z,PRM04,STIC,20210924-20220314,HS,21044189,0,19.948,25.37222249,0,fair,NA
AIMS,2021-10-03T15:30:00Z,PRM04,STIC,20210924-20220314,HS,21044189,0,20.043,25.37222249,0,fair,NA
AIMS,2021-10-03T16:00:00Z,PRM04,STIC,20210924-20220314,HS,21044189,0,20.138,25.37222249,0,fair,NA
AIMS,2021-10-03T16:30:00Z,PRM04,STIC,20210924-20220314,HS,21044189,0,20.234,25.37222249,0,fair,NA
AIMS,2021-10-03T17:00:00Z,PRM04,STIC,20210924-20220314,HS,21044189,0,20.234,25.37222249,0,fair,NA
AIMS,2021-10-03T17:30:00Z,PRM04,STIC,20210924-20220314,HS,21044189,0,20.234,25.37222249,0,fair,NA
AIMS,2021-10-03T18:00:00Z,PRM04,STIC,20210924-20220314,HS,21044189,0,20.234,25.37222249,0,fair,NA
AIMS,2021-10-03T18:30:00Z,PRM04,STIC,20210924-20220314,HS,21044189,0,20.424,25.37222249,0,fair,NA
AIMS,2021-10-03T19:00:00Z,PRM04,STIC,20210924-20220314,HS,21044189,0,20.519,25.37222249,0,fair,NA
AIMS,2021-10-03T19:30:00Z,PRM04,STIC,20210924-20220314,HS,21044189,0,20.424,25.37222249,0,fair,NA
AIMS,2021-10-03T20:00:00Z,PRM04,STIC,20210924-20220314,HS,21044189,0,20.615,25.37222249,0,fair,NA
AIMS,2021-10-03T20:30:00Z,PRM04,STIC,20210924-20220314,HS,21044189,0,20.519,25.37222249,0,fair,NA
AIMS,2021-10-03T21:00:00Z,PRM04,STIC,20210924-20220314,HS,21044189,0,20.424,25.37222249,0,fair,NA
AIMS,2021-10-03T21:30:00Z,PRM04,STIC,20210924-20220314,HS,21044189,0,20.424,25.37222249,0,fair,NA
AIMS,2021-10-03T22:00:00Z,PRM04,STIC,20210924-20220314,HS,21044189,0,20.329,25.37222249,0,fair,NA
AIMS,2021-10-03T22:30:00Z,PRM04,STIC,20210924-20220314,HS,21044189,0,20.234,25.37222249,0,fair,NA
AIMS,2021-10-03T23:00:00Z,PRM04,STIC,20210924-20220314,HS,21044189,0,20.234,25.37222249,0,fair,NA
AIMS,2021-10-03T23:30:00Z,PRM04,STIC,20210924-20220314,HS,21044189,0,20.138,25.37222249,0,fair,NA
AIMS,2021-10-04T00:00:00Z,PRM04,STIC,20210924-20220314,HS,21044189,0,20.043,25.37222249,0,fair,NA
AIMS,2021-10-04T00:30:00Z,PRM04,STIC,20210924-20220314,HS,21044189,0,19.948,25.37222249,0,fair,NA
AIMS,2021-10-04T01:00:00Z,PRM04,STIC,20210924-20220314,HS,21044189,0,19.853,25.37222249,0,fair,NA
AIMS,2021-10-04T01:30:00Z,PRM04,STIC,20210924-20220314,HS,21044189,0,19.853,25.37222249,0,fair,NA
AIMS,2021-10-04T02:00:00Z,PRM04,STIC,20210924-20220314,HS,21044189,0,19.758,25.37222249,0,fair,NA
AIMS,2021-10-04T02:30:00Z,PRM04,STIC,20210924-20220314,HS,21044189,0,19.662,25.37222249,0,fair,NA
AIMS,2021-10-04T03:00:00Z,PRM04,STIC,20210924-20220314,HS,21044189,0,19.662,25.37222249,0,fair,NA
AIMS,2021-10-04T03:30:00Z,PRM04,STIC,20210924-20220314,HS,21044189,0,19.662,25.37222249,0,fair,NA
AIMS,2021-10-04T04:00:00Z,PRM04,STIC,20210924-20220314,HS,21044189,0,19.662,25.37222249,0,fair,NA
AIMS,2021-10-04T04:30:00Z,PRM04,STIC,20210924-20220314,HS,21044189,0,19.662,25.37222249,0,fair,NA
AIMS,2021-10-04T05:00:00Z,PRM04,STIC,20210924-20220314,HS,21044189,0,19.567,25.37222249,0,fair,NA
AIMS,2021-10-04T05:30:00Z,PRM04,STIC,20210924-20220314,HS,21044189,0,19.567,25.37222249,0,fair,NA
AIMS,2021-10-04T06:00:00Z,PRM04,STIC,20210924-20220314,HS,21044189,0,19.662,25.37222249,0,fair,NA
AIMS,2021-10-04T06:30:00Z,PRM04,STIC,20210924-20220314,HS,21044189,0,19.567,25.37222249,0,fair,NA
AIMS,2021-10-04T07:00:00Z,PRM04,STIC,20210924-20220314,HS,21044189,0,19.567,25.37222249,0,fair,NA
AIMS,2021-10-04T07:30:00Z,PRM04,STIC,20210924-20220314,HS,21044189,0,19.567,25.37222249,0,fair,NA
AIMS,2021-10-04T08:00:00Z,PRM04,STIC,20210924-20220314,HS,21044189,0,19.567,25.37222249,0,fair,NA
AIMS,2021-10-04T08:30:00Z,PRM04,STIC,20210924-20220314,HS,21044189,0,19.567,25.37222249,0,fair,NA
AIMS,2021-10-04T09:00:00Z,PRM04,STIC,20210924-20220314,HS,21044189,0,19.567,25.37222249,0,fair,NA
AIMS,2021-10-04T09:30:00Z,PRM04,STIC,20210924-20220314,HS,21044189,0,19.567,25.37222249,0,fair,NA
AIMS,2021-10-04T10:00:00Z,PRM04,STIC,20210924-20220314,HS,21044189,0,19.377,25.37222249,0,fair,NA
AIMS,2021-10-04T10:30:00Z,PRM04,STIC,20210924-20220314,HS,21044189,0,18.996,25.37222249,0,fair,NA
AIMS,2021-10-04T11:00:00Z,PRM04,STIC,20210924-20220314,HS,21044189,0,18.901,25.37222249,0,fair,NA
AIMS,2021-10-04T11:30:00Z,PRM04,STIC,20210924-20220314,HS,21044189,0,18.996,25.37222249,0,fair,NA
AIMS,2021-10-04T12:00:00Z,PRM04,STIC,20210924-20220314,HS,21044189,0,18.996,25.37222249,0,fair,NA
AIMS,2021-10-04T12:30:00Z,PRM04,STIC,20210924-20220314,HS,21044189,0,18.996,25.37222249,0,fair,NA
AIMS,2021-10-04T13:00:00Z,PRM04,STIC,20210924-20220314,HS,21044189,0,19.092,25.37222249,0,fair,NA
AIMS,2021-10-04T13:30:00Z,PRM04,STIC,20210924-20220314,HS,21044189,0,19.282,25.37222249,0,fair,NA
AIMS,2021-10-04T14:00:00Z,PRM04,STIC,20210924-20220314,HS,21044189,0,19.567,25.37222249,0,fair,NA
AIMS,2021-10-04T14:30:00Z,PRM04,STIC,20210924-20220314,HS,21044189,0,19.853,25.37222249,0,fair,NA
AIMS,2021-10-04T15:00:00Z,PRM04,STIC,20210924-20220314,HS,21044189,0,20.138,25.37222249,0,fair,NA
AIMS,2021-10-04T15:30:00Z,PRM04,STIC,20210924-20220314,HS,21044189,0,20.615,25.37222249,0,fair,NA
AIMS,2021-10-04T16:00:00Z,PRM04,STIC,20210924-20220314,HS,21044189,0,20.996,25.37222249,0,fair,NA
AIMS,2021-10-04T16:30:00Z,PRM04,STIC,20210924-20220314,HS,21044189,0,21.187,25.37222249,0,fair,NA
AIMS,2021-10-04T17:00:00Z,PRM04,STIC,20210924-20220314,HS,21044189,0,21.378,25.37222249,0,fair,NA
AIMS,2021-10-04T17:30:00Z,PRM04,STIC,20210924-20220314,HS,21044189,0,21.664,25.37222249,0,fair,NA
AIMS,2021-10-04T18:00:00Z,PRM04,STIC,20210924-20220314,HS,21044189,0,21.282,25.37222249,0,fair,NA
AIMS,2021-10-04T18:30:00Z,PRM04,STIC,20210924-20220314,HS,21044189,0,21.473,25.37222249,0,fair,NA
AIMS,2021-10-04T19:00:00Z,PRM04,STIC,20210924-20220314,HS,21044189,0,21.855,25.37222249,0,fair,NA
AIMS,2021-10-04T19:30:00Z,PRM04,STIC,20210924-20220314,HS,21044189,0,21.76,25.37222249,0,fair,NA
AIMS,2021-10-04T20:00:00Z,PRM04,STIC,20210924-20220314,HS,21044189,0,21.855,25.37222249,0,fair,NA
AIMS,2021-10-04T20:30:00Z,PRM04,STIC,20210924-20220314,HS,21044189,0,21.855,25.37222249,0,fair,NA
AIMS,2021-10-04T21:00:00Z,PRM04,STIC,20210924-20220314,HS,21044189,0,21.951,25.37222249,0,fair,NA
AIMS,2021-10-04T21:30:00Z,PRM04,STIC,20210924-20220314,HS,21044189,0,21.951,25.37222249,0,fair,NA
AIMS,2021-10-04T22:00:00Z,PRM04,STIC,20210924-20220314,HS,21044189,0,21.76,25.37222249,0,fair,NA
AIMS,2021-10-04T22:30:00Z,PRM04,STIC,20210924-20220314,HS,21044189,0,21.473,25.37222249,0,fair,NA
AIMS,2021-10-04T23:00:00Z,PRM04,STIC,20210924-20220314,HS,21044189,0,21.091,25.37222249,0,fair,NA
AIMS,2021-10-04T23:30:00Z,PRM04,STIC,20210924-20220314,HS,21044189,0,20.901,25.37222249,0,fair,NA
AIMS,2021-10-05T00:00:00Z,PRM04,STIC,20210924-20220314,HS,21044189,0,20.71,25.37222249,0,fair,NA
AIMS,2021-10-05T00:30:00Z,PRM04,STIC,20210924-20220314,HS,21044189,0,20.424,25.37222249,0,fair,NA
AIMS,2021-10-05T01:00:00Z,PRM04,STIC,20210924-20220314,HS,21044189,0,20.043,25.37222249,0,fair,NA
AIMS,2021-10-05T01:30:00Z,PRM04,STIC,20210924-20220314,HS,21044189,0,19.567,25.37222249,0,fair,NA
AIMS,2021-10-05T02:00:00Z,PRM04,STIC,20210924-20220314,HS,21044189,0,19.282,25.37222249,0,fair,NA
AIMS,2021-10-05T02:30:00Z,PRM04,STIC,20210924-20220314,HS,21044189,0,19.092,25.37222249,0,fair,NA
AIMS,2021-10-05T03:00:00Z,PRM04,STIC,20210924-20220314,HS,21044189,0,18.806,25.37222249,0,fair,NA
AIMS,2021-10-05T03:30:00Z,PRM04,STIC,20210924-20220314,HS,21044189,0,18.711,25.37222249,0,fair,NA
AIMS,2021-10-05T04:00:00Z,PRM04,STIC,20210924-20220314,HS,21044189,0,18.521,25.37222249,0,fair,NA
AIMS,2021-10-05T04:30:00Z,PRM04,STIC,20210924-20220314,HS,21044189,0,18.426,25.37222249,0,fair,NA
AIMS,2021-10-05T05:00:00Z,PRM04,STIC,20210924-20220314,HS,21044189,0,18.331,25.37222249,0,fair,NA
AIMS,2021-10-05T05:30:00Z,PRM04,STIC,20210924-20220314,HS,21044189,0,18.331,25.37222249,0,fair,NA
AIMS,2021-10-05T06:00:00Z,PRM04,STIC,20210924-20220314,HS,21044189,0,18.236,25.37222249,0,fair,NA
AIMS,2021-10-05T06:30:00Z,PRM04,STIC,20210924-20220314,HS,21044189,0,18.331,25.37222249,0,fair,NA
AIMS,2021-10-05T07:00:00Z,PRM04,STIC,20210924-20220314,HS,21044189,0,18.331,25.37222249,0,fair,NA
AIMS,2021-10-05T07:30:00Z,PRM04,STIC,20210924-20220314,HS,21044189,0,18.331,25.37222249,0,fair,NA
AIMS,2021-10-05T08:00:00Z,PRM04,STIC,20210924-20220314,HS,21044189,0,18.236,25.37222249,0,fair,NA
AIMS,2021-10-05T08:30:00Z,PRM04,STIC,20210924-20220314,HS,21044189,0,18.236,25.37222249,0,fair,NA
AIMS,2021-10-05T09:00:00Z,PRM04,STIC,20210924-20220314,HS,21044189,0,18.14,25.37222249,0,fair,NA
AIMS,2021-10-05T09:30:00Z,PRM04,STIC,20210924-20220314,HS,21044189,0,18.236,25.37222249,0,fair,NA
AIMS,2021-10-05T10:00:00Z,PRM04,STIC,20210924-20220314,HS,21044189,0,18.236,25.37222249,0,fair,NA
AIMS,2021-10-05T10:30:00Z,PRM04,STIC,20210924-20220314,HS,21044189,0,18.236,25.37222249,0,fair,NA
AIMS,2021-10-05T11:00:00Z,PRM04,STIC,20210924-20220314,HS,21044189,0,18.331,25.37222249,0,fair,NA
AIMS,2021-10-05T11:30:00Z,PRM04,STIC,20210924-20220314,HS,21044189,0,18.331,25.37222249,0,fair,NA
AIMS,2021-10-05T12:00:00Z,PRM04,STIC,20210924-20220314,HS,21044189,0,18.426,25.37222249,0,fair,NA
AIMS,2021-10-05T12:30:00Z,PRM04,STIC,20210924-20220314,HS,21044189,0,18.426,25.37222249,0,fair,NA
AIMS,2021-10-05T13:00:00Z,PRM04,STIC,20210924-20220314,HS,21044189,0,18.521,25.37222249,0,fair,NA
AIMS,2021-10-05T13:30:00Z,PRM04,STIC,20210924-20220314,HS,21044189,0,18.711,25.37222249,0,fair,NA
AIMS,2021-10-05T14:00:00Z,PRM04,STIC,20210924-20220314,HS,21044189,0,18.996,25.37222249,0,fair,NA
AIMS,2021-10-05T14:30:00Z,PRM04,STIC,20210924-20220314,HS,21044189,0,19.282,25.37222249,0,fair,NA
AIMS,2021-10-05T15:00:00Z,PRM04,STIC,20210924-20220314,HS,21044189,0,19.472,25.37222249,0,fair,NA
AIMS,2021-10-05T15:30:00Z,PRM04,STIC,20210924-20220314,HS,21044189,0,19.567,25.37222249,0,fair,NA
AIMS,2021-10-05T16:00:00Z,PRM04,STIC,20210924-20220314,HS,21044189,0,19.853,25.37222249,0,fair,NA
AIMS,2021-10-05T16:30:00Z,PRM04,STIC,20210924-20220314,HS,21044189,0,19.948,25.37222249,0,fair,NA
AIMS,2021-10-05T17:00:00Z,PRM04,STIC,20210924-20220314,HS,21044189,0,19.948,25.37222249,0,fair,NA
AIMS,2021-10-05T17:30:00Z,PRM04,STIC,20210924-20220314,HS,21044189,0,19.567,25.37222249,0,fair,NA
AIMS,2021-10-05T18:00:00Z,PRM04,STIC,20210924-20220314,HS,21044189,0,19.853,25.37222249,0,fair,NA
AIMS,2021-10-05T18:30:00Z,PRM04,STIC,20210924-20220314,HS,21044189,0,20.805,25.37222249,0,fair,NA
AIMS,2021-10-05T19:00:00Z,PRM04,STIC,20210924-20220314,HS,21044189,0,20.805,25.37222249,0,fair,NA
AIMS,2021-10-05T19:30:00Z,PRM04,STIC,20210924-20220314,HS,21044189,0,20.615,25.37222249,0,fair,NA
AIMS,2021-10-05T20:00:00Z,PRM04,STIC,20210924-20220314,HS,21044189,0,20.71,25.37222249,0,fair,NA
AIMS,2021-10-05T20:30:00Z,PRM04,STIC,20210924-20220314,HS,21044189,0,20.615,25.37222249,0,fair,NA
AIMS,2021-10-05T21:00:00Z,PRM04,STIC,20210924-20220314,HS,21044189,0,20.615,25.37222249,0,fair,NA
AIMS,2021-10-05T21:30:00Z,PRM04,STIC,20210924-20220314,HS,21044189,0,20.615,25.37222249,0,fair,NA
AIMS,2021-10-05T22:00:00Z,PRM04,STIC,20210924-20220314,HS,21044189,0,20.519,25.37222249,0,fair,NA
AIMS,2021-10-05T22:30:00Z,PRM04,STIC,20210924-20220314,HS,21044189,0,20.329,25.37222249,0,fair,NA
AIMS,2021-10-05T23:00:00Z,PRM04,STIC,20210924-20220314,HS,21044189,0,20.234,25.37222249,0,fair,NA
AIMS,2021-10-05T23:30:00Z,PRM04,STIC,20210924-20220314,HS,21044189,0,20.138,25.37222249,0,fair,NA
AIMS,2021-10-06T00:00:00Z,PRM04,STIC,20210924-20220314,HS,21044189,0,19.853,25.37222249,0,fair,NA
AIMS,2021-10-06T00:30:00Z,PRM04,STIC,20210924-20220314,HS,21044189,0,19.662,25.37222249,0,fair,NA
AIMS,2021-10-06T01:00:00Z,PRM04,STIC,20210924-20220314,HS,21044189,0,19.472,25.37222249,0,fair,NA
AIMS,2021-10-06T01:30:00Z,PRM04,STIC,20210924-20220314,HS,21044189,0,19.377,25.37222249,0,fair,NA
AIMS,2021-10-06T02:00:00Z,PRM04,STIC,20210924-20220314,HS,21044189,0,19.377,25.37222249,0,fair,NA
AIMS,2021-10-06T02:30:00Z,PRM04,STIC,20210924-20220314,HS,21044189,0,19.282,25.37222249,0,fair,NA
AIMS,2021-10-06T03:00:00Z,PRM04,STIC,20210924-20220314,HS,21044189,0,19.187,25.37222249,0,fair,NA
AIMS,2021-10-06T03:30:00Z,PRM04,STIC,20210924-20220314,HS,21044189,0,19.092,25.37222249,0,fair,NA
AIMS,2021-10-06T04:00:00Z,PRM04,STIC,20210924-20220314,HS,21044189,0,19.187,25.37222249,0,fair,NA
AIMS,2021-10-06T04:30:00Z,PRM04,STIC,20210924-20220314,HS,21044189,0,19.282,25.37222249,0,fair,NA
AIMS,2021-10-06T05:00:00Z,PRM04,STIC,20210924-20220314,HS,21044189,0,19.377,25.37222249,0,fair,NA
AIMS,2021-10-06T05:30:00Z,PRM04,STIC,20210924-20220314,HS,21044189,0,19.377,25.37222249,0,fair,NA
AIMS,2021-10-06T06:00:00Z,PRM04,STIC,20210924-20220314,HS,21044189,0,19.377,25.37222249,0,fair,NA
AIMS,2021-10-06T06:30:00Z,PRM04,STIC,20210924-20220314,HS,21044189,0,19.472,25.37222249,0,fair,NA
AIMS,2021-10-06T07:00:00Z,PRM04,STIC,20210924-20220314,HS,21044189,0,19.472,25.37222249,0,fair,NA
AIMS,2021-10-06T07:30:00Z,PRM04,STIC,20210924-20220314,HS,21044189,0,19.472,25.37222249,0,fair,NA
AIMS,2021-10-06T08:00:00Z,PRM04,STIC,20210924-20220314,HS,21044189,0,19.472,25.37222249,0,fair,NA
AIMS,2021-10-06T08:30:00Z,PRM04,STIC,20210924-20220314,HS,21044189,0,19.472,25.37222249,0,fair,NA
AIMS,2021-10-06T09:00:00Z,PRM04,STIC,20210924-20220314,HS,21044189,0,19.472,25.37222249,0,fair,NA
AIMS,2021-10-06T09:30:00Z,PRM04,STIC,20210924-20220314,HS,21044189,0,19.472,25.37222249,0,fair,NA
AIMS,2021-10-06T10:00:00Z,PRM04,STIC,20210924-20220314,HS,21044189,0,19.472,25.37222249,0,fair,NA
AIMS,2021-10-06T10:30:00Z,PRM04,STIC,20210924-20220314,HS,21044189,0,19.472,25.37222249,0,fair,NA
AIMS,2021-10-06T11:00:00Z,PRM04,STIC,20210924-20220314,HS,21044189,0,19.377,25.37222249,0,fair,NA
AIMS,2021-10-06T11:30:00Z,PRM04,STIC,20210924-20220314,HS,21044189,0,19.282,25.37222249,0,fair,NA
AIMS,2021-10-06T12:00:00Z,PRM04,STIC,20210924-20220314,HS,21044189,0,19.282,25.37222249,0,fair,NA
AIMS,2021-10-06T12:30:00Z,PRM04,STIC,20210924-20220314,HS,21044189,0,19.282,25.37222249,0,fair,NA
AIMS,2021-10-06T13:00:00Z,PRM04,STIC,20210924-20220314,HS,21044189,0,19.282,25.37222249,0,fair,NA
AIMS,2021-10-06T13:30:00Z,PRM04,STIC,20210924-20220314,HS,21044189,0,19.377,25.37222249,0,fair,NA
AIMS,2021-10-06T14:00:00Z,PRM04,STIC,20210924-20220314,HS,21044189,0,19.472,25.37222249,0,fair,NA
AIMS,2021-10-06T14:30:00Z,PRM04,STIC,20210924-20220314,HS,21044189,0,19.567,25.37222249,0,fair,NA
AIMS,2021-10-06T15:00:00Z,PRM04,STIC,20210924-20220314,HS,21044189,0,20.043,25.37222249,0,fair,NA
AIMS,2021-10-06T15:30:00Z,PRM04,STIC,20210924-20220314,HS,21044189,0,20.234,25.37222249,0,fair,NA
AIMS,2021-10-06T16:00:00Z,PRM04,STIC,20210924-20220314,HS,21044189,0,20.234,25.37222249,0,fair,NA
AIMS,2021-10-06T16:30:00Z,PRM04,STIC,20210924-20220314,HS,21044189,0,20.234,25.37222249,0,fair,NA
AIMS,2021-10-06T17:00:00Z,PRM04,STIC,20210924-20220314,HS,21044189,0,20.71,25.37222249,0,fair,NA
AIMS,2021-10-06T17:30:00Z,PRM04,STIC,20210924-20220314,HS,21044189,0,21.282,25.37222249,0,fair,NA
AIMS,2021-10-06T18:00:00Z,PRM04,STIC,20210924-20220314,HS,21044189,0,21.282,25.37222249,0,fair,NA
AIMS,2021-10-06T18:30:00Z,PRM04,STIC,20210924-20220314,HS,21044189,0,22.238,25.37222249,0,fair,NA
AIMS,2021-10-06T19:00:00Z,PRM04,STIC,20210924-20220314,HS,21044189,0,22.525,25.37222249,0,fair,NA
AIMS,2021-10-06T19:30:00Z,PRM04,STIC,20210924-20220314,HS,21044189,0,21.951,25.37222249,0,fair,NA
AIMS,2021-10-06T20:00:00Z,PRM04,STIC,20210924-20220314,HS,21044189,0,21.664,25.37222249,0,fair,NA
AIMS,2021-10-06T20:30:00Z,PRM04,STIC,20210924-20220314,HS,21044189,0,20.996,25.37222249,0,fair,NA
AIMS,2021-10-06T21:00:00Z,PRM04,STIC,20210924-20220314,HS,21044189,0,20.71,25.37222249,0,fair,NA
AIMS,2021-10-06T21:30:00Z,PRM04,STIC,20210924-20220314,HS,21044189,0,20.615,25.37222249,0,fair,NA
AIMS,2021-10-06T22:00:00Z,PRM04,STIC,20210924-20220314,HS,21044189,0,20.615,25.37222249,0,fair,NA
AIMS,2021-10-06T22:30:00Z,PRM04,STIC,20210924-20220314,HS,21044189,0,19.853,25.37222249,0,fair,NA
AIMS,2021-10-06T23:00:00Z,PRM04,STIC,20210924-20220314,HS,21044189,0,19.567,25.37222249,0,fair,NA
AIMS,2021-10-06T23:30:00Z,PRM04,STIC,20210924-20220314,HS,21044189,0,19.662,25.37222249,0,fair,NA
AIMS,2021-10-07T00:00:00Z,PRM04,STIC,20210924-20220314,HS,21044189,14466.8,19.377,102.4607218432,1,fair,NA
AIMS,2021-10-07T00:30:00Z,PRM04,STIC,20210924-20220314,HS,21044189,30311.3,18.711,186.89050092370002,1,fair,NA
AIMS,2021-10-07T01:00:00Z,PRM04,STIC,20210924-20220314,HS,21044189,37200.2,18.236,223.5990310198,1,fair,NA
AIMS,2021-10-07T01:30:00Z,PRM04,STIC,20210924-20220314,HS,21044189,41333.6,18.045,245.62446879639998,1,fair,NA
AIMS,2021-10-07T02:00:00Z,PRM04,STIC,20210924-20220314,HS,21044189,44089.2,17.95,260.3080939808,1,fair,NA
AIMS,2021-10-07T02:30:00Z,PRM04,STIC,20210924-20220314,HS,21044189,46844.8,17.855,274.99171916520004,1,fair,NA
AIMS,2021-10-07T03:00:00Z,PRM04,STIC,20210924-20220314,HS,21044189,49600.3,17.855,289.67481148470006,1,fair,NA
AIMS,2021-10-07T03:30:00Z,PRM04,STIC,20210924-20220314,HS,21044189,49600.3,17.855,289.67481148470006,1,fair,NA
AIMS,2021-10-07T04:00:00Z,PRM04,STIC,20210924-20220314,HS,21044189,52355.9,17.95,304.35843666910006,1,fair,NA
AIMS,2021-10-07T04:30:00Z,PRM04,STIC,20210924-20220314,HS,21044189,52355.9,17.95,304.35843666910006,1,fair,NA
AIMS,2021-10-07T05:00:00Z,PRM04,STIC,20210924-20220314,HS,21044189,27555.7,17.95,172.20687573930002,1,fair,NA
AIMS,2021-10-07T05:30:00Z,PRM04,STIC,20210924-20220314,HS,21044189,24800.2,18.045,157.5237834198,1,fair,NA
AIMS,2021-10-07T06:00:00Z,PRM04,STIC,20210924-20220314,HS,21044189,26178,18.045,164.86559601200003,1,fair,NA
AIMS,2021-10-07T06:30:00Z,PRM04,STIC,20210924-20220314,HS,21044189,24800.2,18.045,157.5237834198,1,fair,NA
AIMS,2021-10-07T07:00:00Z,PRM04,STIC,20210924-20220314,HS,21044189,26178,17.95,164.86559601200003,1,fair,NA
AIMS,2021-10-07T07:30:00Z,PRM04,STIC,20210924-20220314,HS,21044189,46844.8,17.95,274.99171916520004,1,fair,NA
AIMS,2021-10-07T08:00:00Z,PRM04,STIC,20210924-20220314,HS,21044189,49600.3,17.95,289.67481148470006,1,fair,NA
AIMS,2021-10-07T08:30:00Z,PRM04,STIC,20210924-20220314,HS,21044189,38578,17.855,230.94084361200004,1,fair,NA
AIMS,2021-10-07T09:00:00Z,PRM04,STIC,20210924-20220314,HS,21044189,27555.7,17.855,172.20687573930002,1,fair,NA
AIMS,2021-10-07T09:30:00Z,PRM04,STIC,20210924-20220314,HS,21044189,28933.5,17.855,179.5486883315,1,fair,NA
AIMS,2021-10-07T10:00:00Z,PRM04,STIC,20210924-20220314,HS,21044189,30311.3,17.855,186.89050092370002,1,fair,NA
AIMS,2021-10-07T10:30:00Z,PRM04,STIC,20210924-20220314,HS,21044189,35822.5,17.76,216.25775129250002,1,fair,NA
AIMS,2021-10-07T11:00:00Z,PRM04,STIC,20210924-20220314,HS,21044189,34444.7,17.76,208.9159387003,1,fair,NA
AIMS,2021-10-07T11:30:00Z,PRM04,STIC,20210924-20220314,HS,21044189,34444.7,17.76,208.9159387003,1,fair,NA
AIMS,2021-10-07T12:00:00Z,PRM04,STIC,20210924-20220314,HS,21044189,34444.7,17.76,208.9159387003,1,fair,NA
AIMS,2021-10-07T12:30:00Z,PRM04,STIC,20210924-20220314,HS,21044189,34444.7,17.76,208.9159387003,1,fair,NA
AIMS,2021-10-07T13:00:00Z,PRM04,STIC,20210924-20220314,HS,21044189,38578,17.76,230.94084361200004,1,fair,NA
AIMS,2021-10-07T13:30:00Z,PRM04,STIC,20210924-20220314,HS,21044189,42711.4,17.76,252.9662813886,1,fair,NA
AIMS,2021-10-07T14:00:00Z,PRM04,STIC,20210924-20220314,HS,21044189,42711.4,17.855,252.9662813886,1,fair,NA
AIMS,2021-10-07T14:30:00Z,PRM04,STIC,20210924-20220314,HS,21044189,41333.6,17.855,245.62446879639998,1,fair,NA
AIMS,2021-10-07T15:00:00Z,PRM04,STIC,20210924-20220314,HS,21044189,39955.8,17.95,238.2826562042,1,fair,NA
AIMS,2021-10-07T15:30:00Z,PRM04,STIC,20210924-20220314,HS,21044189,39955.8,18.14,238.2826562042,1,fair,NA
AIMS,2021-10-07T16:00:00Z,PRM04,STIC,20210924-20220314,HS,21044189,41333.6,18.331,245.62446879639998,1,fair,NA
AIMS,2021-10-07T16:30:00Z,PRM04,STIC,20210924-20220314,HS,21044189,41333.6,18.426,245.62446879639998,1,fair,NA
AIMS,2021-10-07T17:00:00Z,PRM04,STIC,20210924-20220314,HS,21044189,41333.6,18.426,245.62446879639998,1,fair,NA
AIMS,2021-10-07T17:30:00Z,PRM04,STIC,20210924-20220314,HS,21044189,39955.8,18.521,238.2826562042,1,fair,NA
AIMS,2021-10-07T18:00:00Z,PRM04,STIC,20210924-20220314,HS,21044189,41333.6,18.711,245.62446879639998,1,fair,NA
AIMS,2021-10-07T18:30:00Z,PRM04,STIC,20210924-20220314,HS,21044189,39955.8,18.806,238.2826562042,1,fair,NA
AIMS,2021-10-07T19:00:00Z,PRM04,STIC,20210924-20220314,HS,21044189,37200.2,18.901,223.5990310198,1,fair,NA
AIMS,2021-10-07T19:30:00Z,PRM04,STIC,20210924-20220314,HS,21044189,38578,18.901,230.94084361200004,1,fair,NA
AIMS,2021-10-07T20:00:00Z,PRM04,STIC,20210924-20220314,HS,21044189,55111.5,18.996,319.04206185350006,1,fair,NA
AIMS,2021-10-07T20:30:00Z,PRM04,STIC,20210924-20220314,HS,21044189,55111.5,18.901,319.04206185350006,1,fair,NA
AIMS,2021-10-07T21:00:00Z,PRM04,STIC,20210924-20220314,HS,21044189,55111.5,18.901,319.04206185350006,1,fair,NA
AIMS,2021-10-07T21:30:00Z,PRM04,STIC,20210924-20220314,HS,21044189,55111.5,18.806,319.04206185350006,1,fair,NA
AIMS,2021-10-07T22:00:00Z,PRM04,STIC,20210924-20220314,HS,21044189,55111.5,18.806,319.04206185350006,1,fair,NA
AIMS,2021-10-07T22:30:00Z,PRM04,STIC,20210924-20220314,HS,21044189,55111.5,18.806,319.04206185350006,1,fair,NA
AIMS,2021-10-07T23:00:00Z,PRM04,STIC,20210924-20220314,HS,21044189,55111.5,18.711,319.04206185350006,1,fair,NA
AIMS,2021-10-07T23:30:00Z,PRM04,STIC,20210924-20220314,HS,21044189,55111.5,18.616,319.04206185350006,1,fair,NA
AIMS,2021-10-08T00:00:00Z,PRM04,STIC,20210924-20220314,HS,21044189,55111.5,18.521,319.04206185350006,1,fair,NA
AIMS,2021-10-08T00:30:00Z,PRM04,STIC,20210924-20220314,HS,21044189,55111.5,18.426,319.04206185350006,1,fair,NA
AIMS,2021-10-08T01:00:00Z,PRM04,STIC,20210924-20220314,HS,21044189,55111.5,18.331,319.04206185350006,1,fair,NA
AIMS,2021-10-08T01:30:00Z,PRM04,STIC,20210924-20220314,HS,21044189,55111.5,18.331,319.04206185350006,1,fair,NA
AIMS,2021-10-08T02:00:00Z,PRM04,STIC,20210924-20220314,HS,21044189,55111.5,18.236,319.04206185350006,1,fair,NA
AIMS,2021-10-08T02:30:00Z,PRM04,STIC,20210924-20220314,HS,21044189,55111.5,18.14,319.04206185350006,1,fair,NA
AIMS,2021-10-08T03:00:00Z,PRM04,STIC,20210924-20220314,HS,21044189,55111.5,18.14,319.04206185350006,1,fair,NA
AIMS,2021-10-08T03:30:00Z,PRM04,STIC,20210924-20220314,HS,21044189,55111.5,18.045,319.04206185350006,1,fair,NA
AIMS,2021-10-08T04:00:00Z,PRM04,STIC,20210924-20220314,HS,21044189,55111.5,17.95,319.04206185350006,1,fair,NA
AIMS,2021-10-08T04:30:00Z,PRM04,STIC,20210924-20220314,HS,21044189,55111.5,17.95,319.04206185350006,1,fair,NA
AIMS,2021-10-08T05:00:00Z,PRM04,STIC,20210924-20220314,HS,21044189,55111.5,17.95,319.04206185350006,1,fair,NA
AIMS,2021-10-08T05:30:00Z,PRM04,STIC,20210924-20220314,HS,21044189,55111.5,17.855,319.04206185350006,1,fair,NA
AIMS,2021-10-08T06:00:00Z,PRM04,STIC,20210924-20220314,HS,21044189,55111.5,17.855,319.04206185350006,1,fair,NA
AIMS,2021-10-08T06:30:00Z,PRM04,STIC,20210924-20220314,HS,21044189,55111.5,17.855,319.04206185350006,1,fair,NA
AIMS,2021-10-08T07:00:00Z,PRM04,STIC,20210924-20220314,HS,21044189,55111.5,17.855,319.04206185350006,1,fair,NA
AIMS,2021-10-08T07:30:00Z,PRM04,STIC,20210924-20220314,HS,21044189,55111.5,17.76,319.04206185350006,1,fair,NA
AIMS,2021-10-08T08:00:00Z,PRM04,STIC,20210924-20220314,HS,21044189,55111.5,17.76,319.04206185350006,1,fair,NA
AIMS,2021-10-08T08:30:00Z,PRM04,STIC,20210924-20220314,HS,21044189,55111.5,17.76,319.04206185350006,1,fair,NA
AIMS,2021-10-08T09:00:00Z,PRM04,STIC,20210924-20220314,HS,21044189,55111.5,17.665,319.04206185350006,1,fair,NA
AIMS,2021-10-08T09:30:00Z,PRM04,STIC,20210924-20220314,HS,21044189,55111.5,17.665,319.04206185350006,1,fair,NA
AIMS,2021-10-08T10:00:00Z,PRM04,STIC,20210924-20220314,HS,21044189,55111.5,17.57,319.04206185350006,1,fair,NA
AIMS,2021-10-08T10:30:00Z,PRM04,STIC,20210924-20220314,HS,21044189,55111.5,17.57,319.04206185350006,1,fair,NA
AIMS,2021-10-08T11:00:00Z,PRM04,STIC,20210924-20220314,HS,21044189,55111.5,17.57,319.04206185350006,1,fair,NA
AIMS,2021-10-08T11:30:00Z,PRM04,STIC,20210924-20220314,HS,21044189,55111.5,17.475,319.04206185350006,1,fair,NA
AIMS,2021-10-08T12:00:00Z,PRM04,STIC,20210924-20220314,HS,21044189,55111.5,17.475,319.04206185350006,1,fair,NA
AIMS,2021-10-08T12:30:00Z,PRM04,STIC,20210924-20220314,HS,21044189,55111.5,17.379,319.04206185350006,1,fair,NA
AIMS,2021-10-08T13:00:00Z,PRM04,STIC,20210924-20220314,HS,21044189,55111.5,17.379,319.04206185350006,1,fair,NA
AIMS,2021-10-08T13:30:00Z,PRM04,STIC,20210924-20220314,HS,21044189,52355.9,17.379,304.35843666910006,1,fair,NA
AIMS,2021-10-08T14:00:00Z,PRM04,STIC,20210924-20220314,HS,21044189,55111.5,17.379,319.04206185350006,1,fair,NA
AIMS,2021-10-08T14:30:00Z,PRM04,STIC,20210924-20220314,HS,21044189,55111.5,17.379,319.04206185350006,1,fair,NA
AIMS,2021-10-08T15:00:00Z,PRM04,STIC,20210924-20220314,HS,21044189,55111.5,17.475,319.04206185350006,1,fair,NA
AIMS,2021-10-08T15:30:00Z,PRM04,STIC,20210924-20220314,HS,21044189,55111.5,17.57,319.04206185350006,1,fair,NA
AIMS,2021-10-08T16:00:00Z,PRM04,STIC,20210924-20220314,HS,21044189,55111.5,17.76,319.04206185350006,1,fair,NA
AIMS,2021-10-08T16:30:00Z,PRM04,STIC,20210924-20220314,HS,21044189,55111.5,17.855,319.04206185350006,1,fair,NA
AIMS,2021-10-08T17:00:00Z,PRM04,STIC,20210924-20220314,HS,21044189,55111.5,18.045,319.04206185350006,1,fair,NA
AIMS,2021-10-08T17:30:00Z,PRM04,STIC,20210924-20220314,HS,21044189,55111.5,18.236,319.04206185350006,1,fair,NA
AIMS,2021-10-08T18:00:00Z,PRM04,STIC,20210924-20220314,HS,21044189,55111.5,18.331,319.04206185350006,1,fair,NA
AIMS,2021-10-08T18:30:00Z,PRM04,STIC,20210924-20220314,HS,21044189,55111.5,18.426,319.04206185350006,1,fair,NA
AIMS,2021-10-08T19:00:00Z,PRM04,STIC,20210924-20220314,HS,21044189,55111.5,18.521,319.04206185350006,1,fair,NA
AIMS,2021-10-08T19:30:00Z,PRM04,STIC,20210924-20220314,HS,21044189,55111.5,18.616,319.04206185350006,1,fair,NA
AIMS,2021-10-08T20:00:00Z,PRM04,STIC,20210924-20220314,HS,21044189,55111.5,18.616,319.04206185350006,1,fair,NA
AIMS,2021-10-08T20:30:00Z,PRM04,STIC,20210924-20220314,HS,21044189,55111.5,18.616,319.04206185350006,1,fair,NA
AIMS,2021-10-08T21:00:00Z,PRM04,STIC,20210924-20220314,HS,21044189,55111.5,18.616,319.04206185350006,1,fair,NA
AIMS,2021-10-08T21:30:00Z,PRM04,STIC,20210924-20220314,HS,21044189,55111.5,18.616,319.04206185350006,1,fair,NA
AIMS,2021-10-08T22:00:00Z,PRM04,STIC,20210924-20220314,HS,21044189,55111.5,18.616,319.04206185350006,1,fair,NA
AIMS,2021-10-08T22:30:00Z,PRM04,STIC,20210924-20220314,HS,21044189,55111.5,18.521,319.04206185350006,1,fair,NA
AIMS,2021-10-08T23:00:00Z,PRM04,STIC,20210924-20220314,HS,21044189,55111.5,18.426,319.04206185350006,1,fair,NA
AIMS,2021-10-08T23:30:00Z,PRM04,STIC,20210924-20220314,HS,21044189,55111.5,18.426,319.04206185350006,1,fair,NA
AIMS,2021-10-09T00:00:00Z,PRM04,STIC,20210924-20220314,HS,21044189,55111.5,18.331,319.04206185350006,1,fair,NA
AIMS,2021-10-09T00:30:00Z,PRM04,STIC,20210924-20220314,HS,21044189,55111.5,18.236,319.04206185350006,1,fair,NA
AIMS,2021-10-09T01:00:00Z,PRM04,STIC,20210924-20220314,HS,21044189,55111.5,18.14,319.04206185350006,1,fair,NA
AIMS,2021-10-09T01:30:00Z,PRM04,STIC,20210924-20220314,HS,21044189,55111.5,18.045,319.04206185350006,1,fair,NA
AIMS,2021-10-09T02:00:00Z,PRM04,STIC,20210924-20220314,HS,21044189,55111.5,17.95,319.04206185350006,1,fair,NA
AIMS,2021-10-09T02:30:00Z,PRM04,STIC,20210924-20220314,HS,21044189,55111.5,17.855,319.04206185350006,1,fair,NA
AIMS,2021-10-09T03:00:00Z,PRM04,STIC,20210924-20220314,HS,21044189,55111.5,17.855,319.04206185350006,1,fair,NA
AIMS,2021-10-09T03:30:00Z,PRM04,STIC,20210924-20220314,HS,21044189,55111.5,17.76,319.04206185350006,1,fair,NA
AIMS,2021-10-09T04:00:00Z,PRM04,STIC,20210924-20220314,HS,21044189,55111.5,17.665,319.04206185350006,1,fair,NA
AIMS,2021-10-09T04:30:00Z,PRM04,STIC,20210924-20220314,HS,21044189,55111.5,17.57,319.04206185350006,1,fair,NA
AIMS,2021-10-09T05:00:00Z,PRM04,STIC,20210924-20220314,HS,21044189,55111.5,17.57,319.04206185350006,1,fair,NA
AIMS,2021-10-09T05:30:00Z,PRM04,STIC,20210924-20220314,HS,21044189,55111.5,17.57,319.04206185350006,1,fair,NA
AIMS,2021-10-09T06:00:00Z,PRM04,STIC,20210924-20220314,HS,21044189,55111.5,17.475,319.04206185350006,1,fair,NA
AIMS,2021-10-09T06:30:00Z,PRM04,STIC,20210924-20220314,HS,21044189,55111.5,17.475,319.04206185350006,1,fair,NA
AIMS,2021-10-09T07:00:00Z,PRM04,STIC,20210924-20220314,HS,21044189,55111.5,17.379,319.04206185350006,1,fair,NA
AIMS,2021-10-09T07:30:00Z,PRM04,STIC,20210924-20220314,HS,21044189,55111.5,17.379,319.04206185350006,1,fair,NA
AIMS,2021-10-09T08:00:00Z,PRM04,STIC,20210924-20220314,HS,21044189,55111.5,17.379,319.04206185350006,1,fair,NA
AIMS,2021-10-09T08:30:00Z,PRM04,STIC,20210924-20220314,HS,21044189,55111.5,17.284,319.04206185350006,1,fair,NA
AIMS,2021-10-09T09:00:00Z,PRM04,STIC,20210924-20220314,HS,21044189,55111.5,17.284,319.04206185350006,1,fair,NA
AIMS,2021-10-09T09:30:00Z,PRM04,STIC,20210924-20220314,HS,21044189,55111.5,17.284,319.04206185350006,1,fair,NA
AIMS,2021-10-09T10:00:00Z,PRM04,STIC,20210924-20220314,HS,21044189,55111.5,17.189,319.04206185350006,1,fair,NA
AIMS,2021-10-09T10:30:00Z,PRM04,STIC,20210924-20220314,HS,21044189,55111.5,17.189,319.04206185350006,1,fair,NA
AIMS,2021-10-09T11:00:00Z,PRM04,STIC,20210924-20220314,HS,21044189,55111.5,17.094,319.04206185350006,1,fair,NA
AIMS,2021-10-09T11:30:00Z,PRM04,STIC,20210924-20220314,HS,21044189,55111.5,17.094,319.04206185350006,1,fair,NA
AIMS,2021-10-09T12:00:00Z,PRM04,STIC,20210924-20220314,HS,21044189,55111.5,16.999,319.04206185350006,1,fair,NA
AIMS,2021-10-09T12:30:00Z,PRM04,STIC,20210924-20220314,HS,21044189,55111.5,16.999,319.04206185350006,1,fair,NA
AIMS,2021-10-09T13:00:00Z,PRM04,STIC,20210924-20220314,HS,21044189,55111.5,16.999,319.04206185350006,1,fair,NA
AIMS,2021-10-09T13:30:00Z,PRM04,STIC,20210924-20220314,HS,21044189,55111.5,16.999,319.04206185350006,1,fair,NA
AIMS,2021-10-09T14:00:00Z,PRM04,STIC,20210924-20220314,HS,21044189,55111.5,16.999,319.04206185350006,1,fair,NA
AIMS,2021-10-09T14:30:00Z,PRM04,STIC,20210924-20220314,HS,21044189,55111.5,17.094,319.04206185350006,1,fair,NA
AIMS,2021-10-09T15:00:00Z,PRM04,STIC,20210924-20220314,HS,21044189,55111.5,17.189,319.04206185350006,1,fair,NA
AIMS,2021-10-09T15:30:00Z,PRM04,STIC,20210924-20220314,HS,21044189,55111.5,17.379,319.04206185350006,1,fair,NA
AIMS,2021-10-09T16:00:00Z,PRM04,STIC,20210924-20220314,HS,21044189,55111.5,17.57,319.04206185350006,1,fair,NA
AIMS,2021-10-09T16:30:00Z,PRM04,STIC,20210924-20220314,HS,21044189,55111.5,17.855,319.04206185350006,1,fair,NA
AIMS,2021-10-09T17:00:00Z,PRM04,STIC,20210924-20220314,HS,21044189,55111.5,18.045,319.04206185350006,1,fair,NA
AIMS,2021-10-09T17:30:00Z,PRM04,STIC,20210924-20220314,HS,21044189,55111.5,18.331,319.04206185350006,1,fair,NA
AIMS,2021-10-09T18:00:00Z,PRM04,STIC,20210924-20220314,HS,21044189,55111.5,18.616,319.04206185350006,1,fair,NA
AIMS,2021-10-09T18:30:00Z,PRM04,STIC,20210924-20220314,HS,21044189,55111.5,18.806,319.04206185350006,1,fair,NA
AIMS,2021-10-09T19:00:00Z,PRM04,STIC,20210924-20220314,HS,21044189,55111.5,18.996,319.04206185350006,1,fair,NA
AIMS,2021-10-09T19:30:00Z,PRM04,STIC,20210924-20220314,HS,21044189,55111.5,19.092,319.04206185350006,1,fair,NA
AIMS,2021-10-09T20:00:00Z,PRM04,STIC,20210924-20220314,HS,21044189,55111.5,19.187,319.04206185350006,1,fair,NA
AIMS,2021-10-09T20:30:00Z,PRM04,STIC,20210924-20220314,HS,21044189,55111.5,19.187,319.04206185350006,1,fair,NA
AIMS,2021-10-09T21:00:00Z,PRM04,STIC,20210924-20220314,HS,21044189,55111.5,19.187,319.04206185350006,1,fair,NA
AIMS,2021-10-09T21:30:00Z,PRM04,STIC,20210924-20220314,HS,21044189,55111.5,19.282,319.04206185350006,1,fair,NA
AIMS,2021-10-09T22:00:00Z,PRM04,STIC,20210924-20220314,HS,21044189,55111.5,19.187,319.04206185350006,1,fair,NA
AIMS,2021-10-09T22:30:00Z,PRM04,STIC,20210924-20220314,HS,21044189,55111.5,19.187,319.04206185350006,1,fair,NA
AIMS,2021-10-09T23:00:00Z,PRM04,STIC,20210924-20220314,HS,21044189,55111.5,19.187,319.04206185350006,1,fair,NA
AIMS,2021-10-09T23:30:00Z,PRM04,STIC,20210924-20220314,HS,21044189,55111.5,19.092,319.04206185350006,1,fair,NA
AIMS,2021-10-10T00:00:00Z,PRM04,STIC,20210924-20220314,HS,21044189,55111.5,18.996,319.04206185350006,1,fair,NA
AIMS,2021-10-10T00:30:00Z,PRM04,STIC,20210924-20220314,HS,21044189,55111.5,18.996,319.04206185350006,1,fair,NA
AIMS,2021-10-10T01:00:00Z,PRM04,STIC,20210924-20220314,HS,21044189,55111.5,18.806,319.04206185350006,1,fair,NA
AIMS,2021-10-10T01:30:00Z,PRM04,STIC,20210924-20220314,HS,21044189,55111.5,18.711,319.04206185350006,1,fair,NA
AIMS,2021-10-10T02:00:00Z,PRM04,STIC,20210924-20220314,HS,21044189,55111.5,18.616,319.04206185350006,1,fair,NA
AIMS,2021-10-10T02:30:00Z,PRM04,STIC,20210924-20220314,HS,21044189,2755.6,18.521,40.0558476744,1,fair,NA
AIMS,2021-10-10T03:00:00Z,PRM04,STIC,20210924-20220314,HS,21044189,1270.1,18.426,32.1401395849,1,fair,NA
AIMS,2021-10-10T03:30:00Z,PRM04,STIC,20210924-20220314,HS,21044189,699.7,18.331,29.1006781953,1,fair,NA
AIMS,2021-10-10T04:00:00Z,PRM04,STIC,20210924-20220314,HS,21044189,570.5,18.14,28.4122167445,1,fair,NA
AIMS,2021-10-10T04:30:00Z,PRM04,STIC,20210924-20220314,HS,21044189,505.9,18.045,28.067986019099997,1,fair,NA
AIMS,2021-10-10T05:00:00Z,PRM04,STIC,20210924-20220314,HS,21044189,462.9,17.95,27.838854112099998,0,fair,NA
AIMS,2021-10-10T05:30:00Z,PRM04,STIC,20210924-20220314,HS,21044189,398.3,17.95,27.4946233867,0,fair,NA
AIMS,2021-10-10T06:00:00Z,PRM04,STIC,20210924-20220314,HS,21044189,355.2,17.95,27.264958614799998,0,fair,NA
AIMS,2021-10-10T06:30:00Z,PRM04,STIC,20210924-20220314,HS,21044189,290.6,17.95,26.9207278894,0,fair,NA
AIMS,2021-10-10T07:00:00Z,PRM04,STIC,20210924-20220314,HS,21044189,269.1,17.95,26.8061619359,0,fair,NA
AIMS,2021-10-10T07:30:00Z,PRM04,STIC,20210924-20220314,HS,21044189,247.6,17.855,26.6915959824,0,fair,NA
AIMS,2021-10-10T08:00:00Z,PRM04,STIC,20210924-20220314,HS,21044189,236.8,17.855,26.6340465732,0,fair,NA
AIMS,2021-10-10T08:30:00Z,PRM04,STIC,20210924-20220314,HS,21044189,215.3,17.855,26.519480619699998,0,fair,NA
AIMS,2021-10-10T09:00:00Z,PRM04,STIC,20210924-20220314,HS,21044189,193.8,17.76,26.4049146662,0,fair,NA
AIMS,2021-10-10T09:30:00Z,PRM04,STIC,20210924-20220314,HS,21044189,183,17.665,26.347365257,0,fair,NA
AIMS,2021-10-10T10:00:00Z,PRM04,STIC,20210924-20220314,HS,21044189,161.5,17.665,26.2327993035,0,fair,NA
AIMS,2021-10-10T10:30:00Z,PRM04,STIC,20210924-20220314,HS,21044189,150.7,17.57,26.1752498943,0,fair,NA
AIMS,2021-10-10T11:00:00Z,PRM04,STIC,20210924-20220314,HS,21044189,150.7,17.57,26.1752498943,0,fair,NA
AIMS,2021-10-10T11:30:00Z,PRM04,STIC,20210924-20220314,HS,21044189,139.9,17.475,26.1177004851,0,fair,NA
AIMS,2021-10-10T12:00:00Z,PRM04,STIC,20210924-20220314,HS,21044189,129.2,17.379,26.060683940799997,0,fair,NA
AIMS,2021-10-10T12:30:00Z,PRM04,STIC,20210924-20220314,HS,21044189,129.2,17.379,26.060683940799997,0,fair,NA
AIMS,2021-10-10T13:00:00Z,PRM04,STIC,20210924-20220314,HS,21044189,129.2,17.379,26.060683940799997,0,fair,NA
AIMS,2021-10-10T13:30:00Z,PRM04,STIC,20210924-20220314,HS,21044189,118.4,17.379,26.003134531599997,0,fair,NA
AIMS,2021-10-10T14:00:00Z,PRM04,STIC,20210924-20220314,HS,21044189,118.4,17.379,26.003134531599997,0,fair,NA
AIMS,2021-10-10T14:30:00Z,PRM04,STIC,20210924-20220314,HS,21044189,118.4,17.665,26.003134531599997,0,fair,NA
AIMS,2021-10-10T15:00:00Z,PRM04,STIC,20210924-20220314,HS,21044189,118.4,18.14,26.003134531599997,0,fair,NA
AIMS,2021-10-10T15:30:00Z,PRM04,STIC,20210924-20220314,HS,21044189,118.4,18.806,26.003134531599997,0,fair,NA
AIMS,2021-10-10T16:00:00Z,PRM04,STIC,20210924-20220314,HS,21044189,118.4,19.377,26.003134531599997,0,fair,NA
AIMS,2021-10-10T16:30:00Z,PRM04,STIC,20210924-20220314,HS,21044189,107.6,19.948,25.945585122399997,0,fair,NA
AIMS,2021-10-10T17:00:00Z,PRM04,STIC,20210924-20220314,HS,21044189,107.6,20.329,25.945585122399997,0,fair,NA
AIMS,2021-10-10T17:30:00Z,PRM04,STIC,20210924-20220314,HS,21044189,96.9,20.519,25.8885685781,0,fair,NA
AIMS,2021-10-10T18:00:00Z,PRM04,STIC,20210924-20220314,HS,21044189,96.9,20.805,25.8885685781,0,fair,NA
AIMS,2021-10-10T18:30:00Z,PRM04,STIC,20210924-20220314,HS,21044189,75.3,21.282,25.7734697597,0,fair,NA
AIMS,2021-10-10T19:00:00Z,PRM04,STIC,20210924-20220314,HS,21044189,53.8,21.664,25.658903806199998,0,fair,NA
AIMS,2021-10-10T19:30:00Z,PRM04,STIC,20210924-20220314,HS,21044189,10.8,21.664,25.4297718992,0,fair,NA
AIMS,2021-10-10T20:00:00Z,PRM04,STIC,20210924-20220314,HS,21044189,0,21.76,25.37222249,0,fair,NA
AIMS,2021-10-10T20:30:00Z,PRM04,STIC,20210924-20220314,HS,21044189,0,21.76,25.37222249,0,fair,NA
AIMS,2021-10-10T21:00:00Z,PRM04,STIC,20210924-20220314,HS,21044189,0,21.569,25.37222249,0,fair,NA
AIMS,2021-10-10T21:30:00Z,PRM04,STIC,20210924-20220314,HS,21044189,0,21.378,25.37222249,0,fair,NA
AIMS,2021-10-10T22:00:00Z,PRM04,STIC,20210924-20220314,HS,21044189,0,21.091,25.37222249,0,fair,NA
AIMS,2021-10-10T22:30:00Z,PRM04,STIC,20210924-20220314,HS,21044189,0,20.901,25.37222249,0,fair,NA
AIMS,2021-10-10T23:00:00Z,PRM04,STIC,20210924-20220314,HS,21044189,0,20.71,25.37222249,0,fair,NA
AIMS,2021-10-10T23:30:00Z,PRM04,STIC,20210924-20220314,HS,21044189,0,20.519,25.37222249,0,fair,NA
AIMS,2021-10-11T00:00:00Z,PRM04,STIC,20210924-20220314,HS,21044189,0,20.329,25.37222249,0,fair,NA
AIMS,2021-10-11T00:30:00Z,PRM04,STIC,20210924-20220314,HS,21044189,0,20.138,25.37222249,0,fair,NA
AIMS,2021-10-11T01:00:00Z,PRM04,STIC,20210924-20220314,HS,21044189,0,19.948,25.37222249,0,fair,NA
AIMS,2021-10-11T01:30:00Z,PRM04,STIC,20210924-20220314,HS,21044189,0,19.758,25.37222249,0,fair,NA
AIMS,2021-10-11T02:00:00Z,PRM04,STIC,20210924-20220314,HS,21044189,0,19.567,25.37222249,0,fair,NA
AIMS,2021-10-11T02:30:00Z,PRM04,STIC,20210924-20220314,HS,21044189,0,19.282,25.37222249,0,fair,NA
AIMS,2021-10-11T03:00:00Z,PRM04,STIC,20210924-20220314,HS,21044189,0,19.092,25.37222249,0,fair,NA
AIMS,2021-10-11T03:30:00Z,PRM04,STIC,20210924-20220314,HS,21044189,0,18.806,25.37222249,0,fair,NA
AIMS,2021-10-11T04:00:00Z,PRM04,STIC,20210924-20220314,HS,21044189,0,18.711,25.37222249,0,fair,NA
AIMS,2021-10-11T04:30:00Z,PRM04,STIC,20210924-20220314,HS,21044189,0,18.521,25.37222249,0,fair,NA
AIMS,2021-10-11T05:00:00Z,PRM04,STIC,20210924-20220314,HS,21044189,0,18.426,25.37222249,0,fair,NA
AIMS,2021-10-11T05:30:00Z,PRM04,STIC,20210924-20220314,HS,21044189,0,18.521,25.37222249,0,fair,NA
AIMS,2021-10-11T06:00:00Z,PRM04,STIC,20210924-20220314,HS,21044189,0,18.426,25.37222249,0,fair,NA
AIMS,2021-10-11T06:30:00Z,PRM04,STIC,20210924-20220314,HS,21044189,0,18.236,25.37222249,0,fair,NA
AIMS,2021-10-11T07:00:00Z,PRM04,STIC,20210924-20220314,HS,21044189,0,18.045,25.37222249,0,fair,NA
AIMS,2021-10-11T07:30:00Z,PRM04,STIC,20210924-20220314,HS,21044189,0,17.855,25.37222249,0,fair,NA
AIMS,2021-10-11T08:00:00Z,PRM04,STIC,20210924-20220314,HS,21044189,0,17.475,25.37222249,0,fair,NA
AIMS,2021-10-11T08:30:00Z,PRM04,STIC,20210924-20220314,HS,21044189,0,17.379,25.37222249,0,fair,NA
AIMS,2021-10-11T09:00:00Z,PRM04,STIC,20210924-20220314,HS,21044189,0,17.189,25.37222249,0,fair,NA
AIMS,2021-10-11T09:30:00Z,PRM04,STIC,20210924-20220314,HS,21044189,0,16.999,25.37222249,0,fair,NA
AIMS,2021-10-11T10:00:00Z,PRM04,STIC,20210924-20220314,HS,21044189,0,16.999,25.37222249,0,fair,NA
AIMS,2021-10-11T10:30:00Z,PRM04,STIC,20210924-20220314,HS,21044189,0,16.903,25.37222249,0,fair,NA
AIMS,2021-10-11T11:00:00Z,PRM04,STIC,20210924-20220314,HS,21044189,0,16.808,25.37222249,0,fair,NA
AIMS,2021-10-11T11:30:00Z,PRM04,STIC,20210924-20220314,HS,21044189,0,16.713,25.37222249,0,fair,NA
AIMS,2021-10-11T12:00:00Z,PRM04,STIC,20210924-20220314,HS,21044189,0,16.523,25.37222249,0,fair,NA
AIMS,2021-10-11T12:30:00Z,PRM04,STIC,20210924-20220314,HS,21044189,0,16.427,25.37222249,0,fair,NA
AIMS,2021-10-11T13:00:00Z,PRM04,STIC,20210924-20220314,HS,21044189,0,16.427,25.37222249,0,fair,NA
AIMS,2021-10-11T13:30:00Z,PRM04,STIC,20210924-20220314,HS,21044189,0,16.713,25.37222249,0,fair,NA
AIMS,2021-10-11T14:00:00Z,PRM04,STIC,20210924-20220314,HS,21044189,0,17.189,25.37222249,0,fair,NA
AIMS,2021-10-11T14:30:00Z,PRM04,STIC,20210924-20220314,HS,21044189,0,17.76,25.37222249,0,fair,NA
AIMS,2021-10-11T15:00:00Z,PRM04,STIC,20210924-20220314,HS,21044189,0,18.14,25.37222249,0,fair,NA
AIMS,2021-10-11T15:30:00Z,PRM04,STIC,20210924-20220314,HS,21044189,0,18.806,25.37222249,0,fair,NA
AIMS,2021-10-11T16:00:00Z,PRM04,STIC,20210924-20220314,HS,21044189,0,19.282,25.37222249,0,fair,NA
AIMS,2021-10-11T16:30:00Z,PRM04,STIC,20210924-20220314,HS,21044189,0,19.948,25.37222249,0,fair,NA
AIMS,2021-10-11T17:00:00Z,PRM04,STIC,20210924-20220314,HS,21044189,0,20.043,25.37222249,0,fair,NA
AIMS,2021-10-11T17:30:00Z,PRM04,STIC,20210924-20220314,HS,21044189,0,20.424,25.37222249,0,fair,NA
AIMS,2021-10-11T18:00:00Z,PRM04,STIC,20210924-20220314,HS,21044189,0,20.996,25.37222249,0,fair,NA
AIMS,2021-10-11T18:30:00Z,PRM04,STIC,20210924-20220314,HS,21044189,0,21.091,25.37222249,0,fair,NA
AIMS,2021-10-11T19:00:00Z,PRM04,STIC,20210924-20220314,HS,21044189,0,21.569,25.37222249,0,fair,NA
AIMS,2021-10-11T19:30:00Z,PRM04,STIC,20210924-20220314,HS,21044189,0,21.378,25.37222249,0,fair,NA
AIMS,2021-10-11T20:00:00Z,PRM04,STIC,20210924-20220314,HS,21044189,0,21.282,25.37222249,0,fair,NA
AIMS,2021-10-11T20:30:00Z,PRM04,STIC,20210924-20220314,HS,21044189,0,21.282,25.37222249,0,fair,NA
AIMS,2021-10-11T21:00:00Z,PRM04,STIC,20210924-20220314,HS,21044189,0,21.282,25.37222249,0,fair,NA
AIMS,2021-10-11T21:30:00Z,PRM04,STIC,20210924-20220314,HS,21044189,0,21.187,25.37222249,0,fair,NA
AIMS,2021-10-11T22:00:00Z,PRM04,STIC,20210924-20220314,HS,21044189,0,21.091,25.37222249,0,fair,NA
AIMS,2021-10-11T22:30:00Z,PRM04,STIC,20210924-20220314,HS,21044189,0,20.901,25.37222249,0,fair,NA
AIMS,2021-10-11T23:00:00Z,PRM04,STIC,20210924-20220314,HS,21044189,0,20.615,25.37222249,0,fair,NA
AIMS,2021-10-11T23:30:00Z,PRM04,STIC,20210924-20220314,HS,21044189,0,20.424,25.37222249,0,fair,NA
AIMS,2021-10-12T00:00:00Z,PRM04,STIC,20210924-20220314,HS,21044189,0,20.138,25.37222249,0,fair,NA
AIMS,2021-10-12T00:30:00Z,PRM04,STIC,20210924-20220314,HS,21044189,0,19.948,25.37222249,0,fair,NA
AIMS,2021-10-12T01:00:00Z,PRM04,STIC,20210924-20220314,HS,21044189,0,19.758,25.37222249,0,fair,NA
AIMS,2021-10-12T01:30:00Z,PRM04,STIC,20210924-20220314,HS,21044189,0,19.567,25.37222249,0,fair,NA
AIMS,2021-10-12T02:00:00Z,PRM04,STIC,20210924-20220314,HS,21044189,0,19.472,25.37222249,0,fair,NA
AIMS,2021-10-12T02:30:00Z,PRM04,STIC,20210924-20220314,HS,21044189,0,19.377,25.37222249,0,fair,NA
AIMS,2021-10-12T03:00:00Z,PRM04,STIC,20210924-20220314,HS,21044189,0,19.377,25.37222249,0,fair,NA
AIMS,2021-10-12T03:30:00Z,PRM04,STIC,20210924-20220314,HS,21044189,0,19.282,25.37222249,0,fair,NA
AIMS,2021-10-12T04:00:00Z,PRM04,STIC,20210924-20220314,HS,21044189,0,19.187,25.37222249,0,fair,NA
AIMS,2021-10-12T04:30:00Z,PRM04,STIC,20210924-20220314,HS,21044189,0,19.187,25.37222249,0,fair,NA
AIMS,2021-10-12T05:00:00Z,PRM04,STIC,20210924-20220314,HS,21044189,0,19.092,25.37222249,0,fair,NA
AIMS,2021-10-12T05:30:00Z,PRM04,STIC,20210924-20220314,HS,21044189,0,18.996,25.37222249,0,fair,NA
AIMS,2021-10-12T06:00:00Z,PRM04,STIC,20210924-20220314,HS,21044189,0,18.901,25.37222249,0,fair,NA
AIMS,2021-10-12T06:30:00Z,PRM04,STIC,20210924-20220314,HS,21044189,0,18.806,25.37222249,0,fair,NA
AIMS,2021-10-12T07:00:00Z,PRM04,STIC,20210924-20220314,HS,21044189,0,18.806,25.37222249,0,fair,NA
AIMS,2021-10-12T07:30:00Z,PRM04,STIC,20210924-20220314,HS,21044189,0,18.711,25.37222249,0,fair,NA
AIMS,2021-10-12T08:00:00Z,PRM04,STIC,20210924-20220314,HS,21044189,0,18.616,25.37222249,0,fair,NA
AIMS,2021-10-12T08:30:00Z,PRM04,STIC,20210924-20220314,HS,21044189,0,18.521,25.37222249,0,fair,NA
AIMS,2021-10-12T09:00:00Z,PRM04,STIC,20210924-20220314,HS,21044189,0,18.426,25.37222249,0,fair,NA
AIMS,2021-10-12T09:30:00Z,PRM04,STIC,20210924-20220314,HS,21044189,0,18.426,25.37222249,0,fair,NA
AIMS,2021-10-12T10:00:00Z,PRM04,STIC,20210924-20220314,HS,21044189,0,18.521,25.37222249,0,fair,NA
AIMS,2021-10-12T10:30:00Z,PRM04,STIC,20210924-20220314,HS,21044189,0,18.521,25.37222249,0,fair,NA
AIMS,2021-10-12T11:00:00Z,PRM04,STIC,20210924-20220314,HS,21044189,0,18.426,25.37222249,0,fair,NA
AIMS,2021-10-12T11:30:00Z,PRM04,STIC,20210924-20220314,HS,21044189,0,18.331,25.37222249,0,fair,NA
AIMS,2021-10-12T12:00:00Z,PRM04,STIC,20210924-20220314,HS,21044189,0,18.236,25.37222249,0,fair,NA
AIMS,2021-10-12T12:30:00Z,PRM04,STIC,20210924-20220314,HS,21044189,0,18.236,25.37222249,0,fair,NA
AIMS,2021-10-12T13:00:00Z,PRM04,STIC,20210924-20220314,HS,21044189,0,18.331,25.37222249,0,fair,NA
AIMS,2021-10-12T13:30:00Z,PRM04,STIC,20210924-20220314,HS,21044189,0,18.521,25.37222249,0,fair,NA
AIMS,2021-10-12T14:00:00Z,PRM04,STIC,20210924-20220314,HS,21044189,0,18.806,25.37222249,0,fair,NA
AIMS,2021-10-12T14:30:00Z,PRM04,STIC,20210924-20220314,HS,21044189,0,19.092,25.37222249,0,fair,NA
AIMS,2021-10-12T15:00:00Z,PRM04,STIC,20210924-20220314,HS,21044189,0,19.758,25.37222249,0,fair,NA
AIMS,2021-10-12T15:30:00Z,PRM04,STIC,20210924-20220314,HS,21044189,0,19.948,25.37222249,0,fair,NA
AIMS,2021-10-12T16:00:00Z,PRM04,STIC,20210924-20220314,HS,21044189,0,19.948,25.37222249,0,fair,NA
AIMS,2021-10-12T16:30:00Z,PRM04,STIC,20210924-20220314,HS,21044189,0,20.329,25.37222249,0,fair,NA
AIMS,2021-10-12T17:00:00Z,PRM04,STIC,20210924-20220314,HS,21044189,0,20.71,25.37222249,0,fair,NA
AIMS,2021-10-12T17:30:00Z,PRM04,STIC,20210924-20220314,HS,21044189,0,20.901,25.37222249,0,fair,NA
AIMS,2021-10-12T18:00:00Z,PRM04,STIC,20210924-20220314,HS,21044189,0,21.282,25.37222249,0,fair,NA
AIMS,2021-10-12T18:30:00Z,PRM04,STIC,20210924-20220314,HS,21044189,0,21.378,25.37222249,0,fair,NA
AIMS,2021-10-12T19:00:00Z,PRM04,STIC,20210924-20220314,HS,21044189,0,21.76,25.37222249,0,fair,NA
AIMS,2021-10-12T19:30:00Z,PRM04,STIC,20210924-20220314,HS,21044189,0,22.046,25.37222249,0,fair,NA
AIMS,2021-10-12T20:00:00Z,PRM04,STIC,20210924-20220314,HS,21044189,0,22.142,25.37222249,0,fair,NA
AIMS,2021-10-12T20:30:00Z,PRM04,STIC,20210924-20220314,HS,21044189,0,22.046,25.37222249,0,fair,NA
AIMS,2021-10-12T21:00:00Z,PRM04,STIC,20210924-20220314,HS,21044189,0,22.046,25.37222249,0,fair,NA
AIMS,2021-10-12T21:30:00Z,PRM04,STIC,20210924-20220314,HS,21044189,0,21.855,25.37222249,0,fair,NA
AIMS,2021-10-12T22:00:00Z,PRM04,STIC,20210924-20220314,HS,21044189,0,21.664,25.37222249,0,fair,NA
AIMS,2021-10-12T22:30:00Z,PRM04,STIC,20210924-20220314,HS,21044189,0,21.473,25.37222249,0,fair,NA
AIMS,2021-10-12T23:00:00Z,PRM04,STIC,20210924-20220314,HS,21044189,0,21.282,25.37222249,0,fair,NA
AIMS,2021-10-12T23:30:00Z,PRM04,STIC,20210924-20220314,HS,21044189,0,21.187,25.37222249,0,fair,NA
AIMS,2021-10-13T00:00:00Z,PRM04,STIC,20210924-20220314,HS,21044189,0,20.996,25.37222249,0,fair,NA
AIMS,2021-10-13T00:30:00Z,PRM04,STIC,20210924-20220314,HS,21044189,0,20.901,25.37222249,0,fair,NA
AIMS,2021-10-13T01:00:00Z,PRM04,STIC,20210924-20220314,HS,21044189,0,20.71,25.37222249,0,fair,NA
AIMS,2021-10-13T01:30:00Z,PRM04,STIC,20210924-20220314,HS,21044189,0,20.615,25.37222249,0,fair,NA
AIMS,2021-10-13T02:00:00Z,PRM04,STIC,20210924-20220314,HS,21044189,0,20.424,25.37222249,0,fair,NA
AIMS,2021-10-13T02:30:00Z,PRM04,STIC,20210924-20220314,HS,21044189,0,20.234,25.37222249,0,fair,NA
AIMS,2021-10-13T03:00:00Z,PRM04,STIC,20210924-20220314,HS,21044189,0,20.138,25.37222249,0,fair,NA
AIMS,2021-10-13T03:30:00Z,PRM04,STIC,20210924-20220314,HS,21044189,0,19.948,25.37222249,0,fair,NA
AIMS,2021-10-13T04:00:00Z,PRM04,STIC,20210924-20220314,HS,21044189,0,19.758,25.37222249,0,fair,NA
AIMS,2021-10-13T04:30:00Z,PRM04,STIC,20210924-20220314,HS,21044189,0,19.567,25.37222249,0,fair,NA
AIMS,2021-10-13T05:00:00Z,PRM04,STIC,20210924-20220314,HS,21044189,0,19.472,25.37222249,0,fair,NA
AIMS,2021-10-13T05:30:00Z,PRM04,STIC,20210924-20220314,HS,21044189,0,19.377,25.37222249,0,fair,NA
AIMS,2021-10-13T06:00:00Z,PRM04,STIC,20210924-20220314,HS,21044189,0,19.187,25.37222249,0,fair,NA
AIMS,2021-10-13T06:30:00Z,PRM04,STIC,20210924-20220314,HS,21044189,0,19.092,25.37222249,0,fair,NA
AIMS,2021-10-13T07:00:00Z,PRM04,STIC,20210924-20220314,HS,21044189,0,18.996,25.37222249,0,fair,NA
AIMS,2021-10-13T07:30:00Z,PRM04,STIC,20210924-20220314,HS,21044189,0,18.996,25.37222249,0,fair,NA
AIMS,2021-10-13T08:00:00Z,PRM04,STIC,20210924-20220314,HS,21044189,0,18.996,25.37222249,0,fair,NA
AIMS,2021-10-13T08:30:00Z,PRM04,STIC,20210924-20220314,HS,21044189,0,18.996,25.37222249,0,fair,NA
AIMS,2021-10-13T09:00:00Z,PRM04,STIC,20210924-20220314,HS,21044189,0,18.996,25.37222249,0,fair,NA
AIMS,2021-10-13T09:30:00Z,PRM04,STIC,20210924-20220314,HS,21044189,0,18.901,25.37222249,0,fair,NA
AIMS,2021-10-13T10:00:00Z,PRM04,STIC,20210924-20220314,HS,21044189,0,18.901,25.37222249,0,fair,NA
AIMS,2021-10-13T10:30:00Z,PRM04,STIC,20210924-20220314,HS,21044189,0,18.806,25.37222249,0,fair,NA
AIMS,2021-10-13T11:00:00Z,PRM04,STIC,20210924-20220314,HS,21044189,0,18.806,25.37222249,0,fair,NA
AIMS,2021-10-13T11:30:00Z,PRM04,STIC,20210924-20220314,HS,21044189,0,18.806,25.37222249,0,fair,NA
AIMS,2021-10-13T12:00:00Z,PRM04,STIC,20210924-20220314,HS,21044189,0,18.711,25.37222249,0,fair,NA
AIMS,2021-10-13T12:30:00Z,PRM04,STIC,20210924-20220314,HS,21044189,0,18.711,25.37222249,0,fair,NA
AIMS,2021-10-13T13:00:00Z,PRM04,STIC,20210924-20220314,HS,21044189,0,18.711,25.37222249,0,fair,NA
AIMS,2021-10-13T13:30:00Z,PRM04,STIC,20210924-20220314,HS,21044189,0,18.901,25.37222249,0,fair,NA
AIMS,2021-10-13T14:00:00Z,PRM04,STIC,20210924-20220314,HS,21044189,0,19.187,25.37222249,0,fair,NA
AIMS,2021-10-13T14:30:00Z,PRM04,STIC,20210924-20220314,HS,21044189,0,19.472,25.37222249,0,fair,NA
AIMS,2021-10-13T15:00:00Z,PRM04,STIC,20210924-20220314,HS,21044189,0,20.043,25.37222249,0,fair,NA
AIMS,2021-10-13T15:30:00Z,PRM04,STIC,20210924-20220314,HS,21044189,0,20.71,25.37222249,0,fair,NA
AIMS,2021-10-13T16:00:00Z,PRM04,STIC,20210924-20220314,HS,21044189,0,21.091,25.37222249,0,fair,NA
AIMS,2021-10-13T16:30:00Z,PRM04,STIC,20210924-20220314,HS,21044189,0,21.664,25.37222249,0,fair,NA
AIMS,2021-10-13T17:00:00Z,PRM04,STIC,20210924-20220314,HS,21044189,0,21.951,25.37222249,0,fair,NA
AIMS,2021-10-13T17:30:00Z,PRM04,STIC,20210924-20220314,HS,21044189,0,21.951,25.37222249,0,fair,NA
AIMS,2021-10-13T18:00:00Z,PRM04,STIC,20210924-20220314,HS,21044189,0,22.621,25.37222249,0,fair,NA
AIMS,2021-10-13T18:30:00Z,PRM04,STIC,20210924-20220314,HS,21044189,0,22.812,25.37222249,0,fair,NA
AIMS,2021-10-13T19:00:00Z,PRM04,STIC,20210924-20220314,HS,21044189,0,22.812,25.37222249,0,fair,NA
AIMS,2021-10-13T19:30:00Z,PRM04,STIC,20210924-20220314,HS,21044189,0,22.717,25.37222249,0,fair,NA
AIMS,2021-10-13T20:00:00Z,PRM04,STIC,20210924-20220314,HS,21044189,0,22.621,25.37222249,0,fair,NA
AIMS,2021-10-13T20:30:00Z,PRM04,STIC,20210924-20220314,HS,21044189,0,22.812,25.37222249,0,fair,NA
AIMS,2021-10-13T21:00:00Z,PRM04,STIC,20210924-20220314,HS,21044189,0,22.333,25.37222249,0,fair,NA
AIMS,2021-10-13T21:30:00Z,PRM04,STIC,20210924-20220314,HS,21044189,0,22.142,25.37222249,0,fair,NA
AIMS,2021-10-13T22:00:00Z,PRM04,STIC,20210924-20220314,HS,21044189,0,21.951,25.37222249,0,fair,NA
AIMS,2021-10-13T22:30:00Z,PRM04,STIC,20210924-20220314,HS,21044189,0,21.664,25.37222249,0,fair,NA
AIMS,2021-10-13T23:00:00Z,PRM04,STIC,20210924-20220314,HS,21044189,0,21.473,25.37222249,0,fair,NA
AIMS,2021-10-13T23:30:00Z,PRM04,STIC,20210924-20220314,HS,21044189,0,21.378,25.37222249,0,fair,NA
AIMS,2021-10-14T00:00:00Z,PRM04,STIC,20210924-20220314,HS,21044189,0,21.187,25.37222249,0,fair,NA
AIMS,2021-10-14T00:30:00Z,PRM04,STIC,20210924-20220314,HS,21044189,0,20.901,25.37222249,0,fair,NA
AIMS,2021-10-14T01:00:00Z,PRM04,STIC,20210924-20220314,HS,21044189,0,20.71,25.37222249,0,fair,NA
AIMS,2021-10-14T01:30:00Z,PRM04,STIC,20210924-20220314,HS,21044189,0,20.519,25.37222249,0,fair,NA
AIMS,2021-10-14T02:00:00Z,PRM04,STIC,20210924-20220314,HS,21044189,0,20.329,25.37222249,0,fair,NA
AIMS,2021-10-14T02:30:00Z,PRM04,STIC,20210924-20220314,HS,21044189,0,20.138,25.37222249,0,fair,NA
AIMS,2021-10-14T03:00:00Z,PRM04,STIC,20210924-20220314,HS,21044189,0,19.948,25.37222249,0,fair,NA
AIMS,2021-10-14T03:30:00Z,PRM04,STIC,20210924-20220314,HS,21044189,0,19.662,25.37222249,0,fair,NA
AIMS,2021-10-14T04:00:00Z,PRM04,STIC,20210924-20220314,HS,21044189,0,19.472,25.37222249,0,fair,NA
AIMS,2021-10-14T04:30:00Z,PRM04,STIC,20210924-20220314,HS,21044189,0,19.377,25.37222249,0,fair,NA
AIMS,2021-10-14T05:00:00Z,PRM04,STIC,20210924-20220314,HS,21044189,0,19.282,25.37222249,0,fair,NA
AIMS,2021-10-14T05:30:00Z,PRM04,STIC,20210924-20220314,HS,21044189,0,19.187,25.37222249,0,fair,NA
AIMS,2021-10-14T06:00:00Z,PRM04,STIC,20210924-20220314,HS,21044189,0,19.092,25.37222249,0,fair,NA
AIMS,2021-10-14T06:30:00Z,PRM04,STIC,20210924-20220314,HS,21044189,0,19.092,25.37222249,0,fair,NA
AIMS,2021-10-14T07:00:00Z,PRM04,STIC,20210924-20220314,HS,21044189,0,18.996,25.37222249,0,fair,NA
AIMS,2021-10-14T07:30:00Z,PRM04,STIC,20210924-20220314,HS,21044189,0,18.996,25.37222249,0,fair,NA
AIMS,2021-10-14T08:00:00Z,PRM04,STIC,20210924-20220314,HS,21044189,0,18.901,25.37222249,0,fair,NA
AIMS,2021-10-14T08:30:00Z,PRM04,STIC,20210924-20220314,HS,21044189,0,18.806,25.37222249,0,fair,NA
AIMS,2021-10-14T09:00:00Z,PRM04,STIC,20210924-20220314,HS,21044189,0,18.711,25.37222249,0,fair,NA
AIMS,2021-10-14T09:30:00Z,PRM04,STIC,20210924-20220314,HS,21044189,0,18.616,25.37222249,0,fair,NA
AIMS,2021-10-14T10:00:00Z,PRM04,STIC,20210924-20220314,HS,21044189,0,18.521,25.37222249,0,fair,NA
AIMS,2021-10-14T10:30:00Z,PRM04,STIC,20210924-20220314,HS,21044189,0,18.426,25.37222249,0,fair,NA
AIMS,2021-10-14T11:00:00Z,PRM04,STIC,20210924-20220314,HS,21044189,0,18.331,25.37222249,0,fair,NA
AIMS,2021-10-14T11:30:00Z,PRM04,STIC,20210924-20220314,HS,21044189,0,18.14,25.37222249,0,fair,NA
AIMS,2021-10-14T12:00:00Z,PRM04,STIC,20210924-20220314,HS,21044189,0,18.14,25.37222249,0,fair,NA
AIMS,2021-10-14T12:30:00Z,PRM04,STIC,20210924-20220314,HS,21044189,0,18.045,25.37222249,0,fair,NA
AIMS,2021-10-14T13:00:00Z,PRM04,STIC,20210924-20220314,HS,21044189,0,18.045,25.37222249,0,fair,NA
AIMS,2021-10-14T13:30:00Z,PRM04,STIC,20210924-20220314,HS,21044189,0,18.14,25.37222249,0,fair,NA
AIMS,2021-10-14T14:00:00Z,PRM04,STIC,20210924-20220314,HS,21044189,0,18.236,25.37222249,0,fair,NA
AIMS,2021-10-14T14:30:00Z,PRM04,STIC,20210924-20220314,HS,21044189,0,18.616,25.37222249,0,fair,NA
AIMS,2021-10-14T15:00:00Z,PRM04,STIC,20210924-20220314,HS,21044189,0,19.092,25.37222249,0,fair,NA
AIMS,2021-10-14T15:30:00Z,PRM04,STIC,20210924-20220314,HS,21044189,0,19.662,25.37222249,0,fair,NA
AIMS,2021-10-14T16:00:00Z,PRM04,STIC,20210924-20220314,HS,21044189,0,20.234,25.37222249,0,fair,NA
AIMS,2021-10-14T16:30:00Z,PRM04,STIC,20210924-20220314,HS,21044189,0,20.519,25.37222249,0,fair,NA
AIMS,2021-10-14T17:00:00Z,PRM04,STIC,20210924-20220314,HS,21044189,0,20.71,25.37222249,0,fair,NA
AIMS,2021-10-14T17:30:00Z,PRM04,STIC,20210924-20220314,HS,21044189,0,21.091,25.37222249,0,fair,NA
AIMS,2021-10-14T18:00:00Z,PRM04,STIC,20210924-20220314,HS,21044189,0,21.664,25.37222249,0,fair,NA
AIMS,2021-10-14T18:30:00Z,PRM04,STIC,20210924-20220314,HS,21044189,0,21.951,25.37222249,0,fair,NA
AIMS,2021-10-14T19:00:00Z,PRM04,STIC,20210924-20220314,HS,21044189,0,22.238,25.37222249,0,fair,NA
AIMS,2021-10-14T19:30:00Z,PRM04,STIC,20210924-20220314,HS,21044189,0,22.238,25.37222249,0,fair,NA
AIMS,2021-10-14T20:00:00Z,PRM04,STIC,20210924-20220314,HS,21044189,0,22.142,25.37222249,0,fair,NA
AIMS,2021-10-14T20:30:00Z,PRM04,STIC,20210924-20220314,HS,21044189,0,21.951,25.37222249,0,fair,NA
AIMS,2021-10-14T21:00:00Z,PRM04,STIC,20210924-20220314,HS,21044189,0,21.76,25.37222249,0,fair,NA
AIMS,2021-10-14T21:30:00Z,PRM04,STIC,20210924-20220314,HS,21044189,0,21.664,25.37222249,0,fair,NA
AIMS,2021-10-14T22:00:00Z,PRM04,STIC,20210924-20220314,HS,21044189,0,21.473,25.37222249,0,fair,NA
AIMS,2021-10-14T22:30:00Z,PRM04,STIC,20210924-20220314,HS,21044189,0,21.378,25.37222249,0,fair,NA
AIMS,2021-10-14T23:00:00Z,PRM04,STIC,20210924-20220314,HS,21044189,0,21.187,25.37222249,0,fair,NA
AIMS,2021-10-14T23:30:00Z,PRM04,STIC,20210924-20220314,HS,21044189,0,20.996,25.37222249,0,fair,NA
AIMS,2021-10-15T00:00:00Z,PRM04,STIC,20210924-20220314,HS,21044189,0,20.805,25.37222249,0,fair,NA
AIMS,2021-10-15T00:30:00Z,PRM04,STIC,20210924-20220314,HS,21044189,0,20.519,25.37222249,0,fair,NA
AIMS,2021-10-15T01:00:00Z,PRM04,STIC,20210924-20220314,HS,21044189,0,20.329,25.37222249,0,fair,NA
AIMS,2021-10-15T01:30:00Z,PRM04,STIC,20210924-20220314,HS,21044189,0,20.234,25.37222249,0,fair,NA
AIMS,2021-10-15T02:00:00Z,PRM04,STIC,20210924-20220314,HS,21044189,0,20.043,25.37222249,0,fair,NA
AIMS,2021-10-15T02:30:00Z,PRM04,STIC,20210924-20220314,HS,21044189,0,19.853,25.37222249,0,fair,NA
AIMS,2021-10-15T03:00:00Z,PRM04,STIC,20210924-20220314,HS,21044189,0,19.567,25.37222249,0,fair,NA
AIMS,2021-10-15T03:30:00Z,PRM04,STIC,20210924-20220314,HS,21044189,0,19.472,25.37222249,0,fair,NA
AIMS,2021-10-15T04:00:00Z,PRM04,STIC,20210924-20220314,HS,21044189,0,19.187,25.37222249,0,fair,NA
AIMS,2021-10-15T04:30:00Z,PRM04,STIC,20210924-20220314,HS,21044189,0,18.996,25.37222249,0,fair,NA
AIMS,2021-10-15T05:00:00Z,PRM04,STIC,20210924-20220314,HS,21044189,0,18.806,25.37222249,0,fair,NA
AIMS,2021-10-15T05:30:00Z,PRM04,STIC,20210924-20220314,HS,21044189,0,18.711,25.37222249,0,fair,NA
AIMS,2021-10-15T06:00:00Z,PRM04,STIC,20210924-20220314,HS,21044189,0,18.616,25.37222249,0,fair,NA
AIMS,2021-10-15T06:30:00Z,PRM04,STIC,20210924-20220314,HS,21044189,0,18.711,25.37222249,0,fair,NA
AIMS,2021-10-15T07:00:00Z,PRM04,STIC,20210924-20220314,HS,21044189,0,18.711,25.37222249,0,fair,NA
AIMS,2021-10-15T07:30:00Z,PRM04,STIC,20210924-20220314,HS,21044189,0,18.711,25.37222249,0,fair,NA
AIMS,2021-10-15T08:00:00Z,PRM04,STIC,20210924-20220314,HS,21044189,0,18.711,25.37222249,0,fair,NA
AIMS,2021-10-15T08:30:00Z,PRM04,STIC,20210924-20220314,HS,21044189,0,18.616,25.37222249,0,fair,NA
AIMS,2021-10-15T09:00:00Z,PRM04,STIC,20210924-20220314,HS,21044189,0,18.426,25.37222249,0,fair,NA
AIMS,2021-10-15T09:30:00Z,PRM04,STIC,20210924-20220314,HS,21044189,0,18.331,25.37222249,0,fair,NA
AIMS,2021-10-15T10:00:00Z,PRM04,STIC,20210924-20220314,HS,21044189,0,18.236,25.37222249,0,fair,NA
AIMS,2021-10-15T10:30:00Z,PRM04,STIC,20210924-20220314,HS,21044189,0,18.236,25.37222249,0,fair,NA
AIMS,2021-10-15T11:00:00Z,PRM04,STIC,20210924-20220314,HS,21044189,0,18.14,25.37222249,0,fair,NA
AIMS,2021-10-15T11:30:00Z,PRM04,STIC,20210924-20220314,HS,21044189,0,18.045,25.37222249,0,fair,NA
AIMS,2021-10-15T12:00:00Z,PRM04,STIC,20210924-20220314,HS,21044189,0,17.95,25.37222249,0,fair,NA
AIMS,2021-10-15T12:30:00Z,PRM04,STIC,20210924-20220314,HS,21044189,0,17.855,25.37222249,0,fair,NA
AIMS,2021-10-15T13:00:00Z,PRM04,STIC,20210924-20220314,HS,21044189,0,17.855,25.37222249,0,fair,NA
AIMS,2021-10-15T13:30:00Z,PRM04,STIC,20210924-20220314,HS,21044189,0,17.855,25.37222249,0,fair,NA
AIMS,2021-10-15T14:00:00Z,PRM04,STIC,20210924-20220314,HS,21044189,0,17.95,25.37222249,0,fair,NA
AIMS,2021-10-15T14:30:00Z,PRM04,STIC,20210924-20220314,HS,21044189,0,18.331,25.37222249,0,fair,NA
AIMS,2021-10-15T15:00:00Z,PRM04,STIC,20210924-20220314,HS,21044189,0,18.806,25.37222249,0,fair,NA
AIMS,2021-10-15T15:30:00Z,PRM04,STIC,20210924-20220314,HS,21044189,0,19.567,25.37222249,0,fair,NA
AIMS,2021-10-15T16:00:00Z,PRM04,STIC,20210924-20220314,HS,21044189,0,19.948,25.37222249,0,fair,NA
AIMS,2021-10-15T16:30:00Z,PRM04,STIC,20210924-20220314,HS,21044189,0,20.234,25.37222249,0,fair,NA
AIMS,2021-10-15T17:00:00Z,PRM04,STIC,20210924-20220314,HS,21044189,0,20.329,25.37222249,0,fair,NA
AIMS,2021-10-15T17:30:00Z,PRM04,STIC,20210924-20220314,HS,21044189,0,20.615,25.37222249,0,fair,NA
AIMS,2021-10-15T18:00:00Z,PRM04,STIC,20210924-20220314,HS,21044189,0,20.805,25.37222249,0,fair,NA
AIMS,2021-10-15T18:30:00Z,PRM04,STIC,20210924-20220314,HS,21044189,0,20.901,25.37222249,0,fair,NA
AIMS,2021-10-15T19:00:00Z,PRM04,STIC,20210924-20220314,HS,21044189,0,21.187,25.37222249,0,fair,NA
AIMS,2021-10-15T19:30:00Z,PRM04,STIC,20210924-20220314,HS,21044189,0,21.282,25.37222249,0,fair,NA
AIMS,2021-10-15T20:00:00Z,PRM04,STIC,20210924-20220314,HS,21044189,0,21.473,25.37222249,0,fair,NA
AIMS,2021-10-15T20:30:00Z,PRM04,STIC,20210924-20220314,HS,21044189,0,21.76,25.37222249,0,fair,NA
AIMS,2021-10-15T21:00:00Z,PRM04,STIC,20210924-20220314,HS,21044189,0,21.855,25.37222249,0,fair,NA
AIMS,2021-10-15T21:30:00Z,PRM04,STIC,20210924-20220314,HS,21044189,0,21.855,25.37222249,0,fair,NA
AIMS,2021-10-15T22:00:00Z,PRM04,STIC,20210924-20220314,HS,21044189,0,21.76,25.37222249,0,fair,NA
AIMS,2021-10-15T22:30:00Z,PRM04,STIC,20210924-20220314,HS,21044189,0,21.473,25.37222249,0,fair,NA
AIMS,2021-10-15T23:00:00Z,PRM04,STIC,20210924-20220314,HS,21044189,0,21.282,25.37222249,0,fair,NA
AIMS,2021-10-15T23:30:00Z,PRM04,STIC,20210924-20220314,HS,21044189,0,21.091,25.37222249,0,fair,NA
AIMS,2021-10-16T00:00:00Z,PRM04,STIC,20210924-20220314,HS,21044189,0,20.996,25.37222249,0,fair,NA
AIMS,2021-10-16T00:30:00Z,PRM04,STIC,20210924-20220314,HS,21044189,0,20.805,25.37222249,0,fair,NA
AIMS,2021-10-16T01:00:00Z,PRM04,STIC,20210924-20220314,HS,21044189,0,20.71,25.37222249,0,fair,NA
AIMS,2021-10-16T01:30:00Z,PRM04,STIC,20210924-20220314,HS,21044189,0,20.615,25.37222249,0,fair,NA
AIMS,2021-10-16T02:00:00Z,PRM04,STIC,20210924-20220314,HS,21044189,0,20.519,25.37222249,0,fair,NA
AIMS,2021-10-16T02:30:00Z,PRM04,STIC,20210924-20220314,HS,21044189,0,20.424,25.37222249,0,fair,NA
AIMS,2021-10-16T03:00:00Z,PRM04,STIC,20210924-20220314,HS,21044189,0,20.329,25.37222249,0,fair,NA
AIMS,2021-10-16T03:30:00Z,PRM04,STIC,20210924-20220314,HS,21044189,0,20.329,25.37222249,0,fair,NA
AIMS,2021-10-16T04:00:00Z,PRM04,STIC,20210924-20220314,HS,21044189,55111.5,19.282,319.04206185350006,1,fair,NA
AIMS,2021-10-16T04:30:00Z,PRM04,STIC,20210924-20220314,HS,21044189,55111.5,18.901,319.04206185350006,1,fair,NA
AIMS,2021-10-16T05:00:00Z,PRM04,STIC,20210924-20220314,HS,21044189,57867,18.616,333.725154173,1,fair,NA
AIMS,2021-10-16T05:30:00Z,PRM04,STIC,20210924-20220314,HS,21044189,60622.6,18.426,348.4087793574,1,fair,NA
AIMS,2021-10-16T06:00:00Z,PRM04,STIC,20210924-20220314,HS,21044189,57867,18.426,333.725154173,1,fair,NA
AIMS,2021-10-16T06:30:00Z,PRM04,STIC,20210924-20220314,HS,21044189,60622.6,18.426,348.4087793574,1,fair,NA
AIMS,2021-10-16T07:00:00Z,PRM04,STIC,20210924-20220314,HS,21044189,60622.6,18.331,348.4087793574,1,fair,NA
AIMS,2021-10-16T07:30:00Z,PRM04,STIC,20210924-20220314,HS,21044189,60622.6,18.236,348.4087793574,1,fair,NA
AIMS,2021-10-16T08:00:00Z,PRM04,STIC,20210924-20220314,HS,21044189,60622.6,18.14,348.4087793574,1,fair,NA
AIMS,2021-10-16T08:30:00Z,PRM04,STIC,20210924-20220314,HS,21044189,63378.2,18.045,363.0924045418,1,fair,NA
AIMS,2021-10-16T09:00:00Z,PRM04,STIC,20210924-20220314,HS,21044189,63378.2,18.045,363.0924045418,1,fair,NA
AIMS,2021-10-16T09:30:00Z,PRM04,STIC,20210924-20220314,HS,21044189,63378.2,17.95,363.0924045418,1,fair,NA
AIMS,2021-10-16T10:00:00Z,PRM04,STIC,20210924-20220314,HS,21044189,63378.2,17.855,363.0924045418,1,fair,NA
AIMS,2021-10-16T10:30:00Z,PRM04,STIC,20210924-20220314,HS,21044189,63378.2,17.665,363.0924045418,1,fair,NA
AIMS,2021-10-16T11:00:00Z,PRM04,STIC,20210924-20220314,HS,21044189,63378.2,17.475,363.0924045418,1,fair,NA
AIMS,2021-10-16T11:30:00Z,PRM04,STIC,20210924-20220314,HS,21044189,63378.2,17.284,363.0924045418,1,fair,NA
AIMS,2021-10-16T12:00:00Z,PRM04,STIC,20210924-20220314,HS,21044189,63378.2,17.094,363.0924045418,1,fair,NA
AIMS,2021-10-16T12:30:00Z,PRM04,STIC,20210924-20220314,HS,21044189,63378.2,16.903,363.0924045418,1,fair,NA
AIMS,2021-10-16T13:00:00Z,PRM04,STIC,20210924-20220314,HS,21044189,63378.2,16.713,363.0924045418,1,fair,NA
AIMS,2021-10-16T13:30:00Z,PRM04,STIC,20210924-20220314,HS,21044189,63378.2,16.523,363.0924045418,1,fair,NA
AIMS,2021-10-16T14:00:00Z,PRM04,STIC,20210924-20220314,HS,21044189,63378.2,16.427,363.0924045418,1,fair,NA
AIMS,2021-10-16T14:30:00Z,PRM04,STIC,20210924-20220314,HS,21044189,63378.2,16.332,363.0924045418,1,fair,NA
AIMS,2021-10-16T15:00:00Z,PRM04,STIC,20210924-20220314,HS,21044189,63378.2,16.237,363.0924045418,1,fair,NA
AIMS,2021-10-16T15:30:00Z,PRM04,STIC,20210924-20220314,HS,21044189,63378.2,16.237,363.0924045418,1,fair,NA
AIMS,2021-10-16T16:00:00Z,PRM04,STIC,20210924-20220314,HS,21044189,63378.2,16.237,363.0924045418,1,fair,NA
AIMS,2021-10-16T16:30:00Z,PRM04,STIC,20210924-20220314,HS,21044189,63378.2,16.237,363.0924045418,1,fair,NA
AIMS,2021-10-16T17:00:00Z,PRM04,STIC,20210924-20220314,HS,21044189,63378.2,16.237,363.0924045418,1,fair,NA
AIMS,2021-10-16T17:30:00Z,PRM04,STIC,20210924-20220314,HS,21044189,63378.2,16.332,363.0924045418,1,fair,NA
AIMS,2021-10-16T18:00:00Z,PRM04,STIC,20210924-20220314,HS,21044189,63378.2,16.237,363.0924045418,1,fair,NA
AIMS,2021-10-16T18:30:00Z,PRM04,STIC,20210924-20220314,HS,21044189,63378.2,16.237,363.0924045418,1,fair,NA
AIMS,2021-10-16T19:00:00Z,PRM04,STIC,20210924-20220314,HS,21044189,63378.2,16.237,363.0924045418,1,fair,NA
AIMS,2021-10-16T19:30:00Z,PRM04,STIC,20210924-20220314,HS,21044189,63378.2,16.237,363.0924045418,1,fair,NA
AIMS,2021-10-16T20:00:00Z,PRM04,STIC,20210924-20220314,HS,21044189,63378.2,16.237,363.0924045418,1,fair,NA
AIMS,2021-10-16T20:30:00Z,PRM04,STIC,20210924-20220314,HS,21044189,63378.2,16.237,363.0924045418,1,fair,NA
AIMS,2021-10-16T21:00:00Z,PRM04,STIC,20210924-20220314,HS,21044189,63378.2,16.141,363.0924045418,1,fair,NA
AIMS,2021-10-16T21:30:00Z,PRM04,STIC,20210924-20220314,HS,21044189,63378.2,16.141,363.0924045418,1,fair,NA
AIMS,2021-10-16T22:00:00Z,PRM04,STIC,20210924-20220314,HS,21044189,63378.2,16.046,363.0924045418,1,fair,NA
AIMS,2021-10-16T22:30:00Z,PRM04,STIC,20210924-20220314,HS,21044189,63378.2,15.951,363.0924045418,1,fair,NA
AIMS,2021-10-16T23:00:00Z,PRM04,STIC,20210924-20220314,HS,21044189,63378.2,15.855,363.0924045418,1,fair,NA
AIMS,2021-10-16T23:30:00Z,PRM04,STIC,20210924-20220314,HS,21044189,63378.2,15.664,363.0924045418,1,fair,NA
AIMS,2021-10-17T00:00:00Z,PRM04,STIC,20210924-20220314,HS,21044189,63378.2,15.473,363.0924045418,1,fair,NA
AIMS,2021-10-17T00:30:00Z,PRM04,STIC,20210924-20220314,HS,21044189,63378.2,15.282,363.0924045418,1,fair,NA
AIMS,2021-10-17T01:00:00Z,PRM04,STIC,20210924-20220314,HS,21044189,63378.2,15.091,363.0924045418,1,fair,NA
AIMS,2021-10-17T01:30:00Z,PRM04,STIC,20210924-20220314,HS,21044189,63378.2,14.9,363.0924045418,1,fair,NA
AIMS,2021-10-17T02:00:00Z,PRM04,STIC,20210924-20220314,HS,21044189,63378.2,14.709,363.0924045418,1,fair,NA
AIMS,2021-10-17T02:30:00Z,PRM04,STIC,20210924-20220314,HS,21044189,63378.2,14.517,363.0924045418,1,fair,NA
AIMS,2021-10-17T03:00:00Z,PRM04,STIC,20210924-20220314,HS,21044189,63378.2,14.23,363.0924045418,1,fair,NA
AIMS,2021-10-17T03:30:00Z,PRM04,STIC,20210924-20220314,HS,21044189,63378.2,14.038,363.0924045418,1,fair,NA
AIMS,2021-10-17T04:00:00Z,PRM04,STIC,20210924-20220314,HS,21044189,63378.2,13.846,363.0924045418,1,fair,NA
AIMS,2021-10-17T04:30:00Z,PRM04,STIC,20210924-20220314,HS,21044189,60622.6,13.654,348.4087793574,1,fair,NA
AIMS,2021-10-17T05:00:00Z,PRM04,STIC,20210924-20220314,HS,21044189,60622.6,13.461,348.4087793574,1,fair,NA
AIMS,2021-10-17T05:30:00Z,PRM04,STIC,20210924-20220314,HS,21044189,60622.6,13.076,348.4087793574,1,fair,NA
AIMS,2021-10-17T06:00:00Z,PRM04,STIC,20210924-20220314,HS,21044189,60622.6,12.883,348.4087793574,1,fair,NA
AIMS,2021-10-17T06:30:00Z,PRM04,STIC,20210924-20220314,HS,21044189,60622.6,12.69,348.4087793574,1,fair,NA
AIMS,2021-10-17T07:00:00Z,PRM04,STIC,20210924-20220314,HS,21044189,60622.6,12.594,348.4087793574,1,fair,NA
AIMS,2021-10-17T07:30:00Z,PRM04,STIC,20210924-20220314,HS,21044189,731.9,12.013,29.272260693099998,1,fair,NA
AIMS,2021-10-17T08:00:00Z,PRM04,STIC,20210924-20220314,HS,21044189,462.9,11.528,27.838854112099998,0,fair,NA
AIMS,2021-10-17T08:30:00Z,PRM04,STIC,20210924-20220314,HS,21044189,333.7,11.139,27.1503926613,0,fair,NA
AIMS,2021-10-17T09:00:00Z,PRM04,STIC,20210924-20220314,HS,21044189,258.3,10.846,26.7486125267,0,fair,NA
AIMS,2021-10-17T09:30:00Z,PRM04,STIC,20210924-20220314,HS,21044189,193.8,10.553,26.4049146662,0,fair,NA
AIMS,2021-10-17T10:00:00Z,PRM04,STIC,20210924-20220314,HS,21044189,161.5,10.063,26.2327993035,0,fair,NA
AIMS,2021-10-17T10:30:00Z,PRM04,STIC,20210924-20220314,HS,21044189,139.9,9.866,26.1177004851,0,fair,NA
AIMS,2021-10-17T11:00:00Z,PRM04,STIC,20210924-20220314,HS,21044189,129.2,9.571,26.060683940799997,0,fair,NA
AIMS,2021-10-17T11:30:00Z,PRM04,STIC,20210924-20220314,HS,21044189,118.4,9.373,26.003134531599997,0,fair,NA
AIMS,2021-10-17T12:00:00Z,PRM04,STIC,20210924-20220314,HS,21044189,118.4,8.978,26.003134531599997,0,fair,NA
AIMS,2021-10-17T12:30:00Z,PRM04,STIC,20210924-20220314,HS,21044189,107.6,8.779,25.945585122399997,0,fair,NA
AIMS,2021-10-17T13:00:00Z,PRM04,STIC,20210924-20220314,HS,21044189,107.6,8.581,25.945585122399997,0,fair,NA
AIMS,2021-10-17T13:30:00Z,PRM04,STIC,20210924-20220314,HS,21044189,96.9,8.68,25.8885685781,0,fair,NA
AIMS,2021-10-17T14:00:00Z,PRM04,STIC,20210924-20220314,HS,21044189,96.9,8.978,25.8885685781,0,fair,NA
AIMS,2021-10-17T14:30:00Z,PRM04,STIC,20210924-20220314,HS,21044189,96.9,9.571,25.8885685781,0,fair,NA
AIMS,2021-10-17T15:00:00Z,PRM04,STIC,20210924-20220314,HS,21044189,96.9,10.063,25.8885685781,0,fair,NA
AIMS,2021-10-17T15:30:00Z,PRM04,STIC,20210924-20220314,HS,21044189,96.9,10.553,25.8885685781,0,fair,NA
AIMS,2021-10-17T16:00:00Z,PRM04,STIC,20210924-20220314,HS,21044189,96.9,10.846,25.8885685781,0,fair,NA
AIMS,2021-10-17T16:30:00Z,PRM04,STIC,20210924-20220314,HS,21044189,96.9,11.041,25.8885685781,0,fair,NA
AIMS,2021-10-17T17:00:00Z,PRM04,STIC,20210924-20220314,HS,21044189,86.1,11.334,25.8310191689,0,fair,NA
AIMS,2021-10-17T17:30:00Z,PRM04,STIC,20210924-20220314,HS,21044189,86.1,11.625,25.8310191689,0,fair,NA
AIMS,2021-10-17T18:00:00Z,PRM04,STIC,20210924-20220314,HS,21044189,86.1,11.916,25.8310191689,0,fair,NA
AIMS,2021-10-17T18:30:00Z,PRM04,STIC,20210924-20220314,HS,21044189,86.1,12.401,25.8310191689,0,fair,NA
AIMS,2021-10-17T19:00:00Z,PRM04,STIC,20210924-20220314,HS,21044189,64.6,12.98,25.716453215399998,0,fair,NA
AIMS,2021-10-17T19:30:00Z,PRM04,STIC,20210924-20220314,HS,21044189,21.5,13.076,25.4867884435,0,fair,NA
AIMS,2021-10-17T20:00:00Z,PRM04,STIC,20210924-20220314,HS,21044189,21.5,13.076,25.4867884435,0,fair,NA
AIMS,2021-10-17T20:30:00Z,PRM04,STIC,20210924-20220314,HS,21044189,10.8,13.076,25.4297718992,0,fair,NA
AIMS,2021-10-17T21:00:00Z,PRM04,STIC,20210924-20220314,HS,21044189,21.5,13.076,25.4867884435,0,fair,NA
AIMS,2021-10-17T21:30:00Z,PRM04,STIC,20210924-20220314,HS,21044189,21.5,13.076,25.4867884435,0,fair,NA
AIMS,2021-10-17T22:00:00Z,PRM04,STIC,20210924-20220314,HS,21044189,21.5,13.076,25.4867884435,0,fair,NA
AIMS,2021-10-17T22:30:00Z,PRM04,STIC,20210924-20220314,HS,21044189,21.5,12.787,25.4867884435,0,fair,NA
AIMS,2021-10-17T23:00:00Z,PRM04,STIC,20210924-20220314,HS,21044189,21.5,12.497,25.4867884435,0,fair,NA
AIMS,2021-10-17T23:30:00Z,PRM04,STIC,20210924-20220314,HS,21044189,21.5,12.207,25.4867884435,0,fair,NA
AIMS,2021-10-18T00:00:00Z,PRM04,STIC,20210924-20220314,HS,21044189,21.5,12.11,25.4867884435,0,fair,NA
AIMS,2021-10-18T00:30:00Z,PRM04,STIC,20210924-20220314,HS,21044189,21.5,11.722,25.4867884435,0,fair,NA
AIMS,2021-10-18T01:00:00Z,PRM04,STIC,20210924-20220314,HS,21044189,21.5,11.431,25.4867884435,0,fair,NA
AIMS,2021-10-18T01:30:00Z,PRM04,STIC,20210924-20220314,HS,21044189,21.5,11.041,25.4867884435,0,fair,NA
AIMS,2021-10-18T02:00:00Z,PRM04,STIC,20210924-20220314,HS,21044189,21.5,10.553,25.4867884435,0,fair,NA
AIMS,2021-10-18T02:30:00Z,PRM04,STIC,20210924-20220314,HS,21044189,21.5,10.455,25.4867884435,0,fair,NA
AIMS,2021-10-18T03:00:00Z,PRM04,STIC,20210924-20220314,HS,21044189,21.5,10.063,25.4867884435,0,fair,NA
AIMS,2021-10-18T03:30:00Z,PRM04,STIC,20210924-20220314,HS,21044189,21.5,9.571,25.4867884435,0,fair,NA
AIMS,2021-10-18T04:00:00Z,PRM04,STIC,20210924-20220314,HS,21044189,21.5,9.472,25.4867884435,0,fair,NA
AIMS,2021-10-18T04:30:00Z,PRM04,STIC,20210924-20220314,HS,21044189,21.5,9.176,25.4867884435,0,fair,NA
AIMS,2021-10-18T05:00:00Z,PRM04,STIC,20210924-20220314,HS,21044189,21.5,9.077,25.4867884435,0,fair,NA
AIMS,2021-10-18T05:30:00Z,PRM04,STIC,20210924-20220314,HS,21044189,21.5,8.879,25.4867884435,0,fair,NA
AIMS,2021-10-18T06:00:00Z,PRM04,STIC,20210924-20220314,HS,21044189,21.5,8.779,25.4867884435,0,fair,NA
AIMS,2021-10-18T06:30:00Z,PRM04,STIC,20210924-20220314,HS,21044189,21.5,8.581,25.4867884435,0,fair,NA
AIMS,2021-10-18T07:00:00Z,PRM04,STIC,20210924-20220314,HS,21044189,21.5,8.282,25.4867884435,0,fair,NA
AIMS,2021-10-18T07:30:00Z,PRM04,STIC,20210924-20220314,HS,21044189,21.5,8.082,25.4867884435,0,fair,NA
AIMS,2021-10-18T08:00:00Z,PRM04,STIC,20210924-20220314,HS,21044189,21.5,7.882,25.4867884435,0,fair,NA
AIMS,2021-10-18T08:30:00Z,PRM04,STIC,20210924-20220314,HS,21044189,21.5,7.682,25.4867884435,0,fair,NA
AIMS,2021-10-18T09:00:00Z,PRM04,STIC,20210924-20220314,HS,21044189,21.5,7.682,25.4867884435,0,fair,NA
AIMS,2021-10-18T09:30:00Z,PRM04,STIC,20210924-20220314,HS,21044189,21.5,7.28,25.4867884435,0,fair,NA
AIMS,2021-10-18T10:00:00Z,PRM04,STIC,20210924-20220314,HS,21044189,21.5,7.381,25.4867884435,0,fair,NA
AIMS,2021-10-18T10:30:00Z,PRM04,STIC,20210924-20220314,HS,21044189,21.5,6.877,25.4867884435,0,fair,NA
AIMS,2021-10-18T11:00:00Z,PRM04,STIC,20210924-20220314,HS,21044189,21.5,6.775,25.4867884435,0,fair,NA
AIMS,2021-10-18T11:30:00Z,PRM04,STIC,20210924-20220314,HS,21044189,21.5,6.775,25.4867884435,0,fair,NA
AIMS,2021-10-18T12:00:00Z,PRM04,STIC,20210924-20220314,HS,21044189,21.5,6.573,25.4867884435,0,fair,NA
AIMS,2021-10-18T12:30:00Z,PRM04,STIC,20210924-20220314,HS,21044189,21.5,6.471,25.4867884435,0,fair,NA
AIMS,2021-10-18T13:00:00Z,PRM04,STIC,20210924-20220314,HS,21044189,10.8,6.573,25.4297718992,0,fair,NA
AIMS,2021-10-18T13:30:00Z,PRM04,STIC,20210924-20220314,HS,21044189,10.8,6.877,25.4297718992,0,fair,NA
AIMS,2021-10-18T14:00:00Z,PRM04,STIC,20210924-20220314,HS,21044189,10.8,7.481,25.4297718992,0,fair,NA
AIMS,2021-10-18T14:30:00Z,PRM04,STIC,20210924-20220314,HS,21044189,21.5,8.082,25.4867884435,0,fair,NA
AIMS,2021-10-18T15:00:00Z,PRM04,STIC,20210924-20220314,HS,21044189,21.5,8.68,25.4867884435,0,fair,NA
AIMS,2021-10-18T15:30:00Z,PRM04,STIC,20210924-20220314,HS,21044189,21.5,9.472,25.4867884435,0,fair,NA
AIMS,2021-10-18T16:00:00Z,PRM04,STIC,20210924-20220314,HS,21044189,21.5,10.259,25.4867884435,0,fair,NA
AIMS,2021-10-18T16:30:00Z,PRM04,STIC,20210924-20220314,HS,21044189,21.5,11.041,25.4867884435,0,fair,NA
AIMS,2021-10-18T17:00:00Z,PRM04,STIC,20210924-20220314,HS,21044189,21.5,11.722,25.4867884435,0,fair,NA
AIMS,2021-10-18T17:30:00Z,PRM04,STIC,20210924-20220314,HS,21044189,21.5,12.207,25.4867884435,0,fair,NA
AIMS,2021-10-18T18:00:00Z,PRM04,STIC,20210924-20220314,HS,21044189,32.3,12.497,25.5443378527,0,fair,NA
AIMS,2021-10-18T18:30:00Z,PRM04,STIC,20210924-20220314,HS,21044189,32.3,13.269,25.5443378527,0,fair,NA
AIMS,2021-10-18T19:00:00Z,PRM04,STIC,20210924-20220314,HS,21044189,32.3,13.846,25.5443378527,0,fair,NA
AIMS,2021-10-18T19:30:00Z,PRM04,STIC,20210924-20220314,HS,21044189,32.3,14.134,25.5443378527,0,fair,NA
AIMS,2021-10-18T20:00:00Z,PRM04,STIC,20210924-20220314,HS,21044189,32.3,14.134,25.5443378527,0,fair,NA
AIMS,2021-10-18T20:30:00Z,PRM04,STIC,20210924-20220314,HS,21044189,32.3,14.134,25.5443378527,0,fair,NA
AIMS,2021-10-18T21:00:00Z,PRM04,STIC,20210924-20220314,HS,21044189,32.3,14.23,25.5443378527,0,fair,NA
AIMS,2021-10-18T21:30:00Z,PRM04,STIC,20210924-20220314,HS,21044189,32.3,14.038,25.5443378527,0,fair,NA
AIMS,2021-10-18T22:00:00Z,PRM04,STIC,20210924-20220314,HS,21044189,21.5,13.942,25.4867884435,0,fair,NA
AIMS,2021-10-18T22:30:00Z,PRM04,STIC,20210924-20220314,HS,21044189,21.5,13.75,25.4867884435,0,fair,NA
AIMS,2021-10-18T23:00:00Z,PRM04,STIC,20210924-20220314,HS,21044189,32.3,13.558,25.5443378527,0,fair,NA
AIMS,2021-10-18T23:30:00Z,PRM04,STIC,20210924-20220314,HS,21044189,32.3,13.365,25.5443378527,0,fair,NA
AIMS,2021-10-19T00:00:00Z,PRM04,STIC,20210924-20220314,HS,21044189,21.5,13.173,25.4867884435,0,fair,NA
AIMS,2021-10-19T00:30:00Z,PRM04,STIC,20210924-20220314,HS,21044189,32.3,12.98,25.5443378527,0,fair,NA
AIMS,2021-10-19T01:00:00Z,PRM04,STIC,20210924-20220314,HS,21044189,21.5,12.594,25.4867884435,0,fair,NA
AIMS,2021-10-19T01:30:00Z,PRM04,STIC,20210924-20220314,HS,21044189,21.5,12.304,25.4867884435,0,fair,NA
AIMS,2021-10-19T02:00:00Z,PRM04,STIC,20210924-20220314,HS,21044189,21.5,11.916,25.4867884435,0,fair,NA
AIMS,2021-10-19T02:30:00Z,PRM04,STIC,20210924-20220314,HS,21044189,21.5,11.722,25.4867884435,0,fair,NA
AIMS,2021-10-19T03:00:00Z,PRM04,STIC,20210924-20220314,HS,21044189,21.5,11.431,25.4867884435,0,fair,NA
AIMS,2021-10-19T03:30:00Z,PRM04,STIC,20210924-20220314,HS,21044189,21.5,11.139,25.4867884435,0,fair,NA
AIMS,2021-10-19T04:00:00Z,PRM04,STIC,20210924-20220314,HS,21044189,21.5,10.846,25.4867884435,0,fair,NA
AIMS,2021-10-19T04:30:00Z,PRM04,STIC,20210924-20220314,HS,21044189,21.5,10.553,25.4867884435,0,fair,NA
AIMS,2021-10-19T05:00:00Z,PRM04,STIC,20210924-20220314,HS,21044189,10.8,10.259,25.4297718992,0,fair,NA
AIMS,2021-10-19T05:30:00Z,PRM04,STIC,20210924-20220314,HS,21044189,10.8,10.063,25.4297718992,0,fair,NA
AIMS,2021-10-19T06:00:00Z,PRM04,STIC,20210924-20220314,HS,21044189,10.8,9.768,25.4297718992,0,fair,NA
AIMS,2021-10-19T06:30:00Z,PRM04,STIC,20210924-20220314,HS,21044189,10.8,9.768,25.4297718992,0,fair,NA
AIMS,2021-10-19T07:00:00Z,PRM04,STIC,20210924-20220314,HS,21044189,10.8,9.472,25.4297718992,0,fair,NA
AIMS,2021-10-19T07:30:00Z,PRM04,STIC,20210924-20220314,HS,21044189,10.8,9.275,25.4297718992,0,fair,NA
AIMS,2021-10-19T08:00:00Z,PRM04,STIC,20210924-20220314,HS,21044189,10.8,8.978,25.4297718992,0,fair,NA
AIMS,2021-10-19T08:30:00Z,PRM04,STIC,20210924-20220314,HS,21044189,10.8,8.779,25.4297718992,0,fair,NA
AIMS,2021-10-19T09:00:00Z,PRM04,STIC,20210924-20220314,HS,21044189,10.8,8.581,25.4297718992,0,fair,NA
AIMS,2021-10-19T09:30:00Z,PRM04,STIC,20210924-20220314,HS,21044189,10.8,8.481,25.4297718992,0,fair,NA
AIMS,2021-10-19T10:00:00Z,PRM04,STIC,20210924-20220314,HS,21044189,10.8,8.382,25.4297718992,0,fair,NA
AIMS,2021-10-19T10:30:00Z,PRM04,STIC,20210924-20220314,HS,21044189,10.8,8.282,25.4297718992,0,fair,NA
AIMS,2021-10-19T11:00:00Z,PRM04,STIC,20210924-20220314,HS,21044189,0,7.983,25.37222249,0,fair,NA
AIMS,2021-10-19T11:30:00Z,PRM04,STIC,20210924-20220314,HS,21044189,0,7.882,25.37222249,0,fair,NA
AIMS,2021-10-19T12:00:00Z,PRM04,STIC,20210924-20220314,HS,21044189,0,7.882,25.37222249,0,fair,NA
AIMS,2021-10-19T12:30:00Z,PRM04,STIC,20210924-20220314,HS,21044189,0,7.682,25.37222249,0,fair,NA
AIMS,2021-10-19T13:00:00Z,PRM04,STIC,20210924-20220314,HS,21044189,0,7.582,25.37222249,0,fair,NA
AIMS,2021-10-19T13:30:00Z,PRM04,STIC,20210924-20220314,HS,21044189,0,7.882,25.37222249,0,fair,NA
AIMS,2021-10-19T14:00:00Z,PRM04,STIC,20210924-20220314,HS,21044189,0,8.481,25.37222249,0,fair,NA
AIMS,2021-10-19T14:30:00Z,PRM04,STIC,20210924-20220314,HS,21044189,0,9.176,25.37222249,0,fair,NA
AIMS,2021-10-19T15:00:00Z,PRM04,STIC,20210924-20220314,HS,21044189,0,9.768,25.37222249,0,fair,NA
AIMS,2021-10-19T15:30:00Z,PRM04,STIC,20210924-20220314,HS,21044189,0,10.455,25.37222249,0,fair,NA
AIMS,2021-10-19T16:00:00Z,PRM04,STIC,20210924-20220314,HS,21044189,10.8,11.236,25.4297718992,0,fair,NA
AIMS,2021-10-19T16:30:00Z,PRM04,STIC,20210924-20220314,HS,21044189,10.8,12.013,25.4297718992,0,fair,NA
AIMS,2021-10-19T17:00:00Z,PRM04,STIC,20210924-20220314,HS,21044189,10.8,12.787,25.4297718992,0,fair,NA
AIMS,2021-10-19T17:30:00Z,PRM04,STIC,20210924-20220314,HS,21044189,21.5,13.461,25.4867884435,0,fair,NA
AIMS,2021-10-19T18:00:00Z,PRM04,STIC,20210924-20220314,HS,21044189,10.8,14.23,25.4297718992,0,fair,NA
AIMS,2021-10-19T18:30:00Z,PRM04,STIC,20210924-20220314,HS,21044189,10.8,14.421,25.4297718992,0,fair,NA
AIMS,2021-10-19T19:00:00Z,PRM04,STIC,20210924-20220314,HS,21044189,10.8,14.996,25.4297718992,0,fair,NA
AIMS,2021-10-19T19:30:00Z,PRM04,STIC,20210924-20220314,HS,21044189,10.8,15.282,25.4297718992,0,fair,NA
AIMS,2021-10-19T20:00:00Z,PRM04,STIC,20210924-20220314,HS,21044189,0,15.282,25.37222249,0,fair,NA
AIMS,2021-10-19T20:30:00Z,PRM04,STIC,20210924-20220314,HS,21044189,0,15.187,25.37222249,0,fair,NA
AIMS,2021-10-19T21:00:00Z,PRM04,STIC,20210924-20220314,HS,21044189,0,15.091,25.37222249,0,fair,NA
AIMS,2021-10-19T21:30:00Z,PRM04,STIC,20210924-20220314,HS,21044189,0,15.091,25.37222249,0,fair,NA
AIMS,2021-10-19T22:00:00Z,PRM04,STIC,20210924-20220314,HS,21044189,0,14.996,25.37222249,0,fair,NA
AIMS,2021-10-19T22:30:00Z,PRM04,STIC,20210924-20220314,HS,21044189,0,14.996,25.37222249,0,fair,NA
AIMS,2021-10-19T23:00:00Z,PRM04,STIC,20210924-20220314,HS,21044189,0,14.804,25.37222249,0,fair,NA
AIMS,2021-10-19T23:30:00Z,PRM04,STIC,20210924-20220314,HS,21044189,0,14.613,25.37222249,0,fair,NA
AIMS,2021-10-20T00:00:00Z,PRM04,STIC,20210924-20220314,HS,21044189,0,14.325,25.37222249,0,fair,NA
AIMS,2021-10-20T00:30:00Z,PRM04,STIC,20210924-20220314,HS,21044189,0,14.038,25.37222249,0,fair,NA
AIMS,2021-10-20T01:00:00Z,PRM04,STIC,20210924-20220314,HS,21044189,0,13.75,25.37222249,0,fair,NA
AIMS,2021-10-20T01:30:00Z,PRM04,STIC,20210924-20220314,HS,21044189,0,13.558,25.37222249,0,fair,NA
AIMS,2021-10-20T02:00:00Z,PRM04,STIC,20210924-20220314,HS,21044189,0,13.269,25.37222249,0,fair,NA
AIMS,2021-10-20T02:30:00Z,PRM04,STIC,20210924-20220314,HS,21044189,0,12.98,25.37222249,0,fair,NA
AIMS,2021-10-20T03:00:00Z,PRM04,STIC,20210924-20220314,HS,21044189,0,12.594,25.37222249,0,fair,NA
AIMS,2021-10-20T03:30:00Z,PRM04,STIC,20210924-20220314,HS,21044189,0,12.401,25.37222249,0,fair,NA
AIMS,2021-10-20T04:00:00Z,PRM04,STIC,20210924-20220314,HS,21044189,0,12.207,25.37222249,0,fair,NA
AIMS,2021-10-20T04:30:00Z,PRM04,STIC,20210924-20220314,HS,21044189,10.8,11.916,25.4297718992,0,fair,NA
AIMS,2021-10-20T05:00:00Z,PRM04,STIC,20210924-20220314,HS,21044189,10.8,11.722,25.4297718992,0,fair,NA
AIMS,2021-10-20T05:30:00Z,PRM04,STIC,20210924-20220314,HS,21044189,0,11.625,25.37222249,0,fair,NA
AIMS,2021-10-20T06:00:00Z,PRM04,STIC,20210924-20220314,HS,21044189,0,11.334,25.37222249,0,fair,NA
AIMS,2021-10-20T06:30:00Z,PRM04,STIC,20210924-20220314,HS,21044189,0,11.236,25.37222249,0,fair,NA
AIMS,2021-10-20T07:00:00Z,PRM04,STIC,20210924-20220314,HS,21044189,0,10.944,25.37222249,0,fair,NA
AIMS,2021-10-20T07:30:00Z,PRM04,STIC,20210924-20220314,HS,21044189,0,10.651,25.37222249,0,fair,NA
AIMS,2021-10-20T08:00:00Z,PRM04,STIC,20210924-20220314,HS,21044189,0,10.455,25.37222249,0,fair,NA
AIMS,2021-10-20T08:30:00Z,PRM04,STIC,20210924-20220314,HS,21044189,0,10.259,25.37222249,0,fair,NA
AIMS,2021-10-20T09:00:00Z,PRM04,STIC,20210924-20220314,HS,21044189,0,10.161,25.37222249,0,fair,NA
AIMS,2021-10-20T09:30:00Z,PRM04,STIC,20210924-20220314,HS,21044189,0,10.063,25.37222249,0,fair,NA
AIMS,2021-10-20T10:00:00Z,PRM04,STIC,20210924-20220314,HS,21044189,0,9.866,25.37222249,0,fair,NA
AIMS,2021-10-20T10:30:00Z,PRM04,STIC,20210924-20220314,HS,21044189,0,9.669,25.37222249,0,fair,NA
AIMS,2021-10-20T11:00:00Z,PRM04,STIC,20210924-20220314,HS,21044189,0,9.571,25.37222249,0,fair,NA
AIMS,2021-10-20T11:30:00Z,PRM04,STIC,20210924-20220314,HS,21044189,0,9.472,25.37222249,0,fair,NA
AIMS,2021-10-20T12:00:00Z,PRM04,STIC,20210924-20220314,HS,21044189,0,9.373,25.37222249,0,fair,NA
AIMS,2021-10-20T12:30:00Z,PRM04,STIC,20210924-20220314,HS,21044189,0,9.373,25.37222249,0,fair,NA
AIMS,2021-10-20T13:00:00Z,PRM04,STIC,20210924-20220314,HS,21044189,0,9.275,25.37222249,0,fair,NA
AIMS,2021-10-20T13:30:00Z,PRM04,STIC,20210924-20220314,HS,21044189,0,9.571,25.37222249,0,fair,NA
AIMS,2021-10-20T14:00:00Z,PRM04,STIC,20210924-20220314,HS,21044189,0,10.063,25.37222249,0,fair,NA
AIMS,2021-10-20T14:30:00Z,PRM04,STIC,20210924-20220314,HS,21044189,0,10.651,25.37222249,0,fair,NA
AIMS,2021-10-20T15:00:00Z,PRM04,STIC,20210924-20220314,HS,21044189,0,11.236,25.37222249,0,fair,NA
AIMS,2021-10-20T15:30:00Z,PRM04,STIC,20210924-20220314,HS,21044189,0,11.819,25.37222249,0,fair,NA
AIMS,2021-10-20T16:00:00Z,PRM04,STIC,20210924-20220314,HS,21044189,0,12.594,25.37222249,0,fair,NA
AIMS,2021-10-20T16:30:00Z,PRM04,STIC,20210924-20220314,HS,21044189,0,13.365,25.37222249,0,fair,NA
AIMS,2021-10-20T17:00:00Z,PRM04,STIC,20210924-20220314,HS,21044189,0,14.325,25.37222249,0,fair,NA
AIMS,2021-10-20T17:30:00Z,PRM04,STIC,20210924-20220314,HS,21044189,0,14.9,25.37222249,0,fair,NA
AIMS,2021-10-20T18:00:00Z,PRM04,STIC,20210924-20220314,HS,21044189,10.8,15.473,25.4297718992,0,fair,NA
AIMS,2021-10-20T18:30:00Z,PRM04,STIC,20210924-20220314,HS,21044189,10.8,16.141,25.4297718992,0,fair,NA
AIMS,2021-10-20T19:00:00Z,PRM04,STIC,20210924-20220314,HS,21044189,10.8,16.903,25.4297718992,0,fair,NA
AIMS,2021-10-20T19:30:00Z,PRM04,STIC,20210924-20220314,HS,21044189,0,17.189,25.37222249,0,fair,NA
AIMS,2021-10-20T20:00:00Z,PRM04,STIC,20210924-20220314,HS,21044189,0,17.284,25.37222249,0,fair,NA
AIMS,2021-10-20T20:30:00Z,PRM04,STIC,20210924-20220314,HS,21044189,0,16.999,25.37222249,0,fair,NA
AIMS,2021-10-20T21:00:00Z,PRM04,STIC,20210924-20220314,HS,21044189,0,16.903,25.37222249,0,fair,NA
AIMS,2021-10-20T21:30:00Z,PRM04,STIC,20210924-20220314,HS,21044189,0,16.999,25.37222249,0,fair,NA
AIMS,2021-10-20T22:00:00Z,PRM04,STIC,20210924-20220314,HS,21044189,0,16.808,25.37222249,0,fair,NA
AIMS,2021-10-20T22:30:00Z,PRM04,STIC,20210924-20220314,HS,21044189,0,16.618,25.37222249,0,fair,NA
AIMS,2021-10-20T23:00:00Z,PRM04,STIC,20210924-20220314,HS,21044189,0,16.427,25.37222249,0,fair,NA
AIMS,2021-10-20T23:30:00Z,PRM04,STIC,20210924-20220314,HS,21044189,0,16.332,25.37222249,0,fair,NA
AIMS,2021-10-21T00:00:00Z,PRM04,STIC,20210924-20220314,HS,21044189,0,16.141,25.37222249,0,fair,NA
AIMS,2021-10-21T00:30:00Z,PRM04,STIC,20210924-20220314,HS,21044189,0,16.046,25.37222249,0,fair,NA
AIMS,2021-10-21T01:00:00Z,PRM04,STIC,20210924-20220314,HS,21044189,0,15.855,25.37222249,0,fair,NA
AIMS,2021-10-21T01:30:00Z,PRM04,STIC,20210924-20220314,HS,21044189,0,15.664,25.37222249,0,fair,NA
AIMS,2021-10-21T02:00:00Z,PRM04,STIC,20210924-20220314,HS,21044189,0,15.473,25.37222249,0,fair,NA
AIMS,2021-10-21T02:30:00Z,PRM04,STIC,20210924-20220314,HS,21044189,0,15.378,25.37222249,0,fair,NA
AIMS,2021-10-21T03:00:00Z,PRM04,STIC,20210924-20220314,HS,21044189,0,15.187,25.37222249,0,fair,NA
AIMS,2021-10-21T03:30:00Z,PRM04,STIC,20210924-20220314,HS,21044189,0,14.9,25.37222249,0,fair,NA
AIMS,2021-10-21T04:00:00Z,PRM04,STIC,20210924-20220314,HS,21044189,0,14.709,25.37222249,0,fair,NA
AIMS,2021-10-21T04:30:00Z,PRM04,STIC,20210924-20220314,HS,21044189,0,14.613,25.37222249,0,fair,NA
AIMS,2021-10-21T05:00:00Z,PRM04,STIC,20210924-20220314,HS,21044189,0,14.421,25.37222249,0,fair,NA
AIMS,2021-10-21T05:30:00Z,PRM04,STIC,20210924-20220314,HS,21044189,0,14.421,25.37222249,0,fair,NA
AIMS,2021-10-21T06:00:00Z,PRM04,STIC,20210924-20220314,HS,21044189,0,14.421,25.37222249,0,fair,NA
AIMS,2021-10-21T06:30:00Z,PRM04,STIC,20210924-20220314,HS,21044189,0,14.517,25.37222249,0,fair,NA
AIMS,2021-10-21T07:00:00Z,PRM04,STIC,20210924-20220314,HS,21044189,0,14.517,25.37222249,0,fair,NA
AIMS,2021-10-21T07:30:00Z,PRM04,STIC,20210924-20220314,HS,21044189,0,14.517,25.37222249,0,fair,NA
AIMS,2021-10-21T08:00:00Z,PRM04,STIC,20210924-20220314,HS,21044189,0,14.421,25.37222249,0,fair,NA
AIMS,2021-10-21T08:30:00Z,PRM04,STIC,20210924-20220314,HS,21044189,0,14.517,25.37222249,0,fair,NA
AIMS,2021-10-21T09:00:00Z,PRM04,STIC,20210924-20220314,HS,21044189,0,14.517,25.37222249,0,fair,NA
AIMS,2021-10-21T09:30:00Z,PRM04,STIC,20210924-20220314,HS,21044189,0,14.517,25.37222249,0,fair,NA
AIMS,2021-10-21T10:00:00Z,PRM04,STIC,20210924-20220314,HS,21044189,0,14.517,25.37222249,0,fair,NA
AIMS,2021-10-21T10:30:00Z,PRM04,STIC,20210924-20220314,HS,21044189,0,14.421,25.37222249,0,fair,NA
AIMS,2021-10-21T11:00:00Z,PRM04,STIC,20210924-20220314,HS,21044189,0,14.421,25.37222249,0,fair,NA
AIMS,2021-10-21T11:30:00Z,PRM04,STIC,20210924-20220314,HS,21044189,0,14.517,25.37222249,0,fair,NA
AIMS,2021-10-21T12:00:00Z,PRM04,STIC,20210924-20220314,HS,21044189,0,14.517,25.37222249,0,fair,NA
AIMS,2021-10-21T12:30:00Z,PRM04,STIC,20210924-20220314,HS,21044189,0,14.613,25.37222249,0,fair,NA
AIMS,2021-10-21T13:00:00Z,PRM04,STIC,20210924-20220314,HS,21044189,0,14.709,25.37222249,0,fair,NA
AIMS,2021-10-21T13:30:00Z,PRM04,STIC,20210924-20220314,HS,21044189,0,14.804,25.37222249,0,fair,NA
AIMS,2021-10-21T14:00:00Z,PRM04,STIC,20210924-20220314,HS,21044189,0,14.9,25.37222249,0,fair,NA
AIMS,2021-10-21T14:30:00Z,PRM04,STIC,20210924-20220314,HS,21044189,0,15.091,25.37222249,0,fair,NA
AIMS,2021-10-21T15:00:00Z,PRM04,STIC,20210924-20220314,HS,21044189,0,15.569,25.37222249,0,fair,NA
AIMS,2021-10-21T15:30:00Z,PRM04,STIC,20210924-20220314,HS,21044189,0,15.951,25.37222249,0,fair,NA
AIMS,2021-10-21T16:00:00Z,PRM04,STIC,20210924-20220314,HS,21044189,0,16.332,25.37222249,0,fair,NA
AIMS,2021-10-21T16:30:00Z,PRM04,STIC,20210924-20220314,HS,21044189,0,16.808,25.37222249,0,fair,NA
AIMS,2021-10-21T17:00:00Z,PRM04,STIC,20210924-20220314,HS,21044189,0,17.379,25.37222249,0,fair,NA
AIMS,2021-10-21T17:30:00Z,PRM04,STIC,20210924-20220314,HS,21044189,0,17.665,25.37222249,0,fair,NA
AIMS,2021-10-21T18:00:00Z,PRM04,STIC,20210924-20220314,HS,21044189,0,17.95,25.37222249,0,fair,NA
AIMS,2021-10-21T18:30:00Z,PRM04,STIC,20210924-20220314,HS,21044189,0,18.616,25.37222249,0,fair,NA
AIMS,2021-10-21T19:00:00Z,PRM04,STIC,20210924-20220314,HS,21044189,0,18.901,25.37222249,0,fair,NA
AIMS,2021-10-21T19:30:00Z,PRM04,STIC,20210924-20220314,HS,21044189,0,18.806,25.37222249,0,fair,NA
AIMS,2021-10-21T20:00:00Z,PRM04,STIC,20210924-20220314,HS,21044189,0,19.092,25.37222249,0,fair,NA
AIMS,2021-10-21T20:30:00Z,PRM04,STIC,20210924-20220314,HS,21044189,0,19.187,25.37222249,0,fair,NA
AIMS,2021-10-21T21:00:00Z,PRM04,STIC,20210924-20220314,HS,21044189,0,19.092,25.37222249,0,fair,NA
AIMS,2021-10-21T21:30:00Z,PRM04,STIC,20210924-20220314,HS,21044189,0,18.996,25.37222249,0,fair,NA
AIMS,2021-10-21T22:00:00Z,PRM04,STIC,20210924-20220314,HS,21044189,0,18.711,25.37222249,0,fair,NA
AIMS,2021-10-21T22:30:00Z,PRM04,STIC,20210924-20220314,HS,21044189,21.5,18.616,25.4867884435,0,fair,NA
AIMS,2021-10-21T23:00:00Z,PRM04,STIC,20210924-20220314,HS,21044189,46844.8,17.855,274.99171916520004,1,fair,NA
AIMS,2021-10-21T23:30:00Z,PRM04,STIC,20210924-20220314,HS,21044189,44089.2,17.189,260.3080939808,1,fair,NA
AIMS,2021-10-22T00:00:00Z,PRM04,STIC,20210924-20220314,HS,21044189,49600.3,16.999,289.67481148470006,1,fair,NA
AIMS,2021-10-22T00:30:00Z,PRM04,STIC,20210924-20220314,HS,21044189,52355.9,16.808,304.35843666910006,1,fair,NA
AIMS,2021-10-22T01:00:00Z,PRM04,STIC,20210924-20220314,HS,21044189,55111.5,16.713,319.04206185350006,1,fair,NA
AIMS,2021-10-22T01:30:00Z,PRM04,STIC,20210924-20220314,HS,21044189,57867,16.713,333.725154173,1,fair,NA
AIMS,2021-10-22T02:00:00Z,PRM04,STIC,20210924-20220314,HS,21044189,57867,16.618,333.725154173,1,fair,NA
AIMS,2021-10-22T02:30:00Z,PRM04,STIC,20210924-20220314,HS,21044189,57867,16.523,333.725154173,1,fair,NA
AIMS,2021-10-22T03:00:00Z,PRM04,STIC,20210924-20220314,HS,21044189,60622.6,16.523,348.4087793574,1,fair,NA
AIMS,2021-10-22T03:30:00Z,PRM04,STIC,20210924-20220314,HS,21044189,60622.6,16.523,348.4087793574,1,fair,NA
AIMS,2021-10-22T04:00:00Z,PRM04,STIC,20210924-20220314,HS,21044189,60622.6,16.427,348.4087793574,1,fair,NA
AIMS,2021-10-22T04:30:00Z,PRM04,STIC,20210924-20220314,HS,21044189,60622.6,16.332,348.4087793574,1,fair,NA
AIMS,2021-10-22T05:00:00Z,PRM04,STIC,20210924-20220314,HS,21044189,63378.2,16.237,363.0924045418,1,fair,NA
AIMS,2021-10-22T05:30:00Z,PRM04,STIC,20210924-20220314,HS,21044189,63378.2,16.046,363.0924045418,1,fair,NA
AIMS,2021-10-22T06:00:00Z,PRM04,STIC,20210924-20220314,HS,21044189,63378.2,15.951,363.0924045418,1,fair,NA
AIMS,2021-10-22T06:30:00Z,PRM04,STIC,20210924-20220314,HS,21044189,63378.2,15.76,363.0924045418,1,fair,NA
AIMS,2021-10-22T07:00:00Z,PRM04,STIC,20210924-20220314,HS,21044189,63378.2,15.664,363.0924045418,1,fair,NA
AIMS,2021-10-22T07:30:00Z,PRM04,STIC,20210924-20220314,HS,21044189,63378.2,15.569,363.0924045418,1,fair,NA
AIMS,2021-10-22T08:00:00Z,PRM04,STIC,20210924-20220314,HS,21044189,63378.2,15.473,363.0924045418,1,fair,NA
AIMS,2021-10-22T08:30:00Z,PRM04,STIC,20210924-20220314,HS,21044189,63378.2,15.378,363.0924045418,1,fair,NA
AIMS,2021-10-22T09:00:00Z,PRM04,STIC,20210924-20220314,HS,21044189,63378.2,15.282,363.0924045418,1,fair,NA
AIMS,2021-10-22T09:30:00Z,PRM04,STIC,20210924-20220314,HS,21044189,63378.2,15.187,363.0924045418,1,fair,NA
AIMS,2021-10-22T10:00:00Z,PRM04,STIC,20210924-20220314,HS,21044189,63378.2,15.091,363.0924045418,1,fair,NA
AIMS,2021-10-22T10:30:00Z,PRM04,STIC,20210924-20220314,HS,21044189,63378.2,14.9,363.0924045418,1,fair,NA
AIMS,2021-10-22T11:00:00Z,PRM04,STIC,20210924-20220314,HS,21044189,63378.2,14.804,363.0924045418,1,fair,NA
AIMS,2021-10-22T11:30:00Z,PRM04,STIC,20210924-20220314,HS,21044189,63378.2,14.804,363.0924045418,1,fair,NA
AIMS,2021-10-22T12:00:00Z,PRM04,STIC,20210924-20220314,HS,21044189,63378.2,14.709,363.0924045418,1,fair,NA
AIMS,2021-10-22T12:30:00Z,PRM04,STIC,20210924-20220314,HS,21044189,63378.2,14.709,363.0924045418,1,fair,NA
AIMS,2021-10-22T13:00:00Z,PRM04,STIC,20210924-20220314,HS,21044189,63378.2,14.613,363.0924045418,1,fair,NA
AIMS,2021-10-22T13:30:00Z,PRM04,STIC,20210924-20220314,HS,21044189,63378.2,14.613,363.0924045418,1,fair,NA
AIMS,2021-10-22T14:00:00Z,PRM04,STIC,20210924-20220314,HS,21044189,63378.2,14.613,363.0924045418,1,fair,NA
AIMS,2021-10-22T14:30:00Z,PRM04,STIC,20210924-20220314,HS,21044189,63378.2,14.709,363.0924045418,1,fair,NA
AIMS,2021-10-22T15:00:00Z,PRM04,STIC,20210924-20220314,HS,21044189,63378.2,14.804,363.0924045418,1,fair,NA
AIMS,2021-10-22T15:30:00Z,PRM04,STIC,20210924-20220314,HS,21044189,63378.2,14.9,363.0924045418,1,fair,NA
AIMS,2021-10-22T16:00:00Z,PRM04,STIC,20210924-20220314,HS,21044189,63378.2,14.996,363.0924045418,1,fair,NA
AIMS,2021-10-22T16:30:00Z,PRM04,STIC,20210924-20220314,HS,21044189,63378.2,15.091,363.0924045418,1,fair,NA
AIMS,2021-10-22T17:00:00Z,PRM04,STIC,20210924-20220314,HS,21044189,63378.2,15.187,363.0924045418,1,fair,NA
AIMS,2021-10-22T17:30:00Z,PRM04,STIC,20210924-20220314,HS,21044189,63378.2,15.282,363.0924045418,1,fair,NA
AIMS,2021-10-22T18:00:00Z,PRM04,STIC,20210924-20220314,HS,21044189,63378.2,15.378,363.0924045418,1,fair,NA
AIMS,2021-10-22T18:30:00Z,PRM04,STIC,20210924-20220314,HS,21044189,63378.2,15.473,363.0924045418,1,fair,NA
AIMS,2021-10-22T19:00:00Z,PRM04,STIC,20210924-20220314,HS,21044189,63378.2,15.569,363.0924045418,1,fair,NA
AIMS,2021-10-22T19:30:00Z,PRM04,STIC,20210924-20220314,HS,21044189,63378.2,15.664,363.0924045418,1,fair,NA
AIMS,2021-10-22T20:00:00Z,PRM04,STIC,20210924-20220314,HS,21044189,63378.2,15.664,363.0924045418,1,fair,NA
AIMS,2021-10-22T20:30:00Z,PRM04,STIC,20210924-20220314,HS,21044189,63378.2,15.664,363.0924045418,1,fair,NA
AIMS,2021-10-22T21:00:00Z,PRM04,STIC,20210924-20220314,HS,21044189,63378.2,15.664,363.0924045418,1,fair,NA
AIMS,2021-10-22T21:30:00Z,PRM04,STIC,20210924-20220314,HS,21044189,63378.2,15.664,363.0924045418,1,fair,NA
AIMS,2021-10-22T22:00:00Z,PRM04,STIC,20210924-20220314,HS,21044189,63378.2,15.664,363.0924045418,1,fair,NA
AIMS,2021-10-22T22:30:00Z,PRM04,STIC,20210924-20220314,HS,21044189,63378.2,15.664,363.0924045418,1,fair,NA
AIMS,2021-10-22T23:00:00Z,PRM04,STIC,20210924-20220314,HS,21044189,63378.2,15.569,363.0924045418,1,fair,NA
AIMS,2021-10-22T23:30:00Z,PRM04,STIC,20210924-20220314,HS,21044189,63378.2,15.569,363.0924045418,1,fair,NA
AIMS,2021-10-23T00:00:00Z,PRM04,STIC,20210924-20220314,HS,21044189,63378.2,15.473,363.0924045418,1,fair,NA
AIMS,2021-10-23T00:30:00Z,PRM04,STIC,20210924-20220314,HS,21044189,63378.2,15.282,363.0924045418,1,fair,NA
AIMS,2021-10-23T01:00:00Z,PRM04,STIC,20210924-20220314,HS,21044189,63378.2,15.091,363.0924045418,1,fair,NA
AIMS,2021-10-23T01:30:00Z,PRM04,STIC,20210924-20220314,HS,21044189,63378.2,14.9,363.0924045418,1,fair,NA
AIMS,2021-10-23T02:00:00Z,PRM04,STIC,20210924-20220314,HS,21044189,4822.3,14.709,51.0685665627,1,fair,NA
AIMS,2021-10-23T02:30:00Z,PRM04,STIC,20210924-20220314,HS,21044189,796.5,14.421,29.616491418499997,1,fair,NA
AIMS,2021-10-23T03:00:00Z,PRM04,STIC,20210924-20220314,HS,21044189,688.9,14.134,29.0431287861,1,fair,NA
AIMS,2021-10-23T03:30:00Z,PRM04,STIC,20210924-20220314,HS,21044189,549,13.846,28.297650791,1,fair,NA
AIMS,2021-10-23T04:00:00Z,PRM04,STIC,20210924-20220314,HS,21044189,452.1,13.75,27.781304702899998,0,fair,NA
AIMS,2021-10-23T04:30:00Z,PRM04,STIC,20210924-20220314,HS,21044189,366,13.558,27.322508023999998,0,fair,NA
AIMS,2021-10-23T05:00:00Z,PRM04,STIC,20210924-20220314,HS,21044189,333.7,13.558,27.1503926613,0,fair,NA
AIMS,2021-10-23T05:30:00Z,PRM04,STIC,20210924-20220314,HS,21044189,247.6,13.365,26.6915959824,0,fair,NA
AIMS,2021-10-23T06:00:00Z,PRM04,STIC,20210924-20220314,HS,21044189,215.3,13.173,26.519480619699998,0,fair,NA
AIMS,2021-10-23T06:30:00Z,PRM04,STIC,20210924-20220314,HS,21044189,193.8,12.883,26.4049146662,0,fair,NA
AIMS,2021-10-23T07:00:00Z,PRM04,STIC,20210924-20220314,HS,21044189,183,12.883,26.347365257,0,fair,NA
AIMS,2021-10-23T07:30:00Z,PRM04,STIC,20210924-20220314,HS,21044189,161.5,12.69,26.2327993035,0,fair,NA
AIMS,2021-10-23T08:00:00Z,PRM04,STIC,20210924-20220314,HS,21044189,150.7,12.594,26.1752498943,0,fair,NA
AIMS,2021-10-23T08:30:00Z,PRM04,STIC,20210924-20220314,HS,21044189,150.7,12.401,26.1752498943,0,fair,NA
AIMS,2021-10-23T09:00:00Z,PRM04,STIC,20210924-20220314,HS,21044189,150.7,12.207,26.1752498943,0,fair,NA
AIMS,2021-10-23T09:30:00Z,PRM04,STIC,20210924-20220314,HS,21044189,139.9,12.207,26.1177004851,0,fair,NA
AIMS,2021-10-23T10:00:00Z,PRM04,STIC,20210924-20220314,HS,21044189,129.2,12.11,26.060683940799997,0,fair,NA
AIMS,2021-10-23T10:30:00Z,PRM04,STIC,20210924-20220314,HS,21044189,118.4,12.013,26.003134531599997,0,fair,NA
AIMS,2021-10-23T11:00:00Z,PRM04,STIC,20210924-20220314,HS,21044189,118.4,11.819,26.003134531599997,0,fair,NA
AIMS,2021-10-23T11:30:00Z,PRM04,STIC,20210924-20220314,HS,21044189,107.6,11.528,25.945585122399997,0,fair,NA
AIMS,2021-10-23T12:00:00Z,PRM04,STIC,20210924-20220314,HS,21044189,107.6,11.431,25.945585122399997,0,fair,NA
AIMS,2021-10-23T12:30:00Z,PRM04,STIC,20210924-20220314,HS,21044189,96.9,11.431,25.8885685781,0,fair,NA
AIMS,2021-10-23T13:00:00Z,PRM04,STIC,20210924-20220314,HS,21044189,96.9,11.236,25.8885685781,0,fair,NA
AIMS,2021-10-23T13:30:00Z,PRM04,STIC,20210924-20220314,HS,21044189,96.9,11.139,25.8885685781,0,fair,NA
AIMS,2021-10-23T14:00:00Z,PRM04,STIC,20210924-20220314,HS,21044189,96.9,10.846,25.8885685781,0,fair,NA
AIMS,2021-10-23T14:30:00Z,PRM04,STIC,20210924-20220314,HS,21044189,96.9,10.846,25.8885685781,0,fair,NA
AIMS,2021-10-23T15:00:00Z,PRM04,STIC,20210924-20220314,HS,21044189,96.9,11.139,25.8885685781,0,fair,NA
AIMS,2021-10-23T15:30:00Z,PRM04,STIC,20210924-20220314,HS,21044189,96.9,11.625,25.8885685781,0,fair,NA
AIMS,2021-10-23T16:00:00Z,PRM04,STIC,20210924-20220314,HS,21044189,96.9,12.207,25.8885685781,0,fair,NA
AIMS,2021-10-23T16:30:00Z,PRM04,STIC,20210924-20220314,HS,21044189,96.9,12.69,25.8885685781,0,fair,NA
AIMS,2021-10-23T17:00:00Z,PRM04,STIC,20210924-20220314,HS,21044189,96.9,13.269,25.8885685781,0,fair,NA
AIMS,2021-10-23T17:30:00Z,PRM04,STIC,20210924-20220314,HS,21044189,96.9,13.75,25.8885685781,0,fair,NA
AIMS,2021-10-23T18:00:00Z,PRM04,STIC,20210924-20220314,HS,21044189,96.9,14.134,25.8885685781,0,fair,NA
AIMS,2021-10-23T18:30:00Z,PRM04,STIC,20210924-20220314,HS,21044189,96.9,14.517,25.8885685781,0,fair,NA
AIMS,2021-10-23T19:00:00Z,PRM04,STIC,20210924-20220314,HS,21044189,96.9,14.9,25.8885685781,0,fair,NA
AIMS,2021-10-23T19:30:00Z,PRM04,STIC,20210924-20220314,HS,21044189,96.9,15.282,25.8885685781,0,fair,NA
AIMS,2021-10-23T20:00:00Z,PRM04,STIC,20210924-20220314,HS,21044189,96.9,15.282,25.8885685781,0,fair,NA
AIMS,2021-10-23T20:30:00Z,PRM04,STIC,20210924-20220314,HS,21044189,96.9,15.282,25.8885685781,0,fair,NA
AIMS,2021-10-23T21:00:00Z,PRM04,STIC,20210924-20220314,HS,21044189,96.9,15.378,25.8885685781,0,fair,NA
AIMS,2021-10-23T21:30:00Z,PRM04,STIC,20210924-20220314,HS,21044189,96.9,15.282,25.8885685781,0,fair,NA
AIMS,2021-10-23T22:00:00Z,PRM04,STIC,20210924-20220314,HS,21044189,96.9,15.187,25.8885685781,0,fair,NA
AIMS,2021-10-23T22:30:00Z,PRM04,STIC,20210924-20220314,HS,21044189,96.9,15.091,25.8885685781,0,fair,NA
AIMS,2021-10-23T23:00:00Z,PRM04,STIC,20210924-20220314,HS,21044189,96.9,14.996,25.8885685781,0,fair,NA
AIMS,2021-10-23T23:30:00Z,PRM04,STIC,20210924-20220314,HS,21044189,96.9,14.9,25.8885685781,0,fair,NA
AIMS,2021-10-24T00:00:00Z,PRM04,STIC,20210924-20220314,HS,21044189,96.9,14.613,25.8885685781,0,fair,NA
AIMS,2021-10-24T00:30:00Z,PRM04,STIC,20210924-20220314,HS,21044189,96.9,14.325,25.8885685781,0,fair,NA
AIMS,2021-10-24T01:00:00Z,PRM04,STIC,20210924-20220314,HS,21044189,96.9,14.038,25.8885685781,0,fair,NA
AIMS,2021-10-24T01:30:00Z,PRM04,STIC,20210924-20220314,HS,21044189,96.9,13.846,25.8885685781,0,fair,NA
AIMS,2021-10-24T02:00:00Z,PRM04,STIC,20210924-20220314,HS,21044189,86.1,13.365,25.8310191689,0,fair,NA
AIMS,2021-10-24T02:30:00Z,PRM04,STIC,20210924-20220314,HS,21044189,86.1,13.269,25.8310191689,0,fair,NA
AIMS,2021-10-24T03:00:00Z,PRM04,STIC,20210924-20220314,HS,21044189,86.1,13.076,25.8310191689,0,fair,NA
AIMS,2021-10-24T03:30:00Z,PRM04,STIC,20210924-20220314,HS,21044189,86.1,12.69,25.8310191689,0,fair,NA
AIMS,2021-10-24T04:00:00Z,PRM04,STIC,20210924-20220314,HS,21044189,86.1,12.497,25.8310191689,0,fair,NA
AIMS,2021-10-24T04:30:00Z,PRM04,STIC,20210924-20220314,HS,21044189,86.1,12.207,25.8310191689,0,fair,NA
AIMS,2021-10-24T05:00:00Z,PRM04,STIC,20210924-20220314,HS,21044189,75.3,12.11,25.7734697597,0,fair,NA
AIMS,2021-10-24T05:30:00Z,PRM04,STIC,20210924-20220314,HS,21044189,75.3,11.916,25.7734697597,0,fair,NA
AIMS,2021-10-24T06:00:00Z,PRM04,STIC,20210924-20220314,HS,21044189,75.3,11.625,25.7734697597,0,fair,NA
AIMS,2021-10-24T06:30:00Z,PRM04,STIC,20210924-20220314,HS,21044189,64.6,11.431,25.716453215399998,0,fair,NA
AIMS,2021-10-24T07:00:00Z,PRM04,STIC,20210924-20220314,HS,21044189,75.3,11.334,25.7734697597,0,fair,NA
AIMS,2021-10-24T07:30:00Z,PRM04,STIC,20210924-20220314,HS,21044189,64.6,11.236,25.716453215399998,0,fair,NA
AIMS,2021-10-24T08:00:00Z,PRM04,STIC,20210924-20220314,HS,21044189,64.6,11.041,25.716453215399998,0,fair,NA
AIMS,2021-10-24T08:30:00Z,PRM04,STIC,20210924-20220314,HS,21044189,64.6,10.944,25.716453215399998,0,fair,NA
AIMS,2021-10-24T09:00:00Z,PRM04,STIC,20210924-20220314,HS,21044189,64.6,10.846,25.716453215399998,0,fair,NA
AIMS,2021-10-24T09:30:00Z,PRM04,STIC,20210924-20220314,HS,21044189,64.6,10.944,25.716453215399998,0,fair,NA
AIMS,2021-10-24T10:00:00Z,PRM04,STIC,20210924-20220314,HS,21044189,64.6,10.651,25.716453215399998,0,fair,NA
AIMS,2021-10-24T10:30:00Z,PRM04,STIC,20210924-20220314,HS,21044189,64.6,10.553,25.716453215399998,0,fair,NA
AIMS,2021-10-24T11:00:00Z,PRM04,STIC,20210924-20220314,HS,21044189,64.6,10.455,25.716453215399998,0,fair,NA
AIMS,2021-10-24T11:30:00Z,PRM04,STIC,20210924-20220314,HS,21044189,64.6,10.455,25.716453215399998,0,fair,NA
AIMS,2021-10-24T12:00:00Z,PRM04,STIC,20210924-20220314,HS,21044189,64.6,10.455,25.716453215399998,0,fair,NA
AIMS,2021-10-24T12:30:00Z,PRM04,STIC,20210924-20220314,HS,21044189,64.6,10.357,25.716453215399998,0,fair,NA
AIMS,2021-10-24T13:00:00Z,PRM04,STIC,20210924-20220314,HS,21044189,64.6,10.357,25.716453215399998,0,fair,NA
AIMS,2021-10-24T13:30:00Z,PRM04,STIC,20210924-20220314,HS,21044189,64.6,10.553,25.716453215399998,0,fair,NA
AIMS,2021-10-24T14:00:00Z,PRM04,STIC,20210924-20220314,HS,21044189,64.6,10.846,25.716453215399998,0,fair,NA
AIMS,2021-10-24T14:30:00Z,PRM04,STIC,20210924-20220314,HS,21044189,64.6,11.334,25.716453215399998,0,fair,NA
AIMS,2021-10-24T15:00:00Z,PRM04,STIC,20210924-20220314,HS,21044189,64.6,11.819,25.716453215399998,0,fair,NA
AIMS,2021-10-24T15:30:00Z,PRM04,STIC,20210924-20220314,HS,21044189,64.6,12.207,25.716453215399998,0,fair,NA
AIMS,2021-10-24T16:00:00Z,PRM04,STIC,20210924-20220314,HS,21044189,75.3,12.98,25.7734697597,0,fair,NA
AIMS,2021-10-24T16:30:00Z,PRM04,STIC,20210924-20220314,HS,21044189,75.3,13.75,25.7734697597,0,fair,NA
AIMS,2021-10-24T17:00:00Z,PRM04,STIC,20210924-20220314,HS,21044189,64.6,14.134,25.716453215399998,0,fair,NA
AIMS,2021-10-24T17:30:00Z,PRM04,STIC,20210924-20220314,HS,21044189,64.6,14.613,25.716453215399998,0,fair,NA
AIMS,2021-10-24T18:00:00Z,PRM04,STIC,20210924-20220314,HS,21044189,64.6,14.996,25.716453215399998,0,fair,NA
AIMS,2021-10-24T18:30:00Z,PRM04,STIC,20210924-20220314,HS,21044189,64.6,15.569,25.716453215399998,0,fair,NA
AIMS,2021-10-24T19:00:00Z,PRM04,STIC,20210924-20220314,HS,21044189,32.3,16.141,25.5443378527,0,fair,NA
AIMS,2021-10-24T19:30:00Z,PRM04,STIC,20210924-20220314,HS,21044189,21.5,16.332,25.4867884435,0,fair,NA
AIMS,2021-10-24T20:00:00Z,PRM04,STIC,20210924-20220314,HS,21044189,10.8,16.332,25.4297718992,0,fair,NA
AIMS,2021-10-24T20:30:00Z,PRM04,STIC,20210924-20220314,HS,21044189,10.8,16.237,25.4297718992,0,fair,NA
AIMS,2021-10-24T21:00:00Z,PRM04,STIC,20210924-20220314,HS,21044189,21.5,16.237,25.4867884435,0,fair,NA
AIMS,2021-10-24T21:30:00Z,PRM04,STIC,20210924-20220314,HS,21044189,10.8,16.237,25.4297718992,0,fair,NA
AIMS,2021-10-24T22:00:00Z,PRM04,STIC,20210924-20220314,HS,21044189,10.8,16.141,25.4297718992,0,fair,NA
AIMS,2021-10-24T22:30:00Z,PRM04,STIC,20210924-20220314,HS,21044189,21.5,16.046,25.4867884435,0,fair,NA
AIMS,2021-10-24T23:00:00Z,PRM04,STIC,20210924-20220314,HS,21044189,10.8,16.046,25.4297718992,0,fair,NA
AIMS,2021-10-24T23:30:00Z,PRM04,STIC,20210924-20220314,HS,21044189,21.5,15.855,25.4867884435,0,fair,NA
AIMS,2021-10-25T00:00:00Z,PRM04,STIC,20210924-20220314,HS,21044189,21.5,15.76,25.4867884435,0,fair,NA
AIMS,2021-10-25T00:30:00Z,PRM04,STIC,20210924-20220314,HS,21044189,21.5,15.664,25.4867884435,0,fair,NA
AIMS,2021-10-25T01:00:00Z,PRM04,STIC,20210924-20220314,HS,21044189,21.5,15.569,25.4867884435,0,fair,NA
AIMS,2021-10-25T01:30:00Z,PRM04,STIC,20210924-20220314,HS,21044189,21.5,15.282,25.4867884435,0,fair,NA
AIMS,2021-10-25T02:00:00Z,PRM04,STIC,20210924-20220314,HS,21044189,21.5,14.996,25.4867884435,0,fair,NA
AIMS,2021-10-25T02:30:00Z,PRM04,STIC,20210924-20220314,HS,21044189,21.5,14.709,25.4867884435,0,fair,NA
AIMS,2021-10-25T03:00:00Z,PRM04,STIC,20210924-20220314,HS,21044189,21.5,14.613,25.4867884435,0,fair,NA
AIMS,2021-10-25T03:30:00Z,PRM04,STIC,20210924-20220314,HS,21044189,10.8,14.421,25.4297718992,0,fair,NA
AIMS,2021-10-25T04:00:00Z,PRM04,STIC,20210924-20220314,HS,21044189,21.5,14.134,25.4867884435,0,fair,NA
AIMS,2021-10-25T04:30:00Z,PRM04,STIC,20210924-20220314,HS,21044189,21.5,14.038,25.4867884435,0,fair,NA
AIMS,2021-10-25T05:00:00Z,PRM04,STIC,20210924-20220314,HS,21044189,21.5,14.038,25.4867884435,0,fair,NA
AIMS,2021-10-25T05:30:00Z,PRM04,STIC,20210924-20220314,HS,21044189,21.5,13.846,25.4867884435,0,fair,NA
AIMS,2021-10-25T06:00:00Z,PRM04,STIC,20210924-20220314,HS,21044189,21.5,13.846,25.4867884435,0,fair,NA
AIMS,2021-10-25T06:30:00Z,PRM04,STIC,20210924-20220314,HS,21044189,21.5,13.846,25.4867884435,0,fair,NA
AIMS,2021-10-25T07:00:00Z,PRM04,STIC,20210924-20220314,HS,21044189,21.5,13.942,25.4867884435,0,fair,NA
AIMS,2021-10-25T07:30:00Z,PRM04,STIC,20210924-20220314,HS,21044189,21.5,14.038,25.4867884435,0,fair,NA
AIMS,2021-10-25T08:00:00Z,PRM04,STIC,20210924-20220314,HS,21044189,21.5,14.038,25.4867884435,0,fair,NA
AIMS,2021-10-25T08:30:00Z,PRM04,STIC,20210924-20220314,HS,21044189,21.5,14.038,25.4867884435,0,fair,NA
AIMS,2021-10-25T09:00:00Z,PRM04,STIC,20210924-20220314,HS,21044189,21.5,14.038,25.4867884435,0,fair,NA
AIMS,2021-10-25T09:30:00Z,PRM04,STIC,20210924-20220314,HS,21044189,21.5,14.038,25.4867884435,0,fair,NA
AIMS,2021-10-25T10:00:00Z,PRM04,STIC,20210924-20220314,HS,21044189,21.5,14.038,25.4867884435,0,fair,NA
AIMS,2021-10-25T10:30:00Z,PRM04,STIC,20210924-20220314,HS,21044189,21.5,14.134,25.4867884435,0,fair,NA
AIMS,2021-10-25T11:00:00Z,PRM04,STIC,20210924-20220314,HS,21044189,21.5,14.23,25.4867884435,0,fair,NA
AIMS,2021-10-25T11:30:00Z,PRM04,STIC,20210924-20220314,HS,21044189,21.5,14.325,25.4867884435,0,fair,NA
AIMS,2021-10-25T12:00:00Z,PRM04,STIC,20210924-20220314,HS,21044189,21.5,14.421,25.4867884435,0,fair,NA
AIMS,2021-10-25T12:30:00Z,PRM04,STIC,20210924-20220314,HS,21044189,21.5,14.517,25.4867884435,0,fair,NA
AIMS,2021-10-25T13:00:00Z,PRM04,STIC,20210924-20220314,HS,21044189,21.5,14.613,25.4867884435,0,fair,NA
AIMS,2021-10-25T13:30:00Z,PRM04,STIC,20210924-20220314,HS,21044189,21.5,14.9,25.4867884435,0,fair,NA
AIMS,2021-10-25T14:00:00Z,PRM04,STIC,20210924-20220314,HS,21044189,21.5,15.187,25.4867884435,0,fair,NA
AIMS,2021-10-25T14:30:00Z,PRM04,STIC,20210924-20220314,HS,21044189,21.5,15.473,25.4867884435,0,fair,NA
AIMS,2021-10-25T15:00:00Z,PRM04,STIC,20210924-20220314,HS,21044189,21.5,15.855,25.4867884435,0,fair,NA
AIMS,2021-10-25T15:30:00Z,PRM04,STIC,20210924-20220314,HS,21044189,21.5,15.855,25.4867884435,0,fair,NA
AIMS,2021-10-25T16:00:00Z,PRM04,STIC,20210924-20220314,HS,21044189,32.3,15.951,25.5443378527,0,fair,NA
AIMS,2021-10-25T16:30:00Z,PRM04,STIC,20210924-20220314,HS,21044189,32.3,15.951,25.5443378527,0,fair,NA
AIMS,2021-10-25T17:00:00Z,PRM04,STIC,20210924-20220314,HS,21044189,32.3,16.237,25.5443378527,0,fair,NA
AIMS,2021-10-25T17:30:00Z,PRM04,STIC,20210924-20220314,HS,21044189,32.3,16.713,25.5443378527,0,fair,NA
AIMS,2021-10-25T18:00:00Z,PRM04,STIC,20210924-20220314,HS,21044189,32.3,17.189,25.5443378527,0,fair,NA
AIMS,2021-10-25T18:30:00Z,PRM04,STIC,20210924-20220314,HS,21044189,32.3,17.475,25.5443378527,0,fair,NA
AIMS,2021-10-25T19:00:00Z,PRM04,STIC,20210924-20220314,HS,21044189,32.3,17.76,25.5443378527,0,fair,NA
AIMS,2021-10-25T19:30:00Z,PRM04,STIC,20210924-20220314,HS,21044189,32.3,17.665,25.5443378527,0,fair,NA
AIMS,2021-10-25T20:00:00Z,PRM04,STIC,20210924-20220314,HS,21044189,32.3,17.475,25.5443378527,0,fair,NA
AIMS,2021-10-25T20:30:00Z,PRM04,STIC,20210924-20220314,HS,21044189,32.3,17.475,25.5443378527,0,fair,NA
AIMS,2021-10-25T21:00:00Z,PRM04,STIC,20210924-20220314,HS,21044189,32.3,17.57,25.5443378527,0,fair,NA
AIMS,2021-10-25T21:30:00Z,PRM04,STIC,20210924-20220314,HS,21044189,32.3,17.665,25.5443378527,0,fair,NA
AIMS,2021-10-25T22:00:00Z,PRM04,STIC,20210924-20220314,HS,21044189,32.3,17.475,25.5443378527,0,fair,NA
AIMS,2021-10-25T22:30:00Z,PRM04,STIC,20210924-20220314,HS,21044189,32.3,17.284,25.5443378527,0,fair,NA
AIMS,2021-10-25T23:00:00Z,PRM04,STIC,20210924-20220314,HS,21044189,21.5,16.903,25.4867884435,0,fair,NA
AIMS,2021-10-25T23:30:00Z,PRM04,STIC,20210924-20220314,HS,21044189,10.8,16.332,25.4297718992,0,fair,NA
AIMS,2021-10-26T00:00:00Z,PRM04,STIC,20210924-20220314,HS,21044189,21.5,16.046,25.4867884435,0,fair,NA
AIMS,2021-10-26T00:30:00Z,PRM04,STIC,20210924-20220314,HS,21044189,21.5,15.855,25.4867884435,0,fair,NA
AIMS,2021-10-26T01:00:00Z,PRM04,STIC,20210924-20220314,HS,21044189,0,15.473,25.37222249,0,fair,NA
AIMS,2021-10-26T01:30:00Z,PRM04,STIC,20210924-20220314,HS,21044189,10.8,14.996,25.4297718992,0,fair,NA
AIMS,2021-10-26T02:00:00Z,PRM04,STIC,20210924-20220314,HS,21044189,0,14.804,25.37222249,0,fair,NA
AIMS,2021-10-26T02:30:00Z,PRM04,STIC,20210924-20220314,HS,21044189,10.8,14.421,25.4297718992,0,fair,NA
AIMS,2021-10-26T03:00:00Z,PRM04,STIC,20210924-20220314,HS,21044189,10.8,14.325,25.4297718992,0,fair,NA
AIMS,2021-10-26T03:30:00Z,PRM04,STIC,20210924-20220314,HS,21044189,0,14.325,25.37222249,0,fair,NA
AIMS,2021-10-26T04:00:00Z,PRM04,STIC,20210924-20220314,HS,21044189,10.8,14.134,25.4297718992,0,fair,NA
AIMS,2021-10-26T04:30:00Z,PRM04,STIC,20210924-20220314,HS,21044189,0,14.038,25.37222249,0,fair,NA
AIMS,2021-10-26T05:00:00Z,PRM04,STIC,20210924-20220314,HS,21044189,10.8,13.846,25.4297718992,0,fair,NA
AIMS,2021-10-26T05:30:00Z,PRM04,STIC,20210924-20220314,HS,21044189,10.8,13.558,25.4297718992,0,fair,NA
AIMS,2021-10-26T06:00:00Z,PRM04,STIC,20210924-20220314,HS,21044189,10.8,13.365,25.4297718992,0,fair,NA
AIMS,2021-10-26T06:30:00Z,PRM04,STIC,20210924-20220314,HS,21044189,10.8,13.269,25.4297718992,0,fair,NA
AIMS,2021-10-26T07:00:00Z,PRM04,STIC,20210924-20220314,HS,21044189,0,13.173,25.37222249,0,fair,NA
AIMS,2021-10-26T07:30:00Z,PRM04,STIC,20210924-20220314,HS,21044189,10.8,13.076,25.4297718992,0,fair,NA
AIMS,2021-10-26T08:00:00Z,PRM04,STIC,20210924-20220314,HS,21044189,0,13.076,25.37222249,0,fair,NA
AIMS,2021-10-26T08:30:00Z,PRM04,STIC,20210924-20220314,HS,21044189,10.8,12.883,25.4297718992,0,fair,NA
AIMS,2021-10-26T09:00:00Z,PRM04,STIC,20210924-20220314,HS,21044189,0,12.787,25.37222249,0,fair,NA
AIMS,2021-10-26T09:30:00Z,PRM04,STIC,20210924-20220314,HS,21044189,10.8,12.69,25.4297718992,0,fair,NA
AIMS,2021-10-26T10:00:00Z,PRM04,STIC,20210924-20220314,HS,21044189,0,12.69,25.37222249,0,fair,NA
AIMS,2021-10-26T10:30:00Z,PRM04,STIC,20210924-20220314,HS,21044189,0,12.594,25.37222249,0,fair,NA
AIMS,2021-10-26T11:00:00Z,PRM04,STIC,20210924-20220314,HS,21044189,0,12.497,25.37222249,0,fair,NA
AIMS,2021-10-26T11:30:00Z,PRM04,STIC,20210924-20220314,HS,21044189,0,12.497,25.37222249,0,fair,NA
AIMS,2021-10-26T12:00:00Z,PRM04,STIC,20210924-20220314,HS,21044189,0,12.401,25.37222249,0,fair,NA
AIMS,2021-10-26T12:30:00Z,PRM04,STIC,20210924-20220314,HS,21044189,0,12.401,25.37222249,0,fair,NA
AIMS,2021-10-26T13:00:00Z,PRM04,STIC,20210924-20220314,HS,21044189,0,12.304,25.37222249,0,fair,NA
AIMS,2021-10-26T13:30:00Z,PRM04,STIC,20210924-20220314,HS,21044189,10.8,12.304,25.4297718992,0,fair,NA
AIMS,2021-10-26T14:00:00Z,PRM04,STIC,20210924-20220314,HS,21044189,0,12.401,25.37222249,0,fair,NA
AIMS,2021-10-26T14:30:00Z,PRM04,STIC,20210924-20220314,HS,21044189,0,12.401,25.37222249,0,fair,NA
AIMS,2021-10-26T15:00:00Z,PRM04,STIC,20210924-20220314,HS,21044189,10.8,12.497,25.4297718992,0,fair,NA
AIMS,2021-10-26T15:30:00Z,PRM04,STIC,20210924-20220314,HS,21044189,0,12.69,25.37222249,0,fair,NA
AIMS,2021-10-26T16:00:00Z,PRM04,STIC,20210924-20220314,HS,21044189,0,12.69,25.37222249,0,fair,NA
AIMS,2021-10-26T16:30:00Z,PRM04,STIC,20210924-20220314,HS,21044189,0,12.98,25.37222249,0,fair,NA
AIMS,2021-10-26T17:00:00Z,PRM04,STIC,20210924-20220314,HS,21044189,0,13.173,25.37222249,0,fair,NA
AIMS,2021-10-26T17:30:00Z,PRM04,STIC,20210924-20220314,HS,21044189,0,13.558,25.37222249,0,fair,NA
AIMS,2021-10-26T18:00:00Z,PRM04,STIC,20210924-20220314,HS,21044189,0,13.75,25.37222249,0,fair,NA
AIMS,2021-10-26T18:30:00Z,PRM04,STIC,20210924-20220314,HS,21044189,0,14.038,25.37222249,0,fair,NA
AIMS,2021-10-26T19:00:00Z,PRM04,STIC,20210924-20220314,HS,21044189,0,14.23,25.37222249,0,fair,NA
AIMS,2021-10-26T19:30:00Z,PRM04,STIC,20210924-20220314,HS,21044189,0,14.23,25.37222249,0,fair,NA
AIMS,2021-10-26T20:00:00Z,PRM04,STIC,20210924-20220314,HS,21044189,0,14.325,25.37222249,0,fair,NA
AIMS,2021-10-26T20:30:00Z,PRM04,STIC,20210924-20220314,HS,21044189,0,14.325,25.37222249,0,fair,NA
AIMS,2021-10-26T21:00:00Z,PRM04,STIC,20210924-20220314,HS,21044189,0,14.23,25.37222249,0,fair,NA
AIMS,2021-10-26T21:30:00Z,PRM04,STIC,20210924-20220314,HS,21044189,0,14.134,25.37222249,0,fair,NA
AIMS,2021-10-26T22:00:00Z,PRM04,STIC,20210924-20220314,HS,21044189,0,14.038,25.37222249,0,fair,NA
AIMS,2021-10-26T22:30:00Z,PRM04,STIC,20210924-20220314,HS,21044189,0,13.942,25.37222249,0,fair,NA
AIMS,2021-10-26T23:00:00Z,PRM04,STIC,20210924-20220314,HS,21044189,0,13.75,25.37222249,0,fair,NA
AIMS,2021-10-26T23:30:00Z,PRM04,STIC,20210924-20220314,HS,21044189,0,13.461,25.37222249,0,fair,NA
AIMS,2021-10-27T00:00:00Z,PRM04,STIC,20210924-20220314,HS,21044189,0,13.269,25.37222249,0,fair,NA
AIMS,2021-10-27T00:30:00Z,PRM04,STIC,20210924-20220314,HS,21044189,0,12.98,25.37222249,0,fair,NA
AIMS,2021-10-27T01:00:00Z,PRM04,STIC,20210924-20220314,HS,21044189,0,12.69,25.37222249,0,fair,NA
AIMS,2021-10-27T01:30:00Z,PRM04,STIC,20210924-20220314,HS,21044189,0,12.401,25.37222249,0,fair,NA
AIMS,2021-10-27T02:00:00Z,PRM04,STIC,20210924-20220314,HS,21044189,0,12.207,25.37222249,0,fair,NA
AIMS,2021-10-27T02:30:00Z,PRM04,STIC,20210924-20220314,HS,21044189,0,12.013,25.37222249,0,fair,NA
AIMS,2021-10-27T03:00:00Z,PRM04,STIC,20210924-20220314,HS,21044189,0,11.819,25.37222249,0,fair,NA
AIMS,2021-10-27T03:30:00Z,PRM04,STIC,20210924-20220314,HS,21044189,0,11.722,25.37222249,0,fair,NA
AIMS,2021-10-27T04:00:00Z,PRM04,STIC,20210924-20220314,HS,21044189,0,11.139,25.37222249,0,fair,NA
AIMS,2021-10-27T04:30:00Z,PRM04,STIC,20210924-20220314,HS,21044189,0,10.846,25.37222249,0,fair,NA
AIMS,2021-10-27T05:00:00Z,PRM04,STIC,20210924-20220314,HS,21044189,0,10.553,25.37222249,0,fair,NA
AIMS,2021-10-27T05:30:00Z,PRM04,STIC,20210924-20220314,HS,21044189,0,10.455,25.37222249,0,fair,NA
AIMS,2021-10-27T06:00:00Z,PRM04,STIC,20210924-20220314,HS,21044189,0,10.259,25.37222249,0,fair,NA
AIMS,2021-10-27T06:30:00Z,PRM04,STIC,20210924-20220314,HS,21044189,0,10.161,25.37222249,0,fair,NA
AIMS,2021-10-27T07:00:00Z,PRM04,STIC,20210924-20220314,HS,21044189,0,9.965,25.37222249,0,fair,NA
AIMS,2021-10-27T07:30:00Z,PRM04,STIC,20210924-20220314,HS,21044189,0,9.669,25.37222249,0,fair,NA
AIMS,2021-10-27T08:00:00Z,PRM04,STIC,20210924-20220314,HS,21044189,0,9.768,25.37222249,0,fair,NA
AIMS,2021-10-27T08:30:00Z,PRM04,STIC,20210924-20220314,HS,21044189,0,9.472,25.37222249,0,fair,NA
AIMS,2021-10-27T09:00:00Z,PRM04,STIC,20210924-20220314,HS,21044189,0,9.373,25.37222249,0,fair,NA
AIMS,2021-10-27T09:30:00Z,PRM04,STIC,20210924-20220314,HS,21044189,0,9.275,25.37222249,0,fair,NA
AIMS,2021-10-27T10:00:00Z,PRM04,STIC,20210924-20220314,HS,21044189,0,8.978,25.37222249,0,fair,NA
AIMS,2021-10-27T10:30:00Z,PRM04,STIC,20210924-20220314,HS,21044189,0,8.779,25.37222249,0,fair,NA
AIMS,2021-10-27T11:00:00Z,PRM04,STIC,20210924-20220314,HS,21044189,0,8.68,25.37222249,0,fair,NA
AIMS,2021-10-27T11:30:00Z,PRM04,STIC,20210924-20220314,HS,21044189,0,8.581,25.37222249,0,fair,NA
AIMS,2021-10-27T12:00:00Z,PRM04,STIC,20210924-20220314,HS,21044189,0,8.182,25.37222249,0,fair,NA
AIMS,2021-10-27T12:30:00Z,PRM04,STIC,20210924-20220314,HS,21044189,0,8.382,25.37222249,0,fair,NA
AIMS,2021-10-27T13:00:00Z,PRM04,STIC,20210924-20220314,HS,21044189,0,8.481,25.37222249,0,fair,NA
AIMS,2021-10-27T13:30:00Z,PRM04,STIC,20210924-20220314,HS,21044189,0,8.481,25.37222249,0,fair,NA
AIMS,2021-10-27T14:00:00Z,PRM04,STIC,20210924-20220314,HS,21044189,0,8.879,25.37222249,0,fair,NA
AIMS,2021-10-27T14:30:00Z,PRM04,STIC,20210924-20220314,HS,21044189,0,9.373,25.37222249,0,fair,NA
AIMS,2021-10-27T15:00:00Z,PRM04,STIC,20210924-20220314,HS,21044189,0,9.866,25.37222249,0,fair,NA
AIMS,2021-10-27T15:30:00Z,PRM04,STIC,20210924-20220314,HS,21044189,0,10.259,25.37222249,0,fair,NA
AIMS,2021-10-27T16:00:00Z,PRM04,STIC,20210924-20220314,HS,21044189,0,10.748,25.37222249,0,fair,NA
AIMS,2021-10-27T16:30:00Z,PRM04,STIC,20210924-20220314,HS,21044189,0,11.236,25.37222249,0,fair,NA
AIMS,2021-10-27T17:00:00Z,PRM04,STIC,20210924-20220314,HS,21044189,0,11.722,25.37222249,0,fair,NA
AIMS,2021-10-27T17:30:00Z,PRM04,STIC,20210924-20220314,HS,21044189,0,12.304,25.37222249,0,fair,NA
AIMS,2021-10-27T18:00:00Z,PRM04,STIC,20210924-20220314,HS,21044189,0,12.787,25.37222249,0,fair,NA
AIMS,2021-10-27T18:30:00Z,PRM04,STIC,20210924-20220314,HS,21044189,0,13.173,25.37222249,0,fair,NA
AIMS,2021-10-27T19:00:00Z,PRM04,STIC,20210924-20220314,HS,21044189,0,13.558,25.37222249,0,fair,NA
AIMS,2021-10-27T19:30:00Z,PRM04,STIC,20210924-20220314,HS,21044189,0,13.942,25.37222249,0,fair,NA
AIMS,2021-10-27T20:00:00Z,PRM04,STIC,20210924-20220314,HS,21044189,0,13.942,25.37222249,0,fair,NA
AIMS,2021-10-27T20:30:00Z,PRM04,STIC,20210924-20220314,HS,21044189,0,13.846,25.37222249,0,fair,NA
AIMS,2021-10-27T21:00:00Z,PRM04,STIC,20210924-20220314,HS,21044189,0,13.846,25.37222249,0,fair,NA
AIMS,2021-10-27T21:30:00Z,PRM04,STIC,20210924-20220314,HS,21044189,0,13.846,25.37222249,0,fair,NA
AIMS,2021-10-27T22:00:00Z,PRM04,STIC,20210924-20220314,HS,21044189,0,13.75,25.37222249,0,fair,NA
AIMS,2021-10-27T22:30:00Z,PRM04,STIC,20210924-20220314,HS,21044189,0,13.558,25.37222249,0,fair,NA
AIMS,2021-10-27T23:00:00Z,PRM04,STIC,20210924-20220314,HS,21044189,0,13.269,25.37222249,0,fair,NA
AIMS,2021-10-27T23:30:00Z,PRM04,STIC,20210924-20220314,HS,21044189,0,13.076,25.37222249,0,fair,NA
AIMS,2021-10-28T00:00:00Z,PRM04,STIC,20210924-20220314,HS,21044189,0,12.883,25.37222249,0,fair,NA
AIMS,2021-10-28T00:30:00Z,PRM04,STIC,20210924-20220314,HS,21044189,0,12.497,25.37222249,0,fair,NA
AIMS,2021-10-28T01:00:00Z,PRM04,STIC,20210924-20220314,HS,21044189,0,12.304,25.37222249,0,fair,NA
AIMS,2021-10-28T01:30:00Z,PRM04,STIC,20210924-20220314,HS,21044189,0,12.304,25.37222249,0,fair,NA
AIMS,2021-10-28T02:00:00Z,PRM04,STIC,20210924-20220314,HS,21044189,0,12.401,25.37222249,0,fair,NA
AIMS,2021-10-28T02:30:00Z,PRM04,STIC,20210924-20220314,HS,21044189,0,12.304,25.37222249,0,fair,NA
AIMS,2021-10-28T03:00:00Z,PRM04,STIC,20210924-20220314,HS,21044189,0,12.207,25.37222249,0,fair,NA
AIMS,2021-10-28T03:30:00Z,PRM04,STIC,20210924-20220314,HS,21044189,0,12.207,25.37222249,0,fair,NA
AIMS,2021-10-28T04:00:00Z,PRM04,STIC,20210924-20220314,HS,21044189,0,12.207,25.37222249,0,fair,NA
AIMS,2021-10-28T04:30:00Z,PRM04,STIC,20210924-20220314,HS,21044189,0,12.304,25.37222249,0,fair,NA
AIMS,2021-10-28T05:00:00Z,PRM04,STIC,20210924-20220314,HS,21044189,0,12.304,25.37222249,0,fair,NA
AIMS,2021-10-28T05:30:00Z,PRM04,STIC,20210924-20220314,HS,21044189,0,12.401,25.37222249,0,fair,NA
AIMS,2021-10-28T06:00:00Z,PRM04,STIC,20210924-20220314,HS,21044189,0,12.401,25.37222249,0,fair,NA
AIMS,2021-10-28T06:30:00Z,PRM04,STIC,20210924-20220314,HS,21044189,0,12.497,25.37222249,0,fair,NA
AIMS,2021-10-28T07:00:00Z,PRM04,STIC,20210924-20220314,HS,21044189,0,12.787,25.37222249,0,fair,NA
AIMS,2021-10-28T07:30:00Z,PRM04,STIC,20210924-20220314,HS,21044189,0,12.883,25.37222249,0,fair,NA
AIMS,2021-10-28T08:00:00Z,PRM04,STIC,20210924-20220314,HS,21044189,0,12.883,25.37222249,0,fair,NA
AIMS,2021-10-28T08:30:00Z,PRM04,STIC,20210924-20220314,HS,21044189,0,12.883,25.37222249,0,fair,NA
AIMS,2021-10-28T09:00:00Z,PRM04,STIC,20210924-20220314,HS,21044189,0,12.98,25.37222249,0,fair,NA
AIMS,2021-10-28T09:30:00Z,PRM04,STIC,20210924-20220314,HS,21044189,0,13.076,25.37222249,0,fair,NA
AIMS,2021-10-28T10:00:00Z,PRM04,STIC,20210924-20220314,HS,21044189,0,13.173,25.37222249,0,fair,NA
AIMS,2021-10-28T10:30:00Z,PRM04,STIC,20210924-20220314,HS,21044189,0,13.173,25.37222249,0,fair,NA
AIMS,2021-10-28T11:00:00Z,PRM04,STIC,20210924-20220314,HS,21044189,0,13.269,25.37222249,0,fair,NA
AIMS,2021-10-28T11:30:00Z,PRM04,STIC,20210924-20220314,HS,21044189,0,13.365,25.37222249,0,fair,NA
AIMS,2021-10-28T12:00:00Z,PRM04,STIC,20210924-20220314,HS,21044189,0,13.365,25.37222249,0,fair,NA
AIMS,2021-10-28T12:30:00Z,PRM04,STIC,20210924-20220314,HS,21044189,0,13.269,25.37222249,0,fair,NA
AIMS,2021-10-28T13:00:00Z,PRM04,STIC,20210924-20220314,HS,21044189,0,13.269,25.37222249,0,fair,NA
AIMS,2021-10-28T13:30:00Z,PRM04,STIC,20210924-20220314,HS,21044189,0,13.269,25.37222249,0,fair,NA
AIMS,2021-10-28T14:00:00Z,PRM04,STIC,20210924-20220314,HS,21044189,0,13.269,25.37222249,0,fair,NA
AIMS,2021-10-28T14:30:00Z,PRM04,STIC,20210924-20220314,HS,21044189,0,13.365,25.37222249,0,fair,NA
AIMS,2021-10-28T15:00:00Z,PRM04,STIC,20210924-20220314,HS,21044189,0,13.461,25.37222249,0,fair,NA
AIMS,2021-10-28T15:30:00Z,PRM04,STIC,20210924-20220314,HS,21044189,0,13.558,25.37222249,0,fair,NA
AIMS,2021-10-28T16:00:00Z,PRM04,STIC,20210924-20220314,HS,21044189,0,13.558,25.37222249,0,fair,NA
AIMS,2021-10-28T16:30:00Z,PRM04,STIC,20210924-20220314,HS,21044189,0,13.654,25.37222249,0,fair,NA
AIMS,2021-10-28T17:00:00Z,PRM04,STIC,20210924-20220314,HS,21044189,0,13.75,25.37222249,0,fair,NA
AIMS,2021-10-28T17:30:00Z,PRM04,STIC,20210924-20220314,HS,21044189,0,13.846,25.37222249,0,fair,NA
AIMS,2021-10-28T18:00:00Z,PRM04,STIC,20210924-20220314,HS,21044189,0,14.134,25.37222249,0,fair,NA
AIMS,2021-10-28T18:30:00Z,PRM04,STIC,20210924-20220314,HS,21044189,0,14.23,25.37222249,0,fair,NA
AIMS,2021-10-28T19:00:00Z,PRM04,STIC,20210924-20220314,HS,21044189,0,14.325,25.37222249,0,fair,NA
AIMS,2021-10-28T19:30:00Z,PRM04,STIC,20210924-20220314,HS,21044189,0,14.325,25.37222249,0,fair,NA
AIMS,2021-10-28T20:00:00Z,PRM04,STIC,20210924-20220314,HS,21044189,0,14.517,25.37222249,0,fair,NA
AIMS,2021-10-28T20:30:00Z,PRM04,STIC,20210924-20220314,HS,21044189,0,14.517,25.37222249,0,fair,NA
AIMS,2021-10-28T21:00:00Z,PRM04,STIC,20210924-20220314,HS,21044189,0,14.613,25.37222249,0,fair,NA
AIMS,2021-10-28T21:30:00Z,PRM04,STIC,20210924-20220314,HS,21044189,0,14.613,25.37222249,0,fair,NA
AIMS,2021-10-28T22:00:00Z,PRM04,STIC,20210924-20220314,HS,21044189,0,14.517,25.37222249,0,fair,NA
AIMS,2021-10-28T22:30:00Z,PRM04,STIC,20210924-20220314,HS,21044189,0,14.421,25.37222249,0,fair,NA
AIMS,2021-10-28T23:00:00Z,PRM04,STIC,20210924-20220314,HS,21044189,0,14.325,25.37222249,0,fair,NA
AIMS,2021-10-28T23:30:00Z,PRM04,STIC,20210924-20220314,HS,21044189,0,14.23,25.37222249,0,fair,NA
AIMS,2021-10-29T00:00:00Z,PRM04,STIC,20210924-20220314,HS,21044189,0,14.134,25.37222249,0,fair,NA
AIMS,2021-10-29T00:30:00Z,PRM04,STIC,20210924-20220314,HS,21044189,0,14.038,25.37222249,0,fair,NA
AIMS,2021-10-29T01:00:00Z,PRM04,STIC,20210924-20220314,HS,21044189,0,13.942,25.37222249,0,fair,NA
AIMS,2021-10-29T01:30:00Z,PRM04,STIC,20210924-20220314,HS,21044189,0,13.846,25.37222249,0,fair,NA
AIMS,2021-10-29T02:00:00Z,PRM04,STIC,20210924-20220314,HS,21044189,0,13.75,25.37222249,0,fair,NA
AIMS,2021-10-29T02:30:00Z,PRM04,STIC,20210924-20220314,HS,21044189,0,13.75,25.37222249,0,fair,NA
AIMS,2021-10-29T03:00:00Z,PRM04,STIC,20210924-20220314,HS,21044189,0,13.654,25.37222249,0,fair,NA
AIMS,2021-10-29T03:30:00Z,PRM04,STIC,20210924-20220314,HS,21044189,0,13.461,25.37222249,0,fair,NA
AIMS,2021-10-29T04:00:00Z,PRM04,STIC,20210924-20220314,HS,21044189,0,13.461,25.37222249,0,fair,NA
AIMS,2021-10-29T04:30:00Z,PRM04,STIC,20210924-20220314,HS,21044189,0,13.461,25.37222249,0,fair,NA
AIMS,2021-10-29T05:00:00Z,PRM04,STIC,20210924-20220314,HS,21044189,0,13.365,25.37222249,0,fair,NA
AIMS,2021-10-29T05:30:00Z,PRM04,STIC,20210924-20220314,HS,21044189,0,13.269,25.37222249,0,fair,NA
AIMS,2021-10-29T06:00:00Z,PRM04,STIC,20210924-20220314,HS,21044189,0,13.173,25.37222249,0,fair,NA
AIMS,2021-10-29T06:30:00Z,PRM04,STIC,20210924-20220314,HS,21044189,0,13.173,25.37222249,0,fair,NA
AIMS,2021-10-29T07:00:00Z,PRM04,STIC,20210924-20220314,HS,21044189,0,13.076,25.37222249,0,fair,NA
AIMS,2021-10-29T07:30:00Z,PRM04,STIC,20210924-20220314,HS,21044189,0,13.076,25.37222249,0,fair,NA
AIMS,2021-10-29T08:00:00Z,PRM04,STIC,20210924-20220314,HS,21044189,0,12.98,25.37222249,0,fair,NA
AIMS,2021-10-29T08:30:00Z,PRM04,STIC,20210924-20220314,HS,21044189,0,12.883,25.37222249,0,fair,NA
AIMS,2021-10-29T09:00:00Z,PRM04,STIC,20210924-20220314,HS,21044189,0,12.883,25.37222249,0,fair,NA
AIMS,2021-10-29T09:30:00Z,PRM04,STIC,20210924-20220314,HS,21044189,0,12.594,25.37222249,0,fair,NA
AIMS,2021-10-29T10:00:00Z,PRM04,STIC,20210924-20220314,HS,21044189,0,12.497,25.37222249,0,fair,NA
AIMS,2021-10-29T10:30:00Z,PRM04,STIC,20210924-20220314,HS,21044189,0,12.401,25.37222249,0,fair,NA
AIMS,2021-10-29T11:00:00Z,PRM04,STIC,20210924-20220314,HS,21044189,0,12.304,25.37222249,0,fair,NA
AIMS,2021-10-29T11:30:00Z,PRM04,STIC,20210924-20220314,HS,21044189,0,12.304,25.37222249,0,fair,NA
AIMS,2021-10-29T12:00:00Z,PRM04,STIC,20210924-20220314,HS,21044189,0,12.207,25.37222249,0,fair,NA
AIMS,2021-10-29T12:30:00Z,PRM04,STIC,20210924-20220314,HS,21044189,0,12.207,25.37222249,0,fair,NA
AIMS,2021-10-29T13:00:00Z,PRM04,STIC,20210924-20220314,HS,21044189,0,12.11,25.37222249,0,fair,NA
AIMS,2021-10-29T13:30:00Z,PRM04,STIC,20210924-20220314,HS,21044189,0,12.013,25.37222249,0,fair,NA
AIMS,2021-10-29T14:00:00Z,PRM04,STIC,20210924-20220314,HS,21044189,0,11.916,25.37222249,0,fair,NA
AIMS,2021-10-29T14:30:00Z,PRM04,STIC,20210924-20220314,HS,21044189,0,11.819,25.37222249,0,fair,NA
AIMS,2021-10-29T15:00:00Z,PRM04,STIC,20210924-20220314,HS,21044189,0,12.013,25.37222249,0,fair,NA
AIMS,2021-10-29T15:30:00Z,PRM04,STIC,20210924-20220314,HS,21044189,0,12.11,25.37222249,0,fair,NA
AIMS,2021-10-29T16:00:00Z,PRM04,STIC,20210924-20220314,HS,21044189,0,12.11,25.37222249,0,fair,NA
AIMS,2021-10-29T16:30:00Z,PRM04,STIC,20210924-20220314,HS,21044189,0,12.11,25.37222249,0,fair,NA
AIMS,2021-10-29T17:00:00Z,PRM04,STIC,20210924-20220314,HS,21044189,0,12.11,25.37222249,0,fair,NA
AIMS,2021-10-29T17:30:00Z,PRM04,STIC,20210924-20220314,HS,21044189,0,12.11,25.37222249,0,fair,NA
AIMS,2021-10-29T18:00:00Z,PRM04,STIC,20210924-20220314,HS,21044189,0,12.11,25.37222249,0,fair,NA
AIMS,2021-10-29T18:30:00Z,PRM04,STIC,20210924-20220314,HS,21044189,0,12.304,25.37222249,0,fair,NA
AIMS,2021-10-29T19:00:00Z,PRM04,STIC,20210924-20220314,HS,21044189,0,12.401,25.37222249,0,fair,NA
AIMS,2021-10-29T19:30:00Z,PRM04,STIC,20210924-20220314,HS,21044189,0,12.497,25.37222249,0,fair,NA
AIMS,2021-10-29T20:00:00Z,PRM04,STIC,20210924-20220314,HS,21044189,0,12.304,25.37222249,0,fair,NA
AIMS,2021-10-29T20:30:00Z,PRM04,STIC,20210924-20220314,HS,21044189,0,12.304,25.37222249,0,fair,NA
AIMS,2021-10-29T21:00:00Z,PRM04,STIC,20210924-20220314,HS,21044189,0,12.401,25.37222249,0,fair,NA
AIMS,2021-10-29T21:30:00Z,PRM04,STIC,20210924-20220314,HS,21044189,0,12.304,25.37222249,0,fair,NA
AIMS,2021-10-29T22:00:00Z,PRM04,STIC,20210924-20220314,HS,21044189,0,12.304,25.37222249,0,fair,NA
AIMS,2021-10-29T22:30:00Z,PRM04,STIC,20210924-20220314,HS,21044189,0,12.401,25.37222249,0,fair,NA
AIMS,2021-10-29T23:00:00Z,PRM04,STIC,20210924-20220314,HS,21044189,0,12.304,25.37222249,0,fair,NA
AIMS,2021-10-29T23:30:00Z,PRM04,STIC,20210924-20220314,HS,21044189,0,12.207,25.37222249,0,fair,NA
AIMS,2021-10-30T00:00:00Z,PRM04,STIC,20210924-20220314,HS,21044189,0,12.207,25.37222249,0,fair,NA
AIMS,2021-10-30T00:30:00Z,PRM04,STIC,20210924-20220314,HS,21044189,0,12.207,25.37222249,0,fair,NA
AIMS,2021-10-30T01:00:00Z,PRM04,STIC,20210924-20220314,HS,21044189,0,12.207,25.37222249,0,fair,NA
AIMS,2021-10-30T01:30:00Z,PRM04,STIC,20210924-20220314,HS,21044189,0,12.207,25.37222249,0,fair,NA
AIMS,2021-10-30T02:00:00Z,PRM04,STIC,20210924-20220314,HS,21044189,0,12.11,25.37222249,0,fair,NA
AIMS,2021-10-30T02:30:00Z,PRM04,STIC,20210924-20220314,HS,21044189,0,12.207,25.37222249,0,fair,NA
AIMS,2021-10-30T03:00:00Z,PRM04,STIC,20210924-20220314,HS,21044189,0,12.207,25.37222249,0,fair,NA
AIMS,2021-10-30T03:30:00Z,PRM04,STIC,20210924-20220314,HS,21044189,0,12.207,25.37222249,0,fair,NA
AIMS,2021-10-30T04:00:00Z,PRM04,STIC,20210924-20220314,HS,21044189,0,12.207,25.37222249,0,fair,NA
AIMS,2021-10-30T04:30:00Z,PRM04,STIC,20210924-20220314,HS,21044189,0,12.11,25.37222249,0,fair,NA
AIMS,2021-10-30T05:00:00Z,PRM04,STIC,20210924-20220314,HS,21044189,0,12.11,25.37222249,0,fair,NA
AIMS,2021-10-30T05:30:00Z,PRM04,STIC,20210924-20220314,HS,21044189,0,12.11,25.37222249,0,fair,NA
AIMS,2021-10-30T06:00:00Z,PRM04,STIC,20210924-20220314,HS,21044189,0,12.11,25.37222249,0,fair,NA
AIMS,2021-10-30T06:30:00Z,PRM04,STIC,20210924-20220314,HS,21044189,0,12.207,25.37222249,0,fair,NA
AIMS,2021-10-30T07:00:00Z,PRM04,STIC,20210924-20220314,HS,21044189,0,12.11,25.37222249,0,fair,NA
AIMS,2021-10-30T07:30:00Z,PRM04,STIC,20210924-20220314,HS,21044189,0,12.207,25.37222249,0,fair,NA
AIMS,2021-10-30T08:00:00Z,PRM04,STIC,20210924-20220314,HS,21044189,0,12.207,25.37222249,0,fair,NA
AIMS,2021-10-30T08:30:00Z,PRM04,STIC,20210924-20220314,HS,21044189,0,12.304,25.37222249,0,fair,NA
AIMS,2021-10-30T09:00:00Z,PRM04,STIC,20210924-20220314,HS,21044189,0,12.304,25.37222249,0,fair,NA
AIMS,2021-10-30T09:30:00Z,PRM04,STIC,20210924-20220314,HS,21044189,0,12.304,25.37222249,0,fair,NA
AIMS,2021-10-30T10:00:00Z,PRM04,STIC,20210924-20220314,HS,21044189,0,12.304,25.37222249,0,fair,NA
AIMS,2021-10-30T10:30:00Z,PRM04,STIC,20210924-20220314,HS,21044189,0,12.401,25.37222249,0,fair,NA
AIMS,2021-10-30T11:00:00Z,PRM04,STIC,20210924-20220314,HS,21044189,0,12.401,25.37222249,0,fair,NA
AIMS,2021-10-30T11:30:00Z,PRM04,STIC,20210924-20220314,HS,21044189,0,12.401,25.37222249,0,fair,NA
AIMS,2021-10-30T12:00:00Z,PRM04,STIC,20210924-20220314,HS,21044189,0,12.401,25.37222249,0,fair,NA
AIMS,2021-10-30T12:30:00Z,PRM04,STIC,20210924-20220314,HS,21044189,0,12.401,25.37222249,0,fair,NA
AIMS,2021-10-30T13:00:00Z,PRM04,STIC,20210924-20220314,HS,21044189,0,12.304,25.37222249,0,fair,NA
AIMS,2021-10-30T13:30:00Z,PRM04,STIC,20210924-20220314,HS,21044189,0,12.304,25.37222249,0,fair,NA
AIMS,2021-10-30T14:00:00Z,PRM04,STIC,20210924-20220314,HS,21044189,0,12.304,25.37222249,0,fair,NA
AIMS,2021-10-30T14:30:00Z,PRM04,STIC,20210924-20220314,HS,21044189,0,12.304,25.37222249,0,fair,NA
AIMS,2021-10-30T15:00:00Z,PRM04,STIC,20210924-20220314,HS,21044189,0,12.304,25.37222249,0,fair,NA
AIMS,2021-10-30T15:30:00Z,PRM04,STIC,20210924-20220314,HS,21044189,10.8,12.304,25.4297718992,0,fair,NA
AIMS,2021-10-30T16:00:00Z,PRM04,STIC,20210924-20220314,HS,21044189,10.8,12.401,25.4297718992,0,fair,NA
AIMS,2021-10-30T16:30:00Z,PRM04,STIC,20210924-20220314,HS,21044189,10.8,12.497,25.4297718992,0,fair,NA
AIMS,2021-10-30T17:00:00Z,PRM04,STIC,20210924-20220314,HS,21044189,10.8,12.594,25.4297718992,0,fair,NA
AIMS,2021-10-30T17:30:00Z,PRM04,STIC,20210924-20220314,HS,21044189,10.8,12.69,25.4297718992,0,fair,NA
AIMS,2021-10-30T18:00:00Z,PRM04,STIC,20210924-20220314,HS,21044189,10.8,12.69,25.4297718992,0,fair,NA
AIMS,2021-10-30T18:30:00Z,PRM04,STIC,20210924-20220314,HS,21044189,10.8,12.883,25.4297718992,0,fair,NA
AIMS,2021-10-30T19:00:00Z,PRM04,STIC,20210924-20220314,HS,21044189,10.8,12.98,25.4297718992,0,fair,NA
AIMS,2021-10-30T19:30:00Z,PRM04,STIC,20210924-20220314,HS,21044189,60622.6,13.173,348.4087793574,1,fair,NA
AIMS,2021-10-30T20:00:00Z,PRM04,STIC,20210924-20220314,HS,21044189,60622.6,13.75,348.4087793574,1,fair,NA
AIMS,2021-10-30T20:30:00Z,PRM04,STIC,20210924-20220314,HS,21044189,60622.6,14.038,348.4087793574,1,fair,NA
AIMS,2021-10-30T21:00:00Z,PRM04,STIC,20210924-20220314,HS,21044189,63378.2,14.134,363.0924045418,1,fair,NA
AIMS,2021-10-30T21:30:00Z,PRM04,STIC,20210924-20220314,HS,21044189,63378.2,14.134,363.0924045418,1,fair,NA
AIMS,2021-10-30T22:00:00Z,PRM04,STIC,20210924-20220314,HS,21044189,63378.2,14.134,363.0924045418,1,fair,NA
AIMS,2021-10-30T22:30:00Z,PRM04,STIC,20210924-20220314,HS,21044189,66133.8,14.134,377.7760297262001,1,fair,NA
AIMS,2021-10-30T23:00:00Z,PRM04,STIC,20210924-20220314,HS,21044189,66133.8,14.134,377.7760297262001,1,fair,NA
AIMS,2021-10-30T23:30:00Z,PRM04,STIC,20210924-20220314,HS,21044189,66133.8,14.134,377.7760297262001,1,fair,NA
AIMS,2021-10-31T00:00:00Z,PRM04,STIC,20210924-20220314,HS,21044189,66133.8,14.134,377.7760297262001,1,fair,NA
AIMS,2021-10-31T00:30:00Z,PRM04,STIC,20210924-20220314,HS,21044189,66133.8,14.038,377.7760297262001,1,fair,NA
AIMS,2021-10-31T01:00:00Z,PRM04,STIC,20210924-20220314,HS,21044189,66133.8,14.038,377.7760297262001,1,fair,NA
AIMS,2021-10-31T01:30:00Z,PRM04,STIC,20210924-20220314,HS,21044189,66133.8,14.038,377.7760297262001,1,fair,NA
AIMS,2021-10-31T02:00:00Z,PRM04,STIC,20210924-20220314,HS,21044189,66133.8,14.038,377.7760297262001,1,fair,NA
AIMS,2021-10-31T02:30:00Z,PRM04,STIC,20210924-20220314,HS,21044189,66133.8,14.038,377.7760297262001,1,fair,NA
AIMS,2021-10-31T03:00:00Z,PRM04,STIC,20210924-20220314,HS,21044189,66133.8,14.038,377.7760297262001,1,fair,NA
AIMS,2021-10-31T03:30:00Z,PRM04,STIC,20210924-20220314,HS,21044189,66133.8,14.038,377.7760297262001,1,fair,NA
AIMS,2021-10-31T04:00:00Z,PRM04,STIC,20210924-20220314,HS,21044189,66133.8,14.038,377.7760297262001,1,fair,NA
AIMS,2021-10-31T04:30:00Z,PRM04,STIC,20210924-20220314,HS,21044189,66133.8,13.942,377.7760297262001,1,fair,NA
AIMS,2021-10-31T05:00:00Z,PRM04,STIC,20210924-20220314,HS,21044189,66133.8,13.942,377.7760297262001,1,fair,NA
AIMS,2021-10-31T05:30:00Z,PRM04,STIC,20210924-20220314,HS,21044189,66133.8,13.942,377.7760297262001,1,fair,NA
AIMS,2021-10-31T06:00:00Z,PRM04,STIC,20210924-20220314,HS,21044189,66133.8,13.942,377.7760297262001,1,fair,NA
AIMS,2021-10-31T06:30:00Z,PRM04,STIC,20210924-20220314,HS,21044189,66133.8,13.846,377.7760297262001,1,fair,NA
AIMS,2021-10-31T07:00:00Z,PRM04,STIC,20210924-20220314,HS,21044189,66133.8,13.846,377.7760297262001,1,fair,NA
AIMS,2021-10-31T07:30:00Z,PRM04,STIC,20210924-20220314,HS,21044189,66133.8,13.846,377.7760297262001,1,fair,NA
AIMS,2021-10-31T08:00:00Z,PRM04,STIC,20210924-20220314,HS,21044189,66133.8,13.846,377.7760297262001,1,fair,NA
AIMS,2021-10-31T08:30:00Z,PRM04,STIC,20210924-20220314,HS,21044189,66133.8,13.75,377.7760297262001,1,fair,NA
AIMS,2021-10-31T09:00:00Z,PRM04,STIC,20210924-20220314,HS,21044189,66133.8,13.75,377.7760297262001,1,fair,NA
AIMS,2021-10-31T09:30:00Z,PRM04,STIC,20210924-20220314,HS,21044189,66133.8,13.654,377.7760297262001,1,fair,NA
AIMS,2021-10-31T10:00:00Z,PRM04,STIC,20210924-20220314,HS,21044189,66133.8,13.654,377.7760297262001,1,fair,NA
AIMS,2021-10-31T10:30:00Z,PRM04,STIC,20210924-20220314,HS,21044189,66133.8,13.654,377.7760297262001,1,fair,NA
AIMS,2021-10-31T11:00:00Z,PRM04,STIC,20210924-20220314,HS,21044189,66133.8,13.654,377.7760297262001,1,fair,NA
AIMS,2021-10-31T11:30:00Z,PRM04,STIC,20210924-20220314,HS,21044189,66133.8,13.558,377.7760297262001,1,fair,NA
AIMS,2021-10-31T12:00:00Z,PRM04,STIC,20210924-20220314,HS,21044189,66133.8,13.461,377.7760297262001,1,fair,NA
AIMS,2021-10-31T12:30:00Z,PRM04,STIC,20210924-20220314,HS,21044189,66133.8,13.461,377.7760297262001,1,fair,NA
AIMS,2021-10-31T13:00:00Z,PRM04,STIC,20210924-20220314,HS,21044189,66133.8,13.461,377.7760297262001,1,fair,NA
AIMS,2021-10-31T13:30:00Z,PRM04,STIC,20210924-20220314,HS,21044189,66133.8,13.365,377.7760297262001,1,fair,NA
AIMS,2021-10-31T14:00:00Z,PRM04,STIC,20210924-20220314,HS,21044189,39955.8,13.365,238.2826562042,1,fair,NA
AIMS,2021-10-31T14:30:00Z,PRM04,STIC,20210924-20220314,HS,21044189,538.2,13.365,28.2401013818,1,fair,NA
AIMS,2021-10-31T15:00:00Z,PRM04,STIC,20210924-20220314,HS,21044189,441.3,13.461,27.7237552937,0,fair,NA
AIMS,2021-10-31T15:30:00Z,PRM04,STIC,20210924-20220314,HS,21044189,366,13.461,27.322508023999998,0,fair,NA
AIMS,2021-10-31T16:00:00Z,PRM04,STIC,20210924-20220314,HS,21044189,322.9,13.461,27.0928432521,0,fair,NA
AIMS,2021-10-31T16:30:00Z,PRM04,STIC,20210924-20220314,HS,21044189,226,13.654,26.576497164,0,fair,NA
AIMS,2021-10-31T17:00:00Z,PRM04,STIC,20210924-20220314,HS,21044189,204.5,13.846,26.461931210499998,0,fair,NA
AIMS,2021-10-31T17:30:00Z,PRM04,STIC,20210924-20220314,HS,21044189,183,14.038,26.347365257,0,fair,NA
AIMS,2021-10-31T18:00:00Z,PRM04,STIC,20210924-20220314,HS,21044189,172.2,14.23,26.2898158478,0,fair,NA
AIMS,2021-10-31T18:30:00Z,PRM04,STIC,20210924-20220314,HS,21044189,161.5,14.23,26.2327993035,0,fair,NA
AIMS,2021-10-31T19:00:00Z,PRM04,STIC,20210924-20220314,HS,21044189,161.5,14.325,26.2327993035,0,fair,NA
AIMS,2021-10-31T19:30:00Z,PRM04,STIC,20210924-20220314,HS,21044189,150.7,14.613,26.1752498943,0,fair,NA
AIMS,2021-10-31T20:00:00Z,PRM04,STIC,20210924-20220314,HS,21044189,150.7,14.709,26.1752498943,0,fair,NA
AIMS,2021-10-31T20:30:00Z,PRM04,STIC,20210924-20220314,HS,21044189,150.7,14.804,26.1752498943,0,fair,NA
AIMS,2021-10-31T21:00:00Z,PRM04,STIC,20210924-20220314,HS,21044189,139.9,14.9,26.1177004851,0,fair,NA
AIMS,2021-10-31T21:30:00Z,PRM04,STIC,20210924-20220314,HS,21044189,139.9,14.804,26.1177004851,0,fair,NA
AIMS,2021-10-31T22:00:00Z,PRM04,STIC,20210924-20220314,HS,21044189,139.9,14.709,26.1177004851,0,fair,NA
AIMS,2021-10-31T22:30:00Z,PRM04,STIC,20210924-20220314,HS,21044189,129.2,14.421,26.060683940799997,0,fair,NA
AIMS,2021-10-31T23:00:00Z,PRM04,STIC,20210924-20220314,HS,21044189,129.2,14.23,26.060683940799997,0,fair,NA
AIMS,2021-10-31T23:30:00Z,PRM04,STIC,20210924-20220314,HS,21044189,118.4,14.038,26.003134531599997,0,fair,NA
AIMS,2021-11-01T00:00:00Z,PRM04,STIC,20210924-20220314,HS,21044189,118.4,13.846,26.003134531599997,0,fair,NA
AIMS,2021-11-01T00:30:00Z,PRM04,STIC,20210924-20220314,HS,21044189,118.4,13.461,26.003134531599997,0,fair,NA
AIMS,2021-11-01T01:00:00Z,PRM04,STIC,20210924-20220314,HS,21044189,107.6,13.269,25.945585122399997,0,fair,NA
AIMS,2021-11-01T01:30:00Z,PRM04,STIC,20210924-20220314,HS,21044189,107.6,12.883,25.945585122399997,0,fair,NA
AIMS,2021-11-01T02:00:00Z,PRM04,STIC,20210924-20220314,HS,21044189,96.9,12.69,25.8885685781,0,fair,NA
AIMS,2021-11-01T02:30:00Z,PRM04,STIC,20210924-20220314,HS,21044189,96.9,12.401,25.8885685781,0,fair,NA
AIMS,2021-11-01T03:00:00Z,PRM04,STIC,20210924-20220314,HS,21044189,96.9,12.207,25.8885685781,0,fair,NA
AIMS,2021-11-01T03:30:00Z,PRM04,STIC,20210924-20220314,HS,21044189,86.1,11.819,25.8310191689,0,fair,NA
AIMS,2021-11-01T04:00:00Z,PRM04,STIC,20210924-20220314,HS,21044189,86.1,11.528,25.8310191689,0,fair,NA
AIMS,2021-11-01T04:30:00Z,PRM04,STIC,20210924-20220314,HS,21044189,86.1,11.431,25.8310191689,0,fair,NA
AIMS,2021-11-01T05:00:00Z,PRM04,STIC,20210924-20220314,HS,21044189,86.1,11.334,25.8310191689,0,fair,NA
AIMS,2021-11-01T05:30:00Z,PRM04,STIC,20210924-20220314,HS,21044189,75.3,11.334,25.7734697597,0,fair,NA
AIMS,2021-11-01T06:00:00Z,PRM04,STIC,20210924-20220314,HS,21044189,75.3,11.236,25.7734697597,0,fair,NA
AIMS,2021-11-01T06:30:00Z,PRM04,STIC,20210924-20220314,HS,21044189,75.3,11.236,25.7734697597,0,fair,NA
AIMS,2021-11-01T07:00:00Z,PRM04,STIC,20210924-20220314,HS,21044189,75.3,11.236,25.7734697597,0,fair,NA
AIMS,2021-11-01T07:30:00Z,PRM04,STIC,20210924-20220314,HS,21044189,75.3,11.139,25.7734697597,0,fair,NA
AIMS,2021-11-01T08:00:00Z,PRM04,STIC,20210924-20220314,HS,21044189,75.3,11.139,25.7734697597,0,fair,NA
AIMS,2021-11-01T08:30:00Z,PRM04,STIC,20210924-20220314,HS,21044189,75.3,10.944,25.7734697597,0,fair,NA
AIMS,2021-11-01T09:00:00Z,PRM04,STIC,20210924-20220314,HS,21044189,75.3,11.041,25.7734697597,0,fair,NA
AIMS,2021-11-01T09:30:00Z,PRM04,STIC,20210924-20220314,HS,21044189,75.3,11.236,25.7734697597,0,fair,NA
AIMS,2021-11-01T10:00:00Z,PRM04,STIC,20210924-20220314,HS,21044189,75.3,11.334,25.7734697597,0,fair,NA
AIMS,2021-11-01T10:30:00Z,PRM04,STIC,20210924-20220314,HS,21044189,75.3,11.334,25.7734697597,0,fair,NA
AIMS,2021-11-01T11:00:00Z,PRM04,STIC,20210924-20220314,HS,21044189,75.3,11.334,25.7734697597,0,fair,NA
AIMS,2021-11-01T11:30:00Z,PRM04,STIC,20210924-20220314,HS,21044189,75.3,11.334,25.7734697597,0,fair,NA
AIMS,2021-11-01T12:00:00Z,PRM04,STIC,20210924-20220314,HS,21044189,75.3,11.334,25.7734697597,0,fair,NA
AIMS,2021-11-01T12:30:00Z,PRM04,STIC,20210924-20220314,HS,21044189,75.3,11.334,25.7734697597,0,fair,NA
AIMS,2021-11-01T13:00:00Z,PRM04,STIC,20210924-20220314,HS,21044189,64.6,11.431,25.716453215399998,0,fair,NA
AIMS,2021-11-01T13:30:00Z,PRM04,STIC,20210924-20220314,HS,21044189,75.3,11.431,25.7734697597,0,fair,NA
AIMS,2021-11-01T14:00:00Z,PRM04,STIC,20210924-20220314,HS,21044189,64.6,11.528,25.716453215399998,0,fair,NA
AIMS,2021-11-01T14:30:00Z,PRM04,STIC,20210924-20220314,HS,21044189,75.3,11.625,25.7734697597,0,fair,NA
AIMS,2021-11-01T15:00:00Z,PRM04,STIC,20210924-20220314,HS,21044189,64.6,11.819,25.716453215399998,0,fair,NA
AIMS,2021-11-01T15:30:00Z,PRM04,STIC,20210924-20220314,HS,21044189,75.3,12.11,25.7734697597,0,fair,NA
AIMS,2021-11-01T16:00:00Z,PRM04,STIC,20210924-20220314,HS,21044189,75.3,12.304,25.7734697597,0,fair,NA
AIMS,2021-11-01T16:30:00Z,PRM04,STIC,20210924-20220314,HS,21044189,75.3,12.69,25.7734697597,0,fair,NA
AIMS,2021-11-01T17:00:00Z,PRM04,STIC,20210924-20220314,HS,21044189,75.3,13.076,25.7734697597,0,fair,NA
AIMS,2021-11-01T17:30:00Z,PRM04,STIC,20210924-20220314,HS,21044189,75.3,13.654,25.7734697597,0,fair,NA
AIMS,2021-11-01T18:00:00Z,PRM04,STIC,20210924-20220314,HS,21044189,75.3,13.942,25.7734697597,0,fair,NA
AIMS,2021-11-01T18:30:00Z,PRM04,STIC,20210924-20220314,HS,21044189,75.3,14.23,25.7734697597,0,fair,NA
AIMS,2021-11-01T19:00:00Z,PRM04,STIC,20210924-20220314,HS,21044189,75.3,14.421,25.7734697597,0,fair,NA
AIMS,2021-11-01T19:30:00Z,PRM04,STIC,20210924-20220314,HS,21044189,75.3,14.421,25.7734697597,0,fair,NA
AIMS,2021-11-01T20:00:00Z,PRM04,STIC,20210924-20220314,HS,21044189,75.3,14.23,25.7734697597,0,fair,NA
AIMS,2021-11-01T20:30:00Z,PRM04,STIC,20210924-20220314,HS,21044189,75.3,14.134,25.7734697597,0,fair,NA
AIMS,2021-11-01T21:00:00Z,PRM04,STIC,20210924-20220314,HS,21044189,75.3,14.134,25.7734697597,0,fair,NA
AIMS,2021-11-01T21:30:00Z,PRM04,STIC,20210924-20220314,HS,21044189,75.3,14.038,25.7734697597,0,fair,NA
AIMS,2021-11-01T22:00:00Z,PRM04,STIC,20210924-20220314,HS,21044189,75.3,13.942,25.7734697597,0,fair,NA
AIMS,2021-11-01T22:30:00Z,PRM04,STIC,20210924-20220314,HS,21044189,75.3,13.654,25.7734697597,0,fair,NA
AIMS,2021-11-01T23:00:00Z,PRM04,STIC,20210924-20220314,HS,21044189,64.6,13.365,25.716453215399998,0,fair,NA
AIMS,2021-11-01T23:30:00Z,PRM04,STIC,20210924-20220314,HS,21044189,64.6,13.076,25.716453215399998,0,fair,NA
AIMS,2021-11-02T00:00:00Z,PRM04,STIC,20210924-20220314,HS,21044189,64.6,12.883,25.716453215399998,0,fair,NA
AIMS,2021-11-02T00:30:00Z,PRM04,STIC,20210924-20220314,HS,21044189,64.6,12.497,25.716453215399998,0,fair,NA
AIMS,2021-11-02T01:00:00Z,PRM04,STIC,20210924-20220314,HS,21044189,64.6,12.11,25.716453215399998,0,fair,NA
AIMS,2021-11-02T01:30:00Z,PRM04,STIC,20210924-20220314,HS,21044189,53.8,11.722,25.658903806199998,0,fair,NA
AIMS,2021-11-02T02:00:00Z,PRM04,STIC,20210924-20220314,HS,21044189,53.8,11.431,25.658903806199998,0,fair,NA
AIMS,2021-11-02T02:30:00Z,PRM04,STIC,20210924-20220314,HS,21044189,53.8,11.236,25.658903806199998,0,fair,NA
AIMS,2021-11-02T03:00:00Z,PRM04,STIC,20210924-20220314,HS,21044189,53.8,11.041,25.658903806199998,0,fair,NA
AIMS,2021-11-02T03:30:00Z,PRM04,STIC,20210924-20220314,HS,21044189,53.8,10.846,25.658903806199998,0,fair,NA
AIMS,2021-11-02T04:00:00Z,PRM04,STIC,20210924-20220314,HS,21044189,53.8,10.553,25.658903806199998,0,fair,NA
AIMS,2021-11-02T04:30:00Z,PRM04,STIC,20210924-20220314,HS,21044189,43.1,10.357,25.6018872619,0,fair,NA
AIMS,2021-11-02T05:00:00Z,PRM04,STIC,20210924-20220314,HS,21044189,53.8,10.259,25.658903806199998,0,fair,NA
AIMS,2021-11-02T05:30:00Z,PRM04,STIC,20210924-20220314,HS,21044189,53.8,10.357,25.658903806199998,0,fair,NA
AIMS,2021-11-02T06:00:00Z,PRM04,STIC,20210924-20220314,HS,21044189,53.8,10.357,25.658903806199998,0,fair,NA
AIMS,2021-11-02T06:30:00Z,PRM04,STIC,20210924-20220314,HS,21044189,43.1,10.161,25.6018872619,0,fair,NA
AIMS,2021-11-02T07:00:00Z,PRM04,STIC,20210924-20220314,HS,21044189,43.1,10.161,25.6018872619,0,fair,NA
AIMS,2021-11-02T07:30:00Z,PRM04,STIC,20210924-20220314,HS,21044189,53.8,9.965,25.658903806199998,0,fair,NA
AIMS,2021-11-02T08:00:00Z,PRM04,STIC,20210924-20220314,HS,21044189,43.1,9.965,25.6018872619,0,fair,NA
AIMS,2021-11-02T08:30:00Z,PRM04,STIC,20210924-20220314,HS,21044189,43.1,10.063,25.6018872619,0,fair,NA
AIMS,2021-11-02T09:00:00Z,PRM04,STIC,20210924-20220314,HS,21044189,53.8,10.063,25.658903806199998,0,fair,NA
AIMS,2021-11-02T09:30:00Z,PRM04,STIC,20210924-20220314,HS,21044189,53.8,9.866,25.658903806199998,0,fair,NA
AIMS,2021-11-02T10:00:00Z,PRM04,STIC,20210924-20220314,HS,21044189,43.1,10.063,25.6018872619,0,fair,NA
AIMS,2021-11-02T10:30:00Z,PRM04,STIC,20210924-20220314,HS,21044189,43.1,10.063,25.6018872619,0,fair,NA
AIMS,2021-11-02T11:00:00Z,PRM04,STIC,20210924-20220314,HS,21044189,43.1,10.063,25.6018872619,0,fair,NA
AIMS,2021-11-02T11:30:00Z,PRM04,STIC,20210924-20220314,HS,21044189,43.1,9.866,25.6018872619,0,fair,NA
AIMS,2021-11-02T12:00:00Z,PRM04,STIC,20210924-20220314,HS,21044189,43.1,9.965,25.6018872619,0,fair,NA
AIMS,2021-11-02T12:30:00Z,PRM04,STIC,20210924-20220314,HS,21044189,43.1,9.965,25.6018872619,0,fair,NA
AIMS,2021-11-02T13:00:00Z,PRM04,STIC,20210924-20220314,HS,21044189,43.1,9.965,25.6018872619,0,fair,NA
AIMS,2021-11-02T13:30:00Z,PRM04,STIC,20210924-20220314,HS,21044189,43.1,9.866,25.6018872619,0,fair,NA
AIMS,2021-11-02T14:00:00Z,PRM04,STIC,20210924-20220314,HS,21044189,43.1,9.866,25.6018872619,0,fair,NA
AIMS,2021-11-02T14:30:00Z,PRM04,STIC,20210924-20220314,HS,21044189,53.8,10.259,25.658903806199998,0,fair,NA
AIMS,2021-11-02T15:00:00Z,PRM04,STIC,20210924-20220314,HS,21044189,53.8,10.455,25.658903806199998,0,fair,NA
AIMS,2021-11-02T15:30:00Z,PRM04,STIC,20210924-20220314,HS,21044189,43.1,10.651,25.6018872619,0,fair,NA
AIMS,2021-11-02T16:00:00Z,PRM04,STIC,20210924-20220314,HS,21044189,43.1,10.846,25.6018872619,0,fair,NA
AIMS,2021-11-02T16:30:00Z,PRM04,STIC,20210924-20220314,HS,21044189,43.1,11.041,25.6018872619,0,fair,NA
AIMS,2021-11-02T17:00:00Z,PRM04,STIC,20210924-20220314,HS,21044189,43.1,11.139,25.6018872619,0,fair,NA
AIMS,2021-11-02T17:30:00Z,PRM04,STIC,20210924-20220314,HS,21044189,21.5,11.334,25.4867884435,0,fair,NA
AIMS,2021-11-02T18:00:00Z,PRM04,STIC,20210924-20220314,HS,21044189,21.5,11.528,25.4867884435,0,fair,NA
AIMS,2021-11-02T18:30:00Z,PRM04,STIC,20210924-20220314,HS,21044189,21.5,11.722,25.4867884435,0,fair,NA
AIMS,2021-11-02T19:00:00Z,PRM04,STIC,20210924-20220314,HS,21044189,21.5,11.916,25.4867884435,0,fair,NA
AIMS,2021-11-02T19:30:00Z,PRM04,STIC,20210924-20220314,HS,21044189,10.8,12.013,25.4297718992,0,fair,NA
AIMS,2021-11-02T20:00:00Z,PRM04,STIC,20210924-20220314,HS,21044189,0,12.11,25.37222249,0,fair,NA
AIMS,2021-11-02T20:30:00Z,PRM04,STIC,20210924-20220314,HS,21044189,10.8,12.11,25.4297718992,0,fair,NA
AIMS,2021-11-02T21:00:00Z,PRM04,STIC,20210924-20220314,HS,21044189,10.8,11.916,25.4297718992,0,fair,NA
AIMS,2021-11-02T21:30:00Z,PRM04,STIC,20210924-20220314,HS,21044189,0,11.625,25.37222249,0,fair,NA
AIMS,2021-11-02T22:00:00Z,PRM04,STIC,20210924-20220314,HS,21044189,0,11.431,25.37222249,0,fair,NA
AIMS,2021-11-02T22:30:00Z,PRM04,STIC,20210924-20220314,HS,21044189,0,11.334,25.37222249,0,fair,NA
AIMS,2021-11-02T23:00:00Z,PRM04,STIC,20210924-20220314,HS,21044189,0,11.139,25.37222249,0,fair,NA
AIMS,2021-11-02T23:30:00Z,PRM04,STIC,20210924-20220314,HS,21044189,0,11.041,25.37222249,0,fair,NA
AIMS,2021-11-03T00:00:00Z,PRM04,STIC,20210924-20220314,HS,21044189,0,10.748,25.37222249,0,fair,NA
AIMS,2021-11-03T00:30:00Z,PRM04,STIC,20210924-20220314,HS,21044189,0,10.553,25.37222249,0,fair,NA
AIMS,2021-11-03T01:00:00Z,PRM04,STIC,20210924-20220314,HS,21044189,0,10.357,25.37222249,0,fair,NA
AIMS,2021-11-03T01:30:00Z,PRM04,STIC,20210924-20220314,HS,21044189,0,10.161,25.37222249,0,fair,NA
AIMS,2021-11-03T02:00:00Z,PRM04,STIC,20210924-20220314,HS,21044189,0,9.965,25.37222249,0,fair,NA
AIMS,2021-11-03T02:30:00Z,PRM04,STIC,20210924-20220314,HS,21044189,0,9.571,25.37222249,0,fair,NA
AIMS,2021-11-03T03:00:00Z,PRM04,STIC,20210924-20220314,HS,21044189,0,9.571,25.37222249,0,fair,NA
AIMS,2021-11-03T03:30:00Z,PRM04,STIC,20210924-20220314,HS,21044189,0,9.275,25.37222249,0,fair,NA
AIMS,2021-11-03T04:00:00Z,PRM04,STIC,20210924-20220314,HS,21044189,0,8.779,25.37222249,0,fair,NA
AIMS,2021-11-03T04:30:00Z,PRM04,STIC,20210924-20220314,HS,21044189,0,8.382,25.37222249,0,fair,NA
AIMS,2021-11-03T05:00:00Z,PRM04,STIC,20210924-20220314,HS,21044189,0,8.082,25.37222249,0,fair,NA
AIMS,2021-11-03T05:30:00Z,PRM04,STIC,20210924-20220314,HS,21044189,0,8.082,25.37222249,0,fair,NA
AIMS,2021-11-03T06:00:00Z,PRM04,STIC,20210924-20220314,HS,21044189,0,7.882,25.37222249,0,fair,NA
AIMS,2021-11-03T06:30:00Z,PRM04,STIC,20210924-20220314,HS,21044189,0,7.983,25.37222249,0,fair,NA
AIMS,2021-11-03T07:00:00Z,PRM04,STIC,20210924-20220314,HS,21044189,0,7.882,25.37222249,0,fair,NA
AIMS,2021-11-03T07:30:00Z,PRM04,STIC,20210924-20220314,HS,21044189,0,7.682,25.37222249,0,fair,NA
AIMS,2021-11-03T08:00:00Z,PRM04,STIC,20210924-20220314,HS,21044189,0,7.682,25.37222249,0,fair,NA
AIMS,2021-11-03T08:30:00Z,PRM04,STIC,20210924-20220314,HS,21044189,0,7.582,25.37222249,0,fair,NA
AIMS,2021-11-03T09:00:00Z,PRM04,STIC,20210924-20220314,HS,21044189,0,7.381,25.37222249,0,fair,NA
AIMS,2021-11-03T09:30:00Z,PRM04,STIC,20210924-20220314,HS,21044189,0,7.481,25.37222249,0,fair,NA
AIMS,2021-11-03T10:00:00Z,PRM04,STIC,20210924-20220314,HS,21044189,0,7.381,25.37222249,0,fair,NA
AIMS,2021-11-03T10:30:00Z,PRM04,STIC,20210924-20220314,HS,21044189,0,7.481,25.37222249,0,fair,NA
AIMS,2021-11-03T11:00:00Z,PRM04,STIC,20210924-20220314,HS,21044189,0,7.481,25.37222249,0,fair,NA
AIMS,2021-11-03T11:30:00Z,PRM04,STIC,20210924-20220314,HS,21044189,0,7.481,25.37222249,0,fair,NA
AIMS,2021-11-03T12:00:00Z,PRM04,STIC,20210924-20220314,HS,21044189,0,7.481,25.37222249,0,fair,NA
AIMS,2021-11-03T12:30:00Z,PRM04,STIC,20210924-20220314,HS,21044189,0,7.582,25.37222249,0,fair,NA
AIMS,2021-11-03T13:00:00Z,PRM04,STIC,20210924-20220314,HS,21044189,0,7.682,25.37222249,0,fair,NA
AIMS,2021-11-03T13:30:00Z,PRM04,STIC,20210924-20220314,HS,21044189,0,7.682,25.37222249,0,fair,NA
AIMS,2021-11-03T14:00:00Z,PRM04,STIC,20210924-20220314,HS,21044189,0,7.682,25.37222249,0,fair,NA
AIMS,2021-11-03T14:30:00Z,PRM04,STIC,20210924-20220314,HS,21044189,0,7.782,25.37222249,0,fair,NA
AIMS,2021-11-03T15:00:00Z,PRM04,STIC,20210924-20220314,HS,21044189,0,7.882,25.37222249,0,fair,NA
AIMS,2021-11-03T15:30:00Z,PRM04,STIC,20210924-20220314,HS,21044189,0,8.082,25.37222249,0,fair,NA
AIMS,2021-11-03T16:00:00Z,PRM04,STIC,20210924-20220314,HS,21044189,0,8.382,25.37222249,0,fair,NA
AIMS,2021-11-03T16:30:00Z,PRM04,STIC,20210924-20220314,HS,21044189,0,8.481,25.37222249,0,fair,NA
AIMS,2021-11-03T17:00:00Z,PRM04,STIC,20210924-20220314,HS,21044189,0,8.68,25.37222249,0,fair,NA
AIMS,2021-11-03T17:30:00Z,PRM04,STIC,20210924-20220314,HS,21044189,0,8.779,25.37222249,0,fair,NA
AIMS,2021-11-03T18:00:00Z,PRM04,STIC,20210924-20220314,HS,21044189,0,8.978,25.37222249,0,fair,NA
AIMS,2021-11-03T18:30:00Z,PRM04,STIC,20210924-20220314,HS,21044189,0,9.077,25.37222249,0,fair,NA
AIMS,2021-11-03T19:00:00Z,PRM04,STIC,20210924-20220314,HS,21044189,0,9.176,25.37222249,0,fair,NA
AIMS,2021-11-03T19:30:00Z,PRM04,STIC,20210924-20220314,HS,21044189,0,9.373,25.37222249,0,fair,NA
AIMS,2021-11-03T20:00:00Z,PRM04,STIC,20210924-20220314,HS,21044189,0,9.472,25.37222249,0,fair,NA
AIMS,2021-11-03T20:30:00Z,PRM04,STIC,20210924-20220314,HS,21044189,0,9.669,25.37222249,0,fair,NA
AIMS,2021-11-03T21:00:00Z,PRM04,STIC,20210924-20220314,HS,21044189,0,9.669,25.37222249,0,fair,NA
AIMS,2021-11-03T21:30:00Z,PRM04,STIC,20210924-20220314,HS,21044189,0,9.768,25.37222249,0,fair,NA
AIMS,2021-11-03T22:00:00Z,PRM04,STIC,20210924-20220314,HS,21044189,0,9.669,25.37222249,0,fair,NA
AIMS,2021-11-03T22:30:00Z,PRM04,STIC,20210924-20220314,HS,21044189,0,9.669,25.37222249,0,fair,NA
AIMS,2021-11-03T23:00:00Z,PRM04,STIC,20210924-20220314,HS,21044189,0,9.669,25.37222249,0,fair,NA
AIMS,2021-11-03T23:30:00Z,PRM04,STIC,20210924-20220314,HS,21044189,0,9.669,25.37222249,0,fair,NA
AIMS,2021-11-04T00:00:00Z,PRM04,STIC,20210924-20220314,HS,21044189,0,9.669,25.37222249,0,fair,NA
AIMS,2021-11-04T00:30:00Z,PRM04,STIC,20210924-20220314,HS,21044189,0,9.571,25.37222249,0,fair,NA
AIMS,2021-11-04T01:00:00Z,PRM04,STIC,20210924-20220314,HS,21044189,0,9.571,25.37222249,0,fair,NA
AIMS,2021-11-04T01:30:00Z,PRM04,STIC,20210924-20220314,HS,21044189,0,9.571,25.37222249,0,fair,NA
AIMS,2021-11-04T02:00:00Z,PRM04,STIC,20210924-20220314,HS,21044189,0,9.472,25.37222249,0,fair,NA
AIMS,2021-11-04T02:30:00Z,PRM04,STIC,20210924-20220314,HS,21044189,0,9.275,25.37222249,0,fair,NA
AIMS,2021-11-04T03:00:00Z,PRM04,STIC,20210924-20220314,HS,21044189,0,9.275,25.37222249,0,fair,NA
AIMS,2021-11-04T03:30:00Z,PRM04,STIC,20210924-20220314,HS,21044189,0,9.275,25.37222249,0,fair,NA
AIMS,2021-11-04T04:00:00Z,PRM04,STIC,20210924-20220314,HS,21044189,0,9.275,25.37222249,0,fair,NA
AIMS,2021-11-04T04:30:00Z,PRM04,STIC,20210924-20220314,HS,21044189,0,9.275,25.37222249,0,fair,NA
AIMS,2021-11-04T05:00:00Z,PRM04,STIC,20210924-20220314,HS,21044189,0,9.275,25.37222249,0,fair,NA
AIMS,2021-11-04T05:30:00Z,PRM04,STIC,20210924-20220314,HS,21044189,0,9.176,25.37222249,0,fair,NA
AIMS,2021-11-04T06:00:00Z,PRM04,STIC,20210924-20220314,HS,21044189,0,9.176,25.37222249,0,fair,NA
AIMS,2021-11-04T06:30:00Z,PRM04,STIC,20210924-20220314,HS,21044189,0,9.077,25.37222249,0,fair,NA
AIMS,2021-11-04T07:00:00Z,PRM04,STIC,20210924-20220314,HS,21044189,0,8.978,25.37222249,0,fair,NA
AIMS,2021-11-04T07:30:00Z,PRM04,STIC,20210924-20220314,HS,21044189,0,8.978,25.37222249,0,fair,NA
AIMS,2021-11-04T08:00:00Z,PRM04,STIC,20210924-20220314,HS,21044189,0,8.978,25.37222249,0,fair,NA
AIMS,2021-11-04T08:30:00Z,PRM04,STIC,20210924-20220314,HS,21044189,0,8.879,25.37222249,0,fair,NA
AIMS,2021-11-04T09:00:00Z,PRM04,STIC,20210924-20220314,HS,21044189,0,8.879,25.37222249,0,fair,NA
AIMS,2021-11-04T09:30:00Z,PRM04,STIC,20210924-20220314,HS,21044189,0,8.879,25.37222249,0,fair,NA
AIMS,2021-11-04T10:00:00Z,PRM04,STIC,20210924-20220314,HS,21044189,0,8.879,25.37222249,0,fair,NA
AIMS,2021-11-04T10:30:00Z,PRM04,STIC,20210924-20220314,HS,21044189,0,8.779,25.37222249,0,fair,NA
AIMS,2021-11-04T11:00:00Z,PRM04,STIC,20210924-20220314,HS,21044189,0,8.68,25.37222249,0,fair,NA
AIMS,2021-11-04T11:30:00Z,PRM04,STIC,20210924-20220314,HS,21044189,0,8.779,25.37222249,0,fair,NA
AIMS,2021-11-04T12:00:00Z,PRM04,STIC,20210924-20220314,HS,21044189,0,8.68,25.37222249,0,fair,NA
AIMS,2021-11-04T12:30:00Z,PRM04,STIC,20210924-20220314,HS,21044189,0,8.481,25.37222249,0,fair,NA
AIMS,2021-11-04T13:00:00Z,PRM04,STIC,20210924-20220314,HS,21044189,0,8.581,25.37222249,0,fair,NA
AIMS,2021-11-04T13:30:00Z,PRM04,STIC,20210924-20220314,HS,21044189,0,8.581,25.37222249,0,fair,NA
AIMS,2021-11-04T14:00:00Z,PRM04,STIC,20210924-20220314,HS,21044189,0,8.581,25.37222249,0,fair,NA
AIMS,2021-11-04T14:30:00Z,PRM04,STIC,20210924-20220314,HS,21044189,0,8.581,25.37222249,0,fair,NA
AIMS,2021-11-04T15:00:00Z,PRM04,STIC,20210924-20220314,HS,21044189,0,8.581,25.37222249,0,fair,NA
AIMS,2021-11-04T15:30:00Z,PRM04,STIC,20210924-20220314,HS,21044189,0,8.581,25.37222249,0,fair,NA
AIMS,2021-11-04T16:00:00Z,PRM04,STIC,20210924-20220314,HS,21044189,0,8.779,25.37222249,0,fair,NA
AIMS,2021-11-04T16:30:00Z,PRM04,STIC,20210924-20220314,HS,21044189,0,8.879,25.37222249,0,fair,NA
AIMS,2021-11-04T17:00:00Z,PRM04,STIC,20210924-20220314,HS,21044189,0,8.978,25.37222249,0,fair,NA
AIMS,2021-11-04T17:30:00Z,PRM04,STIC,20210924-20220314,HS,21044189,0,9.176,25.37222249,0,fair,NA
AIMS,2021-11-04T18:00:00Z,PRM04,STIC,20210924-20220314,HS,21044189,0,9.275,25.37222249,0,fair,NA
AIMS,2021-11-04T18:30:00Z,PRM04,STIC,20210924-20220314,HS,21044189,0,9.275,25.37222249,0,fair,NA
AIMS,2021-11-04T19:00:00Z,PRM04,STIC,20210924-20220314,HS,21044189,0,9.373,25.37222249,0,fair,NA
AIMS,2021-11-04T19:30:00Z,PRM04,STIC,20210924-20220314,HS,21044189,0,9.373,25.37222249,0,fair,NA
AIMS,2021-11-04T20:00:00Z,PRM04,STIC,20210924-20220314,HS,21044189,0,9.472,25.37222249,0,fair,NA
AIMS,2021-11-04T20:30:00Z,PRM04,STIC,20210924-20220314,HS,21044189,0,9.571,25.37222249,0,fair,NA
AIMS,2021-11-04T21:00:00Z,PRM04,STIC,20210924-20220314,HS,21044189,0,9.472,25.37222249,0,fair,NA
AIMS,2021-11-04T21:30:00Z,PRM04,STIC,20210924-20220314,HS,21044189,0,9.571,25.37222249,0,fair,NA
AIMS,2021-11-04T22:00:00Z,PRM04,STIC,20210924-20220314,HS,21044189,0,9.571,25.37222249,0,fair,NA
AIMS,2021-11-04T22:30:00Z,PRM04,STIC,20210924-20220314,HS,21044189,0,9.571,25.37222249,0,fair,NA
AIMS,2021-11-04T23:00:00Z,PRM04,STIC,20210924-20220314,HS,21044189,0,9.571,25.37222249,0,fair,NA
AIMS,2021-11-04T23:30:00Z,PRM04,STIC,20210924-20220314,HS,21044189,0,9.571,25.37222249,0,fair,NA
AIMS,2021-11-05T00:00:00Z,PRM04,STIC,20210924-20220314,HS,21044189,10.8,9.571,25.4297718992,0,fair,NA
AIMS,2021-11-05T00:30:00Z,PRM04,STIC,20210924-20220314,HS,21044189,10.8,9.571,25.4297718992,0,fair,NA
AIMS,2021-11-05T01:00:00Z,PRM04,STIC,20210924-20220314,HS,21044189,0,9.571,25.37222249,0,fair,NA
AIMS,2021-11-05T01:30:00Z,PRM04,STIC,20210924-20220314,HS,21044189,0,9.472,25.37222249,0,fair,NA
AIMS,2021-11-05T02:00:00Z,PRM04,STIC,20210924-20220314,HS,21044189,10.8,9.373,25.4297718992,0,fair,NA
AIMS,2021-11-05T02:30:00Z,PRM04,STIC,20210924-20220314,HS,21044189,10.8,9.275,25.4297718992,0,fair,NA
AIMS,2021-11-05T03:00:00Z,PRM04,STIC,20210924-20220314,HS,21044189,10.8,9.176,25.4297718992,0,fair,NA
AIMS,2021-11-05T03:30:00Z,PRM04,STIC,20210924-20220314,HS,21044189,10.8,9.077,25.4297718992,0,fair,NA
AIMS,2021-11-05T04:00:00Z,PRM04,STIC,20210924-20220314,HS,21044189,10.8,8.978,25.4297718992,0,fair,NA
AIMS,2021-11-05T04:30:00Z,PRM04,STIC,20210924-20220314,HS,21044189,0,8.879,25.37222249,0,fair,NA
AIMS,2021-11-05T05:00:00Z,PRM04,STIC,20210924-20220314,HS,21044189,10.8,8.779,25.4297718992,0,fair,NA
AIMS,2021-11-05T05:30:00Z,PRM04,STIC,20210924-20220314,HS,21044189,10.8,8.68,25.4297718992,0,fair,NA
AIMS,2021-11-05T06:00:00Z,PRM04,STIC,20210924-20220314,HS,21044189,0,8.68,25.37222249,0,fair,NA
AIMS,2021-11-05T06:30:00Z,PRM04,STIC,20210924-20220314,HS,21044189,0,8.581,25.37222249,0,fair,NA
AIMS,2021-11-05T07:00:00Z,PRM04,STIC,20210924-20220314,HS,21044189,0,8.581,25.37222249,0,fair,NA
AIMS,2021-11-05T07:30:00Z,PRM04,STIC,20210924-20220314,HS,21044189,0,8.481,25.37222249,0,fair,NA
AIMS,2021-11-05T08:00:00Z,PRM04,STIC,20210924-20220314,HS,21044189,0,8.382,25.37222249,0,fair,NA
AIMS,2021-11-05T08:30:00Z,PRM04,STIC,20210924-20220314,HS,21044189,0,8.082,25.37222249,0,fair,NA
AIMS,2021-11-05T09:00:00Z,PRM04,STIC,20210924-20220314,HS,21044189,0,7.983,25.37222249,0,fair,NA
AIMS,2021-11-05T09:30:00Z,PRM04,STIC,20210924-20220314,HS,21044189,0,7.983,25.37222249,0,fair,NA
AIMS,2021-11-05T10:00:00Z,PRM04,STIC,20210924-20220314,HS,21044189,0,7.782,25.37222249,0,fair,NA
AIMS,2021-11-05T10:30:00Z,PRM04,STIC,20210924-20220314,HS,21044189,0,7.983,25.37222249,0,fair,NA
AIMS,2021-11-05T11:00:00Z,PRM04,STIC,20210924-20220314,HS,21044189,0,7.983,25.37222249,0,fair,NA
AIMS,2021-11-05T11:30:00Z,PRM04,STIC,20210924-20220314,HS,21044189,0,7.983,25.37222249,0,fair,NA
AIMS,2021-11-05T12:00:00Z,PRM04,STIC,20210924-20220314,HS,21044189,0,8.082,25.37222249,0,fair,NA
AIMS,2021-11-05T12:30:00Z,PRM04,STIC,20210924-20220314,HS,21044189,0,8.082,25.37222249,0,fair,NA
AIMS,2021-11-05T13:00:00Z,PRM04,STIC,20210924-20220314,HS,21044189,0,8.282,25.37222249,0,fair,NA
AIMS,2021-11-05T13:30:00Z,PRM04,STIC,20210924-20220314,HS,21044189,0,8.382,25.37222249,0,fair,NA
AIMS,2021-11-05T14:00:00Z,PRM04,STIC,20210924-20220314,HS,21044189,0,8.581,25.37222249,0,fair,NA
AIMS,2021-11-05T14:30:00Z,PRM04,STIC,20210924-20220314,HS,21044189,0,8.68,25.37222249,0,fair,NA
AIMS,2021-11-05T15:00:00Z,PRM04,STIC,20210924-20220314,HS,21044189,0,8.68,25.37222249,0,fair,NA
AIMS,2021-11-05T15:30:00Z,PRM04,STIC,20210924-20220314,HS,21044189,0,8.879,25.37222249,0,fair,NA
AIMS,2021-11-05T16:00:00Z,PRM04,STIC,20210924-20220314,HS,21044189,0,8.978,25.37222249,0,fair,NA
AIMS,2021-11-05T16:30:00Z,PRM04,STIC,20210924-20220314,HS,21044189,0,9.077,25.37222249,0,fair,NA
AIMS,2021-11-05T17:00:00Z,PRM04,STIC,20210924-20220314,HS,21044189,0,9.373,25.37222249,0,fair,NA
AIMS,2021-11-05T17:30:00Z,PRM04,STIC,20210924-20220314,HS,21044189,0,9.571,25.37222249,0,fair,NA
AIMS,2021-11-05T18:00:00Z,PRM04,STIC,20210924-20220314,HS,21044189,0,9.866,25.37222249,0,fair,NA
AIMS,2021-11-05T18:30:00Z,PRM04,STIC,20210924-20220314,HS,21044189,0,10.063,25.37222249,0,fair,NA
AIMS,2021-11-05T19:00:00Z,PRM04,STIC,20210924-20220314,HS,21044189,0,10.161,25.37222249,0,fair,NA
AIMS,2021-11-05T19:30:00Z,PRM04,STIC,20210924-20220314,HS,21044189,0,10.357,25.37222249,0,fair,NA
AIMS,2021-11-05T20:00:00Z,PRM04,STIC,20210924-20220314,HS,21044189,0,10.455,25.37222249,0,fair,NA
AIMS,2021-11-05T20:30:00Z,PRM04,STIC,20210924-20220314,HS,21044189,0,10.553,25.37222249,0,fair,NA
AIMS,2021-11-05T21:00:00Z,PRM04,STIC,20210924-20220314,HS,21044189,0,10.553,25.37222249,0,fair,NA
AIMS,2021-11-05T21:30:00Z,PRM04,STIC,20210924-20220314,HS,21044189,0,10.553,25.37222249,0,fair,NA
AIMS,2021-11-05T22:00:00Z,PRM04,STIC,20210924-20220314,HS,21044189,0,10.651,25.37222249,0,fair,NA
AIMS,2021-11-05T22:30:00Z,PRM04,STIC,20210924-20220314,HS,21044189,0,10.553,25.37222249,0,fair,NA
AIMS,2021-11-05T23:00:00Z,PRM04,STIC,20210924-20220314,HS,21044189,0,10.553,25.37222249,0,fair,NA
AIMS,2021-11-05T23:30:00Z,PRM04,STIC,20210924-20220314,HS,21044189,0,10.357,25.37222249,0,fair,NA
AIMS,2021-11-06T00:00:00Z,PRM04,STIC,20210924-20220314,HS,21044189,0,10.161,25.37222249,0,fair,NA
AIMS,2021-11-06T00:30:00Z,PRM04,STIC,20210924-20220314,HS,21044189,0,9.768,25.37222249,0,fair,NA
AIMS,2021-11-06T01:00:00Z,PRM04,STIC,20210924-20220314,HS,21044189,0,9.472,25.37222249,0,fair,NA
AIMS,2021-11-06T01:30:00Z,PRM04,STIC,20210924-20220314,HS,21044189,0,9.077,25.37222249,0,fair,NA
AIMS,2021-11-06T02:00:00Z,PRM04,STIC,20210924-20220314,HS,21044189,0,8.879,25.37222249,0,fair,NA
AIMS,2021-11-06T02:30:00Z,PRM04,STIC,20210924-20220314,HS,21044189,0,8.481,25.37222249,0,fair,NA
AIMS,2021-11-06T03:00:00Z,PRM04,STIC,20210924-20220314,HS,21044189,0,8.182,25.37222249,0,fair,NA
AIMS,2021-11-06T03:30:00Z,PRM04,STIC,20210924-20220314,HS,21044189,0,7.882,25.37222249,0,fair,NA
AIMS,2021-11-06T04:00:00Z,PRM04,STIC,20210924-20220314,HS,21044189,0,7.582,25.37222249,0,fair,NA
AIMS,2021-11-06T04:30:00Z,PRM04,STIC,20210924-20220314,HS,21044189,0,7.481,25.37222249,0,fair,NA
AIMS,2021-11-06T05:00:00Z,PRM04,STIC,20210924-20220314,HS,21044189,0,7.381,25.37222249,0,fair,NA
AIMS,2021-11-06T05:30:00Z,PRM04,STIC,20210924-20220314,HS,21044189,0,7.582,25.37222249,0,fair,NA
AIMS,2021-11-06T06:00:00Z,PRM04,STIC,20210924-20220314,HS,21044189,0,7.481,25.37222249,0,fair,NA
AIMS,2021-11-06T06:30:00Z,PRM04,STIC,20210924-20220314,HS,21044189,0,7.481,25.37222249,0,fair,NA
AIMS,2021-11-06T07:00:00Z,PRM04,STIC,20210924-20220314,HS,21044189,0,7.582,25.37222249,0,fair,NA
AIMS,2021-11-06T07:30:00Z,PRM04,STIC,20210924-20220314,HS,21044189,0,7.481,25.37222249,0,fair,NA
AIMS,2021-11-06T08:00:00Z,PRM04,STIC,20210924-20220314,HS,21044189,0,7.481,25.37222249,0,fair,NA
AIMS,2021-11-06T08:30:00Z,PRM04,STIC,20210924-20220314,HS,21044189,0,7.381,25.37222249,0,fair,NA
AIMS,2021-11-06T09:00:00Z,PRM04,STIC,20210924-20220314,HS,21044189,0,7.381,25.37222249,0,fair,NA
AIMS,2021-11-06T09:30:00Z,PRM04,STIC,20210924-20220314,HS,21044189,0,7.28,25.37222249,0,fair,NA
AIMS,2021-11-06T10:00:00Z,PRM04,STIC,20210924-20220314,HS,21044189,0,7.179,25.37222249,0,fair,NA
AIMS,2021-11-06T10:30:00Z,PRM04,STIC,20210924-20220314,HS,21044189,0,7.079,25.37222249,0,fair,NA
AIMS,2021-11-06T11:00:00Z,PRM04,STIC,20210924-20220314,HS,21044189,0,6.978,25.37222249,0,fair,NA
AIMS,2021-11-06T11:30:00Z,PRM04,STIC,20210924-20220314,HS,21044189,0,6.877,25.37222249,0,fair,NA
AIMS,2021-11-06T12:00:00Z,PRM04,STIC,20210924-20220314,HS,21044189,0,6.775,25.37222249,0,fair,NA
AIMS,2021-11-06T12:30:00Z,PRM04,STIC,20210924-20220314,HS,21044189,0,6.775,25.37222249,0,fair,NA
AIMS,2021-11-06T13:00:00Z,PRM04,STIC,20210924-20220314,HS,21044189,0,6.674,25.37222249,0,fair,NA
AIMS,2021-11-06T13:30:00Z,PRM04,STIC,20210924-20220314,HS,21044189,0,6.573,25.37222249,0,fair,NA
AIMS,2021-11-06T14:00:00Z,PRM04,STIC,20210924-20220314,HS,21044189,0,6.471,25.37222249,0,fair,NA
AIMS,2021-11-06T14:30:00Z,PRM04,STIC,20210924-20220314,HS,21044189,0,6.166,25.37222249,0,fair,NA
AIMS,2021-11-06T15:00:00Z,PRM04,STIC,20210924-20220314,HS,21044189,0,6.573,25.37222249,0,fair,NA
AIMS,2021-11-06T15:30:00Z,PRM04,STIC,20210924-20220314,HS,21044189,0,7.079,25.37222249,0,fair,NA
AIMS,2021-11-06T16:00:00Z,PRM04,STIC,20210924-20220314,HS,21044189,0,7.782,25.37222249,0,fair,NA
AIMS,2021-11-06T16:30:00Z,PRM04,STIC,20210924-20220314,HS,21044189,0,8.581,25.37222249,0,fair,NA
AIMS,2021-11-06T17:00:00Z,PRM04,STIC,20210924-20220314,HS,21044189,0,9.176,25.37222249,0,fair,NA
AIMS,2021-11-06T17:30:00Z,PRM04,STIC,20210924-20220314,HS,21044189,0,9.669,25.37222249,0,fair,NA
AIMS,2021-11-06T18:00:00Z,PRM04,STIC,20210924-20220314,HS,21044189,0,10.063,25.37222249,0,fair,NA
AIMS,2021-11-06T18:30:00Z,PRM04,STIC,20210924-20220314,HS,21044189,0,10.357,25.37222249,0,fair,NA
AIMS,2021-11-06T19:00:00Z,PRM04,STIC,20210924-20220314,HS,21044189,0,10.553,25.37222249,0,fair,NA
AIMS,2021-11-06T19:30:00Z,PRM04,STIC,20210924-20220314,HS,21044189,0,10.651,25.37222249,0,fair,NA
AIMS,2021-11-06T20:00:00Z,PRM04,STIC,20210924-20220314,HS,21044189,0,10.748,25.37222249,0,fair,NA
AIMS,2021-11-06T20:30:00Z,PRM04,STIC,20210924-20220314,HS,21044189,0,10.651,25.37222249,0,fair,NA
AIMS,2021-11-06T21:00:00Z,PRM04,STIC,20210924-20220314,HS,21044189,0,10.651,25.37222249,0,fair,NA
AIMS,2021-11-06T21:30:00Z,PRM04,STIC,20210924-20220314,HS,21044189,0,10.553,25.37222249,0,fair,NA
AIMS,2021-11-06T22:00:00Z,PRM04,STIC,20210924-20220314,HS,21044189,0,10.357,25.37222249,0,fair,NA
AIMS,2021-11-06T22:30:00Z,PRM04,STIC,20210924-20220314,HS,21044189,0,10.161,25.37222249,0,fair,NA
AIMS,2021-11-06T23:00:00Z,PRM04,STIC,20210924-20220314,HS,21044189,0,9.965,25.37222249,0,fair,NA
AIMS,2021-11-06T23:30:00Z,PRM04,STIC,20210924-20220314,HS,21044189,0,9.768,25.37222249,0,fair,NA
AIMS,2021-11-07T00:00:00Z,PRM04,STIC,20210924-20220314,HS,21044189,0,9.472,25.37222249,0,fair,NA
AIMS,2021-11-07T00:30:00Z,PRM04,STIC,20210924-20220314,HS,21044189,0,9.176,25.37222249,0,fair,NA
AIMS,2021-11-07T01:00:00Z,PRM04,STIC,20210924-20220314,HS,21044189,0,8.779,25.37222249,0,fair,NA
AIMS,2021-11-07T01:30:00Z,PRM04,STIC,20210924-20220314,HS,21044189,0,8.481,25.37222249,0,fair,NA
AIMS,2021-11-07T02:00:00Z,PRM04,STIC,20210924-20220314,HS,21044189,0,8.382,25.37222249,0,fair,NA
AIMS,2021-11-07T02:30:00Z,PRM04,STIC,20210924-20220314,HS,21044189,0,7.983,25.37222249,0,fair,NA
AIMS,2021-11-07T03:00:00Z,PRM04,STIC,20210924-20220314,HS,21044189,0,7.682,25.37222249,0,fair,NA
AIMS,2021-11-07T03:30:00Z,PRM04,STIC,20210924-20220314,HS,21044189,0,7.381,25.37222249,0,fair,NA
AIMS,2021-11-07T04:00:00Z,PRM04,STIC,20210924-20220314,HS,21044189,0,7.179,25.37222249,0,fair,NA
AIMS,2021-11-07T04:30:00Z,PRM04,STIC,20210924-20220314,HS,21044189,0,6.978,25.37222249,0,fair,NA
AIMS,2021-11-07T05:00:00Z,PRM04,STIC,20210924-20220314,HS,21044189,0,6.775,25.37222249,0,fair,NA
AIMS,2021-11-07T05:30:00Z,PRM04,STIC,20210924-20220314,HS,21044189,0,6.573,25.37222249,0,fair,NA
AIMS,2021-11-07T07:00:00Z,PRM04,STIC,20210924-20220314,HS,21044189,0,6.268,25.37222249,0,fair,NA
AIMS,2021-11-07T07:30:00Z,PRM04,STIC,20210924-20220314,HS,21044189,0,6.166,25.37222249,0,fair,NA
AIMS,2021-11-07T08:00:00Z,PRM04,STIC,20210924-20220314,HS,21044189,0,6.064,25.37222249,0,fair,NA
AIMS,2021-11-07T08:30:00Z,PRM04,STIC,20210924-20220314,HS,21044189,0,5.757,25.37222249,0,fair,NA
AIMS,2021-11-07T09:00:00Z,PRM04,STIC,20210924-20220314,HS,21044189,0,5.757,25.37222249,0,fair,NA
AIMS,2021-11-07T09:30:00Z,PRM04,STIC,20210924-20220314,HS,21044189,0,5.757,25.37222249,0,fair,NA
AIMS,2021-11-07T10:00:00Z,PRM04,STIC,20210924-20220314,HS,21044189,0,5.45,25.37222249,0,fair,NA
AIMS,2021-11-07T10:30:00Z,PRM04,STIC,20210924-20220314,HS,21044189,0,5.347,25.37222249,0,fair,NA
AIMS,2021-11-07T11:00:00Z,PRM04,STIC,20210924-20220314,HS,21044189,0,5.141,25.37222249,0,fair,NA
AIMS,2021-11-07T11:30:00Z,PRM04,STIC,20210924-20220314,HS,21044189,0,4.831,25.37222249,0,fair,NA
AIMS,2021-11-07T12:00:00Z,PRM04,STIC,20210924-20220314,HS,21044189,0,4.727,25.37222249,0,fair,NA
AIMS,2021-11-07T12:30:00Z,PRM04,STIC,20210924-20220314,HS,21044189,0,4.519,25.37222249,0,fair,NA
AIMS,2021-11-07T13:00:00Z,PRM04,STIC,20210924-20220314,HS,21044189,0,4.311,25.37222249,0,fair,NA
AIMS,2021-11-07T13:30:00Z,PRM04,STIC,20210924-20220314,HS,21044189,0,4.311,25.37222249,0,fair,NA
AIMS,2021-11-07T14:00:00Z,PRM04,STIC,20210924-20220314,HS,21044189,0,4.415,25.37222249,0,fair,NA
AIMS,2021-11-07T14:30:00Z,PRM04,STIC,20210924-20220314,HS,21044189,0,4.311,25.37222249,0,fair,NA
AIMS,2021-11-07T15:00:00Z,PRM04,STIC,20210924-20220314,HS,21044189,0,4.415,25.37222249,0,fair,NA
AIMS,2021-11-07T15:30:00Z,PRM04,STIC,20210924-20220314,HS,21044189,0,5.037,25.37222249,0,fair,NA
AIMS,2021-11-07T16:00:00Z,PRM04,STIC,20210924-20220314,HS,21044189,0,5.757,25.37222249,0,fair,NA
AIMS,2021-11-07T16:30:00Z,PRM04,STIC,20210924-20220314,HS,21044189,0,6.268,25.37222249,0,fair,NA
AIMS,2021-11-07T17:00:00Z,PRM04,STIC,20210924-20220314,HS,21044189,0,6.978,25.37222249,0,fair,NA
AIMS,2021-11-07T17:30:00Z,PRM04,STIC,20210924-20220314,HS,21044189,0,7.682,25.37222249,0,fair,NA
AIMS,2021-11-07T18:00:00Z,PRM04,STIC,20210924-20220314,HS,21044189,0,8.382,25.37222249,0,fair,NA
AIMS,2021-11-07T18:30:00Z,PRM04,STIC,20210924-20220314,HS,21044189,0,9.176,25.37222249,0,fair,NA
AIMS,2021-11-07T19:00:00Z,PRM04,STIC,20210924-20220314,HS,21044189,0,9.669,25.37222249,0,fair,NA
AIMS,2021-11-07T19:30:00Z,PRM04,STIC,20210924-20220314,HS,21044189,0,10.161,25.37222249,0,fair,NA
AIMS,2021-11-07T20:00:00Z,PRM04,STIC,20210924-20220314,HS,21044189,0,10.259,25.37222249,0,fair,NA
AIMS,2021-11-07T20:30:00Z,PRM04,STIC,20210924-20220314,HS,21044189,0,10.357,25.37222249,0,fair,NA
AIMS,2021-11-07T21:00:00Z,PRM04,STIC,20210924-20220314,HS,21044189,0,10.455,25.37222249,0,fair,NA
AIMS,2021-11-07T21:30:00Z,PRM04,STIC,20210924-20220314,HS,21044189,0,10.455,25.37222249,0,fair,NA
AIMS,2021-11-07T22:00:00Z,PRM04,STIC,20210924-20220314,HS,21044189,0,10.357,25.37222249,0,fair,NA
AIMS,2021-11-07T22:30:00Z,PRM04,STIC,20210924-20220314,HS,21044189,0,10.259,25.37222249,0,fair,NA
AIMS,2021-11-07T23:00:00Z,PRM04,STIC,20210924-20220314,HS,21044189,0,10.161,25.37222249,0,fair,NA
AIMS,2021-11-07T23:30:00Z,PRM04,STIC,20210924-20220314,HS,21044189,0,9.965,25.37222249,0,fair,NA
AIMS,2021-11-08T00:00:00Z,PRM04,STIC,20210924-20220314,HS,21044189,0,9.866,25.37222249,0,fair,NA
AIMS,2021-11-08T00:30:00Z,PRM04,STIC,20210924-20220314,HS,21044189,0,9.669,25.37222249,0,fair,NA
AIMS,2021-11-08T01:00:00Z,PRM04,STIC,20210924-20220314,HS,21044189,0,9.472,25.37222249,0,fair,NA
AIMS,2021-11-08T01:30:00Z,PRM04,STIC,20210924-20220314,HS,21044189,0,9.176,25.37222249,0,fair,NA
AIMS,2021-11-08T02:00:00Z,PRM04,STIC,20210924-20220314,HS,21044189,0,8.879,25.37222249,0,fair,NA
AIMS,2021-11-08T02:30:00Z,PRM04,STIC,20210924-20220314,HS,21044189,0,8.68,25.37222249,0,fair,NA
AIMS,2021-11-08T03:00:00Z,PRM04,STIC,20210924-20220314,HS,21044189,0,8.382,25.37222249,0,fair,NA
AIMS,2021-11-08T03:30:00Z,PRM04,STIC,20210924-20220314,HS,21044189,0,8.082,25.37222249,0,fair,NA
AIMS,2021-11-08T04:00:00Z,PRM04,STIC,20210924-20220314,HS,21044189,0,7.882,25.37222249,0,fair,NA
AIMS,2021-11-08T04:30:00Z,PRM04,STIC,20210924-20220314,HS,21044189,0,7.582,25.37222249,0,fair,NA
AIMS,2021-11-08T05:00:00Z,PRM04,STIC,20210924-20220314,HS,21044189,0,7.481,25.37222249,0,fair,NA
AIMS,2021-11-08T05:30:00Z,PRM04,STIC,20210924-20220314,HS,21044189,0,7.28,25.37222249,0,fair,NA
AIMS,2021-11-08T06:00:00Z,PRM04,STIC,20210924-20220314,HS,21044189,0,6.978,25.37222249,0,fair,NA
AIMS,2021-11-08T06:30:00Z,PRM04,STIC,20210924-20220314,HS,21044189,0,6.775,25.37222249,0,fair,NA
AIMS,2021-11-08T07:00:00Z,PRM04,STIC,20210924-20220314,HS,21044189,0,6.573,25.37222249,0,fair,NA
AIMS,2021-11-08T07:30:00Z,PRM04,STIC,20210924-20220314,HS,21044189,0,6.37,25.37222249,0,fair,NA
AIMS,2021-11-08T08:00:00Z,PRM04,STIC,20210924-20220314,HS,21044189,0,6.166,25.37222249,0,fair,NA
AIMS,2021-11-08T08:30:00Z,PRM04,STIC,20210924-20220314,HS,21044189,0,6.064,25.37222249,0,fair,NA
AIMS,2021-11-08T09:00:00Z,PRM04,STIC,20210924-20220314,HS,21044189,0,5.962,25.37222249,0,fair,NA
AIMS,2021-11-08T09:30:00Z,PRM04,STIC,20210924-20220314,HS,21044189,0,5.757,25.37222249,0,fair,NA
AIMS,2021-11-08T10:00:00Z,PRM04,STIC,20210924-20220314,HS,21044189,0,5.552,25.37222249,0,fair,NA
AIMS,2021-11-08T10:30:00Z,PRM04,STIC,20210924-20220314,HS,21044189,0,5.45,25.37222249,0,fair,NA
AIMS,2021-11-08T11:00:00Z,PRM04,STIC,20210924-20220314,HS,21044189,0,5.244,25.37222249,0,fair,NA
AIMS,2021-11-08T11:30:00Z,PRM04,STIC,20210924-20220314,HS,21044189,0,5.141,25.37222249,0,fair,NA
AIMS,2021-11-08T12:00:00Z,PRM04,STIC,20210924-20220314,HS,21044189,0,5.037,25.37222249,0,fair,NA
AIMS,2021-11-08T12:30:00Z,PRM04,STIC,20210924-20220314,HS,21044189,0,4.831,25.37222249,0,fair,NA
AIMS,2021-11-08T13:00:00Z,PRM04,STIC,20210924-20220314,HS,21044189,0,4.727,25.37222249,0,fair,NA
AIMS,2021-11-08T13:30:00Z,PRM04,STIC,20210924-20220314,HS,21044189,0,4.727,25.37222249,0,fair,NA
AIMS,2021-11-08T14:00:00Z,PRM04,STIC,20210924-20220314,HS,21044189,0,4.519,25.37222249,0,fair,NA
AIMS,2021-11-08T14:30:00Z,PRM04,STIC,20210924-20220314,HS,21044189,0,4.727,25.37222249,0,fair,NA
AIMS,2021-11-08T15:00:00Z,PRM04,STIC,20210924-20220314,HS,21044189,0,5.037,25.37222249,0,fair,NA
AIMS,2021-11-08T15:30:00Z,PRM04,STIC,20210924-20220314,HS,21044189,0,5.655,25.37222249,0,fair,NA
AIMS,2021-11-08T16:00:00Z,PRM04,STIC,20210924-20220314,HS,21044189,0,6.166,25.37222249,0,fair,NA
AIMS,2021-11-08T16:30:00Z,PRM04,STIC,20210924-20220314,HS,21044189,0,6.674,25.37222249,0,fair,NA
AIMS,2021-11-08T17:00:00Z,PRM04,STIC,20210924-20220314,HS,21044189,0,7.28,25.37222249,0,fair,NA
AIMS,2021-11-08T17:30:00Z,PRM04,STIC,20210924-20220314,HS,21044189,0,7.983,25.37222249,0,fair,NA
AIMS,2021-11-08T18:00:00Z,PRM04,STIC,20210924-20220314,HS,21044189,0,8.68,25.37222249,0,fair,NA
AIMS,2021-11-08T18:30:00Z,PRM04,STIC,20210924-20220314,HS,21044189,0,9.669,25.37222249,0,fair,NA
AIMS,2021-11-08T19:00:00Z,PRM04,STIC,20210924-20220314,HS,21044189,0,10.357,25.37222249,0,fair,NA
AIMS,2021-11-08T19:30:00Z,PRM04,STIC,20210924-20220314,HS,21044189,0,10.748,25.37222249,0,fair,NA
AIMS,2021-11-08T20:00:00Z,PRM04,STIC,20210924-20220314,HS,21044189,0,11.041,25.37222249,0,fair,NA
AIMS,2021-11-08T20:30:00Z,PRM04,STIC,20210924-20220314,HS,21044189,0,11.139,25.37222249,0,fair,NA
AIMS,2021-11-08T21:00:00Z,PRM04,STIC,20210924-20220314,HS,21044189,0,11.236,25.37222249,0,fair,NA
AIMS,2021-11-08T21:30:00Z,PRM04,STIC,20210924-20220314,HS,21044189,0,11.236,25.37222249,0,fair,NA
AIMS,2021-11-08T22:00:00Z,PRM04,STIC,20210924-20220314,HS,21044189,0,11.139,25.37222249,0,fair,NA
AIMS,2021-11-08T22:30:00Z,PRM04,STIC,20210924-20220314,HS,21044189,0,10.944,25.37222249,0,fair,NA
AIMS,2021-11-08T23:00:00Z,PRM04,STIC,20210924-20220314,HS,21044189,0,10.846,25.37222249,0,fair,NA
AIMS,2021-11-08T23:30:00Z,PRM04,STIC,20210924-20220314,HS,21044189,0,10.748,25.37222249,0,fair,NA
AIMS,2021-11-09T00:00:00Z,PRM04,STIC,20210924-20220314,HS,21044189,0,10.651,25.37222249,0,fair,NA
AIMS,2021-11-09T00:30:00Z,PRM04,STIC,20210924-20220314,HS,21044189,0,10.455,25.37222249,0,fair,NA
AIMS,2021-11-09T01:00:00Z,PRM04,STIC,20210924-20220314,HS,21044189,0,10.357,25.37222249,0,fair,NA
AIMS,2021-11-09T01:30:00Z,PRM04,STIC,20210924-20220314,HS,21044189,0,10.161,25.37222249,0,fair,NA
AIMS,2021-11-09T02:00:00Z,PRM04,STIC,20210924-20220314,HS,21044189,0,9.965,25.37222249,0,fair,NA
AIMS,2021-11-09T02:30:00Z,PRM04,STIC,20210924-20220314,HS,21044189,0,9.669,25.37222249,0,fair,NA
AIMS,2021-11-09T03:00:00Z,PRM04,STIC,20210924-20220314,HS,21044189,0,9.472,25.37222249,0,fair,NA
AIMS,2021-11-09T03:30:00Z,PRM04,STIC,20210924-20220314,HS,21044189,0,9.275,25.37222249,0,fair,NA
AIMS,2021-11-09T04:00:00Z,PRM04,STIC,20210924-20220314,HS,21044189,0,8.978,25.37222249,0,fair,NA
AIMS,2021-11-09T04:30:00Z,PRM04,STIC,20210924-20220314,HS,21044189,0,8.68,25.37222249,0,fair,NA
AIMS,2021-11-09T05:00:00Z,PRM04,STIC,20210924-20220314,HS,21044189,0,8.481,25.37222249,0,fair,NA
AIMS,2021-11-09T05:30:00Z,PRM04,STIC,20210924-20220314,HS,21044189,0,8.282,25.37222249,0,fair,NA
AIMS,2021-11-09T06:00:00Z,PRM04,STIC,20210924-20220314,HS,21044189,0,7.983,25.37222249,0,fair,NA
AIMS,2021-11-09T06:30:00Z,PRM04,STIC,20210924-20220314,HS,21044189,0,7.882,25.37222249,0,fair,NA
AIMS,2021-11-09T07:00:00Z,PRM04,STIC,20210924-20220314,HS,21044189,0,7.682,25.37222249,0,fair,NA
AIMS,2021-11-09T07:30:00Z,PRM04,STIC,20210924-20220314,HS,21044189,0,7.481,25.37222249,0,fair,NA
AIMS,2021-11-09T08:00:00Z,PRM04,STIC,20210924-20220314,HS,21044189,0,7.381,25.37222249,0,fair,NA
AIMS,2021-11-09T08:30:00Z,PRM04,STIC,20210924-20220314,HS,21044189,0,7.179,25.37222249,0,fair,NA
AIMS,2021-11-09T09:00:00Z,PRM04,STIC,20210924-20220314,HS,21044189,0,6.978,25.37222249,0,fair,NA
AIMS,2021-11-09T09:30:00Z,PRM04,STIC,20210924-20220314,HS,21044189,0,6.877,25.37222249,0,fair,NA
AIMS,2021-11-09T10:00:00Z,PRM04,STIC,20210924-20220314,HS,21044189,0,6.674,25.37222249,0,fair,NA
AIMS,2021-11-09T10:30:00Z,PRM04,STIC,20210924-20220314,HS,21044189,0,6.471,25.37222249,0,fair,NA
AIMS,2021-11-09T11:00:00Z,PRM04,STIC,20210924-20220314,HS,21044189,0,6.268,25.37222249,0,fair,NA
AIMS,2021-11-09T11:30:00Z,PRM04,STIC,20210924-20220314,HS,21044189,0,6.166,25.37222249,0,fair,NA
AIMS,2021-11-09T12:00:00Z,PRM04,STIC,20210924-20220314,HS,21044189,0,5.962,25.37222249,0,fair,NA
AIMS,2021-11-09T12:30:00Z,PRM04,STIC,20210924-20220314,HS,21044189,0,5.962,25.37222249,0,fair,NA
AIMS,2021-11-09T13:00:00Z,PRM04,STIC,20210924-20220314,HS,21044189,0,5.86,25.37222249,0,fair,NA
AIMS,2021-11-09T13:30:00Z,PRM04,STIC,20210924-20220314,HS,21044189,0,5.757,25.37222249,0,fair,NA
AIMS,2021-11-09T14:00:00Z,PRM04,STIC,20210924-20220314,HS,21044189,0,5.552,25.37222249,0,fair,NA
AIMS,2021-11-09T14:30:00Z,PRM04,STIC,20210924-20220314,HS,21044189,0,5.655,25.37222249,0,fair,NA
AIMS,2021-11-09T15:00:00Z,PRM04,STIC,20210924-20220314,HS,21044189,0,5.962,25.37222249,0,fair,NA
AIMS,2021-11-09T15:30:00Z,PRM04,STIC,20210924-20220314,HS,21044189,0,6.471,25.37222249,0,fair,NA
AIMS,2021-11-09T16:00:00Z,PRM04,STIC,20210924-20220314,HS,21044189,0,6.978,25.37222249,0,fair,NA
AIMS,2021-11-09T16:30:00Z,PRM04,STIC,20210924-20220314,HS,21044189,0,7.481,25.37222249,0,fair,NA
AIMS,2021-11-09T17:00:00Z,PRM04,STIC,20210924-20220314,HS,21044189,0,8.182,25.37222249,0,fair,NA
AIMS,2021-11-09T17:30:00Z,PRM04,STIC,20210924-20220314,HS,21044189,0,8.779,25.37222249,0,fair,NA
AIMS,2021-11-09T18:00:00Z,PRM04,STIC,20210924-20220314,HS,21044189,0,9.472,25.37222249,0,fair,NA
AIMS,2021-11-09T18:30:00Z,PRM04,STIC,20210924-20220314,HS,21044189,0,10.651,25.37222249,0,fair,NA
AIMS,2021-11-09T19:00:00Z,PRM04,STIC,20210924-20220314,HS,21044189,0,11.431,25.37222249,0,fair,NA
AIMS,2021-11-09T19:30:00Z,PRM04,STIC,20210924-20220314,HS,21044189,0,11.819,25.37222249,0,fair,NA
AIMS,2021-11-09T20:00:00Z,PRM04,STIC,20210924-20220314,HS,21044189,0,12.11,25.37222249,0,fair,NA
AIMS,2021-11-09T20:30:00Z,PRM04,STIC,20210924-20220314,HS,21044189,0,12.401,25.37222249,0,fair,NA
AIMS,2021-11-09T21:00:00Z,PRM04,STIC,20210924-20220314,HS,21044189,0,12.304,25.37222249,0,fair,NA
AIMS,2021-11-09T21:30:00Z,PRM04,STIC,20210924-20220314,HS,21044189,0,12.401,25.37222249,0,fair,NA
AIMS,2021-11-09T22:00:00Z,PRM04,STIC,20210924-20220314,HS,21044189,0,12.304,25.37222249,0,fair,NA
AIMS,2021-11-09T22:30:00Z,PRM04,STIC,20210924-20220314,HS,21044189,0,12.207,25.37222249,0,fair,NA
AIMS,2021-11-09T23:00:00Z,PRM04,STIC,20210924-20220314,HS,21044189,0,12.013,25.37222249,0,fair,NA
AIMS,2021-11-09T23:30:00Z,PRM04,STIC,20210924-20220314,HS,21044189,0,11.916,25.37222249,0,fair,NA
AIMS,2021-11-10T00:00:00Z,PRM04,STIC,20210924-20220314,HS,21044189,0,11.819,25.37222249,0,fair,NA
AIMS,2021-11-10T00:30:00Z,PRM04,STIC,20210924-20220314,HS,21044189,0,11.625,25.37222249,0,fair,NA
AIMS,2021-11-10T01:00:00Z,PRM04,STIC,20210924-20220314,HS,21044189,0,11.625,25.37222249,0,fair,NA
AIMS,2021-11-10T01:30:00Z,PRM04,STIC,20210924-20220314,HS,21044189,0,11.431,25.37222249,0,fair,NA
AIMS,2021-11-10T02:00:00Z,PRM04,STIC,20210924-20220314,HS,21044189,0,11.334,25.37222249,0,fair,NA
AIMS,2021-11-10T02:30:00Z,PRM04,STIC,20210924-20220314,HS,21044189,0,11.236,25.37222249,0,fair,NA
AIMS,2021-11-10T03:00:00Z,PRM04,STIC,20210924-20220314,HS,21044189,0,11.041,25.37222249,0,fair,NA
AIMS,2021-11-10T03:30:00Z,PRM04,STIC,20210924-20220314,HS,21044189,0,10.846,25.37222249,0,fair,NA
AIMS,2021-11-10T04:00:00Z,PRM04,STIC,20210924-20220314,HS,21044189,0,10.748,25.37222249,0,fair,NA
AIMS,2021-11-10T04:30:00Z,PRM04,STIC,20210924-20220314,HS,21044189,0,10.455,25.37222249,0,fair,NA
AIMS,2021-11-10T05:00:00Z,PRM04,STIC,20210924-20220314,HS,21044189,0,10.161,25.37222249,0,fair,NA
AIMS,2021-11-10T05:30:00Z,PRM04,STIC,20210924-20220314,HS,21044189,0,9.965,25.37222249,0,fair,NA
AIMS,2021-11-10T06:00:00Z,PRM04,STIC,20210924-20220314,HS,21044189,0,9.866,25.37222249,0,fair,NA
AIMS,2021-11-10T06:30:00Z,PRM04,STIC,20210924-20220314,HS,21044189,0,9.669,25.37222249,0,fair,NA
AIMS,2021-11-10T07:00:00Z,PRM04,STIC,20210924-20220314,HS,21044189,0,9.472,25.37222249,0,fair,NA
AIMS,2021-11-10T07:30:00Z,PRM04,STIC,20210924-20220314,HS,21044189,0,9.373,25.37222249,0,fair,NA
AIMS,2021-11-10T08:00:00Z,PRM04,STIC,20210924-20220314,HS,21044189,0,9.176,25.37222249,0,fair,NA
AIMS,2021-11-10T08:30:00Z,PRM04,STIC,20210924-20220314,HS,21044189,0,9.176,25.37222249,0,fair,NA
AIMS,2021-11-10T09:00:00Z,PRM04,STIC,20210924-20220314,HS,21044189,0,8.978,25.37222249,0,fair,NA
AIMS,2021-11-10T09:30:00Z,PRM04,STIC,20210924-20220314,HS,21044189,0,8.879,25.37222249,0,fair,NA
AIMS,2021-11-10T10:00:00Z,PRM04,STIC,20210924-20220314,HS,21044189,0,8.779,25.37222249,0,fair,NA
AIMS,2021-11-10T10:30:00Z,PRM04,STIC,20210924-20220314,HS,21044189,0,8.581,25.37222249,0,fair,NA
AIMS,2021-11-10T11:00:00Z,PRM04,STIC,20210924-20220314,HS,21044189,0,8.382,25.37222249,0,fair,NA
AIMS,2021-11-10T11:30:00Z,PRM04,STIC,20210924-20220314,HS,21044189,0,8.282,25.37222249,0,fair,NA
AIMS,2021-11-10T12:00:00Z,PRM04,STIC,20210924-20220314,HS,21044189,0,8.082,25.37222249,0,fair,NA
AIMS,2021-11-10T12:30:00Z,PRM04,STIC,20210924-20220314,HS,21044189,0,8.082,25.37222249,0,fair,NA
AIMS,2021-11-10T13:00:00Z,PRM04,STIC,20210924-20220314,HS,21044189,0,7.782,25.37222249,0,fair,NA
AIMS,2021-11-10T13:30:00Z,PRM04,STIC,20210924-20220314,HS,21044189,0,7.582,25.37222249,0,fair,NA
AIMS,2021-11-10T14:00:00Z,PRM04,STIC,20210924-20220314,HS,21044189,0,7.481,25.37222249,0,fair,NA
AIMS,2021-11-10T14:30:00Z,PRM04,STIC,20210924-20220314,HS,21044189,0,7.481,25.37222249,0,fair,NA
AIMS,2021-11-10T15:00:00Z,PRM04,STIC,20210924-20220314,HS,21044189,0,7.782,25.37222249,0,fair,NA
AIMS,2021-11-10T15:30:00Z,PRM04,STIC,20210924-20220314,HS,21044189,0,8.082,25.37222249,0,fair,NA
AIMS,2021-11-10T16:00:00Z,PRM04,STIC,20210924-20220314,HS,21044189,0,8.581,25.37222249,0,fair,NA
AIMS,2021-11-10T16:30:00Z,PRM04,STIC,20210924-20220314,HS,21044189,0,8.978,25.37222249,0,fair,NA
AIMS,2021-11-10T17:00:00Z,PRM04,STIC,20210924-20220314,HS,21044189,0,9.571,25.37222249,0,fair,NA
AIMS,2021-11-10T17:30:00Z,PRM04,STIC,20210924-20220314,HS,21044189,0,10.259,25.37222249,0,fair,NA
AIMS,2021-11-10T18:00:00Z,PRM04,STIC,20210924-20220314,HS,21044189,0,11.041,25.37222249,0,fair,NA
AIMS,2021-11-10T18:30:00Z,PRM04,STIC,20210924-20220314,HS,21044189,0,12.013,25.37222249,0,fair,NA
AIMS,2021-11-10T19:00:00Z,PRM04,STIC,20210924-20220314,HS,21044189,0,12.69,25.37222249,0,fair,NA
AIMS,2021-11-10T19:30:00Z,PRM04,STIC,20210924-20220314,HS,21044189,0,13.076,25.37222249,0,fair,NA
AIMS,2021-11-10T20:00:00Z,PRM04,STIC,20210924-20220314,HS,21044189,0,13.461,25.37222249,0,fair,NA
AIMS,2021-11-10T20:30:00Z,PRM04,STIC,20210924-20220314,HS,21044189,0,13.558,25.37222249,0,fair,NA
AIMS,2021-11-10T21:00:00Z,PRM04,STIC,20210924-20220314,HS,21044189,0,13.558,25.37222249,0,fair,NA
AIMS,2021-11-10T21:30:00Z,PRM04,STIC,20210924-20220314,HS,21044189,0,13.365,25.37222249,0,fair,NA
AIMS,2021-11-10T22:00:00Z,PRM04,STIC,20210924-20220314,HS,21044189,0,13.173,25.37222249,0,fair,NA
AIMS,2021-11-10T22:30:00Z,PRM04,STIC,20210924-20220314,HS,21044189,0,12.883,25.37222249,0,fair,NA
AIMS,2021-11-10T23:00:00Z,PRM04,STIC,20210924-20220314,HS,21044189,0,12.594,25.37222249,0,fair,NA
AIMS,2021-11-10T23:30:00Z,PRM04,STIC,20210924-20220314,HS,21044189,0,12.401,25.37222249,0,fair,NA
AIMS,2021-11-11T00:00:00Z,PRM04,STIC,20210924-20220314,HS,21044189,0,12.207,25.37222249,0,fair,NA
AIMS,2021-11-11T00:30:00Z,PRM04,STIC,20210924-20220314,HS,21044189,0,12.013,25.37222249,0,fair,NA
AIMS,2021-11-11T01:00:00Z,PRM04,STIC,20210924-20220314,HS,21044189,0,11.819,25.37222249,0,fair,NA
AIMS,2021-11-11T01:30:00Z,PRM04,STIC,20210924-20220314,HS,21044189,0,11.431,25.37222249,0,fair,NA
AIMS,2021-11-11T02:00:00Z,PRM04,STIC,20210924-20220314,HS,21044189,0,11.236,25.37222249,0,fair,NA
AIMS,2021-11-11T02:30:00Z,PRM04,STIC,20210924-20220314,HS,21044189,0,10.846,25.37222249,0,fair,NA
AIMS,2021-11-11T03:00:00Z,PRM04,STIC,20210924-20220314,HS,21044189,0,10.651,25.37222249,0,fair,NA
AIMS,2021-11-11T03:30:00Z,PRM04,STIC,20210924-20220314,HS,21044189,0,10.455,25.37222249,0,fair,NA
AIMS,2021-11-11T04:00:00Z,PRM04,STIC,20210924-20220314,HS,21044189,0,10.259,25.37222249,0,fair,NA
AIMS,2021-11-11T04:30:00Z,PRM04,STIC,20210924-20220314,HS,21044189,0,10.259,25.37222249,0,fair,NA
AIMS,2021-11-11T05:00:00Z,PRM04,STIC,20210924-20220314,HS,21044189,0,10.063,25.37222249,0,fair,NA
AIMS,2021-11-11T05:30:00Z,PRM04,STIC,20210924-20220314,HS,21044189,0,9.866,25.37222249,0,fair,NA
AIMS,2021-11-11T06:00:00Z,PRM04,STIC,20210924-20220314,HS,21044189,0,9.768,25.37222249,0,fair,NA
AIMS,2021-11-11T06:30:00Z,PRM04,STIC,20210924-20220314,HS,21044189,0,9.768,25.37222249,0,fair,NA
AIMS,2021-11-11T07:00:00Z,PRM04,STIC,20210924-20220314,HS,21044189,0,9.669,25.37222249,0,fair,NA
AIMS,2021-11-11T07:30:00Z,PRM04,STIC,20210924-20220314,HS,21044189,0,9.571,25.37222249,0,fair,NA
AIMS,2021-11-11T08:00:00Z,PRM04,STIC,20210924-20220314,HS,21044189,0,9.472,25.37222249,0,fair,NA
AIMS,2021-11-11T08:30:00Z,PRM04,STIC,20210924-20220314,HS,21044189,0,9.176,25.37222249,0,fair,NA
AIMS,2021-11-11T09:00:00Z,PRM04,STIC,20210924-20220314,HS,21044189,0,9.077,25.37222249,0,fair,NA
AIMS,2021-11-11T09:30:00Z,PRM04,STIC,20210924-20220314,HS,21044189,0,8.879,25.37222249,0,fair,NA
AIMS,2021-11-11T10:00:00Z,PRM04,STIC,20210924-20220314,HS,21044189,0,8.879,25.37222249,0,fair,NA
AIMS,2021-11-11T10:30:00Z,PRM04,STIC,20210924-20220314,HS,21044189,0,8.779,25.37222249,0,fair,NA
AIMS,2021-11-11T11:00:00Z,PRM04,STIC,20210924-20220314,HS,21044189,0,8.879,25.37222249,0,fair,NA
AIMS,2021-11-11T11:30:00Z,PRM04,STIC,20210924-20220314,HS,21044189,0,8.879,25.37222249,0,fair,NA
AIMS,2021-11-11T12:00:00Z,PRM04,STIC,20210924-20220314,HS,21044189,0,8.779,25.37222249,0,fair,NA
AIMS,2021-11-11T12:30:00Z,PRM04,STIC,20210924-20220314,HS,21044189,0,8.779,25.37222249,0,fair,NA
AIMS,2021-11-11T13:00:00Z,PRM04,STIC,20210924-20220314,HS,21044189,0,8.779,25.37222249,0,fair,NA
AIMS,2021-11-11T13:30:00Z,PRM04,STIC,20210924-20220314,HS,21044189,0,8.879,25.37222249,0,fair,NA
AIMS,2021-11-11T14:00:00Z,PRM04,STIC,20210924-20220314,HS,21044189,0,9.176,25.37222249,0,fair,NA
AIMS,2021-11-11T14:30:00Z,PRM04,STIC,20210924-20220314,HS,21044189,0,9.571,25.37222249,0,fair,NA
AIMS,2021-11-11T15:00:00Z,PRM04,STIC,20210924-20220314,HS,21044189,0,10.063,25.37222249,0,fair,NA
AIMS,2021-11-11T15:30:00Z,PRM04,STIC,20210924-20220314,HS,21044189,0,11.236,25.37222249,0,fair,NA
AIMS,2021-11-11T16:00:00Z,PRM04,STIC,20210924-20220314,HS,21044189,0,12.013,25.37222249,0,fair,NA
AIMS,2021-11-11T16:30:00Z,PRM04,STIC,20210924-20220314,HS,21044189,0,12.883,25.37222249,0,fair,NA
AIMS,2021-11-11T17:00:00Z,PRM04,STIC,20210924-20220314,HS,21044189,0,13.558,25.37222249,0,fair,NA
AIMS,2021-11-11T17:30:00Z,PRM04,STIC,20210924-20220314,HS,21044189,0,14.134,25.37222249,0,fair,NA
AIMS,2021-11-11T18:00:00Z,PRM04,STIC,20210924-20220314,HS,21044189,0,14.613,25.37222249,0,fair,NA
AIMS,2021-11-11T18:30:00Z,PRM04,STIC,20210924-20220314,HS,21044189,0,14.709,25.37222249,0,fair,NA
AIMS,2021-11-11T19:00:00Z,PRM04,STIC,20210924-20220314,HS,21044189,0,14.709,25.37222249,0,fair,NA
AIMS,2021-11-11T19:30:00Z,PRM04,STIC,20210924-20220314,HS,21044189,0,15.378,25.37222249,0,fair,NA
AIMS,2021-11-11T20:00:00Z,PRM04,STIC,20210924-20220314,HS,21044189,0,15.473,25.37222249,0,fair,NA
AIMS,2021-11-11T20:30:00Z,PRM04,STIC,20210924-20220314,HS,21044189,0,14.613,25.37222249,0,fair,NA
AIMS,2021-11-11T21:00:00Z,PRM04,STIC,20210924-20220314,HS,21044189,0,14.325,25.37222249,0,fair,NA
AIMS,2021-11-11T21:30:00Z,PRM04,STIC,20210924-20220314,HS,21044189,0,14.421,25.37222249,0,fair,NA
AIMS,2021-11-11T22:00:00Z,PRM04,STIC,20210924-20220314,HS,21044189,10.8,14.709,25.4297718992,0,fair,NA
AIMS,2021-11-11T22:30:00Z,PRM04,STIC,20210924-20220314,HS,21044189,0,14.517,25.37222249,0,fair,NA
AIMS,2021-11-11T23:00:00Z,PRM04,STIC,20210924-20220314,HS,21044189,0,14.325,25.37222249,0,fair,NA
AIMS,2021-11-11T23:30:00Z,PRM04,STIC,20210924-20220314,HS,21044189,0,14.134,25.37222249,0,fair,NA
AIMS,2021-11-12T00:00:00Z,PRM04,STIC,20210924-20220314,HS,21044189,0,14.038,25.37222249,0,fair,NA
AIMS,2021-11-12T00:30:00Z,PRM04,STIC,20210924-20220314,HS,21044189,0,13.942,25.37222249,0,fair,NA
AIMS,2021-11-12T01:00:00Z,PRM04,STIC,20210924-20220314,HS,21044189,0,13.75,25.37222249,0,fair,NA
AIMS,2021-11-12T01:30:00Z,PRM04,STIC,20210924-20220314,HS,21044189,57867,13.269,333.725154173,1,fair,NA
AIMS,2021-11-12T02:00:00Z,PRM04,STIC,20210924-20220314,HS,21044189,55111.5,13.173,319.04206185350006,1,fair,NA
AIMS,2021-11-12T02:30:00Z,PRM04,STIC,20210924-20220314,HS,21044189,55111.5,13.173,319.04206185350006,1,fair,NA
AIMS,2021-11-12T03:00:00Z,PRM04,STIC,20210924-20220314,HS,21044189,57867,13.076,333.725154173,1,fair,NA
AIMS,2021-11-12T03:30:00Z,PRM04,STIC,20210924-20220314,HS,21044189,57867,13.076,333.725154173,1,fair,NA
AIMS,2021-11-12T04:00:00Z,PRM04,STIC,20210924-20220314,HS,21044189,57867,12.883,333.725154173,1,fair,NA
AIMS,2021-11-12T04:30:00Z,PRM04,STIC,20210924-20220314,HS,21044189,57867,12.883,333.725154173,1,fair,NA
AIMS,2021-11-12T05:00:00Z,PRM04,STIC,20210924-20220314,HS,21044189,60622.6,12.69,348.4087793574,1,fair,NA
AIMS,2021-11-12T05:30:00Z,PRM04,STIC,20210924-20220314,HS,21044189,60622.6,12.594,348.4087793574,1,fair,NA
AIMS,2021-11-12T06:00:00Z,PRM04,STIC,20210924-20220314,HS,21044189,527.4,12.401,28.1825519726,1,fair,NA
AIMS,2021-11-12T06:30:00Z,PRM04,STIC,20210924-20220314,HS,21044189,376.7,12.207,27.3795245683,0,fair,NA
AIMS,2021-11-12T07:00:00Z,PRM04,STIC,20210924-20220314,HS,21044189,290.6,12.11,26.9207278894,0,fair,NA
AIMS,2021-11-12T07:30:00Z,PRM04,STIC,20210924-20220314,HS,21044189,183,11.916,26.347365257,0,fair,NA
AIMS,2021-11-12T08:00:00Z,PRM04,STIC,20210924-20220314,HS,21044189,172.2,11.819,26.2898158478,0,fair,NA
AIMS,2021-11-12T08:30:00Z,PRM04,STIC,20210924-20220314,HS,21044189,183,11.722,26.347365257,0,fair,NA
AIMS,2021-11-12T09:00:00Z,PRM04,STIC,20210924-20220314,HS,21044189,150.7,11.625,26.1752498943,0,fair,NA
AIMS,2021-11-12T09:30:00Z,PRM04,STIC,20210924-20220314,HS,21044189,129.2,11.431,26.060683940799997,0,fair,NA
AIMS,2021-11-12T10:00:00Z,PRM04,STIC,20210924-20220314,HS,21044189,129.2,11.334,26.060683940799997,0,fair,NA
AIMS,2021-11-12T10:30:00Z,PRM04,STIC,20210924-20220314,HS,21044189,118.4,11.236,26.003134531599997,0,fair,NA
AIMS,2021-11-12T11:00:00Z,PRM04,STIC,20210924-20220314,HS,21044189,118.4,11.139,26.003134531599997,0,fair,NA
AIMS,2021-11-12T11:30:00Z,PRM04,STIC,20210924-20220314,HS,21044189,107.6,11.041,25.945585122399997,0,fair,NA
AIMS,2021-11-12T12:00:00Z,PRM04,STIC,20210924-20220314,HS,21044189,107.6,10.748,25.945585122399997,0,fair,NA
AIMS,2021-11-12T12:30:00Z,PRM04,STIC,20210924-20220314,HS,21044189,96.9,10.553,25.8885685781,0,fair,NA
AIMS,2021-11-12T13:00:00Z,PRM04,STIC,20210924-20220314,HS,21044189,96.9,10.259,25.8885685781,0,fair,NA
AIMS,2021-11-12T13:30:00Z,PRM04,STIC,20210924-20220314,HS,21044189,96.9,10.259,25.8885685781,0,fair,NA
AIMS,2021-11-12T14:00:00Z,PRM04,STIC,20210924-20220314,HS,21044189,96.9,10.357,25.8885685781,0,fair,NA
AIMS,2021-11-12T14:30:00Z,PRM04,STIC,20210924-20220314,HS,21044189,86.1,10.259,25.8310191689,0,fair,NA
AIMS,2021-11-12T15:00:00Z,PRM04,STIC,20210924-20220314,HS,21044189,86.1,10.161,25.8310191689,0,fair,NA
AIMS,2021-11-12T15:30:00Z,PRM04,STIC,20210924-20220314,HS,21044189,86.1,10.259,25.8310191689,0,fair,NA
AIMS,2021-11-12T16:00:00Z,PRM04,STIC,20210924-20220314,HS,21044189,86.1,10.161,25.8310191689,0,fair,NA
AIMS,2021-11-12T16:30:00Z,PRM04,STIC,20210924-20220314,HS,21044189,86.1,10.259,25.8310191689,0,fair,NA
AIMS,2021-11-12T17:00:00Z,PRM04,STIC,20210924-20220314,HS,21044189,86.1,10.651,25.8310191689,0,fair,NA
AIMS,2021-11-12T17:30:00Z,PRM04,STIC,20210924-20220314,HS,21044189,86.1,11.041,25.8310191689,0,fair,NA
AIMS,2021-11-12T18:00:00Z,PRM04,STIC,20210924-20220314,HS,21044189,86.1,11.431,25.8310191689,0,fair,NA
AIMS,2021-11-12T18:30:00Z,PRM04,STIC,20210924-20220314,HS,21044189,86.1,11.916,25.8310191689,0,fair,NA
AIMS,2021-11-12T19:00:00Z,PRM04,STIC,20210924-20220314,HS,21044189,86.1,12.11,25.8310191689,0,fair,NA
AIMS,2021-11-12T19:30:00Z,PRM04,STIC,20210924-20220314,HS,21044189,86.1,12.11,25.8310191689,0,fair,NA
AIMS,2021-11-12T20:00:00Z,PRM04,STIC,20210924-20220314,HS,21044189,86.1,12.11,25.8310191689,0,fair,NA
AIMS,2021-11-12T20:30:00Z,PRM04,STIC,20210924-20220314,HS,21044189,75.3,12.11,25.7734697597,0,fair,NA
AIMS,2021-11-12T21:00:00Z,PRM04,STIC,20210924-20220314,HS,21044189,21.5,11.819,25.4867884435,0,fair,NA
AIMS,2021-11-12T21:30:00Z,PRM04,STIC,20210924-20220314,HS,21044189,21.5,11.819,25.4867884435,0,fair,NA
AIMS,2021-11-12T22:00:00Z,PRM04,STIC,20210924-20220314,HS,21044189,21.5,11.819,25.4867884435,0,fair,NA
AIMS,2021-11-12T22:30:00Z,PRM04,STIC,20210924-20220314,HS,21044189,21.5,11.819,25.4867884435,0,fair,NA
AIMS,2021-11-12T23:00:00Z,PRM04,STIC,20210924-20220314,HS,21044189,21.5,11.819,25.4867884435,0,fair,NA
AIMS,2021-11-12T23:30:00Z,PRM04,STIC,20210924-20220314,HS,21044189,21.5,11.722,25.4867884435,0,fair,NA
AIMS,2021-11-13T00:00:00Z,PRM04,STIC,20210924-20220314,HS,21044189,21.5,11.625,25.4867884435,0,fair,NA
AIMS,2021-11-13T00:30:00Z,PRM04,STIC,20210924-20220314,HS,21044189,21.5,11.431,25.4867884435,0,fair,NA
AIMS,2021-11-13T01:00:00Z,PRM04,STIC,20210924-20220314,HS,21044189,21.5,11.139,25.4867884435,0,fair,NA
AIMS,2021-11-13T01:30:00Z,PRM04,STIC,20210924-20220314,HS,21044189,21.5,10.846,25.4867884435,0,fair,NA
AIMS,2021-11-13T02:00:00Z,PRM04,STIC,20210924-20220314,HS,21044189,21.5,10.553,25.4867884435,0,fair,NA
AIMS,2021-11-13T02:30:00Z,PRM04,STIC,20210924-20220314,HS,21044189,21.5,10.259,25.4867884435,0,fair,NA
AIMS,2021-11-13T03:00:00Z,PRM04,STIC,20210924-20220314,HS,21044189,21.5,10.063,25.4867884435,0,fair,NA
AIMS,2021-11-13T03:30:00Z,PRM04,STIC,20210924-20220314,HS,21044189,21.5,9.768,25.4867884435,0,fair,NA
AIMS,2021-11-13T04:00:00Z,PRM04,STIC,20210924-20220314,HS,21044189,21.5,9.571,25.4867884435,0,fair,NA
AIMS,2021-11-13T04:30:00Z,PRM04,STIC,20210924-20220314,HS,21044189,21.5,9.472,25.4867884435,0,fair,NA
AIMS,2021-11-13T05:00:00Z,PRM04,STIC,20210924-20220314,HS,21044189,10.8,9.373,25.4297718992,0,fair,NA
AIMS,2021-11-13T05:30:00Z,PRM04,STIC,20210924-20220314,HS,21044189,21.5,9.472,25.4867884435,0,fair,NA
AIMS,2021-11-13T06:00:00Z,PRM04,STIC,20210924-20220314,HS,21044189,21.5,9.768,25.4867884435,0,fair,NA
AIMS,2021-11-13T06:30:00Z,PRM04,STIC,20210924-20220314,HS,21044189,21.5,9.965,25.4867884435,0,fair,NA
AIMS,2021-11-13T07:00:00Z,PRM04,STIC,20210924-20220314,HS,21044189,21.5,10.063,25.4867884435,0,fair,NA
AIMS,2021-11-13T07:30:00Z,PRM04,STIC,20210924-20220314,HS,21044189,21.5,10.063,25.4867884435,0,fair,NA
AIMS,2021-11-13T08:00:00Z,PRM04,STIC,20210924-20220314,HS,21044189,21.5,9.965,25.4867884435,0,fair,NA
AIMS,2021-11-13T08:30:00Z,PRM04,STIC,20210924-20220314,HS,21044189,21.5,9.965,25.4867884435,0,fair,NA
AIMS,2021-11-13T09:00:00Z,PRM04,STIC,20210924-20220314,HS,21044189,21.5,9.768,25.4867884435,0,fair,NA
AIMS,2021-11-13T09:30:00Z,PRM04,STIC,20210924-20220314,HS,21044189,21.5,9.669,25.4867884435,0,fair,NA
AIMS,2021-11-13T10:00:00Z,PRM04,STIC,20210924-20220314,HS,21044189,21.5,9.275,25.4867884435,0,fair,NA
AIMS,2021-11-13T10:30:00Z,PRM04,STIC,20210924-20220314,HS,21044189,21.5,8.879,25.4867884435,0,fair,NA
AIMS,2021-11-13T11:00:00Z,PRM04,STIC,20210924-20220314,HS,21044189,21.5,8.581,25.4867884435,0,fair,NA
AIMS,2021-11-13T11:30:00Z,PRM04,STIC,20210924-20220314,HS,21044189,21.5,8.581,25.4867884435,0,fair,NA
AIMS,2021-11-13T12:00:00Z,PRM04,STIC,20210924-20220314,HS,21044189,21.5,8.282,25.4867884435,0,fair,NA
AIMS,2021-11-13T12:30:00Z,PRM04,STIC,20210924-20220314,HS,21044189,21.5,8.182,25.4867884435,0,fair,NA
AIMS,2021-11-13T13:00:00Z,PRM04,STIC,20210924-20220314,HS,21044189,21.5,7.983,25.4867884435,0,fair,NA
AIMS,2021-11-13T13:30:00Z,PRM04,STIC,20210924-20220314,HS,21044189,21.5,7.682,25.4867884435,0,fair,NA
AIMS,2021-11-13T14:00:00Z,PRM04,STIC,20210924-20220314,HS,21044189,21.5,7.28,25.4867884435,0,fair,NA
AIMS,2021-11-13T14:30:00Z,PRM04,STIC,20210924-20220314,HS,21044189,21.5,6.978,25.4867884435,0,fair,NA
AIMS,2021-11-13T15:00:00Z,PRM04,STIC,20210924-20220314,HS,21044189,21.5,7.079,25.4867884435,0,fair,NA
AIMS,2021-11-13T15:30:00Z,PRM04,STIC,20210924-20220314,HS,21044189,21.5,6.978,25.4867884435,0,fair,NA
AIMS,2021-11-13T16:00:00Z,PRM04,STIC,20210924-20220314,HS,21044189,21.5,7.079,25.4867884435,0,fair,NA
AIMS,2021-11-13T16:30:00Z,PRM04,STIC,20210924-20220314,HS,21044189,21.5,7.381,25.4867884435,0,fair,NA
AIMS,2021-11-13T17:00:00Z,PRM04,STIC,20210924-20220314,HS,21044189,21.5,7.582,25.4867884435,0,fair,NA
AIMS,2021-11-13T17:30:00Z,PRM04,STIC,20210924-20220314,HS,21044189,10.8,7.582,25.4297718992,0,fair,NA
AIMS,2021-11-13T18:00:00Z,PRM04,STIC,20210924-20220314,HS,21044189,0,7.882,25.37222249,0,fair,NA
AIMS,2021-11-13T18:30:00Z,PRM04,STIC,20210924-20220314,HS,21044189,10.8,8.082,25.4297718992,0,fair,NA
AIMS,2021-11-13T19:00:00Z,PRM04,STIC,20210924-20220314,HS,21044189,0,8.282,25.37222249,0,fair,NA
AIMS,2021-11-13T19:30:00Z,PRM04,STIC,20210924-20220314,HS,21044189,0,8.581,25.37222249,0,fair,NA
AIMS,2021-11-13T20:00:00Z,PRM04,STIC,20210924-20220314,HS,21044189,0,8.779,25.37222249,0,fair,NA
AIMS,2021-11-13T20:30:00Z,PRM04,STIC,20210924-20220314,HS,21044189,0,8.779,25.37222249,0,fair,NA
AIMS,2021-11-13T21:00:00Z,PRM04,STIC,20210924-20220314,HS,21044189,0,8.68,25.37222249,0,fair,NA
AIMS,2021-11-13T21:30:00Z,PRM04,STIC,20210924-20220314,HS,21044189,0,8.68,25.37222249,0,fair,NA
AIMS,2021-11-13T22:00:00Z,PRM04,STIC,20210924-20220314,HS,21044189,0,8.68,25.37222249,0,fair,NA
AIMS,2021-11-13T22:30:00Z,PRM04,STIC,20210924-20220314,HS,21044189,0,8.481,25.37222249,0,fair,NA
AIMS,2021-11-13T23:00:00Z,PRM04,STIC,20210924-20220314,HS,21044189,0,8.481,25.37222249,0,fair,NA
AIMS,2021-11-13T23:30:00Z,PRM04,STIC,20210924-20220314,HS,21044189,0,8.382,25.37222249,0,fair,NA
AIMS,2021-11-14T00:00:00Z,PRM04,STIC,20210924-20220314,HS,21044189,0,8.282,25.37222249,0,fair,NA
AIMS,2021-11-14T00:30:00Z,PRM04,STIC,20210924-20220314,HS,21044189,0,8.082,25.37222249,0,fair,NA
AIMS,2021-11-14T01:00:00Z,PRM04,STIC,20210924-20220314,HS,21044189,0,7.481,25.37222249,0,fair,NA
AIMS,2021-11-14T01:30:00Z,PRM04,STIC,20210924-20220314,HS,21044189,0,6.978,25.37222249,0,fair,NA
AIMS,2021-11-14T02:00:00Z,PRM04,STIC,20210924-20220314,HS,21044189,0,6.674,25.37222249,0,fair,NA
AIMS,2021-11-14T02:30:00Z,PRM04,STIC,20210924-20220314,HS,21044189,0,6.471,25.37222249,0,fair,NA
AIMS,2021-11-14T03:00:00Z,PRM04,STIC,20210924-20220314,HS,21044189,0,6.166,25.37222249,0,fair,NA
AIMS,2021-11-14T03:30:00Z,PRM04,STIC,20210924-20220314,HS,21044189,0,6.064,25.37222249,0,fair,NA
AIMS,2021-11-14T04:00:00Z,PRM04,STIC,20210924-20220314,HS,21044189,0,5.655,25.37222249,0,fair,NA
AIMS,2021-11-14T04:30:00Z,PRM04,STIC,20210924-20220314,HS,21044189,0,5.45,25.37222249,0,fair,NA
AIMS,2021-11-14T05:00:00Z,PRM04,STIC,20210924-20220314,HS,21044189,0,5.347,25.37222249,0,fair,NA
AIMS,2021-11-14T05:30:00Z,PRM04,STIC,20210924-20220314,HS,21044189,0,5.037,25.37222249,0,fair,NA
AIMS,2021-11-14T06:00:00Z,PRM04,STIC,20210924-20220314,HS,21044189,0,4.934,25.37222249,0,fair,NA
AIMS,2021-11-14T06:30:00Z,PRM04,STIC,20210924-20220314,HS,21044189,0,4.831,25.37222249,0,fair,NA
AIMS,2021-11-14T07:00:00Z,PRM04,STIC,20210924-20220314,HS,21044189,0,4.623,25.37222249,0,fair,NA
AIMS,2021-11-14T07:30:00Z,PRM04,STIC,20210924-20220314,HS,21044189,0,4.519,25.37222249,0,fair,NA
AIMS,2021-11-14T08:00:00Z,PRM04,STIC,20210924-20220314,HS,21044189,0,4.519,25.37222249,0,fair,NA
AIMS,2021-11-14T08:30:00Z,PRM04,STIC,20210924-20220314,HS,21044189,0,4.311,25.37222249,0,fair,NA
AIMS,2021-11-14T09:00:00Z,PRM04,STIC,20210924-20220314,HS,21044189,0,4.311,25.37222249,0,fair,NA
AIMS,2021-11-14T09:30:00Z,PRM04,STIC,20210924-20220314,HS,21044189,0,4.207,25.37222249,0,fair,NA
AIMS,2021-11-14T10:00:00Z,PRM04,STIC,20210924-20220314,HS,21044189,0,4.102,25.37222249,0,fair,NA
AIMS,2021-11-14T10:30:00Z,PRM04,STIC,20210924-20220314,HS,21044189,0,3.998,25.37222249,0,fair,NA
AIMS,2021-11-14T11:00:00Z,PRM04,STIC,20210924-20220314,HS,21044189,0,3.893,25.37222249,0,fair,NA
AIMS,2021-11-14T11:30:00Z,PRM04,STIC,20210924-20220314,HS,21044189,0,3.998,25.37222249,0,fair,NA
AIMS,2021-11-14T12:00:00Z,PRM04,STIC,20210924-20220314,HS,21044189,0,3.788,25.37222249,0,fair,NA
AIMS,2021-11-14T12:30:00Z,PRM04,STIC,20210924-20220314,HS,21044189,0,3.683,25.37222249,0,fair,NA
AIMS,2021-11-14T13:00:00Z,PRM04,STIC,20210924-20220314,HS,21044189,0,3.578,25.37222249,0,fair,NA
AIMS,2021-11-14T13:30:00Z,PRM04,STIC,20210924-20220314,HS,21044189,0,3.578,25.37222249,0,fair,NA
AIMS,2021-11-14T14:00:00Z,PRM04,STIC,20210924-20220314,HS,21044189,0,3.472,25.37222249,0,fair,NA
AIMS,2021-11-14T14:30:00Z,PRM04,STIC,20210924-20220314,HS,21044189,0,3.683,25.37222249,0,fair,NA
AIMS,2021-11-14T15:00:00Z,PRM04,STIC,20210924-20220314,HS,21044189,0,3.578,25.37222249,0,fair,NA
AIMS,2021-11-14T15:30:00Z,PRM04,STIC,20210924-20220314,HS,21044189,0,3.893,25.37222249,0,fair,NA
AIMS,2021-11-14T16:00:00Z,PRM04,STIC,20210924-20220314,HS,21044189,0,4.311,25.37222249,0,fair,NA
AIMS,2021-11-14T16:30:00Z,PRM04,STIC,20210924-20220314,HS,21044189,0,4.934,25.37222249,0,fair,NA
AIMS,2021-11-14T17:00:00Z,PRM04,STIC,20210924-20220314,HS,21044189,0,5.347,25.37222249,0,fair,NA
AIMS,2021-11-14T17:30:00Z,PRM04,STIC,20210924-20220314,HS,21044189,0,5.962,25.37222249,0,fair,NA
AIMS,2021-11-14T18:00:00Z,PRM04,STIC,20210924-20220314,HS,21044189,0,6.674,25.37222249,0,fair,NA
AIMS,2021-11-14T18:30:00Z,PRM04,STIC,20210924-20220314,HS,21044189,0,7.28,25.37222249,0,fair,NA
AIMS,2021-11-14T19:00:00Z,PRM04,STIC,20210924-20220314,HS,21044189,0,7.882,25.37222249,0,fair,NA
AIMS,2021-11-14T19:30:00Z,PRM04,STIC,20210924-20220314,HS,21044189,0,8.182,25.37222249,0,fair,NA
AIMS,2021-11-14T20:00:00Z,PRM04,STIC,20210924-20220314,HS,21044189,0,8.481,25.37222249,0,fair,NA
AIMS,2021-11-14T20:30:00Z,PRM04,STIC,20210924-20220314,HS,21044189,0,8.779,25.37222249,0,fair,NA
AIMS,2021-11-14T21:00:00Z,PRM04,STIC,20210924-20220314,HS,21044189,0,8.978,25.37222249,0,fair,NA
AIMS,2021-11-14T21:30:00Z,PRM04,STIC,20210924-20220314,HS,21044189,0,8.978,25.37222249,0,fair,NA
AIMS,2021-11-14T22:00:00Z,PRM04,STIC,20210924-20220314,HS,21044189,0,9.176,25.37222249,0,fair,NA
AIMS,2021-11-14T22:30:00Z,PRM04,STIC,20210924-20220314,HS,21044189,0,9.077,25.37222249,0,fair,NA
AIMS,2021-11-14T23:00:00Z,PRM04,STIC,20210924-20220314,HS,21044189,0,8.978,25.37222249,0,fair,NA
AIMS,2021-11-14T23:30:00Z,PRM04,STIC,20210924-20220314,HS,21044189,0,8.779,25.37222249,0,fair,NA
AIMS,2021-11-15T00:00:00Z,PRM04,STIC,20210924-20220314,HS,21044189,0,8.68,25.37222249,0,fair,NA
AIMS,2021-11-15T00:30:00Z,PRM04,STIC,20210924-20220314,HS,21044189,0,8.481,25.37222249,0,fair,NA
AIMS,2021-11-15T01:00:00Z,PRM04,STIC,20210924-20220314,HS,21044189,0,8.382,25.37222249,0,fair,NA
AIMS,2021-11-15T01:30:00Z,PRM04,STIC,20210924-20220314,HS,21044189,0,8.282,25.37222249,0,fair,NA
AIMS,2021-11-15T02:00:00Z,PRM04,STIC,20210924-20220314,HS,21044189,0,7.983,25.37222249,0,fair,NA
AIMS,2021-11-15T02:30:00Z,PRM04,STIC,20210924-20220314,HS,21044189,0,7.782,25.37222249,0,fair,NA
AIMS,2021-11-15T03:00:00Z,PRM04,STIC,20210924-20220314,HS,21044189,0,7.582,25.37222249,0,fair,NA
AIMS,2021-11-15T03:30:00Z,PRM04,STIC,20210924-20220314,HS,21044189,0,7.582,25.37222249,0,fair,NA
AIMS,2021-11-15T04:00:00Z,PRM04,STIC,20210924-20220314,HS,21044189,0,7.582,25.37222249,0,fair,NA
AIMS,2021-11-15T04:30:00Z,PRM04,STIC,20210924-20220314,HS,21044189,0,7.381,25.37222249,0,fair,NA
AIMS,2021-11-15T05:00:00Z,PRM04,STIC,20210924-20220314,HS,21044189,0,7.179,25.37222249,0,fair,NA
AIMS,2021-11-15T05:30:00Z,PRM04,STIC,20210924-20220314,HS,21044189,0,6.775,25.37222249,0,fair,NA
AIMS,2021-11-15T06:00:00Z,PRM04,STIC,20210924-20220314,HS,21044189,0,6.573,25.37222249,0,fair,NA
AIMS,2021-11-15T06:30:00Z,PRM04,STIC,20210924-20220314,HS,21044189,0,6.37,25.37222249,0,fair,NA
AIMS,2021-11-15T07:00:00Z,PRM04,STIC,20210924-20220314,HS,21044189,0,6.268,25.37222249,0,fair,NA
AIMS,2021-11-15T07:30:00Z,PRM04,STIC,20210924-20220314,HS,21044189,0,6.064,25.37222249,0,fair,NA
AIMS,2021-11-15T08:00:00Z,PRM04,STIC,20210924-20220314,HS,21044189,0,5.962,25.37222249,0,fair,NA
AIMS,2021-11-15T08:30:00Z,PRM04,STIC,20210924-20220314,HS,21044189,0,5.757,25.37222249,0,fair,NA
AIMS,2021-11-15T09:00:00Z,PRM04,STIC,20210924-20220314,HS,21044189,0,5.757,25.37222249,0,fair,NA
AIMS,2021-11-15T09:30:00Z,PRM04,STIC,20210924-20220314,HS,21044189,0,5.655,25.37222249,0,fair,NA
AIMS,2021-11-15T10:00:00Z,PRM04,STIC,20210924-20220314,HS,21044189,0,5.655,25.37222249,0,fair,NA
AIMS,2021-11-15T10:30:00Z,PRM04,STIC,20210924-20220314,HS,21044189,0,5.45,25.37222249,0,fair,NA
AIMS,2021-11-15T11:00:00Z,PRM04,STIC,20210924-20220314,HS,21044189,0,5.244,25.37222249,0,fair,NA
AIMS,2021-11-15T11:30:00Z,PRM04,STIC,20210924-20220314,HS,21044189,0,5.141,25.37222249,0,fair,NA
AIMS,2021-11-15T12:00:00Z,PRM04,STIC,20210924-20220314,HS,21044189,0,5.037,25.37222249,0,fair,NA
AIMS,2021-11-15T12:30:00Z,PRM04,STIC,20210924-20220314,HS,21044189,0,4.831,25.37222249,0,fair,NA
AIMS,2021-11-15T13:00:00Z,PRM04,STIC,20210924-20220314,HS,21044189,0,4.623,25.37222249,0,fair,NA
AIMS,2021-11-15T13:30:00Z,PRM04,STIC,20210924-20220314,HS,21044189,0,4.519,25.37222249,0,fair,NA
AIMS,2021-11-15T14:00:00Z,PRM04,STIC,20210924-20220314,HS,21044189,0,4.415,25.37222249,0,fair,NA
AIMS,2021-11-15T14:30:00Z,PRM04,STIC,20210924-20220314,HS,21044189,0,4.727,25.37222249,0,fair,NA
AIMS,2021-11-15T15:00:00Z,PRM04,STIC,20210924-20220314,HS,21044189,0,4.727,25.37222249,0,fair,NA
AIMS,2021-11-15T15:30:00Z,PRM04,STIC,20210924-20220314,HS,21044189,0,5.141,25.37222249,0,fair,NA
AIMS,2021-11-15T16:00:00Z,PRM04,STIC,20210924-20220314,HS,21044189,0,5.552,25.37222249,0,fair,NA
AIMS,2021-11-15T16:30:00Z,PRM04,STIC,20210924-20220314,HS,21044189,0,5.962,25.37222249,0,fair,NA
AIMS,2021-11-15T17:00:00Z,PRM04,STIC,20210924-20220314,HS,21044189,0,6.37,25.37222249,0,fair,NA
AIMS,2021-11-15T17:30:00Z,PRM04,STIC,20210924-20220314,HS,21044189,0,6.877,25.37222249,0,fair,NA
AIMS,2021-11-15T18:00:00Z,PRM04,STIC,20210924-20220314,HS,21044189,0,7.381,25.37222249,0,fair,NA
AIMS,2021-11-15T18:30:00Z,PRM04,STIC,20210924-20220314,HS,21044189,0,7.882,25.37222249,0,fair,NA
AIMS,2021-11-15T19:00:00Z,PRM04,STIC,20210924-20220314,HS,21044189,0,8.481,25.37222249,0,fair,NA
AIMS,2021-11-15T19:30:00Z,PRM04,STIC,20210924-20220314,HS,21044189,0,8.879,25.37222249,0,fair,NA
AIMS,2021-11-15T20:00:00Z,PRM04,STIC,20210924-20220314,HS,21044189,0,9.077,25.37222249,0,fair,NA
AIMS,2021-11-15T20:30:00Z,PRM04,STIC,20210924-20220314,HS,21044189,0,9.275,25.37222249,0,fair,NA
AIMS,2021-11-15T21:00:00Z,PRM04,STIC,20210924-20220314,HS,21044189,0,9.176,25.37222249,0,fair,NA
AIMS,2021-11-15T21:30:00Z,PRM04,STIC,20210924-20220314,HS,21044189,0,9.077,25.37222249,0,fair,NA
AIMS,2021-11-15T22:00:00Z,PRM04,STIC,20210924-20220314,HS,21044189,0,8.978,25.37222249,0,fair,NA
AIMS,2021-11-15T22:30:00Z,PRM04,STIC,20210924-20220314,HS,21044189,0,8.879,25.37222249,0,fair,NA
AIMS,2021-11-15T23:00:00Z,PRM04,STIC,20210924-20220314,HS,21044189,0,8.779,25.37222249,0,fair,NA
AIMS,2021-11-15T23:30:00Z,PRM04,STIC,20210924-20220314,HS,21044189,0,8.68,25.37222249,0,fair,NA
AIMS,2021-11-16T00:00:00Z,PRM04,STIC,20210924-20220314,HS,21044189,0,8.481,25.37222249,0,fair,NA
AIMS,2021-11-16T00:30:00Z,PRM04,STIC,20210924-20220314,HS,21044189,0,8.382,25.37222249,0,fair,NA
AIMS,2021-11-16T01:00:00Z,PRM04,STIC,20210924-20220314,HS,21044189,0,8.182,25.37222249,0,fair,NA
AIMS,2021-11-16T01:30:00Z,PRM04,STIC,20210924-20220314,HS,21044189,0,7.882,25.37222249,0,fair,NA
AIMS,2021-11-16T02:00:00Z,PRM04,STIC,20210924-20220314,HS,21044189,0,7.582,25.37222249,0,fair,NA
AIMS,2021-11-16T02:30:00Z,PRM04,STIC,20210924-20220314,HS,21044189,0,7.381,25.37222249,0,fair,NA
AIMS,2021-11-16T03:00:00Z,PRM04,STIC,20210924-20220314,HS,21044189,0,7.179,25.37222249,0,fair,NA
AIMS,2021-11-16T03:30:00Z,PRM04,STIC,20210924-20220314,HS,21044189,0,6.978,25.37222249,0,fair,NA
AIMS,2021-11-16T04:00:00Z,PRM04,STIC,20210924-20220314,HS,21044189,0,6.775,25.37222249,0,fair,NA
AIMS,2021-11-16T04:30:00Z,PRM04,STIC,20210924-20220314,HS,21044189,0,6.573,25.37222249,0,fair,NA
AIMS,2021-11-16T05:00:00Z,PRM04,STIC,20210924-20220314,HS,21044189,0,6.268,25.37222249,0,fair,NA
AIMS,2021-11-16T05:30:00Z,PRM04,STIC,20210924-20220314,HS,21044189,0,6.166,25.37222249,0,fair,NA
AIMS,2021-11-16T06:00:00Z,PRM04,STIC,20210924-20220314,HS,21044189,0,6.064,25.37222249,0,fair,NA
AIMS,2021-11-16T06:30:00Z,PRM04,STIC,20210924-20220314,HS,21044189,0,5.962,25.37222249,0,fair,NA
AIMS,2021-11-16T07:00:00Z,PRM04,STIC,20210924-20220314,HS,21044189,0,5.86,25.37222249,0,fair,NA
AIMS,2021-11-16T07:30:00Z,PRM04,STIC,20210924-20220314,HS,21044189,0,5.757,25.37222249,0,fair,NA
AIMS,2021-11-16T08:00:00Z,PRM04,STIC,20210924-20220314,HS,21044189,0,5.757,25.37222249,0,fair,NA
AIMS,2021-11-16T08:30:00Z,PRM04,STIC,20210924-20220314,HS,21044189,0,5.757,25.37222249,0,fair,NA
AIMS,2021-11-16T09:00:00Z,PRM04,STIC,20210924-20220314,HS,21044189,0,5.86,25.37222249,0,fair,NA
AIMS,2021-11-16T09:30:00Z,PRM04,STIC,20210924-20220314,HS,21044189,0,5.962,25.37222249,0,fair,NA
AIMS,2021-11-16T10:00:00Z,PRM04,STIC,20210924-20220314,HS,21044189,0,6.166,25.37222249,0,fair,NA
AIMS,2021-11-16T10:30:00Z,PRM04,STIC,20210924-20220314,HS,21044189,0,6.268,25.37222249,0,fair,NA
AIMS,2021-11-16T11:00:00Z,PRM04,STIC,20210924-20220314,HS,21044189,0,6.37,25.37222249,0,fair,NA
AIMS,2021-11-16T11:30:00Z,PRM04,STIC,20210924-20220314,HS,21044189,0,6.471,25.37222249,0,fair,NA
AIMS,2021-11-16T12:00:00Z,PRM04,STIC,20210924-20220314,HS,21044189,0,6.573,25.37222249,0,fair,NA
AIMS,2021-11-16T12:30:00Z,PRM04,STIC,20210924-20220314,HS,21044189,0,6.674,25.37222249,0,fair,NA
AIMS,2021-11-16T13:00:00Z,PRM04,STIC,20210924-20220314,HS,21044189,0,6.674,25.37222249,0,fair,NA
AIMS,2021-11-16T13:30:00Z,PRM04,STIC,20210924-20220314,HS,21044189,0,6.877,25.37222249,0,fair,NA
AIMS,2021-11-16T14:00:00Z,PRM04,STIC,20210924-20220314,HS,21044189,0,6.978,25.37222249,0,fair,NA
AIMS,2021-11-16T14:30:00Z,PRM04,STIC,20210924-20220314,HS,21044189,0,7.179,25.37222249,0,fair,NA
AIMS,2021-11-16T15:00:00Z,PRM04,STIC,20210924-20220314,HS,21044189,0,7.381,25.37222249,0,fair,NA
AIMS,2021-11-16T15:30:00Z,PRM04,STIC,20210924-20220314,HS,21044189,0,7.682,25.37222249,0,fair,NA
AIMS,2021-11-16T16:00:00Z,PRM04,STIC,20210924-20220314,HS,21044189,0,7.983,25.37222249,0,fair,NA
AIMS,2021-11-16T16:30:00Z,PRM04,STIC,20210924-20220314,HS,21044189,0,8.779,25.37222249,0,fair,NA
AIMS,2021-11-16T17:00:00Z,PRM04,STIC,20210924-20220314,HS,21044189,0,9.373,25.37222249,0,fair,NA
AIMS,2021-11-16T17:30:00Z,PRM04,STIC,20210924-20220314,HS,21044189,0,10.748,25.37222249,0,fair,NA
AIMS,2021-11-16T18:00:00Z,PRM04,STIC,20210924-20220314,HS,21044189,0,11.819,25.37222249,0,fair,NA
AIMS,2021-11-16T18:30:00Z,PRM04,STIC,20210924-20220314,HS,21044189,0,12.69,25.37222249,0,fair,NA
AIMS,2021-11-16T19:00:00Z,PRM04,STIC,20210924-20220314,HS,21044189,0,13.269,25.37222249,0,fair,NA
AIMS,2021-11-16T19:30:00Z,PRM04,STIC,20210924-20220314,HS,21044189,0,13.461,25.37222249,0,fair,NA
AIMS,2021-11-16T20:00:00Z,PRM04,STIC,20210924-20220314,HS,21044189,0,13.75,25.37222249,0,fair,NA
AIMS,2021-11-16T20:30:00Z,PRM04,STIC,20210924-20220314,HS,21044189,0,13.558,25.37222249,0,fair,NA
AIMS,2021-11-16T21:00:00Z,PRM04,STIC,20210924-20220314,HS,21044189,0,14.038,25.37222249,0,fair,NA
AIMS,2021-11-16T21:30:00Z,PRM04,STIC,20210924-20220314,HS,21044189,0,14.23,25.37222249,0,fair,NA
AIMS,2021-11-16T22:00:00Z,PRM04,STIC,20210924-20220314,HS,21044189,0,14.134,25.37222249,0,fair,NA
AIMS,2021-11-16T22:30:00Z,PRM04,STIC,20210924-20220314,HS,21044189,0,13.942,25.37222249,0,fair,NA
AIMS,2021-11-16T23:00:00Z,PRM04,STIC,20210924-20220314,HS,21044189,0,13.75,25.37222249,0,fair,NA
AIMS,2021-11-16T23:30:00Z,PRM04,STIC,20210924-20220314,HS,21044189,0,13.461,25.37222249,0,fair,NA
AIMS,2021-11-17T00:00:00Z,PRM04,STIC,20210924-20220314,HS,21044189,0,12.98,25.37222249,0,fair,NA
AIMS,2021-11-17T00:30:00Z,PRM04,STIC,20210924-20220314,HS,21044189,0,12.69,25.37222249,0,fair,NA
AIMS,2021-11-17T01:00:00Z,PRM04,STIC,20210924-20220314,HS,21044189,0,12.401,25.37222249,0,fair,NA
AIMS,2021-11-17T01:30:00Z,PRM04,STIC,20210924-20220314,HS,21044189,0,12.207,25.37222249,0,fair,NA
AIMS,2021-11-17T02:00:00Z,PRM04,STIC,20210924-20220314,HS,21044189,0,12.013,25.37222249,0,fair,NA
AIMS,2021-11-17T02:30:00Z,PRM04,STIC,20210924-20220314,HS,21044189,0,11.819,25.37222249,0,fair,NA
AIMS,2021-11-17T03:00:00Z,PRM04,STIC,20210924-20220314,HS,21044189,0,11.625,25.37222249,0,fair,NA
AIMS,2021-11-17T03:30:00Z,PRM04,STIC,20210924-20220314,HS,21044189,0,11.431,25.37222249,0,fair,NA
AIMS,2021-11-17T04:00:00Z,PRM04,STIC,20210924-20220314,HS,21044189,0,11.236,25.37222249,0,fair,NA
AIMS,2021-11-17T04:30:00Z,PRM04,STIC,20210924-20220314,HS,21044189,0,11.139,25.37222249,0,fair,NA
AIMS,2021-11-17T05:00:00Z,PRM04,STIC,20210924-20220314,HS,21044189,0,10.944,25.37222249,0,fair,NA
AIMS,2021-11-17T05:30:00Z,PRM04,STIC,20210924-20220314,HS,21044189,0,10.846,25.37222249,0,fair,NA
AIMS,2021-11-17T06:00:00Z,PRM04,STIC,20210924-20220314,HS,21044189,0,10.651,25.37222249,0,fair,NA
AIMS,2021-11-17T06:30:00Z,PRM04,STIC,20210924-20220314,HS,21044189,0,10.553,25.37222249,0,fair,NA
AIMS,2021-11-17T07:00:00Z,PRM04,STIC,20210924-20220314,HS,21044189,0,10.357,25.37222249,0,fair,NA
AIMS,2021-11-17T07:30:00Z,PRM04,STIC,20210924-20220314,HS,21044189,0,10.259,25.37222249,0,fair,NA
AIMS,2021-11-17T08:00:00Z,PRM04,STIC,20210924-20220314,HS,21044189,0,10.161,25.37222249,0,fair,NA
AIMS,2021-11-17T08:30:00Z,PRM04,STIC,20210924-20220314,HS,21044189,0,10.063,25.37222249,0,fair,NA
AIMS,2021-11-17T09:00:00Z,PRM04,STIC,20210924-20220314,HS,21044189,0,9.866,25.37222249,0,fair,NA
AIMS,2021-11-17T09:30:00Z,PRM04,STIC,20210924-20220314,HS,21044189,0,9.768,25.37222249,0,fair,NA
AIMS,2021-11-17T10:00:00Z,PRM04,STIC,20210924-20220314,HS,21044189,0,9.571,25.37222249,0,fair,NA
AIMS,2021-11-17T10:30:00Z,PRM04,STIC,20210924-20220314,HS,21044189,0,9.373,25.37222249,0,fair,NA
AIMS,2021-11-17T11:00:00Z,PRM04,STIC,20210924-20220314,HS,21044189,0,9.275,25.37222249,0,fair,NA
AIMS,2021-11-17T11:30:00Z,PRM04,STIC,20210924-20220314,HS,21044189,0,9.176,25.37222249,0,fair,NA
AIMS,2021-11-17T12:00:00Z,PRM04,STIC,20210924-20220314,HS,21044189,0,8.978,25.37222249,0,fair,NA
AIMS,2021-11-17T12:30:00Z,PRM04,STIC,20210924-20220314,HS,21044189,0,8.978,25.37222249,0,fair,NA
AIMS,2021-11-17T13:00:00Z,PRM04,STIC,20210924-20220314,HS,21044189,0,8.879,25.37222249,0,fair,NA
AIMS,2021-11-17T13:30:00Z,PRM04,STIC,20210924-20220314,HS,21044189,0,8.68,25.37222249,0,fair,NA
AIMS,2021-11-17T14:00:00Z,PRM04,STIC,20210924-20220314,HS,21044189,0,8.779,25.37222249,0,fair,NA
AIMS,2021-11-17T14:30:00Z,PRM04,STIC,20210924-20220314,HS,21044189,0,8.879,25.37222249,0,fair,NA
AIMS,2021-11-17T15:00:00Z,PRM04,STIC,20210924-20220314,HS,21044189,0,9.176,25.37222249,0,fair,NA
AIMS,2021-11-17T15:30:00Z,PRM04,STIC,20210924-20220314,HS,21044189,0,9.571,25.37222249,0,fair,NA
AIMS,2021-11-17T16:00:00Z,PRM04,STIC,20210924-20220314,HS,21044189,0,9.866,25.37222249,0,fair,NA
AIMS,2021-11-17T16:30:00Z,PRM04,STIC,20210924-20220314,HS,21044189,0,10.357,25.37222249,0,fair,NA
AIMS,2021-11-17T17:00:00Z,PRM04,STIC,20210924-20220314,HS,21044189,0,11.041,25.37222249,0,fair,NA
AIMS,2021-11-17T17:30:00Z,PRM04,STIC,20210924-20220314,HS,21044189,0,12.013,25.37222249,0,fair,NA
AIMS,2021-11-17T18:00:00Z,PRM04,STIC,20210924-20220314,HS,21044189,0,12.497,25.37222249,0,fair,NA
AIMS,2021-11-17T18:30:00Z,PRM04,STIC,20210924-20220314,HS,21044189,0,13.173,25.37222249,0,fair,NA
AIMS,2021-11-17T19:00:00Z,PRM04,STIC,20210924-20220314,HS,21044189,0,13.846,25.37222249,0,fair,NA
AIMS,2021-11-17T19:30:00Z,PRM04,STIC,20210924-20220314,HS,21044189,0,14.421,25.37222249,0,fair,NA
AIMS,2021-11-17T20:00:00Z,PRM04,STIC,20210924-20220314,HS,21044189,0,14.804,25.37222249,0,fair,NA
AIMS,2021-11-17T20:30:00Z,PRM04,STIC,20210924-20220314,HS,21044189,0,14.9,25.37222249,0,fair,NA
AIMS,2021-11-17T21:00:00Z,PRM04,STIC,20210924-20220314,HS,21044189,0,14.613,25.37222249,0,fair,NA
AIMS,2021-11-17T21:30:00Z,PRM04,STIC,20210924-20220314,HS,21044189,0,14.709,25.37222249,0,fair,NA
AIMS,2021-11-17T22:00:00Z,PRM04,STIC,20210924-20220314,HS,21044189,0,14.517,25.37222249,0,fair,NA
AIMS,2021-11-17T22:30:00Z,PRM04,STIC,20210924-20220314,HS,21044189,0,14.421,25.37222249,0,fair,NA
AIMS,2021-11-17T23:00:00Z,PRM04,STIC,20210924-20220314,HS,21044189,0,14.325,25.37222249,0,fair,NA
AIMS,2021-11-17T23:30:00Z,PRM04,STIC,20210924-20220314,HS,21044189,0,13.942,25.37222249,0,fair,NA
AIMS,2021-11-18T00:00:00Z,PRM04,STIC,20210924-20220314,HS,21044189,0,13.558,25.37222249,0,fair,NA
AIMS,2021-11-18T00:30:00Z,PRM04,STIC,20210924-20220314,HS,21044189,0,13.269,25.37222249,0,fair,NA
AIMS,2021-11-18T01:00:00Z,PRM04,STIC,20210924-20220314,HS,21044189,0,13.076,25.37222249,0,fair,NA
AIMS,2021-11-18T01:30:00Z,PRM04,STIC,20210924-20220314,HS,21044189,0,12.787,25.37222249,0,fair,NA
AIMS,2021-11-18T02:00:00Z,PRM04,STIC,20210924-20220314,HS,21044189,0,12.594,25.37222249,0,fair,NA
AIMS,2021-11-18T02:30:00Z,PRM04,STIC,20210924-20220314,HS,21044189,0,12.401,25.37222249,0,fair,NA
AIMS,2021-11-18T03:00:00Z,PRM04,STIC,20210924-20220314,HS,21044189,0,12.207,25.37222249,0,fair,NA
AIMS,2021-11-18T03:30:00Z,PRM04,STIC,20210924-20220314,HS,21044189,0,12.11,25.37222249,0,fair,NA
AIMS,2021-11-18T04:00:00Z,PRM04,STIC,20210924-20220314,HS,21044189,0,11.916,25.37222249,0,fair,NA
AIMS,2021-11-18T04:30:00Z,PRM04,STIC,20210924-20220314,HS,21044189,0,11.916,25.37222249,0,fair,NA
AIMS,2021-11-18T05:00:00Z,PRM04,STIC,20210924-20220314,HS,21044189,0,11.916,25.37222249,0,fair,NA
AIMS,2021-11-18T05:30:00Z,PRM04,STIC,20210924-20220314,HS,21044189,0,11.916,25.37222249,0,fair,NA
AIMS,2021-11-18T06:00:00Z,PRM04,STIC,20210924-20220314,HS,21044189,0,11.819,25.37222249,0,fair,NA
AIMS,2021-11-18T06:30:00Z,PRM04,STIC,20210924-20220314,HS,21044189,0,11.722,25.37222249,0,fair,NA
AIMS,2021-11-18T07:00:00Z,PRM04,STIC,20210924-20220314,HS,21044189,0,11.722,25.37222249,0,fair,NA
AIMS,2021-11-18T07:30:00Z,PRM04,STIC,20210924-20220314,HS,21044189,0,11.625,25.37222249,0,fair,NA
AIMS,2021-11-18T08:00:00Z,PRM04,STIC,20210924-20220314,HS,21044189,0,11.625,25.37222249,0,fair,NA
AIMS,2021-11-18T08:30:00Z,PRM04,STIC,20210924-20220314,HS,21044189,0,11.625,25.37222249,0,fair,NA
AIMS,2021-11-18T09:00:00Z,PRM04,STIC,20210924-20220314,HS,21044189,0,11.528,25.37222249,0,fair,NA
AIMS,2021-11-18T09:30:00Z,PRM04,STIC,20210924-20220314,HS,21044189,0,11.528,25.37222249,0,fair,NA
AIMS,2021-11-18T10:00:00Z,PRM04,STIC,20210924-20220314,HS,21044189,0,11.431,25.37222249,0,fair,NA
AIMS,2021-11-18T10:30:00Z,PRM04,STIC,20210924-20220314,HS,21044189,0,11.528,25.37222249,0,fair,NA
AIMS,2021-11-18T11:00:00Z,PRM04,STIC,20210924-20220314,HS,21044189,0,11.528,25.37222249,0,fair,NA
AIMS,2021-11-18T11:30:00Z,PRM04,STIC,20210924-20220314,HS,21044189,0,11.431,25.37222249,0,fair,NA
AIMS,2021-11-18T12:00:00Z,PRM04,STIC,20210924-20220314,HS,21044189,0,11.431,25.37222249,0,fair,NA
AIMS,2021-11-18T12:30:00Z,PRM04,STIC,20210924-20220314,HS,21044189,0,11.431,25.37222249,0,fair,NA
AIMS,2021-11-18T13:00:00Z,PRM04,STIC,20210924-20220314,HS,21044189,0,11.528,25.37222249,0,fair,NA
AIMS,2021-11-18T13:30:00Z,PRM04,STIC,20210924-20220314,HS,21044189,0,11.528,25.37222249,0,fair,NA
AIMS,2021-11-18T14:00:00Z,PRM04,STIC,20210924-20220314,HS,21044189,0,11.528,25.37222249,0,fair,NA
AIMS,2021-11-18T14:30:00Z,PRM04,STIC,20210924-20220314,HS,21044189,0,11.625,25.37222249,0,fair,NA
AIMS,2021-11-18T15:00:00Z,PRM04,STIC,20210924-20220314,HS,21044189,0,11.722,25.37222249,0,fair,NA
AIMS,2021-11-18T15:30:00Z,PRM04,STIC,20210924-20220314,HS,21044189,0,12.11,25.37222249,0,fair,NA
AIMS,2021-11-18T16:00:00Z,PRM04,STIC,20210924-20220314,HS,21044189,0,12.207,25.37222249,0,fair,NA
AIMS,2021-11-18T16:30:00Z,PRM04,STIC,20210924-20220314,HS,21044189,0,11.916,25.37222249,0,fair,NA
AIMS,2021-11-18T17:00:00Z,PRM04,STIC,20210924-20220314,HS,21044189,0,11.625,25.37222249,0,fair,NA
AIMS,2021-11-18T17:30:00Z,PRM04,STIC,20210924-20220314,HS,21044189,0,11.236,25.37222249,0,fair,NA
AIMS,2021-11-18T18:00:00Z,PRM04,STIC,20210924-20220314,HS,21044189,0,10.651,25.37222249,0,fair,NA
AIMS,2021-11-18T18:30:00Z,PRM04,STIC,20210924-20220314,HS,21044189,0,10.553,25.37222249,0,fair,NA
AIMS,2021-11-18T19:00:00Z,PRM04,STIC,20210924-20220314,HS,21044189,0,10.259,25.37222249,0,fair,NA
AIMS,2021-11-18T19:30:00Z,PRM04,STIC,20210924-20220314,HS,21044189,0,10.455,25.37222249,0,fair,NA
AIMS,2021-11-18T20:00:00Z,PRM04,STIC,20210924-20220314,HS,21044189,0,10.455,25.37222249,0,fair,NA
AIMS,2021-11-18T20:30:00Z,PRM04,STIC,20210924-20220314,HS,21044189,0,10.357,25.37222249,0,fair,NA
AIMS,2021-11-18T21:00:00Z,PRM04,STIC,20210924-20220314,HS,21044189,0,10.357,25.37222249,0,fair,NA
AIMS,2021-11-18T21:30:00Z,PRM04,STIC,20210924-20220314,HS,21044189,0,10.357,25.37222249,0,fair,NA
AIMS,2021-11-18T22:00:00Z,PRM04,STIC,20210924-20220314,HS,21044189,0,10.259,25.37222249,0,fair,NA
AIMS,2021-11-18T22:30:00Z,PRM04,STIC,20210924-20220314,HS,21044189,0,10.063,25.37222249,0,fair,NA
AIMS,2021-11-18T23:00:00Z,PRM04,STIC,20210924-20220314,HS,21044189,0,9.965,25.37222249,0,fair,NA
AIMS,2021-11-18T23:30:00Z,PRM04,STIC,20210924-20220314,HS,21044189,0,9.866,25.37222249,0,fair,NA
AIMS,2021-11-19T00:00:00Z,PRM04,STIC,20210924-20220314,HS,21044189,0,9.669,25.37222249,0,fair,NA
AIMS,2021-11-19T00:30:00Z,PRM04,STIC,20210924-20220314,HS,21044189,0,9.373,25.37222249,0,fair,NA
AIMS,2021-11-19T01:00:00Z,PRM04,STIC,20210924-20220314,HS,21044189,0,8.779,25.37222249,0,fair,NA
AIMS,2021-11-19T01:30:00Z,PRM04,STIC,20210924-20220314,HS,21044189,0,8.382,25.37222249,0,fair,NA
AIMS,2021-11-19T02:00:00Z,PRM04,STIC,20210924-20220314,HS,21044189,0,7.983,25.37222249,0,fair,NA
AIMS,2021-11-19T02:30:00Z,PRM04,STIC,20210924-20220314,HS,21044189,0,7.682,25.37222249,0,fair,NA
AIMS,2021-11-19T03:00:00Z,PRM04,STIC,20210924-20220314,HS,21044189,0,7.28,25.37222249,0,fair,NA
AIMS,2021-11-19T03:30:00Z,PRM04,STIC,20210924-20220314,HS,21044189,0,7.079,25.37222249,0,fair,NA
AIMS,2021-11-19T04:00:00Z,PRM04,STIC,20210924-20220314,HS,21044189,0,6.775,25.37222249,0,fair,NA
AIMS,2021-11-19T04:30:00Z,PRM04,STIC,20210924-20220314,HS,21044189,0,6.471,25.37222249,0,fair,NA
AIMS,2021-11-19T05:00:00Z,PRM04,STIC,20210924-20220314,HS,21044189,0,6.166,25.37222249,0,fair,NA
AIMS,2021-11-19T05:30:00Z,PRM04,STIC,20210924-20220314,HS,21044189,0,5.962,25.37222249,0,fair,NA
AIMS,2021-11-19T06:00:00Z,PRM04,STIC,20210924-20220314,HS,21044189,0,5.757,25.37222249,0,fair,NA
AIMS,2021-11-19T06:30:00Z,PRM04,STIC,20210924-20220314,HS,21044189,0,5.45,25.37222249,0,fair,NA
AIMS,2021-11-19T07:00:00Z,PRM04,STIC,20210924-20220314,HS,21044189,0,5.244,25.37222249,0,fair,NA
AIMS,2021-11-19T07:30:00Z,PRM04,STIC,20210924-20220314,HS,21044189,0,5.244,25.37222249,0,fair,NA
AIMS,2021-11-19T08:00:00Z,PRM04,STIC,20210924-20220314,HS,21044189,0,5.037,25.37222249,0,fair,NA
AIMS,2021-11-19T08:30:00Z,PRM04,STIC,20210924-20220314,HS,21044189,0,4.831,25.37222249,0,fair,NA
AIMS,2021-11-19T09:00:00Z,PRM04,STIC,20210924-20220314,HS,21044189,0,4.623,25.37222249,0,fair,NA
AIMS,2021-11-19T09:30:00Z,PRM04,STIC,20210924-20220314,HS,21044189,0,4.519,25.37222249,0,fair,NA
AIMS,2021-11-19T10:00:00Z,PRM04,STIC,20210924-20220314,HS,21044189,0,4.311,25.37222249,0,fair,NA
AIMS,2021-11-19T10:30:00Z,PRM04,STIC,20210924-20220314,HS,21044189,0,4.207,25.37222249,0,fair,NA
AIMS,2021-11-19T11:00:00Z,PRM04,STIC,20210924-20220314,HS,21044189,0,4.207,25.37222249,0,fair,NA
AIMS,2021-11-19T11:30:00Z,PRM04,STIC,20210924-20220314,HS,21044189,0,3.998,25.37222249,0,fair,NA
AIMS,2021-11-19T12:00:00Z,PRM04,STIC,20210924-20220314,HS,21044189,0,3.683,25.37222249,0,fair,NA
AIMS,2021-11-19T12:30:00Z,PRM04,STIC,20210924-20220314,HS,21044189,0,3.788,25.37222249,0,fair,NA
AIMS,2021-11-19T13:00:00Z,PRM04,STIC,20210924-20220314,HS,21044189,0,3.578,25.37222249,0,fair,NA
AIMS,2021-11-19T13:30:00Z,PRM04,STIC,20210924-20220314,HS,21044189,0,3.472,25.37222249,0,fair,NA
AIMS,2021-11-19T14:00:00Z,PRM04,STIC,20210924-20220314,HS,21044189,0,3.367,25.37222249,0,fair,NA
AIMS,2021-11-19T14:30:00Z,PRM04,STIC,20210924-20220314,HS,21044189,0,3.261,25.37222249,0,fair,NA
AIMS,2021-11-19T15:00:00Z,PRM04,STIC,20210924-20220314,HS,21044189,0,3.472,25.37222249,0,fair,NA
AIMS,2021-11-19T15:30:00Z,PRM04,STIC,20210924-20220314,HS,21044189,0,4.102,25.37222249,0,fair,NA
AIMS,2021-11-19T16:00:00Z,PRM04,STIC,20210924-20220314,HS,21044189,0,4.623,25.37222249,0,fair,NA
AIMS,2021-11-19T16:30:00Z,PRM04,STIC,20210924-20220314,HS,21044189,0,5.141,25.37222249,0,fair,NA
AIMS,2021-11-19T17:00:00Z,PRM04,STIC,20210924-20220314,HS,21044189,0,5.552,25.37222249,0,fair,NA
AIMS,2021-11-19T17:30:00Z,PRM04,STIC,20210924-20220314,HS,21044189,0,5.962,25.37222249,0,fair,NA
AIMS,2021-11-19T18:00:00Z,PRM04,STIC,20210924-20220314,HS,21044189,0,6.37,25.37222249,0,fair,NA
AIMS,2021-11-19T18:30:00Z,PRM04,STIC,20210924-20220314,HS,21044189,0,6.877,25.37222249,0,fair,NA
AIMS,2021-11-19T19:00:00Z,PRM04,STIC,20210924-20220314,HS,21044189,0,7.179,25.37222249,0,fair,NA
AIMS,2021-11-19T19:30:00Z,PRM04,STIC,20210924-20220314,HS,21044189,0,7.481,25.37222249,0,fair,NA
AIMS,2021-11-19T20:00:00Z,PRM04,STIC,20210924-20220314,HS,21044189,0,7.682,25.37222249,0,fair,NA
AIMS,2021-11-19T20:30:00Z,PRM04,STIC,20210924-20220314,HS,21044189,0,7.782,25.37222249,0,fair,NA
AIMS,2021-11-19T21:00:00Z,PRM04,STIC,20210924-20220314,HS,21044189,0,7.782,25.37222249,0,fair,NA
AIMS,2021-11-19T21:30:00Z,PRM04,STIC,20210924-20220314,HS,21044189,0,7.782,25.37222249,0,fair,NA
AIMS,2021-11-19T22:00:00Z,PRM04,STIC,20210924-20220314,HS,21044189,0,7.682,25.37222249,0,fair,NA
AIMS,2021-11-19T22:30:00Z,PRM04,STIC,20210924-20220314,HS,21044189,0,7.582,25.37222249,0,fair,NA
AIMS,2021-11-19T23:00:00Z,PRM04,STIC,20210924-20220314,HS,21044189,0,7.481,25.37222249,0,fair,NA
AIMS,2021-11-19T23:30:00Z,PRM04,STIC,20210924-20220314,HS,21044189,0,7.481,25.37222249,0,fair,NA
AIMS,2021-11-20T00:00:00Z,PRM04,STIC,20210924-20220314,HS,21044189,0,7.28,25.37222249,0,fair,NA
AIMS,2021-11-20T00:30:00Z,PRM04,STIC,20210924-20220314,HS,21044189,0,6.978,25.37222249,0,fair,NA
AIMS,2021-11-20T01:00:00Z,PRM04,STIC,20210924-20220314,HS,21044189,0,6.573,25.37222249,0,fair,NA
AIMS,2021-11-20T01:30:00Z,PRM04,STIC,20210924-20220314,HS,21044189,0,6.268,25.37222249,0,fair,NA
AIMS,2021-11-20T02:00:00Z,PRM04,STIC,20210924-20220314,HS,21044189,0,5.962,25.37222249,0,fair,NA
AIMS,2021-11-20T02:30:00Z,PRM04,STIC,20210924-20220314,HS,21044189,0,5.655,25.37222249,0,fair,NA
AIMS,2021-11-20T03:00:00Z,PRM04,STIC,20210924-20220314,HS,21044189,0,5.347,25.37222249,0,fair,NA
AIMS,2021-11-20T03:30:00Z,PRM04,STIC,20210924-20220314,HS,21044189,0,5.037,25.37222249,0,fair,NA
AIMS,2021-11-20T04:00:00Z,PRM04,STIC,20210924-20220314,HS,21044189,0,4.727,25.37222249,0,fair,NA
AIMS,2021-11-20T04:30:00Z,PRM04,STIC,20210924-20220314,HS,21044189,0,4.519,25.37222249,0,fair,NA
AIMS,2021-11-20T05:00:00Z,PRM04,STIC,20210924-20220314,HS,21044189,0,4.311,25.37222249,0,fair,NA
AIMS,2021-11-20T05:30:00Z,PRM04,STIC,20210924-20220314,HS,21044189,0,4.102,25.37222249,0,fair,NA
AIMS,2021-11-20T06:00:00Z,PRM04,STIC,20210924-20220314,HS,21044189,0,3.998,25.37222249,0,fair,NA
AIMS,2021-11-20T06:30:00Z,PRM04,STIC,20210924-20220314,HS,21044189,0,3.788,25.37222249,0,fair,NA
AIMS,2021-11-20T07:00:00Z,PRM04,STIC,20210924-20220314,HS,21044189,0,3.788,25.37222249,0,fair,NA
AIMS,2021-11-20T07:30:00Z,PRM04,STIC,20210924-20220314,HS,21044189,0,3.578,25.37222249,0,fair,NA
AIMS,2021-11-20T08:00:00Z,PRM04,STIC,20210924-20220314,HS,21044189,0,3.367,25.37222249,0,fair,NA
AIMS,2021-11-20T08:30:00Z,PRM04,STIC,20210924-20220314,HS,21044189,0,3.367,25.37222249,0,fair,NA
AIMS,2021-11-20T09:00:00Z,PRM04,STIC,20210924-20220314,HS,21044189,0,3.261,25.37222249,0,fair,NA
AIMS,2021-11-20T09:30:00Z,PRM04,STIC,20210924-20220314,HS,21044189,0,3.155,25.37222249,0,fair,NA
AIMS,2021-11-20T10:00:00Z,PRM04,STIC,20210924-20220314,HS,21044189,0,3.049,25.37222249,0,fair,NA
AIMS,2021-11-20T10:30:00Z,PRM04,STIC,20210924-20220314,HS,21044189,0,2.943,25.37222249,0,fair,NA
AIMS,2021-11-20T11:00:00Z,PRM04,STIC,20210924-20220314,HS,21044189,0,2.837,25.37222249,0,fair,NA
AIMS,2021-11-20T11:30:00Z,PRM04,STIC,20210924-20220314,HS,21044189,0,2.837,25.37222249,0,fair,NA
AIMS,2021-11-20T12:00:00Z,PRM04,STIC,20210924-20220314,HS,21044189,0,2.943,25.37222249,0,fair,NA
AIMS,2021-11-20T12:30:00Z,PRM04,STIC,20210924-20220314,HS,21044189,0,3.155,25.37222249,0,fair,NA
AIMS,2021-11-20T13:00:00Z,PRM04,STIC,20210924-20220314,HS,21044189,0,3.367,25.37222249,0,fair,NA
AIMS,2021-11-20T13:30:00Z,PRM04,STIC,20210924-20220314,HS,21044189,0,3.578,25.37222249,0,fair,NA
AIMS,2021-11-20T14:00:00Z,PRM04,STIC,20210924-20220314,HS,21044189,0,3.683,25.37222249,0,fair,NA
AIMS,2021-11-20T14:30:00Z,PRM04,STIC,20210924-20220314,HS,21044189,0,3.788,25.37222249,0,fair,NA
AIMS,2021-11-20T15:00:00Z,PRM04,STIC,20210924-20220314,HS,21044189,0,4.102,25.37222249,0,fair,NA
AIMS,2021-11-20T15:30:00Z,PRM04,STIC,20210924-20220314,HS,21044189,0,4.519,25.37222249,0,fair,NA
AIMS,2021-11-20T16:00:00Z,PRM04,STIC,20210924-20220314,HS,21044189,0,5.037,25.37222249,0,fair,NA
AIMS,2021-11-20T16:30:00Z,PRM04,STIC,20210924-20220314,HS,21044189,0,5.655,25.37222249,0,fair,NA
AIMS,2021-11-20T17:00:00Z,PRM04,STIC,20210924-20220314,HS,21044189,0,6.166,25.37222249,0,fair,NA
AIMS,2021-11-20T17:30:00Z,PRM04,STIC,20210924-20220314,HS,21044189,0,6.978,25.37222249,0,fair,NA
AIMS,2021-11-20T18:00:00Z,PRM04,STIC,20210924-20220314,HS,21044189,0,7.381,25.37222249,0,fair,NA
AIMS,2021-11-20T18:30:00Z,PRM04,STIC,20210924-20220314,HS,21044189,0,8.182,25.37222249,0,fair,NA
AIMS,2021-11-20T19:00:00Z,PRM04,STIC,20210924-20220314,HS,21044189,0,8.779,25.37222249,0,fair,NA
AIMS,2021-11-20T19:30:00Z,PRM04,STIC,20210924-20220314,HS,21044189,0,9.176,25.37222249,0,fair,NA
AIMS,2021-11-20T20:00:00Z,PRM04,STIC,20210924-20220314,HS,21044189,0,8.879,25.37222249,0,fair,NA
AIMS,2021-11-20T20:30:00Z,PRM04,STIC,20210924-20220314,HS,21044189,0,9.077,25.37222249,0,fair,NA
AIMS,2021-11-20T21:00:00Z,PRM04,STIC,20210924-20220314,HS,21044189,0,9.077,25.37222249,0,fair,NA
AIMS,2021-11-20T21:30:00Z,PRM04,STIC,20210924-20220314,HS,21044189,0,9.176,25.37222249,0,fair,NA
AIMS,2021-11-20T22:00:00Z,PRM04,STIC,20210924-20220314,HS,21044189,0,8.978,25.37222249,0,fair,NA
AIMS,2021-11-20T22:30:00Z,PRM04,STIC,20210924-20220314,HS,21044189,0,8.879,25.37222249,0,fair,NA
AIMS,2021-11-20T23:00:00Z,PRM04,STIC,20210924-20220314,HS,21044189,0,8.68,25.37222249,0,fair,NA
AIMS,2021-11-20T23:30:00Z,PRM04,STIC,20210924-20220314,HS,21044189,0,8.382,25.37222249,0,fair,NA
AIMS,2021-11-21T00:00:00Z,PRM04,STIC,20210924-20220314,HS,21044189,0,8.082,25.37222249,0,fair,NA
AIMS,2021-11-21T00:30:00Z,PRM04,STIC,20210924-20220314,HS,21044189,0,7.782,25.37222249,0,fair,NA
AIMS,2021-11-21T01:00:00Z,PRM04,STIC,20210924-20220314,HS,21044189,0,7.481,25.37222249,0,fair,NA
AIMS,2021-11-21T01:30:00Z,PRM04,STIC,20210924-20220314,HS,21044189,0,7.179,25.37222249,0,fair,NA
AIMS,2021-11-21T02:00:00Z,PRM04,STIC,20210924-20220314,HS,21044189,0,6.877,25.37222249,0,fair,NA
AIMS,2021-11-21T02:30:00Z,PRM04,STIC,20210924-20220314,HS,21044189,0,6.573,25.37222249,0,fair,NA
AIMS,2021-11-21T03:00:00Z,PRM04,STIC,20210924-20220314,HS,21044189,0,6.471,25.37222249,0,fair,NA
AIMS,2021-11-21T03:30:00Z,PRM04,STIC,20210924-20220314,HS,21044189,0,6.166,25.37222249,0,fair,NA
AIMS,2021-11-21T04:00:00Z,PRM04,STIC,20210924-20220314,HS,21044189,0,5.962,25.37222249,0,fair,NA
AIMS,2021-11-21T04:30:00Z,PRM04,STIC,20210924-20220314,HS,21044189,0,5.757,25.37222249,0,fair,NA
AIMS,2021-11-21T05:00:00Z,PRM04,STIC,20210924-20220314,HS,21044189,0,5.45,25.37222249,0,fair,NA
AIMS,2021-11-21T05:30:00Z,PRM04,STIC,20210924-20220314,HS,21044189,0,5.244,25.37222249,0,fair,NA
AIMS,2021-11-21T06:00:00Z,PRM04,STIC,20210924-20220314,HS,21044189,0,5.141,25.37222249,0,fair,NA
AIMS,2021-11-21T06:30:00Z,PRM04,STIC,20210924-20220314,HS,21044189,0,5.141,25.37222249,0,fair,NA
AIMS,2021-11-21T07:00:00Z,PRM04,STIC,20210924-20220314,HS,21044189,0,5.037,25.37222249,0,fair,NA
AIMS,2021-11-21T07:30:00Z,PRM04,STIC,20210924-20220314,HS,21044189,0,4.934,25.37222249,0,fair,NA
AIMS,2021-11-21T08:00:00Z,PRM04,STIC,20210924-20220314,HS,21044189,0,4.831,25.37222249,0,fair,NA
AIMS,2021-11-21T08:30:00Z,PRM04,STIC,20210924-20220314,HS,21044189,0,4.934,25.37222249,0,fair,NA
AIMS,2021-11-21T09:00:00Z,PRM04,STIC,20210924-20220314,HS,21044189,0,4.831,25.37222249,0,fair,NA
AIMS,2021-11-21T09:30:00Z,PRM04,STIC,20210924-20220314,HS,21044189,0,4.934,25.37222249,0,fair,NA
AIMS,2021-11-21T10:00:00Z,PRM04,STIC,20210924-20220314,HS,21044189,0,4.934,25.37222249,0,fair,NA
AIMS,2021-11-21T10:30:00Z,PRM04,STIC,20210924-20220314,HS,21044189,0,5.037,25.37222249,0,fair,NA
AIMS,2021-11-21T11:00:00Z,PRM04,STIC,20210924-20220314,HS,21044189,0,5.037,25.37222249,0,fair,NA
AIMS,2021-11-21T11:30:00Z,PRM04,STIC,20210924-20220314,HS,21044189,0,4.831,25.37222249,0,fair,NA
AIMS,2021-11-21T12:00:00Z,PRM04,STIC,20210924-20220314,HS,21044189,0,4.727,25.37222249,0,fair,NA
AIMS,2021-11-21T12:30:00Z,PRM04,STIC,20210924-20220314,HS,21044189,0,4.727,25.37222249,0,fair,NA
AIMS,2021-11-21T13:00:00Z,PRM04,STIC,20210924-20220314,HS,21044189,0,4.727,25.37222249,0,fair,NA
AIMS,2021-11-21T13:30:00Z,PRM04,STIC,20210924-20220314,HS,21044189,0,4.727,25.37222249,0,fair,NA
AIMS,2021-11-21T14:00:00Z,PRM04,STIC,20210924-20220314,HS,21044189,0,4.934,25.37222249,0,fair,NA
AIMS,2021-11-21T14:30:00Z,PRM04,STIC,20210924-20220314,HS,21044189,0,5.141,25.37222249,0,fair,NA
AIMS,2021-11-21T15:00:00Z,PRM04,STIC,20210924-20220314,HS,21044189,0,5.552,25.37222249,0,fair,NA
AIMS,2021-11-21T15:30:00Z,PRM04,STIC,20210924-20220314,HS,21044189,0,6.064,25.37222249,0,fair,NA
AIMS,2021-11-21T16:00:00Z,PRM04,STIC,20210924-20220314,HS,21044189,0,6.775,25.37222249,0,fair,NA
AIMS,2021-11-21T16:30:00Z,PRM04,STIC,20210924-20220314,HS,21044189,0,7.782,25.37222249,0,fair,NA
AIMS,2021-11-21T17:00:00Z,PRM04,STIC,20210924-20220314,HS,21044189,0,8.481,25.37222249,0,fair,NA
AIMS,2021-11-21T17:30:00Z,PRM04,STIC,20210924-20220314,HS,21044189,0,9.176,25.37222249,0,fair,NA
AIMS,2021-11-21T18:00:00Z,PRM04,STIC,20210924-20220314,HS,21044189,0,9.669,25.37222249,0,fair,NA
AIMS,2021-11-21T18:30:00Z,PRM04,STIC,20210924-20220314,HS,21044189,0,10.651,25.37222249,0,fair,NA
AIMS,2021-11-21T19:00:00Z,PRM04,STIC,20210924-20220314,HS,21044189,0,10.846,25.37222249,0,fair,NA
AIMS,2021-11-21T19:30:00Z,PRM04,STIC,20210924-20220314,HS,21044189,0,11.139,25.37222249,0,fair,NA
AIMS,2021-11-21T20:00:00Z,PRM04,STIC,20210924-20220314,HS,21044189,0,11.819,25.37222249,0,fair,NA
AIMS,2021-11-21T20:30:00Z,PRM04,STIC,20210924-20220314,HS,21044189,0,12.013,25.37222249,0,fair,NA
AIMS,2021-11-21T21:00:00Z,PRM04,STIC,20210924-20220314,HS,21044189,0,12.11,25.37222249,0,fair,NA
AIMS,2021-11-21T21:30:00Z,PRM04,STIC,20210924-20220314,HS,21044189,0,11.916,25.37222249,0,fair,NA
AIMS,2021-11-21T22:00:00Z,PRM04,STIC,20210924-20220314,HS,21044189,0,11.916,25.37222249,0,fair,NA
AIMS,2021-11-21T22:30:00Z,PRM04,STIC,20210924-20220314,HS,21044189,0,12.207,25.37222249,0,fair,NA
AIMS,2021-11-21T23:00:00Z,PRM04,STIC,20210924-20220314,HS,21044189,0,11.819,25.37222249,0,fair,NA
AIMS,2021-11-21T23:30:00Z,PRM04,STIC,20210924-20220314,HS,21044189,0,11.431,25.37222249,0,fair,NA
AIMS,2021-11-22T00:00:00Z,PRM04,STIC,20210924-20220314,HS,21044189,0,11.236,25.37222249,0,fair,NA
AIMS,2021-11-22T00:30:00Z,PRM04,STIC,20210924-20220314,HS,21044189,0,11.139,25.37222249,0,fair,NA
AIMS,2021-11-22T01:00:00Z,PRM04,STIC,20210924-20220314,HS,21044189,0,11.041,25.37222249,0,fair,NA
AIMS,2021-11-22T01:30:00Z,PRM04,STIC,20210924-20220314,HS,21044189,0,11.041,25.37222249,0,fair,NA
AIMS,2021-11-22T02:00:00Z,PRM04,STIC,20210924-20220314,HS,21044189,0,10.944,25.37222249,0,fair,NA
AIMS,2021-11-22T02:30:00Z,PRM04,STIC,20210924-20220314,HS,21044189,0,10.944,25.37222249,0,fair,NA
AIMS,2021-11-22T03:00:00Z,PRM04,STIC,20210924-20220314,HS,21044189,0,10.944,25.37222249,0,fair,NA
AIMS,2021-11-22T03:30:00Z,PRM04,STIC,20210924-20220314,HS,21044189,0,10.944,25.37222249,0,fair,NA
AIMS,2021-11-22T04:00:00Z,PRM04,STIC,20210924-20220314,HS,21044189,0,10.846,25.37222249,0,fair,NA
AIMS,2021-11-22T04:30:00Z,PRM04,STIC,20210924-20220314,HS,21044189,0,10.846,25.37222249,0,fair,NA
AIMS,2021-11-22T05:00:00Z,PRM04,STIC,20210924-20220314,HS,21044189,0,10.846,25.37222249,0,fair,NA
AIMS,2021-11-22T05:30:00Z,PRM04,STIC,20210924-20220314,HS,21044189,52355.9,10.748,304.35843666910006,1,fair,NA
AIMS,2021-11-22T06:00:00Z,PRM04,STIC,20210924-20220314,HS,21044189,55111.5,11.431,319.04206185350006,1,fair,NA
AIMS,2021-11-22T06:30:00Z,PRM04,STIC,20210924-20220314,HS,21044189,57867,11.819,333.725154173,1,fair,NA
AIMS,2021-11-22T07:00:00Z,PRM04,STIC,20210924-20220314,HS,21044189,60622.6,11.916,348.4087793574,1,fair,NA
AIMS,2021-11-22T07:30:00Z,PRM04,STIC,20210924-20220314,HS,21044189,60622.6,12.11,348.4087793574,1,fair,NA
AIMS,2021-11-22T08:00:00Z,PRM04,STIC,20210924-20220314,HS,21044189,60622.6,12.11,348.4087793574,1,fair,NA
AIMS,2021-11-22T08:30:00Z,PRM04,STIC,20210924-20220314,HS,21044189,60622.6,12.207,348.4087793574,1,fair,NA
AIMS,2021-11-22T09:00:00Z,PRM04,STIC,20210924-20220314,HS,21044189,60622.6,12.304,348.4087793574,1,fair,NA
AIMS,2021-11-22T09:30:00Z,PRM04,STIC,20210924-20220314,HS,21044189,60622.6,12.304,348.4087793574,1,fair,NA
AIMS,2021-11-22T10:00:00Z,PRM04,STIC,20210924-20220314,HS,21044189,60622.6,12.304,348.4087793574,1,fair,NA
AIMS,2021-11-22T10:30:00Z,PRM04,STIC,20210924-20220314,HS,21044189,60622.6,12.207,348.4087793574,1,fair,NA
AIMS,2021-11-22T11:00:00Z,PRM04,STIC,20210924-20220314,HS,21044189,60622.6,12.207,348.4087793574,1,fair,NA
AIMS,2021-11-22T11:30:00Z,PRM04,STIC,20210924-20220314,HS,21044189,60622.6,12.11,348.4087793574,1,fair,NA
AIMS,2021-11-22T12:00:00Z,PRM04,STIC,20210924-20220314,HS,21044189,60622.6,12.11,348.4087793574,1,fair,NA
AIMS,2021-11-22T12:30:00Z,PRM04,STIC,20210924-20220314,HS,21044189,60622.6,12.013,348.4087793574,1,fair,NA
AIMS,2021-11-22T13:00:00Z,PRM04,STIC,20210924-20220314,HS,21044189,60622.6,12.013,348.4087793574,1,fair,NA
AIMS,2021-11-22T13:30:00Z,PRM04,STIC,20210924-20220314,HS,21044189,60622.6,12.013,348.4087793574,1,fair,NA
AIMS,2021-11-22T14:00:00Z,PRM04,STIC,20210924-20220314,HS,21044189,60622.6,11.916,348.4087793574,1,fair,NA
AIMS,2021-11-22T14:30:00Z,PRM04,STIC,20210924-20220314,HS,21044189,60622.6,11.819,348.4087793574,1,fair,NA
AIMS,2021-11-22T15:00:00Z,PRM04,STIC,20210924-20220314,HS,21044189,60622.6,11.819,348.4087793574,1,fair,NA
AIMS,2021-11-22T15:30:00Z,PRM04,STIC,20210924-20220314,HS,21044189,60622.6,11.722,348.4087793574,1,fair,NA
AIMS,2021-11-22T16:00:00Z,PRM04,STIC,20210924-20220314,HS,21044189,60622.6,11.722,348.4087793574,1,fair,NA
AIMS,2021-11-22T16:30:00Z,PRM04,STIC,20210924-20220314,HS,21044189,60622.6,11.625,348.4087793574,1,fair,NA
AIMS,2021-11-22T17:00:00Z,PRM04,STIC,20210924-20220314,HS,21044189,60622.6,11.722,348.4087793574,1,fair,NA
AIMS,2021-11-22T17:30:00Z,PRM04,STIC,20210924-20220314,HS,21044189,60622.6,11.722,348.4087793574,1,fair,NA
AIMS,2021-11-22T18:00:00Z,PRM04,STIC,20210924-20220314,HS,21044189,60622.6,11.625,348.4087793574,1,fair,NA
AIMS,2021-11-22T18:30:00Z,PRM04,STIC,20210924-20220314,HS,21044189,60622.6,11.528,348.4087793574,1,fair,NA
AIMS,2021-11-22T19:00:00Z,PRM04,STIC,20210924-20220314,HS,21044189,60622.6,11.431,348.4087793574,1,fair,NA
AIMS,2021-11-22T19:30:00Z,PRM04,STIC,20210924-20220314,HS,21044189,60622.6,11.334,348.4087793574,1,fair,NA
AIMS,2021-11-22T20:00:00Z,PRM04,STIC,20210924-20220314,HS,21044189,60622.6,11.236,348.4087793574,1,fair,NA
AIMS,2021-11-22T20:30:00Z,PRM04,STIC,20210924-20220314,HS,21044189,60622.6,11.139,348.4087793574,1,fair,NA
AIMS,2021-11-22T21:00:00Z,PRM04,STIC,20210924-20220314,HS,21044189,60622.6,10.944,348.4087793574,1,fair,NA
AIMS,2021-11-22T21:30:00Z,PRM04,STIC,20210924-20220314,HS,21044189,60622.6,10.748,348.4087793574,1,fair,NA
AIMS,2021-11-22T22:00:00Z,PRM04,STIC,20210924-20220314,HS,21044189,60622.6,10.553,348.4087793574,1,fair,NA
AIMS,2021-11-22T22:30:00Z,PRM04,STIC,20210924-20220314,HS,21044189,60622.6,10.357,348.4087793574,1,fair,NA
AIMS,2021-11-22T23:00:00Z,PRM04,STIC,20210924-20220314,HS,21044189,60622.6,10.259,348.4087793574,1,fair,NA
AIMS,2021-11-22T23:30:00Z,PRM04,STIC,20210924-20220314,HS,21044189,60622.6,10.161,348.4087793574,1,fair,NA
AIMS,2021-11-23T00:00:00Z,PRM04,STIC,20210924-20220314,HS,21044189,60622.6,9.965,348.4087793574,1,fair,NA
AIMS,2021-11-23T00:30:00Z,PRM04,STIC,20210924-20220314,HS,21044189,44089.2,9.768,260.3080939808,1,fair,NA
AIMS,2021-11-23T01:00:00Z,PRM04,STIC,20210924-20220314,HS,21044189,549,9.472,28.297650791,1,fair,NA
AIMS,2021-11-23T01:30:00Z,PRM04,STIC,20210924-20220314,HS,21044189,419.8,9.176,27.6091893402,0,fair,NA
AIMS,2021-11-23T02:00:00Z,PRM04,STIC,20210924-20220314,HS,21044189,355.2,8.879,27.264958614799998,0,fair,NA
AIMS,2021-11-23T02:30:00Z,PRM04,STIC,20210924-20220314,HS,21044189,269.1,8.581,26.8061619359,0,fair,NA
AIMS,2021-11-23T03:00:00Z,PRM04,STIC,20210924-20220314,HS,21044189,215.3,8.282,26.519480619699998,0,fair,NA
AIMS,2021-11-23T03:30:00Z,PRM04,STIC,20210924-20220314,HS,21044189,193.8,7.983,26.4049146662,0,fair,NA
AIMS,2021-11-23T04:00:00Z,PRM04,STIC,20210924-20220314,HS,21044189,172.2,7.882,26.2898158478,0,fair,NA
AIMS,2021-11-23T04:30:00Z,PRM04,STIC,20210924-20220314,HS,21044189,161.5,7.582,26.2327993035,0,fair,NA
AIMS,2021-11-23T05:00:00Z,PRM04,STIC,20210924-20220314,HS,21044189,139.9,7.28,26.1177004851,0,fair,NA
AIMS,2021-11-23T05:30:00Z,PRM04,STIC,20210924-20220314,HS,21044189,129.2,6.978,26.060683940799997,0,fair,NA
AIMS,2021-11-23T06:00:00Z,PRM04,STIC,20210924-20220314,HS,21044189,129.2,6.674,26.060683940799997,0,fair,NA
AIMS,2021-11-23T06:30:00Z,PRM04,STIC,20210924-20220314,HS,21044189,118.4,6.37,26.003134531599997,0,fair,NA
AIMS,2021-11-23T07:00:00Z,PRM04,STIC,20210924-20220314,HS,21044189,107.6,6.064,25.945585122399997,0,fair,NA
AIMS,2021-11-23T07:30:00Z,PRM04,STIC,20210924-20220314,HS,21044189,107.6,5.244,25.945585122399997,0,fair,NA
AIMS,2021-11-23T08:00:00Z,PRM04,STIC,20210924-20220314,HS,21044189,96.9,4.519,25.8885685781,0,fair,NA
AIMS,2021-11-23T08:30:00Z,PRM04,STIC,20210924-20220314,HS,21044189,96.9,4.102,25.8885685781,0,fair,NA
AIMS,2021-11-23T09:00:00Z,PRM04,STIC,20210924-20220314,HS,21044189,96.9,4.102,25.8885685781,0,fair,NA
AIMS,2021-11-23T09:30:00Z,PRM04,STIC,20210924-20220314,HS,21044189,96.9,3.893,25.8885685781,0,fair,NA
AIMS,2021-11-23T10:00:00Z,PRM04,STIC,20210924-20220314,HS,21044189,86.1,3.578,25.8310191689,0,fair,NA
AIMS,2021-11-23T10:30:00Z,PRM04,STIC,20210924-20220314,HS,21044189,86.1,3.049,25.8310191689,0,fair,NA
AIMS,2021-11-23T11:00:00Z,PRM04,STIC,20210924-20220314,HS,21044189,86.1,3.261,25.8310191689,0,fair,NA
AIMS,2021-11-23T11:30:00Z,PRM04,STIC,20210924-20220314,HS,21044189,86.1,3.049,25.8310191689,0,fair,NA
AIMS,2021-11-23T12:00:00Z,PRM04,STIC,20210924-20220314,HS,21044189,75.3,2.837,25.7734697597,0,fair,NA
AIMS,2021-11-23T12:30:00Z,PRM04,STIC,20210924-20220314,HS,21044189,75.3,2.624,25.7734697597,0,fair,NA
AIMS,2021-11-23T13:00:00Z,PRM04,STIC,20210924-20220314,HS,21044189,75.3,2.517,25.7734697597,0,fair,NA
AIMS,2021-11-23T13:30:00Z,PRM04,STIC,20210924-20220314,HS,21044189,75.3,2.303,25.7734697597,0,fair,NA
AIMS,2021-11-23T14:00:00Z,PRM04,STIC,20210924-20220314,HS,21044189,64.6,2.195,25.716453215399998,0,fair,NA
AIMS,2021-11-23T14:30:00Z,PRM04,STIC,20210924-20220314,HS,21044189,64.6,2.195,25.716453215399998,0,fair,NA
AIMS,2021-11-23T15:00:00Z,PRM04,STIC,20210924-20220314,HS,21044189,64.6,2.303,25.716453215399998,0,fair,NA
AIMS,2021-11-23T15:30:00Z,PRM04,STIC,20210924-20220314,HS,21044189,64.6,2.41,25.716453215399998,0,fair,NA
AIMS,2021-11-23T16:00:00Z,PRM04,STIC,20210924-20220314,HS,21044189,64.6,2.73,25.716453215399998,0,fair,NA
AIMS,2021-11-23T16:30:00Z,PRM04,STIC,20210924-20220314,HS,21044189,75.3,3.049,25.7734697597,0,fair,NA
AIMS,2021-11-23T17:00:00Z,PRM04,STIC,20210924-20220314,HS,21044189,75.3,3.367,25.7734697597,0,fair,NA
AIMS,2021-11-23T17:30:00Z,PRM04,STIC,20210924-20220314,HS,21044189,75.3,3.788,25.7734697597,0,fair,NA
AIMS,2021-11-23T18:00:00Z,PRM04,STIC,20210924-20220314,HS,21044189,75.3,3.998,25.7734697597,0,fair,NA
AIMS,2021-11-23T18:30:00Z,PRM04,STIC,20210924-20220314,HS,21044189,75.3,4.207,25.7734697597,0,fair,NA
AIMS,2021-11-23T19:00:00Z,PRM04,STIC,20210924-20220314,HS,21044189,75.3,4.623,25.7734697597,0,fair,NA
AIMS,2021-11-23T19:30:00Z,PRM04,STIC,20210924-20220314,HS,21044189,75.3,4.831,25.7734697597,0,fair,NA
AIMS,2021-11-23T20:00:00Z,PRM04,STIC,20210924-20220314,HS,21044189,75.3,5.141,25.7734697597,0,fair,NA
AIMS,2021-11-23T20:30:00Z,PRM04,STIC,20210924-20220314,HS,21044189,75.3,5.347,25.7734697597,0,fair,NA
AIMS,2021-11-23T21:00:00Z,PRM04,STIC,20210924-20220314,HS,21044189,75.3,5.347,25.7734697597,0,fair,NA
AIMS,2021-11-23T21:30:00Z,PRM04,STIC,20210924-20220314,HS,21044189,75.3,5.347,25.7734697597,0,fair,NA
AIMS,2021-11-23T22:00:00Z,PRM04,STIC,20210924-20220314,HS,21044189,75.3,5.244,25.7734697597,0,fair,NA
AIMS,2021-11-23T22:30:00Z,PRM04,STIC,20210924-20220314,HS,21044189,64.6,5.244,25.716453215399998,0,fair,NA
AIMS,2021-11-23T23:00:00Z,PRM04,STIC,20210924-20220314,HS,21044189,64.6,5.244,25.716453215399998,0,fair,NA
AIMS,2021-11-23T23:30:00Z,PRM04,STIC,20210924-20220314,HS,21044189,64.6,5.141,25.716453215399998,0,fair,NA
AIMS,2021-11-24T00:00:00Z,PRM04,STIC,20210924-20220314,HS,21044189,64.6,5.037,25.716453215399998,0,fair,NA
AIMS,2021-11-24T00:30:00Z,PRM04,STIC,20210924-20220314,HS,21044189,64.6,4.831,25.716453215399998,0,fair,NA
AIMS,2021-11-24T01:00:00Z,PRM04,STIC,20210924-20220314,HS,21044189,53.8,4.519,25.658903806199998,0,fair,NA
AIMS,2021-11-24T01:30:00Z,PRM04,STIC,20210924-20220314,HS,21044189,53.8,4.311,25.658903806199998,0,fair,NA
AIMS,2021-11-24T02:00:00Z,PRM04,STIC,20210924-20220314,HS,21044189,53.8,3.998,25.658903806199998,0,fair,NA
AIMS,2021-11-24T02:30:00Z,PRM04,STIC,20210924-20220314,HS,21044189,53.8,3.788,25.658903806199998,0,fair,NA
AIMS,2021-11-24T03:00:00Z,PRM04,STIC,20210924-20220314,HS,21044189,43.1,3.578,25.6018872619,0,fair,NA
AIMS,2021-11-24T03:30:00Z,PRM04,STIC,20210924-20220314,HS,21044189,43.1,3.367,25.6018872619,0,fair,NA
AIMS,2021-11-24T04:00:00Z,PRM04,STIC,20210924-20220314,HS,21044189,43.1,3.261,25.6018872619,0,fair,NA
AIMS,2021-11-24T04:30:00Z,PRM04,STIC,20210924-20220314,HS,21044189,43.1,3.155,25.6018872619,0,fair,NA
AIMS,2021-11-24T05:00:00Z,PRM04,STIC,20210924-20220314,HS,21044189,43.1,2.943,25.6018872619,0,fair,NA
AIMS,2021-11-24T05:30:00Z,PRM04,STIC,20210924-20220314,HS,21044189,43.1,2.837,25.6018872619,0,fair,NA
AIMS,2021-11-24T06:00:00Z,PRM04,STIC,20210924-20220314,HS,21044189,43.1,2.517,25.6018872619,0,fair,NA
AIMS,2021-11-24T06:30:00Z,PRM04,STIC,20210924-20220314,HS,21044189,43.1,2.624,25.6018872619,0,fair,NA
AIMS,2021-11-24T07:00:00Z,PRM04,STIC,20210924-20220314,HS,21044189,43.1,2.303,25.6018872619,0,fair,NA
AIMS,2021-11-24T07:30:00Z,PRM04,STIC,20210924-20220314,HS,21044189,43.1,2.303,25.6018872619,0,fair,NA
AIMS,2021-11-24T08:00:00Z,PRM04,STIC,20210924-20220314,HS,21044189,43.1,2.195,25.6018872619,0,fair,NA
AIMS,2021-11-24T08:30:00Z,PRM04,STIC,20210924-20220314,HS,21044189,43.1,2.195,25.6018872619,0,fair,NA
AIMS,2021-11-24T09:00:00Z,PRM04,STIC,20210924-20220314,HS,21044189,43.1,2.088,25.6018872619,0,fair,NA
AIMS,2021-11-24T09:30:00Z,PRM04,STIC,20210924-20220314,HS,21044189,43.1,1.98,25.6018872619,0,fair,NA
AIMS,2021-11-24T10:00:00Z,PRM04,STIC,20210924-20220314,HS,21044189,43.1,1.872,25.6018872619,0,fair,NA
AIMS,2021-11-24T10:30:00Z,PRM04,STIC,20210924-20220314,HS,21044189,43.1,1.872,25.6018872619,0,fair,NA
AIMS,2021-11-24T11:00:00Z,PRM04,STIC,20210924-20220314,HS,21044189,43.1,1.656,25.6018872619,0,fair,NA
AIMS,2021-11-24T11:30:00Z,PRM04,STIC,20210924-20220314,HS,21044189,43.1,1.548,25.6018872619,0,fair,NA
AIMS,2021-11-24T12:00:00Z,PRM04,STIC,20210924-20220314,HS,21044189,43.1,1.548,25.6018872619,0,fair,NA
AIMS,2021-11-24T12:30:00Z,PRM04,STIC,20210924-20220314,HS,21044189,43.1,1.548,25.6018872619,0,fair,NA
AIMS,2021-11-24T13:00:00Z,PRM04,STIC,20210924-20220314,HS,21044189,43.1,1.548,25.6018872619,0,fair,NA
AIMS,2021-11-24T13:30:00Z,PRM04,STIC,20210924-20220314,HS,21044189,32.3,1.439,25.5443378527,0,fair,NA
AIMS,2021-11-24T14:00:00Z,PRM04,STIC,20210924-20220314,HS,21044189,32.3,1.33,25.5443378527,0,fair,NA
AIMS,2021-11-24T14:30:00Z,PRM04,STIC,20210924-20220314,HS,21044189,32.3,1.33,25.5443378527,0,fair,NA
AIMS,2021-11-24T15:00:00Z,PRM04,STIC,20210924-20220314,HS,21044189,43.1,1.548,25.6018872619,0,fair,NA
AIMS,2021-11-24T15:30:00Z,PRM04,STIC,20210924-20220314,HS,21044189,43.1,1.656,25.6018872619,0,fair,NA
AIMS,2021-11-24T16:00:00Z,PRM04,STIC,20210924-20220314,HS,21044189,43.1,1.872,25.6018872619,0,fair,NA
AIMS,2021-11-24T16:30:00Z,PRM04,STIC,20210924-20220314,HS,21044189,43.1,2.088,25.6018872619,0,fair,NA
AIMS,2021-11-24T17:00:00Z,PRM04,STIC,20210924-20220314,HS,21044189,43.1,2.41,25.6018872619,0,fair,NA
AIMS,2021-11-24T17:30:00Z,PRM04,STIC,20210924-20220314,HS,21044189,53.8,3.049,25.658903806199998,0,fair,NA
AIMS,2021-11-24T18:00:00Z,PRM04,STIC,20210924-20220314,HS,21044189,53.8,3.893,25.658903806199998,0,fair,NA
AIMS,2021-11-24T18:30:00Z,PRM04,STIC,20210924-20220314,HS,21044189,32.3,5.037,25.5443378527,0,fair,NA
AIMS,2021-11-24T19:00:00Z,PRM04,STIC,20210924-20220314,HS,21044189,43.1,5.244,25.6018872619,0,fair,NA
AIMS,2021-11-24T19:30:00Z,PRM04,STIC,20210924-20220314,HS,21044189,21.5,5.757,25.4867884435,0,fair,NA
AIMS,2021-11-24T20:00:00Z,PRM04,STIC,20210924-20220314,HS,21044189,0,6.166,25.37222249,0,fair,NA
AIMS,2021-11-24T20:30:00Z,PRM04,STIC,20210924-20220314,HS,21044189,0,6.674,25.37222249,0,fair,NA
AIMS,2021-11-24T21:00:00Z,PRM04,STIC,20210924-20220314,HS,21044189,0,6.775,25.37222249,0,fair,NA
AIMS,2021-11-24T21:30:00Z,PRM04,STIC,20210924-20220314,HS,21044189,0,6.775,25.37222249,0,fair,NA
AIMS,2021-11-24T22:00:00Z,PRM04,STIC,20210924-20220314,HS,21044189,0,6.877,25.37222249,0,fair,NA
AIMS,2021-11-24T22:30:00Z,PRM04,STIC,20210924-20220314,HS,21044189,0,6.775,25.37222249,0,fair,NA
AIMS,2021-11-24T23:00:00Z,PRM04,STIC,20210924-20220314,HS,21044189,0,6.674,25.37222249,0,fair,NA
AIMS,2021-11-24T23:30:00Z,PRM04,STIC,20210924-20220314,HS,21044189,0,6.471,25.37222249,0,fair,NA
AIMS,2021-11-25T00:00:00Z,PRM04,STIC,20210924-20220314,HS,21044189,0,6.37,25.37222249,0,fair,NA
AIMS,2021-11-25T00:30:00Z,PRM04,STIC,20210924-20220314,HS,21044189,0,6.166,25.37222249,0,fair,NA
AIMS,2021-11-25T01:00:00Z,PRM04,STIC,20210924-20220314,HS,21044189,0,6.064,25.37222249,0,fair,NA
AIMS,2021-11-25T01:30:00Z,PRM04,STIC,20210924-20220314,HS,21044189,0,5.86,25.37222249,0,fair,NA
AIMS,2021-11-25T02:00:00Z,PRM04,STIC,20210924-20220314,HS,21044189,0,5.757,25.37222249,0,fair,NA
AIMS,2021-11-25T02:30:00Z,PRM04,STIC,20210924-20220314,HS,21044189,0,5.552,25.37222249,0,fair,NA
AIMS,2021-11-25T03:00:00Z,PRM04,STIC,20210924-20220314,HS,21044189,0,5.347,25.37222249,0,fair,NA
AIMS,2021-11-25T03:30:00Z,PRM04,STIC,20210924-20220314,HS,21044189,0,5.244,25.37222249,0,fair,NA
AIMS,2021-11-25T04:00:00Z,PRM04,STIC,20210924-20220314,HS,21044189,0,5.141,25.37222249,0,fair,NA
AIMS,2021-11-25T04:30:00Z,PRM04,STIC,20210924-20220314,HS,21044189,0,5.037,25.37222249,0,fair,NA
AIMS,2021-11-25T05:00:00Z,PRM04,STIC,20210924-20220314,HS,21044189,0,4.831,25.37222249,0,fair,NA
AIMS,2021-11-25T05:30:00Z,PRM04,STIC,20210924-20220314,HS,21044189,0,4.727,25.37222249,0,fair,NA
AIMS,2021-11-25T06:00:00Z,PRM04,STIC,20210924-20220314,HS,21044189,0,4.623,25.37222249,0,fair,NA
AIMS,2021-11-25T06:30:00Z,PRM04,STIC,20210924-20220314,HS,21044189,0,4.519,25.37222249,0,fair,NA
AIMS,2021-11-25T07:00:00Z,PRM04,STIC,20210924-20220314,HS,21044189,0,4.415,25.37222249,0,fair,NA
AIMS,2021-11-25T07:30:00Z,PRM04,STIC,20210924-20220314,HS,21044189,0,4.207,25.37222249,0,fair,NA
AIMS,2021-11-25T08:00:00Z,PRM04,STIC,20210924-20220314,HS,21044189,0,4.102,25.37222249,0,fair,NA
AIMS,2021-11-25T08:30:00Z,PRM04,STIC,20210924-20220314,HS,21044189,0,3.998,25.37222249,0,fair,NA
AIMS,2021-11-25T09:00:00Z,PRM04,STIC,20210924-20220314,HS,21044189,0,3.893,25.37222249,0,fair,NA
AIMS,2021-11-25T09:30:00Z,PRM04,STIC,20210924-20220314,HS,21044189,0,3.788,25.37222249,0,fair,NA
AIMS,2021-11-25T10:00:00Z,PRM04,STIC,20210924-20220314,HS,21044189,0,3.683,25.37222249,0,fair,NA
AIMS,2021-11-25T10:30:00Z,PRM04,STIC,20210924-20220314,HS,21044189,0,3.578,25.37222249,0,fair,NA
AIMS,2021-11-25T11:00:00Z,PRM04,STIC,20210924-20220314,HS,21044189,0,3.683,25.37222249,0,fair,NA
AIMS,2021-11-25T11:30:00Z,PRM04,STIC,20210924-20220314,HS,21044189,0,3.472,25.37222249,0,fair,NA
AIMS,2021-11-25T12:00:00Z,PRM04,STIC,20210924-20220314,HS,21044189,0,3.261,25.37222249,0,fair,NA
AIMS,2021-11-25T12:30:00Z,PRM04,STIC,20210924-20220314,HS,21044189,0,3.261,25.37222249,0,fair,NA
AIMS,2021-11-25T13:00:00Z,PRM04,STIC,20210924-20220314,HS,21044189,0,3.261,25.37222249,0,fair,NA
AIMS,2021-11-25T13:30:00Z,PRM04,STIC,20210924-20220314,HS,21044189,0,3.155,25.37222249,0,fair,NA
AIMS,2021-11-25T14:00:00Z,PRM04,STIC,20210924-20220314,HS,21044189,0,3.155,25.37222249,0,fair,NA
AIMS,2021-11-25T14:30:00Z,PRM04,STIC,20210924-20220314,HS,21044189,0,3.261,25.37222249,0,fair,NA
AIMS,2021-11-25T15:00:00Z,PRM04,STIC,20210924-20220314,HS,21044189,0,3.367,25.37222249,0,fair,NA
AIMS,2021-11-25T15:30:00Z,PRM04,STIC,20210924-20220314,HS,21044189,0,3.578,25.37222249,0,fair,NA
AIMS,2021-11-25T16:00:00Z,PRM04,STIC,20210924-20220314,HS,21044189,0,3.893,25.37222249,0,fair,NA
AIMS,2021-11-25T16:30:00Z,PRM04,STIC,20210924-20220314,HS,21044189,0,4.207,25.37222249,0,fair,NA
AIMS,2021-11-25T17:00:00Z,PRM04,STIC,20210924-20220314,HS,21044189,10.8,4.934,25.4297718992,0,fair,NA
AIMS,2021-11-25T17:30:00Z,PRM04,STIC,20210924-20220314,HS,21044189,10.8,5.962,25.4297718992,0,fair,NA
AIMS,2021-11-25T18:00:00Z,PRM04,STIC,20210924-20220314,HS,21044189,10.8,6.978,25.4297718992,0,fair,NA
AIMS,2021-11-25T18:30:00Z,PRM04,STIC,20210924-20220314,HS,21044189,21.5,7.682,25.4867884435,0,fair,NA
AIMS,2021-11-25T19:00:00Z,PRM04,STIC,20210924-20220314,HS,21044189,21.5,8.382,25.4867884435,0,fair,NA
AIMS,2021-11-25T19:30:00Z,PRM04,STIC,20210924-20220314,HS,21044189,21.5,8.282,25.4867884435,0,fair,NA
AIMS,2021-11-25T20:00:00Z,PRM04,STIC,20210924-20220314,HS,21044189,21.5,8.182,25.4867884435,0,fair,NA
AIMS,2021-11-25T20:30:00Z,PRM04,STIC,20210924-20220314,HS,21044189,21.5,8.082,25.4867884435,0,fair,NA
AIMS,2021-11-25T21:00:00Z,PRM04,STIC,20210924-20220314,HS,21044189,21.5,8.182,25.4867884435,0,fair,NA
AIMS,2021-11-25T21:30:00Z,PRM04,STIC,20210924-20220314,HS,21044189,21.5,8.282,25.4867884435,0,fair,NA
AIMS,2021-11-25T22:00:00Z,PRM04,STIC,20210924-20220314,HS,21044189,21.5,8.382,25.4867884435,0,fair,NA
AIMS,2021-11-25T22:30:00Z,PRM04,STIC,20210924-20220314,HS,21044189,21.5,8.481,25.4867884435,0,fair,NA
AIMS,2021-11-25T23:00:00Z,PRM04,STIC,20210924-20220314,HS,21044189,21.5,8.481,25.4867884435,0,fair,NA
AIMS,2021-11-25T23:30:00Z,PRM04,STIC,20210924-20220314,HS,21044189,21.5,8.481,25.4867884435,0,fair,NA
AIMS,2021-11-26T00:00:00Z,PRM04,STIC,20210924-20220314,HS,21044189,21.5,8.481,25.4867884435,0,fair,NA
AIMS,2021-11-26T00:30:00Z,PRM04,STIC,20210924-20220314,HS,21044189,21.5,8.481,25.4867884435,0,fair,NA
AIMS,2021-11-26T01:00:00Z,PRM04,STIC,20210924-20220314,HS,21044189,21.5,8.481,25.4867884435,0,fair,NA
AIMS,2021-11-26T01:30:00Z,PRM04,STIC,20210924-20220314,HS,21044189,21.5,8.481,25.4867884435,0,fair,NA
AIMS,2021-11-26T02:00:00Z,PRM04,STIC,20210924-20220314,HS,21044189,21.5,8.581,25.4867884435,0,fair,NA
AIMS,2021-11-26T02:30:00Z,PRM04,STIC,20210924-20220314,HS,21044189,21.5,8.68,25.4867884435,0,fair,NA
AIMS,2021-11-26T03:00:00Z,PRM04,STIC,20210924-20220314,HS,21044189,21.5,8.779,25.4867884435,0,fair,NA
AIMS,2021-11-26T03:30:00Z,PRM04,STIC,20210924-20220314,HS,21044189,21.5,8.779,25.4867884435,0,fair,NA
AIMS,2021-11-26T04:00:00Z,PRM04,STIC,20210924-20220314,HS,21044189,21.5,8.779,25.4867884435,0,fair,NA
AIMS,2021-11-26T04:30:00Z,PRM04,STIC,20210924-20220314,HS,21044189,21.5,8.68,25.4867884435,0,fair,NA
AIMS,2021-11-26T05:00:00Z,PRM04,STIC,20210924-20220314,HS,21044189,21.5,8.581,25.4867884435,0,fair,NA
AIMS,2021-11-26T05:30:00Z,PRM04,STIC,20210924-20220314,HS,21044189,21.5,8.382,25.4867884435,0,fair,NA
AIMS,2021-11-26T06:00:00Z,PRM04,STIC,20210924-20220314,HS,21044189,10.8,8.082,25.4297718992,0,fair,NA
AIMS,2021-11-26T06:30:00Z,PRM04,STIC,20210924-20220314,HS,21044189,21.5,7.882,25.4867884435,0,fair,NA
AIMS,2021-11-26T07:00:00Z,PRM04,STIC,20210924-20220314,HS,21044189,21.5,7.682,25.4867884435,0,fair,NA
AIMS,2021-11-26T07:30:00Z,PRM04,STIC,20210924-20220314,HS,21044189,10.8,7.582,25.4297718992,0,fair,NA
AIMS,2021-11-26T08:00:00Z,PRM04,STIC,20210924-20220314,HS,21044189,21.5,7.381,25.4867884435,0,fair,NA
AIMS,2021-11-26T08:30:00Z,PRM04,STIC,20210924-20220314,HS,21044189,10.8,6.978,25.4297718992,0,fair,NA
AIMS,2021-11-26T09:00:00Z,PRM04,STIC,20210924-20220314,HS,21044189,0,6.775,25.37222249,0,fair,NA
AIMS,2021-11-26T09:30:00Z,PRM04,STIC,20210924-20220314,HS,21044189,0,6.37,25.37222249,0,fair,NA
AIMS,2021-11-26T10:00:00Z,PRM04,STIC,20210924-20220314,HS,21044189,0,6.166,25.37222249,0,fair,NA
AIMS,2021-11-26T10:30:00Z,PRM04,STIC,20210924-20220314,HS,21044189,0,5.86,25.37222249,0,fair,NA
AIMS,2021-11-26T11:00:00Z,PRM04,STIC,20210924-20220314,HS,21044189,10.8,5.962,25.4297718992,0,fair,NA
AIMS,2021-11-26T11:30:00Z,PRM04,STIC,20210924-20220314,HS,21044189,10.8,5.962,25.4297718992,0,fair,NA
AIMS,2021-11-26T12:00:00Z,PRM04,STIC,20210924-20220314,HS,21044189,10.8,5.655,25.4297718992,0,fair,NA
AIMS,2021-11-26T12:30:00Z,PRM04,STIC,20210924-20220314,HS,21044189,10.8,5.552,25.4297718992,0,fair,NA
AIMS,2021-11-26T13:00:00Z,PRM04,STIC,20210924-20220314,HS,21044189,10.8,5.45,25.4297718992,0,fair,NA
AIMS,2021-11-26T13:30:00Z,PRM04,STIC,20210924-20220314,HS,21044189,10.8,5.244,25.4297718992,0,fair,NA
AIMS,2021-11-26T14:00:00Z,PRM04,STIC,20210924-20220314,HS,21044189,10.8,5.141,25.4297718992,0,fair,NA
AIMS,2021-11-26T14:30:00Z,PRM04,STIC,20210924-20220314,HS,21044189,0,4.934,25.37222249,0,fair,NA
AIMS,2021-11-26T15:00:00Z,PRM04,STIC,20210924-20220314,HS,21044189,0,4.623,25.37222249,0,fair,NA
AIMS,2021-11-26T15:30:00Z,PRM04,STIC,20210924-20220314,HS,21044189,0,4.207,25.37222249,0,fair,NA
AIMS,2021-11-26T16:00:00Z,PRM04,STIC,20210924-20220314,HS,21044189,0,4.207,25.37222249,0,fair,NA
AIMS,2021-11-26T16:30:00Z,PRM04,STIC,20210924-20220314,HS,21044189,0,4.311,25.37222249,0,fair,NA
AIMS,2021-11-26T17:00:00Z,PRM04,STIC,20210924-20220314,HS,21044189,0,4.519,25.37222249,0,fair,NA
AIMS,2021-11-26T17:30:00Z,PRM04,STIC,20210924-20220314,HS,21044189,10.8,4.727,25.4297718992,0,fair,NA
AIMS,2021-11-26T18:00:00Z,PRM04,STIC,20210924-20220314,HS,21044189,10.8,4.727,25.4297718992,0,fair,NA
AIMS,2021-11-26T18:30:00Z,PRM04,STIC,20210924-20220314,HS,21044189,10.8,5.141,25.4297718992,0,fair,NA
AIMS,2021-11-26T19:00:00Z,PRM04,STIC,20210924-20220314,HS,21044189,10.8,5.347,25.4297718992,0,fair,NA
AIMS,2021-11-26T19:30:00Z,PRM04,STIC,20210924-20220314,HS,21044189,0,5.45,25.37222249,0,fair,NA
AIMS,2021-11-26T20:00:00Z,PRM04,STIC,20210924-20220314,HS,21044189,0,5.347,25.37222249,0,fair,NA
AIMS,2021-11-26T20:30:00Z,PRM04,STIC,20210924-20220314,HS,21044189,0,5.347,25.37222249,0,fair,NA
AIMS,2021-11-26T21:00:00Z,PRM04,STIC,20210924-20220314,HS,21044189,0,5.347,25.37222249,0,fair,NA
AIMS,2021-11-26T21:30:00Z,PRM04,STIC,20210924-20220314,HS,21044189,10.8,5.244,25.4297718992,0,fair,NA
AIMS,2021-11-26T22:00:00Z,PRM04,STIC,20210924-20220314,HS,21044189,0,5.141,25.37222249,0,fair,NA
AIMS,2021-11-26T22:30:00Z,PRM04,STIC,20210924-20220314,HS,21044189,10.8,5.141,25.4297718992,0,fair,NA
AIMS,2021-11-26T23:00:00Z,PRM04,STIC,20210924-20220314,HS,21044189,10.8,5.141,25.4297718992,0,fair,NA
AIMS,2021-11-26T23:30:00Z,PRM04,STIC,20210924-20220314,HS,21044189,10.8,5.037,25.4297718992,0,fair,NA
AIMS,2021-11-27T00:00:00Z,PRM04,STIC,20210924-20220314,HS,21044189,10.8,4.934,25.4297718992,0,fair,NA
AIMS,2021-11-27T00:30:00Z,PRM04,STIC,20210924-20220314,HS,21044189,10.8,4.831,25.4297718992,0,fair,NA
AIMS,2021-11-27T01:00:00Z,PRM04,STIC,20210924-20220314,HS,21044189,10.8,4.311,25.4297718992,0,fair,NA
AIMS,2021-11-27T01:30:00Z,PRM04,STIC,20210924-20220314,HS,21044189,10.8,4.102,25.4297718992,0,fair,NA
AIMS,2021-11-27T02:00:00Z,PRM04,STIC,20210924-20220314,HS,21044189,0,3.788,25.37222249,0,fair,NA
AIMS,2021-11-27T02:30:00Z,PRM04,STIC,20210924-20220314,HS,21044189,0,3.578,25.37222249,0,fair,NA
AIMS,2021-11-27T03:00:00Z,PRM04,STIC,20210924-20220314,HS,21044189,10.8,3.367,25.4297718992,0,fair,NA
AIMS,2021-11-27T03:30:00Z,PRM04,STIC,20210924-20220314,HS,21044189,0,3.155,25.37222249,0,fair,NA
AIMS,2021-11-27T04:00:00Z,PRM04,STIC,20210924-20220314,HS,21044189,0,3.049,25.37222249,0,fair,NA
AIMS,2021-11-27T04:30:00Z,PRM04,STIC,20210924-20220314,HS,21044189,0,2.943,25.37222249,0,fair,NA
AIMS,2021-11-27T05:00:00Z,PRM04,STIC,20210924-20220314,HS,21044189,0,2.837,25.37222249,0,fair,NA
AIMS,2021-11-27T05:30:00Z,PRM04,STIC,20210924-20220314,HS,21044189,0,2.624,25.37222249,0,fair,NA
AIMS,2021-11-27T06:00:00Z,PRM04,STIC,20210924-20220314,HS,21044189,0,2.517,25.37222249,0,fair,NA
AIMS,2021-11-27T06:30:00Z,PRM04,STIC,20210924-20220314,HS,21044189,0,2.41,25.37222249,0,fair,NA
AIMS,2021-11-27T07:00:00Z,PRM04,STIC,20210924-20220314,HS,21044189,0,2.303,25.37222249,0,fair,NA
AIMS,2021-11-27T07:30:00Z,PRM04,STIC,20210924-20220314,HS,21044189,0,2.303,25.37222249,0,fair,NA
AIMS,2021-11-27T08:00:00Z,PRM04,STIC,20210924-20220314,HS,21044189,0,2.088,25.37222249,0,fair,NA
AIMS,2021-11-27T08:30:00Z,PRM04,STIC,20210924-20220314,HS,21044189,0,1.98,25.37222249,0,fair,NA
AIMS,2021-11-27T09:00:00Z,PRM04,STIC,20210924-20220314,HS,21044189,0,1.98,25.37222249,0,fair,NA
AIMS,2021-11-27T09:30:00Z,PRM04,STIC,20210924-20220314,HS,21044189,0,1.872,25.37222249,0,fair,NA
AIMS,2021-11-27T10:00:00Z,PRM04,STIC,20210924-20220314,HS,21044189,0,1.764,25.37222249,0,fair,NA
AIMS,2021-11-27T10:30:00Z,PRM04,STIC,20210924-20220314,HS,21044189,0,1.656,25.37222249,0,fair,NA
AIMS,2021-11-27T11:00:00Z,PRM04,STIC,20210924-20220314,HS,21044189,0,1.764,25.37222249,0,fair,NA
AIMS,2021-11-27T11:30:00Z,PRM04,STIC,20210924-20220314,HS,21044189,0,1.548,25.37222249,0,fair,NA
AIMS,2021-11-27T12:00:00Z,PRM04,STIC,20210924-20220314,HS,21044189,0,1.656,25.37222249,0,fair,NA
AIMS,2021-11-27T12:30:00Z,PRM04,STIC,20210924-20220314,HS,21044189,0,1.548,25.37222249,0,fair,NA
AIMS,2021-11-27T13:00:00Z,PRM04,STIC,20210924-20220314,HS,21044189,0,1.439,25.37222249,0,fair,NA
AIMS,2021-11-27T13:30:00Z,PRM04,STIC,20210924-20220314,HS,21044189,0,1.439,25.37222249,0,fair,NA
AIMS,2021-11-27T14:00:00Z,PRM04,STIC,20210924-20220314,HS,21044189,0,1.221,25.37222249,0,fair,NA
AIMS,2021-11-27T14:30:00Z,PRM04,STIC,20210924-20220314,HS,21044189,0,1.221,25.37222249,0,fair,NA
AIMS,2021-11-27T15:00:00Z,PRM04,STIC,20210924-20220314,HS,21044189,0,1.221,25.37222249,0,fair,NA
AIMS,2021-11-27T15:30:00Z,PRM04,STIC,20210924-20220314,HS,21044189,0,1.548,25.37222249,0,fair,NA
AIMS,2021-11-27T16:00:00Z,PRM04,STIC,20210924-20220314,HS,21044189,0,1.764,25.37222249,0,fair,NA
AIMS,2021-11-27T16:30:00Z,PRM04,STIC,20210924-20220314,HS,21044189,0,1.98,25.37222249,0,fair,NA
AIMS,2021-11-27T17:00:00Z,PRM04,STIC,20210924-20220314,HS,21044189,10.8,2.303,25.4297718992,0,fair,NA
AIMS,2021-11-27T17:30:00Z,PRM04,STIC,20210924-20220314,HS,21044189,10.8,2.517,25.4297718992,0,fair,NA
AIMS,2021-11-27T18:00:00Z,PRM04,STIC,20210924-20220314,HS,21044189,10.8,2.943,25.4297718992,0,fair,NA
AIMS,2021-11-27T18:30:00Z,PRM04,STIC,20210924-20220314,HS,21044189,10.8,3.472,25.4297718992,0,fair,NA
AIMS,2021-11-27T19:00:00Z,PRM04,STIC,20210924-20220314,HS,21044189,10.8,3.893,25.4297718992,0,fair,NA
AIMS,2021-11-27T19:30:00Z,PRM04,STIC,20210924-20220314,HS,21044189,10.8,4.207,25.4297718992,0,fair,NA
AIMS,2021-11-27T20:00:00Z,PRM04,STIC,20210924-20220314,HS,21044189,21.5,4.415,25.4867884435,0,fair,NA
AIMS,2021-11-27T20:30:00Z,PRM04,STIC,20210924-20220314,HS,21044189,21.5,4.727,25.4867884435,0,fair,NA
AIMS,2021-11-27T21:00:00Z,PRM04,STIC,20210924-20220314,HS,21044189,21.5,4.831,25.4867884435,0,fair,NA
AIMS,2021-11-27T21:30:00Z,PRM04,STIC,20210924-20220314,HS,21044189,21.5,4.934,25.4867884435,0,fair,NA
AIMS,2021-11-27T22:00:00Z,PRM04,STIC,20210924-20220314,HS,21044189,21.5,5.141,25.4867884435,0,fair,NA
AIMS,2021-11-27T22:30:00Z,PRM04,STIC,20210924-20220314,HS,21044189,21.5,5.244,25.4867884435,0,fair,NA
AIMS,2021-11-27T23:00:00Z,PRM04,STIC,20210924-20220314,HS,21044189,21.5,5.244,25.4867884435,0,fair,NA
AIMS,2021-11-27T23:30:00Z,PRM04,STIC,20210924-20220314,HS,21044189,21.5,5.141,25.4867884435,0,fair,NA
AIMS,2021-11-28T00:00:00Z,PRM04,STIC,20210924-20220314,HS,21044189,21.5,5.037,25.4867884435,0,fair,NA
AIMS,2021-11-28T00:30:00Z,PRM04,STIC,20210924-20220314,HS,21044189,21.5,5.037,25.4867884435,0,fair,NA
AIMS,2021-11-28T01:00:00Z,PRM04,STIC,20210924-20220314,HS,21044189,21.5,4.934,25.4867884435,0,fair,NA
AIMS,2021-11-28T01:30:00Z,PRM04,STIC,20210924-20220314,HS,21044189,21.5,4.831,25.4867884435,0,fair,NA
AIMS,2021-11-28T02:00:00Z,PRM04,STIC,20210924-20220314,HS,21044189,21.5,4.727,25.4867884435,0,fair,NA
AIMS,2021-11-28T02:30:00Z,PRM04,STIC,20210924-20220314,HS,21044189,21.5,4.623,25.4867884435,0,fair,NA
AIMS,2021-11-28T03:00:00Z,PRM04,STIC,20210924-20220314,HS,21044189,21.5,4.519,25.4867884435,0,fair,NA
AIMS,2021-11-28T03:30:00Z,PRM04,STIC,20210924-20220314,HS,21044189,21.5,4.415,25.4867884435,0,fair,NA
AIMS,2021-11-28T04:00:00Z,PRM04,STIC,20210924-20220314,HS,21044189,21.5,4.311,25.4867884435,0,fair,NA
AIMS,2021-11-28T04:30:00Z,PRM04,STIC,20210924-20220314,HS,21044189,21.5,4.102,25.4867884435,0,fair,NA
AIMS,2021-11-28T05:00:00Z,PRM04,STIC,20210924-20220314,HS,21044189,10.8,3.998,25.4297718992,0,fair,NA
AIMS,2021-11-28T05:30:00Z,PRM04,STIC,20210924-20220314,HS,21044189,10.8,3.893,25.4297718992,0,fair,NA
AIMS,2021-11-28T06:00:00Z,PRM04,STIC,20210924-20220314,HS,21044189,10.8,3.788,25.4297718992,0,fair,NA
AIMS,2021-11-28T06:30:00Z,PRM04,STIC,20210924-20220314,HS,21044189,10.8,3.683,25.4297718992,0,fair,NA
AIMS,2021-11-28T07:00:00Z,PRM04,STIC,20210924-20220314,HS,21044189,10.8,3.367,25.4297718992,0,fair,NA
AIMS,2021-11-28T07:30:00Z,PRM04,STIC,20210924-20220314,HS,21044189,0,3.261,25.37222249,0,fair,NA
AIMS,2021-11-28T08:00:00Z,PRM04,STIC,20210924-20220314,HS,21044189,0,3.155,25.37222249,0,fair,NA
AIMS,2021-11-28T08:30:00Z,PRM04,STIC,20210924-20220314,HS,21044189,0,3.049,25.37222249,0,fair,NA
AIMS,2021-11-28T09:00:00Z,PRM04,STIC,20210924-20220314,HS,21044189,0,2.943,25.37222249,0,fair,NA
AIMS,2021-11-28T09:30:00Z,PRM04,STIC,20210924-20220314,HS,21044189,0,2.837,25.37222249,0,fair,NA
AIMS,2021-11-28T10:00:00Z,PRM04,STIC,20210924-20220314,HS,21044189,0,2.73,25.37222249,0,fair,NA
AIMS,2021-11-28T10:30:00Z,PRM04,STIC,20210924-20220314,HS,21044189,0,2.73,25.37222249,0,fair,NA
AIMS,2021-11-28T11:00:00Z,PRM04,STIC,20210924-20220314,HS,21044189,0,2.73,25.37222249,0,fair,NA
AIMS,2021-11-28T11:30:00Z,PRM04,STIC,20210924-20220314,HS,21044189,0,2.624,25.37222249,0,fair,NA
AIMS,2021-11-28T12:00:00Z,PRM04,STIC,20210924-20220314,HS,21044189,0,2.624,25.37222249,0,fair,NA
AIMS,2021-11-28T12:30:00Z,PRM04,STIC,20210924-20220314,HS,21044189,0,2.41,25.37222249,0,fair,NA
AIMS,2021-11-28T13:00:00Z,PRM04,STIC,20210924-20220314,HS,21044189,0,2.41,25.37222249,0,fair,NA
AIMS,2021-11-28T13:30:00Z,PRM04,STIC,20210924-20220314,HS,21044189,0,2.41,25.37222249,0,fair,NA
AIMS,2021-11-28T14:00:00Z,PRM04,STIC,20210924-20220314,HS,21044189,0,2.303,25.37222249,0,fair,NA
AIMS,2021-11-28T14:30:00Z,PRM04,STIC,20210924-20220314,HS,21044189,0,2.41,25.37222249,0,fair,NA
AIMS,2021-11-28T15:00:00Z,PRM04,STIC,20210924-20220314,HS,21044189,0,2.624,25.37222249,0,fair,NA
AIMS,2021-11-28T15:30:00Z,PRM04,STIC,20210924-20220314,HS,21044189,0,2.73,25.37222249,0,fair,NA
AIMS,2021-11-28T16:00:00Z,PRM04,STIC,20210924-20220314,HS,21044189,10.8,3.049,25.4297718992,0,fair,NA
AIMS,2021-11-28T16:30:00Z,PRM04,STIC,20210924-20220314,HS,21044189,10.8,3.367,25.4297718992,0,fair,NA
AIMS,2021-11-28T17:00:00Z,PRM04,STIC,20210924-20220314,HS,21044189,10.8,3.998,25.4297718992,0,fair,NA
AIMS,2021-11-28T17:30:00Z,PRM04,STIC,20210924-20220314,HS,21044189,10.8,4.519,25.4297718992,0,fair,NA
AIMS,2021-11-28T18:00:00Z,PRM04,STIC,20210924-20220314,HS,21044189,10.8,4.934,25.4297718992,0,fair,NA
AIMS,2021-11-28T18:30:00Z,PRM04,STIC,20210924-20220314,HS,21044189,21.5,5.655,25.4867884435,0,fair,NA
AIMS,2021-11-28T19:00:00Z,PRM04,STIC,20210924-20220314,HS,21044189,21.5,6.268,25.4867884435,0,fair,NA
AIMS,2021-11-28T19:30:00Z,PRM04,STIC,20210924-20220314,HS,21044189,21.5,6.471,25.4867884435,0,fair,NA
AIMS,2021-11-28T20:00:00Z,PRM04,STIC,20210924-20220314,HS,21044189,21.5,6.674,25.4867884435,0,fair,NA
AIMS,2021-11-28T20:30:00Z,PRM04,STIC,20210924-20220314,HS,21044189,21.5,6.877,25.4867884435,0,fair,NA
AIMS,2021-11-28T21:00:00Z,PRM04,STIC,20210924-20220314,HS,21044189,21.5,6.978,25.4867884435,0,fair,NA
AIMS,2021-11-28T21:30:00Z,PRM04,STIC,20210924-20220314,HS,21044189,21.5,7.079,25.4867884435,0,fair,NA
AIMS,2021-11-28T22:00:00Z,PRM04,STIC,20210924-20220314,HS,21044189,21.5,7.381,25.4867884435,0,fair,NA
AIMS,2021-11-28T22:30:00Z,PRM04,STIC,20210924-20220314,HS,21044189,21.5,7.28,25.4867884435,0,fair,NA
AIMS,2021-11-28T23:00:00Z,PRM04,STIC,20210924-20220314,HS,21044189,21.5,7.179,25.4867884435,0,fair,NA
AIMS,2021-11-28T23:30:00Z,PRM04,STIC,20210924-20220314,HS,21044189,21.5,6.978,25.4867884435,0,fair,NA
AIMS,2021-11-29T00:00:00Z,PRM04,STIC,20210924-20220314,HS,21044189,21.5,6.775,25.4867884435,0,fair,NA
AIMS,2021-11-29T00:30:00Z,PRM04,STIC,20210924-20220314,HS,21044189,21.5,6.573,25.4867884435,0,fair,NA
AIMS,2021-11-29T01:00:00Z,PRM04,STIC,20210924-20220314,HS,21044189,21.5,6.37,25.4867884435,0,fair,NA
AIMS,2021-11-29T01:30:00Z,PRM04,STIC,20210924-20220314,HS,21044189,21.5,6.166,25.4867884435,0,fair,NA
AIMS,2021-11-29T02:00:00Z,PRM04,STIC,20210924-20220314,HS,21044189,10.8,5.962,25.4297718992,0,fair,NA
AIMS,2021-11-29T02:30:00Z,PRM04,STIC,20210924-20220314,HS,21044189,10.8,5.655,25.4297718992,0,fair,NA
AIMS,2021-11-29T03:00:00Z,PRM04,STIC,20210924-20220314,HS,21044189,10.8,5.45,25.4297718992,0,fair,NA
AIMS,2021-11-29T03:30:00Z,PRM04,STIC,20210924-20220314,HS,21044189,10.8,5.244,25.4297718992,0,fair,NA
AIMS,2021-11-29T04:00:00Z,PRM04,STIC,20210924-20220314,HS,21044189,10.8,4.934,25.4297718992,0,fair,NA
AIMS,2021-11-29T04:30:00Z,PRM04,STIC,20210924-20220314,HS,21044189,10.8,4.727,25.4297718992,0,fair,NA
AIMS,2021-11-29T05:00:00Z,PRM04,STIC,20210924-20220314,HS,21044189,0,4.623,25.37222249,0,fair,NA
AIMS,2021-11-29T05:30:00Z,PRM04,STIC,20210924-20220314,HS,21044189,0,4.311,25.37222249,0,fair,NA
AIMS,2021-11-29T06:00:00Z,PRM04,STIC,20210924-20220314,HS,21044189,0,4.207,25.37222249,0,fair,NA
AIMS,2021-11-29T06:30:00Z,PRM04,STIC,20210924-20220314,HS,21044189,0,4.102,25.37222249,0,fair,NA
AIMS,2021-11-29T07:00:00Z,PRM04,STIC,20210924-20220314,HS,21044189,0,3.998,25.37222249,0,fair,NA
AIMS,2021-11-29T07:30:00Z,PRM04,STIC,20210924-20220314,HS,21044189,10.8,3.998,25.4297718992,0,fair,NA
AIMS,2021-11-29T08:00:00Z,PRM04,STIC,20210924-20220314,HS,21044189,10.8,4.102,25.4297718992,0,fair,NA
AIMS,2021-11-29T08:30:00Z,PRM04,STIC,20210924-20220314,HS,21044189,0,3.998,25.37222249,0,fair,NA
AIMS,2021-11-29T09:00:00Z,PRM04,STIC,20210924-20220314,HS,21044189,10.8,3.998,25.4297718992,0,fair,NA
AIMS,2021-11-29T09:30:00Z,PRM04,STIC,20210924-20220314,HS,21044189,0,3.788,25.37222249,0,fair,NA
AIMS,2021-11-29T10:00:00Z,PRM04,STIC,20210924-20220314,HS,21044189,0,3.578,25.37222249,0,fair,NA
AIMS,2021-11-29T10:30:00Z,PRM04,STIC,20210924-20220314,HS,21044189,0,3.155,25.37222249,0,fair,NA
AIMS,2021-11-29T11:00:00Z,PRM04,STIC,20210924-20220314,HS,21044189,0,3.155,25.37222249,0,fair,NA
AIMS,2021-11-29T11:30:00Z,PRM04,STIC,20210924-20220314,HS,21044189,0,3.049,25.37222249,0,fair,NA
AIMS,2021-11-29T12:00:00Z,PRM04,STIC,20210924-20220314,HS,21044189,0,2.943,25.37222249,0,fair,NA
AIMS,2021-11-29T12:30:00Z,PRM04,STIC,20210924-20220314,HS,21044189,0,2.624,25.37222249,0,fair,NA
AIMS,2021-11-29T13:00:00Z,PRM04,STIC,20210924-20220314,HS,21044189,0,2.41,25.37222249,0,fair,NA
AIMS,2021-11-29T13:30:00Z,PRM04,STIC,20210924-20220314,HS,21044189,0,2.41,25.37222249,0,fair,NA
AIMS,2021-11-29T14:00:00Z,PRM04,STIC,20210924-20220314,HS,21044189,0,2.195,25.37222249,0,fair,NA
AIMS,2021-11-29T14:30:00Z,PRM04,STIC,20210924-20220314,HS,21044189,0,1.98,25.37222249,0,fair,NA
AIMS,2021-11-29T15:00:00Z,PRM04,STIC,20210924-20220314,HS,21044189,0,2.195,25.37222249,0,fair,NA
AIMS,2021-11-29T15:30:00Z,PRM04,STIC,20210924-20220314,HS,21044189,0,2.41,25.37222249,0,fair,NA
AIMS,2021-11-29T16:00:00Z,PRM04,STIC,20210924-20220314,HS,21044189,0,2.73,25.37222249,0,fair,NA
AIMS,2021-11-29T16:30:00Z,PRM04,STIC,20210924-20220314,HS,21044189,0,2.943,25.37222249,0,fair,NA
AIMS,2021-11-29T17:00:00Z,PRM04,STIC,20210924-20220314,HS,21044189,0,2.943,25.37222249,0,fair,NA
AIMS,2021-11-29T17:30:00Z,PRM04,STIC,20210924-20220314,HS,21044189,0,3.155,25.37222249,0,fair,NA
AIMS,2021-11-29T18:00:00Z,PRM04,STIC,20210924-20220314,HS,21044189,0,3.472,25.37222249,0,fair,NA
AIMS,2021-11-29T18:30:00Z,PRM04,STIC,20210924-20220314,HS,21044189,0,3.998,25.37222249,0,fair,NA
AIMS,2021-11-29T19:00:00Z,PRM04,STIC,20210924-20220314,HS,21044189,0,4.311,25.37222249,0,fair,NA
AIMS,2021-11-29T19:30:00Z,PRM04,STIC,20210924-20220314,HS,21044189,0,4.519,25.37222249,0,fair,NA
AIMS,2021-11-29T20:00:00Z,PRM04,STIC,20210924-20220314,HS,21044189,0,4.727,25.37222249,0,fair,NA
AIMS,2021-11-29T20:30:00Z,PRM04,STIC,20210924-20220314,HS,21044189,0,4.831,25.37222249,0,fair,NA
AIMS,2021-11-29T21:00:00Z,PRM04,STIC,20210924-20220314,HS,21044189,0,4.934,25.37222249,0,fair,NA
AIMS,2021-11-29T21:30:00Z,PRM04,STIC,20210924-20220314,HS,21044189,0,4.934,25.37222249,0,fair,NA
AIMS,2021-11-29T22:00:00Z,PRM04,STIC,20210924-20220314,HS,21044189,0,4.831,25.37222249,0,fair,NA
AIMS,2021-11-29T22:30:00Z,PRM04,STIC,20210924-20220314,HS,21044189,0,4.831,25.37222249,0,fair,NA
AIMS,2021-11-29T23:00:00Z,PRM04,STIC,20210924-20220314,HS,21044189,0,4.831,25.37222249,0,fair,NA
AIMS,2021-11-29T23:30:00Z,PRM04,STIC,20210924-20220314,HS,21044189,0,4.727,25.37222249,0,fair,NA
AIMS,2021-11-30T00:00:00Z,PRM04,STIC,20210924-20220314,HS,21044189,0,4.623,25.37222249,0,fair,NA
AIMS,2021-11-30T00:30:00Z,PRM04,STIC,20210924-20220314,HS,21044189,0,4.415,25.37222249,0,fair,NA
AIMS,2021-11-30T01:00:00Z,PRM04,STIC,20210924-20220314,HS,21044189,0,4.207,25.37222249,0,fair,NA
AIMS,2021-11-30T01:30:00Z,PRM04,STIC,20210924-20220314,HS,21044189,0,3.998,25.37222249,0,fair,NA
AIMS,2021-11-30T02:00:00Z,PRM04,STIC,20210924-20220314,HS,21044189,0,3.683,25.37222249,0,fair,NA
AIMS,2021-11-30T02:30:00Z,PRM04,STIC,20210924-20220314,HS,21044189,0,3.578,25.37222249,0,fair,NA
AIMS,2021-11-30T03:00:00Z,PRM04,STIC,20210924-20220314,HS,21044189,0,3.367,25.37222249,0,fair,NA
AIMS,2021-11-30T03:30:00Z,PRM04,STIC,20210924-20220314,HS,21044189,0,3.155,25.37222249,0,fair,NA
AIMS,2021-11-30T04:00:00Z,PRM04,STIC,20210924-20220314,HS,21044189,0,2.943,25.37222249,0,fair,NA
AIMS,2021-11-30T04:30:00Z,PRM04,STIC,20210924-20220314,HS,21044189,0,2.837,25.37222249,0,fair,NA
AIMS,2021-11-30T05:00:00Z,PRM04,STIC,20210924-20220314,HS,21044189,0,2.73,25.37222249,0,fair,NA
AIMS,2021-11-30T05:30:00Z,PRM04,STIC,20210924-20220314,HS,21044189,0,2.624,25.37222249,0,fair,NA
AIMS,2021-11-30T06:00:00Z,PRM04,STIC,20210924-20220314,HS,21044189,0,2.517,25.37222249,0,fair,NA
AIMS,2021-11-30T06:30:00Z,PRM04,STIC,20210924-20220314,HS,21044189,0,2.41,25.37222249,0,fair,NA
AIMS,2021-11-30T07:00:00Z,PRM04,STIC,20210924-20220314,HS,21044189,0,2.303,25.37222249,0,fair,NA
AIMS,2021-11-30T07:30:00Z,PRM04,STIC,20210924-20220314,HS,21044189,0,2.195,25.37222249,0,fair,NA
AIMS,2021-11-30T08:00:00Z,PRM04,STIC,20210924-20220314,HS,21044189,0,2.088,25.37222249,0,fair,NA
AIMS,2021-11-30T08:30:00Z,PRM04,STIC,20210924-20220314,HS,21044189,0,1.98,25.37222249,0,fair,NA
AIMS,2021-11-30T09:00:00Z,PRM04,STIC,20210924-20220314,HS,21044189,0,1.98,25.37222249,0,fair,NA
AIMS,2021-11-30T09:30:00Z,PRM04,STIC,20210924-20220314,HS,21044189,0,1.872,25.37222249,0,fair,NA
AIMS,2021-11-30T10:00:00Z,PRM04,STIC,20210924-20220314,HS,21044189,0,1.764,25.37222249,0,fair,NA
AIMS,2021-11-30T10:30:00Z,PRM04,STIC,20210924-20220314,HS,21044189,0,1.764,25.37222249,0,fair,NA
AIMS,2021-11-30T11:00:00Z,PRM04,STIC,20210924-20220314,HS,21044189,0,1.548,25.37222249,0,fair,NA
AIMS,2021-11-30T11:30:00Z,PRM04,STIC,20210924-20220314,HS,21044189,0,1.548,25.37222249,0,fair,NA
AIMS,2021-11-30T12:00:00Z,PRM04,STIC,20210924-20220314,HS,21044189,0,1.548,25.37222249,0,fair,NA
AIMS,2021-11-30T12:30:00Z,PRM04,STIC,20210924-20220314,HS,21044189,0,1.439,25.37222249,0,fair,NA
AIMS,2021-11-30T13:00:00Z,PRM04,STIC,20210924-20220314,HS,21044189,0,1.439,25.37222249,0,fair,NA
AIMS,2021-11-30T13:30:00Z,PRM04,STIC,20210924-20220314,HS,21044189,0,1.33,25.37222249,0,fair,NA
AIMS,2021-11-30T14:00:00Z,PRM04,STIC,20210924-20220314,HS,21044189,0,1.439,25.37222249,0,fair,NA
AIMS,2021-11-30T14:30:00Z,PRM04,STIC,20210924-20220314,HS,21044189,0,1.33,25.37222249,0,fair,NA
AIMS,2021-11-30T15:00:00Z,PRM04,STIC,20210924-20220314,HS,21044189,0,1.548,25.37222249,0,fair,NA
AIMS,2021-11-30T15:30:00Z,PRM04,STIC,20210924-20220314,HS,21044189,0,1.764,25.37222249,0,fair,NA
AIMS,2021-11-30T16:00:00Z,PRM04,STIC,20210924-20220314,HS,21044189,0,2.088,25.37222249,0,fair,NA
AIMS,2021-11-30T16:30:00Z,PRM04,STIC,20210924-20220314,HS,21044189,0,2.41,25.37222249,0,fair,NA
AIMS,2021-11-30T17:00:00Z,PRM04,STIC,20210924-20220314,HS,21044189,0,2.73,25.37222249,0,fair,NA
AIMS,2021-11-30T17:30:00Z,PRM04,STIC,20210924-20220314,HS,21044189,0,3.155,25.37222249,0,fair,NA
AIMS,2021-11-30T18:00:00Z,PRM04,STIC,20210924-20220314,HS,21044189,0,3.788,25.37222249,0,fair,NA
AIMS,2021-11-30T18:30:00Z,PRM04,STIC,20210924-20220314,HS,21044189,0,4.623,25.37222249,0,fair,NA
AIMS,2021-11-30T19:00:00Z,PRM04,STIC,20210924-20220314,HS,21044189,0,5.141,25.37222249,0,fair,NA
AIMS,2021-11-30T19:30:00Z,PRM04,STIC,20210924-20220314,HS,21044189,0,5.552,25.37222249,0,fair,NA
AIMS,2021-11-30T20:00:00Z,PRM04,STIC,20210924-20220314,HS,21044189,0,5.962,25.37222249,0,fair,NA
AIMS,2021-11-30T20:30:00Z,PRM04,STIC,20210924-20220314,HS,21044189,0,6.268,25.37222249,0,fair,NA
AIMS,2021-11-30T21:00:00Z,PRM04,STIC,20210924-20220314,HS,21044189,0,6.37,25.37222249,0,fair,NA
AIMS,2021-11-30T21:30:00Z,PRM04,STIC,20210924-20220314,HS,21044189,0,6.471,25.37222249,0,fair,NA
AIMS,2021-11-30T22:00:00Z,PRM04,STIC,20210924-20220314,HS,21044189,0,6.471,25.37222249,0,fair,NA
AIMS,2021-11-30T22:30:00Z,PRM04,STIC,20210924-20220314,HS,21044189,0,6.471,25.37222249,0,fair,NA
AIMS,2021-11-30T23:00:00Z,PRM04,STIC,20210924-20220314,HS,21044189,0,6.37,25.37222249,0,fair,NA
AIMS,2021-11-30T23:30:00Z,PRM04,STIC,20210924-20220314,HS,21044189,0,6.268,25.37222249,0,fair,NA
AIMS,2021-12-01T00:00:00Z,PRM04,STIC,20210924-20220314,HS,21044189,0,6.166,25.37222249,0,fair,NA
AIMS,2021-12-01T00:30:00Z,PRM04,STIC,20210924-20220314,HS,21044189,0,6.064,25.37222249,0,fair,NA
AIMS,2021-12-01T01:00:00Z,PRM04,STIC,20210924-20220314,HS,21044189,0,5.962,25.37222249,0,fair,NA
AIMS,2021-12-01T01:30:00Z,PRM04,STIC,20210924-20220314,HS,21044189,0,5.86,25.37222249,0,fair,NA
AIMS,2021-12-01T02:00:00Z,PRM04,STIC,20210924-20220314,HS,21044189,0,5.757,25.37222249,0,fair,NA
AIMS,2021-12-01T02:30:00Z,PRM04,STIC,20210924-20220314,HS,21044189,0,5.655,25.37222249,0,fair,NA
AIMS,2021-12-01T03:00:00Z,PRM04,STIC,20210924-20220314,HS,21044189,0,5.45,25.37222249,0,fair,NA
AIMS,2021-12-01T03:30:00Z,PRM04,STIC,20210924-20220314,HS,21044189,0,5.45,25.37222249,0,fair,NA
AIMS,2021-12-01T04:00:00Z,PRM04,STIC,20210924-20220314,HS,21044189,0,5.244,25.37222249,0,fair,NA
AIMS,2021-12-01T04:30:00Z,PRM04,STIC,20210924-20220314,HS,21044189,0,5.141,25.37222249,0,fair,NA
AIMS,2021-12-01T05:00:00Z,PRM04,STIC,20210924-20220314,HS,21044189,0,5.037,25.37222249,0,fair,NA
AIMS,2021-12-01T05:30:00Z,PRM04,STIC,20210924-20220314,HS,21044189,0,4.934,25.37222249,0,fair,NA
AIMS,2021-12-01T06:00:00Z,PRM04,STIC,20210924-20220314,HS,21044189,0,4.831,25.37222249,0,fair,NA
AIMS,2021-12-01T06:30:00Z,PRM04,STIC,20210924-20220314,HS,21044189,0,4.727,25.37222249,0,fair,NA
AIMS,2021-12-01T07:00:00Z,PRM04,STIC,20210924-20220314,HS,21044189,0,4.623,25.37222249,0,fair,NA
AIMS,2021-12-01T07:30:00Z,PRM04,STIC,20210924-20220314,HS,21044189,0,4.519,25.37222249,0,fair,NA
AIMS,2021-12-01T08:00:00Z,PRM04,STIC,20210924-20220314,HS,21044189,0,4.415,25.37222249,0,fair,NA
AIMS,2021-12-01T08:30:00Z,PRM04,STIC,20210924-20220314,HS,21044189,0,4.311,25.37222249,0,fair,NA
AIMS,2021-12-01T09:00:00Z,PRM04,STIC,20210924-20220314,HS,21044189,0,4.311,25.37222249,0,fair,NA
AIMS,2021-12-01T09:30:00Z,PRM04,STIC,20210924-20220314,HS,21044189,0,4.207,25.37222249,0,fair,NA
AIMS,2021-12-01T10:00:00Z,PRM04,STIC,20210924-20220314,HS,21044189,0,4.102,25.37222249,0,fair,NA
AIMS,2021-12-01T10:30:00Z,PRM04,STIC,20210924-20220314,HS,21044189,0,3.893,25.37222249,0,fair,NA
AIMS,2021-12-01T11:00:00Z,PRM04,STIC,20210924-20220314,HS,21044189,0,3.893,25.37222249,0,fair,NA
AIMS,2021-12-01T11:30:00Z,PRM04,STIC,20210924-20220314,HS,21044189,0,3.788,25.37222249,0,fair,NA
AIMS,2021-12-01T12:00:00Z,PRM04,STIC,20210924-20220314,HS,21044189,0,3.683,25.37222249,0,fair,NA
AIMS,2021-12-01T12:30:00Z,PRM04,STIC,20210924-20220314,HS,21044189,0,3.578,25.37222249,0,fair,NA
AIMS,2021-12-01T13:00:00Z,PRM04,STIC,20210924-20220314,HS,21044189,0,3.472,25.37222249,0,fair,NA
AIMS,2021-12-01T13:30:00Z,PRM04,STIC,20210924-20220314,HS,21044189,0,3.367,25.37222249,0,fair,NA
AIMS,2021-12-01T14:00:00Z,PRM04,STIC,20210924-20220314,HS,21044189,0,3.367,25.37222249,0,fair,NA
AIMS,2021-12-01T14:30:00Z,PRM04,STIC,20210924-20220314,HS,21044189,0,3.367,25.37222249,0,fair,NA
AIMS,2021-12-01T15:00:00Z,PRM04,STIC,20210924-20220314,HS,21044189,0,3.367,25.37222249,0,fair,NA
AIMS,2021-12-01T15:30:00Z,PRM04,STIC,20210924-20220314,HS,21044189,0,3.683,25.37222249,0,fair,NA
AIMS,2021-12-01T16:00:00Z,PRM04,STIC,20210924-20220314,HS,21044189,0,3.893,25.37222249,0,fair,NA
AIMS,2021-12-01T16:30:00Z,PRM04,STIC,20210924-20220314,HS,21044189,0,4.311,25.37222249,0,fair,NA
AIMS,2021-12-01T17:00:00Z,PRM04,STIC,20210924-20220314,HS,21044189,0,4.934,25.37222249,0,fair,NA
AIMS,2021-12-01T17:30:00Z,PRM04,STIC,20210924-20220314,HS,21044189,0,5.757,25.37222249,0,fair,NA
AIMS,2021-12-01T18:00:00Z,PRM04,STIC,20210924-20220314,HS,21044189,10.8,6.674,25.4297718992,0,fair,NA
AIMS,2021-12-01T18:30:00Z,PRM04,STIC,20210924-20220314,HS,21044189,10.8,7.882,25.4297718992,0,fair,NA
AIMS,2021-12-01T19:00:00Z,PRM04,STIC,20210924-20220314,HS,21044189,10.8,8.382,25.4297718992,0,fair,NA
AIMS,2021-12-01T19:30:00Z,PRM04,STIC,20210924-20220314,HS,21044189,0,8.68,25.37222249,0,fair,NA
AIMS,2021-12-01T20:00:00Z,PRM04,STIC,20210924-20220314,HS,21044189,0,8.879,25.37222249,0,fair,NA
AIMS,2021-12-01T20:30:00Z,PRM04,STIC,20210924-20220314,HS,21044189,0,9.275,25.37222249,0,fair,NA
AIMS,2021-12-01T21:00:00Z,PRM04,STIC,20210924-20220314,HS,21044189,0,9.571,25.37222249,0,fair,NA
AIMS,2021-12-01T21:30:00Z,PRM04,STIC,20210924-20220314,HS,21044189,0,9.768,25.37222249,0,fair,NA
AIMS,2021-12-01T22:00:00Z,PRM04,STIC,20210924-20220314,HS,21044189,0,9.768,25.37222249,0,fair,NA
AIMS,2021-12-01T22:30:00Z,PRM04,STIC,20210924-20220314,HS,21044189,0,9.472,25.37222249,0,fair,NA
AIMS,2021-12-01T23:00:00Z,PRM04,STIC,20210924-20220314,HS,21044189,0,9.275,25.37222249,0,fair,NA
AIMS,2021-12-01T23:30:00Z,PRM04,STIC,20210924-20220314,HS,21044189,0,9.077,25.37222249,0,fair,NA
AIMS,2021-12-02T00:00:00Z,PRM04,STIC,20210924-20220314,HS,21044189,0,8.68,25.37222249,0,fair,NA
AIMS,2021-12-02T00:30:00Z,PRM04,STIC,20210924-20220314,HS,21044189,0,8.382,25.37222249,0,fair,NA
AIMS,2021-12-02T01:00:00Z,PRM04,STIC,20210924-20220314,HS,21044189,0,8.282,25.37222249,0,fair,NA
AIMS,2021-12-02T01:30:00Z,PRM04,STIC,20210924-20220314,HS,21044189,0,8.282,25.37222249,0,fair,NA
AIMS,2021-12-02T02:00:00Z,PRM04,STIC,20210924-20220314,HS,21044189,0,8.282,25.37222249,0,fair,NA
AIMS,2021-12-02T02:30:00Z,PRM04,STIC,20210924-20220314,HS,21044189,0,8.282,25.37222249,0,fair,NA
AIMS,2021-12-02T03:00:00Z,PRM04,STIC,20210924-20220314,HS,21044189,0,8.282,25.37222249,0,fair,NA
AIMS,2021-12-02T03:30:00Z,PRM04,STIC,20210924-20220314,HS,21044189,0,8.182,25.37222249,0,fair,NA
AIMS,2021-12-02T04:00:00Z,PRM04,STIC,20210924-20220314,HS,21044189,0,8.082,25.37222249,0,fair,NA
AIMS,2021-12-02T04:30:00Z,PRM04,STIC,20210924-20220314,HS,21044189,0,8.082,25.37222249,0,fair,NA
AIMS,2021-12-02T05:00:00Z,PRM04,STIC,20210924-20220314,HS,21044189,0,8.082,25.37222249,0,fair,NA
AIMS,2021-12-02T05:30:00Z,PRM04,STIC,20210924-20220314,HS,21044189,0,7.983,25.37222249,0,fair,NA
AIMS,2021-12-02T06:00:00Z,PRM04,STIC,20210924-20220314,HS,21044189,0,7.782,25.37222249,0,fair,NA
AIMS,2021-12-02T06:30:00Z,PRM04,STIC,20210924-20220314,HS,21044189,0,7.682,25.37222249,0,fair,NA
AIMS,2021-12-02T07:00:00Z,PRM04,STIC,20210924-20220314,HS,21044189,0,7.582,25.37222249,0,fair,NA
AIMS,2021-12-02T07:30:00Z,PRM04,STIC,20210924-20220314,HS,21044189,0,7.582,25.37222249,0,fair,NA
AIMS,2021-12-02T08:00:00Z,PRM04,STIC,20210924-20220314,HS,21044189,0,7.582,25.37222249,0,fair,NA
AIMS,2021-12-02T08:30:00Z,PRM04,STIC,20210924-20220314,HS,21044189,0,7.481,25.37222249,0,fair,NA
AIMS,2021-12-02T09:00:00Z,PRM04,STIC,20210924-20220314,HS,21044189,0,7.481,25.37222249,0,fair,NA
AIMS,2021-12-02T09:30:00Z,PRM04,STIC,20210924-20220314,HS,21044189,0,7.481,25.37222249,0,fair,NA
AIMS,2021-12-02T10:00:00Z,PRM04,STIC,20210924-20220314,HS,21044189,0,7.381,25.37222249,0,fair,NA
AIMS,2021-12-02T10:30:00Z,PRM04,STIC,20210924-20220314,HS,21044189,0,7.381,25.37222249,0,fair,NA
AIMS,2021-12-02T11:00:00Z,PRM04,STIC,20210924-20220314,HS,21044189,0,7.381,25.37222249,0,fair,NA
AIMS,2021-12-02T11:30:00Z,PRM04,STIC,20210924-20220314,HS,21044189,0,7.381,25.37222249,0,fair,NA
AIMS,2021-12-02T12:00:00Z,PRM04,STIC,20210924-20220314,HS,21044189,0,7.179,25.37222249,0,fair,NA
AIMS,2021-12-02T12:30:00Z,PRM04,STIC,20210924-20220314,HS,21044189,0,7.079,25.37222249,0,fair,NA
AIMS,2021-12-02T13:00:00Z,PRM04,STIC,20210924-20220314,HS,21044189,0,6.978,25.37222249,0,fair,NA
AIMS,2021-12-02T13:30:00Z,PRM04,STIC,20210924-20220314,HS,21044189,0,6.775,25.37222249,0,fair,NA
AIMS,2021-12-02T14:00:00Z,PRM04,STIC,20210924-20220314,HS,21044189,0,6.674,25.37222249,0,fair,NA
AIMS,2021-12-02T14:30:00Z,PRM04,STIC,20210924-20220314,HS,21044189,0,6.674,25.37222249,0,fair,NA
AIMS,2021-12-02T15:00:00Z,PRM04,STIC,20210924-20220314,HS,21044189,0,6.674,25.37222249,0,fair,NA
AIMS,2021-12-02T15:30:00Z,PRM04,STIC,20210924-20220314,HS,21044189,0,6.775,25.37222249,0,fair,NA
AIMS,2021-12-02T16:00:00Z,PRM04,STIC,20210924-20220314,HS,21044189,0,6.877,25.37222249,0,fair,NA
AIMS,2021-12-02T16:30:00Z,PRM04,STIC,20210924-20220314,HS,21044189,10.8,7.079,25.4297718992,0,fair,NA
AIMS,2021-12-02T17:00:00Z,PRM04,STIC,20210924-20220314,HS,21044189,10.8,7.28,25.4297718992,0,fair,NA
AIMS,2021-12-02T17:30:00Z,PRM04,STIC,20210924-20220314,HS,21044189,10.8,7.582,25.4297718992,0,fair,NA
AIMS,2021-12-02T18:00:00Z,PRM04,STIC,20210924-20220314,HS,21044189,10.8,7.983,25.4297718992,0,fair,NA
AIMS,2021-12-02T18:30:00Z,PRM04,STIC,20210924-20220314,HS,21044189,10.8,8.68,25.4297718992,0,fair,NA
AIMS,2021-12-02T19:00:00Z,PRM04,STIC,20210924-20220314,HS,21044189,10.8,9.373,25.4297718992,0,fair,NA
AIMS,2021-12-02T19:30:00Z,PRM04,STIC,20210924-20220314,HS,21044189,10.8,9.768,25.4297718992,0,fair,NA
AIMS,2021-12-02T20:00:00Z,PRM04,STIC,20210924-20220314,HS,21044189,10.8,10.063,25.4297718992,0,fair,NA
AIMS,2021-12-02T20:30:00Z,PRM04,STIC,20210924-20220314,HS,21044189,10.8,10.259,25.4297718992,0,fair,NA
AIMS,2021-12-02T21:00:00Z,PRM04,STIC,20210924-20220314,HS,21044189,10.8,10.259,25.4297718992,0,fair,NA
AIMS,2021-12-02T21:30:00Z,PRM04,STIC,20210924-20220314,HS,21044189,0,10.259,25.37222249,0,fair,NA
AIMS,2021-12-02T22:00:00Z,PRM04,STIC,20210924-20220314,HS,21044189,0,10.161,25.37222249,0,fair,NA
AIMS,2021-12-02T22:30:00Z,PRM04,STIC,20210924-20220314,HS,21044189,0,9.965,25.37222249,0,fair,NA
AIMS,2021-12-02T23:00:00Z,PRM04,STIC,20210924-20220314,HS,21044189,0,9.768,25.37222249,0,fair,NA
AIMS,2021-12-02T23:30:00Z,PRM04,STIC,20210924-20220314,HS,21044189,0,9.571,25.37222249,0,fair,NA
AIMS,2021-12-03T00:00:00Z,PRM04,STIC,20210924-20220314,HS,21044189,0,9.472,25.37222249,0,fair,NA
AIMS,2021-12-03T00:30:00Z,PRM04,STIC,20210924-20220314,HS,21044189,0,9.275,25.37222249,0,fair,NA
AIMS,2021-12-03T01:00:00Z,PRM04,STIC,20210924-20220314,HS,21044189,0,9.077,25.37222249,0,fair,NA
AIMS,2021-12-03T01:30:00Z,PRM04,STIC,20210924-20220314,HS,21044189,0,8.879,25.37222249,0,fair,NA
AIMS,2021-12-03T02:00:00Z,PRM04,STIC,20210924-20220314,HS,21044189,0,8.779,25.37222249,0,fair,NA
AIMS,2021-12-03T02:30:00Z,PRM04,STIC,20210924-20220314,HS,21044189,0,8.581,25.37222249,0,fair,NA
AIMS,2021-12-03T03:00:00Z,PRM04,STIC,20210924-20220314,HS,21044189,0,8.481,25.37222249,0,fair,NA
AIMS,2021-12-03T03:30:00Z,PRM04,STIC,20210924-20220314,HS,21044189,0,8.282,25.37222249,0,fair,NA
AIMS,2021-12-03T04:00:00Z,PRM04,STIC,20210924-20220314,HS,21044189,0,8.082,25.37222249,0,fair,NA
AIMS,2021-12-03T04:30:00Z,PRM04,STIC,20210924-20220314,HS,21044189,0,7.983,25.37222249,0,fair,NA
AIMS,2021-12-03T05:00:00Z,PRM04,STIC,20210924-20220314,HS,21044189,0,7.882,25.37222249,0,fair,NA
AIMS,2021-12-03T05:30:00Z,PRM04,STIC,20210924-20220314,HS,21044189,0,7.682,25.37222249,0,fair,NA
AIMS,2021-12-03T06:00:00Z,PRM04,STIC,20210924-20220314,HS,21044189,0,7.582,25.37222249,0,fair,NA
AIMS,2021-12-03T06:30:00Z,PRM04,STIC,20210924-20220314,HS,21044189,0,7.481,25.37222249,0,fair,NA
AIMS,2021-12-03T07:00:00Z,PRM04,STIC,20210924-20220314,HS,21044189,0,7.28,25.37222249,0,fair,NA
AIMS,2021-12-03T07:30:00Z,PRM04,STIC,20210924-20220314,HS,21044189,0,7.179,25.37222249,0,fair,NA
AIMS,2021-12-03T08:00:00Z,PRM04,STIC,20210924-20220314,HS,21044189,0,6.978,25.37222249,0,fair,NA
AIMS,2021-12-03T08:30:00Z,PRM04,STIC,20210924-20220314,HS,21044189,0,6.877,25.37222249,0,fair,NA
AIMS,2021-12-03T09:00:00Z,PRM04,STIC,20210924-20220314,HS,21044189,0,6.775,25.37222249,0,fair,NA
AIMS,2021-12-03T09:30:00Z,PRM04,STIC,20210924-20220314,HS,21044189,0,6.573,25.37222249,0,fair,NA
AIMS,2021-12-03T10:00:00Z,PRM04,STIC,20210924-20220314,HS,21044189,0,6.471,25.37222249,0,fair,NA
AIMS,2021-12-03T10:30:00Z,PRM04,STIC,20210924-20220314,HS,21044189,10.8,6.37,25.4297718992,0,fair,NA
AIMS,2021-12-03T11:00:00Z,PRM04,STIC,20210924-20220314,HS,21044189,10.8,6.268,25.4297718992,0,fair,NA
AIMS,2021-12-03T11:30:00Z,PRM04,STIC,20210924-20220314,HS,21044189,0,6.166,25.37222249,0,fair,NA
AIMS,2021-12-03T12:00:00Z,PRM04,STIC,20210924-20220314,HS,21044189,0,5.962,25.37222249,0,fair,NA
AIMS,2021-12-03T12:30:00Z,PRM04,STIC,20210924-20220314,HS,21044189,0,5.86,25.37222249,0,fair,NA
AIMS,2021-12-03T13:00:00Z,PRM04,STIC,20210924-20220314,HS,21044189,0,5.757,25.37222249,0,fair,NA
AIMS,2021-12-03T13:30:00Z,PRM04,STIC,20210924-20220314,HS,21044189,0,5.655,25.37222249,0,fair,NA
AIMS,2021-12-03T14:00:00Z,PRM04,STIC,20210924-20220314,HS,21044189,0,5.552,25.37222249,0,fair,NA
AIMS,2021-12-03T14:30:00Z,PRM04,STIC,20210924-20220314,HS,21044189,0,5.552,25.37222249,0,fair,NA
AIMS,2021-12-03T15:00:00Z,PRM04,STIC,20210924-20220314,HS,21044189,0,5.552,25.37222249,0,fair,NA
AIMS,2021-12-03T15:30:00Z,PRM04,STIC,20210924-20220314,HS,21044189,10.8,5.757,25.4297718992,0,fair,NA
AIMS,2021-12-03T16:00:00Z,PRM04,STIC,20210924-20220314,HS,21044189,10.8,5.962,25.4297718992,0,fair,NA
AIMS,2021-12-03T16:30:00Z,PRM04,STIC,20210924-20220314,HS,21044189,10.8,6.166,25.4297718992,0,fair,NA
AIMS,2021-12-03T17:00:00Z,PRM04,STIC,20210924-20220314,HS,21044189,10.8,6.471,25.4297718992,0,fair,NA
AIMS,2021-12-03T17:30:00Z,PRM04,STIC,20210924-20220314,HS,21044189,10.8,6.877,25.4297718992,0,fair,NA
AIMS,2021-12-03T18:00:00Z,PRM04,STIC,20210924-20220314,HS,21044189,10.8,7.381,25.4297718992,0,fair,NA
AIMS,2021-12-03T18:30:00Z,PRM04,STIC,20210924-20220314,HS,21044189,21.5,8.082,25.4867884435,0,fair,NA
AIMS,2021-12-03T19:00:00Z,PRM04,STIC,20210924-20220314,HS,21044189,21.5,8.68,25.4867884435,0,fair,NA
AIMS,2021-12-03T19:30:00Z,PRM04,STIC,20210924-20220314,HS,21044189,21.5,9.275,25.4867884435,0,fair,NA
AIMS,2021-12-03T20:00:00Z,PRM04,STIC,20210924-20220314,HS,21044189,21.5,9.669,25.4867884435,0,fair,NA
AIMS,2021-12-03T20:30:00Z,PRM04,STIC,20210924-20220314,HS,21044189,21.5,9.965,25.4867884435,0,fair,NA
AIMS,2021-12-03T21:00:00Z,PRM04,STIC,20210924-20220314,HS,21044189,21.5,10.259,25.4867884435,0,fair,NA
AIMS,2021-12-03T21:30:00Z,PRM04,STIC,20210924-20220314,HS,21044189,21.5,10.259,25.4867884435,0,fair,NA
AIMS,2021-12-03T22:00:00Z,PRM04,STIC,20210924-20220314,HS,21044189,21.5,10.259,25.4867884435,0,fair,NA
AIMS,2021-12-03T22:30:00Z,PRM04,STIC,20210924-20220314,HS,21044189,10.8,10.357,25.4297718992,0,fair,NA
AIMS,2021-12-03T23:00:00Z,PRM04,STIC,20210924-20220314,HS,21044189,10.8,10.357,25.4297718992,0,fair,NA
AIMS,2021-12-03T23:30:00Z,PRM04,STIC,20210924-20220314,HS,21044189,0,10.161,25.37222249,0,fair,NA
AIMS,2021-12-04T00:00:00Z,PRM04,STIC,20210924-20220314,HS,21044189,0,10.063,25.37222249,0,fair,NA
AIMS,2021-12-04T00:30:00Z,PRM04,STIC,20210924-20220314,HS,21044189,0,9.866,25.37222249,0,fair,NA
AIMS,2021-12-04T01:00:00Z,PRM04,STIC,20210924-20220314,HS,21044189,0,9.866,25.37222249,0,fair,NA
AIMS,2021-12-04T01:30:00Z,PRM04,STIC,20210924-20220314,HS,21044189,0,9.768,25.37222249,0,fair,NA
AIMS,2021-12-04T02:00:00Z,PRM04,STIC,20210924-20220314,HS,21044189,0,9.571,25.37222249,0,fair,NA
AIMS,2021-12-04T02:30:00Z,PRM04,STIC,20210924-20220314,HS,21044189,0,9.373,25.37222249,0,fair,NA
AIMS,2021-12-04T03:00:00Z,PRM04,STIC,20210924-20220314,HS,21044189,0,9.275,25.37222249,0,fair,NA
AIMS,2021-12-04T03:30:00Z,PRM04,STIC,20210924-20220314,HS,21044189,10.8,9.077,25.4297718992,0,fair,NA
AIMS,2021-12-04T04:00:00Z,PRM04,STIC,20210924-20220314,HS,21044189,0,8.978,25.37222249,0,fair,NA
AIMS,2021-12-04T04:30:00Z,PRM04,STIC,20210924-20220314,HS,21044189,10.8,8.779,25.4297718992,0,fair,NA
AIMS,2021-12-04T05:00:00Z,PRM04,STIC,20210924-20220314,HS,21044189,10.8,8.68,25.4297718992,0,fair,NA
AIMS,2021-12-04T05:30:00Z,PRM04,STIC,20210924-20220314,HS,21044189,10.8,8.481,25.4297718992,0,fair,NA
AIMS,2021-12-04T06:00:00Z,PRM04,STIC,20210924-20220314,HS,21044189,10.8,8.382,25.4297718992,0,fair,NA
AIMS,2021-12-04T06:30:00Z,PRM04,STIC,20210924-20220314,HS,21044189,10.8,8.282,25.4297718992,0,fair,NA
AIMS,2021-12-04T07:00:00Z,PRM04,STIC,20210924-20220314,HS,21044189,10.8,8.182,25.4297718992,0,fair,NA
AIMS,2021-12-04T07:30:00Z,PRM04,STIC,20210924-20220314,HS,21044189,10.8,8.082,25.4297718992,0,fair,NA
AIMS,2021-12-04T08:00:00Z,PRM04,STIC,20210924-20220314,HS,21044189,10.8,7.983,25.4297718992,0,fair,NA
AIMS,2021-12-04T08:30:00Z,PRM04,STIC,20210924-20220314,HS,21044189,10.8,7.882,25.4297718992,0,fair,NA
AIMS,2021-12-04T09:00:00Z,PRM04,STIC,20210924-20220314,HS,21044189,10.8,7.782,25.4297718992,0,fair,NA
AIMS,2021-12-04T09:30:00Z,PRM04,STIC,20210924-20220314,HS,21044189,10.8,7.782,25.4297718992,0,fair,NA
AIMS,2021-12-04T10:00:00Z,PRM04,STIC,20210924-20220314,HS,21044189,10.8,7.682,25.4297718992,0,fair,NA
AIMS,2021-12-04T10:30:00Z,PRM04,STIC,20210924-20220314,HS,21044189,10.8,7.582,25.4297718992,0,fair,NA
AIMS,2021-12-04T11:00:00Z,PRM04,STIC,20210924-20220314,HS,21044189,10.8,7.682,25.4297718992,0,fair,NA
AIMS,2021-12-04T11:30:00Z,PRM04,STIC,20210924-20220314,HS,21044189,21.5,7.582,25.4867884435,0,fair,NA
AIMS,2021-12-04T12:00:00Z,PRM04,STIC,20210924-20220314,HS,21044189,10.8,7.682,25.4297718992,0,fair,NA
AIMS,2021-12-04T12:30:00Z,PRM04,STIC,20210924-20220314,HS,21044189,21.5,7.682,25.4867884435,0,fair,NA
AIMS,2021-12-04T13:00:00Z,PRM04,STIC,20210924-20220314,HS,21044189,21.5,7.682,25.4867884435,0,fair,NA
AIMS,2021-12-04T13:30:00Z,PRM04,STIC,20210924-20220314,HS,21044189,21.5,7.682,25.4867884435,0,fair,NA
AIMS,2021-12-04T14:00:00Z,PRM04,STIC,20210924-20220314,HS,21044189,21.5,7.782,25.4867884435,0,fair,NA
AIMS,2021-12-04T14:30:00Z,PRM04,STIC,20210924-20220314,HS,21044189,21.5,7.983,25.4867884435,0,fair,NA
AIMS,2021-12-04T15:00:00Z,PRM04,STIC,20210924-20220314,HS,21044189,21.5,8.282,25.4867884435,0,fair,NA
AIMS,2021-12-04T15:30:00Z,PRM04,STIC,20210924-20220314,HS,21044189,21.5,8.779,25.4867884435,0,fair,NA
AIMS,2021-12-04T16:00:00Z,PRM04,STIC,20210924-20220314,HS,21044189,21.5,9.077,25.4867884435,0,fair,NA
AIMS,2021-12-04T16:30:00Z,PRM04,STIC,20210924-20220314,HS,21044189,21.5,9.275,25.4867884435,0,fair,NA
AIMS,2021-12-04T17:00:00Z,PRM04,STIC,20210924-20220314,HS,21044189,21.5,9.373,25.4867884435,0,fair,NA
AIMS,2021-12-04T17:30:00Z,PRM04,STIC,20210924-20220314,HS,21044189,21.5,9.571,25.4867884435,0,fair,NA
AIMS,2021-12-04T18:00:00Z,PRM04,STIC,20210924-20220314,HS,21044189,10.8,9.571,25.4297718992,0,fair,NA
AIMS,2021-12-04T18:30:00Z,PRM04,STIC,20210924-20220314,HS,21044189,10.8,9.965,25.4297718992,0,fair,NA
AIMS,2021-12-04T19:00:00Z,PRM04,STIC,20210924-20220314,HS,21044189,10.8,10.455,25.4297718992,0,fair,NA
AIMS,2021-12-04T19:30:00Z,PRM04,STIC,20210924-20220314,HS,21044189,10.8,11.139,25.4297718992,0,fair,NA
AIMS,2021-12-04T20:00:00Z,PRM04,STIC,20210924-20220314,HS,21044189,10.8,11.722,25.4297718992,0,fair,NA
AIMS,2021-12-04T20:30:00Z,PRM04,STIC,20210924-20220314,HS,21044189,10.8,12.11,25.4297718992,0,fair,NA
AIMS,2021-12-04T21:00:00Z,PRM04,STIC,20210924-20220314,HS,21044189,0,12.401,25.37222249,0,fair,NA
AIMS,2021-12-04T21:30:00Z,PRM04,STIC,20210924-20220314,HS,21044189,0,12.11,25.37222249,0,fair,NA
AIMS,2021-12-04T22:00:00Z,PRM04,STIC,20210924-20220314,HS,21044189,0,11.916,25.37222249,0,fair,NA
AIMS,2021-12-04T22:30:00Z,PRM04,STIC,20210924-20220314,HS,21044189,0,11.819,25.37222249,0,fair,NA
AIMS,2021-12-04T23:00:00Z,PRM04,STIC,20210924-20220314,HS,21044189,0,11.916,25.37222249,0,fair,NA
AIMS,2021-12-04T23:30:00Z,PRM04,STIC,20210924-20220314,HS,21044189,0,11.819,25.37222249,0,fair,NA
AIMS,2021-12-05T00:00:00Z,PRM04,STIC,20210924-20220314,HS,21044189,0,11.722,25.37222249,0,fair,NA
AIMS,2021-12-05T00:30:00Z,PRM04,STIC,20210924-20220314,HS,21044189,0,11.722,25.37222249,0,fair,NA
AIMS,2021-12-05T01:00:00Z,PRM04,STIC,20210924-20220314,HS,21044189,0,11.625,25.37222249,0,fair,NA
AIMS,2021-12-05T01:30:00Z,PRM04,STIC,20210924-20220314,HS,21044189,0,11.528,25.37222249,0,fair,NA
AIMS,2021-12-05T02:00:00Z,PRM04,STIC,20210924-20220314,HS,21044189,0,11.528,25.37222249,0,fair,NA
AIMS,2021-12-05T02:30:00Z,PRM04,STIC,20210924-20220314,HS,21044189,0,11.431,25.37222249,0,fair,NA
AIMS,2021-12-05T03:00:00Z,PRM04,STIC,20210924-20220314,HS,21044189,0,11.334,25.37222249,0,fair,NA
AIMS,2021-12-05T03:30:00Z,PRM04,STIC,20210924-20220314,HS,21044189,0,11.334,25.37222249,0,fair,NA
AIMS,2021-12-05T04:00:00Z,PRM04,STIC,20210924-20220314,HS,21044189,0,11.334,25.37222249,0,fair,NA
AIMS,2021-12-05T04:30:00Z,PRM04,STIC,20210924-20220314,HS,21044189,0,11.334,25.37222249,0,fair,NA
AIMS,2021-12-05T05:00:00Z,PRM04,STIC,20210924-20220314,HS,21044189,0,11.334,25.37222249,0,fair,NA
AIMS,2021-12-05T05:30:00Z,PRM04,STIC,20210924-20220314,HS,21044189,0,11.334,25.37222249,0,fair,NA
AIMS,2021-12-05T06:00:00Z,PRM04,STIC,20210924-20220314,HS,21044189,0,11.334,25.37222249,0,fair,NA
AIMS,2021-12-05T06:30:00Z,PRM04,STIC,20210924-20220314,HS,21044189,0,11.334,25.37222249,0,fair,NA
AIMS,2021-12-05T07:00:00Z,PRM04,STIC,20210924-20220314,HS,21044189,0,11.334,25.37222249,0,fair,NA
AIMS,2021-12-05T07:30:00Z,PRM04,STIC,20210924-20220314,HS,21044189,0,11.334,25.37222249,0,fair,NA
AIMS,2021-12-05T08:00:00Z,PRM04,STIC,20210924-20220314,HS,21044189,0,11.334,25.37222249,0,fair,NA
AIMS,2021-12-05T08:30:00Z,PRM04,STIC,20210924-20220314,HS,21044189,0,11.334,25.37222249,0,fair,NA
AIMS,2021-12-05T09:00:00Z,PRM04,STIC,20210924-20220314,HS,21044189,0,11.236,25.37222249,0,fair,NA
AIMS,2021-12-05T09:30:00Z,PRM04,STIC,20210924-20220314,HS,21044189,0,11.236,25.37222249,0,fair,NA
AIMS,2021-12-05T10:00:00Z,PRM04,STIC,20210924-20220314,HS,21044189,0,11.139,25.37222249,0,fair,NA
AIMS,2021-12-05T10:30:00Z,PRM04,STIC,20210924-20220314,HS,21044189,0,11.139,25.37222249,0,fair,NA
AIMS,2021-12-05T11:00:00Z,PRM04,STIC,20210924-20220314,HS,21044189,0,11.139,25.37222249,0,fair,NA
AIMS,2021-12-05T11:30:00Z,PRM04,STIC,20210924-20220314,HS,21044189,0,11.139,25.37222249,0,fair,NA
AIMS,2021-12-05T12:00:00Z,PRM04,STIC,20210924-20220314,HS,21044189,0,11.139,25.37222249,0,fair,NA
AIMS,2021-12-05T12:30:00Z,PRM04,STIC,20210924-20220314,HS,21044189,0,11.139,25.37222249,0,fair,NA
AIMS,2021-12-05T13:00:00Z,PRM04,STIC,20210924-20220314,HS,21044189,0,11.139,25.37222249,0,fair,NA
AIMS,2021-12-05T13:30:00Z,PRM04,STIC,20210924-20220314,HS,21044189,0,11.236,25.37222249,0,fair,NA
AIMS,2021-12-05T14:00:00Z,PRM04,STIC,20210924-20220314,HS,21044189,0,11.139,25.37222249,0,fair,NA
AIMS,2021-12-05T14:30:00Z,PRM04,STIC,20210924-20220314,HS,21044189,0,11.236,25.37222249,0,fair,NA
AIMS,2021-12-05T15:00:00Z,PRM04,STIC,20210924-20220314,HS,21044189,0,11.236,25.37222249,0,fair,NA
AIMS,2021-12-05T15:30:00Z,PRM04,STIC,20210924-20220314,HS,21044189,0,11.334,25.37222249,0,fair,NA
AIMS,2021-12-05T16:00:00Z,PRM04,STIC,20210924-20220314,HS,21044189,0,11.625,25.37222249,0,fair,NA
AIMS,2021-12-05T16:30:00Z,PRM04,STIC,20210924-20220314,HS,21044189,10.8,12.11,25.4297718992,0,fair,NA
AIMS,2021-12-05T17:00:00Z,PRM04,STIC,20210924-20220314,HS,21044189,21.5,12.98,25.4867884435,0,fair,NA
AIMS,2021-12-05T17:30:00Z,PRM04,STIC,20210924-20220314,HS,21044189,21.5,13.558,25.4867884435,0,fair,NA
AIMS,2021-12-05T18:00:00Z,PRM04,STIC,20210924-20220314,HS,21044189,21.5,13.942,25.4867884435,0,fair,NA
AIMS,2021-12-05T18:30:00Z,PRM04,STIC,20210924-20220314,HS,21044189,21.5,14.23,25.4867884435,0,fair,NA
AIMS,2021-12-05T19:00:00Z,PRM04,STIC,20210924-20220314,HS,21044189,32.3,14.325,25.5443378527,0,fair,NA
AIMS,2021-12-05T19:30:00Z,PRM04,STIC,20210924-20220314,HS,21044189,21.5,14.613,25.4867884435,0,fair,NA
AIMS,2021-12-05T20:00:00Z,PRM04,STIC,20210924-20220314,HS,21044189,10.8,14.613,25.4297718992,0,fair,NA
AIMS,2021-12-05T20:30:00Z,PRM04,STIC,20210924-20220314,HS,21044189,10.8,14.613,25.4297718992,0,fair,NA
AIMS,2021-12-05T21:00:00Z,PRM04,STIC,20210924-20220314,HS,21044189,10.8,14.804,25.4297718992,0,fair,NA
AIMS,2021-12-05T21:30:00Z,PRM04,STIC,20210924-20220314,HS,21044189,0,14.804,25.37222249,0,fair,NA
AIMS,2021-12-05T22:00:00Z,PRM04,STIC,20210924-20220314,HS,21044189,10.8,14.709,25.4297718992,0,fair,NA
AIMS,2021-12-05T22:30:00Z,PRM04,STIC,20210924-20220314,HS,21044189,0,14.421,25.37222249,0,fair,NA
AIMS,2021-12-05T23:00:00Z,PRM04,STIC,20210924-20220314,HS,21044189,0,14.134,25.37222249,0,fair,NA
AIMS,2021-12-05T23:30:00Z,PRM04,STIC,20210924-20220314,HS,21044189,0,14.038,25.37222249,0,fair,NA
AIMS,2021-12-06T00:00:00Z,PRM04,STIC,20210924-20220314,HS,21044189,0,13.846,25.37222249,0,fair,NA
AIMS,2021-12-06T00:30:00Z,PRM04,STIC,20210924-20220314,HS,21044189,0,13.654,25.37222249,0,fair,NA
AIMS,2021-12-06T01:00:00Z,PRM04,STIC,20210924-20220314,HS,21044189,0,13.461,25.37222249,0,fair,NA
AIMS,2021-12-06T01:30:00Z,PRM04,STIC,20210924-20220314,HS,21044189,0,13.269,25.37222249,0,fair,NA
AIMS,2021-12-06T02:00:00Z,PRM04,STIC,20210924-20220314,HS,21044189,0,13.173,25.37222249,0,fair,NA
AIMS,2021-12-06T02:30:00Z,PRM04,STIC,20210924-20220314,HS,21044189,0,13.076,25.37222249,0,fair,NA
AIMS,2021-12-06T03:00:00Z,PRM04,STIC,20210924-20220314,HS,21044189,0,12.98,25.37222249,0,fair,NA
AIMS,2021-12-06T03:30:00Z,PRM04,STIC,20210924-20220314,HS,21044189,0,12.98,25.37222249,0,fair,NA
AIMS,2021-12-06T04:00:00Z,PRM04,STIC,20210924-20220314,HS,21044189,0,12.98,25.37222249,0,fair,NA
AIMS,2021-12-06T04:30:00Z,PRM04,STIC,20210924-20220314,HS,21044189,0,12.883,25.37222249,0,fair,NA
AIMS,2021-12-06T05:00:00Z,PRM04,STIC,20210924-20220314,HS,21044189,0,12.883,25.37222249,0,fair,NA
AIMS,2021-12-06T05:30:00Z,PRM04,STIC,20210924-20220314,HS,21044189,0,12.883,25.37222249,0,fair,NA
AIMS,2021-12-06T06:00:00Z,PRM04,STIC,20210924-20220314,HS,21044189,0,12.883,25.37222249,0,fair,NA
AIMS,2021-12-06T06:30:00Z,PRM04,STIC,20210924-20220314,HS,21044189,0,12.883,25.37222249,0,fair,NA
AIMS,2021-12-06T07:00:00Z,PRM04,STIC,20210924-20220314,HS,21044189,0,12.98,25.37222249,0,fair,NA
AIMS,2021-12-06T07:30:00Z,PRM04,STIC,20210924-20220314,HS,21044189,21.5,13.461,25.4867884435,0,fair,NA
AIMS,2021-12-06T08:00:00Z,PRM04,STIC,20210924-20220314,HS,21044189,10.8,13.654,25.4297718992,0,fair,NA
AIMS,2021-12-06T08:30:00Z,PRM04,STIC,20210924-20220314,HS,21044189,10.8,13.654,25.4297718992,0,fair,NA
AIMS,2021-12-06T09:00:00Z,PRM04,STIC,20210924-20220314,HS,21044189,0,13.75,25.37222249,0,fair,NA
AIMS,2021-12-06T09:30:00Z,PRM04,STIC,20210924-20220314,HS,21044189,0,13.654,25.37222249,0,fair,NA
AIMS,2021-12-06T10:00:00Z,PRM04,STIC,20210924-20220314,HS,21044189,10.8,13.75,25.4297718992,0,fair,NA
AIMS,2021-12-06T10:30:00Z,PRM04,STIC,20210924-20220314,HS,21044189,10.8,13.846,25.4297718992,0,fair,NA
AIMS,2021-12-06T11:00:00Z,PRM04,STIC,20210924-20220314,HS,21044189,0,13.942,25.37222249,0,fair,NA
AIMS,2021-12-06T11:30:00Z,PRM04,STIC,20210924-20220314,HS,21044189,10.8,13.942,25.4297718992,0,fair,NA
AIMS,2021-12-06T12:00:00Z,PRM04,STIC,20210924-20220314,HS,21044189,10.8,14.23,25.4297718992,0,fair,NA
AIMS,2021-12-06T12:30:00Z,PRM04,STIC,20210924-20220314,HS,21044189,10.8,14.134,25.4297718992,0,fair,NA
AIMS,2021-12-06T13:00:00Z,PRM04,STIC,20210924-20220314,HS,21044189,10.8,14.325,25.4297718992,0,fair,NA
AIMS,2021-12-06T13:30:00Z,PRM04,STIC,20210924-20220314,HS,21044189,10.8,14.325,25.4297718992,0,fair,NA
AIMS,2021-12-06T14:00:00Z,PRM04,STIC,20210924-20220314,HS,21044189,0,14.325,25.37222249,0,fair,NA
AIMS,2021-12-06T14:30:00Z,PRM04,STIC,20210924-20220314,HS,21044189,0,14.134,25.37222249,0,fair,NA
AIMS,2021-12-06T15:00:00Z,PRM04,STIC,20210924-20220314,HS,21044189,21.5,14.23,25.4867884435,0,fair,NA
AIMS,2021-12-06T15:30:00Z,PRM04,STIC,20210924-20220314,HS,21044189,32.3,14.325,25.5443378527,0,fair,NA
AIMS,2021-12-06T16:00:00Z,PRM04,STIC,20210924-20220314,HS,21044189,32.3,14.517,25.5443378527,0,fair,NA
AIMS,2021-12-06T16:30:00Z,PRM04,STIC,20210924-20220314,HS,21044189,21.5,14.421,25.4867884435,0,fair,NA
AIMS,2021-12-06T17:00:00Z,PRM04,STIC,20210924-20220314,HS,21044189,32.3,14.134,25.5443378527,0,fair,NA
AIMS,2021-12-06T17:30:00Z,PRM04,STIC,20210924-20220314,HS,21044189,32.3,14.038,25.5443378527,0,fair,NA
AIMS,2021-12-06T18:00:00Z,PRM04,STIC,20210924-20220314,HS,21044189,57867,13.365,333.725154173,1,fair,NA
AIMS,2021-12-06T18:30:00Z,PRM04,STIC,20210924-20220314,HS,21044189,55111.5,13.654,319.04206185350006,1,fair,NA
AIMS,2021-12-06T19:00:00Z,PRM04,STIC,20210924-20220314,HS,21044189,55111.5,13.75,319.04206185350006,1,fair,NA
AIMS,2021-12-06T19:30:00Z,PRM04,STIC,20210924-20220314,HS,21044189,55111.5,13.75,319.04206185350006,1,fair,NA
AIMS,2021-12-06T20:00:00Z,PRM04,STIC,20210924-20220314,HS,21044189,55111.5,13.461,319.04206185350006,1,fair,NA
AIMS,2021-12-06T20:30:00Z,PRM04,STIC,20210924-20220314,HS,21044189,55111.5,13.269,319.04206185350006,1,fair,NA
AIMS,2021-12-06T21:00:00Z,PRM04,STIC,20210924-20220314,HS,21044189,55111.5,13.076,319.04206185350006,1,fair,NA
AIMS,2021-12-06T21:30:00Z,PRM04,STIC,20210924-20220314,HS,21044189,55111.5,12.98,319.04206185350006,1,fair,NA
AIMS,2021-12-06T22:00:00Z,PRM04,STIC,20210924-20220314,HS,21044189,55111.5,12.787,319.04206185350006,1,fair,NA
AIMS,2021-12-06T22:30:00Z,PRM04,STIC,20210924-20220314,HS,21044189,57867,12.594,333.725154173,1,fair,NA
AIMS,2021-12-06T23:00:00Z,PRM04,STIC,20210924-20220314,HS,21044189,57867,12.497,333.725154173,1,fair,NA
AIMS,2021-12-06T23:30:00Z,PRM04,STIC,20210924-20220314,HS,21044189,57867,12.304,333.725154173,1,fair,NA
AIMS,2021-12-07T00:00:00Z,PRM04,STIC,20210924-20220314,HS,21044189,57867,12.11,333.725154173,1,fair,NA
AIMS,2021-12-07T00:30:00Z,PRM04,STIC,20210924-20220314,HS,21044189,57867,11.916,333.725154173,1,fair,NA
AIMS,2021-12-07T01:00:00Z,PRM04,STIC,20210924-20220314,HS,21044189,57867,11.722,333.725154173,1,fair,NA
AIMS,2021-12-07T01:30:00Z,PRM04,STIC,20210924-20220314,HS,21044189,57867,11.528,333.725154173,1,fair,NA
AIMS,2021-12-07T02:00:00Z,PRM04,STIC,20210924-20220314,HS,21044189,57867,11.236,333.725154173,1,fair,NA
AIMS,2021-12-07T02:30:00Z,PRM04,STIC,20210924-20220314,HS,21044189,57867,11.139,333.725154173,1,fair,NA
AIMS,2021-12-07T03:00:00Z,PRM04,STIC,20210924-20220314,HS,21044189,57867,10.944,333.725154173,1,fair,NA
AIMS,2021-12-07T03:30:00Z,PRM04,STIC,20210924-20220314,HS,21044189,57867,10.651,333.725154173,1,fair,NA
AIMS,2021-12-07T04:00:00Z,PRM04,STIC,20210924-20220314,HS,21044189,57867,10.455,333.725154173,1,fair,NA
AIMS,2021-12-07T04:30:00Z,PRM04,STIC,20210924-20220314,HS,21044189,57867,10.259,333.725154173,1,fair,NA
AIMS,2021-12-07T05:00:00Z,PRM04,STIC,20210924-20220314,HS,21044189,57867,10.161,333.725154173,1,fair,NA
AIMS,2021-12-07T05:30:00Z,PRM04,STIC,20210924-20220314,HS,21044189,57867,9.965,333.725154173,1,fair,NA
AIMS,2021-12-07T06:00:00Z,PRM04,STIC,20210924-20220314,HS,21044189,57867,9.866,333.725154173,1,fair,NA
AIMS,2021-12-07T06:30:00Z,PRM04,STIC,20210924-20220314,HS,21044189,57867,9.768,333.725154173,1,fair,NA
AIMS,2021-12-07T07:00:00Z,PRM04,STIC,20210924-20220314,HS,21044189,57867,9.571,333.725154173,1,fair,NA
AIMS,2021-12-07T07:30:00Z,PRM04,STIC,20210924-20220314,HS,21044189,57867,9.472,333.725154173,1,fair,NA
AIMS,2021-12-07T08:00:00Z,PRM04,STIC,20210924-20220314,HS,21044189,57867,9.275,333.725154173,1,fair,NA
AIMS,2021-12-07T08:30:00Z,PRM04,STIC,20210924-20220314,HS,21044189,57867,9.176,333.725154173,1,fair,NA
AIMS,2021-12-07T09:00:00Z,PRM04,STIC,20210924-20220314,HS,21044189,57867,9.077,333.725154173,1,fair,NA
AIMS,2021-12-07T09:30:00Z,PRM04,STIC,20210924-20220314,HS,21044189,57867,8.879,333.725154173,1,fair,NA
AIMS,2021-12-07T10:00:00Z,PRM04,STIC,20210924-20220314,HS,21044189,57867,8.779,333.725154173,1,fair,NA
AIMS,2021-12-07T10:30:00Z,PRM04,STIC,20210924-20220314,HS,21044189,55111.5,8.581,319.04206185350006,1,fair,NA
AIMS,2021-12-07T11:00:00Z,PRM04,STIC,20210924-20220314,HS,21044189,55111.5,8.481,319.04206185350006,1,fair,NA
AIMS,2021-12-07T11:30:00Z,PRM04,STIC,20210924-20220314,HS,21044189,55111.5,8.382,319.04206185350006,1,fair,NA
AIMS,2021-12-07T12:00:00Z,PRM04,STIC,20210924-20220314,HS,21044189,55111.5,8.282,319.04206185350006,1,fair,NA
AIMS,2021-12-07T12:30:00Z,PRM04,STIC,20210924-20220314,HS,21044189,55111.5,8.182,319.04206185350006,1,fair,NA
AIMS,2021-12-07T13:00:00Z,PRM04,STIC,20210924-20220314,HS,21044189,55111.5,7.983,319.04206185350006,1,fair,NA
AIMS,2021-12-07T13:30:00Z,PRM04,STIC,20210924-20220314,HS,21044189,55111.5,7.882,319.04206185350006,1,fair,NA
AIMS,2021-12-07T14:00:00Z,PRM04,STIC,20210924-20220314,HS,21044189,55111.5,7.782,319.04206185350006,1,fair,NA
AIMS,2021-12-07T14:30:00Z,PRM04,STIC,20210924-20220314,HS,21044189,55111.5,7.682,319.04206185350006,1,fair,NA
AIMS,2021-12-07T15:00:00Z,PRM04,STIC,20210924-20220314,HS,21044189,55111.5,7.582,319.04206185350006,1,fair,NA
AIMS,2021-12-07T15:30:00Z,PRM04,STIC,20210924-20220314,HS,21044189,55111.5,7.481,319.04206185350006,1,fair,NA
AIMS,2021-12-07T16:00:00Z,PRM04,STIC,20210924-20220314,HS,21044189,55111.5,7.481,319.04206185350006,1,fair,NA
AIMS,2021-12-07T16:30:00Z,PRM04,STIC,20210924-20220314,HS,21044189,55111.5,7.582,319.04206185350006,1,fair,NA
AIMS,2021-12-07T17:00:00Z,PRM04,STIC,20210924-20220314,HS,21044189,55111.5,7.682,319.04206185350006,1,fair,NA
AIMS,2021-12-07T17:30:00Z,PRM04,STIC,20210924-20220314,HS,21044189,55111.5,7.782,319.04206185350006,1,fair,NA
AIMS,2021-12-07T18:00:00Z,PRM04,STIC,20210924-20220314,HS,21044189,55111.5,7.983,319.04206185350006,1,fair,NA
AIMS,2021-12-07T18:30:00Z,PRM04,STIC,20210924-20220314,HS,21044189,55111.5,8.182,319.04206185350006,1,fair,NA
AIMS,2021-12-07T19:00:00Z,PRM04,STIC,20210924-20220314,HS,21044189,55111.5,8.282,319.04206185350006,1,fair,NA
AIMS,2021-12-07T19:30:00Z,PRM04,STIC,20210924-20220314,HS,21044189,55111.5,8.481,319.04206185350006,1,fair,NA
AIMS,2021-12-07T20:00:00Z,PRM04,STIC,20210924-20220314,HS,21044189,55111.5,8.581,319.04206185350006,1,fair,NA
AIMS,2021-12-07T20:30:00Z,PRM04,STIC,20210924-20220314,HS,21044189,55111.5,8.779,319.04206185350006,1,fair,NA
AIMS,2021-12-07T21:00:00Z,PRM04,STIC,20210924-20220314,HS,21044189,44089.2,8.879,260.3080939808,1,fair,NA
AIMS,2021-12-07T21:30:00Z,PRM04,STIC,20210924-20220314,HS,21044189,1980.6,8.978,35.9261446994,1,fair,NA
AIMS,2021-12-07T22:00:00Z,PRM04,STIC,20210924-20220314,HS,21044189,807.3,8.978,29.674040827699997,1,fair,NA
AIMS,2021-12-07T22:30:00Z,PRM04,STIC,20210924-20220314,HS,21044189,688.9,8.978,29.0431287861,1,fair,NA
AIMS,2021-12-07T23:00:00Z,PRM04,STIC,20210924-20220314,HS,21044189,538.2,8.978,28.2401013818,1,fair,NA
AIMS,2021-12-07T23:30:00Z,PRM04,STIC,20210924-20220314,HS,21044189,473.6,8.879,27.8958706564,1,fair,NA
AIMS,2021-12-08T00:00:00Z,PRM04,STIC,20210924-20220314,HS,21044189,430.6,8.779,27.6667387494,0,fair,NA
AIMS,2021-12-08T00:30:00Z,PRM04,STIC,20210924-20220314,HS,21044189,409,8.879,27.551639930999997,0,fair,NA
AIMS,2021-12-08T01:00:00Z,PRM04,STIC,20210924-20220314,HS,21044189,333.7,8.779,27.1503926613,0,fair,NA
AIMS,2021-12-08T01:30:00Z,PRM04,STIC,20210924-20220314,HS,21044189,269.1,8.779,26.8061619359,0,fair,NA
AIMS,2021-12-08T02:00:00Z,PRM04,STIC,20210924-20220314,HS,21044189,247.6,8.68,26.6915959824,0,fair,NA
AIMS,2021-12-08T02:30:00Z,PRM04,STIC,20210924-20220314,HS,21044189,226,8.68,26.576497164,0,fair,NA
AIMS,2021-12-08T03:00:00Z,PRM04,STIC,20210924-20220314,HS,21044189,215.3,8.68,26.519480619699998,0,fair,NA
AIMS,2021-12-08T03:30:00Z,PRM04,STIC,20210924-20220314,HS,21044189,204.5,8.581,26.461931210499998,0,fair,NA
AIMS,2021-12-08T04:00:00Z,PRM04,STIC,20210924-20220314,HS,21044189,204.5,8.481,26.461931210499998,0,fair,NA
AIMS,2021-12-08T04:30:00Z,PRM04,STIC,20210924-20220314,HS,21044189,193.8,8.382,26.4049146662,0,fair,NA
AIMS,2021-12-08T05:00:00Z,PRM04,STIC,20210924-20220314,HS,21044189,183,8.382,26.347365257,0,fair,NA
AIMS,2021-12-08T05:30:00Z,PRM04,STIC,20210924-20220314,HS,21044189,183,8.382,26.347365257,0,fair,NA
AIMS,2021-12-08T06:00:00Z,PRM04,STIC,20210924-20220314,HS,21044189,183,8.382,26.347365257,0,fair,NA
AIMS,2021-12-08T06:30:00Z,PRM04,STIC,20210924-20220314,HS,21044189,183,8.382,26.347365257,0,fair,NA
AIMS,2021-12-08T07:00:00Z,PRM04,STIC,20210924-20220314,HS,21044189,183,8.382,26.347365257,0,fair,NA
AIMS,2021-12-08T07:30:00Z,PRM04,STIC,20210924-20220314,HS,21044189,183,8.382,26.347365257,0,fair,NA
AIMS,2021-12-08T08:00:00Z,PRM04,STIC,20210924-20220314,HS,21044189,183,8.282,26.347365257,0,fair,NA
AIMS,2021-12-08T08:30:00Z,PRM04,STIC,20210924-20220314,HS,21044189,183,8.282,26.347365257,0,fair,NA
AIMS,2021-12-08T09:00:00Z,PRM04,STIC,20210924-20220314,HS,21044189,172.2,8.282,26.2898158478,0,fair,NA
AIMS,2021-12-08T09:30:00Z,PRM04,STIC,20210924-20220314,HS,21044189,172.2,8.382,26.2898158478,0,fair,NA
AIMS,2021-12-08T10:00:00Z,PRM04,STIC,20210924-20220314,HS,21044189,172.2,8.481,26.2898158478,0,fair,NA
AIMS,2021-12-08T10:30:00Z,PRM04,STIC,20210924-20220314,HS,21044189,172.2,8.382,26.2898158478,0,fair,NA
AIMS,2021-12-08T11:00:00Z,PRM04,STIC,20210924-20220314,HS,21044189,183,8.282,26.347365257,0,fair,NA
AIMS,2021-12-08T11:30:00Z,PRM04,STIC,20210924-20220314,HS,21044189,172.2,8.282,26.2898158478,0,fair,NA
AIMS,2021-12-08T12:00:00Z,PRM04,STIC,20210924-20220314,HS,21044189,161.5,8.182,26.2327993035,0,fair,NA
AIMS,2021-12-08T12:30:00Z,PRM04,STIC,20210924-20220314,HS,21044189,161.5,8.082,26.2327993035,0,fair,NA
AIMS,2021-12-08T13:00:00Z,PRM04,STIC,20210924-20220314,HS,21044189,161.5,8.082,26.2327993035,0,fair,NA
AIMS,2021-12-08T13:30:00Z,PRM04,STIC,20210924-20220314,HS,21044189,150.7,8.082,26.1752498943,0,fair,NA
AIMS,2021-12-08T14:00:00Z,PRM04,STIC,20210924-20220314,HS,21044189,150.7,7.983,26.1752498943,0,fair,NA
AIMS,2021-12-08T14:30:00Z,PRM04,STIC,20210924-20220314,HS,21044189,150.7,7.882,26.1752498943,0,fair,NA
AIMS,2021-12-08T15:00:00Z,PRM04,STIC,20210924-20220314,HS,21044189,139.9,7.782,26.1177004851,0,fair,NA
AIMS,2021-12-08T15:30:00Z,PRM04,STIC,20210924-20220314,HS,21044189,139.9,7.682,26.1177004851,0,fair,NA
AIMS,2021-12-08T16:00:00Z,PRM04,STIC,20210924-20220314,HS,21044189,129.2,7.682,26.060683940799997,0,fair,NA
AIMS,2021-12-08T16:30:00Z,PRM04,STIC,20210924-20220314,HS,21044189,129.2,7.582,26.060683940799997,0,fair,NA
AIMS,2021-12-08T17:00:00Z,PRM04,STIC,20210924-20220314,HS,21044189,129.2,7.582,26.060683940799997,0,fair,NA
AIMS,2021-12-08T17:30:00Z,PRM04,STIC,20210924-20220314,HS,21044189,129.2,7.682,26.060683940799997,0,fair,NA
AIMS,2021-12-08T18:00:00Z,PRM04,STIC,20210924-20220314,HS,21044189,129.2,7.682,26.060683940799997,0,fair,NA
AIMS,2021-12-08T18:30:00Z,PRM04,STIC,20210924-20220314,HS,21044189,129.2,7.782,26.060683940799997,0,fair,NA
AIMS,2021-12-08T19:00:00Z,PRM04,STIC,20210924-20220314,HS,21044189,129.2,7.882,26.060683940799997,0,fair,NA
AIMS,2021-12-08T19:30:00Z,PRM04,STIC,20210924-20220314,HS,21044189,129.2,7.882,26.060683940799997,0,fair,NA
AIMS,2021-12-08T20:00:00Z,PRM04,STIC,20210924-20220314,HS,21044189,129.2,7.782,26.060683940799997,0,fair,NA
AIMS,2021-12-08T20:30:00Z,PRM04,STIC,20210924-20220314,HS,21044189,129.2,7.782,26.060683940799997,0,fair,NA
AIMS,2021-12-08T21:00:00Z,PRM04,STIC,20210924-20220314,HS,21044189,129.2,7.782,26.060683940799997,0,fair,NA
AIMS,2021-12-08T21:30:00Z,PRM04,STIC,20210924-20220314,HS,21044189,118.4,7.682,26.003134531599997,0,fair,NA
AIMS,2021-12-08T22:00:00Z,PRM04,STIC,20210924-20220314,HS,21044189,118.4,7.682,26.003134531599997,0,fair,NA
AIMS,2021-12-08T22:30:00Z,PRM04,STIC,20210924-20220314,HS,21044189,118.4,7.582,26.003134531599997,0,fair,NA
AIMS,2021-12-08T23:00:00Z,PRM04,STIC,20210924-20220314,HS,21044189,118.4,7.582,26.003134531599997,0,fair,NA
AIMS,2021-12-08T23:30:00Z,PRM04,STIC,20210924-20220314,HS,21044189,118.4,7.381,26.003134531599997,0,fair,NA
AIMS,2021-12-09T00:00:00Z,PRM04,STIC,20210924-20220314,HS,21044189,118.4,7.179,26.003134531599997,0,fair,NA
AIMS,2021-12-09T00:30:00Z,PRM04,STIC,20210924-20220314,HS,21044189,107.6,6.978,25.945585122399997,0,fair,NA
AIMS,2021-12-09T01:00:00Z,PRM04,STIC,20210924-20220314,HS,21044189,107.6,6.775,25.945585122399997,0,fair,NA
AIMS,2021-12-09T01:30:00Z,PRM04,STIC,20210924-20220314,HS,21044189,107.6,6.37,25.945585122399997,0,fair,NA
AIMS,2021-12-09T02:00:00Z,PRM04,STIC,20210924-20220314,HS,21044189,96.9,6.064,25.8885685781,0,fair,NA
AIMS,2021-12-09T02:30:00Z,PRM04,STIC,20210924-20220314,HS,21044189,96.9,5.757,25.8885685781,0,fair,NA
AIMS,2021-12-09T03:00:00Z,PRM04,STIC,20210924-20220314,HS,21044189,96.9,5.552,25.8885685781,0,fair,NA
AIMS,2021-12-09T03:30:00Z,PRM04,STIC,20210924-20220314,HS,21044189,96.9,5.45,25.8885685781,0,fair,NA
AIMS,2021-12-09T04:00:00Z,PRM04,STIC,20210924-20220314,HS,21044189,86.1,5.037,25.8310191689,0,fair,NA
AIMS,2021-12-09T04:30:00Z,PRM04,STIC,20210924-20220314,HS,21044189,86.1,4.831,25.8310191689,0,fair,NA
AIMS,2021-12-09T05:00:00Z,PRM04,STIC,20210924-20220314,HS,21044189,86.1,4.519,25.8310191689,0,fair,NA
AIMS,2021-12-09T05:30:00Z,PRM04,STIC,20210924-20220314,HS,21044189,86.1,4.311,25.8310191689,0,fair,NA
AIMS,2021-12-09T06:00:00Z,PRM04,STIC,20210924-20220314,HS,21044189,86.1,4.102,25.8310191689,0,fair,NA
AIMS,2021-12-09T06:30:00Z,PRM04,STIC,20210924-20220314,HS,21044189,75.3,3.998,25.7734697597,0,fair,NA
AIMS,2021-12-09T07:00:00Z,PRM04,STIC,20210924-20220314,HS,21044189,75.3,3.998,25.7734697597,0,fair,NA
AIMS,2021-12-09T07:30:00Z,PRM04,STIC,20210924-20220314,HS,21044189,86.1,3.683,25.8310191689,0,fair,NA
AIMS,2021-12-09T08:00:00Z,PRM04,STIC,20210924-20220314,HS,21044189,75.3,3.578,25.7734697597,0,fair,NA
AIMS,2021-12-09T08:30:00Z,PRM04,STIC,20210924-20220314,HS,21044189,86.1,3.367,25.8310191689,0,fair,NA
AIMS,2021-12-09T09:00:00Z,PRM04,STIC,20210924-20220314,HS,21044189,75.3,3.367,25.7734697597,0,fair,NA
AIMS,2021-12-09T09:30:00Z,PRM04,STIC,20210924-20220314,HS,21044189,75.3,3.155,25.7734697597,0,fair,NA
AIMS,2021-12-09T10:00:00Z,PRM04,STIC,20210924-20220314,HS,21044189,75.3,3.049,25.7734697597,0,fair,NA
AIMS,2021-12-09T10:30:00Z,PRM04,STIC,20210924-20220314,HS,21044189,75.3,3.049,25.7734697597,0,fair,NA
AIMS,2021-12-09T11:00:00Z,PRM04,STIC,20210924-20220314,HS,21044189,75.3,2.837,25.7734697597,0,fair,NA
AIMS,2021-12-09T11:30:00Z,PRM04,STIC,20210924-20220314,HS,21044189,75.3,2.73,25.7734697597,0,fair,NA
AIMS,2021-12-09T12:00:00Z,PRM04,STIC,20210924-20220314,HS,21044189,75.3,2.73,25.7734697597,0,fair,NA
AIMS,2021-12-09T12:30:00Z,PRM04,STIC,20210924-20220314,HS,21044189,75.3,2.624,25.7734697597,0,fair,NA
AIMS,2021-12-09T13:00:00Z,PRM04,STIC,20210924-20220314,HS,21044189,75.3,2.517,25.7734697597,0,fair,NA
AIMS,2021-12-09T13:30:00Z,PRM04,STIC,20210924-20220314,HS,21044189,75.3,2.624,25.7734697597,0,fair,NA
AIMS,2021-12-09T14:00:00Z,PRM04,STIC,20210924-20220314,HS,21044189,75.3,2.517,25.7734697597,0,fair,NA
AIMS,2021-12-09T14:30:00Z,PRM04,STIC,20210924-20220314,HS,21044189,75.3,2.624,25.7734697597,0,fair,NA
AIMS,2021-12-09T15:00:00Z,PRM04,STIC,20210924-20220314,HS,21044189,75.3,2.624,25.7734697597,0,fair,NA
AIMS,2021-12-09T15:30:00Z,PRM04,STIC,20210924-20220314,HS,21044189,75.3,2.73,25.7734697597,0,fair,NA
AIMS,2021-12-09T16:00:00Z,PRM04,STIC,20210924-20220314,HS,21044189,75.3,3.049,25.7734697597,0,fair,NA
AIMS,2021-12-09T16:30:00Z,PRM04,STIC,20210924-20220314,HS,21044189,75.3,3.261,25.7734697597,0,fair,NA
AIMS,2021-12-09T17:00:00Z,PRM04,STIC,20210924-20220314,HS,21044189,75.3,3.683,25.7734697597,0,fair,NA
AIMS,2021-12-09T17:30:00Z,PRM04,STIC,20210924-20220314,HS,21044189,86.1,4.415,25.8310191689,0,fair,NA
AIMS,2021-12-09T18:00:00Z,PRM04,STIC,20210924-20220314,HS,21044189,86.1,5.141,25.8310191689,0,fair,NA
AIMS,2021-12-09T18:30:00Z,PRM04,STIC,20210924-20220314,HS,21044189,86.1,5.962,25.8310191689,0,fair,NA
AIMS,2021-12-09T19:00:00Z,PRM04,STIC,20210924-20220314,HS,21044189,21.5,6.37,25.4867884435,0,fair,NA
AIMS,2021-12-09T19:30:00Z,PRM04,STIC,20210924-20220314,HS,21044189,21.5,6.775,25.4867884435,0,fair,NA
AIMS,2021-12-09T20:00:00Z,PRM04,STIC,20210924-20220314,HS,21044189,21.5,7.179,25.4867884435,0,fair,NA
AIMS,2021-12-09T20:30:00Z,PRM04,STIC,20210924-20220314,HS,21044189,0,7.481,25.37222249,0,fair,NA
AIMS,2021-12-09T21:00:00Z,PRM04,STIC,20210924-20220314,HS,21044189,10.8,7.882,25.4297718992,0,fair,NA
AIMS,2021-12-09T21:30:00Z,PRM04,STIC,20210924-20220314,HS,21044189,10.8,7.882,25.4297718992,0,fair,NA
AIMS,2021-12-09T22:00:00Z,PRM04,STIC,20210924-20220314,HS,21044189,10.8,7.983,25.4297718992,0,fair,NA
AIMS,2021-12-09T22:30:00Z,PRM04,STIC,20210924-20220314,HS,21044189,10.8,8.082,25.4297718992,0,fair,NA
AIMS,2021-12-09T23:00:00Z,PRM04,STIC,20210924-20220314,HS,21044189,10.8,8.182,25.4297718992,0,fair,NA
AIMS,2021-12-09T23:30:00Z,PRM04,STIC,20210924-20220314,HS,21044189,21.5,7.983,25.4867884435,0,fair,NA
AIMS,2021-12-10T00:00:00Z,PRM04,STIC,20210924-20220314,HS,21044189,21.5,7.882,25.4867884435,0,fair,NA
AIMS,2021-12-10T00:30:00Z,PRM04,STIC,20210924-20220314,HS,21044189,32.3,7.983,25.5443378527,0,fair,NA
AIMS,2021-12-10T01:00:00Z,PRM04,STIC,20210924-20220314,HS,21044189,32.3,7.983,25.5443378527,0,fair,NA
AIMS,2021-12-10T01:30:00Z,PRM04,STIC,20210924-20220314,HS,21044189,32.3,8.082,25.5443378527,0,fair,NA
AIMS,2021-12-10T02:00:00Z,PRM04,STIC,20210924-20220314,HS,21044189,32.3,8.182,25.5443378527,0,fair,NA
AIMS,2021-12-10T02:30:00Z,PRM04,STIC,20210924-20220314,HS,21044189,32.3,8.182,25.5443378527,0,fair,NA
AIMS,2021-12-10T03:00:00Z,PRM04,STIC,20210924-20220314,HS,21044189,32.3,8.282,25.5443378527,0,fair,NA
AIMS,2021-12-10T03:30:00Z,PRM04,STIC,20210924-20220314,HS,21044189,32.3,8.382,25.5443378527,0,fair,NA
AIMS,2021-12-10T04:00:00Z,PRM04,STIC,20210924-20220314,HS,21044189,32.3,8.481,25.5443378527,0,fair,NA
AIMS,2021-12-10T04:30:00Z,PRM04,STIC,20210924-20220314,HS,21044189,43.1,8.581,25.6018872619,0,fair,NA
AIMS,2021-12-10T05:00:00Z,PRM04,STIC,20210924-20220314,HS,21044189,43.1,8.779,25.6018872619,0,fair,NA
AIMS,2021-12-10T05:30:00Z,PRM04,STIC,20210924-20220314,HS,21044189,43.1,8.879,25.6018872619,0,fair,NA
AIMS,2021-12-10T06:00:00Z,PRM04,STIC,20210924-20220314,HS,21044189,43.1,9.077,25.6018872619,0,fair,NA
AIMS,2021-12-10T06:30:00Z,PRM04,STIC,20210924-20220314,HS,21044189,43.1,8.978,25.6018872619,0,fair,NA
AIMS,2021-12-10T07:00:00Z,PRM04,STIC,20210924-20220314,HS,21044189,43.1,8.978,25.6018872619,0,fair,NA
AIMS,2021-12-10T07:30:00Z,PRM04,STIC,20210924-20220314,HS,21044189,43.1,9.176,25.6018872619,0,fair,NA
AIMS,2021-12-10T08:00:00Z,PRM04,STIC,20210924-20220314,HS,21044189,43.1,9.275,25.6018872619,0,fair,NA
AIMS,2021-12-10T08:30:00Z,PRM04,STIC,20210924-20220314,HS,21044189,43.1,9.275,25.6018872619,0,fair,NA
AIMS,2021-12-10T09:00:00Z,PRM04,STIC,20210924-20220314,HS,21044189,43.1,9.373,25.6018872619,0,fair,NA
AIMS,2021-12-10T09:30:00Z,PRM04,STIC,20210924-20220314,HS,21044189,43.1,9.373,25.6018872619,0,fair,NA
AIMS,2021-12-10T10:00:00Z,PRM04,STIC,20210924-20220314,HS,21044189,43.1,9.373,25.6018872619,0,fair,NA
AIMS,2021-12-10T10:30:00Z,PRM04,STIC,20210924-20220314,HS,21044189,43.1,9.472,25.6018872619,0,fair,NA
AIMS,2021-12-10T11:00:00Z,PRM04,STIC,20210924-20220314,HS,21044189,43.1,9.571,25.6018872619,0,fair,NA
AIMS,2021-12-10T11:30:00Z,PRM04,STIC,20210924-20220314,HS,21044189,53.8,9.669,25.658903806199998,0,fair,NA
AIMS,2021-12-10T12:00:00Z,PRM04,STIC,20210924-20220314,HS,21044189,43.1,9.669,25.6018872619,0,fair,NA
AIMS,2021-12-10T12:30:00Z,PRM04,STIC,20210924-20220314,HS,21044189,43.1,9.669,25.6018872619,0,fair,NA
AIMS,2021-12-10T13:00:00Z,PRM04,STIC,20210924-20220314,HS,21044189,43.1,9.571,25.6018872619,0,fair,NA
AIMS,2021-12-10T13:30:00Z,PRM04,STIC,20210924-20220314,HS,21044189,43.1,9.669,25.6018872619,0,fair,NA
AIMS,2021-12-10T14:00:00Z,PRM04,STIC,20210924-20220314,HS,21044189,43.1,9.669,25.6018872619,0,fair,NA
AIMS,2021-12-10T14:30:00Z,PRM04,STIC,20210924-20220314,HS,21044189,53.8,9.768,25.658903806199998,0,fair,NA
AIMS,2021-12-10T15:00:00Z,PRM04,STIC,20210924-20220314,HS,21044189,43.1,9.768,25.6018872619,0,fair,NA
AIMS,2021-12-10T15:30:00Z,PRM04,STIC,20210924-20220314,HS,21044189,53.8,9.965,25.658903806199998,0,fair,NA
AIMS,2021-12-10T16:00:00Z,PRM04,STIC,20210924-20220314,HS,21044189,53.8,10.455,25.658903806199998,0,fair,NA
AIMS,2021-12-10T16:30:00Z,PRM04,STIC,20210924-20220314,HS,21044189,53.8,10.748,25.658903806199998,0,fair,NA
AIMS,2021-12-10T17:00:00Z,PRM04,STIC,20210924-20220314,HS,21044189,53.8,10.944,25.658903806199998,0,fair,NA
AIMS,2021-12-10T17:30:00Z,PRM04,STIC,20210924-20220314,HS,21044189,64.6,11.236,25.716453215399998,0,fair,NA
AIMS,2021-12-10T18:00:00Z,PRM04,STIC,20210924-20220314,HS,21044189,64.6,11.528,25.716453215399998,0,fair,NA
AIMS,2021-12-10T18:30:00Z,PRM04,STIC,20210924-20220314,HS,21044189,64.6,11.819,25.716453215399998,0,fair,NA
AIMS,2021-12-10T19:00:00Z,PRM04,STIC,20210924-20220314,HS,21044189,64.6,11.916,25.716453215399998,0,fair,NA
AIMS,2021-12-10T19:30:00Z,PRM04,STIC,20210924-20220314,HS,21044189,64.6,12.304,25.716453215399998,0,fair,NA
AIMS,2021-12-10T20:00:00Z,PRM04,STIC,20210924-20220314,HS,21044189,75.3,12.594,25.7734697597,0,fair,NA
AIMS,2021-12-10T20:30:00Z,PRM04,STIC,20210924-20220314,HS,21044189,75.3,12.98,25.7734697597,0,fair,NA
AIMS,2021-12-10T21:00:00Z,PRM04,STIC,20210924-20220314,HS,21044189,75.3,13.365,25.7734697597,0,fair,NA
AIMS,2021-12-10T21:30:00Z,PRM04,STIC,20210924-20220314,HS,21044189,75.3,13.269,25.7734697597,0,fair,NA
AIMS,2021-12-10T22:00:00Z,PRM04,STIC,20210924-20220314,HS,21044189,75.3,12.98,25.7734697597,0,fair,NA
AIMS,2021-12-10T22:30:00Z,PRM04,STIC,20210924-20220314,HS,21044189,75.3,12.787,25.7734697597,0,fair,NA
AIMS,2021-12-10T23:00:00Z,PRM04,STIC,20210924-20220314,HS,21044189,75.3,12.69,25.7734697597,0,fair,NA
AIMS,2021-12-10T23:30:00Z,PRM04,STIC,20210924-20220314,HS,21044189,75.3,12.69,25.7734697597,0,fair,NA
AIMS,2021-12-11T00:00:00Z,PRM04,STIC,20210924-20220314,HS,21044189,75.3,12.69,25.7734697597,0,fair,NA
AIMS,2021-12-11T00:30:00Z,PRM04,STIC,20210924-20220314,HS,21044189,75.3,12.69,25.7734697597,0,fair,NA
AIMS,2021-12-11T01:00:00Z,PRM04,STIC,20210924-20220314,HS,21044189,75.3,12.594,25.7734697597,0,fair,NA
AIMS,2021-12-11T01:30:00Z,PRM04,STIC,20210924-20220314,HS,21044189,75.3,12.594,25.7734697597,0,fair,NA
AIMS,2021-12-11T02:00:00Z,PRM04,STIC,20210924-20220314,HS,21044189,75.3,12.69,25.7734697597,0,fair,NA
AIMS,2021-12-11T02:30:00Z,PRM04,STIC,20210924-20220314,HS,21044189,75.3,12.69,25.7734697597,0,fair,NA
AIMS,2021-12-11T03:00:00Z,PRM04,STIC,20210924-20220314,HS,21044189,75.3,12.69,25.7734697597,0,fair,NA
AIMS,2021-12-11T03:30:00Z,PRM04,STIC,20210924-20220314,HS,21044189,86.1,12.883,25.8310191689,0,fair,NA
AIMS,2021-12-11T04:00:00Z,PRM04,STIC,20210924-20220314,HS,21044189,86.1,13.942,25.8310191689,0,fair,NA
AIMS,2021-12-11T04:30:00Z,PRM04,STIC,20210924-20220314,HS,21044189,96.9,14.421,25.8885685781,0,fair,NA
AIMS,2021-12-11T05:00:00Z,PRM04,STIC,20210924-20220314,HS,21044189,96.9,14.709,25.8885685781,0,fair,NA
AIMS,2021-12-11T05:30:00Z,PRM04,STIC,20210924-20220314,HS,21044189,96.9,14.709,25.8885685781,0,fair,NA
AIMS,2021-12-11T06:00:00Z,PRM04,STIC,20210924-20220314,HS,21044189,86.1,14.421,25.8310191689,0,fair,NA
AIMS,2021-12-11T06:30:00Z,PRM04,STIC,20210924-20220314,HS,21044189,86.1,14.613,25.8310191689,0,fair,NA
AIMS,2021-12-11T07:00:00Z,PRM04,STIC,20210924-20220314,HS,21044189,96.9,14.709,25.8885685781,0,fair,NA
AIMS,2021-12-11T07:30:00Z,PRM04,STIC,20210924-20220314,HS,21044189,86.1,14.613,25.8310191689,0,fair,NA
AIMS,2021-12-11T08:00:00Z,PRM04,STIC,20210924-20220314,HS,21044189,86.1,14.709,25.8310191689,0,fair,NA
AIMS,2021-12-11T08:30:00Z,PRM04,STIC,20210924-20220314,HS,21044189,86.1,14.613,25.8310191689,0,fair,NA
AIMS,2021-12-11T09:00:00Z,PRM04,STIC,20210924-20220314,HS,21044189,86.1,14.613,25.8310191689,0,fair,NA
AIMS,2021-12-11T09:30:00Z,PRM04,STIC,20210924-20220314,HS,21044189,96.9,14.9,25.8885685781,0,fair,NA
AIMS,2021-12-11T10:00:00Z,PRM04,STIC,20210924-20220314,HS,21044189,96.9,15.282,25.8885685781,0,fair,NA
AIMS,2021-12-11T10:30:00Z,PRM04,STIC,20210924-20220314,HS,21044189,96.9,15.282,25.8885685781,0,fair,NA
AIMS,2021-12-11T11:00:00Z,PRM04,STIC,20210924-20220314,HS,21044189,96.9,15.664,25.8885685781,0,fair,NA
AIMS,2021-12-11T11:30:00Z,PRM04,STIC,20210924-20220314,HS,21044189,96.9,15.76,25.8885685781,0,fair,NA
AIMS,2021-12-11T12:00:00Z,PRM04,STIC,20210924-20220314,HS,21044189,96.9,15.855,25.8885685781,0,fair,NA
AIMS,2021-12-11T12:30:00Z,PRM04,STIC,20210924-20220314,HS,21044189,96.9,15.855,25.8885685781,0,fair,NA
AIMS,2021-12-11T13:00:00Z,PRM04,STIC,20210924-20220314,HS,21044189,96.9,16.141,25.8885685781,0,fair,NA
AIMS,2021-12-11T13:30:00Z,PRM04,STIC,20210924-20220314,HS,21044189,86.1,16.046,25.8310191689,0,fair,NA
AIMS,2021-12-11T14:00:00Z,PRM04,STIC,20210924-20220314,HS,21044189,96.9,16.237,25.8885685781,0,fair,NA
AIMS,2021-12-11T14:30:00Z,PRM04,STIC,20210924-20220314,HS,21044189,204.5,16.332,26.461931210499998,0,fair,NA
AIMS,2021-12-11T15:00:00Z,PRM04,STIC,20210924-20220314,HS,21044189,204.5,15.282,26.461931210499998,0,fair,NA
AIMS,2021-12-11T15:30:00Z,PRM04,STIC,20210924-20220314,HS,21044189,172.2,15.091,26.2898158478,0,fair,NA
AIMS,2021-12-11T16:00:00Z,PRM04,STIC,20210924-20220314,HS,21044189,52355.9,13.846,304.35843666910006,1,fair,NA
AIMS,2021-12-11T16:30:00Z,PRM04,STIC,20210924-20220314,HS,21044189,52355.9,13.75,304.35843666910006,1,fair,NA
AIMS,2021-12-11T17:00:00Z,PRM04,STIC,20210924-20220314,HS,21044189,49600.3,13.942,289.67481148470006,1,fair,NA
AIMS,2021-12-11T17:30:00Z,PRM04,STIC,20210924-20220314,HS,21044189,49600.3,14.134,289.67481148470006,1,fair,NA
AIMS,2021-12-11T18:00:00Z,PRM04,STIC,20210924-20220314,HS,21044189,46844.8,14.134,274.99171916520004,1,fair,NA
AIMS,2021-12-11T18:30:00Z,PRM04,STIC,20210924-20220314,HS,21044189,49600.3,14.23,289.67481148470006,1,fair,NA
AIMS,2021-12-11T19:00:00Z,PRM04,STIC,20210924-20220314,HS,21044189,49600.3,14.23,289.67481148470006,1,fair,NA
AIMS,2021-12-11T19:30:00Z,PRM04,STIC,20210924-20220314,HS,21044189,49600.3,14.23,289.67481148470006,1,fair,NA
AIMS,2021-12-11T20:00:00Z,PRM04,STIC,20210924-20220314,HS,21044189,49600.3,14.23,289.67481148470006,1,fair,NA
AIMS,2021-12-11T20:30:00Z,PRM04,STIC,20210924-20220314,HS,21044189,52355.9,14.23,304.35843666910006,1,fair,NA
AIMS,2021-12-11T21:00:00Z,PRM04,STIC,20210924-20220314,HS,21044189,52355.9,14.038,304.35843666910006,1,fair,NA
AIMS,2021-12-11T21:30:00Z,PRM04,STIC,20210924-20220314,HS,21044189,52355.9,13.75,304.35843666910006,1,fair,NA
AIMS,2021-12-11T22:00:00Z,PRM04,STIC,20210924-20220314,HS,21044189,52355.9,13.558,304.35843666910006,1,fair,NA
AIMS,2021-12-11T22:30:00Z,PRM04,STIC,20210924-20220314,HS,21044189,52355.9,13.365,304.35843666910006,1,fair,NA
AIMS,2021-12-11T23:00:00Z,PRM04,STIC,20210924-20220314,HS,21044189,52355.9,13.076,304.35843666910006,1,fair,NA
AIMS,2021-12-11T23:30:00Z,PRM04,STIC,20210924-20220314,HS,21044189,52355.9,12.883,304.35843666910006,1,fair,NA
AIMS,2021-12-12T00:00:00Z,PRM04,STIC,20210924-20220314,HS,21044189,52355.9,12.69,304.35843666910006,1,fair,NA
AIMS,2021-12-12T00:30:00Z,PRM04,STIC,20210924-20220314,HS,21044189,52355.9,12.497,304.35843666910006,1,fair,NA
AIMS,2021-12-12T01:00:00Z,PRM04,STIC,20210924-20220314,HS,21044189,52355.9,12.304,304.35843666910006,1,fair,NA
AIMS,2021-12-12T01:30:00Z,PRM04,STIC,20210924-20220314,HS,21044189,52355.9,12.11,304.35843666910006,1,fair,NA
AIMS,2021-12-12T02:00:00Z,PRM04,STIC,20210924-20220314,HS,21044189,52355.9,11.916,304.35843666910006,1,fair,NA
AIMS,2021-12-12T02:30:00Z,PRM04,STIC,20210924-20220314,HS,21044189,52355.9,11.819,304.35843666910006,1,fair,NA
AIMS,2021-12-12T03:00:00Z,PRM04,STIC,20210924-20220314,HS,21044189,52355.9,11.722,304.35843666910006,1,fair,NA
AIMS,2021-12-12T03:30:00Z,PRM04,STIC,20210924-20220314,HS,21044189,52355.9,11.625,304.35843666910006,1,fair,NA
AIMS,2021-12-12T04:00:00Z,PRM04,STIC,20210924-20220314,HS,21044189,52355.9,11.528,304.35843666910006,1,fair,NA
AIMS,2021-12-12T04:30:00Z,PRM04,STIC,20210924-20220314,HS,21044189,52355.9,11.334,304.35843666910006,1,fair,NA
AIMS,2021-12-12T05:00:00Z,PRM04,STIC,20210924-20220314,HS,21044189,52355.9,11.236,304.35843666910006,1,fair,NA
AIMS,2021-12-12T05:30:00Z,PRM04,STIC,20210924-20220314,HS,21044189,49600.3,11.139,289.67481148470006,1,fair,NA
AIMS,2021-12-12T06:00:00Z,PRM04,STIC,20210924-20220314,HS,21044189,49600.3,10.944,289.67481148470006,1,fair,NA
AIMS,2021-12-12T06:30:00Z,PRM04,STIC,20210924-20220314,HS,21044189,49600.3,10.748,289.67481148470006,1,fair,NA
AIMS,2021-12-12T07:00:00Z,PRM04,STIC,20210924-20220314,HS,21044189,49600.3,10.651,289.67481148470006,1,fair,NA
AIMS,2021-12-12T07:30:00Z,PRM04,STIC,20210924-20220314,HS,21044189,49600.3,10.553,289.67481148470006,1,fair,NA
AIMS,2021-12-12T08:00:00Z,PRM04,STIC,20210924-20220314,HS,21044189,49600.3,10.357,289.67481148470006,1,fair,NA
AIMS,2021-12-12T08:30:00Z,PRM04,STIC,20210924-20220314,HS,21044189,49600.3,10.259,289.67481148470006,1,fair,NA
AIMS,2021-12-12T09:00:00Z,PRM04,STIC,20210924-20220314,HS,21044189,42711.4,10.161,252.9662813886,1,fair,NA
AIMS,2021-12-12T09:30:00Z,PRM04,STIC,20210924-20220314,HS,21044189,49600.3,10.063,289.67481148470006,1,fair,NA
AIMS,2021-12-12T10:00:00Z,PRM04,STIC,20210924-20220314,HS,21044189,49600.3,9.965,289.67481148470006,1,fair,NA
AIMS,2021-12-12T10:30:00Z,PRM04,STIC,20210924-20220314,HS,21044189,49600.3,9.866,289.67481148470006,1,fair,NA
AIMS,2021-12-12T11:00:00Z,PRM04,STIC,20210924-20220314,HS,21044189,49600.3,9.669,289.67481148470006,1,fair,NA
AIMS,2021-12-12T11:30:00Z,PRM04,STIC,20210924-20220314,HS,21044189,49600.3,9.571,289.67481148470006,1,fair,NA
AIMS,2021-12-12T12:00:00Z,PRM04,STIC,20210924-20220314,HS,21044189,49600.3,9.472,289.67481148470006,1,fair,NA
AIMS,2021-12-12T12:30:00Z,PRM04,STIC,20210924-20220314,HS,21044189,49600.3,9.373,289.67481148470006,1,fair,NA
AIMS,2021-12-12T13:00:00Z,PRM04,STIC,20210924-20220314,HS,21044189,49600.3,9.275,289.67481148470006,1,fair,NA
AIMS,2021-12-12T13:30:00Z,PRM04,STIC,20210924-20220314,HS,21044189,46844.8,9.176,274.99171916520004,1,fair,NA
AIMS,2021-12-12T14:00:00Z,PRM04,STIC,20210924-20220314,HS,21044189,46844.8,9.176,274.99171916520004,1,fair,NA
AIMS,2021-12-12T14:30:00Z,PRM04,STIC,20210924-20220314,HS,21044189,49600.3,9.077,289.67481148470006,1,fair,NA
AIMS,2021-12-12T15:00:00Z,PRM04,STIC,20210924-20220314,HS,21044189,46844.8,8.978,274.99171916520004,1,fair,NA
AIMS,2021-12-12T15:30:00Z,PRM04,STIC,20210924-20220314,HS,21044189,49600.3,8.978,289.67481148470006,1,fair,NA
AIMS,2021-12-12T16:00:00Z,PRM04,STIC,20210924-20220314,HS,21044189,49600.3,8.978,289.67481148470006,1,fair,NA
AIMS,2021-12-12T16:30:00Z,PRM04,STIC,20210924-20220314,HS,21044189,49600.3,9.077,289.67481148470006,1,fair,NA
AIMS,2021-12-12T17:00:00Z,PRM04,STIC,20210924-20220314,HS,21044189,46844.8,9.077,274.99171916520004,1,fair,NA
AIMS,2021-12-12T17:30:00Z,PRM04,STIC,20210924-20220314,HS,21044189,41333.6,9.176,245.62446879639998,1,fair,NA
AIMS,2021-12-12T18:00:00Z,PRM04,STIC,20210924-20220314,HS,21044189,46844.8,9.373,274.99171916520004,1,fair,NA
AIMS,2021-12-12T18:30:00Z,PRM04,STIC,20210924-20220314,HS,21044189,44089.2,9.472,260.3080939808,1,fair,NA
AIMS,2021-12-12T19:00:00Z,PRM04,STIC,20210924-20220314,HS,21044189,49600.3,9.571,289.67481148470006,1,fair,NA
AIMS,2021-12-12T19:30:00Z,PRM04,STIC,20210924-20220314,HS,21044189,46844.8,9.669,274.99171916520004,1,fair,NA
AIMS,2021-12-12T20:00:00Z,PRM04,STIC,20210924-20220314,HS,21044189,49600.3,9.768,289.67481148470006,1,fair,NA
AIMS,2021-12-12T20:30:00Z,PRM04,STIC,20210924-20220314,HS,21044189,44089.2,9.866,260.3080939808,1,fair,NA
AIMS,2021-12-12T21:00:00Z,PRM04,STIC,20210924-20220314,HS,21044189,49600.3,9.965,289.67481148470006,1,fair,NA
AIMS,2021-12-12T21:30:00Z,PRM04,STIC,20210924-20220314,HS,21044189,49600.3,9.965,289.67481148470006,1,fair,NA
AIMS,2021-12-12T22:00:00Z,PRM04,STIC,20210924-20220314,HS,21044189,49600.3,10.063,289.67481148470006,1,fair,NA
AIMS,2021-12-12T22:30:00Z,PRM04,STIC,20210924-20220314,HS,21044189,49600.3,10.161,289.67481148470006,1,fair,NA
AIMS,2021-12-12T23:00:00Z,PRM04,STIC,20210924-20220314,HS,21044189,49600.3,10.063,289.67481148470006,1,fair,NA
AIMS,2021-12-12T23:30:00Z,PRM04,STIC,20210924-20220314,HS,21044189,49600.3,9.965,289.67481148470006,1,fair,NA
AIMS,2021-12-13T00:00:00Z,PRM04,STIC,20210924-20220314,HS,21044189,49600.3,9.866,289.67481148470006,1,fair,NA
AIMS,2021-12-13T00:30:00Z,PRM04,STIC,20210924-20220314,HS,21044189,49600.3,9.768,289.67481148470006,1,fair,NA
AIMS,2021-12-13T01:00:00Z,PRM04,STIC,20210924-20220314,HS,21044189,49600.3,9.669,289.67481148470006,1,fair,NA
AIMS,2021-12-13T01:30:00Z,PRM04,STIC,20210924-20220314,HS,21044189,49600.3,9.571,289.67481148470006,1,fair,NA
AIMS,2021-12-13T02:00:00Z,PRM04,STIC,20210924-20220314,HS,21044189,49600.3,9.472,289.67481148470006,1,fair,NA
AIMS,2021-12-13T02:30:00Z,PRM04,STIC,20210924-20220314,HS,21044189,49600.3,9.373,289.67481148470006,1,fair,NA
AIMS,2021-12-13T03:00:00Z,PRM04,STIC,20210924-20220314,HS,21044189,49600.3,9.275,289.67481148470006,1,fair,NA
AIMS,2021-12-13T03:30:00Z,PRM04,STIC,20210924-20220314,HS,21044189,49600.3,9.176,289.67481148470006,1,fair,NA
AIMS,2021-12-13T04:00:00Z,PRM04,STIC,20210924-20220314,HS,21044189,49600.3,8.978,289.67481148470006,1,fair,NA
AIMS,2021-12-13T04:30:00Z,PRM04,STIC,20210924-20220314,HS,21044189,49600.3,8.879,289.67481148470006,1,fair,NA
AIMS,2021-12-13T05:00:00Z,PRM04,STIC,20210924-20220314,HS,21044189,49600.3,8.779,289.67481148470006,1,fair,NA
AIMS,2021-12-13T05:30:00Z,PRM04,STIC,20210924-20220314,HS,21044189,49600.3,8.68,289.67481148470006,1,fair,NA
AIMS,2021-12-13T06:00:00Z,PRM04,STIC,20210924-20220314,HS,21044189,49600.3,8.581,289.67481148470006,1,fair,NA
AIMS,2021-12-13T06:30:00Z,PRM04,STIC,20210924-20220314,HS,21044189,49600.3,8.481,289.67481148470006,1,fair,NA
AIMS,2021-12-13T07:00:00Z,PRM04,STIC,20210924-20220314,HS,21044189,49600.3,8.481,289.67481148470006,1,fair,NA
AIMS,2021-12-13T07:30:00Z,PRM04,STIC,20210924-20220314,HS,21044189,49600.3,8.382,289.67481148470006,1,fair,NA
AIMS,2021-12-13T08:00:00Z,PRM04,STIC,20210924-20220314,HS,21044189,49600.3,8.282,289.67481148470006,1,fair,NA
AIMS,2021-12-13T08:30:00Z,PRM04,STIC,20210924-20220314,HS,21044189,49600.3,8.182,289.67481148470006,1,fair,NA
AIMS,2021-12-13T09:00:00Z,PRM04,STIC,20210924-20220314,HS,21044189,49600.3,8.182,289.67481148470006,1,fair,NA
AIMS,2021-12-13T09:30:00Z,PRM04,STIC,20210924-20220314,HS,21044189,49600.3,8.082,289.67481148470006,1,fair,NA
AIMS,2021-12-13T10:00:00Z,PRM04,STIC,20210924-20220314,HS,21044189,49600.3,7.983,289.67481148470006,1,fair,NA
AIMS,2021-12-13T10:30:00Z,PRM04,STIC,20210924-20220314,HS,21044189,49600.3,7.983,289.67481148470006,1,fair,NA
AIMS,2021-12-13T11:00:00Z,PRM04,STIC,20210924-20220314,HS,21044189,49600.3,7.882,289.67481148470006,1,fair,NA
AIMS,2021-12-13T11:30:00Z,PRM04,STIC,20210924-20220314,HS,21044189,49600.3,7.882,289.67481148470006,1,fair,NA
AIMS,2021-12-13T12:00:00Z,PRM04,STIC,20210924-20220314,HS,21044189,49600.3,7.782,289.67481148470006,1,fair,NA
AIMS,2021-12-13T12:30:00Z,PRM04,STIC,20210924-20220314,HS,21044189,46844.8,7.682,274.99171916520004,1,fair,NA
AIMS,2021-12-13T13:00:00Z,PRM04,STIC,20210924-20220314,HS,21044189,46844.8,7.682,274.99171916520004,1,fair,NA
AIMS,2021-12-13T13:30:00Z,PRM04,STIC,20210924-20220314,HS,21044189,46844.8,7.682,274.99171916520004,1,fair,NA
AIMS,2021-12-13T14:00:00Z,PRM04,STIC,20210924-20220314,HS,21044189,49600.3,7.582,289.67481148470006,1,fair,NA
AIMS,2021-12-13T14:30:00Z,PRM04,STIC,20210924-20220314,HS,21044189,46844.8,7.582,274.99171916520004,1,fair,NA
AIMS,2021-12-13T15:00:00Z,PRM04,STIC,20210924-20220314,HS,21044189,46844.8,7.481,274.99171916520004,1,fair,NA
AIMS,2021-12-13T15:30:00Z,PRM04,STIC,20210924-20220314,HS,21044189,46844.8,7.481,274.99171916520004,1,fair,NA
AIMS,2021-12-13T16:00:00Z,PRM04,STIC,20210924-20220314,HS,21044189,46844.8,7.582,274.99171916520004,1,fair,NA
AIMS,2021-12-13T16:30:00Z,PRM04,STIC,20210924-20220314,HS,21044189,46844.8,7.682,274.99171916520004,1,fair,NA
AIMS,2021-12-13T17:00:00Z,PRM04,STIC,20210924-20220314,HS,21044189,46844.8,7.782,274.99171916520004,1,fair,NA
AIMS,2021-12-13T17:30:00Z,PRM04,STIC,20210924-20220314,HS,21044189,46844.8,7.983,274.99171916520004,1,fair,NA
AIMS,2021-12-13T18:00:00Z,PRM04,STIC,20210924-20220314,HS,21044189,49600.3,8.182,289.67481148470006,1,fair,NA
AIMS,2021-12-13T18:30:00Z,PRM04,STIC,20210924-20220314,HS,21044189,49600.3,8.481,289.67481148470006,1,fair,NA
AIMS,2021-12-13T19:00:00Z,PRM04,STIC,20210924-20220314,HS,21044189,49600.3,8.779,289.67481148470006,1,fair,NA
AIMS,2021-12-13T19:30:00Z,PRM04,STIC,20210924-20220314,HS,21044189,49600.3,8.978,289.67481148470006,1,fair,NA
AIMS,2021-12-13T20:00:00Z,PRM04,STIC,20210924-20220314,HS,21044189,49600.3,9.176,289.67481148470006,1,fair,NA
AIMS,2021-12-13T20:30:00Z,PRM04,STIC,20210924-20220314,HS,21044189,49600.3,9.373,289.67481148470006,1,fair,NA
AIMS,2021-12-13T21:00:00Z,PRM04,STIC,20210924-20220314,HS,21044189,49600.3,9.571,289.67481148470006,1,fair,NA
AIMS,2021-12-13T21:30:00Z,PRM04,STIC,20210924-20220314,HS,21044189,49600.3,9.669,289.67481148470006,1,fair,NA
AIMS,2021-12-13T22:00:00Z,PRM04,STIC,20210924-20220314,HS,21044189,49600.3,9.768,289.67481148470006,1,fair,NA
AIMS,2021-12-13T22:30:00Z,PRM04,STIC,20210924-20220314,HS,21044189,49600.3,9.866,289.67481148470006,1,fair,NA
AIMS,2021-12-13T23:00:00Z,PRM04,STIC,20210924-20220314,HS,21044189,49600.3,9.866,289.67481148470006,1,fair,NA
AIMS,2021-12-13T23:30:00Z,PRM04,STIC,20210924-20220314,HS,21044189,49600.3,9.866,289.67481148470006,1,fair,NA
AIMS,2021-12-14T00:00:00Z,PRM04,STIC,20210924-20220314,HS,21044189,49600.3,9.768,289.67481148470006,1,fair,NA
AIMS,2021-12-14T00:30:00Z,PRM04,STIC,20210924-20220314,HS,21044189,49600.3,9.669,289.67481148470006,1,fair,NA
AIMS,2021-12-14T01:00:00Z,PRM04,STIC,20210924-20220314,HS,21044189,49600.3,9.472,289.67481148470006,1,fair,NA
AIMS,2021-12-14T01:30:00Z,PRM04,STIC,20210924-20220314,HS,21044189,49600.3,9.373,289.67481148470006,1,fair,NA
AIMS,2021-12-14T02:00:00Z,PRM04,STIC,20210924-20220314,HS,21044189,49600.3,9.275,289.67481148470006,1,fair,NA
AIMS,2021-12-14T02:30:00Z,PRM04,STIC,20210924-20220314,HS,21044189,49600.3,9.176,289.67481148470006,1,fair,NA
AIMS,2021-12-14T03:00:00Z,PRM04,STIC,20210924-20220314,HS,21044189,49600.3,9.077,289.67481148470006,1,fair,NA
AIMS,2021-12-14T03:30:00Z,PRM04,STIC,20210924-20220314,HS,21044189,49600.3,8.978,289.67481148470006,1,fair,NA
AIMS,2021-12-14T04:00:00Z,PRM04,STIC,20210924-20220314,HS,21044189,49600.3,8.879,289.67481148470006,1,fair,NA
AIMS,2021-12-14T04:30:00Z,PRM04,STIC,20210924-20220314,HS,21044189,49600.3,8.779,289.67481148470006,1,fair,NA
AIMS,2021-12-14T05:00:00Z,PRM04,STIC,20210924-20220314,HS,21044189,49600.3,8.68,289.67481148470006,1,fair,NA
AIMS,2021-12-14T05:30:00Z,PRM04,STIC,20210924-20220314,HS,21044189,49600.3,8.581,289.67481148470006,1,fair,NA
AIMS,2021-12-14T06:00:00Z,PRM04,STIC,20210924-20220314,HS,21044189,49600.3,8.481,289.67481148470006,1,fair,NA
AIMS,2021-12-14T06:30:00Z,PRM04,STIC,20210924-20220314,HS,21044189,49600.3,8.382,289.67481148470006,1,fair,NA
AIMS,2021-12-14T07:00:00Z,PRM04,STIC,20210924-20220314,HS,21044189,49600.3,8.282,289.67481148470006,1,fair,NA
AIMS,2021-12-14T07:30:00Z,PRM04,STIC,20210924-20220314,HS,21044189,49600.3,8.182,289.67481148470006,1,fair,NA
AIMS,2021-12-14T08:00:00Z,PRM04,STIC,20210924-20220314,HS,21044189,49600.3,8.082,289.67481148470006,1,fair,NA
AIMS,2021-12-14T08:30:00Z,PRM04,STIC,20210924-20220314,HS,21044189,49600.3,7.983,289.67481148470006,1,fair,NA
AIMS,2021-12-14T09:00:00Z,PRM04,STIC,20210924-20220314,HS,21044189,49600.3,7.882,289.67481148470006,1,fair,NA
AIMS,2021-12-14T09:30:00Z,PRM04,STIC,20210924-20220314,HS,21044189,49600.3,7.782,289.67481148470006,1,fair,NA
AIMS,2021-12-14T10:00:00Z,PRM04,STIC,20210924-20220314,HS,21044189,49600.3,7.682,289.67481148470006,1,fair,NA
AIMS,2021-12-14T10:30:00Z,PRM04,STIC,20210924-20220314,HS,21044189,49600.3,7.682,289.67481148470006,1,fair,NA
AIMS,2021-12-14T11:00:00Z,PRM04,STIC,20210924-20220314,HS,21044189,49600.3,7.582,289.67481148470006,1,fair,NA
AIMS,2021-12-14T11:30:00Z,PRM04,STIC,20210924-20220314,HS,21044189,49600.3,7.481,289.67481148470006,1,fair,NA
AIMS,2021-12-14T12:00:00Z,PRM04,STIC,20210924-20220314,HS,21044189,49600.3,7.481,289.67481148470006,1,fair,NA
AIMS,2021-12-14T12:30:00Z,PRM04,STIC,20210924-20220314,HS,21044189,46844.8,7.381,274.99171916520004,1,fair,NA
AIMS,2021-12-14T13:00:00Z,PRM04,STIC,20210924-20220314,HS,21044189,49600.3,7.28,289.67481148470006,1,fair,NA
AIMS,2021-12-14T13:30:00Z,PRM04,STIC,20210924-20220314,HS,21044189,46844.8,7.179,274.99171916520004,1,fair,NA
AIMS,2021-12-14T14:00:00Z,PRM04,STIC,20210924-20220314,HS,21044189,46844.8,7.179,274.99171916520004,1,fair,NA
AIMS,2021-12-14T14:30:00Z,PRM04,STIC,20210924-20220314,HS,21044189,46844.8,7.179,274.99171916520004,1,fair,NA
AIMS,2021-12-14T15:00:00Z,PRM04,STIC,20210924-20220314,HS,21044189,46844.8,7.079,274.99171916520004,1,fair,NA
AIMS,2021-12-14T15:30:00Z,PRM04,STIC,20210924-20220314,HS,21044189,46844.8,7.079,274.99171916520004,1,fair,NA
AIMS,2021-12-14T16:00:00Z,PRM04,STIC,20210924-20220314,HS,21044189,46844.8,7.179,274.99171916520004,1,fair,NA
AIMS,2021-12-14T16:30:00Z,PRM04,STIC,20210924-20220314,HS,21044189,46844.8,7.28,274.99171916520004,1,fair,NA
AIMS,2021-12-14T17:00:00Z,PRM04,STIC,20210924-20220314,HS,21044189,49600.3,7.481,289.67481148470006,1,fair,NA
AIMS,2021-12-14T17:30:00Z,PRM04,STIC,20210924-20220314,HS,21044189,49600.3,7.682,289.67481148470006,1,fair,NA
AIMS,2021-12-14T18:00:00Z,PRM04,STIC,20210924-20220314,HS,21044189,49600.3,7.983,289.67481148470006,1,fair,NA
AIMS,2021-12-14T18:30:00Z,PRM04,STIC,20210924-20220314,HS,21044189,49600.3,8.282,289.67481148470006,1,fair,NA
AIMS,2021-12-14T19:00:00Z,PRM04,STIC,20210924-20220314,HS,21044189,49600.3,8.581,289.67481148470006,1,fair,NA
AIMS,2021-12-14T19:30:00Z,PRM04,STIC,20210924-20220314,HS,21044189,49600.3,8.879,289.67481148470006,1,fair,NA
AIMS,2021-12-14T20:00:00Z,PRM04,STIC,20210924-20220314,HS,21044189,49600.3,9.077,289.67481148470006,1,fair,NA
AIMS,2021-12-14T20:30:00Z,PRM04,STIC,20210924-20220314,HS,21044189,49600.3,9.373,289.67481148470006,1,fair,NA
AIMS,2021-12-14T21:00:00Z,PRM04,STIC,20210924-20220314,HS,21044189,49600.3,9.571,289.67481148470006,1,fair,NA
AIMS,2021-12-14T21:30:00Z,PRM04,STIC,20210924-20220314,HS,21044189,49600.3,9.768,289.67481148470006,1,fair,NA
AIMS,2021-12-14T22:00:00Z,PRM04,STIC,20210924-20220314,HS,21044189,49600.3,9.866,289.67481148470006,1,fair,NA
AIMS,2021-12-14T22:30:00Z,PRM04,STIC,20210924-20220314,HS,21044189,49600.3,9.866,289.67481148470006,1,fair,NA
AIMS,2021-12-14T23:00:00Z,PRM04,STIC,20210924-20220314,HS,21044189,49600.3,9.965,289.67481148470006,1,fair,NA
AIMS,2021-12-14T23:30:00Z,PRM04,STIC,20210924-20220314,HS,21044189,49600.3,9.965,289.67481148470006,1,fair,NA
AIMS,2021-12-15T00:00:00Z,PRM04,STIC,20210924-20220314,HS,21044189,49600.3,9.965,289.67481148470006,1,fair,NA
AIMS,2021-12-15T00:30:00Z,PRM04,STIC,20210924-20220314,HS,21044189,49600.3,9.866,289.67481148470006,1,fair,NA
AIMS,2021-12-15T01:00:00Z,PRM04,STIC,20210924-20220314,HS,21044189,49600.3,9.768,289.67481148470006,1,fair,NA
AIMS,2021-12-15T01:30:00Z,PRM04,STIC,20210924-20220314,HS,21044189,49600.3,9.669,289.67481148470006,1,fair,NA
AIMS,2021-12-15T02:00:00Z,PRM04,STIC,20210924-20220314,HS,21044189,49600.3,9.571,289.67481148470006,1,fair,NA
AIMS,2021-12-15T02:30:00Z,PRM04,STIC,20210924-20220314,HS,21044189,49600.3,9.472,289.67481148470006,1,fair,NA
AIMS,2021-12-15T03:00:00Z,PRM04,STIC,20210924-20220314,HS,21044189,49600.3,9.373,289.67481148470006,1,fair,NA
AIMS,2021-12-15T03:30:00Z,PRM04,STIC,20210924-20220314,HS,21044189,49600.3,9.275,289.67481148470006,1,fair,NA
AIMS,2021-12-15T04:00:00Z,PRM04,STIC,20210924-20220314,HS,21044189,49600.3,9.176,289.67481148470006,1,fair,NA
AIMS,2021-12-15T04:30:00Z,PRM04,STIC,20210924-20220314,HS,21044189,49600.3,9.077,289.67481148470006,1,fair,NA
AIMS,2021-12-15T05:00:00Z,PRM04,STIC,20210924-20220314,HS,21044189,49600.3,8.978,289.67481148470006,1,fair,NA
AIMS,2021-12-15T05:30:00Z,PRM04,STIC,20210924-20220314,HS,21044189,49600.3,8.779,289.67481148470006,1,fair,NA
AIMS,2021-12-15T06:00:00Z,PRM04,STIC,20210924-20220314,HS,21044189,49600.3,8.68,289.67481148470006,1,fair,NA
AIMS,2021-12-15T06:30:00Z,PRM04,STIC,20210924-20220314,HS,21044189,49600.3,8.581,289.67481148470006,1,fair,NA
AIMS,2021-12-15T07:00:00Z,PRM04,STIC,20210924-20220314,HS,21044189,49600.3,8.481,289.67481148470006,1,fair,NA
AIMS,2021-12-15T07:30:00Z,PRM04,STIC,20210924-20220314,HS,21044189,44089.2,8.382,260.3080939808,1,fair,NA
AIMS,2021-12-15T08:00:00Z,PRM04,STIC,20210924-20220314,HS,21044189,39955.8,8.282,238.2826562042,1,fair,NA
AIMS,2021-12-15T08:30:00Z,PRM04,STIC,20210924-20220314,HS,21044189,16533.4,8.182,113.47290786660001,1,fair,NA
AIMS,2021-12-15T09:00:00Z,PRM04,STIC,20210924-20220314,HS,21044189,4650,8.082,50.15044034,1,fair,NA
AIMS,2021-12-15T09:30:00Z,PRM04,STIC,20210924-20220314,HS,21044189,2411.1,7.983,38.2201280939,1,fair,NA
AIMS,2021-12-15T10:00:00Z,PRM04,STIC,20210924-20220314,HS,21044189,914.9,7.882,30.2474034601,1,fair,NA
AIMS,2021-12-15T10:30:00Z,PRM04,STIC,20210924-20220314,HS,21044189,699.7,7.782,29.1006781953,1,fair,NA
AIMS,2021-12-15T11:00:00Z,PRM04,STIC,20210924-20220314,HS,21044189,527.4,7.782,28.1825519726,1,fair,NA
AIMS,2021-12-15T11:30:00Z,PRM04,STIC,20210924-20220314,HS,21044189,505.9,7.682,28.067986019099997,1,fair,NA
AIMS,2021-12-15T12:00:00Z,PRM04,STIC,20210924-20220314,HS,21044189,473.6,7.782,27.8958706564,1,fair,NA
AIMS,2021-12-15T12:30:00Z,PRM04,STIC,20210924-20220314,HS,21044189,452.1,7.983,27.781304702899998,0,fair,NA
AIMS,2021-12-15T13:00:00Z,PRM04,STIC,20210924-20220314,HS,21044189,441.3,7.983,27.7237552937,0,fair,NA
AIMS,2021-12-15T13:30:00Z,PRM04,STIC,20210924-20220314,HS,21044189,419.8,7.983,27.6091893402,0,fair,NA
AIMS,2021-12-15T14:00:00Z,PRM04,STIC,20210924-20220314,HS,21044189,398.3,8.082,27.4946233867,0,fair,NA
AIMS,2021-12-15T14:30:00Z,PRM04,STIC,20210924-20220314,HS,21044189,387.5,8.082,27.4370739775,0,fair,NA
AIMS,2021-12-15T15:00:00Z,PRM04,STIC,20210924-20220314,HS,21044189,366,8.182,27.322508023999998,0,fair,NA
AIMS,2021-12-15T15:30:00Z,PRM04,STIC,20210924-20220314,HS,21044189,344.4,8.282,27.207409205599998,0,fair,NA
AIMS,2021-12-15T16:00:00Z,PRM04,STIC,20210924-20220314,HS,21044189,333.7,8.481,27.1503926613,0,fair,NA
AIMS,2021-12-15T16:30:00Z,PRM04,STIC,20210924-20220314,HS,21044189,322.9,8.779,27.0928432521,0,fair,NA
AIMS,2021-12-15T17:00:00Z,PRM04,STIC,20210924-20220314,HS,21044189,290.6,9.077,26.9207278894,0,fair,NA
AIMS,2021-12-15T17:30:00Z,PRM04,STIC,20210924-20220314,HS,21044189,236.8,9.472,26.6340465732,0,fair,NA
AIMS,2021-12-15T18:00:00Z,PRM04,STIC,20210924-20220314,HS,21044189,236.8,9.768,26.6340465732,0,fair,NA
AIMS,2021-12-15T18:30:00Z,PRM04,STIC,20210924-20220314,HS,21044189,236.8,10.161,26.6340465732,0,fair,NA
AIMS,2021-12-15T19:00:00Z,PRM04,STIC,20210924-20220314,HS,21044189,226,10.553,26.576497164,0,fair,NA
AIMS,2021-12-15T19:30:00Z,PRM04,STIC,20210924-20220314,HS,21044189,226,10.846,26.576497164,0,fair,NA
AIMS,2021-12-15T20:00:00Z,PRM04,STIC,20210924-20220314,HS,21044189,226,11.041,26.576497164,0,fair,NA
AIMS,2021-12-15T20:30:00Z,PRM04,STIC,20210924-20220314,HS,21044189,226,11.236,26.576497164,0,fair,NA
AIMS,2021-12-15T21:00:00Z,PRM04,STIC,20210924-20220314,HS,21044189,226,11.334,26.576497164,0,fair,NA
AIMS,2021-12-15T21:30:00Z,PRM04,STIC,20210924-20220314,HS,21044189,236.8,11.528,26.6340465732,0,fair,NA
AIMS,2021-12-15T22:00:00Z,PRM04,STIC,20210924-20220314,HS,21044189,236.8,11.431,26.6340465732,0,fair,NA
AIMS,2021-12-15T22:30:00Z,PRM04,STIC,20210924-20220314,HS,21044189,236.8,11.431,26.6340465732,0,fair,NA
AIMS,2021-12-15T23:00:00Z,PRM04,STIC,20210924-20220314,HS,21044189,236.8,11.334,26.6340465732,0,fair,NA
AIMS,2021-12-15T23:30:00Z,PRM04,STIC,20210924-20220314,HS,21044189,247.6,11.334,26.6915959824,0,fair,NA
AIMS,2021-12-16T00:00:00Z,PRM04,STIC,20210924-20220314,HS,21044189,247.6,11.334,26.6915959824,0,fair,NA
AIMS,2021-12-16T00:30:00Z,PRM04,STIC,20210924-20220314,HS,21044189,247.6,11.334,26.6915959824,0,fair,NA
AIMS,2021-12-16T01:00:00Z,PRM04,STIC,20210924-20220314,HS,21044189,247.6,11.431,26.6915959824,0,fair,NA
AIMS,2021-12-16T01:30:00Z,PRM04,STIC,20210924-20220314,HS,21044189,247.6,11.528,26.6915959824,0,fair,NA
AIMS,2021-12-16T02:00:00Z,PRM04,STIC,20210924-20220314,HS,21044189,236.8,11.528,26.6340465732,0,fair,NA
AIMS,2021-12-16T02:30:00Z,PRM04,STIC,20210924-20220314,HS,21044189,247.6,11.625,26.6915959824,0,fair,NA
AIMS,2021-12-16T03:00:00Z,PRM04,STIC,20210924-20220314,HS,21044189,236.8,11.528,26.6340465732,0,fair,NA
AIMS,2021-12-16T03:30:00Z,PRM04,STIC,20210924-20220314,HS,21044189,236.8,11.334,26.6340465732,0,fair,NA
AIMS,2021-12-16T04:00:00Z,PRM04,STIC,20210924-20220314,HS,21044189,226,11.334,26.576497164,0,fair,NA
AIMS,2021-12-16T04:30:00Z,PRM04,STIC,20210924-20220314,HS,21044189,226,11.334,26.576497164,0,fair,NA
AIMS,2021-12-16T05:00:00Z,PRM04,STIC,20210924-20220314,HS,21044189,215.3,11.334,26.519480619699998,0,fair,NA
AIMS,2021-12-16T05:30:00Z,PRM04,STIC,20210924-20220314,HS,21044189,215.3,11.236,26.519480619699998,0,fair,NA
AIMS,2021-12-16T06:00:00Z,PRM04,STIC,20210924-20220314,HS,21044189,215.3,11.139,26.519480619699998,0,fair,NA
AIMS,2021-12-16T06:30:00Z,PRM04,STIC,20210924-20220314,HS,21044189,204.5,10.944,26.461931210499998,0,fair,NA
AIMS,2021-12-16T07:00:00Z,PRM04,STIC,20210924-20220314,HS,21044189,204.5,10.748,26.461931210499998,0,fair,NA
AIMS,2021-12-16T07:30:00Z,PRM04,STIC,20210924-20220314,HS,21044189,204.5,10.651,26.461931210499998,0,fair,NA
AIMS,2021-12-16T08:00:00Z,PRM04,STIC,20210924-20220314,HS,21044189,193.8,10.553,26.4049146662,0,fair,NA
AIMS,2021-12-16T08:30:00Z,PRM04,STIC,20210924-20220314,HS,21044189,193.8,10.455,26.4049146662,0,fair,NA
AIMS,2021-12-16T09:00:00Z,PRM04,STIC,20210924-20220314,HS,21044189,193.8,10.259,26.4049146662,0,fair,NA
AIMS,2021-12-16T09:30:00Z,PRM04,STIC,20210924-20220314,HS,21044189,183,10.259,26.347365257,0,fair,NA
AIMS,2021-12-16T10:00:00Z,PRM04,STIC,20210924-20220314,HS,21044189,183,10.161,26.347365257,0,fair,NA
AIMS,2021-12-16T10:30:00Z,PRM04,STIC,20210924-20220314,HS,21044189,183,10.161,26.347365257,0,fair,NA
AIMS,2021-12-16T11:00:00Z,PRM04,STIC,20210924-20220314,HS,21044189,183,10.259,26.347365257,0,fair,NA
AIMS,2021-12-16T11:30:00Z,PRM04,STIC,20210924-20220314,HS,21044189,183,10.259,26.347365257,0,fair,NA
AIMS,2021-12-16T12:00:00Z,PRM04,STIC,20210924-20220314,HS,21044189,183,10.259,26.347365257,0,fair,NA
AIMS,2021-12-16T12:30:00Z,PRM04,STIC,20210924-20220314,HS,21044189,172.2,10.161,26.2898158478,0,fair,NA
AIMS,2021-12-16T13:00:00Z,PRM04,STIC,20210924-20220314,HS,21044189,172.2,10.063,26.2898158478,0,fair,NA
AIMS,2021-12-16T13:30:00Z,PRM04,STIC,20210924-20220314,HS,21044189,172.2,9.965,26.2898158478,0,fair,NA
AIMS,2021-12-16T14:00:00Z,PRM04,STIC,20210924-20220314,HS,21044189,172.2,9.866,26.2898158478,0,fair,NA
AIMS,2021-12-16T14:30:00Z,PRM04,STIC,20210924-20220314,HS,21044189,172.2,9.866,26.2898158478,0,fair,NA
AIMS,2021-12-16T15:00:00Z,PRM04,STIC,20210924-20220314,HS,21044189,172.2,9.866,26.2898158478,0,fair,NA
AIMS,2021-12-16T15:30:00Z,PRM04,STIC,20210924-20220314,HS,21044189,161.5,9.965,26.2327993035,0,fair,NA
AIMS,2021-12-16T16:00:00Z,PRM04,STIC,20210924-20220314,HS,21044189,161.5,10.063,26.2327993035,0,fair,NA
AIMS,2021-12-16T16:30:00Z,PRM04,STIC,20210924-20220314,HS,21044189,161.5,10.259,26.2327993035,0,fair,NA
AIMS,2021-12-16T17:00:00Z,PRM04,STIC,20210924-20220314,HS,21044189,150.7,10.944,26.1752498943,0,fair,NA
AIMS,2021-12-16T17:30:00Z,PRM04,STIC,20210924-20220314,HS,21044189,150.7,11.625,26.1752498943,0,fair,NA
AIMS,2021-12-16T18:00:00Z,PRM04,STIC,20210924-20220314,HS,21044189,150.7,12.207,26.1752498943,0,fair,NA
AIMS,2021-12-16T18:30:00Z,PRM04,STIC,20210924-20220314,HS,21044189,139.9,12.883,26.1177004851,0,fair,NA
AIMS,2021-12-16T19:00:00Z,PRM04,STIC,20210924-20220314,HS,21044189,139.9,13.461,26.1177004851,0,fair,NA
AIMS,2021-12-16T19:30:00Z,PRM04,STIC,20210924-20220314,HS,21044189,139.9,13.846,26.1177004851,0,fair,NA
AIMS,2021-12-16T20:00:00Z,PRM04,STIC,20210924-20220314,HS,21044189,139.9,14.038,26.1177004851,0,fair,NA
AIMS,2021-12-16T20:30:00Z,PRM04,STIC,20210924-20220314,HS,21044189,139.9,14.325,26.1177004851,0,fair,NA
AIMS,2021-12-16T21:00:00Z,PRM04,STIC,20210924-20220314,HS,21044189,139.9,14.421,26.1177004851,0,fair,NA
AIMS,2021-12-16T21:30:00Z,PRM04,STIC,20210924-20220314,HS,21044189,139.9,14.517,26.1177004851,0,fair,NA
AIMS,2021-12-16T22:00:00Z,PRM04,STIC,20210924-20220314,HS,21044189,129.2,14.709,26.060683940799997,0,fair,NA
AIMS,2021-12-16T22:30:00Z,PRM04,STIC,20210924-20220314,HS,21044189,129.2,14.804,26.060683940799997,0,fair,NA
AIMS,2021-12-16T23:00:00Z,PRM04,STIC,20210924-20220314,HS,21044189,129.2,14.613,26.060683940799997,0,fair,NA
AIMS,2021-12-16T23:30:00Z,PRM04,STIC,20210924-20220314,HS,21044189,139.9,14.325,26.1177004851,0,fair,NA
AIMS,2021-12-17T00:00:00Z,PRM04,STIC,20210924-20220314,HS,21044189,139.9,14.23,26.1177004851,0,fair,NA
AIMS,2021-12-17T00:30:00Z,PRM04,STIC,20210924-20220314,HS,21044189,150.7,14.134,26.1752498943,0,fair,NA
AIMS,2021-12-17T01:00:00Z,PRM04,STIC,20210924-20220314,HS,21044189,150.7,14.038,26.1752498943,0,fair,NA
AIMS,2021-12-17T01:30:00Z,PRM04,STIC,20210924-20220314,HS,21044189,150.7,13.942,26.1752498943,0,fair,NA
AIMS,2021-12-17T02:00:00Z,PRM04,STIC,20210924-20220314,HS,21044189,150.7,13.942,26.1752498943,0,fair,NA
AIMS,2021-12-17T02:30:00Z,PRM04,STIC,20210924-20220314,HS,21044189,161.5,13.942,26.2327993035,0,fair,NA
AIMS,2021-12-17T03:00:00Z,PRM04,STIC,20210924-20220314,HS,21044189,161.5,13.942,26.2327993035,0,fair,NA
AIMS,2021-12-17T03:30:00Z,PRM04,STIC,20210924-20220314,HS,21044189,161.5,13.846,26.2327993035,0,fair,NA
AIMS,2021-12-17T04:00:00Z,PRM04,STIC,20210924-20220314,HS,21044189,161.5,13.846,26.2327993035,0,fair,NA
AIMS,2021-12-17T04:30:00Z,PRM04,STIC,20210924-20220314,HS,21044189,172.2,13.75,26.2898158478,0,fair,NA
AIMS,2021-12-17T05:00:00Z,PRM04,STIC,20210924-20220314,HS,21044189,172.2,13.558,26.2898158478,0,fair,NA
AIMS,2021-12-17T05:30:00Z,PRM04,STIC,20210924-20220314,HS,21044189,215.3,13.461,26.519480619699998,0,fair,NA
AIMS,2021-12-17T06:00:00Z,PRM04,STIC,20210924-20220314,HS,21044189,215.3,13.365,26.519480619699998,0,fair,NA
AIMS,2021-12-17T06:30:00Z,PRM04,STIC,20210924-20220314,HS,21044189,215.3,13.269,26.519480619699998,0,fair,NA
AIMS,2021-12-17T07:00:00Z,PRM04,STIC,20210924-20220314,HS,21044189,215.3,13.269,26.519480619699998,0,fair,NA
AIMS,2021-12-17T07:30:00Z,PRM04,STIC,20210924-20220314,HS,21044189,215.3,13.269,26.519480619699998,0,fair,NA
AIMS,2021-12-17T08:00:00Z,PRM04,STIC,20210924-20220314,HS,21044189,215.3,13.269,26.519480619699998,0,fair,NA
AIMS,2021-12-17T08:30:00Z,PRM04,STIC,20210924-20220314,HS,21044189,215.3,13.269,26.519480619699998,0,fair,NA
AIMS,2021-12-17T09:00:00Z,PRM04,STIC,20210924-20220314,HS,21044189,215.3,13.269,26.519480619699998,0,fair,NA
AIMS,2021-12-17T09:30:00Z,PRM04,STIC,20210924-20220314,HS,21044189,226,13.269,26.576497164,0,fair,NA
AIMS,2021-12-17T10:00:00Z,PRM04,STIC,20210924-20220314,HS,21044189,409,13.076,27.551639930999997,0,fair,NA
AIMS,2021-12-17T10:30:00Z,PRM04,STIC,20210924-20220314,HS,21044189,473.6,13.076,27.8958706564,1,fair,NA
AIMS,2021-12-17T11:00:00Z,PRM04,STIC,20210924-20220314,HS,21044189,484.4,12.98,27.9534200656,1,fair,NA
AIMS,2021-12-17T11:30:00Z,PRM04,STIC,20210924-20220314,HS,21044189,505.9,12.98,28.067986019099997,1,fair,NA
AIMS,2021-12-17T12:00:00Z,PRM04,STIC,20210924-20220314,HS,21044189,645.8,12.98,28.813464014199997,1,fair,NA
AIMS,2021-12-17T12:30:00Z,PRM04,STIC,20210924-20220314,HS,21044189,52355.9,12.98,304.35843666910006,1,fair,NA
AIMS,2021-12-17T13:00:00Z,PRM04,STIC,20210924-20220314,HS,21044189,55111.5,12.98,319.04206185350006,1,fair,NA
AIMS,2021-12-17T13:30:00Z,PRM04,STIC,20210924-20220314,HS,21044189,55111.5,12.98,319.04206185350006,1,fair,NA
AIMS,2021-12-17T14:00:00Z,PRM04,STIC,20210924-20220314,HS,21044189,55111.5,12.98,319.04206185350006,1,fair,NA
AIMS,2021-12-17T14:30:00Z,PRM04,STIC,20210924-20220314,HS,21044189,55111.5,12.98,319.04206185350006,1,fair,NA
AIMS,2021-12-17T15:00:00Z,PRM04,STIC,20210924-20220314,HS,21044189,57867,12.98,333.725154173,1,fair,NA
AIMS,2021-12-17T15:30:00Z,PRM04,STIC,20210924-20220314,HS,21044189,57867,13.076,333.725154173,1,fair,NA
AIMS,2021-12-17T16:00:00Z,PRM04,STIC,20210924-20220314,HS,21044189,57867,13.173,333.725154173,1,fair,NA
AIMS,2021-12-17T16:30:00Z,PRM04,STIC,20210924-20220314,HS,21044189,57867,13.269,333.725154173,1,fair,NA
AIMS,2021-12-17T17:00:00Z,PRM04,STIC,20210924-20220314,HS,21044189,57867,13.461,333.725154173,1,fair,NA
AIMS,2021-12-17T17:30:00Z,PRM04,STIC,20210924-20220314,HS,21044189,57867,13.654,333.725154173,1,fair,NA
AIMS,2021-12-17T18:00:00Z,PRM04,STIC,20210924-20220314,HS,21044189,57867,13.942,333.725154173,1,fair,NA
AIMS,2021-12-17T18:30:00Z,PRM04,STIC,20210924-20220314,HS,21044189,57867,14.134,333.725154173,1,fair,NA
AIMS,2021-12-17T19:00:00Z,PRM04,STIC,20210924-20220314,HS,21044189,46844.8,14.134,274.99171916520004,1,fair,NA
AIMS,2021-12-17T19:30:00Z,PRM04,STIC,20210924-20220314,HS,21044189,52355.9,14.23,304.35843666910006,1,fair,NA
AIMS,2021-12-17T20:00:00Z,PRM04,STIC,20210924-20220314,HS,21044189,3961.1,14.325,46.4795340439,1,fair,NA
AIMS,2021-12-17T20:30:00Z,PRM04,STIC,20210924-20220314,HS,21044189,22044.6,14.517,142.8401582354,1,fair,NA
AIMS,2021-12-17T21:00:00Z,PRM04,STIC,20210924-20220314,HS,21044189,850.4,14.709,29.9037055996,1,fair,NA
AIMS,2021-12-17T21:30:00Z,PRM04,STIC,20210924-20220314,HS,21044189,678.1,14.9,28.9855793769,1,fair,NA
AIMS,2021-12-17T22:00:00Z,PRM04,STIC,20210924-20220314,HS,21044189,624.3,14.9,28.6988980607,1,fair,NA
AIMS,2021-12-17T22:30:00Z,PRM04,STIC,20210924-20220314,HS,21044189,602.8,14.9,28.584332107199998,1,fair,NA
AIMS,2021-12-17T23:00:00Z,PRM04,STIC,20210924-20220314,HS,21044189,581.3,14.804,28.4697661537,1,fair,NA
AIMS,2021-12-17T23:30:00Z,PRM04,STIC,20210924-20220314,HS,21044189,549,14.613,28.297650791,1,fair,NA
AIMS,2021-12-18T00:00:00Z,PRM04,STIC,20210924-20220314,HS,21044189,516.7,14.517,28.125535428299997,1,fair,NA
AIMS,2021-12-18T00:30:00Z,PRM04,STIC,20210924-20220314,HS,21044189,473.6,14.421,27.8958706564,1,fair,NA
AIMS,2021-12-18T01:00:00Z,PRM04,STIC,20210924-20220314,HS,21044189,409,14.325,27.551639930999997,0,fair,NA
AIMS,2021-12-18T01:30:00Z,PRM04,STIC,20210924-20220314,HS,21044189,322.9,14.134,27.0928432521,0,fair,NA
AIMS,2021-12-18T02:00:00Z,PRM04,STIC,20210924-20220314,HS,21044189,290.6,14.038,26.9207278894,0,fair,NA
AIMS,2021-12-18T02:30:00Z,PRM04,STIC,20210924-20220314,HS,21044189,279.9,13.846,26.8637113451,0,fair,NA
AIMS,2021-12-18T03:00:00Z,PRM04,STIC,20210924-20220314,HS,21044189,269.1,13.75,26.8061619359,0,fair,NA
AIMS,2021-12-18T03:30:00Z,PRM04,STIC,20210924-20220314,HS,21044189,258.3,13.654,26.7486125267,0,fair,NA
AIMS,2021-12-18T04:00:00Z,PRM04,STIC,20210924-20220314,HS,21044189,247.6,13.461,26.6915959824,0,fair,NA
AIMS,2021-12-18T04:30:00Z,PRM04,STIC,20210924-20220314,HS,21044189,247.6,13.461,26.6915959824,0,fair,NA
AIMS,2021-12-18T05:00:00Z,PRM04,STIC,20210924-20220314,HS,21044189,247.6,13.269,26.6915959824,0,fair,NA
AIMS,2021-12-18T05:30:00Z,PRM04,STIC,20210924-20220314,HS,21044189,236.8,13.173,26.6340465732,0,fair,NA
AIMS,2021-12-18T06:00:00Z,PRM04,STIC,20210924-20220314,HS,21044189,226,13.076,26.576497164,0,fair,NA
AIMS,2021-12-18T06:30:00Z,PRM04,STIC,20210924-20220314,HS,21044189,226,13.076,26.576497164,0,fair,NA
AIMS,2021-12-18T07:00:00Z,PRM04,STIC,20210924-20220314,HS,21044189,215.3,12.98,26.519480619699998,0,fair,NA
AIMS,2021-12-18T07:30:00Z,PRM04,STIC,20210924-20220314,HS,21044189,215.3,12.98,26.519480619699998,0,fair,NA
AIMS,2021-12-18T08:00:00Z,PRM04,STIC,20210924-20220314,HS,21044189,204.5,12.98,26.461931210499998,0,fair,NA
AIMS,2021-12-18T08:30:00Z,PRM04,STIC,20210924-20220314,HS,21044189,204.5,12.98,26.461931210499998,0,fair,NA
AIMS,2021-12-18T09:00:00Z,PRM04,STIC,20210924-20220314,HS,21044189,193.8,12.98,26.4049146662,0,fair,NA
AIMS,2021-12-18T09:30:00Z,PRM04,STIC,20210924-20220314,HS,21044189,193.8,12.98,26.4049146662,0,fair,NA
AIMS,2021-12-18T10:00:00Z,PRM04,STIC,20210924-20220314,HS,21044189,193.8,13.076,26.4049146662,0,fair,NA
AIMS,2021-12-18T10:30:00Z,PRM04,STIC,20210924-20220314,HS,21044189,204.5,13.076,26.461931210499998,0,fair,NA
AIMS,2021-12-18T11:00:00Z,PRM04,STIC,20210924-20220314,HS,21044189,215.3,13.076,26.519480619699998,0,fair,NA
AIMS,2021-12-18T11:30:00Z,PRM04,STIC,20210924-20220314,HS,21044189,226,13.076,26.576497164,0,fair,NA
AIMS,2021-12-18T12:00:00Z,PRM04,STIC,20210924-20220314,HS,21044189,355.2,13.173,27.264958614799998,0,fair,NA
AIMS,2021-12-18T12:30:00Z,PRM04,STIC,20210924-20220314,HS,21044189,55111.5,13.269,319.04206185350006,1,fair,NA
AIMS,2021-12-18T13:00:00Z,PRM04,STIC,20210924-20220314,HS,21044189,49600.3,13.365,289.67481148470006,1,fair,NA
AIMS,2021-12-18T13:30:00Z,PRM04,STIC,20210924-20220314,HS,21044189,52355.9,13.654,304.35843666910006,1,fair,NA
AIMS,2021-12-18T14:00:00Z,PRM04,STIC,20210924-20220314,HS,21044189,46844.8,14.134,274.99171916520004,1,fair,NA
AIMS,2021-12-18T14:30:00Z,PRM04,STIC,20210924-20220314,HS,21044189,46844.8,14.325,274.99171916520004,1,fair,NA
AIMS,2021-12-18T15:00:00Z,PRM04,STIC,20210924-20220314,HS,21044189,49600.3,14.325,289.67481148470006,1,fair,NA
AIMS,2021-12-18T15:30:00Z,PRM04,STIC,20210924-20220314,HS,21044189,49600.3,14.421,289.67481148470006,1,fair,NA
AIMS,2021-12-18T16:00:00Z,PRM04,STIC,20210924-20220314,HS,21044189,49600.3,14.517,289.67481148470006,1,fair,NA
AIMS,2021-12-18T16:30:00Z,PRM04,STIC,20210924-20220314,HS,21044189,52355.9,14.613,304.35843666910006,1,fair,NA
AIMS,2021-12-18T17:00:00Z,PRM04,STIC,20210924-20220314,HS,21044189,52355.9,14.804,304.35843666910006,1,fair,NA
AIMS,2021-12-18T17:30:00Z,PRM04,STIC,20210924-20220314,HS,21044189,52355.9,14.9,304.35843666910006,1,fair,NA
AIMS,2021-12-18T18:00:00Z,PRM04,STIC,20210924-20220314,HS,21044189,52355.9,14.996,304.35843666910006,1,fair,NA
AIMS,2021-12-18T18:30:00Z,PRM04,STIC,20210924-20220314,HS,21044189,55111.5,15.187,319.04206185350006,1,fair,NA
AIMS,2021-12-18T19:00:00Z,PRM04,STIC,20210924-20220314,HS,21044189,52355.9,15.187,304.35843666910006,1,fair,NA
AIMS,2021-12-18T19:30:00Z,PRM04,STIC,20210924-20220314,HS,21044189,52355.9,15.091,304.35843666910006,1,fair,NA
AIMS,2021-12-18T20:00:00Z,PRM04,STIC,20210924-20220314,HS,21044189,52355.9,14.9,304.35843666910006,1,fair,NA
AIMS,2021-12-18T20:30:00Z,PRM04,STIC,20210924-20220314,HS,21044189,52355.9,14.804,304.35843666910006,1,fair,NA
AIMS,2021-12-18T21:00:00Z,PRM04,STIC,20210924-20220314,HS,21044189,52355.9,14.804,304.35843666910006,1,fair,NA
AIMS,2021-12-18T21:30:00Z,PRM04,STIC,20210924-20220314,HS,21044189,55111.5,14.804,319.04206185350006,1,fair,NA
AIMS,2021-12-18T22:00:00Z,PRM04,STIC,20210924-20220314,HS,21044189,55111.5,14.804,319.04206185350006,1,fair,NA
AIMS,2021-12-18T22:30:00Z,PRM04,STIC,20210924-20220314,HS,21044189,55111.5,14.804,319.04206185350006,1,fair,NA
AIMS,2021-12-18T23:00:00Z,PRM04,STIC,20210924-20220314,HS,21044189,55111.5,14.709,319.04206185350006,1,fair,NA
AIMS,2021-12-18T23:30:00Z,PRM04,STIC,20210924-20220314,HS,21044189,52355.9,14.709,304.35843666910006,1,fair,NA
AIMS,2021-12-19T00:00:00Z,PRM04,STIC,20210924-20220314,HS,21044189,52355.9,14.613,304.35843666910006,1,fair,NA
AIMS,2021-12-19T00:30:00Z,PRM04,STIC,20210924-20220314,HS,21044189,55111.5,14.613,319.04206185350006,1,fair,NA
AIMS,2021-12-19T01:00:00Z,PRM04,STIC,20210924-20220314,HS,21044189,52355.9,14.613,304.35843666910006,1,fair,NA
AIMS,2021-12-19T01:30:00Z,PRM04,STIC,20210924-20220314,HS,21044189,55111.5,14.517,319.04206185350006,1,fair,NA
AIMS,2021-12-19T02:00:00Z,PRM04,STIC,20210924-20220314,HS,21044189,55111.5,14.421,319.04206185350006,1,fair,NA
AIMS,2021-12-19T02:30:00Z,PRM04,STIC,20210924-20220314,HS,21044189,55111.5,14.421,319.04206185350006,1,fair,NA
AIMS,2021-12-19T03:00:00Z,PRM04,STIC,20210924-20220314,HS,21044189,55111.5,14.23,319.04206185350006,1,fair,NA
AIMS,2021-12-19T03:30:00Z,PRM04,STIC,20210924-20220314,HS,21044189,55111.5,14.038,319.04206185350006,1,fair,NA
AIMS,2021-12-19T04:00:00Z,PRM04,STIC,20210924-20220314,HS,21044189,52355.9,13.846,304.35843666910006,1,fair,NA
AIMS,2021-12-19T04:30:00Z,PRM04,STIC,20210924-20220314,HS,21044189,52355.9,13.654,304.35843666910006,1,fair,NA
AIMS,2021-12-19T05:00:00Z,PRM04,STIC,20210924-20220314,HS,21044189,52355.9,13.461,304.35843666910006,1,fair,NA
AIMS,2021-12-19T05:30:00Z,PRM04,STIC,20210924-20220314,HS,21044189,52355.9,13.269,304.35843666910006,1,fair,NA
AIMS,2021-12-19T06:00:00Z,PRM04,STIC,20210924-20220314,HS,21044189,52355.9,13.173,304.35843666910006,1,fair,NA
AIMS,2021-12-19T06:30:00Z,PRM04,STIC,20210924-20220314,HS,21044189,52355.9,12.98,304.35843666910006,1,fair,NA
AIMS,2021-12-19T07:00:00Z,PRM04,STIC,20210924-20220314,HS,21044189,52355.9,12.787,304.35843666910006,1,fair,NA
AIMS,2021-12-19T07:30:00Z,PRM04,STIC,20210924-20220314,HS,21044189,46844.8,12.69,274.99171916520004,1,fair,NA
AIMS,2021-12-19T08:00:00Z,PRM04,STIC,20210924-20220314,HS,21044189,52355.9,12.497,304.35843666910006,1,fair,NA
AIMS,2021-12-19T08:30:00Z,PRM04,STIC,20210924-20220314,HS,21044189,52355.9,12.401,304.35843666910006,1,fair,NA
AIMS,2021-12-19T09:00:00Z,PRM04,STIC,20210924-20220314,HS,21044189,52355.9,12.207,304.35843666910006,1,fair,NA
AIMS,2021-12-19T09:30:00Z,PRM04,STIC,20210924-20220314,HS,21044189,49600.3,12.11,289.67481148470006,1,fair,NA
AIMS,2021-12-19T10:00:00Z,PRM04,STIC,20210924-20220314,HS,21044189,49600.3,12.013,289.67481148470006,1,fair,NA
AIMS,2021-12-19T10:30:00Z,PRM04,STIC,20210924-20220314,HS,21044189,42711.4,11.916,252.9662813886,1,fair,NA
AIMS,2021-12-19T11:00:00Z,PRM04,STIC,20210924-20220314,HS,21044189,49600.3,11.819,289.67481148470006,1,fair,NA
AIMS,2021-12-19T11:30:00Z,PRM04,STIC,20210924-20220314,HS,21044189,44089.2,11.722,260.3080939808,1,fair,NA
AIMS,2021-12-19T12:00:00Z,PRM04,STIC,20210924-20220314,HS,21044189,41333.6,11.625,245.62446879639998,1,fair,NA
AIMS,2021-12-19T12:30:00Z,PRM04,STIC,20210924-20220314,HS,21044189,27555.7,11.625,172.20687573930002,1,fair,NA
AIMS,2021-12-19T13:00:00Z,PRM04,STIC,20210924-20220314,HS,21044189,52355.9,11.528,304.35843666910006,1,fair,NA
AIMS,2021-12-19T13:30:00Z,PRM04,STIC,20210924-20220314,HS,21044189,49600.3,11.431,289.67481148470006,1,fair,NA
AIMS,2021-12-19T14:00:00Z,PRM04,STIC,20210924-20220314,HS,21044189,49600.3,11.431,289.67481148470006,1,fair,NA
AIMS,2021-12-19T14:30:00Z,PRM04,STIC,20210924-20220314,HS,21044189,52355.9,11.334,304.35843666910006,1,fair,NA
AIMS,2021-12-19T15:00:00Z,PRM04,STIC,20210924-20220314,HS,21044189,49600.3,11.236,289.67481148470006,1,fair,NA
AIMS,2021-12-19T15:30:00Z,PRM04,STIC,20210924-20220314,HS,21044189,44089.2,11.236,260.3080939808,1,fair,NA
AIMS,2021-12-19T16:00:00Z,PRM04,STIC,20210924-20220314,HS,21044189,49600.3,11.236,289.67481148470006,1,fair,NA
AIMS,2021-12-19T16:30:00Z,PRM04,STIC,20210924-20220314,HS,21044189,3616.7,11.236,44.6443473283,1,fair,NA
AIMS,2021-12-19T17:00:00Z,PRM04,STIC,20210924-20220314,HS,21044189,55111.5,11.236,319.04206185350006,1,fair,NA
AIMS,2021-12-19T17:30:00Z,PRM04,STIC,20210924-20220314,HS,21044189,52355.9,11.139,304.35843666910006,1,fair,NA
AIMS,2021-12-19T18:00:00Z,PRM04,STIC,20210924-20220314,HS,21044189,52355.9,11.236,304.35843666910006,1,fair,NA
AIMS,2021-12-19T18:30:00Z,PRM04,STIC,20210924-20220314,HS,21044189,52355.9,11.236,304.35843666910006,1,fair,NA
AIMS,2021-12-19T19:00:00Z,PRM04,STIC,20210924-20220314,HS,21044189,52355.9,11.236,304.35843666910006,1,fair,NA
AIMS,2021-12-19T19:30:00Z,PRM04,STIC,20210924-20220314,HS,21044189,52355.9,11.139,304.35843666910006,1,fair,NA
AIMS,2021-12-19T20:00:00Z,PRM04,STIC,20210924-20220314,HS,21044189,52355.9,11.139,304.35843666910006,1,fair,NA
AIMS,2021-12-19T20:30:00Z,PRM04,STIC,20210924-20220314,HS,21044189,52355.9,11.139,304.35843666910006,1,fair,NA
AIMS,2021-12-19T21:00:00Z,PRM04,STIC,20210924-20220314,HS,21044189,52355.9,11.139,304.35843666910006,1,fair,NA
AIMS,2021-12-19T21:30:00Z,PRM04,STIC,20210924-20220314,HS,21044189,49600.3,11.041,289.67481148470006,1,fair,NA
AIMS,2021-12-19T22:00:00Z,PRM04,STIC,20210924-20220314,HS,21044189,34444.7,11.041,208.9159387003,1,fair,NA
AIMS,2021-12-19T22:30:00Z,PRM04,STIC,20210924-20220314,HS,21044189,49600.3,10.846,289.67481148470006,1,fair,NA
AIMS,2021-12-19T23:00:00Z,PRM04,STIC,20210924-20220314,HS,21044189,46844.8,10.651,274.99171916520004,1,fair,NA
AIMS,2021-12-19T23:30:00Z,PRM04,STIC,20210924-20220314,HS,21044189,49600.3,10.553,289.67481148470006,1,fair,NA
AIMS,2021-12-20T00:00:00Z,PRM04,STIC,20210924-20220314,HS,21044189,49600.3,10.455,289.67481148470006,1,fair,NA
AIMS,2021-12-20T00:30:00Z,PRM04,STIC,20210924-20220314,HS,21044189,44089.2,10.259,260.3080939808,1,fair,NA
AIMS,2021-12-20T01:00:00Z,PRM04,STIC,20210924-20220314,HS,21044189,49600.3,10.161,289.67481148470006,1,fair,NA
AIMS,2021-12-20T01:30:00Z,PRM04,STIC,20210924-20220314,HS,21044189,49600.3,10.063,289.67481148470006,1,fair,NA
AIMS,2021-12-20T02:00:00Z,PRM04,STIC,20210924-20220314,HS,21044189,44089.2,9.965,260.3080939808,1,fair,NA
AIMS,2021-12-20T02:30:00Z,PRM04,STIC,20210924-20220314,HS,21044189,49600.3,9.866,289.67481148470006,1,fair,NA
AIMS,2021-12-20T03:00:00Z,PRM04,STIC,20210924-20220314,HS,21044189,49600.3,9.768,289.67481148470006,1,fair,NA
AIMS,2021-12-20T03:30:00Z,PRM04,STIC,20210924-20220314,HS,21044189,46844.8,9.669,274.99171916520004,1,fair,NA
AIMS,2021-12-20T04:00:00Z,PRM04,STIC,20210924-20220314,HS,21044189,41333.6,9.472,245.62446879639998,1,fair,NA
AIMS,2021-12-20T04:30:00Z,PRM04,STIC,20210924-20220314,HS,21044189,46844.8,9.472,274.99171916520004,1,fair,NA
AIMS,2021-12-20T05:00:00Z,PRM04,STIC,20210924-20220314,HS,21044189,49600.3,9.373,289.67481148470006,1,fair,NA
AIMS,2021-12-20T05:30:00Z,PRM04,STIC,20210924-20220314,HS,21044189,49600.3,9.275,289.67481148470006,1,fair,NA
AIMS,2021-12-20T06:00:00Z,PRM04,STIC,20210924-20220314,HS,21044189,49600.3,9.176,289.67481148470006,1,fair,NA
AIMS,2021-12-20T06:30:00Z,PRM04,STIC,20210924-20220314,HS,21044189,49600.3,9.077,289.67481148470006,1,fair,NA
AIMS,2021-12-20T07:00:00Z,PRM04,STIC,20210924-20220314,HS,21044189,49600.3,9.077,289.67481148470006,1,fair,NA
AIMS,2021-12-20T07:30:00Z,PRM04,STIC,20210924-20220314,HS,21044189,49600.3,8.978,289.67481148470006,1,fair,NA
AIMS,2021-12-20T08:00:00Z,PRM04,STIC,20210924-20220314,HS,21044189,46844.8,8.879,274.99171916520004,1,fair,NA
AIMS,2021-12-20T08:30:00Z,PRM04,STIC,20210924-20220314,HS,21044189,42711.4,8.879,252.9662813886,1,fair,NA
AIMS,2021-12-20T09:00:00Z,PRM04,STIC,20210924-20220314,HS,21044189,49600.3,8.978,289.67481148470006,1,fair,NA
AIMS,2021-12-20T09:30:00Z,PRM04,STIC,20210924-20220314,HS,21044189,49600.3,8.978,289.67481148470006,1,fair,NA
AIMS,2021-12-20T10:00:00Z,PRM04,STIC,20210924-20220314,HS,21044189,49600.3,8.978,289.67481148470006,1,fair,NA
AIMS,2021-12-20T10:30:00Z,PRM04,STIC,20210924-20220314,HS,21044189,46844.8,9.077,274.99171916520004,1,fair,NA
AIMS,2021-12-20T11:00:00Z,PRM04,STIC,20210924-20220314,HS,21044189,46844.8,9.077,274.99171916520004,1,fair,NA
AIMS,2021-12-20T11:30:00Z,PRM04,STIC,20210924-20220314,HS,21044189,23422.4,9.077,150.18197082760003,1,fair,NA
AIMS,2021-12-20T12:00:00Z,PRM04,STIC,20210924-20220314,HS,21044189,37200.2,9.077,223.5990310198,1,fair,NA
AIMS,2021-12-20T12:30:00Z,PRM04,STIC,20210924-20220314,HS,21044189,31689.1,9.176,194.2323135159,1,fair,NA
AIMS,2021-12-20T13:00:00Z,PRM04,STIC,20210924-20220314,HS,21044189,49600.3,9.176,289.67481148470006,1,fair,NA
AIMS,2021-12-20T13:30:00Z,PRM04,STIC,20210924-20220314,HS,21044189,49600.3,9.176,289.67481148470006,1,fair,NA
AIMS,2021-12-20T14:00:00Z,PRM04,STIC,20210924-20220314,HS,21044189,49600.3,9.176,289.67481148470006,1,fair,NA
AIMS,2021-12-20T14:30:00Z,PRM04,STIC,20210924-20220314,HS,21044189,46844.8,9.077,274.99171916520004,1,fair,NA
AIMS,2021-12-20T15:00:00Z,PRM04,STIC,20210924-20220314,HS,21044189,44089.2,9.077,260.3080939808,1,fair,NA
AIMS,2021-12-20T15:30:00Z,PRM04,STIC,20210924-20220314,HS,21044189,44089.2,9.176,260.3080939808,1,fair,NA
AIMS,2021-12-20T16:00:00Z,PRM04,STIC,20210924-20220314,HS,21044189,27555.7,9.176,172.20687573930002,1,fair,NA
AIMS,2021-12-20T16:30:00Z,PRM04,STIC,20210924-20220314,HS,21044189,49600.3,9.275,289.67481148470006,1,fair,NA
AIMS,2021-12-20T17:00:00Z,PRM04,STIC,20210924-20220314,HS,21044189,49600.3,9.472,289.67481148470006,1,fair,NA
AIMS,2021-12-20T17:30:00Z,PRM04,STIC,20210924-20220314,HS,21044189,46844.8,9.571,274.99171916520004,1,fair,NA
AIMS,2021-12-20T18:00:00Z,PRM04,STIC,20210924-20220314,HS,21044189,49600.3,9.768,289.67481148470006,1,fair,NA
AIMS,2021-12-20T18:30:00Z,PRM04,STIC,20210924-20220314,HS,21044189,46844.8,9.866,274.99171916520004,1,fair,NA
AIMS,2021-12-20T19:00:00Z,PRM04,STIC,20210924-20220314,HS,21044189,44089.2,9.965,260.3080939808,1,fair,NA
AIMS,2021-12-20T19:30:00Z,PRM04,STIC,20210924-20220314,HS,21044189,2238.9,10.063,37.3025347361,1,fair,NA
AIMS,2021-12-20T20:00:00Z,PRM04,STIC,20210924-20220314,HS,21044189,52355.9,10.259,304.35843666910006,1,fair,NA
AIMS,2021-12-20T20:30:00Z,PRM04,STIC,20210924-20220314,HS,21044189,49600.3,10.357,289.67481148470006,1,fair,NA
AIMS,2021-12-20T21:00:00Z,PRM04,STIC,20210924-20220314,HS,21044189,49600.3,10.455,289.67481148470006,1,fair,NA
AIMS,2021-12-20T21:30:00Z,PRM04,STIC,20210924-20220314,HS,21044189,46844.8,10.553,274.99171916520004,1,fair,NA
AIMS,2021-12-20T22:00:00Z,PRM04,STIC,20210924-20220314,HS,21044189,46844.8,10.553,274.99171916520004,1,fair,NA
AIMS,2021-12-20T22:30:00Z,PRM04,STIC,20210924-20220314,HS,21044189,44089.2,10.553,260.3080939808,1,fair,NA
AIMS,2021-12-20T23:00:00Z,PRM04,STIC,20210924-20220314,HS,21044189,46844.8,10.553,274.99171916520004,1,fair,NA
AIMS,2021-12-20T23:30:00Z,PRM04,STIC,20210924-20220314,HS,21044189,41333.6,10.455,245.62446879639998,1,fair,NA
AIMS,2021-12-21T00:00:00Z,PRM04,STIC,20210924-20220314,HS,21044189,1894.5,10.357,35.4673480205,1,fair,NA
AIMS,2021-12-21T00:30:00Z,PRM04,STIC,20210924-20220314,HS,21044189,52355.9,10.259,304.35843666910006,1,fair,NA
AIMS,2021-12-21T01:00:00Z,PRM04,STIC,20210924-20220314,HS,21044189,49600.3,10.161,289.67481148470006,1,fair,NA
AIMS,2021-12-21T01:30:00Z,PRM04,STIC,20210924-20220314,HS,21044189,49600.3,10.063,289.67481148470006,1,fair,NA
AIMS,2021-12-21T02:00:00Z,PRM04,STIC,20210924-20220314,HS,21044189,49600.3,9.866,289.67481148470006,1,fair,NA
AIMS,2021-12-21T02:30:00Z,PRM04,STIC,20210924-20220314,HS,21044189,49600.3,9.866,289.67481148470006,1,fair,NA
AIMS,2021-12-21T03:00:00Z,PRM04,STIC,20210924-20220314,HS,21044189,49600.3,9.768,289.67481148470006,1,fair,NA
AIMS,2021-12-21T03:30:00Z,PRM04,STIC,20210924-20220314,HS,21044189,46844.8,9.669,274.99171916520004,1,fair,NA
AIMS,2021-12-21T04:00:00Z,PRM04,STIC,20210924-20220314,HS,21044189,46844.8,9.571,274.99171916520004,1,fair,NA
AIMS,2021-12-21T04:30:00Z,PRM04,STIC,20210924-20220314,HS,21044189,42711.4,9.571,252.9662813886,1,fair,NA
AIMS,2021-12-21T05:00:00Z,PRM04,STIC,20210924-20220314,HS,21044189,42711.4,9.472,252.9662813886,1,fair,NA
AIMS,2021-12-21T05:30:00Z,PRM04,STIC,20210924-20220314,HS,21044189,49600.3,9.472,289.67481148470006,1,fair,NA
AIMS,2021-12-21T06:00:00Z,PRM04,STIC,20210924-20220314,HS,21044189,49600.3,9.472,289.67481148470006,1,fair,NA
AIMS,2021-12-21T06:30:00Z,PRM04,STIC,20210924-20220314,HS,21044189,49600.3,9.472,289.67481148470006,1,fair,NA
AIMS,2021-12-21T07:00:00Z,PRM04,STIC,20210924-20220314,HS,21044189,49600.3,9.472,289.67481148470006,1,fair,NA
AIMS,2021-12-21T07:30:00Z,PRM04,STIC,20210924-20220314,HS,21044189,46844.8,9.472,274.99171916520004,1,fair,NA
AIMS,2021-12-21T08:00:00Z,PRM04,STIC,20210924-20220314,HS,21044189,46844.8,9.472,274.99171916520004,1,fair,NA
AIMS,2021-12-21T08:30:00Z,PRM04,STIC,20210924-20220314,HS,21044189,22044.6,9.472,142.8401582354,1,fair,NA
AIMS,2021-12-21T09:00:00Z,PRM04,STIC,20210924-20220314,HS,21044189,46844.8,9.472,274.99171916520004,1,fair,NA
AIMS,2021-12-21T09:30:00Z,PRM04,STIC,20210924-20220314,HS,21044189,46844.8,9.472,274.99171916520004,1,fair,NA
AIMS,2021-12-21T10:00:00Z,PRM04,STIC,20210924-20220314,HS,21044189,49600.3,9.472,289.67481148470006,1,fair,NA
AIMS,2021-12-21T10:30:00Z,PRM04,STIC,20210924-20220314,HS,21044189,49600.3,9.472,289.67481148470006,1,fair,NA
AIMS,2021-12-21T11:00:00Z,PRM04,STIC,20210924-20220314,HS,21044189,49600.3,9.472,289.67481148470006,1,fair,NA
AIMS,2021-12-21T11:30:00Z,PRM04,STIC,20210924-20220314,HS,21044189,49600.3,9.472,289.67481148470006,1,fair,NA
AIMS,2021-12-21T12:00:00Z,PRM04,STIC,20210924-20220314,HS,21044189,49600.3,9.472,289.67481148470006,1,fair,NA
AIMS,2021-12-21T12:30:00Z,PRM04,STIC,20210924-20220314,HS,21044189,49600.3,9.472,289.67481148470006,1,fair,NA
AIMS,2021-12-21T13:00:00Z,PRM04,STIC,20210924-20220314,HS,21044189,46844.8,9.472,274.99171916520004,1,fair,NA
AIMS,2021-12-21T13:30:00Z,PRM04,STIC,20210924-20220314,HS,21044189,46844.8,9.472,274.99171916520004,1,fair,NA
AIMS,2021-12-21T14:00:00Z,PRM04,STIC,20210924-20220314,HS,21044189,49600.3,9.472,289.67481148470006,1,fair,NA
AIMS,2021-12-21T14:30:00Z,PRM04,STIC,20210924-20220314,HS,21044189,46844.8,9.472,274.99171916520004,1,fair,NA
AIMS,2021-12-21T15:00:00Z,PRM04,STIC,20210924-20220314,HS,21044189,42711.4,9.571,252.9662813886,1,fair,NA
AIMS,2021-12-21T15:30:00Z,PRM04,STIC,20210924-20220314,HS,21044189,46844.8,9.571,274.99171916520004,1,fair,NA
AIMS,2021-12-21T16:00:00Z,PRM04,STIC,20210924-20220314,HS,21044189,44089.2,9.669,260.3080939808,1,fair,NA
AIMS,2021-12-21T16:30:00Z,PRM04,STIC,20210924-20220314,HS,21044189,39955.8,9.768,238.2826562042,1,fair,NA
AIMS,2021-12-21T17:00:00Z,PRM04,STIC,20210924-20220314,HS,21044189,42711.4,9.965,252.9662813886,1,fair,NA
AIMS,2021-12-21T17:30:00Z,PRM04,STIC,20210924-20220314,HS,21044189,49600.3,10.063,289.67481148470006,1,fair,NA
AIMS,2021-12-21T18:00:00Z,PRM04,STIC,20210924-20220314,HS,21044189,49600.3,10.161,289.67481148470006,1,fair,NA
AIMS,2021-12-21T18:30:00Z,PRM04,STIC,20210924-20220314,HS,21044189,49600.3,10.259,289.67481148470006,1,fair,NA
AIMS,2021-12-21T19:00:00Z,PRM04,STIC,20210924-20220314,HS,21044189,49600.3,10.259,289.67481148470006,1,fair,NA
AIMS,2021-12-21T19:30:00Z,PRM04,STIC,20210924-20220314,HS,21044189,49600.3,10.357,289.67481148470006,1,fair,NA
AIMS,2021-12-21T20:00:00Z,PRM04,STIC,20210924-20220314,HS,21044189,44089.2,10.357,260.3080939808,1,fair,NA
AIMS,2021-12-21T20:30:00Z,PRM04,STIC,20210924-20220314,HS,21044189,46844.8,10.553,274.99171916520004,1,fair,NA
AIMS,2021-12-21T21:00:00Z,PRM04,STIC,20210924-20220314,HS,21044189,49600.3,10.651,289.67481148470006,1,fair,NA
AIMS,2021-12-21T21:30:00Z,PRM04,STIC,20210924-20220314,HS,21044189,49600.3,10.651,289.67481148470006,1,fair,NA
AIMS,2021-12-21T22:00:00Z,PRM04,STIC,20210924-20220314,HS,21044189,46844.8,10.748,274.99171916520004,1,fair,NA
AIMS,2021-12-21T22:30:00Z,PRM04,STIC,20210924-20220314,HS,21044189,46844.8,10.748,274.99171916520004,1,fair,NA
AIMS,2021-12-21T23:00:00Z,PRM04,STIC,20210924-20220314,HS,21044189,44089.2,10.651,260.3080939808,1,fair,NA
AIMS,2021-12-21T23:30:00Z,PRM04,STIC,20210924-20220314,HS,21044189,46844.8,10.553,274.99171916520004,1,fair,NA
AIMS,2021-12-22T00:00:00Z,PRM04,STIC,20210924-20220314,HS,21044189,44089.2,10.455,260.3080939808,1,fair,NA
AIMS,2021-12-22T00:30:00Z,PRM04,STIC,20210924-20220314,HS,21044189,44089.2,10.455,260.3080939808,1,fair,NA
AIMS,2021-12-22T01:00:00Z,PRM04,STIC,20210924-20220314,HS,21044189,42711.4,10.357,252.9662813886,1,fair,NA
AIMS,2021-12-22T01:30:00Z,PRM04,STIC,20210924-20220314,HS,21044189,49600.3,10.357,289.67481148470006,1,fair,NA
AIMS,2021-12-22T02:00:00Z,PRM04,STIC,20210924-20220314,HS,21044189,49600.3,10.259,289.67481148470006,1,fair,NA
AIMS,2021-12-22T02:30:00Z,PRM04,STIC,20210924-20220314,HS,21044189,49600.3,10.259,289.67481148470006,1,fair,NA
AIMS,2021-12-22T03:00:00Z,PRM04,STIC,20210924-20220314,HS,21044189,49600.3,10.161,289.67481148470006,1,fair,NA
AIMS,2021-12-22T03:30:00Z,PRM04,STIC,20210924-20220314,HS,21044189,49600.3,9.965,289.67481148470006,1,fair,NA
AIMS,2021-12-22T04:00:00Z,PRM04,STIC,20210924-20220314,HS,21044189,49600.3,9.866,289.67481148470006,1,fair,NA
AIMS,2021-12-22T04:30:00Z,PRM04,STIC,20210924-20220314,HS,21044189,49600.3,9.669,289.67481148470006,1,fair,NA
AIMS,2021-12-22T05:00:00Z,PRM04,STIC,20210924-20220314,HS,21044189,49600.3,9.571,289.67481148470006,1,fair,NA
AIMS,2021-12-22T05:30:00Z,PRM04,STIC,20210924-20220314,HS,21044189,49600.3,9.373,289.67481148470006,1,fair,NA
AIMS,2021-12-22T06:00:00Z,PRM04,STIC,20210924-20220314,HS,21044189,46844.8,9.275,274.99171916520004,1,fair,NA
AIMS,2021-12-22T06:30:00Z,PRM04,STIC,20210924-20220314,HS,21044189,49600.3,9.176,289.67481148470006,1,fair,NA
AIMS,2021-12-22T07:00:00Z,PRM04,STIC,20210924-20220314,HS,21044189,46844.8,8.978,274.99171916520004,1,fair,NA
AIMS,2021-12-22T07:30:00Z,PRM04,STIC,20210924-20220314,HS,21044189,46844.8,8.879,274.99171916520004,1,fair,NA
AIMS,2021-12-22T08:00:00Z,PRM04,STIC,20210924-20220314,HS,21044189,46844.8,8.779,274.99171916520004,1,fair,NA
AIMS,2021-12-22T08:30:00Z,PRM04,STIC,20210924-20220314,HS,21044189,49600.3,8.68,289.67481148470006,1,fair,NA
AIMS,2021-12-22T09:00:00Z,PRM04,STIC,20210924-20220314,HS,21044189,49600.3,8.581,289.67481148470006,1,fair,NA
AIMS,2021-12-22T09:30:00Z,PRM04,STIC,20210924-20220314,HS,21044189,49600.3,8.481,289.67481148470006,1,fair,NA
AIMS,2021-12-22T10:00:00Z,PRM04,STIC,20210924-20220314,HS,21044189,49600.3,8.382,289.67481148470006,1,fair,NA
AIMS,2021-12-22T10:30:00Z,PRM04,STIC,20210924-20220314,HS,21044189,49600.3,8.282,289.67481148470006,1,fair,NA
AIMS,2021-12-22T11:00:00Z,PRM04,STIC,20210924-20220314,HS,21044189,46844.8,8.182,274.99171916520004,1,fair,NA
AIMS,2021-12-22T11:30:00Z,PRM04,STIC,20210924-20220314,HS,21044189,46844.8,8.082,274.99171916520004,1,fair,NA
AIMS,2021-12-22T12:00:00Z,PRM04,STIC,20210924-20220314,HS,21044189,46844.8,7.983,274.99171916520004,1,fair,NA
AIMS,2021-12-22T12:30:00Z,PRM04,STIC,20210924-20220314,HS,21044189,46844.8,7.882,274.99171916520004,1,fair,NA
AIMS,2021-12-22T13:00:00Z,PRM04,STIC,20210924-20220314,HS,21044189,46844.8,7.882,274.99171916520004,1,fair,NA
AIMS,2021-12-22T13:30:00Z,PRM04,STIC,20210924-20220314,HS,21044189,46844.8,7.782,274.99171916520004,1,fair,NA
AIMS,2021-12-22T14:00:00Z,PRM04,STIC,20210924-20220314,HS,21044189,46844.8,7.782,274.99171916520004,1,fair,NA
AIMS,2021-12-22T14:30:00Z,PRM04,STIC,20210924-20220314,HS,21044189,46844.8,7.882,274.99171916520004,1,fair,NA
AIMS,2021-12-22T15:00:00Z,PRM04,STIC,20210924-20220314,HS,21044189,46844.8,7.882,274.99171916520004,1,fair,NA
AIMS,2021-12-22T15:30:00Z,PRM04,STIC,20210924-20220314,HS,21044189,46844.8,7.882,274.99171916520004,1,fair,NA
AIMS,2021-12-22T16:00:00Z,PRM04,STIC,20210924-20220314,HS,21044189,46844.8,7.882,274.99171916520004,1,fair,NA
AIMS,2021-12-22T16:30:00Z,PRM04,STIC,20210924-20220314,HS,21044189,46844.8,7.882,274.99171916520004,1,fair,NA
AIMS,2021-12-22T17:00:00Z,PRM04,STIC,20210924-20220314,HS,21044189,46844.8,7.983,274.99171916520004,1,fair,NA
AIMS,2021-12-22T17:30:00Z,PRM04,STIC,20210924-20220314,HS,21044189,46844.8,7.983,274.99171916520004,1,fair,NA
AIMS,2021-12-22T18:00:00Z,PRM04,STIC,20210924-20220314,HS,21044189,46844.8,7.983,274.99171916520004,1,fair,NA
AIMS,2021-12-22T18:30:00Z,PRM04,STIC,20210924-20220314,HS,21044189,46844.8,8.082,274.99171916520004,1,fair,NA
AIMS,2021-12-22T19:00:00Z,PRM04,STIC,20210924-20220314,HS,21044189,46844.8,8.182,274.99171916520004,1,fair,NA
AIMS,2021-12-22T19:30:00Z,PRM04,STIC,20210924-20220314,HS,21044189,46844.8,8.182,274.99171916520004,1,fair,NA
AIMS,2021-12-22T20:00:00Z,PRM04,STIC,20210924-20220314,HS,21044189,46844.8,8.182,274.99171916520004,1,fair,NA
AIMS,2021-12-22T20:30:00Z,PRM04,STIC,20210924-20220314,HS,21044189,46844.8,8.182,274.99171916520004,1,fair,NA
AIMS,2021-12-22T21:00:00Z,PRM04,STIC,20210924-20220314,HS,21044189,46844.8,8.182,274.99171916520004,1,fair,NA
AIMS,2021-12-22T21:30:00Z,PRM04,STIC,20210924-20220314,HS,21044189,46844.8,8.182,274.99171916520004,1,fair,NA
AIMS,2021-12-22T22:00:00Z,PRM04,STIC,20210924-20220314,HS,21044189,46844.8,8.182,274.99171916520004,1,fair,NA
AIMS,2021-12-22T22:30:00Z,PRM04,STIC,20210924-20220314,HS,21044189,46844.8,8.082,274.99171916520004,1,fair,NA
AIMS,2021-12-22T23:00:00Z,PRM04,STIC,20210924-20220314,HS,21044189,46844.8,8.082,274.99171916520004,1,fair,NA
AIMS,2021-12-22T23:30:00Z,PRM04,STIC,20210924-20220314,HS,21044189,46844.8,7.983,274.99171916520004,1,fair,NA
AIMS,2021-12-23T00:00:00Z,PRM04,STIC,20210924-20220314,HS,21044189,46844.8,7.983,274.99171916520004,1,fair,NA
AIMS,2021-12-23T00:30:00Z,PRM04,STIC,20210924-20220314,HS,21044189,46844.8,7.882,274.99171916520004,1,fair,NA
AIMS,2021-12-23T01:00:00Z,PRM04,STIC,20210924-20220314,HS,21044189,46844.8,7.782,274.99171916520004,1,fair,NA
AIMS,2021-12-23T01:30:00Z,PRM04,STIC,20210924-20220314,HS,21044189,46844.8,7.682,274.99171916520004,1,fair,NA
AIMS,2021-12-23T02:00:00Z,PRM04,STIC,20210924-20220314,HS,21044189,46844.8,7.481,274.99171916520004,1,fair,NA
AIMS,2021-12-23T02:30:00Z,PRM04,STIC,20210924-20220314,HS,21044189,46844.8,7.381,274.99171916520004,1,fair,NA
AIMS,2021-12-23T03:00:00Z,PRM04,STIC,20210924-20220314,HS,21044189,46844.8,7.179,274.99171916520004,1,fair,NA
AIMS,2021-12-23T03:30:00Z,PRM04,STIC,20210924-20220314,HS,21044189,46844.8,6.978,274.99171916520004,1,fair,NA
AIMS,2021-12-23T04:00:00Z,PRM04,STIC,20210924-20220314,HS,21044189,46844.8,6.877,274.99171916520004,1,fair,NA
AIMS,2021-12-23T04:30:00Z,PRM04,STIC,20210924-20220314,HS,21044189,46844.8,6.674,274.99171916520004,1,fair,NA
AIMS,2021-12-23T05:00:00Z,PRM04,STIC,20210924-20220314,HS,21044189,46844.8,6.573,274.99171916520004,1,fair,NA
AIMS,2021-12-23T05:30:00Z,PRM04,STIC,20210924-20220314,HS,21044189,46844.8,6.471,274.99171916520004,1,fair,NA
AIMS,2021-12-23T06:00:00Z,PRM04,STIC,20210924-20220314,HS,21044189,46844.8,6.37,274.99171916520004,1,fair,NA
AIMS,2021-12-23T06:30:00Z,PRM04,STIC,20210924-20220314,HS,21044189,46844.8,6.166,274.99171916520004,1,fair,NA
AIMS,2021-12-23T07:00:00Z,PRM04,STIC,20210924-20220314,HS,21044189,42711.4,6.166,252.9662813886,1,fair,NA
AIMS,2021-12-23T07:30:00Z,PRM04,STIC,20210924-20220314,HS,21044189,28933.5,5.962,179.5486883315,1,fair,NA
AIMS,2021-12-23T08:00:00Z,PRM04,STIC,20210924-20220314,HS,21044189,37200.2,5.962,223.5990310198,1,fair,NA
AIMS,2021-12-23T08:30:00Z,PRM04,STIC,20210924-20220314,HS,21044189,22044.6,5.86,142.8401582354,1,fair,NA
AIMS,2021-12-23T09:00:00Z,PRM04,STIC,20210924-20220314,HS,21044189,13089,5.757,95.118909251,1,fair,NA
AIMS,2021-12-23T09:30:00Z,PRM04,STIC,20210924-20220314,HS,21044189,4477.8,5.655,49.2328469822,1,fair,NA
AIMS,2021-12-23T10:00:00Z,PRM04,STIC,20210924-20220314,HS,21044189,5166.7,5.552,52.9037532783,1,fair,NA
AIMS,2021-12-23T10:30:00Z,PRM04,STIC,20210924-20220314,HS,21044189,26178,5.45,164.86559601200003,1,fair,D
AIMS,2021-12-23T11:00:00Z,PRM04,STIC,20210924-20220314,HS,21044189,1980.6,5.347,35.9261446994,1,fair,NA
AIMS,2021-12-23T11:30:00Z,PRM04,STIC,20210924-20220314,HS,21044189,1377.8,5.141,32.7140350822,1,fair,NA
AIMS,2021-12-23T12:00:00Z,PRM04,STIC,20210924-20220314,HS,21044189,1377.8,5.037,32.7140350822,1,fair,NA
AIMS,2021-12-23T12:30:00Z,PRM04,STIC,20210924-20220314,HS,21044189,936.5,5.037,30.3625022785,1,fair,NA
AIMS,2021-12-23T13:00:00Z,PRM04,STIC,20210924-20220314,HS,21044189,925.7,4.934,30.3049528693,1,fair,NA
AIMS,2021-12-23T13:30:00Z,PRM04,STIC,20210924-20220314,HS,21044189,796.5,4.831,29.616491418499997,1,fair,NA
AIMS,2021-12-23T14:00:00Z,PRM04,STIC,20210924-20220314,HS,21044189,559.7,4.727,28.3546673353,1,fair,NA
AIMS,2021-12-23T14:30:00Z,PRM04,STIC,20210924-20220314,HS,21044189,505.9,4.727,28.067986019099997,1,fair,NA
AIMS,2021-12-23T15:00:00Z,PRM04,STIC,20210924-20220314,HS,21044189,495.1,4.623,28.010436609899998,1,fair,NA
AIMS,2021-12-23T15:30:00Z,PRM04,STIC,20210924-20220314,HS,21044189,473.6,4.727,27.8958706564,1,fair,NA
AIMS,2021-12-23T16:00:00Z,PRM04,STIC,20210924-20220314,HS,21044189,452.1,4.727,27.781304702899998,0,fair,NA
AIMS,2021-12-23T16:30:00Z,PRM04,STIC,20210924-20220314,HS,21044189,452.1,4.831,27.781304702899998,0,fair,NA
AIMS,2021-12-23T17:00:00Z,PRM04,STIC,20210924-20220314,HS,21044189,398.3,4.934,27.4946233867,0,fair,NA
AIMS,2021-12-23T17:30:00Z,PRM04,STIC,20210924-20220314,HS,21044189,376.7,5.141,27.3795245683,0,fair,NA
AIMS,2021-12-23T18:00:00Z,PRM04,STIC,20210924-20220314,HS,21044189,355.2,5.347,27.264958614799998,0,fair,NA
AIMS,2021-12-23T18:30:00Z,PRM04,STIC,20210924-20220314,HS,21044189,344.4,5.552,27.207409205599998,0,fair,NA
AIMS,2021-12-23T19:00:00Z,PRM04,STIC,20210924-20220314,HS,21044189,333.7,5.86,27.1503926613,0,fair,NA
AIMS,2021-12-23T19:30:00Z,PRM04,STIC,20210924-20220314,HS,21044189,322.9,6.166,27.0928432521,0,fair,NA
AIMS,2021-12-23T20:00:00Z,PRM04,STIC,20210924-20220314,HS,21044189,312.2,6.37,27.0358267078,0,fair,NA
AIMS,2021-12-23T20:30:00Z,PRM04,STIC,20210924-20220314,HS,21044189,301.4,6.573,26.9782772986,0,fair,NA
AIMS,2021-12-23T21:00:00Z,PRM04,STIC,20210924-20220314,HS,21044189,290.6,6.775,26.9207278894,0,fair,NA
AIMS,2021-12-23T21:30:00Z,PRM04,STIC,20210924-20220314,HS,21044189,290.6,6.978,26.9207278894,0,fair,NA
AIMS,2021-12-23T22:00:00Z,PRM04,STIC,20210924-20220314,HS,21044189,290.6,7.079,26.9207278894,0,fair,NA
AIMS,2021-12-23T22:30:00Z,PRM04,STIC,20210924-20220314,HS,21044189,290.6,7.079,26.9207278894,0,fair,NA
AIMS,2021-12-23T23:00:00Z,PRM04,STIC,20210924-20220314,HS,21044189,279.9,7.179,26.8637113451,0,fair,NA
AIMS,2021-12-23T23:30:00Z,PRM04,STIC,20210924-20220314,HS,21044189,279.9,7.179,26.8637113451,0,fair,NA
AIMS,2021-12-24T00:00:00Z,PRM04,STIC,20210924-20220314,HS,21044189,279.9,7.179,26.8637113451,0,fair,NA
AIMS,2021-12-24T00:30:00Z,PRM04,STIC,20210924-20220314,HS,21044189,279.9,7.079,26.8637113451,0,fair,NA
AIMS,2021-12-24T01:00:00Z,PRM04,STIC,20210924-20220314,HS,21044189,279.9,6.978,26.8637113451,0,fair,NA
AIMS,2021-12-24T01:30:00Z,PRM04,STIC,20210924-20220314,HS,21044189,269.1,6.877,26.8061619359,0,fair,NA
AIMS,2021-12-24T02:00:00Z,PRM04,STIC,20210924-20220314,HS,21044189,258.3,6.775,26.7486125267,0,fair,NA
AIMS,2021-12-24T02:30:00Z,PRM04,STIC,20210924-20220314,HS,21044189,247.6,6.573,26.6915959824,0,fair,NA
AIMS,2021-12-24T03:00:00Z,PRM04,STIC,20210924-20220314,HS,21044189,236.8,6.37,26.6340465732,0,fair,NA
AIMS,2021-12-24T03:30:00Z,PRM04,STIC,20210924-20220314,HS,21044189,226,6.268,26.576497164,0,fair,NA
AIMS,2021-12-24T04:00:00Z,PRM04,STIC,20210924-20220314,HS,21044189,226,6.064,26.576497164,0,fair,NA
AIMS,2021-12-24T04:30:00Z,PRM04,STIC,20210924-20220314,HS,21044189,215.3,5.86,26.519480619699998,0,fair,NA
AIMS,2021-12-24T05:00:00Z,PRM04,STIC,20210924-20220314,HS,21044189,215.3,5.655,26.519480619699998,0,fair,NA
AIMS,2021-12-24T05:30:00Z,PRM04,STIC,20210924-20220314,HS,21044189,204.5,5.552,26.461931210499998,0,fair,NA
AIMS,2021-12-24T06:00:00Z,PRM04,STIC,20210924-20220314,HS,21044189,204.5,5.347,26.461931210499998,0,fair,NA
AIMS,2021-12-24T06:30:00Z,PRM04,STIC,20210924-20220314,HS,21044189,204.5,5.244,26.461931210499998,0,fair,NA
AIMS,2021-12-24T07:00:00Z,PRM04,STIC,20210924-20220314,HS,21044189,193.8,5.141,26.4049146662,0,fair,NA
AIMS,2021-12-24T07:30:00Z,PRM04,STIC,20210924-20220314,HS,21044189,193.8,5.037,26.4049146662,0,fair,NA
AIMS,2021-12-24T08:00:00Z,PRM04,STIC,20210924-20220314,HS,21044189,193.8,4.934,26.4049146662,0,fair,NA
AIMS,2021-12-24T08:30:00Z,PRM04,STIC,20210924-20220314,HS,21044189,193.8,4.934,26.4049146662,0,fair,NA
AIMS,2021-12-24T09:00:00Z,PRM04,STIC,20210924-20220314,HS,21044189,193.8,4.831,26.4049146662,0,fair,NA
AIMS,2021-12-24T09:30:00Z,PRM04,STIC,20210924-20220314,HS,21044189,193.8,4.727,26.4049146662,0,fair,NA
AIMS,2021-12-24T10:00:00Z,PRM04,STIC,20210924-20220314,HS,21044189,183,4.727,26.347365257,0,fair,NA
AIMS,2021-12-24T10:30:00Z,PRM04,STIC,20210924-20220314,HS,21044189,172.2,4.727,26.2898158478,0,fair,NA
AIMS,2021-12-24T11:00:00Z,PRM04,STIC,20210924-20220314,HS,21044189,172.2,4.623,26.2898158478,0,fair,NA
AIMS,2021-12-24T11:30:00Z,PRM04,STIC,20210924-20220314,HS,21044189,161.5,4.519,26.2327993035,0,fair,NA
AIMS,2021-12-24T12:00:00Z,PRM04,STIC,20210924-20220314,HS,21044189,161.5,4.519,26.2327993035,0,fair,NA
AIMS,2021-12-24T12:30:00Z,PRM04,STIC,20210924-20220314,HS,21044189,150.7,4.519,26.1752498943,0,fair,NA
AIMS,2021-12-24T13:00:00Z,PRM04,STIC,20210924-20220314,HS,21044189,150.7,4.623,26.1752498943,0,fair,NA
AIMS,2021-12-24T13:30:00Z,PRM04,STIC,20210924-20220314,HS,21044189,150.7,4.727,26.1752498943,0,fair,NA
AIMS,2021-12-24T14:00:00Z,PRM04,STIC,20210924-20220314,HS,21044189,150.7,4.831,26.1752498943,0,fair,NA
AIMS,2021-12-24T14:30:00Z,PRM04,STIC,20210924-20220314,HS,21044189,150.7,5.037,26.1752498943,0,fair,NA
AIMS,2021-12-24T15:00:00Z,PRM04,STIC,20210924-20220314,HS,21044189,150.7,5.141,26.1752498943,0,fair,NA
AIMS,2021-12-24T15:30:00Z,PRM04,STIC,20210924-20220314,HS,21044189,150.7,5.45,26.1752498943,0,fair,NA
AIMS,2021-12-24T16:00:00Z,PRM04,STIC,20210924-20220314,HS,21044189,150.7,5.86,26.1752498943,0,fair,NA
AIMS,2021-12-24T16:30:00Z,PRM04,STIC,20210924-20220314,HS,21044189,150.7,6.37,26.1752498943,0,fair,NA
AIMS,2021-12-24T17:00:00Z,PRM04,STIC,20210924-20220314,HS,21044189,161.5,6.775,26.2327993035,0,fair,NA
AIMS,2021-12-24T17:30:00Z,PRM04,STIC,20210924-20220314,HS,21044189,161.5,7.582,26.2327993035,0,fair,NA
AIMS,2021-12-24T18:00:00Z,PRM04,STIC,20210924-20220314,HS,21044189,161.5,8.481,26.2327993035,0,fair,NA
AIMS,2021-12-24T18:30:00Z,PRM04,STIC,20210924-20220314,HS,21044189,161.5,9.275,26.2327993035,0,fair,NA
AIMS,2021-12-24T19:00:00Z,PRM04,STIC,20210924-20220314,HS,21044189,161.5,9.768,26.2327993035,0,fair,NA
AIMS,2021-12-24T19:30:00Z,PRM04,STIC,20210924-20220314,HS,21044189,161.5,10.455,26.2327993035,0,fair,NA
AIMS,2021-12-24T20:00:00Z,PRM04,STIC,20210924-20220314,HS,21044189,150.7,10.846,26.1752498943,0,fair,NA
AIMS,2021-12-24T20:30:00Z,PRM04,STIC,20210924-20220314,HS,21044189,150.7,11.236,26.1752498943,0,fair,NA
AIMS,2021-12-24T21:00:00Z,PRM04,STIC,20210924-20220314,HS,21044189,150.7,11.625,26.1752498943,0,fair,NA
AIMS,2021-12-24T21:30:00Z,PRM04,STIC,20210924-20220314,HS,21044189,150.7,11.916,26.1752498943,0,fair,NA
AIMS,2021-12-24T22:00:00Z,PRM04,STIC,20210924-20220314,HS,21044189,150.7,11.916,26.1752498943,0,fair,NA
AIMS,2021-12-24T22:30:00Z,PRM04,STIC,20210924-20220314,HS,21044189,150.7,12.11,26.1752498943,0,fair,NA
AIMS,2021-12-24T23:00:00Z,PRM04,STIC,20210924-20220314,HS,21044189,150.7,12.013,26.1752498943,0,fair,NA
AIMS,2021-12-24T23:30:00Z,PRM04,STIC,20210924-20220314,HS,21044189,150.7,11.819,26.1752498943,0,fair,NA
AIMS,2021-12-25T00:00:00Z,PRM04,STIC,20210924-20220314,HS,21044189,150.7,11.625,26.1752498943,0,fair,NA
AIMS,2021-12-25T00:30:00Z,PRM04,STIC,20210924-20220314,HS,21044189,150.7,11.625,26.1752498943,0,fair,NA
AIMS,2021-12-25T01:00:00Z,PRM04,STIC,20210924-20220314,HS,21044189,150.7,11.625,26.1752498943,0,fair,NA
AIMS,2021-12-25T01:30:00Z,PRM04,STIC,20210924-20220314,HS,21044189,150.7,11.528,26.1752498943,0,fair,NA
AIMS,2021-12-25T02:00:00Z,PRM04,STIC,20210924-20220314,HS,21044189,161.5,11.528,26.2327993035,0,fair,NA
AIMS,2021-12-25T02:30:00Z,PRM04,STIC,20210924-20220314,HS,21044189,161.5,11.431,26.2327993035,0,fair,NA
AIMS,2021-12-25T03:00:00Z,PRM04,STIC,20210924-20220314,HS,21044189,161.5,11.334,26.2327993035,0,fair,NA
AIMS,2021-12-25T03:30:00Z,PRM04,STIC,20210924-20220314,HS,21044189,161.5,11.334,26.2327993035,0,fair,NA
AIMS,2021-12-25T04:00:00Z,PRM04,STIC,20210924-20220314,HS,21044189,161.5,11.528,26.2327993035,0,fair,NA
AIMS,2021-12-25T04:30:00Z,PRM04,STIC,20210924-20220314,HS,21044189,161.5,11.722,26.2327993035,0,fair,NA
AIMS,2021-12-25T05:00:00Z,PRM04,STIC,20210924-20220314,HS,21044189,161.5,12.013,26.2327993035,0,fair,NA
AIMS,2021-12-25T05:30:00Z,PRM04,STIC,20210924-20220314,HS,21044189,161.5,12.11,26.2327993035,0,fair,NA
AIMS,2021-12-25T06:00:00Z,PRM04,STIC,20210924-20220314,HS,21044189,161.5,12.207,26.2327993035,0,fair,NA
AIMS,2021-12-25T06:30:00Z,PRM04,STIC,20210924-20220314,HS,21044189,161.5,12.401,26.2327993035,0,fair,NA
AIMS,2021-12-25T07:00:00Z,PRM04,STIC,20210924-20220314,HS,21044189,161.5,12.401,26.2327993035,0,fair,NA
AIMS,2021-12-25T07:30:00Z,PRM04,STIC,20210924-20220314,HS,21044189,161.5,12.497,26.2327993035,0,fair,NA
AIMS,2021-12-25T08:00:00Z,PRM04,STIC,20210924-20220314,HS,21044189,150.7,12.883,26.1752498943,0,fair,NA
AIMS,2021-12-25T08:30:00Z,PRM04,STIC,20210924-20220314,HS,21044189,150.7,13.076,26.1752498943,0,fair,NA
AIMS,2021-12-25T09:00:00Z,PRM04,STIC,20210924-20220314,HS,21044189,150.7,13.076,26.1752498943,0,fair,NA
AIMS,2021-12-25T09:30:00Z,PRM04,STIC,20210924-20220314,HS,21044189,150.7,13.076,26.1752498943,0,fair,NA
AIMS,2021-12-25T10:00:00Z,PRM04,STIC,20210924-20220314,HS,21044189,150.7,12.98,26.1752498943,0,fair,NA
AIMS,2021-12-25T10:30:00Z,PRM04,STIC,20210924-20220314,HS,21044189,150.7,13.076,26.1752498943,0,fair,NA
AIMS,2021-12-25T11:00:00Z,PRM04,STIC,20210924-20220314,HS,21044189,150.7,12.98,26.1752498943,0,fair,NA
AIMS,2021-12-25T11:30:00Z,PRM04,STIC,20210924-20220314,HS,21044189,161.5,13.076,26.2327993035,0,fair,NA
AIMS,2021-12-25T12:00:00Z,PRM04,STIC,20210924-20220314,HS,21044189,161.5,13.173,26.2327993035,0,fair,NA
AIMS,2021-12-25T12:30:00Z,PRM04,STIC,20210924-20220314,HS,21044189,161.5,13.173,26.2327993035,0,fair,NA
AIMS,2021-12-25T13:00:00Z,PRM04,STIC,20210924-20220314,HS,21044189,161.5,13.269,26.2327993035,0,fair,NA
AIMS,2021-12-25T13:30:00Z,PRM04,STIC,20210924-20220314,HS,21044189,150.7,13.365,26.1752498943,0,fair,NA
AIMS,2021-12-25T14:00:00Z,PRM04,STIC,20210924-20220314,HS,21044189,150.7,13.365,26.1752498943,0,fair,NA
AIMS,2021-12-25T14:30:00Z,PRM04,STIC,20210924-20220314,HS,21044189,150.7,13.461,26.1752498943,0,fair,NA
AIMS,2021-12-25T15:00:00Z,PRM04,STIC,20210924-20220314,HS,21044189,150.7,13.461,26.1752498943,0,fair,NA
AIMS,2021-12-25T15:30:00Z,PRM04,STIC,20210924-20220314,HS,21044189,161.5,13.558,26.2327993035,0,fair,NA
AIMS,2021-12-25T16:00:00Z,PRM04,STIC,20210924-20220314,HS,21044189,161.5,13.558,26.2327993035,0,fair,NA
AIMS,2021-12-25T16:30:00Z,PRM04,STIC,20210924-20220314,HS,21044189,161.5,13.654,26.2327993035,0,fair,NA
AIMS,2021-12-25T17:00:00Z,PRM04,STIC,20210924-20220314,HS,21044189,161.5,14.038,26.2327993035,0,fair,NA
AIMS,2021-12-25T17:30:00Z,PRM04,STIC,20210924-20220314,HS,21044189,161.5,14.23,26.2327993035,0,fair,NA
AIMS,2021-12-25T18:00:00Z,PRM04,STIC,20210924-20220314,HS,21044189,161.5,14.325,26.2327993035,0,fair,NA
AIMS,2021-12-25T18:30:00Z,PRM04,STIC,20210924-20220314,HS,21044189,161.5,14.325,26.2327993035,0,fair,NA
AIMS,2021-12-25T19:00:00Z,PRM04,STIC,20210924-20220314,HS,21044189,161.5,14.517,26.2327993035,0,fair,NA
AIMS,2021-12-25T19:30:00Z,PRM04,STIC,20210924-20220314,HS,21044189,161.5,14.613,26.2327993035,0,fair,NA
AIMS,2021-12-25T20:00:00Z,PRM04,STIC,20210924-20220314,HS,21044189,161.5,14.613,26.2327993035,0,fair,NA
AIMS,2021-12-25T20:30:00Z,PRM04,STIC,20210924-20220314,HS,21044189,150.7,14.613,26.1752498943,0,fair,NA
AIMS,2021-12-25T21:00:00Z,PRM04,STIC,20210924-20220314,HS,21044189,161.5,14.709,26.2327993035,0,fair,NA
AIMS,2021-12-25T21:30:00Z,PRM04,STIC,20210924-20220314,HS,21044189,161.5,14.709,26.2327993035,0,fair,NA
AIMS,2021-12-25T22:00:00Z,PRM04,STIC,20210924-20220314,HS,21044189,150.7,14.804,26.1752498943,0,fair,NA
AIMS,2021-12-25T22:30:00Z,PRM04,STIC,20210924-20220314,HS,21044189,161.5,14.9,26.2327993035,0,fair,NA
AIMS,2021-12-25T23:00:00Z,PRM04,STIC,20210924-20220314,HS,21044189,161.5,14.996,26.2327993035,0,fair,NA
AIMS,2021-12-25T23:30:00Z,PRM04,STIC,20210924-20220314,HS,21044189,150.7,15.091,26.1752498943,0,fair,NA
AIMS,2021-12-26T00:00:00Z,PRM04,STIC,20210924-20220314,HS,21044189,150.7,14.996,26.1752498943,0,fair,NA
AIMS,2021-12-26T00:30:00Z,PRM04,STIC,20210924-20220314,HS,21044189,150.7,14.9,26.1752498943,0,fair,NA
AIMS,2021-12-26T01:00:00Z,PRM04,STIC,20210924-20220314,HS,21044189,150.7,14.709,26.1752498943,0,fair,NA
AIMS,2021-12-26T01:30:00Z,PRM04,STIC,20210924-20220314,HS,21044189,150.7,14.613,26.1752498943,0,fair,NA
AIMS,2021-12-26T02:00:00Z,PRM04,STIC,20210924-20220314,HS,21044189,150.7,14.613,26.1752498943,0,fair,NA
AIMS,2021-12-26T02:30:00Z,PRM04,STIC,20210924-20220314,HS,21044189,150.7,14.517,26.1752498943,0,fair,NA
AIMS,2021-12-26T03:00:00Z,PRM04,STIC,20210924-20220314,HS,21044189,150.7,14.421,26.1752498943,0,fair,NA
AIMS,2021-12-26T03:30:00Z,PRM04,STIC,20210924-20220314,HS,21044189,150.7,14.325,26.1752498943,0,fair,NA
AIMS,2021-12-26T04:00:00Z,PRM04,STIC,20210924-20220314,HS,21044189,150.7,14.325,26.1752498943,0,fair,NA
AIMS,2021-12-26T04:30:00Z,PRM04,STIC,20210924-20220314,HS,21044189,150.7,14.23,26.1752498943,0,fair,NA
AIMS,2021-12-26T05:00:00Z,PRM04,STIC,20210924-20220314,HS,21044189,150.7,14.134,26.1752498943,0,fair,NA
AIMS,2021-12-26T05:30:00Z,PRM04,STIC,20210924-20220314,HS,21044189,150.7,14.038,26.1752498943,0,fair,NA
AIMS,2021-12-26T06:00:00Z,PRM04,STIC,20210924-20220314,HS,21044189,150.7,13.846,26.1752498943,0,fair,NA
AIMS,2021-12-26T06:30:00Z,PRM04,STIC,20210924-20220314,HS,21044189,150.7,13.75,26.1752498943,0,fair,NA
AIMS,2021-12-26T07:00:00Z,PRM04,STIC,20210924-20220314,HS,21044189,150.7,13.654,26.1752498943,0,fair,NA
AIMS,2021-12-26T07:30:00Z,PRM04,STIC,20210924-20220314,HS,21044189,150.7,13.461,26.1752498943,0,fair,NA
AIMS,2021-12-26T08:00:00Z,PRM04,STIC,20210924-20220314,HS,21044189,150.7,13.365,26.1752498943,0,fair,NA
AIMS,2021-12-26T08:30:00Z,PRM04,STIC,20210924-20220314,HS,21044189,161.5,13.269,26.2327993035,0,fair,NA
AIMS,2021-12-26T09:00:00Z,PRM04,STIC,20210924-20220314,HS,21044189,161.5,13.173,26.2327993035,0,fair,NA
AIMS,2021-12-26T09:30:00Z,PRM04,STIC,20210924-20220314,HS,21044189,161.5,13.076,26.2327993035,0,fair,NA
AIMS,2021-12-26T10:00:00Z,PRM04,STIC,20210924-20220314,HS,21044189,172.2,12.98,26.2898158478,0,fair,NA
AIMS,2021-12-26T10:30:00Z,PRM04,STIC,20210924-20220314,HS,21044189,172.2,12.98,26.2898158478,0,fair,NA
AIMS,2021-12-26T11:00:00Z,PRM04,STIC,20210924-20220314,HS,21044189,172.2,12.98,26.2898158478,0,fair,NA
AIMS,2021-12-26T11:30:00Z,PRM04,STIC,20210924-20220314,HS,21044189,183,12.98,26.347365257,0,fair,NA
AIMS,2021-12-26T12:00:00Z,PRM04,STIC,20210924-20220314,HS,21044189,183,12.98,26.347365257,0,fair,NA
AIMS,2021-12-26T12:30:00Z,PRM04,STIC,20210924-20220314,HS,21044189,183,13.076,26.347365257,0,fair,NA
AIMS,2021-12-26T13:00:00Z,PRM04,STIC,20210924-20220314,HS,21044189,193.8,13.076,26.4049146662,0,fair,NA
AIMS,2021-12-26T13:30:00Z,PRM04,STIC,20210924-20220314,HS,21044189,183,13.076,26.347365257,0,fair,NA
AIMS,2021-12-26T14:00:00Z,PRM04,STIC,20210924-20220314,HS,21044189,193.8,13.076,26.4049146662,0,fair,NA
AIMS,2021-12-26T14:30:00Z,PRM04,STIC,20210924-20220314,HS,21044189,183,13.173,26.347365257,0,fair,NA
AIMS,2021-12-26T15:00:00Z,PRM04,STIC,20210924-20220314,HS,21044189,193.8,13.173,26.4049146662,0,fair,NA
AIMS,2021-12-26T15:30:00Z,PRM04,STIC,20210924-20220314,HS,21044189,193.8,13.269,26.4049146662,0,fair,NA
AIMS,2021-12-26T16:00:00Z,PRM04,STIC,20210924-20220314,HS,21044189,193.8,13.461,26.4049146662,0,fair,NA
AIMS,2021-12-26T16:30:00Z,PRM04,STIC,20210924-20220314,HS,21044189,193.8,13.558,26.4049146662,0,fair,NA
AIMS,2021-12-26T17:00:00Z,PRM04,STIC,20210924-20220314,HS,21044189,183,13.654,26.347365257,0,fair,NA
AIMS,2021-12-26T17:30:00Z,PRM04,STIC,20210924-20220314,HS,21044189,193.8,14.134,26.4049146662,0,fair,NA
AIMS,2021-12-26T18:00:00Z,PRM04,STIC,20210924-20220314,HS,21044189,193.8,14.9,26.4049146662,0,fair,NA
AIMS,2021-12-26T18:30:00Z,PRM04,STIC,20210924-20220314,HS,21044189,161.5,15.664,26.2327993035,0,fair,NA
AIMS,2021-12-26T19:00:00Z,PRM04,STIC,20210924-20220314,HS,21044189,129.2,15.855,26.060683940799997,0,fair,NA
AIMS,2021-12-26T19:30:00Z,PRM04,STIC,20210924-20220314,HS,21044189,118.4,16.046,26.003134531599997,0,fair,NA
AIMS,2021-12-26T20:00:00Z,PRM04,STIC,20210924-20220314,HS,21044189,107.6,16.141,25.945585122399997,0,fair,NA
AIMS,2021-12-26T20:30:00Z,PRM04,STIC,20210924-20220314,HS,21044189,118.4,16.141,26.003134531599997,0,fair,NA
AIMS,2021-12-26T21:00:00Z,PRM04,STIC,20210924-20220314,HS,21044189,118.4,16.141,26.003134531599997,0,fair,NA
AIMS,2021-12-26T21:30:00Z,PRM04,STIC,20210924-20220314,HS,21044189,118.4,16.237,26.003134531599997,0,fair,NA
AIMS,2021-12-26T22:00:00Z,PRM04,STIC,20210924-20220314,HS,21044189,118.4,16.237,26.003134531599997,0,fair,NA
AIMS,2021-12-26T22:30:00Z,PRM04,STIC,20210924-20220314,HS,21044189,118.4,16.237,26.003134531599997,0,fair,NA
AIMS,2021-12-26T23:00:00Z,PRM04,STIC,20210924-20220314,HS,21044189,107.6,16.141,25.945585122399997,0,fair,NA
AIMS,2021-12-26T23:30:00Z,PRM04,STIC,20210924-20220314,HS,21044189,107.6,15.855,25.945585122399997,0,fair,NA
AIMS,2021-12-27T00:00:00Z,PRM04,STIC,20210924-20220314,HS,21044189,96.9,15.569,25.8885685781,0,fair,NA
AIMS,2021-12-27T00:30:00Z,PRM04,STIC,20210924-20220314,HS,21044189,96.9,15.187,25.8885685781,0,fair,NA
AIMS,2021-12-27T01:00:00Z,PRM04,STIC,20210924-20220314,HS,21044189,107.6,14.9,25.945585122399997,0,fair,NA
AIMS,2021-12-27T01:30:00Z,PRM04,STIC,20210924-20220314,HS,21044189,118.4,14.709,26.003134531599997,0,fair,NA
AIMS,2021-12-27T02:00:00Z,PRM04,STIC,20210924-20220314,HS,21044189,107.6,14.517,25.945585122399997,0,fair,NA
AIMS,2021-12-27T02:30:00Z,PRM04,STIC,20210924-20220314,HS,21044189,118.4,14.23,26.003134531599997,0,fair,NA
AIMS,2021-12-27T03:00:00Z,PRM04,STIC,20210924-20220314,HS,21044189,118.4,13.942,26.003134531599997,0,fair,NA
AIMS,2021-12-27T03:30:00Z,PRM04,STIC,20210924-20220314,HS,21044189,118.4,13.75,26.003134531599997,0,fair,NA
AIMS,2021-12-27T04:00:00Z,PRM04,STIC,20210924-20220314,HS,21044189,118.4,13.461,26.003134531599997,0,fair,NA
AIMS,2021-12-27T04:30:00Z,PRM04,STIC,20210924-20220314,HS,21044189,118.4,13.269,26.003134531599997,0,fair,NA
AIMS,2021-12-27T05:00:00Z,PRM04,STIC,20210924-20220314,HS,21044189,118.4,12.98,26.003134531599997,0,fair,NA
AIMS,2021-12-27T05:30:00Z,PRM04,STIC,20210924-20220314,HS,21044189,118.4,12.787,26.003134531599997,0,fair,NA
AIMS,2021-12-27T06:00:00Z,PRM04,STIC,20210924-20220314,HS,21044189,129.2,12.594,26.060683940799997,0,fair,NA
AIMS,2021-12-27T06:30:00Z,PRM04,STIC,20210924-20220314,HS,21044189,129.2,12.497,26.060683940799997,0,fair,NA
AIMS,2021-12-27T07:00:00Z,PRM04,STIC,20210924-20220314,HS,21044189,129.2,12.401,26.060683940799997,0,fair,NA
AIMS,2021-12-27T07:30:00Z,PRM04,STIC,20210924-20220314,HS,21044189,118.4,12.304,26.003134531599997,0,fair,NA
AIMS,2021-12-27T08:00:00Z,PRM04,STIC,20210924-20220314,HS,21044189,129.2,12.207,26.060683940799997,0,fair,NA
AIMS,2021-12-27T08:30:00Z,PRM04,STIC,20210924-20220314,HS,21044189,129.2,12.207,26.060683940799997,0,fair,NA
AIMS,2021-12-27T09:00:00Z,PRM04,STIC,20210924-20220314,HS,21044189,150.7,12.304,26.1752498943,0,fair,NA
AIMS,2021-12-27T09:30:00Z,PRM04,STIC,20210924-20220314,HS,21044189,150.7,12.401,26.1752498943,0,fair,NA
AIMS,2021-12-27T10:00:00Z,PRM04,STIC,20210924-20220314,HS,21044189,161.5,12.497,26.2327993035,0,fair,NA
AIMS,2021-12-27T10:30:00Z,PRM04,STIC,20210924-20220314,HS,21044189,161.5,12.497,26.2327993035,0,fair,NA
AIMS,2021-12-27T11:00:00Z,PRM04,STIC,20210924-20220314,HS,21044189,161.5,12.594,26.2327993035,0,fair,NA
AIMS,2021-12-27T11:30:00Z,PRM04,STIC,20210924-20220314,HS,21044189,161.5,12.69,26.2327993035,0,fair,NA
AIMS,2021-12-27T12:00:00Z,PRM04,STIC,20210924-20220314,HS,21044189,161.5,12.69,26.2327993035,0,fair,NA
AIMS,2021-12-27T12:30:00Z,PRM04,STIC,20210924-20220314,HS,21044189,161.5,12.98,26.2327993035,0,fair,NA
AIMS,2021-12-27T13:00:00Z,PRM04,STIC,20210924-20220314,HS,21044189,161.5,13.269,26.2327993035,0,fair,NA
AIMS,2021-12-27T13:30:00Z,PRM04,STIC,20210924-20220314,HS,21044189,161.5,13.654,26.2327993035,0,fair,NA
AIMS,2021-12-27T14:00:00Z,PRM04,STIC,20210924-20220314,HS,21044189,161.5,13.942,26.2327993035,0,fair,NA
AIMS,2021-12-27T14:30:00Z,PRM04,STIC,20210924-20220314,HS,21044189,161.5,13.942,26.2327993035,0,fair,NA
AIMS,2021-12-27T15:00:00Z,PRM04,STIC,20210924-20220314,HS,21044189,161.5,14.038,26.2327993035,0,fair,NA
AIMS,2021-12-27T15:30:00Z,PRM04,STIC,20210924-20220314,HS,21044189,150.7,14.134,26.1752498943,0,fair,NA
AIMS,2021-12-27T16:00:00Z,PRM04,STIC,20210924-20220314,HS,21044189,161.5,14.421,26.2327993035,0,fair,NA
AIMS,2021-12-27T16:30:00Z,PRM04,STIC,20210924-20220314,HS,21044189,150.7,14.804,26.1752498943,0,fair,NA
AIMS,2021-12-27T17:00:00Z,PRM04,STIC,20210924-20220314,HS,21044189,150.7,15.187,26.1752498943,0,fair,NA
AIMS,2021-12-27T17:30:00Z,PRM04,STIC,20210924-20220314,HS,21044189,139.9,15.378,26.1177004851,0,fair,NA
AIMS,2021-12-27T18:00:00Z,PRM04,STIC,20210924-20220314,HS,21044189,129.2,15.473,26.060683940799997,0,fair,NA
AIMS,2021-12-27T18:30:00Z,PRM04,STIC,20210924-20220314,HS,21044189,118.4,15.569,26.003134531599997,0,fair,NA
AIMS,2021-12-27T19:00:00Z,PRM04,STIC,20210924-20220314,HS,21044189,129.2,15.76,26.060683940799997,0,fair,NA
AIMS,2021-12-27T19:30:00Z,PRM04,STIC,20210924-20220314,HS,21044189,118.4,15.855,26.003134531599997,0,fair,NA
AIMS,2021-12-27T20:00:00Z,PRM04,STIC,20210924-20220314,HS,21044189,118.4,15.855,26.003134531599997,0,fair,NA
AIMS,2021-12-27T20:30:00Z,PRM04,STIC,20210924-20220314,HS,21044189,118.4,15.855,26.003134531599997,0,fair,NA
AIMS,2021-12-27T21:00:00Z,PRM04,STIC,20210924-20220314,HS,21044189,129.2,15.855,26.060683940799997,0,fair,NA
AIMS,2021-12-27T21:30:00Z,PRM04,STIC,20210924-20220314,HS,21044189,129.2,15.855,26.060683940799997,0,fair,NA
AIMS,2021-12-27T22:00:00Z,PRM04,STIC,20210924-20220314,HS,21044189,129.2,15.855,26.060683940799997,0,fair,NA
AIMS,2021-12-27T22:30:00Z,PRM04,STIC,20210924-20220314,HS,21044189,129.2,15.855,26.060683940799997,0,fair,NA
AIMS,2021-12-27T23:00:00Z,PRM04,STIC,20210924-20220314,HS,21044189,118.4,15.855,26.003134531599997,0,fair,NA
AIMS,2021-12-27T23:30:00Z,PRM04,STIC,20210924-20220314,HS,21044189,118.4,15.76,26.003134531599997,0,fair,NA
AIMS,2021-12-28T00:00:00Z,PRM04,STIC,20210924-20220314,HS,21044189,118.4,15.664,26.003134531599997,0,fair,NA
AIMS,2021-12-28T00:30:00Z,PRM04,STIC,20210924-20220314,HS,21044189,129.2,15.569,26.060683940799997,0,fair,NA
AIMS,2021-12-28T01:00:00Z,PRM04,STIC,20210924-20220314,HS,21044189,129.2,15.569,26.060683940799997,0,fair,NA
AIMS,2021-12-28T01:30:00Z,PRM04,STIC,20210924-20220314,HS,21044189,129.2,15.473,26.060683940799997,0,fair,NA
AIMS,2021-12-28T02:00:00Z,PRM04,STIC,20210924-20220314,HS,21044189,129.2,15.378,26.060683940799997,0,fair,NA
AIMS,2021-12-28T02:30:00Z,PRM04,STIC,20210924-20220314,HS,21044189,129.2,15.378,26.060683940799997,0,fair,NA
AIMS,2021-12-28T03:00:00Z,PRM04,STIC,20210924-20220314,HS,21044189,129.2,15.282,26.060683940799997,0,fair,NA
AIMS,2021-12-28T03:30:00Z,PRM04,STIC,20210924-20220314,HS,21044189,129.2,15.282,26.060683940799997,0,fair,NA
AIMS,2021-12-28T04:00:00Z,PRM04,STIC,20210924-20220314,HS,21044189,139.9,15.187,26.1177004851,0,fair,NA
AIMS,2021-12-28T04:30:00Z,PRM04,STIC,20210924-20220314,HS,21044189,139.9,15.091,26.1177004851,0,fair,NA
AIMS,2021-12-28T05:00:00Z,PRM04,STIC,20210924-20220314,HS,21044189,139.9,15.091,26.1177004851,0,fair,NA
AIMS,2021-12-28T05:30:00Z,PRM04,STIC,20210924-20220314,HS,21044189,139.9,15.091,26.1177004851,0,fair,NA
AIMS,2021-12-28T06:00:00Z,PRM04,STIC,20210924-20220314,HS,21044189,139.9,15.091,26.1177004851,0,fair,NA
AIMS,2021-12-28T06:30:00Z,PRM04,STIC,20210924-20220314,HS,21044189,139.9,14.996,26.1177004851,0,fair,NA
AIMS,2021-12-28T07:00:00Z,PRM04,STIC,20210924-20220314,HS,21044189,139.9,14.9,26.1177004851,0,fair,NA
AIMS,2021-12-28T07:30:00Z,PRM04,STIC,20210924-20220314,HS,21044189,150.7,14.9,26.1752498943,0,fair,NA
AIMS,2021-12-28T08:00:00Z,PRM04,STIC,20210924-20220314,HS,21044189,150.7,14.804,26.1752498943,0,fair,NA
AIMS,2021-12-28T08:30:00Z,PRM04,STIC,20210924-20220314,HS,21044189,139.9,14.709,26.1177004851,0,fair,NA
AIMS,2021-12-28T09:00:00Z,PRM04,STIC,20210924-20220314,HS,21044189,139.9,14.517,26.1177004851,0,fair,NA
AIMS,2021-12-28T09:30:00Z,PRM04,STIC,20210924-20220314,HS,21044189,139.9,14.325,26.1177004851,0,fair,NA
AIMS,2021-12-28T10:00:00Z,PRM04,STIC,20210924-20220314,HS,21044189,139.9,14.134,26.1177004851,0,fair,NA
AIMS,2021-12-28T10:30:00Z,PRM04,STIC,20210924-20220314,HS,21044189,139.9,14.038,26.1177004851,0,fair,NA
AIMS,2021-12-28T11:00:00Z,PRM04,STIC,20210924-20220314,HS,21044189,150.7,13.942,26.1752498943,0,fair,NA
AIMS,2021-12-28T11:30:00Z,PRM04,STIC,20210924-20220314,HS,21044189,150.7,13.846,26.1752498943,0,fair,NA
AIMS,2021-12-28T12:00:00Z,PRM04,STIC,20210924-20220314,HS,21044189,161.5,13.75,26.2327993035,0,fair,NA
AIMS,2021-12-28T12:30:00Z,PRM04,STIC,20210924-20220314,HS,21044189,161.5,13.654,26.2327993035,0,fair,NA
AIMS,2021-12-28T13:00:00Z,PRM04,STIC,20210924-20220314,HS,21044189,172.2,13.654,26.2898158478,0,fair,NA
AIMS,2021-12-28T13:30:00Z,PRM04,STIC,20210924-20220314,HS,21044189,183,13.75,26.347365257,0,fair,NA
AIMS,2021-12-28T14:00:00Z,PRM04,STIC,20210924-20220314,HS,21044189,183,13.75,26.347365257,0,fair,NA
AIMS,2021-12-28T14:30:00Z,PRM04,STIC,20210924-20220314,HS,21044189,193.8,13.846,26.4049146662,0,fair,NA
AIMS,2021-12-28T15:00:00Z,PRM04,STIC,20210924-20220314,HS,21044189,193.8,13.942,26.4049146662,0,fair,NA
AIMS,2021-12-28T15:30:00Z,PRM04,STIC,20210924-20220314,HS,21044189,193.8,14.134,26.4049146662,0,fair,NA
AIMS,2021-12-28T16:00:00Z,PRM04,STIC,20210924-20220314,HS,21044189,193.8,14.325,26.4049146662,0,fair,NA
AIMS,2021-12-28T16:30:00Z,PRM04,STIC,20210924-20220314,HS,21044189,204.5,14.517,26.461931210499998,0,fair,NA
AIMS,2021-12-28T17:00:00Z,PRM04,STIC,20210924-20220314,HS,21044189,193.8,14.996,26.4049146662,0,fair,NA
AIMS,2021-12-28T17:30:00Z,PRM04,STIC,20210924-20220314,HS,21044189,183,15.473,26.347365257,0,fair,NA
AIMS,2021-12-28T18:00:00Z,PRM04,STIC,20210924-20220314,HS,21044189,161.5,15.569,26.2327993035,0,fair,NA
AIMS,2021-12-28T18:30:00Z,PRM04,STIC,20210924-20220314,HS,21044189,161.5,15.569,26.2327993035,0,fair,NA
AIMS,2021-12-28T19:00:00Z,PRM04,STIC,20210924-20220314,HS,21044189,172.2,15.664,26.2898158478,0,fair,NA
AIMS,2021-12-28T19:30:00Z,PRM04,STIC,20210924-20220314,HS,21044189,183,15.855,26.347365257,0,fair,NA
AIMS,2021-12-28T20:00:00Z,PRM04,STIC,20210924-20220314,HS,21044189,183,16.332,26.347365257,0,fair,NA
AIMS,2021-12-28T20:30:00Z,PRM04,STIC,20210924-20220314,HS,21044189,172.2,16.808,26.2898158478,0,fair,NA
AIMS,2021-12-28T21:00:00Z,PRM04,STIC,20210924-20220314,HS,21044189,150.7,17.094,26.1752498943,0,fair,NA
AIMS,2021-12-28T21:30:00Z,PRM04,STIC,20210924-20220314,HS,21044189,139.9,17.189,26.1177004851,0,fair,NA
AIMS,2021-12-28T22:00:00Z,PRM04,STIC,20210924-20220314,HS,21044189,118.4,17.189,26.003134531599997,0,fair,NA
AIMS,2021-12-28T22:30:00Z,PRM04,STIC,20210924-20220314,HS,21044189,118.4,17.189,26.003134531599997,0,fair,NA
AIMS,2021-12-28T23:00:00Z,PRM04,STIC,20210924-20220314,HS,21044189,118.4,17.189,26.003134531599997,0,fair,NA
AIMS,2021-12-28T23:30:00Z,PRM04,STIC,20210924-20220314,HS,21044189,129.2,17.094,26.060683940799997,0,fair,NA
AIMS,2021-12-29T00:00:00Z,PRM04,STIC,20210924-20220314,HS,21044189,129.2,17.094,26.060683940799997,0,fair,NA
AIMS,2021-12-29T00:30:00Z,PRM04,STIC,20210924-20220314,HS,21044189,118.4,17.094,26.003134531599997,0,fair,NA
AIMS,2021-12-29T01:00:00Z,PRM04,STIC,20210924-20220314,HS,21044189,129.2,16.999,26.060683940799997,0,fair,NA
AIMS,2021-12-29T01:30:00Z,PRM04,STIC,20210924-20220314,HS,21044189,139.9,16.999,26.1177004851,0,fair,NA
AIMS,2021-12-29T02:00:00Z,PRM04,STIC,20210924-20220314,HS,21044189,139.9,16.903,26.1177004851,0,fair,NA
AIMS,2021-12-29T02:30:00Z,PRM04,STIC,20210924-20220314,HS,21044189,150.7,16.808,26.1752498943,0,fair,NA
AIMS,2021-12-29T03:00:00Z,PRM04,STIC,20210924-20220314,HS,21044189,161.5,16.903,26.2327993035,0,fair,D
AIMS,2021-12-29T03:30:00Z,PRM04,STIC,20210924-20220314,HS,21044189,139.9,16.808,26.1177004851,0,fair,NA
AIMS,2021-12-29T04:00:00Z,PRM04,STIC,20210924-20220314,HS,21044189,139.9,16.713,26.1177004851,0,fair,NA
AIMS,2021-12-29T04:30:00Z,PRM04,STIC,20210924-20220314,HS,21044189,161.5,16.713,26.2327993035,0,fair,NA
AIMS,2021-12-29T05:00:00Z,PRM04,STIC,20210924-20220314,HS,21044189,204.5,16.713,26.461931210499998,0,fair,NA
AIMS,2021-12-29T05:30:00Z,PRM04,STIC,20210924-20220314,HS,21044189,226,16.808,26.576497164,0,fair,NA
AIMS,2021-12-29T06:00:00Z,PRM04,STIC,20210924-20220314,HS,21044189,236.8,16.808,26.6340465732,0,fair,NA
AIMS,2021-12-29T06:30:00Z,PRM04,STIC,20210924-20220314,HS,21044189,52355.9,15.951,304.35843666910006,1,fair,NA
AIMS,2021-12-29T07:00:00Z,PRM04,STIC,20210924-20220314,HS,21044189,52355.9,14.9,304.35843666910006,1,fair,NA
AIMS,2021-12-29T07:30:00Z,PRM04,STIC,20210924-20220314,HS,21044189,52355.9,14.996,304.35843666910006,1,fair,NA
AIMS,2021-12-29T08:00:00Z,PRM04,STIC,20210924-20220314,HS,21044189,49600.3,15.091,289.67481148470006,1,fair,NA
AIMS,2021-12-29T08:30:00Z,PRM04,STIC,20210924-20220314,HS,21044189,46844.8,15.187,274.99171916520004,1,fair,NA
AIMS,2021-12-29T09:00:00Z,PRM04,STIC,20210924-20220314,HS,21044189,49600.3,15.187,289.67481148470006,1,fair,NA
AIMS,2021-12-29T09:30:00Z,PRM04,STIC,20210924-20220314,HS,21044189,49600.3,15.187,289.67481148470006,1,fair,NA
AIMS,2021-12-29T10:00:00Z,PRM04,STIC,20210924-20220314,HS,21044189,49600.3,15.091,289.67481148470006,1,fair,NA
AIMS,2021-12-29T10:30:00Z,PRM04,STIC,20210924-20220314,HS,21044189,52355.9,14.996,304.35843666910006,1,fair,NA
AIMS,2021-12-29T11:00:00Z,PRM04,STIC,20210924-20220314,HS,21044189,52355.9,14.996,304.35843666910006,1,fair,NA
AIMS,2021-12-29T11:30:00Z,PRM04,STIC,20210924-20220314,HS,21044189,52355.9,14.996,304.35843666910006,1,fair,NA
AIMS,2021-12-29T12:00:00Z,PRM04,STIC,20210924-20220314,HS,21044189,55111.5,14.996,319.04206185350006,1,fair,NA
AIMS,2021-12-29T12:30:00Z,PRM04,STIC,20210924-20220314,HS,21044189,55111.5,14.996,319.04206185350006,1,fair,NA
AIMS,2021-12-29T13:00:00Z,PRM04,STIC,20210924-20220314,HS,21044189,55111.5,14.9,319.04206185350006,1,fair,NA
AIMS,2021-12-29T13:30:00Z,PRM04,STIC,20210924-20220314,HS,21044189,55111.5,14.9,319.04206185350006,1,fair,NA
AIMS,2021-12-29T14:00:00Z,PRM04,STIC,20210924-20220314,HS,21044189,57867,14.9,333.725154173,1,fair,NA
AIMS,2021-12-29T14:30:00Z,PRM04,STIC,20210924-20220314,HS,21044189,57867,14.9,333.725154173,1,fair,NA
AIMS,2021-12-29T15:00:00Z,PRM04,STIC,20210924-20220314,HS,21044189,57867,14.9,333.725154173,1,fair,NA
AIMS,2021-12-29T15:30:00Z,PRM04,STIC,20210924-20220314,HS,21044189,57867,14.9,333.725154173,1,fair,NA
AIMS,2021-12-29T16:00:00Z,PRM04,STIC,20210924-20220314,HS,21044189,57867,14.996,333.725154173,1,fair,NA
AIMS,2021-12-29T16:30:00Z,PRM04,STIC,20210924-20220314,HS,21044189,57867,14.996,333.725154173,1,fair,NA
AIMS,2021-12-29T17:00:00Z,PRM04,STIC,20210924-20220314,HS,21044189,57867,15.091,333.725154173,1,fair,NA
AIMS,2021-12-29T17:30:00Z,PRM04,STIC,20210924-20220314,HS,21044189,57867,15.187,333.725154173,1,fair,NA
AIMS,2021-12-29T18:00:00Z,PRM04,STIC,20210924-20220314,HS,21044189,57867,15.282,333.725154173,1,fair,NA
AIMS,2021-12-29T18:30:00Z,PRM04,STIC,20210924-20220314,HS,21044189,57867,15.378,333.725154173,1,fair,NA
AIMS,2021-12-29T19:00:00Z,PRM04,STIC,20210924-20220314,HS,21044189,57867,15.473,333.725154173,1,fair,NA
AIMS,2021-12-29T19:30:00Z,PRM04,STIC,20210924-20220314,HS,21044189,57867,15.378,333.725154173,1,fair,NA
AIMS,2021-12-29T20:00:00Z,PRM04,STIC,20210924-20220314,HS,21044189,57867,15.378,333.725154173,1,fair,NA
AIMS,2021-12-29T20:30:00Z,PRM04,STIC,20210924-20220314,HS,21044189,57867,15.282,333.725154173,1,fair,NA
AIMS,2021-12-29T21:00:00Z,PRM04,STIC,20210924-20220314,HS,21044189,57867,15.187,333.725154173,1,fair,NA
AIMS,2021-12-29T21:30:00Z,PRM04,STIC,20210924-20220314,HS,21044189,57867,15.091,333.725154173,1,fair,NA
AIMS,2021-12-29T22:00:00Z,PRM04,STIC,20210924-20220314,HS,21044189,57867,14.996,333.725154173,1,fair,NA
AIMS,2021-12-29T22:30:00Z,PRM04,STIC,20210924-20220314,HS,21044189,57867,14.9,333.725154173,1,fair,NA
AIMS,2021-12-29T23:00:00Z,PRM04,STIC,20210924-20220314,HS,21044189,57867,14.9,333.725154173,1,fair,NA
AIMS,2021-12-29T23:30:00Z,PRM04,STIC,20210924-20220314,HS,21044189,57867,14.804,333.725154173,1,fair,NA
AIMS,2021-12-30T00:00:00Z,PRM04,STIC,20210924-20220314,HS,21044189,57867,14.709,333.725154173,1,fair,NA
AIMS,2021-12-30T00:30:00Z,PRM04,STIC,20210924-20220314,HS,21044189,57867,14.709,333.725154173,1,fair,NA
AIMS,2021-12-30T01:00:00Z,PRM04,STIC,20210924-20220314,HS,21044189,57867,14.613,333.725154173,1,fair,NA
AIMS,2021-12-30T01:30:00Z,PRM04,STIC,20210924-20220314,HS,21044189,57867,14.613,333.725154173,1,fair,NA
AIMS,2021-12-30T02:00:00Z,PRM04,STIC,20210924-20220314,HS,21044189,57867,14.613,333.725154173,1,fair,NA
AIMS,2021-12-30T02:30:00Z,PRM04,STIC,20210924-20220314,HS,21044189,44089.2,14.709,260.3080939808,1,fair,NA
AIMS,2021-12-30T03:00:00Z,PRM04,STIC,20210924-20220314,HS,21044189,34444.7,14.709,208.9159387003,1,fair,NA
AIMS,2021-12-30T03:30:00Z,PRM04,STIC,20210924-20220314,HS,21044189,35822.5,14.709,216.25775129250002,1,fair,NA
AIMS,2021-12-30T04:00:00Z,PRM04,STIC,20210924-20220314,HS,21044189,38578,14.709,230.94084361200004,1,fair,NA
AIMS,2021-12-30T04:30:00Z,PRM04,STIC,20210924-20220314,HS,21044189,41333.6,14.613,245.62446879639998,1,fair,NA
AIMS,2021-12-30T05:00:00Z,PRM04,STIC,20210924-20220314,HS,21044189,42711.4,14.613,252.9662813886,1,fair,NA
AIMS,2021-12-30T05:30:00Z,PRM04,STIC,20210924-20220314,HS,21044189,44089.2,14.517,260.3080939808,1,fair,NA
AIMS,2021-12-30T06:00:00Z,PRM04,STIC,20210924-20220314,HS,21044189,44089.2,14.517,260.3080939808,1,fair,NA
AIMS,2021-12-30T06:30:00Z,PRM04,STIC,20210924-20220314,HS,21044189,44089.2,14.517,260.3080939808,1,fair,NA
AIMS,2021-12-30T07:00:00Z,PRM04,STIC,20210924-20220314,HS,21044189,44089.2,14.421,260.3080939808,1,fair,NA
AIMS,2021-12-30T07:30:00Z,PRM04,STIC,20210924-20220314,HS,21044189,46844.8,14.421,274.99171916520004,1,fair,NA
AIMS,2021-12-30T08:00:00Z,PRM04,STIC,20210924-20220314,HS,21044189,46844.8,14.421,274.99171916520004,1,fair,NA
AIMS,2021-12-30T08:30:00Z,PRM04,STIC,20210924-20220314,HS,21044189,46844.8,14.325,274.99171916520004,1,fair,NA
AIMS,2021-12-30T09:00:00Z,PRM04,STIC,20210924-20220314,HS,21044189,46844.8,14.325,274.99171916520004,1,fair,NA
AIMS,2021-12-30T09:30:00Z,PRM04,STIC,20210924-20220314,HS,21044189,46844.8,14.325,274.99171916520004,1,fair,NA
AIMS,2021-12-30T10:00:00Z,PRM04,STIC,20210924-20220314,HS,21044189,46844.8,14.23,274.99171916520004,1,fair,NA
AIMS,2021-12-30T10:30:00Z,PRM04,STIC,20210924-20220314,HS,21044189,46844.8,14.23,274.99171916520004,1,fair,NA
AIMS,2021-12-30T11:00:00Z,PRM04,STIC,20210924-20220314,HS,21044189,46844.8,14.23,274.99171916520004,1,fair,NA
AIMS,2021-12-30T11:30:00Z,PRM04,STIC,20210924-20220314,HS,21044189,46844.8,14.23,274.99171916520004,1,fair,NA
AIMS,2021-12-30T12:00:00Z,PRM04,STIC,20210924-20220314,HS,21044189,46844.8,14.23,274.99171916520004,1,fair,NA
AIMS,2021-12-30T12:30:00Z,PRM04,STIC,20210924-20220314,HS,21044189,46844.8,14.23,274.99171916520004,1,fair,NA
AIMS,2021-12-30T13:00:00Z,PRM04,STIC,20210924-20220314,HS,21044189,46844.8,14.23,274.99171916520004,1,fair,NA
AIMS,2021-12-30T13:30:00Z,PRM04,STIC,20210924-20220314,HS,21044189,46844.8,14.23,274.99171916520004,1,fair,NA
AIMS,2021-12-30T14:00:00Z,PRM04,STIC,20210924-20220314,HS,21044189,49600.3,14.23,289.67481148470006,1,fair,NA
AIMS,2021-12-30T14:30:00Z,PRM04,STIC,20210924-20220314,HS,21044189,49600.3,14.23,289.67481148470006,1,fair,NA
AIMS,2021-12-30T15:00:00Z,PRM04,STIC,20210924-20220314,HS,21044189,49600.3,14.325,289.67481148470006,1,fair,NA
AIMS,2021-12-30T15:30:00Z,PRM04,STIC,20210924-20220314,HS,21044189,49600.3,14.325,289.67481148470006,1,fair,NA
AIMS,2021-12-30T16:00:00Z,PRM04,STIC,20210924-20220314,HS,21044189,49600.3,14.421,289.67481148470006,1,fair,NA
AIMS,2021-12-30T16:30:00Z,PRM04,STIC,20210924-20220314,HS,21044189,49600.3,14.421,289.67481148470006,1,fair,NA
AIMS,2021-12-30T17:00:00Z,PRM04,STIC,20210924-20220314,HS,21044189,49600.3,14.613,289.67481148470006,1,fair,NA
AIMS,2021-12-30T17:30:00Z,PRM04,STIC,20210924-20220314,HS,21044189,49600.3,14.709,289.67481148470006,1,fair,NA
AIMS,2021-12-30T18:00:00Z,PRM04,STIC,20210924-20220314,HS,21044189,49600.3,14.9,289.67481148470006,1,fair,NA
AIMS,2021-12-30T18:30:00Z,PRM04,STIC,20210924-20220314,HS,21044189,49600.3,14.996,289.67481148470006,1,fair,NA
AIMS,2021-12-30T19:00:00Z,PRM04,STIC,20210924-20220314,HS,21044189,46844.8,15.091,274.99171916520004,1,fair,NA
AIMS,2021-12-30T19:30:00Z,PRM04,STIC,20210924-20220314,HS,21044189,49600.3,15.091,289.67481148470006,1,fair,NA
AIMS,2021-12-30T20:00:00Z,PRM04,STIC,20210924-20220314,HS,21044189,49600.3,15.091,289.67481148470006,1,fair,NA
AIMS,2021-12-30T20:30:00Z,PRM04,STIC,20210924-20220314,HS,21044189,49600.3,15.187,289.67481148470006,1,fair,NA
AIMS,2021-12-30T21:00:00Z,PRM04,STIC,20210924-20220314,HS,21044189,46844.8,15.187,274.99171916520004,1,fair,NA
AIMS,2021-12-30T21:30:00Z,PRM04,STIC,20210924-20220314,HS,21044189,41333.6,15.187,245.62446879639998,1,fair,NA
AIMS,2021-12-30T22:00:00Z,PRM04,STIC,20210924-20220314,HS,21044189,49600.3,15.091,289.67481148470006,1,fair,NA
AIMS,2021-12-30T22:30:00Z,PRM04,STIC,20210924-20220314,HS,21044189,46844.8,14.996,274.99171916520004,1,fair,NA
AIMS,2021-12-30T23:00:00Z,PRM04,STIC,20210924-20220314,HS,21044189,49600.3,14.9,289.67481148470006,1,fair,NA
AIMS,2021-12-30T23:30:00Z,PRM04,STIC,20210924-20220314,HS,21044189,46844.8,14.804,274.99171916520004,1,fair,NA
AIMS,2021-12-31T00:00:00Z,PRM04,STIC,20210924-20220314,HS,21044189,44089.2,14.613,260.3080939808,1,fair,NA
AIMS,2021-12-31T00:30:00Z,PRM04,STIC,20210924-20220314,HS,21044189,44089.2,14.517,260.3080939808,1,fair,NA
AIMS,2021-12-31T01:00:00Z,PRM04,STIC,20210924-20220314,HS,21044189,44089.2,14.325,260.3080939808,1,fair,NA
AIMS,2021-12-31T01:30:00Z,PRM04,STIC,20210924-20220314,HS,21044189,46844.8,14.23,274.99171916520004,1,fair,NA
AIMS,2021-12-31T02:00:00Z,PRM04,STIC,20210924-20220314,HS,21044189,46844.8,14.134,274.99171916520004,1,fair,NA
AIMS,2021-12-31T02:30:00Z,PRM04,STIC,20210924-20220314,HS,21044189,44089.2,14.038,260.3080939808,1,fair,NA
AIMS,2021-12-31T03:00:00Z,PRM04,STIC,20210924-20220314,HS,21044189,38578,13.942,230.94084361200004,1,fair,NA
AIMS,2021-12-31T03:30:00Z,PRM04,STIC,20210924-20220314,HS,21044189,42711.4,13.846,252.9662813886,1,fair,NA
AIMS,2021-12-31T04:00:00Z,PRM04,STIC,20210924-20220314,HS,21044189,49600.3,13.75,289.67481148470006,1,fair,NA
AIMS,2021-12-31T04:30:00Z,PRM04,STIC,20210924-20220314,HS,21044189,42711.4,13.75,252.9662813886,1,fair,NA
AIMS,2021-12-31T05:00:00Z,PRM04,STIC,20210924-20220314,HS,21044189,46844.8,13.654,274.99171916520004,1,fair,NA
AIMS,2021-12-31T05:30:00Z,PRM04,STIC,20210924-20220314,HS,21044189,49600.3,13.654,289.67481148470006,1,fair,NA
AIMS,2021-12-31T06:00:00Z,PRM04,STIC,20210924-20220314,HS,21044189,46844.8,13.654,274.99171916520004,1,fair,NA
AIMS,2021-12-31T06:30:00Z,PRM04,STIC,20210924-20220314,HS,21044189,49600.3,13.558,289.67481148470006,1,fair,NA
AIMS,2021-12-31T07:00:00Z,PRM04,STIC,20210924-20220314,HS,21044189,46844.8,13.558,274.99171916520004,1,fair,NA
AIMS,2021-12-31T07:30:00Z,PRM04,STIC,20210924-20220314,HS,21044189,46844.8,13.558,274.99171916520004,1,fair,NA
AIMS,2021-12-31T08:00:00Z,PRM04,STIC,20210924-20220314,HS,21044189,46844.8,13.461,274.99171916520004,1,fair,NA
AIMS,2021-12-31T08:30:00Z,PRM04,STIC,20210924-20220314,HS,21044189,44089.2,13.461,260.3080939808,1,fair,NA
AIMS,2021-12-31T09:00:00Z,PRM04,STIC,20210924-20220314,HS,21044189,46844.8,13.461,274.99171916520004,1,fair,NA
AIMS,2021-12-31T09:30:00Z,PRM04,STIC,20210924-20220314,HS,21044189,41333.6,13.461,245.62446879639998,1,fair,NA
AIMS,2021-12-31T10:00:00Z,PRM04,STIC,20210924-20220314,HS,21044189,49600.3,13.461,289.67481148470006,1,fair,NA
AIMS,2021-12-31T10:30:00Z,PRM04,STIC,20210924-20220314,HS,21044189,46844.8,13.461,274.99171916520004,1,fair,NA
AIMS,2021-12-31T11:00:00Z,PRM04,STIC,20210924-20220314,HS,21044189,42711.4,13.461,252.9662813886,1,fair,NA
AIMS,2021-12-31T11:30:00Z,PRM04,STIC,20210924-20220314,HS,21044189,46844.8,13.365,274.99171916520004,1,fair,NA
AIMS,2021-12-31T12:00:00Z,PRM04,STIC,20210924-20220314,HS,21044189,49600.3,13.365,289.67481148470006,1,fair,NA
AIMS,2021-12-31T12:30:00Z,PRM04,STIC,20210924-20220314,HS,21044189,49600.3,13.365,289.67481148470006,1,fair,NA
AIMS,2021-12-31T13:00:00Z,PRM04,STIC,20210924-20220314,HS,21044189,42711.4,13.365,252.9662813886,1,fair,NA
AIMS,2021-12-31T13:30:00Z,PRM04,STIC,20210924-20220314,HS,21044189,49600.3,13.365,289.67481148470006,1,fair,NA
AIMS,2021-12-31T14:00:00Z,PRM04,STIC,20210924-20220314,HS,21044189,44089.2,13.365,260.3080939808,1,fair,NA
AIMS,2021-12-31T14:30:00Z,PRM04,STIC,20210924-20220314,HS,21044189,33066.9,13.365,201.57412610810002,1,fair,NA
AIMS,2021-12-31T15:00:00Z,PRM04,STIC,20210924-20220314,HS,21044189,46844.8,13.365,274.99171916520004,1,fair,NA
AIMS,2021-12-31T15:30:00Z,PRM04,STIC,20210924-20220314,HS,21044189,46844.8,13.461,274.99171916520004,1,fair,NA
AIMS,2021-12-31T16:00:00Z,PRM04,STIC,20210924-20220314,HS,21044189,49600.3,13.558,289.67481148470006,1,fair,NA
AIMS,2021-12-31T16:30:00Z,PRM04,STIC,20210924-20220314,HS,21044189,38578,13.75,230.94084361200004,1,fair,NA
AIMS,2021-12-31T17:00:00Z,PRM04,STIC,20210924-20220314,HS,21044189,49600.3,13.846,289.67481148470006,1,fair,NA
AIMS,2021-12-31T17:30:00Z,PRM04,STIC,20210924-20220314,HS,21044189,39955.8,14.038,238.2826562042,1,fair,NA
AIMS,2021-12-31T18:00:00Z,PRM04,STIC,20210924-20220314,HS,21044189,44089.2,14.134,260.3080939808,1,fair,NA
AIMS,2021-12-31T18:30:00Z,PRM04,STIC,20210924-20220314,HS,21044189,16533.4,14.23,113.47290786660001,1,fair,NA
AIMS,2021-12-31T19:00:00Z,PRM04,STIC,20210924-20220314,HS,21044189,49600.3,14.23,289.67481148470006,1,fair,NA
AIMS,2021-12-31T19:30:00Z,PRM04,STIC,20210924-20220314,HS,21044189,49600.3,14.421,289.67481148470006,1,fair,NA
AIMS,2021-12-31T20:00:00Z,PRM04,STIC,20210924-20220314,HS,21044189,49600.3,14.517,289.67481148470006,1,fair,NA
AIMS,2021-12-31T20:30:00Z,PRM04,STIC,20210924-20220314,HS,21044189,49600.3,14.613,289.67481148470006,1,fair,NA
AIMS,2021-12-31T21:00:00Z,PRM04,STIC,20210924-20220314,HS,21044189,49600.3,14.709,289.67481148470006,1,fair,NA
AIMS,2021-12-31T21:30:00Z,PRM04,STIC,20210924-20220314,HS,21044189,49600.3,14.804,289.67481148470006,1,fair,NA
AIMS,2021-12-31T22:00:00Z,PRM04,STIC,20210924-20220314,HS,21044189,41333.6,14.9,245.62446879639998,1,fair,NA
AIMS,2021-12-31T22:30:00Z,PRM04,STIC,20210924-20220314,HS,21044189,46844.8,14.996,274.99171916520004,1,fair,NA
AIMS,2021-12-31T23:00:00Z,PRM04,STIC,20210924-20220314,HS,21044189,49600.3,14.996,289.67481148470006,1,fair,NA
AIMS,2021-12-31T23:30:00Z,PRM04,STIC,20210924-20220314,HS,21044189,49600.3,14.996,289.67481148470006,1,fair,NA
