project,datetime,siteId,rType,sublocation,SN,condUncal,tempC,rep,SpC,wetdry,qual_rating,QAQC
AIMS,2023-10-23T22:00:00Z,02S06,STIC,SP,21064680,0,27.96111111111111,20231023-20240520,0,0,fair,C
AIMS,2023-10-23T22:15:00Z,02S06,STIC,SP,21064680,0,26.781111111111116,20231023-20240520,0,0,fair,C
AIMS,2023-10-23T22:30:00Z,02S06,STIC,SP,21064680,0,25.902222222222214,20231023-20240520,0,0,fair,C
AIMS,2023-10-23T22:45:00Z,02S06,STIC,SP,21064680,0,25.222222222222218,20231023-20240520,0,0,fair,C
AIMS,2023-10-23T23:00:00Z,02S06,STIC,SP,21064680,0,24.544999999999998,20231023-20240520,0,0,fair,C
AIMS,2023-10-23T23:15:00Z,02S06,STIC,SP,21064680,0,23.677222222222223,20231023-20240520,0,0,fair,C
AIMS,2023-10-23T23:30:00Z,02S06,STIC,SP,21064680,0,23.196111111111108,20231023-20240520,0,0,fair,C
AIMS,2023-10-23T23:45:00Z,02S06,STIC,SP,21064680,0,22.62111111111112,20231023-20240520,0,0,fair,C
AIMS,2023-10-24T00:00:00Z,02S06,STIC,SP,21064680,0,22.237777777777783,20231023-20240520,0,0,fair,C
AIMS,2023-10-24T00:15:00Z,02S06,STIC,SP,21064680,0,21.66388888888889,20231023-20240520,0,0,fair,C
AIMS,2023-10-24T00:30:00Z,02S06,STIC,SP,21064680,0,20.901111111111113,20231023-20240520,0,0,fair,C
AIMS,2023-10-24T00:45:00Z,02S06,STIC,SP,21064680,0,20.615000000000002,20231023-20240520,0,0,fair,C
AIMS,2023-10-24T01:00:00Z,02S06,STIC,SP,21064680,0,20.615000000000002,20231023-20240520,0,0,fair,C
AIMS,2023-10-24T01:15:00Z,02S06,STIC,SP,21064680,0,20.615000000000002,20231023-20240520,0,0,fair,C
AIMS,2023-10-24T01:30:00Z,02S06,STIC,SP,21064680,0,20.805,20231023-20240520,0,0,fair,C
AIMS,2023-10-24T01:45:00Z,02S06,STIC,SP,21064680,0,20.901111111111113,20231023-20240520,0,0,fair,C
AIMS,2023-10-24T02:00:00Z,02S06,STIC,SP,21064680,0,20.996111111111116,20231023-20240520,0,0,fair,C
AIMS,2023-10-24T02:15:00Z,02S06,STIC,SP,21064680,0,20.901111111111113,20231023-20240520,0,0,fair,C
AIMS,2023-10-24T02:30:00Z,02S06,STIC,SP,21064680,0,20.805,20231023-20240520,0,0,fair,C
AIMS,2023-10-24T02:45:00Z,02S06,STIC,SP,21064680,0,20.710000000000004,20231023-20240520,0,0,fair,C
AIMS,2023-10-24T03:00:00Z,02S06,STIC,SP,21064680,0,20.615000000000002,20231023-20240520,0,0,fair,C
AIMS,2023-10-24T03:15:00Z,02S06,STIC,SP,21064680,0,20.615000000000002,20231023-20240520,0,0,fair,C
AIMS,2023-10-24T03:30:00Z,02S06,STIC,SP,21064680,0,20.423888888888893,20231023-20240520,0,0,fair,C
AIMS,2023-10-24T03:45:00Z,02S06,STIC,SP,21064680,0,20.23388888888889,20231023-20240520,0,0,fair,C
AIMS,2023-10-24T04:00:00Z,02S06,STIC,SP,21064680,0,20.042777777777772,20231023-20240520,0,0,fair,C
AIMS,2023-10-24T04:15:00Z,02S06,STIC,SP,21064680,0,19.757777777777772,20231023-20240520,0,0,fair,C
AIMS,2023-10-24T04:30:00Z,02S06,STIC,SP,21064680,0,19.757777777777772,20231023-20240520,0,0,fair,C
AIMS,2023-10-24T04:45:00Z,02S06,STIC,SP,21064680,0,19.757777777777772,20231023-20240520,0,0,fair,C
AIMS,2023-10-24T05:00:00Z,02S06,STIC,SP,21064680,0,19.662222222222216,20231023-20240520,0,0,fair,C
AIMS,2023-10-24T05:15:00Z,02S06,STIC,SP,21064680,0,19.472222222222214,20231023-20240520,0,0,fair,C
AIMS,2023-10-24T05:30:00Z,02S06,STIC,SP,21064680,0,19.377222222222223,20231023-20240520,0,0,fair,C
AIMS,2023-10-24T05:45:00Z,02S06,STIC,SP,21064680,0,19.377222222222223,20231023-20240520,0,0,fair,C
AIMS,2023-10-24T06:00:00Z,02S06,STIC,SP,21064680,0,19.282222222222213,20231023-20240520,0,0,fair,C
AIMS,2023-10-24T06:15:00Z,02S06,STIC,SP,21064680,0,19.282222222222213,20231023-20240520,0,0,fair,C
AIMS,2023-10-24T06:30:00Z,02S06,STIC,SP,21064680,0,19.092222222222215,20231023-20240520,0,0,fair,C
AIMS,2023-10-24T06:45:00Z,02S06,STIC,SP,21064680,0,18.99611111111111,20231023-20240520,0,0,fair,C
AIMS,2023-10-24T07:00:00Z,02S06,STIC,SP,21064680,0,18.99611111111111,20231023-20240520,0,0,fair,C
AIMS,2023-10-24T07:15:00Z,02S06,STIC,SP,21064680,0,18.901111111111113,20231023-20240520,0,0,fair,C
AIMS,2023-10-24T07:30:00Z,02S06,STIC,SP,21064680,0,18.901111111111113,20231023-20240520,0,0,fair,C
AIMS,2023-10-24T07:45:00Z,02S06,STIC,SP,21064680,0,18.99611111111111,20231023-20240520,0,0,fair,C
AIMS,2023-10-24T08:00:00Z,02S06,STIC,SP,21064680,0,18.99611111111111,20231023-20240520,0,0,fair,C
AIMS,2023-10-24T08:15:00Z,02S06,STIC,SP,21064680,0,18.99611111111111,20231023-20240520,0,0,fair,C
AIMS,2023-10-24T08:30:00Z,02S06,STIC,SP,21064680,0,18.99611111111111,20231023-20240520,0,0,fair,C
AIMS,2023-10-24T08:45:00Z,02S06,STIC,SP,21064680,0,18.80611111111111,20231023-20240520,0,0,fair,C
AIMS,2023-10-24T09:00:00Z,02S06,STIC,SP,21064680,0,18.80611111111111,20231023-20240520,0,0,fair,C
AIMS,2023-10-24T09:15:00Z,02S06,STIC,SP,21064680,0,18.71111111111112,20231023-20240520,0,0,fair,C
AIMS,2023-10-24T09:30:00Z,02S06,STIC,SP,21064680,0,18.616111111111117,20231023-20240520,0,0,fair,C
AIMS,2023-10-24T09:45:00Z,02S06,STIC,SP,21064680,0,18.616111111111117,20231023-20240520,0,0,fair,C
AIMS,2023-10-24T10:00:00Z,02S06,STIC,SP,21064680,0,18.71111111111112,20231023-20240520,0,0,fair,C
AIMS,2023-10-24T10:15:00Z,02S06,STIC,SP,21064680,0,18.71111111111112,20231023-20240520,0,0,fair,C
AIMS,2023-10-24T10:30:00Z,02S06,STIC,SP,21064680,0,18.616111111111117,20231023-20240520,0,0,fair,C
AIMS,2023-10-24T10:45:00Z,02S06,STIC,SP,21064680,0,18.521111111111107,20231023-20240520,0,0,fair,C
AIMS,2023-10-24T11:00:00Z,02S06,STIC,SP,21064680,0,18.426111111111112,20231023-20240520,0,0,fair,C
AIMS,2023-10-24T11:15:00Z,02S06,STIC,SP,21064680,0,18.521111111111107,20231023-20240520,0,0,fair,C
AIMS,2023-10-24T11:30:00Z,02S06,STIC,SP,21064680,0,18.521111111111107,20231023-20240520,0,0,fair,C
AIMS,2023-10-24T11:45:00Z,02S06,STIC,SP,21064680,0,18.426111111111112,20231023-20240520,0,0,fair,C
AIMS,2023-10-24T12:00:00Z,02S06,STIC,SP,21064680,0,18.521111111111107,20231023-20240520,0,0,fair,C
AIMS,2023-10-24T12:15:00Z,02S06,STIC,SP,21064680,0,18.521111111111107,20231023-20240520,0,0,fair,C
AIMS,2023-10-24T12:30:00Z,02S06,STIC,SP,21064680,0,18.426111111111112,20231023-20240520,0,0,fair,C
AIMS,2023-10-24T12:45:00Z,02S06,STIC,SP,21064680,0,18.521111111111107,20231023-20240520,0,0,fair,C
AIMS,2023-10-24T13:00:00Z,02S06,STIC,SP,21064680,0,18.426111111111112,20231023-20240520,0,0,fair,C
AIMS,2023-10-24T13:15:00Z,02S06,STIC,SP,21064680,0,18.616111111111117,20231023-20240520,0,0,fair,C
AIMS,2023-10-24T13:30:00Z,02S06,STIC,SP,21064680,0,18.80611111111111,20231023-20240520,0,0,fair,C
AIMS,2023-10-24T13:45:00Z,02S06,STIC,SP,21064680,0,18.80611111111111,20231023-20240520,0,0,fair,C
AIMS,2023-10-24T14:00:00Z,02S06,STIC,SP,21064680,0,18.901111111111113,20231023-20240520,0,0,fair,C
AIMS,2023-10-24T14:15:00Z,02S06,STIC,SP,21064680,0,19.092222222222215,20231023-20240520,0,0,fair,C
AIMS,2023-10-24T14:30:00Z,02S06,STIC,SP,21064680,0,19.472222222222214,20231023-20240520,0,0,fair,C
AIMS,2023-10-24T14:45:00Z,02S06,STIC,SP,21064680,0,20.137777777777774,20231023-20240520,0,0,fair,C
AIMS,2023-10-24T15:00:00Z,02S06,STIC,SP,21064680,0,20.805,20231023-20240520,0,0,fair,C
AIMS,2023-10-24T15:15:00Z,02S06,STIC,SP,21064680,0,20.901111111111113,20231023-20240520,0,0,fair,C
AIMS,2023-10-24T15:30:00Z,02S06,STIC,SP,21064680,0,21.187222222222218,20231023-20240520,0,0,fair,C
AIMS,2023-10-24T15:45:00Z,02S06,STIC,SP,21064680,0,21.282222222222217,20231023-20240520,0,0,fair,C
AIMS,2023-10-24T16:00:00Z,02S06,STIC,SP,21064680,0,21.37777777777778,20231023-20240520,0,0,fair,C
AIMS,2023-10-24T16:15:00Z,02S06,STIC,SP,21064680,0,21.56888888888889,20231023-20240520,0,0,fair,C
AIMS,2023-10-24T16:30:00Z,02S06,STIC,SP,21064680,0,22.046111111111113,20231023-20240520,0,0,fair,C
AIMS,2023-10-24T16:45:00Z,02S06,STIC,SP,21064680,0,21.95111111111111,20231023-20240520,0,0,fair,C
AIMS,2023-10-24T17:00:00Z,02S06,STIC,SP,21064680,0,22.142222222222216,20231023-20240520,0,0,fair,C
AIMS,2023-10-24T17:15:00Z,02S06,STIC,SP,21064680,0,21.95111111111111,20231023-20240520,0,0,fair,C
AIMS,2023-10-24T17:30:00Z,02S06,STIC,SP,21064680,0,21.855,20231023-20240520,0,0,fair,C
AIMS,2023-10-24T17:45:00Z,02S06,STIC,SP,21064680,0,21.66388888888889,20231023-20240520,0,0,fair,C
AIMS,2023-10-24T18:00:00Z,02S06,STIC,SP,21064680,0,21.66388888888889,20231023-20240520,0,0,fair,C
AIMS,2023-10-24T18:15:00Z,02S06,STIC,SP,21064680,0,21.855,20231023-20240520,0,0,fair,C
AIMS,2023-10-24T18:30:00Z,02S06,STIC,SP,21064680,0,21.472777777777775,20231023-20240520,0,0,fair,C
AIMS,2023-10-24T18:45:00Z,02S06,STIC,SP,21064680,0,20.996111111111116,20231023-20240520,0,0,fair,C
AIMS,2023-10-24T19:00:00Z,02S06,STIC,SP,21064680,0,19.85277777777777,20231023-20240520,0,0,fair,C
AIMS,2023-10-24T19:15:00Z,02S06,STIC,SP,21064680,0,19.092222222222215,20231023-20240520,0,0,fair,C
AIMS,2023-10-24T19:30:00Z,02S06,STIC,SP,21064680,0,18.901111111111113,20231023-20240520,0,0,fair,C
AIMS,2023-10-24T19:45:00Z,02S06,STIC,SP,21064680,0,18.80611111111111,20231023-20240520,0,0,fair,C
AIMS,2023-10-24T20:00:00Z,02S06,STIC,SP,21064680,0,18.521111111111107,20231023-20240520,0,0,fair,C
AIMS,2023-10-24T20:15:00Z,02S06,STIC,SP,21064680,0,18.426111111111112,20231023-20240520,0,0,fair,C
AIMS,2023-10-24T20:30:00Z,02S06,STIC,SP,21064680,0,18.521111111111107,20231023-20240520,0,0,fair,C
AIMS,2023-10-24T20:45:00Z,02S06,STIC,SP,21064680,0,18.426111111111112,20231023-20240520,0,0,fair,C
AIMS,2023-10-24T21:00:00Z,02S06,STIC,SP,21064680,0,18.521111111111107,20231023-20240520,0,0,fair,C
AIMS,2023-10-24T21:15:00Z,02S06,STIC,SP,21064680,0,18.71111111111112,20231023-20240520,0,0,fair,C
AIMS,2023-10-24T21:30:00Z,02S06,STIC,SP,21064680,0,18.71111111111112,20231023-20240520,0,0,fair,C
AIMS,2023-10-24T21:45:00Z,02S06,STIC,SP,21064680,0,18.901111111111113,20231023-20240520,0,0,fair,C
AIMS,2023-10-24T22:00:00Z,02S06,STIC,SP,21064680,0,18.99611111111111,20231023-20240520,0,0,fair,C
AIMS,2023-10-24T22:15:00Z,02S06,STIC,SP,21064680,0,18.99611111111111,20231023-20240520,0,0,fair,C
AIMS,2023-10-24T22:30:00Z,02S06,STIC,SP,21064680,0,19.377222222222223,20231023-20240520,0,0,fair,C
AIMS,2023-10-24T22:45:00Z,02S06,STIC,SP,21064680,0,19.18722222222222,20231023-20240520,0,0,fair,C
AIMS,2023-10-24T23:00:00Z,02S06,STIC,SP,21064680,0,18.99611111111111,20231023-20240520,0,0,fair,C
AIMS,2023-10-24T23:15:00Z,02S06,STIC,SP,21064680,0,18.71111111111112,20231023-20240520,0,0,fair,C
AIMS,2023-10-24T23:30:00Z,02S06,STIC,SP,21064680,0,18.521111111111107,20231023-20240520,0,0,fair,C
AIMS,2023-10-24T23:45:00Z,02S06,STIC,SP,21064680,0,18.331111111111106,20231023-20240520,0,0,fair,C
AIMS,2023-10-25T00:00:00Z,02S06,STIC,SP,21064680,0,18.23611111111111,20231023-20240520,0,0,fair,C
AIMS,2023-10-25T00:15:00Z,02S06,STIC,SP,21064680,0,18.14,20231023-20240520,0,0,fair,C
AIMS,2023-10-25T00:30:00Z,02S06,STIC,SP,21064680,0,17.855,20231023-20240520,0,0,fair,C
AIMS,2023-10-25T00:45:00Z,02S06,STIC,SP,21064680,0,17.665,20231023-20240520,0,0,fair,C
AIMS,2023-10-25T01:00:00Z,02S06,STIC,SP,21064680,0,17.665,20231023-20240520,0,0,fair,C
AIMS,2023-10-25T01:15:00Z,02S06,STIC,SP,21064680,0,17.665,20231023-20240520,0,0,fair,C
AIMS,2023-10-25T01:30:00Z,02S06,STIC,SP,21064680,0,17.57,20231023-20240520,0,0,fair,C
AIMS,2023-10-25T01:45:00Z,02S06,STIC,SP,21064680,0,17.57,20231023-20240520,0,0,fair,C
AIMS,2023-10-25T02:00:00Z,02S06,STIC,SP,21064680,0,17.665,20231023-20240520,0,0,fair,C
AIMS,2023-10-25T02:15:00Z,02S06,STIC,SP,21064680,0,17.76,20231023-20240520,0,0,fair,C
AIMS,2023-10-25T02:30:00Z,02S06,STIC,SP,21064680,0,17.76,20231023-20240520,0,0,fair,C
AIMS,2023-10-25T02:45:00Z,02S06,STIC,SP,21064680,0,17.855,20231023-20240520,0,0,fair,C
AIMS,2023-10-25T03:00:00Z,02S06,STIC,SP,21064680,0,17.855,20231023-20240520,0,0,fair,C
AIMS,2023-10-25T03:15:00Z,02S06,STIC,SP,21064680,0,17.950000000000003,20231023-20240520,0,0,fair,C
AIMS,2023-10-25T03:30:00Z,02S06,STIC,SP,21064680,0,17.950000000000003,20231023-20240520,0,0,fair,C
AIMS,2023-10-25T03:45:00Z,02S06,STIC,SP,21064680,0,18.044999999999998,20231023-20240520,0,0,fair,C
AIMS,2023-10-25T04:00:00Z,02S06,STIC,SP,21064680,0,17.855,20231023-20240520,0,0,fair,C
AIMS,2023-10-25T04:15:00Z,02S06,STIC,SP,21064680,0,17.18888888888889,20231023-20240520,0,0,fair,C
AIMS,2023-10-25T04:30:00Z,02S06,STIC,SP,21064680,0,16.712777777777774,20231023-20240520,0,0,fair,C
AIMS,2023-10-25T04:45:00Z,02S06,STIC,SP,21064680,0,16.33222222222222,20231023-20240520,0,0,fair,C
AIMS,2023-10-25T05:00:00Z,02S06,STIC,SP,21064680,0,16.522777777777772,20231023-20240520,0,0,fair,C
AIMS,2023-10-25T05:15:00Z,02S06,STIC,SP,21064680,0,17.09388888888889,20231023-20240520,0,0,fair,C
AIMS,2023-10-25T05:30:00Z,02S06,STIC,SP,21064680,0,17.283888888888885,20231023-20240520,0,0,fair,C
AIMS,2023-10-25T05:45:00Z,02S06,STIC,SP,21064680,0,17.18888888888889,20231023-20240520,0,0,fair,C
AIMS,2023-10-25T06:00:00Z,02S06,STIC,SP,21064680,0,17.09388888888889,20231023-20240520,0,0,fair,C
AIMS,2023-10-25T06:15:00Z,02S06,STIC,SP,21064680,0,17.09388888888889,20231023-20240520,0,0,fair,C
AIMS,2023-10-25T06:30:00Z,02S06,STIC,SP,21064680,0,17.09388888888889,20231023-20240520,0,0,fair,C
AIMS,2023-10-25T06:45:00Z,02S06,STIC,SP,21064680,0,17.283888888888885,20231023-20240520,0,0,fair,C
AIMS,2023-10-25T07:00:00Z,02S06,STIC,SP,21064680,0,17.474999999999994,20231023-20240520,0,0,fair,C
AIMS,2023-10-25T07:15:00Z,02S06,STIC,SP,21064680,0,17.57,20231023-20240520,0,0,fair,C
AIMS,2023-10-25T07:30:00Z,02S06,STIC,SP,21064680,0,17.57,20231023-20240520,0,0,fair,C
AIMS,2023-10-25T07:45:00Z,02S06,STIC,SP,21064680,0,17.57,20231023-20240520,0,0,fair,C
AIMS,2023-10-25T08:00:00Z,02S06,STIC,SP,21064680,0,17.57,20231023-20240520,0,0,fair,C
AIMS,2023-10-25T08:15:00Z,02S06,STIC,SP,21064680,0,17.665,20231023-20240520,0,0,fair,C
AIMS,2023-10-25T08:30:00Z,02S06,STIC,SP,21064680,0,17.665,20231023-20240520,0,0,fair,C
AIMS,2023-10-25T08:45:00Z,02S06,STIC,SP,21064680,0,17.57,20231023-20240520,0,0,fair,C
AIMS,2023-10-25T09:00:00Z,02S06,STIC,SP,21064680,0,17.18888888888889,20231023-20240520,0,0,fair,C
AIMS,2023-10-25T09:15:00Z,02S06,STIC,SP,21064680,0,16.807777777777776,20231023-20240520,0,0,fair,C
AIMS,2023-10-25T09:30:00Z,02S06,STIC,SP,21064680,0,16.141111111111115,20231023-20240520,0,0,fair,C
AIMS,2023-10-25T09:45:00Z,02S06,STIC,SP,21064680,0,15.951111111111109,20231023-20240520,0,0,fair,C
AIMS,2023-10-25T10:00:00Z,02S06,STIC,SP,21064680,0,16.237222222222222,20231023-20240520,0,0,fair,C
AIMS,2023-10-25T10:15:00Z,02S06,STIC,SP,21064680,0,16.902777777777775,20231023-20240520,0,0,fair,C
AIMS,2023-10-25T10:30:00Z,02S06,STIC,SP,21064680,0,17.18888888888889,20231023-20240520,0,0,fair,C
AIMS,2023-10-25T10:45:00Z,02S06,STIC,SP,21064680,0,17.09388888888889,20231023-20240520,0,0,fair,C
AIMS,2023-10-25T11:00:00Z,02S06,STIC,SP,21064680,0,17.09388888888889,20231023-20240520,0,0,fair,C
AIMS,2023-10-25T11:15:00Z,02S06,STIC,SP,21064680,0,17.18888888888889,20231023-20240520,0,0,fair,C
AIMS,2023-10-25T11:30:00Z,02S06,STIC,SP,21064680,0,17.283888888888885,20231023-20240520,0,0,fair,C
AIMS,2023-10-25T11:45:00Z,02S06,STIC,SP,21064680,0,17.474999999999994,20231023-20240520,0,0,fair,C
AIMS,2023-10-25T12:00:00Z,02S06,STIC,SP,21064680,0,17.57,20231023-20240520,0,0,fair,C
AIMS,2023-10-25T12:15:00Z,02S06,STIC,SP,21064680,0,17.57,20231023-20240520,0,0,fair,C
AIMS,2023-10-25T12:30:00Z,02S06,STIC,SP,21064680,0,17.57,20231023-20240520,0,0,fair,C
AIMS,2023-10-25T12:45:00Z,02S06,STIC,SP,21064680,0,17.474999999999994,20231023-20240520,0,0,fair,C
AIMS,2023-10-25T13:00:00Z,02S06,STIC,SP,21064680,0,17.474999999999994,20231023-20240520,0,0,fair,C
AIMS,2023-10-25T13:15:00Z,02S06,STIC,SP,21064680,0,17.474999999999994,20231023-20240520,0,0,fair,C
AIMS,2023-10-25T13:30:00Z,02S06,STIC,SP,21064680,0,17.57,20231023-20240520,0,0,fair,C
AIMS,2023-10-25T13:45:00Z,02S06,STIC,SP,21064680,0,17.57,20231023-20240520,0,0,fair,C
AIMS,2023-10-25T14:00:00Z,02S06,STIC,SP,21064680,0,17.76,20231023-20240520,0,0,fair,C
AIMS,2023-10-25T14:15:00Z,02S06,STIC,SP,21064680,0,18.14,20231023-20240520,0,0,fair,C
AIMS,2023-10-25T14:30:00Z,02S06,STIC,SP,21064680,0,18.23611111111111,20231023-20240520,0,0,fair,C
AIMS,2023-10-25T14:45:00Z,02S06,STIC,SP,21064680,0,18.044999999999998,20231023-20240520,0,0,fair,C
AIMS,2023-10-25T15:00:00Z,02S06,STIC,SP,21064680,0,18.044999999999998,20231023-20240520,0,0,fair,C
AIMS,2023-10-25T15:15:00Z,02S06,STIC,SP,21064680,0,18.044999999999998,20231023-20240520,0,0,fair,C
AIMS,2023-10-25T15:30:00Z,02S06,STIC,SP,21064680,0,18.044999999999998,20231023-20240520,0,0,fair,C
AIMS,2023-10-25T15:45:00Z,02S06,STIC,SP,21064680,0,18.044999999999998,20231023-20240520,0,0,fair,C
AIMS,2023-10-25T16:00:00Z,02S06,STIC,SP,21064680,0,18.044999999999998,20231023-20240520,0,0,fair,C
AIMS,2023-10-25T16:15:00Z,02S06,STIC,SP,21064680,0,18.044999999999998,20231023-20240520,0,0,fair,C
AIMS,2023-10-25T16:30:00Z,02S06,STIC,SP,21064680,0,18.14,20231023-20240520,0,0,fair,C
AIMS,2023-10-25T16:45:00Z,02S06,STIC,SP,21064680,0,18.14,20231023-20240520,0,0,fair,C
AIMS,2023-10-25T17:00:00Z,02S06,STIC,SP,21064680,0,18.426111111111112,20231023-20240520,0,0,fair,C
AIMS,2023-10-25T17:15:00Z,02S06,STIC,SP,21064680,0,18.99611111111111,20231023-20240520,0,0,fair,C
AIMS,2023-10-25T17:30:00Z,02S06,STIC,SP,21064680,0,19.092222222222215,20231023-20240520,0,0,fair,C
AIMS,2023-10-25T17:45:00Z,02S06,STIC,SP,21064680,0,19.18722222222222,20231023-20240520,0,0,fair,C
AIMS,2023-10-25T18:00:00Z,02S06,STIC,SP,21064680,0,19.377222222222223,20231023-20240520,0,0,fair,C
AIMS,2023-10-25T18:15:00Z,02S06,STIC,SP,21064680,0,19.377222222222223,20231023-20240520,0,0,fair,C
AIMS,2023-10-25T18:30:00Z,02S06,STIC,SP,21064680,0,19.18722222222222,20231023-20240520,0,0,fair,C
AIMS,2023-10-25T18:45:00Z,02S06,STIC,SP,21064680,0,19.472222222222214,20231023-20240520,0,0,fair,C
AIMS,2023-10-25T19:00:00Z,02S06,STIC,SP,21064680,0,20.042777777777772,20231023-20240520,0,0,fair,C
AIMS,2023-10-25T19:15:00Z,02S06,STIC,SP,21064680,0,20.423888888888893,20231023-20240520,0,0,fair,C
AIMS,2023-10-25T19:30:00Z,02S06,STIC,SP,21064680,0,20.23388888888889,20231023-20240520,0,0,fair,C
AIMS,2023-10-25T19:45:00Z,02S06,STIC,SP,21064680,0,19.85277777777777,20231023-20240520,0,0,fair,C
AIMS,2023-10-25T20:00:00Z,02S06,STIC,SP,21064680,0,19.472222222222214,20231023-20240520,0,0,fair,C
AIMS,2023-10-25T20:15:00Z,02S06,STIC,SP,21064680,0,19.472222222222214,20231023-20240520,0,0,fair,C
AIMS,2023-10-25T20:30:00Z,02S06,STIC,SP,21064680,0,19.472222222222214,20231023-20240520,0,0,fair,C
AIMS,2023-10-25T20:45:00Z,02S06,STIC,SP,21064680,0,19.18722222222222,20231023-20240520,0,0,fair,C
AIMS,2023-10-25T21:00:00Z,02S06,STIC,SP,21064680,0,18.80611111111111,20231023-20240520,0,0,fair,C
AIMS,2023-10-25T21:15:00Z,02S06,STIC,SP,21064680,0,18.71111111111112,20231023-20240520,0,0,fair,C
AIMS,2023-10-25T21:30:00Z,02S06,STIC,SP,21064680,0,18.80611111111111,20231023-20240520,0,0,fair,C
AIMS,2023-10-25T21:45:00Z,02S06,STIC,SP,21064680,0,18.901111111111113,20231023-20240520,0,0,fair,C
AIMS,2023-10-25T22:00:00Z,02S06,STIC,SP,21064680,0,18.99611111111111,20231023-20240520,0,0,fair,C
AIMS,2023-10-25T22:15:00Z,02S06,STIC,SP,21064680,0,18.80611111111111,20231023-20240520,0,0,fair,C
AIMS,2023-10-25T22:30:00Z,02S06,STIC,SP,21064680,0,18.616111111111117,20231023-20240520,0,0,fair,C
AIMS,2023-10-25T22:45:00Z,02S06,STIC,SP,21064680,0,18.616111111111117,20231023-20240520,0,0,fair,C
AIMS,2023-10-25T23:00:00Z,02S06,STIC,SP,21064680,0,18.426111111111112,20231023-20240520,0,0,fair,C
AIMS,2023-10-25T23:15:00Z,02S06,STIC,SP,21064680,0,18.426111111111112,20231023-20240520,0,0,fair,C
AIMS,2023-10-25T23:30:00Z,02S06,STIC,SP,21064680,0,18.331111111111106,20231023-20240520,0,0,fair,C
AIMS,2023-10-25T23:45:00Z,02S06,STIC,SP,21064680,0,18.331111111111106,20231023-20240520,0,0,fair,C
AIMS,2023-10-26T00:00:00Z,02S06,STIC,SP,21064680,0,18.23611111111111,20231023-20240520,0,0,fair,C
AIMS,2023-10-26T00:15:00Z,02S06,STIC,SP,21064680,0,18.14,20231023-20240520,0,0,fair,C
AIMS,2023-10-26T00:30:00Z,02S06,STIC,SP,21064680,0,18.14,20231023-20240520,0,0,fair,C
AIMS,2023-10-26T00:45:00Z,02S06,STIC,SP,21064680,0,18.14,20231023-20240520,0,0,fair,C
AIMS,2023-10-26T01:00:00Z,02S06,STIC,SP,21064680,0,18.23611111111111,20231023-20240520,0,0,fair,C
AIMS,2023-10-26T01:15:00Z,02S06,STIC,SP,21064680,0,18.331111111111106,20231023-20240520,0,0,fair,C
AIMS,2023-10-26T01:30:00Z,02S06,STIC,SP,21064680,0,18.23611111111111,20231023-20240520,0,0,fair,C
AIMS,2023-10-26T01:45:00Z,02S06,STIC,SP,21064680,0,18.331111111111106,20231023-20240520,0,0,fair,C
AIMS,2023-10-26T02:00:00Z,02S06,STIC,SP,21064680,0,18.23611111111111,20231023-20240520,0,0,fair,C
AIMS,2023-10-26T02:15:00Z,02S06,STIC,SP,21064680,0,18.426111111111112,20231023-20240520,0,0,fair,C
AIMS,2023-10-26T02:30:00Z,02S06,STIC,SP,21064680,0,18.616111111111117,20231023-20240520,0,0,fair,C
AIMS,2023-10-26T02:45:00Z,02S06,STIC,SP,21064680,0,18.80611111111111,20231023-20240520,0,0,fair,C
AIMS,2023-10-26T03:00:00Z,02S06,STIC,SP,21064680,0,18.99611111111111,20231023-20240520,0,0,fair,C
AIMS,2023-10-26T03:15:00Z,02S06,STIC,SP,21064680,0,19.092222222222215,20231023-20240520,0,0,fair,C
AIMS,2023-10-26T03:30:00Z,02S06,STIC,SP,21064680,0,19.092222222222215,20231023-20240520,0,0,fair,C
AIMS,2023-10-26T03:45:00Z,02S06,STIC,SP,21064680,0,19.092222222222215,20231023-20240520,0,0,fair,C
AIMS,2023-10-26T04:00:00Z,02S06,STIC,SP,21064680,0,18.99611111111111,20231023-20240520,0,0,fair,C
AIMS,2023-10-26T04:15:00Z,02S06,STIC,SP,21064680,0,18.901111111111113,20231023-20240520,0,0,fair,C
AIMS,2023-10-26T04:30:00Z,02S06,STIC,SP,21064680,0,18.80611111111111,20231023-20240520,0,0,fair,C
AIMS,2023-10-26T04:45:00Z,02S06,STIC,SP,21064680,0,18.616111111111117,20231023-20240520,0,0,fair,C
AIMS,2023-10-26T05:00:00Z,02S06,STIC,SP,21064680,0,18.616111111111117,20231023-20240520,0,0,fair,C
AIMS,2023-10-26T05:15:00Z,02S06,STIC,SP,21064680,0,18.71111111111112,20231023-20240520,0,0,fair,C
AIMS,2023-10-26T05:30:00Z,02S06,STIC,SP,21064680,0,18.71111111111112,20231023-20240520,0,0,fair,C
AIMS,2023-10-26T05:45:00Z,02S06,STIC,SP,21064680,0,18.71111111111112,20231023-20240520,0,0,fair,C
AIMS,2023-10-26T06:00:00Z,02S06,STIC,SP,21064680,0,18.521111111111107,20231023-20240520,0,0,fair,C
AIMS,2023-10-26T06:15:00Z,02S06,STIC,SP,21064680,0,18.521111111111107,20231023-20240520,0,0,fair,C
AIMS,2023-10-26T06:30:00Z,02S06,STIC,SP,21064680,0,18.426111111111112,20231023-20240520,0,0,fair,C
AIMS,2023-10-26T06:45:00Z,02S06,STIC,SP,21064680,0,18.23611111111111,20231023-20240520,0,0,fair,C
AIMS,2023-10-26T07:00:00Z,02S06,STIC,SP,21064680,0,18.331111111111106,20231023-20240520,0,0,fair,C
AIMS,2023-10-26T07:15:00Z,02S06,STIC,SP,21064680,0,18.23611111111111,20231023-20240520,0,0,fair,C
AIMS,2023-10-26T07:30:00Z,02S06,STIC,SP,21064680,0,18.14,20231023-20240520,0,0,fair,C
AIMS,2023-10-26T07:45:00Z,02S06,STIC,SP,21064680,0,18.14,20231023-20240520,0,0,fair,C
AIMS,2023-10-26T08:00:00Z,02S06,STIC,SP,21064680,0,18.14,20231023-20240520,0,0,fair,C
AIMS,2023-10-26T08:15:00Z,02S06,STIC,SP,21064680,0,18.14,20231023-20240520,0,0,fair,C
AIMS,2023-10-26T08:30:00Z,02S06,STIC,SP,21064680,0,18.23611111111111,20231023-20240520,0,0,fair,C
AIMS,2023-10-26T08:45:00Z,02S06,STIC,SP,21064680,0,18.23611111111111,20231023-20240520,0,0,fair,C
AIMS,2023-10-26T09:00:00Z,02S06,STIC,SP,21064680,0,18.23611111111111,20231023-20240520,0,0,fair,C
AIMS,2023-10-26T09:15:00Z,02S06,STIC,SP,21064680,0,18.23611111111111,20231023-20240520,0,0,fair,C
AIMS,2023-10-26T09:30:00Z,02S06,STIC,SP,21064680,0,18.331111111111106,20231023-20240520,0,0,fair,C
AIMS,2023-10-26T09:45:00Z,02S06,STIC,SP,21064680,0,18.23611111111111,20231023-20240520,0,0,fair,C
AIMS,2023-10-26T10:00:00Z,02S06,STIC,SP,21064680,0,18.23611111111111,20231023-20240520,0,0,fair,C
AIMS,2023-10-26T10:15:00Z,02S06,STIC,SP,21064680,0,18.331111111111106,20231023-20240520,0,0,fair,C
AIMS,2023-10-26T10:30:00Z,02S06,STIC,SP,21064680,0,18.331111111111106,20231023-20240520,0,0,fair,C
AIMS,2023-10-26T10:45:00Z,02S06,STIC,SP,21064680,0,18.23611111111111,20231023-20240520,0,0,fair,C
AIMS,2023-10-26T11:00:00Z,02S06,STIC,SP,21064680,0,18.14,20231023-20240520,0,0,fair,C
AIMS,2023-10-26T11:15:00Z,02S06,STIC,SP,21064680,0,18.044999999999998,20231023-20240520,0,0,fair,C
AIMS,2023-10-26T11:30:00Z,02S06,STIC,SP,21064680,0,17.665,20231023-20240520,0,0,fair,C
AIMS,2023-10-26T11:45:00Z,02S06,STIC,SP,21064680,0,17.665,20231023-20240520,0,0,fair,C
AIMS,2023-10-26T12:00:00Z,02S06,STIC,SP,21064680,0,17.76,20231023-20240520,0,0,fair,C
AIMS,2023-10-26T12:15:00Z,02S06,STIC,SP,21064680,0,17.76,20231023-20240520,0,0,fair,C
AIMS,2023-10-26T12:30:00Z,02S06,STIC,SP,21064680,0,17.855,20231023-20240520,0,0,fair,C
AIMS,2023-10-26T12:45:00Z,02S06,STIC,SP,21064680,0,17.855,20231023-20240520,0,0,fair,C
AIMS,2023-10-26T13:00:00Z,02S06,STIC,SP,21064680,0,17.950000000000003,20231023-20240520,0,0,fair,C
AIMS,2023-10-26T13:15:00Z,02S06,STIC,SP,21064680,0,18.044999999999998,20231023-20240520,0,0,fair,C
AIMS,2023-10-26T13:30:00Z,02S06,STIC,SP,21064680,0,18.044999999999998,20231023-20240520,0,0,fair,C
AIMS,2023-10-26T13:45:00Z,02S06,STIC,SP,21064680,0,18.14,20231023-20240520,0,0,fair,C
AIMS,2023-10-26T14:00:00Z,02S06,STIC,SP,21064680,0,18.331111111111106,20231023-20240520,0,0,fair,C
AIMS,2023-10-26T14:15:00Z,02S06,STIC,SP,21064680,0,18.426111111111112,20231023-20240520,0,0,fair,C
AIMS,2023-10-26T14:30:00Z,02S06,STIC,SP,21064680,0,18.616111111111117,20231023-20240520,0,0,fair,C
AIMS,2023-10-26T14:45:00Z,02S06,STIC,SP,21064680,0,18.99611111111111,20231023-20240520,0,0,fair,C
AIMS,2023-10-26T15:00:00Z,02S06,STIC,SP,21064680,0,18.99611111111111,20231023-20240520,0,0,fair,C
AIMS,2023-10-26T15:15:00Z,02S06,STIC,SP,21064680,0,18.99611111111111,20231023-20240520,0,0,fair,C
AIMS,2023-10-26T15:30:00Z,02S06,STIC,SP,21064680,0,19.56722222222222,20231023-20240520,0,0,fair,C
AIMS,2023-10-26T15:45:00Z,02S06,STIC,SP,21064680,0,19.757777777777772,20231023-20240520,0,0,fair,C
AIMS,2023-10-26T16:00:00Z,02S06,STIC,SP,21064680,0,19.757777777777772,20231023-20240520,0,0,fair,C
AIMS,2023-10-26T16:15:00Z,02S06,STIC,SP,21064680,0,19.757777777777772,20231023-20240520,0,0,fair,C
AIMS,2023-10-26T16:30:00Z,02S06,STIC,SP,21064680,0,20.137777777777774,20231023-20240520,0,0,fair,C
AIMS,2023-10-26T16:45:00Z,02S06,STIC,SP,21064680,0,20.518888888888892,20231023-20240520,0,0,fair,C
AIMS,2023-10-26T17:00:00Z,02S06,STIC,SP,21064680,0,20.710000000000004,20231023-20240520,0,0,fair,C
AIMS,2023-10-26T17:15:00Z,02S06,STIC,SP,21064680,0,21.09111111111111,20231023-20240520,0,0,fair,C
AIMS,2023-10-26T17:30:00Z,02S06,STIC,SP,21064680,0,21.282222222222217,20231023-20240520,0,0,fair,C
AIMS,2023-10-26T17:45:00Z,02S06,STIC,SP,21064680,0,22.62111111111112,20231023-20240520,0,0,fair,C
AIMS,2023-10-26T18:00:00Z,02S06,STIC,SP,21064680,0,23.38777777777777,20231023-20240520,0,0,fair,C
AIMS,2023-10-26T18:15:00Z,02S06,STIC,SP,21064680,0,23.58111111111111,20231023-20240520,0,0,fair,C
AIMS,2023-10-26T18:30:00Z,02S06,STIC,SP,21064680,0,25.318888888888893,20231023-20240520,0,0,fair,C
AIMS,2023-10-26T18:45:00Z,02S06,STIC,SP,21064680,0,26.292222222222208,20231023-20240520,0,0,fair,C
AIMS,2023-10-26T19:00:00Z,02S06,STIC,SP,21064680,0,26.195,20231023-20240520,0,0,fair,C
AIMS,2023-10-26T19:15:00Z,02S06,STIC,SP,21064680,0,25.51277777777777,20231023-20240520,0,0,fair,C
AIMS,2023-10-26T19:30:00Z,02S06,STIC,SP,21064680,0,26.781111111111116,20231023-20240520,0,0,fair,C
AIMS,2023-10-26T19:45:00Z,02S06,STIC,SP,21064680,0,26.292222222222208,20231023-20240520,0,0,fair,C
AIMS,2023-10-26T20:00:00Z,02S06,STIC,SP,21064680,0,25.805,20231023-20240520,0,0,fair,C
AIMS,2023-10-26T20:15:00Z,02S06,STIC,SP,21064680,0,25.70777777777778,20231023-20240520,0,0,fair,C
AIMS,2023-10-26T20:30:00Z,02S06,STIC,SP,21064680,0,27.075000000000003,20231023-20240520,0,0,fair,C
AIMS,2023-10-26T20:45:00Z,02S06,STIC,SP,21064680,0,27.17277777777777,20231023-20240520,0,0,fair,C
AIMS,2023-10-26T21:00:00Z,02S06,STIC,SP,21064680,0,26.682777777777773,20231023-20240520,0,0,fair,C
AIMS,2023-10-26T21:15:00Z,02S06,STIC,SP,21064680,0,25.902222222222214,20231023-20240520,0,0,fair,C
AIMS,2023-10-26T21:30:00Z,02S06,STIC,SP,21064680,0,24.835,20231023-20240520,0,0,fair,C
AIMS,2023-10-26T21:45:00Z,02S06,STIC,SP,21064680,0,24.931111111111115,20231023-20240520,0,0,fair,C
AIMS,2023-10-26T22:00:00Z,02S06,STIC,SP,21064680,0,23.966111111111108,20231023-20240520,0,0,fair,C
AIMS,2023-10-26T22:15:00Z,02S06,STIC,SP,21064680,0,23.196111111111108,20231023-20240520,0,0,fair,C
AIMS,2023-10-26T22:30:00Z,02S06,STIC,SP,21064680,0,22.046111111111113,20231023-20240520,0,0,fair,C
AIMS,2023-10-26T22:45:00Z,02S06,STIC,SP,21064680,0,21.37777777777778,20231023-20240520,0,0,fair,C
AIMS,2023-10-26T23:00:00Z,02S06,STIC,SP,21064680,0,20.710000000000004,20231023-20240520,0,0,fair,C
AIMS,2023-10-26T23:15:00Z,02S06,STIC,SP,21064680,0,20.137777777777774,20231023-20240520,0,0,fair,C
AIMS,2023-10-26T23:30:00Z,02S06,STIC,SP,21064680,0,19.377222222222223,20231023-20240520,0,0,fair,C
AIMS,2023-10-26T23:45:00Z,02S06,STIC,SP,21064680,0,18.71111111111112,20231023-20240520,0,0,fair,C
AIMS,2023-10-27T00:00:00Z,02S06,STIC,SP,21064680,0,18.044999999999998,20231023-20240520,0,0,fair,C
AIMS,2023-10-27T00:15:00Z,02S06,STIC,SP,21064680,0,17.76,20231023-20240520,0,0,fair,C
AIMS,2023-10-27T00:30:00Z,02S06,STIC,SP,21064680,0,17.378888888888888,20231023-20240520,0,0,fair,C
AIMS,2023-10-27T00:45:00Z,02S06,STIC,SP,21064680,0,17.09388888888889,20231023-20240520,0,0,fair,C
AIMS,2023-10-27T01:00:00Z,02S06,STIC,SP,21064680,0,16.99888888888889,20231023-20240520,0,0,fair,C
AIMS,2023-10-27T01:15:00Z,02S06,STIC,SP,21064680,0,16.99888888888889,20231023-20240520,0,0,fair,C
AIMS,2023-10-27T01:30:00Z,02S06,STIC,SP,21064680,0,16.902777777777775,20231023-20240520,0,0,fair,C
AIMS,2023-10-27T01:45:00Z,02S06,STIC,SP,21064680,0,16.807777777777776,20231023-20240520,0,0,fair,C
AIMS,2023-10-27T02:00:00Z,02S06,STIC,SP,21064680,0,16.712777777777774,20231023-20240520,0,0,fair,C
AIMS,2023-10-27T02:15:00Z,02S06,STIC,SP,21064680,0,16.522777777777772,20231023-20240520,0,0,fair,C
AIMS,2023-10-27T02:30:00Z,02S06,STIC,SP,21064680,0,16.33222222222222,20231023-20240520,0,0,fair,C
AIMS,2023-10-27T02:45:00Z,02S06,STIC,SP,21064680,0,16.427222222222223,20231023-20240520,0,0,fair,C
AIMS,2023-10-27T03:00:00Z,02S06,STIC,SP,21064680,0,16.427222222222223,20231023-20240520,0,0,fair,C
AIMS,2023-10-27T03:15:00Z,02S06,STIC,SP,21064680,0,16.427222222222223,20231023-20240520,0,0,fair,C
AIMS,2023-10-27T03:30:00Z,02S06,STIC,SP,21064680,0,16.33222222222222,20231023-20240520,0,0,fair,C
AIMS,2023-10-27T03:45:00Z,02S06,STIC,SP,21064680,0,16.237222222222222,20231023-20240520,0,0,fair,C
AIMS,2023-10-27T04:00:00Z,02S06,STIC,SP,21064680,0,16.237222222222222,20231023-20240520,0,0,fair,C
AIMS,2023-10-27T04:15:00Z,02S06,STIC,SP,21064680,0,16.33222222222222,20231023-20240520,0,0,fair,C
AIMS,2023-10-27T04:30:00Z,02S06,STIC,SP,21064680,0,16.522777777777772,20231023-20240520,0,0,fair,C
AIMS,2023-10-27T04:45:00Z,02S06,STIC,SP,21064680,0,16.807777777777776,20231023-20240520,0,0,fair,C
AIMS,2023-10-27T05:00:00Z,02S06,STIC,SP,21064680,0,17.18888888888889,20231023-20240520,0,0,fair,C
AIMS,2023-10-27T05:15:00Z,02S06,STIC,SP,21064680,0,17.378888888888888,20231023-20240520,0,0,fair,C
AIMS,2023-10-27T05:30:00Z,02S06,STIC,SP,21064680,0,17.57,20231023-20240520,0,0,fair,C
AIMS,2023-10-27T05:45:00Z,02S06,STIC,SP,21064680,0,17.950000000000003,20231023-20240520,0,0,fair,C
AIMS,2023-10-27T06:00:00Z,02S06,STIC,SP,21064680,0,17.665,20231023-20240520,0,0,fair,C
AIMS,2023-10-27T06:15:00Z,02S06,STIC,SP,21064680,0,16.902777777777775,20231023-20240520,0,0,fair,C
AIMS,2023-10-27T06:30:00Z,02S06,STIC,SP,21064680,0,15.951111111111109,20231023-20240520,0,0,fair,C
AIMS,2023-10-27T06:45:00Z,02S06,STIC,SP,21064680,0,15.187222222222225,20231023-20240520,0,0,fair,C
AIMS,2023-10-27T07:00:00Z,02S06,STIC,SP,21064680,0,14.421111111111108,20231023-20240520,0,0,fair,C
AIMS,2023-10-27T07:15:00Z,02S06,STIC,SP,21064680,0,13.94222222222222,20231023-20240520,0,0,fair,C
AIMS,2023-10-27T07:30:00Z,02S06,STIC,SP,21064680,0,13.55777777777778,20231023-20240520,0,0,fair,C
AIMS,2023-10-27T07:45:00Z,02S06,STIC,SP,21064680,0,13.172777777777775,20231023-20240520,0,0,fair,C
AIMS,2023-10-27T08:00:00Z,02S06,STIC,SP,21064680,0,12.69,20231023-20240520,0,0,fair,C
AIMS,2023-10-27T08:15:00Z,02S06,STIC,SP,21064680,0,12.207222222222219,20231023-20240520,0,0,fair,C
AIMS,2023-10-27T08:30:00Z,02S06,STIC,SP,21064680,0,11.72222222222222,20231023-20240520,0,0,fair,C
AIMS,2023-10-27T08:45:00Z,02S06,STIC,SP,21064680,0,11.431111111111111,20231023-20240520,0,0,fair,C
AIMS,2023-10-27T09:00:00Z,02S06,STIC,SP,21064680,0,11.236111111111107,20231023-20240520,0,0,fair,C
AIMS,2023-10-27T09:15:00Z,02S06,STIC,SP,21064680,0,11.138888888888888,20231023-20240520,0,0,fair,C
AIMS,2023-10-27T09:30:00Z,02S06,STIC,SP,21064680,0,11.041111111111109,20231023-20240520,0,0,fair,C
AIMS,2023-10-27T09:45:00Z,02S06,STIC,SP,21064680,0,11.041111111111109,20231023-20240520,0,0,fair,C
AIMS,2023-10-27T10:00:00Z,02S06,STIC,SP,21064680,0,10.84611111111111,20231023-20240520,0,0,fair,C
AIMS,2023-10-27T10:15:00Z,02S06,STIC,SP,21064680,0,10.747777777777772,20231023-20240520,0,0,fair,C
AIMS,2023-10-27T10:30:00Z,02S06,STIC,SP,21064680,0,10.747777777777772,20231023-20240520,0,0,fair,C
AIMS,2023-10-27T10:45:00Z,02S06,STIC,SP,21064680,0,10.552777777777775,20231023-20240520,0,0,fair,C
AIMS,2023-10-27T11:00:00Z,02S06,STIC,SP,21064680,0,10.161111111111108,20231023-20240520,0,0,fair,C
AIMS,2023-10-27T11:15:00Z,02S06,STIC,SP,21064680,0,10.062777777777775,20231023-20240520,0,0,fair,C
AIMS,2023-10-27T11:30:00Z,02S06,STIC,SP,21064680,0,9.866111111111111,20231023-20240520,0,0,fair,C
AIMS,2023-10-27T11:45:00Z,02S06,STIC,SP,21064680,0,9.57111111111111,20231023-20240520,0,0,fair,C
AIMS,2023-10-27T12:00:00Z,02S06,STIC,SP,21064680,0,9.66888888888889,20231023-20240520,0,0,fair,C
AIMS,2023-10-27T12:15:00Z,02S06,STIC,SP,21064680,0,9.275,20231023-20240520,0,0,fair,C
AIMS,2023-10-27T12:30:00Z,02S06,STIC,SP,21064680,0,9.57111111111111,20231023-20240520,0,0,fair,C
AIMS,2023-10-27T12:45:00Z,02S06,STIC,SP,21064680,0,9.372777777777781,20231023-20240520,0,0,fair,C
AIMS,2023-10-27T13:00:00Z,02S06,STIC,SP,21064680,0,9.17611111111111,20231023-20240520,0,0,fair,C
AIMS,2023-10-27T13:15:00Z,02S06,STIC,SP,21064680,0,9.275,20231023-20240520,0,0,fair,C
AIMS,2023-10-27T13:30:00Z,02S06,STIC,SP,21064680,0,9.275,20231023-20240520,0,0,fair,C
AIMS,2023-10-27T13:45:00Z,02S06,STIC,SP,21064680,0,9.472222222222221,20231023-20240520,0,0,fair,C
AIMS,2023-10-27T14:00:00Z,02S06,STIC,SP,21064680,0,9.372777777777781,20231023-20240520,0,0,fair,C
AIMS,2023-10-27T14:15:00Z,02S06,STIC,SP,21064680,0,9.472222222222221,20231023-20240520,0,0,fair,C
AIMS,2023-10-27T14:30:00Z,02S06,STIC,SP,21064680,0,9.866111111111111,20231023-20240520,0,0,fair,C
AIMS,2023-10-27T14:45:00Z,02S06,STIC,SP,21064680,0,9.767777777777773,20231023-20240520,0,0,fair,C
AIMS,2023-10-27T15:00:00Z,02S06,STIC,SP,21064680,0,10.161111111111108,20231023-20240520,0,0,fair,C
AIMS,2023-10-27T15:15:00Z,02S06,STIC,SP,21064680,0,10.552777777777775,20231023-20240520,0,0,fair,C
AIMS,2023-10-27T15:30:00Z,02S06,STIC,SP,21064680,0,10.552777777777775,20231023-20240520,0,0,fair,C
AIMS,2023-10-27T15:45:00Z,02S06,STIC,SP,21064680,0,10.552777777777775,20231023-20240520,0,0,fair,C
AIMS,2023-10-27T16:00:00Z,02S06,STIC,SP,21064680,0,10.84611111111111,20231023-20240520,0,0,fair,C
AIMS,2023-10-27T16:15:00Z,02S06,STIC,SP,21064680,0,10.943888888888887,20231023-20240520,0,0,fair,C
AIMS,2023-10-27T16:30:00Z,02S06,STIC,SP,21064680,0,11.138888888888888,20231023-20240520,0,0,fair,C
AIMS,2023-10-27T16:45:00Z,02S06,STIC,SP,21064680,0,11.333888888888893,20231023-20240520,0,0,fair,C
AIMS,2023-10-27T17:00:00Z,02S06,STIC,SP,21064680,0,11.431111111111111,20231023-20240520,0,0,fair,C
AIMS,2023-10-27T17:15:00Z,02S06,STIC,SP,21064680,0,11.818888888888887,20231023-20240520,0,0,fair,C
AIMS,2023-10-27T17:30:00Z,02S06,STIC,SP,21064680,0,12.40111111111111,20231023-20240520,0,0,fair,C
AIMS,2023-10-27T17:45:00Z,02S06,STIC,SP,21064680,0,13.076111111111109,20231023-20240520,0,0,fair,C
AIMS,2023-10-27T18:00:00Z,02S06,STIC,SP,21064680,0,13.461111111111107,20231023-20240520,0,0,fair,C
AIMS,2023-10-27T18:15:00Z,02S06,STIC,SP,21064680,0,13.65388888888889,20231023-20240520,0,0,fair,C
AIMS,2023-10-27T18:30:00Z,02S06,STIC,SP,21064680,0,13.55777777777778,20231023-20240520,0,0,fair,C
AIMS,2023-10-27T18:45:00Z,02S06,STIC,SP,21064680,0,16.33222222222222,20231023-20240520,0,0,fair,C
AIMS,2023-10-27T19:00:00Z,02S06,STIC,SP,21064680,0,18.14,20231023-20240520,0,0,fair,C
AIMS,2023-10-27T19:15:00Z,02S06,STIC,SP,21064680,0,19.092222222222215,20231023-20240520,0,0,fair,C
AIMS,2023-10-27T19:30:00Z,02S06,STIC,SP,21064680,0,18.901111111111113,20231023-20240520,0,0,fair,C
AIMS,2023-10-27T19:45:00Z,02S06,STIC,SP,21064680,0,18.80611111111111,20231023-20240520,0,0,fair,C
AIMS,2023-10-27T20:00:00Z,02S06,STIC,SP,21064680,0,18.80611111111111,20231023-20240520,0,0,fair,C
AIMS,2023-10-27T20:15:00Z,02S06,STIC,SP,21064680,0,18.23611111111111,20231023-20240520,0,0,fair,C
AIMS,2023-10-27T20:30:00Z,02S06,STIC,SP,21064680,0,17.665,20231023-20240520,0,0,fair,C
AIMS,2023-10-27T20:45:00Z,02S06,STIC,SP,21064680,0,17.283888888888885,20231023-20240520,0,0,fair,C
AIMS,2023-10-27T21:00:00Z,02S06,STIC,SP,21064680,0,17.378888888888888,20231023-20240520,0,0,fair,C
AIMS,2023-10-27T21:15:00Z,02S06,STIC,SP,21064680,0,17.09388888888889,20231023-20240520,0,0,fair,C
AIMS,2023-10-27T21:30:00Z,02S06,STIC,SP,21064680,0,16.807777777777776,20231023-20240520,0,0,fair,C
AIMS,2023-10-27T21:45:00Z,02S06,STIC,SP,21064680,0,14.99611111111111,20231023-20240520,0,0,fair,C
AIMS,2023-10-27T22:00:00Z,02S06,STIC,SP,21064680,0,12.882777777777775,20231023-20240520,0,0,fair,C
AIMS,2023-10-27T22:15:00Z,02S06,STIC,SP,21064680,0,11.72222222222222,20231023-20240520,0,0,fair,C
AIMS,2023-10-27T22:30:00Z,02S06,STIC,SP,21064680,0,11.041111111111109,20231023-20240520,0,0,fair,C
AIMS,2023-10-27T22:45:00Z,02S06,STIC,SP,21064680,0,10.552777777777775,20231023-20240520,0,0,fair,C
AIMS,2023-10-27T23:00:00Z,02S06,STIC,SP,21064680,0,9.965000000000002,20231023-20240520,0,0,fair,C
AIMS,2023-10-27T23:15:00Z,02S06,STIC,SP,21064680,0,9.66888888888889,20231023-20240520,0,0,fair,C
AIMS,2023-10-27T23:30:00Z,02S06,STIC,SP,21064680,0,9.472222222222221,20231023-20240520,0,0,fair,C
AIMS,2023-10-27T23:45:00Z,02S06,STIC,SP,21064680,0,9.17611111111111,20231023-20240520,0,0,fair,C
AIMS,2023-10-28T00:00:00Z,02S06,STIC,SP,21064680,0,8.87888888888889,20231023-20240520,0,0,fair,C
AIMS,2023-10-28T00:15:00Z,02S06,STIC,SP,21064680,0,8.87888888888889,20231023-20240520,0,0,fair,C
AIMS,2023-10-28T00:30:00Z,02S06,STIC,SP,21064680,0,8.87888888888889,20231023-20240520,0,0,fair,C
AIMS,2023-10-28T00:45:00Z,02S06,STIC,SP,21064680,0,8.581111111111108,20231023-20240520,0,0,fair,C
AIMS,2023-10-28T01:00:00Z,02S06,STIC,SP,21064680,0,8.182222222222224,20231023-20240520,0,0,fair,C
AIMS,2023-10-28T01:15:00Z,02S06,STIC,SP,21064680,0,7.982777777777778,20231023-20240520,0,0,fair,C
AIMS,2023-10-28T01:30:00Z,02S06,STIC,SP,21064680,0,7.882222222222223,20231023-20240520,0,0,fair,C
AIMS,2023-10-28T01:45:00Z,02S06,STIC,SP,21064680,0,7.782222222222226,20231023-20240520,0,0,fair,C
AIMS,2023-10-28T02:00:00Z,02S06,STIC,SP,21064680,0,7.782222222222226,20231023-20240520,0,0,fair,C
AIMS,2023-10-28T02:15:00Z,02S06,STIC,SP,21064680,0,7.782222222222226,20231023-20240520,0,0,fair,C
AIMS,2023-10-28T02:30:00Z,02S06,STIC,SP,21064680,0,7.682222222222225,20231023-20240520,0,0,fair,C
AIMS,2023-10-28T02:45:00Z,02S06,STIC,SP,21064680,0,7.582222222222225,20231023-20240520,0,0,fair,C
AIMS,2023-10-28T03:00:00Z,02S06,STIC,SP,21064680,0,7.4811111111111135,20231023-20240520,0,0,fair,C
AIMS,2023-10-28T03:15:00Z,02S06,STIC,SP,21064680,0,7.1788888888888875,20231023-20240520,0,0,fair,C
AIMS,2023-10-28T03:30:00Z,02S06,STIC,SP,21064680,0,7.1788888888888875,20231023-20240520,0,0,fair,C
AIMS,2023-10-28T03:45:00Z,02S06,STIC,SP,21064680,0,7.279999999999999,20231023-20240520,0,0,fair,C
AIMS,2023-10-28T04:00:00Z,02S06,STIC,SP,21064680,0,7.078888888888887,20231023-20240520,0,0,fair,C
AIMS,2023-10-28T04:15:00Z,02S06,STIC,SP,21064680,0,7.1788888888888875,20231023-20240520,0,0,fair,C
AIMS,2023-10-28T04:30:00Z,02S06,STIC,SP,21064680,0,6.977777777777779,20231023-20240520,0,0,fair,C
AIMS,2023-10-28T04:45:00Z,02S06,STIC,SP,21064680,0,6.977777777777779,20231023-20240520,0,0,fair,C
AIMS,2023-10-28T05:00:00Z,02S06,STIC,SP,21064680,0,6.977777777777779,20231023-20240520,0,0,fair,C
AIMS,2023-10-28T05:15:00Z,02S06,STIC,SP,21064680,0,6.877222222222222,20231023-20240520,0,0,fair,C
AIMS,2023-10-28T05:30:00Z,02S06,STIC,SP,21064680,0,6.775,20231023-20240520,0,0,fair,C
AIMS,2023-10-28T05:45:00Z,02S06,STIC,SP,21064680,0,6.673888888888888,20231023-20240520,0,0,fair,C
AIMS,2023-10-28T06:00:00Z,02S06,STIC,SP,21064680,0,6.5727777777777785,20231023-20240520,0,0,fair,C
AIMS,2023-10-28T06:15:00Z,02S06,STIC,SP,21064680,0,6.063888888888887,20231023-20240520,0,0,fair,C
AIMS,2023-10-28T06:30:00Z,02S06,STIC,SP,21064680,0,5.7572222222222225,20231023-20240520,0,0,fair,C
AIMS,2023-10-28T06:45:00Z,02S06,STIC,SP,21064680,0,5.7572222222222225,20231023-20240520,0,0,fair,C
AIMS,2023-10-28T07:00:00Z,02S06,STIC,SP,21064680,0,5.7572222222222225,20231023-20240520,0,0,fair,C
AIMS,2023-10-28T07:15:00Z,02S06,STIC,SP,21064680,0,5.7572222222222225,20231023-20240520,0,0,fair,C
AIMS,2023-10-28T07:30:00Z,02S06,STIC,SP,21064680,0,5.7572222222222225,20231023-20240520,0,0,fair,C
AIMS,2023-10-28T07:45:00Z,02S06,STIC,SP,21064680,0,5.655,20231023-20240520,0,0,fair,C
AIMS,2023-10-28T08:00:00Z,02S06,STIC,SP,21064680,0,5.347222222222222,20231023-20240520,0,0,fair,C
AIMS,2023-10-28T08:15:00Z,02S06,STIC,SP,21064680,0,5.14111111111111,20231023-20240520,0,0,fair,C
AIMS,2023-10-28T08:30:00Z,02S06,STIC,SP,21064680,0,5.14111111111111,20231023-20240520,0,0,fair,C
AIMS,2023-10-28T08:45:00Z,02S06,STIC,SP,21064680,0,5.037222222222224,20231023-20240520,0,0,fair,C
AIMS,2023-10-28T09:00:00Z,02S06,STIC,SP,21064680,0,4.933888888888889,20231023-20240520,0,0,fair,C
AIMS,2023-10-28T09:15:00Z,02S06,STIC,SP,21064680,0,4.933888888888889,20231023-20240520,0,0,fair,C
AIMS,2023-10-28T09:30:00Z,02S06,STIC,SP,21064680,0,4.8311111111111105,20231023-20240520,0,0,fair,C
AIMS,2023-10-28T09:45:00Z,02S06,STIC,SP,21064680,0,4.933888888888889,20231023-20240520,0,0,fair,C
AIMS,2023-10-28T10:00:00Z,02S06,STIC,SP,21064680,0,4.727222222222222,20231023-20240520,0,0,fair,C
AIMS,2023-10-28T10:15:00Z,02S06,STIC,SP,21064680,0,4.933888888888889,20231023-20240520,0,0,fair,C
AIMS,2023-10-28T10:30:00Z,02S06,STIC,SP,21064680,0,5.243888888888889,20231023-20240520,0,0,fair,C
AIMS,2023-10-28T10:45:00Z,02S06,STIC,SP,21064680,0,5.037222222222224,20231023-20240520,0,0,fair,C
AIMS,2023-10-28T11:00:00Z,02S06,STIC,SP,21064680,0,5.243888888888889,20231023-20240520,0,0,fair,C
AIMS,2023-10-28T11:15:00Z,02S06,STIC,SP,21064680,0,5.347222222222222,20231023-20240520,0,0,fair,C
AIMS,2023-10-28T11:30:00Z,02S06,STIC,SP,21064680,0,5.243888888888889,20231023-20240520,0,0,fair,C
AIMS,2023-10-28T11:45:00Z,02S06,STIC,SP,21064680,0,5.037222222222224,20231023-20240520,0,0,fair,C
AIMS,2023-10-28T12:00:00Z,02S06,STIC,SP,21064680,0,4.727222222222222,20231023-20240520,0,0,fair,C
AIMS,2023-10-28T12:15:00Z,02S06,STIC,SP,21064680,0,4.31111111111111,20231023-20240520,0,0,fair,C
AIMS,2023-10-28T12:30:00Z,02S06,STIC,SP,21064680,0,4.31111111111111,20231023-20240520,0,0,fair,C
AIMS,2023-10-28T12:45:00Z,02S06,STIC,SP,21064680,0,4.415000000000002,20231023-20240520,0,0,fair,C
AIMS,2023-10-28T13:00:00Z,02S06,STIC,SP,21064680,0,4.415000000000002,20231023-20240520,0,0,fair,C
AIMS,2023-10-28T13:15:00Z,02S06,STIC,SP,21064680,0,4.2072222222222235,20231023-20240520,0,0,fair,C
AIMS,2023-10-28T13:30:00Z,02S06,STIC,SP,21064680,0,4.102222222222222,20231023-20240520,0,0,fair,C
AIMS,2023-10-28T13:45:00Z,02S06,STIC,SP,21064680,0,4.415000000000002,20231023-20240520,0,0,fair,C
AIMS,2023-10-28T14:00:00Z,02S06,STIC,SP,21064680,0,4.415000000000002,20231023-20240520,0,0,fair,C
AIMS,2023-10-28T14:15:00Z,02S06,STIC,SP,21064680,0,4.727222222222222,20231023-20240520,0,0,fair,C
AIMS,2023-10-28T14:30:00Z,02S06,STIC,SP,21064680,0,5.347222222222222,20231023-20240520,0,0,fair,C
AIMS,2023-10-28T14:45:00Z,02S06,STIC,SP,21064680,0,5.450000000000001,20231023-20240520,0,0,fair,C
AIMS,2023-10-28T15:00:00Z,02S06,STIC,SP,21064680,0,6.1661111111111095,20231023-20240520,0,0,fair,C
AIMS,2023-10-28T15:15:00Z,02S06,STIC,SP,21064680,0,7.078888888888887,20231023-20240520,0,0,fair,C
AIMS,2023-10-28T15:30:00Z,02S06,STIC,SP,21064680,0,7.582222222222225,20231023-20240520,0,0,fair,C
AIMS,2023-10-28T15:45:00Z,02S06,STIC,SP,21064680,0,7.582222222222225,20231023-20240520,0,0,fair,C
AIMS,2023-10-28T16:00:00Z,02S06,STIC,SP,21064680,0,7.682222222222225,20231023-20240520,0,0,fair,C
AIMS,2023-10-28T16:15:00Z,02S06,STIC,SP,21064680,0,8.778888888888888,20231023-20240520,0,0,fair,C
AIMS,2023-10-28T16:30:00Z,02S06,STIC,SP,21064680,0,9.275,20231023-20240520,0,0,fair,C
AIMS,2023-10-28T16:45:00Z,02S06,STIC,SP,21064680,0,9.66888888888889,20231023-20240520,0,0,fair,C
AIMS,2023-10-28T17:00:00Z,02S06,STIC,SP,21064680,0,9.965000000000002,20231023-20240520,0,0,fair,C
AIMS,2023-10-28T17:15:00Z,02S06,STIC,SP,21064680,0,9.866111111111111,20231023-20240520,0,0,fair,C
AIMS,2023-10-28T17:30:00Z,02S06,STIC,SP,21064680,0,10.84611111111111,20231023-20240520,0,0,fair,C
AIMS,2023-10-28T17:45:00Z,02S06,STIC,SP,21064680,0,10.84611111111111,20231023-20240520,0,0,fair,C
AIMS,2023-10-28T18:00:00Z,02S06,STIC,SP,21064680,0,10.552777777777775,20231023-20240520,0,0,fair,C
AIMS,2023-10-28T18:15:00Z,02S06,STIC,SP,21064680,0,11.333888888888893,20231023-20240520,0,0,fair,C
AIMS,2023-10-28T18:30:00Z,02S06,STIC,SP,21064680,0,15.855000000000002,20231023-20240520,0,0,fair,C
AIMS,2023-10-28T18:45:00Z,02S06,STIC,SP,21064680,0,15.377777777777778,20231023-20240520,0,0,fair,C
AIMS,2023-10-28T19:00:00Z,02S06,STIC,SP,21064680,0,13.172777777777775,20231023-20240520,0,0,fair,C
AIMS,2023-10-28T19:15:00Z,02S06,STIC,SP,21064680,0,11.138888888888888,20231023-20240520,0,0,fair,C
AIMS,2023-10-28T19:30:00Z,02S06,STIC,SP,21064680,0,10.161111111111108,20231023-20240520,0,0,fair,C
AIMS,2023-10-28T19:45:00Z,02S06,STIC,SP,21064680,0,9.767777777777773,20231023-20240520,0,0,fair,C
AIMS,2023-10-28T20:00:00Z,02S06,STIC,SP,21064680,0,9.767777777777773,20231023-20240520,0,0,fair,C
AIMS,2023-10-28T20:15:00Z,02S06,STIC,SP,21064680,0,9.17611111111111,20231023-20240520,0,0,fair,C
AIMS,2023-10-28T20:30:00Z,02S06,STIC,SP,21064680,0,8.082222222222224,20231023-20240520,0,0,fair,C
AIMS,2023-10-28T20:45:00Z,02S06,STIC,SP,21064680,0,8.282222222222224,20231023-20240520,0,0,fair,C
AIMS,2023-10-28T21:00:00Z,02S06,STIC,SP,21064680,0,8.182222222222224,20231023-20240520,0,0,fair,C
AIMS,2023-10-28T21:15:00Z,02S06,STIC,SP,21064680,0,8.182222222222224,20231023-20240520,0,0,fair,C
AIMS,2023-10-28T21:30:00Z,02S06,STIC,SP,21064680,0,8.282222222222224,20231023-20240520,0,0,fair,C
AIMS,2023-10-28T21:45:00Z,02S06,STIC,SP,21064680,0,8.581111111111108,20231023-20240520,0,0,fair,C
AIMS,2023-10-28T22:00:00Z,02S06,STIC,SP,21064680,0,8.182222222222224,20231023-20240520,0,0,fair,C
AIMS,2023-10-28T22:15:00Z,02S06,STIC,SP,21064680,0,8.082222222222224,20231023-20240520,0,0,fair,C
AIMS,2023-10-28T22:30:00Z,02S06,STIC,SP,21064680,0,7.682222222222225,20231023-20240520,0,0,fair,C
AIMS,2023-10-28T22:45:00Z,02S06,STIC,SP,21064680,32.29173125010001,7.4811111111111135,20231023-20240520,0,0,fair,C
AIMS,2023-10-28T23:00:00Z,02S06,STIC,SP,21064680,43.05564166679999,7.682222222222225,20231023-20240520,0,0,fair,C
AIMS,2023-10-28T23:15:00Z,02S06,STIC,SP,21064680,43.05564166679999,7.582222222222225,20231023-20240520,0,0,fair,C
AIMS,2023-10-28T23:30:00Z,02S06,STIC,SP,21064680,43.05564166679999,7.582222222222225,20231023-20240520,0,0,fair,C
AIMS,2023-10-28T23:45:00Z,02S06,STIC,SP,21064680,43.05564166679999,7.381111111111112,20231023-20240520,0,0,fair,C
AIMS,2023-10-29T00:00:00Z,02S06,STIC,SP,21064680,43.05564166679999,7.381111111111112,20231023-20240520,0,0,fair,C
AIMS,2023-10-29T00:15:00Z,02S06,STIC,SP,21064680,43.05564166679999,7.279999999999999,20231023-20240520,0,0,fair,C
AIMS,2023-10-29T00:30:00Z,02S06,STIC,SP,21064680,43.05564166679999,7.381111111111112,20231023-20240520,0,0,fair,C
AIMS,2023-10-29T00:45:00Z,02S06,STIC,SP,21064680,32.29173125010001,7.381111111111112,20231023-20240520,0,0,fair,C
AIMS,2023-10-29T01:00:00Z,02S06,STIC,SP,21064680,32.29173125010001,7.279999999999999,20231023-20240520,0,0,fair,C
AIMS,2023-10-29T01:15:00Z,02S06,STIC,SP,21064680,32.29173125010001,7.682222222222225,20231023-20240520,0,0,fair,C
AIMS,2023-10-29T01:30:00Z,02S06,STIC,SP,21064680,21.5278208334,7.582222222222225,20231023-20240520,0,0,fair,C
AIMS,2023-10-29T01:45:00Z,02S06,STIC,SP,21064680,21.5278208334,7.279999999999999,20231023-20240520,0,0,fair,C
AIMS,2023-10-29T02:00:00Z,02S06,STIC,SP,21064680,21.5278208334,6.977777777777779,20231023-20240520,0,0,fair,C
AIMS,2023-10-29T02:15:00Z,02S06,STIC,SP,21064680,32.29173125010001,6.5727777777777785,20231023-20240520,0,0,fair,C
AIMS,2023-10-29T02:30:00Z,02S06,STIC,SP,21064680,21.5278208334,6.673888888888888,20231023-20240520,0,0,fair,C
AIMS,2023-10-29T02:45:00Z,02S06,STIC,SP,21064680,21.5278208334,7.078888888888887,20231023-20240520,0,0,fair,C
AIMS,2023-10-29T03:00:00Z,02S06,STIC,SP,21064680,21.5278208334,7.279999999999999,20231023-20240520,0,0,fair,C
AIMS,2023-10-29T03:15:00Z,02S06,STIC,SP,21064680,21.5278208334,7.279999999999999,20231023-20240520,0,0,fair,C
AIMS,2023-10-29T03:30:00Z,02S06,STIC,SP,21064680,21.5278208334,7.1788888888888875,20231023-20240520,0,0,fair,C
AIMS,2023-10-29T03:45:00Z,02S06,STIC,SP,21064680,21.5278208334,6.5727777777777785,20231023-20240520,0,0,fair,C
AIMS,2023-10-29T04:00:00Z,02S06,STIC,SP,21064680,10.7639104167,6.5727777777777785,20231023-20240520,0,0,fair,C
AIMS,2023-10-29T04:15:00Z,02S06,STIC,SP,21064680,21.5278208334,6.775,20231023-20240520,0,0,fair,C
AIMS,2023-10-29T04:30:00Z,02S06,STIC,SP,21064680,21.5278208334,6.673888888888888,20231023-20240520,0,0,fair,C
AIMS,2023-10-29T04:45:00Z,02S06,STIC,SP,21064680,21.5278208334,6.775,20231023-20240520,0,0,fair,C
AIMS,2023-10-29T05:00:00Z,02S06,STIC,SP,21064680,21.5278208334,6.775,20231023-20240520,0,0,fair,C
AIMS,2023-10-29T05:15:00Z,02S06,STIC,SP,21064680,21.5278208334,6.877222222222222,20231023-20240520,0,0,fair,C
AIMS,2023-10-29T05:30:00Z,02S06,STIC,SP,21064680,10.7639104167,6.370000000000001,20231023-20240520,0,0,fair,C
AIMS,2023-10-29T05:45:00Z,02S06,STIC,SP,21064680,10.7639104167,6.370000000000001,20231023-20240520,0,0,fair,C
AIMS,2023-10-29T06:00:00Z,02S06,STIC,SP,21064680,10.7639104167,6.267777777777775,20231023-20240520,0,0,fair,C
AIMS,2023-10-29T06:15:00Z,02S06,STIC,SP,21064680,10.7639104167,5.9622222222222225,20231023-20240520,0,0,fair,C
AIMS,2023-10-29T06:30:00Z,02S06,STIC,SP,21064680,10.7639104167,6.1661111111111095,20231023-20240520,0,0,fair,C
AIMS,2023-10-29T06:45:00Z,02S06,STIC,SP,21064680,10.7639104167,6.1661111111111095,20231023-20240520,0,0,fair,C
AIMS,2023-10-29T07:00:00Z,02S06,STIC,SP,21064680,21.5278208334,6.267777777777775,20231023-20240520,0,0,fair,C
AIMS,2023-10-29T07:15:00Z,02S06,STIC,SP,21064680,21.5278208334,6.063888888888887,20231023-20240520,0,0,fair,C
AIMS,2023-10-29T07:30:00Z,02S06,STIC,SP,21064680,10.7639104167,6.1661111111111095,20231023-20240520,0,0,fair,C
AIMS,2023-10-29T07:45:00Z,02S06,STIC,SP,21064680,10.7639104167,6.267777777777775,20231023-20240520,0,0,fair,C
AIMS,2023-10-29T08:00:00Z,02S06,STIC,SP,21064680,10.7639104167,6.267777777777775,20231023-20240520,0,0,fair,C
AIMS,2023-10-29T08:15:00Z,02S06,STIC,SP,21064680,10.7639104167,6.267777777777775,20231023-20240520,0,0,fair,C
AIMS,2023-10-29T08:30:00Z,02S06,STIC,SP,21064680,10.7639104167,5.9622222222222225,20231023-20240520,0,0,fair,C
AIMS,2023-10-29T08:45:00Z,02S06,STIC,SP,21064680,10.7639104167,5.9622222222222225,20231023-20240520,0,0,fair,C
AIMS,2023-10-29T09:00:00Z,02S06,STIC,SP,21064680,10.7639104167,5.7572222222222225,20231023-20240520,0,0,fair,C
AIMS,2023-10-29T09:15:00Z,02S06,STIC,SP,21064680,10.7639104167,5.655,20231023-20240520,0,0,fair,C
AIMS,2023-10-29T09:30:00Z,02S06,STIC,SP,21064680,10.7639104167,5.86,20231023-20240520,0,0,fair,C
AIMS,2023-10-29T09:45:00Z,02S06,STIC,SP,21064680,10.7639104167,5.7572222222222225,20231023-20240520,0,0,fair,C
AIMS,2023-10-29T10:00:00Z,02S06,STIC,SP,21064680,10.7639104167,5.655,20231023-20240520,0,0,fair,C
AIMS,2023-10-29T10:15:00Z,02S06,STIC,SP,21064680,21.5278208334,5.552222222222222,20231023-20240520,0,0,fair,C
AIMS,2023-10-29T10:30:00Z,02S06,STIC,SP,21064680,10.7639104167,5.552222222222222,20231023-20240520,0,0,fair,C
AIMS,2023-10-29T10:45:00Z,02S06,STIC,SP,21064680,21.5278208334,5.347222222222222,20231023-20240520,0,0,fair,C
AIMS,2023-10-29T11:00:00Z,02S06,STIC,SP,21064680,10.7639104167,5.347222222222222,20231023-20240520,0,0,fair,C
AIMS,2023-10-29T11:15:00Z,02S06,STIC,SP,21064680,10.7639104167,5.243888888888889,20231023-20240520,0,0,fair,C
AIMS,2023-10-29T11:30:00Z,02S06,STIC,SP,21064680,10.7639104167,5.347222222222222,20231023-20240520,0,0,fair,C
AIMS,2023-10-29T11:45:00Z,02S06,STIC,SP,21064680,10.7639104167,5.655,20231023-20240520,0,0,fair,C
AIMS,2023-10-29T12:00:00Z,02S06,STIC,SP,21064680,10.7639104167,5.7572222222222225,20231023-20240520,0,0,fair,C
AIMS,2023-10-29T12:15:00Z,02S06,STIC,SP,21064680,10.7639104167,5.655,20231023-20240520,0,0,fair,C
AIMS,2023-10-29T12:30:00Z,02S06,STIC,SP,21064680,10.7639104167,5.450000000000001,20231023-20240520,0,0,fair,C
AIMS,2023-10-29T12:45:00Z,02S06,STIC,SP,21064680,10.7639104167,5.14111111111111,20231023-20240520,0,0,fair,C
AIMS,2023-10-29T13:00:00Z,02S06,STIC,SP,21064680,10.7639104167,5.243888888888889,20231023-20240520,0,0,fair,C
AIMS,2023-10-29T13:15:00Z,02S06,STIC,SP,21064680,10.7639104167,5.243888888888889,20231023-20240520,0,0,fair,C
AIMS,2023-10-29T13:30:00Z,02S06,STIC,SP,21064680,10.7639104167,5.243888888888889,20231023-20240520,0,0,fair,C
AIMS,2023-10-29T13:45:00Z,02S06,STIC,SP,21064680,10.7639104167,5.243888888888889,20231023-20240520,0,0,fair,C
AIMS,2023-10-29T14:00:00Z,02S06,STIC,SP,21064680,10.7639104167,5.14111111111111,20231023-20240520,0,0,fair,C
AIMS,2023-10-29T14:15:00Z,02S06,STIC,SP,21064680,21.5278208334,5.552222222222222,20231023-20240520,0,0,fair,C
AIMS,2023-10-29T14:30:00Z,02S06,STIC,SP,21064680,10.7639104167,5.86,20231023-20240520,0,0,fair,C
AIMS,2023-10-29T14:45:00Z,02S06,STIC,SP,21064680,10.7639104167,6.1661111111111095,20231023-20240520,0,0,fair,C
AIMS,2023-10-29T15:00:00Z,02S06,STIC,SP,21064680,10.7639104167,5.9622222222222225,20231023-20240520,0,0,fair,C
AIMS,2023-10-29T15:15:00Z,02S06,STIC,SP,21064680,10.7639104167,6.267777777777775,20231023-20240520,0,0,fair,C
AIMS,2023-10-29T15:30:00Z,02S06,STIC,SP,21064680,10.7639104167,6.471111111111114,20231023-20240520,0,0,fair,C
AIMS,2023-10-29T15:45:00Z,02S06,STIC,SP,21064680,10.7639104167,6.977777777777779,20231023-20240520,0,0,fair,C
AIMS,2023-10-29T16:00:00Z,02S06,STIC,SP,21064680,10.7639104167,6.267777777777775,20231023-20240520,0,0,fair,C
AIMS,2023-10-29T16:15:00Z,02S06,STIC,SP,21064680,10.7639104167,6.267777777777775,20231023-20240520,0,0,fair,C
AIMS,2023-10-29T16:30:00Z,02S06,STIC,SP,21064680,21.5278208334,6.673888888888888,20231023-20240520,0,0,fair,C
AIMS,2023-10-29T16:45:00Z,02S06,STIC,SP,21064680,10.7639104167,6.877222222222222,20231023-20240520,0,0,fair,C
AIMS,2023-10-29T17:00:00Z,02S06,STIC,SP,21064680,21.5278208334,7.279999999999999,20231023-20240520,0,0,fair,C
AIMS,2023-10-29T17:15:00Z,02S06,STIC,SP,21064680,21.5278208334,7.1788888888888875,20231023-20240520,0,0,fair,C
AIMS,2023-10-29T17:30:00Z,02S06,STIC,SP,21064680,10.7639104167,7.381111111111112,20231023-20240520,0,0,fair,C
AIMS,2023-10-29T17:45:00Z,02S06,STIC,SP,21064680,21.5278208334,7.279999999999999,20231023-20240520,0,0,fair,C
AIMS,2023-10-29T18:00:00Z,02S06,STIC,SP,21064680,21.5278208334,7.4811111111111135,20231023-20240520,0,0,fair,C
AIMS,2023-10-29T18:15:00Z,02S06,STIC,SP,21064680,10.7639104167,7.4811111111111135,20231023-20240520,0,0,fair,C
AIMS,2023-10-29T18:30:00Z,02S06,STIC,SP,21064680,21.5278208334,7.279999999999999,20231023-20240520,0,0,fair,C
AIMS,2023-10-29T18:45:00Z,02S06,STIC,SP,21064680,21.5278208334,7.682222222222225,20231023-20240520,0,0,fair,C
AIMS,2023-10-29T19:00:00Z,02S06,STIC,SP,21064680,10.7639104167,7.982777777777778,20231023-20240520,0,0,fair,C
AIMS,2023-10-29T19:15:00Z,02S06,STIC,SP,21064680,10.7639104167,7.882222222222223,20231023-20240520,0,0,fair,C
AIMS,2023-10-29T19:30:00Z,02S06,STIC,SP,21064680,10.7639104167,7.582222222222225,20231023-20240520,0,0,fair,C
AIMS,2023-10-29T19:45:00Z,02S06,STIC,SP,21064680,10.7639104167,7.782222222222226,20231023-20240520,0,0,fair,C
AIMS,2023-10-29T20:00:00Z,02S06,STIC,SP,21064680,10.7639104167,8.082222222222224,20231023-20240520,0,0,fair,C
AIMS,2023-10-29T20:15:00Z,02S06,STIC,SP,21064680,21.5278208334,8.182222222222224,20231023-20240520,0,0,fair,C
AIMS,2023-10-29T20:30:00Z,02S06,STIC,SP,21064680,21.5278208334,8.182222222222224,20231023-20240520,0,0,fair,C
AIMS,2023-10-29T20:45:00Z,02S06,STIC,SP,21064680,21.5278208334,8.082222222222224,20231023-20240520,0,0,fair,C
AIMS,2023-10-29T21:00:00Z,02S06,STIC,SP,21064680,21.5278208334,7.782222222222226,20231023-20240520,0,0,fair,C
AIMS,2023-10-29T21:15:00Z,02S06,STIC,SP,21064680,21.5278208334,7.782222222222226,20231023-20240520,0,0,fair,C
AIMS,2023-10-29T21:30:00Z,02S06,STIC,SP,21064680,10.7639104167,7.782222222222226,20231023-20240520,0,0,fair,C
AIMS,2023-10-29T21:45:00Z,02S06,STIC,SP,21064680,21.5278208334,7.582222222222225,20231023-20240520,0,0,fair,C
AIMS,2023-10-29T22:00:00Z,02S06,STIC,SP,21064680,10.7639104167,7.582222222222225,20231023-20240520,0,0,fair,C
AIMS,2023-10-29T22:15:00Z,02S06,STIC,SP,21064680,10.7639104167,7.381111111111112,20231023-20240520,0,0,fair,C
AIMS,2023-10-29T22:30:00Z,02S06,STIC,SP,21064680,21.5278208334,7.582222222222225,20231023-20240520,0,0,fair,C
AIMS,2023-10-29T22:45:00Z,02S06,STIC,SP,21064680,10.7639104167,7.1788888888888875,20231023-20240520,0,0,fair,C
AIMS,2023-10-29T23:00:00Z,02S06,STIC,SP,21064680,10.7639104167,7.279999999999999,20231023-20240520,0,0,fair,C
AIMS,2023-10-29T23:15:00Z,02S06,STIC,SP,21064680,10.7639104167,6.977777777777779,20231023-20240520,0,0,fair,C
AIMS,2023-10-29T23:30:00Z,02S06,STIC,SP,21064680,10.7639104167,6.5727777777777785,20231023-20240520,0,0,fair,C
AIMS,2023-10-29T23:45:00Z,02S06,STIC,SP,21064680,10.7639104167,6.370000000000001,20231023-20240520,0,0,fair,C
AIMS,2023-10-30T00:00:00Z,02S06,STIC,SP,21064680,10.7639104167,6.370000000000001,20231023-20240520,0,0,fair,C
AIMS,2023-10-30T00:15:00Z,02S06,STIC,SP,21064680,10.7639104167,6.267777777777775,20231023-20240520,0,0,fair,C
AIMS,2023-10-30T00:30:00Z,02S06,STIC,SP,21064680,10.7639104167,6.063888888888887,20231023-20240520,0,0,fair,C
AIMS,2023-10-30T00:45:00Z,02S06,STIC,SP,21064680,10.7639104167,5.7572222222222225,20231023-20240520,0,0,fair,C
AIMS,2023-10-30T01:00:00Z,02S06,STIC,SP,21064680,10.7639104167,5.7572222222222225,20231023-20240520,0,0,fair,C
AIMS,2023-10-30T01:15:00Z,02S06,STIC,SP,21064680,10.7639104167,5.450000000000001,20231023-20240520,0,0,fair,C
AIMS,2023-10-30T01:30:00Z,02S06,STIC,SP,21064680,10.7639104167,5.552222222222222,20231023-20240520,0,0,fair,C
AIMS,2023-10-30T01:45:00Z,02S06,STIC,SP,21064680,10.7639104167,5.552222222222222,20231023-20240520,0,0,fair,C
AIMS,2023-10-30T02:00:00Z,02S06,STIC,SP,21064680,10.7639104167,5.86,20231023-20240520,0,0,fair,C
AIMS,2023-10-30T02:15:00Z,02S06,STIC,SP,21064680,10.7639104167,6.063888888888887,20231023-20240520,0,0,fair,C
AIMS,2023-10-30T02:30:00Z,02S06,STIC,SP,21064680,10.7639104167,6.1661111111111095,20231023-20240520,0,0,fair,C
AIMS,2023-10-30T02:45:00Z,02S06,STIC,SP,21064680,10.7639104167,6.1661111111111095,20231023-20240520,0,0,fair,C
AIMS,2023-10-30T03:00:00Z,02S06,STIC,SP,21064680,21.5278208334,6.1661111111111095,20231023-20240520,0,0,fair,C
AIMS,2023-10-30T03:15:00Z,02S06,STIC,SP,21064680,21.5278208334,6.267777777777775,20231023-20240520,0,0,fair,C
AIMS,2023-10-30T03:30:00Z,02S06,STIC,SP,21064680,21.5278208334,6.267777777777775,20231023-20240520,0,0,fair,C
AIMS,2023-10-30T03:45:00Z,02S06,STIC,SP,21064680,10.7639104167,6.1661111111111095,20231023-20240520,0,0,fair,C
AIMS,2023-10-30T04:00:00Z,02S06,STIC,SP,21064680,10.7639104167,5.243888888888889,20231023-20240520,0,0,fair,C
AIMS,2023-10-30T04:15:00Z,02S06,STIC,SP,21064680,21.5278208334,5.037222222222224,20231023-20240520,0,0,fair,C
AIMS,2023-10-30T04:30:00Z,02S06,STIC,SP,21064680,21.5278208334,5.14111111111111,20231023-20240520,0,0,fair,C
AIMS,2023-10-30T04:45:00Z,02S06,STIC,SP,21064680,21.5278208334,5.037222222222224,20231023-20240520,0,0,fair,C
AIMS,2023-10-30T05:00:00Z,02S06,STIC,SP,21064680,10.7639104167,5.037222222222224,20231023-20240520,0,0,fair,C
AIMS,2023-10-30T05:15:00Z,02S06,STIC,SP,21064680,10.7639104167,4.727222222222222,20231023-20240520,0,0,fair,C
AIMS,2023-10-30T05:30:00Z,02S06,STIC,SP,21064680,10.7639104167,4.622777777777776,20231023-20240520,0,0,fair,C
AIMS,2023-10-30T05:45:00Z,02S06,STIC,SP,21064680,10.7639104167,4.727222222222222,20231023-20240520,0,0,fair,C
AIMS,2023-10-30T06:00:00Z,02S06,STIC,SP,21064680,10.7639104167,4.2072222222222235,20231023-20240520,0,0,fair,C
AIMS,2023-10-30T06:15:00Z,02S06,STIC,SP,21064680,10.7639104167,4.2072222222222235,20231023-20240520,0,0,fair,C
AIMS,2023-10-30T06:30:00Z,02S06,STIC,SP,21064680,10.7639104167,4.2072222222222235,20231023-20240520,0,0,fair,C
AIMS,2023-10-30T06:45:00Z,02S06,STIC,SP,21064680,10.7639104167,4.102222222222222,20231023-20240520,0,0,fair,C
AIMS,2023-10-30T07:00:00Z,02S06,STIC,SP,21064680,10.7639104167,3.997777777777778,20231023-20240520,0,0,fair,C
AIMS,2023-10-30T07:15:00Z,02S06,STIC,SP,21064680,10.7639104167,3.7877777777777784,20231023-20240520,0,0,fair,C
AIMS,2023-10-30T07:30:00Z,02S06,STIC,SP,21064680,10.7639104167,3.367222222222223,20231023-20240520,0,0,fair,C
AIMS,2023-10-30T07:45:00Z,02S06,STIC,SP,21064680,10.7639104167,3.048888888888888,20231023-20240520,0,0,fair,C
AIMS,2023-10-30T08:00:00Z,02S06,STIC,SP,21064680,43.05564166679999,3.048888888888888,20231023-20240520,0,0,fair,C
AIMS,2023-10-30T08:15:00Z,02S06,STIC,SP,21064680,32.29173125010001,3.048888888888888,20231023-20240520,0,0,fair,C
AIMS,2023-10-30T08:30:00Z,02S06,STIC,SP,21064680,32.29173125010001,3.4722222222222223,20231023-20240520,0,0,fair,C
AIMS,2023-10-30T08:45:00Z,02S06,STIC,SP,21064680,32.29173125010001,3.1550000000000007,20231023-20240520,0,0,fair,C
AIMS,2023-10-30T09:00:00Z,02S06,STIC,SP,21064680,32.29173125010001,2.837222222222221,20231023-20240520,0,0,fair,C
AIMS,2023-10-30T09:15:00Z,02S06,STIC,SP,21064680,32.29173125010001,2.837222222222221,20231023-20240520,0,0,fair,C
AIMS,2023-10-30T09:30:00Z,02S06,STIC,SP,21064680,32.29173125010001,2.942777777777777,20231023-20240520,0,0,fair,C
AIMS,2023-10-30T09:45:00Z,02S06,STIC,SP,21064680,32.29173125010001,3.048888888888888,20231023-20240520,0,0,fair,C
AIMS,2023-10-30T10:00:00Z,02S06,STIC,SP,21064680,32.29173125010001,3.1550000000000007,20231023-20240520,0,0,fair,C
AIMS,2023-10-30T10:15:00Z,02S06,STIC,SP,21064680,32.29173125010001,3.26111111111111,20231023-20240520,0,0,fair,C
AIMS,2023-10-30T10:30:00Z,02S06,STIC,SP,21064680,32.29173125010001,3.1550000000000007,20231023-20240520,0,0,fair,C
AIMS,2023-10-30T10:45:00Z,02S06,STIC,SP,21064680,32.29173125010001,3.26111111111111,20231023-20240520,0,0,fair,C
AIMS,2023-10-30T11:00:00Z,02S06,STIC,SP,21064680,32.29173125010001,3.26111111111111,20231023-20240520,0,0,fair,C
AIMS,2023-10-30T11:15:00Z,02S06,STIC,SP,21064680,32.29173125010001,3.048888888888888,20231023-20240520,0,0,fair,C
AIMS,2023-10-30T11:30:00Z,02S06,STIC,SP,21064680,32.29173125010001,2.730000000000001,20231023-20240520,0,0,fair,C
AIMS,2023-10-30T11:45:00Z,02S06,STIC,SP,21064680,21.5278208334,2.41,20231023-20240520,0,0,fair,C
AIMS,2023-10-30T12:00:00Z,02S06,STIC,SP,21064680,32.29173125010001,1.8722222222222211,20231023-20240520,0,0,fair,C
AIMS,2023-10-30T12:15:00Z,02S06,STIC,SP,21064680,21.5278208334,1.6561111111111122,20231023-20240520,0,0,fair,C
AIMS,2023-10-30T12:30:00Z,02S06,STIC,SP,21064680,21.5278208334,1.4388888888888909,20231023-20240520,0,0,fair,C
AIMS,2023-10-30T12:45:00Z,02S06,STIC,SP,21064680,21.5278208334,1.2211111111111113,20231023-20240520,0,0,fair,C
AIMS,2023-10-30T13:00:00Z,02S06,STIC,SP,21064680,21.5278208334,1.8722222222222211,20231023-20240520,0,0,fair,C
AIMS,2023-10-30T13:15:00Z,02S06,STIC,SP,21064680,21.5278208334,2.6238888888888883,20231023-20240520,0,0,fair,C
AIMS,2023-10-30T13:30:00Z,02S06,STIC,SP,21064680,21.5278208334,2.942777777777777,20231023-20240520,0,0,fair,C
AIMS,2023-10-30T13:45:00Z,02S06,STIC,SP,21064680,21.5278208334,3.1550000000000007,20231023-20240520,0,0,fair,C
AIMS,2023-10-30T14:00:00Z,02S06,STIC,SP,21064680,21.5278208334,3.367222222222223,20231023-20240520,0,0,fair,C
AIMS,2023-10-30T14:15:00Z,02S06,STIC,SP,21064680,21.5278208334,3.5777777777777775,20231023-20240520,0,0,fair,C
AIMS,2023-10-30T14:30:00Z,02S06,STIC,SP,21064680,21.5278208334,3.7877777777777784,20231023-20240520,0,0,fair,C
AIMS,2023-10-30T14:45:00Z,02S06,STIC,SP,21064680,32.29173125010001,3.8927777777777774,20231023-20240520,0,0,fair,C
AIMS,2023-10-30T15:00:00Z,02S06,STIC,SP,21064680,21.5278208334,4.102222222222222,20231023-20240520,0,0,fair,C
AIMS,2023-10-30T15:15:00Z,02S06,STIC,SP,21064680,226.0421187507,4.31111111111111,20231023-20240520,0,0,fair,C
AIMS,2023-10-30T15:30:00Z,02S06,STIC,SP,21064680,107.639104167,3.6827777777777775,20231023-20240520,0,0,fair,C
AIMS,2023-10-30T15:45:00Z,02S06,STIC,SP,21064680,86.1112833336,2.837222222222221,20231023-20240520,0,0,fair,C
AIMS,2023-10-30T16:00:00Z,02S06,STIC,SP,21064680,86.1112833336,3.1550000000000007,20231023-20240520,0,0,fair,C
AIMS,2023-10-30T16:15:00Z,02S06,STIC,SP,21064680,107.639104167,4.415000000000002,20231023-20240520,0,0,fair,C
AIMS,2023-10-30T16:30:00Z,02S06,STIC,SP,21064680,96.8751937503,5.7572222222222225,20231023-20240520,0,0,fair,C
AIMS,2023-10-30T16:45:00Z,02S06,STIC,SP,21064680,118.40301458370001,6.5727777777777785,20231023-20240520,0,0,fair,C
AIMS,2023-10-30T17:00:00Z,02S06,STIC,SP,21064680,129.1669250004,8.481111111111108,20231023-20240520,0,0,fair,C
AIMS,2023-10-30T17:15:00Z,02S06,STIC,SP,21064680,118.40301458370001,8.778888888888888,20231023-20240520,0,0,fair,C
AIMS,2023-10-30T17:30:00Z,02S06,STIC,SP,21064680,118.40301458370001,9.767777777777773,20231023-20240520,0,0,fair,C
AIMS,2023-10-30T17:45:00Z,02S06,STIC,SP,21064680,107.639104167,10.357222222222227,20231023-20240520,0,0,fair,C
AIMS,2023-10-30T18:00:00Z,02S06,STIC,SP,21064680,64.5834625002,11.625,20231023-20240520,0,0,fair,C
AIMS,2023-10-30T18:15:00Z,02S06,STIC,SP,21064680,53.8195520835,13.461111111111107,20231023-20240520,0,0,fair,C
AIMS,2023-10-30T18:30:00Z,02S06,STIC,SP,21064680,0,14.612777777777774,20231023-20240520,0,0,fair,C
AIMS,2023-10-30T18:45:00Z,02S06,STIC,SP,21064680,0,14.9,20231023-20240520,0,0,fair,C
AIMS,2023-10-30T19:00:00Z,02S06,STIC,SP,21064680,0,15.66388888888889,20231023-20240520,0,0,fair,C
AIMS,2023-10-30T19:15:00Z,02S06,STIC,SP,21064680,0,15.472777777777775,20231023-20240520,0,0,fair,C
AIMS,2023-10-30T19:30:00Z,02S06,STIC,SP,21064680,0,15.282222222222224,20231023-20240520,0,0,fair,C
AIMS,2023-10-30T19:45:00Z,02S06,STIC,SP,21064680,0,14.99611111111111,20231023-20240520,0,0,fair,C
AIMS,2023-10-30T20:00:00Z,02S06,STIC,SP,21064680,0,14.037777777777777,20231023-20240520,0,0,fair,C
AIMS,2023-10-30T20:15:00Z,02S06,STIC,SP,21064680,0,13.55777777777778,20231023-20240520,0,0,fair,C
AIMS,2023-10-30T20:30:00Z,02S06,STIC,SP,21064680,0,13.55777777777778,20231023-20240520,0,0,fair,C
AIMS,2023-10-30T20:45:00Z,02S06,STIC,SP,21064680,0,13.65388888888889,20231023-20240520,0,0,fair,C
AIMS,2023-10-30T21:00:00Z,02S06,STIC,SP,21064680,0,14.421111111111108,20231023-20240520,0,0,fair,C
AIMS,2023-10-30T21:15:00Z,02S06,STIC,SP,21064680,0,14.708888888888888,20231023-20240520,0,0,fair,C
AIMS,2023-10-30T21:30:00Z,02S06,STIC,SP,21064680,0,14.325000000000001,20231023-20240520,0,0,fair,C
AIMS,2023-10-30T21:45:00Z,02S06,STIC,SP,21064680,0,12.40111111111111,20231023-20240520,0,0,fair,C
AIMS,2023-10-30T22:00:00Z,02S06,STIC,SP,21064680,0,10.161111111111108,20231023-20240520,0,0,fair,C
AIMS,2023-10-30T22:15:00Z,02S06,STIC,SP,21064680,0,8.87888888888889,20231023-20240520,0,0,fair,C
AIMS,2023-10-30T22:30:00Z,02S06,STIC,SP,21064680,0,7.982777777777778,20231023-20240520,0,0,fair,C
AIMS,2023-10-30T22:45:00Z,02S06,STIC,SP,21064680,0,7.4811111111111135,20231023-20240520,0,0,fair,C
AIMS,2023-10-30T23:00:00Z,02S06,STIC,SP,21064680,0,6.977777777777779,20231023-20240520,0,0,fair,C
AIMS,2023-10-30T23:15:00Z,02S06,STIC,SP,21064680,0,5.9622222222222225,20231023-20240520,0,0,fair,C
AIMS,2023-10-30T23:30:00Z,02S06,STIC,SP,21064680,0,4.415000000000002,20231023-20240520,0,0,fair,C
AIMS,2023-10-30T23:45:00Z,02S06,STIC,SP,21064680,0,2.6238888888888883,20231023-20240520,0,0,fair,C
AIMS,2023-10-31T00:00:00Z,02S06,STIC,SP,21064680,0,1.5477777777777786,20231023-20240520,0,0,fair,C
AIMS,2023-10-31T00:15:00Z,02S06,STIC,SP,21064680,0,1.7638888888888873,20231023-20240520,0,0,fair,C
AIMS,2023-10-31T00:30:00Z,02S06,STIC,SP,21064680,0,2.5172222222222222,20231023-20240520,0,0,fair,C
AIMS,2023-10-31T00:45:00Z,02S06,STIC,SP,21064680,0,2.837222222222221,20231023-20240520,0,0,fair,C
AIMS,2023-10-31T01:00:00Z,02S06,STIC,SP,21064680,0,3.1550000000000007,20231023-20240520,0,0,fair,C
AIMS,2023-10-31T01:15:00Z,02S06,STIC,SP,21064680,0,3.367222222222223,20231023-20240520,0,0,fair,C
AIMS,2023-10-31T01:30:00Z,02S06,STIC,SP,21064680,0,3.367222222222223,20231023-20240520,0,0,fair,C
AIMS,2023-10-31T01:45:00Z,02S06,STIC,SP,21064680,0,3.367222222222223,20231023-20240520,0,0,fair,C
AIMS,2023-10-31T02:00:00Z,02S06,STIC,SP,21064680,0,2.942777777777777,20231023-20240520,0,0,fair,C
AIMS,2023-10-31T02:15:00Z,02S06,STIC,SP,21064680,0,2.942777777777777,20231023-20240520,0,0,fair,C
AIMS,2023-10-31T02:30:00Z,02S06,STIC,SP,21064680,0,2.6238888888888883,20231023-20240520,0,0,fair,C
AIMS,2023-10-31T02:45:00Z,02S06,STIC,SP,21064680,0,2.41,20231023-20240520,0,0,fair,C
AIMS,2023-10-31T03:00:00Z,02S06,STIC,SP,21064680,0,2.5172222222222222,20231023-20240520,0,0,fair,C
AIMS,2023-10-31T03:15:00Z,02S06,STIC,SP,21064680,0,2.730000000000001,20231023-20240520,0,0,fair,C
AIMS,2023-10-31T03:30:00Z,02S06,STIC,SP,21064680,0,2.730000000000001,20231023-20240520,0,0,fair,C
AIMS,2023-10-31T03:45:00Z,02S06,STIC,SP,21064680,0,2.730000000000001,20231023-20240520,0,0,fair,C
AIMS,2023-10-31T04:00:00Z,02S06,STIC,SP,21064680,0,2.837222222222221,20231023-20240520,0,0,fair,C
AIMS,2023-10-31T04:15:00Z,02S06,STIC,SP,21064680,0,2.942777777777777,20231023-20240520,0,0,fair,C
AIMS,2023-10-31T04:30:00Z,02S06,STIC,SP,21064680,0,2.942777777777777,20231023-20240520,0,0,fair,C
AIMS,2023-10-31T04:45:00Z,02S06,STIC,SP,21064680,0,3.048888888888888,20231023-20240520,0,0,fair,C
AIMS,2023-10-31T05:00:00Z,02S06,STIC,SP,21064680,0,3.048888888888888,20231023-20240520,0,0,fair,C
AIMS,2023-10-31T05:15:00Z,02S06,STIC,SP,21064680,0,3.1550000000000007,20231023-20240520,0,0,fair,C
AIMS,2023-10-31T05:30:00Z,02S06,STIC,SP,21064680,0,3.048888888888888,20231023-20240520,0,0,fair,C
AIMS,2023-10-31T05:45:00Z,02S06,STIC,SP,21064680,0,3.1550000000000007,20231023-20240520,0,0,fair,C
AIMS,2023-10-31T06:00:00Z,02S06,STIC,SP,21064680,0,3.26111111111111,20231023-20240520,0,0,fair,C
AIMS,2023-10-31T06:15:00Z,02S06,STIC,SP,21064680,0,3.367222222222223,20231023-20240520,0,0,fair,C
AIMS,2023-10-31T06:30:00Z,02S06,STIC,SP,21064680,0,3.367222222222223,20231023-20240520,0,0,fair,C
AIMS,2023-10-31T06:45:00Z,02S06,STIC,SP,21064680,0,3.4722222222222223,20231023-20240520,0,0,fair,C
AIMS,2023-10-31T07:00:00Z,02S06,STIC,SP,21064680,0,3.4722222222222223,20231023-20240520,0,0,fair,C
AIMS,2023-10-31T07:15:00Z,02S06,STIC,SP,21064680,0,3.6827777777777775,20231023-20240520,0,0,fair,C
AIMS,2023-10-31T07:30:00Z,02S06,STIC,SP,21064680,0,3.8927777777777774,20231023-20240520,0,0,fair,C
AIMS,2023-10-31T07:45:00Z,02S06,STIC,SP,21064680,0,3.997777777777778,20231023-20240520,0,0,fair,C
AIMS,2023-10-31T08:00:00Z,02S06,STIC,SP,21064680,0,3.8927777777777774,20231023-20240520,0,0,fair,C
AIMS,2023-10-31T08:15:00Z,02S06,STIC,SP,21064680,0,3.4722222222222223,20231023-20240520,0,0,fair,C
AIMS,2023-10-31T08:30:00Z,02S06,STIC,SP,21064680,0,3.048888888888888,20231023-20240520,0,0,fair,C
AIMS,2023-10-31T08:45:00Z,02S06,STIC,SP,21064680,0,3.048888888888888,20231023-20240520,0,0,fair,C
AIMS,2023-10-31T09:00:00Z,02S06,STIC,SP,21064680,0,3.1550000000000007,20231023-20240520,0,0,fair,C
AIMS,2023-10-31T09:15:00Z,02S06,STIC,SP,21064680,0,2.837222222222221,20231023-20240520,0,0,fair,C
AIMS,2023-10-31T09:30:00Z,02S06,STIC,SP,21064680,0,2.942777777777777,20231023-20240520,0,0,fair,C
AIMS,2023-10-31T09:45:00Z,02S06,STIC,SP,21064680,0,2.730000000000001,20231023-20240520,0,0,fair,C
AIMS,2023-10-31T10:00:00Z,02S06,STIC,SP,21064680,0,2.6238888888888883,20231023-20240520,0,0,fair,C
AIMS,2023-10-31T10:15:00Z,02S06,STIC,SP,21064680,0,2.30277777777778,20231023-20240520,0,0,fair,C
AIMS,2023-10-31T10:30:00Z,02S06,STIC,SP,21064680,0,2.08777777777778,20231023-20240520,0,0,fair,C
AIMS,2023-10-31T10:45:00Z,02S06,STIC,SP,21064680,0,1.4388888888888909,20231023-20240520,0,0,fair,C
AIMS,2023-10-31T11:00:00Z,02S06,STIC,SP,21064680,0,1.1122222222222238,20231023-20240520,0,0,fair,C
AIMS,2023-10-31T11:15:00Z,02S06,STIC,SP,21064680,0,1.2211111111111113,20231023-20240520,0,0,fair,C
AIMS,2023-10-31T11:30:00Z,02S06,STIC,SP,21064680,0,1.8722222222222211,20231023-20240520,0,0,fair,C
AIMS,2023-10-31T11:45:00Z,02S06,STIC,SP,21064680,0,1.6561111111111122,20231023-20240520,0,0,fair,C
AIMS,2023-10-31T12:00:00Z,02S06,STIC,SP,21064680,0,1.5477777777777786,20231023-20240520,0,0,fair,C
AIMS,2023-10-31T12:15:00Z,02S06,STIC,SP,21064680,0,1.6561111111111122,20231023-20240520,0,0,fair,C
AIMS,2023-10-31T12:30:00Z,02S06,STIC,SP,21064680,0,1.4388888888888909,20231023-20240520,0,0,fair,C
AIMS,2023-10-31T12:45:00Z,02S06,STIC,SP,21064680,0,1.4388888888888909,20231023-20240520,0,0,fair,C
AIMS,2023-10-31T13:00:00Z,02S06,STIC,SP,21064680,0,1.2211111111111113,20231023-20240520,0,0,fair,C
AIMS,2023-10-31T13:15:00Z,02S06,STIC,SP,21064680,0,1.6561111111111122,20231023-20240520,0,0,fair,C
AIMS,2023-10-31T13:30:00Z,02S06,STIC,SP,21064680,0,1.5477777777777786,20231023-20240520,0,0,fair,C
AIMS,2023-10-31T13:45:00Z,02S06,STIC,SP,21064680,0,1.329999999999999,20231023-20240520,0,0,fair,C
AIMS,2023-10-31T14:00:00Z,02S06,STIC,SP,21064680,0,1.5477777777777786,20231023-20240520,0,0,fair,C
AIMS,2023-10-31T14:15:00Z,02S06,STIC,SP,21064680,0,1.5477777777777786,20231023-20240520,0,0,fair,C
AIMS,2023-10-31T14:30:00Z,02S06,STIC,SP,21064680,0,1.5477777777777786,20231023-20240520,0,0,fair,C
AIMS,2023-10-31T14:45:00Z,02S06,STIC,SP,21064680,0,1.5477777777777786,20231023-20240520,0,0,fair,C
AIMS,2023-10-31T15:00:00Z,02S06,STIC,SP,21064680,0,1.7638888888888873,20231023-20240520,0,0,fair,C
AIMS,2023-10-31T15:15:00Z,02S06,STIC,SP,21064680,0,2.08777777777778,20231023-20240520,0,0,fair,C
AIMS,2023-10-31T15:30:00Z,02S06,STIC,SP,21064680,0,2.41,20231023-20240520,0,0,fair,C
AIMS,2023-10-31T15:45:00Z,02S06,STIC,SP,21064680,0,2.837222222222221,20231023-20240520,0,0,fair,C
AIMS,2023-10-31T16:00:00Z,02S06,STIC,SP,21064680,0,2.30277777777778,20231023-20240520,0,0,fair,C
AIMS,2023-10-31T16:15:00Z,02S06,STIC,SP,21064680,0,2.837222222222221,20231023-20240520,0,0,fair,C
AIMS,2023-10-31T16:30:00Z,02S06,STIC,SP,21064680,0,4.2072222222222235,20231023-20240520,0,0,fair,C
AIMS,2023-10-31T16:45:00Z,02S06,STIC,SP,21064680,0,5.243888888888889,20231023-20240520,0,0,fair,C
AIMS,2023-10-31T17:00:00Z,02S06,STIC,SP,21064680,0,7.4811111111111135,20231023-20240520,0,0,fair,C
AIMS,2023-10-31T17:15:00Z,02S06,STIC,SP,21064680,0,8.082222222222224,20231023-20240520,0,0,fair,C
AIMS,2023-10-31T17:30:00Z,02S06,STIC,SP,21064680,0,8.581111111111108,20231023-20240520,0,0,fair,C
AIMS,2023-10-31T17:45:00Z,02S06,STIC,SP,21064680,0,9.275,20231023-20240520,0,0,fair,C
AIMS,2023-10-31T18:00:00Z,02S06,STIC,SP,21064680,0,10.747777777777772,20231023-20240520,0,0,fair,C
AIMS,2023-10-31T18:15:00Z,02S06,STIC,SP,21064680,0,12.11,20231023-20240520,0,0,fair,C
AIMS,2023-10-31T18:30:00Z,02S06,STIC,SP,21064680,0,12.69,20231023-20240520,0,0,fair,C
AIMS,2023-10-31T18:45:00Z,02S06,STIC,SP,21064680,0,13.84611111111111,20231023-20240520,0,0,fair,C
AIMS,2023-10-31T19:00:00Z,02S06,STIC,SP,21064680,10.7639104167,13.75,20231023-20240520,0,0,fair,C
AIMS,2023-10-31T19:15:00Z,02S06,STIC,SP,21064680,0,13.461111111111107,20231023-20240520,0,0,fair,C
AIMS,2023-10-31T19:30:00Z,02S06,STIC,SP,21064680,0,13.75,20231023-20240520,0,0,fair,C
AIMS,2023-10-31T19:45:00Z,02S06,STIC,SP,21064680,0,14.037777777777777,20231023-20240520,0,0,fair,C
AIMS,2023-10-31T20:00:00Z,02S06,STIC,SP,21064680,0,11.527777777777779,20231023-20240520,0,0,fair,C
AIMS,2023-10-31T20:15:00Z,02S06,STIC,SP,21064680,0,11.72222222222222,20231023-20240520,0,0,fair,C
AIMS,2023-10-31T20:30:00Z,02S06,STIC,SP,21064680,0,12.207222222222219,20231023-20240520,0,0,fair,C
AIMS,2023-10-31T20:45:00Z,02S06,STIC,SP,21064680,0,12.497222222222222,20231023-20240520,0,0,fair,C
AIMS,2023-10-31T21:00:00Z,02S06,STIC,SP,21064680,0,12.69,20231023-20240520,0,0,fair,C
AIMS,2023-10-31T21:15:00Z,02S06,STIC,SP,21064680,0,13.172777777777775,20231023-20240520,0,0,fair,C
AIMS,2023-10-31T21:30:00Z,02S06,STIC,SP,21064680,0,13.268888888888888,20231023-20240520,0,0,fair,C
AIMS,2023-10-31T21:45:00Z,02S06,STIC,SP,21064680,0,11.527777777777779,20231023-20240520,0,0,fair,C
AIMS,2023-10-31T22:00:00Z,02S06,STIC,SP,21064680,0,8.778888888888888,20231023-20240520,0,0,fair,C
AIMS,2023-10-31T22:15:00Z,02S06,STIC,SP,21064680,0,7.1788888888888875,20231023-20240520,0,0,fair,C
AIMS,2023-10-31T22:30:00Z,02S06,STIC,SP,21064680,0,6.370000000000001,20231023-20240520,0,0,fair,C
AIMS,2023-10-31T22:45:00Z,02S06,STIC,SP,21064680,0,5.86,20231023-20240520,0,0,fair,C
AIMS,2023-10-31T23:00:00Z,02S06,STIC,SP,21064680,0,5.14111111111111,20231023-20240520,0,0,fair,C
AIMS,2023-10-31T23:15:00Z,02S06,STIC,SP,21064680,0,4.102222222222222,20231023-20240520,0,0,fair,C
AIMS,2023-10-31T23:30:00Z,02S06,STIC,SP,21064680,0,3.048888888888888,20231023-20240520,0,0,fair,C
AIMS,2023-10-31T23:45:00Z,02S06,STIC,SP,21064680,0,2.30277777777778,20231023-20240520,0,0,fair,C
AIMS,2023-11-01T00:00:00Z,02S06,STIC,SP,21064680,0,1.5477777777777786,20231023-20240520,0,0,fair,C
AIMS,2023-11-01T00:15:00Z,02S06,STIC,SP,21064680,0,0.8927777777777774,20231023-20240520,0,0,fair,C
AIMS,2023-11-01T00:30:00Z,02S06,STIC,SP,21064680,0,0.3427777777777763,20231023-20240520,0,0,fair,C
AIMS,2023-11-01T00:45:00Z,02S06,STIC,SP,21064680,0,0.23222222222222183,20231023-20240520,0,0,fair,C
AIMS,2023-11-01T01:00:00Z,02S06,STIC,SP,21064680,0,0.01000000000000037,20231023-20240520,0,0,fair,C
AIMS,2023-11-01T01:15:00Z,02S06,STIC,SP,21064680,0,-0.10222222222222284,20231023-20240520,0,0,fair,C
AIMS,2023-11-01T01:30:00Z,02S06,STIC,SP,21064680,10.7639104167,-0.32500000000000046,20231023-20240520,0,0,fair,C
AIMS,2023-11-01T01:45:00Z,02S06,STIC,SP,21064680,10.7639104167,-0.32500000000000046,20231023-20240520,0,0,fair,C
AIMS,2023-11-01T02:00:00Z,02S06,STIC,SP,21064680,10.7639104167,-0.21277777777777732,20231023-20240520,0,0,fair,C
AIMS,2023-11-01T02:15:00Z,02S06,STIC,SP,21064680,10.7639104167,0.01000000000000037,20231023-20240520,0,0,fair,C
AIMS,2023-11-01T02:30:00Z,02S06,STIC,SP,21064680,10.7639104167,-0.10222222222222284,20231023-20240520,0,0,fair,C
AIMS,2023-11-01T02:45:00Z,02S06,STIC,SP,21064680,10.7639104167,-0.10222222222222284,20231023-20240520,0,0,fair,C
AIMS,2023-11-01T03:00:00Z,02S06,STIC,SP,21064680,10.7639104167,-0.5488888888888886,20231023-20240520,0,0,fair,C
AIMS,2023-11-01T03:15:00Z,02S06,STIC,SP,21064680,10.7639104167,-0.6622222222222222,20231023-20240520,0,0,fair,C
AIMS,2023-11-01T03:30:00Z,02S06,STIC,SP,21064680,10.7639104167,-0.6622222222222222,20231023-20240520,0,0,fair,C
AIMS,2023-11-01T03:45:00Z,02S06,STIC,SP,21064680,10.7639104167,-0.4372222222222218,20231023-20240520,0,0,fair,C
AIMS,2023-11-01T04:00:00Z,02S06,STIC,SP,21064680,21.5278208334,-0.32500000000000046,20231023-20240520,0,0,fair,C
AIMS,2023-11-01T04:15:00Z,02S06,STIC,SP,21064680,32.29173125010001,-0.10222222222222284,20231023-20240520,0,0,fair,C
AIMS,2023-11-01T04:30:00Z,02S06,STIC,SP,21064680,32.29173125010001,-0.4372222222222218,20231023-20240520,0,0,fair,C
AIMS,2023-11-01T04:45:00Z,02S06,STIC,SP,21064680,32.29173125010001,-0.10222222222222284,20231023-20240520,0,0,fair,C
AIMS,2023-11-01T05:00:00Z,02S06,STIC,SP,21064680,32.29173125010001,-0.10222222222222284,20231023-20240520,0,0,fair,C
AIMS,2023-11-01T05:15:00Z,02S06,STIC,SP,21064680,21.5278208334,-0.5488888888888886,20231023-20240520,0,0,fair,C
AIMS,2023-11-01T05:30:00Z,02S06,STIC,SP,21064680,32.29173125010001,-0.6622222222222222,20231023-20240520,0,0,fair,C
AIMS,2023-11-01T05:45:00Z,02S06,STIC,SP,21064680,32.29173125010001,-0.4372222222222218,20231023-20240520,0,0,fair,C
AIMS,2023-11-01T06:00:00Z,02S06,STIC,SP,21064680,32.29173125010001,-0.32500000000000046,20231023-20240520,0,0,fair,C
AIMS,2023-11-01T06:15:00Z,02S06,STIC,SP,21064680,53.8195520835,0.01000000000000037,20231023-20240520,0,0,fair,C
AIMS,2023-11-01T06:30:00Z,02S06,STIC,SP,21064680,53.8195520835,0.3427777777777763,20231023-20240520,0,0,fair,C
AIMS,2023-11-01T06:45:00Z,02S06,STIC,SP,21064680,43.05564166679999,0.3427777777777763,20231023-20240520,0,0,fair,C
AIMS,2023-11-01T07:00:00Z,02S06,STIC,SP,21064680,53.8195520835,0.3427777777777763,20231023-20240520,0,0,fair,C
AIMS,2023-11-01T07:15:00Z,02S06,STIC,SP,21064680,43.05564166679999,0.3427777777777763,20231023-20240520,0,0,fair,C
AIMS,2023-11-01T07:30:00Z,02S06,STIC,SP,21064680,53.8195520835,0.3427777777777763,20231023-20240520,0,0,fair,C
AIMS,2023-11-01T07:45:00Z,02S06,STIC,SP,21064680,53.8195520835,0.8927777777777774,20231023-20240520,0,0,fair,C
AIMS,2023-11-01T08:00:00Z,02S06,STIC,SP,21064680,53.8195520835,1.1122222222222238,20231023-20240520,0,0,fair,C
AIMS,2023-11-01T08:15:00Z,02S06,STIC,SP,21064680,53.8195520835,1.0027777777777775,20231023-20240520,0,0,fair,C
AIMS,2023-11-01T08:30:00Z,02S06,STIC,SP,21064680,53.8195520835,1.0027777777777775,20231023-20240520,0,0,fair,C
AIMS,2023-11-01T08:45:00Z,02S06,STIC,SP,21064680,64.5834625002,1.2211111111111113,20231023-20240520,0,0,fair,C
AIMS,2023-11-01T09:00:00Z,02S06,STIC,SP,21064680,64.5834625002,1.0027777777777775,20231023-20240520,0,0,fair,C
AIMS,2023-11-01T09:15:00Z,02S06,STIC,SP,21064680,86.1112833336,0.8927777777777774,20231023-20240520,0,0,fair,C
AIMS,2023-11-01T09:30:00Z,02S06,STIC,SP,21064680,75.34737291689999,1.0027777777777775,20231023-20240520,0,0,fair,C
AIMS,2023-11-01T09:45:00Z,02S06,STIC,SP,21064680,75.34737291689999,1.1122222222222238,20231023-20240520,0,0,fair,C
AIMS,2023-11-01T10:00:00Z,02S06,STIC,SP,21064680,64.5834625002,1.2211111111111113,20231023-20240520,0,0,fair,C
AIMS,2023-11-01T10:15:00Z,02S06,STIC,SP,21064680,64.5834625002,1.4388888888888909,20231023-20240520,0,0,fair,C
AIMS,2023-11-01T10:30:00Z,02S06,STIC,SP,21064680,64.5834625002,1.4388888888888909,20231023-20240520,0,0,fair,C
AIMS,2023-11-01T10:45:00Z,02S06,STIC,SP,21064680,53.8195520835,1.329999999999999,20231023-20240520,0,0,fair,C
AIMS,2023-11-01T11:00:00Z,02S06,STIC,SP,21064680,53.8195520835,1.2211111111111113,20231023-20240520,0,0,fair,C
AIMS,2023-11-01T11:15:00Z,02S06,STIC,SP,21064680,53.8195520835,1.2211111111111113,20231023-20240520,0,0,fair,C
AIMS,2023-11-01T11:30:00Z,02S06,STIC,SP,21064680,43.05564166679999,1.329999999999999,20231023-20240520,0,0,fair,C
AIMS,2023-11-01T11:45:00Z,02S06,STIC,SP,21064680,43.05564166679999,1.329999999999999,20231023-20240520,0,0,fair,C
AIMS,2023-11-01T12:00:00Z,02S06,STIC,SP,21064680,43.05564166679999,1.2211111111111113,20231023-20240520,0,0,fair,C
AIMS,2023-11-01T12:15:00Z,02S06,STIC,SP,21064680,43.05564166679999,0.8927777777777774,20231023-20240520,0,0,fair,C
AIMS,2023-11-01T12:30:00Z,02S06,STIC,SP,21064680,43.05564166679999,0.6738888888888894,20231023-20240520,0,0,fair,C
AIMS,2023-11-01T12:45:00Z,02S06,STIC,SP,21064680,32.29173125010001,0.6738888888888894,20231023-20240520,0,0,fair,C
AIMS,2023-11-01T13:00:00Z,02S06,STIC,SP,21064680,32.29173125010001,0.8927777777777774,20231023-20240520,0,0,fair,C
AIMS,2023-11-01T13:15:00Z,02S06,STIC,SP,21064680,32.29173125010001,0.8927777777777774,20231023-20240520,0,0,fair,C
AIMS,2023-11-01T13:30:00Z,02S06,STIC,SP,21064680,21.5278208334,1.1122222222222238,20231023-20240520,0,0,fair,C
AIMS,2023-11-01T13:45:00Z,02S06,STIC,SP,21064680,43.05564166679999,1.4388888888888909,20231023-20240520,0,0,fair,C
AIMS,2023-11-01T14:00:00Z,02S06,STIC,SP,21064680,43.05564166679999,1.5477777777777786,20231023-20240520,0,0,fair,C
AIMS,2023-11-01T14:15:00Z,02S06,STIC,SP,21064680,43.05564166679999,1.8722222222222211,20231023-20240520,0,0,fair,C
AIMS,2023-11-01T14:30:00Z,02S06,STIC,SP,21064680,43.05564166679999,2.08777777777778,20231023-20240520,0,0,fair,C
AIMS,2023-11-01T14:45:00Z,02S06,STIC,SP,21064680,43.05564166679999,2.5172222222222222,20231023-20240520,0,0,fair,C
AIMS,2023-11-01T15:00:00Z,02S06,STIC,SP,21064680,43.05564166679999,2.730000000000001,20231023-20240520,0,0,fair,C
AIMS,2023-11-01T15:15:00Z,02S06,STIC,SP,21064680,53.8195520835,3.367222222222223,20231023-20240520,0,0,fair,C
AIMS,2023-11-01T15:30:00Z,02S06,STIC,SP,21064680,53.8195520835,3.6827777777777775,20231023-20240520,0,0,fair,C
AIMS,2023-11-01T15:45:00Z,02S06,STIC,SP,21064680,43.05564166679999,4.622777777777776,20231023-20240520,0,0,fair,C
AIMS,2023-11-01T16:00:00Z,02S06,STIC,SP,21064680,43.05564166679999,5.14111111111111,20231023-20240520,0,0,fair,C
AIMS,2023-11-01T16:15:00Z,02S06,STIC,SP,21064680,43.05564166679999,6.267777777777775,20231023-20240520,0,0,fair,C
AIMS,2023-11-01T16:30:00Z,02S06,STIC,SP,21064680,43.05564166679999,7.4811111111111135,20231023-20240520,0,0,fair,C
AIMS,2023-11-01T16:45:00Z,02S06,STIC,SP,21064680,53.8195520835,8.68,20231023-20240520,0,0,fair,C
AIMS,2023-11-01T17:00:00Z,02S06,STIC,SP,21064680,64.5834625002,10.25888888888889,20231023-20240520,0,0,fair,C
AIMS,2023-11-01T17:15:00Z,02S06,STIC,SP,21064680,64.5834625002,11.236111111111107,20231023-20240520,0,0,fair,C
AIMS,2023-11-01T17:30:00Z,02S06,STIC,SP,21064680,86.1112833336,11.333888888888893,20231023-20240520,0,0,fair,C
AIMS,2023-11-01T17:45:00Z,02S06,STIC,SP,21064680,86.1112833336,12.40111111111111,20231023-20240520,0,0,fair,C
AIMS,2023-11-01T18:00:00Z,02S06,STIC,SP,21064680,96.8751937503,14.037777777777777,20231023-20240520,0,0,fair,C
AIMS,2023-11-01T18:15:00Z,02S06,STIC,SP,21064680,86.1112833336,15.187222222222225,20231023-20240520,0,0,fair,C
AIMS,2023-11-01T18:30:00Z,02S06,STIC,SP,21064680,64.5834625002,15.76,20231023-20240520,0,0,fair,C
AIMS,2023-11-01T18:45:00Z,02S06,STIC,SP,21064680,53.8195520835,16.237222222222222,20231023-20240520,0,0,fair,C
AIMS,2023-11-01T19:00:00Z,02S06,STIC,SP,21064680,21.5278208334,17.09388888888889,20231023-20240520,0,0,fair,C
AIMS,2023-11-01T19:15:00Z,02S06,STIC,SP,21064680,0,17.283888888888885,20231023-20240520,0,0,fair,C
AIMS,2023-11-01T19:30:00Z,02S06,STIC,SP,21064680,0,18.331111111111106,20231023-20240520,0,0,fair,C
AIMS,2023-11-01T19:45:00Z,02S06,STIC,SP,21064680,0,17.665,20231023-20240520,0,0,fair,C
AIMS,2023-11-01T20:00:00Z,02S06,STIC,SP,21064680,0,15.951111111111109,20231023-20240520,0,0,fair,C
AIMS,2023-11-01T20:15:00Z,02S06,STIC,SP,21064680,0,14.708888888888888,20231023-20240520,0,0,fair,C
AIMS,2023-11-01T20:30:00Z,02S06,STIC,SP,21064680,0,14.13388888888889,20231023-20240520,0,0,fair,C
AIMS,2023-11-01T20:45:00Z,02S06,STIC,SP,21064680,0,12.69,20231023-20240520,0,0,fair,C
AIMS,2023-11-01T21:00:00Z,02S06,STIC,SP,21064680,10.7639104167,12.30388888888889,20231023-20240520,0,0,fair,C
AIMS,2023-11-01T21:15:00Z,02S06,STIC,SP,21064680,0,14.13388888888889,20231023-20240520,0,0,fair,C
AIMS,2023-11-01T21:30:00Z,02S06,STIC,SP,21064680,0,15.282222222222224,20231023-20240520,0,0,fair,C
AIMS,2023-11-01T21:45:00Z,02S06,STIC,SP,21064680,0,13.84611111111111,20231023-20240520,0,0,fair,C
AIMS,2023-11-01T22:00:00Z,02S06,STIC,SP,21064680,0,11.333888888888893,20231023-20240520,0,0,fair,C
AIMS,2023-11-01T22:15:00Z,02S06,STIC,SP,21064680,0,9.866111111111111,20231023-20240520,0,0,fair,C
AIMS,2023-11-01T22:30:00Z,02S06,STIC,SP,21064680,0,9.57111111111111,20231023-20240520,0,0,fair,C
AIMS,2023-11-01T22:45:00Z,02S06,STIC,SP,21064680,0,9.372777777777781,20231023-20240520,0,0,fair,C
AIMS,2023-11-01T23:00:00Z,02S06,STIC,SP,21064680,0,8.778888888888888,20231023-20240520,0,0,fair,C
AIMS,2023-11-01T23:15:00Z,02S06,STIC,SP,21064680,0,8.082222222222224,20231023-20240520,0,0,fair,C
AIMS,2023-11-01T23:30:00Z,02S06,STIC,SP,21064680,0,7.4811111111111135,20231023-20240520,0,0,fair,C
AIMS,2023-11-01T23:45:00Z,02S06,STIC,SP,21064680,0,6.877222222222222,20231023-20240520,0,0,fair,C
AIMS,2023-11-02T00:00:00Z,02S06,STIC,SP,21064680,10.7639104167,6.471111111111114,20231023-20240520,0,0,fair,C
AIMS,2023-11-02T00:15:00Z,02S06,STIC,SP,21064680,21.5278208334,5.9622222222222225,20231023-20240520,0,0,fair,C
AIMS,2023-11-02T00:30:00Z,02S06,STIC,SP,21064680,32.29173125010001,5.552222222222222,20231023-20240520,0,0,fair,C
AIMS,2023-11-02T00:45:00Z,02S06,STIC,SP,21064680,43.05564166679999,5.347222222222222,20231023-20240520,0,0,fair,C
AIMS,2023-11-02T01:00:00Z,02S06,STIC,SP,21064680,43.05564166679999,5.347222222222222,20231023-20240520,0,0,fair,C
AIMS,2023-11-02T01:15:00Z,02S06,STIC,SP,21064680,53.8195520835,5.347222222222222,20231023-20240520,0,0,fair,C
AIMS,2023-11-02T01:30:00Z,02S06,STIC,SP,21064680,53.8195520835,5.347222222222222,20231023-20240520,0,0,fair,C
AIMS,2023-11-02T01:45:00Z,02S06,STIC,SP,21064680,53.8195520835,5.243888888888889,20231023-20240520,0,0,fair,C
AIMS,2023-11-02T02:00:00Z,02S06,STIC,SP,21064680,53.8195520835,5.243888888888889,20231023-20240520,0,0,fair,C
AIMS,2023-11-02T02:15:00Z,02S06,STIC,SP,21064680,75.34737291689999,5.450000000000001,20231023-20240520,0,0,fair,C
AIMS,2023-11-02T02:30:00Z,02S06,STIC,SP,21064680,53.8195520835,5.552222222222222,20231023-20240520,0,0,fair,C
AIMS,2023-11-02T02:45:00Z,02S06,STIC,SP,21064680,53.8195520835,5.655,20231023-20240520,0,0,fair,C
AIMS,2023-11-02T03:00:00Z,02S06,STIC,SP,21064680,53.8195520835,5.9622222222222225,20231023-20240520,0,0,fair,C
AIMS,2023-11-02T03:15:00Z,02S06,STIC,SP,21064680,53.8195520835,6.370000000000001,20231023-20240520,0,0,fair,C
AIMS,2023-11-02T03:30:00Z,02S06,STIC,SP,21064680,53.8195520835,6.673888888888888,20231023-20240520,0,0,fair,C
AIMS,2023-11-02T03:45:00Z,02S06,STIC,SP,21064680,53.8195520835,6.877222222222222,20231023-20240520,0,0,fair,C
AIMS,2023-11-02T04:00:00Z,02S06,STIC,SP,21064680,53.8195520835,6.775,20231023-20240520,0,0,fair,C
AIMS,2023-11-02T04:15:00Z,02S06,STIC,SP,21064680,53.8195520835,6.5727777777777785,20231023-20240520,0,0,fair,C
AIMS,2023-11-02T04:30:00Z,02S06,STIC,SP,21064680,43.05564166679999,6.267777777777775,20231023-20240520,0,0,fair,C
AIMS,2023-11-02T04:45:00Z,02S06,STIC,SP,21064680,43.05564166679999,6.063888888888887,20231023-20240520,0,0,fair,C
AIMS,2023-11-02T05:00:00Z,02S06,STIC,SP,21064680,43.05564166679999,5.86,20231023-20240520,0,0,fair,C
AIMS,2023-11-02T05:15:00Z,02S06,STIC,SP,21064680,43.05564166679999,5.7572222222222225,20231023-20240520,0,0,fair,C
AIMS,2023-11-02T05:30:00Z,02S06,STIC,SP,21064680,43.05564166679999,5.655,20231023-20240520,0,0,fair,C
AIMS,2023-11-02T05:45:00Z,02S06,STIC,SP,21064680,43.05564166679999,5.655,20231023-20240520,0,0,fair,C
AIMS,2023-11-02T06:00:00Z,02S06,STIC,SP,21064680,43.05564166679999,5.552222222222222,20231023-20240520,0,0,fair,C
AIMS,2023-11-02T06:15:00Z,02S06,STIC,SP,21064680,43.05564166679999,5.450000000000001,20231023-20240520,0,0,fair,C
AIMS,2023-11-02T06:30:00Z,02S06,STIC,SP,21064680,43.05564166679999,5.450000000000001,20231023-20240520,0,0,fair,C
AIMS,2023-11-02T06:45:00Z,02S06,STIC,SP,21064680,43.05564166679999,5.243888888888889,20231023-20240520,0,0,fair,C
AIMS,2023-11-02T07:00:00Z,02S06,STIC,SP,21064680,43.05564166679999,5.14111111111111,20231023-20240520,0,0,fair,C
AIMS,2023-11-02T07:15:00Z,02S06,STIC,SP,21064680,43.05564166679999,5.14111111111111,20231023-20240520,0,0,fair,C
AIMS,2023-11-02T07:30:00Z,02S06,STIC,SP,21064680,43.05564166679999,5.037222222222224,20231023-20240520,0,0,fair,C
AIMS,2023-11-02T07:45:00Z,02S06,STIC,SP,21064680,43.05564166679999,5.14111111111111,20231023-20240520,0,0,fair,C
AIMS,2023-11-02T08:00:00Z,02S06,STIC,SP,21064680,43.05564166679999,5.243888888888889,20231023-20240520,0,0,fair,C
AIMS,2023-11-02T08:15:00Z,02S06,STIC,SP,21064680,43.05564166679999,5.347222222222222,20231023-20240520,0,0,fair,C
AIMS,2023-11-02T08:30:00Z,02S06,STIC,SP,21064680,43.05564166679999,5.243888888888889,20231023-20240520,0,0,fair,C
AIMS,2023-11-02T08:45:00Z,02S06,STIC,SP,21064680,43.05564166679999,5.243888888888889,20231023-20240520,0,0,fair,C
AIMS,2023-11-02T09:00:00Z,02S06,STIC,SP,21064680,43.05564166679999,5.14111111111111,20231023-20240520,0,0,fair,C
AIMS,2023-11-02T09:15:00Z,02S06,STIC,SP,21064680,53.8195520835,5.243888888888889,20231023-20240520,0,0,fair,C
AIMS,2023-11-02T09:30:00Z,02S06,STIC,SP,21064680,53.8195520835,5.347222222222222,20231023-20240520,0,0,fair,C
AIMS,2023-11-02T09:45:00Z,02S06,STIC,SP,21064680,53.8195520835,5.243888888888889,20231023-20240520,0,0,fair,C
AIMS,2023-11-02T10:00:00Z,02S06,STIC,SP,21064680,64.5834625002,5.037222222222224,20231023-20240520,0,0,fair,C
AIMS,2023-11-02T10:15:00Z,02S06,STIC,SP,21064680,64.5834625002,4.933888888888889,20231023-20240520,0,0,fair,C
AIMS,2023-11-02T10:30:00Z,02S06,STIC,SP,21064680,53.8195520835,5.037222222222224,20231023-20240520,0,0,fair,C
AIMS,2023-11-02T10:45:00Z,02S06,STIC,SP,21064680,53.8195520835,5.037222222222224,20231023-20240520,0,0,fair,C
AIMS,2023-11-02T11:00:00Z,02S06,STIC,SP,21064680,53.8195520835,5.037222222222224,20231023-20240520,0,0,fair,C
AIMS,2023-11-02T11:15:00Z,02S06,STIC,SP,21064680,53.8195520835,5.037222222222224,20231023-20240520,0,0,fair,C
AIMS,2023-11-02T11:30:00Z,02S06,STIC,SP,21064680,53.8195520835,4.8311111111111105,20231023-20240520,0,0,fair,C
AIMS,2023-11-02T11:45:00Z,02S06,STIC,SP,21064680,53.8195520835,4.8311111111111105,20231023-20240520,0,0,fair,C
AIMS,2023-11-02T12:00:00Z,02S06,STIC,SP,21064680,53.8195520835,4.622777777777776,20231023-20240520,0,0,fair,C
AIMS,2023-11-02T12:15:00Z,02S06,STIC,SP,21064680,53.8195520835,4.415000000000002,20231023-20240520,0,0,fair,C
AIMS,2023-11-02T12:30:00Z,02S06,STIC,SP,21064680,53.8195520835,4.518888888888888,20231023-20240520,0,0,fair,C
AIMS,2023-11-02T12:45:00Z,02S06,STIC,SP,21064680,53.8195520835,4.518888888888888,20231023-20240520,0,0,fair,C
AIMS,2023-11-02T13:00:00Z,02S06,STIC,SP,21064680,53.8195520835,4.518888888888888,20231023-20240520,0,0,fair,C
AIMS,2023-11-02T13:15:00Z,02S06,STIC,SP,21064680,53.8195520835,4.622777777777776,20231023-20240520,0,0,fair,C
AIMS,2023-11-02T13:30:00Z,02S06,STIC,SP,21064680,53.8195520835,4.622777777777776,20231023-20240520,0,0,fair,C
AIMS,2023-11-02T13:45:00Z,02S06,STIC,SP,21064680,53.8195520835,4.8311111111111105,20231023-20240520,0,0,fair,C
AIMS,2023-11-02T14:00:00Z,02S06,STIC,SP,21064680,53.8195520835,5.14111111111111,20231023-20240520,0,0,fair,C
AIMS,2023-11-02T14:15:00Z,02S06,STIC,SP,21064680,53.8195520835,5.552222222222222,20231023-20240520,0,0,fair,C
AIMS,2023-11-02T14:30:00Z,02S06,STIC,SP,21064680,53.8195520835,6.267777777777775,20231023-20240520,0,0,fair,C
AIMS,2023-11-02T14:45:00Z,02S06,STIC,SP,21064680,64.5834625002,6.877222222222222,20231023-20240520,0,0,fair,C
AIMS,2023-11-02T15:00:00Z,02S06,STIC,SP,21064680,64.5834625002,7.381111111111112,20231023-20240520,0,0,fair,C
AIMS,2023-11-02T15:15:00Z,02S06,STIC,SP,21064680,64.5834625002,8.182222222222224,20231023-20240520,0,0,fair,C
AIMS,2023-11-02T15:30:00Z,02S06,STIC,SP,21064680,64.5834625002,8.778888888888888,20231023-20240520,0,0,fair,C
AIMS,2023-11-02T15:45:00Z,02S06,STIC,SP,21064680,64.5834625002,9.372777777777781,20231023-20240520,0,0,fair,C
AIMS,2023-11-02T16:00:00Z,02S06,STIC,SP,21064680,64.5834625002,9.965000000000002,20231023-20240520,0,0,fair,C
AIMS,2023-11-02T16:15:00Z,02S06,STIC,SP,21064680,64.5834625002,11.041111111111109,20231023-20240520,0,0,fair,C
AIMS,2023-11-02T16:30:00Z,02S06,STIC,SP,21064680,64.5834625002,11.916111111111109,20231023-20240520,0,0,fair,C
AIMS,2023-11-02T16:45:00Z,02S06,STIC,SP,21064680,75.34737291689999,13.65388888888889,20231023-20240520,0,0,fair,C
AIMS,2023-11-02T17:00:00Z,02S06,STIC,SP,21064680,86.1112833336,15.282222222222224,20231023-20240520,0,0,fair,C
AIMS,2023-11-02T17:15:00Z,02S06,STIC,SP,21064680,96.8751937503,16.046111111111113,20231023-20240520,0,0,fair,C
AIMS,2023-11-02T17:30:00Z,02S06,STIC,SP,21064680,107.639104167,16.617777777777782,20231023-20240520,0,0,fair,C
AIMS,2023-11-02T17:45:00Z,02S06,STIC,SP,21064680,129.1669250004,18.23611111111111,20231023-20240520,0,0,fair,C
AIMS,2023-11-02T18:00:00Z,02S06,STIC,SP,21064680,150.69474583379997,19.662222222222216,20231023-20240520,0,0,fair,C
AIMS,2023-11-02T18:15:00Z,02S06,STIC,SP,21064680,193.75038750060003,20.518888888888892,20231023-20240520,0,0,fair,C
AIMS,2023-11-02T18:30:00Z,02S06,STIC,SP,21064680,172.2225666672,21.282222222222217,20231023-20240520,0,0,fair,C
AIMS,2023-11-02T18:45:00Z,02S06,STIC,SP,21064680,150.69474583379997,21.95111111111111,20231023-20240520,0,0,fair,C
AIMS,2023-11-02T19:00:00Z,02S06,STIC,SP,21064680,0,22.33277777777778,20231023-20240520,0,0,fair,C
AIMS,2023-11-02T19:15:00Z,02S06,STIC,SP,21064680,0,22.717222222222222,20231023-20240520,0,0,fair,C
AIMS,2023-11-02T19:30:00Z,02S06,STIC,SP,21064680,0,22.907777777777774,20231023-20240520,0,0,fair,C
AIMS,2023-11-02T19:45:00Z,02S06,STIC,SP,21064680,0,22.907777777777774,20231023-20240520,0,0,fair,C
AIMS,2023-11-02T20:00:00Z,02S06,STIC,SP,21064680,0,21.472777777777775,20231023-20240520,0,0,fair,C
AIMS,2023-11-02T20:15:00Z,02S06,STIC,SP,21064680,0,21.282222222222217,20231023-20240520,0,0,fair,C
AIMS,2023-11-02T20:30:00Z,02S06,STIC,SP,21064680,0,21.472777777777775,20231023-20240520,0,0,fair,C
AIMS,2023-11-02T20:45:00Z,02S06,STIC,SP,21064680,0,21.282222222222217,20231023-20240520,0,0,fair,C
AIMS,2023-11-02T21:00:00Z,02S06,STIC,SP,21064680,0,21.37777777777778,20231023-20240520,0,0,fair,C
AIMS,2023-11-02T21:15:00Z,02S06,STIC,SP,21064680,0,21.76,20231023-20240520,0,0,fair,C
AIMS,2023-11-02T21:30:00Z,02S06,STIC,SP,21064680,0,21.09111111111111,20231023-20240520,0,0,fair,C
AIMS,2023-11-02T21:45:00Z,02S06,STIC,SP,21064680,0,19.662222222222216,20231023-20240520,0,0,fair,C
AIMS,2023-11-02T22:00:00Z,02S06,STIC,SP,21064680,0,17.76,20231023-20240520,0,0,fair,C
AIMS,2023-11-02T22:15:00Z,02S06,STIC,SP,21064680,0,16.427222222222223,20231023-20240520,0,0,fair,C
AIMS,2023-11-02T22:30:00Z,02S06,STIC,SP,21064680,0,15.472777777777775,20231023-20240520,0,0,fair,C
AIMS,2023-11-02T22:45:00Z,02S06,STIC,SP,21064680,0,14.9,20231023-20240520,0,0,fair,C
AIMS,2023-11-02T23:00:00Z,02S06,STIC,SP,21064680,0,14.229999999999999,20231023-20240520,0,0,fair,C
AIMS,2023-11-02T23:15:00Z,02S06,STIC,SP,21064680,0,13.65388888888889,20231023-20240520,0,0,fair,C
AIMS,2023-11-02T23:30:00Z,02S06,STIC,SP,21064680,0,13.076111111111109,20231023-20240520,0,0,fair,C
AIMS,2023-11-02T23:45:00Z,02S06,STIC,SP,21064680,0,12.40111111111111,20231023-20240520,0,0,fair,C
AIMS,2023-11-03T00:00:00Z,02S06,STIC,SP,21064680,0,11.818888888888887,20231023-20240520,0,0,fair,C
AIMS,2023-11-03T00:15:00Z,02S06,STIC,SP,21064680,0,11.431111111111111,20231023-20240520,0,0,fair,C
AIMS,2023-11-03T00:30:00Z,02S06,STIC,SP,21064680,0,11.138888888888888,20231023-20240520,0,0,fair,C
AIMS,2023-11-03T00:45:00Z,02S06,STIC,SP,21064680,0,11.041111111111109,20231023-20240520,0,0,fair,C
AIMS,2023-11-03T01:00:00Z,02S06,STIC,SP,21064680,0,10.747777777777772,20231023-20240520,0,0,fair,C
AIMS,2023-11-03T01:15:00Z,02S06,STIC,SP,21064680,0,10.552777777777775,20231023-20240520,0,0,fair,C
AIMS,2023-11-03T01:30:00Z,02S06,STIC,SP,21064680,0,10.062777777777775,20231023-20240520,0,0,fair,C
AIMS,2023-11-03T01:45:00Z,02S06,STIC,SP,21064680,0,9.965000000000002,20231023-20240520,0,0,fair,C
AIMS,2023-11-03T02:00:00Z,02S06,STIC,SP,21064680,0,9.866111111111111,20231023-20240520,0,0,fair,C
AIMS,2023-11-03T02:15:00Z,02S06,STIC,SP,21064680,0,9.866111111111111,20231023-20240520,0,0,fair,C
AIMS,2023-11-03T02:30:00Z,02S06,STIC,SP,21064680,0,9.866111111111111,20231023-20240520,0,0,fair,C
AIMS,2023-11-03T02:45:00Z,02S06,STIC,SP,21064680,0,9.767777777777773,20231023-20240520,0,0,fair,C
AIMS,2023-11-03T03:00:00Z,02S06,STIC,SP,21064680,0,9.866111111111111,20231023-20240520,0,0,fair,C
AIMS,2023-11-03T03:15:00Z,02S06,STIC,SP,21064680,0,9.866111111111111,20231023-20240520,0,0,fair,C
AIMS,2023-11-03T03:30:00Z,02S06,STIC,SP,21064680,0,9.866111111111111,20231023-20240520,0,0,fair,C
AIMS,2023-11-03T03:45:00Z,02S06,STIC,SP,21064680,0,9.767777777777773,20231023-20240520,0,0,fair,C
AIMS,2023-11-03T04:00:00Z,02S06,STIC,SP,21064680,0,9.57111111111111,20231023-20240520,0,0,fair,C
AIMS,2023-11-03T04:15:00Z,02S06,STIC,SP,21064680,0,9.472222222222221,20231023-20240520,0,0,fair,C
AIMS,2023-11-03T04:30:00Z,02S06,STIC,SP,21064680,0,9.372777777777781,20231023-20240520,0,0,fair,C
AIMS,2023-11-03T04:45:00Z,02S06,STIC,SP,21064680,0,9.275,20231023-20240520,0,0,fair,C
AIMS,2023-11-03T05:00:00Z,02S06,STIC,SP,21064680,0,9.17611111111111,20231023-20240520,0,0,fair,C
AIMS,2023-11-03T05:15:00Z,02S06,STIC,SP,21064680,0,9.17611111111111,20231023-20240520,0,0,fair,C
AIMS,2023-11-03T05:30:00Z,02S06,STIC,SP,21064680,0,9.17611111111111,20231023-20240520,0,0,fair,C
AIMS,2023-11-03T05:45:00Z,02S06,STIC,SP,21064680,10.7639104167,9.077222222222222,20231023-20240520,0,0,fair,C
AIMS,2023-11-03T06:00:00Z,02S06,STIC,SP,21064680,10.7639104167,8.977777777777774,20231023-20240520,0,0,fair,C
AIMS,2023-11-03T06:15:00Z,02S06,STIC,SP,21064680,10.7639104167,8.87888888888889,20231023-20240520,0,0,fair,C
AIMS,2023-11-03T06:30:00Z,02S06,STIC,SP,21064680,10.7639104167,8.977777777777774,20231023-20240520,0,0,fair,C
AIMS,2023-11-03T06:45:00Z,02S06,STIC,SP,21064680,10.7639104167,9.077222222222222,20231023-20240520,0,0,fair,C
AIMS,2023-11-03T07:00:00Z,02S06,STIC,SP,21064680,10.7639104167,9.077222222222222,20231023-20240520,0,0,fair,C
AIMS,2023-11-03T07:15:00Z,02S06,STIC,SP,21064680,0,9.077222222222222,20231023-20240520,0,0,fair,C
AIMS,2023-11-03T07:30:00Z,02S06,STIC,SP,21064680,0,8.977777777777774,20231023-20240520,0,0,fair,C
AIMS,2023-11-03T07:45:00Z,02S06,STIC,SP,21064680,0,8.977777777777774,20231023-20240520,0,0,fair,C
AIMS,2023-11-03T08:00:00Z,02S06,STIC,SP,21064680,10.7639104167,8.87888888888889,20231023-20240520,0,0,fair,C
AIMS,2023-11-03T08:15:00Z,02S06,STIC,SP,21064680,10.7639104167,8.778888888888888,20231023-20240520,0,0,fair,C
AIMS,2023-11-03T08:30:00Z,02S06,STIC,SP,21064680,10.7639104167,8.778888888888888,20231023-20240520,0,0,fair,C
AIMS,2023-11-03T08:45:00Z,02S06,STIC,SP,21064680,10.7639104167,8.778888888888888,20231023-20240520,0,0,fair,C
AIMS,2023-11-03T09:00:00Z,02S06,STIC,SP,21064680,10.7639104167,8.778888888888888,20231023-20240520,0,0,fair,C
AIMS,2023-11-03T09:15:00Z,02S06,STIC,SP,21064680,10.7639104167,8.87888888888889,20231023-20240520,0,0,fair,C
AIMS,2023-11-03T09:30:00Z,02S06,STIC,SP,21064680,10.7639104167,8.977777777777774,20231023-20240520,0,0,fair,C
AIMS,2023-11-03T09:45:00Z,02S06,STIC,SP,21064680,10.7639104167,8.87888888888889,20231023-20240520,0,0,fair,C
AIMS,2023-11-03T10:00:00Z,02S06,STIC,SP,21064680,0,8.778888888888888,20231023-20240520,0,0,fair,C
AIMS,2023-11-03T10:15:00Z,02S06,STIC,SP,21064680,0,8.778888888888888,20231023-20240520,0,0,fair,C
AIMS,2023-11-03T10:30:00Z,02S06,STIC,SP,21064680,0,8.778888888888888,20231023-20240520,0,0,fair,C
AIMS,2023-11-03T10:45:00Z,02S06,STIC,SP,21064680,0,8.87888888888889,20231023-20240520,0,0,fair,C
AIMS,2023-11-03T11:00:00Z,02S06,STIC,SP,21064680,0,8.778888888888888,20231023-20240520,0,0,fair,C
AIMS,2023-11-03T11:15:00Z,02S06,STIC,SP,21064680,0,8.581111111111108,20231023-20240520,0,0,fair,C
AIMS,2023-11-03T11:30:00Z,02S06,STIC,SP,21064680,0,8.581111111111108,20231023-20240520,0,0,fair,C
AIMS,2023-11-03T11:45:00Z,02S06,STIC,SP,21064680,0,8.778888888888888,20231023-20240520,0,0,fair,C
AIMS,2023-11-03T12:00:00Z,02S06,STIC,SP,21064680,10.7639104167,8.977777777777774,20231023-20240520,0,0,fair,C
AIMS,2023-11-03T12:15:00Z,02S06,STIC,SP,21064680,10.7639104167,9.077222222222222,20231023-20240520,0,0,fair,C
AIMS,2023-11-03T12:30:00Z,02S06,STIC,SP,21064680,10.7639104167,9.17611111111111,20231023-20240520,0,0,fair,C
AIMS,2023-11-03T12:45:00Z,02S06,STIC,SP,21064680,0,9.077222222222222,20231023-20240520,0,0,fair,C
AIMS,2023-11-03T13:00:00Z,02S06,STIC,SP,21064680,10.7639104167,8.68,20231023-20240520,0,0,fair,C
AIMS,2023-11-03T13:15:00Z,02S06,STIC,SP,21064680,0,8.581111111111108,20231023-20240520,0,0,fair,C
AIMS,2023-11-03T13:30:00Z,02S06,STIC,SP,21064680,10.7639104167,8.68,20231023-20240520,0,0,fair,C
AIMS,2023-11-03T13:45:00Z,02S06,STIC,SP,21064680,0,8.68,20231023-20240520,0,0,fair,C
AIMS,2023-11-03T14:00:00Z,02S06,STIC,SP,21064680,0,8.778888888888888,20231023-20240520,0,0,fair,C
AIMS,2023-11-03T14:15:00Z,02S06,STIC,SP,21064680,0,8.977777777777774,20231023-20240520,0,0,fair,C
AIMS,2023-11-03T14:30:00Z,02S06,STIC,SP,21064680,0,9.372777777777781,20231023-20240520,0,0,fair,C
AIMS,2023-11-03T14:45:00Z,02S06,STIC,SP,21064680,0,9.866111111111111,20231023-20240520,0,0,fair,C
AIMS,2023-11-03T15:00:00Z,02S06,STIC,SP,21064680,0,10.357222222222227,20231023-20240520,0,0,fair,C
AIMS,2023-11-03T15:15:00Z,02S06,STIC,SP,21064680,0,10.943888888888887,20231023-20240520,0,0,fair,C
AIMS,2023-11-03T15:30:00Z,02S06,STIC,SP,21064680,0,11.625,20231023-20240520,0,0,fair,C
AIMS,2023-11-03T15:45:00Z,02S06,STIC,SP,21064680,10.7639104167,12.40111111111111,20231023-20240520,0,0,fair,C
AIMS,2023-11-03T16:00:00Z,02S06,STIC,SP,21064680,0,13.65388888888889,20231023-20240520,0,0,fair,C
AIMS,2023-11-03T16:15:00Z,02S06,STIC,SP,21064680,0,14.9,20231023-20240520,0,0,fair,C
AIMS,2023-11-03T16:30:00Z,02S06,STIC,SP,21064680,0,15.09111111111111,20231023-20240520,0,0,fair,C
AIMS,2023-11-03T16:45:00Z,02S06,STIC,SP,21064680,0,15.66388888888889,20231023-20240520,0,0,fair,C
AIMS,2023-11-03T17:00:00Z,02S06,STIC,SP,21064680,0,17.474999999999994,20231023-20240520,0,0,fair,C
AIMS,2023-11-03T17:15:00Z,02S06,STIC,SP,21064680,0,18.23611111111111,20231023-20240520,0,0,fair,C
AIMS,2023-11-03T17:30:00Z,02S06,STIC,SP,21064680,0,18.331111111111106,20231023-20240520,0,0,fair,C
AIMS,2023-11-03T17:45:00Z,02S06,STIC,SP,21064680,0,18.426111111111112,20231023-20240520,0,0,fair,C
AIMS,2023-11-03T18:00:00Z,02S06,STIC,SP,21064680,0,18.71111111111112,20231023-20240520,0,0,fair,C
AIMS,2023-11-03T18:15:00Z,02S06,STIC,SP,21064680,0,20.042777777777772,20231023-20240520,0,0,fair,C
AIMS,2023-11-03T18:30:00Z,02S06,STIC,SP,21064680,0,19.092222222222215,20231023-20240520,0,0,fair,C
AIMS,2023-11-03T18:45:00Z,02S06,STIC,SP,21064680,0,19.18722222222222,20231023-20240520,0,0,fair,C
AIMS,2023-11-03T19:00:00Z,02S06,STIC,SP,21064680,0,19.947777777777777,20231023-20240520,0,0,fair,C
AIMS,2023-11-03T19:15:00Z,02S06,STIC,SP,21064680,0,18.99611111111111,20231023-20240520,0,0,fair,C
AIMS,2023-11-03T19:30:00Z,02S06,STIC,SP,21064680,0,18.044999999999998,20231023-20240520,0,0,fair,C
AIMS,2023-11-03T19:45:00Z,02S06,STIC,SP,21064680,0,17.474999999999994,20231023-20240520,0,0,fair,C
AIMS,2023-11-03T20:00:00Z,02S06,STIC,SP,21064680,0,16.902777777777775,20231023-20240520,0,0,fair,C
AIMS,2023-11-03T20:15:00Z,02S06,STIC,SP,21064680,0,17.18888888888889,20231023-20240520,0,0,fair,C
AIMS,2023-11-03T20:30:00Z,02S06,STIC,SP,21064680,0,17.283888888888885,20231023-20240520,0,0,fair,C
AIMS,2023-11-03T20:45:00Z,02S06,STIC,SP,21064680,0,17.378888888888888,20231023-20240520,0,0,fair,C
AIMS,2023-11-03T21:00:00Z,02S06,STIC,SP,21064680,0,17.474999999999994,20231023-20240520,0,0,fair,C
AIMS,2023-11-03T21:15:00Z,02S06,STIC,SP,21064680,0,18.23611111111111,20231023-20240520,0,0,fair,C
AIMS,2023-11-03T21:30:00Z,02S06,STIC,SP,21064680,0,17.855,20231023-20240520,0,0,fair,C
AIMS,2023-11-03T21:45:00Z,02S06,STIC,SP,21064680,0,17.378888888888888,20231023-20240520,0,0,fair,C
AIMS,2023-11-03T22:00:00Z,02S06,STIC,SP,21064680,0,16.99888888888889,20231023-20240520,0,0,fair,C
AIMS,2023-11-03T22:15:00Z,02S06,STIC,SP,21064680,0,16.712777777777774,20231023-20240520,0,0,fair,C
AIMS,2023-11-03T22:30:00Z,02S06,STIC,SP,21064680,0,16.427222222222223,20231023-20240520,0,0,fair,C
AIMS,2023-11-03T22:45:00Z,02S06,STIC,SP,21064680,0,16.046111111111113,20231023-20240520,0,0,fair,C
AIMS,2023-11-03T23:00:00Z,02S06,STIC,SP,21064680,0,15.09111111111111,20231023-20240520,0,0,fair,C
AIMS,2023-11-03T23:15:00Z,02S06,STIC,SP,21064680,0,13.94222222222222,20231023-20240520,0,0,fair,C
AIMS,2023-11-03T23:30:00Z,02S06,STIC,SP,21064680,0,13.172777777777775,20231023-20240520,0,0,fair,C
AIMS,2023-11-03T23:45:00Z,02S06,STIC,SP,21064680,0,12.59388888888889,20231023-20240520,0,0,fair,C
AIMS,2023-11-04T00:00:00Z,02S06,STIC,SP,21064680,0,11.916111111111109,20231023-20240520,0,0,fair,C
AIMS,2023-11-04T00:15:00Z,02S06,STIC,SP,21064680,0,10.84611111111111,20231023-20240520,0,0,fair,C
AIMS,2023-11-04T00:30:00Z,02S06,STIC,SP,21064680,0,9.965000000000002,20231023-20240520,0,0,fair,C
AIMS,2023-11-04T00:45:00Z,02S06,STIC,SP,21064680,0,9.57111111111111,20231023-20240520,0,0,fair,C
AIMS,2023-11-04T01:00:00Z,02S06,STIC,SP,21064680,10.7639104167,9.17611111111111,20231023-20240520,0,0,fair,C
AIMS,2023-11-04T01:15:00Z,02S06,STIC,SP,21064680,10.7639104167,8.977777777777774,20231023-20240520,0,0,fair,C
AIMS,2023-11-04T01:30:00Z,02S06,STIC,SP,21064680,10.7639104167,8.778888888888888,20231023-20240520,0,0,fair,C
AIMS,2023-11-04T01:45:00Z,02S06,STIC,SP,21064680,21.5278208334,8.87888888888889,20231023-20240520,0,0,fair,C
AIMS,2023-11-04T02:00:00Z,02S06,STIC,SP,21064680,21.5278208334,9.275,20231023-20240520,0,0,fair,C
AIMS,2023-11-04T02:15:00Z,02S06,STIC,SP,21064680,21.5278208334,9.472222222222221,20231023-20240520,0,0,fair,C
AIMS,2023-11-04T02:30:00Z,02S06,STIC,SP,21064680,21.5278208334,9.17611111111111,20231023-20240520,0,0,fair,C
AIMS,2023-11-04T02:45:00Z,02S06,STIC,SP,21064680,21.5278208334,8.87888888888889,20231023-20240520,0,0,fair,C
AIMS,2023-11-04T03:00:00Z,02S06,STIC,SP,21064680,21.5278208334,9.17611111111111,20231023-20240520,0,0,fair,C
AIMS,2023-11-04T03:15:00Z,02S06,STIC,SP,21064680,32.29173125010001,9.372777777777781,20231023-20240520,0,0,fair,C
AIMS,2023-11-04T03:30:00Z,02S06,STIC,SP,21064680,32.29173125010001,9.275,20231023-20240520,0,0,fair,C
AIMS,2023-11-04T03:45:00Z,02S06,STIC,SP,21064680,32.29173125010001,9.077222222222222,20231023-20240520,0,0,fair,C
AIMS,2023-11-04T04:00:00Z,02S06,STIC,SP,21064680,32.29173125010001,9.077222222222222,20231023-20240520,0,0,fair,C
AIMS,2023-11-04T04:15:00Z,02S06,STIC,SP,21064680,32.29173125010001,8.778888888888888,20231023-20240520,0,0,fair,C
AIMS,2023-11-04T04:30:00Z,02S06,STIC,SP,21064680,64.5834625002,8.282222222222224,20231023-20240520,0,0,fair,C
AIMS,2023-11-04T04:45:00Z,02S06,STIC,SP,21064680,64.5834625002,7.882222222222223,20231023-20240520,0,0,fair,C
AIMS,2023-11-04T05:00:00Z,02S06,STIC,SP,21064680,86.1112833336,7.582222222222225,20231023-20240520,0,0,fair,C
AIMS,2023-11-04T05:15:00Z,02S06,STIC,SP,21064680,75.34737291689999,7.882222222222223,20231023-20240520,0,0,fair,C
AIMS,2023-11-04T05:30:00Z,02S06,STIC,SP,21064680,75.34737291689999,8.382222222222223,20231023-20240520,0,0,fair,C
AIMS,2023-11-04T05:45:00Z,02S06,STIC,SP,21064680,75.34737291689999,8.778888888888888,20231023-20240520,0,0,fair,C
AIMS,2023-11-04T06:00:00Z,02S06,STIC,SP,21064680,75.34737291689999,9.077222222222222,20231023-20240520,0,0,fair,C
AIMS,2023-11-04T06:15:00Z,02S06,STIC,SP,21064680,96.8751937503,9.275,20231023-20240520,0,0,fair,C
AIMS,2023-11-04T06:30:00Z,02S06,STIC,SP,21064680,96.8751937503,9.275,20231023-20240520,0,0,fair,C
AIMS,2023-11-04T06:45:00Z,02S06,STIC,SP,21064680,107.639104167,9.275,20231023-20240520,0,0,fair,C
AIMS,2023-11-04T07:00:00Z,02S06,STIC,SP,21064680,96.8751937503,9.372777777777781,20231023-20240520,0,0,fair,C
AIMS,2023-11-04T07:15:00Z,02S06,STIC,SP,21064680,96.8751937503,8.977777777777774,20231023-20240520,0,0,fair,C
AIMS,2023-11-04T07:30:00Z,02S06,STIC,SP,21064680,96.8751937503,8.581111111111108,20231023-20240520,0,0,fair,C
AIMS,2023-11-04T07:45:00Z,02S06,STIC,SP,21064680,96.8751937503,8.382222222222223,20231023-20240520,0,0,fair,C
AIMS,2023-11-04T08:00:00Z,02S06,STIC,SP,21064680,96.8751937503,7.982777777777778,20231023-20240520,0,0,fair,C
AIMS,2023-11-04T08:15:00Z,02S06,STIC,SP,21064680,96.8751937503,7.982777777777778,20231023-20240520,0,0,fair,C
AIMS,2023-11-04T08:30:00Z,02S06,STIC,SP,21064680,96.8751937503,7.882222222222223,20231023-20240520,0,0,fair,C
AIMS,2023-11-04T08:45:00Z,02S06,STIC,SP,21064680,86.1112833336,7.682222222222225,20231023-20240520,0,0,fair,C
AIMS,2023-11-04T09:00:00Z,02S06,STIC,SP,21064680,53.8195520835,7.682222222222225,20231023-20240520,0,0,fair,C
AIMS,2023-11-04T09:15:00Z,02S06,STIC,SP,21064680,53.8195520835,7.682222222222225,20231023-20240520,0,0,fair,C
AIMS,2023-11-04T09:30:00Z,02S06,STIC,SP,21064680,43.05564166679999,7.782222222222226,20231023-20240520,0,0,fair,C
AIMS,2023-11-04T09:45:00Z,02S06,STIC,SP,21064680,53.8195520835,8.282222222222224,20231023-20240520,0,0,fair,C
AIMS,2023-11-04T10:00:00Z,02S06,STIC,SP,21064680,53.8195520835,8.68,20231023-20240520,0,0,fair,C
AIMS,2023-11-04T10:15:00Z,02S06,STIC,SP,21064680,53.8195520835,8.778888888888888,20231023-20240520,0,0,fair,C
AIMS,2023-11-04T10:30:00Z,02S06,STIC,SP,21064680,64.5834625002,8.87888888888889,20231023-20240520,0,0,fair,C
AIMS,2023-11-04T10:45:00Z,02S06,STIC,SP,21064680,64.5834625002,9.275,20231023-20240520,0,0,fair,C
AIMS,2023-11-04T11:00:00Z,02S06,STIC,SP,21064680,64.5834625002,9.767777777777773,20231023-20240520,0,0,fair,C
AIMS,2023-11-04T11:15:00Z,02S06,STIC,SP,21064680,43.05564166679999,9.866111111111111,20231023-20240520,0,0,fair,C
AIMS,2023-11-04T11:30:00Z,02S06,STIC,SP,21064680,43.05564166679999,9.965000000000002,20231023-20240520,0,0,fair,C
AIMS,2023-11-04T11:45:00Z,02S06,STIC,SP,21064680,43.05564166679999,10.062777777777775,20231023-20240520,0,0,fair,C
AIMS,2023-11-04T12:00:00Z,02S06,STIC,SP,21064680,43.05564166679999,9.965000000000002,20231023-20240520,0,0,fair,C
AIMS,2023-11-04T12:15:00Z,02S06,STIC,SP,21064680,43.05564166679999,9.767777777777773,20231023-20240520,0,0,fair,C
AIMS,2023-11-04T12:30:00Z,02S06,STIC,SP,21064680,43.05564166679999,9.767777777777773,20231023-20240520,0,0,fair,C
AIMS,2023-11-04T12:45:00Z,02S06,STIC,SP,21064680,43.05564166679999,9.57111111111111,20231023-20240520,0,0,fair,C
AIMS,2023-11-04T13:00:00Z,02S06,STIC,SP,21064680,43.05564166679999,9.472222222222221,20231023-20240520,0,0,fair,C
AIMS,2023-11-04T13:15:00Z,02S06,STIC,SP,21064680,43.05564166679999,9.57111111111111,20231023-20240520,0,0,fair,C
AIMS,2023-11-04T13:30:00Z,02S06,STIC,SP,21064680,43.05564166679999,9.767777777777773,20231023-20240520,0,0,fair,C
AIMS,2023-11-04T13:45:00Z,02S06,STIC,SP,21064680,43.05564166679999,9.866111111111111,20231023-20240520,0,0,fair,C
AIMS,2023-11-04T14:00:00Z,02S06,STIC,SP,21064680,43.05564166679999,10.161111111111108,20231023-20240520,0,0,fair,C
AIMS,2023-11-04T14:15:00Z,02S06,STIC,SP,21064680,43.05564166679999,10.552777777777775,20231023-20240520,0,0,fair,C
AIMS,2023-11-04T14:30:00Z,02S06,STIC,SP,21064680,43.05564166679999,10.943888888888887,20231023-20240520,0,0,fair,C
AIMS,2023-11-04T14:45:00Z,02S06,STIC,SP,21064680,43.05564166679999,11.527777777777779,20231023-20240520,0,0,fair,C
AIMS,2023-11-04T15:00:00Z,02S06,STIC,SP,21064680,43.05564166679999,12.11,20231023-20240520,0,0,fair,C
AIMS,2023-11-04T15:15:00Z,02S06,STIC,SP,21064680,43.05564166679999,12.69,20231023-20240520,0,0,fair,C
AIMS,2023-11-04T15:30:00Z,02S06,STIC,SP,21064680,53.8195520835,13.076111111111109,20231023-20240520,0,0,fair,C
AIMS,2023-11-04T15:45:00Z,02S06,STIC,SP,21064680,53.8195520835,12.882777777777775,20231023-20240520,0,0,fair,C
AIMS,2023-11-04T16:00:00Z,02S06,STIC,SP,21064680,53.8195520835,12.882777777777775,20231023-20240520,0,0,fair,C
AIMS,2023-11-04T16:15:00Z,02S06,STIC,SP,21064680,43.05564166679999,12.59388888888889,20231023-20240520,0,0,fair,C
AIMS,2023-11-04T16:30:00Z,02S06,STIC,SP,21064680,43.05564166679999,12.30388888888889,20231023-20240520,0,0,fair,C
AIMS,2023-11-04T16:45:00Z,02S06,STIC,SP,21064680,43.05564166679999,12.882777777777775,20231023-20240520,0,0,fair,C
AIMS,2023-11-04T17:00:00Z,02S06,STIC,SP,21064680,43.05564166679999,13.076111111111109,20231023-20240520,0,0,fair,C
AIMS,2023-11-04T17:15:00Z,02S06,STIC,SP,21064680,43.05564166679999,12.882777777777775,20231023-20240520,0,0,fair,C
AIMS,2023-11-04T17:30:00Z,02S06,STIC,SP,21064680,43.05564166679999,13.076111111111109,20231023-20240520,0,0,fair,C
AIMS,2023-11-04T17:45:00Z,02S06,STIC,SP,21064680,43.05564166679999,13.75,20231023-20240520,0,0,fair,C
AIMS,2023-11-04T18:00:00Z,02S06,STIC,SP,21064680,43.05564166679999,14.229999999999999,20231023-20240520,0,0,fair,C
AIMS,2023-11-04T18:15:00Z,02S06,STIC,SP,21064680,43.05564166679999,14.9,20231023-20240520,0,0,fair,C
AIMS,2023-11-04T18:30:00Z,02S06,STIC,SP,21064680,43.05564166679999,15.855000000000002,20231023-20240520,0,0,fair,C
AIMS,2023-11-04T18:45:00Z,02S06,STIC,SP,21064680,43.05564166679999,16.902777777777775,20231023-20240520,0,0,fair,C
AIMS,2023-11-04T19:00:00Z,02S06,STIC,SP,21064680,32.29173125010001,17.57,20231023-20240520,0,0,fair,C
AIMS,2023-11-04T19:15:00Z,02S06,STIC,SP,21064680,21.5278208334,17.283888888888885,20231023-20240520,0,0,fair,C
AIMS,2023-11-04T19:30:00Z,02S06,STIC,SP,21064680,10.7639104167,17.57,20231023-20240520,0,0,fair,C
AIMS,2023-11-04T19:45:00Z,02S06,STIC,SP,21064680,0,17.283888888888885,20231023-20240520,0,0,fair,C
AIMS,2023-11-04T20:00:00Z,02S06,STIC,SP,21064680,0,16.902777777777775,20231023-20240520,0,0,fair,C
AIMS,2023-11-04T20:15:00Z,02S06,STIC,SP,21064680,0,16.522777777777772,20231023-20240520,0,0,fair,C
AIMS,2023-11-04T20:30:00Z,02S06,STIC,SP,21064680,0,15.951111111111109,20231023-20240520,0,0,fair,C
AIMS,2023-11-04T20:45:00Z,02S06,STIC,SP,21064680,0,15.66388888888889,20231023-20240520,0,0,fair,C
AIMS,2023-11-04T21:00:00Z,02S06,STIC,SP,21064680,0,15.568888888888887,20231023-20240520,0,0,fair,C
AIMS,2023-11-04T21:15:00Z,02S06,STIC,SP,21064680,0,15.472777777777775,20231023-20240520,0,0,fair,C
AIMS,2023-11-04T21:30:00Z,02S06,STIC,SP,21064680,0,15.282222222222224,20231023-20240520,0,0,fair,C
AIMS,2023-11-04T21:45:00Z,02S06,STIC,SP,21064680,0,15.472777777777775,20231023-20240520,0,0,fair,C
AIMS,2023-11-04T22:00:00Z,02S06,STIC,SP,21064680,0,15.09111111111111,20231023-20240520,0,0,fair,C
AIMS,2023-11-04T22:15:00Z,02S06,STIC,SP,21064680,0,14.80388888888889,20231023-20240520,0,0,fair,C
AIMS,2023-11-04T22:30:00Z,02S06,STIC,SP,21064680,0,14.612777777777774,20231023-20240520,0,0,fair,C
AIMS,2023-11-04T22:45:00Z,02S06,STIC,SP,21064680,0,14.325000000000001,20231023-20240520,0,0,fair,C
AIMS,2023-11-04T23:00:00Z,02S06,STIC,SP,21064680,0,13.55777777777778,20231023-20240520,0,0,fair,C
AIMS,2023-11-04T23:15:00Z,02S06,STIC,SP,21064680,0,12.882777777777775,20231023-20240520,0,0,fair,C
AIMS,2023-11-04T23:30:00Z,02S06,STIC,SP,21064680,0,12.59388888888889,20231023-20240520,0,0,fair,C
AIMS,2023-11-04T23:45:00Z,02S06,STIC,SP,21064680,0,12.497222222222222,20231023-20240520,0,0,fair,C
AIMS,2023-11-05T00:00:00Z,02S06,STIC,SP,21064680,0,12.11,20231023-20240520,0,0,fair,C
AIMS,2023-11-05T00:15:00Z,02S06,STIC,SP,21064680,0,11.333888888888893,20231023-20240520,0,0,fair,C
AIMS,2023-11-05T00:30:00Z,02S06,STIC,SP,21064680,0,10.455000000000004,20231023-20240520,0,0,fair,C
AIMS,2023-11-05T00:45:00Z,02S06,STIC,SP,21064680,0,9.472222222222221,20231023-20240520,0,0,fair,C
AIMS,2023-11-05T01:00:00Z,02S06,STIC,SP,21064680,0,8.87888888888889,20231023-20240520,0,0,fair,C
AIMS,2023-11-05T01:15:00Z,02S06,STIC,SP,21064680,0,8.481111111111108,20231023-20240520,0,0,fair,C
AIMS,2023-11-05T01:30:00Z,02S06,STIC,SP,21064680,0,8.581111111111108,20231023-20240520,0,0,fair,C
AIMS,2023-11-05T01:45:00Z,02S06,STIC,SP,21064680,0,9.372777777777781,20231023-20240520,0,0,fair,C
AIMS,2023-11-05T02:00:00Z,02S06,STIC,SP,21064680,0,9.965000000000002,20231023-20240520,0,0,fair,C
AIMS,2023-11-05T02:15:00Z,02S06,STIC,SP,21064680,0,10.552777777777775,20231023-20240520,0,0,fair,C
AIMS,2023-11-05T02:30:00Z,02S06,STIC,SP,21064680,0,10.747777777777772,20231023-20240520,0,0,fair,C
AIMS,2023-11-05T02:45:00Z,02S06,STIC,SP,21064680,0,10.84611111111111,20231023-20240520,0,0,fair,C
AIMS,2023-11-05T03:00:00Z,02S06,STIC,SP,21064680,0,10.943888888888887,20231023-20240520,0,0,fair,C
AIMS,2023-11-05T03:15:00Z,02S06,STIC,SP,21064680,0,10.747777777777772,20231023-20240520,0,0,fair,C
AIMS,2023-11-05T03:30:00Z,02S06,STIC,SP,21064680,0,10.357222222222227,20231023-20240520,0,0,fair,C
AIMS,2023-11-05T03:45:00Z,02S06,STIC,SP,21064680,0,9.767777777777773,20231023-20240520,0,0,fair,C
AIMS,2023-11-05T04:00:00Z,02S06,STIC,SP,21064680,0,9.372777777777781,20231023-20240520,0,0,fair,C
AIMS,2023-11-05T04:15:00Z,02S06,STIC,SP,21064680,0,9.17611111111111,20231023-20240520,0,0,fair,C
AIMS,2023-11-05T04:30:00Z,02S06,STIC,SP,21064680,0,9.077222222222222,20231023-20240520,0,0,fair,C
AIMS,2023-11-05T04:45:00Z,02S06,STIC,SP,21064680,0,8.977777777777774,20231023-20240520,0,0,fair,C
AIMS,2023-11-05T05:00:00Z,02S06,STIC,SP,21064680,0,8.977777777777774,20231023-20240520,0,0,fair,C
AIMS,2023-11-05T05:15:00Z,02S06,STIC,SP,21064680,0,8.778888888888888,20231023-20240520,0,0,fair,C
AIMS,2023-11-05T05:30:00Z,02S06,STIC,SP,21064680,0,7.982777777777778,20231023-20240520,0,0,fair,C
AIMS,2023-11-05T05:45:00Z,02S06,STIC,SP,21064680,0,7.279999999999999,20231023-20240520,0,0,fair,C
AIMS,2023-11-05T06:00:00Z,02S06,STIC,SP,21064680,0,6.775,20231023-20240520,0,0,fair,C
AIMS,2023-11-05T06:15:00Z,02S06,STIC,SP,21064680,0,6.370000000000001,20231023-20240520,0,0,fair,C
AIMS,2023-11-05T06:30:00Z,02S06,STIC,SP,21064680,0,6.267777777777775,20231023-20240520,0,0,fair,C
AIMS,2023-11-05T06:45:00Z,02S06,STIC,SP,21064680,10.7639104167,6.063888888888887,20231023-20240520,0,0,fair,C
AIMS,2023-11-05T07:00:00Z,02S06,STIC,SP,21064680,10.7639104167,6.370000000000001,20231023-20240520,0,0,fair,C
AIMS,2023-11-05T07:15:00Z,02S06,STIC,SP,21064680,10.7639104167,6.267777777777775,20231023-20240520,0,0,fair,C
AIMS,2023-11-05T07:30:00Z,02S06,STIC,SP,21064680,10.7639104167,5.9622222222222225,20231023-20240520,0,0,fair,C
AIMS,2023-11-05T07:45:00Z,02S06,STIC,SP,21064680,10.7639104167,5.7572222222222225,20231023-20240520,0,0,fair,C
AIMS,2023-11-05T08:00:00Z,02S06,STIC,SP,21064680,10.7639104167,5.655,20231023-20240520,0,0,fair,C
AIMS,2023-11-05T08:15:00Z,02S06,STIC,SP,21064680,10.7639104167,6.1661111111111095,20231023-20240520,0,0,fair,C
AIMS,2023-11-05T08:30:00Z,02S06,STIC,SP,21064680,10.7639104167,7.078888888888887,20231023-20240520,0,0,fair,C
AIMS,2023-11-05T08:45:00Z,02S06,STIC,SP,21064680,0,6.673888888888888,20231023-20240520,0,0,fair,C
AIMS,2023-11-05T09:00:00Z,02S06,STIC,SP,21064680,10.7639104167,6.1661111111111095,20231023-20240520,0,0,fair,C
AIMS,2023-11-05T09:15:00Z,02S06,STIC,SP,21064680,21.5278208334,5.86,20231023-20240520,0,0,fair,C
AIMS,2023-11-05T09:30:00Z,02S06,STIC,SP,21064680,21.5278208334,5.7572222222222225,20231023-20240520,0,0,fair,C
AIMS,2023-11-05T09:45:00Z,02S06,STIC,SP,21064680,21.5278208334,5.7572222222222225,20231023-20240520,0,0,fair,C
AIMS,2023-11-05T10:00:00Z,02S06,STIC,SP,21064680,32.29173125010001,6.267777777777775,20231023-20240520,0,0,fair,C
AIMS,2023-11-05T10:15:00Z,02S06,STIC,SP,21064680,32.29173125010001,6.877222222222222,20231023-20240520,0,0,fair,C
AIMS,2023-11-05T10:30:00Z,02S06,STIC,SP,21064680,32.29173125010001,7.381111111111112,20231023-20240520,0,0,fair,C
AIMS,2023-11-05T10:45:00Z,02S06,STIC,SP,21064680,32.29173125010001,7.682222222222225,20231023-20240520,0,0,fair,C
AIMS,2023-11-05T11:00:00Z,02S06,STIC,SP,21064680,32.29173125010001,7.882222222222223,20231023-20240520,0,0,fair,C
AIMS,2023-11-05T11:15:00Z,02S06,STIC,SP,21064680,32.29173125010001,7.882222222222223,20231023-20240520,0,0,fair,C
AIMS,2023-11-05T11:30:00Z,02S06,STIC,SP,21064680,43.05564166679999,7.982777777777778,20231023-20240520,0,0,fair,C
AIMS,2023-11-05T11:45:00Z,02S06,STIC,SP,21064680,32.29173125010001,7.982777777777778,20231023-20240520,0,0,fair,C
AIMS,2023-11-05T12:00:00Z,02S06,STIC,SP,21064680,43.05564166679999,8.282222222222224,20231023-20240520,0,0,fair,C
AIMS,2023-11-05T12:15:00Z,02S06,STIC,SP,21064680,53.8195520835,8.581111111111108,20231023-20240520,0,0,fair,C
AIMS,2023-11-05T12:30:00Z,02S06,STIC,SP,21064680,53.8195520835,8.778888888888888,20231023-20240520,0,0,fair,C
AIMS,2023-11-05T12:45:00Z,02S06,STIC,SP,21064680,53.8195520835,8.778888888888888,20231023-20240520,0,0,fair,C
AIMS,2023-11-05T13:00:00Z,02S06,STIC,SP,21064680,53.8195520835,8.778888888888888,20231023-20240520,0,0,fair,C
AIMS,2023-11-05T13:15:00Z,02S06,STIC,SP,21064680,43.05564166679999,8.977777777777774,20231023-20240520,0,0,fair,C
AIMS,2023-11-05T13:30:00Z,02S06,STIC,SP,21064680,53.8195520835,9.077222222222222,20231023-20240520,0,0,fair,C
AIMS,2023-11-05T13:45:00Z,02S06,STIC,SP,21064680,43.05564166679999,9.372777777777781,20231023-20240520,0,0,fair,C
AIMS,2023-11-05T14:00:00Z,02S06,STIC,SP,21064680,53.8195520835,9.866111111111111,20231023-20240520,0,0,fair,C
AIMS,2023-11-05T14:15:00Z,02S06,STIC,SP,21064680,53.8195520835,10.552777777777775,20231023-20240520,0,0,fair,C
AIMS,2023-11-05T14:30:00Z,02S06,STIC,SP,21064680,53.8195520835,11.431111111111111,20231023-20240520,0,0,fair,C
AIMS,2023-11-05T14:45:00Z,02S06,STIC,SP,21064680,53.8195520835,12.30388888888889,20231023-20240520,0,0,fair,C
AIMS,2023-11-05T15:00:00Z,02S06,STIC,SP,21064680,53.8195520835,12.882777777777775,20231023-20240520,0,0,fair,C
AIMS,2023-11-05T15:15:00Z,02S06,STIC,SP,21064680,64.5834625002,13.461111111111107,20231023-20240520,0,0,fair,C
AIMS,2023-11-05T15:30:00Z,02S06,STIC,SP,21064680,64.5834625002,13.94222222222222,20231023-20240520,0,0,fair,C
AIMS,2023-11-05T15:45:00Z,02S06,STIC,SP,21064680,64.5834625002,14.421111111111108,20231023-20240520,0,0,fair,C
AIMS,2023-11-05T16:00:00Z,02S06,STIC,SP,21064680,75.34737291689999,15.472777777777775,20231023-20240520,0,0,fair,C
AIMS,2023-11-05T16:15:00Z,02S06,STIC,SP,21064680,96.8751937503,16.807777777777776,20231023-20240520,0,0,fair,C
AIMS,2023-11-05T16:30:00Z,02S06,STIC,SP,21064680,96.8751937503,18.331111111111106,20231023-20240520,0,0,fair,C
AIMS,2023-11-05T16:45:00Z,02S06,STIC,SP,21064680,96.8751937503,18.23611111111111,20231023-20240520,0,0,fair,C
AIMS,2023-11-05T17:00:00Z,02S06,STIC,SP,21064680,96.8751937503,18.426111111111112,20231023-20240520,0,0,fair,C
AIMS,2023-11-05T17:15:00Z,02S06,STIC,SP,21064680,96.8751937503,19.092222222222215,20231023-20240520,0,0,fair,C
AIMS,2023-11-05T17:30:00Z,02S06,STIC,SP,21064680,118.40301458370001,20.518888888888892,20231023-20240520,0,0,fair,C
AIMS,2023-11-05T17:45:00Z,02S06,STIC,SP,21064680,129.1669250004,21.855,20231023-20240520,0,0,fair,C
AIMS,2023-11-05T18:00:00Z,02S06,STIC,SP,21064680,139.9308354171,23.772777777777772,20231023-20240520,0,0,fair,C
AIMS,2023-11-05T18:15:00Z,02S06,STIC,SP,21064680,150.69474583379997,22.237777777777783,20231023-20240520,0,0,fair,C
AIMS,2023-11-05T18:30:00Z,02S06,STIC,SP,21064680,161.45865625050004,22.62111111111112,20231023-20240520,0,0,fair,C
AIMS,2023-11-05T18:45:00Z,02S06,STIC,SP,21064680,172.2225666672,23.58111111111111,20231023-20240520,0,0,fair,C
AIMS,2023-11-05T19:00:00Z,02S06,STIC,SP,21064680,172.2225666672,22.717222222222222,20231023-20240520,0,0,fair,C
AIMS,2023-11-05T19:15:00Z,02S06,STIC,SP,21064680,182.98647708390004,23.38777777777777,20231023-20240520,0,0,fair,C
AIMS,2023-11-05T19:30:00Z,02S06,STIC,SP,21064680,193.75038750060003,25.124999999999996,20231023-20240520,0,0,fair,C
AIMS,2023-11-05T19:45:00Z,02S06,STIC,SP,21064680,204.5142979173,24.544999999999998,20231023-20240520,0,0,fair,C
AIMS,2023-11-05T20:00:00Z,02S06,STIC,SP,21064680,150.69474583379997,23.003888888888888,20231023-20240520,0,0,fair,C
AIMS,2023-11-05T20:15:00Z,02S06,STIC,SP,21064680,150.69474583379997,22.428888888888892,20231023-20240520,0,0,fair,C
AIMS,2023-11-05T20:30:00Z,02S06,STIC,SP,21064680,150.69474583379997,23.003888888888888,20231023-20240520,0,0,fair,C
AIMS,2023-11-05T20:45:00Z,02S06,STIC,SP,21064680,150.69474583379997,22.717222222222222,20231023-20240520,0,0,fair,C
AIMS,2023-11-05T21:00:00Z,02S06,STIC,SP,21064680,150.69474583379997,22.142222222222216,20231023-20240520,0,0,fair,C
AIMS,2023-11-05T21:15:00Z,02S06,STIC,SP,21064680,150.69474583379997,21.37777777777778,20231023-20240520,0,0,fair,C
AIMS,2023-11-05T21:30:00Z,02S06,STIC,SP,21064680,150.69474583379997,20.805,20231023-20240520,0,0,fair,C
AIMS,2023-11-05T21:45:00Z,02S06,STIC,SP,21064680,139.9308354171,20.137777777777774,20231023-20240520,0,0,fair,C
AIMS,2023-11-05T22:00:00Z,02S06,STIC,SP,21064680,129.1669250004,19.662222222222216,20231023-20240520,0,0,fair,C
AIMS,2023-11-05T22:15:00Z,02S06,STIC,SP,21064680,129.1669250004,19.377222222222223,20231023-20240520,0,0,fair,C
AIMS,2023-11-05T22:30:00Z,02S06,STIC,SP,21064680,129.1669250004,18.99611111111111,20231023-20240520,0,0,fair,C
AIMS,2023-11-05T22:45:00Z,02S06,STIC,SP,21064680,129.1669250004,18.521111111111107,20231023-20240520,0,0,fair,C
AIMS,2023-11-05T23:00:00Z,02S06,STIC,SP,21064680,107.639104167,17.855,20231023-20240520,0,0,fair,C
AIMS,2023-11-05T23:15:00Z,02S06,STIC,SP,21064680,96.8751937503,17.283888888888885,20231023-20240520,0,0,fair,C
AIMS,2023-11-05T23:30:00Z,02S06,STIC,SP,21064680,96.8751937503,16.902777777777775,20231023-20240520,0,0,fair,C
AIMS,2023-11-05T23:45:00Z,02S06,STIC,SP,21064680,86.1112833336,16.522777777777772,20231023-20240520,0,0,fair,C
AIMS,2023-11-06T00:00:00Z,02S06,STIC,SP,21064680,86.1112833336,16.237222222222222,20231023-20240520,0,0,fair,C
AIMS,2023-11-06T00:15:00Z,02S06,STIC,SP,21064680,75.34737291689999,15.951111111111109,20231023-20240520,0,0,fair,C
AIMS,2023-11-06T00:30:00Z,02S06,STIC,SP,21064680,64.5834625002,15.76,20231023-20240520,0,0,fair,C
AIMS,2023-11-06T00:45:00Z,02S06,STIC,SP,21064680,64.5834625002,15.66388888888889,20231023-20240520,0,0,fair,C
AIMS,2023-11-06T01:00:00Z,02S06,STIC,SP,21064680,53.8195520835,15.568888888888887,20231023-20240520,0,0,fair,C
AIMS,2023-11-06T01:15:00Z,02S06,STIC,SP,21064680,53.8195520835,15.377777777777778,20231023-20240520,0,0,fair,C
AIMS,2023-11-06T01:30:00Z,02S06,STIC,SP,21064680,43.05564166679999,15.09111111111111,20231023-20240520,0,0,fair,C
AIMS,2023-11-06T01:45:00Z,02S06,STIC,SP,21064680,43.05564166679999,14.99611111111111,20231023-20240520,0,0,fair,C
AIMS,2023-11-06T02:00:00Z,02S06,STIC,SP,21064680,43.05564166679999,14.9,20231023-20240520,0,0,fair,C
AIMS,2023-11-06T02:15:00Z,02S06,STIC,SP,21064680,43.05564166679999,14.99611111111111,20231023-20240520,0,0,fair,C
AIMS,2023-11-06T02:30:00Z,02S06,STIC,SP,21064680,43.05564166679999,14.99611111111111,20231023-20240520,0,0,fair,C
AIMS,2023-11-06T02:45:00Z,02S06,STIC,SP,21064680,43.05564166679999,14.708888888888888,20231023-20240520,0,0,fair,C
AIMS,2023-11-06T03:00:00Z,02S06,STIC,SP,21064680,43.05564166679999,14.325000000000001,20231023-20240520,0,0,fair,C
AIMS,2023-11-06T03:15:00Z,02S06,STIC,SP,21064680,43.05564166679999,14.229999999999999,20231023-20240520,0,0,fair,C
AIMS,2023-11-06T03:30:00Z,02S06,STIC,SP,21064680,32.29173125010001,14.13388888888889,20231023-20240520,0,0,fair,C
AIMS,2023-11-06T03:45:00Z,02S06,STIC,SP,21064680,32.29173125010001,14.037777777777777,20231023-20240520,0,0,fair,C
AIMS,2023-11-06T04:00:00Z,02S06,STIC,SP,21064680,32.29173125010001,14.13388888888889,20231023-20240520,0,0,fair,C
AIMS,2023-11-06T04:15:00Z,02S06,STIC,SP,21064680,43.05564166679999,14.229999999999999,20231023-20240520,0,0,fair,C
AIMS,2023-11-06T04:30:00Z,02S06,STIC,SP,21064680,43.05564166679999,14.325000000000001,20231023-20240520,0,0,fair,C
AIMS,2023-11-06T04:45:00Z,02S06,STIC,SP,21064680,43.05564166679999,14.421111111111108,20231023-20240520,0,0,fair,C
AIMS,2023-11-06T05:00:00Z,02S06,STIC,SP,21064680,43.05564166679999,14.325000000000001,20231023-20240520,0,0,fair,C
AIMS,2023-11-06T05:15:00Z,02S06,STIC,SP,21064680,43.05564166679999,14.229999999999999,20231023-20240520,0,0,fair,C
AIMS,2023-11-06T05:30:00Z,02S06,STIC,SP,21064680,43.05564166679999,14.229999999999999,20231023-20240520,0,0,fair,C
AIMS,2023-11-06T05:45:00Z,02S06,STIC,SP,21064680,53.8195520835,14.325000000000001,20231023-20240520,0,0,fair,C
AIMS,2023-11-06T06:00:00Z,02S06,STIC,SP,21064680,53.8195520835,14.421111111111108,20231023-20240520,0,0,fair,C
AIMS,2023-11-06T06:15:00Z,02S06,STIC,SP,21064680,53.8195520835,14.517222222222223,20231023-20240520,0,0,fair,C
AIMS,2023-11-06T06:30:00Z,02S06,STIC,SP,21064680,53.8195520835,14.517222222222223,20231023-20240520,0,0,fair,C
AIMS,2023-11-06T06:45:00Z,02S06,STIC,SP,21064680,53.8195520835,14.421111111111108,20231023-20240520,0,0,fair,C
AIMS,2023-11-06T07:00:00Z,02S06,STIC,SP,21064680,64.5834625002,14.421111111111108,20231023-20240520,0,0,fair,C
AIMS,2023-11-06T07:15:00Z,02S06,STIC,SP,21064680,53.8195520835,14.421111111111108,20231023-20240520,0,0,fair,C
AIMS,2023-11-06T07:30:00Z,02S06,STIC,SP,21064680,64.5834625002,14.421111111111108,20231023-20240520,0,0,fair,C
AIMS,2023-11-06T07:45:00Z,02S06,STIC,SP,21064680,64.5834625002,14.421111111111108,20231023-20240520,0,0,fair,C
AIMS,2023-11-06T08:00:00Z,02S06,STIC,SP,21064680,53.8195520835,14.421111111111108,20231023-20240520,0,0,fair,C
AIMS,2023-11-06T08:15:00Z,02S06,STIC,SP,21064680,53.8195520835,14.325000000000001,20231023-20240520,0,0,fair,C
AIMS,2023-11-06T08:30:00Z,02S06,STIC,SP,21064680,53.8195520835,14.13388888888889,20231023-20240520,0,0,fair,C
AIMS,2023-11-06T08:45:00Z,02S06,STIC,SP,21064680,43.05564166679999,13.94222222222222,20231023-20240520,0,0,fair,C
AIMS,2023-11-06T09:00:00Z,02S06,STIC,SP,21064680,43.05564166679999,13.65388888888889,20231023-20240520,0,0,fair,C
AIMS,2023-11-06T09:15:00Z,02S06,STIC,SP,21064680,43.05564166679999,13.461111111111107,20231023-20240520,0,0,fair,C
AIMS,2023-11-06T09:30:00Z,02S06,STIC,SP,21064680,43.05564166679999,13.461111111111107,20231023-20240520,0,0,fair,C
AIMS,2023-11-06T09:45:00Z,02S06,STIC,SP,21064680,43.05564166679999,13.65388888888889,20231023-20240520,0,0,fair,C
AIMS,2023-11-06T10:00:00Z,02S06,STIC,SP,21064680,43.05564166679999,13.461111111111107,20231023-20240520,0,0,fair,C
AIMS,2023-11-06T10:15:00Z,02S06,STIC,SP,21064680,43.05564166679999,13.268888888888888,20231023-20240520,0,0,fair,C
AIMS,2023-11-06T10:30:00Z,02S06,STIC,SP,21064680,43.05564166679999,13.076111111111109,20231023-20240520,0,0,fair,C
AIMS,2023-11-06T10:45:00Z,02S06,STIC,SP,21064680,43.05564166679999,12.882777777777775,20231023-20240520,0,0,fair,C
AIMS,2023-11-06T11:00:00Z,02S06,STIC,SP,21064680,43.05564166679999,12.882777777777775,20231023-20240520,0,0,fair,C
AIMS,2023-11-06T11:15:00Z,02S06,STIC,SP,21064680,43.05564166679999,12.787222222222223,20231023-20240520,0,0,fair,C
AIMS,2023-11-06T11:30:00Z,02S06,STIC,SP,21064680,43.05564166679999,12.497222222222222,20231023-20240520,0,0,fair,C
AIMS,2023-11-06T11:45:00Z,02S06,STIC,SP,21064680,43.05564166679999,12.30388888888889,20231023-20240520,0,0,fair,C
AIMS,2023-11-06T12:00:00Z,02S06,STIC,SP,21064680,43.05564166679999,11.818888888888887,20231023-20240520,0,0,fair,C
AIMS,2023-11-06T12:15:00Z,02S06,STIC,SP,21064680,43.05564166679999,11.138888888888888,20231023-20240520,0,0,fair,C
AIMS,2023-11-06T12:30:00Z,02S06,STIC,SP,21064680,53.8195520835,10.84611111111111,20231023-20240520,0,0,fair,C
AIMS,2023-11-06T12:45:00Z,02S06,STIC,SP,21064680,43.05564166679999,10.747777777777772,20231023-20240520,0,0,fair,C
AIMS,2023-11-06T13:00:00Z,02S06,STIC,SP,21064680,43.05564166679999,10.552777777777775,20231023-20240520,0,0,fair,C
AIMS,2023-11-06T13:15:00Z,02S06,STIC,SP,21064680,43.05564166679999,10.455000000000004,20231023-20240520,0,0,fair,C
AIMS,2023-11-06T13:30:00Z,02S06,STIC,SP,21064680,53.8195520835,10.552777777777775,20231023-20240520,0,0,fair,C
AIMS,2023-11-06T13:45:00Z,02S06,STIC,SP,21064680,53.8195520835,11.236111111111107,20231023-20240520,0,0,fair,C
AIMS,2023-11-06T14:00:00Z,02S06,STIC,SP,21064680,53.8195520835,12.40111111111111,20231023-20240520,0,0,fair,C
AIMS,2023-11-06T14:15:00Z,02S06,STIC,SP,21064680,64.5834625002,12.98,20231023-20240520,0,0,fair,C
AIMS,2023-11-06T14:30:00Z,02S06,STIC,SP,21064680,64.5834625002,13.461111111111107,20231023-20240520,0,0,fair,C
AIMS,2023-11-06T14:45:00Z,02S06,STIC,SP,21064680,64.5834625002,13.84611111111111,20231023-20240520,0,0,fair,C
AIMS,2023-11-06T15:00:00Z,02S06,STIC,SP,21064680,64.5834625002,13.94222222222222,20231023-20240520,0,0,fair,C
AIMS,2023-11-06T15:15:00Z,02S06,STIC,SP,21064680,64.5834625002,14.325000000000001,20231023-20240520,0,0,fair,C
AIMS,2023-11-06T15:30:00Z,02S06,STIC,SP,21064680,64.5834625002,14.80388888888889,20231023-20240520,0,0,fair,C
AIMS,2023-11-06T15:45:00Z,02S06,STIC,SP,21064680,64.5834625002,15.282222222222224,20231023-20240520,0,0,fair,C
AIMS,2023-11-06T16:00:00Z,02S06,STIC,SP,21064680,75.34737291689999,15.855000000000002,20231023-20240520,0,0,fair,C
AIMS,2023-11-06T16:15:00Z,02S06,STIC,SP,21064680,75.34737291689999,16.617777777777782,20231023-20240520,0,0,fair,C
AIMS,2023-11-06T16:30:00Z,02S06,STIC,SP,21064680,86.1112833336,17.283888888888885,20231023-20240520,0,0,fair,C
AIMS,2023-11-06T16:45:00Z,02S06,STIC,SP,21064680,86.1112833336,17.665,20231023-20240520,0,0,fair,C
AIMS,2023-11-06T17:00:00Z,02S06,STIC,SP,21064680,96.8751937503,18.23611111111111,20231023-20240520,0,0,fair,C
AIMS,2023-11-06T17:15:00Z,02S06,STIC,SP,21064680,96.8751937503,18.616111111111117,20231023-20240520,0,0,fair,C
AIMS,2023-11-06T17:30:00Z,02S06,STIC,SP,21064680,107.639104167,18.901111111111113,20231023-20240520,0,0,fair,C
AIMS,2023-11-06T17:45:00Z,02S06,STIC,SP,21064680,118.40301458370001,21.37777777777778,20231023-20240520,0,0,fair,C
AIMS,2023-11-06T18:00:00Z,02S06,STIC,SP,21064680,107.639104167,23.966111111111108,20231023-20240520,0,0,fair,C
AIMS,2023-11-06T18:15:00Z,02S06,STIC,SP,21064680,43.05564166679999,23.38777777777777,20231023-20240520,0,0,fair,C
AIMS,2023-11-06T18:30:00Z,02S06,STIC,SP,21064680,32.29173125010001,22.046111111111113,20231023-20240520,0,0,fair,C
AIMS,2023-11-06T18:45:00Z,02S06,STIC,SP,21064680,32.29173125010001,21.66388888888889,20231023-20240520,0,0,fair,C
AIMS,2023-11-06T19:00:00Z,02S06,STIC,SP,21064680,21.5278208334,22.812222222222218,20231023-20240520,0,0,fair,C
AIMS,2023-11-06T19:15:00Z,02S06,STIC,SP,21064680,0,23.483888888888888,20231023-20240520,0,0,fair,C
AIMS,2023-11-06T19:30:00Z,02S06,STIC,SP,21064680,0,24.641111111111112,20231023-20240520,0,0,fair,C
AIMS,2023-11-06T19:45:00Z,02S06,STIC,SP,21064680,0,25.416111111111107,20231023-20240520,0,0,fair,C
AIMS,2023-11-06T20:00:00Z,02S06,STIC,SP,21064680,0,24.737777777777783,20231023-20240520,0,0,fair,C
AIMS,2023-11-06T20:15:00Z,02S06,STIC,SP,21064680,0,23.677222222222223,20231023-20240520,0,0,fair,C
AIMS,2023-11-06T20:30:00Z,02S06,STIC,SP,21064680,0,23.772777777777772,20231023-20240520,0,0,fair,C
AIMS,2023-11-06T20:45:00Z,02S06,STIC,SP,21064680,0,22.428888888888892,20231023-20240520,0,0,fair,C
AIMS,2023-11-06T21:00:00Z,02S06,STIC,SP,21064680,0,22.33277777777778,20231023-20240520,0,0,fair,C
AIMS,2023-11-06T21:15:00Z,02S06,STIC,SP,21064680,0,21.37777777777778,20231023-20240520,0,0,fair,C
AIMS,2023-11-06T21:30:00Z,02S06,STIC,SP,21064680,0,22.717222222222222,20231023-20240520,0,0,fair,C
AIMS,2023-11-06T21:45:00Z,02S06,STIC,SP,21064680,0,21.76,20231023-20240520,0,0,fair,C
AIMS,2023-11-06T22:00:00Z,02S06,STIC,SP,21064680,0,20.423888888888893,20231023-20240520,0,0,fair,C
AIMS,2023-11-06T22:15:00Z,02S06,STIC,SP,21064680,0,19.472222222222214,20231023-20240520,0,0,fair,C
AIMS,2023-11-06T22:30:00Z,02S06,STIC,SP,21064680,0,18.71111111111112,20231023-20240520,0,0,fair,C
AIMS,2023-11-06T22:45:00Z,02S06,STIC,SP,21064680,0,17.76,20231023-20240520,0,0,fair,C
AIMS,2023-11-06T23:00:00Z,02S06,STIC,SP,21064680,0,16.807777777777776,20231023-20240520,0,0,fair,C
AIMS,2023-11-06T23:15:00Z,02S06,STIC,SP,21064680,0,15.377777777777778,20231023-20240520,0,0,fair,C
AIMS,2023-11-06T23:30:00Z,02S06,STIC,SP,21064680,0,14.229999999999999,20231023-20240520,0,0,fair,C
AIMS,2023-11-06T23:45:00Z,02S06,STIC,SP,21064680,0,13.55777777777778,20231023-20240520,0,0,fair,C
AIMS,2023-11-07T00:00:00Z,02S06,STIC,SP,21064680,0,12.787222222222223,20231023-20240520,0,0,fair,C
AIMS,2023-11-07T00:15:00Z,02S06,STIC,SP,21064680,0,12.207222222222219,20231023-20240520,0,0,fair,C
AIMS,2023-11-07T00:30:00Z,02S06,STIC,SP,21064680,0,11.72222222222222,20231023-20240520,0,0,fair,C
AIMS,2023-11-07T00:45:00Z,02S06,STIC,SP,21064680,0,11.431111111111111,20231023-20240520,0,0,fair,C
AIMS,2023-11-07T01:00:00Z,02S06,STIC,SP,21064680,0,11.625,20231023-20240520,0,0,fair,C
AIMS,2023-11-07T01:15:00Z,02S06,STIC,SP,21064680,0,11.72222222222222,20231023-20240520,0,0,fair,C
AIMS,2023-11-07T01:30:00Z,02S06,STIC,SP,21064680,0,11.527777777777779,20231023-20240520,0,0,fair,C
AIMS,2023-11-07T01:45:00Z,02S06,STIC,SP,21064680,0,11.625,20231023-20240520,0,0,fair,C
AIMS,2023-11-07T02:00:00Z,02S06,STIC,SP,21064680,0,11.625,20231023-20240520,0,0,fair,C
AIMS,2023-11-07T02:15:00Z,02S06,STIC,SP,21064680,0,11.625,20231023-20240520,0,0,fair,C
AIMS,2023-11-07T02:30:00Z,02S06,STIC,SP,21064680,10.7639104167,11.625,20231023-20240520,0,0,fair,C
AIMS,2023-11-07T02:45:00Z,02S06,STIC,SP,21064680,10.7639104167,11.527777777777779,20231023-20240520,0,0,fair,C
AIMS,2023-11-07T03:00:00Z,02S06,STIC,SP,21064680,10.7639104167,11.333888888888893,20231023-20240520,0,0,fair,C
AIMS,2023-11-07T03:15:00Z,02S06,STIC,SP,21064680,21.5278208334,10.84611111111111,20231023-20240520,0,0,fair,C
AIMS,2023-11-07T03:30:00Z,02S06,STIC,SP,21064680,21.5278208334,10.161111111111108,20231023-20240520,0,0,fair,C
AIMS,2023-11-07T03:45:00Z,02S06,STIC,SP,21064680,21.5278208334,9.767777777777773,20231023-20240520,0,0,fair,C
AIMS,2023-11-07T04:00:00Z,02S06,STIC,SP,21064680,21.5278208334,9.57111111111111,20231023-20240520,0,0,fair,C
AIMS,2023-11-07T04:15:00Z,02S06,STIC,SP,21064680,21.5278208334,9.57111111111111,20231023-20240520,0,0,fair,C
AIMS,2023-11-07T04:30:00Z,02S06,STIC,SP,21064680,21.5278208334,9.965000000000002,20231023-20240520,0,0,fair,C
AIMS,2023-11-07T04:45:00Z,02S06,STIC,SP,21064680,21.5278208334,10.25888888888889,20231023-20240520,0,0,fair,C
AIMS,2023-11-07T05:00:00Z,02S06,STIC,SP,21064680,32.29173125010001,9.965000000000002,20231023-20240520,0,0,fair,C
AIMS,2023-11-07T05:15:00Z,02S06,STIC,SP,21064680,32.29173125010001,9.66888888888889,20231023-20240520,0,0,fair,C
AIMS,2023-11-07T05:30:00Z,02S06,STIC,SP,21064680,32.29173125010001,9.66888888888889,20231023-20240520,0,0,fair,C
AIMS,2023-11-07T05:45:00Z,02S06,STIC,SP,21064680,21.5278208334,9.965000000000002,20231023-20240520,0,0,fair,C
AIMS,2023-11-07T06:00:00Z,02S06,STIC,SP,21064680,21.5278208334,10.25888888888889,20231023-20240520,0,0,fair,C
AIMS,2023-11-07T06:15:00Z,02S06,STIC,SP,21064680,21.5278208334,10.552777777777775,20231023-20240520,0,0,fair,C
AIMS,2023-11-07T06:30:00Z,02S06,STIC,SP,21064680,43.05564166679999,10.747777777777772,20231023-20240520,0,0,fair,C
AIMS,2023-11-07T06:45:00Z,02S06,STIC,SP,21064680,43.05564166679999,10.84611111111111,20231023-20240520,0,0,fair,C
AIMS,2023-11-07T07:00:00Z,02S06,STIC,SP,21064680,32.29173125010001,11.236111111111107,20231023-20240520,0,0,fair,C
AIMS,2023-11-07T07:15:00Z,02S06,STIC,SP,21064680,32.29173125010001,11.625,20231023-20240520,0,0,fair,C
AIMS,2023-11-07T07:30:00Z,02S06,STIC,SP,21064680,21.5278208334,11.916111111111109,20231023-20240520,0,0,fair,C
AIMS,2023-11-07T07:45:00Z,02S06,STIC,SP,21064680,21.5278208334,11.818888888888887,20231023-20240520,0,0,fair,C
AIMS,2023-11-07T08:00:00Z,02S06,STIC,SP,21064680,21.5278208334,11.138888888888888,20231023-20240520,0,0,fair,C
AIMS,2023-11-07T08:15:00Z,02S06,STIC,SP,21064680,21.5278208334,10.357222222222227,20231023-20240520,0,0,fair,C
AIMS,2023-11-07T08:30:00Z,02S06,STIC,SP,21064680,21.5278208334,10.062777777777775,20231023-20240520,0,0,fair,C
AIMS,2023-11-07T08:45:00Z,02S06,STIC,SP,21064680,21.5278208334,10.552777777777775,20231023-20240520,0,0,fair,C
AIMS,2023-11-07T09:00:00Z,02S06,STIC,SP,21064680,21.5278208334,10.747777777777772,20231023-20240520,0,0,fair,C
AIMS,2023-11-07T09:15:00Z,02S06,STIC,SP,21064680,21.5278208334,10.84611111111111,20231023-20240520,0,0,fair,C
AIMS,2023-11-07T09:30:00Z,02S06,STIC,SP,21064680,21.5278208334,11.041111111111109,20231023-20240520,0,0,fair,C
AIMS,2023-11-07T09:45:00Z,02S06,STIC,SP,21064680,32.29173125010001,11.236111111111107,20231023-20240520,0,0,fair,C
AIMS,2023-11-07T10:00:00Z,02S06,STIC,SP,21064680,21.5278208334,11.333888888888893,20231023-20240520,0,0,fair,C
AIMS,2023-11-07T10:15:00Z,02S06,STIC,SP,21064680,21.5278208334,11.333888888888893,20231023-20240520,0,0,fair,C
AIMS,2023-11-07T10:30:00Z,02S06,STIC,SP,21064680,21.5278208334,11.431111111111111,20231023-20240520,0,0,fair,C
AIMS,2023-11-07T10:45:00Z,02S06,STIC,SP,21064680,21.5278208334,11.431111111111111,20231023-20240520,0,0,fair,C
AIMS,2023-11-07T11:00:00Z,02S06,STIC,SP,21064680,21.5278208334,11.431111111111111,20231023-20240520,0,0,fair,C
AIMS,2023-11-07T11:15:00Z,02S06,STIC,SP,21064680,32.29173125010001,11.431111111111111,20231023-20240520,0,0,fair,C
AIMS,2023-11-07T11:30:00Z,02S06,STIC,SP,21064680,21.5278208334,11.431111111111111,20231023-20240520,0,0,fair,C
AIMS,2023-11-07T11:45:00Z,02S06,STIC,SP,21064680,21.5278208334,11.527777777777779,20231023-20240520,0,0,fair,C
AIMS,2023-11-07T12:00:00Z,02S06,STIC,SP,21064680,32.29173125010001,11.527777777777779,20231023-20240520,0,0,fair,C
AIMS,2023-11-07T12:15:00Z,02S06,STIC,SP,21064680,32.29173125010001,11.431111111111111,20231023-20240520,0,0,fair,C
AIMS,2023-11-07T12:30:00Z,02S06,STIC,SP,21064680,32.29173125010001,11.138888888888888,20231023-20240520,0,0,fair,C
AIMS,2023-11-07T12:45:00Z,02S06,STIC,SP,21064680,32.29173125010001,10.943888888888887,20231023-20240520,0,0,fair,C
AIMS,2023-11-07T13:00:00Z,02S06,STIC,SP,21064680,32.29173125010001,11.138888888888888,20231023-20240520,0,0,fair,C
AIMS,2023-11-07T13:15:00Z,02S06,STIC,SP,21064680,32.29173125010001,11.236111111111107,20231023-20240520,0,0,fair,C
AIMS,2023-11-07T13:30:00Z,02S06,STIC,SP,21064680,32.29173125010001,11.333888888888893,20231023-20240520,0,0,fair,C
AIMS,2023-11-07T13:45:00Z,02S06,STIC,SP,21064680,32.29173125010001,11.527777777777779,20231023-20240520,0,0,fair,C
AIMS,2023-11-07T14:00:00Z,02S06,STIC,SP,21064680,32.29173125010001,12.497222222222222,20231023-20240520,0,0,fair,C
AIMS,2023-11-07T14:15:00Z,02S06,STIC,SP,21064680,32.29173125010001,13.365000000000004,20231023-20240520,0,0,fair,C
AIMS,2023-11-07T14:30:00Z,02S06,STIC,SP,21064680,32.29173125010001,14.037777777777777,20231023-20240520,0,0,fair,C
AIMS,2023-11-07T14:45:00Z,02S06,STIC,SP,21064680,32.29173125010001,14.708888888888888,20231023-20240520,0,0,fair,C
AIMS,2023-11-07T15:00:00Z,02S06,STIC,SP,21064680,43.05564166679999,15.377777777777778,20231023-20240520,0,0,fair,C
AIMS,2023-11-07T15:15:00Z,02S06,STIC,SP,21064680,43.05564166679999,15.855000000000002,20231023-20240520,0,0,fair,C
AIMS,2023-11-07T15:30:00Z,02S06,STIC,SP,21064680,43.05564166679999,16.046111111111113,20231023-20240520,0,0,fair,C
AIMS,2023-11-07T15:45:00Z,02S06,STIC,SP,21064680,43.05564166679999,16.33222222222222,20231023-20240520,0,0,fair,C
AIMS,2023-11-07T16:00:00Z,02S06,STIC,SP,21064680,43.05564166679999,16.99888888888889,20231023-20240520,0,0,fair,C
AIMS,2023-11-07T16:15:00Z,02S06,STIC,SP,21064680,43.05564166679999,17.57,20231023-20240520,0,0,fair,C
AIMS,2023-11-07T16:30:00Z,02S06,STIC,SP,21064680,43.05564166679999,18.23611111111111,20231023-20240520,0,0,fair,C
AIMS,2023-11-07T16:45:00Z,02S06,STIC,SP,21064680,43.05564166679999,19.18722222222222,20231023-20240520,0,0,fair,C
AIMS,2023-11-07T17:00:00Z,02S06,STIC,SP,21064680,43.05564166679999,19.85277777777777,20231023-20240520,0,0,fair,C
AIMS,2023-11-07T17:15:00Z,02S06,STIC,SP,21064680,43.05564166679999,21.37777777777778,20231023-20240520,0,0,fair,C
AIMS,2023-11-07T17:30:00Z,02S06,STIC,SP,21064680,53.8195520835,23.772777777777772,20231023-20240520,0,0,fair,C
AIMS,2023-11-07T17:45:00Z,02S06,STIC,SP,21064680,64.5834625002,25.902222222222214,20231023-20240520,0,0,fair,C
AIMS,2023-11-07T18:00:00Z,02S06,STIC,SP,21064680,64.5834625002,26.682777777777773,20231023-20240520,0,0,fair,C
AIMS,2023-11-07T18:15:00Z,02S06,STIC,SP,21064680,64.5834625002,26.87888888888889,20231023-20240520,0,0,fair,C
AIMS,2023-11-07T18:30:00Z,02S06,STIC,SP,21064680,75.34737291689999,27.665,20231023-20240520,0,0,fair,C
AIMS,2023-11-07T18:45:00Z,02S06,STIC,SP,21064680,75.34737291689999,28.456111111111113,20231023-20240520,0,0,fair,C
AIMS,2023-11-07T19:00:00Z,02S06,STIC,SP,21064680,86.1112833336,29.35222222222222,20231023-20240520,0,0,fair,C
AIMS,2023-11-07T19:15:00Z,02S06,STIC,SP,21064680,0,30.05388888888889,20231023-20240520,0,0,fair,C
AIMS,2023-11-07T19:30:00Z,02S06,STIC,SP,21064680,0,30.05388888888889,20231023-20240520,0,0,fair,C
AIMS,2023-11-07T19:45:00Z,02S06,STIC,SP,21064680,0,29.85277777777777,20231023-20240520,0,0,fair,C
AIMS,2023-11-07T20:00:00Z,02S06,STIC,SP,21064680,0,28.158888888888896,20231023-20240520,0,0,fair,C
AIMS,2023-11-07T20:15:00Z,02S06,STIC,SP,21064680,0,26.487777777777772,20231023-20240520,0,0,fair,C
AIMS,2023-11-07T20:30:00Z,02S06,STIC,SP,21064680,0,26.195,20231023-20240520,0,0,fair,C
AIMS,2023-11-07T20:45:00Z,02S06,STIC,SP,21064680,0,25.318888888888893,20231023-20240520,0,0,fair,C
AIMS,2023-11-07T21:00:00Z,02S06,STIC,SP,21064680,0,23.677222222222223,20231023-20240520,0,0,fair,C
AIMS,2023-11-07T21:15:00Z,02S06,STIC,SP,21064680,0,24.737777777777783,20231023-20240520,0,0,fair,C
AIMS,2023-11-07T21:30:00Z,02S06,STIC,SP,21064680,0,23.003888888888888,20231023-20240520,0,0,fair,C
AIMS,2023-11-07T21:45:00Z,02S06,STIC,SP,21064680,0,22.525,20231023-20240520,0,0,fair,C
AIMS,2023-11-07T22:00:00Z,02S06,STIC,SP,21064680,0,21.56888888888889,20231023-20240520,0,0,fair,C
AIMS,2023-11-07T22:15:00Z,02S06,STIC,SP,21064680,0,20.137777777777774,20231023-20240520,0,0,fair,C
AIMS,2023-11-07T22:30:00Z,02S06,STIC,SP,21064680,0,19.092222222222215,20231023-20240520,0,0,fair,C
AIMS,2023-11-07T22:45:00Z,02S06,STIC,SP,21064680,0,18.23611111111111,20231023-20240520,0,0,fair,C
AIMS,2023-11-07T23:00:00Z,02S06,STIC,SP,21064680,0,17.18888888888889,20231023-20240520,0,0,fair,C
AIMS,2023-11-07T23:15:00Z,02S06,STIC,SP,21064680,0,15.76,20231023-20240520,0,0,fair,C
AIMS,2023-11-07T23:30:00Z,02S06,STIC,SP,21064680,0,14.325000000000001,20231023-20240520,0,0,fair,C
AIMS,2023-11-07T23:45:00Z,02S06,STIC,SP,21064680,0,13.268888888888888,20231023-20240520,0,0,fair,C
AIMS,2023-11-08T00:00:00Z,02S06,STIC,SP,21064680,0,12.497222222222222,20231023-20240520,0,0,fair,C
AIMS,2023-11-08T00:15:00Z,02S06,STIC,SP,21064680,0,12.207222222222219,20231023-20240520,0,0,fair,C
AIMS,2023-11-08T00:30:00Z,02S06,STIC,SP,21064680,0,11.916111111111109,20231023-20240520,0,0,fair,C
AIMS,2023-11-08T00:45:00Z,02S06,STIC,SP,21064680,0,11.818888888888887,20231023-20240520,0,0,fair,C
AIMS,2023-11-08T01:00:00Z,02S06,STIC,SP,21064680,0,11.72222222222222,20231023-20240520,0,0,fair,C
AIMS,2023-11-08T01:15:00Z,02S06,STIC,SP,21064680,0,11.431111111111111,20231023-20240520,0,0,fair,C
AIMS,2023-11-08T01:30:00Z,02S06,STIC,SP,21064680,0,11.236111111111107,20231023-20240520,0,0,fair,C
AIMS,2023-11-08T01:45:00Z,02S06,STIC,SP,21064680,0,11.041111111111109,20231023-20240520,0,0,fair,C
AIMS,2023-11-08T02:00:00Z,02S06,STIC,SP,21064680,0,10.84611111111111,20231023-20240520,0,0,fair,C
AIMS,2023-11-08T02:15:00Z,02S06,STIC,SP,21064680,0,10.552777777777775,20231023-20240520,0,0,fair,C
AIMS,2023-11-08T02:30:00Z,02S06,STIC,SP,21064680,0,10.552777777777775,20231023-20240520,0,0,fair,C
AIMS,2023-11-08T02:45:00Z,02S06,STIC,SP,21064680,0,10.651111111111108,20231023-20240520,0,0,fair,C
AIMS,2023-11-08T03:00:00Z,02S06,STIC,SP,21064680,0,10.357222222222227,20231023-20240520,0,0,fair,C
AIMS,2023-11-08T03:15:00Z,02S06,STIC,SP,21064680,10.7639104167,10.747777777777772,20231023-20240520,0,0,fair,C
AIMS,2023-11-08T03:30:00Z,02S06,STIC,SP,21064680,21.5278208334,12.11,20231023-20240520,0,0,fair,C
AIMS,2023-11-08T03:45:00Z,02S06,STIC,SP,21064680,21.5278208334,12.69,20231023-20240520,0,0,fair,C
AIMS,2023-11-08T04:00:00Z,02S06,STIC,SP,21064680,21.5278208334,12.69,20231023-20240520,0,0,fair,C
AIMS,2023-11-08T04:15:00Z,02S06,STIC,SP,21064680,21.5278208334,12.882777777777775,20231023-20240520,0,0,fair,C
AIMS,2023-11-08T04:30:00Z,02S06,STIC,SP,21064680,182.98647708390004,12.787222222222223,20231023-20240520,0,0,fair,C
AIMS,2023-11-08T04:45:00Z,02S06,STIC,SP,21064680,161.45865625050004,12.207222222222219,20231023-20240520,0,0,fair,C
AIMS,2023-11-08T05:00:00Z,02S06,STIC,SP,21064680,150.69474583379997,11.625,20231023-20240520,0,0,fair,C
AIMS,2023-11-08T05:15:00Z,02S06,STIC,SP,21064680,150.69474583379997,11.236111111111107,20231023-20240520,0,0,fair,C
AIMS,2023-11-08T05:30:00Z,02S06,STIC,SP,21064680,150.69474583379997,11.625,20231023-20240520,0,0,fair,C
AIMS,2023-11-08T05:45:00Z,02S06,STIC,SP,21064680,150.69474583379997,11.818888888888887,20231023-20240520,0,0,fair,C
AIMS,2023-11-08T06:00:00Z,02S06,STIC,SP,21064680,150.69474583379997,11.431111111111111,20231023-20240520,0,0,fair,C
AIMS,2023-11-08T06:15:00Z,02S06,STIC,SP,21064680,139.9308354171,11.041111111111109,20231023-20240520,0,0,fair,C
AIMS,2023-11-08T06:30:00Z,02S06,STIC,SP,21064680,129.1669250004,10.747777777777772,20231023-20240520,0,0,fair,C
AIMS,2023-11-08T06:45:00Z,02S06,STIC,SP,21064680,129.1669250004,10.552777777777775,20231023-20240520,0,0,fair,C
AIMS,2023-11-08T07:00:00Z,02S06,STIC,SP,21064680,129.1669250004,11.138888888888888,20231023-20240520,0,0,fair,C
AIMS,2023-11-08T07:15:00Z,02S06,STIC,SP,21064680,129.1669250004,11.041111111111109,20231023-20240520,0,0,fair,C
AIMS,2023-11-08T07:30:00Z,02S06,STIC,SP,21064680,129.1669250004,10.651111111111108,20231023-20240520,0,0,fair,C
AIMS,2023-11-08T07:45:00Z,02S06,STIC,SP,21064680,129.1669250004,10.357222222222227,20231023-20240520,0,0,fair,C
AIMS,2023-11-08T08:00:00Z,02S06,STIC,SP,21064680,129.1669250004,10.25888888888889,20231023-20240520,0,0,fair,C
AIMS,2023-11-08T08:15:00Z,02S06,STIC,SP,21064680,129.1669250004,10.062777777777775,20231023-20240520,0,0,fair,C
AIMS,2023-11-08T08:30:00Z,02S06,STIC,SP,21064680,118.40301458370001,10.062777777777775,20231023-20240520,0,0,fair,C
AIMS,2023-11-08T08:45:00Z,02S06,STIC,SP,21064680,129.1669250004,10.84611111111111,20231023-20240520,0,0,fair,C
AIMS,2023-11-08T09:00:00Z,02S06,STIC,SP,21064680,129.1669250004,11.333888888888893,20231023-20240520,0,0,fair,C
AIMS,2023-11-08T09:15:00Z,02S06,STIC,SP,21064680,129.1669250004,11.527777777777779,20231023-20240520,0,0,fair,C
AIMS,2023-11-08T09:30:00Z,02S06,STIC,SP,21064680,129.1669250004,11.431111111111111,20231023-20240520,0,0,fair,C
AIMS,2023-11-08T09:45:00Z,02S06,STIC,SP,21064680,129.1669250004,11.138888888888888,20231023-20240520,0,0,fair,C
AIMS,2023-11-08T10:00:00Z,02S06,STIC,SP,21064680,118.40301458370001,10.357222222222227,20231023-20240520,0,0,fair,C
AIMS,2023-11-08T10:15:00Z,02S06,STIC,SP,21064680,118.40301458370001,10.161111111111108,20231023-20240520,0,0,fair,C
AIMS,2023-11-08T10:30:00Z,02S06,STIC,SP,21064680,107.639104167,10.161111111111108,20231023-20240520,0,0,fair,C
AIMS,2023-11-08T10:45:00Z,02S06,STIC,SP,21064680,118.40301458370001,10.552777777777775,20231023-20240520,0,0,fair,C
AIMS,2023-11-08T11:00:00Z,02S06,STIC,SP,21064680,107.639104167,10.357222222222227,20231023-20240520,0,0,fair,C
AIMS,2023-11-08T11:15:00Z,02S06,STIC,SP,21064680,107.639104167,10.357222222222227,20231023-20240520,0,0,fair,C
AIMS,2023-11-08T11:30:00Z,02S06,STIC,SP,21064680,118.40301458370001,10.84611111111111,20231023-20240520,0,0,fair,C
AIMS,2023-11-08T11:45:00Z,02S06,STIC,SP,21064680,118.40301458370001,11.041111111111109,20231023-20240520,0,0,fair,C
AIMS,2023-11-08T12:00:00Z,02S06,STIC,SP,21064680,107.639104167,10.747777777777772,20231023-20240520,0,0,fair,C
AIMS,2023-11-08T12:15:00Z,02S06,STIC,SP,21064680,107.639104167,10.943888888888887,20231023-20240520,0,0,fair,C
AIMS,2023-11-08T12:30:00Z,02S06,STIC,SP,21064680,118.40301458370001,11.041111111111109,20231023-20240520,0,0,fair,C
AIMS,2023-11-08T12:45:00Z,02S06,STIC,SP,21064680,107.639104167,11.041111111111109,20231023-20240520,0,0,fair,C
AIMS,2023-11-08T13:00:00Z,02S06,STIC,SP,21064680,107.639104167,11.236111111111107,20231023-20240520,0,0,fair,C
AIMS,2023-11-08T13:15:00Z,02S06,STIC,SP,21064680,107.639104167,11.138888888888888,20231023-20240520,0,0,fair,C
AIMS,2023-11-08T13:30:00Z,02S06,STIC,SP,21064680,107.639104167,11.041111111111109,20231023-20240520,0,0,fair,C
AIMS,2023-11-08T13:45:00Z,02S06,STIC,SP,21064680,107.639104167,11.431111111111111,20231023-20240520,0,0,fair,C
AIMS,2023-11-08T14:00:00Z,02S06,STIC,SP,21064680,107.639104167,11.625,20231023-20240520,0,0,fair,C
AIMS,2023-11-08T14:15:00Z,02S06,STIC,SP,21064680,107.639104167,12.59388888888889,20231023-20240520,0,0,fair,C
AIMS,2023-11-08T14:30:00Z,02S06,STIC,SP,21064680,107.639104167,12.69,20231023-20240520,0,0,fair,C
AIMS,2023-11-08T14:45:00Z,02S06,STIC,SP,21064680,107.639104167,12.882777777777775,20231023-20240520,0,0,fair,C
AIMS,2023-11-08T15:00:00Z,02S06,STIC,SP,21064680,107.639104167,13.268888888888888,20231023-20240520,0,0,fair,C
AIMS,2023-11-08T15:15:00Z,02S06,STIC,SP,21064680,107.639104167,13.55777777777778,20231023-20240520,0,0,fair,C
AIMS,2023-11-08T15:30:00Z,02S06,STIC,SP,21064680,107.639104167,14.229999999999999,20231023-20240520,0,0,fair,C
AIMS,2023-11-08T15:45:00Z,02S06,STIC,SP,21064680,107.639104167,14.99611111111111,20231023-20240520,0,0,fair,C
AIMS,2023-11-08T16:00:00Z,02S06,STIC,SP,21064680,107.639104167,15.282222222222224,20231023-20240520,0,0,fair,C
AIMS,2023-11-08T16:15:00Z,02S06,STIC,SP,21064680,107.639104167,15.76,20231023-20240520,0,0,fair,C
AIMS,2023-11-08T16:30:00Z,02S06,STIC,SP,21064680,107.639104167,16.141111111111115,20231023-20240520,0,0,fair,C
AIMS,2023-11-08T16:45:00Z,02S06,STIC,SP,21064680,107.639104167,17.09388888888889,20231023-20240520,0,0,fair,C
AIMS,2023-11-08T17:00:00Z,02S06,STIC,SP,21064680,96.8751937503,17.18888888888889,20231023-20240520,0,0,fair,C
AIMS,2023-11-08T17:15:00Z,02S06,STIC,SP,21064680,96.8751937503,17.283888888888885,20231023-20240520,0,0,fair,C
AIMS,2023-11-08T17:30:00Z,02S06,STIC,SP,21064680,86.1112833336,17.18888888888889,20231023-20240520,0,0,fair,C
AIMS,2023-11-08T17:45:00Z,02S06,STIC,SP,21064680,86.1112833336,17.665,20231023-20240520,0,0,fair,C
AIMS,2023-11-08T18:00:00Z,02S06,STIC,SP,21064680,43.05564166679999,20.615000000000002,20231023-20240520,0,0,fair,C
AIMS,2023-11-08T18:15:00Z,02S06,STIC,SP,21064680,43.05564166679999,22.33277777777778,20231023-20240520,0,0,fair,C
AIMS,2023-11-08T18:30:00Z,02S06,STIC,SP,21064680,32.29173125010001,22.717222222222222,20231023-20240520,0,0,fair,C
AIMS,2023-11-08T18:45:00Z,02S06,STIC,SP,21064680,32.29173125010001,21.37777777777778,20231023-20240520,0,0,fair,C
AIMS,2023-11-08T19:00:00Z,02S06,STIC,SP,21064680,32.29173125010001,19.662222222222216,20231023-20240520,0,0,fair,C
AIMS,2023-11-08T19:15:00Z,02S06,STIC,SP,21064680,32.29173125010001,17.950000000000003,20231023-20240520,0,0,fair,C
AIMS,2023-11-08T19:30:00Z,02S06,STIC,SP,21064680,32.29173125010001,17.665,20231023-20240520,0,0,fair,C
AIMS,2023-11-08T19:45:00Z,02S06,STIC,SP,21064680,32.29173125010001,18.521111111111107,20231023-20240520,0,0,fair,C
AIMS,2023-11-08T20:00:00Z,02S06,STIC,SP,21064680,43.05564166679999,18.14,20231023-20240520,0,0,fair,C
AIMS,2023-11-08T20:15:00Z,02S06,STIC,SP,21064680,43.05564166679999,17.474999999999994,20231023-20240520,0,0,fair,C
AIMS,2023-11-08T20:30:00Z,02S06,STIC,SP,21064680,43.05564166679999,17.76,20231023-20240520,0,0,fair,C
AIMS,2023-11-08T20:45:00Z,02S06,STIC,SP,21064680,32.29173125010001,18.331111111111106,20231023-20240520,0,0,fair,C
AIMS,2023-11-08T21:00:00Z,02S06,STIC,SP,21064680,0,19.757777777777772,20231023-20240520,0,0,fair,C
AIMS,2023-11-08T21:15:00Z,02S06,STIC,SP,21064680,0,20.615000000000002,20231023-20240520,0,0,fair,C
AIMS,2023-11-08T21:30:00Z,02S06,STIC,SP,21064680,0,20.710000000000004,20231023-20240520,0,0,fair,C
AIMS,2023-11-08T21:45:00Z,02S06,STIC,SP,21064680,0,19.472222222222214,20231023-20240520,0,0,fair,C
AIMS,2023-11-08T22:00:00Z,02S06,STIC,SP,21064680,0,17.855,20231023-20240520,0,0,fair,C
AIMS,2023-11-08T22:15:00Z,02S06,STIC,SP,21064680,0,17.09388888888889,20231023-20240520,0,0,fair,C
AIMS,2023-11-08T22:30:00Z,02S06,STIC,SP,21064680,0,16.427222222222223,20231023-20240520,0,0,fair,C
AIMS,2023-11-08T22:45:00Z,02S06,STIC,SP,21064680,0,15.855000000000002,20231023-20240520,0,0,fair,C
AIMS,2023-11-08T23:00:00Z,02S06,STIC,SP,21064680,0,15.282222222222224,20231023-20240520,0,0,fair,C
AIMS,2023-11-08T23:15:00Z,02S06,STIC,SP,21064680,0,14.612777777777774,20231023-20240520,0,0,fair,C
AIMS,2023-11-08T23:30:00Z,02S06,STIC,SP,21064680,0,14.037777777777777,20231023-20240520,0,0,fair,C
AIMS,2023-11-08T23:45:00Z,02S06,STIC,SP,21064680,0,13.268888888888888,20231023-20240520,0,0,fair,C
AIMS,2023-11-09T00:00:00Z,02S06,STIC,SP,21064680,0,12.59388888888889,20231023-20240520,0,0,fair,C
AIMS,2023-11-09T00:15:00Z,02S06,STIC,SP,21064680,0,12.012777777777774,20231023-20240520,0,0,fair,C
AIMS,2023-11-09T00:30:00Z,02S06,STIC,SP,21064680,0,11.527777777777779,20231023-20240520,0,0,fair,C
AIMS,2023-11-09T00:45:00Z,02S06,STIC,SP,21064680,0,12.11,20231023-20240520,0,0,fair,C
AIMS,2023-11-09T01:00:00Z,02S06,STIC,SP,21064680,0,12.787222222222223,20231023-20240520,0,0,fair,C
AIMS,2023-11-09T01:15:00Z,02S06,STIC,SP,21064680,0,12.787222222222223,20231023-20240520,0,0,fair,C
AIMS,2023-11-09T01:30:00Z,02S06,STIC,SP,21064680,0,12.40111111111111,20231023-20240520,0,0,fair,C
AIMS,2023-11-09T01:45:00Z,02S06,STIC,SP,21064680,0,12.012777777777774,20231023-20240520,0,0,fair,C
AIMS,2023-11-09T02:00:00Z,02S06,STIC,SP,21064680,0,11.72222222222222,20231023-20240520,0,0,fair,C
AIMS,2023-11-09T02:15:00Z,02S06,STIC,SP,21064680,0,11.431111111111111,20231023-20240520,0,0,fair,C
AIMS,2023-11-09T02:30:00Z,02S06,STIC,SP,21064680,0,11.333888888888893,20231023-20240520,0,0,fair,C
AIMS,2023-11-09T02:45:00Z,02S06,STIC,SP,21064680,0,11.041111111111109,20231023-20240520,0,0,fair,C
AIMS,2023-11-09T03:00:00Z,02S06,STIC,SP,21064680,0,10.455000000000004,20231023-20240520,0,0,fair,C
AIMS,2023-11-09T03:15:00Z,02S06,STIC,SP,21064680,0,10.062777777777775,20231023-20240520,0,0,fair,C
AIMS,2023-11-09T03:30:00Z,02S06,STIC,SP,21064680,0,9.767777777777773,20231023-20240520,0,0,fair,C
AIMS,2023-11-09T03:45:00Z,02S06,STIC,SP,21064680,10.7639104167,9.66888888888889,20231023-20240520,0,0,fair,C
AIMS,2023-11-09T04:00:00Z,02S06,STIC,SP,21064680,10.7639104167,9.57111111111111,20231023-20240520,0,0,fair,C
AIMS,2023-11-09T04:15:00Z,02S06,STIC,SP,21064680,10.7639104167,9.17611111111111,20231023-20240520,0,0,fair,C
AIMS,2023-11-09T04:30:00Z,02S06,STIC,SP,21064680,21.5278208334,8.778888888888888,20231023-20240520,0,0,fair,C
AIMS,2023-11-09T04:45:00Z,02S06,STIC,SP,21064680,21.5278208334,8.87888888888889,20231023-20240520,0,0,fair,C
AIMS,2023-11-09T05:00:00Z,02S06,STIC,SP,21064680,21.5278208334,8.87888888888889,20231023-20240520,0,0,fair,C
AIMS,2023-11-09T05:15:00Z,02S06,STIC,SP,21064680,21.5278208334,8.182222222222224,20231023-20240520,0,0,fair,C
AIMS,2023-11-09T05:30:00Z,02S06,STIC,SP,21064680,21.5278208334,8.082222222222224,20231023-20240520,0,0,fair,C
AIMS,2023-11-09T05:45:00Z,02S06,STIC,SP,21064680,21.5278208334,7.882222222222223,20231023-20240520,0,0,fair,C
AIMS,2023-11-09T06:00:00Z,02S06,STIC,SP,21064680,21.5278208334,7.582222222222225,20231023-20240520,0,0,fair,C
AIMS,2023-11-09T06:15:00Z,02S06,STIC,SP,21064680,21.5278208334,7.381111111111112,20231023-20240520,0,0,fair,C
AIMS,2023-11-09T06:30:00Z,02S06,STIC,SP,21064680,21.5278208334,7.4811111111111135,20231023-20240520,0,0,fair,C
AIMS,2023-11-09T06:45:00Z,02S06,STIC,SP,21064680,21.5278208334,7.279999999999999,20231023-20240520,0,0,fair,C
AIMS,2023-11-09T07:00:00Z,02S06,STIC,SP,21064680,21.5278208334,7.381111111111112,20231023-20240520,0,0,fair,C
AIMS,2023-11-09T07:15:00Z,02S06,STIC,SP,21064680,21.5278208334,7.1788888888888875,20231023-20240520,0,0,fair,C
AIMS,2023-11-09T07:30:00Z,02S06,STIC,SP,21064680,21.5278208334,6.977777777777779,20231023-20240520,0,0,fair,C
AIMS,2023-11-09T07:45:00Z,02S06,STIC,SP,21064680,21.5278208334,6.5727777777777785,20231023-20240520,0,0,fair,C
AIMS,2023-11-09T08:00:00Z,02S06,STIC,SP,21064680,21.5278208334,6.063888888888887,20231023-20240520,0,0,fair,C
AIMS,2023-11-09T08:15:00Z,02S06,STIC,SP,21064680,21.5278208334,5.655,20231023-20240520,0,0,fair,C
AIMS,2023-11-09T08:30:00Z,02S06,STIC,SP,21064680,21.5278208334,5.347222222222222,20231023-20240520,0,0,fair,C
AIMS,2023-11-09T08:45:00Z,02S06,STIC,SP,21064680,21.5278208334,5.243888888888889,20231023-20240520,0,0,fair,C
AIMS,2023-11-09T09:00:00Z,02S06,STIC,SP,21064680,21.5278208334,5.14111111111111,20231023-20240520,0,0,fair,C
AIMS,2023-11-09T09:15:00Z,02S06,STIC,SP,21064680,21.5278208334,5.037222222222224,20231023-20240520,0,0,fair,C
AIMS,2023-11-09T09:30:00Z,02S06,STIC,SP,21064680,21.5278208334,5.347222222222222,20231023-20240520,0,0,fair,C
AIMS,2023-11-09T09:45:00Z,02S06,STIC,SP,21064680,32.29173125010001,5.037222222222224,20231023-20240520,0,0,fair,C
AIMS,2023-11-09T10:00:00Z,02S06,STIC,SP,21064680,32.29173125010001,4.933888888888889,20231023-20240520,0,0,fair,C
AIMS,2023-11-09T10:15:00Z,02S06,STIC,SP,21064680,32.29173125010001,5.14111111111111,20231023-20240520,0,0,fair,C
AIMS,2023-11-09T10:30:00Z,02S06,STIC,SP,21064680,86.1112833336,5.552222222222222,20231023-20240520,0,0,fair,C
AIMS,2023-11-09T10:45:00Z,02S06,STIC,SP,21064680,96.8751937503,6.063888888888887,20231023-20240520,0,0,fair,C
AIMS,2023-11-09T11:00:00Z,02S06,STIC,SP,21064680,96.8751937503,6.471111111111114,20231023-20240520,0,0,fair,C
AIMS,2023-11-09T11:15:00Z,02S06,STIC,SP,21064680,96.8751937503,5.86,20231023-20240520,0,0,fair,C
AIMS,2023-11-09T11:30:00Z,02S06,STIC,SP,21064680,96.8751937503,5.552222222222222,20231023-20240520,0,0,fair,C
AIMS,2023-11-09T11:45:00Z,02S06,STIC,SP,21064680,96.8751937503,5.243888888888889,20231023-20240520,0,0,fair,C
AIMS,2023-11-09T12:00:00Z,02S06,STIC,SP,21064680,96.8751937503,5.347222222222222,20231023-20240520,0,0,fair,C
AIMS,2023-11-09T12:15:00Z,02S06,STIC,SP,21064680,96.8751937503,5.655,20231023-20240520,0,0,fair,C
AIMS,2023-11-09T12:30:00Z,02S06,STIC,SP,21064680,64.5834625002,5.86,20231023-20240520,0,0,fair,C
AIMS,2023-11-09T12:45:00Z,02S06,STIC,SP,21064680,64.5834625002,5.86,20231023-20240520,0,0,fair,C
AIMS,2023-11-09T13:00:00Z,02S06,STIC,SP,21064680,53.8195520835,5.655,20231023-20240520,0,0,fair,C
AIMS,2023-11-09T13:15:00Z,02S06,STIC,SP,21064680,53.8195520835,5.7572222222222225,20231023-20240520,0,0,fair,C
AIMS,2023-11-09T13:30:00Z,02S06,STIC,SP,21064680,53.8195520835,6.267777777777775,20231023-20240520,0,0,fair,C
AIMS,2023-11-09T13:45:00Z,02S06,STIC,SP,21064680,86.1112833336,6.775,20231023-20240520,0,0,fair,C
AIMS,2023-11-09T14:00:00Z,02S06,STIC,SP,21064680,96.8751937503,7.782222222222226,20231023-20240520,0,0,fair,C
AIMS,2023-11-09T14:15:00Z,02S06,STIC,SP,21064680,96.8751937503,8.778888888888888,20231023-20240520,0,0,fair,C
AIMS,2023-11-09T14:30:00Z,02S06,STIC,SP,21064680,86.1112833336,9.17611111111111,20231023-20240520,0,0,fair,C
AIMS,2023-11-09T14:45:00Z,02S06,STIC,SP,21064680,86.1112833336,9.372777777777781,20231023-20240520,0,0,fair,C
AIMS,2023-11-09T15:00:00Z,02S06,STIC,SP,21064680,75.34737291689999,9.57111111111111,20231023-20240520,0,0,fair,C
AIMS,2023-11-09T15:15:00Z,02S06,STIC,SP,21064680,75.34737291689999,9.66888888888889,20231023-20240520,0,0,fair,C
AIMS,2023-11-09T15:30:00Z,02S06,STIC,SP,21064680,64.5834625002,10.25888888888889,20231023-20240520,0,0,fair,C
AIMS,2023-11-09T15:45:00Z,02S06,STIC,SP,21064680,53.8195520835,10.357222222222227,20231023-20240520,0,0,fair,C
AIMS,2023-11-09T16:00:00Z,02S06,STIC,SP,21064680,53.8195520835,10.552777777777775,20231023-20240520,0,0,fair,C
AIMS,2023-11-09T16:15:00Z,02S06,STIC,SP,21064680,53.8195520835,11.431111111111111,20231023-20240520,0,0,fair,C
AIMS,2023-11-09T16:30:00Z,02S06,STIC,SP,21064680,53.8195520835,12.012777777777774,20231023-20240520,0,0,fair,C
AIMS,2023-11-09T16:45:00Z,02S06,STIC,SP,21064680,43.05564166679999,12.30388888888889,20231023-20240520,0,0,fair,C
AIMS,2023-11-09T17:00:00Z,02S06,STIC,SP,21064680,53.8195520835,13.65388888888889,20231023-20240520,0,0,fair,C
AIMS,2023-11-09T17:15:00Z,02S06,STIC,SP,21064680,53.8195520835,14.99611111111111,20231023-20240520,0,0,fair,C
AIMS,2023-11-09T17:30:00Z,02S06,STIC,SP,21064680,64.5834625002,16.99888888888889,20231023-20240520,0,0,fair,C
AIMS,2023-11-09T17:45:00Z,02S06,STIC,SP,21064680,86.1112833336,19.282222222222213,20231023-20240520,0,0,fair,C
AIMS,2023-11-09T18:00:00Z,02S06,STIC,SP,21064680,43.05564166679999,20.710000000000004,20231023-20240520,0,0,fair,C
AIMS,2023-11-09T18:15:00Z,02S06,STIC,SP,21064680,0,21.472777777777775,20231023-20240520,0,0,fair,C
AIMS,2023-11-09T18:30:00Z,02S06,STIC,SP,21064680,0,21.56888888888889,20231023-20240520,0,0,fair,C
AIMS,2023-11-09T18:45:00Z,02S06,STIC,SP,21064680,4305.564166680001,21.282222222222217,20231023-20240520,0,1,fair,C
AIMS,2023-11-09T19:00:00Z,02S06,STIC,SP,21064680,10677.7991333664,19.377222222222223,20231023-20240520,0,1,fair,C
AIMS,2023-11-09T19:15:00Z,02S06,STIC,SP,21064680,3272.2287666767998,18.99611111111111,20231023-20240520,0,1,fair,C
AIMS,2023-11-09T19:30:00Z,02S06,STIC,SP,21064680,2755.5610666752004,21.76,20231023-20240520,0,1,fair,C
AIMS,2023-11-09T19:45:00Z,02S06,STIC,SP,21064680,1808.3369500056,20.805,20231023-20240520,0,1,fair,C
AIMS,2023-11-09T20:00:00Z,02S06,STIC,SP,21064680,88177.95413360638,17.855,20231023-20240520,546.3711642331538,1,fair,NA
AIMS,2023-11-09T20:15:00Z,02S06,STIC,SP,21064680,77155.70986690561,16.427222222222223,20231023-20240520,460.14593948565073,1,fair,NA
AIMS,2023-11-09T20:30:00Z,02S06,STIC,SP,21064680,79911.2709335808,16.141111111111115,20231023-20240520,481.70224567252654,1,fair,NA
AIMS,2023-11-09T20:45:00Z,02S06,STIC,SP,21064680,2755.5610666752004,17.57,20231023-20240520,0,1,fair,C
AIMS,2023-11-09T21:00:00Z,02S06,STIC,SP,21064680,2497.2272166744006,17.18888888888889,20231023-20240520,0,1,fair,C
AIMS,2023-11-09T21:15:00Z,02S06,STIC,SP,21064680,3272.2287666767998,18.14,20231023-20240520,0,1,fair,C
AIMS,2023-11-09T21:30:00Z,02S06,STIC,SP,21064680,3100.0062000095995,16.99888888888889,20231023-20240520,0,1,fair,C
AIMS,2023-11-09T21:45:00Z,02S06,STIC,SP,21064680,1722.2256666720002,16.046111111111113,20231023-20240520,0,1,fair,C
AIMS,2023-11-09T22:00:00Z,02S06,STIC,SP,21064680,4477.7867333471995,14.421111111111108,20231023-20240520,0,1,fair,C
AIMS,2023-11-09T22:15:00Z,02S06,STIC,SP,21064680,5338.899566683202,13.172777777777775,20231023-20240520,0,1,fair,C
AIMS,2023-11-09T22:30:00Z,02S06,STIC,SP,21064680,71644.5877335552,12.207222222222219,20231023-20240520,417.0333271118992,1,fair,NA
AIMS,2023-11-09T22:45:00Z,02S06,STIC,SP,21064680,77155.70986690561,11.138888888888888,20231023-20240520,460.14593948565073,1,fair,NA
AIMS,2023-11-09T23:00:00Z,02S06,STIC,SP,21064680,74400.1488002304,9.66888888888889,20231023-20240520,438.5896332987749,1,fair,NA
AIMS,2023-11-09T23:15:00Z,02S06,STIC,SP,21064680,88177.95413360638,8.68,20231023-20240520,546.3711642331538,1,fair,NA
AIMS,2023-11-09T23:30:00Z,02S06,STIC,SP,21064680,93689.0762669568,8.382222222222223,20231023-20240520,589.4837766069055,1,fair,NA
AIMS,2023-11-09T23:45:00Z,02S06,STIC,SP,21064680,93689.0762669568,7.882222222222223,20231023-20240520,589.4837766069055,1,fair,NA
AIMS,2023-11-10T00:00:00Z,02S06,STIC,SP,21064680,93689.0762669568,7.381111111111112,20231023-20240520,589.4837766069055,1,fair,NA
AIMS,2023-11-10T00:15:00Z,02S06,STIC,SP,21064680,93689.0762669568,7.1788888888888875,20231023-20240520,589.4837766069055,1,fair,NA
AIMS,2023-11-10T00:30:00Z,02S06,STIC,SP,21064680,93689.0762669568,7.1788888888888875,20231023-20240520,589.4837766069055,1,fair,NA
AIMS,2023-11-10T00:45:00Z,02S06,STIC,SP,21064680,88177.95413360638,7.078888888888887,20231023-20240520,546.3711642331538,1,fair,NA
AIMS,2023-11-10T01:00:00Z,02S06,STIC,SP,21064680,88177.95413360638,6.370000000000001,20231023-20240520,546.3711642331538,1,fair,NA
AIMS,2023-11-10T01:15:00Z,02S06,STIC,SP,21064680,88177.95413360638,6.5727777777777785,20231023-20240520,546.3711642331538,1,fair,NA
AIMS,2023-11-10T01:30:00Z,02S06,STIC,SP,21064680,88177.95413360638,6.5727777777777785,20231023-20240520,546.3711642331538,1,fair,NA
AIMS,2023-11-10T01:45:00Z,02S06,STIC,SP,21064680,88177.95413360638,6.5727777777777785,20231023-20240520,546.3711642331538,1,fair,NA
AIMS,2023-11-10T02:00:00Z,02S06,STIC,SP,21064680,88177.95413360638,6.775,20231023-20240520,546.3711642331538,1,fair,NA
AIMS,2023-11-10T02:15:00Z,02S06,STIC,SP,21064680,88177.95413360638,6.977777777777779,20231023-20240520,546.3711642331538,1,fair,NA
AIMS,2023-11-10T02:30:00Z,02S06,STIC,SP,21064680,88177.95413360638,7.1788888888888875,20231023-20240520,546.3711642331538,1,fair,NA
AIMS,2023-11-10T02:45:00Z,02S06,STIC,SP,21064680,88177.95413360638,7.279999999999999,20231023-20240520,546.3711642331538,1,fair,NA
AIMS,2023-11-10T03:00:00Z,02S06,STIC,SP,21064680,88177.95413360638,7.381111111111112,20231023-20240520,546.3711642331538,1,fair,NA
AIMS,2023-11-10T03:15:00Z,02S06,STIC,SP,21064680,88177.95413360638,7.381111111111112,20231023-20240520,546.3711642331538,1,fair,NA
AIMS,2023-11-10T03:30:00Z,02S06,STIC,SP,21064680,88177.95413360638,7.381111111111112,20231023-20240520,546.3711642331538,1,fair,NA
AIMS,2023-11-10T03:45:00Z,02S06,STIC,SP,21064680,88177.95413360638,7.1788888888888875,20231023-20240520,546.3711642331538,1,fair,NA
AIMS,2023-11-10T04:00:00Z,02S06,STIC,SP,21064680,88177.95413360638,6.977777777777779,20231023-20240520,546.3711642331538,1,fair,NA
AIMS,2023-11-10T04:15:00Z,02S06,STIC,SP,21064680,88177.95413360638,6.267777777777775,20231023-20240520,546.3711642331538,1,fair,NA
AIMS,2023-11-10T04:30:00Z,02S06,STIC,SP,21064680,88177.95413360638,5.552222222222222,20231023-20240520,546.3711642331538,1,fair,NA
AIMS,2023-11-10T04:45:00Z,02S06,STIC,SP,21064680,88177.95413360638,5.243888888888889,20231023-20240520,546.3711642331538,1,fair,NA
AIMS,2023-11-10T05:00:00Z,02S06,STIC,SP,21064680,88177.95413360638,5.037222222222224,20231023-20240520,546.3711642331538,1,fair,NA
AIMS,2023-11-10T05:15:00Z,02S06,STIC,SP,21064680,88177.95413360638,4.933888888888889,20231023-20240520,546.3711642331538,1,fair,NA
AIMS,2023-11-10T05:30:00Z,02S06,STIC,SP,21064680,88177.95413360638,4.8311111111111105,20231023-20240520,546.3711642331538,1,fair,NA
AIMS,2023-11-10T05:45:00Z,02S06,STIC,SP,21064680,88177.95413360638,4.727222222222222,20231023-20240520,546.3711642331538,1,fair,NA
AIMS,2023-11-10T06:00:00Z,02S06,STIC,SP,21064680,88177.95413360638,4.727222222222222,20231023-20240520,546.3711642331538,1,fair,NA
AIMS,2023-11-10T06:15:00Z,02S06,STIC,SP,21064680,88177.95413360638,4.622777777777776,20231023-20240520,546.3711642331538,1,fair,NA
AIMS,2023-11-10T06:30:00Z,02S06,STIC,SP,21064680,88177.95413360638,4.622777777777776,20231023-20240520,546.3711642331538,1,fair,NA
AIMS,2023-11-10T06:45:00Z,02S06,STIC,SP,21064680,88177.95413360638,4.622777777777776,20231023-20240520,546.3711642331538,1,fair,NA
AIMS,2023-11-10T07:00:00Z,02S06,STIC,SP,21064680,88177.95413360638,4.727222222222222,20231023-20240520,546.3711642331538,1,fair,NA
AIMS,2023-11-10T07:15:00Z,02S06,STIC,SP,21064680,88177.95413360638,4.727222222222222,20231023-20240520,546.3711642331538,1,fair,NA
AIMS,2023-11-10T07:30:00Z,02S06,STIC,SP,21064680,88177.95413360638,4.8311111111111105,20231023-20240520,546.3711642331538,1,fair,NA
AIMS,2023-11-10T07:45:00Z,02S06,STIC,SP,21064680,88177.95413360638,5.037222222222224,20231023-20240520,546.3711642331538,1,fair,NA
AIMS,2023-11-10T08:00:00Z,02S06,STIC,SP,21064680,88177.95413360638,5.037222222222224,20231023-20240520,546.3711642331538,1,fair,NA
AIMS,2023-11-10T08:15:00Z,02S06,STIC,SP,21064680,88177.95413360638,4.727222222222222,20231023-20240520,546.3711642331538,1,fair,NA
AIMS,2023-11-10T08:30:00Z,02S06,STIC,SP,21064680,88177.95413360638,4.622777777777776,20231023-20240520,546.3711642331538,1,fair,NA
AIMS,2023-11-10T08:45:00Z,02S06,STIC,SP,21064680,88177.95413360638,4.622777777777776,20231023-20240520,546.3711642331538,1,fair,NA
AIMS,2023-11-10T09:00:00Z,02S06,STIC,SP,21064680,88177.95413360638,5.14111111111111,20231023-20240520,546.3711642331538,1,fair,NA
AIMS,2023-11-10T09:15:00Z,02S06,STIC,SP,21064680,88177.95413360638,5.552222222222222,20231023-20240520,546.3711642331538,1,fair,NA
AIMS,2023-11-10T09:30:00Z,02S06,STIC,SP,21064680,88177.95413360638,5.552222222222222,20231023-20240520,546.3711642331538,1,fair,NA
AIMS,2023-11-10T09:45:00Z,02S06,STIC,SP,21064680,88177.95413360638,5.347222222222222,20231023-20240520,546.3711642331538,1,fair,NA
AIMS,2023-11-10T10:00:00Z,02S06,STIC,SP,21064680,88177.95413360638,5.243888888888889,20231023-20240520,546.3711642331538,1,fair,NA
AIMS,2023-11-10T10:15:00Z,02S06,STIC,SP,21064680,88177.95413360638,5.552222222222222,20231023-20240520,546.3711642331538,1,fair,NA
AIMS,2023-11-10T10:30:00Z,02S06,STIC,SP,21064680,88177.95413360638,5.347222222222222,20231023-20240520,546.3711642331538,1,fair,NA
AIMS,2023-11-10T10:45:00Z,02S06,STIC,SP,21064680,88177.95413360638,4.8311111111111105,20231023-20240520,546.3711642331538,1,fair,NA
AIMS,2023-11-10T11:00:00Z,02S06,STIC,SP,21064680,88177.95413360638,4.727222222222222,20231023-20240520,546.3711642331538,1,fair,NA
AIMS,2023-11-10T11:15:00Z,02S06,STIC,SP,21064680,85422.39306693122,4.2072222222222235,20231023-20240520,524.814858046278,1,fair,NA
AIMS,2023-11-10T11:30:00Z,02S06,STIC,SP,21064680,85422.39306693122,3.8927777777777774,20231023-20240520,524.814858046278,1,fair,NA
AIMS,2023-11-10T11:45:00Z,02S06,STIC,SP,21064680,85422.39306693122,3.6827777777777775,20231023-20240520,524.814858046278,1,fair,NA
AIMS,2023-11-10T12:00:00Z,02S06,STIC,SP,21064680,85422.39306693122,3.4722222222222223,20231023-20240520,524.814858046278,1,fair,NA
AIMS,2023-11-10T12:15:00Z,02S06,STIC,SP,21064680,85422.39306693122,3.367222222222223,20231023-20240520,524.814858046278,1,fair,NA
AIMS,2023-11-10T12:30:00Z,02S06,STIC,SP,21064680,85422.39306693122,3.1550000000000007,20231023-20240520,524.814858046278,1,fair,NA
AIMS,2023-11-10T12:45:00Z,02S06,STIC,SP,21064680,85422.39306693122,3.048888888888888,20231023-20240520,524.814858046278,1,fair,NA
AIMS,2023-11-10T13:00:00Z,02S06,STIC,SP,21064680,85422.39306693122,3.048888888888888,20231023-20240520,524.814858046278,1,fair,NA
AIMS,2023-11-10T13:15:00Z,02S06,STIC,SP,21064680,85422.39306693122,3.048888888888888,20231023-20240520,524.814858046278,1,fair,NA
AIMS,2023-11-10T13:30:00Z,02S06,STIC,SP,21064680,85422.39306693122,3.1550000000000007,20231023-20240520,524.814858046278,1,fair,NA
AIMS,2023-11-10T13:45:00Z,02S06,STIC,SP,21064680,85422.39306693122,3.367222222222223,20231023-20240520,524.814858046278,1,fair,NA
AIMS,2023-11-10T14:00:00Z,02S06,STIC,SP,21064680,85422.39306693122,3.6827777777777775,20231023-20240520,524.814858046278,1,fair,NA
AIMS,2023-11-10T14:15:00Z,02S06,STIC,SP,21064680,85422.39306693122,4.622777777777776,20231023-20240520,524.814858046278,1,fair,NA
AIMS,2023-11-10T14:30:00Z,02S06,STIC,SP,21064680,85422.39306693122,5.552222222222222,20231023-20240520,524.814858046278,1,fair,NA
AIMS,2023-11-10T14:45:00Z,02S06,STIC,SP,21064680,88177.95413360638,6.267777777777775,20231023-20240520,546.3711642331538,1,fair,NA
AIMS,2023-11-10T15:00:00Z,02S06,STIC,SP,21064680,88177.95413360638,6.877222222222222,20231023-20240520,546.3711642331538,1,fair,NA
AIMS,2023-11-10T15:15:00Z,02S06,STIC,SP,21064680,88177.95413360638,7.279999999999999,20231023-20240520,546.3711642331538,1,fair,NA
AIMS,2023-11-10T15:30:00Z,02S06,STIC,SP,21064680,88177.95413360638,7.682222222222225,20231023-20240520,546.3711642331538,1,fair,NA
AIMS,2023-11-10T15:45:00Z,02S06,STIC,SP,21064680,88177.95413360638,7.882222222222223,20231023-20240520,546.3711642331538,1,fair,NA
AIMS,2023-11-10T16:00:00Z,02S06,STIC,SP,21064680,88177.95413360638,8.481111111111108,20231023-20240520,546.3711642331538,1,fair,NA
AIMS,2023-11-10T16:15:00Z,02S06,STIC,SP,21064680,85422.39306693122,8.68,20231023-20240520,524.814858046278,1,fair,NA
AIMS,2023-11-10T16:30:00Z,02S06,STIC,SP,21064680,88177.95413360638,9.767777777777773,20231023-20240520,546.3711642331538,1,fair,NA
AIMS,2023-11-10T16:45:00Z,02S06,STIC,SP,21064680,88177.95413360638,11.818888888888887,20231023-20240520,546.3711642331538,1,fair,NA
AIMS,2023-11-10T17:00:00Z,02S06,STIC,SP,21064680,88177.95413360638,12.882777777777775,20231023-20240520,546.3711642331538,1,fair,NA
AIMS,2023-11-10T17:15:00Z,02S06,STIC,SP,21064680,93689.0762669568,15.09111111111111,20231023-20240520,589.4837766069055,1,fair,NA
AIMS,2023-11-10T17:30:00Z,02S06,STIC,SP,21064680,93689.0762669568,16.99888888888889,20231023-20240520,589.4837766069055,1,fair,NA
AIMS,2023-11-10T17:45:00Z,02S06,STIC,SP,21064680,99200.19840030721,18.80611111111111,20231023-20240520,632.5963889806568,1,fair,NA
AIMS,2023-11-10T18:00:00Z,02S06,STIC,SP,21064680,99200.19840030721,20.518888888888892,20231023-20240520,632.5963889806568,1,fair,NA
AIMS,2023-11-10T18:15:00Z,02S06,STIC,SP,21064680,99200.19840030721,22.046111111111113,20231023-20240520,632.5963889806568,1,fair,NA
AIMS,2023-11-10T18:30:00Z,02S06,STIC,SP,21064680,99200.19840030721,22.046111111111113,20231023-20240520,632.5963889806568,1,fair,NA
AIMS,2023-11-10T18:45:00Z,02S06,STIC,SP,21064680,99200.19840030721,22.812222222222218,20231023-20240520,632.5963889806568,1,fair,NA
AIMS,2023-11-10T19:00:00Z,02S06,STIC,SP,21064680,99200.19840030721,23.38777777777777,20231023-20240520,632.5963889806568,1,fair,NA
AIMS,2023-11-10T19:15:00Z,02S06,STIC,SP,21064680,99200.19840030721,23.58111111111111,20231023-20240520,632.5963889806568,1,fair,NA
AIMS,2023-11-10T19:30:00Z,02S06,STIC,SP,21064680,99200.19840030721,23.38777777777777,20231023-20240520,632.5963889806568,1,fair,NA
AIMS,2023-11-10T19:45:00Z,02S06,STIC,SP,21064680,99200.19840030721,22.812222222222218,20231023-20240520,632.5963889806568,1,fair,NA
AIMS,2023-11-10T20:00:00Z,02S06,STIC,SP,21064680,99200.19840030721,21.472777777777775,20231023-20240520,632.5963889806568,1,fair,NA
AIMS,2023-11-10T20:15:00Z,02S06,STIC,SP,21064680,99200.19840030721,20.042777777777772,20231023-20240520,632.5963889806568,1,fair,NA
AIMS,2023-11-10T20:30:00Z,02S06,STIC,SP,21064680,99200.19840030721,19.757777777777772,20231023-20240520,632.5963889806568,1,fair,NA
AIMS,2023-11-10T20:45:00Z,02S06,STIC,SP,21064680,99200.19840030721,19.282222222222213,20231023-20240520,632.5963889806568,1,fair,NA
AIMS,2023-11-10T21:00:00Z,02S06,STIC,SP,21064680,99200.19840030721,19.662222222222216,20231023-20240520,632.5963889806568,1,fair,NA
AIMS,2023-11-10T21:15:00Z,02S06,STIC,SP,21064680,99200.19840030721,20.615000000000002,20231023-20240520,632.5963889806568,1,fair,NA
AIMS,2023-11-10T21:30:00Z,02S06,STIC,SP,21064680,99200.19840030721,20.423888888888893,20231023-20240520,632.5963889806568,1,fair,NA
AIMS,2023-11-10T21:45:00Z,02S06,STIC,SP,21064680,99200.19840030721,17.474999999999994,20231023-20240520,632.5963889806568,1,fair,NA
AIMS,2023-11-10T22:00:00Z,02S06,STIC,SP,21064680,99200.19840030721,14.9,20231023-20240520,632.5963889806568,1,fair,NA
AIMS,2023-11-10T22:15:00Z,02S06,STIC,SP,21064680,93689.0762669568,13.461111111111107,20231023-20240520,589.4837766069055,1,fair,NA
AIMS,2023-11-10T22:30:00Z,02S06,STIC,SP,21064680,93689.0762669568,12.59388888888889,20231023-20240520,589.4837766069055,1,fair,NA
AIMS,2023-11-10T22:45:00Z,02S06,STIC,SP,21064680,93689.0762669568,11.818888888888887,20231023-20240520,589.4837766069055,1,fair,NA
AIMS,2023-11-10T23:00:00Z,02S06,STIC,SP,21064680,93689.0762669568,10.747777777777772,20231023-20240520,589.4837766069055,1,fair,NA
AIMS,2023-11-10T23:15:00Z,02S06,STIC,SP,21064680,93689.0762669568,9.17611111111111,20231023-20240520,589.4837766069055,1,fair,NA
AIMS,2023-11-10T23:30:00Z,02S06,STIC,SP,21064680,93689.0762669568,8.182222222222224,20231023-20240520,589.4837766069055,1,fair,NA
AIMS,2023-11-10T23:45:00Z,02S06,STIC,SP,21064680,93689.0762669568,7.582222222222225,20231023-20240520,589.4837766069055,1,fair,NA
AIMS,2023-11-11T00:00:00Z,02S06,STIC,SP,21064680,88177.95413360638,6.877222222222222,20231023-20240520,546.3711642331538,1,fair,NA
AIMS,2023-11-11T00:15:00Z,02S06,STIC,SP,21064680,88177.95413360638,6.267777777777775,20231023-20240520,546.3711642331538,1,fair,NA
AIMS,2023-11-11T00:30:00Z,02S06,STIC,SP,21064680,88177.95413360638,6.063888888888887,20231023-20240520,546.3711642331538,1,fair,NA
AIMS,2023-11-11T00:45:00Z,02S06,STIC,SP,21064680,88177.95413360638,6.673888888888888,20231023-20240520,546.3711642331538,1,fair,NA
AIMS,2023-11-11T01:00:00Z,02S06,STIC,SP,21064680,88177.95413360638,7.1788888888888875,20231023-20240520,546.3711642331538,1,fair,NA
AIMS,2023-11-11T01:15:00Z,02S06,STIC,SP,21064680,88177.95413360638,7.1788888888888875,20231023-20240520,546.3711642331538,1,fair,NA
AIMS,2023-11-11T01:30:00Z,02S06,STIC,SP,21064680,88177.95413360638,7.279999999999999,20231023-20240520,546.3711642331538,1,fair,NA
AIMS,2023-11-11T01:45:00Z,02S06,STIC,SP,21064680,88177.95413360638,7.381111111111112,20231023-20240520,546.3711642331538,1,fair,NA
AIMS,2023-11-11T02:00:00Z,02S06,STIC,SP,21064680,88177.95413360638,7.381111111111112,20231023-20240520,546.3711642331538,1,fair,NA
AIMS,2023-11-11T02:15:00Z,02S06,STIC,SP,21064680,88177.95413360638,7.1788888888888875,20231023-20240520,546.3711642331538,1,fair,NA
AIMS,2023-11-11T02:30:00Z,02S06,STIC,SP,21064680,88177.95413360638,7.279999999999999,20231023-20240520,546.3711642331538,1,fair,NA
AIMS,2023-11-11T02:45:00Z,02S06,STIC,SP,21064680,88177.95413360638,7.279999999999999,20231023-20240520,546.3711642331538,1,fair,NA
AIMS,2023-11-11T03:00:00Z,02S06,STIC,SP,21064680,88177.95413360638,7.279999999999999,20231023-20240520,546.3711642331538,1,fair,NA
AIMS,2023-11-11T03:15:00Z,02S06,STIC,SP,21064680,88177.95413360638,7.381111111111112,20231023-20240520,546.3711642331538,1,fair,NA
AIMS,2023-11-11T03:30:00Z,02S06,STIC,SP,21064680,88177.95413360638,7.381111111111112,20231023-20240520,546.3711642331538,1,fair,NA
AIMS,2023-11-11T03:45:00Z,02S06,STIC,SP,21064680,88177.95413360638,7.381111111111112,20231023-20240520,546.3711642331538,1,fair,NA
AIMS,2023-11-11T04:00:00Z,02S06,STIC,SP,21064680,88177.95413360638,7.279999999999999,20231023-20240520,546.3711642331538,1,fair,NA
AIMS,2023-11-11T04:15:00Z,02S06,STIC,SP,21064680,88177.95413360638,7.1788888888888875,20231023-20240520,546.3711642331538,1,fair,NA
AIMS,2023-11-11T04:30:00Z,02S06,STIC,SP,21064680,88177.95413360638,7.1788888888888875,20231023-20240520,546.3711642331538,1,fair,NA
AIMS,2023-11-11T04:45:00Z,02S06,STIC,SP,21064680,88177.95413360638,7.1788888888888875,20231023-20240520,546.3711642331538,1,fair,NA
AIMS,2023-11-11T05:00:00Z,02S06,STIC,SP,21064680,88177.95413360638,7.1788888888888875,20231023-20240520,546.3711642331538,1,fair,NA
AIMS,2023-11-11T05:15:00Z,02S06,STIC,SP,21064680,88177.95413360638,7.1788888888888875,20231023-20240520,546.3711642331538,1,fair,NA
AIMS,2023-11-11T05:30:00Z,02S06,STIC,SP,21064680,88177.95413360638,7.1788888888888875,20231023-20240520,546.3711642331538,1,fair,NA
AIMS,2023-11-11T05:45:00Z,02S06,STIC,SP,21064680,88177.95413360638,7.078888888888887,20231023-20240520,546.3711642331538,1,fair,NA
AIMS,2023-11-11T06:00:00Z,02S06,STIC,SP,21064680,88177.95413360638,7.1788888888888875,20231023-20240520,546.3711642331538,1,fair,NA
AIMS,2023-11-11T06:15:00Z,02S06,STIC,SP,21064680,85422.39306693122,7.279999999999999,20231023-20240520,524.814858046278,1,fair,NA
AIMS,2023-11-11T06:30:00Z,02S06,STIC,SP,21064680,85422.39306693122,7.381111111111112,20231023-20240520,524.814858046278,1,fair,NA
AIMS,2023-11-11T06:45:00Z,02S06,STIC,SP,21064680,85422.39306693122,7.4811111111111135,20231023-20240520,524.814858046278,1,fair,NA
AIMS,2023-11-11T07:00:00Z,02S06,STIC,SP,21064680,85422.39306693122,7.682222222222225,20231023-20240520,524.814858046278,1,fair,NA
AIMS,2023-11-11T07:15:00Z,02S06,STIC,SP,21064680,85422.39306693122,7.682222222222225,20231023-20240520,524.814858046278,1,fair,NA
AIMS,2023-11-11T07:30:00Z,02S06,STIC,SP,21064680,88177.95413360638,7.782222222222226,20231023-20240520,546.3711642331538,1,fair,NA
AIMS,2023-11-11T07:45:00Z,02S06,STIC,SP,21064680,88177.95413360638,7.782222222222226,20231023-20240520,546.3711642331538,1,fair,NA
AIMS,2023-11-11T08:00:00Z,02S06,STIC,SP,21064680,88177.95413360638,7.582222222222225,20231023-20240520,546.3711642331538,1,fair,NA
AIMS,2023-11-11T08:15:00Z,02S06,STIC,SP,21064680,88177.95413360638,7.4811111111111135,20231023-20240520,546.3711642331538,1,fair,NA
AIMS,2023-11-11T08:30:00Z,02S06,STIC,SP,21064680,88177.95413360638,7.4811111111111135,20231023-20240520,546.3711642331538,1,fair,NA
AIMS,2023-11-11T08:45:00Z,02S06,STIC,SP,21064680,88177.95413360638,7.682222222222225,20231023-20240520,546.3711642331538,1,fair,NA
AIMS,2023-11-11T09:00:00Z,02S06,STIC,SP,21064680,88177.95413360638,7.982777777777778,20231023-20240520,546.3711642331538,1,fair,NA
AIMS,2023-11-11T09:15:00Z,02S06,STIC,SP,21064680,88177.95413360638,8.481111111111108,20231023-20240520,546.3711642331538,1,fair,NA
AIMS,2023-11-11T09:30:00Z,02S06,STIC,SP,21064680,88177.95413360638,8.68,20231023-20240520,546.3711642331538,1,fair,NA
AIMS,2023-11-11T09:45:00Z,02S06,STIC,SP,21064680,88177.95413360638,8.87888888888889,20231023-20240520,546.3711642331538,1,fair,NA
AIMS,2023-11-11T10:00:00Z,02S06,STIC,SP,21064680,88177.95413360638,8.87888888888889,20231023-20240520,546.3711642331538,1,fair,NA
AIMS,2023-11-11T10:15:00Z,02S06,STIC,SP,21064680,88177.95413360638,8.977777777777774,20231023-20240520,546.3711642331538,1,fair,NA
AIMS,2023-11-11T10:30:00Z,02S06,STIC,SP,21064680,88177.95413360638,9.077222222222222,20231023-20240520,546.3711642331538,1,fair,NA
AIMS,2023-11-11T10:45:00Z,02S06,STIC,SP,21064680,88177.95413360638,9.077222222222222,20231023-20240520,546.3711642331538,1,fair,NA
AIMS,2023-11-11T11:00:00Z,02S06,STIC,SP,21064680,88177.95413360638,9.077222222222222,20231023-20240520,546.3711642331538,1,fair,NA
AIMS,2023-11-11T11:15:00Z,02S06,STIC,SP,21064680,88177.95413360638,8.977777777777774,20231023-20240520,546.3711642331538,1,fair,NA
AIMS,2023-11-11T11:30:00Z,02S06,STIC,SP,21064680,88177.95413360638,8.977777777777774,20231023-20240520,546.3711642331538,1,fair,NA
AIMS,2023-11-11T11:45:00Z,02S06,STIC,SP,21064680,88177.95413360638,8.977777777777774,20231023-20240520,546.3711642331538,1,fair,NA
AIMS,2023-11-11T12:00:00Z,02S06,STIC,SP,21064680,88177.95413360638,9.077222222222222,20231023-20240520,546.3711642331538,1,fair,NA
AIMS,2023-11-11T12:15:00Z,02S06,STIC,SP,21064680,88177.95413360638,9.077222222222222,20231023-20240520,546.3711642331538,1,fair,NA
AIMS,2023-11-11T12:30:00Z,02S06,STIC,SP,21064680,88177.95413360638,8.87888888888889,20231023-20240520,546.3711642331538,1,fair,NA
AIMS,2023-11-11T12:45:00Z,02S06,STIC,SP,21064680,88177.95413360638,8.977777777777774,20231023-20240520,546.3711642331538,1,fair,NA
AIMS,2023-11-11T13:00:00Z,02S06,STIC,SP,21064680,88177.95413360638,8.977777777777774,20231023-20240520,546.3711642331538,1,fair,NA
AIMS,2023-11-11T13:15:00Z,02S06,STIC,SP,21064680,88177.95413360638,9.077222222222222,20231023-20240520,546.3711642331538,1,fair,NA
AIMS,2023-11-11T13:30:00Z,02S06,STIC,SP,21064680,88177.95413360638,9.275,20231023-20240520,546.3711642331538,1,fair,NA
AIMS,2023-11-11T13:45:00Z,02S06,STIC,SP,21064680,88177.95413360638,9.472222222222221,20231023-20240520,546.3711642331538,1,fair,NA
AIMS,2023-11-11T14:00:00Z,02S06,STIC,SP,21064680,88177.95413360638,9.66888888888889,20231023-20240520,546.3711642331538,1,fair,NA
AIMS,2023-11-11T14:15:00Z,02S06,STIC,SP,21064680,88177.95413360638,10.161111111111108,20231023-20240520,546.3711642331538,1,fair,NA
AIMS,2023-11-11T14:30:00Z,02S06,STIC,SP,21064680,88177.95413360638,10.455000000000004,20231023-20240520,546.3711642331538,1,fair,NA
AIMS,2023-11-11T14:45:00Z,02S06,STIC,SP,21064680,88177.95413360638,10.651111111111108,20231023-20240520,546.3711642331538,1,fair,NA
AIMS,2023-11-11T15:00:00Z,02S06,STIC,SP,21064680,88177.95413360638,10.747777777777772,20231023-20240520,546.3711642331538,1,fair,NA
AIMS,2023-11-11T15:15:00Z,02S06,STIC,SP,21064680,88177.95413360638,10.84611111111111,20231023-20240520,546.3711642331538,1,fair,NA
AIMS,2023-11-11T15:30:00Z,02S06,STIC,SP,21064680,88177.95413360638,10.747777777777772,20231023-20240520,546.3711642331538,1,fair,NA
AIMS,2023-11-11T15:45:00Z,02S06,STIC,SP,21064680,88177.95413360638,10.84611111111111,20231023-20240520,546.3711642331538,1,fair,NA
AIMS,2023-11-11T16:00:00Z,02S06,STIC,SP,21064680,88177.95413360638,11.138888888888888,20231023-20240520,546.3711642331538,1,fair,NA
AIMS,2023-11-11T16:15:00Z,02S06,STIC,SP,21064680,88177.95413360638,11.625,20231023-20240520,546.3711642331538,1,fair,NA
AIMS,2023-11-11T16:30:00Z,02S06,STIC,SP,21064680,88177.95413360638,11.916111111111109,20231023-20240520,546.3711642331538,1,fair,NA
AIMS,2023-11-11T16:45:00Z,02S06,STIC,SP,21064680,88177.95413360638,11.818888888888887,20231023-20240520,546.3711642331538,1,fair,NA
AIMS,2023-11-11T17:00:00Z,02S06,STIC,SP,21064680,85422.39306693122,11.236111111111107,20231023-20240520,524.814858046278,1,fair,NA
AIMS,2023-11-11T17:15:00Z,02S06,STIC,SP,21064680,85422.39306693122,10.84611111111111,20231023-20240520,524.814858046278,1,fair,NA
AIMS,2023-11-11T17:30:00Z,02S06,STIC,SP,21064680,88177.95413360638,10.943888888888887,20231023-20240520,546.3711642331538,1,fair,NA
AIMS,2023-11-11T17:45:00Z,02S06,STIC,SP,21064680,42711.1965334656,11.041111111111109,20231023-20240520,190.69211214970403,1,fair,NA
AIMS,2023-11-11T18:00:00Z,02S06,STIC,SP,21064680,88177.95413360638,11.236111111111107,20231023-20240520,546.3711642331538,1,fair,NA
AIMS,2023-11-11T18:15:00Z,02S06,STIC,SP,21064680,82666.83200025599,11.431111111111111,20231023-20240520,503.25855185940213,1,fair,NA
AIMS,2023-11-11T18:30:00Z,02S06,STIC,SP,21064680,82666.83200025599,11.138888888888888,20231023-20240520,503.25855185940213,1,fair,NA
AIMS,2023-11-11T18:45:00Z,02S06,STIC,SP,21064680,82666.83200025599,11.333888888888893,20231023-20240520,503.25855185940213,1,fair,NA
AIMS,2023-11-11T19:00:00Z,02S06,STIC,SP,21064680,82666.83200025599,11.431111111111111,20231023-20240520,503.25855185940213,1,fair,NA
AIMS,2023-11-11T19:15:00Z,02S06,STIC,SP,21064680,82666.83200025599,11.72222222222222,20231023-20240520,503.25855185940213,1,fair,NA
AIMS,2023-11-11T19:30:00Z,02S06,STIC,SP,21064680,85422.39306693122,12.012777777777774,20231023-20240520,524.814858046278,1,fair,NA
AIMS,2023-11-11T19:45:00Z,02S06,STIC,SP,21064680,85422.39306693122,12.012777777777774,20231023-20240520,524.814858046278,1,fair,NA
AIMS,2023-11-11T20:00:00Z,02S06,STIC,SP,21064680,82666.83200025599,12.30388888888889,20231023-20240520,503.25855185940213,1,fair,NA
AIMS,2023-11-11T20:15:00Z,02S06,STIC,SP,21064680,82666.83200025599,12.40111111111111,20231023-20240520,503.25855185940213,1,fair,NA
AIMS,2023-11-11T20:30:00Z,02S06,STIC,SP,21064680,82666.83200025599,12.497222222222222,20231023-20240520,503.25855185940213,1,fair,NA
AIMS,2023-11-11T20:45:00Z,02S06,STIC,SP,21064680,82666.83200025599,12.69,20231023-20240520,503.25855185940213,1,fair,NA
AIMS,2023-11-11T21:00:00Z,02S06,STIC,SP,21064680,82666.83200025599,12.98,20231023-20240520,503.25855185940213,1,fair,NA
AIMS,2023-11-11T21:15:00Z,02S06,STIC,SP,21064680,85422.39306693122,13.268888888888888,20231023-20240520,524.814858046278,1,fair,NA
AIMS,2023-11-11T21:30:00Z,02S06,STIC,SP,21064680,85422.39306693122,13.461111111111107,20231023-20240520,524.814858046278,1,fair,NA
AIMS,2023-11-11T21:45:00Z,02S06,STIC,SP,21064680,85422.39306693122,13.65388888888889,20231023-20240520,524.814858046278,1,fair,NA
AIMS,2023-11-11T22:00:00Z,02S06,STIC,SP,21064680,85422.39306693122,13.75,20231023-20240520,524.814858046278,1,fair,NA
AIMS,2023-11-11T22:15:00Z,02S06,STIC,SP,21064680,3616.6739000112,13.65388888888889,20231023-20240520,0,1,fair,C
AIMS,2023-11-11T22:30:00Z,02S06,STIC,SP,21064680,93689.0762669568,12.882777777777775,20231023-20240520,589.4837766069055,1,fair,NA
AIMS,2023-11-11T22:45:00Z,02S06,STIC,SP,21064680,88177.95413360638,12.59388888888889,20231023-20240520,546.3711642331538,1,fair,NA
AIMS,2023-11-11T23:00:00Z,02S06,STIC,SP,21064680,88177.95413360638,12.40111111111111,20231023-20240520,546.3711642331538,1,fair,NA
AIMS,2023-11-11T23:15:00Z,02S06,STIC,SP,21064680,88177.95413360638,12.207222222222219,20231023-20240520,546.3711642331538,1,fair,NA
AIMS,2023-11-11T23:30:00Z,02S06,STIC,SP,21064680,88177.95413360638,11.916111111111109,20231023-20240520,546.3711642331538,1,fair,NA
AIMS,2023-11-11T23:45:00Z,02S06,STIC,SP,21064680,88177.95413360638,11.72222222222222,20231023-20240520,546.3711642331538,1,fair,NA
AIMS,2023-11-12T00:00:00Z,02S06,STIC,SP,21064680,88177.95413360638,11.527777777777779,20231023-20240520,546.3711642331538,1,fair,NA
AIMS,2023-11-12T00:15:00Z,02S06,STIC,SP,21064680,85422.39306693122,11.236111111111107,20231023-20240520,524.814858046278,1,fair,NA
AIMS,2023-11-12T00:30:00Z,02S06,STIC,SP,21064680,82666.83200025599,10.651111111111108,20231023-20240520,503.25855185940213,1,fair,NA
AIMS,2023-11-12T00:45:00Z,02S06,STIC,SP,21064680,82666.83200025599,10.161111111111108,20231023-20240520,503.25855185940213,1,fair,NA
AIMS,2023-11-12T01:00:00Z,02S06,STIC,SP,21064680,79911.2709335808,9.866111111111111,20231023-20240520,481.70224567252654,1,fair,NA
AIMS,2023-11-12T01:15:00Z,02S06,STIC,SP,21064680,79911.2709335808,9.66888888888889,20231023-20240520,481.70224567252654,1,fair,NA
AIMS,2023-11-12T01:30:00Z,02S06,STIC,SP,21064680,79911.2709335808,9.57111111111111,20231023-20240520,481.70224567252654,1,fair,NA
AIMS,2023-11-12T01:45:00Z,02S06,STIC,SP,21064680,77155.70986690561,9.275,20231023-20240520,460.14593948565073,1,fair,NA
AIMS,2023-11-12T02:00:00Z,02S06,STIC,SP,21064680,79911.2709335808,9.275,20231023-20240520,481.70224567252654,1,fair,NA
AIMS,2023-11-12T02:15:00Z,02S06,STIC,SP,21064680,79911.2709335808,9.866111111111111,20231023-20240520,481.70224567252654,1,fair,NA
AIMS,2023-11-12T02:30:00Z,02S06,STIC,SP,21064680,79911.2709335808,9.767777777777773,20231023-20240520,481.70224567252654,1,fair,NA
AIMS,2023-11-12T02:45:00Z,02S06,STIC,SP,21064680,79911.2709335808,9.66888888888889,20231023-20240520,481.70224567252654,1,fair,NA
AIMS,2023-11-12T03:00:00Z,02S06,STIC,SP,21064680,77155.70986690561,9.472222222222221,20231023-20240520,460.14593948565073,1,fair,NA
AIMS,2023-11-12T03:15:00Z,02S06,STIC,SP,21064680,77155.70986690561,8.977777777777774,20231023-20240520,460.14593948565073,1,fair,NA
AIMS,2023-11-12T03:30:00Z,02S06,STIC,SP,21064680,74400.1488002304,8.68,20231023-20240520,438.5896332987749,1,fair,NA
AIMS,2023-11-12T03:45:00Z,02S06,STIC,SP,21064680,77155.70986690561,8.778888888888888,20231023-20240520,460.14593948565073,1,fair,NA
AIMS,2023-11-12T04:00:00Z,02S06,STIC,SP,21064680,79911.2709335808,9.472222222222221,20231023-20240520,481.70224567252654,1,fair,NA
AIMS,2023-11-12T04:15:00Z,02S06,STIC,SP,21064680,82666.83200025599,9.866111111111111,20231023-20240520,503.25855185940213,1,fair,NA
AIMS,2023-11-12T04:30:00Z,02S06,STIC,SP,21064680,82666.83200025599,10.25888888888889,20231023-20240520,503.25855185940213,1,fair,NA
AIMS,2023-11-12T04:45:00Z,02S06,STIC,SP,21064680,82666.83200025599,10.357222222222227,20231023-20240520,503.25855185940213,1,fair,NA
AIMS,2023-11-12T05:00:00Z,02S06,STIC,SP,21064680,79911.2709335808,10.455000000000004,20231023-20240520,481.70224567252654,1,fair,NA
AIMS,2023-11-12T05:15:00Z,02S06,STIC,SP,21064680,79911.2709335808,10.062777777777775,20231023-20240520,481.70224567252654,1,fair,NA
AIMS,2023-11-12T05:30:00Z,02S06,STIC,SP,21064680,79911.2709335808,9.372777777777781,20231023-20240520,481.70224567252654,1,fair,NA
AIMS,2023-11-12T05:45:00Z,02S06,STIC,SP,21064680,79911.2709335808,8.977777777777774,20231023-20240520,481.70224567252654,1,fair,NA
AIMS,2023-11-12T06:00:00Z,02S06,STIC,SP,21064680,79911.2709335808,8.778888888888888,20231023-20240520,481.70224567252654,1,fair,NA
AIMS,2023-11-12T06:15:00Z,02S06,STIC,SP,21064680,82666.83200025599,8.68,20231023-20240520,503.25855185940213,1,fair,NA
AIMS,2023-11-12T06:30:00Z,02S06,STIC,SP,21064680,82666.83200025599,8.581111111111108,20231023-20240520,503.25855185940213,1,fair,NA
AIMS,2023-11-12T06:45:00Z,02S06,STIC,SP,21064680,82666.83200025599,8.481111111111108,20231023-20240520,503.25855185940213,1,fair,NA
AIMS,2023-11-12T07:00:00Z,02S06,STIC,SP,21064680,82666.83200025599,8.481111111111108,20231023-20240520,503.25855185940213,1,fair,NA
AIMS,2023-11-12T07:15:00Z,02S06,STIC,SP,21064680,79911.2709335808,8.382222222222223,20231023-20240520,481.70224567252654,1,fair,NA
AIMS,2023-11-12T07:30:00Z,02S06,STIC,SP,21064680,79911.2709335808,8.481111111111108,20231023-20240520,481.70224567252654,1,fair,NA
AIMS,2023-11-12T07:45:00Z,02S06,STIC,SP,21064680,82666.83200025599,8.481111111111108,20231023-20240520,503.25855185940213,1,fair,NA
AIMS,2023-11-12T08:00:00Z,02S06,STIC,SP,21064680,79911.2709335808,8.282222222222224,20231023-20240520,481.70224567252654,1,fair,NA
AIMS,2023-11-12T08:15:00Z,02S06,STIC,SP,21064680,82666.83200025599,8.082222222222224,20231023-20240520,503.25855185940213,1,fair,NA
AIMS,2023-11-12T08:30:00Z,02S06,STIC,SP,21064680,79911.2709335808,8.082222222222224,20231023-20240520,481.70224567252654,1,fair,NA
AIMS,2023-11-12T08:45:00Z,02S06,STIC,SP,21064680,79911.2709335808,7.982777777777778,20231023-20240520,481.70224567252654,1,fair,NA
AIMS,2023-11-12T09:00:00Z,02S06,STIC,SP,21064680,79911.2709335808,7.782222222222226,20231023-20240520,481.70224567252654,1,fair,NA
AIMS,2023-11-12T09:15:00Z,02S06,STIC,SP,21064680,79911.2709335808,7.582222222222225,20231023-20240520,481.70224567252654,1,fair,NA
AIMS,2023-11-12T09:30:00Z,02S06,STIC,SP,21064680,79911.2709335808,7.381111111111112,20231023-20240520,481.70224567252654,1,fair,NA
AIMS,2023-11-12T09:45:00Z,02S06,STIC,SP,21064680,79911.2709335808,7.4811111111111135,20231023-20240520,481.70224567252654,1,fair,NA
AIMS,2023-11-12T10:00:00Z,02S06,STIC,SP,21064680,79911.2709335808,7.582222222222225,20231023-20240520,481.70224567252654,1,fair,NA
AIMS,2023-11-12T10:15:00Z,02S06,STIC,SP,21064680,79911.2709335808,7.682222222222225,20231023-20240520,481.70224567252654,1,fair,NA
AIMS,2023-11-12T10:30:00Z,02S06,STIC,SP,21064680,79911.2709335808,7.682222222222225,20231023-20240520,481.70224567252654,1,fair,NA
AIMS,2023-11-12T10:45:00Z,02S06,STIC,SP,21064680,79911.2709335808,7.782222222222226,20231023-20240520,481.70224567252654,1,fair,NA
AIMS,2023-11-12T11:00:00Z,02S06,STIC,SP,21064680,79911.2709335808,7.782222222222226,20231023-20240520,481.70224567252654,1,fair,NA
AIMS,2023-11-12T11:15:00Z,02S06,STIC,SP,21064680,79911.2709335808,7.882222222222223,20231023-20240520,481.70224567252654,1,fair,NA
AIMS,2023-11-12T11:30:00Z,02S06,STIC,SP,21064680,79911.2709335808,7.882222222222223,20231023-20240520,481.70224567252654,1,fair,NA
AIMS,2023-11-12T11:45:00Z,02S06,STIC,SP,21064680,82666.83200025599,7.882222222222223,20231023-20240520,503.25855185940213,1,fair,NA
AIMS,2023-11-12T12:00:00Z,02S06,STIC,SP,21064680,82666.83200025599,7.982777777777778,20231023-20240520,503.25855185940213,1,fair,NA
AIMS,2023-11-12T12:15:00Z,02S06,STIC,SP,21064680,82666.83200025599,7.982777777777778,20231023-20240520,503.25855185940213,1,fair,NA
AIMS,2023-11-12T12:30:00Z,02S06,STIC,SP,21064680,82666.83200025599,7.982777777777778,20231023-20240520,503.25855185940213,1,fair,NA
AIMS,2023-11-12T12:45:00Z,02S06,STIC,SP,21064680,82666.83200025599,7.982777777777778,20231023-20240520,503.25855185940213,1,fair,NA
AIMS,2023-11-12T13:00:00Z,02S06,STIC,SP,21064680,82666.83200025599,7.982777777777778,20231023-20240520,503.25855185940213,1,fair,NA
AIMS,2023-11-12T13:15:00Z,02S06,STIC,SP,21064680,79911.2709335808,7.982777777777778,20231023-20240520,481.70224567252654,1,fair,NA
AIMS,2023-11-12T13:30:00Z,02S06,STIC,SP,21064680,79911.2709335808,7.882222222222223,20231023-20240520,481.70224567252654,1,fair,NA
AIMS,2023-11-12T13:45:00Z,02S06,STIC,SP,21064680,79911.2709335808,8.282222222222224,20231023-20240520,481.70224567252654,1,fair,NA
AIMS,2023-11-12T14:00:00Z,02S06,STIC,SP,21064680,79911.2709335808,8.581111111111108,20231023-20240520,481.70224567252654,1,fair,NA
AIMS,2023-11-12T14:15:00Z,02S06,STIC,SP,21064680,79911.2709335808,8.977777777777774,20231023-20240520,481.70224567252654,1,fair,NA
AIMS,2023-11-12T14:30:00Z,02S06,STIC,SP,21064680,79911.2709335808,9.472222222222221,20231023-20240520,481.70224567252654,1,fair,NA
AIMS,2023-11-12T14:45:00Z,02S06,STIC,SP,21064680,79911.2709335808,10.062777777777775,20231023-20240520,481.70224567252654,1,fair,NA
AIMS,2023-11-12T15:00:00Z,02S06,STIC,SP,21064680,82666.83200025599,10.651111111111108,20231023-20240520,503.25855185940213,1,fair,NA
AIMS,2023-11-12T15:15:00Z,02S06,STIC,SP,21064680,82666.83200025599,11.138888888888888,20231023-20240520,503.25855185940213,1,fair,NA
AIMS,2023-11-12T15:30:00Z,02S06,STIC,SP,21064680,82666.83200025599,11.527777777777779,20231023-20240520,503.25855185940213,1,fair,NA
AIMS,2023-11-12T15:45:00Z,02S06,STIC,SP,21064680,82666.83200025599,12.012777777777774,20231023-20240520,503.25855185940213,1,fair,NA
AIMS,2023-11-12T16:00:00Z,02S06,STIC,SP,21064680,82666.83200025599,12.59388888888889,20231023-20240520,503.25855185940213,1,fair,NA
AIMS,2023-11-12T16:15:00Z,02S06,STIC,SP,21064680,82666.83200025599,13.268888888888888,20231023-20240520,503.25855185940213,1,fair,NA
AIMS,2023-11-12T16:30:00Z,02S06,STIC,SP,21064680,85422.39306693122,14.229999999999999,20231023-20240520,524.814858046278,1,fair,NA
AIMS,2023-11-12T16:45:00Z,02S06,STIC,SP,21064680,85422.39306693122,15.855000000000002,20231023-20240520,524.814858046278,1,fair,NA
AIMS,2023-11-12T17:00:00Z,02S06,STIC,SP,21064680,85422.39306693122,16.237222222222222,20231023-20240520,524.814858046278,1,fair,NA
AIMS,2023-11-12T17:15:00Z,02S06,STIC,SP,21064680,85422.39306693122,18.521111111111107,20231023-20240520,524.814858046278,1,fair,NA
AIMS,2023-11-12T17:30:00Z,02S06,STIC,SP,21064680,88177.95413360638,20.32888888888889,20231023-20240520,546.3711642331538,1,fair,NA
AIMS,2023-11-12T17:45:00Z,02S06,STIC,SP,21064680,88177.95413360638,21.66388888888889,20231023-20240520,546.3711642331538,1,fair,NA
AIMS,2023-11-12T18:00:00Z,02S06,STIC,SP,21064680,88177.95413360638,23.58111111111111,20231023-20240520,546.3711642331538,1,fair,NA
AIMS,2023-11-12T18:15:00Z,02S06,STIC,SP,21064680,88177.95413360638,24.737777777777783,20231023-20240520,546.3711642331538,1,fair,NA
AIMS,2023-11-12T18:30:00Z,02S06,STIC,SP,21064680,88177.95413360638,24.641111111111112,20231023-20240520,546.3711642331538,1,fair,NA
AIMS,2023-11-12T18:45:00Z,02S06,STIC,SP,21064680,88177.95413360638,24.931111111111115,20231023-20240520,546.3711642331538,1,fair,NA
AIMS,2023-11-12T19:00:00Z,02S06,STIC,SP,21064680,85422.39306693122,25.70777777777778,20231023-20240520,524.814858046278,1,fair,NA
AIMS,2023-11-12T19:15:00Z,02S06,STIC,SP,21064680,88177.95413360638,26.487777777777772,20231023-20240520,546.3711642331538,1,fair,NA
AIMS,2023-11-12T19:30:00Z,02S06,STIC,SP,21064680,88177.95413360638,26,20231023-20240520,546.3711642331538,1,fair,NA
AIMS,2023-11-12T19:45:00Z,02S06,STIC,SP,21064680,88177.95413360638,25.610000000000003,20231023-20240520,546.3711642331538,1,fair,NA
AIMS,2023-11-12T20:00:00Z,02S06,STIC,SP,21064680,88177.95413360638,24.447777777777773,20231023-20240520,546.3711642331538,1,fair,NA
AIMS,2023-11-12T20:15:00Z,02S06,STIC,SP,21064680,85422.39306693122,23.292222222222215,20231023-20240520,524.814858046278,1,fair,NA
AIMS,2023-11-12T20:30:00Z,02S06,STIC,SP,21064680,85422.39306693122,22.812222222222218,20231023-20240520,524.814858046278,1,fair,NA
AIMS,2023-11-12T20:45:00Z,02S06,STIC,SP,21064680,88177.95413360638,22.62111111111112,20231023-20240520,546.3711642331538,1,fair,NA
AIMS,2023-11-12T21:00:00Z,02S06,STIC,SP,21064680,85422.39306693122,23.292222222222215,20231023-20240520,524.814858046278,1,fair,NA
AIMS,2023-11-12T21:15:00Z,02S06,STIC,SP,21064680,88177.95413360638,24.062222222222214,20231023-20240520,546.3711642331538,1,fair,NA
AIMS,2023-11-12T21:30:00Z,02S06,STIC,SP,21064680,88177.95413360638,23.483888888888888,20231023-20240520,546.3711642331538,1,fair,NA
AIMS,2023-11-12T21:45:00Z,02S06,STIC,SP,21064680,85422.39306693122,20.32888888888889,20231023-20240520,524.814858046278,1,fair,NA
AIMS,2023-11-12T22:00:00Z,02S06,STIC,SP,21064680,82666.83200025599,18.23611111111111,20231023-20240520,503.25855185940213,1,fair,NA
AIMS,2023-11-12T22:15:00Z,02S06,STIC,SP,21064680,85422.39306693122,16.902777777777775,20231023-20240520,524.814858046278,1,fair,NA
AIMS,2023-11-12T22:30:00Z,02S06,STIC,SP,21064680,85422.39306693122,15.951111111111109,20231023-20240520,524.814858046278,1,fair,NA
AIMS,2023-11-12T22:45:00Z,02S06,STIC,SP,21064680,82666.83200025599,14.9,20231023-20240520,503.25855185940213,1,fair,NA
AIMS,2023-11-12T23:00:00Z,02S06,STIC,SP,21064680,85422.39306693122,13.365000000000004,20231023-20240520,524.814858046278,1,fair,NA
AIMS,2023-11-12T23:15:00Z,02S06,STIC,SP,21064680,82666.83200025599,11.72222222222222,20231023-20240520,503.25855185940213,1,fair,NA
AIMS,2023-11-12T23:30:00Z,02S06,STIC,SP,21064680,85422.39306693122,10.552777777777775,20231023-20240520,524.814858046278,1,fair,NA
AIMS,2023-11-12T23:45:00Z,02S06,STIC,SP,21064680,85422.39306693122,9.767777777777773,20231023-20240520,524.814858046278,1,fair,NA
AIMS,2023-11-13T00:00:00Z,02S06,STIC,SP,21064680,85422.39306693122,9.275,20231023-20240520,524.814858046278,1,fair,NA
AIMS,2023-11-13T00:15:00Z,02S06,STIC,SP,21064680,82666.83200025599,8.977777777777774,20231023-20240520,503.25855185940213,1,fair,NA
AIMS,2023-11-13T00:30:00Z,02S06,STIC,SP,21064680,82666.83200025599,8.68,20231023-20240520,503.25855185940213,1,fair,NA
AIMS,2023-11-13T00:45:00Z,02S06,STIC,SP,21064680,82666.83200025599,8.382222222222223,20231023-20240520,503.25855185940213,1,fair,NA
AIMS,2023-11-13T01:00:00Z,02S06,STIC,SP,21064680,82666.83200025599,8.282222222222224,20231023-20240520,503.25855185940213,1,fair,NA
AIMS,2023-11-13T01:15:00Z,02S06,STIC,SP,21064680,82666.83200025599,8.182222222222224,20231023-20240520,503.25855185940213,1,fair,NA
AIMS,2023-11-13T01:30:00Z,02S06,STIC,SP,21064680,82666.83200025599,8.082222222222224,20231023-20240520,503.25855185940213,1,fair,NA
AIMS,2023-11-13T01:45:00Z,02S06,STIC,SP,21064680,82666.83200025599,8.082222222222224,20231023-20240520,503.25855185940213,1,fair,NA
AIMS,2023-11-13T02:00:00Z,02S06,STIC,SP,21064680,82666.83200025599,7.982777777777778,20231023-20240520,503.25855185940213,1,fair,NA
AIMS,2023-11-13T02:15:00Z,02S06,STIC,SP,21064680,82666.83200025599,7.882222222222223,20231023-20240520,503.25855185940213,1,fair,NA
AIMS,2023-11-13T02:30:00Z,02S06,STIC,SP,21064680,82666.83200025599,7.682222222222225,20231023-20240520,503.25855185940213,1,fair,NA
AIMS,2023-11-13T02:45:00Z,02S06,STIC,SP,21064680,79911.2709335808,7.4811111111111135,20231023-20240520,481.70224567252654,1,fair,NA
AIMS,2023-11-13T03:00:00Z,02S06,STIC,SP,21064680,79911.2709335808,7.279999999999999,20231023-20240520,481.70224567252654,1,fair,NA
AIMS,2023-11-13T03:15:00Z,02S06,STIC,SP,21064680,79911.2709335808,7.279999999999999,20231023-20240520,481.70224567252654,1,fair,NA
AIMS,2023-11-13T03:30:00Z,02S06,STIC,SP,21064680,79911.2709335808,7.279999999999999,20231023-20240520,481.70224567252654,1,fair,NA
AIMS,2023-11-13T03:45:00Z,02S06,STIC,SP,21064680,79911.2709335808,7.582222222222225,20231023-20240520,481.70224567252654,1,fair,NA
AIMS,2023-11-13T04:00:00Z,02S06,STIC,SP,21064680,79911.2709335808,7.782222222222226,20231023-20240520,481.70224567252654,1,fair,NA
AIMS,2023-11-13T04:15:00Z,02S06,STIC,SP,21064680,79911.2709335808,7.582222222222225,20231023-20240520,481.70224567252654,1,fair,NA
AIMS,2023-11-13T04:30:00Z,02S06,STIC,SP,21064680,79911.2709335808,7.279999999999999,20231023-20240520,481.70224567252654,1,fair,NA
AIMS,2023-11-13T04:45:00Z,02S06,STIC,SP,21064680,79911.2709335808,6.977777777777779,20231023-20240520,481.70224567252654,1,fair,NA
AIMS,2023-11-13T05:00:00Z,02S06,STIC,SP,21064680,79911.2709335808,6.877222222222222,20231023-20240520,481.70224567252654,1,fair,NA
AIMS,2023-11-13T05:15:00Z,02S06,STIC,SP,21064680,79911.2709335808,6.877222222222222,20231023-20240520,481.70224567252654,1,fair,NA
AIMS,2023-11-13T05:30:00Z,02S06,STIC,SP,21064680,79911.2709335808,6.775,20231023-20240520,481.70224567252654,1,fair,NA
AIMS,2023-11-13T05:45:00Z,02S06,STIC,SP,21064680,77155.70986690561,6.5727777777777785,20231023-20240520,460.14593948565073,1,fair,NA
AIMS,2023-11-13T06:00:00Z,02S06,STIC,SP,21064680,77155.70986690561,6.370000000000001,20231023-20240520,460.14593948565073,1,fair,NA
AIMS,2023-11-13T06:15:00Z,02S06,STIC,SP,21064680,77155.70986690561,6.267777777777775,20231023-20240520,460.14593948565073,1,fair,NA
AIMS,2023-11-13T06:30:00Z,02S06,STIC,SP,21064680,77155.70986690561,6.1661111111111095,20231023-20240520,460.14593948565073,1,fair,NA
AIMS,2023-11-13T06:45:00Z,02S06,STIC,SP,21064680,77155.70986690561,6.063888888888887,20231023-20240520,460.14593948565073,1,fair,NA
AIMS,2023-11-13T07:00:00Z,02S06,STIC,SP,21064680,77155.70986690561,5.86,20231023-20240520,460.14593948565073,1,fair,NA
AIMS,2023-11-13T07:15:00Z,02S06,STIC,SP,21064680,77155.70986690561,5.86,20231023-20240520,460.14593948565073,1,fair,NA
AIMS,2023-11-13T07:30:00Z,02S06,STIC,SP,21064680,77155.70986690561,5.7572222222222225,20231023-20240520,460.14593948565073,1,fair,NA
AIMS,2023-11-13T07:45:00Z,02S06,STIC,SP,21064680,77155.70986690561,5.7572222222222225,20231023-20240520,460.14593948565073,1,fair,NA
AIMS,2023-11-13T08:00:00Z,02S06,STIC,SP,21064680,77155.70986690561,5.7572222222222225,20231023-20240520,460.14593948565073,1,fair,NA
AIMS,2023-11-13T08:15:00Z,02S06,STIC,SP,21064680,77155.70986690561,5.7572222222222225,20231023-20240520,460.14593948565073,1,fair,NA
AIMS,2023-11-13T08:30:00Z,02S06,STIC,SP,21064680,77155.70986690561,5.655,20231023-20240520,460.14593948565073,1,fair,NA
AIMS,2023-11-13T08:45:00Z,02S06,STIC,SP,21064680,77155.70986690561,5.552222222222222,20231023-20240520,460.14593948565073,1,fair,NA
AIMS,2023-11-13T09:00:00Z,02S06,STIC,SP,21064680,77155.70986690561,5.450000000000001,20231023-20240520,460.14593948565073,1,fair,NA
AIMS,2023-11-13T09:15:00Z,02S06,STIC,SP,21064680,77155.70986690561,5.347222222222222,20231023-20240520,460.14593948565073,1,fair,NA
AIMS,2023-11-13T09:30:00Z,02S06,STIC,SP,21064680,77155.70986690561,5.243888888888889,20231023-20240520,460.14593948565073,1,fair,NA
AIMS,2023-11-13T09:45:00Z,02S06,STIC,SP,21064680,77155.70986690561,5.243888888888889,20231023-20240520,460.14593948565073,1,fair,NA
AIMS,2023-11-13T10:00:00Z,02S06,STIC,SP,21064680,74400.1488002304,5.14111111111111,20231023-20240520,438.5896332987749,1,fair,NA
AIMS,2023-11-13T10:15:00Z,02S06,STIC,SP,21064680,74400.1488002304,4.933888888888889,20231023-20240520,438.5896332987749,1,fair,NA
AIMS,2023-11-13T10:30:00Z,02S06,STIC,SP,21064680,74400.1488002304,4.933888888888889,20231023-20240520,438.5896332987749,1,fair,NA
AIMS,2023-11-13T10:45:00Z,02S06,STIC,SP,21064680,74400.1488002304,5.14111111111111,20231023-20240520,438.5896332987749,1,fair,NA
AIMS,2023-11-13T11:00:00Z,02S06,STIC,SP,21064680,74400.1488002304,5.14111111111111,20231023-20240520,438.5896332987749,1,fair,NA
AIMS,2023-11-13T11:15:00Z,02S06,STIC,SP,21064680,74400.1488002304,5.14111111111111,20231023-20240520,438.5896332987749,1,fair,NA
AIMS,2023-11-13T11:30:00Z,02S06,STIC,SP,21064680,71644.5877335552,5.552222222222222,20231023-20240520,417.0333271118992,1,fair,NA
AIMS,2023-11-13T11:45:00Z,02S06,STIC,SP,21064680,74400.1488002304,5.9622222222222225,20231023-20240520,438.5896332987749,1,fair,NA
AIMS,2023-11-13T12:00:00Z,02S06,STIC,SP,21064680,71644.5877335552,5.7572222222222225,20231023-20240520,417.0333271118992,1,fair,NA
AIMS,2023-11-13T12:15:00Z,02S06,STIC,SP,21064680,71644.5877335552,5.7572222222222225,20231023-20240520,417.0333271118992,1,fair,NA
AIMS,2023-11-13T12:30:00Z,02S06,STIC,SP,21064680,71644.5877335552,5.9622222222222225,20231023-20240520,417.0333271118992,1,fair,NA
AIMS,2023-11-13T12:45:00Z,02S06,STIC,SP,21064680,68889.02666688002,6.1661111111111095,20231023-20240520,395.4770209250236,1,fair,NA
AIMS,2023-11-13T13:00:00Z,02S06,STIC,SP,21064680,71644.5877335552,6.370000000000001,20231023-20240520,417.0333271118992,1,fair,NA
AIMS,2023-11-13T13:15:00Z,02S06,STIC,SP,21064680,74400.1488002304,7.078888888888887,20231023-20240520,438.5896332987749,1,fair,NA
AIMS,2023-11-13T13:30:00Z,02S06,STIC,SP,21064680,71644.5877335552,7.4811111111111135,20231023-20240520,417.0333271118992,1,fair,NA
AIMS,2023-11-13T13:45:00Z,02S06,STIC,SP,21064680,74400.1488002304,7.682222222222225,20231023-20240520,438.5896332987749,1,fair,NA
AIMS,2023-11-13T14:00:00Z,02S06,STIC,SP,21064680,71644.5877335552,7.982777777777778,20231023-20240520,417.0333271118992,1,fair,NA
AIMS,2023-11-13T14:15:00Z,02S06,STIC,SP,21064680,74400.1488002304,8.382222222222223,20231023-20240520,438.5896332987749,1,fair,NA
AIMS,2023-11-13T14:30:00Z,02S06,STIC,SP,21064680,74400.1488002304,8.68,20231023-20240520,438.5896332987749,1,fair,NA
AIMS,2023-11-13T14:45:00Z,02S06,STIC,SP,21064680,74400.1488002304,9.17611111111111,20231023-20240520,438.5896332987749,1,fair,NA
AIMS,2023-11-13T15:00:00Z,02S06,STIC,SP,21064680,74400.1488002304,9.57111111111111,20231023-20240520,438.5896332987749,1,fair,NA
AIMS,2023-11-13T15:15:00Z,02S06,STIC,SP,21064680,74400.1488002304,10.062777777777775,20231023-20240520,438.5896332987749,1,fair,NA
AIMS,2023-11-13T15:30:00Z,02S06,STIC,SP,21064680,77155.70986690561,10.552777777777775,20231023-20240520,460.14593948565073,1,fair,NA
AIMS,2023-11-13T15:45:00Z,02S06,STIC,SP,21064680,77155.70986690561,11.236111111111107,20231023-20240520,460.14593948565073,1,fair,NA
AIMS,2023-11-13T16:00:00Z,02S06,STIC,SP,21064680,77155.70986690561,12.012777777777774,20231023-20240520,460.14593948565073,1,fair,NA
AIMS,2023-11-13T16:15:00Z,02S06,STIC,SP,21064680,77155.70986690561,12.69,20231023-20240520,460.14593948565073,1,fair,NA
AIMS,2023-11-13T16:30:00Z,02S06,STIC,SP,21064680,77155.70986690561,14.229999999999999,20231023-20240520,460.14593948565073,1,fair,NA
AIMS,2023-11-13T16:45:00Z,02S06,STIC,SP,21064680,79911.2709335808,16.141111111111115,20231023-20240520,481.70224567252654,1,fair,NA
AIMS,2023-11-13T17:00:00Z,02S06,STIC,SP,21064680,79911.2709335808,16.807777777777776,20231023-20240520,481.70224567252654,1,fair,NA
AIMS,2023-11-13T17:15:00Z,02S06,STIC,SP,21064680,82666.83200025599,19.56722222222222,20231023-20240520,503.25855185940213,1,fair,NA
AIMS,2023-11-13T17:30:00Z,02S06,STIC,SP,21064680,82666.83200025599,22.142222222222216,20231023-20240520,503.25855185940213,1,fair,NA
AIMS,2023-11-13T17:45:00Z,02S06,STIC,SP,21064680,85422.39306693122,23.58111111111111,20231023-20240520,524.814858046278,1,fair,NA
AIMS,2023-11-13T18:00:00Z,02S06,STIC,SP,21064680,88177.95413360638,25.70777777777778,20231023-20240520,546.3711642331538,1,fair,NA
AIMS,2023-11-13T18:15:00Z,02S06,STIC,SP,21064680,88177.95413360638,27.17277777777777,20231023-20240520,546.3711642331538,1,fair,NA
AIMS,2023-11-13T18:30:00Z,02S06,STIC,SP,21064680,93689.0762669568,27.370000000000005,20231023-20240520,589.4837766069055,1,fair,NA
AIMS,2023-11-13T18:45:00Z,02S06,STIC,SP,21064680,93689.0762669568,27.370000000000005,20231023-20240520,589.4837766069055,1,fair,NA
AIMS,2023-11-13T19:00:00Z,02S06,STIC,SP,21064680,88177.95413360638,27.96111111111111,20231023-20240520,546.3711642331538,1,fair,NA
AIMS,2023-11-13T19:15:00Z,02S06,STIC,SP,21064680,93689.0762669568,28.05999999999999,20231023-20240520,589.4837766069055,1,fair,NA
AIMS,2023-11-13T19:30:00Z,02S06,STIC,SP,21064680,93689.0762669568,27.76388888888889,20231023-20240520,589.4837766069055,1,fair,NA
AIMS,2023-11-13T19:45:00Z,02S06,STIC,SP,21064680,93689.0762669568,27.272222222222222,20231023-20240520,589.4837766069055,1,fair,NA
AIMS,2023-11-13T20:00:00Z,02S06,STIC,SP,21064680,88177.95413360638,25.805,20231023-20240520,546.3711642331538,1,fair,NA
AIMS,2023-11-13T20:15:00Z,02S06,STIC,SP,21064680,88177.95413360638,23.966111111111108,20231023-20240520,546.3711642331538,1,fair,NA
AIMS,2023-11-13T20:30:00Z,02S06,STIC,SP,21064680,88177.95413360638,23.292222222222215,20231023-20240520,546.3711642331538,1,fair,NA
AIMS,2023-11-13T20:45:00Z,02S06,STIC,SP,21064680,88177.95413360638,22.812222222222218,20231023-20240520,546.3711642331538,1,fair,NA
AIMS,2023-11-13T21:00:00Z,02S06,STIC,SP,21064680,88177.95413360638,23.292222222222215,20231023-20240520,546.3711642331538,1,fair,NA
AIMS,2023-11-13T21:15:00Z,02S06,STIC,SP,21064680,88177.95413360638,23.292222222222215,20231023-20240520,546.3711642331538,1,fair,NA
AIMS,2023-11-13T21:30:00Z,02S06,STIC,SP,21064680,88177.95413360638,22.717222222222222,20231023-20240520,546.3711642331538,1,fair,NA
AIMS,2023-11-13T21:45:00Z,02S06,STIC,SP,21064680,85422.39306693122,19.662222222222216,20231023-20240520,524.814858046278,1,fair,NA
AIMS,2023-11-13T22:00:00Z,02S06,STIC,SP,21064680,82666.83200025599,17.474999999999994,20231023-20240520,503.25855185940213,1,fair,NA
AIMS,2023-11-13T22:15:00Z,02S06,STIC,SP,21064680,88177.95413360638,16.237222222222222,20231023-20240520,546.3711642331538,1,fair,NA
AIMS,2023-11-13T22:30:00Z,02S06,STIC,SP,21064680,88177.95413360638,15.282222222222224,20231023-20240520,546.3711642331538,1,fair,NA
AIMS,2023-11-13T22:45:00Z,02S06,STIC,SP,21064680,88177.95413360638,14.517222222222223,20231023-20240520,546.3711642331538,1,fair,NA
AIMS,2023-11-13T23:00:00Z,02S06,STIC,SP,21064680,85422.39306693122,13.461111111111107,20231023-20240520,524.814858046278,1,fair,NA
AIMS,2023-11-13T23:15:00Z,02S06,STIC,SP,21064680,79911.2709335808,12.207222222222219,20231023-20240520,481.70224567252654,1,fair,NA
AIMS,2023-11-13T23:30:00Z,02S06,STIC,SP,21064680,79911.2709335808,10.651111111111108,20231023-20240520,481.70224567252654,1,fair,NA
AIMS,2023-11-13T23:45:00Z,02S06,STIC,SP,21064680,77155.70986690561,9.372777777777781,20231023-20240520,460.14593948565073,1,fair,NA
AIMS,2023-11-14T00:00:00Z,02S06,STIC,SP,21064680,77155.70986690561,8.581111111111108,20231023-20240520,460.14593948565073,1,fair,NA
AIMS,2023-11-14T00:15:00Z,02S06,STIC,SP,21064680,77155.70986690561,8.182222222222224,20231023-20240520,460.14593948565073,1,fair,NA
AIMS,2023-11-14T00:30:00Z,02S06,STIC,SP,21064680,77155.70986690561,8.282222222222224,20231023-20240520,460.14593948565073,1,fair,NA
AIMS,2023-11-14T00:45:00Z,02S06,STIC,SP,21064680,77155.70986690561,9.077222222222222,20231023-20240520,460.14593948565073,1,fair,NA
AIMS,2023-11-14T01:00:00Z,02S06,STIC,SP,21064680,77155.70986690561,9.472222222222221,20231023-20240520,460.14593948565073,1,fair,NA
AIMS,2023-11-14T01:15:00Z,02S06,STIC,SP,21064680,77155.70986690561,9.57111111111111,20231023-20240520,460.14593948565073,1,fair,NA
AIMS,2023-11-14T01:30:00Z,02S06,STIC,SP,21064680,77155.70986690561,9.372777777777781,20231023-20240520,460.14593948565073,1,fair,NA
AIMS,2023-11-14T01:45:00Z,02S06,STIC,SP,21064680,77155.70986690561,9.17611111111111,20231023-20240520,460.14593948565073,1,fair,NA
AIMS,2023-11-14T02:00:00Z,02S06,STIC,SP,21064680,77155.70986690561,9.17611111111111,20231023-20240520,460.14593948565073,1,fair,NA
AIMS,2023-11-14T02:15:00Z,02S06,STIC,SP,21064680,77155.70986690561,8.977777777777774,20231023-20240520,460.14593948565073,1,fair,NA
AIMS,2023-11-14T02:30:00Z,02S06,STIC,SP,21064680,77155.70986690561,8.68,20231023-20240520,460.14593948565073,1,fair,NA
AIMS,2023-11-14T02:45:00Z,02S06,STIC,SP,21064680,77155.70986690561,8.282222222222224,20231023-20240520,460.14593948565073,1,fair,NA
AIMS,2023-11-14T03:00:00Z,02S06,STIC,SP,21064680,77155.70986690561,7.782222222222226,20231023-20240520,460.14593948565073,1,fair,NA
AIMS,2023-11-14T03:15:00Z,02S06,STIC,SP,21064680,77155.70986690561,7.682222222222225,20231023-20240520,460.14593948565073,1,fair,NA
AIMS,2023-11-14T03:30:00Z,02S06,STIC,SP,21064680,77155.70986690561,7.982777777777778,20231023-20240520,460.14593948565073,1,fair,NA
AIMS,2023-11-14T03:45:00Z,02S06,STIC,SP,21064680,77155.70986690561,8.282222222222224,20231023-20240520,460.14593948565073,1,fair,NA
AIMS,2023-11-14T04:00:00Z,02S06,STIC,SP,21064680,77155.70986690561,8.182222222222224,20231023-20240520,460.14593948565073,1,fair,NA
AIMS,2023-11-14T04:15:00Z,02S06,STIC,SP,21064680,77155.70986690561,8.182222222222224,20231023-20240520,460.14593948565073,1,fair,NA
AIMS,2023-11-14T04:30:00Z,02S06,STIC,SP,21064680,77155.70986690561,8.182222222222224,20231023-20240520,460.14593948565073,1,fair,NA
AIMS,2023-11-14T04:45:00Z,02S06,STIC,SP,21064680,74400.1488002304,8.082222222222224,20231023-20240520,438.5896332987749,1,fair,NA
AIMS,2023-11-14T05:00:00Z,02S06,STIC,SP,21064680,71644.5877335552,8.182222222222224,20231023-20240520,417.0333271118992,1,fair,NA
AIMS,2023-11-14T05:15:00Z,02S06,STIC,SP,21064680,71644.5877335552,8.182222222222224,20231023-20240520,417.0333271118992,1,fair,NA
AIMS,2023-11-14T05:30:00Z,02S06,STIC,SP,21064680,71644.5877335552,8.282222222222224,20231023-20240520,417.0333271118992,1,fair,NA
AIMS,2023-11-14T05:45:00Z,02S06,STIC,SP,21064680,68889.02666688002,8.382222222222223,20231023-20240520,395.4770209250236,1,fair,NA
AIMS,2023-11-14T06:00:00Z,02S06,STIC,SP,21064680,68889.02666688002,8.481111111111108,20231023-20240520,395.4770209250236,1,fair,NA
AIMS,2023-11-14T06:15:00Z,02S06,STIC,SP,21064680,71644.5877335552,8.481111111111108,20231023-20240520,417.0333271118992,1,fair,NA
AIMS,2023-11-14T06:30:00Z,02S06,STIC,SP,21064680,74400.1488002304,8.481111111111108,20231023-20240520,438.5896332987749,1,fair,NA
AIMS,2023-11-14T06:45:00Z,02S06,STIC,SP,21064680,74400.1488002304,8.481111111111108,20231023-20240520,438.5896332987749,1,fair,NA
AIMS,2023-11-14T07:00:00Z,02S06,STIC,SP,21064680,74400.1488002304,8.481111111111108,20231023-20240520,438.5896332987749,1,fair,NA
AIMS,2023-11-14T07:15:00Z,02S06,STIC,SP,21064680,77155.70986690561,8.68,20231023-20240520,460.14593948565073,1,fair,NA
AIMS,2023-11-14T07:30:00Z,02S06,STIC,SP,21064680,77155.70986690561,8.778888888888888,20231023-20240520,460.14593948565073,1,fair,NA
AIMS,2023-11-14T07:45:00Z,02S06,STIC,SP,21064680,77155.70986690561,8.581111111111108,20231023-20240520,460.14593948565073,1,fair,NA
AIMS,2023-11-14T08:00:00Z,02S06,STIC,SP,21064680,77155.70986690561,8.481111111111108,20231023-20240520,460.14593948565073,1,fair,NA
AIMS,2023-11-14T08:15:00Z,02S06,STIC,SP,21064680,77155.70986690561,8.581111111111108,20231023-20240520,460.14593948565073,1,fair,NA
AIMS,2023-11-14T08:30:00Z,02S06,STIC,SP,21064680,79911.2709335808,8.581111111111108,20231023-20240520,481.70224567252654,1,fair,NA
AIMS,2023-11-14T08:45:00Z,02S06,STIC,SP,21064680,77155.70986690561,8.581111111111108,20231023-20240520,460.14593948565073,1,fair,NA
AIMS,2023-11-14T09:00:00Z,02S06,STIC,SP,21064680,77155.70986690561,8.581111111111108,20231023-20240520,460.14593948565073,1,fair,NA
AIMS,2023-11-14T09:15:00Z,02S06,STIC,SP,21064680,77155.70986690561,8.382222222222223,20231023-20240520,460.14593948565073,1,fair,NA
AIMS,2023-11-14T09:30:00Z,02S06,STIC,SP,21064680,77155.70986690561,8.382222222222223,20231023-20240520,460.14593948565073,1,fair,NA
AIMS,2023-11-14T09:45:00Z,02S06,STIC,SP,21064680,77155.70986690561,8.382222222222223,20231023-20240520,460.14593948565073,1,fair,NA
AIMS,2023-11-14T10:00:00Z,02S06,STIC,SP,21064680,77155.70986690561,8.581111111111108,20231023-20240520,460.14593948565073,1,fair,NA
AIMS,2023-11-14T10:15:00Z,02S06,STIC,SP,21064680,77155.70986690561,8.581111111111108,20231023-20240520,460.14593948565073,1,fair,NA
AIMS,2023-11-14T10:30:00Z,02S06,STIC,SP,21064680,77155.70986690561,8.68,20231023-20240520,460.14593948565073,1,fair,NA
AIMS,2023-11-14T10:45:00Z,02S06,STIC,SP,21064680,77155.70986690561,8.68,20231023-20240520,460.14593948565073,1,fair,NA
AIMS,2023-11-14T11:00:00Z,02S06,STIC,SP,21064680,79911.2709335808,8.68,20231023-20240520,481.70224567252654,1,fair,NA
AIMS,2023-11-14T11:15:00Z,02S06,STIC,SP,21064680,79911.2709335808,8.68,20231023-20240520,481.70224567252654,1,fair,NA
AIMS,2023-11-14T11:30:00Z,02S06,STIC,SP,21064680,79911.2709335808,8.68,20231023-20240520,481.70224567252654,1,fair,NA
AIMS,2023-11-14T11:45:00Z,02S06,STIC,SP,21064680,79911.2709335808,8.778888888888888,20231023-20240520,481.70224567252654,1,fair,NA
AIMS,2023-11-14T12:00:00Z,02S06,STIC,SP,21064680,79911.2709335808,8.778888888888888,20231023-20240520,481.70224567252654,1,fair,NA
AIMS,2023-11-14T12:15:00Z,02S06,STIC,SP,21064680,79911.2709335808,8.68,20231023-20240520,481.70224567252654,1,fair,NA
AIMS,2023-11-14T12:30:00Z,02S06,STIC,SP,21064680,79911.2709335808,8.481111111111108,20231023-20240520,481.70224567252654,1,fair,NA
AIMS,2023-11-14T12:45:00Z,02S06,STIC,SP,21064680,79911.2709335808,7.782222222222226,20231023-20240520,481.70224567252654,1,fair,NA
AIMS,2023-11-14T13:00:00Z,02S06,STIC,SP,21064680,79911.2709335808,7.682222222222225,20231023-20240520,481.70224567252654,1,fair,NA
AIMS,2023-11-14T13:15:00Z,02S06,STIC,SP,21064680,79911.2709335808,8.182222222222224,20231023-20240520,481.70224567252654,1,fair,NA
AIMS,2023-11-14T13:30:00Z,02S06,STIC,SP,21064680,79911.2709335808,8.382222222222223,20231023-20240520,481.70224567252654,1,fair,NA
AIMS,2023-11-14T13:45:00Z,02S06,STIC,SP,21064680,79911.2709335808,8.481111111111108,20231023-20240520,481.70224567252654,1,fair,NA
AIMS,2023-11-14T14:00:00Z,02S06,STIC,SP,21064680,79911.2709335808,8.87888888888889,20231023-20240520,481.70224567252654,1,fair,NA
AIMS,2023-11-14T14:15:00Z,02S06,STIC,SP,21064680,79911.2709335808,9.275,20231023-20240520,481.70224567252654,1,fair,NA
AIMS,2023-11-14T14:30:00Z,02S06,STIC,SP,21064680,79911.2709335808,9.767777777777773,20231023-20240520,481.70224567252654,1,fair,NA
AIMS,2023-11-14T14:45:00Z,02S06,STIC,SP,21064680,79911.2709335808,10.161111111111108,20231023-20240520,481.70224567252654,1,fair,NA
AIMS,2023-11-14T15:00:00Z,02S06,STIC,SP,21064680,79911.2709335808,10.747777777777772,20231023-20240520,481.70224567252654,1,fair,NA
AIMS,2023-11-14T15:15:00Z,02S06,STIC,SP,21064680,79911.2709335808,11.138888888888888,20231023-20240520,481.70224567252654,1,fair,NA
AIMS,2023-11-14T15:30:00Z,02S06,STIC,SP,21064680,79911.2709335808,11.72222222222222,20231023-20240520,481.70224567252654,1,fair,NA
AIMS,2023-11-14T15:45:00Z,02S06,STIC,SP,21064680,79911.2709335808,12.40111111111111,20231023-20240520,481.70224567252654,1,fair,NA
AIMS,2023-11-14T16:00:00Z,02S06,STIC,SP,21064680,82666.83200025599,13.076111111111109,20231023-20240520,503.25855185940213,1,fair,NA
AIMS,2023-11-14T16:15:00Z,02S06,STIC,SP,21064680,82666.83200025599,13.84611111111111,20231023-20240520,503.25855185940213,1,fair,NA
AIMS,2023-11-14T16:30:00Z,02S06,STIC,SP,21064680,82666.83200025599,15.09111111111111,20231023-20240520,503.25855185940213,1,fair,NA
AIMS,2023-11-14T16:45:00Z,02S06,STIC,SP,21064680,82666.83200025599,16.427222222222223,20231023-20240520,503.25855185940213,1,fair,NA
AIMS,2023-11-14T17:00:00Z,02S06,STIC,SP,21064680,82666.83200025599,16.902777777777775,20231023-20240520,503.25855185940213,1,fair,NA
AIMS,2023-11-14T17:15:00Z,02S06,STIC,SP,21064680,85422.39306693122,19.18722222222222,20231023-20240520,524.814858046278,1,fair,NA
AIMS,2023-11-14T17:30:00Z,02S06,STIC,SP,21064680,82666.83200025599,20.805,20231023-20240520,503.25855185940213,1,fair,NA
AIMS,2023-11-14T17:45:00Z,02S06,STIC,SP,21064680,79911.2709335808,21.95111111111111,20231023-20240520,481.70224567252654,1,fair,NA
AIMS,2023-11-14T18:00:00Z,02S06,STIC,SP,21064680,88177.95413360638,22.237777777777783,20231023-20240520,546.3711642331538,1,fair,NA
AIMS,2023-11-14T18:15:00Z,02S06,STIC,SP,21064680,88177.95413360638,23.483888888888888,20231023-20240520,546.3711642331538,1,fair,NA
AIMS,2023-11-14T18:30:00Z,02S06,STIC,SP,21064680,88177.95413360638,24.351111111111113,20231023-20240520,546.3711642331538,1,fair,NA
AIMS,2023-11-14T18:45:00Z,02S06,STIC,SP,21064680,88177.95413360638,24.641111111111112,20231023-20240520,546.3711642331538,1,fair,NA
AIMS,2023-11-14T19:00:00Z,02S06,STIC,SP,21064680,88177.95413360638,25.222222222222218,20231023-20240520,546.3711642331538,1,fair,NA
AIMS,2023-11-14T19:15:00Z,02S06,STIC,SP,21064680,88177.95413360638,25.610000000000003,20231023-20240520,546.3711642331538,1,fair,NA
AIMS,2023-11-14T19:30:00Z,02S06,STIC,SP,21064680,88177.95413360638,24.931111111111115,20231023-20240520,546.3711642331538,1,fair,NA
AIMS,2023-11-14T19:45:00Z,02S06,STIC,SP,21064680,88177.95413360638,24.737777777777783,20231023-20240520,546.3711642331538,1,fair,NA
AIMS,2023-11-14T20:00:00Z,02S06,STIC,SP,21064680,88177.95413360638,23.003888888888888,20231023-20240520,546.3711642331538,1,fair,NA
AIMS,2023-11-14T20:15:00Z,02S06,STIC,SP,21064680,88177.95413360638,22.142222222222216,20231023-20240520,546.3711642331538,1,fair,NA
AIMS,2023-11-14T20:30:00Z,02S06,STIC,SP,21064680,88177.95413360638,21.95111111111111,20231023-20240520,546.3711642331538,1,fair,NA
AIMS,2023-11-14T20:45:00Z,02S06,STIC,SP,21064680,88177.95413360638,21.855,20231023-20240520,546.3711642331538,1,fair,NA
AIMS,2023-11-14T21:00:00Z,02S06,STIC,SP,21064680,88177.95413360638,22.046111111111113,20231023-20240520,546.3711642331538,1,fair,NA
AIMS,2023-11-14T21:15:00Z,02S06,STIC,SP,21064680,88177.95413360638,21.95111111111111,20231023-20240520,546.3711642331538,1,fair,NA
AIMS,2023-11-14T21:30:00Z,02S06,STIC,SP,21064680,88177.95413360638,21.282222222222217,20231023-20240520,546.3711642331538,1,fair,NA
AIMS,2023-11-14T21:45:00Z,02S06,STIC,SP,21064680,85422.39306693122,18.901111111111113,20231023-20240520,524.814858046278,1,fair,NA
AIMS,2023-11-14T22:00:00Z,02S06,STIC,SP,21064680,85422.39306693122,17.18888888888889,20231023-20240520,524.814858046278,1,fair,NA
AIMS,2023-11-14T22:15:00Z,02S06,STIC,SP,21064680,85422.39306693122,16.237222222222222,20231023-20240520,524.814858046278,1,fair,NA
AIMS,2023-11-14T22:30:00Z,02S06,STIC,SP,21064680,82666.83200025599,15.66388888888889,20231023-20240520,503.25855185940213,1,fair,NA
AIMS,2023-11-14T22:45:00Z,02S06,STIC,SP,21064680,82666.83200025599,15.09111111111111,20231023-20240520,503.25855185940213,1,fair,NA
AIMS,2023-11-14T23:00:00Z,02S06,STIC,SP,21064680,82666.83200025599,14.612777777777774,20231023-20240520,503.25855185940213,1,fair,NA
AIMS,2023-11-14T23:15:00Z,02S06,STIC,SP,21064680,82666.83200025599,13.94222222222222,20231023-20240520,503.25855185940213,1,fair,NA
AIMS,2023-11-14T23:30:00Z,02S06,STIC,SP,21064680,82666.83200025599,12.98,20231023-20240520,503.25855185940213,1,fair,NA
AIMS,2023-11-14T23:45:00Z,02S06,STIC,SP,21064680,82666.83200025599,12.30388888888889,20231023-20240520,503.25855185940213,1,fair,NA
AIMS,2023-11-15T00:00:00Z,02S06,STIC,SP,21064680,82666.83200025599,11.72222222222222,20231023-20240520,503.25855185940213,1,fair,NA
AIMS,2023-11-15T00:15:00Z,02S06,STIC,SP,21064680,79911.2709335808,11.333888888888893,20231023-20240520,481.70224567252654,1,fair,NA
AIMS,2023-11-15T00:30:00Z,02S06,STIC,SP,21064680,79911.2709335808,11.138888888888888,20231023-20240520,481.70224567252654,1,fair,NA
AIMS,2023-11-15T00:45:00Z,02S06,STIC,SP,21064680,79911.2709335808,11.041111111111109,20231023-20240520,481.70224567252654,1,fair,NA
AIMS,2023-11-15T01:00:00Z,02S06,STIC,SP,21064680,79911.2709335808,10.84611111111111,20231023-20240520,481.70224567252654,1,fair,NA
AIMS,2023-11-15T01:15:00Z,02S06,STIC,SP,21064680,79911.2709335808,10.651111111111108,20231023-20240520,481.70224567252654,1,fair,NA
AIMS,2023-11-15T01:30:00Z,02S06,STIC,SP,21064680,79911.2709335808,10.455000000000004,20231023-20240520,481.70224567252654,1,fair,NA
AIMS,2023-11-15T01:45:00Z,02S06,STIC,SP,21064680,79911.2709335808,10.25888888888889,20231023-20240520,481.70224567252654,1,fair,NA
AIMS,2023-11-15T02:00:00Z,02S06,STIC,SP,21064680,79911.2709335808,10.161111111111108,20231023-20240520,481.70224567252654,1,fair,NA
AIMS,2023-11-15T02:15:00Z,02S06,STIC,SP,21064680,79911.2709335808,10.161111111111108,20231023-20240520,481.70224567252654,1,fair,NA
AIMS,2023-11-15T02:30:00Z,02S06,STIC,SP,21064680,79911.2709335808,10.161111111111108,20231023-20240520,481.70224567252654,1,fair,NA
AIMS,2023-11-15T02:45:00Z,02S06,STIC,SP,21064680,79911.2709335808,9.965000000000002,20231023-20240520,481.70224567252654,1,fair,NA
AIMS,2023-11-15T03:00:00Z,02S06,STIC,SP,21064680,77155.70986690561,9.965000000000002,20231023-20240520,460.14593948565073,1,fair,NA
AIMS,2023-11-15T03:15:00Z,02S06,STIC,SP,21064680,77155.70986690561,9.866111111111111,20231023-20240520,460.14593948565073,1,fair,NA
AIMS,2023-11-15T03:30:00Z,02S06,STIC,SP,21064680,77155.70986690561,9.965000000000002,20231023-20240520,460.14593948565073,1,fair,NA
AIMS,2023-11-15T03:45:00Z,02S06,STIC,SP,21064680,77155.70986690561,9.866111111111111,20231023-20240520,460.14593948565073,1,fair,NA
AIMS,2023-11-15T04:00:00Z,02S06,STIC,SP,21064680,77155.70986690561,9.965000000000002,20231023-20240520,460.14593948565073,1,fair,NA
AIMS,2023-11-15T04:15:00Z,02S06,STIC,SP,21064680,77155.70986690561,9.965000000000002,20231023-20240520,460.14593948565073,1,fair,NA
AIMS,2023-11-15T04:30:00Z,02S06,STIC,SP,21064680,77155.70986690561,10.062777777777775,20231023-20240520,460.14593948565073,1,fair,NA
AIMS,2023-11-15T04:45:00Z,02S06,STIC,SP,21064680,77155.70986690561,9.965000000000002,20231023-20240520,460.14593948565073,1,fair,NA
AIMS,2023-11-15T05:00:00Z,02S06,STIC,SP,21064680,77155.70986690561,9.965000000000002,20231023-20240520,460.14593948565073,1,fair,NA
AIMS,2023-11-15T05:15:00Z,02S06,STIC,SP,21064680,77155.70986690561,9.965000000000002,20231023-20240520,460.14593948565073,1,fair,NA
AIMS,2023-11-15T05:30:00Z,02S06,STIC,SP,21064680,77155.70986690561,9.965000000000002,20231023-20240520,460.14593948565073,1,fair,NA
AIMS,2023-11-15T05:45:00Z,02S06,STIC,SP,21064680,77155.70986690561,9.965000000000002,20231023-20240520,460.14593948565073,1,fair,NA
AIMS,2023-11-15T06:00:00Z,02S06,STIC,SP,21064680,77155.70986690561,9.866111111111111,20231023-20240520,460.14593948565073,1,fair,NA
AIMS,2023-11-15T06:15:00Z,02S06,STIC,SP,21064680,77155.70986690561,9.965000000000002,20231023-20240520,460.14593948565073,1,fair,NA
AIMS,2023-11-15T06:30:00Z,02S06,STIC,SP,21064680,77155.70986690561,9.965000000000002,20231023-20240520,460.14593948565073,1,fair,NA
AIMS,2023-11-15T06:45:00Z,02S06,STIC,SP,21064680,77155.70986690561,9.866111111111111,20231023-20240520,460.14593948565073,1,fair,NA
AIMS,2023-11-15T07:00:00Z,02S06,STIC,SP,21064680,77155.70986690561,9.767777777777773,20231023-20240520,460.14593948565073,1,fair,NA
AIMS,2023-11-15T07:15:00Z,02S06,STIC,SP,21064680,77155.70986690561,9.66888888888889,20231023-20240520,460.14593948565073,1,fair,NA
AIMS,2023-11-15T07:30:00Z,02S06,STIC,SP,21064680,77155.70986690561,9.57111111111111,20231023-20240520,460.14593948565073,1,fair,NA
AIMS,2023-11-15T07:45:00Z,02S06,STIC,SP,21064680,77155.70986690561,9.57111111111111,20231023-20240520,460.14593948565073,1,fair,NA
AIMS,2023-11-15T08:00:00Z,02S06,STIC,SP,21064680,77155.70986690561,9.767777777777773,20231023-20240520,460.14593948565073,1,fair,NA
AIMS,2023-11-15T08:15:00Z,02S06,STIC,SP,21064680,77155.70986690561,9.767777777777773,20231023-20240520,460.14593948565073,1,fair,NA
AIMS,2023-11-15T08:30:00Z,02S06,STIC,SP,21064680,77155.70986690561,9.767777777777773,20231023-20240520,460.14593948565073,1,fair,NA
AIMS,2023-11-15T08:45:00Z,02S06,STIC,SP,21064680,77155.70986690561,9.866111111111111,20231023-20240520,460.14593948565073,1,fair,NA
AIMS,2023-11-15T09:00:00Z,02S06,STIC,SP,21064680,77155.70986690561,9.965000000000002,20231023-20240520,460.14593948565073,1,fair,NA
AIMS,2023-11-15T09:15:00Z,02S06,STIC,SP,21064680,77155.70986690561,9.965000000000002,20231023-20240520,460.14593948565073,1,fair,NA
AIMS,2023-11-15T09:30:00Z,02S06,STIC,SP,21064680,77155.70986690561,9.965000000000002,20231023-20240520,460.14593948565073,1,fair,NA
AIMS,2023-11-15T09:45:00Z,02S06,STIC,SP,21064680,77155.70986690561,10.062777777777775,20231023-20240520,460.14593948565073,1,fair,NA
AIMS,2023-11-15T10:00:00Z,02S06,STIC,SP,21064680,77155.70986690561,10.161111111111108,20231023-20240520,460.14593948565073,1,fair,NA
AIMS,2023-11-15T10:15:00Z,02S06,STIC,SP,21064680,77155.70986690561,10.062777777777775,20231023-20240520,460.14593948565073,1,fair,NA
AIMS,2023-11-15T10:30:00Z,02S06,STIC,SP,21064680,77155.70986690561,9.965000000000002,20231023-20240520,460.14593948565073,1,fair,NA
AIMS,2023-11-15T10:45:00Z,02S06,STIC,SP,21064680,77155.70986690561,9.57111111111111,20231023-20240520,460.14593948565073,1,fair,NA
AIMS,2023-11-15T11:00:00Z,02S06,STIC,SP,21064680,77155.70986690561,9.372777777777781,20231023-20240520,460.14593948565073,1,fair,NA
AIMS,2023-11-15T11:15:00Z,02S06,STIC,SP,21064680,77155.70986690561,9.17611111111111,20231023-20240520,460.14593948565073,1,fair,NA
AIMS,2023-11-15T11:30:00Z,02S06,STIC,SP,21064680,77155.70986690561,9.17611111111111,20231023-20240520,460.14593948565073,1,fair,NA
AIMS,2023-11-15T11:45:00Z,02S06,STIC,SP,21064680,77155.70986690561,9.275,20231023-20240520,460.14593948565073,1,fair,NA
AIMS,2023-11-15T12:00:00Z,02S06,STIC,SP,21064680,77155.70986690561,9.275,20231023-20240520,460.14593948565073,1,fair,NA
AIMS,2023-11-15T12:15:00Z,02S06,STIC,SP,21064680,77155.70986690561,9.17611111111111,20231023-20240520,460.14593948565073,1,fair,NA
AIMS,2023-11-15T12:30:00Z,02S06,STIC,SP,21064680,77155.70986690561,9.077222222222222,20231023-20240520,460.14593948565073,1,fair,NA
AIMS,2023-11-15T12:45:00Z,02S06,STIC,SP,21064680,77155.70986690561,8.977777777777774,20231023-20240520,460.14593948565073,1,fair,NA
AIMS,2023-11-15T13:00:00Z,02S06,STIC,SP,21064680,77155.70986690561,8.977777777777774,20231023-20240520,460.14593948565073,1,fair,NA
AIMS,2023-11-15T13:15:00Z,02S06,STIC,SP,21064680,77155.70986690561,8.87888888888889,20231023-20240520,460.14593948565073,1,fair,NA
AIMS,2023-11-15T13:30:00Z,02S06,STIC,SP,21064680,77155.70986690561,8.87888888888889,20231023-20240520,460.14593948565073,1,fair,NA
AIMS,2023-11-15T13:45:00Z,02S06,STIC,SP,21064680,77155.70986690561,8.977777777777774,20231023-20240520,460.14593948565073,1,fair,NA
AIMS,2023-11-15T14:00:00Z,02S06,STIC,SP,21064680,77155.70986690561,9.077222222222222,20231023-20240520,460.14593948565073,1,fair,NA
AIMS,2023-11-15T14:15:00Z,02S06,STIC,SP,21064680,77155.70986690561,9.372777777777781,20231023-20240520,460.14593948565073,1,fair,NA
AIMS,2023-11-15T14:30:00Z,02S06,STIC,SP,21064680,77155.70986690561,9.767777777777773,20231023-20240520,460.14593948565073,1,fair,NA
AIMS,2023-11-15T14:45:00Z,02S06,STIC,SP,21064680,77155.70986690561,10.161111111111108,20231023-20240520,460.14593948565073,1,fair,NA
AIMS,2023-11-15T15:00:00Z,02S06,STIC,SP,21064680,77155.70986690561,10.651111111111108,20231023-20240520,460.14593948565073,1,fair,NA
AIMS,2023-11-15T15:15:00Z,02S06,STIC,SP,21064680,77155.70986690561,11.236111111111107,20231023-20240520,460.14593948565073,1,fair,NA
AIMS,2023-11-15T15:30:00Z,02S06,STIC,SP,21064680,77155.70986690561,11.72222222222222,20231023-20240520,460.14593948565073,1,fair,NA
AIMS,2023-11-15T15:45:00Z,02S06,STIC,SP,21064680,77155.70986690561,12.30388888888889,20231023-20240520,460.14593948565073,1,fair,NA
AIMS,2023-11-15T16:00:00Z,02S06,STIC,SP,21064680,79911.2709335808,12.69,20231023-20240520,481.70224567252654,1,fair,NA
AIMS,2023-11-15T16:15:00Z,02S06,STIC,SP,21064680,79911.2709335808,13.076111111111109,20231023-20240520,481.70224567252654,1,fair,NA
AIMS,2023-11-15T16:30:00Z,02S06,STIC,SP,21064680,79911.2709335808,14.612777777777774,20231023-20240520,481.70224567252654,1,fair,NA
AIMS,2023-11-15T16:45:00Z,02S06,STIC,SP,21064680,79911.2709335808,15.282222222222224,20231023-20240520,481.70224567252654,1,fair,NA
AIMS,2023-11-15T17:00:00Z,02S06,STIC,SP,21064680,82666.83200025599,16.046111111111113,20231023-20240520,503.25855185940213,1,fair,NA
AIMS,2023-11-15T17:15:00Z,02S06,STIC,SP,21064680,82666.83200025599,18.71111111111112,20231023-20240520,503.25855185940213,1,fair,NA
AIMS,2023-11-15T17:30:00Z,02S06,STIC,SP,21064680,85422.39306693122,20.518888888888892,20231023-20240520,524.814858046278,1,fair,NA
AIMS,2023-11-15T17:45:00Z,02S06,STIC,SP,21064680,85422.39306693122,22.428888888888892,20231023-20240520,524.814858046278,1,fair,NA
AIMS,2023-11-15T18:00:00Z,02S06,STIC,SP,21064680,82666.83200025599,23.38777777777777,20231023-20240520,503.25855185940213,1,fair,NA
AIMS,2023-11-15T18:15:00Z,02S06,STIC,SP,21064680,82666.83200025599,25.805,20231023-20240520,503.25855185940213,1,fair,NA
AIMS,2023-11-15T18:30:00Z,02S06,STIC,SP,21064680,88177.95413360638,26.977222222222217,20231023-20240520,546.3711642331538,1,fair,NA
AIMS,2023-11-15T18:45:00Z,02S06,STIC,SP,21064680,88177.95413360638,27.272222222222222,20231023-20240520,546.3711642331538,1,fair,NA
AIMS,2023-11-15T19:00:00Z,02S06,STIC,SP,21064680,82666.83200025599,28.05999999999999,20231023-20240520,503.25855185940213,1,fair,NA
AIMS,2023-11-15T19:15:00Z,02S06,STIC,SP,21064680,88177.95413360638,28.357222222222227,20231023-20240520,546.3711642331538,1,fair,NA
AIMS,2023-11-15T19:30:00Z,02S06,STIC,SP,21064680,88177.95413360638,27.862222222222222,20231023-20240520,546.3711642331538,1,fair,NA
AIMS,2023-11-15T19:45:00Z,02S06,STIC,SP,21064680,88177.95413360638,26.487777777777772,20231023-20240520,546.3711642331538,1,fair,NA
AIMS,2023-11-15T20:00:00Z,02S06,STIC,SP,21064680,88177.95413360638,25.902222222222214,20231023-20240520,546.3711642331538,1,fair,NA
AIMS,2023-11-15T20:15:00Z,02S06,STIC,SP,21064680,88177.95413360638,25.222222222222218,20231023-20240520,546.3711642331538,1,fair,NA
AIMS,2023-11-15T20:30:00Z,02S06,STIC,SP,21064680,88177.95413360638,24.447777777777773,20231023-20240520,546.3711642331538,1,fair,NA
AIMS,2023-11-15T20:45:00Z,02S06,STIC,SP,21064680,88177.95413360638,24.157777777777778,20231023-20240520,546.3711642331538,1,fair,NA
AIMS,2023-11-15T21:00:00Z,02S06,STIC,SP,21064680,88177.95413360638,24.447777777777773,20231023-20240520,546.3711642331538,1,fair,NA
AIMS,2023-11-15T21:15:00Z,02S06,STIC,SP,21064680,88177.95413360638,24.544999999999998,20231023-20240520,546.3711642331538,1,fair,NA
AIMS,2023-11-15T21:30:00Z,02S06,STIC,SP,21064680,85422.39306693122,23.292222222222215,20231023-20240520,524.814858046278,1,fair,NA
AIMS,2023-11-15T21:45:00Z,02S06,STIC,SP,21064680,85422.39306693122,20.901111111111113,20231023-20240520,524.814858046278,1,fair,NA
AIMS,2023-11-15T22:00:00Z,02S06,STIC,SP,21064680,85422.39306693122,19.282222222222213,20231023-20240520,524.814858046278,1,fair,NA
AIMS,2023-11-15T22:15:00Z,02S06,STIC,SP,21064680,82666.83200025599,18.23611111111111,20231023-20240520,503.25855185940213,1,fair,NA
AIMS,2023-11-15T22:30:00Z,02S06,STIC,SP,21064680,82666.83200025599,17.665,20231023-20240520,503.25855185940213,1,fair,NA
AIMS,2023-11-15T22:45:00Z,02S06,STIC,SP,21064680,82666.83200025599,17.09388888888889,20231023-20240520,503.25855185940213,1,fair,NA
AIMS,2023-11-15T23:00:00Z,02S06,STIC,SP,21064680,82666.83200025599,16.237222222222222,20231023-20240520,503.25855185940213,1,fair,NA
AIMS,2023-11-15T23:15:00Z,02S06,STIC,SP,21064680,82666.83200025599,15.377777777777778,20231023-20240520,503.25855185940213,1,fair,NA
AIMS,2023-11-15T23:30:00Z,02S06,STIC,SP,21064680,82666.83200025599,14.421111111111108,20231023-20240520,503.25855185940213,1,fair,NA
AIMS,2023-11-15T23:45:00Z,02S06,STIC,SP,21064680,79911.2709335808,13.75,20231023-20240520,481.70224567252654,1,fair,NA
AIMS,2023-11-16T00:00:00Z,02S06,STIC,SP,21064680,71644.5877335552,13.268888888888888,20231023-20240520,417.0333271118992,1,fair,NA
AIMS,2023-11-16T00:15:00Z,02S06,STIC,SP,21064680,77155.70986690561,13.076111111111109,20231023-20240520,460.14593948565073,1,fair,NA
AIMS,2023-11-16T00:30:00Z,02S06,STIC,SP,21064680,77155.70986690561,12.69,20231023-20240520,460.14593948565073,1,fair,NA
AIMS,2023-11-16T00:45:00Z,02S06,STIC,SP,21064680,79911.2709335808,12.207222222222219,20231023-20240520,481.70224567252654,1,fair,NA
AIMS,2023-11-16T01:00:00Z,02S06,STIC,SP,21064680,79911.2709335808,12.012777777777774,20231023-20240520,481.70224567252654,1,fair,NA
AIMS,2023-11-16T01:15:00Z,02S06,STIC,SP,21064680,79911.2709335808,12.11,20231023-20240520,481.70224567252654,1,fair,NA
AIMS,2023-11-16T01:30:00Z,02S06,STIC,SP,21064680,79911.2709335808,12.207222222222219,20231023-20240520,481.70224567252654,1,fair,NA
AIMS,2023-11-16T01:45:00Z,02S06,STIC,SP,21064680,79911.2709335808,12.11,20231023-20240520,481.70224567252654,1,fair,NA
AIMS,2023-11-16T02:00:00Z,02S06,STIC,SP,21064680,79911.2709335808,12.012777777777774,20231023-20240520,481.70224567252654,1,fair,NA
AIMS,2023-11-16T02:15:00Z,02S06,STIC,SP,21064680,79911.2709335808,11.916111111111109,20231023-20240520,481.70224567252654,1,fair,NA
AIMS,2023-11-16T02:30:00Z,02S06,STIC,SP,21064680,79911.2709335808,11.818888888888887,20231023-20240520,481.70224567252654,1,fair,NA
AIMS,2023-11-16T02:45:00Z,02S06,STIC,SP,21064680,79911.2709335808,11.72222222222222,20231023-20240520,481.70224567252654,1,fair,NA
AIMS,2023-11-16T03:00:00Z,02S06,STIC,SP,21064680,79911.2709335808,11.72222222222222,20231023-20240520,481.70224567252654,1,fair,NA
AIMS,2023-11-16T03:15:00Z,02S06,STIC,SP,21064680,79911.2709335808,11.625,20231023-20240520,481.70224567252654,1,fair,NA
AIMS,2023-11-16T03:30:00Z,02S06,STIC,SP,21064680,79911.2709335808,11.72222222222222,20231023-20240520,481.70224567252654,1,fair,NA
AIMS,2023-11-16T03:45:00Z,02S06,STIC,SP,21064680,79911.2709335808,11.431111111111111,20231023-20240520,481.70224567252654,1,fair,NA
AIMS,2023-11-16T04:00:00Z,02S06,STIC,SP,21064680,79911.2709335808,11.138888888888888,20231023-20240520,481.70224567252654,1,fair,NA
AIMS,2023-11-16T04:15:00Z,02S06,STIC,SP,21064680,79911.2709335808,11.041111111111109,20231023-20240520,481.70224567252654,1,fair,NA
AIMS,2023-11-16T04:30:00Z,02S06,STIC,SP,21064680,77155.70986690561,10.943888888888887,20231023-20240520,460.14593948565073,1,fair,NA
AIMS,2023-11-16T04:45:00Z,02S06,STIC,SP,21064680,77155.70986690561,10.747777777777772,20231023-20240520,460.14593948565073,1,fair,NA
AIMS,2023-11-16T05:00:00Z,02S06,STIC,SP,21064680,77155.70986690561,10.747777777777772,20231023-20240520,460.14593948565073,1,fair,NA
AIMS,2023-11-16T05:15:00Z,02S06,STIC,SP,21064680,77155.70986690561,10.84611111111111,20231023-20240520,460.14593948565073,1,fair,NA
AIMS,2023-11-16T05:30:00Z,02S06,STIC,SP,21064680,77155.70986690561,11.138888888888888,20231023-20240520,460.14593948565073,1,fair,NA
AIMS,2023-11-16T05:45:00Z,02S06,STIC,SP,21064680,77155.70986690561,11.236111111111107,20231023-20240520,460.14593948565073,1,fair,NA
AIMS,2023-11-16T06:00:00Z,02S06,STIC,SP,21064680,77155.70986690561,11.138888888888888,20231023-20240520,460.14593948565073,1,fair,NA
AIMS,2023-11-16T06:15:00Z,02S06,STIC,SP,21064680,77155.70986690561,11.138888888888888,20231023-20240520,460.14593948565073,1,fair,NA
AIMS,2023-11-16T06:30:00Z,02S06,STIC,SP,21064680,77155.70986690561,11.041111111111109,20231023-20240520,460.14593948565073,1,fair,NA
AIMS,2023-11-16T06:45:00Z,02S06,STIC,SP,21064680,77155.70986690561,10.943888888888887,20231023-20240520,460.14593948565073,1,fair,NA
AIMS,2023-11-16T07:00:00Z,02S06,STIC,SP,21064680,77155.70986690561,10.747777777777772,20231023-20240520,460.14593948565073,1,fair,NA
AIMS,2023-11-16T07:15:00Z,02S06,STIC,SP,21064680,77155.70986690561,10.651111111111108,20231023-20240520,460.14593948565073,1,fair,NA
AIMS,2023-11-16T07:30:00Z,02S06,STIC,SP,21064680,74400.1488002304,10.552777777777775,20231023-20240520,438.5896332987749,1,fair,NA
AIMS,2023-11-16T07:45:00Z,02S06,STIC,SP,21064680,74400.1488002304,10.552777777777775,20231023-20240520,438.5896332987749,1,fair,NA
AIMS,2023-11-16T08:00:00Z,02S06,STIC,SP,21064680,71644.5877335552,10.455000000000004,20231023-20240520,417.0333271118992,1,fair,NA
AIMS,2023-11-16T08:15:00Z,02S06,STIC,SP,21064680,68889.02666688002,10.455000000000004,20231023-20240520,395.4770209250236,1,fair,NA
AIMS,2023-11-16T08:30:00Z,02S06,STIC,SP,21064680,68889.02666688002,10.455000000000004,20231023-20240520,395.4770209250236,1,fair,NA
AIMS,2023-11-16T08:45:00Z,02S06,STIC,SP,21064680,71644.5877335552,10.552777777777775,20231023-20240520,417.0333271118992,1,fair,NA
AIMS,2023-11-16T09:00:00Z,02S06,STIC,SP,21064680,71644.5877335552,10.651111111111108,20231023-20240520,417.0333271118992,1,fair,NA
AIMS,2023-11-16T09:15:00Z,02S06,STIC,SP,21064680,66133.4656002048,10.651111111111108,20231023-20240520,373.9207147381477,1,fair,NA
AIMS,2023-11-16T09:30:00Z,02S06,STIC,SP,21064680,71644.5877335552,10.552777777777775,20231023-20240520,417.0333271118992,1,fair,NA
AIMS,2023-11-16T09:45:00Z,02S06,STIC,SP,21064680,71644.5877335552,10.552777777777775,20231023-20240520,417.0333271118992,1,fair,NA
AIMS,2023-11-16T10:00:00Z,02S06,STIC,SP,21064680,68889.02666688002,10.455000000000004,20231023-20240520,395.4770209250236,1,fair,NA
AIMS,2023-11-16T10:15:00Z,02S06,STIC,SP,21064680,71644.5877335552,10.357222222222227,20231023-20240520,417.0333271118992,1,fair,NA
AIMS,2023-11-16T10:30:00Z,02S06,STIC,SP,21064680,68889.02666688002,10.357222222222227,20231023-20240520,395.4770209250236,1,fair,NA
AIMS,2023-11-16T10:45:00Z,02S06,STIC,SP,21064680,68889.02666688002,10.357222222222227,20231023-20240520,395.4770209250236,1,fair,NA
AIMS,2023-11-16T11:00:00Z,02S06,STIC,SP,21064680,74400.1488002304,10.357222222222227,20231023-20240520,438.5896332987749,1,fair,NA
AIMS,2023-11-16T11:15:00Z,02S06,STIC,SP,21064680,74400.1488002304,10.161111111111108,20231023-20240520,438.5896332987749,1,fair,NA
AIMS,2023-11-16T11:30:00Z,02S06,STIC,SP,21064680,74400.1488002304,10.062777777777775,20231023-20240520,438.5896332987749,1,fair,NA
AIMS,2023-11-16T11:45:00Z,02S06,STIC,SP,21064680,74400.1488002304,10.062777777777775,20231023-20240520,438.5896332987749,1,fair,NA
AIMS,2023-11-16T12:00:00Z,02S06,STIC,SP,21064680,74400.1488002304,10.062777777777775,20231023-20240520,438.5896332987749,1,fair,NA
AIMS,2023-11-16T12:15:00Z,02S06,STIC,SP,21064680,74400.1488002304,9.965000000000002,20231023-20240520,438.5896332987749,1,fair,NA
AIMS,2023-11-16T12:30:00Z,02S06,STIC,SP,21064680,74400.1488002304,9.965000000000002,20231023-20240520,438.5896332987749,1,fair,NA
AIMS,2023-11-16T12:45:00Z,02S06,STIC,SP,21064680,74400.1488002304,9.866111111111111,20231023-20240520,438.5896332987749,1,fair,NA
AIMS,2023-11-16T13:00:00Z,02S06,STIC,SP,21064680,74400.1488002304,9.866111111111111,20231023-20240520,438.5896332987749,1,fair,NA
AIMS,2023-11-16T13:15:00Z,02S06,STIC,SP,21064680,74400.1488002304,9.965000000000002,20231023-20240520,438.5896332987749,1,fair,NA
AIMS,2023-11-16T13:30:00Z,02S06,STIC,SP,21064680,74400.1488002304,10.062777777777775,20231023-20240520,438.5896332987749,1,fair,NA
AIMS,2023-11-16T13:45:00Z,02S06,STIC,SP,21064680,74400.1488002304,10.357222222222227,20231023-20240520,438.5896332987749,1,fair,NA
AIMS,2023-11-16T14:00:00Z,02S06,STIC,SP,21064680,74400.1488002304,10.552777777777775,20231023-20240520,438.5896332987749,1,fair,NA
AIMS,2023-11-16T14:15:00Z,02S06,STIC,SP,21064680,74400.1488002304,10.943888888888887,20231023-20240520,438.5896332987749,1,fair,NA
AIMS,2023-11-16T14:30:00Z,02S06,STIC,SP,21064680,74400.1488002304,11.527777777777779,20231023-20240520,438.5896332987749,1,fair,NA
AIMS,2023-11-16T14:45:00Z,02S06,STIC,SP,21064680,74400.1488002304,12.207222222222219,20231023-20240520,438.5896332987749,1,fair,NA
AIMS,2023-11-16T15:00:00Z,02S06,STIC,SP,21064680,74400.1488002304,12.69,20231023-20240520,438.5896332987749,1,fair,NA
AIMS,2023-11-16T15:15:00Z,02S06,STIC,SP,21064680,77155.70986690561,13.172777777777775,20231023-20240520,460.14593948565073,1,fair,NA
AIMS,2023-11-16T15:30:00Z,02S06,STIC,SP,21064680,77155.70986690561,13.461111111111107,20231023-20240520,460.14593948565073,1,fair,NA
AIMS,2023-11-16T15:45:00Z,02S06,STIC,SP,21064680,77155.70986690561,13.75,20231023-20240520,460.14593948565073,1,fair,NA
AIMS,2023-11-16T16:00:00Z,02S06,STIC,SP,21064680,77155.70986690561,14.037777777777777,20231023-20240520,460.14593948565073,1,fair,NA
AIMS,2023-11-16T16:15:00Z,02S06,STIC,SP,21064680,77155.70986690561,14.229999999999999,20231023-20240520,460.14593948565073,1,fair,NA
AIMS,2023-11-16T16:30:00Z,02S06,STIC,SP,21064680,77155.70986690561,14.80388888888889,20231023-20240520,460.14593948565073,1,fair,NA
AIMS,2023-11-16T16:45:00Z,02S06,STIC,SP,21064680,77155.70986690561,15.472777777777775,20231023-20240520,460.14593948565073,1,fair,NA
AIMS,2023-11-16T17:00:00Z,02S06,STIC,SP,21064680,77155.70986690561,16.046111111111113,20231023-20240520,460.14593948565073,1,fair,NA
AIMS,2023-11-16T17:15:00Z,02S06,STIC,SP,21064680,77155.70986690561,16.99888888888889,20231023-20240520,460.14593948565073,1,fair,NA
AIMS,2023-11-16T17:30:00Z,02S06,STIC,SP,21064680,77155.70986690561,16.712777777777774,20231023-20240520,460.14593948565073,1,fair,NA
AIMS,2023-11-16T17:45:00Z,02S06,STIC,SP,21064680,77155.70986690561,16.712777777777774,20231023-20240520,460.14593948565073,1,fair,NA
AIMS,2023-11-16T18:00:00Z,02S06,STIC,SP,21064680,77155.70986690561,16.522777777777772,20231023-20240520,460.14593948565073,1,fair,NA
AIMS,2023-11-16T18:15:00Z,02S06,STIC,SP,21064680,77155.70986690561,16.33222222222222,20231023-20240520,460.14593948565073,1,fair,NA
AIMS,2023-11-16T18:30:00Z,02S06,STIC,SP,21064680,77155.70986690561,16.33222222222222,20231023-20240520,460.14593948565073,1,fair,NA
AIMS,2023-11-16T18:45:00Z,02S06,STIC,SP,21064680,77155.70986690561,16.522777777777772,20231023-20240520,460.14593948565073,1,fair,NA
AIMS,2023-11-16T19:00:00Z,02S06,STIC,SP,21064680,77155.70986690561,16.427222222222223,20231023-20240520,460.14593948565073,1,fair,NA
AIMS,2023-11-16T19:15:00Z,02S06,STIC,SP,21064680,77155.70986690561,17.09388888888889,20231023-20240520,460.14593948565073,1,fair,NA
AIMS,2023-11-16T19:30:00Z,02S06,STIC,SP,21064680,79911.2709335808,18.044999999999998,20231023-20240520,481.70224567252654,1,fair,NA
AIMS,2023-11-16T19:45:00Z,02S06,STIC,SP,21064680,79911.2709335808,17.855,20231023-20240520,481.70224567252654,1,fair,NA
AIMS,2023-11-16T20:00:00Z,02S06,STIC,SP,21064680,82666.83200025599,18.99611111111111,20231023-20240520,503.25855185940213,1,fair,NA
AIMS,2023-11-16T20:15:00Z,02S06,STIC,SP,21064680,82666.83200025599,19.757777777777772,20231023-20240520,503.25855185940213,1,fair,NA
AIMS,2023-11-16T20:30:00Z,02S06,STIC,SP,21064680,82666.83200025599,20.32888888888889,20231023-20240520,503.25855185940213,1,fair,NA
AIMS,2023-11-16T20:45:00Z,02S06,STIC,SP,21064680,85422.39306693122,20.518888888888892,20231023-20240520,524.814858046278,1,fair,NA
AIMS,2023-11-16T21:00:00Z,02S06,STIC,SP,21064680,85422.39306693122,20.805,20231023-20240520,524.814858046278,1,fair,NA
AIMS,2023-11-16T21:15:00Z,02S06,STIC,SP,21064680,82666.83200025599,19.85277777777777,20231023-20240520,503.25855185940213,1,fair,NA
AIMS,2023-11-16T21:30:00Z,02S06,STIC,SP,21064680,82666.83200025599,17.855,20231023-20240520,503.25855185940213,1,fair,NA
AIMS,2023-11-16T21:45:00Z,02S06,STIC,SP,21064680,82666.83200025599,16.902777777777775,20231023-20240520,503.25855185940213,1,fair,NA
AIMS,2023-11-16T22:00:00Z,02S06,STIC,SP,21064680,82666.83200025599,16.522777777777772,20231023-20240520,503.25855185940213,1,fair,NA
AIMS,2023-11-16T22:15:00Z,02S06,STIC,SP,21064680,82666.83200025599,16.141111111111115,20231023-20240520,503.25855185940213,1,fair,NA
AIMS,2023-11-16T22:30:00Z,02S06,STIC,SP,21064680,82666.83200025599,15.951111111111109,20231023-20240520,503.25855185940213,1,fair,NA
AIMS,2023-11-16T22:45:00Z,02S06,STIC,SP,21064680,82666.83200025599,15.76,20231023-20240520,503.25855185940213,1,fair,NA
AIMS,2023-11-16T23:00:00Z,02S06,STIC,SP,21064680,82666.83200025599,15.568888888888887,20231023-20240520,503.25855185940213,1,fair,NA
AIMS,2023-11-16T23:15:00Z,02S06,STIC,SP,21064680,82666.83200025599,15.377777777777778,20231023-20240520,503.25855185940213,1,fair,NA
AIMS,2023-11-16T23:30:00Z,02S06,STIC,SP,21064680,82666.83200025599,15.282222222222224,20231023-20240520,503.25855185940213,1,fair,NA
AIMS,2023-11-16T23:45:00Z,02S06,STIC,SP,21064680,79911.2709335808,15.187222222222225,20231023-20240520,481.70224567252654,1,fair,NA
AIMS,2023-11-17T00:00:00Z,02S06,STIC,SP,21064680,79911.2709335808,14.99611111111111,20231023-20240520,481.70224567252654,1,fair,NA
AIMS,2023-11-17T00:15:00Z,02S06,STIC,SP,21064680,79911.2709335808,14.9,20231023-20240520,481.70224567252654,1,fair,NA
AIMS,2023-11-17T00:30:00Z,02S06,STIC,SP,21064680,79911.2709335808,14.708888888888888,20231023-20240520,481.70224567252654,1,fair,NA
AIMS,2023-11-17T00:45:00Z,02S06,STIC,SP,21064680,79911.2709335808,14.612777777777774,20231023-20240520,481.70224567252654,1,fair,NA
AIMS,2023-11-17T01:00:00Z,02S06,STIC,SP,21064680,79911.2709335808,14.421111111111108,20231023-20240520,481.70224567252654,1,fair,NA
AIMS,2023-11-17T01:15:00Z,02S06,STIC,SP,21064680,79911.2709335808,14.229999999999999,20231023-20240520,481.70224567252654,1,fair,NA
AIMS,2023-11-17T01:30:00Z,02S06,STIC,SP,21064680,79911.2709335808,13.75,20231023-20240520,481.70224567252654,1,fair,NA
AIMS,2023-11-17T01:45:00Z,02S06,STIC,SP,21064680,79911.2709335808,13.65388888888889,20231023-20240520,481.70224567252654,1,fair,NA
AIMS,2023-11-17T02:00:00Z,02S06,STIC,SP,21064680,79911.2709335808,13.84611111111111,20231023-20240520,481.70224567252654,1,fair,NA
AIMS,2023-11-17T02:15:00Z,02S06,STIC,SP,21064680,79911.2709335808,13.84611111111111,20231023-20240520,481.70224567252654,1,fair,NA
AIMS,2023-11-17T02:30:00Z,02S06,STIC,SP,21064680,79911.2709335808,13.461111111111107,20231023-20240520,481.70224567252654,1,fair,NA
AIMS,2023-11-17T02:45:00Z,02S06,STIC,SP,21064680,79911.2709335808,13.461111111111107,20231023-20240520,481.70224567252654,1,fair,NA
AIMS,2023-11-17T03:00:00Z,02S06,STIC,SP,21064680,79911.2709335808,13.461111111111107,20231023-20240520,481.70224567252654,1,fair,NA
AIMS,2023-11-17T03:15:00Z,02S06,STIC,SP,21064680,79911.2709335808,13.461111111111107,20231023-20240520,481.70224567252654,1,fair,NA
AIMS,2023-11-17T03:30:00Z,02S06,STIC,SP,21064680,79911.2709335808,13.461111111111107,20231023-20240520,481.70224567252654,1,fair,NA
AIMS,2023-11-17T03:45:00Z,02S06,STIC,SP,21064680,79911.2709335808,13.55777777777778,20231023-20240520,481.70224567252654,1,fair,NA
AIMS,2023-11-17T04:00:00Z,02S06,STIC,SP,21064680,79911.2709335808,13.365000000000004,20231023-20240520,481.70224567252654,1,fair,NA
AIMS,2023-11-17T04:15:00Z,02S06,STIC,SP,21064680,79911.2709335808,13.172777777777775,20231023-20240520,481.70224567252654,1,fair,NA
AIMS,2023-11-17T04:30:00Z,02S06,STIC,SP,21064680,79911.2709335808,13.365000000000004,20231023-20240520,481.70224567252654,1,fair,NA
AIMS,2023-11-17T04:45:00Z,02S06,STIC,SP,21064680,79911.2709335808,13.55777777777778,20231023-20240520,481.70224567252654,1,fair,NA
AIMS,2023-11-17T05:00:00Z,02S06,STIC,SP,21064680,79911.2709335808,13.65388888888889,20231023-20240520,481.70224567252654,1,fair,NA
AIMS,2023-11-17T05:15:00Z,02S06,STIC,SP,21064680,79911.2709335808,13.268888888888888,20231023-20240520,481.70224567252654,1,fair,NA
AIMS,2023-11-17T05:30:00Z,02S06,STIC,SP,21064680,77155.70986690561,12.69,20231023-20240520,460.14593948565073,1,fair,NA
AIMS,2023-11-17T05:45:00Z,02S06,STIC,SP,21064680,77155.70986690561,12.11,20231023-20240520,460.14593948565073,1,fair,NA
AIMS,2023-11-17T06:00:00Z,02S06,STIC,SP,21064680,77155.70986690561,11.333888888888893,20231023-20240520,460.14593948565073,1,fair,NA
AIMS,2023-11-17T06:15:00Z,02S06,STIC,SP,21064680,74400.1488002304,10.651111111111108,20231023-20240520,438.5896332987749,1,fair,NA
AIMS,2023-11-17T06:30:00Z,02S06,STIC,SP,21064680,68889.02666688002,10.357222222222227,20231023-20240520,395.4770209250236,1,fair,NA
AIMS,2023-11-17T06:45:00Z,02S06,STIC,SP,21064680,71644.5877335552,10.062777777777775,20231023-20240520,417.0333271118992,1,fair,NA
AIMS,2023-11-17T07:00:00Z,02S06,STIC,SP,21064680,68889.02666688002,9.57111111111111,20231023-20240520,395.4770209250236,1,fair,NA
AIMS,2023-11-17T07:15:00Z,02S06,STIC,SP,21064680,74400.1488002304,9.17611111111111,20231023-20240520,438.5896332987749,1,fair,NA
AIMS,2023-11-17T07:30:00Z,02S06,STIC,SP,21064680,74400.1488002304,8.87888888888889,20231023-20240520,438.5896332987749,1,fair,NA
AIMS,2023-11-17T07:45:00Z,02S06,STIC,SP,21064680,74400.1488002304,8.68,20231023-20240520,438.5896332987749,1,fair,NA
AIMS,2023-11-17T08:00:00Z,02S06,STIC,SP,21064680,74400.1488002304,8.68,20231023-20240520,438.5896332987749,1,fair,NA
AIMS,2023-11-17T08:15:00Z,02S06,STIC,SP,21064680,74400.1488002304,8.382222222222223,20231023-20240520,438.5896332987749,1,fair,NA
AIMS,2023-11-17T08:30:00Z,02S06,STIC,SP,21064680,74400.1488002304,7.982777777777778,20231023-20240520,438.5896332987749,1,fair,NA
AIMS,2023-11-17T08:45:00Z,02S06,STIC,SP,21064680,74400.1488002304,7.782222222222226,20231023-20240520,438.5896332987749,1,fair,NA
AIMS,2023-11-17T09:00:00Z,02S06,STIC,SP,21064680,74400.1488002304,7.4811111111111135,20231023-20240520,438.5896332987749,1,fair,NA
AIMS,2023-11-17T09:15:00Z,02S06,STIC,SP,21064680,71644.5877335552,7.279999999999999,20231023-20240520,417.0333271118992,1,fair,NA
AIMS,2023-11-17T09:30:00Z,02S06,STIC,SP,21064680,71644.5877335552,7.078888888888887,20231023-20240520,417.0333271118992,1,fair,NA
AIMS,2023-11-17T09:45:00Z,02S06,STIC,SP,21064680,74400.1488002304,6.877222222222222,20231023-20240520,438.5896332987749,1,fair,NA
AIMS,2023-11-17T10:00:00Z,02S06,STIC,SP,21064680,74400.1488002304,6.775,20231023-20240520,438.5896332987749,1,fair,NA
AIMS,2023-11-17T10:15:00Z,02S06,STIC,SP,21064680,74400.1488002304,6.673888888888888,20231023-20240520,438.5896332987749,1,fair,NA
AIMS,2023-11-17T10:30:00Z,02S06,STIC,SP,21064680,74400.1488002304,6.471111111111114,20231023-20240520,438.5896332987749,1,fair,NA
AIMS,2023-11-17T10:45:00Z,02S06,STIC,SP,21064680,74400.1488002304,6.370000000000001,20231023-20240520,438.5896332987749,1,fair,NA
AIMS,2023-11-17T11:00:00Z,02S06,STIC,SP,21064680,71644.5877335552,6.267777777777775,20231023-20240520,417.0333271118992,1,fair,NA
AIMS,2023-11-17T11:15:00Z,02S06,STIC,SP,21064680,71644.5877335552,6.1661111111111095,20231023-20240520,417.0333271118992,1,fair,NA
AIMS,2023-11-17T11:30:00Z,02S06,STIC,SP,21064680,71644.5877335552,6.063888888888887,20231023-20240520,417.0333271118992,1,fair,NA
AIMS,2023-11-17T11:45:00Z,02S06,STIC,SP,21064680,71644.5877335552,5.9622222222222225,20231023-20240520,417.0333271118992,1,fair,NA
AIMS,2023-11-17T12:00:00Z,02S06,STIC,SP,21064680,71644.5877335552,5.86,20231023-20240520,417.0333271118992,1,fair,NA
AIMS,2023-11-17T12:15:00Z,02S06,STIC,SP,21064680,71644.5877335552,5.86,20231023-20240520,417.0333271118992,1,fair,NA
AIMS,2023-11-17T12:30:00Z,02S06,STIC,SP,21064680,71644.5877335552,5.450000000000001,20231023-20240520,417.0333271118992,1,fair,NA
AIMS,2023-11-17T12:45:00Z,02S06,STIC,SP,21064680,71644.5877335552,5.14111111111111,20231023-20240520,417.0333271118992,1,fair,NA
AIMS,2023-11-17T13:00:00Z,02S06,STIC,SP,21064680,68889.02666688002,4.933888888888889,20231023-20240520,395.4770209250236,1,fair,NA
AIMS,2023-11-17T13:15:00Z,02S06,STIC,SP,21064680,68889.02666688002,4.8311111111111105,20231023-20240520,395.4770209250236,1,fair,NA
AIMS,2023-11-17T13:30:00Z,02S06,STIC,SP,21064680,68889.02666688002,5.037222222222224,20231023-20240520,395.4770209250236,1,fair,NA
AIMS,2023-11-17T13:45:00Z,02S06,STIC,SP,21064680,68889.02666688002,5.347222222222222,20231023-20240520,395.4770209250236,1,fair,NA
AIMS,2023-11-17T14:00:00Z,02S06,STIC,SP,21064680,68889.02666688002,5.552222222222222,20231023-20240520,395.4770209250236,1,fair,NA
AIMS,2023-11-17T14:15:00Z,02S06,STIC,SP,21064680,68889.02666688002,5.86,20231023-20240520,395.4770209250236,1,fair,NA
AIMS,2023-11-17T14:30:00Z,02S06,STIC,SP,21064680,68889.02666688002,6.1661111111111095,20231023-20240520,395.4770209250236,1,fair,NA
AIMS,2023-11-17T14:45:00Z,02S06,STIC,SP,21064680,68889.02666688002,6.471111111111114,20231023-20240520,395.4770209250236,1,fair,NA
AIMS,2023-11-17T15:00:00Z,02S06,STIC,SP,21064680,68889.02666688002,6.775,20231023-20240520,395.4770209250236,1,fair,NA
AIMS,2023-11-17T15:15:00Z,02S06,STIC,SP,21064680,71644.5877335552,7.078888888888887,20231023-20240520,417.0333271118992,1,fair,NA
AIMS,2023-11-17T15:30:00Z,02S06,STIC,SP,21064680,71644.5877335552,7.381111111111112,20231023-20240520,417.0333271118992,1,fair,NA
AIMS,2023-11-17T15:45:00Z,02S06,STIC,SP,21064680,71644.5877335552,7.782222222222226,20231023-20240520,417.0333271118992,1,fair,NA
AIMS,2023-11-17T16:00:00Z,02S06,STIC,SP,21064680,71644.5877335552,8.182222222222224,20231023-20240520,417.0333271118992,1,fair,NA
AIMS,2023-11-17T16:15:00Z,02S06,STIC,SP,21064680,71644.5877335552,8.778888888888888,20231023-20240520,417.0333271118992,1,fair,NA
AIMS,2023-11-17T16:30:00Z,02S06,STIC,SP,21064680,74400.1488002304,10.357222222222227,20231023-20240520,438.5896332987749,1,fair,NA
AIMS,2023-11-17T16:45:00Z,02S06,STIC,SP,21064680,74400.1488002304,12.207222222222219,20231023-20240520,438.5896332987749,1,fair,NA
AIMS,2023-11-17T17:00:00Z,02S06,STIC,SP,21064680,74400.1488002304,12.59388888888889,20231023-20240520,438.5896332987749,1,fair,NA
AIMS,2023-11-17T17:15:00Z,02S06,STIC,SP,21064680,77155.70986690561,14.99611111111111,20231023-20240520,460.14593948565073,1,fair,NA
AIMS,2023-11-17T17:30:00Z,02S06,STIC,SP,21064680,77155.70986690561,16.427222222222223,20231023-20240520,460.14593948565073,1,fair,NA
AIMS,2023-11-17T17:45:00Z,02S06,STIC,SP,21064680,79911.2709335808,18.14,20231023-20240520,481.70224567252654,1,fair,NA
AIMS,2023-11-17T18:00:00Z,02S06,STIC,SP,21064680,79911.2709335808,20.137777777777774,20231023-20240520,481.70224567252654,1,fair,NA
AIMS,2023-11-17T18:15:00Z,02S06,STIC,SP,21064680,77155.70986690561,21.76,20231023-20240520,460.14593948565073,1,fair,NA
AIMS,2023-11-17T18:30:00Z,02S06,STIC,SP,21064680,79911.2709335808,22.33277777777778,20231023-20240520,481.70224567252654,1,fair,NA
AIMS,2023-11-17T18:45:00Z,02S06,STIC,SP,21064680,79911.2709335808,22.62111111111112,20231023-20240520,481.70224567252654,1,fair,NA
AIMS,2023-11-17T19:00:00Z,02S06,STIC,SP,21064680,82666.83200025599,22.907777777777774,20231023-20240520,503.25855185940213,1,fair,NA
AIMS,2023-11-17T19:15:00Z,02S06,STIC,SP,21064680,82666.83200025599,23.58111111111111,20231023-20240520,503.25855185940213,1,fair,NA
AIMS,2023-11-17T19:30:00Z,02S06,STIC,SP,21064680,82666.83200025599,22.812222222222218,20231023-20240520,503.25855185940213,1,fair,NA
AIMS,2023-11-17T19:45:00Z,02S06,STIC,SP,21064680,79911.2709335808,21.855,20231023-20240520,481.70224567252654,1,fair,NA
AIMS,2023-11-17T20:00:00Z,02S06,STIC,SP,21064680,79911.2709335808,20.710000000000004,20231023-20240520,481.70224567252654,1,fair,NA
AIMS,2023-11-17T20:15:00Z,02S06,STIC,SP,21064680,79911.2709335808,19.56722222222222,20231023-20240520,481.70224567252654,1,fair,NA
AIMS,2023-11-17T20:30:00Z,02S06,STIC,SP,21064680,77155.70986690561,18.901111111111113,20231023-20240520,460.14593948565073,1,fair,NA
AIMS,2023-11-17T20:45:00Z,02S06,STIC,SP,21064680,79911.2709335808,18.616111111111117,20231023-20240520,481.70224567252654,1,fair,NA
AIMS,2023-11-17T21:00:00Z,02S06,STIC,SP,21064680,79911.2709335808,19.757777777777772,20231023-20240520,481.70224567252654,1,fair,NA
AIMS,2023-11-17T21:15:00Z,02S06,STIC,SP,21064680,79911.2709335808,19.757777777777772,20231023-20240520,481.70224567252654,1,fair,NA
AIMS,2023-11-17T21:30:00Z,02S06,STIC,SP,21064680,77155.70986690561,19.092222222222215,20231023-20240520,460.14593948565073,1,fair,NA
AIMS,2023-11-17T21:45:00Z,02S06,STIC,SP,21064680,77155.70986690561,15.951111111111109,20231023-20240520,460.14593948565073,1,fair,NA
AIMS,2023-11-17T22:00:00Z,02S06,STIC,SP,21064680,77155.70986690561,13.94222222222222,20231023-20240520,460.14593948565073,1,fair,NA
AIMS,2023-11-17T22:15:00Z,02S06,STIC,SP,21064680,77155.70986690561,12.787222222222223,20231023-20240520,460.14593948565073,1,fair,NA
AIMS,2023-11-17T22:30:00Z,02S06,STIC,SP,21064680,74400.1488002304,12.11,20231023-20240520,438.5896332987749,1,fair,NA
AIMS,2023-11-17T22:45:00Z,02S06,STIC,SP,21064680,71644.5877335552,11.041111111111109,20231023-20240520,417.0333271118992,1,fair,NA
AIMS,2023-11-17T23:00:00Z,02S06,STIC,SP,21064680,68889.02666688002,9.57111111111111,20231023-20240520,395.4770209250236,1,fair,NA
AIMS,2023-11-17T23:15:00Z,02S06,STIC,SP,21064680,68889.02666688002,8.282222222222224,20231023-20240520,395.4770209250236,1,fair,NA
AIMS,2023-11-17T23:30:00Z,02S06,STIC,SP,21064680,68889.02666688002,7.381111111111112,20231023-20240520,395.4770209250236,1,fair,NA
AIMS,2023-11-17T23:45:00Z,02S06,STIC,SP,21064680,74400.1488002304,6.877222222222222,20231023-20240520,438.5896332987749,1,fair,NA
AIMS,2023-11-18T00:00:00Z,02S06,STIC,SP,21064680,74400.1488002304,6.471111111111114,20231023-20240520,438.5896332987749,1,fair,NA
AIMS,2023-11-18T00:15:00Z,02S06,STIC,SP,21064680,74400.1488002304,6.267777777777775,20231023-20240520,438.5896332987749,1,fair,NA
AIMS,2023-11-18T00:30:00Z,02S06,STIC,SP,21064680,74400.1488002304,6.063888888888887,20231023-20240520,438.5896332987749,1,fair,NA
AIMS,2023-11-18T00:45:00Z,02S06,STIC,SP,21064680,71644.5877335552,5.86,20231023-20240520,417.0333271118992,1,fair,NA
AIMS,2023-11-18T01:00:00Z,02S06,STIC,SP,21064680,71644.5877335552,5.655,20231023-20240520,417.0333271118992,1,fair,NA
AIMS,2023-11-18T01:15:00Z,02S06,STIC,SP,21064680,71644.5877335552,5.552222222222222,20231023-20240520,417.0333271118992,1,fair,NA
AIMS,2023-11-18T01:30:00Z,02S06,STIC,SP,21064680,71644.5877335552,5.450000000000001,20231023-20240520,417.0333271118992,1,fair,NA
AIMS,2023-11-18T01:45:00Z,02S06,STIC,SP,21064680,68889.02666688002,5.243888888888889,20231023-20240520,395.4770209250236,1,fair,NA
AIMS,2023-11-18T02:00:00Z,02S06,STIC,SP,21064680,68889.02666688002,5.243888888888889,20231023-20240520,395.4770209250236,1,fair,NA
AIMS,2023-11-18T02:15:00Z,02S06,STIC,SP,21064680,68889.02666688002,5.14111111111111,20231023-20240520,395.4770209250236,1,fair,NA
AIMS,2023-11-18T02:30:00Z,02S06,STIC,SP,21064680,68889.02666688002,5.14111111111111,20231023-20240520,395.4770209250236,1,fair,NA
AIMS,2023-11-18T02:45:00Z,02S06,STIC,SP,21064680,68889.02666688002,5.037222222222224,20231023-20240520,395.4770209250236,1,fair,NA
AIMS,2023-11-18T03:00:00Z,02S06,STIC,SP,21064680,68889.02666688002,4.933888888888889,20231023-20240520,395.4770209250236,1,fair,NA
AIMS,2023-11-18T03:15:00Z,02S06,STIC,SP,21064680,68889.02666688002,4.8311111111111105,20231023-20240520,395.4770209250236,1,fair,NA
AIMS,2023-11-18T03:30:00Z,02S06,STIC,SP,21064680,68889.02666688002,4.8311111111111105,20231023-20240520,395.4770209250236,1,fair,NA
AIMS,2023-11-18T03:45:00Z,02S06,STIC,SP,21064680,68889.02666688002,4.727222222222222,20231023-20240520,395.4770209250236,1,fair,NA
AIMS,2023-11-18T04:00:00Z,02S06,STIC,SP,21064680,68889.02666688002,4.8311111111111105,20231023-20240520,395.4770209250236,1,fair,NA
AIMS,2023-11-18T04:15:00Z,02S06,STIC,SP,21064680,71644.5877335552,4.727222222222222,20231023-20240520,417.0333271118992,1,fair,NA
AIMS,2023-11-18T04:30:00Z,02S06,STIC,SP,21064680,71644.5877335552,4.8311111111111105,20231023-20240520,417.0333271118992,1,fair,NA
AIMS,2023-11-18T04:45:00Z,02S06,STIC,SP,21064680,71644.5877335552,4.8311111111111105,20231023-20240520,417.0333271118992,1,fair,NA
AIMS,2023-11-18T05:00:00Z,02S06,STIC,SP,21064680,71644.5877335552,4.727222222222222,20231023-20240520,417.0333271118992,1,fair,NA
AIMS,2023-11-18T05:15:00Z,02S06,STIC,SP,21064680,68889.02666688002,4.622777777777776,20231023-20240520,395.4770209250236,1,fair,NA
AIMS,2023-11-18T05:30:00Z,02S06,STIC,SP,21064680,71644.5877335552,4.622777777777776,20231023-20240520,417.0333271118992,1,fair,NA
AIMS,2023-11-18T05:45:00Z,02S06,STIC,SP,21064680,71644.5877335552,4.622777777777776,20231023-20240520,417.0333271118992,1,fair,NA
AIMS,2023-11-18T06:00:00Z,02S06,STIC,SP,21064680,71644.5877335552,4.518888888888888,20231023-20240520,417.0333271118992,1,fair,NA
AIMS,2023-11-18T06:15:00Z,02S06,STIC,SP,21064680,71644.5877335552,4.518888888888888,20231023-20240520,417.0333271118992,1,fair,NA
AIMS,2023-11-18T06:30:00Z,02S06,STIC,SP,21064680,71644.5877335552,4.518888888888888,20231023-20240520,417.0333271118992,1,fair,NA
AIMS,2023-11-18T06:45:00Z,02S06,STIC,SP,21064680,71644.5877335552,4.415000000000002,20231023-20240520,417.0333271118992,1,fair,NA
AIMS,2023-11-18T07:00:00Z,02S06,STIC,SP,21064680,68889.02666688002,4.415000000000002,20231023-20240520,395.4770209250236,1,fair,NA
AIMS,2023-11-18T07:15:00Z,02S06,STIC,SP,21064680,71644.5877335552,4.622777777777776,20231023-20240520,417.0333271118992,1,fair,NA
AIMS,2023-11-18T07:30:00Z,02S06,STIC,SP,21064680,71644.5877335552,4.933888888888889,20231023-20240520,417.0333271118992,1,fair,NA
AIMS,2023-11-18T07:45:00Z,02S06,STIC,SP,21064680,71644.5877335552,5.243888888888889,20231023-20240520,417.0333271118992,1,fair,NA
AIMS,2023-11-18T08:00:00Z,02S06,STIC,SP,21064680,71644.5877335552,5.450000000000001,20231023-20240520,417.0333271118992,1,fair,NA
AIMS,2023-11-18T08:15:00Z,02S06,STIC,SP,21064680,71644.5877335552,5.552222222222222,20231023-20240520,417.0333271118992,1,fair,NA
AIMS,2023-11-18T08:30:00Z,02S06,STIC,SP,21064680,71644.5877335552,5.552222222222222,20231023-20240520,417.0333271118992,1,fair,NA
AIMS,2023-11-18T08:45:00Z,02S06,STIC,SP,21064680,71644.5877335552,5.655,20231023-20240520,417.0333271118992,1,fair,NA
AIMS,2023-11-18T09:00:00Z,02S06,STIC,SP,21064680,71644.5877335552,5.7572222222222225,20231023-20240520,417.0333271118992,1,fair,NA
AIMS,2023-11-18T09:15:00Z,02S06,STIC,SP,21064680,71644.5877335552,5.86,20231023-20240520,417.0333271118992,1,fair,NA
AIMS,2023-11-18T09:30:00Z,02S06,STIC,SP,21064680,71644.5877335552,5.7572222222222225,20231023-20240520,417.0333271118992,1,fair,NA
AIMS,2023-11-18T09:45:00Z,02S06,STIC,SP,21064680,71644.5877335552,5.7572222222222225,20231023-20240520,417.0333271118992,1,fair,NA
AIMS,2023-11-18T10:00:00Z,02S06,STIC,SP,21064680,71644.5877335552,5.86,20231023-20240520,417.0333271118992,1,fair,NA
AIMS,2023-11-18T10:15:00Z,02S06,STIC,SP,21064680,71644.5877335552,5.86,20231023-20240520,417.0333271118992,1,fair,NA
AIMS,2023-11-18T10:30:00Z,02S06,STIC,SP,21064680,71644.5877335552,5.86,20231023-20240520,417.0333271118992,1,fair,NA
AIMS,2023-11-18T10:45:00Z,02S06,STIC,SP,21064680,71644.5877335552,5.9622222222222225,20231023-20240520,417.0333271118992,1,fair,NA
AIMS,2023-11-18T11:00:00Z,02S06,STIC,SP,21064680,71644.5877335552,5.9622222222222225,20231023-20240520,417.0333271118992,1,fair,NA
AIMS,2023-11-18T11:15:00Z,02S06,STIC,SP,21064680,71644.5877335552,5.86,20231023-20240520,417.0333271118992,1,fair,NA
AIMS,2023-11-18T11:30:00Z,02S06,STIC,SP,21064680,71644.5877335552,5.86,20231023-20240520,417.0333271118992,1,fair,NA
AIMS,2023-11-18T11:45:00Z,02S06,STIC,SP,21064680,71644.5877335552,5.9622222222222225,20231023-20240520,417.0333271118992,1,fair,NA
AIMS,2023-11-18T12:00:00Z,02S06,STIC,SP,21064680,71644.5877335552,5.9622222222222225,20231023-20240520,417.0333271118992,1,fair,NA
AIMS,2023-11-18T12:15:00Z,02S06,STIC,SP,21064680,71644.5877335552,5.86,20231023-20240520,417.0333271118992,1,fair,NA
AIMS,2023-11-18T12:30:00Z,02S06,STIC,SP,21064680,71644.5877335552,5.7572222222222225,20231023-20240520,417.0333271118992,1,fair,NA
AIMS,2023-11-18T12:45:00Z,02S06,STIC,SP,21064680,71644.5877335552,5.655,20231023-20240520,417.0333271118992,1,fair,NA
AIMS,2023-11-18T13:00:00Z,02S06,STIC,SP,21064680,71644.5877335552,5.655,20231023-20240520,417.0333271118992,1,fair,NA
AIMS,2023-11-18T13:15:00Z,02S06,STIC,SP,21064680,71644.5877335552,5.7572222222222225,20231023-20240520,417.0333271118992,1,fair,NA
AIMS,2023-11-18T13:30:00Z,02S06,STIC,SP,21064680,71644.5877335552,5.86,20231023-20240520,417.0333271118992,1,fair,NA
AIMS,2023-11-18T13:45:00Z,02S06,STIC,SP,21064680,71644.5877335552,6.1661111111111095,20231023-20240520,417.0333271118992,1,fair,NA
AIMS,2023-11-18T14:00:00Z,02S06,STIC,SP,21064680,71644.5877335552,6.370000000000001,20231023-20240520,417.0333271118992,1,fair,NA
AIMS,2023-11-18T14:15:00Z,02S06,STIC,SP,21064680,71644.5877335552,6.775,20231023-20240520,417.0333271118992,1,fair,NA
AIMS,2023-11-18T14:30:00Z,02S06,STIC,SP,21064680,71644.5877335552,7.1788888888888875,20231023-20240520,417.0333271118992,1,fair,NA
AIMS,2023-11-18T14:45:00Z,02S06,STIC,SP,21064680,71644.5877335552,7.582222222222225,20231023-20240520,417.0333271118992,1,fair,NA
AIMS,2023-11-18T15:00:00Z,02S06,STIC,SP,21064680,74400.1488002304,8.082222222222224,20231023-20240520,438.5896332987749,1,fair,NA
AIMS,2023-11-18T15:15:00Z,02S06,STIC,SP,21064680,74400.1488002304,8.481111111111108,20231023-20240520,438.5896332987749,1,fair,NA
AIMS,2023-11-18T15:30:00Z,02S06,STIC,SP,21064680,74400.1488002304,8.977777777777774,20231023-20240520,438.5896332987749,1,fair,NA
AIMS,2023-11-18T15:45:00Z,02S06,STIC,SP,21064680,74400.1488002304,9.767777777777773,20231023-20240520,438.5896332987749,1,fair,NA
AIMS,2023-11-18T16:00:00Z,02S06,STIC,SP,21064680,74400.1488002304,10.455000000000004,20231023-20240520,438.5896332987749,1,fair,NA
AIMS,2023-11-18T16:15:00Z,02S06,STIC,SP,21064680,74400.1488002304,11.333888888888893,20231023-20240520,438.5896332987749,1,fair,NA
AIMS,2023-11-18T16:30:00Z,02S06,STIC,SP,21064680,77155.70986690561,13.365000000000004,20231023-20240520,460.14593948565073,1,fair,NA
AIMS,2023-11-18T16:45:00Z,02S06,STIC,SP,21064680,77155.70986690561,14.612777777777774,20231023-20240520,460.14593948565073,1,fair,NA
AIMS,2023-11-18T17:00:00Z,02S06,STIC,SP,21064680,77155.70986690561,15.377777777777778,20231023-20240520,460.14593948565073,1,fair,NA
AIMS,2023-11-18T17:15:00Z,02S06,STIC,SP,21064680,79911.2709335808,17.283888888888885,20231023-20240520,481.70224567252654,1,fair,NA
AIMS,2023-11-18T17:30:00Z,02S06,STIC,SP,21064680,79911.2709335808,18.71111111111112,20231023-20240520,481.70224567252654,1,fair,NA
AIMS,2023-11-18T17:45:00Z,02S06,STIC,SP,21064680,82666.83200025599,20.710000000000004,20231023-20240520,503.25855185940213,1,fair,NA
AIMS,2023-11-18T18:00:00Z,02S06,STIC,SP,21064680,79911.2709335808,22.717222222222222,20231023-20240520,481.70224567252654,1,fair,NA
AIMS,2023-11-18T18:15:00Z,02S06,STIC,SP,21064680,77155.70986690561,23.772777777777772,20231023-20240520,460.14593948565073,1,fair,NA
AIMS,2023-11-18T18:30:00Z,02S06,STIC,SP,21064680,79911.2709335808,24.641111111111112,20231023-20240520,481.70224567252654,1,fair,NA
AIMS,2023-11-18T18:45:00Z,02S06,STIC,SP,21064680,79911.2709335808,24.544999999999998,20231023-20240520,481.70224567252654,1,fair,NA
AIMS,2023-11-18T19:00:00Z,02S06,STIC,SP,21064680,85422.39306693122,24.931111111111115,20231023-20240520,524.814858046278,1,fair,NA
AIMS,2023-11-18T19:15:00Z,02S06,STIC,SP,21064680,85422.39306693122,25.124999999999996,20231023-20240520,524.814858046278,1,fair,NA
AIMS,2023-11-18T19:30:00Z,02S06,STIC,SP,21064680,85422.39306693122,24.641111111111112,20231023-20240520,524.814858046278,1,fair,NA
AIMS,2023-11-18T19:45:00Z,02S06,STIC,SP,21064680,85422.39306693122,23.86888888888889,20231023-20240520,524.814858046278,1,fair,NA
AIMS,2023-11-18T20:00:00Z,02S06,STIC,SP,21064680,85422.39306693122,22.907777777777774,20231023-20240520,524.814858046278,1,fair,NA
AIMS,2023-11-18T20:15:00Z,02S06,STIC,SP,21064680,82666.83200025599,21.855,20231023-20240520,503.25855185940213,1,fair,NA
AIMS,2023-11-18T20:30:00Z,02S06,STIC,SP,21064680,82666.83200025599,21.472777777777775,20231023-20240520,503.25855185940213,1,fair,NA
AIMS,2023-11-18T20:45:00Z,02S06,STIC,SP,21064680,82666.83200025599,21.37777777777778,20231023-20240520,503.25855185940213,1,fair,NA
AIMS,2023-11-18T21:00:00Z,02S06,STIC,SP,21064680,82666.83200025599,22.62111111111112,20231023-20240520,503.25855185940213,1,fair,NA
AIMS,2023-11-18T21:15:00Z,02S06,STIC,SP,21064680,82666.83200025599,22.428888888888892,20231023-20240520,503.25855185940213,1,fair,NA
AIMS,2023-11-18T21:30:00Z,02S06,STIC,SP,21064680,82666.83200025599,21.472777777777775,20231023-20240520,503.25855185940213,1,fair,NA
AIMS,2023-11-18T21:45:00Z,02S06,STIC,SP,21064680,82666.83200025599,18.71111111111112,20231023-20240520,503.25855185940213,1,fair,NA
AIMS,2023-11-18T22:00:00Z,02S06,STIC,SP,21064680,82666.83200025599,16.522777777777772,20231023-20240520,503.25855185940213,1,fair,NA
AIMS,2023-11-18T22:15:00Z,02S06,STIC,SP,21064680,79911.2709335808,14.99611111111111,20231023-20240520,481.70224567252654,1,fair,NA
AIMS,2023-11-18T22:30:00Z,02S06,STIC,SP,21064680,79911.2709335808,13.94222222222222,20231023-20240520,481.70224567252654,1,fair,NA
AIMS,2023-11-18T22:45:00Z,02S06,STIC,SP,21064680,79911.2709335808,12.30388888888889,20231023-20240520,481.70224567252654,1,fair,NA
AIMS,2023-11-18T23:00:00Z,02S06,STIC,SP,21064680,77155.70986690561,10.943888888888887,20231023-20240520,460.14593948565073,1,fair,NA
AIMS,2023-11-18T23:15:00Z,02S06,STIC,SP,21064680,77155.70986690561,9.767777777777773,20231023-20240520,460.14593948565073,1,fair,NA
AIMS,2023-11-18T23:30:00Z,02S06,STIC,SP,21064680,74400.1488002304,8.977777777777774,20231023-20240520,438.5896332987749,1,fair,NA
AIMS,2023-11-18T23:45:00Z,02S06,STIC,SP,21064680,74400.1488002304,8.382222222222223,20231023-20240520,438.5896332987749,1,fair,NA
AIMS,2023-11-19T00:00:00Z,02S06,STIC,SP,21064680,74400.1488002304,8.082222222222224,20231023-20240520,438.5896332987749,1,fair,NA
AIMS,2023-11-19T00:15:00Z,02S06,STIC,SP,21064680,74400.1488002304,7.882222222222223,20231023-20240520,438.5896332987749,1,fair,NA
AIMS,2023-11-19T00:30:00Z,02S06,STIC,SP,21064680,74400.1488002304,7.682222222222225,20231023-20240520,438.5896332987749,1,fair,NA
AIMS,2023-11-19T00:45:00Z,02S06,STIC,SP,21064680,74400.1488002304,7.582222222222225,20231023-20240520,438.5896332987749,1,fair,NA
AIMS,2023-11-19T01:00:00Z,02S06,STIC,SP,21064680,74400.1488002304,7.682222222222225,20231023-20240520,438.5896332987749,1,fair,NA
AIMS,2023-11-19T01:15:00Z,02S06,STIC,SP,21064680,74400.1488002304,7.882222222222223,20231023-20240520,438.5896332987749,1,fair,NA
AIMS,2023-11-19T01:30:00Z,02S06,STIC,SP,21064680,74400.1488002304,7.882222222222223,20231023-20240520,438.5896332987749,1,fair,NA
AIMS,2023-11-19T01:45:00Z,02S06,STIC,SP,21064680,74400.1488002304,7.882222222222223,20231023-20240520,438.5896332987749,1,fair,NA
AIMS,2023-11-19T02:00:00Z,02S06,STIC,SP,21064680,74400.1488002304,8.182222222222224,20231023-20240520,438.5896332987749,1,fair,NA
AIMS,2023-11-19T02:15:00Z,02S06,STIC,SP,21064680,74400.1488002304,8.382222222222223,20231023-20240520,438.5896332987749,1,fair,NA
AIMS,2023-11-19T02:30:00Z,02S06,STIC,SP,21064680,74400.1488002304,8.581111111111108,20231023-20240520,438.5896332987749,1,fair,NA
AIMS,2023-11-19T02:45:00Z,02S06,STIC,SP,21064680,74400.1488002304,8.581111111111108,20231023-20240520,438.5896332987749,1,fair,NA
AIMS,2023-11-19T03:00:00Z,02S06,STIC,SP,21064680,74400.1488002304,8.182222222222224,20231023-20240520,438.5896332987749,1,fair,NA
AIMS,2023-11-19T03:15:00Z,02S06,STIC,SP,21064680,74400.1488002304,7.982777777777778,20231023-20240520,438.5896332987749,1,fair,NA
AIMS,2023-11-19T03:30:00Z,02S06,STIC,SP,21064680,74400.1488002304,8.082222222222224,20231023-20240520,438.5896332987749,1,fair,NA
AIMS,2023-11-19T03:45:00Z,02S06,STIC,SP,21064680,74400.1488002304,8.282222222222224,20231023-20240520,438.5896332987749,1,fair,NA
AIMS,2023-11-19T04:00:00Z,02S06,STIC,SP,21064680,74400.1488002304,8.778888888888888,20231023-20240520,438.5896332987749,1,fair,NA
AIMS,2023-11-19T04:15:00Z,02S06,STIC,SP,21064680,74400.1488002304,9.472222222222221,20231023-20240520,438.5896332987749,1,fair,NA
AIMS,2023-11-19T04:30:00Z,02S06,STIC,SP,21064680,74400.1488002304,9.866111111111111,20231023-20240520,438.5896332987749,1,fair,NA
AIMS,2023-11-19T04:45:00Z,02S06,STIC,SP,21064680,74400.1488002304,9.965000000000002,20231023-20240520,438.5896332987749,1,fair,NA
AIMS,2023-11-19T05:00:00Z,02S06,STIC,SP,21064680,77155.70986690561,10.25888888888889,20231023-20240520,460.14593948565073,1,fair,NA
AIMS,2023-11-19T05:15:00Z,02S06,STIC,SP,21064680,77155.70986690561,10.25888888888889,20231023-20240520,460.14593948565073,1,fair,NA
AIMS,2023-11-19T05:30:00Z,02S06,STIC,SP,21064680,77155.70986690561,10.062777777777775,20231023-20240520,460.14593948565073,1,fair,NA
AIMS,2023-11-19T05:45:00Z,02S06,STIC,SP,21064680,77155.70986690561,10.062777777777775,20231023-20240520,460.14593948565073,1,fair,NA
AIMS,2023-11-19T06:00:00Z,02S06,STIC,SP,21064680,77155.70986690561,10.357222222222227,20231023-20240520,460.14593948565073,1,fair,NA
AIMS,2023-11-19T06:15:00Z,02S06,STIC,SP,21064680,77155.70986690561,10.552777777777775,20231023-20240520,460.14593948565073,1,fair,NA
AIMS,2023-11-19T06:30:00Z,02S06,STIC,SP,21064680,77155.70986690561,10.552777777777775,20231023-20240520,460.14593948565073,1,fair,NA
AIMS,2023-11-19T06:45:00Z,02S06,STIC,SP,21064680,77155.70986690561,10.455000000000004,20231023-20240520,460.14593948565073,1,fair,NA
AIMS,2023-11-19T07:00:00Z,02S06,STIC,SP,21064680,77155.70986690561,10.455000000000004,20231023-20240520,460.14593948565073,1,fair,NA
AIMS,2023-11-19T07:15:00Z,02S06,STIC,SP,21064680,77155.70986690561,10.455000000000004,20231023-20240520,460.14593948565073,1,fair,NA
AIMS,2023-11-19T07:30:00Z,02S06,STIC,SP,21064680,77155.70986690561,10.552777777777775,20231023-20240520,460.14593948565073,1,fair,NA
AIMS,2023-11-19T07:45:00Z,02S06,STIC,SP,21064680,77155.70986690561,10.747777777777772,20231023-20240520,460.14593948565073,1,fair,NA
AIMS,2023-11-19T08:00:00Z,02S06,STIC,SP,21064680,77155.70986690561,10.747777777777772,20231023-20240520,460.14593948565073,1,fair,NA
AIMS,2023-11-19T08:15:00Z,02S06,STIC,SP,21064680,77155.70986690561,10.651111111111108,20231023-20240520,460.14593948565073,1,fair,NA
AIMS,2023-11-19T08:30:00Z,02S06,STIC,SP,21064680,77155.70986690561,10.651111111111108,20231023-20240520,460.14593948565073,1,fair,NA
AIMS,2023-11-19T08:45:00Z,02S06,STIC,SP,21064680,77155.70986690561,10.84611111111111,20231023-20240520,460.14593948565073,1,fair,NA
AIMS,2023-11-19T09:00:00Z,02S06,STIC,SP,21064680,77155.70986690561,11.041111111111109,20231023-20240520,460.14593948565073,1,fair,NA
AIMS,2023-11-19T09:15:00Z,02S06,STIC,SP,21064680,77155.70986690561,11.138888888888888,20231023-20240520,460.14593948565073,1,fair,NA
AIMS,2023-11-19T09:30:00Z,02S06,STIC,SP,21064680,77155.70986690561,11.236111111111107,20231023-20240520,460.14593948565073,1,fair,NA
AIMS,2023-11-19T09:45:00Z,02S06,STIC,SP,21064680,77155.70986690561,11.138888888888888,20231023-20240520,460.14593948565073,1,fair,NA
AIMS,2023-11-19T10:00:00Z,02S06,STIC,SP,21064680,77155.70986690561,10.943888888888887,20231023-20240520,460.14593948565073,1,fair,NA
AIMS,2023-11-19T10:15:00Z,02S06,STIC,SP,21064680,77155.70986690561,10.943888888888887,20231023-20240520,460.14593948565073,1,fair,NA
AIMS,2023-11-19T10:30:00Z,02S06,STIC,SP,21064680,77155.70986690561,10.943888888888887,20231023-20240520,460.14593948565073,1,fair,NA
AIMS,2023-11-19T10:45:00Z,02S06,STIC,SP,21064680,77155.70986690561,10.84611111111111,20231023-20240520,460.14593948565073,1,fair,NA
AIMS,2023-11-19T11:00:00Z,02S06,STIC,SP,21064680,77155.70986690561,10.747777777777772,20231023-20240520,460.14593948565073,1,fair,NA
AIMS,2023-11-19T11:15:00Z,02S06,STIC,SP,21064680,77155.70986690561,10.651111111111108,20231023-20240520,460.14593948565073,1,fair,NA
AIMS,2023-11-19T11:30:00Z,02S06,STIC,SP,21064680,77155.70986690561,10.455000000000004,20231023-20240520,460.14593948565073,1,fair,NA
AIMS,2023-11-19T11:45:00Z,02S06,STIC,SP,21064680,77155.70986690561,10.455000000000004,20231023-20240520,460.14593948565073,1,fair,NA
AIMS,2023-11-19T12:00:00Z,02S06,STIC,SP,21064680,77155.70986690561,10.455000000000004,20231023-20240520,460.14593948565073,1,fair,NA
AIMS,2023-11-19T12:15:00Z,02S06,STIC,SP,21064680,77155.70986690561,10.552777777777775,20231023-20240520,460.14593948565073,1,fair,NA
AIMS,2023-11-19T12:30:00Z,02S06,STIC,SP,21064680,77155.70986690561,10.552777777777775,20231023-20240520,460.14593948565073,1,fair,NA
AIMS,2023-11-19T12:45:00Z,02S06,STIC,SP,21064680,77155.70986690561,10.552777777777775,20231023-20240520,460.14593948565073,1,fair,NA
AIMS,2023-11-19T13:00:00Z,02S06,STIC,SP,21064680,77155.70986690561,10.357222222222227,20231023-20240520,460.14593948565073,1,fair,NA
AIMS,2023-11-19T13:15:00Z,02S06,STIC,SP,21064680,77155.70986690561,10.161111111111108,20231023-20240520,460.14593948565073,1,fair,NA
AIMS,2023-11-19T13:30:00Z,02S06,STIC,SP,21064680,77155.70986690561,10.062777777777775,20231023-20240520,460.14593948565073,1,fair,NA
AIMS,2023-11-19T13:45:00Z,02S06,STIC,SP,21064680,77155.70986690561,10.062777777777775,20231023-20240520,460.14593948565073,1,fair,NA
AIMS,2023-11-19T14:00:00Z,02S06,STIC,SP,21064680,77155.70986690561,10.25888888888889,20231023-20240520,460.14593948565073,1,fair,NA
AIMS,2023-11-19T14:15:00Z,02S06,STIC,SP,21064680,77155.70986690561,10.357222222222227,20231023-20240520,460.14593948565073,1,fair,NA
AIMS,2023-11-19T14:30:00Z,02S06,STIC,SP,21064680,77155.70986690561,10.25888888888889,20231023-20240520,460.14593948565073,1,fair,NA
AIMS,2023-11-19T14:45:00Z,02S06,STIC,SP,21064680,77155.70986690561,10.25888888888889,20231023-20240520,460.14593948565073,1,fair,NA
AIMS,2023-11-19T15:00:00Z,02S06,STIC,SP,21064680,77155.70986690561,10.25888888888889,20231023-20240520,460.14593948565073,1,fair,NA
AIMS,2023-11-19T15:15:00Z,02S06,STIC,SP,21064680,77155.70986690561,10.25888888888889,20231023-20240520,460.14593948565073,1,fair,NA
AIMS,2023-11-19T15:30:00Z,02S06,STIC,SP,21064680,77155.70986690561,10.25888888888889,20231023-20240520,460.14593948565073,1,fair,NA
AIMS,2023-11-19T15:45:00Z,02S06,STIC,SP,21064680,77155.70986690561,10.161111111111108,20231023-20240520,460.14593948565073,1,fair,NA
AIMS,2023-11-19T16:00:00Z,02S06,STIC,SP,21064680,77155.70986690561,10.161111111111108,20231023-20240520,460.14593948565073,1,fair,NA
AIMS,2023-11-19T16:15:00Z,02S06,STIC,SP,21064680,77155.70986690561,10.161111111111108,20231023-20240520,460.14593948565073,1,fair,NA
AIMS,2023-11-19T16:30:00Z,02S06,STIC,SP,21064680,77155.70986690561,10.455000000000004,20231023-20240520,460.14593948565073,1,fair,NA
AIMS,2023-11-19T16:45:00Z,02S06,STIC,SP,21064680,77155.70986690561,10.747777777777772,20231023-20240520,460.14593948565073,1,fair,NA
AIMS,2023-11-19T17:00:00Z,02S06,STIC,SP,21064680,77155.70986690561,11.041111111111109,20231023-20240520,460.14593948565073,1,fair,NA
AIMS,2023-11-19T17:15:00Z,02S06,STIC,SP,21064680,77155.70986690561,11.333888888888893,20231023-20240520,460.14593948565073,1,fair,NA
AIMS,2023-11-19T17:30:00Z,02S06,STIC,SP,21064680,77155.70986690561,11.625,20231023-20240520,460.14593948565073,1,fair,NA
AIMS,2023-11-19T17:45:00Z,02S06,STIC,SP,21064680,77155.70986690561,11.625,20231023-20240520,460.14593948565073,1,fair,NA
AIMS,2023-11-19T18:00:00Z,02S06,STIC,SP,21064680,79911.2709335808,12.012777777777774,20231023-20240520,481.70224567252654,1,fair,NA
AIMS,2023-11-19T18:15:00Z,02S06,STIC,SP,21064680,79911.2709335808,12.30388888888889,20231023-20240520,481.70224567252654,1,fair,NA
AIMS,2023-11-19T18:30:00Z,02S06,STIC,SP,21064680,79911.2709335808,12.30388888888889,20231023-20240520,481.70224567252654,1,fair,NA
AIMS,2023-11-19T18:45:00Z,02S06,STIC,SP,21064680,79911.2709335808,12.59388888888889,20231023-20240520,481.70224567252654,1,fair,NA
AIMS,2023-11-19T19:00:00Z,02S06,STIC,SP,21064680,79911.2709335808,12.30388888888889,20231023-20240520,481.70224567252654,1,fair,NA
AIMS,2023-11-19T19:15:00Z,02S06,STIC,SP,21064680,79911.2709335808,12.787222222222223,20231023-20240520,481.70224567252654,1,fair,NA
AIMS,2023-11-19T19:30:00Z,02S06,STIC,SP,21064680,79911.2709335808,12.69,20231023-20240520,481.70224567252654,1,fair,NA
AIMS,2023-11-19T19:45:00Z,02S06,STIC,SP,21064680,79911.2709335808,12.59388888888889,20231023-20240520,481.70224567252654,1,fair,NA
AIMS,2023-11-19T20:00:00Z,02S06,STIC,SP,21064680,79911.2709335808,12.40111111111111,20231023-20240520,481.70224567252654,1,fair,NA
AIMS,2023-11-19T20:15:00Z,02S06,STIC,SP,21064680,79911.2709335808,12.30388888888889,20231023-20240520,481.70224567252654,1,fair,NA
AIMS,2023-11-19T20:30:00Z,02S06,STIC,SP,21064680,79911.2709335808,12.012777777777774,20231023-20240520,481.70224567252654,1,fair,NA
AIMS,2023-11-19T20:45:00Z,02S06,STIC,SP,21064680,79911.2709335808,11.916111111111109,20231023-20240520,481.70224567252654,1,fair,NA
AIMS,2023-11-19T21:00:00Z,02S06,STIC,SP,21064680,79911.2709335808,11.916111111111109,20231023-20240520,481.70224567252654,1,fair,NA
AIMS,2023-11-19T21:15:00Z,02S06,STIC,SP,21064680,79911.2709335808,11.818888888888887,20231023-20240520,481.70224567252654,1,fair,NA
AIMS,2023-11-19T21:30:00Z,02S06,STIC,SP,21064680,77155.70986690561,11.625,20231023-20240520,460.14593948565073,1,fair,NA
AIMS,2023-11-19T21:45:00Z,02S06,STIC,SP,21064680,77155.70986690561,11.527777777777779,20231023-20240520,460.14593948565073,1,fair,NA
AIMS,2023-11-19T22:00:00Z,02S06,STIC,SP,21064680,77155.70986690561,11.333888888888893,20231023-20240520,460.14593948565073,1,fair,NA
AIMS,2023-11-19T22:15:00Z,02S06,STIC,SP,21064680,77155.70986690561,11.333888888888893,20231023-20240520,460.14593948565073,1,fair,NA
AIMS,2023-11-19T22:30:00Z,02S06,STIC,SP,21064680,77155.70986690561,11.236111111111107,20231023-20240520,460.14593948565073,1,fair,NA
AIMS,2023-11-19T22:45:00Z,02S06,STIC,SP,21064680,77155.70986690561,11.138888888888888,20231023-20240520,460.14593948565073,1,fair,NA
AIMS,2023-11-19T23:00:00Z,02S06,STIC,SP,21064680,77155.70986690561,11.138888888888888,20231023-20240520,460.14593948565073,1,fair,NA
AIMS,2023-11-19T23:15:00Z,02S06,STIC,SP,21064680,77155.70986690561,11.041111111111109,20231023-20240520,460.14593948565073,1,fair,NA
AIMS,2023-11-19T23:30:00Z,02S06,STIC,SP,21064680,77155.70986690561,10.943888888888887,20231023-20240520,460.14593948565073,1,fair,NA
AIMS,2023-11-19T23:45:00Z,02S06,STIC,SP,21064680,77155.70986690561,10.943888888888887,20231023-20240520,460.14593948565073,1,fair,NA
AIMS,2023-11-20T00:00:00Z,02S06,STIC,SP,21064680,77155.70986690561,10.84611111111111,20231023-20240520,460.14593948565073,1,fair,NA
AIMS,2023-11-20T00:15:00Z,02S06,STIC,SP,21064680,77155.70986690561,10.747777777777772,20231023-20240520,460.14593948565073,1,fair,NA
AIMS,2023-11-20T00:30:00Z,02S06,STIC,SP,21064680,77155.70986690561,10.747777777777772,20231023-20240520,460.14593948565073,1,fair,NA
AIMS,2023-11-20T00:45:00Z,02S06,STIC,SP,21064680,77155.70986690561,10.747777777777772,20231023-20240520,460.14593948565073,1,fair,NA
AIMS,2023-11-20T01:00:00Z,02S06,STIC,SP,21064680,77155.70986690561,10.84611111111111,20231023-20240520,460.14593948565073,1,fair,NA
AIMS,2023-11-20T01:15:00Z,02S06,STIC,SP,21064680,77155.70986690561,10.84611111111111,20231023-20240520,460.14593948565073,1,fair,NA
AIMS,2023-11-20T01:30:00Z,02S06,STIC,SP,21064680,77155.70986690561,10.84611111111111,20231023-20240520,460.14593948565073,1,fair,NA
AIMS,2023-11-20T01:45:00Z,02S06,STIC,SP,21064680,77155.70986690561,10.84611111111111,20231023-20240520,460.14593948565073,1,fair,NA
AIMS,2023-11-20T02:00:00Z,02S06,STIC,SP,21064680,77155.70986690561,10.747777777777772,20231023-20240520,460.14593948565073,1,fair,NA
AIMS,2023-11-20T02:15:00Z,02S06,STIC,SP,21064680,77155.70986690561,10.552777777777775,20231023-20240520,460.14593948565073,1,fair,NA
AIMS,2023-11-20T02:30:00Z,02S06,STIC,SP,21064680,77155.70986690561,10.455000000000004,20231023-20240520,460.14593948565073,1,fair,NA
AIMS,2023-11-20T02:45:00Z,02S06,STIC,SP,21064680,77155.70986690561,10.25888888888889,20231023-20240520,460.14593948565073,1,fair,NA
AIMS,2023-11-20T03:00:00Z,02S06,STIC,SP,21064680,77155.70986690561,10.161111111111108,20231023-20240520,460.14593948565073,1,fair,NA
AIMS,2023-11-20T03:15:00Z,02S06,STIC,SP,21064680,77155.70986690561,10.161111111111108,20231023-20240520,460.14593948565073,1,fair,NA
AIMS,2023-11-20T03:30:00Z,02S06,STIC,SP,21064680,77155.70986690561,10.062777777777775,20231023-20240520,460.14593948565073,1,fair,NA
AIMS,2023-11-20T03:45:00Z,02S06,STIC,SP,21064680,77155.70986690561,10.062777777777775,20231023-20240520,460.14593948565073,1,fair,NA
AIMS,2023-11-20T04:00:00Z,02S06,STIC,SP,21064680,77155.70986690561,9.965000000000002,20231023-20240520,460.14593948565073,1,fair,NA
AIMS,2023-11-20T04:15:00Z,02S06,STIC,SP,21064680,77155.70986690561,9.965000000000002,20231023-20240520,460.14593948565073,1,fair,NA
AIMS,2023-11-20T04:30:00Z,02S06,STIC,SP,21064680,77155.70986690561,9.767777777777773,20231023-20240520,460.14593948565073,1,fair,NA
AIMS,2023-11-20T04:45:00Z,02S06,STIC,SP,21064680,77155.70986690561,9.767777777777773,20231023-20240520,460.14593948565073,1,fair,NA
AIMS,2023-11-20T05:00:00Z,02S06,STIC,SP,21064680,77155.70986690561,9.866111111111111,20231023-20240520,460.14593948565073,1,fair,NA
AIMS,2023-11-20T05:15:00Z,02S06,STIC,SP,21064680,77155.70986690561,9.767777777777773,20231023-20240520,460.14593948565073,1,fair,NA
AIMS,2023-11-20T05:30:00Z,02S06,STIC,SP,21064680,77155.70986690561,9.66888888888889,20231023-20240520,460.14593948565073,1,fair,NA
AIMS,2023-11-20T05:45:00Z,02S06,STIC,SP,21064680,77155.70986690561,9.767777777777773,20231023-20240520,460.14593948565073,1,fair,NA
AIMS,2023-11-20T06:00:00Z,02S06,STIC,SP,21064680,77155.70986690561,9.767777777777773,20231023-20240520,460.14593948565073,1,fair,NA
AIMS,2023-11-20T06:15:00Z,02S06,STIC,SP,21064680,77155.70986690561,9.767777777777773,20231023-20240520,460.14593948565073,1,fair,NA
AIMS,2023-11-20T06:30:00Z,02S06,STIC,SP,21064680,77155.70986690561,9.767777777777773,20231023-20240520,460.14593948565073,1,fair,NA
AIMS,2023-11-20T06:45:00Z,02S06,STIC,SP,21064680,77155.70986690561,9.767777777777773,20231023-20240520,460.14593948565073,1,fair,NA
AIMS,2023-11-20T07:00:00Z,02S06,STIC,SP,21064680,77155.70986690561,9.767777777777773,20231023-20240520,460.14593948565073,1,fair,NA
AIMS,2023-11-20T07:15:00Z,02S06,STIC,SP,21064680,77155.70986690561,9.866111111111111,20231023-20240520,460.14593948565073,1,fair,NA
AIMS,2023-11-20T07:30:00Z,02S06,STIC,SP,21064680,77155.70986690561,9.965000000000002,20231023-20240520,460.14593948565073,1,fair,NA
AIMS,2023-11-20T07:45:00Z,02S06,STIC,SP,21064680,77155.70986690561,9.965000000000002,20231023-20240520,460.14593948565073,1,fair,NA
AIMS,2023-11-20T08:00:00Z,02S06,STIC,SP,21064680,77155.70986690561,9.965000000000002,20231023-20240520,460.14593948565073,1,fair,NA
AIMS,2023-11-20T08:15:00Z,02S06,STIC,SP,21064680,77155.70986690561,10.062777777777775,20231023-20240520,460.14593948565073,1,fair,NA
AIMS,2023-11-20T08:30:00Z,02S06,STIC,SP,21064680,77155.70986690561,10.062777777777775,20231023-20240520,460.14593948565073,1,fair,NA
AIMS,2023-11-20T08:45:00Z,02S06,STIC,SP,21064680,77155.70986690561,10.062777777777775,20231023-20240520,460.14593948565073,1,fair,NA
AIMS,2023-11-20T09:00:00Z,02S06,STIC,SP,21064680,77155.70986690561,10.062777777777775,20231023-20240520,460.14593948565073,1,fair,NA
AIMS,2023-11-20T09:15:00Z,02S06,STIC,SP,21064680,77155.70986690561,10.062777777777775,20231023-20240520,460.14593948565073,1,fair,NA
AIMS,2023-11-20T09:30:00Z,02S06,STIC,SP,21064680,77155.70986690561,10.062777777777775,20231023-20240520,460.14593948565073,1,fair,NA
AIMS,2023-11-20T09:45:00Z,02S06,STIC,SP,21064680,77155.70986690561,10.062777777777775,20231023-20240520,460.14593948565073,1,fair,NA
AIMS,2023-11-20T10:00:00Z,02S06,STIC,SP,21064680,77155.70986690561,10.062777777777775,20231023-20240520,460.14593948565073,1,fair,NA
AIMS,2023-11-20T10:15:00Z,02S06,STIC,SP,21064680,77155.70986690561,10.062777777777775,20231023-20240520,460.14593948565073,1,fair,NA
AIMS,2023-11-20T10:30:00Z,02S06,STIC,SP,21064680,77155.70986690561,10.062777777777775,20231023-20240520,460.14593948565073,1,fair,NA
AIMS,2023-11-20T10:45:00Z,02S06,STIC,SP,21064680,77155.70986690561,10.062777777777775,20231023-20240520,460.14593948565073,1,fair,NA
AIMS,2023-11-20T11:00:00Z,02S06,STIC,SP,21064680,77155.70986690561,9.965000000000002,20231023-20240520,460.14593948565073,1,fair,NA
AIMS,2023-11-20T11:15:00Z,02S06,STIC,SP,21064680,77155.70986690561,9.866111111111111,20231023-20240520,460.14593948565073,1,fair,NA
AIMS,2023-11-20T11:30:00Z,02S06,STIC,SP,21064680,77155.70986690561,9.866111111111111,20231023-20240520,460.14593948565073,1,fair,NA
AIMS,2023-11-20T11:45:00Z,02S06,STIC,SP,21064680,77155.70986690561,9.767777777777773,20231023-20240520,460.14593948565073,1,fair,NA
AIMS,2023-11-20T12:00:00Z,02S06,STIC,SP,21064680,77155.70986690561,9.767777777777773,20231023-20240520,460.14593948565073,1,fair,NA
AIMS,2023-11-20T12:15:00Z,02S06,STIC,SP,21064680,77155.70986690561,9.767777777777773,20231023-20240520,460.14593948565073,1,fair,NA
AIMS,2023-11-20T12:30:00Z,02S06,STIC,SP,21064680,77155.70986690561,9.66888888888889,20231023-20240520,460.14593948565073,1,fair,NA
AIMS,2023-11-20T12:45:00Z,02S06,STIC,SP,21064680,77155.70986690561,9.66888888888889,20231023-20240520,460.14593948565073,1,fair,NA
AIMS,2023-11-20T13:00:00Z,02S06,STIC,SP,21064680,77155.70986690561,9.57111111111111,20231023-20240520,460.14593948565073,1,fair,NA
AIMS,2023-11-20T13:15:00Z,02S06,STIC,SP,21064680,77155.70986690561,9.472222222222221,20231023-20240520,460.14593948565073,1,fair,NA
AIMS,2023-11-20T13:30:00Z,02S06,STIC,SP,21064680,77155.70986690561,9.472222222222221,20231023-20240520,460.14593948565073,1,fair,NA
AIMS,2023-11-20T13:45:00Z,02S06,STIC,SP,21064680,77155.70986690561,9.372777777777781,20231023-20240520,460.14593948565073,1,fair,NA
AIMS,2023-11-20T14:00:00Z,02S06,STIC,SP,21064680,77155.70986690561,9.372777777777781,20231023-20240520,460.14593948565073,1,fair,NA
AIMS,2023-11-20T14:15:00Z,02S06,STIC,SP,21064680,77155.70986690561,9.275,20231023-20240520,460.14593948565073,1,fair,NA
AIMS,2023-11-20T14:30:00Z,02S06,STIC,SP,21064680,77155.70986690561,9.077222222222222,20231023-20240520,460.14593948565073,1,fair,NA
AIMS,2023-11-20T14:45:00Z,02S06,STIC,SP,21064680,77155.70986690561,9.077222222222222,20231023-20240520,460.14593948565073,1,fair,NA
AIMS,2023-11-20T15:00:00Z,02S06,STIC,SP,21064680,77155.70986690561,8.87888888888889,20231023-20240520,460.14593948565073,1,fair,NA
AIMS,2023-11-20T15:15:00Z,02S06,STIC,SP,21064680,77155.70986690561,8.87888888888889,20231023-20240520,460.14593948565073,1,fair,NA
AIMS,2023-11-20T15:30:00Z,02S06,STIC,SP,21064680,77155.70986690561,8.977777777777774,20231023-20240520,460.14593948565073,1,fair,NA
AIMS,2023-11-20T15:45:00Z,02S06,STIC,SP,21064680,77155.70986690561,8.977777777777774,20231023-20240520,460.14593948565073,1,fair,NA
AIMS,2023-11-20T16:00:00Z,02S06,STIC,SP,21064680,77155.70986690561,8.977777777777774,20231023-20240520,460.14593948565073,1,fair,NA
AIMS,2023-11-20T16:15:00Z,02S06,STIC,SP,21064680,77155.70986690561,8.977777777777774,20231023-20240520,460.14593948565073,1,fair,NA
AIMS,2023-11-20T16:30:00Z,02S06,STIC,SP,21064680,77155.70986690561,8.87888888888889,20231023-20240520,460.14593948565073,1,fair,NA
AIMS,2023-11-20T16:45:00Z,02S06,STIC,SP,21064680,77155.70986690561,8.977777777777774,20231023-20240520,460.14593948565073,1,fair,NA
AIMS,2023-11-20T17:00:00Z,02S06,STIC,SP,21064680,74400.1488002304,8.977777777777774,20231023-20240520,438.5896332987749,1,fair,NA
AIMS,2023-11-20T17:15:00Z,02S06,STIC,SP,21064680,74400.1488002304,8.977777777777774,20231023-20240520,438.5896332987749,1,fair,NA
AIMS,2023-11-20T17:30:00Z,02S06,STIC,SP,21064680,74400.1488002304,9.077222222222222,20231023-20240520,438.5896332987749,1,fair,NA
AIMS,2023-11-20T17:45:00Z,02S06,STIC,SP,21064680,74400.1488002304,8.977777777777774,20231023-20240520,438.5896332987749,1,fair,NA
AIMS,2023-11-20T18:00:00Z,02S06,STIC,SP,21064680,74400.1488002304,8.87888888888889,20231023-20240520,438.5896332987749,1,fair,NA
AIMS,2023-11-20T18:15:00Z,02S06,STIC,SP,21064680,74400.1488002304,8.778888888888888,20231023-20240520,438.5896332987749,1,fair,NA
AIMS,2023-11-20T18:30:00Z,02S06,STIC,SP,21064680,74400.1488002304,8.68,20231023-20240520,438.5896332987749,1,fair,NA
AIMS,2023-11-20T18:45:00Z,02S06,STIC,SP,21064680,74400.1488002304,8.68,20231023-20240520,438.5896332987749,1,fair,NA
AIMS,2023-11-20T19:00:00Z,02S06,STIC,SP,21064680,74400.1488002304,8.68,20231023-20240520,438.5896332987749,1,fair,NA
AIMS,2023-11-20T19:15:00Z,02S06,STIC,SP,21064680,74400.1488002304,8.68,20231023-20240520,438.5896332987749,1,fair,NA
AIMS,2023-11-20T19:30:00Z,02S06,STIC,SP,21064680,74400.1488002304,8.68,20231023-20240520,438.5896332987749,1,fair,NA
AIMS,2023-11-20T19:45:00Z,02S06,STIC,SP,21064680,77155.70986690561,8.87888888888889,20231023-20240520,460.14593948565073,1,fair,NA
AIMS,2023-11-20T20:00:00Z,02S06,STIC,SP,21064680,77155.70986690561,9.077222222222222,20231023-20240520,460.14593948565073,1,fair,NA
AIMS,2023-11-20T20:15:00Z,02S06,STIC,SP,21064680,77155.70986690561,8.977777777777774,20231023-20240520,460.14593948565073,1,fair,NA
AIMS,2023-11-20T20:30:00Z,02S06,STIC,SP,21064680,77155.70986690561,8.87888888888889,20231023-20240520,460.14593948565073,1,fair,NA
AIMS,2023-11-20T20:45:00Z,02S06,STIC,SP,21064680,77155.70986690561,8.87888888888889,20231023-20240520,460.14593948565073,1,fair,NA
AIMS,2023-11-20T21:00:00Z,02S06,STIC,SP,21064680,77155.70986690561,8.778888888888888,20231023-20240520,460.14593948565073,1,fair,NA
AIMS,2023-11-20T21:15:00Z,02S06,STIC,SP,21064680,77155.70986690561,8.68,20231023-20240520,460.14593948565073,1,fair,NA
AIMS,2023-11-20T21:30:00Z,02S06,STIC,SP,21064680,77155.70986690561,8.68,20231023-20240520,460.14593948565073,1,fair,NA
AIMS,2023-11-20T21:45:00Z,02S06,STIC,SP,21064680,77155.70986690561,8.68,20231023-20240520,460.14593948565073,1,fair,NA
AIMS,2023-11-20T22:00:00Z,02S06,STIC,SP,21064680,77155.70986690561,8.68,20231023-20240520,460.14593948565073,1,fair,NA
AIMS,2023-11-20T22:15:00Z,02S06,STIC,SP,21064680,77155.70986690561,8.581111111111108,20231023-20240520,460.14593948565073,1,fair,NA
AIMS,2023-11-20T22:30:00Z,02S06,STIC,SP,21064680,77155.70986690561,8.581111111111108,20231023-20240520,460.14593948565073,1,fair,NA
AIMS,2023-11-20T22:45:00Z,02S06,STIC,SP,21064680,77155.70986690561,8.481111111111108,20231023-20240520,460.14593948565073,1,fair,NA
AIMS,2023-11-20T23:00:00Z,02S06,STIC,SP,21064680,77155.70986690561,8.481111111111108,20231023-20240520,460.14593948565073,1,fair,NA
AIMS,2023-11-20T23:15:00Z,02S06,STIC,SP,21064680,77155.70986690561,8.382222222222223,20231023-20240520,460.14593948565073,1,fair,NA
AIMS,2023-11-20T23:30:00Z,02S06,STIC,SP,21064680,77155.70986690561,8.382222222222223,20231023-20240520,460.14593948565073,1,fair,NA
AIMS,2023-11-20T23:45:00Z,02S06,STIC,SP,21064680,77155.70986690561,8.382222222222223,20231023-20240520,460.14593948565073,1,fair,NA
AIMS,2023-11-21T00:00:00Z,02S06,STIC,SP,21064680,77155.70986690561,8.382222222222223,20231023-20240520,460.14593948565073,1,fair,NA
AIMS,2023-11-21T00:15:00Z,02S06,STIC,SP,21064680,77155.70986690561,8.382222222222223,20231023-20240520,460.14593948565073,1,fair,NA
AIMS,2023-11-21T00:30:00Z,02S06,STIC,SP,21064680,77155.70986690561,8.382222222222223,20231023-20240520,460.14593948565073,1,fair,NA
AIMS,2023-11-21T00:45:00Z,02S06,STIC,SP,21064680,77155.70986690561,8.382222222222223,20231023-20240520,460.14593948565073,1,fair,NA
AIMS,2023-11-21T01:00:00Z,02S06,STIC,SP,21064680,77155.70986690561,8.282222222222224,20231023-20240520,460.14593948565073,1,fair,NA
AIMS,2023-11-21T01:15:00Z,02S06,STIC,SP,21064680,77155.70986690561,8.282222222222224,20231023-20240520,460.14593948565073,1,fair,NA
AIMS,2023-11-21T01:30:00Z,02S06,STIC,SP,21064680,77155.70986690561,8.282222222222224,20231023-20240520,460.14593948565073,1,fair,NA
AIMS,2023-11-21T01:45:00Z,02S06,STIC,SP,21064680,77155.70986690561,8.382222222222223,20231023-20240520,460.14593948565073,1,fair,NA
AIMS,2023-11-21T02:00:00Z,02S06,STIC,SP,21064680,77155.70986690561,8.282222222222224,20231023-20240520,460.14593948565073,1,fair,NA
AIMS,2023-11-21T02:15:00Z,02S06,STIC,SP,21064680,77155.70986690561,8.282222222222224,20231023-20240520,460.14593948565073,1,fair,NA
AIMS,2023-11-21T02:30:00Z,02S06,STIC,SP,21064680,77155.70986690561,8.382222222222223,20231023-20240520,460.14593948565073,1,fair,NA
AIMS,2023-11-21T02:45:00Z,02S06,STIC,SP,21064680,77155.70986690561,8.282222222222224,20231023-20240520,460.14593948565073,1,fair,NA
AIMS,2023-11-21T03:00:00Z,02S06,STIC,SP,21064680,77155.70986690561,8.282222222222224,20231023-20240520,460.14593948565073,1,fair,NA
AIMS,2023-11-21T03:15:00Z,02S06,STIC,SP,21064680,77155.70986690561,8.282222222222224,20231023-20240520,460.14593948565073,1,fair,NA
AIMS,2023-11-21T03:30:00Z,02S06,STIC,SP,21064680,77155.70986690561,8.182222222222224,20231023-20240520,460.14593948565073,1,fair,NA
AIMS,2023-11-21T03:45:00Z,02S06,STIC,SP,21064680,77155.70986690561,8.182222222222224,20231023-20240520,460.14593948565073,1,fair,NA
AIMS,2023-11-21T04:00:00Z,02S06,STIC,SP,21064680,77155.70986690561,8.082222222222224,20231023-20240520,460.14593948565073,1,fair,NA
AIMS,2023-11-21T04:15:00Z,02S06,STIC,SP,21064680,77155.70986690561,8.082222222222224,20231023-20240520,460.14593948565073,1,fair,NA
AIMS,2023-11-21T04:30:00Z,02S06,STIC,SP,21064680,77155.70986690561,8.082222222222224,20231023-20240520,460.14593948565073,1,fair,NA
AIMS,2023-11-21T04:45:00Z,02S06,STIC,SP,21064680,77155.70986690561,8.182222222222224,20231023-20240520,460.14593948565073,1,fair,NA
AIMS,2023-11-21T05:00:00Z,02S06,STIC,SP,21064680,77155.70986690561,8.182222222222224,20231023-20240520,460.14593948565073,1,fair,NA
AIMS,2023-11-21T05:15:00Z,02S06,STIC,SP,21064680,77155.70986690561,8.182222222222224,20231023-20240520,460.14593948565073,1,fair,NA
AIMS,2023-11-21T05:30:00Z,02S06,STIC,SP,21064680,77155.70986690561,8.282222222222224,20231023-20240520,460.14593948565073,1,fair,NA
AIMS,2023-11-21T05:45:00Z,02S06,STIC,SP,21064680,77155.70986690561,8.182222222222224,20231023-20240520,460.14593948565073,1,fair,NA
AIMS,2023-11-21T06:00:00Z,02S06,STIC,SP,21064680,77155.70986690561,8.182222222222224,20231023-20240520,460.14593948565073,1,fair,NA
AIMS,2023-11-21T06:15:00Z,02S06,STIC,SP,21064680,77155.70986690561,8.182222222222224,20231023-20240520,460.14593948565073,1,fair,NA
AIMS,2023-11-21T06:30:00Z,02S06,STIC,SP,21064680,77155.70986690561,8.282222222222224,20231023-20240520,460.14593948565073,1,fair,NA
AIMS,2023-11-21T06:45:00Z,02S06,STIC,SP,21064680,77155.70986690561,8.382222222222223,20231023-20240520,460.14593948565073,1,fair,NA
AIMS,2023-11-21T07:00:00Z,02S06,STIC,SP,21064680,77155.70986690561,8.382222222222223,20231023-20240520,460.14593948565073,1,fair,NA
AIMS,2023-11-21T07:15:00Z,02S06,STIC,SP,21064680,77155.70986690561,8.382222222222223,20231023-20240520,460.14593948565073,1,fair,NA
AIMS,2023-11-21T07:30:00Z,02S06,STIC,SP,21064680,77155.70986690561,8.481111111111108,20231023-20240520,460.14593948565073,1,fair,NA
AIMS,2023-11-21T07:45:00Z,02S06,STIC,SP,21064680,77155.70986690561,8.481111111111108,20231023-20240520,460.14593948565073,1,fair,NA
AIMS,2023-11-21T08:00:00Z,02S06,STIC,SP,21064680,77155.70986690561,8.481111111111108,20231023-20240520,460.14593948565073,1,fair,NA
AIMS,2023-11-21T08:15:00Z,02S06,STIC,SP,21064680,77155.70986690561,8.481111111111108,20231023-20240520,460.14593948565073,1,fair,NA
AIMS,2023-11-21T08:30:00Z,02S06,STIC,SP,21064680,77155.70986690561,8.481111111111108,20231023-20240520,460.14593948565073,1,fair,NA
AIMS,2023-11-21T08:45:00Z,02S06,STIC,SP,21064680,77155.70986690561,8.382222222222223,20231023-20240520,460.14593948565073,1,fair,NA
AIMS,2023-11-21T09:00:00Z,02S06,STIC,SP,21064680,77155.70986690561,8.282222222222224,20231023-20240520,460.14593948565073,1,fair,NA
AIMS,2023-11-21T09:15:00Z,02S06,STIC,SP,21064680,77155.70986690561,8.282222222222224,20231023-20240520,460.14593948565073,1,fair,NA
AIMS,2023-11-21T09:30:00Z,02S06,STIC,SP,21064680,77155.70986690561,8.282222222222224,20231023-20240520,460.14593948565073,1,fair,NA
AIMS,2023-11-21T09:45:00Z,02S06,STIC,SP,21064680,77155.70986690561,8.082222222222224,20231023-20240520,460.14593948565073,1,fair,NA
AIMS,2023-11-21T10:00:00Z,02S06,STIC,SP,21064680,77155.70986690561,7.982777777777778,20231023-20240520,460.14593948565073,1,fair,NA
AIMS,2023-11-21T10:15:00Z,02S06,STIC,SP,21064680,77155.70986690561,7.982777777777778,20231023-20240520,460.14593948565073,1,fair,NA
AIMS,2023-11-21T10:30:00Z,02S06,STIC,SP,21064680,77155.70986690561,8.082222222222224,20231023-20240520,460.14593948565073,1,fair,NA
AIMS,2023-11-21T10:45:00Z,02S06,STIC,SP,21064680,77155.70986690561,8.182222222222224,20231023-20240520,460.14593948565073,1,fair,NA
AIMS,2023-11-21T11:00:00Z,02S06,STIC,SP,21064680,77155.70986690561,8.282222222222224,20231023-20240520,460.14593948565073,1,fair,NA
AIMS,2023-11-21T11:15:00Z,02S06,STIC,SP,21064680,77155.70986690561,8.282222222222224,20231023-20240520,460.14593948565073,1,fair,NA
AIMS,2023-11-21T11:30:00Z,02S06,STIC,SP,21064680,77155.70986690561,8.382222222222223,20231023-20240520,460.14593948565073,1,fair,NA
AIMS,2023-11-21T11:45:00Z,02S06,STIC,SP,21064680,77155.70986690561,8.481111111111108,20231023-20240520,460.14593948565073,1,fair,NA
AIMS,2023-11-21T12:00:00Z,02S06,STIC,SP,21064680,77155.70986690561,8.581111111111108,20231023-20240520,460.14593948565073,1,fair,NA
AIMS,2023-11-21T12:15:00Z,02S06,STIC,SP,21064680,77155.70986690561,8.68,20231023-20240520,460.14593948565073,1,fair,NA
AIMS,2023-11-21T12:30:00Z,02S06,STIC,SP,21064680,77155.70986690561,8.68,20231023-20240520,460.14593948565073,1,fair,NA
AIMS,2023-11-21T12:45:00Z,02S06,STIC,SP,21064680,77155.70986690561,8.382222222222223,20231023-20240520,460.14593948565073,1,fair,NA
AIMS,2023-11-21T13:00:00Z,02S06,STIC,SP,21064680,77155.70986690561,8.082222222222224,20231023-20240520,460.14593948565073,1,fair,NA
AIMS,2023-11-21T13:15:00Z,02S06,STIC,SP,21064680,77155.70986690561,7.882222222222223,20231023-20240520,460.14593948565073,1,fair,NA
AIMS,2023-11-21T13:30:00Z,02S06,STIC,SP,21064680,77155.70986690561,7.782222222222226,20231023-20240520,460.14593948565073,1,fair,NA
AIMS,2023-11-21T13:45:00Z,02S06,STIC,SP,21064680,74400.1488002304,7.582222222222225,20231023-20240520,438.5896332987749,1,fair,NA
AIMS,2023-11-21T14:00:00Z,02S06,STIC,SP,21064680,74400.1488002304,7.381111111111112,20231023-20240520,438.5896332987749,1,fair,NA
AIMS,2023-11-21T14:15:00Z,02S06,STIC,SP,21064680,74400.1488002304,6.877222222222222,20231023-20240520,438.5896332987749,1,fair,NA
AIMS,2023-11-21T14:30:00Z,02S06,STIC,SP,21064680,74400.1488002304,5.9622222222222225,20231023-20240520,438.5896332987749,1,fair,NA
AIMS,2023-11-21T14:45:00Z,02S06,STIC,SP,21064680,68889.02666688002,5.243888888888889,20231023-20240520,395.4770209250236,1,fair,NA
AIMS,2023-11-21T15:00:00Z,02S06,STIC,SP,21064680,68889.02666688002,4.933888888888889,20231023-20240520,395.4770209250236,1,fair,NA
AIMS,2023-11-21T15:15:00Z,02S06,STIC,SP,21064680,68889.02666688002,4.8311111111111105,20231023-20240520,395.4770209250236,1,fair,NA
AIMS,2023-11-21T15:30:00Z,02S06,STIC,SP,21064680,68889.02666688002,4.8311111111111105,20231023-20240520,395.4770209250236,1,fair,NA
AIMS,2023-11-21T15:45:00Z,02S06,STIC,SP,21064680,68889.02666688002,4.8311111111111105,20231023-20240520,395.4770209250236,1,fair,NA
AIMS,2023-11-21T16:00:00Z,02S06,STIC,SP,21064680,68889.02666688002,5.14111111111111,20231023-20240520,395.4770209250236,1,fair,NA
AIMS,2023-11-21T16:15:00Z,02S06,STIC,SP,21064680,71644.5877335552,5.9622222222222225,20231023-20240520,417.0333271118992,1,fair,NA
AIMS,2023-11-21T16:30:00Z,02S06,STIC,SP,21064680,71644.5877335552,7.078888888888887,20231023-20240520,417.0333271118992,1,fair,NA
AIMS,2023-11-21T16:45:00Z,02S06,STIC,SP,21064680,71644.5877335552,7.078888888888887,20231023-20240520,417.0333271118992,1,fair,NA
AIMS,2023-11-21T17:00:00Z,02S06,STIC,SP,21064680,71644.5877335552,7.782222222222226,20231023-20240520,417.0333271118992,1,fair,NA
AIMS,2023-11-21T17:15:00Z,02S06,STIC,SP,21064680,71644.5877335552,8.778888888888888,20231023-20240520,417.0333271118992,1,fair,NA
AIMS,2023-11-21T17:30:00Z,02S06,STIC,SP,21064680,74400.1488002304,9.66888888888889,20231023-20240520,438.5896332987749,1,fair,NA
AIMS,2023-11-21T17:45:00Z,02S06,STIC,SP,21064680,74400.1488002304,10.84611111111111,20231023-20240520,438.5896332987749,1,fair,NA
AIMS,2023-11-21T18:00:00Z,02S06,STIC,SP,21064680,77155.70986690561,12.497222222222222,20231023-20240520,460.14593948565073,1,fair,NA
AIMS,2023-11-21T18:15:00Z,02S06,STIC,SP,21064680,77155.70986690561,13.461111111111107,20231023-20240520,460.14593948565073,1,fair,NA
AIMS,2023-11-21T18:30:00Z,02S06,STIC,SP,21064680,77155.70986690561,14.13388888888889,20231023-20240520,460.14593948565073,1,fair,NA
AIMS,2023-11-21T18:45:00Z,02S06,STIC,SP,21064680,77155.70986690561,13.65388888888889,20231023-20240520,460.14593948565073,1,fair,NA
AIMS,2023-11-21T19:00:00Z,02S06,STIC,SP,21064680,77155.70986690561,13.94222222222222,20231023-20240520,460.14593948565073,1,fair,NA
AIMS,2023-11-21T19:15:00Z,02S06,STIC,SP,21064680,79911.2709335808,14.325000000000001,20231023-20240520,481.70224567252654,1,fair,NA
AIMS,2023-11-21T19:30:00Z,02S06,STIC,SP,21064680,77155.70986690561,13.365000000000004,20231023-20240520,460.14593948565073,1,fair,NA
AIMS,2023-11-21T19:45:00Z,02S06,STIC,SP,21064680,77155.70986690561,12.69,20231023-20240520,460.14593948565073,1,fair,NA
AIMS,2023-11-21T20:00:00Z,02S06,STIC,SP,21064680,77155.70986690561,11.916111111111109,20231023-20240520,460.14593948565073,1,fair,NA
AIMS,2023-11-21T20:15:00Z,02S06,STIC,SP,21064680,77155.70986690561,11.431111111111111,20231023-20240520,460.14593948565073,1,fair,NA
AIMS,2023-11-21T20:30:00Z,02S06,STIC,SP,21064680,74400.1488002304,10.84611111111111,20231023-20240520,438.5896332987749,1,fair,NA
AIMS,2023-11-21T20:45:00Z,02S06,STIC,SP,21064680,74400.1488002304,10.651111111111108,20231023-20240520,438.5896332987749,1,fair,NA
AIMS,2023-11-21T21:00:00Z,02S06,STIC,SP,21064680,77155.70986690561,11.72222222222222,20231023-20240520,460.14593948565073,1,fair,NA
AIMS,2023-11-21T21:15:00Z,02S06,STIC,SP,21064680,74400.1488002304,11.333888888888893,20231023-20240520,438.5896332987749,1,fair,NA
AIMS,2023-11-21T21:30:00Z,02S06,STIC,SP,21064680,74400.1488002304,10.25888888888889,20231023-20240520,438.5896332987749,1,fair,NA
AIMS,2023-11-21T21:45:00Z,02S06,STIC,SP,21064680,74400.1488002304,8.481111111111108,20231023-20240520,438.5896332987749,1,fair,NA
AIMS,2023-11-21T22:00:00Z,02S06,STIC,SP,21064680,74400.1488002304,7.4811111111111135,20231023-20240520,438.5896332987749,1,fair,NA
AIMS,2023-11-21T22:15:00Z,02S06,STIC,SP,21064680,74400.1488002304,6.977777777777779,20231023-20240520,438.5896332987749,1,fair,NA
AIMS,2023-11-21T22:30:00Z,02S06,STIC,SP,21064680,71644.5877335552,6.5727777777777785,20231023-20240520,417.0333271118992,1,fair,NA
AIMS,2023-11-21T22:45:00Z,02S06,STIC,SP,21064680,71644.5877335552,6.1661111111111095,20231023-20240520,417.0333271118992,1,fair,NA
AIMS,2023-11-21T23:00:00Z,02S06,STIC,SP,21064680,71644.5877335552,5.86,20231023-20240520,417.0333271118992,1,fair,NA
AIMS,2023-11-21T23:15:00Z,02S06,STIC,SP,21064680,71644.5877335552,5.655,20231023-20240520,417.0333271118992,1,fair,NA
AIMS,2023-11-21T23:30:00Z,02S06,STIC,SP,21064680,71644.5877335552,5.347222222222222,20231023-20240520,417.0333271118992,1,fair,NA
AIMS,2023-11-21T23:45:00Z,02S06,STIC,SP,21064680,68889.02666688002,5.037222222222224,20231023-20240520,395.4770209250236,1,fair,NA
AIMS,2023-11-22T00:00:00Z,02S06,STIC,SP,21064680,68889.02666688002,4.727222222222222,20231023-20240520,395.4770209250236,1,fair,NA
AIMS,2023-11-22T00:15:00Z,02S06,STIC,SP,21064680,68889.02666688002,4.518888888888888,20231023-20240520,395.4770209250236,1,fair,NA
AIMS,2023-11-22T00:30:00Z,02S06,STIC,SP,21064680,68889.02666688002,4.102222222222222,20231023-20240520,395.4770209250236,1,fair,NA
AIMS,2023-11-22T00:45:00Z,02S06,STIC,SP,21064680,68889.02666688002,4.102222222222222,20231023-20240520,395.4770209250236,1,fair,NA
AIMS,2023-11-22T01:00:00Z,02S06,STIC,SP,21064680,68889.02666688002,3.997777777777778,20231023-20240520,395.4770209250236,1,fair,NA
AIMS,2023-11-22T01:15:00Z,02S06,STIC,SP,21064680,68889.02666688002,3.5777777777777775,20231023-20240520,395.4770209250236,1,fair,NA
AIMS,2023-11-22T01:30:00Z,02S06,STIC,SP,21064680,68889.02666688002,3.6827777777777775,20231023-20240520,395.4770209250236,1,fair,NA
AIMS,2023-11-22T01:45:00Z,02S06,STIC,SP,21064680,68889.02666688002,3.7877777777777784,20231023-20240520,395.4770209250236,1,fair,NA
AIMS,2023-11-22T02:00:00Z,02S06,STIC,SP,21064680,68889.02666688002,3.8927777777777774,20231023-20240520,395.4770209250236,1,fair,NA
AIMS,2023-11-22T02:15:00Z,02S06,STIC,SP,21064680,68889.02666688002,3.7877777777777784,20231023-20240520,395.4770209250236,1,fair,NA
AIMS,2023-11-22T02:30:00Z,02S06,STIC,SP,21064680,68889.02666688002,3.5777777777777775,20231023-20240520,395.4770209250236,1,fair,NA
AIMS,2023-11-22T02:45:00Z,02S06,STIC,SP,21064680,68889.02666688002,3.367222222222223,20231023-20240520,395.4770209250236,1,fair,NA
AIMS,2023-11-22T03:00:00Z,02S06,STIC,SP,21064680,68889.02666688002,3.26111111111111,20231023-20240520,395.4770209250236,1,fair,NA
AIMS,2023-11-22T03:15:00Z,02S06,STIC,SP,21064680,68889.02666688002,3.048888888888888,20231023-20240520,395.4770209250236,1,fair,NA
AIMS,2023-11-22T03:30:00Z,02S06,STIC,SP,21064680,68889.02666688002,2.730000000000001,20231023-20240520,395.4770209250236,1,fair,NA
AIMS,2023-11-22T03:45:00Z,02S06,STIC,SP,21064680,68889.02666688002,2.41,20231023-20240520,395.4770209250236,1,fair,NA
AIMS,2023-11-22T04:00:00Z,02S06,STIC,SP,21064680,68889.02666688002,2.1950000000000003,20231023-20240520,395.4770209250236,1,fair,NA
AIMS,2023-11-22T04:15:00Z,02S06,STIC,SP,21064680,68889.02666688002,2.1950000000000003,20231023-20240520,395.4770209250236,1,fair,NA
AIMS,2023-11-22T04:30:00Z,02S06,STIC,SP,21064680,71644.5877335552,2.08777777777778,20231023-20240520,417.0333271118992,1,fair,NA
AIMS,2023-11-22T04:45:00Z,02S06,STIC,SP,21064680,71644.5877335552,1.8722222222222211,20231023-20240520,417.0333271118992,1,fair,NA
AIMS,2023-11-22T05:00:00Z,02S06,STIC,SP,21064680,71644.5877335552,1.7638888888888873,20231023-20240520,417.0333271118992,1,fair,NA
AIMS,2023-11-22T05:15:00Z,02S06,STIC,SP,21064680,71644.5877335552,1.8722222222222211,20231023-20240520,417.0333271118992,1,fair,NA
AIMS,2023-11-22T05:30:00Z,02S06,STIC,SP,21064680,71644.5877335552,1.8722222222222211,20231023-20240520,417.0333271118992,1,fair,NA
AIMS,2023-11-22T05:45:00Z,02S06,STIC,SP,21064680,71644.5877335552,1.7638888888888873,20231023-20240520,417.0333271118992,1,fair,NA
AIMS,2023-11-22T06:00:00Z,02S06,STIC,SP,21064680,71644.5877335552,1.6561111111111122,20231023-20240520,417.0333271118992,1,fair,NA
AIMS,2023-11-22T06:15:00Z,02S06,STIC,SP,21064680,71644.5877335552,1.5477777777777786,20231023-20240520,417.0333271118992,1,fair,NA
AIMS,2023-11-22T06:30:00Z,02S06,STIC,SP,21064680,71644.5877335552,1.7638888888888873,20231023-20240520,417.0333271118992,1,fair,NA
AIMS,2023-11-22T06:45:00Z,02S06,STIC,SP,21064680,71644.5877335552,1.98,20231023-20240520,417.0333271118992,1,fair,NA
AIMS,2023-11-22T07:00:00Z,02S06,STIC,SP,21064680,71644.5877335552,1.7638888888888873,20231023-20240520,417.0333271118992,1,fair,NA
AIMS,2023-11-22T07:15:00Z,02S06,STIC,SP,21064680,71644.5877335552,1.5477777777777786,20231023-20240520,417.0333271118992,1,fair,NA
AIMS,2023-11-22T07:30:00Z,02S06,STIC,SP,21064680,71644.5877335552,1.4388888888888909,20231023-20240520,417.0333271118992,1,fair,NA
AIMS,2023-11-22T07:45:00Z,02S06,STIC,SP,21064680,71644.5877335552,1.5477777777777786,20231023-20240520,417.0333271118992,1,fair,NA
AIMS,2023-11-22T08:00:00Z,02S06,STIC,SP,21064680,71644.5877335552,1.98,20231023-20240520,417.0333271118992,1,fair,NA
AIMS,2023-11-22T08:15:00Z,02S06,STIC,SP,21064680,71644.5877335552,2.30277777777778,20231023-20240520,417.0333271118992,1,fair,NA
AIMS,2023-11-22T08:30:00Z,02S06,STIC,SP,21064680,71644.5877335552,2.5172222222222222,20231023-20240520,417.0333271118992,1,fair,NA
AIMS,2023-11-22T08:45:00Z,02S06,STIC,SP,21064680,71644.5877335552,2.5172222222222222,20231023-20240520,417.0333271118992,1,fair,NA
AIMS,2023-11-22T09:00:00Z,02S06,STIC,SP,21064680,71644.5877335552,2.5172222222222222,20231023-20240520,417.0333271118992,1,fair,NA
AIMS,2023-11-22T09:15:00Z,02S06,STIC,SP,21064680,71644.5877335552,2.5172222222222222,20231023-20240520,417.0333271118992,1,fair,NA
AIMS,2023-11-22T09:30:00Z,02S06,STIC,SP,21064680,71644.5877335552,2.30277777777778,20231023-20240520,417.0333271118992,1,fair,NA
AIMS,2023-11-22T09:45:00Z,02S06,STIC,SP,21064680,71644.5877335552,2.1950000000000003,20231023-20240520,417.0333271118992,1,fair,NA
AIMS,2023-11-22T10:00:00Z,02S06,STIC,SP,21064680,71644.5877335552,2.30277777777778,20231023-20240520,417.0333271118992,1,fair,NA
AIMS,2023-11-22T10:15:00Z,02S06,STIC,SP,21064680,71644.5877335552,2.5172222222222222,20231023-20240520,417.0333271118992,1,fair,NA
AIMS,2023-11-22T10:30:00Z,02S06,STIC,SP,21064680,71644.5877335552,2.6238888888888883,20231023-20240520,417.0333271118992,1,fair,NA
AIMS,2023-11-22T10:45:00Z,02S06,STIC,SP,21064680,71644.5877335552,2.6238888888888883,20231023-20240520,417.0333271118992,1,fair,NA
AIMS,2023-11-22T11:00:00Z,02S06,STIC,SP,21064680,71644.5877335552,2.30277777777778,20231023-20240520,417.0333271118992,1,fair,NA
AIMS,2023-11-22T11:15:00Z,02S06,STIC,SP,21064680,71644.5877335552,1.98,20231023-20240520,417.0333271118992,1,fair,NA
AIMS,2023-11-22T11:30:00Z,02S06,STIC,SP,21064680,71644.5877335552,1.6561111111111122,20231023-20240520,417.0333271118992,1,fair,NA
AIMS,2023-11-22T11:45:00Z,02S06,STIC,SP,21064680,71644.5877335552,1.5477777777777786,20231023-20240520,417.0333271118992,1,fair,NA
AIMS,2023-11-22T12:00:00Z,02S06,STIC,SP,21064680,71644.5877335552,1.4388888888888909,20231023-20240520,417.0333271118992,1,fair,NA
AIMS,2023-11-22T12:15:00Z,02S06,STIC,SP,21064680,71644.5877335552,1.6561111111111122,20231023-20240520,417.0333271118992,1,fair,NA
AIMS,2023-11-22T12:30:00Z,02S06,STIC,SP,21064680,71644.5877335552,1.7638888888888873,20231023-20240520,417.0333271118992,1,fair,NA
AIMS,2023-11-22T12:45:00Z,02S06,STIC,SP,21064680,71644.5877335552,1.7638888888888873,20231023-20240520,417.0333271118992,1,fair,NA
AIMS,2023-11-22T13:00:00Z,02S06,STIC,SP,21064680,71644.5877335552,1.8722222222222211,20231023-20240520,417.0333271118992,1,fair,NA
AIMS,2023-11-22T13:15:00Z,02S06,STIC,SP,21064680,71644.5877335552,1.6561111111111122,20231023-20240520,417.0333271118992,1,fair,NA
AIMS,2023-11-22T13:30:00Z,02S06,STIC,SP,21064680,71644.5877335552,1.7638888888888873,20231023-20240520,417.0333271118992,1,fair,NA
AIMS,2023-11-22T13:45:00Z,02S06,STIC,SP,21064680,71644.5877335552,1.8722222222222211,20231023-20240520,417.0333271118992,1,fair,NA
AIMS,2023-11-22T14:00:00Z,02S06,STIC,SP,21064680,71644.5877335552,2.08777777777778,20231023-20240520,417.0333271118992,1,fair,NA
AIMS,2023-11-22T14:15:00Z,02S06,STIC,SP,21064680,71644.5877335552,2.41,20231023-20240520,417.0333271118992,1,fair,NA
AIMS,2023-11-22T14:30:00Z,02S06,STIC,SP,21064680,71644.5877335552,2.730000000000001,20231023-20240520,417.0333271118992,1,fair,NA
AIMS,2023-11-22T14:45:00Z,02S06,STIC,SP,21064680,71644.5877335552,2.942777777777777,20231023-20240520,417.0333271118992,1,fair,NA
AIMS,2023-11-22T15:00:00Z,02S06,STIC,SP,21064680,71644.5877335552,3.367222222222223,20231023-20240520,417.0333271118992,1,fair,NA
AIMS,2023-11-22T15:15:00Z,02S06,STIC,SP,21064680,74400.1488002304,3.7877777777777784,20231023-20240520,438.5896332987749,1,fair,NA
AIMS,2023-11-22T15:30:00Z,02S06,STIC,SP,21064680,71644.5877335552,4.102222222222222,20231023-20240520,417.0333271118992,1,fair,NA
AIMS,2023-11-22T15:45:00Z,02S06,STIC,SP,21064680,74400.1488002304,4.518888888888888,20231023-20240520,438.5896332987749,1,fair,NA
AIMS,2023-11-22T16:00:00Z,02S06,STIC,SP,21064680,74400.1488002304,4.933888888888889,20231023-20240520,438.5896332987749,1,fair,NA
AIMS,2023-11-22T16:15:00Z,02S06,STIC,SP,21064680,74400.1488002304,6.1661111111111095,20231023-20240520,438.5896332987749,1,fair,NA
AIMS,2023-11-22T16:30:00Z,02S06,STIC,SP,21064680,74400.1488002304,7.4811111111111135,20231023-20240520,438.5896332987749,1,fair,NA
AIMS,2023-11-22T16:45:00Z,02S06,STIC,SP,21064680,74400.1488002304,7.882222222222223,20231023-20240520,438.5896332987749,1,fair,NA
AIMS,2023-11-22T17:00:00Z,02S06,STIC,SP,21064680,74400.1488002304,7.782222222222226,20231023-20240520,438.5896332987749,1,fair,NA
AIMS,2023-11-22T17:15:00Z,02S06,STIC,SP,21064680,77155.70986690561,8.68,20231023-20240520,460.14593948565073,1,fair,NA
AIMS,2023-11-22T17:30:00Z,02S06,STIC,SP,21064680,77155.70986690561,10.552777777777775,20231023-20240520,460.14593948565073,1,fair,NA
AIMS,2023-11-22T17:45:00Z,02S06,STIC,SP,21064680,79911.2709335808,12.207222222222219,20231023-20240520,481.70224567252654,1,fair,NA
AIMS,2023-11-22T18:00:00Z,02S06,STIC,SP,21064680,82666.83200025599,14.612777777777774,20231023-20240520,503.25855185940213,1,fair,NA
AIMS,2023-11-22T18:15:00Z,02S06,STIC,SP,21064680,82666.83200025599,16.046111111111113,20231023-20240520,503.25855185940213,1,fair,NA
AIMS,2023-11-22T18:30:00Z,02S06,STIC,SP,21064680,82666.83200025599,16.807777777777776,20231023-20240520,503.25855185940213,1,fair,NA
AIMS,2023-11-22T18:45:00Z,02S06,STIC,SP,21064680,82666.83200025599,16.237222222222222,20231023-20240520,503.25855185940213,1,fair,NA
AIMS,2023-11-22T19:00:00Z,02S06,STIC,SP,21064680,82666.83200025599,16.807777777777776,20231023-20240520,503.25855185940213,1,fair,NA
AIMS,2023-11-22T19:15:00Z,02S06,STIC,SP,21064680,82666.83200025599,17.665,20231023-20240520,503.25855185940213,1,fair,NA
AIMS,2023-11-22T19:30:00Z,02S06,STIC,SP,21064680,82666.83200025599,16.99888888888889,20231023-20240520,503.25855185940213,1,fair,NA
AIMS,2023-11-22T19:45:00Z,02S06,STIC,SP,21064680,82666.83200025599,17.09388888888889,20231023-20240520,503.25855185940213,1,fair,NA
AIMS,2023-11-22T20:00:00Z,02S06,STIC,SP,21064680,82666.83200025599,15.855000000000002,20231023-20240520,503.25855185940213,1,fair,NA
AIMS,2023-11-22T20:15:00Z,02S06,STIC,SP,21064680,82666.83200025599,15.09111111111111,20231023-20240520,503.25855185940213,1,fair,NA
AIMS,2023-11-22T20:30:00Z,02S06,STIC,SP,21064680,74400.1488002304,13.94222222222222,20231023-20240520,438.5896332987749,1,fair,NA
AIMS,2023-11-22T20:45:00Z,02S06,STIC,SP,21064680,74400.1488002304,13.75,20231023-20240520,438.5896332987749,1,fair,NA
AIMS,2023-11-22T21:00:00Z,02S06,STIC,SP,21064680,74400.1488002304,14.80388888888889,20231023-20240520,438.5896332987749,1,fair,NA
AIMS,2023-11-22T21:15:00Z,02S06,STIC,SP,21064680,74400.1488002304,14.517222222222223,20231023-20240520,438.5896332987749,1,fair,NA
AIMS,2023-11-22T21:30:00Z,02S06,STIC,SP,21064680,74400.1488002304,13.365000000000004,20231023-20240520,438.5896332987749,1,fair,NA
AIMS,2023-11-22T21:45:00Z,02S06,STIC,SP,21064680,74400.1488002304,11.72222222222222,20231023-20240520,438.5896332987749,1,fair,NA
AIMS,2023-11-22T22:00:00Z,02S06,STIC,SP,21064680,74400.1488002304,10.747777777777772,20231023-20240520,438.5896332987749,1,fair,NA
AIMS,2023-11-22T22:15:00Z,02S06,STIC,SP,21064680,74400.1488002304,10.357222222222227,20231023-20240520,438.5896332987749,1,fair,NA
AIMS,2023-11-22T22:30:00Z,02S06,STIC,SP,21064680,74400.1488002304,10.062777777777775,20231023-20240520,438.5896332987749,1,fair,NA
AIMS,2023-11-22T22:45:00Z,02S06,STIC,SP,21064680,74400.1488002304,9.66888888888889,20231023-20240520,438.5896332987749,1,fair,NA
AIMS,2023-11-22T23:00:00Z,02S06,STIC,SP,21064680,77155.70986690561,9.275,20231023-20240520,460.14593948565073,1,fair,NA
AIMS,2023-11-22T23:15:00Z,02S06,STIC,SP,21064680,77155.70986690561,8.778888888888888,20231023-20240520,460.14593948565073,1,fair,NA
AIMS,2023-11-22T23:30:00Z,02S06,STIC,SP,21064680,77155.70986690561,8.382222222222223,20231023-20240520,460.14593948565073,1,fair,NA
AIMS,2023-11-22T23:45:00Z,02S06,STIC,SP,21064680,77155.70986690561,8.182222222222224,20231023-20240520,460.14593948565073,1,fair,NA
AIMS,2023-11-23T00:00:00Z,02S06,STIC,SP,21064680,77155.70986690561,7.882222222222223,20231023-20240520,460.14593948565073,1,fair,NA
AIMS,2023-11-23T00:15:00Z,02S06,STIC,SP,21064680,77155.70986690561,7.782222222222226,20231023-20240520,460.14593948565073,1,fair,NA
AIMS,2023-11-23T00:30:00Z,02S06,STIC,SP,21064680,77155.70986690561,7.582222222222225,20231023-20240520,460.14593948565073,1,fair,NA
AIMS,2023-11-23T00:45:00Z,02S06,STIC,SP,21064680,77155.70986690561,7.4811111111111135,20231023-20240520,460.14593948565073,1,fair,NA
AIMS,2023-11-23T01:00:00Z,02S06,STIC,SP,21064680,77155.70986690561,7.279999999999999,20231023-20240520,460.14593948565073,1,fair,NA
AIMS,2023-11-23T01:15:00Z,02S06,STIC,SP,21064680,77155.70986690561,7.279999999999999,20231023-20240520,460.14593948565073,1,fair,NA
AIMS,2023-11-23T01:30:00Z,02S06,STIC,SP,21064680,77155.70986690561,7.1788888888888875,20231023-20240520,460.14593948565073,1,fair,NA
AIMS,2023-11-23T01:45:00Z,02S06,STIC,SP,21064680,77155.70986690561,7.1788888888888875,20231023-20240520,460.14593948565073,1,fair,NA
AIMS,2023-11-23T02:00:00Z,02S06,STIC,SP,21064680,77155.70986690561,7.078888888888887,20231023-20240520,460.14593948565073,1,fair,NA
AIMS,2023-11-23T02:15:00Z,02S06,STIC,SP,21064680,77155.70986690561,7.078888888888887,20231023-20240520,460.14593948565073,1,fair,NA
AIMS,2023-11-23T02:30:00Z,02S06,STIC,SP,21064680,77155.70986690561,7.078888888888887,20231023-20240520,460.14593948565073,1,fair,NA
AIMS,2023-11-23T02:45:00Z,02S06,STIC,SP,21064680,77155.70986690561,7.078888888888887,20231023-20240520,460.14593948565073,1,fair,NA
AIMS,2023-11-23T03:00:00Z,02S06,STIC,SP,21064680,77155.70986690561,7.078888888888887,20231023-20240520,460.14593948565073,1,fair,NA
AIMS,2023-11-23T03:15:00Z,02S06,STIC,SP,21064680,77155.70986690561,6.977777777777779,20231023-20240520,460.14593948565073,1,fair,NA
AIMS,2023-11-23T03:30:00Z,02S06,STIC,SP,21064680,77155.70986690561,6.877222222222222,20231023-20240520,460.14593948565073,1,fair,NA
AIMS,2023-11-23T03:45:00Z,02S06,STIC,SP,21064680,77155.70986690561,6.877222222222222,20231023-20240520,460.14593948565073,1,fair,NA
AIMS,2023-11-23T04:00:00Z,02S06,STIC,SP,21064680,77155.70986690561,6.877222222222222,20231023-20240520,460.14593948565073,1,fair,NA
AIMS,2023-11-23T04:15:00Z,02S06,STIC,SP,21064680,77155.70986690561,6.775,20231023-20240520,460.14593948565073,1,fair,NA
AIMS,2023-11-23T04:30:00Z,02S06,STIC,SP,21064680,77155.70986690561,6.775,20231023-20240520,460.14593948565073,1,fair,NA
AIMS,2023-11-23T04:45:00Z,02S06,STIC,SP,21064680,77155.70986690561,6.775,20231023-20240520,460.14593948565073,1,fair,NA
AIMS,2023-11-23T05:00:00Z,02S06,STIC,SP,21064680,77155.70986690561,6.673888888888888,20231023-20240520,460.14593948565073,1,fair,NA
AIMS,2023-11-23T05:15:00Z,02S06,STIC,SP,21064680,77155.70986690561,6.673888888888888,20231023-20240520,460.14593948565073,1,fair,NA
AIMS,2023-11-23T05:30:00Z,02S06,STIC,SP,21064680,77155.70986690561,6.5727777777777785,20231023-20240520,460.14593948565073,1,fair,NA
AIMS,2023-11-23T05:45:00Z,02S06,STIC,SP,21064680,77155.70986690561,6.5727777777777785,20231023-20240520,460.14593948565073,1,fair,NA
AIMS,2023-11-23T06:00:00Z,02S06,STIC,SP,21064680,77155.70986690561,6.5727777777777785,20231023-20240520,460.14593948565073,1,fair,NA
AIMS,2023-11-23T06:15:00Z,02S06,STIC,SP,21064680,77155.70986690561,6.471111111111114,20231023-20240520,460.14593948565073,1,fair,NA
AIMS,2023-11-23T06:30:00Z,02S06,STIC,SP,21064680,77155.70986690561,6.471111111111114,20231023-20240520,460.14593948565073,1,fair,NA
AIMS,2023-11-23T06:45:00Z,02S06,STIC,SP,21064680,77155.70986690561,6.471111111111114,20231023-20240520,460.14593948565073,1,fair,NA
AIMS,2023-11-23T07:00:00Z,02S06,STIC,SP,21064680,77155.70986690561,6.471111111111114,20231023-20240520,460.14593948565073,1,fair,NA
AIMS,2023-11-23T07:15:00Z,02S06,STIC,SP,21064680,77155.70986690561,6.471111111111114,20231023-20240520,460.14593948565073,1,fair,NA
AIMS,2023-11-23T07:30:00Z,02S06,STIC,SP,21064680,77155.70986690561,6.370000000000001,20231023-20240520,460.14593948565073,1,fair,NA
AIMS,2023-11-23T07:45:00Z,02S06,STIC,SP,21064680,77155.70986690561,6.370000000000001,20231023-20240520,460.14593948565073,1,fair,NA
AIMS,2023-11-23T08:00:00Z,02S06,STIC,SP,21064680,77155.70986690561,6.471111111111114,20231023-20240520,460.14593948565073,1,fair,NA
AIMS,2023-11-23T08:15:00Z,02S06,STIC,SP,21064680,77155.70986690561,6.471111111111114,20231023-20240520,460.14593948565073,1,fair,NA
AIMS,2023-11-23T08:30:00Z,02S06,STIC,SP,21064680,77155.70986690561,6.471111111111114,20231023-20240520,460.14593948565073,1,fair,NA
AIMS,2023-11-23T08:45:00Z,02S06,STIC,SP,21064680,77155.70986690561,6.471111111111114,20231023-20240520,460.14593948565073,1,fair,NA
AIMS,2023-11-23T09:00:00Z,02S06,STIC,SP,21064680,77155.70986690561,6.370000000000001,20231023-20240520,460.14593948565073,1,fair,NA
AIMS,2023-11-23T09:15:00Z,02S06,STIC,SP,21064680,77155.70986690561,6.370000000000001,20231023-20240520,460.14593948565073,1,fair,NA
AIMS,2023-11-23T09:30:00Z,02S06,STIC,SP,21064680,77155.70986690561,6.370000000000001,20231023-20240520,460.14593948565073,1,fair,NA
AIMS,2023-11-23T09:45:00Z,02S06,STIC,SP,21064680,77155.70986690561,5.9622222222222225,20231023-20240520,460.14593948565073,1,fair,NA
AIMS,2023-11-23T10:00:00Z,02S06,STIC,SP,21064680,77155.70986690561,5.347222222222222,20231023-20240520,460.14593948565073,1,fair,NA
AIMS,2023-11-23T10:15:00Z,02S06,STIC,SP,21064680,77155.70986690561,4.727222222222222,20231023-20240520,460.14593948565073,1,fair,NA
AIMS,2023-11-23T10:30:00Z,02S06,STIC,SP,21064680,77155.70986690561,4.415000000000002,20231023-20240520,460.14593948565073,1,fair,NA
AIMS,2023-11-23T10:45:00Z,02S06,STIC,SP,21064680,77155.70986690561,5.037222222222224,20231023-20240520,460.14593948565073,1,fair,NA
AIMS,2023-11-23T11:00:00Z,02S06,STIC,SP,21064680,77155.70986690561,5.450000000000001,20231023-20240520,460.14593948565073,1,fair,NA
AIMS,2023-11-23T11:15:00Z,02S06,STIC,SP,21064680,77155.70986690561,5.243888888888889,20231023-20240520,460.14593948565073,1,fair,NA
AIMS,2023-11-23T11:30:00Z,02S06,STIC,SP,21064680,77155.70986690561,4.727222222222222,20231023-20240520,460.14593948565073,1,fair,NA
AIMS,2023-11-23T11:45:00Z,02S06,STIC,SP,21064680,77155.70986690561,4.31111111111111,20231023-20240520,460.14593948565073,1,fair,NA
AIMS,2023-11-23T12:00:00Z,02S06,STIC,SP,21064680,77155.70986690561,4.102222222222222,20231023-20240520,460.14593948565073,1,fair,NA
AIMS,2023-11-23T12:15:00Z,02S06,STIC,SP,21064680,77155.70986690561,4.2072222222222235,20231023-20240520,460.14593948565073,1,fair,NA
AIMS,2023-11-23T12:30:00Z,02S06,STIC,SP,21064680,77155.70986690561,4.31111111111111,20231023-20240520,460.14593948565073,1,fair,NA
AIMS,2023-11-23T12:45:00Z,02S06,STIC,SP,21064680,77155.70986690561,4.8311111111111105,20231023-20240520,460.14593948565073,1,fair,NA
AIMS,2023-11-23T13:00:00Z,02S06,STIC,SP,21064680,77155.70986690561,4.933888888888889,20231023-20240520,460.14593948565073,1,fair,NA
AIMS,2023-11-23T13:15:00Z,02S06,STIC,SP,21064680,77155.70986690561,4.8311111111111105,20231023-20240520,460.14593948565073,1,fair,NA
AIMS,2023-11-23T13:30:00Z,02S06,STIC,SP,21064680,77155.70986690561,4.933888888888889,20231023-20240520,460.14593948565073,1,fair,NA
AIMS,2023-11-23T13:45:00Z,02S06,STIC,SP,21064680,77155.70986690561,5.037222222222224,20231023-20240520,460.14593948565073,1,fair,NA
AIMS,2023-11-23T14:00:00Z,02S06,STIC,SP,21064680,77155.70986690561,5.243888888888889,20231023-20240520,460.14593948565073,1,fair,NA
AIMS,2023-11-23T14:15:00Z,02S06,STIC,SP,21064680,77155.70986690561,5.450000000000001,20231023-20240520,460.14593948565073,1,fair,NA
AIMS,2023-11-23T14:30:00Z,02S06,STIC,SP,21064680,77155.70986690561,5.552222222222222,20231023-20240520,460.14593948565073,1,fair,NA
AIMS,2023-11-23T14:45:00Z,02S06,STIC,SP,21064680,77155.70986690561,5.7572222222222225,20231023-20240520,460.14593948565073,1,fair,NA
AIMS,2023-11-23T15:00:00Z,02S06,STIC,SP,21064680,77155.70986690561,5.86,20231023-20240520,460.14593948565073,1,fair,NA
AIMS,2023-11-23T15:15:00Z,02S06,STIC,SP,21064680,77155.70986690561,6.063888888888887,20231023-20240520,460.14593948565073,1,fair,NA
AIMS,2023-11-23T15:30:00Z,02S06,STIC,SP,21064680,77155.70986690561,6.063888888888887,20231023-20240520,460.14593948565073,1,fair,NA
AIMS,2023-11-23T15:45:00Z,02S06,STIC,SP,21064680,77155.70986690561,6.1661111111111095,20231023-20240520,460.14593948565073,1,fair,NA
AIMS,2023-11-23T16:00:00Z,02S06,STIC,SP,21064680,77155.70986690561,6.370000000000001,20231023-20240520,460.14593948565073,1,fair,NA
AIMS,2023-11-23T16:15:00Z,02S06,STIC,SP,21064680,77155.70986690561,7.279999999999999,20231023-20240520,460.14593948565073,1,fair,NA
AIMS,2023-11-23T16:30:00Z,02S06,STIC,SP,21064680,77155.70986690561,8.282222222222224,20231023-20240520,460.14593948565073,1,fair,NA
AIMS,2023-11-23T16:45:00Z,02S06,STIC,SP,21064680,77155.70986690561,8.382222222222223,20231023-20240520,460.14593948565073,1,fair,NA
AIMS,2023-11-23T17:00:00Z,02S06,STIC,SP,21064680,77155.70986690561,8.977777777777774,20231023-20240520,460.14593948565073,1,fair,NA
AIMS,2023-11-23T17:15:00Z,02S06,STIC,SP,21064680,79911.2709335808,9.767777777777773,20231023-20240520,481.70224567252654,1,fair,NA
AIMS,2023-11-23T17:30:00Z,02S06,STIC,SP,21064680,79911.2709335808,10.455000000000004,20231023-20240520,481.70224567252654,1,fair,NA
AIMS,2023-11-23T17:45:00Z,02S06,STIC,SP,21064680,79911.2709335808,11.625,20231023-20240520,481.70224567252654,1,fair,NA
AIMS,2023-11-23T18:00:00Z,02S06,STIC,SP,21064680,82666.83200025599,13.268888888888888,20231023-20240520,503.25855185940213,1,fair,NA
AIMS,2023-11-23T18:15:00Z,02S06,STIC,SP,21064680,82666.83200025599,14.037777777777777,20231023-20240520,503.25855185940213,1,fair,NA
AIMS,2023-11-23T18:30:00Z,02S06,STIC,SP,21064680,82666.83200025599,14.421111111111108,20231023-20240520,503.25855185940213,1,fair,NA
AIMS,2023-11-23T18:45:00Z,02S06,STIC,SP,21064680,82666.83200025599,13.55777777777778,20231023-20240520,503.25855185940213,1,fair,NA
AIMS,2023-11-23T19:00:00Z,02S06,STIC,SP,21064680,82666.83200025599,12.882777777777775,20231023-20240520,503.25855185940213,1,fair,NA
AIMS,2023-11-23T19:15:00Z,02S06,STIC,SP,21064680,82666.83200025599,12.69,20231023-20240520,503.25855185940213,1,fair,NA
AIMS,2023-11-23T19:30:00Z,02S06,STIC,SP,21064680,82666.83200025599,12.11,20231023-20240520,503.25855185940213,1,fair,NA
AIMS,2023-11-23T19:45:00Z,02S06,STIC,SP,21064680,82666.83200025599,12.207222222222219,20231023-20240520,503.25855185940213,1,fair,NA
AIMS,2023-11-23T20:00:00Z,02S06,STIC,SP,21064680,79911.2709335808,11.625,20231023-20240520,481.70224567252654,1,fair,NA
AIMS,2023-11-23T20:15:00Z,02S06,STIC,SP,21064680,79911.2709335808,11.333888888888893,20231023-20240520,481.70224567252654,1,fair,NA
AIMS,2023-11-23T20:30:00Z,02S06,STIC,SP,21064680,79911.2709335808,10.651111111111108,20231023-20240520,481.70224567252654,1,fair,NA
AIMS,2023-11-23T20:45:00Z,02S06,STIC,SP,21064680,79911.2709335808,10.552777777777775,20231023-20240520,481.70224567252654,1,fair,NA
AIMS,2023-11-23T21:00:00Z,02S06,STIC,SP,21064680,79911.2709335808,10.651111111111108,20231023-20240520,481.70224567252654,1,fair,NA
AIMS,2023-11-23T21:15:00Z,02S06,STIC,SP,21064680,79911.2709335808,10.455000000000004,20231023-20240520,481.70224567252654,1,fair,NA
AIMS,2023-11-23T21:30:00Z,02S06,STIC,SP,21064680,79911.2709335808,9.57111111111111,20231023-20240520,481.70224567252654,1,fair,NA
AIMS,2023-11-23T21:45:00Z,02S06,STIC,SP,21064680,77155.70986690561,8.581111111111108,20231023-20240520,460.14593948565073,1,fair,NA
AIMS,2023-11-23T22:00:00Z,02S06,STIC,SP,21064680,77155.70986690561,8.182222222222224,20231023-20240520,460.14593948565073,1,fair,NA
AIMS,2023-11-23T22:15:00Z,02S06,STIC,SP,21064680,77155.70986690561,7.682222222222225,20231023-20240520,460.14593948565073,1,fair,NA
AIMS,2023-11-23T22:30:00Z,02S06,STIC,SP,21064680,77155.70986690561,7.1788888888888875,20231023-20240520,460.14593948565073,1,fair,NA
AIMS,2023-11-23T22:45:00Z,02S06,STIC,SP,21064680,77155.70986690561,6.775,20231023-20240520,460.14593948565073,1,fair,NA
AIMS,2023-11-23T23:00:00Z,02S06,STIC,SP,21064680,77155.70986690561,6.471111111111114,20231023-20240520,460.14593948565073,1,fair,NA
AIMS,2023-11-23T23:15:00Z,02S06,STIC,SP,21064680,77155.70986690561,6.1661111111111095,20231023-20240520,460.14593948565073,1,fair,NA
AIMS,2023-11-23T23:30:00Z,02S06,STIC,SP,21064680,77155.70986690561,5.86,20231023-20240520,460.14593948565073,1,fair,NA
AIMS,2023-11-23T23:45:00Z,02S06,STIC,SP,21064680,77155.70986690561,5.7572222222222225,20231023-20240520,460.14593948565073,1,fair,NA
AIMS,2023-11-24T00:00:00Z,02S06,STIC,SP,21064680,74400.1488002304,5.552222222222222,20231023-20240520,438.5896332987749,1,fair,NA
AIMS,2023-11-24T00:15:00Z,02S06,STIC,SP,21064680,77155.70986690561,5.347222222222222,20231023-20240520,460.14593948565073,1,fair,NA
AIMS,2023-11-24T00:30:00Z,02S06,STIC,SP,21064680,74400.1488002304,5.243888888888889,20231023-20240520,438.5896332987749,1,fair,NA
AIMS,2023-11-24T00:45:00Z,02S06,STIC,SP,21064680,74400.1488002304,5.243888888888889,20231023-20240520,438.5896332987749,1,fair,NA
AIMS,2023-11-24T01:00:00Z,02S06,STIC,SP,21064680,74400.1488002304,5.037222222222224,20231023-20240520,438.5896332987749,1,fair,NA
AIMS,2023-11-24T01:15:00Z,02S06,STIC,SP,21064680,74400.1488002304,4.8311111111111105,20231023-20240520,438.5896332987749,1,fair,NA
AIMS,2023-11-24T01:30:00Z,02S06,STIC,SP,21064680,74400.1488002304,4.622777777777776,20231023-20240520,438.5896332987749,1,fair,NA
AIMS,2023-11-24T01:45:00Z,02S06,STIC,SP,21064680,74400.1488002304,4.518888888888888,20231023-20240520,438.5896332987749,1,fair,NA
AIMS,2023-11-24T02:00:00Z,02S06,STIC,SP,21064680,74400.1488002304,4.415000000000002,20231023-20240520,438.5896332987749,1,fair,NA
AIMS,2023-11-24T02:15:00Z,02S06,STIC,SP,21064680,74400.1488002304,4.31111111111111,20231023-20240520,438.5896332987749,1,fair,NA
AIMS,2023-11-24T02:30:00Z,02S06,STIC,SP,21064680,74400.1488002304,4.2072222222222235,20231023-20240520,438.5896332987749,1,fair,NA
AIMS,2023-11-24T02:45:00Z,02S06,STIC,SP,21064680,74400.1488002304,4.102222222222222,20231023-20240520,438.5896332987749,1,fair,NA
AIMS,2023-11-24T03:00:00Z,02S06,STIC,SP,21064680,74400.1488002304,3.8927777777777774,20231023-20240520,438.5896332987749,1,fair,NA
AIMS,2023-11-24T03:15:00Z,02S06,STIC,SP,21064680,74400.1488002304,3.6827777777777775,20231023-20240520,438.5896332987749,1,fair,NA
AIMS,2023-11-24T03:30:00Z,02S06,STIC,SP,21064680,74400.1488002304,3.6827777777777775,20231023-20240520,438.5896332987749,1,fair,NA
AIMS,2023-11-24T03:45:00Z,02S06,STIC,SP,21064680,74400.1488002304,3.4722222222222223,20231023-20240520,438.5896332987749,1,fair,NA
AIMS,2023-11-24T04:00:00Z,02S06,STIC,SP,21064680,74400.1488002304,3.26111111111111,20231023-20240520,438.5896332987749,1,fair,NA
AIMS,2023-11-24T04:15:00Z,02S06,STIC,SP,21064680,74400.1488002304,3.048888888888888,20231023-20240520,438.5896332987749,1,fair,NA
AIMS,2023-11-24T04:30:00Z,02S06,STIC,SP,21064680,74400.1488002304,2.942777777777777,20231023-20240520,438.5896332987749,1,fair,NA
AIMS,2023-11-24T04:45:00Z,02S06,STIC,SP,21064680,74400.1488002304,2.942777777777777,20231023-20240520,438.5896332987749,1,fair,NA
AIMS,2023-11-24T05:00:00Z,02S06,STIC,SP,21064680,74400.1488002304,2.837222222222221,20231023-20240520,438.5896332987749,1,fair,NA
AIMS,2023-11-24T05:15:00Z,02S06,STIC,SP,21064680,74400.1488002304,2.837222222222221,20231023-20240520,438.5896332987749,1,fair,NA
AIMS,2023-11-24T05:30:00Z,02S06,STIC,SP,21064680,74400.1488002304,2.730000000000001,20231023-20240520,438.5896332987749,1,fair,NA
AIMS,2023-11-24T05:45:00Z,02S06,STIC,SP,21064680,74400.1488002304,2.6238888888888883,20231023-20240520,438.5896332987749,1,fair,NA
AIMS,2023-11-24T06:00:00Z,02S06,STIC,SP,21064680,71644.5877335552,2.41,20231023-20240520,417.0333271118992,1,fair,NA
AIMS,2023-11-24T06:15:00Z,02S06,STIC,SP,21064680,71644.5877335552,2.41,20231023-20240520,417.0333271118992,1,fair,NA
AIMS,2023-11-24T06:30:00Z,02S06,STIC,SP,21064680,71644.5877335552,2.1950000000000003,20231023-20240520,417.0333271118992,1,fair,NA
AIMS,2023-11-24T06:45:00Z,02S06,STIC,SP,21064680,71644.5877335552,2.08777777777778,20231023-20240520,417.0333271118992,1,fair,NA
AIMS,2023-11-24T07:00:00Z,02S06,STIC,SP,21064680,71644.5877335552,1.98,20231023-20240520,417.0333271118992,1,fair,NA
AIMS,2023-11-24T07:15:00Z,02S06,STIC,SP,21064680,71644.5877335552,1.8722222222222211,20231023-20240520,417.0333271118992,1,fair,NA
AIMS,2023-11-24T07:30:00Z,02S06,STIC,SP,21064680,71644.5877335552,1.8722222222222211,20231023-20240520,417.0333271118992,1,fair,NA
AIMS,2023-11-24T07:45:00Z,02S06,STIC,SP,21064680,71644.5877335552,1.8722222222222211,20231023-20240520,417.0333271118992,1,fair,NA
AIMS,2023-11-24T08:00:00Z,02S06,STIC,SP,21064680,71644.5877335552,1.7638888888888873,20231023-20240520,417.0333271118992,1,fair,NA
AIMS,2023-11-24T08:15:00Z,02S06,STIC,SP,21064680,71644.5877335552,1.7638888888888873,20231023-20240520,417.0333271118992,1,fair,NA
AIMS,2023-11-24T08:30:00Z,02S06,STIC,SP,21064680,71644.5877335552,1.6561111111111122,20231023-20240520,417.0333271118992,1,fair,NA
AIMS,2023-11-24T08:45:00Z,02S06,STIC,SP,21064680,71644.5877335552,1.5477777777777786,20231023-20240520,417.0333271118992,1,fair,NA
AIMS,2023-11-24T09:00:00Z,02S06,STIC,SP,21064680,71644.5877335552,1.5477777777777786,20231023-20240520,417.0333271118992,1,fair,NA
AIMS,2023-11-24T09:15:00Z,02S06,STIC,SP,21064680,71644.5877335552,1.6561111111111122,20231023-20240520,417.0333271118992,1,fair,NA
AIMS,2023-11-24T09:30:00Z,02S06,STIC,SP,21064680,71644.5877335552,1.5477777777777786,20231023-20240520,417.0333271118992,1,fair,NA
AIMS,2023-11-24T09:45:00Z,02S06,STIC,SP,21064680,71644.5877335552,1.4388888888888909,20231023-20240520,417.0333271118992,1,fair,NA
AIMS,2023-11-24T10:00:00Z,02S06,STIC,SP,21064680,71644.5877335552,1.4388888888888909,20231023-20240520,417.0333271118992,1,fair,NA
AIMS,2023-11-24T10:15:00Z,02S06,STIC,SP,21064680,71644.5877335552,1.329999999999999,20231023-20240520,417.0333271118992,1,fair,NA
AIMS,2023-11-24T10:30:00Z,02S06,STIC,SP,21064680,71644.5877335552,1.329999999999999,20231023-20240520,417.0333271118992,1,fair,NA
AIMS,2023-11-24T10:45:00Z,02S06,STIC,SP,21064680,71644.5877335552,1.2211111111111113,20231023-20240520,417.0333271118992,1,fair,NA
AIMS,2023-11-24T11:00:00Z,02S06,STIC,SP,21064680,71644.5877335552,1.1122222222222238,20231023-20240520,417.0333271118992,1,fair,NA
AIMS,2023-11-24T11:15:00Z,02S06,STIC,SP,21064680,71644.5877335552,1.1122222222222238,20231023-20240520,417.0333271118992,1,fair,NA
AIMS,2023-11-24T11:30:00Z,02S06,STIC,SP,21064680,68889.02666688002,1.0027777777777775,20231023-20240520,395.4770209250236,1,fair,NA
AIMS,2023-11-24T11:45:00Z,02S06,STIC,SP,21064680,68889.02666688002,0.8927777777777774,20231023-20240520,395.4770209250236,1,fair,NA
AIMS,2023-11-24T12:00:00Z,02S06,STIC,SP,21064680,68889.02666688002,0.8927777777777774,20231023-20240520,395.4770209250236,1,fair,NA
AIMS,2023-11-24T12:15:00Z,02S06,STIC,SP,21064680,68889.02666688002,0.7838888888888895,20231023-20240520,395.4770209250236,1,fair,NA
AIMS,2023-11-24T12:30:00Z,02S06,STIC,SP,21064680,68889.02666688002,0.6738888888888894,20231023-20240520,395.4770209250236,1,fair,NA
AIMS,2023-11-24T12:45:00Z,02S06,STIC,SP,21064680,68889.02666688002,0.6738888888888894,20231023-20240520,395.4770209250236,1,fair,NA
AIMS,2023-11-24T13:00:00Z,02S06,STIC,SP,21064680,68889.02666688002,0.5627777777777767,20231023-20240520,395.4770209250236,1,fair,NA
AIMS,2023-11-24T13:15:00Z,02S06,STIC,SP,21064680,68889.02666688002,0.6738888888888894,20231023-20240520,395.4770209250236,1,fair,NA
AIMS,2023-11-24T13:30:00Z,02S06,STIC,SP,21064680,68889.02666688002,0.7838888888888895,20231023-20240520,395.4770209250236,1,fair,NA
AIMS,2023-11-24T13:45:00Z,02S06,STIC,SP,21064680,68889.02666688002,1.0027777777777775,20231023-20240520,395.4770209250236,1,fair,NA
AIMS,2023-11-24T14:00:00Z,02S06,STIC,SP,21064680,68889.02666688002,1.1122222222222238,20231023-20240520,395.4770209250236,1,fair,NA
AIMS,2023-11-24T14:15:00Z,02S06,STIC,SP,21064680,68889.02666688002,1.5477777777777786,20231023-20240520,395.4770209250236,1,fair,NA
AIMS,2023-11-24T14:30:00Z,02S06,STIC,SP,21064680,68889.02666688002,1.7638888888888873,20231023-20240520,395.4770209250236,1,fair,NA
AIMS,2023-11-24T14:45:00Z,02S06,STIC,SP,21064680,68889.02666688002,1.98,20231023-20240520,395.4770209250236,1,fair,NA
AIMS,2023-11-24T15:00:00Z,02S06,STIC,SP,21064680,68889.02666688002,1.98,20231023-20240520,395.4770209250236,1,fair,NA
AIMS,2023-11-24T15:15:00Z,02S06,STIC,SP,21064680,68889.02666688002,2.1950000000000003,20231023-20240520,395.4770209250236,1,fair,NA
AIMS,2023-11-24T15:30:00Z,02S06,STIC,SP,21064680,68889.02666688002,2.41,20231023-20240520,395.4770209250236,1,fair,NA
AIMS,2023-11-24T15:45:00Z,02S06,STIC,SP,21064680,68889.02666688002,2.5172222222222222,20231023-20240520,395.4770209250236,1,fair,NA
AIMS,2023-11-24T16:00:00Z,02S06,STIC,SP,21064680,68889.02666688002,2.730000000000001,20231023-20240520,395.4770209250236,1,fair,NA
AIMS,2023-11-24T16:15:00Z,02S06,STIC,SP,21064680,71644.5877335552,2.837222222222221,20231023-20240520,417.0333271118992,1,fair,NA
AIMS,2023-11-24T16:30:00Z,02S06,STIC,SP,21064680,71644.5877335552,3.1550000000000007,20231023-20240520,417.0333271118992,1,fair,NA
AIMS,2023-11-24T16:45:00Z,02S06,STIC,SP,21064680,71644.5877335552,3.367222222222223,20231023-20240520,417.0333271118992,1,fair,NA
AIMS,2023-11-24T17:00:00Z,02S06,STIC,SP,21064680,71644.5877335552,3.5777777777777775,20231023-20240520,417.0333271118992,1,fair,NA
AIMS,2023-11-24T17:15:00Z,02S06,STIC,SP,21064680,71644.5877335552,3.8927777777777774,20231023-20240520,417.0333271118992,1,fair,NA
AIMS,2023-11-24T17:30:00Z,02S06,STIC,SP,21064680,71644.5877335552,4.2072222222222235,20231023-20240520,417.0333271118992,1,fair,NA
AIMS,2023-11-24T17:45:00Z,02S06,STIC,SP,21064680,71644.5877335552,4.31111111111111,20231023-20240520,417.0333271118992,1,fair,NA
AIMS,2023-11-24T18:00:00Z,02S06,STIC,SP,21064680,71644.5877335552,4.518888888888888,20231023-20240520,417.0333271118992,1,fair,NA
AIMS,2023-11-24T18:15:00Z,02S06,STIC,SP,21064680,71644.5877335552,4.622777777777776,20231023-20240520,417.0333271118992,1,fair,NA
AIMS,2023-11-24T18:30:00Z,02S06,STIC,SP,21064680,74400.1488002304,4.8311111111111105,20231023-20240520,438.5896332987749,1,fair,NA
AIMS,2023-11-24T18:45:00Z,02S06,STIC,SP,21064680,74400.1488002304,5.037222222222224,20231023-20240520,438.5896332987749,1,fair,NA
AIMS,2023-11-24T19:00:00Z,02S06,STIC,SP,21064680,74400.1488002304,5.037222222222224,20231023-20240520,438.5896332987749,1,fair,NA
AIMS,2023-11-24T19:15:00Z,02S06,STIC,SP,21064680,74400.1488002304,5.347222222222222,20231023-20240520,438.5896332987749,1,fair,NA
AIMS,2023-11-24T19:30:00Z,02S06,STIC,SP,21064680,74400.1488002304,5.552222222222222,20231023-20240520,438.5896332987749,1,fair,NA
AIMS,2023-11-24T19:45:00Z,02S06,STIC,SP,21064680,74400.1488002304,6.063888888888887,20231023-20240520,438.5896332987749,1,fair,NA
AIMS,2023-11-24T20:00:00Z,02S06,STIC,SP,21064680,74400.1488002304,6.1661111111111095,20231023-20240520,438.5896332987749,1,fair,NA
AIMS,2023-11-24T20:15:00Z,02S06,STIC,SP,21064680,74400.1488002304,6.1661111111111095,20231023-20240520,438.5896332987749,1,fair,NA
AIMS,2023-11-24T20:30:00Z,02S06,STIC,SP,21064680,74400.1488002304,5.7572222222222225,20231023-20240520,438.5896332987749,1,fair,NA
AIMS,2023-11-24T20:45:00Z,02S06,STIC,SP,21064680,74400.1488002304,5.655,20231023-20240520,438.5896332987749,1,fair,NA
AIMS,2023-11-24T21:00:00Z,02S06,STIC,SP,21064680,74400.1488002304,5.552222222222222,20231023-20240520,438.5896332987749,1,fair,NA
AIMS,2023-11-24T21:15:00Z,02S06,STIC,SP,21064680,74400.1488002304,6.471111111111114,20231023-20240520,438.5896332987749,1,fair,NA
AIMS,2023-11-24T21:30:00Z,02S06,STIC,SP,21064680,74400.1488002304,6.267777777777775,20231023-20240520,438.5896332987749,1,fair,NA
AIMS,2023-11-24T21:45:00Z,02S06,STIC,SP,21064680,74400.1488002304,5.14111111111111,20231023-20240520,438.5896332987749,1,fair,NA
AIMS,2023-11-24T22:00:00Z,02S06,STIC,SP,21064680,74400.1488002304,4.518888888888888,20231023-20240520,438.5896332987749,1,fair,NA
AIMS,2023-11-24T22:15:00Z,02S06,STIC,SP,21064680,74400.1488002304,4.2072222222222235,20231023-20240520,438.5896332987749,1,fair,NA
AIMS,2023-11-24T22:30:00Z,02S06,STIC,SP,21064680,74400.1488002304,3.6827777777777775,20231023-20240520,438.5896332987749,1,fair,NA
AIMS,2023-11-24T22:45:00Z,02S06,STIC,SP,21064680,71644.5877335552,3.048888888888888,20231023-20240520,417.0333271118992,1,fair,NA
AIMS,2023-11-24T23:00:00Z,02S06,STIC,SP,21064680,68889.02666688002,2.942777777777777,20231023-20240520,395.4770209250236,1,fair,NA
AIMS,2023-11-24T23:15:00Z,02S06,STIC,SP,21064680,68889.02666688002,2.730000000000001,20231023-20240520,395.4770209250236,1,fair,NA
AIMS,2023-11-24T23:30:00Z,02S06,STIC,SP,21064680,66133.4656002048,2.5172222222222222,20231023-20240520,373.9207147381477,1,fair,NA
AIMS,2023-11-24T23:45:00Z,02S06,STIC,SP,21064680,66133.4656002048,2.5172222222222222,20231023-20240520,373.9207147381477,1,fair,NA
AIMS,2023-11-25T00:00:00Z,02S06,STIC,SP,21064680,66133.4656002048,2.41,20231023-20240520,373.9207147381477,1,fair,NA
AIMS,2023-11-25T00:15:00Z,02S06,STIC,SP,21064680,66133.4656002048,2.30277777777778,20231023-20240520,373.9207147381477,1,fair,NA
AIMS,2023-11-25T00:30:00Z,02S06,STIC,SP,21064680,66133.4656002048,2.1950000000000003,20231023-20240520,373.9207147381477,1,fair,NA
AIMS,2023-11-25T00:45:00Z,02S06,STIC,SP,21064680,66133.4656002048,2.08777777777778,20231023-20240520,373.9207147381477,1,fair,NA
AIMS,2023-11-25T01:00:00Z,02S06,STIC,SP,21064680,66133.4656002048,1.98,20231023-20240520,373.9207147381477,1,fair,NA
AIMS,2023-11-25T01:15:00Z,02S06,STIC,SP,21064680,66133.4656002048,1.8722222222222211,20231023-20240520,373.9207147381477,1,fair,NA
AIMS,2023-11-25T01:30:00Z,02S06,STIC,SP,21064680,66133.4656002048,1.8722222222222211,20231023-20240520,373.9207147381477,1,fair,NA
AIMS,2023-11-25T01:45:00Z,02S06,STIC,SP,21064680,66133.4656002048,1.5477777777777786,20231023-20240520,373.9207147381477,1,fair,NA
AIMS,2023-11-25T02:00:00Z,02S06,STIC,SP,21064680,66133.4656002048,1.4388888888888909,20231023-20240520,373.9207147381477,1,fair,NA
AIMS,2023-11-25T02:15:00Z,02S06,STIC,SP,21064680,66133.4656002048,1.329999999999999,20231023-20240520,373.9207147381477,1,fair,NA
AIMS,2023-11-25T02:30:00Z,02S06,STIC,SP,21064680,66133.4656002048,1.329999999999999,20231023-20240520,373.9207147381477,1,fair,NA
AIMS,2023-11-25T02:45:00Z,02S06,STIC,SP,21064680,66133.4656002048,1.329999999999999,20231023-20240520,373.9207147381477,1,fair,NA
AIMS,2023-11-25T03:00:00Z,02S06,STIC,SP,21064680,66133.4656002048,1.4388888888888909,20231023-20240520,373.9207147381477,1,fair,NA
AIMS,2023-11-25T03:15:00Z,02S06,STIC,SP,21064680,66133.4656002048,1.4388888888888909,20231023-20240520,373.9207147381477,1,fair,NA
AIMS,2023-11-25T03:30:00Z,02S06,STIC,SP,21064680,66133.4656002048,1.4388888888888909,20231023-20240520,373.9207147381477,1,fair,NA
AIMS,2023-11-25T03:45:00Z,02S06,STIC,SP,21064680,66133.4656002048,1.5477777777777786,20231023-20240520,373.9207147381477,1,fair,NA
AIMS,2023-11-25T04:00:00Z,02S06,STIC,SP,21064680,66133.4656002048,1.5477777777777786,20231023-20240520,373.9207147381477,1,fair,NA
AIMS,2023-11-25T04:15:00Z,02S06,STIC,SP,21064680,66133.4656002048,1.5477777777777786,20231023-20240520,373.9207147381477,1,fair,NA
AIMS,2023-11-25T04:30:00Z,02S06,STIC,SP,21064680,66133.4656002048,1.6561111111111122,20231023-20240520,373.9207147381477,1,fair,NA
AIMS,2023-11-25T04:45:00Z,02S06,STIC,SP,21064680,66133.4656002048,1.6561111111111122,20231023-20240520,373.9207147381477,1,fair,NA
AIMS,2023-11-25T05:00:00Z,02S06,STIC,SP,21064680,66133.4656002048,1.7638888888888873,20231023-20240520,373.9207147381477,1,fair,NA
AIMS,2023-11-25T05:15:00Z,02S06,STIC,SP,21064680,66133.4656002048,1.8722222222222211,20231023-20240520,373.9207147381477,1,fair,NA
AIMS,2023-11-25T05:30:00Z,02S06,STIC,SP,21064680,66133.4656002048,1.7638888888888873,20231023-20240520,373.9207147381477,1,fair,NA
AIMS,2023-11-25T05:45:00Z,02S06,STIC,SP,21064680,66133.4656002048,1.7638888888888873,20231023-20240520,373.9207147381477,1,fair,NA
AIMS,2023-11-25T06:00:00Z,02S06,STIC,SP,21064680,66133.4656002048,1.8722222222222211,20231023-20240520,373.9207147381477,1,fair,NA
AIMS,2023-11-25T06:15:00Z,02S06,STIC,SP,21064680,66133.4656002048,1.8722222222222211,20231023-20240520,373.9207147381477,1,fair,NA
AIMS,2023-11-25T06:30:00Z,02S06,STIC,SP,21064680,66133.4656002048,1.8722222222222211,20231023-20240520,373.9207147381477,1,fair,NA
AIMS,2023-11-25T06:45:00Z,02S06,STIC,SP,21064680,66133.4656002048,1.6561111111111122,20231023-20240520,373.9207147381477,1,fair,NA
AIMS,2023-11-25T07:00:00Z,02S06,STIC,SP,21064680,66133.4656002048,1.5477777777777786,20231023-20240520,373.9207147381477,1,fair,NA
AIMS,2023-11-25T07:15:00Z,02S06,STIC,SP,21064680,66133.4656002048,1.5477777777777786,20231023-20240520,373.9207147381477,1,fair,NA
AIMS,2023-11-25T07:30:00Z,02S06,STIC,SP,21064680,66133.4656002048,1.4388888888888909,20231023-20240520,373.9207147381477,1,fair,NA
AIMS,2023-11-25T07:45:00Z,02S06,STIC,SP,21064680,66133.4656002048,1.329999999999999,20231023-20240520,373.9207147381477,1,fair,NA
AIMS,2023-11-25T08:00:00Z,02S06,STIC,SP,21064680,66133.4656002048,1.329999999999999,20231023-20240520,373.9207147381477,1,fair,NA
AIMS,2023-11-25T08:15:00Z,02S06,STIC,SP,21064680,66133.4656002048,1.4388888888888909,20231023-20240520,373.9207147381477,1,fair,NA
AIMS,2023-11-25T08:30:00Z,02S06,STIC,SP,21064680,66133.4656002048,1.5477777777777786,20231023-20240520,373.9207147381477,1,fair,NA
AIMS,2023-11-25T08:45:00Z,02S06,STIC,SP,21064680,68889.02666688002,1.8722222222222211,20231023-20240520,395.4770209250236,1,fair,NA
AIMS,2023-11-25T09:00:00Z,02S06,STIC,SP,21064680,68889.02666688002,2.1950000000000003,20231023-20240520,395.4770209250236,1,fair,NA
AIMS,2023-11-25T09:15:00Z,02S06,STIC,SP,21064680,68889.02666688002,2.30277777777778,20231023-20240520,395.4770209250236,1,fair,NA
AIMS,2023-11-25T09:30:00Z,02S06,STIC,SP,21064680,68889.02666688002,2.30277777777778,20231023-20240520,395.4770209250236,1,fair,NA
AIMS,2023-11-25T09:45:00Z,02S06,STIC,SP,21064680,68889.02666688002,2.30277777777778,20231023-20240520,395.4770209250236,1,fair,NA
AIMS,2023-11-25T10:00:00Z,02S06,STIC,SP,21064680,68889.02666688002,2.1950000000000003,20231023-20240520,395.4770209250236,1,fair,NA
AIMS,2023-11-25T10:15:00Z,02S06,STIC,SP,21064680,68889.02666688002,2.30277777777778,20231023-20240520,395.4770209250236,1,fair,NA
AIMS,2023-11-25T10:30:00Z,02S06,STIC,SP,21064680,68889.02666688002,2.1950000000000003,20231023-20240520,395.4770209250236,1,fair,NA
AIMS,2023-11-25T10:45:00Z,02S06,STIC,SP,21064680,68889.02666688002,2.1950000000000003,20231023-20240520,395.4770209250236,1,fair,NA
AIMS,2023-11-25T11:00:00Z,02S06,STIC,SP,21064680,68889.02666688002,2.1950000000000003,20231023-20240520,395.4770209250236,1,fair,NA
AIMS,2023-11-25T11:15:00Z,02S06,STIC,SP,21064680,68889.02666688002,2.1950000000000003,20231023-20240520,395.4770209250236,1,fair,NA
AIMS,2023-11-25T11:30:00Z,02S06,STIC,SP,21064680,68889.02666688002,2.30277777777778,20231023-20240520,395.4770209250236,1,fair,NA
AIMS,2023-11-25T11:45:00Z,02S06,STIC,SP,21064680,68889.02666688002,2.30277777777778,20231023-20240520,395.4770209250236,1,fair,NA
AIMS,2023-11-25T12:00:00Z,02S06,STIC,SP,21064680,68889.02666688002,2.30277777777778,20231023-20240520,395.4770209250236,1,fair,NA
AIMS,2023-11-25T12:15:00Z,02S06,STIC,SP,21064680,68889.02666688002,2.30277777777778,20231023-20240520,395.4770209250236,1,fair,NA
AIMS,2023-11-25T12:30:00Z,02S06,STIC,SP,21064680,68889.02666688002,2.1950000000000003,20231023-20240520,395.4770209250236,1,fair,NA
AIMS,2023-11-25T12:45:00Z,02S06,STIC,SP,21064680,68889.02666688002,2.30277777777778,20231023-20240520,395.4770209250236,1,fair,NA
AIMS,2023-11-25T13:00:00Z,02S06,STIC,SP,21064680,68889.02666688002,2.5172222222222222,20231023-20240520,395.4770209250236,1,fair,NA
AIMS,2023-11-25T13:15:00Z,02S06,STIC,SP,21064680,68889.02666688002,2.5172222222222222,20231023-20240520,395.4770209250236,1,fair,NA
AIMS,2023-11-25T13:30:00Z,02S06,STIC,SP,21064680,68889.02666688002,2.5172222222222222,20231023-20240520,395.4770209250236,1,fair,NA
AIMS,2023-11-25T13:45:00Z,02S06,STIC,SP,21064680,68889.02666688002,2.5172222222222222,20231023-20240520,395.4770209250236,1,fair,NA
AIMS,2023-11-25T14:00:00Z,02S06,STIC,SP,21064680,68889.02666688002,2.5172222222222222,20231023-20240520,395.4770209250236,1,fair,NA
AIMS,2023-11-25T14:15:00Z,02S06,STIC,SP,21064680,68889.02666688002,2.6238888888888883,20231023-20240520,395.4770209250236,1,fair,NA
AIMS,2023-11-25T14:30:00Z,02S06,STIC,SP,21064680,68889.02666688002,2.6238888888888883,20231023-20240520,395.4770209250236,1,fair,NA
AIMS,2023-11-25T14:45:00Z,02S06,STIC,SP,21064680,68889.02666688002,2.730000000000001,20231023-20240520,395.4770209250236,1,fair,NA
AIMS,2023-11-25T15:00:00Z,02S06,STIC,SP,21064680,68889.02666688002,2.730000000000001,20231023-20240520,395.4770209250236,1,fair,NA
AIMS,2023-11-25T15:15:00Z,02S06,STIC,SP,21064680,68889.02666688002,2.837222222222221,20231023-20240520,395.4770209250236,1,fair,NA
AIMS,2023-11-25T15:30:00Z,02S06,STIC,SP,21064680,68889.02666688002,2.837222222222221,20231023-20240520,395.4770209250236,1,fair,NA
AIMS,2023-11-25T15:45:00Z,02S06,STIC,SP,21064680,68889.02666688002,2.942777777777777,20231023-20240520,395.4770209250236,1,fair,NA
AIMS,2023-11-25T16:00:00Z,02S06,STIC,SP,21064680,68889.02666688002,2.942777777777777,20231023-20240520,395.4770209250236,1,fair,NA
AIMS,2023-11-25T16:15:00Z,02S06,STIC,SP,21064680,68889.02666688002,3.048888888888888,20231023-20240520,395.4770209250236,1,fair,NA
AIMS,2023-11-25T16:30:00Z,02S06,STIC,SP,21064680,68889.02666688002,3.1550000000000007,20231023-20240520,395.4770209250236,1,fair,NA
AIMS,2023-11-25T16:45:00Z,02S06,STIC,SP,21064680,68889.02666688002,3.26111111111111,20231023-20240520,395.4770209250236,1,fair,NA
AIMS,2023-11-25T17:00:00Z,02S06,STIC,SP,21064680,68889.02666688002,3.1550000000000007,20231023-20240520,395.4770209250236,1,fair,NA
AIMS,2023-11-25T17:15:00Z,02S06,STIC,SP,21064680,66133.4656002048,2.942777777777777,20231023-20240520,373.9207147381477,1,fair,NA
AIMS,2023-11-25T17:30:00Z,02S06,STIC,SP,21064680,79911.2709335808,2.5172222222222222,20231023-20240520,481.70224567252654,1,fair,NA
AIMS,2023-11-25T17:45:00Z,02S06,STIC,SP,21064680,77155.70986690561,2.41,20231023-20240520,460.14593948565073,1,fair,NA
AIMS,2023-11-25T18:00:00Z,02S06,STIC,SP,21064680,71644.5877335552,2.08777777777778,20231023-20240520,417.0333271118992,1,fair,NA
AIMS,2023-11-25T18:15:00Z,02S06,STIC,SP,21064680,71644.5877335552,1.8722222222222211,20231023-20240520,417.0333271118992,1,fair,NA
AIMS,2023-11-25T18:30:00Z,02S06,STIC,SP,21064680,68889.02666688002,1.6561111111111122,20231023-20240520,395.4770209250236,1,fair,NA
AIMS,2023-11-25T18:45:00Z,02S06,STIC,SP,21064680,66133.4656002048,1.4388888888888909,20231023-20240520,373.9207147381477,1,fair,NA
AIMS,2023-11-25T19:00:00Z,02S06,STIC,SP,21064680,71644.5877335552,1.5477777777777786,20231023-20240520,417.0333271118992,1,fair,NA
AIMS,2023-11-25T19:15:00Z,02S06,STIC,SP,21064680,71644.5877335552,1.5477777777777786,20231023-20240520,417.0333271118992,1,fair,NA
AIMS,2023-11-25T19:30:00Z,02S06,STIC,SP,21064680,71644.5877335552,1.5477777777777786,20231023-20240520,417.0333271118992,1,fair,NA
AIMS,2023-11-25T19:45:00Z,02S06,STIC,SP,21064680,71644.5877335552,1.6561111111111122,20231023-20240520,417.0333271118992,1,fair,NA
AIMS,2023-11-25T20:00:00Z,02S06,STIC,SP,21064680,71644.5877335552,1.7638888888888873,20231023-20240520,417.0333271118992,1,fair,NA
AIMS,2023-11-25T20:15:00Z,02S06,STIC,SP,21064680,71644.5877335552,1.98,20231023-20240520,417.0333271118992,1,fair,NA
AIMS,2023-11-25T20:30:00Z,02S06,STIC,SP,21064680,74400.1488002304,2.08777777777778,20231023-20240520,438.5896332987749,1,fair,NA
AIMS,2023-11-25T20:45:00Z,02S06,STIC,SP,21064680,74400.1488002304,2.1950000000000003,20231023-20240520,438.5896332987749,1,fair,NA
AIMS,2023-11-25T21:00:00Z,02S06,STIC,SP,21064680,74400.1488002304,2.30277777777778,20231023-20240520,438.5896332987749,1,fair,NA
AIMS,2023-11-25T21:15:00Z,02S06,STIC,SP,21064680,74400.1488002304,2.30277777777778,20231023-20240520,438.5896332987749,1,fair,NA
AIMS,2023-11-25T21:30:00Z,02S06,STIC,SP,21064680,74400.1488002304,2.30277777777778,20231023-20240520,438.5896332987749,1,fair,NA
AIMS,2023-11-25T21:45:00Z,02S06,STIC,SP,21064680,74400.1488002304,2.41,20231023-20240520,438.5896332987749,1,fair,NA
AIMS,2023-11-25T22:00:00Z,02S06,STIC,SP,21064680,74400.1488002304,2.5172222222222222,20231023-20240520,438.5896332987749,1,fair,NA
AIMS,2023-11-25T22:15:00Z,02S06,STIC,SP,21064680,74400.1488002304,2.41,20231023-20240520,438.5896332987749,1,fair,NA
AIMS,2023-11-25T22:30:00Z,02S06,STIC,SP,21064680,74400.1488002304,2.41,20231023-20240520,438.5896332987749,1,fair,NA
AIMS,2023-11-25T22:45:00Z,02S06,STIC,SP,21064680,74400.1488002304,2.30277777777778,20231023-20240520,438.5896332987749,1,fair,NA
AIMS,2023-11-25T23:00:00Z,02S06,STIC,SP,21064680,74400.1488002304,2.41,20231023-20240520,438.5896332987749,1,fair,NA
AIMS,2023-11-25T23:15:00Z,02S06,STIC,SP,21064680,74400.1488002304,2.30277777777778,20231023-20240520,438.5896332987749,1,fair,NA
AIMS,2023-11-25T23:30:00Z,02S06,STIC,SP,21064680,74400.1488002304,2.41,20231023-20240520,438.5896332987749,1,fair,NA
AIMS,2023-11-25T23:45:00Z,02S06,STIC,SP,21064680,74400.1488002304,2.1950000000000003,20231023-20240520,438.5896332987749,1,fair,NA
AIMS,2023-11-26T00:00:00Z,02S06,STIC,SP,21064680,74400.1488002304,2.1950000000000003,20231023-20240520,438.5896332987749,1,fair,NA
AIMS,2023-11-26T00:15:00Z,02S06,STIC,SP,21064680,74400.1488002304,2.1950000000000003,20231023-20240520,438.5896332987749,1,fair,NA
AIMS,2023-11-26T00:30:00Z,02S06,STIC,SP,21064680,74400.1488002304,2.1950000000000003,20231023-20240520,438.5896332987749,1,fair,NA
AIMS,2023-11-26T00:45:00Z,02S06,STIC,SP,21064680,74400.1488002304,2.1950000000000003,20231023-20240520,438.5896332987749,1,fair,NA
AIMS,2023-11-26T01:00:00Z,02S06,STIC,SP,21064680,74400.1488002304,2.1950000000000003,20231023-20240520,438.5896332987749,1,fair,NA
AIMS,2023-11-26T01:15:00Z,02S06,STIC,SP,21064680,74400.1488002304,2.1950000000000003,20231023-20240520,438.5896332987749,1,fair,NA
AIMS,2023-11-26T01:30:00Z,02S06,STIC,SP,21064680,74400.1488002304,2.1950000000000003,20231023-20240520,438.5896332987749,1,fair,NA
AIMS,2023-11-26T01:45:00Z,02S06,STIC,SP,21064680,74400.1488002304,2.30277777777778,20231023-20240520,438.5896332987749,1,fair,NA
AIMS,2023-11-26T02:00:00Z,02S06,STIC,SP,21064680,74400.1488002304,2.30277777777778,20231023-20240520,438.5896332987749,1,fair,NA
AIMS,2023-11-26T02:15:00Z,02S06,STIC,SP,21064680,74400.1488002304,2.30277777777778,20231023-20240520,438.5896332987749,1,fair,NA
AIMS,2023-11-26T02:30:00Z,02S06,STIC,SP,21064680,74400.1488002304,2.30277777777778,20231023-20240520,438.5896332987749,1,fair,NA
AIMS,2023-11-26T02:45:00Z,02S06,STIC,SP,21064680,74400.1488002304,2.1950000000000003,20231023-20240520,438.5896332987749,1,fair,NA
AIMS,2023-11-26T03:00:00Z,02S06,STIC,SP,21064680,74400.1488002304,2.1950000000000003,20231023-20240520,438.5896332987749,1,fair,NA
AIMS,2023-11-26T03:15:00Z,02S06,STIC,SP,21064680,74400.1488002304,2.30277777777778,20231023-20240520,438.5896332987749,1,fair,NA
AIMS,2023-11-26T03:30:00Z,02S06,STIC,SP,21064680,74400.1488002304,2.30277777777778,20231023-20240520,438.5896332987749,1,fair,NA
AIMS,2023-11-26T03:45:00Z,02S06,STIC,SP,21064680,74400.1488002304,2.30277777777778,20231023-20240520,438.5896332987749,1,fair,NA
AIMS,2023-11-26T04:00:00Z,02S06,STIC,SP,21064680,74400.1488002304,2.30277777777778,20231023-20240520,438.5896332987749,1,fair,NA
AIMS,2023-11-26T04:15:00Z,02S06,STIC,SP,21064680,74400.1488002304,2.41,20231023-20240520,438.5896332987749,1,fair,NA
AIMS,2023-11-26T04:30:00Z,02S06,STIC,SP,21064680,74400.1488002304,2.41,20231023-20240520,438.5896332987749,1,fair,NA
AIMS,2023-11-26T04:45:00Z,02S06,STIC,SP,21064680,74400.1488002304,2.5172222222222222,20231023-20240520,438.5896332987749,1,fair,NA
AIMS,2023-11-26T05:00:00Z,02S06,STIC,SP,21064680,74400.1488002304,2.5172222222222222,20231023-20240520,438.5896332987749,1,fair,NA
AIMS,2023-11-26T05:15:00Z,02S06,STIC,SP,21064680,74400.1488002304,2.5172222222222222,20231023-20240520,438.5896332987749,1,fair,NA
AIMS,2023-11-26T05:30:00Z,02S06,STIC,SP,21064680,74400.1488002304,2.5172222222222222,20231023-20240520,438.5896332987749,1,fair,NA
AIMS,2023-11-26T05:45:00Z,02S06,STIC,SP,21064680,74400.1488002304,2.5172222222222222,20231023-20240520,438.5896332987749,1,fair,NA
AIMS,2023-11-26T06:00:00Z,02S06,STIC,SP,21064680,74400.1488002304,2.41,20231023-20240520,438.5896332987749,1,fair,NA
AIMS,2023-11-26T06:15:00Z,02S06,STIC,SP,21064680,74400.1488002304,2.41,20231023-20240520,438.5896332987749,1,fair,NA
AIMS,2023-11-26T06:30:00Z,02S06,STIC,SP,21064680,74400.1488002304,2.41,20231023-20240520,438.5896332987749,1,fair,NA
AIMS,2023-11-26T06:45:00Z,02S06,STIC,SP,21064680,74400.1488002304,2.41,20231023-20240520,438.5896332987749,1,fair,NA
AIMS,2023-11-26T07:00:00Z,02S06,STIC,SP,21064680,74400.1488002304,2.41,20231023-20240520,438.5896332987749,1,fair,NA
AIMS,2023-11-26T07:15:00Z,02S06,STIC,SP,21064680,74400.1488002304,2.30277777777778,20231023-20240520,438.5896332987749,1,fair,NA
AIMS,2023-11-26T07:30:00Z,02S06,STIC,SP,21064680,74400.1488002304,2.41,20231023-20240520,438.5896332987749,1,fair,NA
AIMS,2023-11-26T07:45:00Z,02S06,STIC,SP,21064680,74400.1488002304,2.30277777777778,20231023-20240520,438.5896332987749,1,fair,NA
AIMS,2023-11-26T08:00:00Z,02S06,STIC,SP,21064680,74400.1488002304,2.41,20231023-20240520,438.5896332987749,1,fair,NA
AIMS,2023-11-26T08:15:00Z,02S06,STIC,SP,21064680,74400.1488002304,2.30277777777778,20231023-20240520,438.5896332987749,1,fair,NA
AIMS,2023-11-26T08:30:00Z,02S06,STIC,SP,21064680,74400.1488002304,2.1950000000000003,20231023-20240520,438.5896332987749,1,fair,NA
AIMS,2023-11-26T08:45:00Z,02S06,STIC,SP,21064680,74400.1488002304,2.1950000000000003,20231023-20240520,438.5896332987749,1,fair,NA
AIMS,2023-11-26T09:00:00Z,02S06,STIC,SP,21064680,74400.1488002304,2.1950000000000003,20231023-20240520,438.5896332987749,1,fair,NA
AIMS,2023-11-26T09:15:00Z,02S06,STIC,SP,21064680,74400.1488002304,2.08777777777778,20231023-20240520,438.5896332987749,1,fair,NA
AIMS,2023-11-26T09:30:00Z,02S06,STIC,SP,21064680,74400.1488002304,2.08777777777778,20231023-20240520,438.5896332987749,1,fair,NA
AIMS,2023-11-26T09:45:00Z,02S06,STIC,SP,21064680,74400.1488002304,1.8722222222222211,20231023-20240520,438.5896332987749,1,fair,NA
AIMS,2023-11-26T10:00:00Z,02S06,STIC,SP,21064680,74400.1488002304,1.8722222222222211,20231023-20240520,438.5896332987749,1,fair,NA
AIMS,2023-11-26T10:15:00Z,02S06,STIC,SP,21064680,74400.1488002304,1.6561111111111122,20231023-20240520,438.5896332987749,1,fair,NA
AIMS,2023-11-26T10:30:00Z,02S06,STIC,SP,21064680,74400.1488002304,1.329999999999999,20231023-20240520,438.5896332987749,1,fair,NA
AIMS,2023-11-26T10:45:00Z,02S06,STIC,SP,21064680,74400.1488002304,0.8927777777777774,20231023-20240520,438.5896332987749,1,fair,NA
AIMS,2023-11-26T11:00:00Z,02S06,STIC,SP,21064680,74400.1488002304,0.6738888888888894,20231023-20240520,438.5896332987749,1,fair,NA
AIMS,2023-11-26T11:15:00Z,02S06,STIC,SP,21064680,74400.1488002304,0.5627777777777767,20231023-20240520,438.5896332987749,1,fair,NA
AIMS,2023-11-26T11:30:00Z,02S06,STIC,SP,21064680,74400.1488002304,0.45277777777777656,20231023-20240520,438.5896332987749,1,fair,NA
AIMS,2023-11-26T11:45:00Z,02S06,STIC,SP,21064680,74400.1488002304,0.45277777777777656,20231023-20240520,438.5896332987749,1,fair,NA
AIMS,2023-11-26T12:00:00Z,02S06,STIC,SP,21064680,74400.1488002304,0.3427777777777763,20231023-20240520,438.5896332987749,1,fair,NA
AIMS,2023-11-26T12:15:00Z,02S06,STIC,SP,21064680,74400.1488002304,0.23222222222222183,20231023-20240520,438.5896332987749,1,fair,NA
AIMS,2023-11-26T12:30:00Z,02S06,STIC,SP,21064680,74400.1488002304,0.1211111111111131,20231023-20240520,438.5896332987749,1,fair,NA
AIMS,2023-11-26T12:45:00Z,02S06,STIC,SP,21064680,74400.1488002304,0.1211111111111131,20231023-20240520,438.5896332987749,1,fair,NA
AIMS,2023-11-26T13:00:00Z,02S06,STIC,SP,21064680,74400.1488002304,0.01000000000000037,20231023-20240520,438.5896332987749,1,fair,NA
AIMS,2023-11-26T13:15:00Z,02S06,STIC,SP,21064680,71644.5877335552,-0.10222222222222284,20231023-20240520,417.0333271118992,1,fair,NA
AIMS,2023-11-26T13:30:00Z,02S06,STIC,SP,21064680,71644.5877335552,-0.21277777777777732,20231023-20240520,417.0333271118992,1,fair,NA
AIMS,2023-11-26T13:45:00Z,02S06,STIC,SP,21064680,71644.5877335552,-0.32500000000000046,20231023-20240520,417.0333271118992,1,fair,NA
AIMS,2023-11-26T14:00:00Z,02S06,STIC,SP,21064680,71644.5877335552,-0.21277777777777732,20231023-20240520,417.0333271118992,1,fair,NA
AIMS,2023-11-26T14:15:00Z,02S06,STIC,SP,21064680,71644.5877335552,-0.10222222222222284,20231023-20240520,417.0333271118992,1,fair,NA
AIMS,2023-11-26T14:30:00Z,02S06,STIC,SP,21064680,71644.5877335552,0.01000000000000037,20231023-20240520,417.0333271118992,1,fair,NA
AIMS,2023-11-26T14:45:00Z,02S06,STIC,SP,21064680,71644.5877335552,0.1211111111111131,20231023-20240520,417.0333271118992,1,fair,NA
AIMS,2023-11-26T15:00:00Z,02S06,STIC,SP,21064680,71644.5877335552,0.23222222222222183,20231023-20240520,417.0333271118992,1,fair,NA
AIMS,2023-11-26T15:15:00Z,02S06,STIC,SP,21064680,71644.5877335552,0.3427777777777763,20231023-20240520,417.0333271118992,1,fair,NA
AIMS,2023-11-26T15:30:00Z,02S06,STIC,SP,21064680,71644.5877335552,0.5627777777777767,20231023-20240520,417.0333271118992,1,fair,NA
AIMS,2023-11-26T15:45:00Z,02S06,STIC,SP,21064680,74400.1488002304,0.7838888888888895,20231023-20240520,438.5896332987749,1,fair,NA
AIMS,2023-11-26T16:00:00Z,02S06,STIC,SP,21064680,74400.1488002304,1.1122222222222238,20231023-20240520,438.5896332987749,1,fair,NA
AIMS,2023-11-26T16:15:00Z,02S06,STIC,SP,21064680,74400.1488002304,1.7638888888888873,20231023-20240520,438.5896332987749,1,fair,NA
AIMS,2023-11-26T16:30:00Z,02S06,STIC,SP,21064680,74400.1488002304,2.5172222222222222,20231023-20240520,438.5896332987749,1,fair,NA
AIMS,2023-11-26T16:45:00Z,02S06,STIC,SP,21064680,74400.1488002304,2.730000000000001,20231023-20240520,438.5896332987749,1,fair,NA
AIMS,2023-11-26T17:00:00Z,02S06,STIC,SP,21064680,74400.1488002304,3.6827777777777775,20231023-20240520,438.5896332987749,1,fair,NA
AIMS,2023-11-26T17:15:00Z,02S06,STIC,SP,21064680,77155.70986690561,5.14111111111111,20231023-20240520,460.14593948565073,1,fair,NA
AIMS,2023-11-26T17:30:00Z,02S06,STIC,SP,21064680,77155.70986690561,6.370000000000001,20231023-20240520,460.14593948565073,1,fair,NA
AIMS,2023-11-26T17:45:00Z,02S06,STIC,SP,21064680,77155.70986690561,7.682222222222225,20231023-20240520,460.14593948565073,1,fair,NA
AIMS,2023-11-26T18:00:00Z,02S06,STIC,SP,21064680,74400.1488002304,8.581111111111108,20231023-20240520,438.5896332987749,1,fair,NA
AIMS,2023-11-26T18:15:00Z,02S06,STIC,SP,21064680,77155.70986690561,9.965000000000002,20231023-20240520,460.14593948565073,1,fair,NA
AIMS,2023-11-26T18:30:00Z,02S06,STIC,SP,21064680,79911.2709335808,10.943888888888887,20231023-20240520,481.70224567252654,1,fair,NA
AIMS,2023-11-26T18:45:00Z,02S06,STIC,SP,21064680,79911.2709335808,10.84611111111111,20231023-20240520,481.70224567252654,1,fair,NA
AIMS,2023-11-26T19:00:00Z,02S06,STIC,SP,21064680,79911.2709335808,10.552777777777775,20231023-20240520,481.70224567252654,1,fair,NA
AIMS,2023-11-26T19:15:00Z,02S06,STIC,SP,21064680,82666.83200025599,11.041111111111109,20231023-20240520,503.25855185940213,1,fair,NA
AIMS,2023-11-26T19:30:00Z,02S06,STIC,SP,21064680,79911.2709335808,9.866111111111111,20231023-20240520,481.70224567252654,1,fair,NA
AIMS,2023-11-26T19:45:00Z,02S06,STIC,SP,21064680,79911.2709335808,9.275,20231023-20240520,481.70224567252654,1,fair,NA
AIMS,2023-11-26T20:00:00Z,02S06,STIC,SP,21064680,79911.2709335808,8.68,20231023-20240520,481.70224567252654,1,fair,NA
AIMS,2023-11-26T20:15:00Z,02S06,STIC,SP,21064680,79911.2709335808,7.279999999999999,20231023-20240520,481.70224567252654,1,fair,NA
AIMS,2023-11-26T20:30:00Z,02S06,STIC,SP,21064680,77155.70986690561,7.582222222222225,20231023-20240520,460.14593948565073,1,fair,NA
AIMS,2023-11-26T20:45:00Z,02S06,STIC,SP,21064680,77155.70986690561,6.775,20231023-20240520,460.14593948565073,1,fair,NA
AIMS,2023-11-26T21:00:00Z,02S06,STIC,SP,21064680,77155.70986690561,6.063888888888887,20231023-20240520,460.14593948565073,1,fair,NA
AIMS,2023-11-26T21:15:00Z,02S06,STIC,SP,21064680,77155.70986690561,5.450000000000001,20231023-20240520,460.14593948565073,1,fair,NA
AIMS,2023-11-26T21:30:00Z,02S06,STIC,SP,21064680,77155.70986690561,5.450000000000001,20231023-20240520,460.14593948565073,1,fair,NA
AIMS,2023-11-26T21:45:00Z,02S06,STIC,SP,21064680,77155.70986690561,4.933888888888889,20231023-20240520,460.14593948565073,1,fair,NA
AIMS,2023-11-26T22:00:00Z,02S06,STIC,SP,21064680,77155.70986690561,4.518888888888888,20231023-20240520,460.14593948565073,1,fair,NA
AIMS,2023-11-26T22:15:00Z,02S06,STIC,SP,21064680,77155.70986690561,4.31111111111111,20231023-20240520,460.14593948565073,1,fair,NA
AIMS,2023-11-26T22:30:00Z,02S06,STIC,SP,21064680,77155.70986690561,4.102222222222222,20231023-20240520,460.14593948565073,1,fair,NA
AIMS,2023-11-26T22:45:00Z,02S06,STIC,SP,21064680,77155.70986690561,3.8927777777777774,20231023-20240520,460.14593948565073,1,fair,NA
AIMS,2023-11-26T23:00:00Z,02S06,STIC,SP,21064680,74400.1488002304,3.4722222222222223,20231023-20240520,438.5896332987749,1,fair,NA
AIMS,2023-11-26T23:15:00Z,02S06,STIC,SP,21064680,74400.1488002304,2.942777777777777,20231023-20240520,438.5896332987749,1,fair,NA
AIMS,2023-11-26T23:30:00Z,02S06,STIC,SP,21064680,74400.1488002304,2.730000000000001,20231023-20240520,438.5896332987749,1,fair,NA
AIMS,2023-11-26T23:45:00Z,02S06,STIC,SP,21064680,74400.1488002304,2.5172222222222222,20231023-20240520,438.5896332987749,1,fair,NA
AIMS,2023-11-27T00:00:00Z,02S06,STIC,SP,21064680,74400.1488002304,2.30277777777778,20231023-20240520,438.5896332987749,1,fair,NA
AIMS,2023-11-27T00:15:00Z,02S06,STIC,SP,21064680,74400.1488002304,2.1950000000000003,20231023-20240520,438.5896332987749,1,fair,NA
AIMS,2023-11-27T00:30:00Z,02S06,STIC,SP,21064680,74400.1488002304,2.30277777777778,20231023-20240520,438.5896332987749,1,fair,NA
AIMS,2023-11-27T00:45:00Z,02S06,STIC,SP,21064680,74400.1488002304,2.1950000000000003,20231023-20240520,438.5896332987749,1,fair,NA
AIMS,2023-11-27T01:00:00Z,02S06,STIC,SP,21064680,74400.1488002304,1.8722222222222211,20231023-20240520,438.5896332987749,1,fair,NA
AIMS,2023-11-27T01:15:00Z,02S06,STIC,SP,21064680,74400.1488002304,1.4388888888888909,20231023-20240520,438.5896332987749,1,fair,NA
AIMS,2023-11-27T01:30:00Z,02S06,STIC,SP,21064680,74400.1488002304,1.1122222222222238,20231023-20240520,438.5896332987749,1,fair,NA
AIMS,2023-11-27T01:45:00Z,02S06,STIC,SP,21064680,74400.1488002304,0.8927777777777774,20231023-20240520,438.5896332987749,1,fair,NA
AIMS,2023-11-27T02:00:00Z,02S06,STIC,SP,21064680,71644.5877335552,0.5627777777777767,20231023-20240520,417.0333271118992,1,fair,NA
AIMS,2023-11-27T02:15:00Z,02S06,STIC,SP,21064680,71644.5877335552,0.23222222222222183,20231023-20240520,417.0333271118992,1,fair,NA
AIMS,2023-11-27T02:30:00Z,02S06,STIC,SP,21064680,71644.5877335552,0.1211111111111131,20231023-20240520,417.0333271118992,1,fair,NA
AIMS,2023-11-27T02:45:00Z,02S06,STIC,SP,21064680,71644.5877335552,0.23222222222222183,20231023-20240520,417.0333271118992,1,fair,NA
AIMS,2023-11-27T03:00:00Z,02S06,STIC,SP,21064680,71644.5877335552,0.01000000000000037,20231023-20240520,417.0333271118992,1,fair,NA
AIMS,2023-11-27T03:15:00Z,02S06,STIC,SP,21064680,71644.5877335552,-0.21277777777777732,20231023-20240520,417.0333271118992,1,fair,NA
AIMS,2023-11-27T03:30:00Z,02S06,STIC,SP,21064680,71644.5877335552,-0.4372222222222218,20231023-20240520,417.0333271118992,1,fair,NA
AIMS,2023-11-27T03:45:00Z,02S06,STIC,SP,21064680,71644.5877335552,-0.6622222222222222,20231023-20240520,417.0333271118992,1,fair,NA
AIMS,2023-11-27T04:00:00Z,02S06,STIC,SP,21064680,71644.5877335552,-1.1138888888888885,20231023-20240520,417.0333271118992,1,fair,NA
AIMS,2023-11-27T04:15:00Z,02S06,STIC,SP,21064680,68889.02666688002,-1.5700000000000005,20231023-20240520,395.4770209250236,1,fair,NA
AIMS,2023-11-27T04:30:00Z,02S06,STIC,SP,21064680,66133.4656002048,-1.6838888888888883,20231023-20240520,373.9207147381477,1,fair,NA
AIMS,2023-11-27T04:45:00Z,02S06,STIC,SP,21064680,66133.4656002048,-1.913888888888889,20231023-20240520,373.9207147381477,1,fair,NA
AIMS,2023-11-27T05:00:00Z,02S06,STIC,SP,21064680,68889.02666688002,-1.913888888888889,20231023-20240520,395.4770209250236,1,fair,NA
AIMS,2023-11-27T05:15:00Z,02S06,STIC,SP,21064680,66133.4656002048,-2.1450000000000005,20231023-20240520,373.9207147381477,1,fair,NA
AIMS,2023-11-27T05:30:00Z,02S06,STIC,SP,21064680,68889.02666688002,-2.2611111111111115,20231023-20240520,395.4770209250236,1,fair,NA
AIMS,2023-11-27T05:45:00Z,02S06,STIC,SP,21064680,68889.02666688002,-2.377222222222222,20231023-20240520,395.4770209250236,1,fair,NA
AIMS,2023-11-27T06:00:00Z,02S06,STIC,SP,21064680,68889.02666688002,-2.377222222222222,20231023-20240520,395.4770209250236,1,fair,NA
AIMS,2023-11-27T06:15:00Z,02S06,STIC,SP,21064680,68889.02666688002,-1.913888888888889,20231023-20240520,395.4770209250236,1,fair,NA
AIMS,2023-11-27T06:30:00Z,02S06,STIC,SP,21064680,68889.02666688002,-1.6838888888888883,20231023-20240520,395.4770209250236,1,fair,NA
AIMS,2023-11-27T06:45:00Z,02S06,STIC,SP,21064680,68889.02666688002,-1.7988888888888883,20231023-20240520,395.4770209250236,1,fair,NA
AIMS,2023-11-27T07:00:00Z,02S06,STIC,SP,21064680,68889.02666688002,-1.6838888888888883,20231023-20240520,395.4770209250236,1,fair,NA
AIMS,2023-11-27T07:15:00Z,02S06,STIC,SP,21064680,68889.02666688002,-1.4561111111111105,20231023-20240520,395.4770209250236,1,fair,NA
AIMS,2023-11-27T07:30:00Z,02S06,STIC,SP,21064680,68889.02666688002,-1.341111111111112,20231023-20240520,395.4770209250236,1,fair,NA
AIMS,2023-11-27T07:45:00Z,02S06,STIC,SP,21064680,68889.02666688002,-1.227777777777778,20231023-20240520,395.4770209250236,1,fair,NA
AIMS,2023-11-27T08:00:00Z,02S06,STIC,SP,21064680,68889.02666688002,-1.227777777777778,20231023-20240520,395.4770209250236,1,fair,NA
AIMS,2023-11-27T08:15:00Z,02S06,STIC,SP,21064680,68889.02666688002,-1.1138888888888885,20231023-20240520,395.4770209250236,1,fair,NA
AIMS,2023-11-27T08:30:00Z,02S06,STIC,SP,21064680,68889.02666688002,-1.0011111111111108,20231023-20240520,395.4770209250236,1,fair,NA
AIMS,2023-11-27T08:45:00Z,02S06,STIC,SP,21064680,68889.02666688002,-0.7738888888888894,20231023-20240520,395.4770209250236,1,fair,NA
AIMS,2023-11-27T09:00:00Z,02S06,STIC,SP,21064680,68889.02666688002,-0.7738888888888894,20231023-20240520,395.4770209250236,1,fair,NA
AIMS,2023-11-27T09:15:00Z,02S06,STIC,SP,21064680,68889.02666688002,-0.8872222222222228,20231023-20240520,395.4770209250236,1,fair,NA
AIMS,2023-11-27T09:30:00Z,02S06,STIC,SP,21064680,68889.02666688002,-0.7738888888888894,20231023-20240520,395.4770209250236,1,fair,NA
AIMS,2023-11-27T09:45:00Z,02S06,STIC,SP,21064680,68889.02666688002,-0.8872222222222228,20231023-20240520,395.4770209250236,1,fair,NA
AIMS,2023-11-27T10:00:00Z,02S06,STIC,SP,21064680,68889.02666688002,-0.8872222222222228,20231023-20240520,395.4770209250236,1,fair,NA
AIMS,2023-11-27T10:15:00Z,02S06,STIC,SP,21064680,68889.02666688002,-0.8872222222222228,20231023-20240520,395.4770209250236,1,fair,NA
AIMS,2023-11-27T10:30:00Z,02S06,STIC,SP,21064680,68889.02666688002,-0.7738888888888894,20231023-20240520,395.4770209250236,1,fair,NA
AIMS,2023-11-27T10:45:00Z,02S06,STIC,SP,21064680,68889.02666688002,-0.8872222222222228,20231023-20240520,395.4770209250236,1,fair,NA
AIMS,2023-11-27T11:00:00Z,02S06,STIC,SP,21064680,68889.02666688002,-1.0011111111111108,20231023-20240520,395.4770209250236,1,fair,NA
AIMS,2023-11-27T11:15:00Z,02S06,STIC,SP,21064680,68889.02666688002,-1.0011111111111108,20231023-20240520,395.4770209250236,1,fair,NA
AIMS,2023-11-27T11:30:00Z,02S06,STIC,SP,21064680,66133.4656002048,-1.0011111111111108,20231023-20240520,373.9207147381477,1,fair,NA
AIMS,2023-11-27T11:45:00Z,02S06,STIC,SP,21064680,66133.4656002048,-1.0011111111111108,20231023-20240520,373.9207147381477,1,fair,NA
AIMS,2023-11-27T12:00:00Z,02S06,STIC,SP,21064680,66133.4656002048,-1.227777777777778,20231023-20240520,373.9207147381477,1,fair,NA
AIMS,2023-11-27T12:15:00Z,02S06,STIC,SP,21064680,66133.4656002048,-1.341111111111112,20231023-20240520,373.9207147381477,1,fair,NA
AIMS,2023-11-27T12:30:00Z,02S06,STIC,SP,21064680,66133.4656002048,-1.341111111111112,20231023-20240520,373.9207147381477,1,fair,NA
AIMS,2023-11-27T12:45:00Z,02S06,STIC,SP,21064680,66133.4656002048,-1.4561111111111105,20231023-20240520,373.9207147381477,1,fair,NA
AIMS,2023-11-27T13:00:00Z,02S06,STIC,SP,21064680,66133.4656002048,-1.5700000000000005,20231023-20240520,373.9207147381477,1,fair,NA
AIMS,2023-11-27T13:15:00Z,02S06,STIC,SP,21064680,66133.4656002048,-1.4561111111111105,20231023-20240520,373.9207147381477,1,fair,NA
AIMS,2023-11-27T13:30:00Z,02S06,STIC,SP,21064680,66133.4656002048,-1.4561111111111105,20231023-20240520,373.9207147381477,1,fair,NA
AIMS,2023-11-27T13:45:00Z,02S06,STIC,SP,21064680,66133.4656002048,-1.4561111111111105,20231023-20240520,373.9207147381477,1,fair,NA
AIMS,2023-11-27T14:00:00Z,02S06,STIC,SP,21064680,66133.4656002048,-1.227777777777778,20231023-20240520,373.9207147381477,1,fair,NA
AIMS,2023-11-27T14:15:00Z,02S06,STIC,SP,21064680,66133.4656002048,-1.1138888888888885,20231023-20240520,373.9207147381477,1,fair,NA
AIMS,2023-11-27T14:30:00Z,02S06,STIC,SP,21064680,66133.4656002048,-0.8872222222222228,20231023-20240520,373.9207147381477,1,fair,NA
AIMS,2023-11-27T14:45:00Z,02S06,STIC,SP,21064680,66133.4656002048,-0.4372222222222218,20231023-20240520,373.9207147381477,1,fair,NA
AIMS,2023-11-27T15:00:00Z,02S06,STIC,SP,21064680,66133.4656002048,-0.21277777777777732,20231023-20240520,373.9207147381477,1,fair,NA
AIMS,2023-11-27T15:15:00Z,02S06,STIC,SP,21064680,66133.4656002048,0.1211111111111131,20231023-20240520,373.9207147381477,1,fair,NA
AIMS,2023-11-27T15:30:00Z,02S06,STIC,SP,21064680,66133.4656002048,0.3427777777777763,20231023-20240520,373.9207147381477,1,fair,NA
AIMS,2023-11-27T15:45:00Z,02S06,STIC,SP,21064680,66133.4656002048,0.6738888888888894,20231023-20240520,373.9207147381477,1,fair,NA
AIMS,2023-11-27T16:00:00Z,02S06,STIC,SP,21064680,68889.02666688002,1.0027777777777775,20231023-20240520,395.4770209250236,1,fair,NA
AIMS,2023-11-27T16:15:00Z,02S06,STIC,SP,21064680,68889.02666688002,1.5477777777777786,20231023-20240520,395.4770209250236,1,fair,NA
AIMS,2023-11-27T16:30:00Z,02S06,STIC,SP,21064680,68889.02666688002,1.98,20231023-20240520,395.4770209250236,1,fair,NA
AIMS,2023-11-27T16:45:00Z,02S06,STIC,SP,21064680,68889.02666688002,2.30277777777778,20231023-20240520,395.4770209250236,1,fair,NA
AIMS,2023-11-27T17:00:00Z,02S06,STIC,SP,21064680,68889.02666688002,3.367222222222223,20231023-20240520,395.4770209250236,1,fair,NA
AIMS,2023-11-27T17:15:00Z,02S06,STIC,SP,21064680,71644.5877335552,4.622777777777776,20231023-20240520,417.0333271118992,1,fair,NA
AIMS,2023-11-27T17:30:00Z,02S06,STIC,SP,21064680,71644.5877335552,5.552222222222222,20231023-20240520,417.0333271118992,1,fair,NA
AIMS,2023-11-27T17:45:00Z,02S06,STIC,SP,21064680,68889.02666688002,6.5727777777777785,20231023-20240520,395.4770209250236,1,fair,NA
AIMS,2023-11-27T18:00:00Z,02S06,STIC,SP,21064680,71644.5877335552,7.882222222222223,20231023-20240520,417.0333271118992,1,fair,NA
AIMS,2023-11-27T18:15:00Z,02S06,STIC,SP,21064680,71644.5877335552,8.977777777777774,20231023-20240520,417.0333271118992,1,fair,NA
AIMS,2023-11-27T18:30:00Z,02S06,STIC,SP,21064680,74400.1488002304,9.472222222222221,20231023-20240520,438.5896332987749,1,fair,NA
AIMS,2023-11-27T18:45:00Z,02S06,STIC,SP,21064680,71644.5877335552,9.275,20231023-20240520,417.0333271118992,1,fair,NA
AIMS,2023-11-27T19:00:00Z,02S06,STIC,SP,21064680,66133.4656002048,6.775,20231023-20240520,373.9207147381477,1,fair,NA
AIMS,2023-11-27T19:15:00Z,02S06,STIC,SP,21064680,68889.02666688002,8.581111111111108,20231023-20240520,395.4770209250236,1,fair,NA
AIMS,2023-11-27T19:30:00Z,02S06,STIC,SP,21064680,66133.4656002048,8.481111111111108,20231023-20240520,373.9207147381477,1,fair,NA
AIMS,2023-11-27T19:45:00Z,02S06,STIC,SP,21064680,66133.4656002048,8.282222222222224,20231023-20240520,373.9207147381477,1,fair,NA
AIMS,2023-11-27T20:00:00Z,02S06,STIC,SP,21064680,68889.02666688002,8.282222222222224,20231023-20240520,395.4770209250236,1,fair,NA
AIMS,2023-11-27T20:15:00Z,02S06,STIC,SP,21064680,68889.02666688002,8.382222222222223,20231023-20240520,395.4770209250236,1,fair,NA
AIMS,2023-11-27T20:30:00Z,02S06,STIC,SP,21064680,66133.4656002048,8.282222222222224,20231023-20240520,373.9207147381477,1,fair,NA
AIMS,2023-11-27T20:45:00Z,02S06,STIC,SP,21064680,68889.02666688002,8.282222222222224,20231023-20240520,395.4770209250236,1,fair,NA
AIMS,2023-11-27T21:00:00Z,02S06,STIC,SP,21064680,68889.02666688002,8.87888888888889,20231023-20240520,395.4770209250236,1,fair,NA
AIMS,2023-11-27T21:15:00Z,02S06,STIC,SP,21064680,68889.02666688002,8.082222222222224,20231023-20240520,395.4770209250236,1,fair,NA
AIMS,2023-11-27T21:30:00Z,02S06,STIC,SP,21064680,68889.02666688002,7.279999999999999,20231023-20240520,395.4770209250236,1,fair,NA
AIMS,2023-11-27T21:45:00Z,02S06,STIC,SP,21064680,68889.02666688002,6.471111111111114,20231023-20240520,395.4770209250236,1,fair,NA
AIMS,2023-11-27T22:00:00Z,02S06,STIC,SP,21064680,68889.02666688002,5.86,20231023-20240520,395.4770209250236,1,fair,NA
AIMS,2023-11-27T22:15:00Z,02S06,STIC,SP,21064680,68889.02666688002,5.552222222222222,20231023-20240520,395.4770209250236,1,fair,NA
AIMS,2023-11-27T22:30:00Z,02S06,STIC,SP,21064680,68889.02666688002,4.8311111111111105,20231023-20240520,395.4770209250236,1,fair,NA
AIMS,2023-11-27T22:45:00Z,02S06,STIC,SP,21064680,68889.02666688002,3.7877777777777784,20231023-20240520,395.4770209250236,1,fair,NA
AIMS,2023-11-27T23:00:00Z,02S06,STIC,SP,21064680,66133.4656002048,2.942777777777777,20231023-20240520,373.9207147381477,1,fair,NA
AIMS,2023-11-27T23:15:00Z,02S06,STIC,SP,21064680,66133.4656002048,2.6238888888888883,20231023-20240520,373.9207147381477,1,fair,NA
AIMS,2023-11-27T23:30:00Z,02S06,STIC,SP,21064680,66133.4656002048,2.30277777777778,20231023-20240520,373.9207147381477,1,fair,NA
AIMS,2023-11-27T23:45:00Z,02S06,STIC,SP,21064680,66133.4656002048,2.08777777777778,20231023-20240520,373.9207147381477,1,fair,NA
AIMS,2023-11-28T00:00:00Z,02S06,STIC,SP,21064680,66133.4656002048,1.7638888888888873,20231023-20240520,373.9207147381477,1,fair,NA
AIMS,2023-11-28T00:15:00Z,02S06,STIC,SP,21064680,66133.4656002048,1.329999999999999,20231023-20240520,373.9207147381477,1,fair,NA
AIMS,2023-11-28T00:30:00Z,02S06,STIC,SP,21064680,66133.4656002048,0.8927777777777774,20231023-20240520,373.9207147381477,1,fair,NA
AIMS,2023-11-28T00:45:00Z,02S06,STIC,SP,21064680,66133.4656002048,0.7838888888888895,20231023-20240520,373.9207147381477,1,fair,NA
AIMS,2023-11-28T01:00:00Z,02S06,STIC,SP,21064680,66133.4656002048,0.6738888888888894,20231023-20240520,373.9207147381477,1,fair,NA
AIMS,2023-11-28T01:15:00Z,02S06,STIC,SP,21064680,66133.4656002048,0.7838888888888895,20231023-20240520,373.9207147381477,1,fair,NA
AIMS,2023-11-28T01:30:00Z,02S06,STIC,SP,21064680,66133.4656002048,0.45277777777777656,20231023-20240520,373.9207147381477,1,fair,NA
AIMS,2023-11-28T01:45:00Z,02S06,STIC,SP,21064680,66133.4656002048,0.23222222222222183,20231023-20240520,373.9207147381477,1,fair,NA
AIMS,2023-11-28T02:00:00Z,02S06,STIC,SP,21064680,66133.4656002048,0.01000000000000037,20231023-20240520,373.9207147381477,1,fair,NA
AIMS,2023-11-28T02:15:00Z,02S06,STIC,SP,21064680,66133.4656002048,-0.10222222222222284,20231023-20240520,373.9207147381477,1,fair,NA
AIMS,2023-11-28T02:30:00Z,02S06,STIC,SP,21064680,66133.4656002048,-0.32500000000000046,20231023-20240520,373.9207147381477,1,fair,NA
AIMS,2023-11-28T02:45:00Z,02S06,STIC,SP,21064680,66133.4656002048,-0.4372222222222218,20231023-20240520,373.9207147381477,1,fair,NA
AIMS,2023-11-28T03:00:00Z,02S06,STIC,SP,21064680,63377.9045335296,-0.5488888888888886,20231023-20240520,352.364408551272,1,fair,NA
AIMS,2023-11-28T03:15:00Z,02S06,STIC,SP,21064680,63377.9045335296,-0.5488888888888886,20231023-20240520,352.364408551272,1,fair,NA
AIMS,2023-11-28T03:30:00Z,02S06,STIC,SP,21064680,63377.9045335296,-0.6622222222222222,20231023-20240520,352.364408551272,1,fair,NA
AIMS,2023-11-28T03:45:00Z,02S06,STIC,SP,21064680,63377.9045335296,-0.7738888888888894,20231023-20240520,352.364408551272,1,fair,NA
AIMS,2023-11-28T04:00:00Z,02S06,STIC,SP,21064680,63377.9045335296,-0.7738888888888894,20231023-20240520,352.364408551272,1,fair,NA
AIMS,2023-11-28T04:15:00Z,02S06,STIC,SP,21064680,63377.9045335296,-0.7738888888888894,20231023-20240520,352.364408551272,1,fair,NA
AIMS,2023-11-28T04:30:00Z,02S06,STIC,SP,21064680,63377.9045335296,-0.6622222222222222,20231023-20240520,352.364408551272,1,fair,NA
AIMS,2023-11-28T04:45:00Z,02S06,STIC,SP,21064680,63377.9045335296,-0.8872222222222228,20231023-20240520,352.364408551272,1,fair,NA
AIMS,2023-11-28T05:00:00Z,02S06,STIC,SP,21064680,63377.9045335296,-1.0011111111111108,20231023-20240520,352.364408551272,1,fair,NA
AIMS,2023-11-28T05:15:00Z,02S06,STIC,SP,21064680,63377.9045335296,-1.1138888888888885,20231023-20240520,352.364408551272,1,fair,NA
AIMS,2023-11-28T05:30:00Z,02S06,STIC,SP,21064680,60622.3434668544,-1.227777777777778,20231023-20240520,330.80810236439635,1,fair,NA
AIMS,2023-11-28T05:45:00Z,02S06,STIC,SP,21064680,60622.3434668544,-1.341111111111112,20231023-20240520,330.80810236439635,1,fair,NA
AIMS,2023-11-28T06:00:00Z,02S06,STIC,SP,21064680,60622.3434668544,-1.4561111111111105,20231023-20240520,330.80810236439635,1,fair,NA
AIMS,2023-11-28T06:15:00Z,02S06,STIC,SP,21064680,60622.3434668544,-1.341111111111112,20231023-20240520,330.80810236439635,1,fair,NA
AIMS,2023-11-28T06:30:00Z,02S06,STIC,SP,21064680,60622.3434668544,-1.4561111111111105,20231023-20240520,330.80810236439635,1,fair,NA
AIMS,2023-11-28T06:45:00Z,02S06,STIC,SP,21064680,60622.3434668544,-1.5700000000000005,20231023-20240520,330.80810236439635,1,fair,NA
AIMS,2023-11-28T07:00:00Z,02S06,STIC,SP,21064680,60622.3434668544,-1.7988888888888883,20231023-20240520,330.80810236439635,1,fair,NA
AIMS,2023-11-28T07:15:00Z,02S06,STIC,SP,21064680,60622.3434668544,-1.6838888888888883,20231023-20240520,330.80810236439635,1,fair,NA
AIMS,2023-11-28T07:30:00Z,02S06,STIC,SP,21064680,60622.3434668544,-1.6838888888888883,20231023-20240520,330.80810236439635,1,fair,NA
AIMS,2023-11-28T07:45:00Z,02S06,STIC,SP,21064680,60622.3434668544,-1.7988888888888883,20231023-20240520,330.80810236439635,1,fair,NA
AIMS,2023-11-28T08:00:00Z,02S06,STIC,SP,21064680,60622.3434668544,-1.913888888888889,20231023-20240520,330.80810236439635,1,fair,NA
AIMS,2023-11-28T08:15:00Z,02S06,STIC,SP,21064680,60622.3434668544,-1.913888888888889,20231023-20240520,330.80810236439635,1,fair,NA
AIMS,2023-11-28T08:30:00Z,02S06,STIC,SP,21064680,60622.3434668544,-1.913888888888889,20231023-20240520,330.80810236439635,1,fair,NA
AIMS,2023-11-28T08:45:00Z,02S06,STIC,SP,21064680,60622.3434668544,-2.03,20231023-20240520,330.80810236439635,1,fair,NA
AIMS,2023-11-28T09:00:00Z,02S06,STIC,SP,21064680,60622.3434668544,-1.7988888888888883,20231023-20240520,330.80810236439635,1,fair,NA
AIMS,2023-11-28T09:15:00Z,02S06,STIC,SP,21064680,60622.3434668544,-1.4561111111111105,20231023-20240520,330.80810236439635,1,fair,NA
AIMS,2023-11-28T09:30:00Z,02S06,STIC,SP,21064680,60622.3434668544,-1.1138888888888885,20231023-20240520,330.80810236439635,1,fair,NA
AIMS,2023-11-28T09:45:00Z,02S06,STIC,SP,21064680,60622.3434668544,-1.1138888888888885,20231023-20240520,330.80810236439635,1,fair,NA
AIMS,2023-11-28T10:00:00Z,02S06,STIC,SP,21064680,60622.3434668544,-1.1138888888888885,20231023-20240520,330.80810236439635,1,fair,NA
AIMS,2023-11-28T10:15:00Z,02S06,STIC,SP,21064680,60622.3434668544,-1.1138888888888885,20231023-20240520,330.80810236439635,1,fair,NA
AIMS,2023-11-28T10:30:00Z,02S06,STIC,SP,21064680,60622.3434668544,-1.0011111111111108,20231023-20240520,330.80810236439635,1,fair,NA
AIMS,2023-11-28T10:45:00Z,02S06,STIC,SP,21064680,60622.3434668544,-1.0011111111111108,20231023-20240520,330.80810236439635,1,fair,NA
AIMS,2023-11-28T11:00:00Z,02S06,STIC,SP,21064680,60622.3434668544,-0.8872222222222228,20231023-20240520,330.80810236439635,1,fair,NA
AIMS,2023-11-28T11:15:00Z,02S06,STIC,SP,21064680,60622.3434668544,-0.7738888888888894,20231023-20240520,330.80810236439635,1,fair,NA
AIMS,2023-11-28T11:30:00Z,02S06,STIC,SP,21064680,60622.3434668544,-0.8872222222222228,20231023-20240520,330.80810236439635,1,fair,NA
AIMS,2023-11-28T11:45:00Z,02S06,STIC,SP,21064680,60622.3434668544,-0.8872222222222228,20231023-20240520,330.80810236439635,1,fair,NA
AIMS,2023-11-28T12:00:00Z,02S06,STIC,SP,21064680,60622.3434668544,-0.8872222222222228,20231023-20240520,330.80810236439635,1,fair,NA
AIMS,2023-11-28T12:15:00Z,02S06,STIC,SP,21064680,60622.3434668544,-0.8872222222222228,20231023-20240520,330.80810236439635,1,fair,NA
AIMS,2023-11-28T12:30:00Z,02S06,STIC,SP,21064680,60622.3434668544,-0.8872222222222228,20231023-20240520,330.80810236439635,1,fair,NA
AIMS,2023-11-28T12:45:00Z,02S06,STIC,SP,21064680,60622.3434668544,-0.8872222222222228,20231023-20240520,330.80810236439635,1,fair,NA
AIMS,2023-11-28T13:00:00Z,02S06,STIC,SP,21064680,60622.3434668544,-0.8872222222222228,20231023-20240520,330.80810236439635,1,fair,NA
AIMS,2023-11-28T13:15:00Z,02S06,STIC,SP,21064680,60622.3434668544,-0.8872222222222228,20231023-20240520,330.80810236439635,1,fair,NA
AIMS,2023-11-28T13:30:00Z,02S06,STIC,SP,21064680,60622.3434668544,-0.7738888888888894,20231023-20240520,330.80810236439635,1,fair,NA
AIMS,2023-11-28T13:45:00Z,02S06,STIC,SP,21064680,60622.3434668544,-0.7738888888888894,20231023-20240520,330.80810236439635,1,fair,NA
AIMS,2023-11-28T14:00:00Z,02S06,STIC,SP,21064680,60622.3434668544,-0.5488888888888886,20231023-20240520,330.80810236439635,1,fair,NA
AIMS,2023-11-28T14:15:00Z,02S06,STIC,SP,21064680,60622.3434668544,-0.4372222222222218,20231023-20240520,330.80810236439635,1,fair,NA
AIMS,2023-11-28T14:30:00Z,02S06,STIC,SP,21064680,60622.3434668544,-0.10222222222222284,20231023-20240520,330.80810236439635,1,fair,NA
AIMS,2023-11-28T14:45:00Z,02S06,STIC,SP,21064680,60622.3434668544,0.1211111111111131,20231023-20240520,330.80810236439635,1,fair,NA
AIMS,2023-11-28T15:00:00Z,02S06,STIC,SP,21064680,60622.3434668544,0.45277777777777656,20231023-20240520,330.80810236439635,1,fair,NA
AIMS,2023-11-28T15:15:00Z,02S06,STIC,SP,21064680,60622.3434668544,0.7838888888888895,20231023-20240520,330.80810236439635,1,fair,NA
AIMS,2023-11-28T15:30:00Z,02S06,STIC,SP,21064680,63377.9045335296,1.0027777777777775,20231023-20240520,352.364408551272,1,fair,NA
AIMS,2023-11-28T15:45:00Z,02S06,STIC,SP,21064680,63377.9045335296,1.2211111111111113,20231023-20240520,352.364408551272,1,fair,NA
AIMS,2023-11-28T16:00:00Z,02S06,STIC,SP,21064680,63377.9045335296,1.4388888888888909,20231023-20240520,352.364408551272,1,fair,NA
AIMS,2023-11-28T16:15:00Z,02S06,STIC,SP,21064680,63377.9045335296,1.8722222222222211,20231023-20240520,352.364408551272,1,fair,NA
AIMS,2023-11-28T16:30:00Z,02S06,STIC,SP,21064680,63377.9045335296,2.6238888888888883,20231023-20240520,352.364408551272,1,fair,NA
AIMS,2023-11-28T16:45:00Z,02S06,STIC,SP,21064680,63377.9045335296,2.942777777777777,20231023-20240520,352.364408551272,1,fair,NA
AIMS,2023-11-28T17:00:00Z,02S06,STIC,SP,21064680,66133.4656002048,4.31111111111111,20231023-20240520,373.9207147381477,1,fair,NA
AIMS,2023-11-28T17:15:00Z,02S06,STIC,SP,21064680,66133.4656002048,5.9622222222222225,20231023-20240520,373.9207147381477,1,fair,NA
AIMS,2023-11-28T17:30:00Z,02S06,STIC,SP,21064680,66133.4656002048,6.370000000000001,20231023-20240520,373.9207147381477,1,fair,NA
AIMS,2023-11-28T17:45:00Z,02S06,STIC,SP,21064680,66133.4656002048,7.078888888888887,20231023-20240520,373.9207147381477,1,fair,NA
AIMS,2023-11-28T18:00:00Z,02S06,STIC,SP,21064680,68889.02666688002,8.581111111111108,20231023-20240520,395.4770209250236,1,fair,NA
AIMS,2023-11-28T18:15:00Z,02S06,STIC,SP,21064680,71644.5877335552,9.275,20231023-20240520,417.0333271118992,1,fair,NA
AIMS,2023-11-28T18:30:00Z,02S06,STIC,SP,21064680,71644.5877335552,9.767777777777773,20231023-20240520,417.0333271118992,1,fair,NA
AIMS,2023-11-28T18:45:00Z,02S06,STIC,SP,21064680,71644.5877335552,9.57111111111111,20231023-20240520,417.0333271118992,1,fair,NA
AIMS,2023-11-28T19:00:00Z,02S06,STIC,SP,21064680,68889.02666688002,9.767777777777773,20231023-20240520,395.4770209250236,1,fair,NA
AIMS,2023-11-28T19:15:00Z,02S06,STIC,SP,21064680,68889.02666688002,9.866111111111111,20231023-20240520,395.4770209250236,1,fair,NA
AIMS,2023-11-28T19:30:00Z,02S06,STIC,SP,21064680,66133.4656002048,9.17611111111111,20231023-20240520,373.9207147381477,1,fair,NA
AIMS,2023-11-28T19:45:00Z,02S06,STIC,SP,21064680,66133.4656002048,8.282222222222224,20231023-20240520,373.9207147381477,1,fair,NA
AIMS,2023-11-28T20:00:00Z,02S06,STIC,SP,21064680,71644.5877335552,8.182222222222224,20231023-20240520,417.0333271118992,1,fair,NA
AIMS,2023-11-28T20:15:00Z,02S06,STIC,SP,21064680,71644.5877335552,7.882222222222223,20231023-20240520,417.0333271118992,1,fair,NA
AIMS,2023-11-28T20:30:00Z,02S06,STIC,SP,21064680,68889.02666688002,7.381111111111112,20231023-20240520,395.4770209250236,1,fair,NA
AIMS,2023-11-28T20:45:00Z,02S06,STIC,SP,21064680,68889.02666688002,7.381111111111112,20231023-20240520,395.4770209250236,1,fair,NA
AIMS,2023-11-28T21:00:00Z,02S06,STIC,SP,21064680,68889.02666688002,7.582222222222225,20231023-20240520,395.4770209250236,1,fair,NA
AIMS,2023-11-28T21:15:00Z,02S06,STIC,SP,21064680,68889.02666688002,7.381111111111112,20231023-20240520,395.4770209250236,1,fair,NA
AIMS,2023-11-28T21:30:00Z,02S06,STIC,SP,21064680,68889.02666688002,6.5727777777777785,20231023-20240520,395.4770209250236,1,fair,NA
AIMS,2023-11-28T21:45:00Z,02S06,STIC,SP,21064680,68889.02666688002,5.552222222222222,20231023-20240520,395.4770209250236,1,fair,NA
AIMS,2023-11-28T22:00:00Z,02S06,STIC,SP,21064680,68889.02666688002,5.037222222222224,20231023-20240520,395.4770209250236,1,fair,NA
AIMS,2023-11-28T22:15:00Z,02S06,STIC,SP,21064680,68889.02666688002,4.622777777777776,20231023-20240520,395.4770209250236,1,fair,NA
AIMS,2023-11-28T22:30:00Z,02S06,STIC,SP,21064680,68889.02666688002,4.2072222222222235,20231023-20240520,395.4770209250236,1,fair,NA
AIMS,2023-11-28T22:45:00Z,02S06,STIC,SP,21064680,66133.4656002048,3.8927777777777774,20231023-20240520,373.9207147381477,1,fair,NA
AIMS,2023-11-28T23:00:00Z,02S06,STIC,SP,21064680,66133.4656002048,3.5777777777777775,20231023-20240520,373.9207147381477,1,fair,NA
AIMS,2023-11-28T23:15:00Z,02S06,STIC,SP,21064680,66133.4656002048,3.367222222222223,20231023-20240520,373.9207147381477,1,fair,NA
AIMS,2023-11-28T23:30:00Z,02S06,STIC,SP,21064680,66133.4656002048,3.048888888888888,20231023-20240520,373.9207147381477,1,fair,NA
AIMS,2023-11-28T23:45:00Z,02S06,STIC,SP,21064680,66133.4656002048,2.942777777777777,20231023-20240520,373.9207147381477,1,fair,NA
AIMS,2023-11-29T00:00:00Z,02S06,STIC,SP,21064680,66133.4656002048,2.837222222222221,20231023-20240520,373.9207147381477,1,fair,NA
AIMS,2023-11-29T00:15:00Z,02S06,STIC,SP,21064680,66133.4656002048,2.837222222222221,20231023-20240520,373.9207147381477,1,fair,NA
AIMS,2023-11-29T00:30:00Z,02S06,STIC,SP,21064680,66133.4656002048,2.837222222222221,20231023-20240520,373.9207147381477,1,fair,NA
AIMS,2023-11-29T00:45:00Z,02S06,STIC,SP,21064680,66133.4656002048,2.730000000000001,20231023-20240520,373.9207147381477,1,fair,NA
AIMS,2023-11-29T01:00:00Z,02S06,STIC,SP,21064680,66133.4656002048,2.730000000000001,20231023-20240520,373.9207147381477,1,fair,NA
AIMS,2023-11-29T01:15:00Z,02S06,STIC,SP,21064680,66133.4656002048,2.6238888888888883,20231023-20240520,373.9207147381477,1,fair,NA
AIMS,2023-11-29T01:30:00Z,02S06,STIC,SP,21064680,66133.4656002048,2.5172222222222222,20231023-20240520,373.9207147381477,1,fair,NA
AIMS,2023-11-29T01:45:00Z,02S06,STIC,SP,21064680,66133.4656002048,2.5172222222222222,20231023-20240520,373.9207147381477,1,fair,NA
AIMS,2023-11-29T02:00:00Z,02S06,STIC,SP,21064680,66133.4656002048,2.5172222222222222,20231023-20240520,373.9207147381477,1,fair,NA
AIMS,2023-11-29T02:15:00Z,02S06,STIC,SP,21064680,66133.4656002048,2.5172222222222222,20231023-20240520,373.9207147381477,1,fair,NA
AIMS,2023-11-29T02:30:00Z,02S06,STIC,SP,21064680,66133.4656002048,2.5172222222222222,20231023-20240520,373.9207147381477,1,fair,NA
AIMS,2023-11-29T02:45:00Z,02S06,STIC,SP,21064680,66133.4656002048,2.41,20231023-20240520,373.9207147381477,1,fair,NA
AIMS,2023-11-29T03:00:00Z,02S06,STIC,SP,21064680,66133.4656002048,2.41,20231023-20240520,373.9207147381477,1,fair,NA
AIMS,2023-11-29T03:15:00Z,02S06,STIC,SP,21064680,66133.4656002048,2.41,20231023-20240520,373.9207147381477,1,fair,NA
AIMS,2023-11-29T03:30:00Z,02S06,STIC,SP,21064680,66133.4656002048,2.41,20231023-20240520,373.9207147381477,1,fair,NA
AIMS,2023-11-29T03:45:00Z,02S06,STIC,SP,21064680,66133.4656002048,2.30277777777778,20231023-20240520,373.9207147381477,1,fair,NA
AIMS,2023-11-29T04:00:00Z,02S06,STIC,SP,21064680,66133.4656002048,2.41,20231023-20240520,373.9207147381477,1,fair,NA
AIMS,2023-11-29T04:15:00Z,02S06,STIC,SP,21064680,66133.4656002048,2.41,20231023-20240520,373.9207147381477,1,fair,NA
AIMS,2023-11-29T04:30:00Z,02S06,STIC,SP,21064680,66133.4656002048,2.5172222222222222,20231023-20240520,373.9207147381477,1,fair,NA
AIMS,2023-11-29T04:45:00Z,02S06,STIC,SP,21064680,66133.4656002048,2.5172222222222222,20231023-20240520,373.9207147381477,1,fair,NA
AIMS,2023-11-29T05:00:00Z,02S06,STIC,SP,21064680,66133.4656002048,2.5172222222222222,20231023-20240520,373.9207147381477,1,fair,NA
AIMS,2023-11-29T05:15:00Z,02S06,STIC,SP,21064680,66133.4656002048,2.5172222222222222,20231023-20240520,373.9207147381477,1,fair,NA
AIMS,2023-11-29T05:30:00Z,02S06,STIC,SP,21064680,66133.4656002048,2.5172222222222222,20231023-20240520,373.9207147381477,1,fair,NA
AIMS,2023-11-29T05:45:00Z,02S06,STIC,SP,21064680,66133.4656002048,2.41,20231023-20240520,373.9207147381477,1,fair,NA
AIMS,2023-11-29T06:00:00Z,02S06,STIC,SP,21064680,66133.4656002048,2.41,20231023-20240520,373.9207147381477,1,fair,NA
AIMS,2023-11-29T06:15:00Z,02S06,STIC,SP,21064680,66133.4656002048,2.5172222222222222,20231023-20240520,373.9207147381477,1,fair,NA
AIMS,2023-11-29T06:30:00Z,02S06,STIC,SP,21064680,66133.4656002048,2.41,20231023-20240520,373.9207147381477,1,fair,NA
AIMS,2023-11-29T06:45:00Z,02S06,STIC,SP,21064680,66133.4656002048,2.41,20231023-20240520,373.9207147381477,1,fair,NA
AIMS,2023-11-29T07:00:00Z,02S06,STIC,SP,21064680,66133.4656002048,2.30277777777778,20231023-20240520,373.9207147381477,1,fair,NA
AIMS,2023-11-29T07:15:00Z,02S06,STIC,SP,21064680,66133.4656002048,2.30277777777778,20231023-20240520,373.9207147381477,1,fair,NA
AIMS,2023-11-29T07:30:00Z,02S06,STIC,SP,21064680,66133.4656002048,2.30277777777778,20231023-20240520,373.9207147381477,1,fair,NA
AIMS,2023-11-29T07:45:00Z,02S06,STIC,SP,21064680,66133.4656002048,2.30277777777778,20231023-20240520,373.9207147381477,1,fair,NA
AIMS,2023-11-29T08:00:00Z,02S06,STIC,SP,21064680,66133.4656002048,2.30277777777778,20231023-20240520,373.9207147381477,1,fair,NA
AIMS,2023-11-29T08:15:00Z,02S06,STIC,SP,21064680,66133.4656002048,2.08777777777778,20231023-20240520,373.9207147381477,1,fair,NA
AIMS,2023-11-29T08:30:00Z,02S06,STIC,SP,21064680,66133.4656002048,2.08777777777778,20231023-20240520,373.9207147381477,1,fair,NA
AIMS,2023-11-29T08:45:00Z,02S06,STIC,SP,21064680,66133.4656002048,1.8722222222222211,20231023-20240520,373.9207147381477,1,fair,NA
AIMS,2023-11-29T09:00:00Z,02S06,STIC,SP,21064680,66133.4656002048,1.8722222222222211,20231023-20240520,373.9207147381477,1,fair,NA
AIMS,2023-11-29T09:15:00Z,02S06,STIC,SP,21064680,66133.4656002048,1.98,20231023-20240520,373.9207147381477,1,fair,NA
AIMS,2023-11-29T09:30:00Z,02S06,STIC,SP,21064680,66133.4656002048,1.8722222222222211,20231023-20240520,373.9207147381477,1,fair,NA
AIMS,2023-11-29T09:45:00Z,02S06,STIC,SP,21064680,66133.4656002048,1.7638888888888873,20231023-20240520,373.9207147381477,1,fair,NA
AIMS,2023-11-29T10:00:00Z,02S06,STIC,SP,21064680,66133.4656002048,1.6561111111111122,20231023-20240520,373.9207147381477,1,fair,NA
AIMS,2023-11-29T10:15:00Z,02S06,STIC,SP,21064680,66133.4656002048,1.98,20231023-20240520,373.9207147381477,1,fair,NA
AIMS,2023-11-29T10:30:00Z,02S06,STIC,SP,21064680,66133.4656002048,1.8722222222222211,20231023-20240520,373.9207147381477,1,fair,NA
AIMS,2023-11-29T10:45:00Z,02S06,STIC,SP,21064680,66133.4656002048,1.7638888888888873,20231023-20240520,373.9207147381477,1,fair,NA
AIMS,2023-11-29T11:00:00Z,02S06,STIC,SP,21064680,66133.4656002048,1.7638888888888873,20231023-20240520,373.9207147381477,1,fair,NA
AIMS,2023-11-29T11:15:00Z,02S06,STIC,SP,21064680,66133.4656002048,1.6561111111111122,20231023-20240520,373.9207147381477,1,fair,NA
AIMS,2023-11-29T11:30:00Z,02S06,STIC,SP,21064680,66133.4656002048,1.6561111111111122,20231023-20240520,373.9207147381477,1,fair,NA
AIMS,2023-11-29T11:45:00Z,02S06,STIC,SP,21064680,66133.4656002048,1.5477777777777786,20231023-20240520,373.9207147381477,1,fair,NA
AIMS,2023-11-29T12:00:00Z,02S06,STIC,SP,21064680,66133.4656002048,1.4388888888888909,20231023-20240520,373.9207147381477,1,fair,NA
AIMS,2023-11-29T12:15:00Z,02S06,STIC,SP,21064680,66133.4656002048,1.329999999999999,20231023-20240520,373.9207147381477,1,fair,NA
AIMS,2023-11-29T12:30:00Z,02S06,STIC,SP,21064680,66133.4656002048,1.2211111111111113,20231023-20240520,373.9207147381477,1,fair,NA
AIMS,2023-11-29T12:45:00Z,02S06,STIC,SP,21064680,66133.4656002048,1.1122222222222238,20231023-20240520,373.9207147381477,1,fair,NA
AIMS,2023-11-29T13:00:00Z,02S06,STIC,SP,21064680,66133.4656002048,1.0027777777777775,20231023-20240520,373.9207147381477,1,fair,NA
AIMS,2023-11-29T13:15:00Z,02S06,STIC,SP,21064680,66133.4656002048,0.8927777777777774,20231023-20240520,373.9207147381477,1,fair,NA
AIMS,2023-11-29T13:30:00Z,02S06,STIC,SP,21064680,66133.4656002048,0.8927777777777774,20231023-20240520,373.9207147381477,1,fair,NA
AIMS,2023-11-29T13:45:00Z,02S06,STIC,SP,21064680,66133.4656002048,1.0027777777777775,20231023-20240520,373.9207147381477,1,fair,NA
AIMS,2023-11-29T14:00:00Z,02S06,STIC,SP,21064680,66133.4656002048,1.0027777777777775,20231023-20240520,373.9207147381477,1,fair,NA
AIMS,2023-11-29T14:15:00Z,02S06,STIC,SP,21064680,66133.4656002048,1.1122222222222238,20231023-20240520,373.9207147381477,1,fair,NA
AIMS,2023-11-29T14:30:00Z,02S06,STIC,SP,21064680,66133.4656002048,1.329999999999999,20231023-20240520,373.9207147381477,1,fair,NA
AIMS,2023-11-29T14:45:00Z,02S06,STIC,SP,21064680,66133.4656002048,1.5477777777777786,20231023-20240520,373.9207147381477,1,fair,NA
AIMS,2023-11-29T15:00:00Z,02S06,STIC,SP,21064680,66133.4656002048,1.7638888888888873,20231023-20240520,373.9207147381477,1,fair,NA
AIMS,2023-11-29T15:15:00Z,02S06,STIC,SP,21064680,66133.4656002048,1.98,20231023-20240520,373.9207147381477,1,fair,NA
AIMS,2023-11-29T15:30:00Z,02S06,STIC,SP,21064680,66133.4656002048,2.1950000000000003,20231023-20240520,373.9207147381477,1,fair,NA
AIMS,2023-11-29T15:45:00Z,02S06,STIC,SP,21064680,66133.4656002048,2.5172222222222222,20231023-20240520,373.9207147381477,1,fair,NA
AIMS,2023-11-29T16:00:00Z,02S06,STIC,SP,21064680,66133.4656002048,3.26111111111111,20231023-20240520,373.9207147381477,1,fair,NA
AIMS,2023-11-29T16:15:00Z,02S06,STIC,SP,21064680,66133.4656002048,3.997777777777778,20231023-20240520,373.9207147381477,1,fair,NA
AIMS,2023-11-29T16:30:00Z,02S06,STIC,SP,21064680,66133.4656002048,5.14111111111111,20231023-20240520,373.9207147381477,1,fair,NA
AIMS,2023-11-29T16:45:00Z,02S06,STIC,SP,21064680,66133.4656002048,5.347222222222222,20231023-20240520,373.9207147381477,1,fair,NA
AIMS,2023-11-29T17:00:00Z,02S06,STIC,SP,21064680,68889.02666688002,6.775,20231023-20240520,395.4770209250236,1,fair,NA
AIMS,2023-11-29T17:15:00Z,02S06,STIC,SP,21064680,68889.02666688002,8.382222222222223,20231023-20240520,395.4770209250236,1,fair,NA
AIMS,2023-11-29T17:30:00Z,02S06,STIC,SP,21064680,68889.02666688002,8.778888888888888,20231023-20240520,395.4770209250236,1,fair,NA
AIMS,2023-11-29T17:45:00Z,02S06,STIC,SP,21064680,71644.5877335552,9.57111111111111,20231023-20240520,417.0333271118992,1,fair,NA
AIMS,2023-11-29T18:00:00Z,02S06,STIC,SP,21064680,71644.5877335552,11.236111111111107,20231023-20240520,417.0333271118992,1,fair,NA
AIMS,2023-11-29T18:15:00Z,02S06,STIC,SP,21064680,71644.5877335552,12.98,20231023-20240520,417.0333271118992,1,fair,NA
AIMS,2023-11-29T18:30:00Z,02S06,STIC,SP,21064680,74400.1488002304,13.65388888888889,20231023-20240520,438.5896332987749,1,fair,NA
AIMS,2023-11-29T18:45:00Z,02S06,STIC,SP,21064680,68889.02666688002,14.13388888888889,20231023-20240520,395.4770209250236,1,fair,NA
AIMS,2023-11-29T19:00:00Z,02S06,STIC,SP,21064680,74400.1488002304,13.75,20231023-20240520,438.5896332987749,1,fair,NA
AIMS,2023-11-29T19:15:00Z,02S06,STIC,SP,21064680,74400.1488002304,13.55777777777778,20231023-20240520,438.5896332987749,1,fair,NA
AIMS,2023-11-29T19:30:00Z,02S06,STIC,SP,21064680,74400.1488002304,12.207222222222219,20231023-20240520,438.5896332987749,1,fair,NA
AIMS,2023-11-29T19:45:00Z,02S06,STIC,SP,21064680,74400.1488002304,11.916111111111109,20231023-20240520,438.5896332987749,1,fair,NA
AIMS,2023-11-29T20:00:00Z,02S06,STIC,SP,21064680,74400.1488002304,11.916111111111109,20231023-20240520,438.5896332987749,1,fair,NA
AIMS,2023-11-29T20:15:00Z,02S06,STIC,SP,21064680,74400.1488002304,11.916111111111109,20231023-20240520,438.5896332987749,1,fair,NA
AIMS,2023-11-29T20:30:00Z,02S06,STIC,SP,21064680,74400.1488002304,11.431111111111111,20231023-20240520,438.5896332987749,1,fair,NA
AIMS,2023-11-29T20:45:00Z,02S06,STIC,SP,21064680,71644.5877335552,11.041111111111109,20231023-20240520,417.0333271118992,1,fair,NA
AIMS,2023-11-29T21:00:00Z,02S06,STIC,SP,21064680,71644.5877335552,11.431111111111111,20231023-20240520,417.0333271118992,1,fair,NA
AIMS,2023-11-29T21:15:00Z,02S06,STIC,SP,21064680,71644.5877335552,11.333888888888893,20231023-20240520,417.0333271118992,1,fair,NA
AIMS,2023-11-29T21:30:00Z,02S06,STIC,SP,21064680,71644.5877335552,10.25888888888889,20231023-20240520,417.0333271118992,1,fair,NA
AIMS,2023-11-29T21:45:00Z,02S06,STIC,SP,21064680,71644.5877335552,9.077222222222222,20231023-20240520,417.0333271118992,1,fair,NA
AIMS,2023-11-29T22:00:00Z,02S06,STIC,SP,21064680,71644.5877335552,8.182222222222224,20231023-20240520,417.0333271118992,1,fair,NA
AIMS,2023-11-29T22:15:00Z,02S06,STIC,SP,21064680,71644.5877335552,7.4811111111111135,20231023-20240520,417.0333271118992,1,fair,NA
AIMS,2023-11-29T22:30:00Z,02S06,STIC,SP,21064680,68889.02666688002,6.877222222222222,20231023-20240520,395.4770209250236,1,fair,NA
AIMS,2023-11-29T22:45:00Z,02S06,STIC,SP,21064680,68889.02666688002,6.063888888888887,20231023-20240520,395.4770209250236,1,fair,NA
AIMS,2023-11-29T23:00:00Z,02S06,STIC,SP,21064680,68889.02666688002,5.450000000000001,20231023-20240520,395.4770209250236,1,fair,NA
AIMS,2023-11-29T23:15:00Z,02S06,STIC,SP,21064680,68889.02666688002,4.933888888888889,20231023-20240520,395.4770209250236,1,fair,NA
AIMS,2023-11-29T23:30:00Z,02S06,STIC,SP,21064680,68889.02666688002,4.622777777777776,20231023-20240520,395.4770209250236,1,fair,NA
AIMS,2023-11-29T23:45:00Z,02S06,STIC,SP,21064680,68889.02666688002,4.415000000000002,20231023-20240520,395.4770209250236,1,fair,NA
AIMS,2023-11-30T00:00:00Z,02S06,STIC,SP,21064680,66133.4656002048,4.415000000000002,20231023-20240520,373.9207147381477,1,fair,NA
AIMS,2023-11-30T00:15:00Z,02S06,STIC,SP,21064680,66133.4656002048,4.415000000000002,20231023-20240520,373.9207147381477,1,fair,NA
AIMS,2023-11-30T00:30:00Z,02S06,STIC,SP,21064680,66133.4656002048,4.31111111111111,20231023-20240520,373.9207147381477,1,fair,NA
AIMS,2023-11-30T00:45:00Z,02S06,STIC,SP,21064680,66133.4656002048,4.2072222222222235,20231023-20240520,373.9207147381477,1,fair,NA
AIMS,2023-11-30T01:00:00Z,02S06,STIC,SP,21064680,66133.4656002048,3.997777777777778,20231023-20240520,373.9207147381477,1,fair,NA
AIMS,2023-11-30T01:15:00Z,02S06,STIC,SP,21064680,66133.4656002048,3.997777777777778,20231023-20240520,373.9207147381477,1,fair,NA
AIMS,2023-11-30T01:30:00Z,02S06,STIC,SP,21064680,66133.4656002048,3.997777777777778,20231023-20240520,373.9207147381477,1,fair,NA
AIMS,2023-11-30T01:45:00Z,02S06,STIC,SP,21064680,63377.9045335296,3.8927777777777774,20231023-20240520,352.364408551272,1,fair,NA
AIMS,2023-11-30T02:00:00Z,02S06,STIC,SP,21064680,66133.4656002048,3.8927777777777774,20231023-20240520,373.9207147381477,1,fair,NA
AIMS,2023-11-30T02:15:00Z,02S06,STIC,SP,21064680,66133.4656002048,3.997777777777778,20231023-20240520,373.9207147381477,1,fair,NA
AIMS,2023-11-30T02:30:00Z,02S06,STIC,SP,21064680,66133.4656002048,4.102222222222222,20231023-20240520,373.9207147381477,1,fair,NA
AIMS,2023-11-30T02:45:00Z,02S06,STIC,SP,21064680,66133.4656002048,4.102222222222222,20231023-20240520,373.9207147381477,1,fair,NA
AIMS,2023-11-30T03:00:00Z,02S06,STIC,SP,21064680,66133.4656002048,4.2072222222222235,20231023-20240520,373.9207147381477,1,fair,NA
AIMS,2023-11-30T03:15:00Z,02S06,STIC,SP,21064680,66133.4656002048,4.2072222222222235,20231023-20240520,373.9207147381477,1,fair,NA
AIMS,2023-11-30T03:30:00Z,02S06,STIC,SP,21064680,66133.4656002048,4.31111111111111,20231023-20240520,373.9207147381477,1,fair,NA
AIMS,2023-11-30T03:45:00Z,02S06,STIC,SP,21064680,66133.4656002048,4.415000000000002,20231023-20240520,373.9207147381477,1,fair,NA
AIMS,2023-11-30T04:00:00Z,02S06,STIC,SP,21064680,66133.4656002048,4.622777777777776,20231023-20240520,373.9207147381477,1,fair,NA
AIMS,2023-11-30T04:15:00Z,02S06,STIC,SP,21064680,66133.4656002048,4.8311111111111105,20231023-20240520,373.9207147381477,1,fair,NA
AIMS,2023-11-30T04:30:00Z,02S06,STIC,SP,21064680,66133.4656002048,5.14111111111111,20231023-20240520,373.9207147381477,1,fair,NA
AIMS,2023-11-30T04:45:00Z,02S06,STIC,SP,21064680,66133.4656002048,5.347222222222222,20231023-20240520,373.9207147381477,1,fair,NA
AIMS,2023-11-30T05:00:00Z,02S06,STIC,SP,21064680,66133.4656002048,5.347222222222222,20231023-20240520,373.9207147381477,1,fair,NA
AIMS,2023-11-30T05:15:00Z,02S06,STIC,SP,21064680,66133.4656002048,5.347222222222222,20231023-20240520,373.9207147381477,1,fair,NA
AIMS,2023-11-30T05:30:00Z,02S06,STIC,SP,21064680,66133.4656002048,5.243888888888889,20231023-20240520,373.9207147381477,1,fair,NA
AIMS,2023-11-30T05:45:00Z,02S06,STIC,SP,21064680,66133.4656002048,5.243888888888889,20231023-20240520,373.9207147381477,1,fair,NA
AIMS,2023-11-30T06:00:00Z,02S06,STIC,SP,21064680,66133.4656002048,5.14111111111111,20231023-20240520,373.9207147381477,1,fair,NA
AIMS,2023-11-30T06:15:00Z,02S06,STIC,SP,21064680,66133.4656002048,5.243888888888889,20231023-20240520,373.9207147381477,1,fair,NA
AIMS,2023-11-30T06:30:00Z,02S06,STIC,SP,21064680,66133.4656002048,5.243888888888889,20231023-20240520,373.9207147381477,1,fair,NA
AIMS,2023-11-30T06:45:00Z,02S06,STIC,SP,21064680,66133.4656002048,5.243888888888889,20231023-20240520,373.9207147381477,1,fair,NA
AIMS,2023-11-30T07:00:00Z,02S06,STIC,SP,21064680,66133.4656002048,5.243888888888889,20231023-20240520,373.9207147381477,1,fair,NA
AIMS,2023-11-30T07:15:00Z,02S06,STIC,SP,21064680,66133.4656002048,5.243888888888889,20231023-20240520,373.9207147381477,1,fair,NA
AIMS,2023-11-30T07:30:00Z,02S06,STIC,SP,21064680,66133.4656002048,5.347222222222222,20231023-20240520,373.9207147381477,1,fair,NA
AIMS,2023-11-30T07:45:00Z,02S06,STIC,SP,21064680,66133.4656002048,5.347222222222222,20231023-20240520,373.9207147381477,1,fair,NA
AIMS,2023-11-30T08:00:00Z,02S06,STIC,SP,21064680,66133.4656002048,5.347222222222222,20231023-20240520,373.9207147381477,1,fair,NA
AIMS,2023-11-30T08:15:00Z,02S06,STIC,SP,21064680,66133.4656002048,5.347222222222222,20231023-20240520,373.9207147381477,1,fair,NA
AIMS,2023-11-30T08:30:00Z,02S06,STIC,SP,21064680,66133.4656002048,5.450000000000001,20231023-20240520,373.9207147381477,1,fair,NA
AIMS,2023-11-30T08:45:00Z,02S06,STIC,SP,21064680,66133.4656002048,5.552222222222222,20231023-20240520,373.9207147381477,1,fair,NA
AIMS,2023-11-30T09:00:00Z,02S06,STIC,SP,21064680,66133.4656002048,5.655,20231023-20240520,373.9207147381477,1,fair,NA
AIMS,2023-11-30T09:15:00Z,02S06,STIC,SP,21064680,66133.4656002048,5.655,20231023-20240520,373.9207147381477,1,fair,NA
AIMS,2023-11-30T09:30:00Z,02S06,STIC,SP,21064680,66133.4656002048,5.7572222222222225,20231023-20240520,373.9207147381477,1,fair,NA
AIMS,2023-11-30T09:45:00Z,02S06,STIC,SP,21064680,66133.4656002048,5.7572222222222225,20231023-20240520,373.9207147381477,1,fair,NA
AIMS,2023-11-30T10:00:00Z,02S06,STIC,SP,21064680,66133.4656002048,5.86,20231023-20240520,373.9207147381477,1,fair,NA
AIMS,2023-11-30T10:15:00Z,02S06,STIC,SP,21064680,66133.4656002048,5.9622222222222225,20231023-20240520,373.9207147381477,1,fair,NA
AIMS,2023-11-30T10:30:00Z,02S06,STIC,SP,21064680,66133.4656002048,5.9622222222222225,20231023-20240520,373.9207147381477,1,fair,NA
AIMS,2023-11-30T10:45:00Z,02S06,STIC,SP,21064680,66133.4656002048,5.9622222222222225,20231023-20240520,373.9207147381477,1,fair,NA
AIMS,2023-11-30T11:00:00Z,02S06,STIC,SP,21064680,66133.4656002048,6.1661111111111095,20231023-20240520,373.9207147381477,1,fair,NA
AIMS,2023-11-30T11:15:00Z,02S06,STIC,SP,21064680,66133.4656002048,6.1661111111111095,20231023-20240520,373.9207147381477,1,fair,NA
AIMS,2023-11-30T11:30:00Z,02S06,STIC,SP,21064680,66133.4656002048,6.063888888888887,20231023-20240520,373.9207147381477,1,fair,NA
AIMS,2023-11-30T11:45:00Z,02S06,STIC,SP,21064680,66133.4656002048,6.1661111111111095,20231023-20240520,373.9207147381477,1,fair,NA
AIMS,2023-11-30T12:00:00Z,02S06,STIC,SP,21064680,66133.4656002048,6.063888888888887,20231023-20240520,373.9207147381477,1,fair,NA
AIMS,2023-11-30T12:15:00Z,02S06,STIC,SP,21064680,66133.4656002048,5.86,20231023-20240520,373.9207147381477,1,fair,NA
AIMS,2023-11-30T12:30:00Z,02S06,STIC,SP,21064680,66133.4656002048,5.7572222222222225,20231023-20240520,373.9207147381477,1,fair,NA
AIMS,2023-11-30T12:45:00Z,02S06,STIC,SP,21064680,66133.4656002048,5.655,20231023-20240520,373.9207147381477,1,fair,NA
AIMS,2023-11-30T13:00:00Z,02S06,STIC,SP,21064680,66133.4656002048,5.450000000000001,20231023-20240520,373.9207147381477,1,fair,NA
AIMS,2023-11-30T13:15:00Z,02S06,STIC,SP,21064680,66133.4656002048,5.347222222222222,20231023-20240520,373.9207147381477,1,fair,NA
AIMS,2023-11-30T13:30:00Z,02S06,STIC,SP,21064680,66133.4656002048,5.243888888888889,20231023-20240520,373.9207147381477,1,fair,NA
AIMS,2023-11-30T13:45:00Z,02S06,STIC,SP,21064680,66133.4656002048,5.14111111111111,20231023-20240520,373.9207147381477,1,fair,NA
AIMS,2023-11-30T14:00:00Z,02S06,STIC,SP,21064680,66133.4656002048,5.14111111111111,20231023-20240520,373.9207147381477,1,fair,NA
AIMS,2023-11-30T14:15:00Z,02S06,STIC,SP,21064680,66133.4656002048,5.347222222222222,20231023-20240520,373.9207147381477,1,fair,NA
AIMS,2023-11-30T14:30:00Z,02S06,STIC,SP,21064680,66133.4656002048,5.552222222222222,20231023-20240520,373.9207147381477,1,fair,NA
AIMS,2023-11-30T14:45:00Z,02S06,STIC,SP,21064680,66133.4656002048,5.7572222222222225,20231023-20240520,373.9207147381477,1,fair,NA
AIMS,2023-11-30T15:00:00Z,02S06,STIC,SP,21064680,66133.4656002048,6.063888888888887,20231023-20240520,373.9207147381477,1,fair,NA
AIMS,2023-11-30T15:15:00Z,02S06,STIC,SP,21064680,66133.4656002048,6.370000000000001,20231023-20240520,373.9207147381477,1,fair,NA
AIMS,2023-11-30T15:30:00Z,02S06,STIC,SP,21064680,66133.4656002048,6.877222222222222,20231023-20240520,373.9207147381477,1,fair,NA
AIMS,2023-11-30T15:45:00Z,02S06,STIC,SP,21064680,66133.4656002048,7.782222222222226,20231023-20240520,373.9207147381477,1,fair,NA
AIMS,2023-11-30T16:00:00Z,02S06,STIC,SP,21064680,68889.02666688002,8.182222222222224,20231023-20240520,395.4770209250236,1,fair,NA
AIMS,2023-11-30T16:15:00Z,02S06,STIC,SP,21064680,71644.5877335552,8.282222222222224,20231023-20240520,417.0333271118992,1,fair,NA
AIMS,2023-11-30T16:30:00Z,02S06,STIC,SP,21064680,71644.5877335552,8.282222222222224,20231023-20240520,417.0333271118992,1,fair,NA
AIMS,2023-11-30T16:45:00Z,02S06,STIC,SP,21064680,71644.5877335552,8.481111111111108,20231023-20240520,417.0333271118992,1,fair,NA
AIMS,2023-11-30T17:00:00Z,02S06,STIC,SP,21064680,71644.5877335552,8.68,20231023-20240520,417.0333271118992,1,fair,NA
AIMS,2023-11-30T17:15:00Z,02S06,STIC,SP,21064680,71644.5877335552,8.977777777777774,20231023-20240520,417.0333271118992,1,fair,NA
AIMS,2023-11-30T17:30:00Z,02S06,STIC,SP,21064680,71644.5877335552,8.87888888888889,20231023-20240520,417.0333271118992,1,fair,NA
AIMS,2023-11-30T17:45:00Z,02S06,STIC,SP,21064680,71644.5877335552,9.17611111111111,20231023-20240520,417.0333271118992,1,fair,NA
AIMS,2023-11-30T18:00:00Z,02S06,STIC,SP,21064680,74400.1488002304,9.66888888888889,20231023-20240520,438.5896332987749,1,fair,NA
AIMS,2023-11-30T18:15:00Z,02S06,STIC,SP,21064680,74400.1488002304,9.866111111111111,20231023-20240520,438.5896332987749,1,fair,NA
AIMS,2023-11-30T18:30:00Z,02S06,STIC,SP,21064680,74400.1488002304,9.767777777777773,20231023-20240520,438.5896332987749,1,fair,NA
AIMS,2023-11-30T18:45:00Z,02S06,STIC,SP,21064680,74400.1488002304,9.767777777777773,20231023-20240520,438.5896332987749,1,fair,NA
AIMS,2023-11-30T19:00:00Z,02S06,STIC,SP,21064680,74400.1488002304,9.767777777777773,20231023-20240520,438.5896332987749,1,fair,NA
AIMS,2023-11-30T19:15:00Z,02S06,STIC,SP,21064680,74400.1488002304,9.767777777777773,20231023-20240520,438.5896332987749,1,fair,NA
AIMS,2023-11-30T19:30:00Z,02S06,STIC,SP,21064680,74400.1488002304,9.866111111111111,20231023-20240520,438.5896332987749,1,fair,NA
AIMS,2023-11-30T19:45:00Z,02S06,STIC,SP,21064680,74400.1488002304,9.965000000000002,20231023-20240520,438.5896332987749,1,fair,NA
AIMS,2023-11-30T20:00:00Z,02S06,STIC,SP,21064680,74400.1488002304,9.965000000000002,20231023-20240520,438.5896332987749,1,fair,NA
AIMS,2023-11-30T20:15:00Z,02S06,STIC,SP,21064680,74400.1488002304,9.66888888888889,20231023-20240520,438.5896332987749,1,fair,NA
AIMS,2023-11-30T20:30:00Z,02S06,STIC,SP,21064680,74400.1488002304,9.57111111111111,20231023-20240520,438.5896332987749,1,fair,NA
AIMS,2023-11-30T20:45:00Z,02S06,STIC,SP,21064680,74400.1488002304,9.372777777777781,20231023-20240520,438.5896332987749,1,fair,NA
AIMS,2023-11-30T21:00:00Z,02S06,STIC,SP,21064680,74400.1488002304,9.372777777777781,20231023-20240520,438.5896332987749,1,fair,NA
AIMS,2023-11-30T21:15:00Z,02S06,STIC,SP,21064680,74400.1488002304,9.372777777777781,20231023-20240520,438.5896332987749,1,fair,NA
AIMS,2023-11-30T21:30:00Z,02S06,STIC,SP,21064680,74400.1488002304,9.17611111111111,20231023-20240520,438.5896332987749,1,fair,NA
AIMS,2023-11-30T21:45:00Z,02S06,STIC,SP,21064680,74400.1488002304,9.077222222222222,20231023-20240520,438.5896332987749,1,fair,NA
AIMS,2023-11-30T22:00:00Z,02S06,STIC,SP,21064680,74400.1488002304,8.581111111111108,20231023-20240520,438.5896332987749,1,fair,NA
AIMS,2023-11-30T22:15:00Z,02S06,STIC,SP,21064680,71644.5877335552,7.782222222222226,20231023-20240520,417.0333271118992,1,fair,NA
AIMS,2023-11-30T22:30:00Z,02S06,STIC,SP,21064680,71644.5877335552,7.381111111111112,20231023-20240520,417.0333271118992,1,fair,NA
AIMS,2023-11-30T22:45:00Z,02S06,STIC,SP,21064680,71644.5877335552,6.977777777777779,20231023-20240520,417.0333271118992,1,fair,NA
AIMS,2023-11-30T23:00:00Z,02S06,STIC,SP,21064680,71644.5877335552,6.673888888888888,20231023-20240520,417.0333271118992,1,fair,NA
AIMS,2023-11-30T23:15:00Z,02S06,STIC,SP,21064680,71644.5877335552,6.370000000000001,20231023-20240520,417.0333271118992,1,fair,NA
AIMS,2023-11-30T23:30:00Z,02S06,STIC,SP,21064680,71644.5877335552,6.1661111111111095,20231023-20240520,417.0333271118992,1,fair,NA
AIMS,2023-11-30T23:45:00Z,02S06,STIC,SP,21064680,71644.5877335552,6.063888888888887,20231023-20240520,417.0333271118992,1,fair,NA
AIMS,2023-12-01T00:00:00Z,02S06,STIC,SP,21064680,68889.02666688002,6.063888888888887,20231023-20240520,395.4770209250236,1,fair,NA
AIMS,2023-12-01T00:15:00Z,02S06,STIC,SP,21064680,68889.02666688002,6.063888888888887,20231023-20240520,395.4770209250236,1,fair,NA
AIMS,2023-12-01T00:30:00Z,02S06,STIC,SP,21064680,68889.02666688002,6.063888888888887,20231023-20240520,395.4770209250236,1,fair,NA
AIMS,2023-12-01T00:45:00Z,02S06,STIC,SP,21064680,68889.02666688002,6.063888888888887,20231023-20240520,395.4770209250236,1,fair,NA
AIMS,2023-12-01T01:00:00Z,02S06,STIC,SP,21064680,68889.02666688002,5.9622222222222225,20231023-20240520,395.4770209250236,1,fair,NA
AIMS,2023-12-01T01:15:00Z,02S06,STIC,SP,21064680,68889.02666688002,5.9622222222222225,20231023-20240520,395.4770209250236,1,fair,NA
AIMS,2023-12-01T01:30:00Z,02S06,STIC,SP,21064680,68889.02666688002,5.9622222222222225,20231023-20240520,395.4770209250236,1,fair,NA
AIMS,2023-12-01T01:45:00Z,02S06,STIC,SP,21064680,68889.02666688002,5.9622222222222225,20231023-20240520,395.4770209250236,1,fair,NA
AIMS,2023-12-01T02:00:00Z,02S06,STIC,SP,21064680,68889.02666688002,5.9622222222222225,20231023-20240520,395.4770209250236,1,fair,NA
AIMS,2023-12-01T02:15:00Z,02S06,STIC,SP,21064680,68889.02666688002,5.9622222222222225,20231023-20240520,395.4770209250236,1,fair,NA
AIMS,2023-12-01T02:30:00Z,02S06,STIC,SP,21064680,68889.02666688002,5.9622222222222225,20231023-20240520,395.4770209250236,1,fair,NA
AIMS,2023-12-01T02:45:00Z,02S06,STIC,SP,21064680,68889.02666688002,5.86,20231023-20240520,395.4770209250236,1,fair,NA
AIMS,2023-12-01T03:00:00Z,02S06,STIC,SP,21064680,68889.02666688002,5.7572222222222225,20231023-20240520,395.4770209250236,1,fair,NA
AIMS,2023-12-01T03:15:00Z,02S06,STIC,SP,21064680,68889.02666688002,5.655,20231023-20240520,395.4770209250236,1,fair,NA
AIMS,2023-12-01T03:30:00Z,02S06,STIC,SP,21064680,68889.02666688002,5.552222222222222,20231023-20240520,395.4770209250236,1,fair,NA
AIMS,2023-12-01T03:45:00Z,02S06,STIC,SP,21064680,68889.02666688002,5.347222222222222,20231023-20240520,395.4770209250236,1,fair,NA
AIMS,2023-12-01T04:00:00Z,02S06,STIC,SP,21064680,68889.02666688002,5.243888888888889,20231023-20240520,395.4770209250236,1,fair,NA
AIMS,2023-12-01T04:15:00Z,02S06,STIC,SP,21064680,68889.02666688002,5.037222222222224,20231023-20240520,395.4770209250236,1,fair,NA
AIMS,2023-12-01T04:30:00Z,02S06,STIC,SP,21064680,68889.02666688002,4.933888888888889,20231023-20240520,395.4770209250236,1,fair,NA
AIMS,2023-12-01T04:45:00Z,02S06,STIC,SP,21064680,68889.02666688002,4.8311111111111105,20231023-20240520,395.4770209250236,1,fair,NA
AIMS,2023-12-01T05:00:00Z,02S06,STIC,SP,21064680,68889.02666688002,4.8311111111111105,20231023-20240520,395.4770209250236,1,fair,NA
AIMS,2023-12-01T05:15:00Z,02S06,STIC,SP,21064680,68889.02666688002,4.8311111111111105,20231023-20240520,395.4770209250236,1,fair,NA
AIMS,2023-12-01T05:30:00Z,02S06,STIC,SP,21064680,68889.02666688002,4.727222222222222,20231023-20240520,395.4770209250236,1,fair,NA
AIMS,2023-12-01T05:45:00Z,02S06,STIC,SP,21064680,68889.02666688002,4.622777777777776,20231023-20240520,395.4770209250236,1,fair,NA
AIMS,2023-12-01T06:00:00Z,02S06,STIC,SP,21064680,68889.02666688002,4.622777777777776,20231023-20240520,395.4770209250236,1,fair,NA
AIMS,2023-12-01T06:15:00Z,02S06,STIC,SP,21064680,68889.02666688002,4.518888888888888,20231023-20240520,395.4770209250236,1,fair,NA
AIMS,2023-12-01T06:30:00Z,02S06,STIC,SP,21064680,68889.02666688002,4.31111111111111,20231023-20240520,395.4770209250236,1,fair,NA
AIMS,2023-12-01T06:45:00Z,02S06,STIC,SP,21064680,68889.02666688002,4.2072222222222235,20231023-20240520,395.4770209250236,1,fair,NA
AIMS,2023-12-01T07:00:00Z,02S06,STIC,SP,21064680,68889.02666688002,4.102222222222222,20231023-20240520,395.4770209250236,1,fair,NA
AIMS,2023-12-01T07:15:00Z,02S06,STIC,SP,21064680,68889.02666688002,3.997777777777778,20231023-20240520,395.4770209250236,1,fair,NA
AIMS,2023-12-01T07:30:00Z,02S06,STIC,SP,21064680,68889.02666688002,3.997777777777778,20231023-20240520,395.4770209250236,1,fair,NA
AIMS,2023-12-01T07:45:00Z,02S06,STIC,SP,21064680,68889.02666688002,3.7877777777777784,20231023-20240520,395.4770209250236,1,fair,NA
AIMS,2023-12-01T08:00:00Z,02S06,STIC,SP,21064680,68889.02666688002,3.6827777777777775,20231023-20240520,395.4770209250236,1,fair,NA
AIMS,2023-12-01T08:15:00Z,02S06,STIC,SP,21064680,68889.02666688002,3.6827777777777775,20231023-20240520,395.4770209250236,1,fair,NA
AIMS,2023-12-01T08:30:00Z,02S06,STIC,SP,21064680,68889.02666688002,3.5777777777777775,20231023-20240520,395.4770209250236,1,fair,NA
AIMS,2023-12-01T08:45:00Z,02S06,STIC,SP,21064680,68889.02666688002,3.4722222222222223,20231023-20240520,395.4770209250236,1,fair,NA
AIMS,2023-12-01T09:00:00Z,02S06,STIC,SP,21064680,68889.02666688002,3.4722222222222223,20231023-20240520,395.4770209250236,1,fair,NA
AIMS,2023-12-01T09:15:00Z,02S06,STIC,SP,21064680,68889.02666688002,3.4722222222222223,20231023-20240520,395.4770209250236,1,fair,NA
AIMS,2023-12-01T09:30:00Z,02S06,STIC,SP,21064680,68889.02666688002,3.4722222222222223,20231023-20240520,395.4770209250236,1,fair,NA
AIMS,2023-12-01T09:45:00Z,02S06,STIC,SP,21064680,68889.02666688002,3.5777777777777775,20231023-20240520,395.4770209250236,1,fair,NA
AIMS,2023-12-01T10:00:00Z,02S06,STIC,SP,21064680,68889.02666688002,3.6827777777777775,20231023-20240520,395.4770209250236,1,fair,NA
AIMS,2023-12-01T10:15:00Z,02S06,STIC,SP,21064680,68889.02666688002,3.6827777777777775,20231023-20240520,395.4770209250236,1,fair,NA
AIMS,2023-12-01T10:30:00Z,02S06,STIC,SP,21064680,68889.02666688002,3.6827777777777775,20231023-20240520,395.4770209250236,1,fair,NA
AIMS,2023-12-01T10:45:00Z,02S06,STIC,SP,21064680,68889.02666688002,3.6827777777777775,20231023-20240520,395.4770209250236,1,fair,NA
AIMS,2023-12-01T11:00:00Z,02S06,STIC,SP,21064680,68889.02666688002,3.6827777777777775,20231023-20240520,395.4770209250236,1,fair,NA
AIMS,2023-12-01T11:15:00Z,02S06,STIC,SP,21064680,68889.02666688002,3.6827777777777775,20231023-20240520,395.4770209250236,1,fair,NA
AIMS,2023-12-01T11:30:00Z,02S06,STIC,SP,21064680,68889.02666688002,3.4722222222222223,20231023-20240520,395.4770209250236,1,fair,NA
AIMS,2023-12-01T11:45:00Z,02S06,STIC,SP,21064680,68889.02666688002,3.1550000000000007,20231023-20240520,395.4770209250236,1,fair,NA
AIMS,2023-12-01T12:00:00Z,02S06,STIC,SP,21064680,68889.02666688002,3.1550000000000007,20231023-20240520,395.4770209250236,1,fair,NA
AIMS,2023-12-01T12:15:00Z,02S06,STIC,SP,21064680,68889.02666688002,3.1550000000000007,20231023-20240520,395.4770209250236,1,fair,NA
AIMS,2023-12-01T12:30:00Z,02S06,STIC,SP,21064680,68889.02666688002,3.1550000000000007,20231023-20240520,395.4770209250236,1,fair,NA
AIMS,2023-12-01T12:45:00Z,02S06,STIC,SP,21064680,68889.02666688002,3.1550000000000007,20231023-20240520,395.4770209250236,1,fair,NA
AIMS,2023-12-01T13:00:00Z,02S06,STIC,SP,21064680,68889.02666688002,3.26111111111111,20231023-20240520,395.4770209250236,1,fair,NA
AIMS,2023-12-01T13:15:00Z,02S06,STIC,SP,21064680,68889.02666688002,3.26111111111111,20231023-20240520,395.4770209250236,1,fair,NA
AIMS,2023-12-01T13:30:00Z,02S06,STIC,SP,21064680,68889.02666688002,3.1550000000000007,20231023-20240520,395.4770209250236,1,fair,NA
AIMS,2023-12-01T13:45:00Z,02S06,STIC,SP,21064680,68889.02666688002,3.1550000000000007,20231023-20240520,395.4770209250236,1,fair,NA
AIMS,2023-12-01T14:00:00Z,02S06,STIC,SP,21064680,68889.02666688002,3.26111111111111,20231023-20240520,395.4770209250236,1,fair,NA
AIMS,2023-12-01T14:15:00Z,02S06,STIC,SP,21064680,68889.02666688002,3.367222222222223,20231023-20240520,395.4770209250236,1,fair,NA
AIMS,2023-12-01T14:30:00Z,02S06,STIC,SP,21064680,68889.02666688002,3.367222222222223,20231023-20240520,395.4770209250236,1,fair,NA
AIMS,2023-12-01T14:45:00Z,02S06,STIC,SP,21064680,68889.02666688002,3.4722222222222223,20231023-20240520,395.4770209250236,1,fair,NA
AIMS,2023-12-01T15:00:00Z,02S06,STIC,SP,21064680,68889.02666688002,3.6827777777777775,20231023-20240520,395.4770209250236,1,fair,NA
AIMS,2023-12-01T15:15:00Z,02S06,STIC,SP,21064680,68889.02666688002,3.7877777777777784,20231023-20240520,395.4770209250236,1,fair,NA
AIMS,2023-12-01T15:30:00Z,02S06,STIC,SP,21064680,68889.02666688002,3.7877777777777784,20231023-20240520,395.4770209250236,1,fair,NA
AIMS,2023-12-01T15:45:00Z,02S06,STIC,SP,21064680,68889.02666688002,3.7877777777777784,20231023-20240520,395.4770209250236,1,fair,NA
AIMS,2023-12-01T16:00:00Z,02S06,STIC,SP,21064680,68889.02666688002,3.8927777777777774,20231023-20240520,395.4770209250236,1,fair,NA
AIMS,2023-12-01T16:15:00Z,02S06,STIC,SP,21064680,68889.02666688002,3.8927777777777774,20231023-20240520,395.4770209250236,1,fair,NA
AIMS,2023-12-01T16:30:00Z,02S06,STIC,SP,21064680,68889.02666688002,3.8927777777777774,20231023-20240520,395.4770209250236,1,fair,NA
AIMS,2023-12-01T16:45:00Z,02S06,STIC,SP,21064680,68889.02666688002,3.997777777777778,20231023-20240520,395.4770209250236,1,fair,NA
AIMS,2023-12-01T17:00:00Z,02S06,STIC,SP,21064680,68889.02666688002,3.997777777777778,20231023-20240520,395.4770209250236,1,fair,NA
AIMS,2023-12-01T17:15:00Z,02S06,STIC,SP,21064680,68889.02666688002,4.31111111111111,20231023-20240520,395.4770209250236,1,fair,NA
AIMS,2023-12-01T17:30:00Z,02S06,STIC,SP,21064680,68889.02666688002,4.2072222222222235,20231023-20240520,395.4770209250236,1,fair,NA
AIMS,2023-12-01T17:45:00Z,02S06,STIC,SP,21064680,68889.02666688002,4.102222222222222,20231023-20240520,395.4770209250236,1,fair,NA
AIMS,2023-12-01T18:00:00Z,02S06,STIC,SP,21064680,68889.02666688002,4.2072222222222235,20231023-20240520,395.4770209250236,1,fair,NA
AIMS,2023-12-01T18:15:00Z,02S06,STIC,SP,21064680,68889.02666688002,4.415000000000002,20231023-20240520,395.4770209250236,1,fair,NA
AIMS,2023-12-01T18:30:00Z,02S06,STIC,SP,21064680,68889.02666688002,4.622777777777776,20231023-20240520,395.4770209250236,1,fair,NA
AIMS,2023-12-01T18:45:00Z,02S06,STIC,SP,21064680,68889.02666688002,4.727222222222222,20231023-20240520,395.4770209250236,1,fair,NA
AIMS,2023-12-01T19:00:00Z,02S06,STIC,SP,21064680,68889.02666688002,5.14111111111111,20231023-20240520,395.4770209250236,1,fair,NA
AIMS,2023-12-01T19:15:00Z,02S06,STIC,SP,21064680,71644.5877335552,5.347222222222222,20231023-20240520,417.0333271118992,1,fair,NA
AIMS,2023-12-01T19:30:00Z,02S06,STIC,SP,21064680,68889.02666688002,5.037222222222224,20231023-20240520,395.4770209250236,1,fair,NA
AIMS,2023-12-01T19:45:00Z,02S06,STIC,SP,21064680,68889.02666688002,4.622777777777776,20231023-20240520,395.4770209250236,1,fair,NA
AIMS,2023-12-01T20:00:00Z,02S06,STIC,SP,21064680,68889.02666688002,4.31111111111111,20231023-20240520,395.4770209250236,1,fair,NA
AIMS,2023-12-01T20:15:00Z,02S06,STIC,SP,21064680,68889.02666688002,4.102222222222222,20231023-20240520,395.4770209250236,1,fair,NA
AIMS,2023-12-01T20:30:00Z,02S06,STIC,SP,21064680,68889.02666688002,3.8927777777777774,20231023-20240520,395.4770209250236,1,fair,NA
AIMS,2023-12-01T20:45:00Z,02S06,STIC,SP,21064680,68889.02666688002,3.6827777777777775,20231023-20240520,395.4770209250236,1,fair,NA
AIMS,2023-12-01T21:00:00Z,02S06,STIC,SP,21064680,68889.02666688002,3.7877777777777784,20231023-20240520,395.4770209250236,1,fair,NA
AIMS,2023-12-01T21:15:00Z,02S06,STIC,SP,21064680,68889.02666688002,3.8927777777777774,20231023-20240520,395.4770209250236,1,fair,NA
AIMS,2023-12-01T21:30:00Z,02S06,STIC,SP,21064680,68889.02666688002,4.2072222222222235,20231023-20240520,395.4770209250236,1,fair,NA
AIMS,2023-12-01T21:45:00Z,02S06,STIC,SP,21064680,68889.02666688002,4.31111111111111,20231023-20240520,395.4770209250236,1,fair,NA
AIMS,2023-12-01T22:00:00Z,02S06,STIC,SP,21064680,68889.02666688002,4.31111111111111,20231023-20240520,395.4770209250236,1,fair,NA
AIMS,2023-12-01T22:15:00Z,02S06,STIC,SP,21064680,68889.02666688002,4.31111111111111,20231023-20240520,395.4770209250236,1,fair,NA
AIMS,2023-12-01T22:30:00Z,02S06,STIC,SP,21064680,68889.02666688002,4.31111111111111,20231023-20240520,395.4770209250236,1,fair,NA
AIMS,2023-12-01T22:45:00Z,02S06,STIC,SP,21064680,68889.02666688002,3.997777777777778,20231023-20240520,395.4770209250236,1,fair,NA
AIMS,2023-12-01T23:00:00Z,02S06,STIC,SP,21064680,68889.02666688002,3.367222222222223,20231023-20240520,395.4770209250236,1,fair,NA
AIMS,2023-12-01T23:15:00Z,02S06,STIC,SP,21064680,68889.02666688002,2.942777777777777,20231023-20240520,395.4770209250236,1,fair,NA
AIMS,2023-12-01T23:30:00Z,02S06,STIC,SP,21064680,68889.02666688002,2.730000000000001,20231023-20240520,395.4770209250236,1,fair,NA
AIMS,2023-12-01T23:45:00Z,02S06,STIC,SP,21064680,68889.02666688002,2.6238888888888883,20231023-20240520,395.4770209250236,1,fair,NA
AIMS,2023-12-02T00:00:00Z,02S06,STIC,SP,21064680,66133.4656002048,2.30277777777778,20231023-20240520,373.9207147381477,1,fair,NA
AIMS,2023-12-02T00:15:00Z,02S06,STIC,SP,21064680,66133.4656002048,2.1950000000000003,20231023-20240520,373.9207147381477,1,fair,NA
AIMS,2023-12-02T00:30:00Z,02S06,STIC,SP,21064680,66133.4656002048,1.8722222222222211,20231023-20240520,373.9207147381477,1,fair,NA
AIMS,2023-12-02T00:45:00Z,02S06,STIC,SP,21064680,66133.4656002048,1.5477777777777786,20231023-20240520,373.9207147381477,1,fair,NA
AIMS,2023-12-02T01:00:00Z,02S06,STIC,SP,21064680,66133.4656002048,1.2211111111111113,20231023-20240520,373.9207147381477,1,fair,NA
AIMS,2023-12-02T01:15:00Z,02S06,STIC,SP,21064680,66133.4656002048,1.0027777777777775,20231023-20240520,373.9207147381477,1,fair,NA
AIMS,2023-12-02T01:30:00Z,02S06,STIC,SP,21064680,66133.4656002048,0.7838888888888895,20231023-20240520,373.9207147381477,1,fair,NA
AIMS,2023-12-02T01:45:00Z,02S06,STIC,SP,21064680,66133.4656002048,0.6738888888888894,20231023-20240520,373.9207147381477,1,fair,NA
AIMS,2023-12-02T02:00:00Z,02S06,STIC,SP,21064680,66133.4656002048,0.45277777777777656,20231023-20240520,373.9207147381477,1,fair,NA
AIMS,2023-12-02T02:15:00Z,02S06,STIC,SP,21064680,66133.4656002048,0.3427777777777763,20231023-20240520,373.9207147381477,1,fair,NA
AIMS,2023-12-02T02:30:00Z,02S06,STIC,SP,21064680,66133.4656002048,0.3427777777777763,20231023-20240520,373.9207147381477,1,fair,NA
AIMS,2023-12-02T02:45:00Z,02S06,STIC,SP,21064680,66133.4656002048,0.3427777777777763,20231023-20240520,373.9207147381477,1,fair,NA
AIMS,2023-12-02T03:00:00Z,02S06,STIC,SP,21064680,66133.4656002048,0.23222222222222183,20231023-20240520,373.9207147381477,1,fair,NA
AIMS,2023-12-02T03:15:00Z,02S06,STIC,SP,21064680,66133.4656002048,0.1211111111111131,20231023-20240520,373.9207147381477,1,fair,NA
AIMS,2023-12-02T03:30:00Z,02S06,STIC,SP,21064680,63377.9045335296,0.01000000000000037,20231023-20240520,352.364408551272,1,fair,NA
AIMS,2023-12-02T03:45:00Z,02S06,STIC,SP,21064680,60622.3434668544,0.01000000000000037,20231023-20240520,330.80810236439635,1,fair,NA
AIMS,2023-12-02T04:00:00Z,02S06,STIC,SP,21064680,60622.3434668544,0.01000000000000037,20231023-20240520,330.80810236439635,1,fair,NA
AIMS,2023-12-02T04:15:00Z,02S06,STIC,SP,21064680,60622.3434668544,0.01000000000000037,20231023-20240520,330.80810236439635,1,fair,NA
AIMS,2023-12-02T04:30:00Z,02S06,STIC,SP,21064680,60622.3434668544,-0.21277777777777732,20231023-20240520,330.80810236439635,1,fair,NA
AIMS,2023-12-02T04:45:00Z,02S06,STIC,SP,21064680,57866.782400179196,-0.32500000000000046,20231023-20240520,309.25179617752065,1,fair,NA
AIMS,2023-12-02T05:00:00Z,02S06,STIC,SP,21064680,60622.3434668544,-0.32500000000000046,20231023-20240520,330.80810236439635,1,fair,NA
AIMS,2023-12-02T05:15:00Z,02S06,STIC,SP,21064680,57866.782400179196,-0.4372222222222218,20231023-20240520,309.25179617752065,1,fair,NA
AIMS,2023-12-02T05:30:00Z,02S06,STIC,SP,21064680,60622.3434668544,-0.21277777777777732,20231023-20240520,330.80810236439635,1,fair,NA
AIMS,2023-12-02T05:45:00Z,02S06,STIC,SP,21064680,60622.3434668544,-0.10222222222222284,20231023-20240520,330.80810236439635,1,fair,NA
AIMS,2023-12-02T06:00:00Z,02S06,STIC,SP,21064680,57866.782400179196,-0.21277777777777732,20231023-20240520,309.25179617752065,1,fair,NA
AIMS,2023-12-02T06:15:00Z,02S06,STIC,SP,21064680,60622.3434668544,-0.4372222222222218,20231023-20240520,330.80810236439635,1,fair,NA
AIMS,2023-12-02T06:30:00Z,02S06,STIC,SP,21064680,57866.782400179196,-0.4372222222222218,20231023-20240520,309.25179617752065,1,fair,NA
AIMS,2023-12-02T06:45:00Z,02S06,STIC,SP,21064680,57866.782400179196,-0.4372222222222218,20231023-20240520,309.25179617752065,1,fair,NA
AIMS,2023-12-02T07:00:00Z,02S06,STIC,SP,21064680,57866.782400179196,-0.5488888888888886,20231023-20240520,309.25179617752065,1,fair,NA
AIMS,2023-12-02T07:15:00Z,02S06,STIC,SP,21064680,57866.782400179196,-0.4372222222222218,20231023-20240520,309.25179617752065,1,fair,NA
AIMS,2023-12-02T07:30:00Z,02S06,STIC,SP,21064680,57866.782400179196,-0.32500000000000046,20231023-20240520,309.25179617752065,1,fair,NA
AIMS,2023-12-02T07:45:00Z,02S06,STIC,SP,21064680,57866.782400179196,-0.32500000000000046,20231023-20240520,309.25179617752065,1,fair,NA
AIMS,2023-12-02T08:00:00Z,02S06,STIC,SP,21064680,57866.782400179196,-0.21277777777777732,20231023-20240520,309.25179617752065,1,fair,NA
AIMS,2023-12-02T08:15:00Z,02S06,STIC,SP,21064680,57866.782400179196,-0.10222222222222284,20231023-20240520,309.25179617752065,1,fair,NA
AIMS,2023-12-02T08:30:00Z,02S06,STIC,SP,21064680,57866.782400179196,-0.32500000000000046,20231023-20240520,309.25179617752065,1,fair,NA
AIMS,2023-12-02T08:45:00Z,02S06,STIC,SP,21064680,57866.782400179196,-0.5488888888888886,20231023-20240520,309.25179617752065,1,fair,NA
AIMS,2023-12-02T09:00:00Z,02S06,STIC,SP,21064680,60622.3434668544,-0.5488888888888886,20231023-20240520,330.80810236439635,1,fair,NA
AIMS,2023-12-02T09:15:00Z,02S06,STIC,SP,21064680,57866.782400179196,-0.6622222222222222,20231023-20240520,309.25179617752065,1,fair,NA
AIMS,2023-12-02T09:30:00Z,02S06,STIC,SP,21064680,57866.782400179196,-0.5488888888888886,20231023-20240520,309.25179617752065,1,fair,NA
AIMS,2023-12-02T09:45:00Z,02S06,STIC,SP,21064680,57866.782400179196,-0.7738888888888894,20231023-20240520,309.25179617752065,1,fair,NA
AIMS,2023-12-02T10:00:00Z,02S06,STIC,SP,21064680,57866.782400179196,-0.8872222222222228,20231023-20240520,309.25179617752065,1,fair,NA
AIMS,2023-12-02T10:15:00Z,02S06,STIC,SP,21064680,57866.782400179196,-0.6622222222222222,20231023-20240520,309.25179617752065,1,fair,NA
AIMS,2023-12-02T10:30:00Z,02S06,STIC,SP,21064680,57866.782400179196,-0.5488888888888886,20231023-20240520,309.25179617752065,1,fair,NA
AIMS,2023-12-02T10:45:00Z,02S06,STIC,SP,21064680,57866.782400179196,-0.6622222222222222,20231023-20240520,309.25179617752065,1,fair,NA
AIMS,2023-12-02T11:00:00Z,02S06,STIC,SP,21064680,57866.782400179196,-0.8872222222222228,20231023-20240520,309.25179617752065,1,fair,NA
AIMS,2023-12-02T11:15:00Z,02S06,STIC,SP,21064680,57866.782400179196,-1.0011111111111108,20231023-20240520,309.25179617752065,1,fair,NA
AIMS,2023-12-02T11:30:00Z,02S06,STIC,SP,21064680,57866.782400179196,-0.8872222222222228,20231023-20240520,309.25179617752065,1,fair,NA
AIMS,2023-12-02T11:45:00Z,02S06,STIC,SP,21064680,57866.782400179196,-0.8872222222222228,20231023-20240520,309.25179617752065,1,fair,NA
AIMS,2023-12-02T12:00:00Z,02S06,STIC,SP,21064680,57866.782400179196,-0.7738888888888894,20231023-20240520,309.25179617752065,1,fair,NA
AIMS,2023-12-02T12:15:00Z,02S06,STIC,SP,21064680,57866.782400179196,-0.7738888888888894,20231023-20240520,309.25179617752065,1,fair,NA
AIMS,2023-12-02T12:30:00Z,02S06,STIC,SP,21064680,57866.782400179196,-1.0011111111111108,20231023-20240520,309.25179617752065,1,fair,NA
AIMS,2023-12-02T12:45:00Z,02S06,STIC,SP,21064680,57866.782400179196,-1.1138888888888885,20231023-20240520,309.25179617752065,1,fair,NA
AIMS,2023-12-02T13:00:00Z,02S06,STIC,SP,21064680,57866.782400179196,-1.227777777777778,20231023-20240520,309.25179617752065,1,fair,NA
AIMS,2023-12-02T13:15:00Z,02S06,STIC,SP,21064680,57866.782400179196,-1.341111111111112,20231023-20240520,309.25179617752065,1,fair,NA
AIMS,2023-12-02T13:30:00Z,02S06,STIC,SP,21064680,57866.782400179196,-1.227777777777778,20231023-20240520,309.25179617752065,1,fair,NA
AIMS,2023-12-02T13:45:00Z,02S06,STIC,SP,21064680,57866.782400179196,-0.8872222222222228,20231023-20240520,309.25179617752065,1,fair,NA
AIMS,2023-12-02T14:00:00Z,02S06,STIC,SP,21064680,60622.3434668544,-0.4372222222222218,20231023-20240520,330.80810236439635,1,fair,NA
AIMS,2023-12-02T14:15:00Z,02S06,STIC,SP,21064680,57866.782400179196,-0.21277777777777732,20231023-20240520,309.25179617752065,1,fair,NA
AIMS,2023-12-02T14:30:00Z,02S06,STIC,SP,21064680,57866.782400179196,0.01000000000000037,20231023-20240520,309.25179617752065,1,fair,NA
AIMS,2023-12-02T14:45:00Z,02S06,STIC,SP,21064680,63377.9045335296,0.23222222222222183,20231023-20240520,352.364408551272,1,fair,NA
AIMS,2023-12-02T15:00:00Z,02S06,STIC,SP,21064680,63377.9045335296,0.8927777777777774,20231023-20240520,352.364408551272,1,fair,NA
AIMS,2023-12-02T15:15:00Z,02S06,STIC,SP,21064680,63377.9045335296,1.4388888888888909,20231023-20240520,352.364408551272,1,fair,NA
AIMS,2023-12-02T15:30:00Z,02S06,STIC,SP,21064680,63377.9045335296,1.7638888888888873,20231023-20240520,352.364408551272,1,fair,NA
AIMS,2023-12-02T15:45:00Z,02S06,STIC,SP,21064680,66133.4656002048,2.30277777777778,20231023-20240520,373.9207147381477,1,fair,NA
AIMS,2023-12-02T16:00:00Z,02S06,STIC,SP,21064680,66133.4656002048,3.26111111111111,20231023-20240520,373.9207147381477,1,fair,NA
AIMS,2023-12-02T16:15:00Z,02S06,STIC,SP,21064680,66133.4656002048,3.997777777777778,20231023-20240520,373.9207147381477,1,fair,NA
AIMS,2023-12-02T16:30:00Z,02S06,STIC,SP,21064680,66133.4656002048,4.31111111111111,20231023-20240520,373.9207147381477,1,fair,NA
AIMS,2023-12-02T16:45:00Z,02S06,STIC,SP,21064680,66133.4656002048,4.622777777777776,20231023-20240520,373.9207147381477,1,fair,NA
AIMS,2023-12-02T17:00:00Z,02S06,STIC,SP,21064680,66133.4656002048,4.8311111111111105,20231023-20240520,373.9207147381477,1,fair,NA
AIMS,2023-12-02T17:15:00Z,02S06,STIC,SP,21064680,66133.4656002048,4.727222222222222,20231023-20240520,373.9207147381477,1,fair,NA
AIMS,2023-12-02T17:30:00Z,02S06,STIC,SP,21064680,66133.4656002048,4.518888888888888,20231023-20240520,373.9207147381477,1,fair,NA
AIMS,2023-12-02T17:45:00Z,02S06,STIC,SP,21064680,66133.4656002048,4.727222222222222,20231023-20240520,373.9207147381477,1,fair,NA
AIMS,2023-12-02T18:00:00Z,02S06,STIC,SP,21064680,66133.4656002048,4.8311111111111105,20231023-20240520,373.9207147381477,1,fair,NA
AIMS,2023-12-02T18:15:00Z,02S06,STIC,SP,21064680,66133.4656002048,4.8311111111111105,20231023-20240520,373.9207147381477,1,fair,NA
AIMS,2023-12-02T18:30:00Z,02S06,STIC,SP,21064680,66133.4656002048,4.8311111111111105,20231023-20240520,373.9207147381477,1,fair,NA
AIMS,2023-12-02T18:45:00Z,02S06,STIC,SP,21064680,66133.4656002048,4.933888888888889,20231023-20240520,373.9207147381477,1,fair,NA
AIMS,2023-12-02T19:00:00Z,02S06,STIC,SP,21064680,68889.02666688002,5.037222222222224,20231023-20240520,395.4770209250236,1,fair,NA
AIMS,2023-12-02T19:15:00Z,02S06,STIC,SP,21064680,68889.02666688002,4.933888888888889,20231023-20240520,395.4770209250236,1,fair,NA
AIMS,2023-12-02T19:30:00Z,02S06,STIC,SP,21064680,68889.02666688002,4.933888888888889,20231023-20240520,395.4770209250236,1,fair,NA
AIMS,2023-12-02T19:45:00Z,02S06,STIC,SP,21064680,68889.02666688002,4.933888888888889,20231023-20240520,395.4770209250236,1,fair,NA
AIMS,2023-12-02T20:00:00Z,02S06,STIC,SP,21064680,66133.4656002048,4.8311111111111105,20231023-20240520,373.9207147381477,1,fair,NA
AIMS,2023-12-02T20:15:00Z,02S06,STIC,SP,21064680,68889.02666688002,4.933888888888889,20231023-20240520,395.4770209250236,1,fair,NA
AIMS,2023-12-02T20:30:00Z,02S06,STIC,SP,21064680,68889.02666688002,4.933888888888889,20231023-20240520,395.4770209250236,1,fair,NA
AIMS,2023-12-02T20:45:00Z,02S06,STIC,SP,21064680,68889.02666688002,4.8311111111111105,20231023-20240520,395.4770209250236,1,fair,NA
AIMS,2023-12-02T21:00:00Z,02S06,STIC,SP,21064680,66133.4656002048,4.727222222222222,20231023-20240520,373.9207147381477,1,fair,NA
AIMS,2023-12-02T21:15:00Z,02S06,STIC,SP,21064680,66133.4656002048,4.727222222222222,20231023-20240520,373.9207147381477,1,fair,NA
AIMS,2023-12-02T21:30:00Z,02S06,STIC,SP,21064680,68889.02666688002,4.8311111111111105,20231023-20240520,395.4770209250236,1,fair,NA
AIMS,2023-12-02T21:45:00Z,02S06,STIC,SP,21064680,68889.02666688002,4.8311111111111105,20231023-20240520,395.4770209250236,1,fair,NA
AIMS,2023-12-02T22:00:00Z,02S06,STIC,SP,21064680,66133.4656002048,4.622777777777776,20231023-20240520,373.9207147381477,1,fair,NA
AIMS,2023-12-02T22:15:00Z,02S06,STIC,SP,21064680,66133.4656002048,4.31111111111111,20231023-20240520,373.9207147381477,1,fair,NA
AIMS,2023-12-02T22:30:00Z,02S06,STIC,SP,21064680,66133.4656002048,3.997777777777778,20231023-20240520,373.9207147381477,1,fair,NA
AIMS,2023-12-02T22:45:00Z,02S06,STIC,SP,21064680,66133.4656002048,4.102222222222222,20231023-20240520,373.9207147381477,1,fair,NA
AIMS,2023-12-02T23:00:00Z,02S06,STIC,SP,21064680,66133.4656002048,4.102222222222222,20231023-20240520,373.9207147381477,1,fair,NA
AIMS,2023-12-02T23:15:00Z,02S06,STIC,SP,21064680,66133.4656002048,3.997777777777778,20231023-20240520,373.9207147381477,1,fair,NA
AIMS,2023-12-02T23:30:00Z,02S06,STIC,SP,21064680,66133.4656002048,4.102222222222222,20231023-20240520,373.9207147381477,1,fair,NA
AIMS,2023-12-02T23:45:00Z,02S06,STIC,SP,21064680,66133.4656002048,4.102222222222222,20231023-20240520,373.9207147381477,1,fair,NA
AIMS,2023-12-03T00:00:00Z,02S06,STIC,SP,21064680,66133.4656002048,4.102222222222222,20231023-20240520,373.9207147381477,1,fair,NA
AIMS,2023-12-03T00:15:00Z,02S06,STIC,SP,21064680,66133.4656002048,4.102222222222222,20231023-20240520,373.9207147381477,1,fair,NA
AIMS,2023-12-03T00:30:00Z,02S06,STIC,SP,21064680,66133.4656002048,4.102222222222222,20231023-20240520,373.9207147381477,1,fair,NA
AIMS,2023-12-03T00:45:00Z,02S06,STIC,SP,21064680,66133.4656002048,3.997777777777778,20231023-20240520,373.9207147381477,1,fair,NA
AIMS,2023-12-03T01:00:00Z,02S06,STIC,SP,21064680,66133.4656002048,3.997777777777778,20231023-20240520,373.9207147381477,1,fair,NA
AIMS,2023-12-03T01:15:00Z,02S06,STIC,SP,21064680,66133.4656002048,3.997777777777778,20231023-20240520,373.9207147381477,1,fair,NA
AIMS,2023-12-03T01:30:00Z,02S06,STIC,SP,21064680,66133.4656002048,3.997777777777778,20231023-20240520,373.9207147381477,1,fair,NA
AIMS,2023-12-03T01:45:00Z,02S06,STIC,SP,21064680,66133.4656002048,3.8927777777777774,20231023-20240520,373.9207147381477,1,fair,NA
AIMS,2023-12-03T02:00:00Z,02S06,STIC,SP,21064680,66133.4656002048,3.7877777777777784,20231023-20240520,373.9207147381477,1,fair,NA
AIMS,2023-12-03T02:15:00Z,02S06,STIC,SP,21064680,66133.4656002048,3.7877777777777784,20231023-20240520,373.9207147381477,1,fair,NA
AIMS,2023-12-03T02:30:00Z,02S06,STIC,SP,21064680,66133.4656002048,3.5777777777777775,20231023-20240520,373.9207147381477,1,fair,NA
AIMS,2023-12-03T02:45:00Z,02S06,STIC,SP,21064680,66133.4656002048,3.5777777777777775,20231023-20240520,373.9207147381477,1,fair,NA
AIMS,2023-12-03T03:00:00Z,02S06,STIC,SP,21064680,66133.4656002048,3.5777777777777775,20231023-20240520,373.9207147381477,1,fair,NA
AIMS,2023-12-03T03:15:00Z,02S06,STIC,SP,21064680,66133.4656002048,3.4722222222222223,20231023-20240520,373.9207147381477,1,fair,NA
AIMS,2023-12-03T03:30:00Z,02S06,STIC,SP,21064680,66133.4656002048,3.4722222222222223,20231023-20240520,373.9207147381477,1,fair,NA
AIMS,2023-12-03T03:45:00Z,02S06,STIC,SP,21064680,66133.4656002048,3.4722222222222223,20231023-20240520,373.9207147381477,1,fair,NA
AIMS,2023-12-03T04:00:00Z,02S06,STIC,SP,21064680,66133.4656002048,3.367222222222223,20231023-20240520,373.9207147381477,1,fair,NA
AIMS,2023-12-03T04:15:00Z,02S06,STIC,SP,21064680,66133.4656002048,3.4722222222222223,20231023-20240520,373.9207147381477,1,fair,NA
AIMS,2023-12-03T04:30:00Z,02S06,STIC,SP,21064680,66133.4656002048,3.5777777777777775,20231023-20240520,373.9207147381477,1,fair,NA
AIMS,2023-12-03T04:45:00Z,02S06,STIC,SP,21064680,66133.4656002048,3.4722222222222223,20231023-20240520,373.9207147381477,1,fair,NA
AIMS,2023-12-03T05:00:00Z,02S06,STIC,SP,21064680,66133.4656002048,3.4722222222222223,20231023-20240520,373.9207147381477,1,fair,NA
AIMS,2023-12-03T05:15:00Z,02S06,STIC,SP,21064680,66133.4656002048,3.4722222222222223,20231023-20240520,373.9207147381477,1,fair,NA
AIMS,2023-12-03T05:30:00Z,02S06,STIC,SP,21064680,66133.4656002048,3.367222222222223,20231023-20240520,373.9207147381477,1,fair,NA
AIMS,2023-12-03T05:45:00Z,02S06,STIC,SP,21064680,66133.4656002048,3.1550000000000007,20231023-20240520,373.9207147381477,1,fair,NA
AIMS,2023-12-03T06:00:00Z,02S06,STIC,SP,21064680,66133.4656002048,3.1550000000000007,20231023-20240520,373.9207147381477,1,fair,NA
AIMS,2023-12-03T06:15:00Z,02S06,STIC,SP,21064680,66133.4656002048,3.048888888888888,20231023-20240520,373.9207147381477,1,fair,NA
AIMS,2023-12-03T06:30:00Z,02S06,STIC,SP,21064680,66133.4656002048,3.1550000000000007,20231023-20240520,373.9207147381477,1,fair,NA
AIMS,2023-12-03T06:45:00Z,02S06,STIC,SP,21064680,66133.4656002048,3.1550000000000007,20231023-20240520,373.9207147381477,1,fair,NA
AIMS,2023-12-03T07:00:00Z,02S06,STIC,SP,21064680,66133.4656002048,3.048888888888888,20231023-20240520,373.9207147381477,1,fair,NA
AIMS,2023-12-03T07:15:00Z,02S06,STIC,SP,21064680,66133.4656002048,3.048888888888888,20231023-20240520,373.9207147381477,1,fair,NA
AIMS,2023-12-03T07:30:00Z,02S06,STIC,SP,21064680,66133.4656002048,3.1550000000000007,20231023-20240520,373.9207147381477,1,fair,NA
AIMS,2023-12-03T07:45:00Z,02S06,STIC,SP,21064680,66133.4656002048,3.048888888888888,20231023-20240520,373.9207147381477,1,fair,NA
AIMS,2023-12-03T08:00:00Z,02S06,STIC,SP,21064680,66133.4656002048,2.6238888888888883,20231023-20240520,373.9207147381477,1,fair,NA
AIMS,2023-12-03T08:15:00Z,02S06,STIC,SP,21064680,66133.4656002048,2.30277777777778,20231023-20240520,373.9207147381477,1,fair,NA
AIMS,2023-12-03T08:30:00Z,02S06,STIC,SP,21064680,66133.4656002048,2.30277777777778,20231023-20240520,373.9207147381477,1,fair,NA
AIMS,2023-12-03T08:45:00Z,02S06,STIC,SP,21064680,66133.4656002048,2.30277777777778,20231023-20240520,373.9207147381477,1,fair,NA
AIMS,2023-12-03T09:00:00Z,02S06,STIC,SP,21064680,66133.4656002048,2.1950000000000003,20231023-20240520,373.9207147381477,1,fair,NA
AIMS,2023-12-03T09:15:00Z,02S06,STIC,SP,21064680,66133.4656002048,2.1950000000000003,20231023-20240520,373.9207147381477,1,fair,NA
AIMS,2023-12-03T09:30:00Z,02S06,STIC,SP,21064680,66133.4656002048,2.1950000000000003,20231023-20240520,373.9207147381477,1,fair,NA
AIMS,2023-12-03T09:45:00Z,02S06,STIC,SP,21064680,66133.4656002048,2.08777777777778,20231023-20240520,373.9207147381477,1,fair,NA
AIMS,2023-12-03T10:00:00Z,02S06,STIC,SP,21064680,66133.4656002048,1.98,20231023-20240520,373.9207147381477,1,fair,NA
AIMS,2023-12-03T10:15:00Z,02S06,STIC,SP,21064680,66133.4656002048,1.98,20231023-20240520,373.9207147381477,1,fair,NA
AIMS,2023-12-03T10:30:00Z,02S06,STIC,SP,21064680,66133.4656002048,1.8722222222222211,20231023-20240520,373.9207147381477,1,fair,NA
AIMS,2023-12-03T10:45:00Z,02S06,STIC,SP,21064680,63377.9045335296,1.7638888888888873,20231023-20240520,352.364408551272,1,fair,NA
AIMS,2023-12-03T11:00:00Z,02S06,STIC,SP,21064680,63377.9045335296,1.6561111111111122,20231023-20240520,352.364408551272,1,fair,NA
AIMS,2023-12-03T11:15:00Z,02S06,STIC,SP,21064680,63377.9045335296,1.5477777777777786,20231023-20240520,352.364408551272,1,fair,NA
AIMS,2023-12-03T11:30:00Z,02S06,STIC,SP,21064680,63377.9045335296,1.4388888888888909,20231023-20240520,352.364408551272,1,fair,NA
AIMS,2023-12-03T11:45:00Z,02S06,STIC,SP,21064680,63377.9045335296,1.329999999999999,20231023-20240520,352.364408551272,1,fair,NA
AIMS,2023-12-03T12:00:00Z,02S06,STIC,SP,21064680,63377.9045335296,1.2211111111111113,20231023-20240520,352.364408551272,1,fair,NA
AIMS,2023-12-03T12:15:00Z,02S06,STIC,SP,21064680,63377.9045335296,1.2211111111111113,20231023-20240520,352.364408551272,1,fair,NA
AIMS,2023-12-03T12:30:00Z,02S06,STIC,SP,21064680,63377.9045335296,1.1122222222222238,20231023-20240520,352.364408551272,1,fair,NA
AIMS,2023-12-03T12:45:00Z,02S06,STIC,SP,21064680,63377.9045335296,1.1122222222222238,20231023-20240520,352.364408551272,1,fair,NA
AIMS,2023-12-03T13:00:00Z,02S06,STIC,SP,21064680,63377.9045335296,1.0027777777777775,20231023-20240520,352.364408551272,1,fair,NA
AIMS,2023-12-03T13:15:00Z,02S06,STIC,SP,21064680,63377.9045335296,1.0027777777777775,20231023-20240520,352.364408551272,1,fair,NA
AIMS,2023-12-03T13:30:00Z,02S06,STIC,SP,21064680,63377.9045335296,1.1122222222222238,20231023-20240520,352.364408551272,1,fair,NA
AIMS,2023-12-03T13:45:00Z,02S06,STIC,SP,21064680,63377.9045335296,1.329999999999999,20231023-20240520,352.364408551272,1,fair,NA
AIMS,2023-12-03T14:00:00Z,02S06,STIC,SP,21064680,63377.9045335296,1.4388888888888909,20231023-20240520,352.364408551272,1,fair,NA
AIMS,2023-12-03T14:15:00Z,02S06,STIC,SP,21064680,63377.9045335296,1.6561111111111122,20231023-20240520,352.364408551272,1,fair,NA
AIMS,2023-12-03T14:30:00Z,02S06,STIC,SP,21064680,63377.9045335296,1.8722222222222211,20231023-20240520,352.364408551272,1,fair,NA
AIMS,2023-12-03T14:45:00Z,02S06,STIC,SP,21064680,66133.4656002048,2.08777777777778,20231023-20240520,373.9207147381477,1,fair,NA
AIMS,2023-12-03T15:00:00Z,02S06,STIC,SP,21064680,66133.4656002048,2.30277777777778,20231023-20240520,373.9207147381477,1,fair,NA
AIMS,2023-12-03T15:15:00Z,02S06,STIC,SP,21064680,66133.4656002048,2.5172222222222222,20231023-20240520,373.9207147381477,1,fair,NA
AIMS,2023-12-03T15:30:00Z,02S06,STIC,SP,21064680,66133.4656002048,2.730000000000001,20231023-20240520,373.9207147381477,1,fair,NA
AIMS,2023-12-03T15:45:00Z,02S06,STIC,SP,21064680,66133.4656002048,3.367222222222223,20231023-20240520,373.9207147381477,1,fair,NA
AIMS,2023-12-03T16:00:00Z,02S06,STIC,SP,21064680,66133.4656002048,4.2072222222222235,20231023-20240520,373.9207147381477,1,fair,NA
AIMS,2023-12-03T16:15:00Z,02S06,STIC,SP,21064680,66133.4656002048,4.727222222222222,20231023-20240520,373.9207147381477,1,fair,NA
AIMS,2023-12-03T16:30:00Z,02S06,STIC,SP,21064680,66133.4656002048,5.86,20231023-20240520,373.9207147381477,1,fair,NA
AIMS,2023-12-03T16:45:00Z,02S06,STIC,SP,21064680,66133.4656002048,6.1661111111111095,20231023-20240520,373.9207147381477,1,fair,NA
AIMS,2023-12-03T17:00:00Z,02S06,STIC,SP,21064680,68889.02666688002,6.977777777777779,20231023-20240520,395.4770209250236,1,fair,NA
AIMS,2023-12-03T17:15:00Z,02S06,STIC,SP,21064680,68889.02666688002,6.977777777777779,20231023-20240520,395.4770209250236,1,fair,NA
AIMS,2023-12-03T17:30:00Z,02S06,STIC,SP,21064680,68889.02666688002,7.1788888888888875,20231023-20240520,395.4770209250236,1,fair,NA
AIMS,2023-12-03T17:45:00Z,02S06,STIC,SP,21064680,68889.02666688002,8.382222222222223,20231023-20240520,395.4770209250236,1,fair,NA
AIMS,2023-12-03T18:00:00Z,02S06,STIC,SP,21064680,71644.5877335552,8.87888888888889,20231023-20240520,417.0333271118992,1,fair,NA
AIMS,2023-12-03T18:15:00Z,02S06,STIC,SP,21064680,71644.5877335552,8.778888888888888,20231023-20240520,417.0333271118992,1,fair,NA
AIMS,2023-12-03T18:30:00Z,02S06,STIC,SP,21064680,71644.5877335552,9.077222222222222,20231023-20240520,417.0333271118992,1,fair,NA
AIMS,2023-12-03T18:45:00Z,02S06,STIC,SP,21064680,71644.5877335552,8.778888888888888,20231023-20240520,417.0333271118992,1,fair,NA
AIMS,2023-12-03T19:00:00Z,02S06,STIC,SP,21064680,71644.5877335552,8.282222222222224,20231023-20240520,417.0333271118992,1,fair,NA
AIMS,2023-12-03T19:15:00Z,02S06,STIC,SP,21064680,71644.5877335552,7.882222222222223,20231023-20240520,417.0333271118992,1,fair,NA
AIMS,2023-12-03T19:30:00Z,02S06,STIC,SP,21064680,68889.02666688002,7.682222222222225,20231023-20240520,395.4770209250236,1,fair,NA
AIMS,2023-12-03T19:45:00Z,02S06,STIC,SP,21064680,68889.02666688002,7.682222222222225,20231023-20240520,395.4770209250236,1,fair,NA
AIMS,2023-12-03T20:00:00Z,02S06,STIC,SP,21064680,68889.02666688002,7.4811111111111135,20231023-20240520,395.4770209250236,1,fair,NA
AIMS,2023-12-03T20:15:00Z,02S06,STIC,SP,21064680,68889.02666688002,7.078888888888887,20231023-20240520,395.4770209250236,1,fair,NA
AIMS,2023-12-03T20:30:00Z,02S06,STIC,SP,21064680,68889.02666688002,7.078888888888887,20231023-20240520,395.4770209250236,1,fair,NA
AIMS,2023-12-03T20:45:00Z,02S06,STIC,SP,21064680,68889.02666688002,7.1788888888888875,20231023-20240520,395.4770209250236,1,fair,NA
AIMS,2023-12-03T21:00:00Z,02S06,STIC,SP,21064680,68889.02666688002,7.078888888888887,20231023-20240520,395.4770209250236,1,fair,NA
AIMS,2023-12-03T21:15:00Z,02S06,STIC,SP,21064680,68889.02666688002,6.775,20231023-20240520,395.4770209250236,1,fair,NA
AIMS,2023-12-03T21:30:00Z,02S06,STIC,SP,21064680,68889.02666688002,6.775,20231023-20240520,395.4770209250236,1,fair,NA
AIMS,2023-12-03T21:45:00Z,02S06,STIC,SP,21064680,68889.02666688002,6.877222222222222,20231023-20240520,395.4770209250236,1,fair,NA
AIMS,2023-12-03T22:00:00Z,02S06,STIC,SP,21064680,68889.02666688002,6.673888888888888,20231023-20240520,395.4770209250236,1,fair,NA
AIMS,2023-12-03T22:15:00Z,02S06,STIC,SP,21064680,68889.02666688002,6.370000000000001,20231023-20240520,395.4770209250236,1,fair,NA
AIMS,2023-12-03T22:30:00Z,02S06,STIC,SP,21064680,68889.02666688002,6.1661111111111095,20231023-20240520,395.4770209250236,1,fair,NA
AIMS,2023-12-03T22:45:00Z,02S06,STIC,SP,21064680,68889.02666688002,6.063888888888887,20231023-20240520,395.4770209250236,1,fair,NA
AIMS,2023-12-03T23:00:00Z,02S06,STIC,SP,21064680,68889.02666688002,5.9622222222222225,20231023-20240520,395.4770209250236,1,fair,NA
AIMS,2023-12-03T23:15:00Z,02S06,STIC,SP,21064680,68889.02666688002,5.86,20231023-20240520,395.4770209250236,1,fair,NA
AIMS,2023-12-03T23:30:00Z,02S06,STIC,SP,21064680,68889.02666688002,5.655,20231023-20240520,395.4770209250236,1,fair,NA
AIMS,2023-12-03T23:45:00Z,02S06,STIC,SP,21064680,68889.02666688002,5.655,20231023-20240520,395.4770209250236,1,fair,NA
AIMS,2023-12-04T00:00:00Z,02S06,STIC,SP,21064680,68889.02666688002,5.450000000000001,20231023-20240520,395.4770209250236,1,fair,NA
AIMS,2023-12-04T00:15:00Z,02S06,STIC,SP,21064680,68889.02666688002,5.552222222222222,20231023-20240520,395.4770209250236,1,fair,NA
AIMS,2023-12-04T00:30:00Z,02S06,STIC,SP,21064680,68889.02666688002,5.655,20231023-20240520,395.4770209250236,1,fair,NA
AIMS,2023-12-04T00:45:00Z,02S06,STIC,SP,21064680,68889.02666688002,5.450000000000001,20231023-20240520,395.4770209250236,1,fair,NA
AIMS,2023-12-04T01:00:00Z,02S06,STIC,SP,21064680,68889.02666688002,5.347222222222222,20231023-20240520,395.4770209250236,1,fair,NA
AIMS,2023-12-04T01:15:00Z,02S06,STIC,SP,21064680,68889.02666688002,5.243888888888889,20231023-20240520,395.4770209250236,1,fair,NA
AIMS,2023-12-04T01:30:00Z,02S06,STIC,SP,21064680,68889.02666688002,5.14111111111111,20231023-20240520,395.4770209250236,1,fair,NA
AIMS,2023-12-04T01:45:00Z,02S06,STIC,SP,21064680,66133.4656002048,4.727222222222222,20231023-20240520,373.9207147381477,1,fair,NA
AIMS,2023-12-04T02:00:00Z,02S06,STIC,SP,21064680,66133.4656002048,4.31111111111111,20231023-20240520,373.9207147381477,1,fair,NA
AIMS,2023-12-04T02:15:00Z,02S06,STIC,SP,21064680,66133.4656002048,4.2072222222222235,20231023-20240520,373.9207147381477,1,fair,NA
AIMS,2023-12-04T02:30:00Z,02S06,STIC,SP,21064680,66133.4656002048,4.102222222222222,20231023-20240520,373.9207147381477,1,fair,NA
AIMS,2023-12-04T02:45:00Z,02S06,STIC,SP,21064680,66133.4656002048,4.31111111111111,20231023-20240520,373.9207147381477,1,fair,NA
AIMS,2023-12-04T03:00:00Z,02S06,STIC,SP,21064680,66133.4656002048,4.415000000000002,20231023-20240520,373.9207147381477,1,fair,NA
AIMS,2023-12-04T03:15:00Z,02S06,STIC,SP,21064680,66133.4656002048,4.415000000000002,20231023-20240520,373.9207147381477,1,fair,NA
AIMS,2023-12-04T03:30:00Z,02S06,STIC,SP,21064680,66133.4656002048,4.31111111111111,20231023-20240520,373.9207147381477,1,fair,NA
AIMS,2023-12-04T03:45:00Z,02S06,STIC,SP,21064680,66133.4656002048,4.31111111111111,20231023-20240520,373.9207147381477,1,fair,NA
AIMS,2023-12-04T04:00:00Z,02S06,STIC,SP,21064680,66133.4656002048,4.415000000000002,20231023-20240520,373.9207147381477,1,fair,NA
AIMS,2023-12-04T04:15:00Z,02S06,STIC,SP,21064680,66133.4656002048,4.415000000000002,20231023-20240520,373.9207147381477,1,fair,NA
AIMS,2023-12-04T04:30:00Z,02S06,STIC,SP,21064680,66133.4656002048,4.415000000000002,20231023-20240520,373.9207147381477,1,fair,NA
AIMS,2023-12-04T04:45:00Z,02S06,STIC,SP,21064680,66133.4656002048,4.415000000000002,20231023-20240520,373.9207147381477,1,fair,NA
AIMS,2023-12-04T05:00:00Z,02S06,STIC,SP,21064680,66133.4656002048,4.31111111111111,20231023-20240520,373.9207147381477,1,fair,NA
AIMS,2023-12-04T05:15:00Z,02S06,STIC,SP,21064680,66133.4656002048,4.2072222222222235,20231023-20240520,373.9207147381477,1,fair,NA
AIMS,2023-12-04T05:30:00Z,02S06,STIC,SP,21064680,66133.4656002048,4.2072222222222235,20231023-20240520,373.9207147381477,1,fair,NA
AIMS,2023-12-04T05:45:00Z,02S06,STIC,SP,21064680,66133.4656002048,4.102222222222222,20231023-20240520,373.9207147381477,1,fair,NA
AIMS,2023-12-04T06:00:00Z,02S06,STIC,SP,21064680,66133.4656002048,3.7877777777777784,20231023-20240520,373.9207147381477,1,fair,NA
AIMS,2023-12-04T06:15:00Z,02S06,STIC,SP,21064680,66133.4656002048,3.367222222222223,20231023-20240520,373.9207147381477,1,fair,NA
AIMS,2023-12-04T06:30:00Z,02S06,STIC,SP,21064680,66133.4656002048,3.048888888888888,20231023-20240520,373.9207147381477,1,fair,NA
AIMS,2023-12-04T06:45:00Z,02S06,STIC,SP,21064680,66133.4656002048,2.942777777777777,20231023-20240520,373.9207147381477,1,fair,NA
AIMS,2023-12-04T07:00:00Z,02S06,STIC,SP,21064680,66133.4656002048,2.730000000000001,20231023-20240520,373.9207147381477,1,fair,NA
AIMS,2023-12-04T07:15:00Z,02S06,STIC,SP,21064680,66133.4656002048,2.6238888888888883,20231023-20240520,373.9207147381477,1,fair,NA
AIMS,2023-12-04T07:30:00Z,02S06,STIC,SP,21064680,66133.4656002048,2.6238888888888883,20231023-20240520,373.9207147381477,1,fair,NA
AIMS,2023-12-04T07:45:00Z,02S06,STIC,SP,21064680,66133.4656002048,2.5172222222222222,20231023-20240520,373.9207147381477,1,fair,NA
AIMS,2023-12-04T08:00:00Z,02S06,STIC,SP,21064680,66133.4656002048,2.5172222222222222,20231023-20240520,373.9207147381477,1,fair,NA
AIMS,2023-12-04T08:15:00Z,02S06,STIC,SP,21064680,66133.4656002048,2.30277777777778,20231023-20240520,373.9207147381477,1,fair,NA
AIMS,2023-12-04T08:30:00Z,02S06,STIC,SP,21064680,66133.4656002048,2.30277777777778,20231023-20240520,373.9207147381477,1,fair,NA
AIMS,2023-12-04T08:45:00Z,02S06,STIC,SP,21064680,66133.4656002048,2.41,20231023-20240520,373.9207147381477,1,fair,NA
AIMS,2023-12-04T09:00:00Z,02S06,STIC,SP,21064680,66133.4656002048,2.30277777777778,20231023-20240520,373.9207147381477,1,fair,NA
AIMS,2023-12-04T09:15:00Z,02S06,STIC,SP,21064680,66133.4656002048,2.1950000000000003,20231023-20240520,373.9207147381477,1,fair,NA
AIMS,2023-12-04T09:30:00Z,02S06,STIC,SP,21064680,66133.4656002048,2.08777777777778,20231023-20240520,373.9207147381477,1,fair,NA
AIMS,2023-12-04T09:45:00Z,02S06,STIC,SP,21064680,66133.4656002048,1.98,20231023-20240520,373.9207147381477,1,fair,NA
AIMS,2023-12-04T10:00:00Z,02S06,STIC,SP,21064680,63377.9045335296,1.5477777777777786,20231023-20240520,352.364408551272,1,fair,NA
AIMS,2023-12-04T10:15:00Z,02S06,STIC,SP,21064680,63377.9045335296,1.329999999999999,20231023-20240520,352.364408551272,1,fair,NA
AIMS,2023-12-04T10:30:00Z,02S06,STIC,SP,21064680,63377.9045335296,1.329999999999999,20231023-20240520,352.364408551272,1,fair,NA
AIMS,2023-12-04T10:45:00Z,02S06,STIC,SP,21064680,63377.9045335296,1.2211111111111113,20231023-20240520,352.364408551272,1,fair,NA
AIMS,2023-12-04T11:00:00Z,02S06,STIC,SP,21064680,63377.9045335296,1.2211111111111113,20231023-20240520,352.364408551272,1,fair,NA
AIMS,2023-12-04T11:15:00Z,02S06,STIC,SP,21064680,63377.9045335296,1.2211111111111113,20231023-20240520,352.364408551272,1,fair,NA
AIMS,2023-12-04T11:30:00Z,02S06,STIC,SP,21064680,63377.9045335296,1.1122222222222238,20231023-20240520,352.364408551272,1,fair,NA
AIMS,2023-12-04T11:45:00Z,02S06,STIC,SP,21064680,63377.9045335296,1.0027777777777775,20231023-20240520,352.364408551272,1,fair,NA
AIMS,2023-12-04T12:00:00Z,02S06,STIC,SP,21064680,63377.9045335296,1.0027777777777775,20231023-20240520,352.364408551272,1,fair,NA
AIMS,2023-12-04T12:15:00Z,02S06,STIC,SP,21064680,63377.9045335296,1.0027777777777775,20231023-20240520,352.364408551272,1,fair,NA
AIMS,2023-12-04T12:30:00Z,02S06,STIC,SP,21064680,63377.9045335296,0.8927777777777774,20231023-20240520,352.364408551272,1,fair,NA
AIMS,2023-12-04T12:45:00Z,02S06,STIC,SP,21064680,63377.9045335296,0.8927777777777774,20231023-20240520,352.364408551272,1,fair,NA
AIMS,2023-12-04T13:00:00Z,02S06,STIC,SP,21064680,63377.9045335296,0.7838888888888895,20231023-20240520,352.364408551272,1,fair,NA
AIMS,2023-12-04T13:15:00Z,02S06,STIC,SP,21064680,63377.9045335296,0.6738888888888894,20231023-20240520,352.364408551272,1,fair,NA
AIMS,2023-12-04T13:30:00Z,02S06,STIC,SP,21064680,63377.9045335296,0.5627777777777767,20231023-20240520,352.364408551272,1,fair,NA
AIMS,2023-12-04T13:45:00Z,02S06,STIC,SP,21064680,63377.9045335296,0.5627777777777767,20231023-20240520,352.364408551272,1,fair,NA
AIMS,2023-12-04T14:00:00Z,02S06,STIC,SP,21064680,63377.9045335296,0.5627777777777767,20231023-20240520,352.364408551272,1,fair,NA
AIMS,2023-12-04T14:15:00Z,02S06,STIC,SP,21064680,63377.9045335296,0.6738888888888894,20231023-20240520,352.364408551272,1,fair,NA
AIMS,2023-12-04T14:30:00Z,02S06,STIC,SP,21064680,63377.9045335296,0.7838888888888895,20231023-20240520,352.364408551272,1,fair,NA
AIMS,2023-12-04T14:45:00Z,02S06,STIC,SP,21064680,63377.9045335296,1.0027777777777775,20231023-20240520,352.364408551272,1,fair,NA
AIMS,2023-12-04T15:00:00Z,02S06,STIC,SP,21064680,63377.9045335296,1.329999999999999,20231023-20240520,352.364408551272,1,fair,NA
AIMS,2023-12-04T15:15:00Z,02S06,STIC,SP,21064680,63377.9045335296,1.5477777777777786,20231023-20240520,352.364408551272,1,fair,NA
AIMS,2023-12-04T15:30:00Z,02S06,STIC,SP,21064680,63377.9045335296,1.7638888888888873,20231023-20240520,352.364408551272,1,fair,NA
AIMS,2023-12-04T15:45:00Z,02S06,STIC,SP,21064680,63377.9045335296,1.98,20231023-20240520,352.364408551272,1,fair,NA
AIMS,2023-12-04T16:00:00Z,02S06,STIC,SP,21064680,63377.9045335296,2.1950000000000003,20231023-20240520,352.364408551272,1,fair,NA
AIMS,2023-12-04T16:15:00Z,02S06,STIC,SP,21064680,63377.9045335296,2.942777777777777,20231023-20240520,352.364408551272,1,fair,NA
AIMS,2023-12-04T16:30:00Z,02S06,STIC,SP,21064680,66133.4656002048,4.622777777777776,20231023-20240520,373.9207147381477,1,fair,NA
AIMS,2023-12-04T16:45:00Z,02S06,STIC,SP,21064680,66133.4656002048,5.243888888888889,20231023-20240520,373.9207147381477,1,fair,NA
AIMS,2023-12-04T17:00:00Z,02S06,STIC,SP,21064680,66133.4656002048,6.775,20231023-20240520,373.9207147381477,1,fair,NA
AIMS,2023-12-04T17:15:00Z,02S06,STIC,SP,21064680,68889.02666688002,7.982777777777778,20231023-20240520,395.4770209250236,1,fair,NA
AIMS,2023-12-04T17:30:00Z,02S06,STIC,SP,21064680,68889.02666688002,8.282222222222224,20231023-20240520,395.4770209250236,1,fair,NA
AIMS,2023-12-04T17:45:00Z,02S06,STIC,SP,21064680,68889.02666688002,8.282222222222224,20231023-20240520,395.4770209250236,1,fair,NA
AIMS,2023-12-04T18:00:00Z,02S06,STIC,SP,21064680,71644.5877335552,10.357222222222227,20231023-20240520,417.0333271118992,1,fair,NA
AIMS,2023-12-04T18:15:00Z,02S06,STIC,SP,21064680,71644.5877335552,12.40111111111111,20231023-20240520,417.0333271118992,1,fair,NA
AIMS,2023-12-04T18:30:00Z,02S06,STIC,SP,21064680,66133.4656002048,13.65388888888889,20231023-20240520,373.9207147381477,1,fair,NA
AIMS,2023-12-04T18:45:00Z,02S06,STIC,SP,21064680,74400.1488002304,13.84611111111111,20231023-20240520,438.5896332987749,1,fair,NA
AIMS,2023-12-04T19:00:00Z,02S06,STIC,SP,21064680,74400.1488002304,14.037777777777777,20231023-20240520,438.5896332987749,1,fair,NA
AIMS,2023-12-04T19:15:00Z,02S06,STIC,SP,21064680,74400.1488002304,13.268888888888888,20231023-20240520,438.5896332987749,1,fair,NA
AIMS,2023-12-04T19:30:00Z,02S06,STIC,SP,21064680,74400.1488002304,12.59388888888889,20231023-20240520,438.5896332987749,1,fair,NA
AIMS,2023-12-04T19:45:00Z,02S06,STIC,SP,21064680,71644.5877335552,11.431111111111111,20231023-20240520,417.0333271118992,1,fair,NA
AIMS,2023-12-04T20:00:00Z,02S06,STIC,SP,21064680,71644.5877335552,10.84611111111111,20231023-20240520,417.0333271118992,1,fair,NA
AIMS,2023-12-04T20:15:00Z,02S06,STIC,SP,21064680,71644.5877335552,9.767777777777773,20231023-20240520,417.0333271118992,1,fair,NA
AIMS,2023-12-04T20:30:00Z,02S06,STIC,SP,21064680,71644.5877335552,9.17611111111111,20231023-20240520,417.0333271118992,1,fair,NA
AIMS,2023-12-04T20:45:00Z,02S06,STIC,SP,21064680,71644.5877335552,10.062777777777775,20231023-20240520,417.0333271118992,1,fair,NA
AIMS,2023-12-04T21:00:00Z,02S06,STIC,SP,21064680,71644.5877335552,10.943888888888887,20231023-20240520,417.0333271118992,1,fair,NA
AIMS,2023-12-04T21:15:00Z,02S06,STIC,SP,21064680,71644.5877335552,10.062777777777775,20231023-20240520,417.0333271118992,1,fair,NA
AIMS,2023-12-04T21:30:00Z,02S06,STIC,SP,21064680,71644.5877335552,9.866111111111111,20231023-20240520,417.0333271118992,1,fair,NA
AIMS,2023-12-04T21:45:00Z,02S06,STIC,SP,21064680,71644.5877335552,9.66888888888889,20231023-20240520,417.0333271118992,1,fair,NA
AIMS,2023-12-04T22:00:00Z,02S06,STIC,SP,21064680,71644.5877335552,9.57111111111111,20231023-20240520,417.0333271118992,1,fair,NA
AIMS,2023-12-04T22:15:00Z,02S06,STIC,SP,21064680,71644.5877335552,8.87888888888889,20231023-20240520,417.0333271118992,1,fair,NA
AIMS,2023-12-04T22:30:00Z,02S06,STIC,SP,21064680,71644.5877335552,8.68,20231023-20240520,417.0333271118992,1,fair,NA
AIMS,2023-12-04T22:45:00Z,02S06,STIC,SP,21064680,68889.02666688002,8.481111111111108,20231023-20240520,395.4770209250236,1,fair,NA
AIMS,2023-12-04T23:00:00Z,02S06,STIC,SP,21064680,68889.02666688002,8.182222222222224,20231023-20240520,395.4770209250236,1,fair,NA
AIMS,2023-12-04T23:15:00Z,02S06,STIC,SP,21064680,68889.02666688002,7.882222222222223,20231023-20240520,395.4770209250236,1,fair,NA
AIMS,2023-12-04T23:30:00Z,02S06,STIC,SP,21064680,68889.02666688002,7.682222222222225,20231023-20240520,395.4770209250236,1,fair,NA
AIMS,2023-12-04T23:45:00Z,02S06,STIC,SP,21064680,68889.02666688002,7.279999999999999,20231023-20240520,395.4770209250236,1,fair,NA
AIMS,2023-12-05T00:00:00Z,02S06,STIC,SP,21064680,68889.02666688002,7.078888888888887,20231023-20240520,395.4770209250236,1,fair,NA
AIMS,2023-12-05T00:15:00Z,02S06,STIC,SP,21064680,68889.02666688002,7.078888888888887,20231023-20240520,395.4770209250236,1,fair,NA
AIMS,2023-12-05T00:30:00Z,02S06,STIC,SP,21064680,68889.02666688002,7.078888888888887,20231023-20240520,395.4770209250236,1,fair,NA
AIMS,2023-12-05T00:45:00Z,02S06,STIC,SP,21064680,68889.02666688002,7.078888888888887,20231023-20240520,395.4770209250236,1,fair,NA
AIMS,2023-12-05T01:00:00Z,02S06,STIC,SP,21064680,68889.02666688002,6.977777777777779,20231023-20240520,395.4770209250236,1,fair,NA
AIMS,2023-12-05T01:15:00Z,02S06,STIC,SP,21064680,68889.02666688002,6.877222222222222,20231023-20240520,395.4770209250236,1,fair,NA
AIMS,2023-12-05T01:30:00Z,02S06,STIC,SP,21064680,68889.02666688002,6.977777777777779,20231023-20240520,395.4770209250236,1,fair,NA
AIMS,2023-12-05T01:45:00Z,02S06,STIC,SP,21064680,68889.02666688002,7.1788888888888875,20231023-20240520,395.4770209250236,1,fair,NA
AIMS,2023-12-05T02:00:00Z,02S06,STIC,SP,21064680,68889.02666688002,7.1788888888888875,20231023-20240520,395.4770209250236,1,fair,NA
AIMS,2023-12-05T02:15:00Z,02S06,STIC,SP,21064680,68889.02666688002,7.279999999999999,20231023-20240520,395.4770209250236,1,fair,NA
AIMS,2023-12-05T02:30:00Z,02S06,STIC,SP,21064680,68889.02666688002,7.279999999999999,20231023-20240520,395.4770209250236,1,fair,NA
AIMS,2023-12-05T02:45:00Z,02S06,STIC,SP,21064680,68889.02666688002,7.078888888888887,20231023-20240520,395.4770209250236,1,fair,NA
AIMS,2023-12-05T03:00:00Z,02S06,STIC,SP,21064680,68889.02666688002,6.877222222222222,20231023-20240520,395.4770209250236,1,fair,NA
AIMS,2023-12-05T03:15:00Z,02S06,STIC,SP,21064680,68889.02666688002,6.471111111111114,20231023-20240520,395.4770209250236,1,fair,NA
AIMS,2023-12-05T03:30:00Z,02S06,STIC,SP,21064680,68889.02666688002,6.063888888888887,20231023-20240520,395.4770209250236,1,fair,NA
AIMS,2023-12-05T03:45:00Z,02S06,STIC,SP,21064680,68889.02666688002,5.86,20231023-20240520,395.4770209250236,1,fair,NA
AIMS,2023-12-05T04:00:00Z,02S06,STIC,SP,21064680,68889.02666688002,5.552222222222222,20231023-20240520,395.4770209250236,1,fair,NA
AIMS,2023-12-05T04:15:00Z,02S06,STIC,SP,21064680,68889.02666688002,5.243888888888889,20231023-20240520,395.4770209250236,1,fair,NA
AIMS,2023-12-05T04:30:00Z,02S06,STIC,SP,21064680,68889.02666688002,4.933888888888889,20231023-20240520,395.4770209250236,1,fair,NA
AIMS,2023-12-05T04:45:00Z,02S06,STIC,SP,21064680,68889.02666688002,4.727222222222222,20231023-20240520,395.4770209250236,1,fair,NA
AIMS,2023-12-05T05:00:00Z,02S06,STIC,SP,21064680,68889.02666688002,4.727222222222222,20231023-20240520,395.4770209250236,1,fair,NA
AIMS,2023-12-05T05:15:00Z,02S06,STIC,SP,21064680,66133.4656002048,4.622777777777776,20231023-20240520,373.9207147381477,1,fair,NA
AIMS,2023-12-05T05:30:00Z,02S06,STIC,SP,21064680,66133.4656002048,4.518888888888888,20231023-20240520,373.9207147381477,1,fair,NA
AIMS,2023-12-05T05:45:00Z,02S06,STIC,SP,21064680,66133.4656002048,4.2072222222222235,20231023-20240520,373.9207147381477,1,fair,NA
AIMS,2023-12-05T06:00:00Z,02S06,STIC,SP,21064680,66133.4656002048,4.102222222222222,20231023-20240520,373.9207147381477,1,fair,NA
AIMS,2023-12-05T06:15:00Z,02S06,STIC,SP,21064680,66133.4656002048,4.31111111111111,20231023-20240520,373.9207147381477,1,fair,NA
AIMS,2023-12-05T06:30:00Z,02S06,STIC,SP,21064680,66133.4656002048,4.518888888888888,20231023-20240520,373.9207147381477,1,fair,NA
AIMS,2023-12-05T06:45:00Z,02S06,STIC,SP,21064680,66133.4656002048,4.518888888888888,20231023-20240520,373.9207147381477,1,fair,NA
AIMS,2023-12-05T07:00:00Z,02S06,STIC,SP,21064680,66133.4656002048,4.622777777777776,20231023-20240520,373.9207147381477,1,fair,NA
AIMS,2023-12-05T07:15:00Z,02S06,STIC,SP,21064680,66133.4656002048,4.518888888888888,20231023-20240520,373.9207147381477,1,fair,NA
AIMS,2023-12-05T07:30:00Z,02S06,STIC,SP,21064680,66133.4656002048,4.31111111111111,20231023-20240520,373.9207147381477,1,fair,NA
AIMS,2023-12-05T07:45:00Z,02S06,STIC,SP,21064680,66133.4656002048,3.997777777777778,20231023-20240520,373.9207147381477,1,fair,NA
AIMS,2023-12-05T08:00:00Z,02S06,STIC,SP,21064680,66133.4656002048,3.8927777777777774,20231023-20240520,373.9207147381477,1,fair,NA
AIMS,2023-12-05T08:15:00Z,02S06,STIC,SP,21064680,66133.4656002048,3.7877777777777784,20231023-20240520,373.9207147381477,1,fair,NA
AIMS,2023-12-05T08:30:00Z,02S06,STIC,SP,21064680,66133.4656002048,3.6827777777777775,20231023-20240520,373.9207147381477,1,fair,NA
AIMS,2023-12-05T08:45:00Z,02S06,STIC,SP,21064680,66133.4656002048,3.5777777777777775,20231023-20240520,373.9207147381477,1,fair,NA
AIMS,2023-12-05T09:00:00Z,02S06,STIC,SP,21064680,66133.4656002048,3.367222222222223,20231023-20240520,373.9207147381477,1,fair,NA
AIMS,2023-12-05T09:15:00Z,02S06,STIC,SP,21064680,66133.4656002048,3.26111111111111,20231023-20240520,373.9207147381477,1,fair,NA
AIMS,2023-12-05T09:30:00Z,02S06,STIC,SP,21064680,66133.4656002048,3.1550000000000007,20231023-20240520,373.9207147381477,1,fair,NA
AIMS,2023-12-05T09:45:00Z,02S06,STIC,SP,21064680,66133.4656002048,3.1550000000000007,20231023-20240520,373.9207147381477,1,fair,NA
AIMS,2023-12-05T10:00:00Z,02S06,STIC,SP,21064680,66133.4656002048,3.26111111111111,20231023-20240520,373.9207147381477,1,fair,NA
AIMS,2023-12-05T10:15:00Z,02S06,STIC,SP,21064680,66133.4656002048,3.26111111111111,20231023-20240520,373.9207147381477,1,fair,NA
AIMS,2023-12-05T10:30:00Z,02S06,STIC,SP,21064680,66133.4656002048,3.1550000000000007,20231023-20240520,373.9207147381477,1,fair,NA
AIMS,2023-12-05T10:45:00Z,02S06,STIC,SP,21064680,66133.4656002048,2.942777777777777,20231023-20240520,373.9207147381477,1,fair,NA
AIMS,2023-12-05T11:00:00Z,02S06,STIC,SP,21064680,66133.4656002048,2.837222222222221,20231023-20240520,373.9207147381477,1,fair,NA
AIMS,2023-12-05T11:15:00Z,02S06,STIC,SP,21064680,66133.4656002048,2.837222222222221,20231023-20240520,373.9207147381477,1,fair,NA
AIMS,2023-12-05T11:30:00Z,02S06,STIC,SP,21064680,66133.4656002048,2.730000000000001,20231023-20240520,373.9207147381477,1,fair,NA
AIMS,2023-12-05T11:45:00Z,02S06,STIC,SP,21064680,66133.4656002048,2.730000000000001,20231023-20240520,373.9207147381477,1,fair,NA
AIMS,2023-12-05T12:00:00Z,02S06,STIC,SP,21064680,66133.4656002048,2.6238888888888883,20231023-20240520,373.9207147381477,1,fair,NA
AIMS,2023-12-05T12:15:00Z,02S06,STIC,SP,21064680,66133.4656002048,2.6238888888888883,20231023-20240520,373.9207147381477,1,fair,NA
AIMS,2023-12-05T12:30:00Z,02S06,STIC,SP,21064680,66133.4656002048,2.6238888888888883,20231023-20240520,373.9207147381477,1,fair,NA
AIMS,2023-12-05T12:45:00Z,02S06,STIC,SP,21064680,66133.4656002048,2.5172222222222222,20231023-20240520,373.9207147381477,1,fair,NA
AIMS,2023-12-05T13:00:00Z,02S06,STIC,SP,21064680,66133.4656002048,2.5172222222222222,20231023-20240520,373.9207147381477,1,fair,NA
AIMS,2023-12-05T13:15:00Z,02S06,STIC,SP,21064680,66133.4656002048,2.41,20231023-20240520,373.9207147381477,1,fair,NA
AIMS,2023-12-05T13:30:00Z,02S06,STIC,SP,21064680,63377.9045335296,2.30277777777778,20231023-20240520,352.364408551272,1,fair,NA
AIMS,2023-12-05T13:45:00Z,02S06,STIC,SP,21064680,63377.9045335296,2.30277777777778,20231023-20240520,352.364408551272,1,fair,NA
AIMS,2023-12-05T14:00:00Z,02S06,STIC,SP,21064680,63377.9045335296,2.30277777777778,20231023-20240520,352.364408551272,1,fair,NA
AIMS,2023-12-05T14:15:00Z,02S06,STIC,SP,21064680,63377.9045335296,2.30277777777778,20231023-20240520,352.364408551272,1,fair,NA
AIMS,2023-12-05T14:30:00Z,02S06,STIC,SP,21064680,63377.9045335296,2.41,20231023-20240520,352.364408551272,1,fair,NA
AIMS,2023-12-05T14:45:00Z,02S06,STIC,SP,21064680,63377.9045335296,2.5172222222222222,20231023-20240520,352.364408551272,1,fair,NA
AIMS,2023-12-05T15:00:00Z,02S06,STIC,SP,21064680,63377.9045335296,2.730000000000001,20231023-20240520,352.364408551272,1,fair,NA
AIMS,2023-12-05T15:15:00Z,02S06,STIC,SP,21064680,63377.9045335296,2.942777777777777,20231023-20240520,352.364408551272,1,fair,NA
AIMS,2023-12-05T15:30:00Z,02S06,STIC,SP,21064680,63377.9045335296,3.1550000000000007,20231023-20240520,352.364408551272,1,fair,NA
AIMS,2023-12-05T15:45:00Z,02S06,STIC,SP,21064680,66133.4656002048,3.4722222222222223,20231023-20240520,373.9207147381477,1,fair,NA
AIMS,2023-12-05T16:00:00Z,02S06,STIC,SP,21064680,66133.4656002048,3.7877777777777784,20231023-20240520,373.9207147381477,1,fair,NA
AIMS,2023-12-05T16:15:00Z,02S06,STIC,SP,21064680,66133.4656002048,4.31111111111111,20231023-20240520,373.9207147381477,1,fair,NA
AIMS,2023-12-05T16:30:00Z,02S06,STIC,SP,21064680,66133.4656002048,5.450000000000001,20231023-20240520,373.9207147381477,1,fair,NA
AIMS,2023-12-05T16:45:00Z,02S06,STIC,SP,21064680,66133.4656002048,5.86,20231023-20240520,373.9207147381477,1,fair,NA
AIMS,2023-12-05T17:00:00Z,02S06,STIC,SP,21064680,66133.4656002048,6.775,20231023-20240520,373.9207147381477,1,fair,NA
AIMS,2023-12-05T17:15:00Z,02S06,STIC,SP,21064680,66133.4656002048,7.381111111111112,20231023-20240520,373.9207147381477,1,fair,NA
AIMS,2023-12-05T17:30:00Z,02S06,STIC,SP,21064680,66133.4656002048,7.982777777777778,20231023-20240520,373.9207147381477,1,fair,NA
AIMS,2023-12-05T17:45:00Z,02S06,STIC,SP,21064680,68889.02666688002,8.977777777777774,20231023-20240520,395.4770209250236,1,fair,NA
AIMS,2023-12-05T18:00:00Z,02S06,STIC,SP,21064680,68889.02666688002,10.552777777777775,20231023-20240520,395.4770209250236,1,fair,NA
AIMS,2023-12-05T18:15:00Z,02S06,STIC,SP,21064680,71644.5877335552,12.012777777777774,20231023-20240520,417.0333271118992,1,fair,NA
AIMS,2023-12-05T18:30:00Z,02S06,STIC,SP,21064680,71644.5877335552,12.59388888888889,20231023-20240520,417.0333271118992,1,fair,NA
AIMS,2023-12-05T18:45:00Z,02S06,STIC,SP,21064680,71644.5877335552,12.787222222222223,20231023-20240520,417.0333271118992,1,fair,NA
AIMS,2023-12-05T19:00:00Z,02S06,STIC,SP,21064680,71644.5877335552,12.497222222222222,20231023-20240520,417.0333271118992,1,fair,NA
AIMS,2023-12-05T19:15:00Z,02S06,STIC,SP,21064680,71644.5877335552,12.207222222222219,20231023-20240520,417.0333271118992,1,fair,NA
AIMS,2023-12-05T19:30:00Z,02S06,STIC,SP,21064680,71644.5877335552,11.527777777777779,20231023-20240520,417.0333271118992,1,fair,NA
AIMS,2023-12-05T19:45:00Z,02S06,STIC,SP,21064680,71644.5877335552,11.138888888888888,20231023-20240520,417.0333271118992,1,fair,NA
AIMS,2023-12-05T20:00:00Z,02S06,STIC,SP,21064680,71644.5877335552,10.943888888888887,20231023-20240520,417.0333271118992,1,fair,NA
AIMS,2023-12-05T20:15:00Z,02S06,STIC,SP,21064680,71644.5877335552,10.84611111111111,20231023-20240520,417.0333271118992,1,fair,NA
AIMS,2023-12-05T20:30:00Z,02S06,STIC,SP,21064680,71644.5877335552,10.455000000000004,20231023-20240520,417.0333271118992,1,fair,NA
AIMS,2023-12-05T20:45:00Z,02S06,STIC,SP,21064680,71644.5877335552,10.25888888888889,20231023-20240520,417.0333271118992,1,fair,NA
AIMS,2023-12-05T21:00:00Z,02S06,STIC,SP,21064680,71644.5877335552,10.747777777777772,20231023-20240520,417.0333271118992,1,fair,NA
AIMS,2023-12-05T21:15:00Z,02S06,STIC,SP,21064680,71644.5877335552,10.357222222222227,20231023-20240520,417.0333271118992,1,fair,NA
AIMS,2023-12-05T21:30:00Z,02S06,STIC,SP,21064680,71644.5877335552,9.077222222222222,20231023-20240520,417.0333271118992,1,fair,NA
AIMS,2023-12-05T21:45:00Z,02S06,STIC,SP,21064680,68889.02666688002,7.982777777777778,20231023-20240520,395.4770209250236,1,fair,NA
AIMS,2023-12-05T22:00:00Z,02S06,STIC,SP,21064680,68889.02666688002,7.381111111111112,20231023-20240520,395.4770209250236,1,fair,NA
AIMS,2023-12-05T22:15:00Z,02S06,STIC,SP,21064680,68889.02666688002,6.977777777777779,20231023-20240520,395.4770209250236,1,fair,NA
AIMS,2023-12-05T22:30:00Z,02S06,STIC,SP,21064680,68889.02666688002,6.471111111111114,20231023-20240520,395.4770209250236,1,fair,NA
AIMS,2023-12-05T22:45:00Z,02S06,STIC,SP,21064680,68889.02666688002,5.552222222222222,20231023-20240520,395.4770209250236,1,fair,NA
AIMS,2023-12-05T23:00:00Z,02S06,STIC,SP,21064680,68889.02666688002,4.8311111111111105,20231023-20240520,395.4770209250236,1,fair,NA
AIMS,2023-12-05T23:15:00Z,02S06,STIC,SP,21064680,68889.02666688002,3.8927777777777774,20231023-20240520,395.4770209250236,1,fair,NA
AIMS,2023-12-05T23:30:00Z,02S06,STIC,SP,21064680,66133.4656002048,3.1550000000000007,20231023-20240520,373.9207147381477,1,fair,NA
AIMS,2023-12-05T23:45:00Z,02S06,STIC,SP,21064680,66133.4656002048,2.6238888888888883,20231023-20240520,373.9207147381477,1,fair,NA
AIMS,2023-12-06T00:00:00Z,02S06,STIC,SP,21064680,66133.4656002048,2.30277777777778,20231023-20240520,373.9207147381477,1,fair,NA
AIMS,2023-12-06T00:15:00Z,02S06,STIC,SP,21064680,66133.4656002048,2.41,20231023-20240520,373.9207147381477,1,fair,NA
AIMS,2023-12-06T00:30:00Z,02S06,STIC,SP,21064680,66133.4656002048,2.1950000000000003,20231023-20240520,373.9207147381477,1,fair,NA
AIMS,2023-12-06T00:45:00Z,02S06,STIC,SP,21064680,66133.4656002048,2.08777777777778,20231023-20240520,373.9207147381477,1,fair,NA
AIMS,2023-12-06T01:00:00Z,02S06,STIC,SP,21064680,66133.4656002048,1.98,20231023-20240520,373.9207147381477,1,fair,NA
AIMS,2023-12-06T01:15:00Z,02S06,STIC,SP,21064680,66133.4656002048,1.8722222222222211,20231023-20240520,373.9207147381477,1,fair,NA
AIMS,2023-12-06T01:30:00Z,02S06,STIC,SP,21064680,66133.4656002048,1.6561111111111122,20231023-20240520,373.9207147381477,1,fair,NA
AIMS,2023-12-06T01:45:00Z,02S06,STIC,SP,21064680,66133.4656002048,1.5477777777777786,20231023-20240520,373.9207147381477,1,fair,NA
AIMS,2023-12-06T02:00:00Z,02S06,STIC,SP,21064680,66133.4656002048,1.5477777777777786,20231023-20240520,373.9207147381477,1,fair,NA
AIMS,2023-12-06T02:15:00Z,02S06,STIC,SP,21064680,66133.4656002048,1.4388888888888909,20231023-20240520,373.9207147381477,1,fair,NA
AIMS,2023-12-06T02:30:00Z,02S06,STIC,SP,21064680,66133.4656002048,1.329999999999999,20231023-20240520,373.9207147381477,1,fair,NA
AIMS,2023-12-06T02:45:00Z,02S06,STIC,SP,21064680,66133.4656002048,1.329999999999999,20231023-20240520,373.9207147381477,1,fair,NA
AIMS,2023-12-06T03:00:00Z,02S06,STIC,SP,21064680,66133.4656002048,1.329999999999999,20231023-20240520,373.9207147381477,1,fair,NA
AIMS,2023-12-06T03:15:00Z,02S06,STIC,SP,21064680,66133.4656002048,1.329999999999999,20231023-20240520,373.9207147381477,1,fair,NA
AIMS,2023-12-06T03:30:00Z,02S06,STIC,SP,21064680,66133.4656002048,1.4388888888888909,20231023-20240520,373.9207147381477,1,fair,NA
AIMS,2023-12-06T03:45:00Z,02S06,STIC,SP,21064680,66133.4656002048,1.6561111111111122,20231023-20240520,373.9207147381477,1,fair,NA
AIMS,2023-12-06T04:00:00Z,02S06,STIC,SP,21064680,66133.4656002048,1.6561111111111122,20231023-20240520,373.9207147381477,1,fair,NA
AIMS,2023-12-06T04:15:00Z,02S06,STIC,SP,21064680,66133.4656002048,1.5477777777777786,20231023-20240520,373.9207147381477,1,fair,NA
AIMS,2023-12-06T04:30:00Z,02S06,STIC,SP,21064680,66133.4656002048,1.5477777777777786,20231023-20240520,373.9207147381477,1,fair,NA
AIMS,2023-12-06T04:45:00Z,02S06,STIC,SP,21064680,66133.4656002048,1.6561111111111122,20231023-20240520,373.9207147381477,1,fair,NA
AIMS,2023-12-06T05:00:00Z,02S06,STIC,SP,21064680,66133.4656002048,1.7638888888888873,20231023-20240520,373.9207147381477,1,fair,NA
AIMS,2023-12-06T05:15:00Z,02S06,STIC,SP,21064680,66133.4656002048,1.8722222222222211,20231023-20240520,373.9207147381477,1,fair,NA
AIMS,2023-12-06T05:30:00Z,02S06,STIC,SP,21064680,66133.4656002048,1.98,20231023-20240520,373.9207147381477,1,fair,NA
AIMS,2023-12-06T05:45:00Z,02S06,STIC,SP,21064680,66133.4656002048,1.98,20231023-20240520,373.9207147381477,1,fair,NA
AIMS,2023-12-06T06:00:00Z,02S06,STIC,SP,21064680,66133.4656002048,1.8722222222222211,20231023-20240520,373.9207147381477,1,fair,NA
AIMS,2023-12-06T06:15:00Z,02S06,STIC,SP,21064680,66133.4656002048,1.7638888888888873,20231023-20240520,373.9207147381477,1,fair,NA
AIMS,2023-12-06T06:30:00Z,02S06,STIC,SP,21064680,66133.4656002048,1.7638888888888873,20231023-20240520,373.9207147381477,1,fair,NA
AIMS,2023-12-06T06:45:00Z,02S06,STIC,SP,21064680,66133.4656002048,1.8722222222222211,20231023-20240520,373.9207147381477,1,fair,NA
AIMS,2023-12-06T07:00:00Z,02S06,STIC,SP,21064680,66133.4656002048,1.98,20231023-20240520,373.9207147381477,1,fair,NA
AIMS,2023-12-06T07:15:00Z,02S06,STIC,SP,21064680,66133.4656002048,1.98,20231023-20240520,373.9207147381477,1,fair,NA
AIMS,2023-12-06T07:30:00Z,02S06,STIC,SP,21064680,66133.4656002048,1.98,20231023-20240520,373.9207147381477,1,fair,NA
AIMS,2023-12-06T07:45:00Z,02S06,STIC,SP,21064680,66133.4656002048,1.98,20231023-20240520,373.9207147381477,1,fair,NA
AIMS,2023-12-06T08:00:00Z,02S06,STIC,SP,21064680,66133.4656002048,1.98,20231023-20240520,373.9207147381477,1,fair,NA
AIMS,2023-12-06T08:15:00Z,02S06,STIC,SP,21064680,66133.4656002048,1.98,20231023-20240520,373.9207147381477,1,fair,NA
AIMS,2023-12-06T08:30:00Z,02S06,STIC,SP,21064680,66133.4656002048,2.08777777777778,20231023-20240520,373.9207147381477,1,fair,NA
AIMS,2023-12-06T08:45:00Z,02S06,STIC,SP,21064680,66133.4656002048,2.08777777777778,20231023-20240520,373.9207147381477,1,fair,NA
AIMS,2023-12-06T09:00:00Z,02S06,STIC,SP,21064680,66133.4656002048,2.1950000000000003,20231023-20240520,373.9207147381477,1,fair,NA
AIMS,2023-12-06T09:15:00Z,02S06,STIC,SP,21064680,66133.4656002048,2.1950000000000003,20231023-20240520,373.9207147381477,1,fair,NA
AIMS,2023-12-06T09:30:00Z,02S06,STIC,SP,21064680,66133.4656002048,2.1950000000000003,20231023-20240520,373.9207147381477,1,fair,NA
AIMS,2023-12-06T09:45:00Z,02S06,STIC,SP,21064680,66133.4656002048,2.1950000000000003,20231023-20240520,373.9207147381477,1,fair,NA
AIMS,2023-12-06T10:00:00Z,02S06,STIC,SP,21064680,66133.4656002048,2.30277777777778,20231023-20240520,373.9207147381477,1,fair,NA
AIMS,2023-12-06T10:15:00Z,02S06,STIC,SP,21064680,66133.4656002048,2.30277777777778,20231023-20240520,373.9207147381477,1,fair,NA
AIMS,2023-12-06T10:30:00Z,02S06,STIC,SP,21064680,66133.4656002048,2.41,20231023-20240520,373.9207147381477,1,fair,NA
AIMS,2023-12-06T10:45:00Z,02S06,STIC,SP,21064680,66133.4656002048,2.41,20231023-20240520,373.9207147381477,1,fair,NA
AIMS,2023-12-06T11:00:00Z,02S06,STIC,SP,21064680,66133.4656002048,2.41,20231023-20240520,373.9207147381477,1,fair,NA
AIMS,2023-12-06T11:15:00Z,02S06,STIC,SP,21064680,66133.4656002048,2.41,20231023-20240520,373.9207147381477,1,fair,NA
AIMS,2023-12-06T11:30:00Z,02S06,STIC,SP,21064680,66133.4656002048,2.5172222222222222,20231023-20240520,373.9207147381477,1,fair,NA
AIMS,2023-12-06T11:45:00Z,02S06,STIC,SP,21064680,66133.4656002048,2.5172222222222222,20231023-20240520,373.9207147381477,1,fair,NA
AIMS,2023-12-06T12:00:00Z,02S06,STIC,SP,21064680,66133.4656002048,2.5172222222222222,20231023-20240520,373.9207147381477,1,fair,NA
AIMS,2023-12-06T12:15:00Z,02S06,STIC,SP,21064680,66133.4656002048,2.5172222222222222,20231023-20240520,373.9207147381477,1,fair,NA
AIMS,2023-12-06T12:30:00Z,02S06,STIC,SP,21064680,66133.4656002048,2.5172222222222222,20231023-20240520,373.9207147381477,1,fair,NA
AIMS,2023-12-06T12:45:00Z,02S06,STIC,SP,21064680,66133.4656002048,2.6238888888888883,20231023-20240520,373.9207147381477,1,fair,NA
AIMS,2023-12-06T13:00:00Z,02S06,STIC,SP,21064680,66133.4656002048,2.6238888888888883,20231023-20240520,373.9207147381477,1,fair,NA
AIMS,2023-12-06T13:15:00Z,02S06,STIC,SP,21064680,66133.4656002048,2.6238888888888883,20231023-20240520,373.9207147381477,1,fair,NA
AIMS,2023-12-06T13:30:00Z,02S06,STIC,SP,21064680,63377.9045335296,2.6238888888888883,20231023-20240520,352.364408551272,1,fair,NA
AIMS,2023-12-06T13:45:00Z,02S06,STIC,SP,21064680,63377.9045335296,2.6238888888888883,20231023-20240520,352.364408551272,1,fair,NA
AIMS,2023-12-06T14:00:00Z,02S06,STIC,SP,21064680,63377.9045335296,2.730000000000001,20231023-20240520,352.364408551272,1,fair,NA
AIMS,2023-12-06T14:15:00Z,02S06,STIC,SP,21064680,63377.9045335296,2.837222222222221,20231023-20240520,352.364408551272,1,fair,NA
AIMS,2023-12-06T14:30:00Z,02S06,STIC,SP,21064680,66133.4656002048,3.048888888888888,20231023-20240520,373.9207147381477,1,fair,NA
AIMS,2023-12-06T14:45:00Z,02S06,STIC,SP,21064680,66133.4656002048,3.367222222222223,20231023-20240520,373.9207147381477,1,fair,NA
AIMS,2023-12-06T15:00:00Z,02S06,STIC,SP,21064680,66133.4656002048,3.6827777777777775,20231023-20240520,373.9207147381477,1,fair,NA
AIMS,2023-12-06T15:15:00Z,02S06,STIC,SP,21064680,66133.4656002048,3.7877777777777784,20231023-20240520,373.9207147381477,1,fair,NA
AIMS,2023-12-06T15:30:00Z,02S06,STIC,SP,21064680,66133.4656002048,3.997777777777778,20231023-20240520,373.9207147381477,1,fair,NA
AIMS,2023-12-06T15:45:00Z,02S06,STIC,SP,21064680,66133.4656002048,4.2072222222222235,20231023-20240520,373.9207147381477,1,fair,NA
AIMS,2023-12-06T16:00:00Z,02S06,STIC,SP,21064680,66133.4656002048,4.622777777777776,20231023-20240520,373.9207147381477,1,fair,NA
AIMS,2023-12-06T16:15:00Z,02S06,STIC,SP,21064680,66133.4656002048,5.347222222222222,20231023-20240520,373.9207147381477,1,fair,NA
AIMS,2023-12-06T16:30:00Z,02S06,STIC,SP,21064680,66133.4656002048,6.5727777777777785,20231023-20240520,373.9207147381477,1,fair,NA
AIMS,2023-12-06T16:45:00Z,02S06,STIC,SP,21064680,66133.4656002048,6.673888888888888,20231023-20240520,373.9207147381477,1,fair,NA
AIMS,2023-12-06T17:00:00Z,02S06,STIC,SP,21064680,66133.4656002048,7.682222222222225,20231023-20240520,373.9207147381477,1,fair,NA
AIMS,2023-12-06T17:15:00Z,02S06,STIC,SP,21064680,68889.02666688002,8.082222222222224,20231023-20240520,395.4770209250236,1,fair,NA
AIMS,2023-12-06T17:30:00Z,02S06,STIC,SP,21064680,68889.02666688002,8.778888888888888,20231023-20240520,395.4770209250236,1,fair,NA
AIMS,2023-12-06T17:45:00Z,02S06,STIC,SP,21064680,68889.02666688002,9.472222222222221,20231023-20240520,395.4770209250236,1,fair,NA
AIMS,2023-12-06T18:00:00Z,02S06,STIC,SP,21064680,68889.02666688002,10.552777777777775,20231023-20240520,395.4770209250236,1,fair,NA
AIMS,2023-12-06T18:15:00Z,02S06,STIC,SP,21064680,71644.5877335552,11.916111111111109,20231023-20240520,417.0333271118992,1,fair,NA
AIMS,2023-12-06T18:30:00Z,02S06,STIC,SP,21064680,71644.5877335552,12.69,20231023-20240520,417.0333271118992,1,fair,NA
AIMS,2023-12-06T18:45:00Z,02S06,STIC,SP,21064680,71644.5877335552,13.172777777777775,20231023-20240520,417.0333271118992,1,fair,NA
AIMS,2023-12-06T19:00:00Z,02S06,STIC,SP,21064680,74400.1488002304,13.55777777777778,20231023-20240520,438.5896332987749,1,fair,NA
AIMS,2023-12-06T19:15:00Z,02S06,STIC,SP,21064680,74400.1488002304,13.65388888888889,20231023-20240520,438.5896332987749,1,fair,NA
AIMS,2023-12-06T19:30:00Z,02S06,STIC,SP,21064680,74400.1488002304,13.268888888888888,20231023-20240520,438.5896332987749,1,fair,NA
AIMS,2023-12-06T19:45:00Z,02S06,STIC,SP,21064680,74400.1488002304,13.268888888888888,20231023-20240520,438.5896332987749,1,fair,NA
AIMS,2023-12-06T20:00:00Z,02S06,STIC,SP,21064680,74400.1488002304,13.268888888888888,20231023-20240520,438.5896332987749,1,fair,NA
AIMS,2023-12-06T20:15:00Z,02S06,STIC,SP,21064680,74400.1488002304,13.55777777777778,20231023-20240520,438.5896332987749,1,fair,NA
AIMS,2023-12-06T20:30:00Z,02S06,STIC,SP,21064680,74400.1488002304,13.268888888888888,20231023-20240520,438.5896332987749,1,fair,NA
AIMS,2023-12-06T20:45:00Z,02S06,STIC,SP,21064680,74400.1488002304,13.172777777777775,20231023-20240520,438.5896332987749,1,fair,NA
AIMS,2023-12-06T21:00:00Z,02S06,STIC,SP,21064680,74400.1488002304,13.076111111111109,20231023-20240520,438.5896332987749,1,fair,NA
AIMS,2023-12-06T21:15:00Z,02S06,STIC,SP,21064680,74400.1488002304,12.40111111111111,20231023-20240520,438.5896332987749,1,fair,NA
AIMS,2023-12-06T21:30:00Z,02S06,STIC,SP,21064680,74400.1488002304,11.916111111111109,20231023-20240520,438.5896332987749,1,fair,NA
AIMS,2023-12-06T21:45:00Z,02S06,STIC,SP,21064680,74400.1488002304,11.333888888888893,20231023-20240520,438.5896332987749,1,fair,NA
AIMS,2023-12-06T22:00:00Z,02S06,STIC,SP,21064680,71644.5877335552,10.84611111111111,20231023-20240520,417.0333271118992,1,fair,NA
AIMS,2023-12-06T22:15:00Z,02S06,STIC,SP,21064680,71644.5877335552,10.357222222222227,20231023-20240520,417.0333271118992,1,fair,NA
AIMS,2023-12-06T22:30:00Z,02S06,STIC,SP,21064680,71644.5877335552,9.866111111111111,20231023-20240520,417.0333271118992,1,fair,NA
AIMS,2023-12-06T22:45:00Z,02S06,STIC,SP,21064680,71644.5877335552,9.57111111111111,20231023-20240520,417.0333271118992,1,fair,NA
AIMS,2023-12-06T23:00:00Z,02S06,STIC,SP,21064680,71644.5877335552,9.17611111111111,20231023-20240520,417.0333271118992,1,fair,NA
AIMS,2023-12-06T23:15:00Z,02S06,STIC,SP,21064680,71644.5877335552,8.778888888888888,20231023-20240520,417.0333271118992,1,fair,NA
AIMS,2023-12-06T23:30:00Z,02S06,STIC,SP,21064680,71644.5877335552,8.481111111111108,20231023-20240520,417.0333271118992,1,fair,NA
AIMS,2023-12-06T23:45:00Z,02S06,STIC,SP,21064680,68889.02666688002,8.182222222222224,20231023-20240520,395.4770209250236,1,fair,NA
AIMS,2023-12-07T00:00:00Z,02S06,STIC,SP,21064680,68889.02666688002,7.982777777777778,20231023-20240520,395.4770209250236,1,fair,NA
AIMS,2023-12-07T00:15:00Z,02S06,STIC,SP,21064680,68889.02666688002,7.882222222222223,20231023-20240520,395.4770209250236,1,fair,NA
AIMS,2023-12-07T00:30:00Z,02S06,STIC,SP,21064680,68889.02666688002,7.782222222222226,20231023-20240520,395.4770209250236,1,fair,NA
AIMS,2023-12-07T00:45:00Z,02S06,STIC,SP,21064680,68889.02666688002,7.682222222222225,20231023-20240520,395.4770209250236,1,fair,NA
AIMS,2023-12-07T01:00:00Z,02S06,STIC,SP,21064680,68889.02666688002,7.4811111111111135,20231023-20240520,395.4770209250236,1,fair,NA
AIMS,2023-12-07T01:15:00Z,02S06,STIC,SP,21064680,68889.02666688002,7.4811111111111135,20231023-20240520,395.4770209250236,1,fair,NA
AIMS,2023-12-07T01:30:00Z,02S06,STIC,SP,21064680,68889.02666688002,7.381111111111112,20231023-20240520,395.4770209250236,1,fair,NA
AIMS,2023-12-07T01:45:00Z,02S06,STIC,SP,21064680,68889.02666688002,7.381111111111112,20231023-20240520,395.4770209250236,1,fair,NA
AIMS,2023-12-07T02:00:00Z,02S06,STIC,SP,21064680,68889.02666688002,7.279999999999999,20231023-20240520,395.4770209250236,1,fair,NA
AIMS,2023-12-07T02:15:00Z,02S06,STIC,SP,21064680,68889.02666688002,7.279999999999999,20231023-20240520,395.4770209250236,1,fair,NA
AIMS,2023-12-07T02:30:00Z,02S06,STIC,SP,21064680,68889.02666688002,7.1788888888888875,20231023-20240520,395.4770209250236,1,fair,NA
AIMS,2023-12-07T02:45:00Z,02S06,STIC,SP,21064680,68889.02666688002,7.1788888888888875,20231023-20240520,395.4770209250236,1,fair,NA
AIMS,2023-12-07T03:00:00Z,02S06,STIC,SP,21064680,68889.02666688002,7.078888888888887,20231023-20240520,395.4770209250236,1,fair,NA
AIMS,2023-12-07T03:15:00Z,02S06,STIC,SP,21064680,68889.02666688002,7.078888888888887,20231023-20240520,395.4770209250236,1,fair,NA
AIMS,2023-12-07T03:30:00Z,02S06,STIC,SP,21064680,68889.02666688002,7.078888888888887,20231023-20240520,395.4770209250236,1,fair,NA
AIMS,2023-12-07T03:45:00Z,02S06,STIC,SP,21064680,68889.02666688002,7.078888888888887,20231023-20240520,395.4770209250236,1,fair,NA
AIMS,2023-12-07T04:00:00Z,02S06,STIC,SP,21064680,68889.02666688002,7.078888888888887,20231023-20240520,395.4770209250236,1,fair,NA
AIMS,2023-12-07T04:15:00Z,02S06,STIC,SP,21064680,68889.02666688002,6.977777777777779,20231023-20240520,395.4770209250236,1,fair,NA
AIMS,2023-12-07T04:30:00Z,02S06,STIC,SP,21064680,68889.02666688002,6.977777777777779,20231023-20240520,395.4770209250236,1,fair,NA
AIMS,2023-12-07T04:45:00Z,02S06,STIC,SP,21064680,68889.02666688002,6.977777777777779,20231023-20240520,395.4770209250236,1,fair,NA
AIMS,2023-12-07T05:00:00Z,02S06,STIC,SP,21064680,68889.02666688002,7.078888888888887,20231023-20240520,395.4770209250236,1,fair,NA
AIMS,2023-12-07T05:15:00Z,02S06,STIC,SP,21064680,68889.02666688002,7.078888888888887,20231023-20240520,395.4770209250236,1,fair,NA
AIMS,2023-12-07T05:30:00Z,02S06,STIC,SP,21064680,68889.02666688002,7.078888888888887,20231023-20240520,395.4770209250236,1,fair,NA
AIMS,2023-12-07T05:45:00Z,02S06,STIC,SP,21064680,68889.02666688002,7.078888888888887,20231023-20240520,395.4770209250236,1,fair,NA
AIMS,2023-12-07T06:00:00Z,02S06,STIC,SP,21064680,68889.02666688002,7.078888888888887,20231023-20240520,395.4770209250236,1,fair,NA
AIMS,2023-12-07T06:15:00Z,02S06,STIC,SP,21064680,68889.02666688002,6.977777777777779,20231023-20240520,395.4770209250236,1,fair,NA
AIMS,2023-12-07T06:30:00Z,02S06,STIC,SP,21064680,68889.02666688002,6.877222222222222,20231023-20240520,395.4770209250236,1,fair,NA
AIMS,2023-12-07T06:45:00Z,02S06,STIC,SP,21064680,68889.02666688002,6.877222222222222,20231023-20240520,395.4770209250236,1,fair,NA
AIMS,2023-12-07T07:00:00Z,02S06,STIC,SP,21064680,68889.02666688002,6.877222222222222,20231023-20240520,395.4770209250236,1,fair,NA
AIMS,2023-12-07T07:15:00Z,02S06,STIC,SP,21064680,68889.02666688002,6.877222222222222,20231023-20240520,395.4770209250236,1,fair,NA
AIMS,2023-12-07T07:30:00Z,02S06,STIC,SP,21064680,68889.02666688002,6.775,20231023-20240520,395.4770209250236,1,fair,NA
AIMS,2023-12-07T07:45:00Z,02S06,STIC,SP,21064680,68889.02666688002,6.775,20231023-20240520,395.4770209250236,1,fair,NA
AIMS,2023-12-07T08:00:00Z,02S06,STIC,SP,21064680,68889.02666688002,6.673888888888888,20231023-20240520,395.4770209250236,1,fair,NA
AIMS,2023-12-07T08:15:00Z,02S06,STIC,SP,21064680,68889.02666688002,6.673888888888888,20231023-20240520,395.4770209250236,1,fair,NA
AIMS,2023-12-07T08:30:00Z,02S06,STIC,SP,21064680,68889.02666688002,6.5727777777777785,20231023-20240520,395.4770209250236,1,fair,NA
AIMS,2023-12-07T08:45:00Z,02S06,STIC,SP,21064680,68889.02666688002,6.5727777777777785,20231023-20240520,395.4770209250236,1,fair,NA
AIMS,2023-12-07T09:00:00Z,02S06,STIC,SP,21064680,68889.02666688002,6.471111111111114,20231023-20240520,395.4770209250236,1,fair,NA
AIMS,2023-12-07T09:15:00Z,02S06,STIC,SP,21064680,68889.02666688002,6.370000000000001,20231023-20240520,395.4770209250236,1,fair,NA
AIMS,2023-12-07T09:30:00Z,02S06,STIC,SP,21064680,68889.02666688002,6.370000000000001,20231023-20240520,395.4770209250236,1,fair,NA
AIMS,2023-12-07T09:45:00Z,02S06,STIC,SP,21064680,68889.02666688002,6.370000000000001,20231023-20240520,395.4770209250236,1,fair,NA
AIMS,2023-12-07T10:00:00Z,02S06,STIC,SP,21064680,68889.02666688002,6.267777777777775,20231023-20240520,395.4770209250236,1,fair,NA
AIMS,2023-12-07T10:15:00Z,02S06,STIC,SP,21064680,68889.02666688002,6.370000000000001,20231023-20240520,395.4770209250236,1,fair,NA
AIMS,2023-12-07T10:30:00Z,02S06,STIC,SP,21064680,68889.02666688002,6.471111111111114,20231023-20240520,395.4770209250236,1,fair,NA
AIMS,2023-12-07T10:45:00Z,02S06,STIC,SP,21064680,68889.02666688002,6.471111111111114,20231023-20240520,395.4770209250236,1,fair,NA
AIMS,2023-12-07T11:00:00Z,02S06,STIC,SP,21064680,68889.02666688002,6.5727777777777785,20231023-20240520,395.4770209250236,1,fair,NA
AIMS,2023-12-07T11:15:00Z,02S06,STIC,SP,21064680,68889.02666688002,6.673888888888888,20231023-20240520,395.4770209250236,1,fair,NA
AIMS,2023-12-07T11:30:00Z,02S06,STIC,SP,21064680,68889.02666688002,6.673888888888888,20231023-20240520,395.4770209250236,1,fair,NA
AIMS,2023-12-07T11:45:00Z,02S06,STIC,SP,21064680,68889.02666688002,6.673888888888888,20231023-20240520,395.4770209250236,1,fair,NA
AIMS,2023-12-07T12:00:00Z,02S06,STIC,SP,21064680,68889.02666688002,6.775,20231023-20240520,395.4770209250236,1,fair,NA
AIMS,2023-12-07T12:15:00Z,02S06,STIC,SP,21064680,68889.02666688002,6.673888888888888,20231023-20240520,395.4770209250236,1,fair,NA
AIMS,2023-12-07T12:30:00Z,02S06,STIC,SP,21064680,68889.02666688002,6.5727777777777785,20231023-20240520,395.4770209250236,1,fair,NA
AIMS,2023-12-07T12:45:00Z,02S06,STIC,SP,21064680,68889.02666688002,6.673888888888888,20231023-20240520,395.4770209250236,1,fair,NA
AIMS,2023-12-07T13:00:00Z,02S06,STIC,SP,21064680,68889.02666688002,6.775,20231023-20240520,395.4770209250236,1,fair,NA
AIMS,2023-12-07T13:15:00Z,02S06,STIC,SP,21064680,68889.02666688002,6.877222222222222,20231023-20240520,395.4770209250236,1,fair,NA
AIMS,2023-12-07T13:30:00Z,02S06,STIC,SP,21064680,68889.02666688002,6.977777777777779,20231023-20240520,395.4770209250236,1,fair,NA
AIMS,2023-12-07T13:45:00Z,02S06,STIC,SP,21064680,68889.02666688002,6.977777777777779,20231023-20240520,395.4770209250236,1,fair,NA
AIMS,2023-12-07T14:00:00Z,02S06,STIC,SP,21064680,68889.02666688002,6.977777777777779,20231023-20240520,395.4770209250236,1,fair,NA
AIMS,2023-12-07T14:15:00Z,02S06,STIC,SP,21064680,68889.02666688002,7.078888888888887,20231023-20240520,395.4770209250236,1,fair,NA
AIMS,2023-12-07T14:30:00Z,02S06,STIC,SP,21064680,68889.02666688002,7.279999999999999,20231023-20240520,395.4770209250236,1,fair,NA
AIMS,2023-12-07T14:45:00Z,02S06,STIC,SP,21064680,68889.02666688002,7.381111111111112,20231023-20240520,395.4770209250236,1,fair,NA
AIMS,2023-12-07T15:00:00Z,02S06,STIC,SP,21064680,68889.02666688002,7.682222222222225,20231023-20240520,395.4770209250236,1,fair,NA
AIMS,2023-12-07T15:15:00Z,02S06,STIC,SP,21064680,68889.02666688002,8.082222222222224,20231023-20240520,395.4770209250236,1,fair,NA
AIMS,2023-12-07T15:30:00Z,02S06,STIC,SP,21064680,68889.02666688002,8.282222222222224,20231023-20240520,395.4770209250236,1,fair,NA
AIMS,2023-12-07T15:45:00Z,02S06,STIC,SP,21064680,68889.02666688002,8.581111111111108,20231023-20240520,395.4770209250236,1,fair,NA
AIMS,2023-12-07T16:00:00Z,02S06,STIC,SP,21064680,68889.02666688002,8.977777777777774,20231023-20240520,395.4770209250236,1,fair,NA
AIMS,2023-12-07T16:15:00Z,02S06,STIC,SP,21064680,68889.02666688002,9.57111111111111,20231023-20240520,395.4770209250236,1,fair,NA
AIMS,2023-12-07T16:30:00Z,02S06,STIC,SP,21064680,71644.5877335552,10.84611111111111,20231023-20240520,417.0333271118992,1,fair,NA
AIMS,2023-12-07T16:45:00Z,02S06,STIC,SP,21064680,71644.5877335552,11.041111111111109,20231023-20240520,417.0333271118992,1,fair,NA
AIMS,2023-12-07T17:00:00Z,02S06,STIC,SP,21064680,71644.5877335552,12.11,20231023-20240520,417.0333271118992,1,fair,NA
AIMS,2023-12-07T17:15:00Z,02S06,STIC,SP,21064680,71644.5877335552,12.59388888888889,20231023-20240520,417.0333271118992,1,fair,NA
AIMS,2023-12-07T17:30:00Z,02S06,STIC,SP,21064680,74400.1488002304,13.461111111111107,20231023-20240520,438.5896332987749,1,fair,NA
AIMS,2023-12-07T17:45:00Z,02S06,STIC,SP,21064680,74400.1488002304,14.325000000000001,20231023-20240520,438.5896332987749,1,fair,NA
AIMS,2023-12-07T18:00:00Z,02S06,STIC,SP,21064680,68889.02666688002,15.377777777777778,20231023-20240520,395.4770209250236,1,fair,NA
AIMS,2023-12-07T18:15:00Z,02S06,STIC,SP,21064680,74400.1488002304,16.522777777777772,20231023-20240520,438.5896332987749,1,fair,NA
AIMS,2023-12-07T18:30:00Z,02S06,STIC,SP,21064680,77155.70986690561,16.99888888888889,20231023-20240520,460.14593948565073,1,fair,NA
AIMS,2023-12-07T18:45:00Z,02S06,STIC,SP,21064680,74400.1488002304,17.474999999999994,20231023-20240520,438.5896332987749,1,fair,NA
AIMS,2023-12-07T19:00:00Z,02S06,STIC,SP,21064680,74400.1488002304,17.378888888888888,20231023-20240520,438.5896332987749,1,fair,NA
AIMS,2023-12-07T19:15:00Z,02S06,STIC,SP,21064680,74400.1488002304,17.57,20231023-20240520,438.5896332987749,1,fair,NA
AIMS,2023-12-07T19:30:00Z,02S06,STIC,SP,21064680,74400.1488002304,16.617777777777782,20231023-20240520,438.5896332987749,1,fair,NA
AIMS,2023-12-07T19:45:00Z,02S06,STIC,SP,21064680,74400.1488002304,16.427222222222223,20231023-20240520,438.5896332987749,1,fair,NA
AIMS,2023-12-07T20:00:00Z,02S06,STIC,SP,21064680,74400.1488002304,16.33222222222222,20231023-20240520,438.5896332987749,1,fair,NA
AIMS,2023-12-07T20:15:00Z,02S06,STIC,SP,21064680,74400.1488002304,16.427222222222223,20231023-20240520,438.5896332987749,1,fair,NA
AIMS,2023-12-07T20:30:00Z,02S06,STIC,SP,21064680,71644.5877335552,16.141111111111115,20231023-20240520,417.0333271118992,1,fair,NA
AIMS,2023-12-07T20:45:00Z,02S06,STIC,SP,21064680,74400.1488002304,16.046111111111113,20231023-20240520,438.5896332987749,1,fair,NA
AIMS,2023-12-07T21:00:00Z,02S06,STIC,SP,21064680,74400.1488002304,16.046111111111113,20231023-20240520,438.5896332987749,1,fair,NA
AIMS,2023-12-07T21:15:00Z,02S06,STIC,SP,21064680,74400.1488002304,15.568888888888887,20231023-20240520,438.5896332987749,1,fair,NA
AIMS,2023-12-07T21:30:00Z,02S06,STIC,SP,21064680,74400.1488002304,14.708888888888888,20231023-20240520,438.5896332987749,1,fair,NA
AIMS,2023-12-07T21:45:00Z,02S06,STIC,SP,21064680,74400.1488002304,13.94222222222222,20231023-20240520,438.5896332987749,1,fair,NA
AIMS,2023-12-07T22:00:00Z,02S06,STIC,SP,21064680,74400.1488002304,13.461111111111107,20231023-20240520,438.5896332987749,1,fair,NA
AIMS,2023-12-07T22:15:00Z,02S06,STIC,SP,21064680,74400.1488002304,13.076111111111109,20231023-20240520,438.5896332987749,1,fair,NA
AIMS,2023-12-07T22:30:00Z,02S06,STIC,SP,21064680,74400.1488002304,12.98,20231023-20240520,438.5896332987749,1,fair,NA
AIMS,2023-12-07T22:45:00Z,02S06,STIC,SP,21064680,74400.1488002304,12.787222222222223,20231023-20240520,438.5896332987749,1,fair,NA
AIMS,2023-12-07T23:00:00Z,02S06,STIC,SP,21064680,74400.1488002304,12.40111111111111,20231023-20240520,438.5896332987749,1,fair,NA
AIMS,2023-12-07T23:15:00Z,02S06,STIC,SP,21064680,74400.1488002304,11.916111111111109,20231023-20240520,438.5896332987749,1,fair,NA
AIMS,2023-12-07T23:30:00Z,02S06,STIC,SP,21064680,71644.5877335552,11.431111111111111,20231023-20240520,417.0333271118992,1,fair,NA
AIMS,2023-12-07T23:45:00Z,02S06,STIC,SP,21064680,71644.5877335552,11.138888888888888,20231023-20240520,417.0333271118992,1,fair,NA
AIMS,2023-12-08T00:00:00Z,02S06,STIC,SP,21064680,71644.5877335552,10.943888888888887,20231023-20240520,417.0333271118992,1,fair,NA
AIMS,2023-12-08T00:15:00Z,02S06,STIC,SP,21064680,71644.5877335552,10.747777777777772,20231023-20240520,417.0333271118992,1,fair,NA
AIMS,2023-12-08T00:30:00Z,02S06,STIC,SP,21064680,71644.5877335552,10.651111111111108,20231023-20240520,417.0333271118992,1,fair,NA
AIMS,2023-12-08T00:45:00Z,02S06,STIC,SP,21064680,71644.5877335552,10.455000000000004,20231023-20240520,417.0333271118992,1,fair,NA
AIMS,2023-12-08T01:00:00Z,02S06,STIC,SP,21064680,71644.5877335552,10.357222222222227,20231023-20240520,417.0333271118992,1,fair,NA
AIMS,2023-12-08T01:15:00Z,02S06,STIC,SP,21064680,71644.5877335552,10.161111111111108,20231023-20240520,417.0333271118992,1,fair,NA
AIMS,2023-12-08T01:30:00Z,02S06,STIC,SP,21064680,71644.5877335552,10.161111111111108,20231023-20240520,417.0333271118992,1,fair,NA
AIMS,2023-12-08T01:45:00Z,02S06,STIC,SP,21064680,71644.5877335552,10.062777777777775,20231023-20240520,417.0333271118992,1,fair,NA
AIMS,2023-12-08T02:00:00Z,02S06,STIC,SP,21064680,71644.5877335552,9.965000000000002,20231023-20240520,417.0333271118992,1,fair,NA
AIMS,2023-12-08T02:15:00Z,02S06,STIC,SP,21064680,71644.5877335552,9.767777777777773,20231023-20240520,417.0333271118992,1,fair,NA
AIMS,2023-12-08T02:30:00Z,02S06,STIC,SP,21064680,71644.5877335552,9.57111111111111,20231023-20240520,417.0333271118992,1,fair,NA
AIMS,2023-12-08T02:45:00Z,02S06,STIC,SP,21064680,71644.5877335552,9.472222222222221,20231023-20240520,417.0333271118992,1,fair,NA
AIMS,2023-12-08T03:00:00Z,02S06,STIC,SP,21064680,71644.5877335552,9.372777777777781,20231023-20240520,417.0333271118992,1,fair,NA
AIMS,2023-12-08T03:15:00Z,02S06,STIC,SP,21064680,71644.5877335552,9.077222222222222,20231023-20240520,417.0333271118992,1,fair,NA
AIMS,2023-12-08T03:30:00Z,02S06,STIC,SP,21064680,71644.5877335552,8.87888888888889,20231023-20240520,417.0333271118992,1,fair,NA
AIMS,2023-12-08T03:45:00Z,02S06,STIC,SP,21064680,71644.5877335552,8.581111111111108,20231023-20240520,417.0333271118992,1,fair,NA
AIMS,2023-12-08T04:00:00Z,02S06,STIC,SP,21064680,68889.02666688002,8.282222222222224,20231023-20240520,395.4770209250236,1,fair,NA
AIMS,2023-12-08T04:15:00Z,02S06,STIC,SP,21064680,68889.02666688002,8.182222222222224,20231023-20240520,395.4770209250236,1,fair,NA
AIMS,2023-12-08T04:30:00Z,02S06,STIC,SP,21064680,71644.5877335552,8.282222222222224,20231023-20240520,417.0333271118992,1,fair,NA
AIMS,2023-12-08T04:45:00Z,02S06,STIC,SP,21064680,71644.5877335552,8.282222222222224,20231023-20240520,417.0333271118992,1,fair,NA
AIMS,2023-12-08T05:00:00Z,02S06,STIC,SP,21064680,68889.02666688002,8.282222222222224,20231023-20240520,395.4770209250236,1,fair,NA
AIMS,2023-12-08T05:15:00Z,02S06,STIC,SP,21064680,68889.02666688002,8.082222222222224,20231023-20240520,395.4770209250236,1,fair,NA
AIMS,2023-12-08T05:30:00Z,02S06,STIC,SP,21064680,68889.02666688002,8.082222222222224,20231023-20240520,395.4770209250236,1,fair,NA
AIMS,2023-12-08T05:45:00Z,02S06,STIC,SP,21064680,68889.02666688002,7.982777777777778,20231023-20240520,395.4770209250236,1,fair,NA
AIMS,2023-12-08T06:00:00Z,02S06,STIC,SP,21064680,68889.02666688002,7.982777777777778,20231023-20240520,395.4770209250236,1,fair,NA
AIMS,2023-12-08T06:15:00Z,02S06,STIC,SP,21064680,68889.02666688002,7.882222222222223,20231023-20240520,395.4770209250236,1,fair,NA
AIMS,2023-12-08T06:30:00Z,02S06,STIC,SP,21064680,68889.02666688002,8.182222222222224,20231023-20240520,395.4770209250236,1,fair,NA
AIMS,2023-12-08T06:45:00Z,02S06,STIC,SP,21064680,68889.02666688002,8.282222222222224,20231023-20240520,395.4770209250236,1,fair,NA
AIMS,2023-12-08T07:00:00Z,02S06,STIC,SP,21064680,68889.02666688002,8.182222222222224,20231023-20240520,395.4770209250236,1,fair,NA
AIMS,2023-12-08T07:15:00Z,02S06,STIC,SP,21064680,68889.02666688002,8.182222222222224,20231023-20240520,395.4770209250236,1,fair,NA
AIMS,2023-12-08T07:30:00Z,02S06,STIC,SP,21064680,68889.02666688002,8.182222222222224,20231023-20240520,395.4770209250236,1,fair,NA
AIMS,2023-12-08T07:45:00Z,02S06,STIC,SP,21064680,68889.02666688002,7.982777777777778,20231023-20240520,395.4770209250236,1,fair,NA
AIMS,2023-12-08T08:00:00Z,02S06,STIC,SP,21064680,68889.02666688002,7.982777777777778,20231023-20240520,395.4770209250236,1,fair,NA
AIMS,2023-12-08T08:15:00Z,02S06,STIC,SP,21064680,68889.02666688002,7.782222222222226,20231023-20240520,395.4770209250236,1,fair,NA
AIMS,2023-12-08T08:30:00Z,02S06,STIC,SP,21064680,68889.02666688002,7.4811111111111135,20231023-20240520,395.4770209250236,1,fair,NA
AIMS,2023-12-08T08:45:00Z,02S06,STIC,SP,21064680,68889.02666688002,7.1788888888888875,20231023-20240520,395.4770209250236,1,fair,NA
AIMS,2023-12-08T09:00:00Z,02S06,STIC,SP,21064680,68889.02666688002,7.279999999999999,20231023-20240520,395.4770209250236,1,fair,NA
AIMS,2023-12-08T09:15:00Z,02S06,STIC,SP,21064680,68889.02666688002,7.279999999999999,20231023-20240520,395.4770209250236,1,fair,NA
AIMS,2023-12-08T09:30:00Z,02S06,STIC,SP,21064680,68889.02666688002,6.977777777777779,20231023-20240520,395.4770209250236,1,fair,NA
AIMS,2023-12-08T09:45:00Z,02S06,STIC,SP,21064680,68889.02666688002,6.370000000000001,20231023-20240520,395.4770209250236,1,fair,NA
AIMS,2023-12-08T10:00:00Z,02S06,STIC,SP,21064680,68889.02666688002,6.063888888888887,20231023-20240520,395.4770209250236,1,fair,NA
AIMS,2023-12-08T10:15:00Z,02S06,STIC,SP,21064680,68889.02666688002,5.9622222222222225,20231023-20240520,395.4770209250236,1,fair,NA
AIMS,2023-12-08T10:30:00Z,02S06,STIC,SP,21064680,66133.4656002048,5.243888888888889,20231023-20240520,373.9207147381477,1,fair,NA
AIMS,2023-12-08T10:45:00Z,02S06,STIC,SP,21064680,66133.4656002048,4.933888888888889,20231023-20240520,373.9207147381477,1,fair,NA
AIMS,2023-12-08T11:00:00Z,02S06,STIC,SP,21064680,66133.4656002048,4.933888888888889,20231023-20240520,373.9207147381477,1,fair,NA
AIMS,2023-12-08T11:15:00Z,02S06,STIC,SP,21064680,66133.4656002048,5.037222222222224,20231023-20240520,373.9207147381477,1,fair,NA
AIMS,2023-12-08T11:30:00Z,02S06,STIC,SP,21064680,66133.4656002048,5.037222222222224,20231023-20240520,373.9207147381477,1,fair,NA
AIMS,2023-12-08T11:45:00Z,02S06,STIC,SP,21064680,66133.4656002048,5.037222222222224,20231023-20240520,373.9207147381477,1,fair,NA
AIMS,2023-12-08T12:00:00Z,02S06,STIC,SP,21064680,66133.4656002048,4.933888888888889,20231023-20240520,373.9207147381477,1,fair,NA
AIMS,2023-12-08T12:15:00Z,02S06,STIC,SP,21064680,66133.4656002048,4.933888888888889,20231023-20240520,373.9207147381477,1,fair,NA
AIMS,2023-12-08T12:30:00Z,02S06,STIC,SP,21064680,66133.4656002048,5.243888888888889,20231023-20240520,373.9207147381477,1,fair,NA
AIMS,2023-12-08T12:45:00Z,02S06,STIC,SP,21064680,66133.4656002048,5.552222222222222,20231023-20240520,373.9207147381477,1,fair,NA
AIMS,2023-12-08T13:00:00Z,02S06,STIC,SP,21064680,66133.4656002048,5.552222222222222,20231023-20240520,373.9207147381477,1,fair,NA
AIMS,2023-12-08T13:15:00Z,02S06,STIC,SP,21064680,66133.4656002048,5.243888888888889,20231023-20240520,373.9207147381477,1,fair,NA
AIMS,2023-12-08T13:30:00Z,02S06,STIC,SP,21064680,66133.4656002048,5.14111111111111,20231023-20240520,373.9207147381477,1,fair,NA
AIMS,2023-12-08T13:45:00Z,02S06,STIC,SP,21064680,66133.4656002048,5.243888888888889,20231023-20240520,373.9207147381477,1,fair,NA
AIMS,2023-12-08T14:00:00Z,02S06,STIC,SP,21064680,66133.4656002048,5.347222222222222,20231023-20240520,373.9207147381477,1,fair,NA
AIMS,2023-12-08T14:15:00Z,02S06,STIC,SP,21064680,66133.4656002048,5.655,20231023-20240520,373.9207147381477,1,fair,NA
AIMS,2023-12-08T14:30:00Z,02S06,STIC,SP,21064680,66133.4656002048,6.063888888888887,20231023-20240520,373.9207147381477,1,fair,NA
AIMS,2023-12-08T14:45:00Z,02S06,STIC,SP,21064680,66133.4656002048,6.877222222222222,20231023-20240520,373.9207147381477,1,fair,NA
AIMS,2023-12-08T15:00:00Z,02S06,STIC,SP,21064680,66133.4656002048,7.381111111111112,20231023-20240520,373.9207147381477,1,fair,NA
AIMS,2023-12-08T15:15:00Z,02S06,STIC,SP,21064680,66133.4656002048,7.682222222222225,20231023-20240520,373.9207147381477,1,fair,NA
AIMS,2023-12-08T15:30:00Z,02S06,STIC,SP,21064680,66133.4656002048,8.182222222222224,20231023-20240520,373.9207147381477,1,fair,NA
AIMS,2023-12-08T15:45:00Z,02S06,STIC,SP,21064680,66133.4656002048,8.382222222222223,20231023-20240520,373.9207147381477,1,fair,NA
AIMS,2023-12-08T16:00:00Z,02S06,STIC,SP,21064680,68889.02666688002,8.481111111111108,20231023-20240520,395.4770209250236,1,fair,NA
AIMS,2023-12-08T16:15:00Z,02S06,STIC,SP,21064680,68889.02666688002,9.275,20231023-20240520,395.4770209250236,1,fair,NA
AIMS,2023-12-08T16:30:00Z,02S06,STIC,SP,21064680,68889.02666688002,10.747777777777772,20231023-20240520,395.4770209250236,1,fair,NA
AIMS,2023-12-08T16:45:00Z,02S06,STIC,SP,21064680,68889.02666688002,10.552777777777775,20231023-20240520,395.4770209250236,1,fair,NA
AIMS,2023-12-08T17:00:00Z,02S06,STIC,SP,21064680,68889.02666688002,12.11,20231023-20240520,395.4770209250236,1,fair,NA
AIMS,2023-12-08T17:15:00Z,02S06,STIC,SP,21064680,71644.5877335552,12.882777777777775,20231023-20240520,417.0333271118992,1,fair,NA
AIMS,2023-12-08T17:30:00Z,02S06,STIC,SP,21064680,71644.5877335552,13.172777777777775,20231023-20240520,417.0333271118992,1,fair,NA
AIMS,2023-12-08T17:45:00Z,02S06,STIC,SP,21064680,71644.5877335552,13.84611111111111,20231023-20240520,417.0333271118992,1,fair,NA
AIMS,2023-12-08T18:00:00Z,02S06,STIC,SP,21064680,71644.5877335552,15.282222222222224,20231023-20240520,417.0333271118992,1,fair,NA
AIMS,2023-12-08T18:15:00Z,02S06,STIC,SP,21064680,74400.1488002304,16.807777777777776,20231023-20240520,438.5896332987749,1,fair,NA
AIMS,2023-12-08T18:30:00Z,02S06,STIC,SP,21064680,74400.1488002304,17.665,20231023-20240520,438.5896332987749,1,fair,NA
AIMS,2023-12-08T18:45:00Z,02S06,STIC,SP,21064680,74400.1488002304,17.76,20231023-20240520,438.5896332987749,1,fair,NA
AIMS,2023-12-08T19:00:00Z,02S06,STIC,SP,21064680,71644.5877335552,17.474999999999994,20231023-20240520,417.0333271118992,1,fair,NA
AIMS,2023-12-08T19:15:00Z,02S06,STIC,SP,21064680,71644.5877335552,17.283888888888885,20231023-20240520,417.0333271118992,1,fair,NA
AIMS,2023-12-08T19:30:00Z,02S06,STIC,SP,21064680,71644.5877335552,16.427222222222223,20231023-20240520,417.0333271118992,1,fair,NA
AIMS,2023-12-08T19:45:00Z,02S06,STIC,SP,21064680,74400.1488002304,15.76,20231023-20240520,438.5896332987749,1,fair,NA
AIMS,2023-12-08T20:00:00Z,02S06,STIC,SP,21064680,74400.1488002304,15.66388888888889,20231023-20240520,438.5896332987749,1,fair,NA
AIMS,2023-12-08T20:15:00Z,02S06,STIC,SP,21064680,74400.1488002304,15.855000000000002,20231023-20240520,438.5896332987749,1,fair,NA
AIMS,2023-12-08T20:30:00Z,02S06,STIC,SP,21064680,74400.1488002304,15.187222222222225,20231023-20240520,438.5896332987749,1,fair,NA
AIMS,2023-12-08T20:45:00Z,02S06,STIC,SP,21064680,71644.5877335552,14.708888888888888,20231023-20240520,417.0333271118992,1,fair,NA
AIMS,2023-12-08T21:00:00Z,02S06,STIC,SP,21064680,71644.5877335552,13.84611111111111,20231023-20240520,417.0333271118992,1,fair,NA
AIMS,2023-12-08T21:15:00Z,02S06,STIC,SP,21064680,71644.5877335552,12.787222222222223,20231023-20240520,417.0333271118992,1,fair,NA
AIMS,2023-12-08T21:30:00Z,02S06,STIC,SP,21064680,71644.5877335552,11.916111111111109,20231023-20240520,417.0333271118992,1,fair,NA
AIMS,2023-12-08T21:45:00Z,02S06,STIC,SP,21064680,68889.02666688002,11.527777777777779,20231023-20240520,395.4770209250236,1,fair,NA
AIMS,2023-12-08T22:00:00Z,02S06,STIC,SP,21064680,68889.02666688002,11.333888888888893,20231023-20240520,395.4770209250236,1,fair,NA
AIMS,2023-12-08T22:15:00Z,02S06,STIC,SP,21064680,66133.4656002048,11.041111111111109,20231023-20240520,373.9207147381477,1,fair,NA
AIMS,2023-12-08T22:30:00Z,02S06,STIC,SP,21064680,66133.4656002048,10.455000000000004,20231023-20240520,373.9207147381477,1,fair,NA
AIMS,2023-12-08T22:45:00Z,02S06,STIC,SP,21064680,66133.4656002048,10.062777777777775,20231023-20240520,373.9207147381477,1,fair,NA
AIMS,2023-12-08T23:00:00Z,02S06,STIC,SP,21064680,66133.4656002048,9.767777777777773,20231023-20240520,373.9207147381477,1,fair,NA
AIMS,2023-12-08T23:15:00Z,02S06,STIC,SP,21064680,68889.02666688002,9.57111111111111,20231023-20240520,395.4770209250236,1,fair,NA
AIMS,2023-12-08T23:30:00Z,02S06,STIC,SP,21064680,68889.02666688002,9.275,20231023-20240520,395.4770209250236,1,fair,NA
AIMS,2023-12-08T23:45:00Z,02S06,STIC,SP,21064680,68889.02666688002,8.68,20231023-20240520,395.4770209250236,1,fair,NA
AIMS,2023-12-09T00:00:00Z,02S06,STIC,SP,21064680,68889.02666688002,8.382222222222223,20231023-20240520,395.4770209250236,1,fair,NA
AIMS,2023-12-09T00:15:00Z,02S06,STIC,SP,21064680,68889.02666688002,7.982777777777778,20231023-20240520,395.4770209250236,1,fair,NA
AIMS,2023-12-09T00:30:00Z,02S06,STIC,SP,21064680,68889.02666688002,7.582222222222225,20231023-20240520,395.4770209250236,1,fair,NA
AIMS,2023-12-09T00:45:00Z,02S06,STIC,SP,21064680,68889.02666688002,7.1788888888888875,20231023-20240520,395.4770209250236,1,fair,NA
AIMS,2023-12-09T01:00:00Z,02S06,STIC,SP,21064680,68889.02666688002,6.977777777777779,20231023-20240520,395.4770209250236,1,fair,NA
AIMS,2023-12-09T01:15:00Z,02S06,STIC,SP,21064680,68889.02666688002,6.775,20231023-20240520,395.4770209250236,1,fair,NA
AIMS,2023-12-09T01:30:00Z,02S06,STIC,SP,21064680,68889.02666688002,6.673888888888888,20231023-20240520,395.4770209250236,1,fair,NA
AIMS,2023-12-09T01:45:00Z,02S06,STIC,SP,21064680,68889.02666688002,6.877222222222222,20231023-20240520,395.4770209250236,1,fair,NA
AIMS,2023-12-09T02:00:00Z,02S06,STIC,SP,21064680,68889.02666688002,7.381111111111112,20231023-20240520,395.4770209250236,1,fair,NA
AIMS,2023-12-09T02:15:00Z,02S06,STIC,SP,21064680,68889.02666688002,7.682222222222225,20231023-20240520,395.4770209250236,1,fair,NA
AIMS,2023-12-09T02:30:00Z,02S06,STIC,SP,21064680,66133.4656002048,7.582222222222225,20231023-20240520,373.9207147381477,1,fair,NA
AIMS,2023-12-09T02:45:00Z,02S06,STIC,SP,21064680,66133.4656002048,7.682222222222225,20231023-20240520,373.9207147381477,1,fair,NA
AIMS,2023-12-09T03:00:00Z,02S06,STIC,SP,21064680,66133.4656002048,7.782222222222226,20231023-20240520,373.9207147381477,1,fair,NA
AIMS,2023-12-09T03:15:00Z,02S06,STIC,SP,21064680,66133.4656002048,7.782222222222226,20231023-20240520,373.9207147381477,1,fair,NA
AIMS,2023-12-09T03:30:00Z,02S06,STIC,SP,21064680,66133.4656002048,7.682222222222225,20231023-20240520,373.9207147381477,1,fair,NA
AIMS,2023-12-09T03:45:00Z,02S06,STIC,SP,21064680,66133.4656002048,7.582222222222225,20231023-20240520,373.9207147381477,1,fair,NA
AIMS,2023-12-09T04:00:00Z,02S06,STIC,SP,21064680,66133.4656002048,7.582222222222225,20231023-20240520,373.9207147381477,1,fair,NA
AIMS,2023-12-09T04:15:00Z,02S06,STIC,SP,21064680,68889.02666688002,7.682222222222225,20231023-20240520,395.4770209250236,1,fair,NA
AIMS,2023-12-09T04:30:00Z,02S06,STIC,SP,21064680,68889.02666688002,7.682222222222225,20231023-20240520,395.4770209250236,1,fair,NA
AIMS,2023-12-09T04:45:00Z,02S06,STIC,SP,21064680,68889.02666688002,7.682222222222225,20231023-20240520,395.4770209250236,1,fair,NA
AIMS,2023-12-09T05:00:00Z,02S06,STIC,SP,21064680,68889.02666688002,7.682222222222225,20231023-20240520,395.4770209250236,1,fair,NA
AIMS,2023-12-09T05:15:00Z,02S06,STIC,SP,21064680,68889.02666688002,7.682222222222225,20231023-20240520,395.4770209250236,1,fair,NA
AIMS,2023-12-09T05:30:00Z,02S06,STIC,SP,21064680,68889.02666688002,7.782222222222226,20231023-20240520,395.4770209250236,1,fair,NA
AIMS,2023-12-09T05:45:00Z,02S06,STIC,SP,21064680,68889.02666688002,7.782222222222226,20231023-20240520,395.4770209250236,1,fair,NA
AIMS,2023-12-09T06:00:00Z,02S06,STIC,SP,21064680,68889.02666688002,7.682222222222225,20231023-20240520,395.4770209250236,1,fair,NA
AIMS,2023-12-09T06:15:00Z,02S06,STIC,SP,21064680,68889.02666688002,7.682222222222225,20231023-20240520,395.4770209250236,1,fair,NA
AIMS,2023-12-09T06:30:00Z,02S06,STIC,SP,21064680,68889.02666688002,7.682222222222225,20231023-20240520,395.4770209250236,1,fair,NA
AIMS,2023-12-09T06:45:00Z,02S06,STIC,SP,21064680,68889.02666688002,7.682222222222225,20231023-20240520,395.4770209250236,1,fair,NA
AIMS,2023-12-09T07:00:00Z,02S06,STIC,SP,21064680,68889.02666688002,7.582222222222225,20231023-20240520,395.4770209250236,1,fair,NA
AIMS,2023-12-09T07:15:00Z,02S06,STIC,SP,21064680,68889.02666688002,7.381111111111112,20231023-20240520,395.4770209250236,1,fair,NA
AIMS,2023-12-09T07:30:00Z,02S06,STIC,SP,21064680,66133.4656002048,7.1788888888888875,20231023-20240520,373.9207147381477,1,fair,NA
AIMS,2023-12-09T07:45:00Z,02S06,STIC,SP,21064680,66133.4656002048,6.877222222222222,20231023-20240520,373.9207147381477,1,fair,NA
AIMS,2023-12-09T08:00:00Z,02S06,STIC,SP,21064680,66133.4656002048,6.5727777777777785,20231023-20240520,373.9207147381477,1,fair,NA
AIMS,2023-12-09T08:15:00Z,02S06,STIC,SP,21064680,66133.4656002048,6.267777777777775,20231023-20240520,373.9207147381477,1,fair,NA
AIMS,2023-12-09T08:30:00Z,02S06,STIC,SP,21064680,66133.4656002048,5.7572222222222225,20231023-20240520,373.9207147381477,1,fair,NA
AIMS,2023-12-09T08:45:00Z,02S06,STIC,SP,21064680,66133.4656002048,5.450000000000001,20231023-20240520,373.9207147381477,1,fair,NA
AIMS,2023-12-09T09:00:00Z,02S06,STIC,SP,21064680,66133.4656002048,5.450000000000001,20231023-20240520,373.9207147381477,1,fair,NA
AIMS,2023-12-09T09:15:00Z,02S06,STIC,SP,21064680,66133.4656002048,5.347222222222222,20231023-20240520,373.9207147381477,1,fair,NA
AIMS,2023-12-09T09:30:00Z,02S06,STIC,SP,21064680,66133.4656002048,5.347222222222222,20231023-20240520,373.9207147381477,1,fair,NA
AIMS,2023-12-09T09:45:00Z,02S06,STIC,SP,21064680,66133.4656002048,5.14111111111111,20231023-20240520,373.9207147381477,1,fair,NA
AIMS,2023-12-09T10:00:00Z,02S06,STIC,SP,21064680,66133.4656002048,5.037222222222224,20231023-20240520,373.9207147381477,1,fair,NA
AIMS,2023-12-09T10:15:00Z,02S06,STIC,SP,21064680,66133.4656002048,4.933888888888889,20231023-20240520,373.9207147381477,1,fair,NA
AIMS,2023-12-09T10:30:00Z,02S06,STIC,SP,21064680,66133.4656002048,4.727222222222222,20231023-20240520,373.9207147381477,1,fair,NA
AIMS,2023-12-09T10:45:00Z,02S06,STIC,SP,21064680,66133.4656002048,4.518888888888888,20231023-20240520,373.9207147381477,1,fair,NA
AIMS,2023-12-09T11:00:00Z,02S06,STIC,SP,21064680,63377.9045335296,4.31111111111111,20231023-20240520,352.364408551272,1,fair,NA
AIMS,2023-12-09T11:15:00Z,02S06,STIC,SP,21064680,63377.9045335296,4.102222222222222,20231023-20240520,352.364408551272,1,fair,NA
AIMS,2023-12-09T11:30:00Z,02S06,STIC,SP,21064680,66133.4656002048,3.8927777777777774,20231023-20240520,373.9207147381477,1,fair,NA
AIMS,2023-12-09T11:45:00Z,02S06,STIC,SP,21064680,66133.4656002048,3.7877777777777784,20231023-20240520,373.9207147381477,1,fair,NA
AIMS,2023-12-09T12:00:00Z,02S06,STIC,SP,21064680,63377.9045335296,3.6827777777777775,20231023-20240520,352.364408551272,1,fair,NA
AIMS,2023-12-09T12:15:00Z,02S06,STIC,SP,21064680,63377.9045335296,3.5777777777777775,20231023-20240520,352.364408551272,1,fair,NA
AIMS,2023-12-09T12:30:00Z,02S06,STIC,SP,21064680,63377.9045335296,3.5777777777777775,20231023-20240520,352.364408551272,1,fair,NA
AIMS,2023-12-09T12:45:00Z,02S06,STIC,SP,21064680,63377.9045335296,3.4722222222222223,20231023-20240520,352.364408551272,1,fair,NA
AIMS,2023-12-09T13:00:00Z,02S06,STIC,SP,21064680,63377.9045335296,3.4722222222222223,20231023-20240520,352.364408551272,1,fair,NA
AIMS,2023-12-09T13:15:00Z,02S06,STIC,SP,21064680,63377.9045335296,3.26111111111111,20231023-20240520,352.364408551272,1,fair,NA
AIMS,2023-12-09T13:30:00Z,02S06,STIC,SP,21064680,63377.9045335296,3.26111111111111,20231023-20240520,352.364408551272,1,fair,NA
AIMS,2023-12-09T13:45:00Z,02S06,STIC,SP,21064680,63377.9045335296,3.5777777777777775,20231023-20240520,352.364408551272,1,fair,NA
AIMS,2023-12-09T14:00:00Z,02S06,STIC,SP,21064680,63377.9045335296,3.5777777777777775,20231023-20240520,352.364408551272,1,fair,NA
AIMS,2023-12-09T14:15:00Z,02S06,STIC,SP,21064680,60622.3434668544,3.367222222222223,20231023-20240520,330.80810236439635,1,fair,NA
AIMS,2023-12-09T14:30:00Z,02S06,STIC,SP,21064680,63377.9045335296,3.4722222222222223,20231023-20240520,352.364408551272,1,fair,NA
AIMS,2023-12-09T14:45:00Z,02S06,STIC,SP,21064680,63377.9045335296,3.6827777777777775,20231023-20240520,352.364408551272,1,fair,NA
AIMS,2023-12-09T15:00:00Z,02S06,STIC,SP,21064680,63377.9045335296,3.7877777777777784,20231023-20240520,352.364408551272,1,fair,NA
AIMS,2023-12-09T15:15:00Z,02S06,STIC,SP,21064680,63377.9045335296,3.8927777777777774,20231023-20240520,352.364408551272,1,fair,NA
AIMS,2023-12-09T15:30:00Z,02S06,STIC,SP,21064680,63377.9045335296,4.102222222222222,20231023-20240520,352.364408551272,1,fair,NA
AIMS,2023-12-09T15:45:00Z,02S06,STIC,SP,21064680,63377.9045335296,4.31111111111111,20231023-20240520,352.364408551272,1,fair,NA
AIMS,2023-12-09T16:00:00Z,02S06,STIC,SP,21064680,63377.9045335296,4.518888888888888,20231023-20240520,352.364408551272,1,fair,NA
AIMS,2023-12-09T16:15:00Z,02S06,STIC,SP,21064680,63377.9045335296,4.933888888888889,20231023-20240520,352.364408551272,1,fair,NA
AIMS,2023-12-09T16:30:00Z,02S06,STIC,SP,21064680,63377.9045335296,6.063888888888887,20231023-20240520,352.364408551272,1,fair,NA
AIMS,2023-12-09T16:45:00Z,02S06,STIC,SP,21064680,63377.9045335296,6.063888888888887,20231023-20240520,352.364408551272,1,fair,NA
AIMS,2023-12-09T17:00:00Z,02S06,STIC,SP,21064680,66133.4656002048,6.977777777777779,20231023-20240520,373.9207147381477,1,fair,NA
AIMS,2023-12-09T17:15:00Z,02S06,STIC,SP,21064680,66133.4656002048,7.682222222222225,20231023-20240520,373.9207147381477,1,fair,NA
AIMS,2023-12-09T17:30:00Z,02S06,STIC,SP,21064680,66133.4656002048,8.182222222222224,20231023-20240520,373.9207147381477,1,fair,NA
AIMS,2023-12-09T17:45:00Z,02S06,STIC,SP,21064680,66133.4656002048,9.17611111111111,20231023-20240520,373.9207147381477,1,fair,NA
AIMS,2023-12-09T18:00:00Z,02S06,STIC,SP,21064680,66133.4656002048,10.552777777777775,20231023-20240520,373.9207147381477,1,fair,NA
AIMS,2023-12-09T18:15:00Z,02S06,STIC,SP,21064680,66133.4656002048,11.916111111111109,20231023-20240520,373.9207147381477,1,fair,NA
AIMS,2023-12-09T18:30:00Z,02S06,STIC,SP,21064680,66133.4656002048,12.69,20231023-20240520,373.9207147381477,1,fair,NA
AIMS,2023-12-09T18:45:00Z,02S06,STIC,SP,21064680,68889.02666688002,12.59388888888889,20231023-20240520,395.4770209250236,1,fair,NA
AIMS,2023-12-09T19:00:00Z,02S06,STIC,SP,21064680,66133.4656002048,12.11,20231023-20240520,373.9207147381477,1,fair,NA
AIMS,2023-12-09T19:15:00Z,02S06,STIC,SP,21064680,68889.02666688002,12.012777777777774,20231023-20240520,395.4770209250236,1,fair,NA
AIMS,2023-12-09T19:30:00Z,02S06,STIC,SP,21064680,68889.02666688002,11.138888888888888,20231023-20240520,395.4770209250236,1,fair,NA
AIMS,2023-12-09T19:45:00Z,02S06,STIC,SP,21064680,66133.4656002048,10.747777777777772,20231023-20240520,373.9207147381477,1,fair,NA
AIMS,2023-12-09T20:00:00Z,02S06,STIC,SP,21064680,66133.4656002048,10.552777777777775,20231023-20240520,373.9207147381477,1,fair,NA
AIMS,2023-12-09T20:15:00Z,02S06,STIC,SP,21064680,66133.4656002048,10.552777777777775,20231023-20240520,373.9207147381477,1,fair,NA
AIMS,2023-12-09T20:30:00Z,02S06,STIC,SP,21064680,66133.4656002048,9.965000000000002,20231023-20240520,373.9207147381477,1,fair,NA
AIMS,2023-12-09T20:45:00Z,02S06,STIC,SP,21064680,63377.9045335296,9.57111111111111,20231023-20240520,352.364408551272,1,fair,NA
AIMS,2023-12-09T21:00:00Z,02S06,STIC,SP,21064680,66133.4656002048,9.472222222222221,20231023-20240520,373.9207147381477,1,fair,NA
AIMS,2023-12-09T21:15:00Z,02S06,STIC,SP,21064680,66133.4656002048,9.17611111111111,20231023-20240520,373.9207147381477,1,fair,NA
AIMS,2023-12-09T21:30:00Z,02S06,STIC,SP,21064680,66133.4656002048,7.682222222222225,20231023-20240520,373.9207147381477,1,fair,NA
AIMS,2023-12-09T21:45:00Z,02S06,STIC,SP,21064680,66133.4656002048,6.775,20231023-20240520,373.9207147381477,1,fair,NA
AIMS,2023-12-09T22:00:00Z,02S06,STIC,SP,21064680,63377.9045335296,6.1661111111111095,20231023-20240520,352.364408551272,1,fair,NA
AIMS,2023-12-09T22:15:00Z,02S06,STIC,SP,21064680,63377.9045335296,5.86,20231023-20240520,352.364408551272,1,fair,NA
AIMS,2023-12-09T22:30:00Z,02S06,STIC,SP,21064680,63377.9045335296,5.450000000000001,20231023-20240520,352.364408551272,1,fair,NA
AIMS,2023-12-09T22:45:00Z,02S06,STIC,SP,21064680,63377.9045335296,5.14111111111111,20231023-20240520,352.364408551272,1,fair,NA
AIMS,2023-12-09T23:00:00Z,02S06,STIC,SP,21064680,63377.9045335296,4.8311111111111105,20231023-20240520,352.364408551272,1,fair,NA
AIMS,2023-12-09T23:15:00Z,02S06,STIC,SP,21064680,63377.9045335296,4.518888888888888,20231023-20240520,352.364408551272,1,fair,NA
AIMS,2023-12-09T23:30:00Z,02S06,STIC,SP,21064680,63377.9045335296,4.2072222222222235,20231023-20240520,352.364408551272,1,fair,NA
AIMS,2023-12-09T23:45:00Z,02S06,STIC,SP,21064680,63377.9045335296,4.102222222222222,20231023-20240520,352.364408551272,1,fair,NA
AIMS,2023-12-10T00:00:00Z,02S06,STIC,SP,21064680,63377.9045335296,3.8927777777777774,20231023-20240520,352.364408551272,1,fair,NA
AIMS,2023-12-10T00:15:00Z,02S06,STIC,SP,21064680,63377.9045335296,3.7877777777777784,20231023-20240520,352.364408551272,1,fair,NA
AIMS,2023-12-10T00:30:00Z,02S06,STIC,SP,21064680,63377.9045335296,3.6827777777777775,20231023-20240520,352.364408551272,1,fair,NA
AIMS,2023-12-10T00:45:00Z,02S06,STIC,SP,21064680,63377.9045335296,3.4722222222222223,20231023-20240520,352.364408551272,1,fair,NA
AIMS,2023-12-10T01:00:00Z,02S06,STIC,SP,21064680,63377.9045335296,3.367222222222223,20231023-20240520,352.364408551272,1,fair,NA
AIMS,2023-12-10T01:15:00Z,02S06,STIC,SP,21064680,63377.9045335296,3.26111111111111,20231023-20240520,352.364408551272,1,fair,NA
AIMS,2023-12-10T01:30:00Z,02S06,STIC,SP,21064680,63377.9045335296,3.1550000000000007,20231023-20240520,352.364408551272,1,fair,NA
AIMS,2023-12-10T01:45:00Z,02S06,STIC,SP,21064680,63377.9045335296,3.048888888888888,20231023-20240520,352.364408551272,1,fair,NA
AIMS,2023-12-10T02:00:00Z,02S06,STIC,SP,21064680,63377.9045335296,2.942777777777777,20231023-20240520,352.364408551272,1,fair,NA
AIMS,2023-12-10T02:15:00Z,02S06,STIC,SP,21064680,63377.9045335296,2.730000000000001,20231023-20240520,352.364408551272,1,fair,NA
AIMS,2023-12-10T02:30:00Z,02S06,STIC,SP,21064680,63377.9045335296,2.6238888888888883,20231023-20240520,352.364408551272,1,fair,NA
AIMS,2023-12-10T02:45:00Z,02S06,STIC,SP,21064680,60622.3434668544,2.5172222222222222,20231023-20240520,330.80810236439635,1,fair,NA
AIMS,2023-12-10T03:00:00Z,02S06,STIC,SP,21064680,60622.3434668544,2.30277777777778,20231023-20240520,330.80810236439635,1,fair,NA
AIMS,2023-12-10T03:15:00Z,02S06,STIC,SP,21064680,60622.3434668544,2.1950000000000003,20231023-20240520,330.80810236439635,1,fair,NA
AIMS,2023-12-10T03:30:00Z,02S06,STIC,SP,21064680,60622.3434668544,2.08777777777778,20231023-20240520,330.80810236439635,1,fair,NA
AIMS,2023-12-10T03:45:00Z,02S06,STIC,SP,21064680,60622.3434668544,1.98,20231023-20240520,330.80810236439635,1,fair,NA
AIMS,2023-12-10T04:00:00Z,02S06,STIC,SP,21064680,60622.3434668544,1.98,20231023-20240520,330.80810236439635,1,fair,NA
AIMS,2023-12-10T04:15:00Z,02S06,STIC,SP,21064680,60622.3434668544,1.7638888888888873,20231023-20240520,330.80810236439635,1,fair,NA
AIMS,2023-12-10T04:30:00Z,02S06,STIC,SP,21064680,60622.3434668544,1.6561111111111122,20231023-20240520,330.80810236439635,1,fair,NA
AIMS,2023-12-10T04:45:00Z,02S06,STIC,SP,21064680,60622.3434668544,1.5477777777777786,20231023-20240520,330.80810236439635,1,fair,NA
AIMS,2023-12-10T05:00:00Z,02S06,STIC,SP,21064680,60622.3434668544,1.4388888888888909,20231023-20240520,330.80810236439635,1,fair,NA
AIMS,2023-12-10T05:15:00Z,02S06,STIC,SP,21064680,60622.3434668544,1.329999999999999,20231023-20240520,330.80810236439635,1,fair,NA
AIMS,2023-12-10T05:30:00Z,02S06,STIC,SP,21064680,60622.3434668544,1.2211111111111113,20231023-20240520,330.80810236439635,1,fair,NA
AIMS,2023-12-10T05:45:00Z,02S06,STIC,SP,21064680,60622.3434668544,1.2211111111111113,20231023-20240520,330.80810236439635,1,fair,NA
AIMS,2023-12-10T06:00:00Z,02S06,STIC,SP,21064680,60622.3434668544,1.1122222222222238,20231023-20240520,330.80810236439635,1,fair,NA
AIMS,2023-12-10T06:15:00Z,02S06,STIC,SP,21064680,60622.3434668544,1.1122222222222238,20231023-20240520,330.80810236439635,1,fair,NA
AIMS,2023-12-10T06:30:00Z,02S06,STIC,SP,21064680,60622.3434668544,1.0027777777777775,20231023-20240520,330.80810236439635,1,fair,NA
AIMS,2023-12-10T06:45:00Z,02S06,STIC,SP,21064680,60622.3434668544,1.0027777777777775,20231023-20240520,330.80810236439635,1,fair,NA
AIMS,2023-12-10T07:00:00Z,02S06,STIC,SP,21064680,57866.782400179196,0.8927777777777774,20231023-20240520,309.25179617752065,1,fair,NA
AIMS,2023-12-10T07:15:00Z,02S06,STIC,SP,21064680,57866.782400179196,0.7838888888888895,20231023-20240520,309.25179617752065,1,fair,NA
AIMS,2023-12-10T07:30:00Z,02S06,STIC,SP,21064680,57866.782400179196,0.6738888888888894,20231023-20240520,309.25179617752065,1,fair,NA
AIMS,2023-12-10T07:45:00Z,02S06,STIC,SP,21064680,57866.782400179196,0.6738888888888894,20231023-20240520,309.25179617752065,1,fair,NA
AIMS,2023-12-10T08:00:00Z,02S06,STIC,SP,21064680,60622.3434668544,0.5627777777777767,20231023-20240520,330.80810236439635,1,fair,NA
AIMS,2023-12-10T08:15:00Z,02S06,STIC,SP,21064680,60622.3434668544,0.5627777777777767,20231023-20240520,330.80810236439635,1,fair,NA
AIMS,2023-12-10T08:30:00Z,02S06,STIC,SP,21064680,60622.3434668544,0.5627777777777767,20231023-20240520,330.80810236439635,1,fair,NA
AIMS,2023-12-10T08:45:00Z,02S06,STIC,SP,21064680,60622.3434668544,0.45277777777777656,20231023-20240520,330.80810236439635,1,fair,NA
AIMS,2023-12-10T09:00:00Z,02S06,STIC,SP,21064680,60622.3434668544,0.45277777777777656,20231023-20240520,330.80810236439635,1,fair,NA
AIMS,2023-12-10T09:15:00Z,02S06,STIC,SP,21064680,60622.3434668544,0.7838888888888895,20231023-20240520,330.80810236439635,1,fair,NA
AIMS,2023-12-10T09:30:00Z,02S06,STIC,SP,21064680,60622.3434668544,0.5627777777777767,20231023-20240520,330.80810236439635,1,fair,NA
AIMS,2023-12-10T09:45:00Z,02S06,STIC,SP,21064680,60622.3434668544,0.3427777777777763,20231023-20240520,330.80810236439635,1,fair,NA
AIMS,2023-12-10T10:00:00Z,02S06,STIC,SP,21064680,60622.3434668544,0.3427777777777763,20231023-20240520,330.80810236439635,1,fair,NA
AIMS,2023-12-10T10:15:00Z,02S06,STIC,SP,21064680,60622.3434668544,0.23222222222222183,20231023-20240520,330.80810236439635,1,fair,NA
AIMS,2023-12-10T10:30:00Z,02S06,STIC,SP,21064680,60622.3434668544,0.01000000000000037,20231023-20240520,330.80810236439635,1,fair,NA
AIMS,2023-12-10T10:45:00Z,02S06,STIC,SP,21064680,60622.3434668544,-0.10222222222222284,20231023-20240520,330.80810236439635,1,fair,NA
AIMS,2023-12-10T11:00:00Z,02S06,STIC,SP,21064680,60622.3434668544,-0.32500000000000046,20231023-20240520,330.80810236439635,1,fair,NA
AIMS,2023-12-10T11:15:00Z,02S06,STIC,SP,21064680,60622.3434668544,-0.32500000000000046,20231023-20240520,330.80810236439635,1,fair,NA
AIMS,2023-12-10T11:30:00Z,02S06,STIC,SP,21064680,60622.3434668544,-0.5488888888888886,20231023-20240520,330.80810236439635,1,fair,NA
AIMS,2023-12-10T11:45:00Z,02S06,STIC,SP,21064680,60622.3434668544,-0.7738888888888894,20231023-20240520,330.80810236439635,1,fair,NA
AIMS,2023-12-10T12:00:00Z,02S06,STIC,SP,21064680,60622.3434668544,-1.0011111111111108,20231023-20240520,330.80810236439635,1,fair,NA
AIMS,2023-12-10T12:15:00Z,02S06,STIC,SP,21064680,60622.3434668544,-1.227777777777778,20231023-20240520,330.80810236439635,1,fair,NA
AIMS,2023-12-10T12:30:00Z,02S06,STIC,SP,21064680,60622.3434668544,-1.341111111111112,20231023-20240520,330.80810236439635,1,fair,NA
AIMS,2023-12-10T12:45:00Z,02S06,STIC,SP,21064680,60622.3434668544,-1.0011111111111108,20231023-20240520,330.80810236439635,1,fair,NA
AIMS,2023-12-10T13:00:00Z,02S06,STIC,SP,21064680,60622.3434668544,-0.7738888888888894,20231023-20240520,330.80810236439635,1,fair,NA
AIMS,2023-12-10T13:15:00Z,02S06,STIC,SP,21064680,60622.3434668544,-0.6622222222222222,20231023-20240520,330.80810236439635,1,fair,NA
AIMS,2023-12-10T13:30:00Z,02S06,STIC,SP,21064680,60622.3434668544,-0.6622222222222222,20231023-20240520,330.80810236439635,1,fair,NA
AIMS,2023-12-10T13:45:00Z,02S06,STIC,SP,21064680,60622.3434668544,-0.5488888888888886,20231023-20240520,330.80810236439635,1,fair,NA
AIMS,2023-12-10T14:00:00Z,02S06,STIC,SP,21064680,60622.3434668544,-0.5488888888888886,20231023-20240520,330.80810236439635,1,fair,NA
AIMS,2023-12-10T14:15:00Z,02S06,STIC,SP,21064680,60622.3434668544,-0.5488888888888886,20231023-20240520,330.80810236439635,1,fair,NA
AIMS,2023-12-10T14:30:00Z,02S06,STIC,SP,21064680,60622.3434668544,-0.4372222222222218,20231023-20240520,330.80810236439635,1,fair,NA
AIMS,2023-12-10T14:45:00Z,02S06,STIC,SP,21064680,60622.3434668544,-0.10222222222222284,20231023-20240520,330.80810236439635,1,fair,NA
AIMS,2023-12-10T15:00:00Z,02S06,STIC,SP,21064680,60622.3434668544,0.23222222222222183,20231023-20240520,330.80810236439635,1,fair,NA
AIMS,2023-12-10T15:15:00Z,02S06,STIC,SP,21064680,60622.3434668544,0.45277777777777656,20231023-20240520,330.80810236439635,1,fair,NA
AIMS,2023-12-10T15:30:00Z,02S06,STIC,SP,21064680,60622.3434668544,0.6738888888888894,20231023-20240520,330.80810236439635,1,fair,NA
AIMS,2023-12-10T15:45:00Z,02S06,STIC,SP,21064680,60622.3434668544,1.0027777777777775,20231023-20240520,330.80810236439635,1,fair,NA
AIMS,2023-12-10T16:00:00Z,02S06,STIC,SP,21064680,60622.3434668544,1.4388888888888909,20231023-20240520,330.80810236439635,1,fair,NA
AIMS,2023-12-10T16:15:00Z,02S06,STIC,SP,21064680,60622.3434668544,1.98,20231023-20240520,330.80810236439635,1,fair,NA
AIMS,2023-12-10T16:30:00Z,02S06,STIC,SP,21064680,60622.3434668544,3.4722222222222223,20231023-20240520,330.80810236439635,1,fair,NA
AIMS,2023-12-10T16:45:00Z,02S06,STIC,SP,21064680,63377.9045335296,3.8927777777777774,20231023-20240520,352.364408551272,1,fair,NA
AIMS,2023-12-10T17:00:00Z,02S06,STIC,SP,21064680,63377.9045335296,5.14111111111111,20231023-20240520,352.364408551272,1,fair,NA
AIMS,2023-12-10T17:15:00Z,02S06,STIC,SP,21064680,63377.9045335296,5.552222222222222,20231023-20240520,352.364408551272,1,fair,NA
AIMS,2023-12-10T17:30:00Z,02S06,STIC,SP,21064680,63377.9045335296,6.063888888888887,20231023-20240520,352.364408551272,1,fair,NA
AIMS,2023-12-10T17:45:00Z,02S06,STIC,SP,21064680,66133.4656002048,6.5727777777777785,20231023-20240520,373.9207147381477,1,fair,NA
AIMS,2023-12-10T18:00:00Z,02S06,STIC,SP,21064680,66133.4656002048,7.682222222222225,20231023-20240520,373.9207147381477,1,fair,NA
AIMS,2023-12-10T18:15:00Z,02S06,STIC,SP,21064680,66133.4656002048,8.87888888888889,20231023-20240520,373.9207147381477,1,fair,NA
AIMS,2023-12-10T18:30:00Z,02S06,STIC,SP,21064680,66133.4656002048,9.66888888888889,20231023-20240520,373.9207147381477,1,fair,NA
AIMS,2023-12-10T18:45:00Z,02S06,STIC,SP,21064680,66133.4656002048,9.866111111111111,20231023-20240520,373.9207147381477,1,fair,NA
AIMS,2023-12-10T19:00:00Z,02S06,STIC,SP,21064680,66133.4656002048,9.965000000000002,20231023-20240520,373.9207147381477,1,fair,NA
AIMS,2023-12-10T19:15:00Z,02S06,STIC,SP,21064680,66133.4656002048,8.382222222222223,20231023-20240520,373.9207147381477,1,fair,NA
AIMS,2023-12-10T19:30:00Z,02S06,STIC,SP,21064680,68889.02666688002,9.077222222222222,20231023-20240520,395.4770209250236,1,fair,NA
AIMS,2023-12-10T19:45:00Z,02S06,STIC,SP,21064680,68889.02666688002,8.977777777777774,20231023-20240520,395.4770209250236,1,fair,NA
AIMS,2023-12-10T20:00:00Z,02S06,STIC,SP,21064680,68889.02666688002,8.182222222222224,20231023-20240520,395.4770209250236,1,fair,NA
AIMS,2023-12-10T20:15:00Z,02S06,STIC,SP,21064680,66133.4656002048,7.582222222222225,20231023-20240520,373.9207147381477,1,fair,NA
AIMS,2023-12-10T20:30:00Z,02S06,STIC,SP,21064680,66133.4656002048,7.381111111111112,20231023-20240520,373.9207147381477,1,fair,NA
AIMS,2023-12-10T20:45:00Z,02S06,STIC,SP,21064680,66133.4656002048,7.381111111111112,20231023-20240520,373.9207147381477,1,fair,NA
AIMS,2023-12-10T21:00:00Z,02S06,STIC,SP,21064680,66133.4656002048,7.381111111111112,20231023-20240520,373.9207147381477,1,fair,NA
AIMS,2023-12-10T21:15:00Z,02S06,STIC,SP,21064680,66133.4656002048,7.078888888888887,20231023-20240520,373.9207147381477,1,fair,NA
AIMS,2023-12-10T21:30:00Z,02S06,STIC,SP,21064680,66133.4656002048,6.775,20231023-20240520,373.9207147381477,1,fair,NA
AIMS,2023-12-10T21:45:00Z,02S06,STIC,SP,21064680,66133.4656002048,6.673888888888888,20231023-20240520,373.9207147381477,1,fair,NA
AIMS,2023-12-10T22:00:00Z,02S06,STIC,SP,21064680,68889.02666688002,6.471111111111114,20231023-20240520,395.4770209250236,1,fair,NA
AIMS,2023-12-10T22:15:00Z,02S06,STIC,SP,21064680,68889.02666688002,6.370000000000001,20231023-20240520,395.4770209250236,1,fair,NA
AIMS,2023-12-10T22:30:00Z,02S06,STIC,SP,21064680,68889.02666688002,6.063888888888887,20231023-20240520,395.4770209250236,1,fair,NA
AIMS,2023-12-10T22:45:00Z,02S06,STIC,SP,21064680,68889.02666688002,5.347222222222222,20231023-20240520,395.4770209250236,1,fair,NA
AIMS,2023-12-10T23:00:00Z,02S06,STIC,SP,21064680,68889.02666688002,4.933888888888889,20231023-20240520,395.4770209250236,1,fair,NA
AIMS,2023-12-10T23:15:00Z,02S06,STIC,SP,21064680,68889.02666688002,4.933888888888889,20231023-20240520,395.4770209250236,1,fair,NA
AIMS,2023-12-10T23:30:00Z,02S06,STIC,SP,21064680,68889.02666688002,4.933888888888889,20231023-20240520,395.4770209250236,1,fair,NA
AIMS,2023-12-10T23:45:00Z,02S06,STIC,SP,21064680,68889.02666688002,4.727222222222222,20231023-20240520,395.4770209250236,1,fair,NA
AIMS,2023-12-11T00:00:00Z,02S06,STIC,SP,21064680,68889.02666688002,4.518888888888888,20231023-20240520,395.4770209250236,1,fair,NA
AIMS,2023-12-11T00:15:00Z,02S06,STIC,SP,21064680,68889.02666688002,4.31111111111111,20231023-20240520,395.4770209250236,1,fair,NA
AIMS,2023-12-11T00:30:00Z,02S06,STIC,SP,21064680,68889.02666688002,4.31111111111111,20231023-20240520,395.4770209250236,1,fair,NA
AIMS,2023-12-11T00:45:00Z,02S06,STIC,SP,21064680,66133.4656002048,4.2072222222222235,20231023-20240520,373.9207147381477,1,fair,NA
AIMS,2023-12-11T01:00:00Z,02S06,STIC,SP,21064680,66133.4656002048,3.8927777777777774,20231023-20240520,373.9207147381477,1,fair,NA
AIMS,2023-12-11T01:15:00Z,02S06,STIC,SP,21064680,66133.4656002048,3.6827777777777775,20231023-20240520,373.9207147381477,1,fair,NA
AIMS,2023-12-11T01:30:00Z,02S06,STIC,SP,21064680,66133.4656002048,3.4722222222222223,20231023-20240520,373.9207147381477,1,fair,NA
AIMS,2023-12-11T01:45:00Z,02S06,STIC,SP,21064680,66133.4656002048,3.5777777777777775,20231023-20240520,373.9207147381477,1,fair,NA
AIMS,2023-12-11T02:00:00Z,02S06,STIC,SP,21064680,66133.4656002048,3.5777777777777775,20231023-20240520,373.9207147381477,1,fair,NA
AIMS,2023-12-11T02:15:00Z,02S06,STIC,SP,21064680,66133.4656002048,3.367222222222223,20231023-20240520,373.9207147381477,1,fair,NA
AIMS,2023-12-11T02:30:00Z,02S06,STIC,SP,21064680,66133.4656002048,3.26111111111111,20231023-20240520,373.9207147381477,1,fair,NA
AIMS,2023-12-11T02:45:00Z,02S06,STIC,SP,21064680,66133.4656002048,3.1550000000000007,20231023-20240520,373.9207147381477,1,fair,NA
AIMS,2023-12-11T03:00:00Z,02S06,STIC,SP,21064680,66133.4656002048,3.048888888888888,20231023-20240520,373.9207147381477,1,fair,NA
AIMS,2023-12-11T03:15:00Z,02S06,STIC,SP,21064680,66133.4656002048,2.837222222222221,20231023-20240520,373.9207147381477,1,fair,NA
AIMS,2023-12-11T03:30:00Z,02S06,STIC,SP,21064680,66133.4656002048,2.730000000000001,20231023-20240520,373.9207147381477,1,fair,NA
AIMS,2023-12-11T03:45:00Z,02S06,STIC,SP,21064680,66133.4656002048,2.730000000000001,20231023-20240520,373.9207147381477,1,fair,NA
AIMS,2023-12-11T04:00:00Z,02S06,STIC,SP,21064680,66133.4656002048,2.6238888888888883,20231023-20240520,373.9207147381477,1,fair,NA
AIMS,2023-12-11T04:15:00Z,02S06,STIC,SP,21064680,66133.4656002048,2.5172222222222222,20231023-20240520,373.9207147381477,1,fair,NA
AIMS,2023-12-11T04:30:00Z,02S06,STIC,SP,21064680,66133.4656002048,2.41,20231023-20240520,373.9207147381477,1,fair,NA
AIMS,2023-12-11T04:45:00Z,02S06,STIC,SP,21064680,66133.4656002048,2.41,20231023-20240520,373.9207147381477,1,fair,NA
AIMS,2023-12-11T05:00:00Z,02S06,STIC,SP,21064680,66133.4656002048,2.30277777777778,20231023-20240520,373.9207147381477,1,fair,NA
AIMS,2023-12-11T05:15:00Z,02S06,STIC,SP,21064680,66133.4656002048,2.30277777777778,20231023-20240520,373.9207147381477,1,fair,NA
AIMS,2023-12-11T05:30:00Z,02S06,STIC,SP,21064680,66133.4656002048,2.1950000000000003,20231023-20240520,373.9207147381477,1,fair,NA
AIMS,2023-12-11T05:45:00Z,02S06,STIC,SP,21064680,66133.4656002048,2.1950000000000003,20231023-20240520,373.9207147381477,1,fair,NA
AIMS,2023-12-11T06:00:00Z,02S06,STIC,SP,21064680,66133.4656002048,2.08777777777778,20231023-20240520,373.9207147381477,1,fair,NA
AIMS,2023-12-11T06:15:00Z,02S06,STIC,SP,21064680,66133.4656002048,2.08777777777778,20231023-20240520,373.9207147381477,1,fair,NA
AIMS,2023-12-11T06:30:00Z,02S06,STIC,SP,21064680,66133.4656002048,1.98,20231023-20240520,373.9207147381477,1,fair,NA
AIMS,2023-12-11T06:45:00Z,02S06,STIC,SP,21064680,66133.4656002048,1.8722222222222211,20231023-20240520,373.9207147381477,1,fair,NA
AIMS,2023-12-11T07:00:00Z,02S06,STIC,SP,21064680,66133.4656002048,1.7638888888888873,20231023-20240520,373.9207147381477,1,fair,NA
AIMS,2023-12-11T07:15:00Z,02S06,STIC,SP,21064680,66133.4656002048,1.6561111111111122,20231023-20240520,373.9207147381477,1,fair,NA
AIMS,2023-12-11T07:30:00Z,02S06,STIC,SP,21064680,66133.4656002048,1.6561111111111122,20231023-20240520,373.9207147381477,1,fair,NA
AIMS,2023-12-11T07:45:00Z,02S06,STIC,SP,21064680,66133.4656002048,1.5477777777777786,20231023-20240520,373.9207147381477,1,fair,NA
AIMS,2023-12-11T08:00:00Z,02S06,STIC,SP,21064680,66133.4656002048,1.5477777777777786,20231023-20240520,373.9207147381477,1,fair,NA
AIMS,2023-12-11T08:15:00Z,02S06,STIC,SP,21064680,66133.4656002048,1.5477777777777786,20231023-20240520,373.9207147381477,1,fair,NA
AIMS,2023-12-11T08:30:00Z,02S06,STIC,SP,21064680,66133.4656002048,1.4388888888888909,20231023-20240520,373.9207147381477,1,fair,NA
AIMS,2023-12-11T08:45:00Z,02S06,STIC,SP,21064680,66133.4656002048,1.4388888888888909,20231023-20240520,373.9207147381477,1,fair,NA
AIMS,2023-12-11T09:00:00Z,02S06,STIC,SP,21064680,66133.4656002048,1.4388888888888909,20231023-20240520,373.9207147381477,1,fair,NA
AIMS,2023-12-11T09:15:00Z,02S06,STIC,SP,21064680,66133.4656002048,1.329999999999999,20231023-20240520,373.9207147381477,1,fair,NA
AIMS,2023-12-11T09:30:00Z,02S06,STIC,SP,21064680,66133.4656002048,1.329999999999999,20231023-20240520,373.9207147381477,1,fair,NA
AIMS,2023-12-11T09:45:00Z,02S06,STIC,SP,21064680,66133.4656002048,1.329999999999999,20231023-20240520,373.9207147381477,1,fair,NA
AIMS,2023-12-11T10:00:00Z,02S06,STIC,SP,21064680,66133.4656002048,1.2211111111111113,20231023-20240520,373.9207147381477,1,fair,NA
AIMS,2023-12-11T10:15:00Z,02S06,STIC,SP,21064680,66133.4656002048,1.2211111111111113,20231023-20240520,373.9207147381477,1,fair,NA
AIMS,2023-12-11T10:30:00Z,02S06,STIC,SP,21064680,66133.4656002048,1.1122222222222238,20231023-20240520,373.9207147381477,1,fair,NA
AIMS,2023-12-11T10:45:00Z,02S06,STIC,SP,21064680,66133.4656002048,1.0027777777777775,20231023-20240520,373.9207147381477,1,fair,NA
AIMS,2023-12-11T11:00:00Z,02S06,STIC,SP,21064680,66133.4656002048,1.0027777777777775,20231023-20240520,373.9207147381477,1,fair,NA
AIMS,2023-12-11T11:15:00Z,02S06,STIC,SP,21064680,66133.4656002048,1.1122222222222238,20231023-20240520,373.9207147381477,1,fair,NA
AIMS,2023-12-11T11:30:00Z,02S06,STIC,SP,21064680,66133.4656002048,1.1122222222222238,20231023-20240520,373.9207147381477,1,fair,NA
AIMS,2023-12-11T11:45:00Z,02S06,STIC,SP,21064680,63377.9045335296,1.0027777777777775,20231023-20240520,352.364408551272,1,fair,NA
AIMS,2023-12-11T12:00:00Z,02S06,STIC,SP,21064680,66133.4656002048,1.5477777777777786,20231023-20240520,373.9207147381477,1,fair,NA
AIMS,2023-12-11T12:15:00Z,02S06,STIC,SP,21064680,63377.9045335296,1.4388888888888909,20231023-20240520,352.364408551272,1,fair,NA
AIMS,2023-12-11T12:30:00Z,02S06,STIC,SP,21064680,63377.9045335296,1.2211111111111113,20231023-20240520,352.364408551272,1,fair,NA
AIMS,2023-12-11T12:45:00Z,02S06,STIC,SP,21064680,63377.9045335296,1.0027777777777775,20231023-20240520,352.364408551272,1,fair,NA
AIMS,2023-12-11T13:00:00Z,02S06,STIC,SP,21064680,63377.9045335296,1.0027777777777775,20231023-20240520,352.364408551272,1,fair,NA
AIMS,2023-12-11T13:15:00Z,02S06,STIC,SP,21064680,63377.9045335296,0.8927777777777774,20231023-20240520,352.364408551272,1,fair,NA
AIMS,2023-12-11T13:30:00Z,02S06,STIC,SP,21064680,63377.9045335296,0.8927777777777774,20231023-20240520,352.364408551272,1,fair,NA
AIMS,2023-12-11T13:45:00Z,02S06,STIC,SP,21064680,63377.9045335296,0.8927777777777774,20231023-20240520,352.364408551272,1,fair,NA
AIMS,2023-12-11T14:00:00Z,02S06,STIC,SP,21064680,63377.9045335296,0.8927777777777774,20231023-20240520,352.364408551272,1,fair,NA
AIMS,2023-12-11T14:15:00Z,02S06,STIC,SP,21064680,63377.9045335296,1.0027777777777775,20231023-20240520,352.364408551272,1,fair,NA
AIMS,2023-12-11T14:30:00Z,02S06,STIC,SP,21064680,63377.9045335296,1.1122222222222238,20231023-20240520,352.364408551272,1,fair,NA
AIMS,2023-12-11T14:45:00Z,02S06,STIC,SP,21064680,63377.9045335296,1.2211111111111113,20231023-20240520,352.364408551272,1,fair,NA
AIMS,2023-12-11T15:00:00Z,02S06,STIC,SP,21064680,63377.9045335296,1.329999999999999,20231023-20240520,352.364408551272,1,fair,NA
AIMS,2023-12-11T15:15:00Z,02S06,STIC,SP,21064680,63377.9045335296,1.5477777777777786,20231023-20240520,352.364408551272,1,fair,NA
AIMS,2023-12-11T15:30:00Z,02S06,STIC,SP,21064680,63377.9045335296,1.7638888888888873,20231023-20240520,352.364408551272,1,fair,NA
AIMS,2023-12-11T15:45:00Z,02S06,STIC,SP,21064680,63377.9045335296,1.98,20231023-20240520,352.364408551272,1,fair,NA
AIMS,2023-12-11T16:00:00Z,02S06,STIC,SP,21064680,66133.4656002048,2.41,20231023-20240520,373.9207147381477,1,fair,NA
AIMS,2023-12-11T16:15:00Z,02S06,STIC,SP,21064680,66133.4656002048,3.26111111111111,20231023-20240520,373.9207147381477,1,fair,NA
AIMS,2023-12-11T16:30:00Z,02S06,STIC,SP,21064680,66133.4656002048,4.933888888888889,20231023-20240520,373.9207147381477,1,fair,NA
AIMS,2023-12-11T16:45:00Z,02S06,STIC,SP,21064680,66133.4656002048,4.8311111111111105,20231023-20240520,373.9207147381477,1,fair,NA
AIMS,2023-12-11T17:00:00Z,02S06,STIC,SP,21064680,66133.4656002048,6.267777777777775,20231023-20240520,373.9207147381477,1,fair,NA
AIMS,2023-12-11T17:15:00Z,02S06,STIC,SP,21064680,66133.4656002048,6.977777777777779,20231023-20240520,373.9207147381477,1,fair,NA
AIMS,2023-12-11T17:30:00Z,02S06,STIC,SP,21064680,66133.4656002048,7.782222222222226,20231023-20240520,373.9207147381477,1,fair,NA
AIMS,2023-12-11T17:45:00Z,02S06,STIC,SP,21064680,68889.02666688002,8.68,20231023-20240520,395.4770209250236,1,fair,NA
AIMS,2023-12-11T18:00:00Z,02S06,STIC,SP,21064680,68889.02666688002,10.357222222222227,20231023-20240520,395.4770209250236,1,fair,NA
AIMS,2023-12-11T18:15:00Z,02S06,STIC,SP,21064680,71644.5877335552,11.72222222222222,20231023-20240520,417.0333271118992,1,fair,NA
AIMS,2023-12-11T18:30:00Z,02S06,STIC,SP,21064680,71644.5877335552,12.59388888888889,20231023-20240520,417.0333271118992,1,fair,NA
AIMS,2023-12-11T18:45:00Z,02S06,STIC,SP,21064680,71644.5877335552,13.365000000000004,20231023-20240520,417.0333271118992,1,fair,NA
AIMS,2023-12-11T19:00:00Z,02S06,STIC,SP,21064680,71644.5877335552,12.69,20231023-20240520,417.0333271118992,1,fair,NA
AIMS,2023-12-11T19:15:00Z,02S06,STIC,SP,21064680,71644.5877335552,12.40111111111111,20231023-20240520,417.0333271118992,1,fair,NA
AIMS,2023-12-11T19:30:00Z,02S06,STIC,SP,21064680,71644.5877335552,12.207222222222219,20231023-20240520,417.0333271118992,1,fair,NA
AIMS,2023-12-11T19:45:00Z,02S06,STIC,SP,21064680,71644.5877335552,11.625,20231023-20240520,417.0333271118992,1,fair,NA
AIMS,2023-12-11T20:00:00Z,02S06,STIC,SP,21064680,71644.5877335552,11.625,20231023-20240520,417.0333271118992,1,fair,NA
AIMS,2023-12-11T20:15:00Z,02S06,STIC,SP,21064680,71644.5877335552,11.916111111111109,20231023-20240520,417.0333271118992,1,fair,NA
AIMS,2023-12-11T20:30:00Z,02S06,STIC,SP,21064680,66133.4656002048,11.333888888888893,20231023-20240520,373.9207147381477,1,fair,NA
AIMS,2023-12-11T20:45:00Z,02S06,STIC,SP,21064680,66133.4656002048,10.943888888888887,20231023-20240520,373.9207147381477,1,fair,NA
AIMS,2023-12-11T21:00:00Z,02S06,STIC,SP,21064680,66133.4656002048,11.138888888888888,20231023-20240520,373.9207147381477,1,fair,NA
AIMS,2023-12-11T21:15:00Z,02S06,STIC,SP,21064680,68889.02666688002,11.138888888888888,20231023-20240520,395.4770209250236,1,fair,NA
AIMS,2023-12-11T21:30:00Z,02S06,STIC,SP,21064680,68889.02666688002,9.767777777777773,20231023-20240520,395.4770209250236,1,fair,NA
AIMS,2023-12-11T21:45:00Z,02S06,STIC,SP,21064680,68889.02666688002,8.87888888888889,20231023-20240520,395.4770209250236,1,fair,NA
AIMS,2023-12-11T22:00:00Z,02S06,STIC,SP,21064680,79911.2709335808,8.481111111111108,20231023-20240520,481.70224567252654,1,fair,NA
AIMS,2023-12-11T22:15:00Z,02S06,STIC,SP,21064680,85422.39306693122,8.182222222222224,20231023-20240520,524.814858046278,1,fair,NA
AIMS,2023-12-11T22:30:00Z,02S06,STIC,SP,21064680,66133.4656002048,7.682222222222225,20231023-20240520,373.9207147381477,1,fair,NA
AIMS,2023-12-11T22:45:00Z,02S06,STIC,SP,21064680,66133.4656002048,6.370000000000001,20231023-20240520,373.9207147381477,1,fair,NA
AIMS,2023-12-11T23:00:00Z,02S06,STIC,SP,21064680,63377.9045335296,5.037222222222224,20231023-20240520,352.364408551272,1,fair,NA
AIMS,2023-12-11T23:15:00Z,02S06,STIC,SP,21064680,71644.5877335552,4.518888888888888,20231023-20240520,417.0333271118992,1,fair,NA
AIMS,2023-12-11T23:30:00Z,02S06,STIC,SP,21064680,71644.5877335552,4.622777777777776,20231023-20240520,417.0333271118992,1,fair,NA
AIMS,2023-12-11T23:45:00Z,02S06,STIC,SP,21064680,71644.5877335552,4.8311111111111105,20231023-20240520,417.0333271118992,1,fair,NA
AIMS,2023-12-12T00:00:00Z,02S06,STIC,SP,21064680,71644.5877335552,5.037222222222224,20231023-20240520,417.0333271118992,1,fair,NA
AIMS,2023-12-12T00:15:00Z,02S06,STIC,SP,21064680,74400.1488002304,5.347222222222222,20231023-20240520,438.5896332987749,1,fair,NA
AIMS,2023-12-12T00:30:00Z,02S06,STIC,SP,21064680,74400.1488002304,5.450000000000001,20231023-20240520,438.5896332987749,1,fair,NA
AIMS,2023-12-12T00:45:00Z,02S06,STIC,SP,21064680,74400.1488002304,5.552222222222222,20231023-20240520,438.5896332987749,1,fair,NA
AIMS,2023-12-12T01:00:00Z,02S06,STIC,SP,21064680,74400.1488002304,5.552222222222222,20231023-20240520,438.5896332987749,1,fair,NA
AIMS,2023-12-12T01:15:00Z,02S06,STIC,SP,21064680,74400.1488002304,5.552222222222222,20231023-20240520,438.5896332987749,1,fair,NA
AIMS,2023-12-12T01:30:00Z,02S06,STIC,SP,21064680,74400.1488002304,5.655,20231023-20240520,438.5896332987749,1,fair,NA
AIMS,2023-12-12T01:45:00Z,02S06,STIC,SP,21064680,74400.1488002304,5.655,20231023-20240520,438.5896332987749,1,fair,NA
AIMS,2023-12-12T02:00:00Z,02S06,STIC,SP,21064680,74400.1488002304,5.552222222222222,20231023-20240520,438.5896332987749,1,fair,NA
AIMS,2023-12-12T02:15:00Z,02S06,STIC,SP,21064680,74400.1488002304,5.450000000000001,20231023-20240520,438.5896332987749,1,fair,NA
AIMS,2023-12-12T02:30:00Z,02S06,STIC,SP,21064680,74400.1488002304,5.450000000000001,20231023-20240520,438.5896332987749,1,fair,NA
AIMS,2023-12-12T02:45:00Z,02S06,STIC,SP,21064680,74400.1488002304,5.347222222222222,20231023-20240520,438.5896332987749,1,fair,NA
AIMS,2023-12-12T03:00:00Z,02S06,STIC,SP,21064680,74400.1488002304,5.552222222222222,20231023-20240520,438.5896332987749,1,fair,NA
AIMS,2023-12-12T03:15:00Z,02S06,STIC,SP,21064680,74400.1488002304,5.552222222222222,20231023-20240520,438.5896332987749,1,fair,NA
AIMS,2023-12-12T03:30:00Z,02S06,STIC,SP,21064680,74400.1488002304,5.450000000000001,20231023-20240520,438.5896332987749,1,fair,NA
AIMS,2023-12-12T03:45:00Z,02S06,STIC,SP,21064680,74400.1488002304,5.450000000000001,20231023-20240520,438.5896332987749,1,fair,NA
AIMS,2023-12-12T04:00:00Z,02S06,STIC,SP,21064680,74400.1488002304,5.552222222222222,20231023-20240520,438.5896332987749,1,fair,NA
AIMS,2023-12-12T04:15:00Z,02S06,STIC,SP,21064680,74400.1488002304,5.552222222222222,20231023-20240520,438.5896332987749,1,fair,NA
AIMS,2023-12-12T04:30:00Z,02S06,STIC,SP,21064680,74400.1488002304,5.552222222222222,20231023-20240520,438.5896332987749,1,fair,NA
AIMS,2023-12-12T04:45:00Z,02S06,STIC,SP,21064680,74400.1488002304,5.552222222222222,20231023-20240520,438.5896332987749,1,fair,NA
AIMS,2023-12-12T05:00:00Z,02S06,STIC,SP,21064680,74400.1488002304,5.552222222222222,20231023-20240520,438.5896332987749,1,fair,NA
AIMS,2023-12-12T05:15:00Z,02S06,STIC,SP,21064680,74400.1488002304,5.655,20231023-20240520,438.5896332987749,1,fair,NA
AIMS,2023-12-12T05:30:00Z,02S06,STIC,SP,21064680,74400.1488002304,5.552222222222222,20231023-20240520,438.5896332987749,1,fair,NA
AIMS,2023-12-12T05:45:00Z,02S06,STIC,SP,21064680,74400.1488002304,5.552222222222222,20231023-20240520,438.5896332987749,1,fair,NA
AIMS,2023-12-12T06:00:00Z,02S06,STIC,SP,21064680,74400.1488002304,5.450000000000001,20231023-20240520,438.5896332987749,1,fair,NA
AIMS,2023-12-12T06:15:00Z,02S06,STIC,SP,21064680,74400.1488002304,5.450000000000001,20231023-20240520,438.5896332987749,1,fair,NA
AIMS,2023-12-12T06:30:00Z,02S06,STIC,SP,21064680,68889.02666688002,5.347222222222222,20231023-20240520,395.4770209250236,1,fair,NA
AIMS,2023-12-12T06:45:00Z,02S06,STIC,SP,21064680,85422.39306693122,4.933888888888889,20231023-20240520,524.814858046278,1,fair,NA
AIMS,2023-12-12T07:00:00Z,02S06,STIC,SP,21064680,82666.83200025599,5.037222222222224,20231023-20240520,503.25855185940213,1,fair,NA
AIMS,2023-12-12T07:15:00Z,02S06,STIC,SP,21064680,82666.83200025599,4.8311111111111105,20231023-20240520,503.25855185940213,1,fair,NA
AIMS,2023-12-12T07:30:00Z,02S06,STIC,SP,21064680,82666.83200025599,5.243888888888889,20231023-20240520,503.25855185940213,1,fair,NA
AIMS,2023-12-12T07:45:00Z,02S06,STIC,SP,21064680,85422.39306693122,5.450000000000001,20231023-20240520,524.814858046278,1,fair,NA
AIMS,2023-12-12T08:00:00Z,02S06,STIC,SP,21064680,85422.39306693122,5.655,20231023-20240520,524.814858046278,1,fair,NA
AIMS,2023-12-12T08:15:00Z,02S06,STIC,SP,21064680,85422.39306693122,5.9622222222222225,20231023-20240520,524.814858046278,1,fair,NA
AIMS,2023-12-12T08:30:00Z,02S06,STIC,SP,21064680,85422.39306693122,6.267777777777775,20231023-20240520,524.814858046278,1,fair,NA
AIMS,2023-12-12T08:45:00Z,02S06,STIC,SP,21064680,85422.39306693122,6.471111111111114,20231023-20240520,524.814858046278,1,fair,NA
AIMS,2023-12-12T09:00:00Z,02S06,STIC,SP,21064680,85422.39306693122,6.5727777777777785,20231023-20240520,524.814858046278,1,fair,NA
AIMS,2023-12-12T09:15:00Z,02S06,STIC,SP,21064680,85422.39306693122,6.267777777777775,20231023-20240520,524.814858046278,1,fair,NA
AIMS,2023-12-12T09:30:00Z,02S06,STIC,SP,21064680,85422.39306693122,6.063888888888887,20231023-20240520,524.814858046278,1,fair,NA
AIMS,2023-12-12T09:45:00Z,02S06,STIC,SP,21064680,85422.39306693122,5.86,20231023-20240520,524.814858046278,1,fair,NA
AIMS,2023-12-12T10:00:00Z,02S06,STIC,SP,21064680,85422.39306693122,5.86,20231023-20240520,524.814858046278,1,fair,NA
AIMS,2023-12-12T10:15:00Z,02S06,STIC,SP,21064680,85422.39306693122,6.063888888888887,20231023-20240520,524.814858046278,1,fair,NA
AIMS,2023-12-12T10:30:00Z,02S06,STIC,SP,21064680,85422.39306693122,6.267777777777775,20231023-20240520,524.814858046278,1,fair,NA
AIMS,2023-12-12T10:45:00Z,02S06,STIC,SP,21064680,85422.39306693122,6.370000000000001,20231023-20240520,524.814858046278,1,fair,NA
AIMS,2023-12-12T11:00:00Z,02S06,STIC,SP,21064680,85422.39306693122,6.267777777777775,20231023-20240520,524.814858046278,1,fair,NA
AIMS,2023-12-12T11:15:00Z,02S06,STIC,SP,21064680,85422.39306693122,6.267777777777775,20231023-20240520,524.814858046278,1,fair,NA
AIMS,2023-12-12T11:30:00Z,02S06,STIC,SP,21064680,85422.39306693122,6.1661111111111095,20231023-20240520,524.814858046278,1,fair,NA
AIMS,2023-12-12T11:45:00Z,02S06,STIC,SP,21064680,85422.39306693122,5.9622222222222225,20231023-20240520,524.814858046278,1,fair,NA
AIMS,2023-12-12T12:00:00Z,02S06,STIC,SP,21064680,85422.39306693122,6.063888888888887,20231023-20240520,524.814858046278,1,fair,NA
AIMS,2023-12-12T12:15:00Z,02S06,STIC,SP,21064680,85422.39306693122,6.1661111111111095,20231023-20240520,524.814858046278,1,fair,NA
AIMS,2023-12-12T12:30:00Z,02S06,STIC,SP,21064680,85422.39306693122,6.063888888888887,20231023-20240520,524.814858046278,1,fair,NA
AIMS,2023-12-12T12:45:00Z,02S06,STIC,SP,21064680,85422.39306693122,6.063888888888887,20231023-20240520,524.814858046278,1,fair,NA
AIMS,2023-12-12T13:00:00Z,02S06,STIC,SP,21064680,85422.39306693122,6.1661111111111095,20231023-20240520,524.814858046278,1,fair,NA
AIMS,2023-12-12T13:15:00Z,02S06,STIC,SP,21064680,85422.39306693122,6.267777777777775,20231023-20240520,524.814858046278,1,fair,NA
AIMS,2023-12-12T13:30:00Z,02S06,STIC,SP,21064680,85422.39306693122,6.1661111111111095,20231023-20240520,524.814858046278,1,fair,NA
AIMS,2023-12-12T13:45:00Z,02S06,STIC,SP,21064680,85422.39306693122,6.1661111111111095,20231023-20240520,524.814858046278,1,fair,NA
AIMS,2023-12-12T14:00:00Z,02S06,STIC,SP,21064680,85422.39306693122,6.267777777777775,20231023-20240520,524.814858046278,1,fair,NA
AIMS,2023-12-12T14:15:00Z,02S06,STIC,SP,21064680,85422.39306693122,6.267777777777775,20231023-20240520,524.814858046278,1,fair,NA
AIMS,2023-12-12T14:30:00Z,02S06,STIC,SP,21064680,85422.39306693122,6.370000000000001,20231023-20240520,524.814858046278,1,fair,NA
AIMS,2023-12-12T14:45:00Z,02S06,STIC,SP,21064680,85422.39306693122,6.471111111111114,20231023-20240520,524.814858046278,1,fair,NA
AIMS,2023-12-12T15:00:00Z,02S06,STIC,SP,21064680,85422.39306693122,6.673888888888888,20231023-20240520,524.814858046278,1,fair,NA
AIMS,2023-12-12T15:15:00Z,02S06,STIC,SP,21064680,85422.39306693122,6.775,20231023-20240520,524.814858046278,1,fair,NA
AIMS,2023-12-12T15:30:00Z,02S06,STIC,SP,21064680,85422.39306693122,6.877222222222222,20231023-20240520,524.814858046278,1,fair,NA
AIMS,2023-12-12T15:45:00Z,02S06,STIC,SP,21064680,85422.39306693122,6.877222222222222,20231023-20240520,524.814858046278,1,fair,NA
AIMS,2023-12-12T16:00:00Z,02S06,STIC,SP,21064680,85422.39306693122,6.977777777777779,20231023-20240520,524.814858046278,1,fair,NA
AIMS,2023-12-12T16:15:00Z,02S06,STIC,SP,21064680,85422.39306693122,6.877222222222222,20231023-20240520,524.814858046278,1,fair,NA
AIMS,2023-12-12T16:30:00Z,02S06,STIC,SP,21064680,85422.39306693122,7.279999999999999,20231023-20240520,524.814858046278,1,fair,NA
AIMS,2023-12-12T16:45:00Z,02S06,STIC,SP,21064680,85422.39306693122,7.381111111111112,20231023-20240520,524.814858046278,1,fair,NA
AIMS,2023-12-12T17:00:00Z,02S06,STIC,SP,21064680,85422.39306693122,7.882222222222223,20231023-20240520,524.814858046278,1,fair,NA
AIMS,2023-12-12T17:15:00Z,02S06,STIC,SP,21064680,88177.95413360638,7.782222222222226,20231023-20240520,546.3711642331538,1,fair,NA
AIMS,2023-12-12T17:30:00Z,02S06,STIC,SP,21064680,88177.95413360638,7.882222222222223,20231023-20240520,546.3711642331538,1,fair,NA
AIMS,2023-12-12T17:45:00Z,02S06,STIC,SP,21064680,88177.95413360638,8.382222222222223,20231023-20240520,546.3711642331538,1,fair,NA
AIMS,2023-12-12T18:00:00Z,02S06,STIC,SP,21064680,88177.95413360638,8.68,20231023-20240520,546.3711642331538,1,fair,NA
AIMS,2023-12-12T18:15:00Z,02S06,STIC,SP,21064680,88177.95413360638,9.372777777777781,20231023-20240520,546.3711642331538,1,fair,NA
AIMS,2023-12-12T18:30:00Z,02S06,STIC,SP,21064680,88177.95413360638,9.372777777777781,20231023-20240520,546.3711642331538,1,fair,NA
AIMS,2023-12-12T18:45:00Z,02S06,STIC,SP,21064680,88177.95413360638,8.977777777777774,20231023-20240520,546.3711642331538,1,fair,NA
AIMS,2023-12-12T19:00:00Z,02S06,STIC,SP,21064680,88177.95413360638,9.17611111111111,20231023-20240520,546.3711642331538,1,fair,NA
AIMS,2023-12-12T19:15:00Z,02S06,STIC,SP,21064680,88177.95413360638,9.275,20231023-20240520,546.3711642331538,1,fair,NA
AIMS,2023-12-12T19:30:00Z,02S06,STIC,SP,21064680,88177.95413360638,8.977777777777774,20231023-20240520,546.3711642331538,1,fair,NA
AIMS,2023-12-12T19:45:00Z,02S06,STIC,SP,21064680,88177.95413360638,9.077222222222222,20231023-20240520,546.3711642331538,1,fair,NA
AIMS,2023-12-12T20:00:00Z,02S06,STIC,SP,21064680,88177.95413360638,9.275,20231023-20240520,546.3711642331538,1,fair,NA
AIMS,2023-12-12T20:15:00Z,02S06,STIC,SP,21064680,88177.95413360638,9.275,20231023-20240520,546.3711642331538,1,fair,NA
AIMS,2023-12-12T20:30:00Z,02S06,STIC,SP,21064680,88177.95413360638,9.57111111111111,20231023-20240520,546.3711642331538,1,fair,NA
AIMS,2023-12-12T20:45:00Z,02S06,STIC,SP,21064680,88177.95413360638,9.57111111111111,20231023-20240520,546.3711642331538,1,fair,NA
AIMS,2023-12-12T21:00:00Z,02S06,STIC,SP,21064680,88177.95413360638,9.767777777777773,20231023-20240520,546.3711642331538,1,fair,NA
AIMS,2023-12-12T21:15:00Z,02S06,STIC,SP,21064680,88177.95413360638,10.062777777777775,20231023-20240520,546.3711642331538,1,fair,NA
AIMS,2023-12-12T21:30:00Z,02S06,STIC,SP,21064680,88177.95413360638,8.778888888888888,20231023-20240520,546.3711642331538,1,fair,NA
AIMS,2023-12-12T21:45:00Z,02S06,STIC,SP,21064680,88177.95413360638,7.882222222222223,20231023-20240520,546.3711642331538,1,fair,NA
AIMS,2023-12-12T22:00:00Z,02S06,STIC,SP,21064680,88177.95413360638,7.381111111111112,20231023-20240520,546.3711642331538,1,fair,NA
AIMS,2023-12-12T22:15:00Z,02S06,STIC,SP,21064680,88177.95413360638,7.279999999999999,20231023-20240520,546.3711642331538,1,fair,NA
AIMS,2023-12-12T22:30:00Z,02S06,STIC,SP,21064680,88177.95413360638,7.1788888888888875,20231023-20240520,546.3711642331538,1,fair,NA
AIMS,2023-12-12T22:45:00Z,02S06,STIC,SP,21064680,88177.95413360638,6.977777777777779,20231023-20240520,546.3711642331538,1,fair,NA
AIMS,2023-12-12T23:00:00Z,02S06,STIC,SP,21064680,88177.95413360638,6.775,20231023-20240520,546.3711642331538,1,fair,NA
AIMS,2023-12-12T23:15:00Z,02S06,STIC,SP,21064680,88177.95413360638,6.5727777777777785,20231023-20240520,546.3711642331538,1,fair,NA
AIMS,2023-12-12T23:30:00Z,02S06,STIC,SP,21064680,88177.95413360638,6.471111111111114,20231023-20240520,546.3711642331538,1,fair,NA
AIMS,2023-12-12T23:45:00Z,02S06,STIC,SP,21064680,88177.95413360638,6.471111111111114,20231023-20240520,546.3711642331538,1,fair,NA
AIMS,2023-12-13T00:00:00Z,02S06,STIC,SP,21064680,88177.95413360638,6.267777777777775,20231023-20240520,546.3711642331538,1,fair,NA
AIMS,2023-12-13T00:15:00Z,02S06,STIC,SP,21064680,88177.95413360638,6.267777777777775,20231023-20240520,546.3711642331538,1,fair,NA
AIMS,2023-12-13T00:30:00Z,02S06,STIC,SP,21064680,88177.95413360638,6.1661111111111095,20231023-20240520,546.3711642331538,1,fair,NA
AIMS,2023-12-13T00:45:00Z,02S06,STIC,SP,21064680,88177.95413360638,6.1661111111111095,20231023-20240520,546.3711642331538,1,fair,NA
AIMS,2023-12-13T01:00:00Z,02S06,STIC,SP,21064680,85422.39306693122,6.063888888888887,20231023-20240520,524.814858046278,1,fair,NA
AIMS,2023-12-13T01:15:00Z,02S06,STIC,SP,21064680,85422.39306693122,5.9622222222222225,20231023-20240520,524.814858046278,1,fair,NA
AIMS,2023-12-13T01:30:00Z,02S06,STIC,SP,21064680,85422.39306693122,5.7572222222222225,20231023-20240520,524.814858046278,1,fair,NA
AIMS,2023-12-13T01:45:00Z,02S06,STIC,SP,21064680,85422.39306693122,5.7572222222222225,20231023-20240520,524.814858046278,1,fair,NA
AIMS,2023-12-13T02:00:00Z,02S06,STIC,SP,21064680,85422.39306693122,5.7572222222222225,20231023-20240520,524.814858046278,1,fair,NA
AIMS,2023-12-13T02:15:00Z,02S06,STIC,SP,21064680,85422.39306693122,5.9622222222222225,20231023-20240520,524.814858046278,1,fair,NA
AIMS,2023-12-13T02:30:00Z,02S06,STIC,SP,21064680,85422.39306693122,5.9622222222222225,20231023-20240520,524.814858046278,1,fair,NA
AIMS,2023-12-13T02:45:00Z,02S06,STIC,SP,21064680,85422.39306693122,5.86,20231023-20240520,524.814858046278,1,fair,NA
AIMS,2023-12-13T03:00:00Z,02S06,STIC,SP,21064680,85422.39306693122,5.9622222222222225,20231023-20240520,524.814858046278,1,fair,NA
AIMS,2023-12-13T03:15:00Z,02S06,STIC,SP,21064680,85422.39306693122,5.86,20231023-20240520,524.814858046278,1,fair,NA
AIMS,2023-12-13T03:30:00Z,02S06,STIC,SP,21064680,85422.39306693122,5.9622222222222225,20231023-20240520,524.814858046278,1,fair,NA
AIMS,2023-12-13T03:45:00Z,02S06,STIC,SP,21064680,85422.39306693122,5.86,20231023-20240520,524.814858046278,1,fair,NA
AIMS,2023-12-13T04:00:00Z,02S06,STIC,SP,21064680,85422.39306693122,5.7572222222222225,20231023-20240520,524.814858046278,1,fair,NA
AIMS,2023-12-13T04:15:00Z,02S06,STIC,SP,21064680,85422.39306693122,5.86,20231023-20240520,524.814858046278,1,fair,NA
AIMS,2023-12-13T04:30:00Z,02S06,STIC,SP,21064680,85422.39306693122,5.9622222222222225,20231023-20240520,524.814858046278,1,fair,NA
AIMS,2023-12-13T04:45:00Z,02S06,STIC,SP,21064680,85422.39306693122,5.9622222222222225,20231023-20240520,524.814858046278,1,fair,NA
AIMS,2023-12-13T05:00:00Z,02S06,STIC,SP,21064680,85422.39306693122,5.86,20231023-20240520,524.814858046278,1,fair,NA
AIMS,2023-12-13T05:15:00Z,02S06,STIC,SP,21064680,85422.39306693122,5.86,20231023-20240520,524.814858046278,1,fair,NA
AIMS,2023-12-13T05:30:00Z,02S06,STIC,SP,21064680,85422.39306693122,5.7572222222222225,20231023-20240520,524.814858046278,1,fair,NA
AIMS,2023-12-13T05:45:00Z,02S06,STIC,SP,21064680,85422.39306693122,5.655,20231023-20240520,524.814858046278,1,fair,NA
AIMS,2023-12-13T06:00:00Z,02S06,STIC,SP,21064680,85422.39306693122,5.7572222222222225,20231023-20240520,524.814858046278,1,fair,NA
AIMS,2023-12-13T06:15:00Z,02S06,STIC,SP,21064680,85422.39306693122,5.86,20231023-20240520,524.814858046278,1,fair,NA
AIMS,2023-12-13T06:30:00Z,02S06,STIC,SP,21064680,85422.39306693122,5.7572222222222225,20231023-20240520,524.814858046278,1,fair,NA
AIMS,2023-12-13T06:45:00Z,02S06,STIC,SP,21064680,85422.39306693122,5.7572222222222225,20231023-20240520,524.814858046278,1,fair,NA
AIMS,2023-12-13T07:00:00Z,02S06,STIC,SP,21064680,85422.39306693122,5.7572222222222225,20231023-20240520,524.814858046278,1,fair,NA
AIMS,2023-12-13T07:15:00Z,02S06,STIC,SP,21064680,85422.39306693122,5.7572222222222225,20231023-20240520,524.814858046278,1,fair,NA
AIMS,2023-12-13T07:30:00Z,02S06,STIC,SP,21064680,85422.39306693122,5.7572222222222225,20231023-20240520,524.814858046278,1,fair,NA
AIMS,2023-12-13T07:45:00Z,02S06,STIC,SP,21064680,85422.39306693122,5.7572222222222225,20231023-20240520,524.814858046278,1,fair,NA
AIMS,2023-12-13T08:00:00Z,02S06,STIC,SP,21064680,85422.39306693122,5.655,20231023-20240520,524.814858046278,1,fair,NA
AIMS,2023-12-13T08:15:00Z,02S06,STIC,SP,21064680,85422.39306693122,5.7572222222222225,20231023-20240520,524.814858046278,1,fair,NA
AIMS,2023-12-13T08:30:00Z,02S06,STIC,SP,21064680,85422.39306693122,5.655,20231023-20240520,524.814858046278,1,fair,NA
AIMS,2023-12-13T08:45:00Z,02S06,STIC,SP,21064680,85422.39306693122,5.655,20231023-20240520,524.814858046278,1,fair,NA
AIMS,2023-12-13T09:00:00Z,02S06,STIC,SP,21064680,85422.39306693122,5.552222222222222,20231023-20240520,524.814858046278,1,fair,NA
AIMS,2023-12-13T09:15:00Z,02S06,STIC,SP,21064680,85422.39306693122,5.552222222222222,20231023-20240520,524.814858046278,1,fair,NA
AIMS,2023-12-13T09:30:00Z,02S06,STIC,SP,21064680,85422.39306693122,5.552222222222222,20231023-20240520,524.814858046278,1,fair,NA
AIMS,2023-12-13T09:45:00Z,02S06,STIC,SP,21064680,85422.39306693122,5.552222222222222,20231023-20240520,524.814858046278,1,fair,NA
AIMS,2023-12-13T10:00:00Z,02S06,STIC,SP,21064680,85422.39306693122,5.552222222222222,20231023-20240520,524.814858046278,1,fair,NA
AIMS,2023-12-13T10:15:00Z,02S06,STIC,SP,21064680,85422.39306693122,5.552222222222222,20231023-20240520,524.814858046278,1,fair,NA
AIMS,2023-12-13T10:30:00Z,02S06,STIC,SP,21064680,85422.39306693122,5.552222222222222,20231023-20240520,524.814858046278,1,fair,NA
AIMS,2023-12-13T10:45:00Z,02S06,STIC,SP,21064680,85422.39306693122,5.450000000000001,20231023-20240520,524.814858046278,1,fair,NA
AIMS,2023-12-13T11:00:00Z,02S06,STIC,SP,21064680,85422.39306693122,5.450000000000001,20231023-20240520,524.814858046278,1,fair,NA
AIMS,2023-12-13T11:15:00Z,02S06,STIC,SP,21064680,85422.39306693122,5.450000000000001,20231023-20240520,524.814858046278,1,fair,NA
AIMS,2023-12-13T11:30:00Z,02S06,STIC,SP,21064680,85422.39306693122,5.552222222222222,20231023-20240520,524.814858046278,1,fair,NA
AIMS,2023-12-13T11:45:00Z,02S06,STIC,SP,21064680,85422.39306693122,5.450000000000001,20231023-20240520,524.814858046278,1,fair,NA
AIMS,2023-12-13T12:00:00Z,02S06,STIC,SP,21064680,85422.39306693122,5.450000000000001,20231023-20240520,524.814858046278,1,fair,NA
AIMS,2023-12-13T12:15:00Z,02S06,STIC,SP,21064680,85422.39306693122,5.450000000000001,20231023-20240520,524.814858046278,1,fair,NA
AIMS,2023-12-13T12:30:00Z,02S06,STIC,SP,21064680,85422.39306693122,5.450000000000001,20231023-20240520,524.814858046278,1,fair,NA
AIMS,2023-12-13T12:45:00Z,02S06,STIC,SP,21064680,85422.39306693122,5.552222222222222,20231023-20240520,524.814858046278,1,fair,NA
AIMS,2023-12-13T13:00:00Z,02S06,STIC,SP,21064680,85422.39306693122,5.86,20231023-20240520,524.814858046278,1,fair,NA
AIMS,2023-12-13T13:15:00Z,02S06,STIC,SP,21064680,85422.39306693122,6.063888888888887,20231023-20240520,524.814858046278,1,fair,NA
AIMS,2023-12-13T13:30:00Z,02S06,STIC,SP,21064680,88177.95413360638,6.1661111111111095,20231023-20240520,546.3711642331538,1,fair,NA
AIMS,2023-12-13T13:45:00Z,02S06,STIC,SP,21064680,88177.95413360638,6.1661111111111095,20231023-20240520,546.3711642331538,1,fair,NA
AIMS,2023-12-13T14:00:00Z,02S06,STIC,SP,21064680,88177.95413360638,6.1661111111111095,20231023-20240520,546.3711642331538,1,fair,NA
AIMS,2023-12-13T14:15:00Z,02S06,STIC,SP,21064680,88177.95413360638,6.1661111111111095,20231023-20240520,546.3711642331538,1,fair,NA
AIMS,2023-12-13T14:30:00Z,02S06,STIC,SP,21064680,88177.95413360638,6.370000000000001,20231023-20240520,546.3711642331538,1,fair,NA
AIMS,2023-12-13T14:45:00Z,02S06,STIC,SP,21064680,88177.95413360638,6.5727777777777785,20231023-20240520,546.3711642331538,1,fair,NA
AIMS,2023-12-13T15:00:00Z,02S06,STIC,SP,21064680,88177.95413360638,6.775,20231023-20240520,546.3711642331538,1,fair,NA
AIMS,2023-12-13T15:15:00Z,02S06,STIC,SP,21064680,88177.95413360638,6.977777777777779,20231023-20240520,546.3711642331538,1,fair,NA
AIMS,2023-12-13T15:30:00Z,02S06,STIC,SP,21064680,88177.95413360638,7.078888888888887,20231023-20240520,546.3711642331538,1,fair,NA
AIMS,2023-12-13T15:45:00Z,02S06,STIC,SP,21064680,88177.95413360638,7.381111111111112,20231023-20240520,546.3711642331538,1,fair,NA
AIMS,2023-12-13T16:00:00Z,02S06,STIC,SP,21064680,88177.95413360638,7.782222222222226,20231023-20240520,546.3711642331538,1,fair,NA
AIMS,2023-12-13T16:15:00Z,02S06,STIC,SP,21064680,88177.95413360638,8.182222222222224,20231023-20240520,546.3711642331538,1,fair,NA
AIMS,2023-12-13T16:30:00Z,02S06,STIC,SP,21064680,88177.95413360638,8.481111111111108,20231023-20240520,546.3711642331538,1,fair,NA
AIMS,2023-12-13T16:45:00Z,02S06,STIC,SP,21064680,88177.95413360638,8.87888888888889,20231023-20240520,546.3711642331538,1,fair,NA
AIMS,2023-12-13T17:00:00Z,02S06,STIC,SP,21064680,88177.95413360638,9.077222222222222,20231023-20240520,546.3711642331538,1,fair,NA
AIMS,2023-12-13T17:15:00Z,02S06,STIC,SP,21064680,88177.95413360638,9.275,20231023-20240520,546.3711642331538,1,fair,NA
AIMS,2023-12-13T17:30:00Z,02S06,STIC,SP,21064680,88177.95413360638,9.57111111111111,20231023-20240520,546.3711642331538,1,fair,NA
AIMS,2023-12-13T17:45:00Z,02S06,STIC,SP,21064680,88177.95413360638,9.965000000000002,20231023-20240520,546.3711642331538,1,fair,NA
AIMS,2023-12-13T18:00:00Z,02S06,STIC,SP,21064680,88177.95413360638,11.236111111111107,20231023-20240520,546.3711642331538,1,fair,NA
AIMS,2023-12-13T18:15:00Z,02S06,STIC,SP,21064680,88177.95413360638,12.69,20231023-20240520,546.3711642331538,1,fair,NA
AIMS,2023-12-13T18:30:00Z,02S06,STIC,SP,21064680,88177.95413360638,13.268888888888888,20231023-20240520,546.3711642331538,1,fair,NA
AIMS,2023-12-13T18:45:00Z,02S06,STIC,SP,21064680,88177.95413360638,12.98,20231023-20240520,546.3711642331538,1,fair,NA
AIMS,2023-12-13T19:00:00Z,02S06,STIC,SP,21064680,88177.95413360638,12.59388888888889,20231023-20240520,546.3711642331538,1,fair,NA
AIMS,2023-12-13T19:15:00Z,02S06,STIC,SP,21064680,88177.95413360638,12.59388888888889,20231023-20240520,546.3711642331538,1,fair,NA
AIMS,2023-12-13T19:30:00Z,02S06,STIC,SP,21064680,88177.95413360638,12.59388888888889,20231023-20240520,546.3711642331538,1,fair,NA
AIMS,2023-12-13T19:45:00Z,02S06,STIC,SP,21064680,88177.95413360638,12.497222222222222,20231023-20240520,546.3711642331538,1,fair,NA
AIMS,2023-12-13T20:00:00Z,02S06,STIC,SP,21064680,88177.95413360638,12.69,20231023-20240520,546.3711642331538,1,fair,NA
AIMS,2023-12-13T20:15:00Z,02S06,STIC,SP,21064680,88177.95413360638,12.98,20231023-20240520,546.3711642331538,1,fair,NA
AIMS,2023-12-13T20:30:00Z,02S06,STIC,SP,21064680,88177.95413360638,12.69,20231023-20240520,546.3711642331538,1,fair,NA
AIMS,2023-12-13T20:45:00Z,02S06,STIC,SP,21064680,88177.95413360638,12.69,20231023-20240520,546.3711642331538,1,fair,NA
AIMS,2023-12-13T21:00:00Z,02S06,STIC,SP,21064680,88177.95413360638,12.30388888888889,20231023-20240520,546.3711642331538,1,fair,NA
AIMS,2023-12-13T21:15:00Z,02S06,STIC,SP,21064680,88177.95413360638,12.012777777777774,20231023-20240520,546.3711642331538,1,fair,NA
AIMS,2023-12-13T21:30:00Z,02S06,STIC,SP,21064680,88177.95413360638,10.943888888888887,20231023-20240520,546.3711642331538,1,fair,NA
AIMS,2023-12-13T21:45:00Z,02S06,STIC,SP,21064680,88177.95413360638,10.25888888888889,20231023-20240520,546.3711642331538,1,fair,NA
AIMS,2023-12-13T22:00:00Z,02S06,STIC,SP,21064680,88177.95413360638,9.866111111111111,20231023-20240520,546.3711642331538,1,fair,NA
AIMS,2023-12-13T22:15:00Z,02S06,STIC,SP,21064680,88177.95413360638,9.57111111111111,20231023-20240520,546.3711642331538,1,fair,NA
AIMS,2023-12-13T22:30:00Z,02S06,STIC,SP,21064680,88177.95413360638,9.077222222222222,20231023-20240520,546.3711642331538,1,fair,NA
AIMS,2023-12-13T22:45:00Z,02S06,STIC,SP,21064680,88177.95413360638,7.982777777777778,20231023-20240520,546.3711642331538,1,fair,NA
AIMS,2023-12-13T23:00:00Z,02S06,STIC,SP,21064680,88177.95413360638,7.279999999999999,20231023-20240520,546.3711642331538,1,fair,NA
AIMS,2023-12-13T23:15:00Z,02S06,STIC,SP,21064680,88177.95413360638,6.775,20231023-20240520,546.3711642331538,1,fair,NA
AIMS,2023-12-13T23:30:00Z,02S06,STIC,SP,21064680,88177.95413360638,6.370000000000001,20231023-20240520,546.3711642331538,1,fair,NA
AIMS,2023-12-13T23:45:00Z,02S06,STIC,SP,21064680,88177.95413360638,6.1661111111111095,20231023-20240520,546.3711642331538,1,fair,NA
AIMS,2023-12-14T00:00:00Z,02S06,STIC,SP,21064680,88177.95413360638,6.063888888888887,20231023-20240520,546.3711642331538,1,fair,NA
AIMS,2023-12-14T00:15:00Z,02S06,STIC,SP,21064680,88177.95413360638,6.267777777777775,20231023-20240520,546.3711642331538,1,fair,NA
AIMS,2023-12-14T00:30:00Z,02S06,STIC,SP,21064680,88177.95413360638,6.370000000000001,20231023-20240520,546.3711642331538,1,fair,NA
AIMS,2023-12-14T00:45:00Z,02S06,STIC,SP,21064680,88177.95413360638,6.471111111111114,20231023-20240520,546.3711642331538,1,fair,NA
AIMS,2023-12-14T01:00:00Z,02S06,STIC,SP,21064680,88177.95413360638,6.5727777777777785,20231023-20240520,546.3711642331538,1,fair,NA
AIMS,2023-12-14T01:15:00Z,02S06,STIC,SP,21064680,88177.95413360638,6.673888888888888,20231023-20240520,546.3711642331538,1,fair,NA
AIMS,2023-12-14T01:30:00Z,02S06,STIC,SP,21064680,88177.95413360638,6.673888888888888,20231023-20240520,546.3711642331538,1,fair,NA
AIMS,2023-12-14T01:45:00Z,02S06,STIC,SP,21064680,88177.95413360638,6.673888888888888,20231023-20240520,546.3711642331538,1,fair,NA
AIMS,2023-12-14T02:00:00Z,02S06,STIC,SP,21064680,88177.95413360638,6.877222222222222,20231023-20240520,546.3711642331538,1,fair,NA
AIMS,2023-12-14T02:15:00Z,02S06,STIC,SP,21064680,88177.95413360638,7.1788888888888875,20231023-20240520,546.3711642331538,1,fair,NA
AIMS,2023-12-14T02:30:00Z,02S06,STIC,SP,21064680,88177.95413360638,7.279999999999999,20231023-20240520,546.3711642331538,1,fair,NA
AIMS,2023-12-14T02:45:00Z,02S06,STIC,SP,21064680,88177.95413360638,7.381111111111112,20231023-20240520,546.3711642331538,1,fair,NA
AIMS,2023-12-14T03:00:00Z,02S06,STIC,SP,21064680,88177.95413360638,7.4811111111111135,20231023-20240520,546.3711642331538,1,fair,NA
AIMS,2023-12-14T03:15:00Z,02S06,STIC,SP,21064680,88177.95413360638,7.4811111111111135,20231023-20240520,546.3711642331538,1,fair,NA
AIMS,2023-12-14T03:30:00Z,02S06,STIC,SP,21064680,88177.95413360638,7.4811111111111135,20231023-20240520,546.3711642331538,1,fair,NA
AIMS,2023-12-14T03:45:00Z,02S06,STIC,SP,21064680,88177.95413360638,7.4811111111111135,20231023-20240520,546.3711642331538,1,fair,NA
AIMS,2023-12-14T04:00:00Z,02S06,STIC,SP,21064680,88177.95413360638,7.381111111111112,20231023-20240520,546.3711642331538,1,fair,NA
AIMS,2023-12-14T04:15:00Z,02S06,STIC,SP,21064680,88177.95413360638,7.381111111111112,20231023-20240520,546.3711642331538,1,fair,NA
AIMS,2023-12-14T04:30:00Z,02S06,STIC,SP,21064680,88177.95413360638,7.381111111111112,20231023-20240520,546.3711642331538,1,fair,NA
AIMS,2023-12-14T04:45:00Z,02S06,STIC,SP,21064680,88177.95413360638,7.4811111111111135,20231023-20240520,546.3711642331538,1,fair,NA
AIMS,2023-12-14T05:00:00Z,02S06,STIC,SP,21064680,88177.95413360638,7.4811111111111135,20231023-20240520,546.3711642331538,1,fair,NA
AIMS,2023-12-14T05:15:00Z,02S06,STIC,SP,21064680,88177.95413360638,7.381111111111112,20231023-20240520,546.3711642331538,1,fair,NA
AIMS,2023-12-14T05:30:00Z,02S06,STIC,SP,21064680,88177.95413360638,7.279999999999999,20231023-20240520,546.3711642331538,1,fair,NA
AIMS,2023-12-14T05:45:00Z,02S06,STIC,SP,21064680,88177.95413360638,7.1788888888888875,20231023-20240520,546.3711642331538,1,fair,NA
AIMS,2023-12-14T06:00:00Z,02S06,STIC,SP,21064680,88177.95413360638,7.078888888888887,20231023-20240520,546.3711642331538,1,fair,NA
AIMS,2023-12-14T06:15:00Z,02S06,STIC,SP,21064680,88177.95413360638,7.078888888888887,20231023-20240520,546.3711642331538,1,fair,NA
AIMS,2023-12-14T06:30:00Z,02S06,STIC,SP,21064680,88177.95413360638,7.078888888888887,20231023-20240520,546.3711642331538,1,fair,NA
AIMS,2023-12-14T06:45:00Z,02S06,STIC,SP,21064680,88177.95413360638,7.078888888888887,20231023-20240520,546.3711642331538,1,fair,NA
AIMS,2023-12-14T07:00:00Z,02S06,STIC,SP,21064680,88177.95413360638,7.1788888888888875,20231023-20240520,546.3711642331538,1,fair,NA
AIMS,2023-12-14T07:15:00Z,02S06,STIC,SP,21064680,88177.95413360638,7.279999999999999,20231023-20240520,546.3711642331538,1,fair,NA
AIMS,2023-12-14T07:30:00Z,02S06,STIC,SP,21064680,88177.95413360638,7.1788888888888875,20231023-20240520,546.3711642331538,1,fair,NA
AIMS,2023-12-14T07:45:00Z,02S06,STIC,SP,21064680,88177.95413360638,7.1788888888888875,20231023-20240520,546.3711642331538,1,fair,NA
AIMS,2023-12-14T08:00:00Z,02S06,STIC,SP,21064680,88177.95413360638,7.279999999999999,20231023-20240520,546.3711642331538,1,fair,NA
AIMS,2023-12-14T08:15:00Z,02S06,STIC,SP,21064680,88177.95413360638,7.381111111111112,20231023-20240520,546.3711642331538,1,fair,NA
AIMS,2023-12-14T08:30:00Z,02S06,STIC,SP,21064680,88177.95413360638,7.582222222222225,20231023-20240520,546.3711642331538,1,fair,NA
AIMS,2023-12-14T08:45:00Z,02S06,STIC,SP,21064680,88177.95413360638,7.782222222222226,20231023-20240520,546.3711642331538,1,fair,NA
AIMS,2023-12-14T09:00:00Z,02S06,STIC,SP,21064680,88177.95413360638,7.882222222222223,20231023-20240520,546.3711642331538,1,fair,NA
AIMS,2023-12-14T09:15:00Z,02S06,STIC,SP,21064680,88177.95413360638,7.782222222222226,20231023-20240520,546.3711642331538,1,fair,NA
AIMS,2023-12-14T09:30:00Z,02S06,STIC,SP,21064680,88177.95413360638,7.682222222222225,20231023-20240520,546.3711642331538,1,fair,NA
AIMS,2023-12-14T09:45:00Z,02S06,STIC,SP,21064680,88177.95413360638,7.782222222222226,20231023-20240520,546.3711642331538,1,fair,NA
AIMS,2023-12-14T10:00:00Z,02S06,STIC,SP,21064680,88177.95413360638,7.782222222222226,20231023-20240520,546.3711642331538,1,fair,NA
AIMS,2023-12-14T10:15:00Z,02S06,STIC,SP,21064680,88177.95413360638,7.682222222222225,20231023-20240520,546.3711642331538,1,fair,NA
AIMS,2023-12-14T10:30:00Z,02S06,STIC,SP,21064680,88177.95413360638,7.381111111111112,20231023-20240520,546.3711642331538,1,fair,NA
AIMS,2023-12-14T10:45:00Z,02S06,STIC,SP,21064680,88177.95413360638,7.1788888888888875,20231023-20240520,546.3711642331538,1,fair,NA
AIMS,2023-12-14T11:00:00Z,02S06,STIC,SP,21064680,88177.95413360638,7.078888888888887,20231023-20240520,546.3711642331538,1,fair,NA
AIMS,2023-12-14T11:15:00Z,02S06,STIC,SP,21064680,88177.95413360638,7.078888888888887,20231023-20240520,546.3711642331538,1,fair,NA
AIMS,2023-12-14T11:30:00Z,02S06,STIC,SP,21064680,88177.95413360638,7.078888888888887,20231023-20240520,546.3711642331538,1,fair,NA
AIMS,2023-12-14T11:45:00Z,02S06,STIC,SP,21064680,88177.95413360638,6.977777777777779,20231023-20240520,546.3711642331538,1,fair,NA
AIMS,2023-12-14T12:00:00Z,02S06,STIC,SP,21064680,88177.95413360638,6.977777777777779,20231023-20240520,546.3711642331538,1,fair,NA
AIMS,2023-12-14T12:15:00Z,02S06,STIC,SP,21064680,88177.95413360638,7.078888888888887,20231023-20240520,546.3711642331538,1,fair,NA
AIMS,2023-12-14T12:30:00Z,02S06,STIC,SP,21064680,88177.95413360638,7.279999999999999,20231023-20240520,546.3711642331538,1,fair,NA
AIMS,2023-12-14T12:45:00Z,02S06,STIC,SP,21064680,88177.95413360638,7.582222222222225,20231023-20240520,546.3711642331538,1,fair,NA
AIMS,2023-12-14T13:00:00Z,02S06,STIC,SP,21064680,88177.95413360638,7.582222222222225,20231023-20240520,546.3711642331538,1,fair,NA
AIMS,2023-12-14T13:15:00Z,02S06,STIC,SP,21064680,88177.95413360638,7.4811111111111135,20231023-20240520,546.3711642331538,1,fair,NA
AIMS,2023-12-14T13:30:00Z,02S06,STIC,SP,21064680,88177.95413360638,7.381111111111112,20231023-20240520,546.3711642331538,1,fair,NA
AIMS,2023-12-14T13:45:00Z,02S06,STIC,SP,21064680,88177.95413360638,7.4811111111111135,20231023-20240520,546.3711642331538,1,fair,NA
AIMS,2023-12-14T14:00:00Z,02S06,STIC,SP,21064680,88177.95413360638,7.782222222222226,20231023-20240520,546.3711642331538,1,fair,NA
AIMS,2023-12-14T14:15:00Z,02S06,STIC,SP,21064680,85422.39306693122,8.082222222222224,20231023-20240520,524.814858046278,1,fair,NA
AIMS,2023-12-14T14:30:00Z,02S06,STIC,SP,21064680,82666.83200025599,8.082222222222224,20231023-20240520,503.25855185940213,1,fair,NA
AIMS,2023-12-14T14:45:00Z,02S06,STIC,SP,21064680,82666.83200025599,8.182222222222224,20231023-20240520,503.25855185940213,1,fair,NA
AIMS,2023-12-14T15:00:00Z,02S06,STIC,SP,21064680,82666.83200025599,8.481111111111108,20231023-20240520,503.25855185940213,1,fair,NA
AIMS,2023-12-14T15:15:00Z,02S06,STIC,SP,21064680,82666.83200025599,8.68,20231023-20240520,503.25855185940213,1,fair,NA
AIMS,2023-12-14T15:30:00Z,02S06,STIC,SP,21064680,82666.83200025599,8.977777777777774,20231023-20240520,503.25855185940213,1,fair,NA
AIMS,2023-12-14T15:45:00Z,02S06,STIC,SP,21064680,82666.83200025599,9.472222222222221,20231023-20240520,503.25855185940213,1,fair,NA
AIMS,2023-12-14T16:00:00Z,02S06,STIC,SP,21064680,82666.83200025599,9.66888888888889,20231023-20240520,503.25855185940213,1,fair,NA
AIMS,2023-12-14T16:15:00Z,02S06,STIC,SP,21064680,82666.83200025599,9.767777777777773,20231023-20240520,503.25855185940213,1,fair,NA
AIMS,2023-12-14T16:30:00Z,02S06,STIC,SP,21064680,82666.83200025599,10.357222222222227,20231023-20240520,503.25855185940213,1,fair,NA
AIMS,2023-12-14T16:45:00Z,02S06,STIC,SP,21064680,82666.83200025599,10.552777777777775,20231023-20240520,503.25855185940213,1,fair,NA
AIMS,2023-12-14T17:00:00Z,02S06,STIC,SP,21064680,82666.83200025599,10.747777777777772,20231023-20240520,503.25855185940213,1,fair,NA
AIMS,2023-12-14T17:15:00Z,02S06,STIC,SP,21064680,82666.83200025599,10.84611111111111,20231023-20240520,503.25855185940213,1,fair,NA
AIMS,2023-12-14T17:30:00Z,02S06,STIC,SP,21064680,82666.83200025599,11.041111111111109,20231023-20240520,503.25855185940213,1,fair,NA
AIMS,2023-12-14T17:45:00Z,02S06,STIC,SP,21064680,82666.83200025599,10.943888888888887,20231023-20240520,503.25855185940213,1,fair,NA
AIMS,2023-12-14T18:00:00Z,02S06,STIC,SP,21064680,82666.83200025599,10.747777777777772,20231023-20240520,503.25855185940213,1,fair,NA
AIMS,2023-12-14T18:15:00Z,02S06,STIC,SP,21064680,82666.83200025599,10.651111111111108,20231023-20240520,503.25855185940213,1,fair,NA
AIMS,2023-12-14T18:30:00Z,02S06,STIC,SP,21064680,82666.83200025599,10.651111111111108,20231023-20240520,503.25855185940213,1,fair,NA
AIMS,2023-12-14T18:45:00Z,02S06,STIC,SP,21064680,82666.83200025599,10.651111111111108,20231023-20240520,503.25855185940213,1,fair,NA
AIMS,2023-12-14T19:00:00Z,02S06,STIC,SP,21064680,82666.83200025599,10.943888888888887,20231023-20240520,503.25855185940213,1,fair,NA
AIMS,2023-12-14T19:15:00Z,02S06,STIC,SP,21064680,82666.83200025599,10.747777777777772,20231023-20240520,503.25855185940213,1,fair,NA
AIMS,2023-12-14T19:30:00Z,02S06,STIC,SP,21064680,82666.83200025599,10.747777777777772,20231023-20240520,503.25855185940213,1,fair,NA
AIMS,2023-12-14T19:45:00Z,02S06,STIC,SP,21064680,82666.83200025599,11.041111111111109,20231023-20240520,503.25855185940213,1,fair,NA
AIMS,2023-12-14T20:00:00Z,02S06,STIC,SP,21064680,85422.39306693122,11.236111111111107,20231023-20240520,524.814858046278,1,fair,NA
AIMS,2023-12-14T20:15:00Z,02S06,STIC,SP,21064680,85422.39306693122,11.041111111111109,20231023-20240520,524.814858046278,1,fair,NA
AIMS,2023-12-14T20:30:00Z,02S06,STIC,SP,21064680,85422.39306693122,10.84611111111111,20231023-20240520,524.814858046278,1,fair,NA
AIMS,2023-12-14T20:45:00Z,02S06,STIC,SP,21064680,85422.39306693122,10.84611111111111,20231023-20240520,524.814858046278,1,fair,NA
AIMS,2023-12-14T21:00:00Z,02S06,STIC,SP,21064680,85422.39306693122,10.84611111111111,20231023-20240520,524.814858046278,1,fair,NA
AIMS,2023-12-14T21:15:00Z,02S06,STIC,SP,21064680,82666.83200025599,10.552777777777775,20231023-20240520,503.25855185940213,1,fair,NA
AIMS,2023-12-14T21:30:00Z,02S06,STIC,SP,21064680,82666.83200025599,10.25888888888889,20231023-20240520,503.25855185940213,1,fair,NA
AIMS,2023-12-14T21:45:00Z,02S06,STIC,SP,21064680,82666.83200025599,9.965000000000002,20231023-20240520,503.25855185940213,1,fair,NA
AIMS,2023-12-14T22:00:00Z,02S06,STIC,SP,21064680,82666.83200025599,9.866111111111111,20231023-20240520,503.25855185940213,1,fair,NA
AIMS,2023-12-14T22:15:00Z,02S06,STIC,SP,21064680,82666.83200025599,9.866111111111111,20231023-20240520,503.25855185940213,1,fair,NA
AIMS,2023-12-14T22:30:00Z,02S06,STIC,SP,21064680,82666.83200025599,9.66888888888889,20231023-20240520,503.25855185940213,1,fair,NA
AIMS,2023-12-14T22:45:00Z,02S06,STIC,SP,21064680,82666.83200025599,9.275,20231023-20240520,503.25855185940213,1,fair,NA
AIMS,2023-12-14T23:00:00Z,02S06,STIC,SP,21064680,82666.83200025599,8.778888888888888,20231023-20240520,503.25855185940213,1,fair,NA
AIMS,2023-12-14T23:15:00Z,02S06,STIC,SP,21064680,82666.83200025599,8.581111111111108,20231023-20240520,503.25855185940213,1,fair,NA
AIMS,2023-12-14T23:30:00Z,02S06,STIC,SP,21064680,82666.83200025599,8.481111111111108,20231023-20240520,503.25855185940213,1,fair,NA
AIMS,2023-12-14T23:45:00Z,02S06,STIC,SP,21064680,82666.83200025599,8.382222222222223,20231023-20240520,503.25855185940213,1,fair,NA
AIMS,2023-12-15T00:00:00Z,02S06,STIC,SP,21064680,82666.83200025599,8.382222222222223,20231023-20240520,503.25855185940213,1,fair,NA
AIMS,2023-12-15T00:15:00Z,02S06,STIC,SP,21064680,82666.83200025599,8.68,20231023-20240520,503.25855185940213,1,fair,NA
AIMS,2023-12-15T00:30:00Z,02S06,STIC,SP,21064680,82666.83200025599,8.68,20231023-20240520,503.25855185940213,1,fair,NA
AIMS,2023-12-15T00:45:00Z,02S06,STIC,SP,21064680,82666.83200025599,8.581111111111108,20231023-20240520,503.25855185940213,1,fair,NA
AIMS,2023-12-15T01:00:00Z,02S06,STIC,SP,21064680,82666.83200025599,8.581111111111108,20231023-20240520,503.25855185940213,1,fair,NA
AIMS,2023-12-15T01:15:00Z,02S06,STIC,SP,21064680,82666.83200025599,8.68,20231023-20240520,503.25855185940213,1,fair,NA
AIMS,2023-12-15T01:30:00Z,02S06,STIC,SP,21064680,82666.83200025599,8.68,20231023-20240520,503.25855185940213,1,fair,NA
AIMS,2023-12-15T01:45:00Z,02S06,STIC,SP,21064680,82666.83200025599,8.778888888888888,20231023-20240520,503.25855185940213,1,fair,NA
AIMS,2023-12-15T02:00:00Z,02S06,STIC,SP,21064680,82666.83200025599,8.87888888888889,20231023-20240520,503.25855185940213,1,fair,NA
AIMS,2023-12-15T02:15:00Z,02S06,STIC,SP,21064680,82666.83200025599,8.977777777777774,20231023-20240520,503.25855185940213,1,fair,NA
AIMS,2023-12-15T02:30:00Z,02S06,STIC,SP,21064680,82666.83200025599,8.977777777777774,20231023-20240520,503.25855185940213,1,fair,NA
AIMS,2023-12-15T02:45:00Z,02S06,STIC,SP,21064680,82666.83200025599,8.977777777777774,20231023-20240520,503.25855185940213,1,fair,NA
AIMS,2023-12-15T03:00:00Z,02S06,STIC,SP,21064680,82666.83200025599,8.977777777777774,20231023-20240520,503.25855185940213,1,fair,NA
AIMS,2023-12-15T03:15:00Z,02S06,STIC,SP,21064680,82666.83200025599,8.87888888888889,20231023-20240520,503.25855185940213,1,fair,NA
AIMS,2023-12-15T03:30:00Z,02S06,STIC,SP,21064680,82666.83200025599,8.977777777777774,20231023-20240520,503.25855185940213,1,fair,NA
AIMS,2023-12-15T03:45:00Z,02S06,STIC,SP,21064680,82666.83200025599,8.977777777777774,20231023-20240520,503.25855185940213,1,fair,NA
AIMS,2023-12-15T04:00:00Z,02S06,STIC,SP,21064680,82666.83200025599,8.87888888888889,20231023-20240520,503.25855185940213,1,fair,NA
AIMS,2023-12-15T04:15:00Z,02S06,STIC,SP,21064680,82666.83200025599,8.87888888888889,20231023-20240520,503.25855185940213,1,fair,NA
AIMS,2023-12-15T04:30:00Z,02S06,STIC,SP,21064680,82666.83200025599,8.87888888888889,20231023-20240520,503.25855185940213,1,fair,NA
AIMS,2023-12-15T04:45:00Z,02S06,STIC,SP,21064680,82666.83200025599,8.87888888888889,20231023-20240520,503.25855185940213,1,fair,NA
AIMS,2023-12-15T05:00:00Z,02S06,STIC,SP,21064680,82666.83200025599,8.87888888888889,20231023-20240520,503.25855185940213,1,fair,NA
AIMS,2023-12-15T05:15:00Z,02S06,STIC,SP,21064680,82666.83200025599,8.87888888888889,20231023-20240520,503.25855185940213,1,fair,NA
AIMS,2023-12-15T05:30:00Z,02S06,STIC,SP,21064680,82666.83200025599,8.87888888888889,20231023-20240520,503.25855185940213,1,fair,NA
AIMS,2023-12-15T05:45:00Z,02S06,STIC,SP,21064680,82666.83200025599,8.87888888888889,20231023-20240520,503.25855185940213,1,fair,NA
AIMS,2023-12-15T06:00:00Z,02S06,STIC,SP,21064680,82666.83200025599,8.977777777777774,20231023-20240520,503.25855185940213,1,fair,NA
AIMS,2023-12-15T06:15:00Z,02S06,STIC,SP,21064680,82666.83200025599,8.778888888888888,20231023-20240520,503.25855185940213,1,fair,NA
AIMS,2023-12-15T06:30:00Z,02S06,STIC,SP,21064680,82666.83200025599,8.581111111111108,20231023-20240520,503.25855185940213,1,fair,NA
AIMS,2023-12-15T06:45:00Z,02S06,STIC,SP,21064680,82666.83200025599,8.581111111111108,20231023-20240520,503.25855185940213,1,fair,NA
AIMS,2023-12-15T07:00:00Z,02S06,STIC,SP,21064680,82666.83200025599,8.68,20231023-20240520,503.25855185940213,1,fair,NA
AIMS,2023-12-15T07:15:00Z,02S06,STIC,SP,21064680,82666.83200025599,8.581111111111108,20231023-20240520,503.25855185940213,1,fair,NA
AIMS,2023-12-15T07:30:00Z,02S06,STIC,SP,21064680,82666.83200025599,8.581111111111108,20231023-20240520,503.25855185940213,1,fair,NA
AIMS,2023-12-15T07:45:00Z,02S06,STIC,SP,21064680,74400.1488002304,8.581111111111108,20231023-20240520,438.5896332987749,1,fair,NA
AIMS,2023-12-15T08:00:00Z,02S06,STIC,SP,21064680,74400.1488002304,8.382222222222223,20231023-20240520,438.5896332987749,1,fair,NA
AIMS,2023-12-15T08:15:00Z,02S06,STIC,SP,21064680,74400.1488002304,8.282222222222224,20231023-20240520,438.5896332987749,1,fair,NA
AIMS,2023-12-15T08:30:00Z,02S06,STIC,SP,21064680,74400.1488002304,8.481111111111108,20231023-20240520,438.5896332987749,1,fair,NA
AIMS,2023-12-15T08:45:00Z,02S06,STIC,SP,21064680,74400.1488002304,8.481111111111108,20231023-20240520,438.5896332987749,1,fair,NA
AIMS,2023-12-15T09:00:00Z,02S06,STIC,SP,21064680,74400.1488002304,8.481111111111108,20231023-20240520,438.5896332987749,1,fair,NA
AIMS,2023-12-15T09:15:00Z,02S06,STIC,SP,21064680,74400.1488002304,8.282222222222224,20231023-20240520,438.5896332987749,1,fair,NA
AIMS,2023-12-15T09:30:00Z,02S06,STIC,SP,21064680,74400.1488002304,7.982777777777778,20231023-20240520,438.5896332987749,1,fair,NA
AIMS,2023-12-15T09:45:00Z,02S06,STIC,SP,21064680,74400.1488002304,7.982777777777778,20231023-20240520,438.5896332987749,1,fair,NA
AIMS,2023-12-15T10:00:00Z,02S06,STIC,SP,21064680,74400.1488002304,7.982777777777778,20231023-20240520,438.5896332987749,1,fair,NA
AIMS,2023-12-15T10:15:00Z,02S06,STIC,SP,21064680,74400.1488002304,7.982777777777778,20231023-20240520,438.5896332987749,1,fair,NA
AIMS,2023-12-15T10:30:00Z,02S06,STIC,SP,21064680,74400.1488002304,7.982777777777778,20231023-20240520,438.5896332987749,1,fair,NA
AIMS,2023-12-15T10:45:00Z,02S06,STIC,SP,21064680,74400.1488002304,8.082222222222224,20231023-20240520,438.5896332987749,1,fair,NA
AIMS,2023-12-15T11:00:00Z,02S06,STIC,SP,21064680,74400.1488002304,8.082222222222224,20231023-20240520,438.5896332987749,1,fair,NA
AIMS,2023-12-15T11:15:00Z,02S06,STIC,SP,21064680,74400.1488002304,8.082222222222224,20231023-20240520,438.5896332987749,1,fair,NA
AIMS,2023-12-15T11:30:00Z,02S06,STIC,SP,21064680,74400.1488002304,8.082222222222224,20231023-20240520,438.5896332987749,1,fair,NA
AIMS,2023-12-15T11:45:00Z,02S06,STIC,SP,21064680,74400.1488002304,7.982777777777778,20231023-20240520,438.5896332987749,1,fair,NA
AIMS,2023-12-15T12:00:00Z,02S06,STIC,SP,21064680,74400.1488002304,7.982777777777778,20231023-20240520,438.5896332987749,1,fair,NA
AIMS,2023-12-15T12:15:00Z,02S06,STIC,SP,21064680,74400.1488002304,7.982777777777778,20231023-20240520,438.5896332987749,1,fair,NA
AIMS,2023-12-15T12:30:00Z,02S06,STIC,SP,21064680,74400.1488002304,7.982777777777778,20231023-20240520,438.5896332987749,1,fair,NA
AIMS,2023-12-15T12:45:00Z,02S06,STIC,SP,21064680,74400.1488002304,7.982777777777778,20231023-20240520,438.5896332987749,1,fair,NA
AIMS,2023-12-15T13:00:00Z,02S06,STIC,SP,21064680,74400.1488002304,7.982777777777778,20231023-20240520,438.5896332987749,1,fair,NA
AIMS,2023-12-15T13:15:00Z,02S06,STIC,SP,21064680,74400.1488002304,7.882222222222223,20231023-20240520,438.5896332987749,1,fair,NA
AIMS,2023-12-15T13:30:00Z,02S06,STIC,SP,21064680,74400.1488002304,7.982777777777778,20231023-20240520,438.5896332987749,1,fair,NA
AIMS,2023-12-15T13:45:00Z,02S06,STIC,SP,21064680,74400.1488002304,7.982777777777778,20231023-20240520,438.5896332987749,1,fair,NA
AIMS,2023-12-15T14:00:00Z,02S06,STIC,SP,21064680,74400.1488002304,7.982777777777778,20231023-20240520,438.5896332987749,1,fair,NA
AIMS,2023-12-15T14:15:00Z,02S06,STIC,SP,21064680,74400.1488002304,8.082222222222224,20231023-20240520,438.5896332987749,1,fair,NA
AIMS,2023-12-15T14:30:00Z,02S06,STIC,SP,21064680,74400.1488002304,7.982777777777778,20231023-20240520,438.5896332987749,1,fair,NA
AIMS,2023-12-15T14:45:00Z,02S06,STIC,SP,21064680,74400.1488002304,8.082222222222224,20231023-20240520,438.5896332987749,1,fair,NA
AIMS,2023-12-15T15:00:00Z,02S06,STIC,SP,21064680,74400.1488002304,8.082222222222224,20231023-20240520,438.5896332987749,1,fair,NA
AIMS,2023-12-15T15:15:00Z,02S06,STIC,SP,21064680,74400.1488002304,8.182222222222224,20231023-20240520,438.5896332987749,1,fair,NA
AIMS,2023-12-15T15:30:00Z,02S06,STIC,SP,21064680,74400.1488002304,8.282222222222224,20231023-20240520,438.5896332987749,1,fair,NA
AIMS,2023-12-15T15:45:00Z,02S06,STIC,SP,21064680,74400.1488002304,8.282222222222224,20231023-20240520,438.5896332987749,1,fair,NA
AIMS,2023-12-15T16:00:00Z,02S06,STIC,SP,21064680,74400.1488002304,8.182222222222224,20231023-20240520,438.5896332987749,1,fair,NA
AIMS,2023-12-15T16:15:00Z,02S06,STIC,SP,21064680,74400.1488002304,8.182222222222224,20231023-20240520,438.5896332987749,1,fair,NA
AIMS,2023-12-15T16:30:00Z,02S06,STIC,SP,21064680,74400.1488002304,8.282222222222224,20231023-20240520,438.5896332987749,1,fair,NA
AIMS,2023-12-15T16:45:00Z,02S06,STIC,SP,21064680,74400.1488002304,8.282222222222224,20231023-20240520,438.5896332987749,1,fair,NA
AIMS,2023-12-15T17:00:00Z,02S06,STIC,SP,21064680,74400.1488002304,8.382222222222223,20231023-20240520,438.5896332987749,1,fair,NA
AIMS,2023-12-15T17:15:00Z,02S06,STIC,SP,21064680,74400.1488002304,8.481111111111108,20231023-20240520,438.5896332987749,1,fair,NA
AIMS,2023-12-15T17:30:00Z,02S06,STIC,SP,21064680,74400.1488002304,8.68,20231023-20240520,438.5896332987749,1,fair,NA
AIMS,2023-12-15T17:45:00Z,02S06,STIC,SP,21064680,74400.1488002304,8.778888888888888,20231023-20240520,438.5896332987749,1,fair,NA
AIMS,2023-12-15T18:00:00Z,02S06,STIC,SP,21064680,74400.1488002304,8.977777777777774,20231023-20240520,438.5896332987749,1,fair,NA
AIMS,2023-12-15T18:15:00Z,02S06,STIC,SP,21064680,74400.1488002304,8.977777777777774,20231023-20240520,438.5896332987749,1,fair,NA
AIMS,2023-12-15T18:30:00Z,02S06,STIC,SP,21064680,74400.1488002304,9.077222222222222,20231023-20240520,438.5896332987749,1,fair,NA
AIMS,2023-12-15T18:45:00Z,02S06,STIC,SP,21064680,74400.1488002304,9.077222222222222,20231023-20240520,438.5896332987749,1,fair,NA
AIMS,2023-12-15T19:00:00Z,02S06,STIC,SP,21064680,74400.1488002304,9.17611111111111,20231023-20240520,438.5896332987749,1,fair,NA
AIMS,2023-12-15T19:15:00Z,02S06,STIC,SP,21064680,74400.1488002304,9.275,20231023-20240520,438.5896332987749,1,fair,NA
AIMS,2023-12-15T19:30:00Z,02S06,STIC,SP,21064680,74400.1488002304,9.17611111111111,20231023-20240520,438.5896332987749,1,fair,NA
AIMS,2023-12-15T19:45:00Z,02S06,STIC,SP,21064680,74400.1488002304,9.372777777777781,20231023-20240520,438.5896332987749,1,fair,NA
AIMS,2023-12-15T20:00:00Z,02S06,STIC,SP,21064680,74400.1488002304,9.57111111111111,20231023-20240520,438.5896332987749,1,fair,NA
AIMS,2023-12-15T20:15:00Z,02S06,STIC,SP,21064680,74400.1488002304,9.472222222222221,20231023-20240520,438.5896332987749,1,fair,NA
AIMS,2023-12-15T20:30:00Z,02S06,STIC,SP,21064680,74400.1488002304,9.275,20231023-20240520,438.5896332987749,1,fair,NA
AIMS,2023-12-15T20:45:00Z,02S06,STIC,SP,21064680,74400.1488002304,9.17611111111111,20231023-20240520,438.5896332987749,1,fair,NA
AIMS,2023-12-15T21:00:00Z,02S06,STIC,SP,21064680,74400.1488002304,9.077222222222222,20231023-20240520,438.5896332987749,1,fair,NA
AIMS,2023-12-15T21:15:00Z,02S06,STIC,SP,21064680,74400.1488002304,9.17611111111111,20231023-20240520,438.5896332987749,1,fair,NA
AIMS,2023-12-15T21:30:00Z,02S06,STIC,SP,21064680,74400.1488002304,9.372777777777781,20231023-20240520,438.5896332987749,1,fair,NA
AIMS,2023-12-15T21:45:00Z,02S06,STIC,SP,21064680,74400.1488002304,9.372777777777781,20231023-20240520,438.5896332987749,1,fair,NA
AIMS,2023-12-15T22:00:00Z,02S06,STIC,SP,21064680,74400.1488002304,9.57111111111111,20231023-20240520,438.5896332987749,1,fair,NA
AIMS,2023-12-15T22:15:00Z,02S06,STIC,SP,21064680,74400.1488002304,9.767777777777773,20231023-20240520,438.5896332987749,1,fair,NA
AIMS,2023-12-15T22:30:00Z,02S06,STIC,SP,21064680,74400.1488002304,9.57111111111111,20231023-20240520,438.5896332987749,1,fair,NA
AIMS,2023-12-15T22:45:00Z,02S06,STIC,SP,21064680,74400.1488002304,9.66888888888889,20231023-20240520,438.5896332987749,1,fair,NA
AIMS,2023-12-15T23:00:00Z,02S06,STIC,SP,21064680,74400.1488002304,9.57111111111111,20231023-20240520,438.5896332987749,1,fair,NA
AIMS,2023-12-15T23:15:00Z,02S06,STIC,SP,21064680,74400.1488002304,9.472222222222221,20231023-20240520,438.5896332987749,1,fair,NA
AIMS,2023-12-15T23:30:00Z,02S06,STIC,SP,21064680,74400.1488002304,9.372777777777781,20231023-20240520,438.5896332987749,1,fair,NA
AIMS,2023-12-15T23:45:00Z,02S06,STIC,SP,21064680,74400.1488002304,9.372777777777781,20231023-20240520,438.5896332987749,1,fair,NA
AIMS,2023-12-16T00:00:00Z,02S06,STIC,SP,21064680,74400.1488002304,9.275,20231023-20240520,438.5896332987749,1,fair,NA
AIMS,2023-12-16T00:15:00Z,02S06,STIC,SP,21064680,74400.1488002304,9.17611111111111,20231023-20240520,438.5896332987749,1,fair,NA
AIMS,2023-12-16T00:30:00Z,02S06,STIC,SP,21064680,74400.1488002304,9.17611111111111,20231023-20240520,438.5896332987749,1,fair,NA
AIMS,2023-12-16T00:45:00Z,02S06,STIC,SP,21064680,74400.1488002304,9.17611111111111,20231023-20240520,438.5896332987749,1,fair,NA
AIMS,2023-12-16T01:00:00Z,02S06,STIC,SP,21064680,74400.1488002304,9.077222222222222,20231023-20240520,438.5896332987749,1,fair,NA
AIMS,2023-12-16T01:15:00Z,02S06,STIC,SP,21064680,74400.1488002304,9.077222222222222,20231023-20240520,438.5896332987749,1,fair,NA
AIMS,2023-12-16T01:30:00Z,02S06,STIC,SP,21064680,74400.1488002304,9.077222222222222,20231023-20240520,438.5896332987749,1,fair,NA
AIMS,2023-12-16T01:45:00Z,02S06,STIC,SP,21064680,74400.1488002304,9.077222222222222,20231023-20240520,438.5896332987749,1,fair,NA
AIMS,2023-12-16T02:00:00Z,02S06,STIC,SP,21064680,74400.1488002304,8.977777777777774,20231023-20240520,438.5896332987749,1,fair,NA
AIMS,2023-12-16T02:15:00Z,02S06,STIC,SP,21064680,74400.1488002304,8.977777777777774,20231023-20240520,438.5896332987749,1,fair,NA
AIMS,2023-12-16T02:30:00Z,02S06,STIC,SP,21064680,74400.1488002304,9.077222222222222,20231023-20240520,438.5896332987749,1,fair,NA
AIMS,2023-12-16T02:45:00Z,02S06,STIC,SP,21064680,74400.1488002304,9.077222222222222,20231023-20240520,438.5896332987749,1,fair,NA
AIMS,2023-12-16T03:00:00Z,02S06,STIC,SP,21064680,74400.1488002304,9.077222222222222,20231023-20240520,438.5896332987749,1,fair,NA
AIMS,2023-12-16T03:15:00Z,02S06,STIC,SP,21064680,74400.1488002304,9.17611111111111,20231023-20240520,438.5896332987749,1,fair,NA
AIMS,2023-12-16T03:30:00Z,02S06,STIC,SP,21064680,74400.1488002304,9.17611111111111,20231023-20240520,438.5896332987749,1,fair,NA
AIMS,2023-12-16T03:45:00Z,02S06,STIC,SP,21064680,74400.1488002304,9.17611111111111,20231023-20240520,438.5896332987749,1,fair,NA
AIMS,2023-12-16T04:00:00Z,02S06,STIC,SP,21064680,74400.1488002304,9.077222222222222,20231023-20240520,438.5896332987749,1,fair,NA
AIMS,2023-12-16T04:15:00Z,02S06,STIC,SP,21064680,74400.1488002304,8.977777777777774,20231023-20240520,438.5896332987749,1,fair,NA
AIMS,2023-12-16T04:30:00Z,02S06,STIC,SP,21064680,74400.1488002304,8.977777777777774,20231023-20240520,438.5896332987749,1,fair,NA
AIMS,2023-12-16T04:45:00Z,02S06,STIC,SP,21064680,74400.1488002304,9.077222222222222,20231023-20240520,438.5896332987749,1,fair,NA
AIMS,2023-12-16T05:00:00Z,02S06,STIC,SP,21064680,74400.1488002304,9.077222222222222,20231023-20240520,438.5896332987749,1,fair,NA
AIMS,2023-12-16T05:15:00Z,02S06,STIC,SP,21064680,74400.1488002304,8.977777777777774,20231023-20240520,438.5896332987749,1,fair,NA
AIMS,2023-12-16T05:30:00Z,02S06,STIC,SP,21064680,74400.1488002304,8.977777777777774,20231023-20240520,438.5896332987749,1,fair,NA
AIMS,2023-12-16T05:45:00Z,02S06,STIC,SP,21064680,74400.1488002304,8.977777777777774,20231023-20240520,438.5896332987749,1,fair,NA
AIMS,2023-12-16T06:00:00Z,02S06,STIC,SP,21064680,74400.1488002304,8.87888888888889,20231023-20240520,438.5896332987749,1,fair,NA
AIMS,2023-12-16T06:15:00Z,02S06,STIC,SP,21064680,74400.1488002304,8.87888888888889,20231023-20240520,438.5896332987749,1,fair,NA
AIMS,2023-12-16T06:30:00Z,02S06,STIC,SP,21064680,74400.1488002304,8.778888888888888,20231023-20240520,438.5896332987749,1,fair,NA
AIMS,2023-12-16T06:45:00Z,02S06,STIC,SP,21064680,74400.1488002304,8.68,20231023-20240520,438.5896332987749,1,fair,NA
AIMS,2023-12-16T07:00:00Z,02S06,STIC,SP,21064680,74400.1488002304,8.581111111111108,20231023-20240520,438.5896332987749,1,fair,NA
AIMS,2023-12-16T07:15:00Z,02S06,STIC,SP,21064680,74400.1488002304,8.382222222222223,20231023-20240520,438.5896332987749,1,fair,NA
AIMS,2023-12-16T07:30:00Z,02S06,STIC,SP,21064680,74400.1488002304,8.282222222222224,20231023-20240520,438.5896332987749,1,fair,NA
AIMS,2023-12-16T07:45:00Z,02S06,STIC,SP,21064680,74400.1488002304,8.082222222222224,20231023-20240520,438.5896332987749,1,fair,NA
AIMS,2023-12-16T08:00:00Z,02S06,STIC,SP,21064680,74400.1488002304,8.082222222222224,20231023-20240520,438.5896332987749,1,fair,NA
AIMS,2023-12-16T08:15:00Z,02S06,STIC,SP,21064680,74400.1488002304,7.982777777777778,20231023-20240520,438.5896332987749,1,fair,NA
AIMS,2023-12-16T08:30:00Z,02S06,STIC,SP,21064680,74400.1488002304,7.982777777777778,20231023-20240520,438.5896332987749,1,fair,NA
AIMS,2023-12-16T08:45:00Z,02S06,STIC,SP,21064680,74400.1488002304,7.982777777777778,20231023-20240520,438.5896332987749,1,fair,NA
AIMS,2023-12-16T09:00:00Z,02S06,STIC,SP,21064680,74400.1488002304,7.982777777777778,20231023-20240520,438.5896332987749,1,fair,NA
AIMS,2023-12-16T09:15:00Z,02S06,STIC,SP,21064680,74400.1488002304,7.882222222222223,20231023-20240520,438.5896332987749,1,fair,NA
AIMS,2023-12-16T09:30:00Z,02S06,STIC,SP,21064680,74400.1488002304,7.882222222222223,20231023-20240520,438.5896332987749,1,fair,NA
AIMS,2023-12-16T09:45:00Z,02S06,STIC,SP,21064680,74400.1488002304,7.782222222222226,20231023-20240520,438.5896332987749,1,fair,NA
AIMS,2023-12-16T10:00:00Z,02S06,STIC,SP,21064680,74400.1488002304,7.682222222222225,20231023-20240520,438.5896332987749,1,fair,NA
AIMS,2023-12-16T10:15:00Z,02S06,STIC,SP,21064680,71644.5877335552,7.582222222222225,20231023-20240520,417.0333271118992,1,fair,NA
AIMS,2023-12-16T10:30:00Z,02S06,STIC,SP,21064680,71644.5877335552,7.582222222222225,20231023-20240520,417.0333271118992,1,fair,NA
AIMS,2023-12-16T10:45:00Z,02S06,STIC,SP,21064680,71644.5877335552,7.4811111111111135,20231023-20240520,417.0333271118992,1,fair,NA
AIMS,2023-12-16T11:00:00Z,02S06,STIC,SP,21064680,71644.5877335552,7.4811111111111135,20231023-20240520,417.0333271118992,1,fair,NA
AIMS,2023-12-16T11:15:00Z,02S06,STIC,SP,21064680,71644.5877335552,7.381111111111112,20231023-20240520,417.0333271118992,1,fair,NA
AIMS,2023-12-16T11:30:00Z,02S06,STIC,SP,21064680,71644.5877335552,7.279999999999999,20231023-20240520,417.0333271118992,1,fair,NA
AIMS,2023-12-16T11:45:00Z,02S06,STIC,SP,21064680,71644.5877335552,7.279999999999999,20231023-20240520,417.0333271118992,1,fair,NA
AIMS,2023-12-16T12:00:00Z,02S06,STIC,SP,21064680,71644.5877335552,7.1788888888888875,20231023-20240520,417.0333271118992,1,fair,NA
AIMS,2023-12-16T12:15:00Z,02S06,STIC,SP,21064680,71644.5877335552,7.078888888888887,20231023-20240520,417.0333271118992,1,fair,NA
AIMS,2023-12-16T12:30:00Z,02S06,STIC,SP,21064680,71644.5877335552,6.877222222222222,20231023-20240520,417.0333271118992,1,fair,NA
AIMS,2023-12-16T12:45:00Z,02S06,STIC,SP,21064680,71644.5877335552,6.775,20231023-20240520,417.0333271118992,1,fair,NA
AIMS,2023-12-16T13:00:00Z,02S06,STIC,SP,21064680,71644.5877335552,6.673888888888888,20231023-20240520,417.0333271118992,1,fair,NA
AIMS,2023-12-16T13:15:00Z,02S06,STIC,SP,21064680,71644.5877335552,6.673888888888888,20231023-20240520,417.0333271118992,1,fair,NA
AIMS,2023-12-16T13:30:00Z,02S06,STIC,SP,21064680,71644.5877335552,6.471111111111114,20231023-20240520,417.0333271118992,1,fair,NA
AIMS,2023-12-16T13:45:00Z,02S06,STIC,SP,21064680,71644.5877335552,6.5727777777777785,20231023-20240520,417.0333271118992,1,fair,NA
AIMS,2023-12-16T14:00:00Z,02S06,STIC,SP,21064680,71644.5877335552,6.5727777777777785,20231023-20240520,417.0333271118992,1,fair,NA
AIMS,2023-12-16T14:15:00Z,02S06,STIC,SP,21064680,71644.5877335552,6.673888888888888,20231023-20240520,417.0333271118992,1,fair,NA
AIMS,2023-12-16T14:30:00Z,02S06,STIC,SP,21064680,71644.5877335552,6.673888888888888,20231023-20240520,417.0333271118992,1,fair,NA
AIMS,2023-12-16T14:45:00Z,02S06,STIC,SP,21064680,71644.5877335552,6.775,20231023-20240520,417.0333271118992,1,fair,NA
AIMS,2023-12-16T15:00:00Z,02S06,STIC,SP,21064680,71644.5877335552,6.775,20231023-20240520,417.0333271118992,1,fair,NA
AIMS,2023-12-16T15:15:00Z,02S06,STIC,SP,21064680,71644.5877335552,6.977777777777779,20231023-20240520,417.0333271118992,1,fair,NA
AIMS,2023-12-16T15:30:00Z,02S06,STIC,SP,21064680,71644.5877335552,6.977777777777779,20231023-20240520,417.0333271118992,1,fair,NA
AIMS,2023-12-16T15:45:00Z,02S06,STIC,SP,21064680,71644.5877335552,7.078888888888887,20231023-20240520,417.0333271118992,1,fair,NA
AIMS,2023-12-16T16:00:00Z,02S06,STIC,SP,21064680,71644.5877335552,7.1788888888888875,20231023-20240520,417.0333271118992,1,fair,NA
AIMS,2023-12-16T16:15:00Z,02S06,STIC,SP,21064680,71644.5877335552,7.279999999999999,20231023-20240520,417.0333271118992,1,fair,NA
AIMS,2023-12-16T16:30:00Z,02S06,STIC,SP,21064680,71644.5877335552,7.279999999999999,20231023-20240520,417.0333271118992,1,fair,NA
AIMS,2023-12-16T16:45:00Z,02S06,STIC,SP,21064680,71644.5877335552,7.381111111111112,20231023-20240520,417.0333271118992,1,fair,NA
AIMS,2023-12-16T17:00:00Z,02S06,STIC,SP,21064680,71644.5877335552,7.682222222222225,20231023-20240520,417.0333271118992,1,fair,NA
AIMS,2023-12-16T17:15:00Z,02S06,STIC,SP,21064680,71644.5877335552,7.682222222222225,20231023-20240520,417.0333271118992,1,fair,NA
AIMS,2023-12-16T17:30:00Z,02S06,STIC,SP,21064680,71644.5877335552,7.782222222222226,20231023-20240520,417.0333271118992,1,fair,NA
AIMS,2023-12-16T17:45:00Z,02S06,STIC,SP,21064680,74400.1488002304,8.481111111111108,20231023-20240520,438.5896332987749,1,fair,NA
AIMS,2023-12-16T18:00:00Z,02S06,STIC,SP,21064680,74400.1488002304,8.778888888888888,20231023-20240520,438.5896332987749,1,fair,NA
AIMS,2023-12-16T18:15:00Z,02S06,STIC,SP,21064680,74400.1488002304,9.372777777777781,20231023-20240520,438.5896332987749,1,fair,NA
AIMS,2023-12-16T18:30:00Z,02S06,STIC,SP,21064680,74400.1488002304,9.372777777777781,20231023-20240520,438.5896332987749,1,fair,NA
AIMS,2023-12-16T18:45:00Z,02S06,STIC,SP,21064680,74400.1488002304,8.581111111111108,20231023-20240520,438.5896332987749,1,fair,NA
AIMS,2023-12-16T19:00:00Z,02S06,STIC,SP,21064680,74400.1488002304,8.082222222222224,20231023-20240520,438.5896332987749,1,fair,NA
AIMS,2023-12-16T19:15:00Z,02S06,STIC,SP,21064680,71644.5877335552,7.982777777777778,20231023-20240520,417.0333271118992,1,fair,NA
AIMS,2023-12-16T19:30:00Z,02S06,STIC,SP,21064680,74400.1488002304,8.581111111111108,20231023-20240520,438.5896332987749,1,fair,NA
AIMS,2023-12-16T19:45:00Z,02S06,STIC,SP,21064680,74400.1488002304,9.866111111111111,20231023-20240520,438.5896332987749,1,fair,NA
AIMS,2023-12-16T20:00:00Z,02S06,STIC,SP,21064680,74400.1488002304,9.275,20231023-20240520,438.5896332987749,1,fair,NA
AIMS,2023-12-16T20:15:00Z,02S06,STIC,SP,21064680,74400.1488002304,8.581111111111108,20231023-20240520,438.5896332987749,1,fair,NA
AIMS,2023-12-16T20:30:00Z,02S06,STIC,SP,21064680,74400.1488002304,9.17611111111111,20231023-20240520,438.5896332987749,1,fair,NA
AIMS,2023-12-16T20:45:00Z,02S06,STIC,SP,21064680,74400.1488002304,8.778888888888888,20231023-20240520,438.5896332987749,1,fair,NA
AIMS,2023-12-16T21:00:00Z,02S06,STIC,SP,21064680,74400.1488002304,9.275,20231023-20240520,438.5896332987749,1,fair,NA
AIMS,2023-12-16T21:15:00Z,02S06,STIC,SP,21064680,74400.1488002304,9.57111111111111,20231023-20240520,438.5896332987749,1,fair,NA
AIMS,2023-12-16T21:30:00Z,02S06,STIC,SP,21064680,74400.1488002304,8.977777777777774,20231023-20240520,438.5896332987749,1,fair,NA
AIMS,2023-12-16T21:45:00Z,02S06,STIC,SP,21064680,74400.1488002304,8.581111111111108,20231023-20240520,438.5896332987749,1,fair,NA
AIMS,2023-12-16T22:00:00Z,02S06,STIC,SP,21064680,74400.1488002304,8.182222222222224,20231023-20240520,438.5896332987749,1,fair,NA
AIMS,2023-12-16T22:15:00Z,02S06,STIC,SP,21064680,71644.5877335552,7.982777777777778,20231023-20240520,417.0333271118992,1,fair,NA
AIMS,2023-12-16T22:30:00Z,02S06,STIC,SP,21064680,71644.5877335552,7.882222222222223,20231023-20240520,417.0333271118992,1,fair,NA
AIMS,2023-12-16T22:45:00Z,02S06,STIC,SP,21064680,71644.5877335552,7.682222222222225,20231023-20240520,417.0333271118992,1,fair,NA
AIMS,2023-12-16T23:00:00Z,02S06,STIC,SP,21064680,71644.5877335552,7.279999999999999,20231023-20240520,417.0333271118992,1,fair,NA
AIMS,2023-12-16T23:15:00Z,02S06,STIC,SP,21064680,71644.5877335552,7.078888888888887,20231023-20240520,417.0333271118992,1,fair,NA
AIMS,2023-12-16T23:30:00Z,02S06,STIC,SP,21064680,71644.5877335552,7.078888888888887,20231023-20240520,417.0333271118992,1,fair,NA
AIMS,2023-12-16T23:45:00Z,02S06,STIC,SP,21064680,71644.5877335552,7.078888888888887,20231023-20240520,417.0333271118992,1,fair,NA
AIMS,2023-12-17T00:00:00Z,02S06,STIC,SP,21064680,71644.5877335552,6.877222222222222,20231023-20240520,417.0333271118992,1,fair,NA
AIMS,2023-12-17T00:15:00Z,02S06,STIC,SP,21064680,71644.5877335552,6.775,20231023-20240520,417.0333271118992,1,fair,NA
AIMS,2023-12-17T00:30:00Z,02S06,STIC,SP,21064680,71644.5877335552,6.775,20231023-20240520,417.0333271118992,1,fair,NA
AIMS,2023-12-17T00:45:00Z,02S06,STIC,SP,21064680,71644.5877335552,6.5727777777777785,20231023-20240520,417.0333271118992,1,fair,NA
AIMS,2023-12-17T01:00:00Z,02S06,STIC,SP,21064680,71644.5877335552,6.370000000000001,20231023-20240520,417.0333271118992,1,fair,NA
AIMS,2023-12-17T01:15:00Z,02S06,STIC,SP,21064680,71644.5877335552,6.775,20231023-20240520,417.0333271118992,1,fair,NA
AIMS,2023-12-17T01:30:00Z,02S06,STIC,SP,21064680,71644.5877335552,6.977777777777779,20231023-20240520,417.0333271118992,1,fair,NA
AIMS,2023-12-17T01:45:00Z,02S06,STIC,SP,21064680,71644.5877335552,7.078888888888887,20231023-20240520,417.0333271118992,1,fair,NA
AIMS,2023-12-17T02:00:00Z,02S06,STIC,SP,21064680,71644.5877335552,6.775,20231023-20240520,417.0333271118992,1,fair,NA
AIMS,2023-12-17T02:15:00Z,02S06,STIC,SP,21064680,71644.5877335552,5.9622222222222225,20231023-20240520,417.0333271118992,1,fair,NA
AIMS,2023-12-17T02:30:00Z,02S06,STIC,SP,21064680,71644.5877335552,5.14111111111111,20231023-20240520,417.0333271118992,1,fair,NA
AIMS,2023-12-17T02:45:00Z,02S06,STIC,SP,21064680,71644.5877335552,4.8311111111111105,20231023-20240520,417.0333271118992,1,fair,NA
AIMS,2023-12-17T03:00:00Z,02S06,STIC,SP,21064680,68889.02666688002,4.415000000000002,20231023-20240520,395.4770209250236,1,fair,NA
AIMS,2023-12-17T03:15:00Z,02S06,STIC,SP,21064680,68889.02666688002,3.997777777777778,20231023-20240520,395.4770209250236,1,fair,NA
AIMS,2023-12-17T03:30:00Z,02S06,STIC,SP,21064680,71644.5877335552,3.7877777777777784,20231023-20240520,417.0333271118992,1,fair,NA
AIMS,2023-12-17T03:45:00Z,02S06,STIC,SP,21064680,68889.02666688002,3.997777777777778,20231023-20240520,395.4770209250236,1,fair,NA
AIMS,2023-12-17T04:00:00Z,02S06,STIC,SP,21064680,68889.02666688002,3.997777777777778,20231023-20240520,395.4770209250236,1,fair,NA
AIMS,2023-12-17T04:15:00Z,02S06,STIC,SP,21064680,71644.5877335552,3.8927777777777774,20231023-20240520,417.0333271118992,1,fair,NA
AIMS,2023-12-17T04:30:00Z,02S06,STIC,SP,21064680,71644.5877335552,3.6827777777777775,20231023-20240520,417.0333271118992,1,fair,NA
AIMS,2023-12-17T04:45:00Z,02S06,STIC,SP,21064680,71644.5877335552,3.4722222222222223,20231023-20240520,417.0333271118992,1,fair,NA
AIMS,2023-12-17T05:00:00Z,02S06,STIC,SP,21064680,71644.5877335552,3.4722222222222223,20231023-20240520,417.0333271118992,1,fair,NA
AIMS,2023-12-17T05:15:00Z,02S06,STIC,SP,21064680,68889.02666688002,3.4722222222222223,20231023-20240520,395.4770209250236,1,fair,NA
AIMS,2023-12-17T05:30:00Z,02S06,STIC,SP,21064680,68889.02666688002,3.4722222222222223,20231023-20240520,395.4770209250236,1,fair,NA
AIMS,2023-12-17T05:45:00Z,02S06,STIC,SP,21064680,68889.02666688002,3.6827777777777775,20231023-20240520,395.4770209250236,1,fair,NA
AIMS,2023-12-17T06:00:00Z,02S06,STIC,SP,21064680,68889.02666688002,3.6827777777777775,20231023-20240520,395.4770209250236,1,fair,NA
AIMS,2023-12-17T06:15:00Z,02S06,STIC,SP,21064680,68889.02666688002,3.6827777777777775,20231023-20240520,395.4770209250236,1,fair,NA
AIMS,2023-12-17T06:30:00Z,02S06,STIC,SP,21064680,68889.02666688002,3.6827777777777775,20231023-20240520,395.4770209250236,1,fair,NA
AIMS,2023-12-17T06:45:00Z,02S06,STIC,SP,21064680,68889.02666688002,3.6827777777777775,20231023-20240520,395.4770209250236,1,fair,NA
AIMS,2023-12-17T07:00:00Z,02S06,STIC,SP,21064680,68889.02666688002,3.6827777777777775,20231023-20240520,395.4770209250236,1,fair,NA
AIMS,2023-12-17T07:15:00Z,02S06,STIC,SP,21064680,68889.02666688002,3.6827777777777775,20231023-20240520,395.4770209250236,1,fair,NA
AIMS,2023-12-17T07:30:00Z,02S06,STIC,SP,21064680,68889.02666688002,3.5777777777777775,20231023-20240520,395.4770209250236,1,fair,NA
AIMS,2023-12-17T07:45:00Z,02S06,STIC,SP,21064680,68889.02666688002,3.6827777777777775,20231023-20240520,395.4770209250236,1,fair,NA
AIMS,2023-12-17T08:00:00Z,02S06,STIC,SP,21064680,68889.02666688002,3.6827777777777775,20231023-20240520,395.4770209250236,1,fair,NA
AIMS,2023-12-17T08:15:00Z,02S06,STIC,SP,21064680,68889.02666688002,3.6827777777777775,20231023-20240520,395.4770209250236,1,fair,NA
AIMS,2023-12-17T08:30:00Z,02S06,STIC,SP,21064680,68889.02666688002,3.6827777777777775,20231023-20240520,395.4770209250236,1,fair,NA
AIMS,2023-12-17T08:45:00Z,02S06,STIC,SP,21064680,68889.02666688002,3.6827777777777775,20231023-20240520,395.4770209250236,1,fair,NA
AIMS,2023-12-17T09:00:00Z,02S06,STIC,SP,21064680,68889.02666688002,3.5777777777777775,20231023-20240520,395.4770209250236,1,fair,NA
AIMS,2023-12-17T09:15:00Z,02S06,STIC,SP,21064680,68889.02666688002,3.5777777777777775,20231023-20240520,395.4770209250236,1,fair,NA
AIMS,2023-12-17T09:30:00Z,02S06,STIC,SP,21064680,68889.02666688002,3.5777777777777775,20231023-20240520,395.4770209250236,1,fair,NA
AIMS,2023-12-17T09:45:00Z,02S06,STIC,SP,21064680,68889.02666688002,3.5777777777777775,20231023-20240520,395.4770209250236,1,fair,NA
AIMS,2023-12-17T10:00:00Z,02S06,STIC,SP,21064680,68889.02666688002,3.5777777777777775,20231023-20240520,395.4770209250236,1,fair,NA
AIMS,2023-12-17T10:15:00Z,02S06,STIC,SP,21064680,68889.02666688002,3.5777777777777775,20231023-20240520,395.4770209250236,1,fair,NA
AIMS,2023-12-17T10:30:00Z,02S06,STIC,SP,21064680,68889.02666688002,3.5777777777777775,20231023-20240520,395.4770209250236,1,fair,NA
AIMS,2023-12-17T10:45:00Z,02S06,STIC,SP,21064680,66133.4656002048,3.5777777777777775,20231023-20240520,373.9207147381477,1,fair,NA
AIMS,2023-12-17T11:00:00Z,02S06,STIC,SP,21064680,66133.4656002048,3.6827777777777775,20231023-20240520,373.9207147381477,1,fair,NA
AIMS,2023-12-17T11:15:00Z,02S06,STIC,SP,21064680,66133.4656002048,3.7877777777777784,20231023-20240520,373.9207147381477,1,fair,NA
AIMS,2023-12-17T11:30:00Z,02S06,STIC,SP,21064680,66133.4656002048,3.7877777777777784,20231023-20240520,373.9207147381477,1,fair,NA
AIMS,2023-12-17T11:45:00Z,02S06,STIC,SP,21064680,66133.4656002048,3.7877777777777784,20231023-20240520,373.9207147381477,1,fair,NA
AIMS,2023-12-17T12:00:00Z,02S06,STIC,SP,21064680,66133.4656002048,3.7877777777777784,20231023-20240520,373.9207147381477,1,fair,NA
AIMS,2023-12-17T12:15:00Z,02S06,STIC,SP,21064680,66133.4656002048,3.7877777777777784,20231023-20240520,373.9207147381477,1,fair,NA
AIMS,2023-12-17T12:30:00Z,02S06,STIC,SP,21064680,66133.4656002048,3.7877777777777784,20231023-20240520,373.9207147381477,1,fair,NA
AIMS,2023-12-17T12:45:00Z,02S06,STIC,SP,21064680,66133.4656002048,3.7877777777777784,20231023-20240520,373.9207147381477,1,fair,NA
AIMS,2023-12-17T13:00:00Z,02S06,STIC,SP,21064680,66133.4656002048,3.8927777777777774,20231023-20240520,373.9207147381477,1,fair,NA
AIMS,2023-12-17T13:15:00Z,02S06,STIC,SP,21064680,66133.4656002048,3.997777777777778,20231023-20240520,373.9207147381477,1,fair,NA
AIMS,2023-12-17T13:30:00Z,02S06,STIC,SP,21064680,66133.4656002048,4.102222222222222,20231023-20240520,373.9207147381477,1,fair,NA
AIMS,2023-12-17T13:45:00Z,02S06,STIC,SP,21064680,66133.4656002048,4.2072222222222235,20231023-20240520,373.9207147381477,1,fair,NA
AIMS,2023-12-17T14:00:00Z,02S06,STIC,SP,21064680,66133.4656002048,4.2072222222222235,20231023-20240520,373.9207147381477,1,fair,NA
AIMS,2023-12-17T14:15:00Z,02S06,STIC,SP,21064680,66133.4656002048,4.31111111111111,20231023-20240520,373.9207147381477,1,fair,NA
AIMS,2023-12-17T14:30:00Z,02S06,STIC,SP,21064680,66133.4656002048,4.415000000000002,20231023-20240520,373.9207147381477,1,fair,NA
AIMS,2023-12-17T14:45:00Z,02S06,STIC,SP,21064680,66133.4656002048,4.518888888888888,20231023-20240520,373.9207147381477,1,fair,NA
AIMS,2023-12-17T15:00:00Z,02S06,STIC,SP,21064680,68889.02666688002,4.8311111111111105,20231023-20240520,395.4770209250236,1,fair,NA
AIMS,2023-12-17T15:15:00Z,02S06,STIC,SP,21064680,68889.02666688002,5.243888888888889,20231023-20240520,395.4770209250236,1,fair,NA
AIMS,2023-12-17T15:30:00Z,02S06,STIC,SP,21064680,68889.02666688002,5.552222222222222,20231023-20240520,395.4770209250236,1,fair,NA
AIMS,2023-12-17T15:45:00Z,02S06,STIC,SP,21064680,68889.02666688002,5.86,20231023-20240520,395.4770209250236,1,fair,NA
AIMS,2023-12-17T16:00:00Z,02S06,STIC,SP,21064680,68889.02666688002,5.9622222222222225,20231023-20240520,395.4770209250236,1,fair,NA
AIMS,2023-12-17T16:15:00Z,02S06,STIC,SP,21064680,68889.02666688002,6.1661111111111095,20231023-20240520,395.4770209250236,1,fair,NA
AIMS,2023-12-17T16:30:00Z,02S06,STIC,SP,21064680,68889.02666688002,6.673888888888888,20231023-20240520,395.4770209250236,1,fair,NA
AIMS,2023-12-17T16:45:00Z,02S06,STIC,SP,21064680,68889.02666688002,6.775,20231023-20240520,395.4770209250236,1,fair,NA
AIMS,2023-12-17T17:00:00Z,02S06,STIC,SP,21064680,68889.02666688002,8.282222222222224,20231023-20240520,395.4770209250236,1,fair,NA
AIMS,2023-12-17T17:15:00Z,02S06,STIC,SP,21064680,68889.02666688002,9.372777777777781,20231023-20240520,395.4770209250236,1,fair,NA
AIMS,2023-12-17T17:30:00Z,02S06,STIC,SP,21064680,68889.02666688002,9.965000000000002,20231023-20240520,395.4770209250236,1,fair,NA
AIMS,2023-12-17T17:45:00Z,02S06,STIC,SP,21064680,68889.02666688002,10.651111111111108,20231023-20240520,395.4770209250236,1,fair,NA
AIMS,2023-12-17T18:00:00Z,02S06,STIC,SP,21064680,74400.1488002304,11.72222222222222,20231023-20240520,438.5896332987749,1,fair,NA
AIMS,2023-12-17T18:15:00Z,02S06,STIC,SP,21064680,74400.1488002304,13.268888888888888,20231023-20240520,438.5896332987749,1,fair,NA
AIMS,2023-12-17T18:30:00Z,02S06,STIC,SP,21064680,74400.1488002304,14.229999999999999,20231023-20240520,438.5896332987749,1,fair,NA
AIMS,2023-12-17T18:45:00Z,02S06,STIC,SP,21064680,74400.1488002304,14.229999999999999,20231023-20240520,438.5896332987749,1,fair,NA
AIMS,2023-12-17T19:00:00Z,02S06,STIC,SP,21064680,74400.1488002304,13.55777777777778,20231023-20240520,438.5896332987749,1,fair,NA
AIMS,2023-12-17T19:15:00Z,02S06,STIC,SP,21064680,74400.1488002304,13.461111111111107,20231023-20240520,438.5896332987749,1,fair,NA
AIMS,2023-12-17T19:30:00Z,02S06,STIC,SP,21064680,74400.1488002304,12.882777777777775,20231023-20240520,438.5896332987749,1,fair,NA
AIMS,2023-12-17T19:45:00Z,02S06,STIC,SP,21064680,74400.1488002304,12.30388888888889,20231023-20240520,438.5896332987749,1,fair,NA
AIMS,2023-12-17T20:00:00Z,02S06,STIC,SP,21064680,74400.1488002304,12.40111111111111,20231023-20240520,438.5896332987749,1,fair,NA
AIMS,2023-12-17T20:15:00Z,02S06,STIC,SP,21064680,74400.1488002304,12.30388888888889,20231023-20240520,438.5896332987749,1,fair,NA
AIMS,2023-12-17T20:30:00Z,02S06,STIC,SP,21064680,74400.1488002304,11.625,20231023-20240520,438.5896332987749,1,fair,NA
AIMS,2023-12-17T20:45:00Z,02S06,STIC,SP,21064680,74400.1488002304,11.625,20231023-20240520,438.5896332987749,1,fair,NA
AIMS,2023-12-17T21:00:00Z,02S06,STIC,SP,21064680,74400.1488002304,11.333888888888893,20231023-20240520,438.5896332987749,1,fair,NA
AIMS,2023-12-17T21:15:00Z,02S06,STIC,SP,21064680,71644.5877335552,11.138888888888888,20231023-20240520,417.0333271118992,1,fair,NA
AIMS,2023-12-17T21:30:00Z,02S06,STIC,SP,21064680,71644.5877335552,10.062777777777775,20231023-20240520,417.0333271118992,1,fair,NA
AIMS,2023-12-17T21:45:00Z,02S06,STIC,SP,21064680,71644.5877335552,9.372777777777781,20231023-20240520,417.0333271118992,1,fair,NA
AIMS,2023-12-17T22:00:00Z,02S06,STIC,SP,21064680,71644.5877335552,9.077222222222222,20231023-20240520,417.0333271118992,1,fair,NA
AIMS,2023-12-17T22:15:00Z,02S06,STIC,SP,21064680,71644.5877335552,8.778888888888888,20231023-20240520,417.0333271118992,1,fair,NA
AIMS,2023-12-17T22:30:00Z,02S06,STIC,SP,21064680,71644.5877335552,8.481111111111108,20231023-20240520,417.0333271118992,1,fair,NA
AIMS,2023-12-17T22:45:00Z,02S06,STIC,SP,21064680,71644.5877335552,8.182222222222224,20231023-20240520,417.0333271118992,1,fair,NA
AIMS,2023-12-17T23:00:00Z,02S06,STIC,SP,21064680,71644.5877335552,7.882222222222223,20231023-20240520,417.0333271118992,1,fair,NA
AIMS,2023-12-17T23:15:00Z,02S06,STIC,SP,21064680,71644.5877335552,7.582222222222225,20231023-20240520,417.0333271118992,1,fair,NA
AIMS,2023-12-17T23:30:00Z,02S06,STIC,SP,21064680,71644.5877335552,7.1788888888888875,20231023-20240520,417.0333271118992,1,fair,NA
AIMS,2023-12-17T23:45:00Z,02S06,STIC,SP,21064680,71644.5877335552,6.267777777777775,20231023-20240520,417.0333271118992,1,fair,NA
AIMS,2023-12-18T00:00:00Z,02S06,STIC,SP,21064680,68889.02666688002,5.9622222222222225,20231023-20240520,395.4770209250236,1,fair,NA
AIMS,2023-12-18T00:15:00Z,02S06,STIC,SP,21064680,68889.02666688002,6.370000000000001,20231023-20240520,395.4770209250236,1,fair,NA
AIMS,2023-12-18T00:30:00Z,02S06,STIC,SP,21064680,71644.5877335552,6.5727777777777785,20231023-20240520,417.0333271118992,1,fair,NA
AIMS,2023-12-18T00:45:00Z,02S06,STIC,SP,21064680,71644.5877335552,6.5727777777777785,20231023-20240520,417.0333271118992,1,fair,NA
AIMS,2023-12-18T01:00:00Z,02S06,STIC,SP,21064680,68889.02666688002,6.370000000000001,20231023-20240520,395.4770209250236,1,fair,NA
AIMS,2023-12-18T01:15:00Z,02S06,STIC,SP,21064680,68889.02666688002,6.370000000000001,20231023-20240520,395.4770209250236,1,fair,NA
AIMS,2023-12-18T01:30:00Z,02S06,STIC,SP,21064680,68889.02666688002,6.267777777777775,20231023-20240520,395.4770209250236,1,fair,NA
AIMS,2023-12-18T01:45:00Z,02S06,STIC,SP,21064680,68889.02666688002,5.7572222222222225,20231023-20240520,395.4770209250236,1,fair,NA
AIMS,2023-12-18T02:00:00Z,02S06,STIC,SP,21064680,68889.02666688002,5.655,20231023-20240520,395.4770209250236,1,fair,NA
AIMS,2023-12-18T02:15:00Z,02S06,STIC,SP,21064680,68889.02666688002,5.552222222222222,20231023-20240520,395.4770209250236,1,fair,NA
AIMS,2023-12-18T02:30:00Z,02S06,STIC,SP,21064680,68889.02666688002,5.243888888888889,20231023-20240520,395.4770209250236,1,fair,NA
AIMS,2023-12-18T02:45:00Z,02S06,STIC,SP,21064680,68889.02666688002,4.622777777777776,20231023-20240520,395.4770209250236,1,fair,NA
AIMS,2023-12-18T03:00:00Z,02S06,STIC,SP,21064680,68889.02666688002,4.31111111111111,20231023-20240520,395.4770209250236,1,fair,NA
AIMS,2023-12-18T03:15:00Z,02S06,STIC,SP,21064680,68889.02666688002,4.8311111111111105,20231023-20240520,395.4770209250236,1,fair,NA
AIMS,2023-12-18T03:30:00Z,02S06,STIC,SP,21064680,68889.02666688002,4.518888888888888,20231023-20240520,395.4770209250236,1,fair,NA
AIMS,2023-12-18T03:45:00Z,02S06,STIC,SP,21064680,68889.02666688002,4.31111111111111,20231023-20240520,395.4770209250236,1,fair,NA
AIMS,2023-12-18T04:00:00Z,02S06,STIC,SP,21064680,68889.02666688002,3.997777777777778,20231023-20240520,395.4770209250236,1,fair,NA
AIMS,2023-12-18T04:15:00Z,02S06,STIC,SP,21064680,66133.4656002048,3.7877777777777784,20231023-20240520,373.9207147381477,1,fair,NA
AIMS,2023-12-18T04:30:00Z,02S06,STIC,SP,21064680,63377.9045335296,3.5777777777777775,20231023-20240520,352.364408551272,1,fair,NA
AIMS,2023-12-18T04:45:00Z,02S06,STIC,SP,21064680,68889.02666688002,3.4722222222222223,20231023-20240520,395.4770209250236,1,fair,NA
AIMS,2023-12-18T05:00:00Z,02S06,STIC,SP,21064680,68889.02666688002,3.367222222222223,20231023-20240520,395.4770209250236,1,fair,NA
AIMS,2023-12-18T05:15:00Z,02S06,STIC,SP,21064680,68889.02666688002,3.367222222222223,20231023-20240520,395.4770209250236,1,fair,NA
AIMS,2023-12-18T05:30:00Z,02S06,STIC,SP,21064680,68889.02666688002,3.26111111111111,20231023-20240520,395.4770209250236,1,fair,NA
AIMS,2023-12-18T05:45:00Z,02S06,STIC,SP,21064680,68889.02666688002,3.367222222222223,20231023-20240520,395.4770209250236,1,fair,NA
AIMS,2023-12-18T06:00:00Z,02S06,STIC,SP,21064680,68889.02666688002,3.5777777777777775,20231023-20240520,395.4770209250236,1,fair,NA
AIMS,2023-12-18T06:15:00Z,02S06,STIC,SP,21064680,68889.02666688002,3.4722222222222223,20231023-20240520,395.4770209250236,1,fair,NA
AIMS,2023-12-18T06:30:00Z,02S06,STIC,SP,21064680,68889.02666688002,3.6827777777777775,20231023-20240520,395.4770209250236,1,fair,NA
AIMS,2023-12-18T06:45:00Z,02S06,STIC,SP,21064680,68889.02666688002,3.8927777777777774,20231023-20240520,395.4770209250236,1,fair,NA
AIMS,2023-12-18T07:00:00Z,02S06,STIC,SP,21064680,68889.02666688002,4.102222222222222,20231023-20240520,395.4770209250236,1,fair,NA
AIMS,2023-12-18T07:15:00Z,02S06,STIC,SP,21064680,68889.02666688002,4.102222222222222,20231023-20240520,395.4770209250236,1,fair,NA
AIMS,2023-12-18T07:30:00Z,02S06,STIC,SP,21064680,68889.02666688002,4.102222222222222,20231023-20240520,395.4770209250236,1,fair,NA
AIMS,2023-12-18T07:45:00Z,02S06,STIC,SP,21064680,68889.02666688002,4.31111111111111,20231023-20240520,395.4770209250236,1,fair,NA
AIMS,2023-12-18T08:00:00Z,02S06,STIC,SP,21064680,68889.02666688002,4.31111111111111,20231023-20240520,395.4770209250236,1,fair,NA
AIMS,2023-12-18T08:15:00Z,02S06,STIC,SP,21064680,68889.02666688002,4.31111111111111,20231023-20240520,395.4770209250236,1,fair,NA
AIMS,2023-12-18T08:30:00Z,02S06,STIC,SP,21064680,68889.02666688002,4.31111111111111,20231023-20240520,395.4770209250236,1,fair,NA
AIMS,2023-12-18T08:45:00Z,02S06,STIC,SP,21064680,68889.02666688002,4.2072222222222235,20231023-20240520,395.4770209250236,1,fair,NA
AIMS,2023-12-18T09:00:00Z,02S06,STIC,SP,21064680,68889.02666688002,4.102222222222222,20231023-20240520,395.4770209250236,1,fair,NA
AIMS,2023-12-18T09:15:00Z,02S06,STIC,SP,21064680,68889.02666688002,3.997777777777778,20231023-20240520,395.4770209250236,1,fair,NA
AIMS,2023-12-18T09:30:00Z,02S06,STIC,SP,21064680,68889.02666688002,3.8927777777777774,20231023-20240520,395.4770209250236,1,fair,NA
AIMS,2023-12-18T09:45:00Z,02S06,STIC,SP,21064680,68889.02666688002,3.6827777777777775,20231023-20240520,395.4770209250236,1,fair,NA
AIMS,2023-12-18T10:00:00Z,02S06,STIC,SP,21064680,68889.02666688002,3.367222222222223,20231023-20240520,395.4770209250236,1,fair,NA
AIMS,2023-12-18T10:15:00Z,02S06,STIC,SP,21064680,68889.02666688002,3.1550000000000007,20231023-20240520,395.4770209250236,1,fair,NA
AIMS,2023-12-18T10:30:00Z,02S06,STIC,SP,21064680,68889.02666688002,2.942777777777777,20231023-20240520,395.4770209250236,1,fair,NA
AIMS,2023-12-18T10:45:00Z,02S06,STIC,SP,21064680,66133.4656002048,2.730000000000001,20231023-20240520,373.9207147381477,1,fair,NA
AIMS,2023-12-18T11:00:00Z,02S06,STIC,SP,21064680,63377.9045335296,2.6238888888888883,20231023-20240520,352.364408551272,1,fair,NA
AIMS,2023-12-18T11:15:00Z,02S06,STIC,SP,21064680,63377.9045335296,2.5172222222222222,20231023-20240520,352.364408551272,1,fair,NA
AIMS,2023-12-18T11:30:00Z,02S06,STIC,SP,21064680,63377.9045335296,2.41,20231023-20240520,352.364408551272,1,fair,NA
AIMS,2023-12-18T11:45:00Z,02S06,STIC,SP,21064680,68889.02666688002,2.41,20231023-20240520,395.4770209250236,1,fair,NA
AIMS,2023-12-18T12:00:00Z,02S06,STIC,SP,21064680,68889.02666688002,2.1950000000000003,20231023-20240520,395.4770209250236,1,fair,NA
AIMS,2023-12-18T12:15:00Z,02S06,STIC,SP,21064680,68889.02666688002,2.1950000000000003,20231023-20240520,395.4770209250236,1,fair,NA
AIMS,2023-12-18T12:30:00Z,02S06,STIC,SP,21064680,68889.02666688002,2.1950000000000003,20231023-20240520,395.4770209250236,1,fair,NA
AIMS,2023-12-18T12:45:00Z,02S06,STIC,SP,21064680,68889.02666688002,2.1950000000000003,20231023-20240520,395.4770209250236,1,fair,NA
AIMS,2023-12-18T13:00:00Z,02S06,STIC,SP,21064680,68889.02666688002,2.1950000000000003,20231023-20240520,395.4770209250236,1,fair,NA
AIMS,2023-12-18T13:15:00Z,02S06,STIC,SP,21064680,68889.02666688002,2.1950000000000003,20231023-20240520,395.4770209250236,1,fair,NA
AIMS,2023-12-18T13:30:00Z,02S06,STIC,SP,21064680,68889.02666688002,2.08777777777778,20231023-20240520,395.4770209250236,1,fair,NA
AIMS,2023-12-18T13:45:00Z,02S06,STIC,SP,21064680,68889.02666688002,2.08777777777778,20231023-20240520,395.4770209250236,1,fair,NA
AIMS,2023-12-18T14:00:00Z,02S06,STIC,SP,21064680,68889.02666688002,2.1950000000000003,20231023-20240520,395.4770209250236,1,fair,NA
AIMS,2023-12-18T14:15:00Z,02S06,STIC,SP,21064680,68889.02666688002,2.30277777777778,20231023-20240520,395.4770209250236,1,fair,NA
AIMS,2023-12-18T14:30:00Z,02S06,STIC,SP,21064680,68889.02666688002,2.30277777777778,20231023-20240520,395.4770209250236,1,fair,NA
AIMS,2023-12-18T14:45:00Z,02S06,STIC,SP,21064680,68889.02666688002,2.30277777777778,20231023-20240520,395.4770209250236,1,fair,NA
AIMS,2023-12-18T15:00:00Z,02S06,STIC,SP,21064680,68889.02666688002,2.41,20231023-20240520,395.4770209250236,1,fair,NA
AIMS,2023-12-18T15:15:00Z,02S06,STIC,SP,21064680,68889.02666688002,2.6238888888888883,20231023-20240520,395.4770209250236,1,fair,NA
AIMS,2023-12-18T15:30:00Z,02S06,STIC,SP,21064680,68889.02666688002,2.6238888888888883,20231023-20240520,395.4770209250236,1,fair,NA
AIMS,2023-12-18T15:45:00Z,02S06,STIC,SP,21064680,68889.02666688002,2.6238888888888883,20231023-20240520,395.4770209250236,1,fair,NA
AIMS,2023-12-18T16:00:00Z,02S06,STIC,SP,21064680,68889.02666688002,2.730000000000001,20231023-20240520,395.4770209250236,1,fair,NA
AIMS,2023-12-18T16:15:00Z,02S06,STIC,SP,21064680,68889.02666688002,2.942777777777777,20231023-20240520,395.4770209250236,1,fair,NA
AIMS,2023-12-18T16:30:00Z,02S06,STIC,SP,21064680,68889.02666688002,3.6827777777777775,20231023-20240520,395.4770209250236,1,fair,NA
AIMS,2023-12-18T16:45:00Z,02S06,STIC,SP,21064680,68889.02666688002,4.102222222222222,20231023-20240520,395.4770209250236,1,fair,NA
AIMS,2023-12-18T17:00:00Z,02S06,STIC,SP,21064680,68889.02666688002,5.347222222222222,20231023-20240520,395.4770209250236,1,fair,NA
AIMS,2023-12-18T17:15:00Z,02S06,STIC,SP,21064680,68889.02666688002,6.063888888888887,20231023-20240520,395.4770209250236,1,fair,NA
AIMS,2023-12-18T17:30:00Z,02S06,STIC,SP,21064680,71644.5877335552,6.471111111111114,20231023-20240520,417.0333271118992,1,fair,NA
AIMS,2023-12-18T17:45:00Z,02S06,STIC,SP,21064680,71644.5877335552,7.381111111111112,20231023-20240520,417.0333271118992,1,fair,NA
AIMS,2023-12-18T18:00:00Z,02S06,STIC,SP,21064680,71644.5877335552,8.581111111111108,20231023-20240520,417.0333271118992,1,fair,NA
AIMS,2023-12-18T18:15:00Z,02S06,STIC,SP,21064680,71644.5877335552,9.767777777777773,20231023-20240520,417.0333271118992,1,fair,NA
AIMS,2023-12-18T18:30:00Z,02S06,STIC,SP,21064680,74400.1488002304,10.84611111111111,20231023-20240520,438.5896332987749,1,fair,NA
AIMS,2023-12-18T18:45:00Z,02S06,STIC,SP,21064680,74400.1488002304,11.138888888888888,20231023-20240520,438.5896332987749,1,fair,NA
AIMS,2023-12-18T19:00:00Z,02S06,STIC,SP,21064680,74400.1488002304,10.161111111111108,20231023-20240520,438.5896332987749,1,fair,NA
AIMS,2023-12-18T19:15:00Z,02S06,STIC,SP,21064680,74400.1488002304,9.866111111111111,20231023-20240520,438.5896332987749,1,fair,NA
AIMS,2023-12-18T19:30:00Z,02S06,STIC,SP,21064680,74400.1488002304,9.17611111111111,20231023-20240520,438.5896332987749,1,fair,NA
AIMS,2023-12-18T19:45:00Z,02S06,STIC,SP,21064680,74400.1488002304,8.581111111111108,20231023-20240520,438.5896332987749,1,fair,NA
AIMS,2023-12-18T20:00:00Z,02S06,STIC,SP,21064680,74400.1488002304,8.581111111111108,20231023-20240520,438.5896332987749,1,fair,NA
AIMS,2023-12-18T20:15:00Z,02S06,STIC,SP,21064680,74400.1488002304,8.778888888888888,20231023-20240520,438.5896332987749,1,fair,NA
AIMS,2023-12-18T20:30:00Z,02S06,STIC,SP,21064680,74400.1488002304,8.282222222222224,20231023-20240520,438.5896332987749,1,fair,NA
AIMS,2023-12-18T20:45:00Z,02S06,STIC,SP,21064680,74400.1488002304,8.382222222222223,20231023-20240520,438.5896332987749,1,fair,NA
AIMS,2023-12-18T21:00:00Z,02S06,STIC,SP,21064680,71644.5877335552,8.082222222222224,20231023-20240520,417.0333271118992,1,fair,NA
AIMS,2023-12-18T21:15:00Z,02S06,STIC,SP,21064680,71644.5877335552,7.682222222222225,20231023-20240520,417.0333271118992,1,fair,NA
AIMS,2023-12-18T21:30:00Z,02S06,STIC,SP,21064680,71644.5877335552,6.5727777777777785,20231023-20240520,417.0333271118992,1,fair,NA
AIMS,2023-12-18T21:45:00Z,02S06,STIC,SP,21064680,71644.5877335552,5.655,20231023-20240520,417.0333271118992,1,fair,NA
AIMS,2023-12-18T22:00:00Z,02S06,STIC,SP,21064680,71644.5877335552,5.347222222222222,20231023-20240520,417.0333271118992,1,fair,NA
AIMS,2023-12-18T22:15:00Z,02S06,STIC,SP,21064680,71644.5877335552,5.037222222222224,20231023-20240520,417.0333271118992,1,fair,NA
AIMS,2023-12-18T22:30:00Z,02S06,STIC,SP,21064680,71644.5877335552,4.622777777777776,20231023-20240520,417.0333271118992,1,fair,NA
AIMS,2023-12-18T22:45:00Z,02S06,STIC,SP,21064680,68889.02666688002,3.7877777777777784,20231023-20240520,395.4770209250236,1,fair,NA
AIMS,2023-12-18T23:00:00Z,02S06,STIC,SP,21064680,68889.02666688002,3.5777777777777775,20231023-20240520,395.4770209250236,1,fair,NA
AIMS,2023-12-18T23:15:00Z,02S06,STIC,SP,21064680,68889.02666688002,3.26111111111111,20231023-20240520,395.4770209250236,1,fair,NA
AIMS,2023-12-18T23:30:00Z,02S06,STIC,SP,21064680,68889.02666688002,2.942777777777777,20231023-20240520,395.4770209250236,1,fair,NA
AIMS,2023-12-18T23:45:00Z,02S06,STIC,SP,21064680,68889.02666688002,2.6238888888888883,20231023-20240520,395.4770209250236,1,fair,NA
AIMS,2023-12-19T00:00:00Z,02S06,STIC,SP,21064680,68889.02666688002,2.30277777777778,20231023-20240520,395.4770209250236,1,fair,NA
AIMS,2023-12-19T00:15:00Z,02S06,STIC,SP,21064680,68889.02666688002,2.08777777777778,20231023-20240520,395.4770209250236,1,fair,NA
AIMS,2023-12-19T00:30:00Z,02S06,STIC,SP,21064680,68889.02666688002,1.98,20231023-20240520,395.4770209250236,1,fair,NA
AIMS,2023-12-19T00:45:00Z,02S06,STIC,SP,21064680,68889.02666688002,1.98,20231023-20240520,395.4770209250236,1,fair,NA
AIMS,2023-12-19T01:00:00Z,02S06,STIC,SP,21064680,68889.02666688002,1.8722222222222211,20231023-20240520,395.4770209250236,1,fair,NA
AIMS,2023-12-19T01:15:00Z,02S06,STIC,SP,21064680,68889.02666688002,1.8722222222222211,20231023-20240520,395.4770209250236,1,fair,NA
AIMS,2023-12-19T01:30:00Z,02S06,STIC,SP,21064680,68889.02666688002,1.8722222222222211,20231023-20240520,395.4770209250236,1,fair,NA
AIMS,2023-12-19T01:45:00Z,02S06,STIC,SP,21064680,68889.02666688002,1.7638888888888873,20231023-20240520,395.4770209250236,1,fair,NA
AIMS,2023-12-19T02:00:00Z,02S06,STIC,SP,21064680,68889.02666688002,1.98,20231023-20240520,395.4770209250236,1,fair,NA
AIMS,2023-12-19T02:15:00Z,02S06,STIC,SP,21064680,68889.02666688002,1.7638888888888873,20231023-20240520,395.4770209250236,1,fair,NA
AIMS,2023-12-19T02:30:00Z,02S06,STIC,SP,21064680,68889.02666688002,1.8722222222222211,20231023-20240520,395.4770209250236,1,fair,NA
AIMS,2023-12-19T02:45:00Z,02S06,STIC,SP,21064680,68889.02666688002,1.98,20231023-20240520,395.4770209250236,1,fair,NA
AIMS,2023-12-19T03:00:00Z,02S06,STIC,SP,21064680,68889.02666688002,1.98,20231023-20240520,395.4770209250236,1,fair,NA
AIMS,2023-12-19T03:15:00Z,02S06,STIC,SP,21064680,68889.02666688002,2.08777777777778,20231023-20240520,395.4770209250236,1,fair,NA
AIMS,2023-12-19T03:30:00Z,02S06,STIC,SP,21064680,68889.02666688002,2.1950000000000003,20231023-20240520,395.4770209250236,1,fair,NA
AIMS,2023-12-19T03:45:00Z,02S06,STIC,SP,21064680,68889.02666688002,2.1950000000000003,20231023-20240520,395.4770209250236,1,fair,NA
AIMS,2023-12-19T04:00:00Z,02S06,STIC,SP,21064680,68889.02666688002,2.1950000000000003,20231023-20240520,395.4770209250236,1,fair,NA
AIMS,2023-12-19T04:15:00Z,02S06,STIC,SP,21064680,68889.02666688002,2.1950000000000003,20231023-20240520,395.4770209250236,1,fair,NA
AIMS,2023-12-19T04:30:00Z,02S06,STIC,SP,21064680,68889.02666688002,2.1950000000000003,20231023-20240520,395.4770209250236,1,fair,NA
AIMS,2023-12-19T04:45:00Z,02S06,STIC,SP,21064680,68889.02666688002,2.08777777777778,20231023-20240520,395.4770209250236,1,fair,NA
AIMS,2023-12-19T05:00:00Z,02S06,STIC,SP,21064680,68889.02666688002,2.08777777777778,20231023-20240520,395.4770209250236,1,fair,NA
AIMS,2023-12-19T05:15:00Z,02S06,STIC,SP,21064680,68889.02666688002,1.98,20231023-20240520,395.4770209250236,1,fair,NA
AIMS,2023-12-19T05:30:00Z,02S06,STIC,SP,21064680,68889.02666688002,1.98,20231023-20240520,395.4770209250236,1,fair,NA
AIMS,2023-12-19T05:45:00Z,02S06,STIC,SP,21064680,68889.02666688002,1.98,20231023-20240520,395.4770209250236,1,fair,NA
AIMS,2023-12-19T06:00:00Z,02S06,STIC,SP,21064680,68889.02666688002,2.08777777777778,20231023-20240520,395.4770209250236,1,fair,NA
AIMS,2023-12-19T06:15:00Z,02S06,STIC,SP,21064680,68889.02666688002,2.08777777777778,20231023-20240520,395.4770209250236,1,fair,NA
AIMS,2023-12-19T06:30:00Z,02S06,STIC,SP,21064680,68889.02666688002,2.1950000000000003,20231023-20240520,395.4770209250236,1,fair,NA
AIMS,2023-12-19T06:45:00Z,02S06,STIC,SP,21064680,68889.02666688002,2.30277777777778,20231023-20240520,395.4770209250236,1,fair,NA
AIMS,2023-12-19T07:00:00Z,02S06,STIC,SP,21064680,68889.02666688002,2.41,20231023-20240520,395.4770209250236,1,fair,NA
AIMS,2023-12-19T07:15:00Z,02S06,STIC,SP,21064680,68889.02666688002,2.41,20231023-20240520,395.4770209250236,1,fair,NA
AIMS,2023-12-19T07:30:00Z,02S06,STIC,SP,21064680,68889.02666688002,2.6238888888888883,20231023-20240520,395.4770209250236,1,fair,NA
AIMS,2023-12-19T07:45:00Z,02S06,STIC,SP,21064680,68889.02666688002,2.837222222222221,20231023-20240520,395.4770209250236,1,fair,NA
AIMS,2023-12-19T08:00:00Z,02S06,STIC,SP,21064680,68889.02666688002,2.730000000000001,20231023-20240520,395.4770209250236,1,fair,NA
AIMS,2023-12-19T08:15:00Z,02S06,STIC,SP,21064680,68889.02666688002,2.730000000000001,20231023-20240520,395.4770209250236,1,fair,NA
AIMS,2023-12-19T08:30:00Z,02S06,STIC,SP,21064680,68889.02666688002,2.730000000000001,20231023-20240520,395.4770209250236,1,fair,NA
AIMS,2023-12-19T08:45:00Z,02S06,STIC,SP,21064680,68889.02666688002,2.730000000000001,20231023-20240520,395.4770209250236,1,fair,NA
AIMS,2023-12-19T09:00:00Z,02S06,STIC,SP,21064680,68889.02666688002,2.837222222222221,20231023-20240520,395.4770209250236,1,fair,NA
AIMS,2023-12-19T09:15:00Z,02S06,STIC,SP,21064680,68889.02666688002,2.837222222222221,20231023-20240520,395.4770209250236,1,fair,NA
AIMS,2023-12-19T09:30:00Z,02S06,STIC,SP,21064680,68889.02666688002,2.942777777777777,20231023-20240520,395.4770209250236,1,fair,NA
AIMS,2023-12-19T09:45:00Z,02S06,STIC,SP,21064680,68889.02666688002,2.942777777777777,20231023-20240520,395.4770209250236,1,fair,NA
AIMS,2023-12-19T10:00:00Z,02S06,STIC,SP,21064680,68889.02666688002,2.942777777777777,20231023-20240520,395.4770209250236,1,fair,NA
AIMS,2023-12-19T10:15:00Z,02S06,STIC,SP,21064680,68889.02666688002,2.837222222222221,20231023-20240520,395.4770209250236,1,fair,NA
AIMS,2023-12-19T10:30:00Z,02S06,STIC,SP,21064680,68889.02666688002,2.730000000000001,20231023-20240520,395.4770209250236,1,fair,NA
AIMS,2023-12-19T10:45:00Z,02S06,STIC,SP,21064680,68889.02666688002,2.730000000000001,20231023-20240520,395.4770209250236,1,fair,NA
AIMS,2023-12-19T11:00:00Z,02S06,STIC,SP,21064680,68889.02666688002,2.730000000000001,20231023-20240520,395.4770209250236,1,fair,NA
AIMS,2023-12-19T11:15:00Z,02S06,STIC,SP,21064680,68889.02666688002,2.6238888888888883,20231023-20240520,395.4770209250236,1,fair,NA
AIMS,2023-12-19T11:30:00Z,02S06,STIC,SP,21064680,68889.02666688002,2.730000000000001,20231023-20240520,395.4770209250236,1,fair,NA
AIMS,2023-12-19T11:45:00Z,02S06,STIC,SP,21064680,68889.02666688002,2.6238888888888883,20231023-20240520,395.4770209250236,1,fair,NA
AIMS,2023-12-19T12:00:00Z,02S06,STIC,SP,21064680,68889.02666688002,2.6238888888888883,20231023-20240520,395.4770209250236,1,fair,NA
AIMS,2023-12-19T12:15:00Z,02S06,STIC,SP,21064680,68889.02666688002,2.6238888888888883,20231023-20240520,395.4770209250236,1,fair,NA
AIMS,2023-12-19T12:30:00Z,02S06,STIC,SP,21064680,68889.02666688002,2.730000000000001,20231023-20240520,395.4770209250236,1,fair,NA
AIMS,2023-12-19T12:45:00Z,02S06,STIC,SP,21064680,68889.02666688002,2.942777777777777,20231023-20240520,395.4770209250236,1,fair,NA
AIMS,2023-12-19T13:00:00Z,02S06,STIC,SP,21064680,68889.02666688002,3.048888888888888,20231023-20240520,395.4770209250236,1,fair,NA
AIMS,2023-12-19T13:15:00Z,02S06,STIC,SP,21064680,68889.02666688002,3.048888888888888,20231023-20240520,395.4770209250236,1,fair,NA
AIMS,2023-12-19T13:30:00Z,02S06,STIC,SP,21064680,68889.02666688002,3.048888888888888,20231023-20240520,395.4770209250236,1,fair,NA
AIMS,2023-12-19T13:45:00Z,02S06,STIC,SP,21064680,68889.02666688002,3.048888888888888,20231023-20240520,395.4770209250236,1,fair,NA
AIMS,2023-12-19T14:00:00Z,02S06,STIC,SP,21064680,68889.02666688002,3.048888888888888,20231023-20240520,395.4770209250236,1,fair,NA
AIMS,2023-12-19T14:15:00Z,02S06,STIC,SP,21064680,68889.02666688002,3.048888888888888,20231023-20240520,395.4770209250236,1,fair,NA
AIMS,2023-12-19T14:30:00Z,02S06,STIC,SP,21064680,68889.02666688002,3.048888888888888,20231023-20240520,395.4770209250236,1,fair,NA
AIMS,2023-12-19T14:45:00Z,02S06,STIC,SP,21064680,68889.02666688002,3.1550000000000007,20231023-20240520,395.4770209250236,1,fair,NA
AIMS,2023-12-19T15:00:00Z,02S06,STIC,SP,21064680,68889.02666688002,3.367222222222223,20231023-20240520,395.4770209250236,1,fair,NA
AIMS,2023-12-19T15:15:00Z,02S06,STIC,SP,21064680,68889.02666688002,3.6827777777777775,20231023-20240520,395.4770209250236,1,fair,NA
AIMS,2023-12-19T15:30:00Z,02S06,STIC,SP,21064680,68889.02666688002,3.8927777777777774,20231023-20240520,395.4770209250236,1,fair,NA
AIMS,2023-12-19T15:45:00Z,02S06,STIC,SP,21064680,68889.02666688002,4.2072222222222235,20231023-20240520,395.4770209250236,1,fair,NA
AIMS,2023-12-19T16:00:00Z,02S06,STIC,SP,21064680,68889.02666688002,4.622777777777776,20231023-20240520,395.4770209250236,1,fair,NA
AIMS,2023-12-19T16:15:00Z,02S06,STIC,SP,21064680,68889.02666688002,4.933888888888889,20231023-20240520,395.4770209250236,1,fair,NA
AIMS,2023-12-19T16:30:00Z,02S06,STIC,SP,21064680,68889.02666688002,5.450000000000001,20231023-20240520,395.4770209250236,1,fair,NA
AIMS,2023-12-19T16:45:00Z,02S06,STIC,SP,21064680,68889.02666688002,5.86,20231023-20240520,395.4770209250236,1,fair,NA
AIMS,2023-12-19T17:00:00Z,02S06,STIC,SP,21064680,71644.5877335552,6.267777777777775,20231023-20240520,417.0333271118992,1,fair,NA
AIMS,2023-12-19T17:15:00Z,02S06,STIC,SP,21064680,71644.5877335552,7.1788888888888875,20231023-20240520,417.0333271118992,1,fair,NA
AIMS,2023-12-19T17:30:00Z,02S06,STIC,SP,21064680,71644.5877335552,7.682222222222225,20231023-20240520,417.0333271118992,1,fair,NA
AIMS,2023-12-19T17:45:00Z,02S06,STIC,SP,21064680,71644.5877335552,8.382222222222223,20231023-20240520,417.0333271118992,1,fair,NA
AIMS,2023-12-19T18:00:00Z,02S06,STIC,SP,21064680,71644.5877335552,8.68,20231023-20240520,417.0333271118992,1,fair,NA
AIMS,2023-12-19T18:15:00Z,02S06,STIC,SP,21064680,71644.5877335552,8.282222222222224,20231023-20240520,417.0333271118992,1,fair,NA
AIMS,2023-12-19T18:30:00Z,02S06,STIC,SP,21064680,71644.5877335552,8.68,20231023-20240520,417.0333271118992,1,fair,NA
AIMS,2023-12-19T18:45:00Z,02S06,STIC,SP,21064680,74400.1488002304,9.57111111111111,20231023-20240520,438.5896332987749,1,fair,NA
AIMS,2023-12-19T19:00:00Z,02S06,STIC,SP,21064680,74400.1488002304,10.062777777777775,20231023-20240520,438.5896332987749,1,fair,NA
AIMS,2023-12-19T19:15:00Z,02S06,STIC,SP,21064680,74400.1488002304,10.357222222222227,20231023-20240520,438.5896332987749,1,fair,NA
AIMS,2023-12-19T19:30:00Z,02S06,STIC,SP,21064680,74400.1488002304,10.552777777777775,20231023-20240520,438.5896332987749,1,fair,NA
AIMS,2023-12-19T19:45:00Z,02S06,STIC,SP,21064680,74400.1488002304,10.062777777777775,20231023-20240520,438.5896332987749,1,fair,NA
AIMS,2023-12-19T20:00:00Z,02S06,STIC,SP,21064680,74400.1488002304,9.767777777777773,20231023-20240520,438.5896332987749,1,fair,NA
AIMS,2023-12-19T20:15:00Z,02S06,STIC,SP,21064680,74400.1488002304,10.062777777777775,20231023-20240520,438.5896332987749,1,fair,NA
AIMS,2023-12-19T20:30:00Z,02S06,STIC,SP,21064680,74400.1488002304,9.767777777777773,20231023-20240520,438.5896332987749,1,fair,NA
AIMS,2023-12-19T20:45:00Z,02S06,STIC,SP,21064680,74400.1488002304,9.767777777777773,20231023-20240520,438.5896332987749,1,fair,NA
AIMS,2023-12-19T21:00:00Z,02S06,STIC,SP,21064680,74400.1488002304,9.472222222222221,20231023-20240520,438.5896332987749,1,fair,NA
AIMS,2023-12-19T21:15:00Z,02S06,STIC,SP,21064680,74400.1488002304,9.372777777777781,20231023-20240520,438.5896332987749,1,fair,NA
AIMS,2023-12-19T21:30:00Z,02S06,STIC,SP,21064680,74400.1488002304,8.778888888888888,20231023-20240520,438.5896332987749,1,fair,NA
AIMS,2023-12-19T21:45:00Z,02S06,STIC,SP,21064680,74400.1488002304,8.082222222222224,20231023-20240520,438.5896332987749,1,fair,NA
AIMS,2023-12-19T22:00:00Z,02S06,STIC,SP,21064680,71644.5877335552,7.582222222222225,20231023-20240520,417.0333271118992,1,fair,NA
AIMS,2023-12-19T22:15:00Z,02S06,STIC,SP,21064680,71644.5877335552,7.1788888888888875,20231023-20240520,417.0333271118992,1,fair,NA
AIMS,2023-12-19T22:30:00Z,02S06,STIC,SP,21064680,71644.5877335552,6.977777777777779,20231023-20240520,417.0333271118992,1,fair,NA
AIMS,2023-12-19T22:45:00Z,02S06,STIC,SP,21064680,71644.5877335552,6.775,20231023-20240520,417.0333271118992,1,fair,NA
AIMS,2023-12-19T23:00:00Z,02S06,STIC,SP,21064680,71644.5877335552,6.471111111111114,20231023-20240520,417.0333271118992,1,fair,NA
AIMS,2023-12-19T23:15:00Z,02S06,STIC,SP,21064680,71644.5877335552,6.063888888888887,20231023-20240520,417.0333271118992,1,fair,NA
AIMS,2023-12-19T23:30:00Z,02S06,STIC,SP,21064680,71644.5877335552,5.9622222222222225,20231023-20240520,417.0333271118992,1,fair,NA
AIMS,2023-12-19T23:45:00Z,02S06,STIC,SP,21064680,71644.5877335552,5.7572222222222225,20231023-20240520,417.0333271118992,1,fair,NA
AIMS,2023-12-20T00:00:00Z,02S06,STIC,SP,21064680,71644.5877335552,5.7572222222222225,20231023-20240520,417.0333271118992,1,fair,NA
AIMS,2023-12-20T00:15:00Z,02S06,STIC,SP,21064680,71644.5877335552,5.86,20231023-20240520,417.0333271118992,1,fair,NA
AIMS,2023-12-20T00:30:00Z,02S06,STIC,SP,21064680,71644.5877335552,5.9622222222222225,20231023-20240520,417.0333271118992,1,fair,NA
AIMS,2023-12-20T00:45:00Z,02S06,STIC,SP,21064680,71644.5877335552,5.86,20231023-20240520,417.0333271118992,1,fair,NA
AIMS,2023-12-20T01:00:00Z,02S06,STIC,SP,21064680,71644.5877335552,5.7572222222222225,20231023-20240520,417.0333271118992,1,fair,NA
AIMS,2023-12-20T01:15:00Z,02S06,STIC,SP,21064680,71644.5877335552,5.7572222222222225,20231023-20240520,417.0333271118992,1,fair,NA
AIMS,2023-12-20T01:30:00Z,02S06,STIC,SP,21064680,71644.5877335552,5.7572222222222225,20231023-20240520,417.0333271118992,1,fair,NA
AIMS,2023-12-20T01:45:00Z,02S06,STIC,SP,21064680,71644.5877335552,5.7572222222222225,20231023-20240520,417.0333271118992,1,fair,NA
AIMS,2023-12-20T02:00:00Z,02S06,STIC,SP,21064680,71644.5877335552,5.9622222222222225,20231023-20240520,417.0333271118992,1,fair,NA
AIMS,2023-12-20T02:15:00Z,02S06,STIC,SP,21064680,71644.5877335552,6.063888888888887,20231023-20240520,417.0333271118992,1,fair,NA
AIMS,2023-12-20T02:30:00Z,02S06,STIC,SP,21064680,71644.5877335552,6.1661111111111095,20231023-20240520,417.0333271118992,1,fair,NA
AIMS,2023-12-20T02:45:00Z,02S06,STIC,SP,21064680,71644.5877335552,6.1661111111111095,20231023-20240520,417.0333271118992,1,fair,NA
AIMS,2023-12-20T03:00:00Z,02S06,STIC,SP,21064680,71644.5877335552,6.063888888888887,20231023-20240520,417.0333271118992,1,fair,NA
AIMS,2023-12-20T03:15:00Z,02S06,STIC,SP,21064680,71644.5877335552,5.86,20231023-20240520,417.0333271118992,1,fair,NA
AIMS,2023-12-20T03:30:00Z,02S06,STIC,SP,21064680,71644.5877335552,5.655,20231023-20240520,417.0333271118992,1,fair,NA
AIMS,2023-12-20T03:45:00Z,02S06,STIC,SP,21064680,71644.5877335552,5.552222222222222,20231023-20240520,417.0333271118992,1,fair,NA
AIMS,2023-12-20T04:00:00Z,02S06,STIC,SP,21064680,71644.5877335552,5.552222222222222,20231023-20240520,417.0333271118992,1,fair,NA
AIMS,2023-12-20T04:15:00Z,02S06,STIC,SP,21064680,71644.5877335552,5.552222222222222,20231023-20240520,417.0333271118992,1,fair,NA
AIMS,2023-12-20T04:30:00Z,02S06,STIC,SP,21064680,71644.5877335552,5.552222222222222,20231023-20240520,417.0333271118992,1,fair,NA
AIMS,2023-12-20T04:45:00Z,02S06,STIC,SP,21064680,71644.5877335552,5.450000000000001,20231023-20240520,417.0333271118992,1,fair,NA
AIMS,2023-12-20T05:00:00Z,02S06,STIC,SP,21064680,71644.5877335552,5.347222222222222,20231023-20240520,417.0333271118992,1,fair,NA
AIMS,2023-12-20T05:15:00Z,02S06,STIC,SP,21064680,71644.5877335552,5.347222222222222,20231023-20240520,417.0333271118992,1,fair,NA
AIMS,2023-12-20T05:30:00Z,02S06,STIC,SP,21064680,71644.5877335552,5.14111111111111,20231023-20240520,417.0333271118992,1,fair,NA
AIMS,2023-12-20T05:45:00Z,02S06,STIC,SP,21064680,71644.5877335552,5.037222222222224,20231023-20240520,417.0333271118992,1,fair,NA
AIMS,2023-12-20T06:00:00Z,02S06,STIC,SP,21064680,71644.5877335552,4.933888888888889,20231023-20240520,417.0333271118992,1,fair,NA
AIMS,2023-12-20T06:15:00Z,02S06,STIC,SP,21064680,71644.5877335552,4.933888888888889,20231023-20240520,417.0333271118992,1,fair,NA
AIMS,2023-12-20T06:30:00Z,02S06,STIC,SP,21064680,71644.5877335552,4.8311111111111105,20231023-20240520,417.0333271118992,1,fair,NA
AIMS,2023-12-20T06:45:00Z,02S06,STIC,SP,21064680,71644.5877335552,4.8311111111111105,20231023-20240520,417.0333271118992,1,fair,NA
AIMS,2023-12-20T07:00:00Z,02S06,STIC,SP,21064680,71644.5877335552,4.727222222222222,20231023-20240520,417.0333271118992,1,fair,NA
AIMS,2023-12-20T07:15:00Z,02S06,STIC,SP,21064680,71644.5877335552,4.727222222222222,20231023-20240520,417.0333271118992,1,fair,NA
AIMS,2023-12-20T07:30:00Z,02S06,STIC,SP,21064680,71644.5877335552,4.727222222222222,20231023-20240520,417.0333271118992,1,fair,NA
AIMS,2023-12-20T07:45:00Z,02S06,STIC,SP,21064680,71644.5877335552,4.727222222222222,20231023-20240520,417.0333271118992,1,fair,NA
AIMS,2023-12-20T08:00:00Z,02S06,STIC,SP,21064680,71644.5877335552,4.727222222222222,20231023-20240520,417.0333271118992,1,fair,NA
AIMS,2023-12-20T08:15:00Z,02S06,STIC,SP,21064680,71644.5877335552,4.727222222222222,20231023-20240520,417.0333271118992,1,fair,NA
AIMS,2023-12-20T08:30:00Z,02S06,STIC,SP,21064680,71644.5877335552,4.727222222222222,20231023-20240520,417.0333271118992,1,fair,NA
AIMS,2023-12-20T08:45:00Z,02S06,STIC,SP,21064680,71644.5877335552,4.727222222222222,20231023-20240520,417.0333271118992,1,fair,NA
AIMS,2023-12-20T09:00:00Z,02S06,STIC,SP,21064680,71644.5877335552,4.8311111111111105,20231023-20240520,417.0333271118992,1,fair,NA
AIMS,2023-12-20T09:15:00Z,02S06,STIC,SP,21064680,71644.5877335552,4.8311111111111105,20231023-20240520,417.0333271118992,1,fair,NA
AIMS,2023-12-20T09:30:00Z,02S06,STIC,SP,21064680,71644.5877335552,4.933888888888889,20231023-20240520,417.0333271118992,1,fair,NA
AIMS,2023-12-20T09:45:00Z,02S06,STIC,SP,21064680,71644.5877335552,4.933888888888889,20231023-20240520,417.0333271118992,1,fair,NA
AIMS,2023-12-20T10:00:00Z,02S06,STIC,SP,21064680,71644.5877335552,4.933888888888889,20231023-20240520,417.0333271118992,1,fair,NA
AIMS,2023-12-20T10:15:00Z,02S06,STIC,SP,21064680,71644.5877335552,5.037222222222224,20231023-20240520,417.0333271118992,1,fair,NA
AIMS,2023-12-20T10:30:00Z,02S06,STIC,SP,21064680,71644.5877335552,5.037222222222224,20231023-20240520,417.0333271118992,1,fair,NA
AIMS,2023-12-20T10:45:00Z,02S06,STIC,SP,21064680,71644.5877335552,5.037222222222224,20231023-20240520,417.0333271118992,1,fair,NA
AIMS,2023-12-20T11:00:00Z,02S06,STIC,SP,21064680,71644.5877335552,5.037222222222224,20231023-20240520,417.0333271118992,1,fair,NA
AIMS,2023-12-20T11:15:00Z,02S06,STIC,SP,21064680,71644.5877335552,4.933888888888889,20231023-20240520,417.0333271118992,1,fair,NA
AIMS,2023-12-20T11:30:00Z,02S06,STIC,SP,21064680,71644.5877335552,4.933888888888889,20231023-20240520,417.0333271118992,1,fair,NA
AIMS,2023-12-20T11:45:00Z,02S06,STIC,SP,21064680,71644.5877335552,4.933888888888889,20231023-20240520,417.0333271118992,1,fair,NA
AIMS,2023-12-20T12:00:00Z,02S06,STIC,SP,21064680,71644.5877335552,5.14111111111111,20231023-20240520,417.0333271118992,1,fair,NA
AIMS,2023-12-20T12:15:00Z,02S06,STIC,SP,21064680,71644.5877335552,5.347222222222222,20231023-20240520,417.0333271118992,1,fair,NA
AIMS,2023-12-20T12:30:00Z,02S06,STIC,SP,21064680,71644.5877335552,5.347222222222222,20231023-20240520,417.0333271118992,1,fair,NA
AIMS,2023-12-20T12:45:00Z,02S06,STIC,SP,21064680,71644.5877335552,5.450000000000001,20231023-20240520,417.0333271118992,1,fair,NA
AIMS,2023-12-20T13:00:00Z,02S06,STIC,SP,21064680,71644.5877335552,5.450000000000001,20231023-20240520,417.0333271118992,1,fair,NA
AIMS,2023-12-20T13:15:00Z,02S06,STIC,SP,21064680,71644.5877335552,5.450000000000001,20231023-20240520,417.0333271118992,1,fair,NA
AIMS,2023-12-20T13:30:00Z,02S06,STIC,SP,21064680,71644.5877335552,5.655,20231023-20240520,417.0333271118992,1,fair,NA
AIMS,2023-12-20T13:45:00Z,02S06,STIC,SP,21064680,71644.5877335552,5.655,20231023-20240520,417.0333271118992,1,fair,NA
AIMS,2023-12-20T14:00:00Z,02S06,STIC,SP,21064680,71644.5877335552,5.7572222222222225,20231023-20240520,417.0333271118992,1,fair,NA
AIMS,2023-12-20T14:15:00Z,02S06,STIC,SP,21064680,71644.5877335552,5.9622222222222225,20231023-20240520,417.0333271118992,1,fair,NA
AIMS,2023-12-20T14:30:00Z,02S06,STIC,SP,21064680,71644.5877335552,6.267777777777775,20231023-20240520,417.0333271118992,1,fair,NA
AIMS,2023-12-20T14:45:00Z,02S06,STIC,SP,21064680,71644.5877335552,6.5727777777777785,20231023-20240520,417.0333271118992,1,fair,NA
AIMS,2023-12-20T15:00:00Z,02S06,STIC,SP,21064680,71644.5877335552,6.775,20231023-20240520,417.0333271118992,1,fair,NA
AIMS,2023-12-20T15:15:00Z,02S06,STIC,SP,21064680,71644.5877335552,6.673888888888888,20231023-20240520,417.0333271118992,1,fair,NA
AIMS,2023-12-20T15:30:00Z,02S06,STIC,SP,21064680,71644.5877335552,6.775,20231023-20240520,417.0333271118992,1,fair,NA
AIMS,2023-12-20T15:45:00Z,02S06,STIC,SP,21064680,71644.5877335552,7.1788888888888875,20231023-20240520,417.0333271118992,1,fair,NA
AIMS,2023-12-20T16:00:00Z,02S06,STIC,SP,21064680,71644.5877335552,7.582222222222225,20231023-20240520,417.0333271118992,1,fair,NA
AIMS,2023-12-20T16:15:00Z,02S06,STIC,SP,21064680,74400.1488002304,7.982777777777778,20231023-20240520,438.5896332987749,1,fair,NA
AIMS,2023-12-20T16:30:00Z,02S06,STIC,SP,21064680,74400.1488002304,8.282222222222224,20231023-20240520,438.5896332987749,1,fair,NA
AIMS,2023-12-20T16:45:00Z,02S06,STIC,SP,21064680,74400.1488002304,8.977777777777774,20231023-20240520,438.5896332987749,1,fair,NA
AIMS,2023-12-20T17:00:00Z,02S06,STIC,SP,21064680,74400.1488002304,9.57111111111111,20231023-20240520,438.5896332987749,1,fair,NA
AIMS,2023-12-20T17:15:00Z,02S06,STIC,SP,21064680,74400.1488002304,9.866111111111111,20231023-20240520,438.5896332987749,1,fair,NA
AIMS,2023-12-20T17:30:00Z,02S06,STIC,SP,21064680,74400.1488002304,9.866111111111111,20231023-20240520,438.5896332987749,1,fair,NA
AIMS,2023-12-20T17:45:00Z,02S06,STIC,SP,21064680,74400.1488002304,9.965000000000002,20231023-20240520,438.5896332987749,1,fair,NA
AIMS,2023-12-20T18:00:00Z,02S06,STIC,SP,21064680,74400.1488002304,10.161111111111108,20231023-20240520,438.5896332987749,1,fair,NA
AIMS,2023-12-20T18:15:00Z,02S06,STIC,SP,21064680,74400.1488002304,10.943888888888887,20231023-20240520,438.5896332987749,1,fair,NA
AIMS,2023-12-20T18:30:00Z,02S06,STIC,SP,21064680,77155.70986690561,11.625,20231023-20240520,460.14593948565073,1,fair,NA
AIMS,2023-12-20T18:45:00Z,02S06,STIC,SP,21064680,77155.70986690561,12.497222222222222,20231023-20240520,460.14593948565073,1,fair,NA
AIMS,2023-12-20T19:00:00Z,02S06,STIC,SP,21064680,77155.70986690561,13.172777777777775,20231023-20240520,460.14593948565073,1,fair,NA
AIMS,2023-12-20T19:15:00Z,02S06,STIC,SP,21064680,74400.1488002304,13.365000000000004,20231023-20240520,438.5896332987749,1,fair,NA
AIMS,2023-12-20T19:30:00Z,02S06,STIC,SP,21064680,74400.1488002304,12.40111111111111,20231023-20240520,438.5896332987749,1,fair,NA
AIMS,2023-12-20T19:45:00Z,02S06,STIC,SP,21064680,74400.1488002304,12.11,20231023-20240520,438.5896332987749,1,fair,NA
AIMS,2023-12-20T20:00:00Z,02S06,STIC,SP,21064680,74400.1488002304,11.818888888888887,20231023-20240520,438.5896332987749,1,fair,NA
AIMS,2023-12-20T20:15:00Z,02S06,STIC,SP,21064680,74400.1488002304,11.916111111111109,20231023-20240520,438.5896332987749,1,fair,NA
AIMS,2023-12-20T20:30:00Z,02S06,STIC,SP,21064680,74400.1488002304,12.40111111111111,20231023-20240520,438.5896332987749,1,fair,NA
AIMS,2023-12-20T20:45:00Z,02S06,STIC,SP,21064680,74400.1488002304,13.076111111111109,20231023-20240520,438.5896332987749,1,fair,NA
AIMS,2023-12-20T21:00:00Z,02S06,STIC,SP,21064680,74400.1488002304,12.98,20231023-20240520,438.5896332987749,1,fair,NA
AIMS,2023-12-20T21:15:00Z,02S06,STIC,SP,21064680,74400.1488002304,12.012777777777774,20231023-20240520,438.5896332987749,1,fair,NA
AIMS,2023-12-20T21:30:00Z,02S06,STIC,SP,21064680,74400.1488002304,11.72222222222222,20231023-20240520,438.5896332987749,1,fair,NA
AIMS,2023-12-20T21:45:00Z,02S06,STIC,SP,21064680,74400.1488002304,11.527777777777779,20231023-20240520,438.5896332987749,1,fair,NA
AIMS,2023-12-20T22:00:00Z,02S06,STIC,SP,21064680,74400.1488002304,11.236111111111107,20231023-20240520,438.5896332987749,1,fair,NA
AIMS,2023-12-20T22:15:00Z,02S06,STIC,SP,21064680,71644.5877335552,11.041111111111109,20231023-20240520,417.0333271118992,1,fair,NA
AIMS,2023-12-20T22:30:00Z,02S06,STIC,SP,21064680,71644.5877335552,10.552777777777775,20231023-20240520,417.0333271118992,1,fair,NA
AIMS,2023-12-20T22:45:00Z,02S06,STIC,SP,21064680,71644.5877335552,10.062777777777775,20231023-20240520,417.0333271118992,1,fair,NA
AIMS,2023-12-20T23:00:00Z,02S06,STIC,SP,21064680,71644.5877335552,9.767777777777773,20231023-20240520,417.0333271118992,1,fair,NA
AIMS,2023-12-20T23:15:00Z,02S06,STIC,SP,21064680,71644.5877335552,9.57111111111111,20231023-20240520,417.0333271118992,1,fair,NA
AIMS,2023-12-20T23:30:00Z,02S06,STIC,SP,21064680,71644.5877335552,9.472222222222221,20231023-20240520,417.0333271118992,1,fair,NA
AIMS,2023-12-20T23:45:00Z,02S06,STIC,SP,21064680,71644.5877335552,9.57111111111111,20231023-20240520,417.0333271118992,1,fair,NA
AIMS,2023-12-21T00:00:00Z,02S06,STIC,SP,21064680,71644.5877335552,9.472222222222221,20231023-20240520,417.0333271118992,1,fair,NA
AIMS,2023-12-21T00:15:00Z,02S06,STIC,SP,21064680,71644.5877335552,9.275,20231023-20240520,417.0333271118992,1,fair,NA
AIMS,2023-12-21T00:30:00Z,02S06,STIC,SP,21064680,71644.5877335552,9.077222222222222,20231023-20240520,417.0333271118992,1,fair,NA
AIMS,2023-12-21T00:45:00Z,02S06,STIC,SP,21064680,71644.5877335552,9.077222222222222,20231023-20240520,417.0333271118992,1,fair,NA
AIMS,2023-12-21T01:00:00Z,02S06,STIC,SP,21064680,71644.5877335552,9.077222222222222,20231023-20240520,417.0333271118992,1,fair,NA
AIMS,2023-12-21T01:15:00Z,02S06,STIC,SP,21064680,71644.5877335552,9.275,20231023-20240520,417.0333271118992,1,fair,NA
AIMS,2023-12-21T01:30:00Z,02S06,STIC,SP,21064680,71644.5877335552,9.472222222222221,20231023-20240520,417.0333271118992,1,fair,NA
AIMS,2023-12-21T01:45:00Z,02S06,STIC,SP,21064680,71644.5877335552,9.66888888888889,20231023-20240520,417.0333271118992,1,fair,NA
AIMS,2023-12-21T02:00:00Z,02S06,STIC,SP,21064680,71644.5877335552,9.66888888888889,20231023-20240520,417.0333271118992,1,fair,NA
AIMS,2023-12-21T02:15:00Z,02S06,STIC,SP,21064680,71644.5877335552,9.57111111111111,20231023-20240520,417.0333271118992,1,fair,NA
AIMS,2023-12-21T02:30:00Z,02S06,STIC,SP,21064680,71644.5877335552,9.57111111111111,20231023-20240520,417.0333271118992,1,fair,NA
AIMS,2023-12-21T02:45:00Z,02S06,STIC,SP,21064680,71644.5877335552,9.66888888888889,20231023-20240520,417.0333271118992,1,fair,NA
AIMS,2023-12-21T03:00:00Z,02S06,STIC,SP,21064680,71644.5877335552,9.57111111111111,20231023-20240520,417.0333271118992,1,fair,NA
AIMS,2023-12-21T03:15:00Z,02S06,STIC,SP,21064680,71644.5877335552,9.66888888888889,20231023-20240520,417.0333271118992,1,fair,NA
AIMS,2023-12-21T03:30:00Z,02S06,STIC,SP,21064680,71644.5877335552,9.866111111111111,20231023-20240520,417.0333271118992,1,fair,NA
AIMS,2023-12-21T03:45:00Z,02S06,STIC,SP,21064680,71644.5877335552,10.062777777777775,20231023-20240520,417.0333271118992,1,fair,NA
AIMS,2023-12-21T04:00:00Z,02S06,STIC,SP,21064680,71644.5877335552,10.161111111111108,20231023-20240520,417.0333271118992,1,fair,NA
AIMS,2023-12-21T04:15:00Z,02S06,STIC,SP,21064680,71644.5877335552,10.161111111111108,20231023-20240520,417.0333271118992,1,fair,NA
AIMS,2023-12-21T04:30:00Z,02S06,STIC,SP,21064680,71644.5877335552,10.161111111111108,20231023-20240520,417.0333271118992,1,fair,NA
AIMS,2023-12-21T04:45:00Z,02S06,STIC,SP,21064680,71644.5877335552,10.062777777777775,20231023-20240520,417.0333271118992,1,fair,NA
AIMS,2023-12-21T05:00:00Z,02S06,STIC,SP,21064680,71644.5877335552,9.965000000000002,20231023-20240520,417.0333271118992,1,fair,NA
AIMS,2023-12-21T05:15:00Z,02S06,STIC,SP,21064680,71644.5877335552,9.965000000000002,20231023-20240520,417.0333271118992,1,fair,NA
AIMS,2023-12-21T05:30:00Z,02S06,STIC,SP,21064680,71644.5877335552,9.965000000000002,20231023-20240520,417.0333271118992,1,fair,NA
AIMS,2023-12-21T05:45:00Z,02S06,STIC,SP,21064680,71644.5877335552,10.062777777777775,20231023-20240520,417.0333271118992,1,fair,NA
AIMS,2023-12-21T06:00:00Z,02S06,STIC,SP,21064680,71644.5877335552,10.062777777777775,20231023-20240520,417.0333271118992,1,fair,NA
AIMS,2023-12-21T06:15:00Z,02S06,STIC,SP,21064680,71644.5877335552,10.062777777777775,20231023-20240520,417.0333271118992,1,fair,NA
AIMS,2023-12-21T06:30:00Z,02S06,STIC,SP,21064680,71644.5877335552,10.062777777777775,20231023-20240520,417.0333271118992,1,fair,NA
AIMS,2023-12-21T06:45:00Z,02S06,STIC,SP,21064680,71644.5877335552,10.062777777777775,20231023-20240520,417.0333271118992,1,fair,NA
AIMS,2023-12-21T07:00:00Z,02S06,STIC,SP,21064680,74400.1488002304,10.161111111111108,20231023-20240520,438.5896332987749,1,fair,NA
AIMS,2023-12-21T07:15:00Z,02S06,STIC,SP,21064680,71644.5877335552,10.161111111111108,20231023-20240520,417.0333271118992,1,fair,NA
AIMS,2023-12-21T07:30:00Z,02S06,STIC,SP,21064680,71644.5877335552,10.161111111111108,20231023-20240520,417.0333271118992,1,fair,NA
AIMS,2023-12-21T07:45:00Z,02S06,STIC,SP,21064680,71644.5877335552,10.161111111111108,20231023-20240520,417.0333271118992,1,fair,NA
AIMS,2023-12-21T08:00:00Z,02S06,STIC,SP,21064680,71644.5877335552,10.161111111111108,20231023-20240520,417.0333271118992,1,fair,NA
AIMS,2023-12-21T08:15:00Z,02S06,STIC,SP,21064680,71644.5877335552,10.062777777777775,20231023-20240520,417.0333271118992,1,fair,NA
AIMS,2023-12-21T08:30:00Z,02S06,STIC,SP,21064680,71644.5877335552,10.062777777777775,20231023-20240520,417.0333271118992,1,fair,NA
AIMS,2023-12-21T08:45:00Z,02S06,STIC,SP,21064680,74400.1488002304,10.062777777777775,20231023-20240520,438.5896332987749,1,fair,NA
AIMS,2023-12-21T09:00:00Z,02S06,STIC,SP,21064680,74400.1488002304,10.062777777777775,20231023-20240520,438.5896332987749,1,fair,NA
AIMS,2023-12-21T09:15:00Z,02S06,STIC,SP,21064680,71644.5877335552,10.062777777777775,20231023-20240520,417.0333271118992,1,fair,NA
AIMS,2023-12-21T09:30:00Z,02S06,STIC,SP,21064680,71644.5877335552,9.965000000000002,20231023-20240520,417.0333271118992,1,fair,NA
AIMS,2023-12-21T09:45:00Z,02S06,STIC,SP,21064680,71644.5877335552,9.965000000000002,20231023-20240520,417.0333271118992,1,fair,NA
AIMS,2023-12-21T10:00:00Z,02S06,STIC,SP,21064680,71644.5877335552,10.161111111111108,20231023-20240520,417.0333271118992,1,fair,NA
AIMS,2023-12-21T10:15:00Z,02S06,STIC,SP,21064680,71644.5877335552,10.161111111111108,20231023-20240520,417.0333271118992,1,fair,NA
AIMS,2023-12-21T10:30:00Z,02S06,STIC,SP,21064680,71644.5877335552,10.161111111111108,20231023-20240520,417.0333271118992,1,fair,NA
AIMS,2023-12-21T10:45:00Z,02S06,STIC,SP,21064680,71644.5877335552,10.161111111111108,20231023-20240520,417.0333271118992,1,fair,NA
AIMS,2023-12-21T11:00:00Z,02S06,STIC,SP,21064680,71644.5877335552,10.161111111111108,20231023-20240520,417.0333271118992,1,fair,NA
AIMS,2023-12-21T11:15:00Z,02S06,STIC,SP,21064680,71644.5877335552,10.161111111111108,20231023-20240520,417.0333271118992,1,fair,NA
AIMS,2023-12-21T11:30:00Z,02S06,STIC,SP,21064680,71644.5877335552,10.161111111111108,20231023-20240520,417.0333271118992,1,fair,NA
AIMS,2023-12-21T11:45:00Z,02S06,STIC,SP,21064680,71644.5877335552,10.161111111111108,20231023-20240520,417.0333271118992,1,fair,NA
AIMS,2023-12-21T12:00:00Z,02S06,STIC,SP,21064680,74400.1488002304,10.161111111111108,20231023-20240520,438.5896332987749,1,fair,NA
AIMS,2023-12-21T12:15:00Z,02S06,STIC,SP,21064680,74400.1488002304,10.161111111111108,20231023-20240520,438.5896332987749,1,fair,NA
AIMS,2023-12-21T12:30:00Z,02S06,STIC,SP,21064680,74400.1488002304,10.062777777777775,20231023-20240520,438.5896332987749,1,fair,NA
AIMS,2023-12-21T12:45:00Z,02S06,STIC,SP,21064680,74400.1488002304,10.062777777777775,20231023-20240520,438.5896332987749,1,fair,NA
AIMS,2023-12-21T13:00:00Z,02S06,STIC,SP,21064680,74400.1488002304,10.062777777777775,20231023-20240520,438.5896332987749,1,fair,NA
AIMS,2023-12-21T13:15:00Z,02S06,STIC,SP,21064680,74400.1488002304,10.062777777777775,20231023-20240520,438.5896332987749,1,fair,NA
AIMS,2023-12-21T13:30:00Z,02S06,STIC,SP,21064680,74400.1488002304,10.062777777777775,20231023-20240520,438.5896332987749,1,fair,NA
AIMS,2023-12-21T13:45:00Z,02S06,STIC,SP,21064680,74400.1488002304,9.965000000000002,20231023-20240520,438.5896332987749,1,fair,NA
AIMS,2023-12-21T14:00:00Z,02S06,STIC,SP,21064680,74400.1488002304,9.965000000000002,20231023-20240520,438.5896332987749,1,fair,NA
AIMS,2023-12-21T14:15:00Z,02S06,STIC,SP,21064680,74400.1488002304,10.062777777777775,20231023-20240520,438.5896332987749,1,fair,NA
AIMS,2023-12-21T14:30:00Z,02S06,STIC,SP,21064680,74400.1488002304,10.062777777777775,20231023-20240520,438.5896332987749,1,fair,NA
AIMS,2023-12-21T14:45:00Z,02S06,STIC,SP,21064680,74400.1488002304,10.25888888888889,20231023-20240520,438.5896332987749,1,fair,NA
AIMS,2023-12-21T15:00:00Z,02S06,STIC,SP,21064680,74400.1488002304,10.455000000000004,20231023-20240520,438.5896332987749,1,fair,NA
AIMS,2023-12-21T15:15:00Z,02S06,STIC,SP,21064680,74400.1488002304,10.357222222222227,20231023-20240520,438.5896332987749,1,fair,NA
AIMS,2023-12-21T15:30:00Z,02S06,STIC,SP,21064680,74400.1488002304,10.455000000000004,20231023-20240520,438.5896332987749,1,fair,NA
AIMS,2023-12-21T15:45:00Z,02S06,STIC,SP,21064680,74400.1488002304,10.651111111111108,20231023-20240520,438.5896332987749,1,fair,NA
AIMS,2023-12-21T16:00:00Z,02S06,STIC,SP,21064680,74400.1488002304,10.84611111111111,20231023-20240520,438.5896332987749,1,fair,NA
AIMS,2023-12-21T16:15:00Z,02S06,STIC,SP,21064680,74400.1488002304,11.138888888888888,20231023-20240520,438.5896332987749,1,fair,NA
AIMS,2023-12-21T16:30:00Z,02S06,STIC,SP,21064680,74400.1488002304,11.236111111111107,20231023-20240520,438.5896332987749,1,fair,NA
AIMS,2023-12-21T16:45:00Z,02S06,STIC,SP,21064680,74400.1488002304,11.138888888888888,20231023-20240520,438.5896332987749,1,fair,NA
AIMS,2023-12-21T17:00:00Z,02S06,STIC,SP,21064680,74400.1488002304,11.138888888888888,20231023-20240520,438.5896332987749,1,fair,NA
AIMS,2023-12-21T17:15:00Z,02S06,STIC,SP,21064680,74400.1488002304,11.236111111111107,20231023-20240520,438.5896332987749,1,fair,NA
AIMS,2023-12-21T17:30:00Z,02S06,STIC,SP,21064680,74400.1488002304,11.527777777777779,20231023-20240520,438.5896332987749,1,fair,NA
AIMS,2023-12-21T17:45:00Z,02S06,STIC,SP,21064680,74400.1488002304,11.916111111111109,20231023-20240520,438.5896332987749,1,fair,NA
AIMS,2023-12-21T18:00:00Z,02S06,STIC,SP,21064680,74400.1488002304,12.30388888888889,20231023-20240520,438.5896332987749,1,fair,NA
AIMS,2023-12-21T18:15:00Z,02S06,STIC,SP,21064680,74400.1488002304,12.207222222222219,20231023-20240520,438.5896332987749,1,fair,NA
AIMS,2023-12-21T18:30:00Z,02S06,STIC,SP,21064680,74400.1488002304,12.30388888888889,20231023-20240520,438.5896332987749,1,fair,NA
AIMS,2023-12-21T18:45:00Z,02S06,STIC,SP,21064680,74400.1488002304,12.207222222222219,20231023-20240520,438.5896332987749,1,fair,NA
AIMS,2023-12-21T19:00:00Z,02S06,STIC,SP,21064680,74400.1488002304,11.916111111111109,20231023-20240520,438.5896332987749,1,fair,NA
AIMS,2023-12-21T19:15:00Z,02S06,STIC,SP,21064680,74400.1488002304,12.40111111111111,20231023-20240520,438.5896332987749,1,fair,NA
AIMS,2023-12-21T19:30:00Z,02S06,STIC,SP,21064680,74400.1488002304,13.365000000000004,20231023-20240520,438.5896332987749,1,fair,NA
AIMS,2023-12-21T19:45:00Z,02S06,STIC,SP,21064680,77155.70986690561,13.076111111111109,20231023-20240520,460.14593948565073,1,fair,NA
AIMS,2023-12-21T20:00:00Z,02S06,STIC,SP,21064680,77155.70986690561,12.69,20231023-20240520,460.14593948565073,1,fair,NA
AIMS,2023-12-21T20:15:00Z,02S06,STIC,SP,21064680,77155.70986690561,12.98,20231023-20240520,460.14593948565073,1,fair,NA
AIMS,2023-12-21T20:30:00Z,02S06,STIC,SP,21064680,77155.70986690561,12.69,20231023-20240520,460.14593948565073,1,fair,NA
AIMS,2023-12-21T20:45:00Z,02S06,STIC,SP,21064680,77155.70986690561,12.69,20231023-20240520,460.14593948565073,1,fair,NA
AIMS,2023-12-21T21:00:00Z,02S06,STIC,SP,21064680,77155.70986690561,12.40111111111111,20231023-20240520,460.14593948565073,1,fair,NA
AIMS,2023-12-21T21:15:00Z,02S06,STIC,SP,21064680,77155.70986690561,12.30388888888889,20231023-20240520,460.14593948565073,1,fair,NA
AIMS,2023-12-21T21:30:00Z,02S06,STIC,SP,21064680,77155.70986690561,12.30388888888889,20231023-20240520,460.14593948565073,1,fair,NA
AIMS,2023-12-21T21:45:00Z,02S06,STIC,SP,21064680,77155.70986690561,12.11,20231023-20240520,460.14593948565073,1,fair,NA
AIMS,2023-12-21T22:00:00Z,02S06,STIC,SP,21064680,74400.1488002304,11.916111111111109,20231023-20240520,438.5896332987749,1,fair,NA
AIMS,2023-12-21T22:15:00Z,02S06,STIC,SP,21064680,74400.1488002304,11.72222222222222,20231023-20240520,438.5896332987749,1,fair,NA
AIMS,2023-12-21T22:30:00Z,02S06,STIC,SP,21064680,74400.1488002304,11.72222222222222,20231023-20240520,438.5896332987749,1,fair,NA
AIMS,2023-12-21T22:45:00Z,02S06,STIC,SP,21064680,74400.1488002304,11.72222222222222,20231023-20240520,438.5896332987749,1,fair,NA
AIMS,2023-12-21T23:00:00Z,02S06,STIC,SP,21064680,74400.1488002304,11.527777777777779,20231023-20240520,438.5896332987749,1,fair,NA
AIMS,2023-12-21T23:15:00Z,02S06,STIC,SP,21064680,74400.1488002304,11.431111111111111,20231023-20240520,438.5896332987749,1,fair,NA
AIMS,2023-12-21T23:30:00Z,02S06,STIC,SP,21064680,74400.1488002304,11.431111111111111,20231023-20240520,438.5896332987749,1,fair,NA
AIMS,2023-12-21T23:45:00Z,02S06,STIC,SP,21064680,74400.1488002304,11.333888888888893,20231023-20240520,438.5896332987749,1,fair,NA
AIMS,2023-12-22T00:00:00Z,02S06,STIC,SP,21064680,74400.1488002304,11.333888888888893,20231023-20240520,438.5896332987749,1,fair,NA
AIMS,2023-12-22T00:15:00Z,02S06,STIC,SP,21064680,74400.1488002304,11.333888888888893,20231023-20240520,438.5896332987749,1,fair,NA
AIMS,2023-12-22T00:30:00Z,02S06,STIC,SP,21064680,74400.1488002304,11.333888888888893,20231023-20240520,438.5896332987749,1,fair,NA
AIMS,2023-12-22T00:45:00Z,02S06,STIC,SP,21064680,74400.1488002304,11.333888888888893,20231023-20240520,438.5896332987749,1,fair,NA
AIMS,2023-12-22T01:00:00Z,02S06,STIC,SP,21064680,74400.1488002304,11.236111111111107,20231023-20240520,438.5896332987749,1,fair,NA
AIMS,2023-12-22T01:15:00Z,02S06,STIC,SP,21064680,74400.1488002304,11.138888888888888,20231023-20240520,438.5896332987749,1,fair,NA
AIMS,2023-12-22T01:30:00Z,02S06,STIC,SP,21064680,74400.1488002304,11.138888888888888,20231023-20240520,438.5896332987749,1,fair,NA
AIMS,2023-12-22T01:45:00Z,02S06,STIC,SP,21064680,74400.1488002304,11.041111111111109,20231023-20240520,438.5896332987749,1,fair,NA
AIMS,2023-12-22T02:00:00Z,02S06,STIC,SP,21064680,74400.1488002304,10.943888888888887,20231023-20240520,438.5896332987749,1,fair,NA
AIMS,2023-12-22T02:15:00Z,02S06,STIC,SP,21064680,74400.1488002304,10.943888888888887,20231023-20240520,438.5896332987749,1,fair,NA
AIMS,2023-12-22T02:30:00Z,02S06,STIC,SP,21064680,74400.1488002304,10.943888888888887,20231023-20240520,438.5896332987749,1,fair,NA
AIMS,2023-12-22T02:45:00Z,02S06,STIC,SP,21064680,74400.1488002304,10.943888888888887,20231023-20240520,438.5896332987749,1,fair,NA
AIMS,2023-12-22T03:00:00Z,02S06,STIC,SP,21064680,74400.1488002304,11.041111111111109,20231023-20240520,438.5896332987749,1,fair,NA
AIMS,2023-12-22T03:15:00Z,02S06,STIC,SP,21064680,74400.1488002304,10.943888888888887,20231023-20240520,438.5896332987749,1,fair,NA
AIMS,2023-12-22T03:30:00Z,02S06,STIC,SP,21064680,74400.1488002304,10.943888888888887,20231023-20240520,438.5896332987749,1,fair,NA
AIMS,2023-12-22T03:45:00Z,02S06,STIC,SP,21064680,74400.1488002304,10.943888888888887,20231023-20240520,438.5896332987749,1,fair,NA
AIMS,2023-12-22T04:00:00Z,02S06,STIC,SP,21064680,74400.1488002304,10.943888888888887,20231023-20240520,438.5896332987749,1,fair,NA
AIMS,2023-12-22T04:15:00Z,02S06,STIC,SP,21064680,74400.1488002304,11.041111111111109,20231023-20240520,438.5896332987749,1,fair,NA
AIMS,2023-12-22T04:30:00Z,02S06,STIC,SP,21064680,74400.1488002304,11.041111111111109,20231023-20240520,438.5896332987749,1,fair,NA
AIMS,2023-12-22T04:45:00Z,02S06,STIC,SP,21064680,74400.1488002304,11.041111111111109,20231023-20240520,438.5896332987749,1,fair,NA
AIMS,2023-12-22T05:00:00Z,02S06,STIC,SP,21064680,74400.1488002304,10.943888888888887,20231023-20240520,438.5896332987749,1,fair,NA
AIMS,2023-12-22T05:15:00Z,02S06,STIC,SP,21064680,74400.1488002304,11.041111111111109,20231023-20240520,438.5896332987749,1,fair,NA
AIMS,2023-12-22T05:30:00Z,02S06,STIC,SP,21064680,74400.1488002304,11.041111111111109,20231023-20240520,438.5896332987749,1,fair,NA
AIMS,2023-12-22T05:45:00Z,02S06,STIC,SP,21064680,74400.1488002304,11.041111111111109,20231023-20240520,438.5896332987749,1,fair,NA
AIMS,2023-12-22T06:00:00Z,02S06,STIC,SP,21064680,74400.1488002304,11.236111111111107,20231023-20240520,438.5896332987749,1,fair,NA
AIMS,2023-12-22T06:15:00Z,02S06,STIC,SP,21064680,74400.1488002304,11.236111111111107,20231023-20240520,438.5896332987749,1,fair,NA
AIMS,2023-12-22T06:30:00Z,02S06,STIC,SP,21064680,74400.1488002304,11.236111111111107,20231023-20240520,438.5896332987749,1,fair,NA
AIMS,2023-12-22T06:45:00Z,02S06,STIC,SP,21064680,74400.1488002304,11.333888888888893,20231023-20240520,438.5896332987749,1,fair,NA
AIMS,2023-12-22T07:00:00Z,02S06,STIC,SP,21064680,74400.1488002304,11.333888888888893,20231023-20240520,438.5896332987749,1,fair,NA
AIMS,2023-12-22T07:15:00Z,02S06,STIC,SP,21064680,74400.1488002304,11.431111111111111,20231023-20240520,438.5896332987749,1,fair,NA
AIMS,2023-12-22T07:30:00Z,02S06,STIC,SP,21064680,74400.1488002304,11.431111111111111,20231023-20240520,438.5896332987749,1,fair,NA
AIMS,2023-12-22T07:45:00Z,02S06,STIC,SP,21064680,77155.70986690561,11.431111111111111,20231023-20240520,460.14593948565073,1,fair,NA
AIMS,2023-12-22T08:00:00Z,02S06,STIC,SP,21064680,77155.70986690561,11.527777777777779,20231023-20240520,460.14593948565073,1,fair,NA
AIMS,2023-12-22T08:15:00Z,02S06,STIC,SP,21064680,77155.70986690561,11.527777777777779,20231023-20240520,460.14593948565073,1,fair,NA
AIMS,2023-12-22T08:30:00Z,02S06,STIC,SP,21064680,77155.70986690561,11.625,20231023-20240520,460.14593948565073,1,fair,NA
AIMS,2023-12-22T08:45:00Z,02S06,STIC,SP,21064680,77155.70986690561,11.625,20231023-20240520,460.14593948565073,1,fair,NA
AIMS,2023-12-22T09:00:00Z,02S06,STIC,SP,21064680,77155.70986690561,11.625,20231023-20240520,460.14593948565073,1,fair,NA
AIMS,2023-12-22T09:15:00Z,02S06,STIC,SP,21064680,77155.70986690561,11.625,20231023-20240520,460.14593948565073,1,fair,NA
AIMS,2023-12-22T09:30:00Z,02S06,STIC,SP,21064680,77155.70986690561,11.625,20231023-20240520,460.14593948565073,1,fair,NA
AIMS,2023-12-22T09:45:00Z,02S06,STIC,SP,21064680,77155.70986690561,11.72222222222222,20231023-20240520,460.14593948565073,1,fair,NA
AIMS,2023-12-22T10:00:00Z,02S06,STIC,SP,21064680,77155.70986690561,11.625,20231023-20240520,460.14593948565073,1,fair,NA
AIMS,2023-12-22T10:15:00Z,02S06,STIC,SP,21064680,77155.70986690561,11.72222222222222,20231023-20240520,460.14593948565073,1,fair,NA
AIMS,2023-12-22T10:30:00Z,02S06,STIC,SP,21064680,77155.70986690561,11.72222222222222,20231023-20240520,460.14593948565073,1,fair,NA
AIMS,2023-12-22T10:45:00Z,02S06,STIC,SP,21064680,77155.70986690561,11.72222222222222,20231023-20240520,460.14593948565073,1,fair,NA
AIMS,2023-12-22T11:00:00Z,02S06,STIC,SP,21064680,77155.70986690561,11.72222222222222,20231023-20240520,460.14593948565073,1,fair,NA
AIMS,2023-12-22T11:15:00Z,02S06,STIC,SP,21064680,77155.70986690561,11.72222222222222,20231023-20240520,460.14593948565073,1,fair,NA
AIMS,2023-12-22T11:30:00Z,02S06,STIC,SP,21064680,77155.70986690561,11.72222222222222,20231023-20240520,460.14593948565073,1,fair,NA
AIMS,2023-12-22T11:45:00Z,02S06,STIC,SP,21064680,77155.70986690561,11.72222222222222,20231023-20240520,460.14593948565073,1,fair,NA
AIMS,2023-12-22T12:00:00Z,02S06,STIC,SP,21064680,77155.70986690561,11.72222222222222,20231023-20240520,460.14593948565073,1,fair,NA
AIMS,2023-12-22T12:15:00Z,02S06,STIC,SP,21064680,77155.70986690561,11.72222222222222,20231023-20240520,460.14593948565073,1,fair,NA
AIMS,2023-12-22T12:30:00Z,02S06,STIC,SP,21064680,77155.70986690561,11.72222222222222,20231023-20240520,460.14593948565073,1,fair,NA
AIMS,2023-12-22T12:45:00Z,02S06,STIC,SP,21064680,77155.70986690561,11.72222222222222,20231023-20240520,460.14593948565073,1,fair,NA
AIMS,2023-12-22T13:00:00Z,02S06,STIC,SP,21064680,77155.70986690561,11.625,20231023-20240520,460.14593948565073,1,fair,NA
AIMS,2023-12-22T13:15:00Z,02S06,STIC,SP,21064680,77155.70986690561,11.625,20231023-20240520,460.14593948565073,1,fair,NA
AIMS,2023-12-22T13:30:00Z,02S06,STIC,SP,21064680,77155.70986690561,11.625,20231023-20240520,460.14593948565073,1,fair,NA
AIMS,2023-12-22T13:45:00Z,02S06,STIC,SP,21064680,77155.70986690561,11.625,20231023-20240520,460.14593948565073,1,fair,NA
AIMS,2023-12-22T14:00:00Z,02S06,STIC,SP,21064680,77155.70986690561,11.72222222222222,20231023-20240520,460.14593948565073,1,fair,NA
AIMS,2023-12-22T14:15:00Z,02S06,STIC,SP,21064680,77155.70986690561,11.72222222222222,20231023-20240520,460.14593948565073,1,fair,NA
AIMS,2023-12-22T14:30:00Z,02S06,STIC,SP,21064680,77155.70986690561,11.818888888888887,20231023-20240520,460.14593948565073,1,fair,NA
AIMS,2023-12-22T14:45:00Z,02S06,STIC,SP,21064680,77155.70986690561,11.818888888888887,20231023-20240520,460.14593948565073,1,fair,NA
AIMS,2023-12-22T15:00:00Z,02S06,STIC,SP,21064680,77155.70986690561,11.72222222222222,20231023-20240520,460.14593948565073,1,fair,NA
AIMS,2023-12-22T15:15:00Z,02S06,STIC,SP,21064680,77155.70986690561,11.72222222222222,20231023-20240520,460.14593948565073,1,fair,NA
AIMS,2023-12-22T15:30:00Z,02S06,STIC,SP,21064680,77155.70986690561,11.625,20231023-20240520,460.14593948565073,1,fair,NA
AIMS,2023-12-22T15:45:00Z,02S06,STIC,SP,21064680,77155.70986690561,11.72222222222222,20231023-20240520,460.14593948565073,1,fair,NA
AIMS,2023-12-22T16:00:00Z,02S06,STIC,SP,21064680,77155.70986690561,11.818888888888887,20231023-20240520,460.14593948565073,1,fair,NA
AIMS,2023-12-22T16:15:00Z,02S06,STIC,SP,21064680,77155.70986690561,12.012777777777774,20231023-20240520,460.14593948565073,1,fair,NA
AIMS,2023-12-22T16:30:00Z,02S06,STIC,SP,21064680,77155.70986690561,12.11,20231023-20240520,460.14593948565073,1,fair,NA
AIMS,2023-12-22T16:45:00Z,02S06,STIC,SP,21064680,77155.70986690561,12.207222222222219,20231023-20240520,460.14593948565073,1,fair,NA
AIMS,2023-12-22T17:00:00Z,02S06,STIC,SP,21064680,77155.70986690561,12.11,20231023-20240520,460.14593948565073,1,fair,NA
AIMS,2023-12-22T17:15:00Z,02S06,STIC,SP,21064680,77155.70986690561,12.30388888888889,20231023-20240520,460.14593948565073,1,fair,NA
AIMS,2023-12-22T17:30:00Z,02S06,STIC,SP,21064680,77155.70986690561,12.30388888888889,20231023-20240520,460.14593948565073,1,fair,NA
AIMS,2023-12-22T17:45:00Z,02S06,STIC,SP,21064680,77155.70986690561,12.30388888888889,20231023-20240520,460.14593948565073,1,fair,NA
AIMS,2023-12-22T18:00:00Z,02S06,STIC,SP,21064680,77155.70986690561,12.30388888888889,20231023-20240520,460.14593948565073,1,fair,NA
AIMS,2023-12-22T18:15:00Z,02S06,STIC,SP,21064680,77155.70986690561,12.30388888888889,20231023-20240520,460.14593948565073,1,fair,NA
AIMS,2023-12-22T18:30:00Z,02S06,STIC,SP,21064680,77155.70986690561,12.497222222222222,20231023-20240520,460.14593948565073,1,fair,NA
AIMS,2023-12-22T18:45:00Z,02S06,STIC,SP,21064680,77155.70986690561,12.207222222222219,20231023-20240520,460.14593948565073,1,fair,NA
AIMS,2023-12-22T19:00:00Z,02S06,STIC,SP,21064680,77155.70986690561,12.11,20231023-20240520,460.14593948565073,1,fair,NA
AIMS,2023-12-22T19:15:00Z,02S06,STIC,SP,21064680,77155.70986690561,12.012777777777774,20231023-20240520,460.14593948565073,1,fair,NA
AIMS,2023-12-22T19:30:00Z,02S06,STIC,SP,21064680,77155.70986690561,11.818888888888887,20231023-20240520,460.14593948565073,1,fair,NA
AIMS,2023-12-22T19:45:00Z,02S06,STIC,SP,21064680,77155.70986690561,11.625,20231023-20240520,460.14593948565073,1,fair,NA
AIMS,2023-12-22T20:00:00Z,02S06,STIC,SP,21064680,77155.70986690561,11.333888888888893,20231023-20240520,460.14593948565073,1,fair,NA
AIMS,2023-12-22T20:15:00Z,02S06,STIC,SP,21064680,77155.70986690561,10.943888888888887,20231023-20240520,460.14593948565073,1,fair,NA
AIMS,2023-12-22T20:30:00Z,02S06,STIC,SP,21064680,77155.70986690561,10.84611111111111,20231023-20240520,460.14593948565073,1,fair,NA
AIMS,2023-12-22T20:45:00Z,02S06,STIC,SP,21064680,77155.70986690561,10.943888888888887,20231023-20240520,460.14593948565073,1,fair,NA
AIMS,2023-12-22T21:00:00Z,02S06,STIC,SP,21064680,77155.70986690561,10.84611111111111,20231023-20240520,460.14593948565073,1,fair,NA
AIMS,2023-12-22T21:15:00Z,02S06,STIC,SP,21064680,77155.70986690561,10.651111111111108,20231023-20240520,460.14593948565073,1,fair,NA
AIMS,2023-12-22T21:30:00Z,02S06,STIC,SP,21064680,77155.70986690561,10.651111111111108,20231023-20240520,460.14593948565073,1,fair,NA
AIMS,2023-12-22T21:45:00Z,02S06,STIC,SP,21064680,77155.70986690561,10.357222222222227,20231023-20240520,460.14593948565073,1,fair,NA
AIMS,2023-12-22T22:00:00Z,02S06,STIC,SP,21064680,77155.70986690561,10.161111111111108,20231023-20240520,460.14593948565073,1,fair,NA
AIMS,2023-12-22T22:15:00Z,02S06,STIC,SP,21064680,77155.70986690561,9.965000000000002,20231023-20240520,460.14593948565073,1,fair,NA
AIMS,2023-12-22T22:30:00Z,02S06,STIC,SP,21064680,77155.70986690561,9.372777777777781,20231023-20240520,460.14593948565073,1,fair,NA
AIMS,2023-12-22T22:45:00Z,02S06,STIC,SP,21064680,74400.1488002304,8.87888888888889,20231023-20240520,438.5896332987749,1,fair,NA
AIMS,2023-12-22T23:00:00Z,02S06,STIC,SP,21064680,74400.1488002304,8.182222222222224,20231023-20240520,438.5896332987749,1,fair,NA
AIMS,2023-12-22T23:15:00Z,02S06,STIC,SP,21064680,74400.1488002304,7.582222222222225,20231023-20240520,438.5896332987749,1,fair,NA
AIMS,2023-12-22T23:30:00Z,02S06,STIC,SP,21064680,74400.1488002304,7.1788888888888875,20231023-20240520,438.5896332987749,1,fair,NA
AIMS,2023-12-22T23:45:00Z,02S06,STIC,SP,21064680,74400.1488002304,6.977777777777779,20231023-20240520,438.5896332987749,1,fair,NA
AIMS,2023-12-23T00:00:00Z,02S06,STIC,SP,21064680,74400.1488002304,6.877222222222222,20231023-20240520,438.5896332987749,1,fair,NA
AIMS,2023-12-23T00:15:00Z,02S06,STIC,SP,21064680,74400.1488002304,6.877222222222222,20231023-20240520,438.5896332987749,1,fair,NA
AIMS,2023-12-23T00:30:00Z,02S06,STIC,SP,21064680,74400.1488002304,6.977777777777779,20231023-20240520,438.5896332987749,1,fair,NA
AIMS,2023-12-23T00:45:00Z,02S06,STIC,SP,21064680,74400.1488002304,6.977777777777779,20231023-20240520,438.5896332987749,1,fair,NA
AIMS,2023-12-23T01:00:00Z,02S06,STIC,SP,21064680,74400.1488002304,6.977777777777779,20231023-20240520,438.5896332987749,1,fair,NA
AIMS,2023-12-23T01:15:00Z,02S06,STIC,SP,21064680,74400.1488002304,6.977777777777779,20231023-20240520,438.5896332987749,1,fair,NA
AIMS,2023-12-23T01:30:00Z,02S06,STIC,SP,21064680,74400.1488002304,6.877222222222222,20231023-20240520,438.5896332987749,1,fair,NA
AIMS,2023-12-23T01:45:00Z,02S06,STIC,SP,21064680,74400.1488002304,6.877222222222222,20231023-20240520,438.5896332987749,1,fair,NA
AIMS,2023-12-23T02:00:00Z,02S06,STIC,SP,21064680,74400.1488002304,6.977777777777779,20231023-20240520,438.5896332987749,1,fair,NA
AIMS,2023-12-23T02:15:00Z,02S06,STIC,SP,21064680,74400.1488002304,6.877222222222222,20231023-20240520,438.5896332987749,1,fair,NA
AIMS,2023-12-23T02:30:00Z,02S06,STIC,SP,21064680,74400.1488002304,6.977777777777779,20231023-20240520,438.5896332987749,1,fair,NA
AIMS,2023-12-23T02:45:00Z,02S06,STIC,SP,21064680,74400.1488002304,6.877222222222222,20231023-20240520,438.5896332987749,1,fair,NA
AIMS,2023-12-23T03:00:00Z,02S06,STIC,SP,21064680,74400.1488002304,6.877222222222222,20231023-20240520,438.5896332987749,1,fair,NA
AIMS,2023-12-23T03:15:00Z,02S06,STIC,SP,21064680,74400.1488002304,6.775,20231023-20240520,438.5896332987749,1,fair,NA
AIMS,2023-12-23T03:30:00Z,02S06,STIC,SP,21064680,74400.1488002304,6.775,20231023-20240520,438.5896332987749,1,fair,NA
AIMS,2023-12-23T03:45:00Z,02S06,STIC,SP,21064680,74400.1488002304,6.775,20231023-20240520,438.5896332987749,1,fair,NA
AIMS,2023-12-23T04:00:00Z,02S06,STIC,SP,21064680,74400.1488002304,6.775,20231023-20240520,438.5896332987749,1,fair,NA
AIMS,2023-12-23T04:15:00Z,02S06,STIC,SP,21064680,74400.1488002304,6.775,20231023-20240520,438.5896332987749,1,fair,NA
AIMS,2023-12-23T04:30:00Z,02S06,STIC,SP,21064680,74400.1488002304,6.775,20231023-20240520,438.5896332987749,1,fair,NA
AIMS,2023-12-23T04:45:00Z,02S06,STIC,SP,21064680,74400.1488002304,6.775,20231023-20240520,438.5896332987749,1,fair,NA
AIMS,2023-12-23T05:00:00Z,02S06,STIC,SP,21064680,74400.1488002304,6.775,20231023-20240520,438.5896332987749,1,fair,NA
AIMS,2023-12-23T05:15:00Z,02S06,STIC,SP,21064680,74400.1488002304,6.673888888888888,20231023-20240520,438.5896332987749,1,fair,NA
AIMS,2023-12-23T05:30:00Z,02S06,STIC,SP,21064680,74400.1488002304,6.673888888888888,20231023-20240520,438.5896332987749,1,fair,NA
AIMS,2023-12-23T05:45:00Z,02S06,STIC,SP,21064680,74400.1488002304,6.775,20231023-20240520,438.5896332987749,1,fair,NA
AIMS,2023-12-23T06:00:00Z,02S06,STIC,SP,21064680,74400.1488002304,6.673888888888888,20231023-20240520,438.5896332987749,1,fair,NA
AIMS,2023-12-23T06:15:00Z,02S06,STIC,SP,21064680,71644.5877335552,6.673888888888888,20231023-20240520,417.0333271118992,1,fair,NA
AIMS,2023-12-23T06:30:00Z,02S06,STIC,SP,21064680,71644.5877335552,6.5727777777777785,20231023-20240520,417.0333271118992,1,fair,NA
AIMS,2023-12-23T06:45:00Z,02S06,STIC,SP,21064680,71644.5877335552,6.471111111111114,20231023-20240520,417.0333271118992,1,fair,NA
AIMS,2023-12-23T07:00:00Z,02S06,STIC,SP,21064680,71644.5877335552,6.370000000000001,20231023-20240520,417.0333271118992,1,fair,NA
AIMS,2023-12-23T07:15:00Z,02S06,STIC,SP,21064680,71644.5877335552,6.267777777777775,20231023-20240520,417.0333271118992,1,fair,NA
AIMS,2023-12-23T07:30:00Z,02S06,STIC,SP,21064680,71644.5877335552,6.267777777777775,20231023-20240520,417.0333271118992,1,fair,NA
AIMS,2023-12-23T07:45:00Z,02S06,STIC,SP,21064680,71644.5877335552,6.267777777777775,20231023-20240520,417.0333271118992,1,fair,NA
AIMS,2023-12-23T08:00:00Z,02S06,STIC,SP,21064680,71644.5877335552,6.370000000000001,20231023-20240520,417.0333271118992,1,fair,NA
AIMS,2023-12-23T08:15:00Z,02S06,STIC,SP,21064680,71644.5877335552,6.267777777777775,20231023-20240520,417.0333271118992,1,fair,NA
AIMS,2023-12-23T08:30:00Z,02S06,STIC,SP,21064680,71644.5877335552,6.267777777777775,20231023-20240520,417.0333271118992,1,fair,NA
AIMS,2023-12-23T08:45:00Z,02S06,STIC,SP,21064680,71644.5877335552,6.267777777777775,20231023-20240520,417.0333271118992,1,fair,NA
AIMS,2023-12-23T09:00:00Z,02S06,STIC,SP,21064680,71644.5877335552,6.267777777777775,20231023-20240520,417.0333271118992,1,fair,NA
AIMS,2023-12-23T09:15:00Z,02S06,STIC,SP,21064680,71644.5877335552,6.1661111111111095,20231023-20240520,417.0333271118992,1,fair,NA
AIMS,2023-12-23T09:30:00Z,02S06,STIC,SP,21064680,71644.5877335552,6.1661111111111095,20231023-20240520,417.0333271118992,1,fair,NA
AIMS,2023-12-23T09:45:00Z,02S06,STIC,SP,21064680,71644.5877335552,6.1661111111111095,20231023-20240520,417.0333271118992,1,fair,NA
AIMS,2023-12-23T10:00:00Z,02S06,STIC,SP,21064680,71644.5877335552,6.267777777777775,20231023-20240520,417.0333271118992,1,fair,NA
AIMS,2023-12-23T10:15:00Z,02S06,STIC,SP,21064680,71644.5877335552,6.267777777777775,20231023-20240520,417.0333271118992,1,fair,NA
AIMS,2023-12-23T10:30:00Z,02S06,STIC,SP,21064680,71644.5877335552,6.267777777777775,20231023-20240520,417.0333271118992,1,fair,NA
AIMS,2023-12-23T10:45:00Z,02S06,STIC,SP,21064680,71644.5877335552,6.267777777777775,20231023-20240520,417.0333271118992,1,fair,NA
AIMS,2023-12-23T11:00:00Z,02S06,STIC,SP,21064680,71644.5877335552,6.267777777777775,20231023-20240520,417.0333271118992,1,fair,NA
AIMS,2023-12-23T11:15:00Z,02S06,STIC,SP,21064680,71644.5877335552,6.267777777777775,20231023-20240520,417.0333271118992,1,fair,NA
AIMS,2023-12-23T11:30:00Z,02S06,STIC,SP,21064680,71644.5877335552,6.267777777777775,20231023-20240520,417.0333271118992,1,fair,NA
AIMS,2023-12-23T11:45:00Z,02S06,STIC,SP,21064680,71644.5877335552,6.1661111111111095,20231023-20240520,417.0333271118992,1,fair,NA
AIMS,2023-12-23T12:00:00Z,02S06,STIC,SP,21064680,71644.5877335552,6.063888888888887,20231023-20240520,417.0333271118992,1,fair,NA
AIMS,2023-12-23T12:15:00Z,02S06,STIC,SP,21064680,71644.5877335552,6.063888888888887,20231023-20240520,417.0333271118992,1,fair,NA
AIMS,2023-12-23T12:30:00Z,02S06,STIC,SP,21064680,71644.5877335552,6.063888888888887,20231023-20240520,417.0333271118992,1,fair,NA
AIMS,2023-12-23T12:45:00Z,02S06,STIC,SP,21064680,71644.5877335552,6.1661111111111095,20231023-20240520,417.0333271118992,1,fair,NA
AIMS,2023-12-23T13:00:00Z,02S06,STIC,SP,21064680,71644.5877335552,6.267777777777775,20231023-20240520,417.0333271118992,1,fair,NA
AIMS,2023-12-23T13:15:00Z,02S06,STIC,SP,21064680,71644.5877335552,6.1661111111111095,20231023-20240520,417.0333271118992,1,fair,NA
AIMS,2023-12-23T13:30:00Z,02S06,STIC,SP,21064680,71644.5877335552,6.063888888888887,20231023-20240520,417.0333271118992,1,fair,NA
AIMS,2023-12-23T13:45:00Z,02S06,STIC,SP,21064680,71644.5877335552,6.267777777777775,20231023-20240520,417.0333271118992,1,fair,NA
AIMS,2023-12-23T14:00:00Z,02S06,STIC,SP,21064680,71644.5877335552,6.877222222222222,20231023-20240520,417.0333271118992,1,fair,NA
AIMS,2023-12-23T14:15:00Z,02S06,STIC,SP,21064680,71644.5877335552,7.279999999999999,20231023-20240520,417.0333271118992,1,fair,NA
AIMS,2023-12-23T14:30:00Z,02S06,STIC,SP,21064680,71644.5877335552,7.682222222222225,20231023-20240520,417.0333271118992,1,fair,NA
AIMS,2023-12-23T14:45:00Z,02S06,STIC,SP,21064680,74400.1488002304,8.182222222222224,20231023-20240520,438.5896332987749,1,fair,NA
AIMS,2023-12-23T15:00:00Z,02S06,STIC,SP,21064680,74400.1488002304,8.778888888888888,20231023-20240520,438.5896332987749,1,fair,NA
AIMS,2023-12-23T15:15:00Z,02S06,STIC,SP,21064680,74400.1488002304,9.077222222222222,20231023-20240520,438.5896332987749,1,fair,NA
AIMS,2023-12-23T15:30:00Z,02S06,STIC,SP,21064680,74400.1488002304,9.57111111111111,20231023-20240520,438.5896332987749,1,fair,NA
AIMS,2023-12-23T15:45:00Z,02S06,STIC,SP,21064680,74400.1488002304,10.161111111111108,20231023-20240520,438.5896332987749,1,fair,NA
AIMS,2023-12-23T16:00:00Z,02S06,STIC,SP,21064680,74400.1488002304,10.747777777777772,20231023-20240520,438.5896332987749,1,fair,NA
AIMS,2023-12-23T16:15:00Z,02S06,STIC,SP,21064680,74400.1488002304,10.943888888888887,20231023-20240520,438.5896332987749,1,fair,NA
AIMS,2023-12-23T16:30:00Z,02S06,STIC,SP,21064680,74400.1488002304,10.943888888888887,20231023-20240520,438.5896332987749,1,fair,NA
AIMS,2023-12-23T16:45:00Z,02S06,STIC,SP,21064680,74400.1488002304,11.138888888888888,20231023-20240520,438.5896332987749,1,fair,NA
AIMS,2023-12-23T17:00:00Z,02S06,STIC,SP,21064680,74400.1488002304,11.72222222222222,20231023-20240520,438.5896332987749,1,fair,NA
AIMS,2023-12-23T17:15:00Z,02S06,STIC,SP,21064680,74400.1488002304,12.012777777777774,20231023-20240520,438.5896332987749,1,fair,NA
AIMS,2023-12-23T17:30:00Z,02S06,STIC,SP,21064680,74400.1488002304,12.207222222222219,20231023-20240520,438.5896332987749,1,fair,NA
AIMS,2023-12-23T17:45:00Z,02S06,STIC,SP,21064680,74400.1488002304,12.11,20231023-20240520,438.5896332987749,1,fair,NA
AIMS,2023-12-23T18:00:00Z,02S06,STIC,SP,21064680,74400.1488002304,12.207222222222219,20231023-20240520,438.5896332987749,1,fair,NA
AIMS,2023-12-23T18:15:00Z,02S06,STIC,SP,21064680,74400.1488002304,12.59388888888889,20231023-20240520,438.5896332987749,1,fair,NA
AIMS,2023-12-23T18:30:00Z,02S06,STIC,SP,21064680,74400.1488002304,12.497222222222222,20231023-20240520,438.5896332987749,1,fair,NA
AIMS,2023-12-23T18:45:00Z,02S06,STIC,SP,21064680,77155.70986690561,12.69,20231023-20240520,460.14593948565073,1,fair,NA
AIMS,2023-12-23T19:00:00Z,02S06,STIC,SP,21064680,77155.70986690561,12.787222222222223,20231023-20240520,460.14593948565073,1,fair,NA
AIMS,2023-12-23T19:15:00Z,02S06,STIC,SP,21064680,77155.70986690561,13.172777777777775,20231023-20240520,460.14593948565073,1,fair,NA
AIMS,2023-12-23T19:30:00Z,02S06,STIC,SP,21064680,77155.70986690561,13.84611111111111,20231023-20240520,460.14593948565073,1,fair,NA
AIMS,2023-12-23T19:45:00Z,02S06,STIC,SP,21064680,77155.70986690561,14.229999999999999,20231023-20240520,460.14593948565073,1,fair,NA
AIMS,2023-12-23T20:00:00Z,02S06,STIC,SP,21064680,77155.70986690561,13.94222222222222,20231023-20240520,460.14593948565073,1,fair,NA
AIMS,2023-12-23T20:15:00Z,02S06,STIC,SP,21064680,77155.70986690561,13.65388888888889,20231023-20240520,460.14593948565073,1,fair,NA
AIMS,2023-12-23T20:30:00Z,02S06,STIC,SP,21064680,77155.70986690561,13.55777777777778,20231023-20240520,460.14593948565073,1,fair,NA
AIMS,2023-12-23T20:45:00Z,02S06,STIC,SP,21064680,77155.70986690561,13.365000000000004,20231023-20240520,460.14593948565073,1,fair,NA
AIMS,2023-12-23T21:00:00Z,02S06,STIC,SP,21064680,77155.70986690561,13.268888888888888,20231023-20240520,460.14593948565073,1,fair,NA
AIMS,2023-12-23T21:15:00Z,02S06,STIC,SP,21064680,77155.70986690561,13.076111111111109,20231023-20240520,460.14593948565073,1,fair,NA
AIMS,2023-12-23T21:30:00Z,02S06,STIC,SP,21064680,77155.70986690561,13.076111111111109,20231023-20240520,460.14593948565073,1,fair,NA
AIMS,2023-12-23T21:45:00Z,02S06,STIC,SP,21064680,77155.70986690561,13.076111111111109,20231023-20240520,460.14593948565073,1,fair,NA
AIMS,2023-12-23T22:00:00Z,02S06,STIC,SP,21064680,77155.70986690561,13.076111111111109,20231023-20240520,460.14593948565073,1,fair,NA
AIMS,2023-12-23T22:15:00Z,02S06,STIC,SP,21064680,77155.70986690561,13.076111111111109,20231023-20240520,460.14593948565073,1,fair,NA
AIMS,2023-12-23T22:30:00Z,02S06,STIC,SP,21064680,77155.70986690561,12.98,20231023-20240520,460.14593948565073,1,fair,NA
AIMS,2023-12-23T22:45:00Z,02S06,STIC,SP,21064680,77155.70986690561,12.98,20231023-20240520,460.14593948565073,1,fair,NA
AIMS,2023-12-23T23:00:00Z,02S06,STIC,SP,21064680,77155.70986690561,12.787222222222223,20231023-20240520,460.14593948565073,1,fair,NA
AIMS,2023-12-23T23:15:00Z,02S06,STIC,SP,21064680,77155.70986690561,12.59388888888889,20231023-20240520,460.14593948565073,1,fair,NA
AIMS,2023-12-23T23:30:00Z,02S06,STIC,SP,21064680,77155.70986690561,12.40111111111111,20231023-20240520,460.14593948565073,1,fair,NA
AIMS,2023-12-23T23:45:00Z,02S06,STIC,SP,21064680,77155.70986690561,12.30388888888889,20231023-20240520,460.14593948565073,1,fair,NA
AIMS,2023-12-24T00:00:00Z,02S06,STIC,SP,21064680,74400.1488002304,12.11,20231023-20240520,438.5896332987749,1,fair,NA
AIMS,2023-12-24T00:15:00Z,02S06,STIC,SP,21064680,74400.1488002304,12.11,20231023-20240520,438.5896332987749,1,fair,NA
AIMS,2023-12-24T00:30:00Z,02S06,STIC,SP,21064680,77155.70986690561,12.012777777777774,20231023-20240520,460.14593948565073,1,fair,NA
AIMS,2023-12-24T00:45:00Z,02S06,STIC,SP,21064680,77155.70986690561,12.11,20231023-20240520,460.14593948565073,1,fair,NA
AIMS,2023-12-24T01:00:00Z,02S06,STIC,SP,21064680,77155.70986690561,12.40111111111111,20231023-20240520,460.14593948565073,1,fair,NA
AIMS,2023-12-24T01:15:00Z,02S06,STIC,SP,21064680,77155.70986690561,12.497222222222222,20231023-20240520,460.14593948565073,1,fair,NA
AIMS,2023-12-24T01:30:00Z,02S06,STIC,SP,21064680,77155.70986690561,12.40111111111111,20231023-20240520,460.14593948565073,1,fair,NA
AIMS,2023-12-24T01:45:00Z,02S06,STIC,SP,21064680,77155.70986690561,12.30388888888889,20231023-20240520,460.14593948565073,1,fair,NA
AIMS,2023-12-24T02:00:00Z,02S06,STIC,SP,21064680,77155.70986690561,12.207222222222219,20231023-20240520,460.14593948565073,1,fair,NA
AIMS,2023-12-24T02:15:00Z,02S06,STIC,SP,21064680,77155.70986690561,12.30388888888889,20231023-20240520,460.14593948565073,1,fair,NA
AIMS,2023-12-24T02:30:00Z,02S06,STIC,SP,21064680,77155.70986690561,12.40111111111111,20231023-20240520,460.14593948565073,1,fair,NA
AIMS,2023-12-24T02:45:00Z,02S06,STIC,SP,21064680,77155.70986690561,12.40111111111111,20231023-20240520,460.14593948565073,1,fair,NA
AIMS,2023-12-24T03:00:00Z,02S06,STIC,SP,21064680,77155.70986690561,12.40111111111111,20231023-20240520,460.14593948565073,1,fair,NA
AIMS,2023-12-24T03:15:00Z,02S06,STIC,SP,21064680,77155.70986690561,12.30388888888889,20231023-20240520,460.14593948565073,1,fair,NA
AIMS,2023-12-24T03:30:00Z,02S06,STIC,SP,21064680,77155.70986690561,12.30388888888889,20231023-20240520,460.14593948565073,1,fair,NA
AIMS,2023-12-24T03:45:00Z,02S06,STIC,SP,21064680,77155.70986690561,12.40111111111111,20231023-20240520,460.14593948565073,1,fair,NA
AIMS,2023-12-24T04:00:00Z,02S06,STIC,SP,21064680,77155.70986690561,12.40111111111111,20231023-20240520,460.14593948565073,1,fair,NA
AIMS,2023-12-24T04:15:00Z,02S06,STIC,SP,21064680,77155.70986690561,12.40111111111111,20231023-20240520,460.14593948565073,1,fair,NA
AIMS,2023-12-24T04:30:00Z,02S06,STIC,SP,21064680,77155.70986690561,12.40111111111111,20231023-20240520,460.14593948565073,1,fair,NA
AIMS,2023-12-24T04:45:00Z,02S06,STIC,SP,21064680,77155.70986690561,12.497222222222222,20231023-20240520,460.14593948565073,1,fair,NA
AIMS,2023-12-24T05:00:00Z,02S06,STIC,SP,21064680,77155.70986690561,12.497222222222222,20231023-20240520,460.14593948565073,1,fair,NA
AIMS,2023-12-24T05:15:00Z,02S06,STIC,SP,21064680,77155.70986690561,12.59388888888889,20231023-20240520,460.14593948565073,1,fair,NA
AIMS,2023-12-24T05:30:00Z,02S06,STIC,SP,21064680,77155.70986690561,12.69,20231023-20240520,460.14593948565073,1,fair,NA
AIMS,2023-12-24T05:45:00Z,02S06,STIC,SP,21064680,77155.70986690561,12.69,20231023-20240520,460.14593948565073,1,fair,NA
AIMS,2023-12-24T06:00:00Z,02S06,STIC,SP,21064680,77155.70986690561,12.787222222222223,20231023-20240520,460.14593948565073,1,fair,NA
AIMS,2023-12-24T06:15:00Z,02S06,STIC,SP,21064680,77155.70986690561,12.882777777777775,20231023-20240520,460.14593948565073,1,fair,NA
AIMS,2023-12-24T06:30:00Z,02S06,STIC,SP,21064680,77155.70986690561,12.882777777777775,20231023-20240520,460.14593948565073,1,fair,NA
AIMS,2023-12-24T06:45:00Z,02S06,STIC,SP,21064680,77155.70986690561,12.882777777777775,20231023-20240520,460.14593948565073,1,fair,NA
AIMS,2023-12-24T07:00:00Z,02S06,STIC,SP,21064680,77155.70986690561,12.882777777777775,20231023-20240520,460.14593948565073,1,fair,NA
AIMS,2023-12-24T07:15:00Z,02S06,STIC,SP,21064680,77155.70986690561,12.882777777777775,20231023-20240520,460.14593948565073,1,fair,NA
AIMS,2023-12-24T07:30:00Z,02S06,STIC,SP,21064680,77155.70986690561,12.882777777777775,20231023-20240520,460.14593948565073,1,fair,NA
AIMS,2023-12-24T07:45:00Z,02S06,STIC,SP,21064680,77155.70986690561,12.882777777777775,20231023-20240520,460.14593948565073,1,fair,NA
AIMS,2023-12-24T08:00:00Z,02S06,STIC,SP,21064680,77155.70986690561,12.882777777777775,20231023-20240520,460.14593948565073,1,fair,NA
AIMS,2023-12-24T08:15:00Z,02S06,STIC,SP,21064680,77155.70986690561,12.882777777777775,20231023-20240520,460.14593948565073,1,fair,NA
AIMS,2023-12-24T08:30:00Z,02S06,STIC,SP,21064680,77155.70986690561,12.882777777777775,20231023-20240520,460.14593948565073,1,fair,NA
AIMS,2023-12-24T08:45:00Z,02S06,STIC,SP,21064680,77155.70986690561,12.882777777777775,20231023-20240520,460.14593948565073,1,fair,NA
AIMS,2023-12-24T09:00:00Z,02S06,STIC,SP,21064680,77155.70986690561,12.98,20231023-20240520,460.14593948565073,1,fair,NA
AIMS,2023-12-24T09:15:00Z,02S06,STIC,SP,21064680,77155.70986690561,12.98,20231023-20240520,460.14593948565073,1,fair,NA
AIMS,2023-12-24T09:30:00Z,02S06,STIC,SP,21064680,77155.70986690561,12.98,20231023-20240520,460.14593948565073,1,fair,NA
AIMS,2023-12-24T09:45:00Z,02S06,STIC,SP,21064680,77155.70986690561,12.98,20231023-20240520,460.14593948565073,1,fair,NA
AIMS,2023-12-24T10:00:00Z,02S06,STIC,SP,21064680,77155.70986690561,12.98,20231023-20240520,460.14593948565073,1,fair,NA
AIMS,2023-12-24T10:15:00Z,02S06,STIC,SP,21064680,77155.70986690561,12.98,20231023-20240520,460.14593948565073,1,fair,NA
AIMS,2023-12-24T10:30:00Z,02S06,STIC,SP,21064680,77155.70986690561,12.98,20231023-20240520,460.14593948565073,1,fair,NA
AIMS,2023-12-24T10:45:00Z,02S06,STIC,SP,21064680,77155.70986690561,12.98,20231023-20240520,460.14593948565073,1,fair,NA
AIMS,2023-12-24T11:00:00Z,02S06,STIC,SP,21064680,77155.70986690561,13.076111111111109,20231023-20240520,460.14593948565073,1,fair,NA
AIMS,2023-12-24T11:15:00Z,02S06,STIC,SP,21064680,77155.70986690561,12.98,20231023-20240520,460.14593948565073,1,fair,NA
AIMS,2023-12-24T11:30:00Z,02S06,STIC,SP,21064680,77155.70986690561,12.98,20231023-20240520,460.14593948565073,1,fair,NA
AIMS,2023-12-24T11:45:00Z,02S06,STIC,SP,21064680,77155.70986690561,12.98,20231023-20240520,460.14593948565073,1,fair,NA
AIMS,2023-12-24T12:00:00Z,02S06,STIC,SP,21064680,77155.70986690561,12.98,20231023-20240520,460.14593948565073,1,fair,NA
AIMS,2023-12-24T12:15:00Z,02S06,STIC,SP,21064680,77155.70986690561,12.98,20231023-20240520,460.14593948565073,1,fair,NA
AIMS,2023-12-24T12:30:00Z,02S06,STIC,SP,21064680,77155.70986690561,12.69,20231023-20240520,460.14593948565073,1,fair,NA
AIMS,2023-12-24T12:45:00Z,02S06,STIC,SP,21064680,77155.70986690561,12.59388888888889,20231023-20240520,460.14593948565073,1,fair,NA
AIMS,2023-12-24T13:00:00Z,02S06,STIC,SP,21064680,77155.70986690561,12.497222222222222,20231023-20240520,460.14593948565073,1,fair,NA
AIMS,2023-12-24T13:15:00Z,02S06,STIC,SP,21064680,77155.70986690561,12.40111111111111,20231023-20240520,460.14593948565073,1,fair,NA
AIMS,2023-12-24T13:30:00Z,02S06,STIC,SP,21064680,77155.70986690561,12.40111111111111,20231023-20240520,460.14593948565073,1,fair,NA
AIMS,2023-12-24T13:45:00Z,02S06,STIC,SP,21064680,77155.70986690561,12.40111111111111,20231023-20240520,460.14593948565073,1,fair,NA
AIMS,2023-12-24T14:00:00Z,02S06,STIC,SP,21064680,77155.70986690561,12.40111111111111,20231023-20240520,460.14593948565073,1,fair,NA
AIMS,2023-12-24T14:15:00Z,02S06,STIC,SP,21064680,77155.70986690561,12.30388888888889,20231023-20240520,460.14593948565073,1,fair,NA
AIMS,2023-12-24T14:30:00Z,02S06,STIC,SP,21064680,77155.70986690561,12.207222222222219,20231023-20240520,460.14593948565073,1,fair,NA
AIMS,2023-12-24T14:45:00Z,02S06,STIC,SP,21064680,77155.70986690561,12.11,20231023-20240520,460.14593948565073,1,fair,NA
AIMS,2023-12-24T15:00:00Z,02S06,STIC,SP,21064680,77155.70986690561,12.11,20231023-20240520,460.14593948565073,1,fair,NA
AIMS,2023-12-24T15:15:00Z,02S06,STIC,SP,21064680,77155.70986690561,12.207222222222219,20231023-20240520,460.14593948565073,1,fair,NA
AIMS,2023-12-24T15:30:00Z,02S06,STIC,SP,21064680,77155.70986690561,12.30388888888889,20231023-20240520,460.14593948565073,1,fair,NA
AIMS,2023-12-24T15:45:00Z,02S06,STIC,SP,21064680,77155.70986690561,12.497222222222222,20231023-20240520,460.14593948565073,1,fair,NA
AIMS,2023-12-24T16:00:00Z,02S06,STIC,SP,21064680,77155.70986690561,12.59388888888889,20231023-20240520,460.14593948565073,1,fair,NA
AIMS,2023-12-24T16:15:00Z,02S06,STIC,SP,21064680,77155.70986690561,12.787222222222223,20231023-20240520,460.14593948565073,1,fair,NA
AIMS,2023-12-24T16:30:00Z,02S06,STIC,SP,21064680,77155.70986690561,12.69,20231023-20240520,460.14593948565073,1,fair,NA
AIMS,2023-12-24T16:45:00Z,02S06,STIC,SP,21064680,77155.70986690561,12.69,20231023-20240520,460.14593948565073,1,fair,NA
AIMS,2023-12-24T17:00:00Z,02S06,STIC,SP,21064680,77155.70986690561,12.787222222222223,20231023-20240520,460.14593948565073,1,fair,NA
AIMS,2023-12-24T17:15:00Z,02S06,STIC,SP,21064680,74400.1488002304,12.787222222222223,20231023-20240520,438.5896332987749,1,fair,NA
AIMS,2023-12-24T17:30:00Z,02S06,STIC,SP,21064680,74400.1488002304,12.69,20231023-20240520,438.5896332987749,1,fair,NA
AIMS,2023-12-24T17:45:00Z,02S06,STIC,SP,21064680,74400.1488002304,12.59388888888889,20231023-20240520,438.5896332987749,1,fair,NA
AIMS,2023-12-24T18:00:00Z,02S06,STIC,SP,21064680,74400.1488002304,12.69,20231023-20240520,438.5896332987749,1,fair,NA
AIMS,2023-12-24T18:15:00Z,02S06,STIC,SP,21064680,74400.1488002304,12.882777777777775,20231023-20240520,438.5896332987749,1,fair,NA
AIMS,2023-12-24T18:30:00Z,02S06,STIC,SP,21064680,74400.1488002304,12.98,20231023-20240520,438.5896332987749,1,fair,NA
AIMS,2023-12-24T18:45:00Z,02S06,STIC,SP,21064680,74400.1488002304,12.787222222222223,20231023-20240520,438.5896332987749,1,fair,NA
AIMS,2023-12-24T19:00:00Z,02S06,STIC,SP,21064680,74400.1488002304,12.69,20231023-20240520,438.5896332987749,1,fair,NA
AIMS,2023-12-24T19:15:00Z,02S06,STIC,SP,21064680,74400.1488002304,12.69,20231023-20240520,438.5896332987749,1,fair,NA
AIMS,2023-12-24T19:30:00Z,02S06,STIC,SP,21064680,74400.1488002304,12.882777777777775,20231023-20240520,438.5896332987749,1,fair,NA
AIMS,2023-12-24T19:45:00Z,02S06,STIC,SP,21064680,74400.1488002304,12.98,20231023-20240520,438.5896332987749,1,fair,NA
AIMS,2023-12-24T20:00:00Z,02S06,STIC,SP,21064680,74400.1488002304,13.172777777777775,20231023-20240520,438.5896332987749,1,fair,NA
AIMS,2023-12-24T20:15:00Z,02S06,STIC,SP,21064680,74400.1488002304,13.365000000000004,20231023-20240520,438.5896332987749,1,fair,NA
AIMS,2023-12-24T20:30:00Z,02S06,STIC,SP,21064680,74400.1488002304,13.172777777777775,20231023-20240520,438.5896332987749,1,fair,NA
AIMS,2023-12-24T20:45:00Z,02S06,STIC,SP,21064680,74400.1488002304,12.69,20231023-20240520,438.5896332987749,1,fair,NA
AIMS,2023-12-24T21:00:00Z,02S06,STIC,SP,21064680,74400.1488002304,11.236111111111107,20231023-20240520,438.5896332987749,1,fair,NA
AIMS,2023-12-24T21:15:00Z,02S06,STIC,SP,21064680,74400.1488002304,10.357222222222227,20231023-20240520,438.5896332987749,1,fair,NA
AIMS,2023-12-24T21:30:00Z,02S06,STIC,SP,21064680,74400.1488002304,10.062777777777775,20231023-20240520,438.5896332987749,1,fair,NA
AIMS,2023-12-24T21:45:00Z,02S06,STIC,SP,21064680,74400.1488002304,9.767777777777773,20231023-20240520,438.5896332987749,1,fair,NA
AIMS,2023-12-24T22:00:00Z,02S06,STIC,SP,21064680,74400.1488002304,9.472222222222221,20231023-20240520,438.5896332987749,1,fair,NA
AIMS,2023-12-24T22:15:00Z,02S06,STIC,SP,21064680,74400.1488002304,9.275,20231023-20240520,438.5896332987749,1,fair,NA
AIMS,2023-12-24T22:30:00Z,02S06,STIC,SP,21064680,74400.1488002304,9.17611111111111,20231023-20240520,438.5896332987749,1,fair,NA
AIMS,2023-12-24T22:45:00Z,02S06,STIC,SP,21064680,74400.1488002304,8.87888888888889,20231023-20240520,438.5896332987749,1,fair,NA
AIMS,2023-12-24T23:00:00Z,02S06,STIC,SP,21064680,74400.1488002304,8.581111111111108,20231023-20240520,438.5896332987749,1,fair,NA
AIMS,2023-12-24T23:15:00Z,02S06,STIC,SP,21064680,74400.1488002304,8.382222222222223,20231023-20240520,438.5896332987749,1,fair,NA
AIMS,2023-12-24T23:30:00Z,02S06,STIC,SP,21064680,74400.1488002304,8.382222222222223,20231023-20240520,438.5896332987749,1,fair,NA
AIMS,2023-12-24T23:45:00Z,02S06,STIC,SP,21064680,74400.1488002304,8.182222222222224,20231023-20240520,438.5896332987749,1,fair,NA
AIMS,2023-12-25T00:00:00Z,02S06,STIC,SP,21064680,74400.1488002304,8.082222222222224,20231023-20240520,438.5896332987749,1,fair,NA
AIMS,2023-12-25T00:15:00Z,02S06,STIC,SP,21064680,74400.1488002304,7.882222222222223,20231023-20240520,438.5896332987749,1,fair,NA
AIMS,2023-12-25T00:30:00Z,02S06,STIC,SP,21064680,74400.1488002304,7.782222222222226,20231023-20240520,438.5896332987749,1,fair,NA
AIMS,2023-12-25T00:45:00Z,02S06,STIC,SP,21064680,74400.1488002304,7.682222222222225,20231023-20240520,438.5896332987749,1,fair,NA
AIMS,2023-12-25T01:00:00Z,02S06,STIC,SP,21064680,74400.1488002304,7.682222222222225,20231023-20240520,438.5896332987749,1,fair,NA
AIMS,2023-12-25T01:15:00Z,02S06,STIC,SP,21064680,74400.1488002304,7.582222222222225,20231023-20240520,438.5896332987749,1,fair,NA
AIMS,2023-12-25T01:30:00Z,02S06,STIC,SP,21064680,74400.1488002304,7.582222222222225,20231023-20240520,438.5896332987749,1,fair,NA
AIMS,2023-12-25T01:45:00Z,02S06,STIC,SP,21064680,74400.1488002304,7.4811111111111135,20231023-20240520,438.5896332987749,1,fair,NA
AIMS,2023-12-25T02:00:00Z,02S06,STIC,SP,21064680,74400.1488002304,7.279999999999999,20231023-20240520,438.5896332987749,1,fair,NA
AIMS,2023-12-25T02:15:00Z,02S06,STIC,SP,21064680,74400.1488002304,7.078888888888887,20231023-20240520,438.5896332987749,1,fair,NA
AIMS,2023-12-25T02:30:00Z,02S06,STIC,SP,21064680,74400.1488002304,6.977777777777779,20231023-20240520,438.5896332987749,1,fair,NA
AIMS,2023-12-25T02:45:00Z,02S06,STIC,SP,21064680,74400.1488002304,6.977777777777779,20231023-20240520,438.5896332987749,1,fair,NA
AIMS,2023-12-25T03:00:00Z,02S06,STIC,SP,21064680,74400.1488002304,6.977777777777779,20231023-20240520,438.5896332987749,1,fair,NA
AIMS,2023-12-25T03:15:00Z,02S06,STIC,SP,21064680,74400.1488002304,6.977777777777779,20231023-20240520,438.5896332987749,1,fair,NA
AIMS,2023-12-25T03:30:00Z,02S06,STIC,SP,21064680,74400.1488002304,6.877222222222222,20231023-20240520,438.5896332987749,1,fair,NA
AIMS,2023-12-25T03:45:00Z,02S06,STIC,SP,21064680,74400.1488002304,6.673888888888888,20231023-20240520,438.5896332987749,1,fair,NA
AIMS,2023-12-25T04:00:00Z,02S06,STIC,SP,21064680,74400.1488002304,6.5727777777777785,20231023-20240520,438.5896332987749,1,fair,NA
AIMS,2023-12-25T04:15:00Z,02S06,STIC,SP,21064680,74400.1488002304,6.5727777777777785,20231023-20240520,438.5896332987749,1,fair,NA
AIMS,2023-12-25T04:30:00Z,02S06,STIC,SP,21064680,74400.1488002304,6.471111111111114,20231023-20240520,438.5896332987749,1,fair,NA
AIMS,2023-12-25T04:45:00Z,02S06,STIC,SP,21064680,74400.1488002304,6.370000000000001,20231023-20240520,438.5896332987749,1,fair,NA
AIMS,2023-12-25T05:00:00Z,02S06,STIC,SP,21064680,74400.1488002304,6.370000000000001,20231023-20240520,438.5896332987749,1,fair,NA
AIMS,2023-12-25T05:15:00Z,02S06,STIC,SP,21064680,71644.5877335552,6.370000000000001,20231023-20240520,417.0333271118992,1,fair,NA
AIMS,2023-12-25T05:30:00Z,02S06,STIC,SP,21064680,71644.5877335552,6.267777777777775,20231023-20240520,417.0333271118992,1,fair,NA
AIMS,2023-12-25T05:45:00Z,02S06,STIC,SP,21064680,71644.5877335552,6.267777777777775,20231023-20240520,417.0333271118992,1,fair,NA
AIMS,2023-12-25T06:00:00Z,02S06,STIC,SP,21064680,71644.5877335552,6.1661111111111095,20231023-20240520,417.0333271118992,1,fair,NA
AIMS,2023-12-25T06:15:00Z,02S06,STIC,SP,21064680,71644.5877335552,6.063888888888887,20231023-20240520,417.0333271118992,1,fair,NA
AIMS,2023-12-25T06:30:00Z,02S06,STIC,SP,21064680,71644.5877335552,6.063888888888887,20231023-20240520,417.0333271118992,1,fair,NA
AIMS,2023-12-25T06:45:00Z,02S06,STIC,SP,21064680,71644.5877335552,6.1661111111111095,20231023-20240520,417.0333271118992,1,fair,NA
AIMS,2023-12-25T07:00:00Z,02S06,STIC,SP,21064680,71644.5877335552,6.1661111111111095,20231023-20240520,417.0333271118992,1,fair,NA
AIMS,2023-12-25T07:15:00Z,02S06,STIC,SP,21064680,71644.5877335552,6.063888888888887,20231023-20240520,417.0333271118992,1,fair,NA
AIMS,2023-12-25T07:30:00Z,02S06,STIC,SP,21064680,71644.5877335552,6.063888888888887,20231023-20240520,417.0333271118992,1,fair,NA
AIMS,2023-12-25T07:45:00Z,02S06,STIC,SP,21064680,71644.5877335552,5.9622222222222225,20231023-20240520,417.0333271118992,1,fair,NA
AIMS,2023-12-25T08:00:00Z,02S06,STIC,SP,21064680,71644.5877335552,5.9622222222222225,20231023-20240520,417.0333271118992,1,fair,NA
AIMS,2023-12-25T08:15:00Z,02S06,STIC,SP,21064680,71644.5877335552,5.9622222222222225,20231023-20240520,417.0333271118992,1,fair,NA
AIMS,2023-12-25T08:30:00Z,02S06,STIC,SP,21064680,68889.02666688002,5.86,20231023-20240520,395.4770209250236,1,fair,NA
AIMS,2023-12-25T08:45:00Z,02S06,STIC,SP,21064680,68889.02666688002,5.86,20231023-20240520,395.4770209250236,1,fair,NA
AIMS,2023-12-25T09:00:00Z,02S06,STIC,SP,21064680,68889.02666688002,5.86,20231023-20240520,395.4770209250236,1,fair,NA
AIMS,2023-12-25T09:15:00Z,02S06,STIC,SP,21064680,68889.02666688002,5.7572222222222225,20231023-20240520,395.4770209250236,1,fair,NA
AIMS,2023-12-25T09:30:00Z,02S06,STIC,SP,21064680,68889.02666688002,5.7572222222222225,20231023-20240520,395.4770209250236,1,fair,NA
AIMS,2023-12-25T09:45:00Z,02S06,STIC,SP,21064680,68889.02666688002,5.7572222222222225,20231023-20240520,395.4770209250236,1,fair,NA
AIMS,2023-12-25T10:00:00Z,02S06,STIC,SP,21064680,68889.02666688002,5.655,20231023-20240520,395.4770209250236,1,fair,NA
AIMS,2023-12-25T10:15:00Z,02S06,STIC,SP,21064680,68889.02666688002,5.655,20231023-20240520,395.4770209250236,1,fair,NA
AIMS,2023-12-25T10:30:00Z,02S06,STIC,SP,21064680,68889.02666688002,5.655,20231023-20240520,395.4770209250236,1,fair,NA
AIMS,2023-12-25T10:45:00Z,02S06,STIC,SP,21064680,68889.02666688002,5.552222222222222,20231023-20240520,395.4770209250236,1,fair,NA
AIMS,2023-12-25T11:00:00Z,02S06,STIC,SP,21064680,68889.02666688002,5.347222222222222,20231023-20240520,395.4770209250236,1,fair,NA
AIMS,2023-12-25T11:15:00Z,02S06,STIC,SP,21064680,74400.1488002304,5.037222222222224,20231023-20240520,438.5896332987749,1,fair,NA
AIMS,2023-12-25T11:30:00Z,02S06,STIC,SP,21064680,74400.1488002304,4.727222222222222,20231023-20240520,438.5896332987749,1,fair,NA
AIMS,2023-12-25T11:45:00Z,02S06,STIC,SP,21064680,74400.1488002304,4.622777777777776,20231023-20240520,438.5896332987749,1,fair,NA
AIMS,2023-12-25T12:00:00Z,02S06,STIC,SP,21064680,74400.1488002304,4.518888888888888,20231023-20240520,438.5896332987749,1,fair,NA
AIMS,2023-12-25T12:15:00Z,02S06,STIC,SP,21064680,71644.5877335552,4.518888888888888,20231023-20240520,417.0333271118992,1,fair,NA
AIMS,2023-12-25T12:30:00Z,02S06,STIC,SP,21064680,71644.5877335552,4.2072222222222235,20231023-20240520,417.0333271118992,1,fair,NA
AIMS,2023-12-25T12:45:00Z,02S06,STIC,SP,21064680,71644.5877335552,4.102222222222222,20231023-20240520,417.0333271118992,1,fair,NA
AIMS,2023-12-25T13:00:00Z,02S06,STIC,SP,21064680,71644.5877335552,4.2072222222222235,20231023-20240520,417.0333271118992,1,fair,NA
AIMS,2023-12-25T13:15:00Z,02S06,STIC,SP,21064680,71644.5877335552,4.2072222222222235,20231023-20240520,417.0333271118992,1,fair,NA
AIMS,2023-12-25T13:30:00Z,02S06,STIC,SP,21064680,71644.5877335552,4.31111111111111,20231023-20240520,417.0333271118992,1,fair,NA
AIMS,2023-12-25T13:45:00Z,02S06,STIC,SP,21064680,71644.5877335552,4.31111111111111,20231023-20240520,417.0333271118992,1,fair,NA
AIMS,2023-12-25T14:00:00Z,02S06,STIC,SP,21064680,71644.5877335552,4.31111111111111,20231023-20240520,417.0333271118992,1,fair,NA
AIMS,2023-12-25T14:15:00Z,02S06,STIC,SP,21064680,71644.5877335552,4.2072222222222235,20231023-20240520,417.0333271118992,1,fair,NA
AIMS,2023-12-25T14:30:00Z,02S06,STIC,SP,21064680,71644.5877335552,4.2072222222222235,20231023-20240520,417.0333271118992,1,fair,NA
AIMS,2023-12-25T14:45:00Z,02S06,STIC,SP,21064680,71644.5877335552,4.31111111111111,20231023-20240520,417.0333271118992,1,fair,NA
AIMS,2023-12-25T15:00:00Z,02S06,STIC,SP,21064680,71644.5877335552,4.622777777777776,20231023-20240520,417.0333271118992,1,fair,NA
AIMS,2023-12-25T15:15:00Z,02S06,STIC,SP,21064680,71644.5877335552,4.622777777777776,20231023-20240520,417.0333271118992,1,fair,NA
AIMS,2023-12-25T15:30:00Z,02S06,STIC,SP,21064680,71644.5877335552,4.8311111111111105,20231023-20240520,417.0333271118992,1,fair,NA
AIMS,2023-12-25T15:45:00Z,02S06,STIC,SP,21064680,71644.5877335552,4.933888888888889,20231023-20240520,417.0333271118992,1,fair,NA
AIMS,2023-12-25T16:00:00Z,02S06,STIC,SP,21064680,71644.5877335552,5.14111111111111,20231023-20240520,417.0333271118992,1,fair,NA
AIMS,2023-12-25T16:15:00Z,02S06,STIC,SP,21064680,71644.5877335552,5.14111111111111,20231023-20240520,417.0333271118992,1,fair,NA
AIMS,2023-12-25T16:30:00Z,02S06,STIC,SP,21064680,71644.5877335552,5.037222222222224,20231023-20240520,417.0333271118992,1,fair,NA
AIMS,2023-12-25T16:45:00Z,02S06,STIC,SP,21064680,71644.5877335552,5.243888888888889,20231023-20240520,417.0333271118992,1,fair,NA
AIMS,2023-12-25T17:00:00Z,02S06,STIC,SP,21064680,74400.1488002304,5.347222222222222,20231023-20240520,438.5896332987749,1,fair,NA
AIMS,2023-12-25T17:15:00Z,02S06,STIC,SP,21064680,71644.5877335552,5.14111111111111,20231023-20240520,417.0333271118992,1,fair,NA
AIMS,2023-12-25T17:30:00Z,02S06,STIC,SP,21064680,74400.1488002304,5.14111111111111,20231023-20240520,438.5896332987749,1,fair,NA
AIMS,2023-12-25T17:45:00Z,02S06,STIC,SP,21064680,74400.1488002304,5.14111111111111,20231023-20240520,438.5896332987749,1,fair,NA
AIMS,2023-12-25T18:00:00Z,02S06,STIC,SP,21064680,74400.1488002304,5.14111111111111,20231023-20240520,438.5896332987749,1,fair,NA
AIMS,2023-12-25T18:15:00Z,02S06,STIC,SP,21064680,74400.1488002304,5.037222222222224,20231023-20240520,438.5896332987749,1,fair,NA
AIMS,2023-12-25T18:30:00Z,02S06,STIC,SP,21064680,74400.1488002304,5.037222222222224,20231023-20240520,438.5896332987749,1,fair,NA
AIMS,2023-12-25T18:45:00Z,02S06,STIC,SP,21064680,71644.5877335552,4.727222222222222,20231023-20240520,417.0333271118992,1,fair,NA
AIMS,2023-12-25T19:00:00Z,02S06,STIC,SP,21064680,71644.5877335552,4.933888888888889,20231023-20240520,417.0333271118992,1,fair,NA
AIMS,2023-12-25T19:15:00Z,02S06,STIC,SP,21064680,71644.5877335552,4.8311111111111105,20231023-20240520,417.0333271118992,1,fair,NA
AIMS,2023-12-25T19:30:00Z,02S06,STIC,SP,21064680,71644.5877335552,4.727222222222222,20231023-20240520,417.0333271118992,1,fair,NA
AIMS,2023-12-25T19:45:00Z,02S06,STIC,SP,21064680,71644.5877335552,4.727222222222222,20231023-20240520,417.0333271118992,1,fair,NA
AIMS,2023-12-25T20:00:00Z,02S06,STIC,SP,21064680,71644.5877335552,4.622777777777776,20231023-20240520,417.0333271118992,1,fair,NA
AIMS,2023-12-25T20:15:00Z,02S06,STIC,SP,21064680,71644.5877335552,4.518888888888888,20231023-20240520,417.0333271118992,1,fair,NA
AIMS,2023-12-25T20:30:00Z,02S06,STIC,SP,21064680,71644.5877335552,4.31111111111111,20231023-20240520,417.0333271118992,1,fair,NA
AIMS,2023-12-25T20:45:00Z,02S06,STIC,SP,21064680,71644.5877335552,4.31111111111111,20231023-20240520,417.0333271118992,1,fair,NA
AIMS,2023-12-25T21:00:00Z,02S06,STIC,SP,21064680,71644.5877335552,4.31111111111111,20231023-20240520,417.0333271118992,1,fair,NA
AIMS,2023-12-25T21:15:00Z,02S06,STIC,SP,21064680,71644.5877335552,4.31111111111111,20231023-20240520,417.0333271118992,1,fair,NA
AIMS,2023-12-25T21:30:00Z,02S06,STIC,SP,21064680,71644.5877335552,4.102222222222222,20231023-20240520,417.0333271118992,1,fair,NA
AIMS,2023-12-25T21:45:00Z,02S06,STIC,SP,21064680,71644.5877335552,4.102222222222222,20231023-20240520,417.0333271118992,1,fair,NA
AIMS,2023-12-25T22:00:00Z,02S06,STIC,SP,21064680,71644.5877335552,4.102222222222222,20231023-20240520,417.0333271118992,1,fair,NA
AIMS,2023-12-25T22:15:00Z,02S06,STIC,SP,21064680,71644.5877335552,4.102222222222222,20231023-20240520,417.0333271118992,1,fair,NA
AIMS,2023-12-25T22:30:00Z,02S06,STIC,SP,21064680,71644.5877335552,3.997777777777778,20231023-20240520,417.0333271118992,1,fair,NA
AIMS,2023-12-25T22:45:00Z,02S06,STIC,SP,21064680,71644.5877335552,3.8927777777777774,20231023-20240520,417.0333271118992,1,fair,NA
AIMS,2023-12-25T23:00:00Z,02S06,STIC,SP,21064680,71644.5877335552,3.8927777777777774,20231023-20240520,417.0333271118992,1,fair,NA
AIMS,2023-12-25T23:15:00Z,02S06,STIC,SP,21064680,71644.5877335552,3.7877777777777784,20231023-20240520,417.0333271118992,1,fair,NA
AIMS,2023-12-25T23:30:00Z,02S06,STIC,SP,21064680,68889.02666688002,3.7877777777777784,20231023-20240520,395.4770209250236,1,fair,NA
AIMS,2023-12-25T23:45:00Z,02S06,STIC,SP,21064680,68889.02666688002,3.7877777777777784,20231023-20240520,395.4770209250236,1,fair,NA
AIMS,2023-12-26T00:00:00Z,02S06,STIC,SP,21064680,68889.02666688002,3.997777777777778,20231023-20240520,395.4770209250236,1,fair,NA
AIMS,2023-12-26T00:15:00Z,02S06,STIC,SP,21064680,68889.02666688002,3.7877777777777784,20231023-20240520,395.4770209250236,1,fair,NA
AIMS,2023-12-26T00:30:00Z,02S06,STIC,SP,21064680,68889.02666688002,3.5777777777777775,20231023-20240520,395.4770209250236,1,fair,NA
AIMS,2023-12-26T00:45:00Z,02S06,STIC,SP,21064680,68889.02666688002,3.5777777777777775,20231023-20240520,395.4770209250236,1,fair,NA
AIMS,2023-12-26T01:00:00Z,02S06,STIC,SP,21064680,66133.4656002048,3.367222222222223,20231023-20240520,373.9207147381477,1,fair,NA
AIMS,2023-12-26T01:15:00Z,02S06,STIC,SP,21064680,68889.02666688002,3.367222222222223,20231023-20240520,395.4770209250236,1,fair,NA
AIMS,2023-12-26T01:30:00Z,02S06,STIC,SP,21064680,68889.02666688002,3.367222222222223,20231023-20240520,395.4770209250236,1,fair,NA
AIMS,2023-12-26T01:45:00Z,02S06,STIC,SP,21064680,68889.02666688002,3.367222222222223,20231023-20240520,395.4770209250236,1,fair,NA
AIMS,2023-12-26T02:00:00Z,02S06,STIC,SP,21064680,68889.02666688002,3.367222222222223,20231023-20240520,395.4770209250236,1,fair,NA
AIMS,2023-12-26T02:15:00Z,02S06,STIC,SP,21064680,66133.4656002048,3.26111111111111,20231023-20240520,373.9207147381477,1,fair,NA
AIMS,2023-12-26T02:30:00Z,02S06,STIC,SP,21064680,68889.02666688002,3.367222222222223,20231023-20240520,395.4770209250236,1,fair,NA
AIMS,2023-12-26T02:45:00Z,02S06,STIC,SP,21064680,66133.4656002048,3.26111111111111,20231023-20240520,373.9207147381477,1,fair,NA
AIMS,2023-12-26T03:00:00Z,02S06,STIC,SP,21064680,66133.4656002048,3.1550000000000007,20231023-20240520,373.9207147381477,1,fair,NA
AIMS,2023-12-26T03:15:00Z,02S06,STIC,SP,21064680,68889.02666688002,3.048888888888888,20231023-20240520,395.4770209250236,1,fair,NA
AIMS,2023-12-26T03:30:00Z,02S06,STIC,SP,21064680,68889.02666688002,3.1550000000000007,20231023-20240520,395.4770209250236,1,fair,NA
AIMS,2023-12-26T03:45:00Z,02S06,STIC,SP,21064680,68889.02666688002,3.1550000000000007,20231023-20240520,395.4770209250236,1,fair,NA
AIMS,2023-12-26T04:00:00Z,02S06,STIC,SP,21064680,68889.02666688002,3.048888888888888,20231023-20240520,395.4770209250236,1,fair,NA
AIMS,2023-12-26T04:15:00Z,02S06,STIC,SP,21064680,68889.02666688002,2.942777777777777,20231023-20240520,395.4770209250236,1,fair,NA
AIMS,2023-12-26T04:30:00Z,02S06,STIC,SP,21064680,68889.02666688002,2.942777777777777,20231023-20240520,395.4770209250236,1,fair,NA
AIMS,2023-12-26T04:45:00Z,02S06,STIC,SP,21064680,68889.02666688002,2.837222222222221,20231023-20240520,395.4770209250236,1,fair,NA
AIMS,2023-12-26T05:00:00Z,02S06,STIC,SP,21064680,68889.02666688002,2.837222222222221,20231023-20240520,395.4770209250236,1,fair,NA
AIMS,2023-12-26T05:15:00Z,02S06,STIC,SP,21064680,68889.02666688002,2.837222222222221,20231023-20240520,395.4770209250236,1,fair,NA
AIMS,2023-12-26T05:30:00Z,02S06,STIC,SP,21064680,68889.02666688002,2.837222222222221,20231023-20240520,395.4770209250236,1,fair,NA
AIMS,2023-12-26T05:45:00Z,02S06,STIC,SP,21064680,68889.02666688002,2.837222222222221,20231023-20240520,395.4770209250236,1,fair,NA
AIMS,2023-12-26T06:00:00Z,02S06,STIC,SP,21064680,68889.02666688002,2.730000000000001,20231023-20240520,395.4770209250236,1,fair,NA
AIMS,2023-12-26T06:15:00Z,02S06,STIC,SP,21064680,68889.02666688002,2.730000000000001,20231023-20240520,395.4770209250236,1,fair,NA
AIMS,2023-12-26T06:30:00Z,02S06,STIC,SP,21064680,68889.02666688002,2.837222222222221,20231023-20240520,395.4770209250236,1,fair,NA
AIMS,2023-12-26T06:45:00Z,02S06,STIC,SP,21064680,68889.02666688002,2.837222222222221,20231023-20240520,395.4770209250236,1,fair,NA
AIMS,2023-12-26T07:00:00Z,02S06,STIC,SP,21064680,68889.02666688002,2.837222222222221,20231023-20240520,395.4770209250236,1,fair,NA
AIMS,2023-12-26T07:15:00Z,02S06,STIC,SP,21064680,68889.02666688002,2.837222222222221,20231023-20240520,395.4770209250236,1,fair,NA
AIMS,2023-12-26T07:30:00Z,02S06,STIC,SP,21064680,68889.02666688002,2.837222222222221,20231023-20240520,395.4770209250236,1,fair,NA
AIMS,2023-12-26T07:45:00Z,02S06,STIC,SP,21064680,68889.02666688002,2.837222222222221,20231023-20240520,395.4770209250236,1,fair,NA
AIMS,2023-12-26T08:00:00Z,02S06,STIC,SP,21064680,68889.02666688002,2.837222222222221,20231023-20240520,395.4770209250236,1,fair,NA
AIMS,2023-12-26T08:15:00Z,02S06,STIC,SP,21064680,68889.02666688002,2.837222222222221,20231023-20240520,395.4770209250236,1,fair,NA
AIMS,2023-12-26T08:30:00Z,02S06,STIC,SP,21064680,68889.02666688002,2.837222222222221,20231023-20240520,395.4770209250236,1,fair,NA
AIMS,2023-12-26T08:45:00Z,02S06,STIC,SP,21064680,68889.02666688002,2.837222222222221,20231023-20240520,395.4770209250236,1,fair,NA
AIMS,2023-12-26T09:00:00Z,02S06,STIC,SP,21064680,68889.02666688002,2.837222222222221,20231023-20240520,395.4770209250236,1,fair,NA
AIMS,2023-12-26T09:15:00Z,02S06,STIC,SP,21064680,68889.02666688002,2.730000000000001,20231023-20240520,395.4770209250236,1,fair,NA
AIMS,2023-12-26T09:30:00Z,02S06,STIC,SP,21064680,68889.02666688002,2.730000000000001,20231023-20240520,395.4770209250236,1,fair,NA
AIMS,2023-12-26T09:45:00Z,02S06,STIC,SP,21064680,68889.02666688002,2.730000000000001,20231023-20240520,395.4770209250236,1,fair,NA
AIMS,2023-12-26T10:00:00Z,02S06,STIC,SP,21064680,68889.02666688002,2.730000000000001,20231023-20240520,395.4770209250236,1,fair,NA
AIMS,2023-12-26T10:15:00Z,02S06,STIC,SP,21064680,68889.02666688002,2.730000000000001,20231023-20240520,395.4770209250236,1,fair,NA
AIMS,2023-12-26T10:30:00Z,02S06,STIC,SP,21064680,68889.02666688002,2.730000000000001,20231023-20240520,395.4770209250236,1,fair,NA
AIMS,2023-12-26T10:45:00Z,02S06,STIC,SP,21064680,68889.02666688002,2.730000000000001,20231023-20240520,395.4770209250236,1,fair,NA
AIMS,2023-12-26T11:00:00Z,02S06,STIC,SP,21064680,68889.02666688002,2.837222222222221,20231023-20240520,395.4770209250236,1,fair,NA
AIMS,2023-12-26T11:15:00Z,02S06,STIC,SP,21064680,68889.02666688002,2.837222222222221,20231023-20240520,395.4770209250236,1,fair,NA
AIMS,2023-12-26T11:30:00Z,02S06,STIC,SP,21064680,68889.02666688002,2.837222222222221,20231023-20240520,395.4770209250236,1,fair,NA
AIMS,2023-12-26T11:45:00Z,02S06,STIC,SP,21064680,68889.02666688002,2.942777777777777,20231023-20240520,395.4770209250236,1,fair,NA
AIMS,2023-12-26T12:00:00Z,02S06,STIC,SP,21064680,68889.02666688002,2.942777777777777,20231023-20240520,395.4770209250236,1,fair,NA
AIMS,2023-12-26T12:15:00Z,02S06,STIC,SP,21064680,68889.02666688002,2.942777777777777,20231023-20240520,395.4770209250236,1,fair,NA
AIMS,2023-12-26T12:30:00Z,02S06,STIC,SP,21064680,68889.02666688002,3.048888888888888,20231023-20240520,395.4770209250236,1,fair,NA
AIMS,2023-12-26T12:45:00Z,02S06,STIC,SP,21064680,68889.02666688002,3.048888888888888,20231023-20240520,395.4770209250236,1,fair,NA
AIMS,2023-12-26T13:00:00Z,02S06,STIC,SP,21064680,68889.02666688002,3.048888888888888,20231023-20240520,395.4770209250236,1,fair,NA
AIMS,2023-12-26T13:15:00Z,02S06,STIC,SP,21064680,68889.02666688002,3.048888888888888,20231023-20240520,395.4770209250236,1,fair,NA
AIMS,2023-12-26T13:30:00Z,02S06,STIC,SP,21064680,68889.02666688002,3.1550000000000007,20231023-20240520,395.4770209250236,1,fair,NA
AIMS,2023-12-26T13:45:00Z,02S06,STIC,SP,21064680,68889.02666688002,3.1550000000000007,20231023-20240520,395.4770209250236,1,fair,NA
AIMS,2023-12-26T14:00:00Z,02S06,STIC,SP,21064680,68889.02666688002,3.1550000000000007,20231023-20240520,395.4770209250236,1,fair,NA
AIMS,2023-12-26T14:15:00Z,02S06,STIC,SP,21064680,68889.02666688002,3.26111111111111,20231023-20240520,395.4770209250236,1,fair,NA
AIMS,2023-12-26T14:30:00Z,02S06,STIC,SP,21064680,68889.02666688002,3.367222222222223,20231023-20240520,395.4770209250236,1,fair,NA
AIMS,2023-12-26T14:45:00Z,02S06,STIC,SP,21064680,71644.5877335552,3.4722222222222223,20231023-20240520,417.0333271118992,1,fair,NA
AIMS,2023-12-26T15:00:00Z,02S06,STIC,SP,21064680,68889.02666688002,3.4722222222222223,20231023-20240520,395.4770209250236,1,fair,NA
AIMS,2023-12-26T15:15:00Z,02S06,STIC,SP,21064680,68889.02666688002,3.5777777777777775,20231023-20240520,395.4770209250236,1,fair,NA
AIMS,2023-12-26T15:30:00Z,02S06,STIC,SP,21064680,71644.5877335552,3.6827777777777775,20231023-20240520,417.0333271118992,1,fair,NA
AIMS,2023-12-26T15:45:00Z,02S06,STIC,SP,21064680,71644.5877335552,3.8927777777777774,20231023-20240520,417.0333271118992,1,fair,NA
AIMS,2023-12-26T16:00:00Z,02S06,STIC,SP,21064680,71644.5877335552,3.997777777777778,20231023-20240520,417.0333271118992,1,fair,NA
AIMS,2023-12-26T16:15:00Z,02S06,STIC,SP,21064680,71644.5877335552,4.102222222222222,20231023-20240520,417.0333271118992,1,fair,NA
AIMS,2023-12-26T16:30:00Z,02S06,STIC,SP,21064680,71644.5877335552,4.31111111111111,20231023-20240520,417.0333271118992,1,fair,NA
AIMS,2023-12-26T16:45:00Z,02S06,STIC,SP,21064680,71644.5877335552,4.518888888888888,20231023-20240520,417.0333271118992,1,fair,NA
AIMS,2023-12-26T17:00:00Z,02S06,STIC,SP,21064680,71644.5877335552,4.727222222222222,20231023-20240520,417.0333271118992,1,fair,NA
AIMS,2023-12-26T17:15:00Z,02S06,STIC,SP,21064680,71644.5877335552,4.8311111111111105,20231023-20240520,417.0333271118992,1,fair,NA
AIMS,2023-12-26T17:30:00Z,02S06,STIC,SP,21064680,71644.5877335552,5.037222222222224,20231023-20240520,417.0333271118992,1,fair,NA
AIMS,2023-12-26T17:45:00Z,02S06,STIC,SP,21064680,71644.5877335552,4.933888888888889,20231023-20240520,417.0333271118992,1,fair,NA
AIMS,2023-12-26T18:00:00Z,02S06,STIC,SP,21064680,71644.5877335552,4.933888888888889,20231023-20240520,417.0333271118992,1,fair,NA
AIMS,2023-12-26T18:15:00Z,02S06,STIC,SP,21064680,71644.5877335552,5.347222222222222,20231023-20240520,417.0333271118992,1,fair,NA
AIMS,2023-12-26T18:30:00Z,02S06,STIC,SP,21064680,71644.5877335552,5.450000000000001,20231023-20240520,417.0333271118992,1,fair,NA
AIMS,2023-12-26T18:45:00Z,02S06,STIC,SP,21064680,71644.5877335552,5.655,20231023-20240520,417.0333271118992,1,fair,NA
AIMS,2023-12-26T19:00:00Z,02S06,STIC,SP,21064680,71644.5877335552,5.450000000000001,20231023-20240520,417.0333271118992,1,fair,NA
AIMS,2023-12-26T19:15:00Z,02S06,STIC,SP,21064680,71644.5877335552,5.450000000000001,20231023-20240520,417.0333271118992,1,fair,NA
AIMS,2023-12-26T19:30:00Z,02S06,STIC,SP,21064680,71644.5877335552,5.450000000000001,20231023-20240520,417.0333271118992,1,fair,NA
AIMS,2023-12-26T19:45:00Z,02S06,STIC,SP,21064680,71644.5877335552,5.552222222222222,20231023-20240520,417.0333271118992,1,fair,NA
AIMS,2023-12-26T20:00:00Z,02S06,STIC,SP,21064680,71644.5877335552,5.552222222222222,20231023-20240520,417.0333271118992,1,fair,NA
AIMS,2023-12-26T20:15:00Z,02S06,STIC,SP,21064680,71644.5877335552,5.14111111111111,20231023-20240520,417.0333271118992,1,fair,NA
AIMS,2023-12-26T20:30:00Z,02S06,STIC,SP,21064680,71644.5877335552,5.552222222222222,20231023-20240520,417.0333271118992,1,fair,NA
AIMS,2023-12-26T20:45:00Z,02S06,STIC,SP,21064680,71644.5877335552,5.552222222222222,20231023-20240520,417.0333271118992,1,fair,NA
AIMS,2023-12-26T21:00:00Z,02S06,STIC,SP,21064680,71644.5877335552,5.450000000000001,20231023-20240520,417.0333271118992,1,fair,NA
AIMS,2023-12-26T21:15:00Z,02S06,STIC,SP,21064680,71644.5877335552,5.7572222222222225,20231023-20240520,417.0333271118992,1,fair,NA
AIMS,2023-12-26T21:30:00Z,02S06,STIC,SP,21064680,71644.5877335552,5.7572222222222225,20231023-20240520,417.0333271118992,1,fair,NA
AIMS,2023-12-26T21:45:00Z,02S06,STIC,SP,21064680,71644.5877335552,5.552222222222222,20231023-20240520,417.0333271118992,1,fair,NA
AIMS,2023-12-26T22:00:00Z,02S06,STIC,SP,21064680,71644.5877335552,5.243888888888889,20231023-20240520,417.0333271118992,1,fair,NA
AIMS,2023-12-26T22:15:00Z,02S06,STIC,SP,21064680,71644.5877335552,5.243888888888889,20231023-20240520,417.0333271118992,1,fair,NA
AIMS,2023-12-26T22:30:00Z,02S06,STIC,SP,21064680,71644.5877335552,5.037222222222224,20231023-20240520,417.0333271118992,1,fair,NA
AIMS,2023-12-26T22:45:00Z,02S06,STIC,SP,21064680,71644.5877335552,4.8311111111111105,20231023-20240520,417.0333271118992,1,fair,NA
AIMS,2023-12-26T23:00:00Z,02S06,STIC,SP,21064680,71644.5877335552,4.622777777777776,20231023-20240520,417.0333271118992,1,fair,NA
AIMS,2023-12-26T23:15:00Z,02S06,STIC,SP,21064680,71644.5877335552,4.622777777777776,20231023-20240520,417.0333271118992,1,fair,NA
AIMS,2023-12-26T23:30:00Z,02S06,STIC,SP,21064680,71644.5877335552,4.518888888888888,20231023-20240520,417.0333271118992,1,fair,NA
AIMS,2023-12-26T23:45:00Z,02S06,STIC,SP,21064680,71644.5877335552,4.415000000000002,20231023-20240520,417.0333271118992,1,fair,NA
AIMS,2023-12-27T00:00:00Z,02S06,STIC,SP,21064680,71644.5877335552,4.415000000000002,20231023-20240520,417.0333271118992,1,fair,NA
AIMS,2023-12-27T00:15:00Z,02S06,STIC,SP,21064680,71644.5877335552,4.31111111111111,20231023-20240520,417.0333271118992,1,fair,NA
AIMS,2023-12-27T00:30:00Z,02S06,STIC,SP,21064680,71644.5877335552,4.31111111111111,20231023-20240520,417.0333271118992,1,fair,NA
AIMS,2023-12-27T00:45:00Z,02S06,STIC,SP,21064680,71644.5877335552,4.102222222222222,20231023-20240520,417.0333271118992,1,fair,NA
AIMS,2023-12-27T01:00:00Z,02S06,STIC,SP,21064680,71644.5877335552,3.997777777777778,20231023-20240520,417.0333271118992,1,fair,NA
AIMS,2023-12-27T01:15:00Z,02S06,STIC,SP,21064680,71644.5877335552,3.8927777777777774,20231023-20240520,417.0333271118992,1,fair,NA
AIMS,2023-12-27T01:30:00Z,02S06,STIC,SP,21064680,71644.5877335552,3.8927777777777774,20231023-20240520,417.0333271118992,1,fair,NA
AIMS,2023-12-27T01:45:00Z,02S06,STIC,SP,21064680,71644.5877335552,3.8927777777777774,20231023-20240520,417.0333271118992,1,fair,NA
AIMS,2023-12-27T02:00:00Z,02S06,STIC,SP,21064680,71644.5877335552,3.8927777777777774,20231023-20240520,417.0333271118992,1,fair,NA
AIMS,2023-12-27T02:15:00Z,02S06,STIC,SP,21064680,71644.5877335552,3.7877777777777784,20231023-20240520,417.0333271118992,1,fair,NA
AIMS,2023-12-27T02:30:00Z,02S06,STIC,SP,21064680,71644.5877335552,3.7877777777777784,20231023-20240520,417.0333271118992,1,fair,NA
AIMS,2023-12-27T02:45:00Z,02S06,STIC,SP,21064680,71644.5877335552,3.7877777777777784,20231023-20240520,417.0333271118992,1,fair,NA
AIMS,2023-12-27T03:00:00Z,02S06,STIC,SP,21064680,71644.5877335552,3.7877777777777784,20231023-20240520,417.0333271118992,1,fair,NA
AIMS,2023-12-27T03:15:00Z,02S06,STIC,SP,21064680,71644.5877335552,3.7877777777777784,20231023-20240520,417.0333271118992,1,fair,NA
AIMS,2023-12-27T03:30:00Z,02S06,STIC,SP,21064680,71644.5877335552,3.7877777777777784,20231023-20240520,417.0333271118992,1,fair,NA
AIMS,2023-12-27T03:45:00Z,02S06,STIC,SP,21064680,71644.5877335552,3.6827777777777775,20231023-20240520,417.0333271118992,1,fair,NA
AIMS,2023-12-27T04:00:00Z,02S06,STIC,SP,21064680,71644.5877335552,3.4722222222222223,20231023-20240520,417.0333271118992,1,fair,NA
AIMS,2023-12-27T04:15:00Z,02S06,STIC,SP,21064680,68889.02666688002,3.367222222222223,20231023-20240520,395.4770209250236,1,fair,NA
AIMS,2023-12-27T04:30:00Z,02S06,STIC,SP,21064680,71644.5877335552,3.4722222222222223,20231023-20240520,417.0333271118992,1,fair,NA
AIMS,2023-12-27T04:45:00Z,02S06,STIC,SP,21064680,71644.5877335552,3.5777777777777775,20231023-20240520,417.0333271118992,1,fair,NA
AIMS,2023-12-27T05:00:00Z,02S06,STIC,SP,21064680,71644.5877335552,3.5777777777777775,20231023-20240520,417.0333271118992,1,fair,NA
AIMS,2023-12-27T05:15:00Z,02S06,STIC,SP,21064680,71644.5877335552,3.5777777777777775,20231023-20240520,417.0333271118992,1,fair,NA
AIMS,2023-12-27T05:30:00Z,02S06,STIC,SP,21064680,71644.5877335552,3.5777777777777775,20231023-20240520,417.0333271118992,1,fair,NA
AIMS,2023-12-27T05:45:00Z,02S06,STIC,SP,21064680,71644.5877335552,3.5777777777777775,20231023-20240520,417.0333271118992,1,fair,NA
AIMS,2023-12-27T06:00:00Z,02S06,STIC,SP,21064680,71644.5877335552,3.5777777777777775,20231023-20240520,417.0333271118992,1,fair,NA
AIMS,2023-12-27T06:15:00Z,02S06,STIC,SP,21064680,71644.5877335552,3.5777777777777775,20231023-20240520,417.0333271118992,1,fair,NA
AIMS,2023-12-27T06:30:00Z,02S06,STIC,SP,21064680,71644.5877335552,3.5777777777777775,20231023-20240520,417.0333271118992,1,fair,NA
AIMS,2023-12-27T06:45:00Z,02S06,STIC,SP,21064680,71644.5877335552,3.5777777777777775,20231023-20240520,417.0333271118992,1,fair,NA
AIMS,2023-12-27T07:00:00Z,02S06,STIC,SP,21064680,71644.5877335552,3.5777777777777775,20231023-20240520,417.0333271118992,1,fair,NA
AIMS,2023-12-27T07:15:00Z,02S06,STIC,SP,21064680,71644.5877335552,3.4722222222222223,20231023-20240520,417.0333271118992,1,fair,NA
AIMS,2023-12-27T07:30:00Z,02S06,STIC,SP,21064680,71644.5877335552,3.4722222222222223,20231023-20240520,417.0333271118992,1,fair,NA
AIMS,2023-12-27T07:45:00Z,02S06,STIC,SP,21064680,71644.5877335552,3.4722222222222223,20231023-20240520,417.0333271118992,1,fair,NA
AIMS,2023-12-27T08:00:00Z,02S06,STIC,SP,21064680,68889.02666688002,3.4722222222222223,20231023-20240520,395.4770209250236,1,fair,NA
AIMS,2023-12-27T08:15:00Z,02S06,STIC,SP,21064680,71644.5877335552,3.4722222222222223,20231023-20240520,417.0333271118992,1,fair,NA
AIMS,2023-12-27T08:30:00Z,02S06,STIC,SP,21064680,71644.5877335552,3.4722222222222223,20231023-20240520,417.0333271118992,1,fair,NA
AIMS,2023-12-27T08:45:00Z,02S06,STIC,SP,21064680,71644.5877335552,3.4722222222222223,20231023-20240520,417.0333271118992,1,fair,NA
AIMS,2023-12-27T09:00:00Z,02S06,STIC,SP,21064680,71644.5877335552,3.367222222222223,20231023-20240520,417.0333271118992,1,fair,NA
AIMS,2023-12-27T09:15:00Z,02S06,STIC,SP,21064680,68889.02666688002,3.367222222222223,20231023-20240520,395.4770209250236,1,fair,NA
AIMS,2023-12-27T09:30:00Z,02S06,STIC,SP,21064680,71644.5877335552,3.367222222222223,20231023-20240520,417.0333271118992,1,fair,NA
AIMS,2023-12-27T09:45:00Z,02S06,STIC,SP,21064680,68889.02666688002,3.367222222222223,20231023-20240520,395.4770209250236,1,fair,NA
AIMS,2023-12-27T10:00:00Z,02S06,STIC,SP,21064680,71644.5877335552,3.367222222222223,20231023-20240520,417.0333271118992,1,fair,NA
AIMS,2023-12-27T10:15:00Z,02S06,STIC,SP,21064680,71644.5877335552,3.4722222222222223,20231023-20240520,417.0333271118992,1,fair,NA
AIMS,2023-12-27T10:30:00Z,02S06,STIC,SP,21064680,68889.02666688002,3.367222222222223,20231023-20240520,395.4770209250236,1,fair,NA
AIMS,2023-12-27T10:45:00Z,02S06,STIC,SP,21064680,68889.02666688002,3.367222222222223,20231023-20240520,395.4770209250236,1,fair,NA
AIMS,2023-12-27T11:00:00Z,02S06,STIC,SP,21064680,68889.02666688002,3.367222222222223,20231023-20240520,395.4770209250236,1,fair,NA
AIMS,2023-12-27T11:15:00Z,02S06,STIC,SP,21064680,68889.02666688002,3.367222222222223,20231023-20240520,395.4770209250236,1,fair,NA
AIMS,2023-12-27T11:30:00Z,02S06,STIC,SP,21064680,68889.02666688002,3.1550000000000007,20231023-20240520,395.4770209250236,1,fair,NA
AIMS,2023-12-27T11:45:00Z,02S06,STIC,SP,21064680,68889.02666688002,3.048888888888888,20231023-20240520,395.4770209250236,1,fair,NA
AIMS,2023-12-27T12:00:00Z,02S06,STIC,SP,21064680,68889.02666688002,2.942777777777777,20231023-20240520,395.4770209250236,1,fair,NA
AIMS,2023-12-27T12:15:00Z,02S06,STIC,SP,21064680,68889.02666688002,3.048888888888888,20231023-20240520,395.4770209250236,1,fair,NA
AIMS,2023-12-27T12:30:00Z,02S06,STIC,SP,21064680,68889.02666688002,3.048888888888888,20231023-20240520,395.4770209250236,1,fair,NA
AIMS,2023-12-27T12:45:00Z,02S06,STIC,SP,21064680,68889.02666688002,2.942777777777777,20231023-20240520,395.4770209250236,1,fair,NA
AIMS,2023-12-27T13:00:00Z,02S06,STIC,SP,21064680,68889.02666688002,2.942777777777777,20231023-20240520,395.4770209250236,1,fair,NA
AIMS,2023-12-27T13:15:00Z,02S06,STIC,SP,21064680,68889.02666688002,2.942777777777777,20231023-20240520,395.4770209250236,1,fair,NA
AIMS,2023-12-27T13:30:00Z,02S06,STIC,SP,21064680,68889.02666688002,2.942777777777777,20231023-20240520,395.4770209250236,1,fair,NA
AIMS,2023-12-27T13:45:00Z,02S06,STIC,SP,21064680,68889.02666688002,2.837222222222221,20231023-20240520,395.4770209250236,1,fair,NA
AIMS,2023-12-27T14:00:00Z,02S06,STIC,SP,21064680,68889.02666688002,2.837222222222221,20231023-20240520,395.4770209250236,1,fair,NA
AIMS,2023-12-27T14:15:00Z,02S06,STIC,SP,21064680,68889.02666688002,2.837222222222221,20231023-20240520,395.4770209250236,1,fair,NA
AIMS,2023-12-27T14:30:00Z,02S06,STIC,SP,21064680,68889.02666688002,2.837222222222221,20231023-20240520,395.4770209250236,1,fair,NA
AIMS,2023-12-27T14:45:00Z,02S06,STIC,SP,21064680,68889.02666688002,2.837222222222221,20231023-20240520,395.4770209250236,1,fair,NA
AIMS,2023-12-27T15:00:00Z,02S06,STIC,SP,21064680,68889.02666688002,2.837222222222221,20231023-20240520,395.4770209250236,1,fair,NA
AIMS,2023-12-27T15:15:00Z,02S06,STIC,SP,21064680,68889.02666688002,2.942777777777777,20231023-20240520,395.4770209250236,1,fair,NA
AIMS,2023-12-27T15:30:00Z,02S06,STIC,SP,21064680,68889.02666688002,2.942777777777777,20231023-20240520,395.4770209250236,1,fair,NA
AIMS,2023-12-27T15:45:00Z,02S06,STIC,SP,21064680,68889.02666688002,2.837222222222221,20231023-20240520,395.4770209250236,1,fair,NA
AIMS,2023-12-27T16:00:00Z,02S06,STIC,SP,21064680,68889.02666688002,2.942777777777777,20231023-20240520,395.4770209250236,1,fair,NA
AIMS,2023-12-27T16:15:00Z,02S06,STIC,SP,21064680,68889.02666688002,3.048888888888888,20231023-20240520,395.4770209250236,1,fair,NA
AIMS,2023-12-27T16:30:00Z,02S06,STIC,SP,21064680,68889.02666688002,2.942777777777777,20231023-20240520,395.4770209250236,1,fair,NA
AIMS,2023-12-27T16:45:00Z,02S06,STIC,SP,21064680,68889.02666688002,3.048888888888888,20231023-20240520,395.4770209250236,1,fair,NA
AIMS,2023-12-27T17:00:00Z,02S06,STIC,SP,21064680,68889.02666688002,3.1550000000000007,20231023-20240520,395.4770209250236,1,fair,NA
AIMS,2023-12-27T17:15:00Z,02S06,STIC,SP,21064680,68889.02666688002,3.367222222222223,20231023-20240520,395.4770209250236,1,fair,NA
AIMS,2023-12-27T17:30:00Z,02S06,STIC,SP,21064680,71644.5877335552,3.5777777777777775,20231023-20240520,417.0333271118992,1,fair,NA
AIMS,2023-12-27T17:45:00Z,02S06,STIC,SP,21064680,71644.5877335552,3.7877777777777784,20231023-20240520,417.0333271118992,1,fair,NA
AIMS,2023-12-27T18:00:00Z,02S06,STIC,SP,21064680,71644.5877335552,3.7877777777777784,20231023-20240520,417.0333271118992,1,fair,NA
AIMS,2023-12-27T18:15:00Z,02S06,STIC,SP,21064680,71644.5877335552,3.8927777777777774,20231023-20240520,417.0333271118992,1,fair,NA
AIMS,2023-12-27T18:30:00Z,02S06,STIC,SP,21064680,71644.5877335552,3.997777777777778,20231023-20240520,417.0333271118992,1,fair,NA
AIMS,2023-12-27T18:45:00Z,02S06,STIC,SP,21064680,71644.5877335552,4.2072222222222235,20231023-20240520,417.0333271118992,1,fair,NA
AIMS,2023-12-27T19:00:00Z,02S06,STIC,SP,21064680,71644.5877335552,4.622777777777776,20231023-20240520,417.0333271118992,1,fair,NA
AIMS,2023-12-27T19:15:00Z,02S06,STIC,SP,21064680,71644.5877335552,4.727222222222222,20231023-20240520,417.0333271118992,1,fair,NA
AIMS,2023-12-27T19:30:00Z,02S06,STIC,SP,21064680,77155.70986690561,4.933888888888889,20231023-20240520,460.14593948565073,1,fair,NA
AIMS,2023-12-27T19:45:00Z,02S06,STIC,SP,21064680,77155.70986690561,5.037222222222224,20231023-20240520,460.14593948565073,1,fair,NA
AIMS,2023-12-27T20:00:00Z,02S06,STIC,SP,21064680,77155.70986690561,4.8311111111111105,20231023-20240520,460.14593948565073,1,fair,NA
AIMS,2023-12-27T20:15:00Z,02S06,STIC,SP,21064680,74400.1488002304,4.8311111111111105,20231023-20240520,438.5896332987749,1,fair,NA
AIMS,2023-12-27T20:30:00Z,02S06,STIC,SP,21064680,74400.1488002304,4.622777777777776,20231023-20240520,438.5896332987749,1,fair,NA
AIMS,2023-12-27T20:45:00Z,02S06,STIC,SP,21064680,74400.1488002304,4.727222222222222,20231023-20240520,438.5896332987749,1,fair,NA
AIMS,2023-12-27T21:00:00Z,02S06,STIC,SP,21064680,74400.1488002304,4.933888888888889,20231023-20240520,438.5896332987749,1,fair,NA
AIMS,2023-12-27T21:15:00Z,02S06,STIC,SP,21064680,74400.1488002304,4.933888888888889,20231023-20240520,438.5896332987749,1,fair,NA
AIMS,2023-12-27T21:30:00Z,02S06,STIC,SP,21064680,74400.1488002304,4.622777777777776,20231023-20240520,438.5896332987749,1,fair,NA
AIMS,2023-12-27T21:45:00Z,02S06,STIC,SP,21064680,71644.5877335552,4.2072222222222235,20231023-20240520,417.0333271118992,1,fair,NA
AIMS,2023-12-27T22:00:00Z,02S06,STIC,SP,21064680,71644.5877335552,4.102222222222222,20231023-20240520,417.0333271118992,1,fair,NA
AIMS,2023-12-27T22:15:00Z,02S06,STIC,SP,21064680,74400.1488002304,4.2072222222222235,20231023-20240520,438.5896332987749,1,fair,NA
AIMS,2023-12-27T22:30:00Z,02S06,STIC,SP,21064680,74400.1488002304,3.8927777777777774,20231023-20240520,438.5896332987749,1,fair,NA
AIMS,2023-12-27T22:45:00Z,02S06,STIC,SP,21064680,71644.5877335552,3.6827777777777775,20231023-20240520,417.0333271118992,1,fair,NA
AIMS,2023-12-27T23:00:00Z,02S06,STIC,SP,21064680,74400.1488002304,3.5777777777777775,20231023-20240520,438.5896332987749,1,fair,NA
AIMS,2023-12-27T23:15:00Z,02S06,STIC,SP,21064680,74400.1488002304,3.5777777777777775,20231023-20240520,438.5896332987749,1,fair,NA
AIMS,2023-12-27T23:30:00Z,02S06,STIC,SP,21064680,74400.1488002304,3.4722222222222223,20231023-20240520,438.5896332987749,1,fair,NA
AIMS,2023-12-27T23:45:00Z,02S06,STIC,SP,21064680,71644.5877335552,3.4722222222222223,20231023-20240520,417.0333271118992,1,fair,NA
AIMS,2023-12-28T00:00:00Z,02S06,STIC,SP,21064680,71644.5877335552,3.5777777777777775,20231023-20240520,417.0333271118992,1,fair,NA
AIMS,2023-12-28T00:15:00Z,02S06,STIC,SP,21064680,71644.5877335552,3.4722222222222223,20231023-20240520,417.0333271118992,1,fair,NA
AIMS,2023-12-28T00:30:00Z,02S06,STIC,SP,21064680,71644.5877335552,3.367222222222223,20231023-20240520,417.0333271118992,1,fair,NA
AIMS,2023-12-28T00:45:00Z,02S06,STIC,SP,21064680,71644.5877335552,3.4722222222222223,20231023-20240520,417.0333271118992,1,fair,NA
AIMS,2023-12-28T01:00:00Z,02S06,STIC,SP,21064680,74400.1488002304,3.5777777777777775,20231023-20240520,438.5896332987749,1,fair,NA
AIMS,2023-12-28T01:15:00Z,02S06,STIC,SP,21064680,74400.1488002304,3.5777777777777775,20231023-20240520,438.5896332987749,1,fair,NA
AIMS,2023-12-28T01:30:00Z,02S06,STIC,SP,21064680,71644.5877335552,3.5777777777777775,20231023-20240520,417.0333271118992,1,fair,NA
AIMS,2023-12-28T01:45:00Z,02S06,STIC,SP,21064680,71644.5877335552,3.4722222222222223,20231023-20240520,417.0333271118992,1,fair,NA
AIMS,2023-12-28T02:00:00Z,02S06,STIC,SP,21064680,71644.5877335552,3.1550000000000007,20231023-20240520,417.0333271118992,1,fair,NA
AIMS,2023-12-28T02:15:00Z,02S06,STIC,SP,21064680,71644.5877335552,3.1550000000000007,20231023-20240520,417.0333271118992,1,fair,NA
AIMS,2023-12-28T02:30:00Z,02S06,STIC,SP,21064680,71644.5877335552,3.1550000000000007,20231023-20240520,417.0333271118992,1,fair,NA
AIMS,2023-12-28T02:45:00Z,02S06,STIC,SP,21064680,71644.5877335552,3.1550000000000007,20231023-20240520,417.0333271118992,1,fair,NA
AIMS,2023-12-28T03:00:00Z,02S06,STIC,SP,21064680,71644.5877335552,3.048888888888888,20231023-20240520,417.0333271118992,1,fair,NA
AIMS,2023-12-28T03:15:00Z,02S06,STIC,SP,21064680,71644.5877335552,3.1550000000000007,20231023-20240520,417.0333271118992,1,fair,NA
AIMS,2023-12-28T03:30:00Z,02S06,STIC,SP,21064680,71644.5877335552,3.1550000000000007,20231023-20240520,417.0333271118992,1,fair,NA
AIMS,2023-12-28T03:45:00Z,02S06,STIC,SP,21064680,71644.5877335552,2.942777777777777,20231023-20240520,417.0333271118992,1,fair,NA
AIMS,2023-12-28T04:00:00Z,02S06,STIC,SP,21064680,71644.5877335552,2.942777777777777,20231023-20240520,417.0333271118992,1,fair,NA
AIMS,2023-12-28T04:15:00Z,02S06,STIC,SP,21064680,71644.5877335552,2.942777777777777,20231023-20240520,417.0333271118992,1,fair,NA
AIMS,2023-12-28T04:30:00Z,02S06,STIC,SP,21064680,71644.5877335552,2.942777777777777,20231023-20240520,417.0333271118992,1,fair,NA
AIMS,2023-12-28T04:45:00Z,02S06,STIC,SP,21064680,71644.5877335552,2.837222222222221,20231023-20240520,417.0333271118992,1,fair,NA
AIMS,2023-12-28T05:00:00Z,02S06,STIC,SP,21064680,71644.5877335552,2.837222222222221,20231023-20240520,417.0333271118992,1,fair,NA
AIMS,2023-12-28T05:15:00Z,02S06,STIC,SP,21064680,71644.5877335552,2.730000000000001,20231023-20240520,417.0333271118992,1,fair,NA
AIMS,2023-12-28T05:30:00Z,02S06,STIC,SP,21064680,71644.5877335552,2.730000000000001,20231023-20240520,417.0333271118992,1,fair,NA
AIMS,2023-12-28T05:45:00Z,02S06,STIC,SP,21064680,71644.5877335552,2.6238888888888883,20231023-20240520,417.0333271118992,1,fair,NA
AIMS,2023-12-28T06:00:00Z,02S06,STIC,SP,21064680,71644.5877335552,2.6238888888888883,20231023-20240520,417.0333271118992,1,fair,NA
AIMS,2023-12-28T06:15:00Z,02S06,STIC,SP,21064680,68889.02666688002,2.5172222222222222,20231023-20240520,395.4770209250236,1,fair,NA
AIMS,2023-12-28T06:30:00Z,02S06,STIC,SP,21064680,68889.02666688002,2.6238888888888883,20231023-20240520,395.4770209250236,1,fair,NA
AIMS,2023-12-28T06:45:00Z,02S06,STIC,SP,21064680,68889.02666688002,2.5172222222222222,20231023-20240520,395.4770209250236,1,fair,NA
AIMS,2023-12-28T07:00:00Z,02S06,STIC,SP,21064680,68889.02666688002,2.41,20231023-20240520,395.4770209250236,1,fair,NA
AIMS,2023-12-28T07:15:00Z,02S06,STIC,SP,21064680,71644.5877335552,2.30277777777778,20231023-20240520,417.0333271118992,1,fair,NA
AIMS,2023-12-28T07:30:00Z,02S06,STIC,SP,21064680,71644.5877335552,2.08777777777778,20231023-20240520,417.0333271118992,1,fair,NA
AIMS,2023-12-28T07:45:00Z,02S06,STIC,SP,21064680,71644.5877335552,1.8722222222222211,20231023-20240520,417.0333271118992,1,fair,NA
AIMS,2023-12-28T08:00:00Z,02S06,STIC,SP,21064680,71644.5877335552,1.7638888888888873,20231023-20240520,417.0333271118992,1,fair,NA
AIMS,2023-12-28T08:15:00Z,02S06,STIC,SP,21064680,71644.5877335552,1.7638888888888873,20231023-20240520,417.0333271118992,1,fair,NA
AIMS,2023-12-28T08:30:00Z,02S06,STIC,SP,21064680,71644.5877335552,1.7638888888888873,20231023-20240520,417.0333271118992,1,fair,NA
AIMS,2023-12-28T08:45:00Z,02S06,STIC,SP,21064680,71644.5877335552,1.6561111111111122,20231023-20240520,417.0333271118992,1,fair,NA
AIMS,2023-12-28T09:00:00Z,02S06,STIC,SP,21064680,71644.5877335552,1.6561111111111122,20231023-20240520,417.0333271118992,1,fair,NA
AIMS,2023-12-28T09:15:00Z,02S06,STIC,SP,21064680,71644.5877335552,1.7638888888888873,20231023-20240520,417.0333271118992,1,fair,NA
AIMS,2023-12-28T09:30:00Z,02S06,STIC,SP,21064680,71644.5877335552,1.8722222222222211,20231023-20240520,417.0333271118992,1,fair,NA
AIMS,2023-12-28T09:45:00Z,02S06,STIC,SP,21064680,71644.5877335552,2.08777777777778,20231023-20240520,417.0333271118992,1,fair,NA
AIMS,2023-12-28T10:00:00Z,02S06,STIC,SP,21064680,71644.5877335552,2.30277777777778,20231023-20240520,417.0333271118992,1,fair,NA
AIMS,2023-12-28T10:15:00Z,02S06,STIC,SP,21064680,71644.5877335552,2.30277777777778,20231023-20240520,417.0333271118992,1,fair,NA
AIMS,2023-12-28T10:30:00Z,02S06,STIC,SP,21064680,71644.5877335552,2.41,20231023-20240520,417.0333271118992,1,fair,NA
AIMS,2023-12-28T10:45:00Z,02S06,STIC,SP,21064680,71644.5877335552,2.41,20231023-20240520,417.0333271118992,1,fair,NA
AIMS,2023-12-28T11:00:00Z,02S06,STIC,SP,21064680,68889.02666688002,2.5172222222222222,20231023-20240520,395.4770209250236,1,fair,NA
AIMS,2023-12-28T11:15:00Z,02S06,STIC,SP,21064680,68889.02666688002,2.41,20231023-20240520,395.4770209250236,1,fair,NA
AIMS,2023-12-28T11:30:00Z,02S06,STIC,SP,21064680,68889.02666688002,2.5172222222222222,20231023-20240520,395.4770209250236,1,fair,NA
AIMS,2023-12-28T11:45:00Z,02S06,STIC,SP,21064680,68889.02666688002,2.5172222222222222,20231023-20240520,395.4770209250236,1,fair,NA
AIMS,2023-12-28T12:00:00Z,02S06,STIC,SP,21064680,68889.02666688002,2.5172222222222222,20231023-20240520,395.4770209250236,1,fair,NA
AIMS,2023-12-28T12:15:00Z,02S06,STIC,SP,21064680,68889.02666688002,2.6238888888888883,20231023-20240520,395.4770209250236,1,fair,NA
AIMS,2023-12-28T12:30:00Z,02S06,STIC,SP,21064680,68889.02666688002,2.6238888888888883,20231023-20240520,395.4770209250236,1,fair,NA
AIMS,2023-12-28T12:45:00Z,02S06,STIC,SP,21064680,71644.5877335552,2.730000000000001,20231023-20240520,417.0333271118992,1,fair,NA
AIMS,2023-12-28T13:00:00Z,02S06,STIC,SP,21064680,71644.5877335552,2.837222222222221,20231023-20240520,417.0333271118992,1,fair,NA
AIMS,2023-12-28T13:15:00Z,02S06,STIC,SP,21064680,71644.5877335552,2.837222222222221,20231023-20240520,417.0333271118992,1,fair,NA
AIMS,2023-12-28T13:30:00Z,02S06,STIC,SP,21064680,71644.5877335552,2.942777777777777,20231023-20240520,417.0333271118992,1,fair,NA
AIMS,2023-12-28T13:45:00Z,02S06,STIC,SP,21064680,71644.5877335552,3.048888888888888,20231023-20240520,417.0333271118992,1,fair,NA
AIMS,2023-12-28T14:00:00Z,02S06,STIC,SP,21064680,71644.5877335552,3.048888888888888,20231023-20240520,417.0333271118992,1,fair,NA
AIMS,2023-12-28T14:15:00Z,02S06,STIC,SP,21064680,71644.5877335552,2.942777777777777,20231023-20240520,417.0333271118992,1,fair,NA
AIMS,2023-12-28T14:30:00Z,02S06,STIC,SP,21064680,71644.5877335552,2.837222222222221,20231023-20240520,417.0333271118992,1,fair,NA
AIMS,2023-12-28T14:45:00Z,02S06,STIC,SP,21064680,71644.5877335552,3.048888888888888,20231023-20240520,417.0333271118992,1,fair,NA
AIMS,2023-12-28T15:00:00Z,02S06,STIC,SP,21064680,71644.5877335552,3.1550000000000007,20231023-20240520,417.0333271118992,1,fair,NA
AIMS,2023-12-28T15:15:00Z,02S06,STIC,SP,21064680,71644.5877335552,3.26111111111111,20231023-20240520,417.0333271118992,1,fair,NA
AIMS,2023-12-28T15:30:00Z,02S06,STIC,SP,21064680,68889.02666688002,3.1550000000000007,20231023-20240520,395.4770209250236,1,fair,NA
AIMS,2023-12-28T15:45:00Z,02S06,STIC,SP,21064680,68889.02666688002,3.26111111111111,20231023-20240520,395.4770209250236,1,fair,NA
AIMS,2023-12-28T16:00:00Z,02S06,STIC,SP,21064680,71644.5877335552,3.4722222222222223,20231023-20240520,417.0333271118992,1,fair,NA
AIMS,2023-12-28T16:15:00Z,02S06,STIC,SP,21064680,71644.5877335552,3.997777777777778,20231023-20240520,417.0333271118992,1,fair,NA
AIMS,2023-12-28T16:30:00Z,02S06,STIC,SP,21064680,71644.5877335552,4.518888888888888,20231023-20240520,417.0333271118992,1,fair,NA
AIMS,2023-12-28T16:45:00Z,02S06,STIC,SP,21064680,71644.5877335552,4.933888888888889,20231023-20240520,417.0333271118992,1,fair,NA
AIMS,2023-12-28T17:00:00Z,02S06,STIC,SP,21064680,71644.5877335552,5.243888888888889,20231023-20240520,417.0333271118992,1,fair,NA
AIMS,2023-12-28T17:15:00Z,02S06,STIC,SP,21064680,71644.5877335552,5.552222222222222,20231023-20240520,417.0333271118992,1,fair,NA
AIMS,2023-12-28T17:30:00Z,02S06,STIC,SP,21064680,71644.5877335552,5.552222222222222,20231023-20240520,417.0333271118992,1,fair,NA
AIMS,2023-12-28T17:45:00Z,02S06,STIC,SP,21064680,71644.5877335552,5.7572222222222225,20231023-20240520,417.0333271118992,1,fair,NA
AIMS,2023-12-28T18:00:00Z,02S06,STIC,SP,21064680,71644.5877335552,5.86,20231023-20240520,417.0333271118992,1,fair,NA
AIMS,2023-12-28T18:15:00Z,02S06,STIC,SP,21064680,71644.5877335552,6.370000000000001,20231023-20240520,417.0333271118992,1,fair,NA
AIMS,2023-12-28T18:30:00Z,02S06,STIC,SP,21064680,74400.1488002304,7.582222222222225,20231023-20240520,438.5896332987749,1,fair,NA
AIMS,2023-12-28T18:45:00Z,02S06,STIC,SP,21064680,74400.1488002304,8.68,20231023-20240520,438.5896332987749,1,fair,NA
AIMS,2023-12-28T19:00:00Z,02S06,STIC,SP,21064680,74400.1488002304,8.68,20231023-20240520,438.5896332987749,1,fair,NA
AIMS,2023-12-28T19:15:00Z,02S06,STIC,SP,21064680,74400.1488002304,9.077222222222222,20231023-20240520,438.5896332987749,1,fair,NA
AIMS,2023-12-28T19:30:00Z,02S06,STIC,SP,21064680,74400.1488002304,8.977777777777774,20231023-20240520,438.5896332987749,1,fair,NA
AIMS,2023-12-28T19:45:00Z,02S06,STIC,SP,21064680,74400.1488002304,7.682222222222225,20231023-20240520,438.5896332987749,1,fair,NA
AIMS,2023-12-28T20:00:00Z,02S06,STIC,SP,21064680,74400.1488002304,8.382222222222223,20231023-20240520,438.5896332987749,1,fair,NA
AIMS,2023-12-28T20:15:00Z,02S06,STIC,SP,21064680,74400.1488002304,7.982777777777778,20231023-20240520,438.5896332987749,1,fair,NA
AIMS,2023-12-28T20:30:00Z,02S06,STIC,SP,21064680,74400.1488002304,7.582222222222225,20231023-20240520,438.5896332987749,1,fair,NA
AIMS,2023-12-28T20:45:00Z,02S06,STIC,SP,21064680,74400.1488002304,6.775,20231023-20240520,438.5896332987749,1,fair,NA
AIMS,2023-12-28T21:00:00Z,02S06,STIC,SP,21064680,74400.1488002304,6.673888888888888,20231023-20240520,438.5896332987749,1,fair,NA
AIMS,2023-12-28T21:15:00Z,02S06,STIC,SP,21064680,74400.1488002304,6.977777777777779,20231023-20240520,438.5896332987749,1,fair,NA
AIMS,2023-12-28T21:30:00Z,02S06,STIC,SP,21064680,71644.5877335552,6.370000000000001,20231023-20240520,417.0333271118992,1,fair,NA
AIMS,2023-12-28T21:45:00Z,02S06,STIC,SP,21064680,71644.5877335552,5.655,20231023-20240520,417.0333271118992,1,fair,NA
AIMS,2023-12-28T22:00:00Z,02S06,STIC,SP,21064680,71644.5877335552,5.037222222222224,20231023-20240520,417.0333271118992,1,fair,NA
AIMS,2023-12-28T22:15:00Z,02S06,STIC,SP,21064680,71644.5877335552,4.622777777777776,20231023-20240520,417.0333271118992,1,fair,NA
AIMS,2023-12-28T22:30:00Z,02S06,STIC,SP,21064680,71644.5877335552,4.2072222222222235,20231023-20240520,417.0333271118992,1,fair,NA
AIMS,2023-12-28T22:45:00Z,02S06,STIC,SP,21064680,71644.5877335552,3.8927777777777774,20231023-20240520,417.0333271118992,1,fair,NA
AIMS,2023-12-28T23:00:00Z,02S06,STIC,SP,21064680,71644.5877335552,3.7877777777777784,20231023-20240520,417.0333271118992,1,fair,NA
AIMS,2023-12-28T23:15:00Z,02S06,STIC,SP,21064680,71644.5877335552,3.4722222222222223,20231023-20240520,417.0333271118992,1,fair,NA
AIMS,2023-12-28T23:30:00Z,02S06,STIC,SP,21064680,68889.02666688002,3.26111111111111,20231023-20240520,395.4770209250236,1,fair,NA
AIMS,2023-12-28T23:45:00Z,02S06,STIC,SP,21064680,68889.02666688002,3.048888888888888,20231023-20240520,395.4770209250236,1,fair,NA
AIMS,2023-12-29T00:00:00Z,02S06,STIC,SP,21064680,68889.02666688002,2.837222222222221,20231023-20240520,395.4770209250236,1,fair,NA
AIMS,2023-12-29T00:15:00Z,02S06,STIC,SP,21064680,68889.02666688002,2.730000000000001,20231023-20240520,395.4770209250236,1,fair,NA
AIMS,2023-12-29T00:30:00Z,02S06,STIC,SP,21064680,68889.02666688002,2.6238888888888883,20231023-20240520,395.4770209250236,1,fair,NA
AIMS,2023-12-29T00:45:00Z,02S06,STIC,SP,21064680,68889.02666688002,2.41,20231023-20240520,395.4770209250236,1,fair,NA
AIMS,2023-12-29T01:00:00Z,02S06,STIC,SP,21064680,68889.02666688002,2.730000000000001,20231023-20240520,395.4770209250236,1,fair,NA
AIMS,2023-12-29T01:15:00Z,02S06,STIC,SP,21064680,68889.02666688002,2.837222222222221,20231023-20240520,395.4770209250236,1,fair,NA
AIMS,2023-12-29T01:30:00Z,02S06,STIC,SP,21064680,68889.02666688002,3.048888888888888,20231023-20240520,395.4770209250236,1,fair,NA
AIMS,2023-12-29T01:45:00Z,02S06,STIC,SP,21064680,68889.02666688002,3.048888888888888,20231023-20240520,395.4770209250236,1,fair,NA
AIMS,2023-12-29T02:00:00Z,02S06,STIC,SP,21064680,68889.02666688002,3.26111111111111,20231023-20240520,395.4770209250236,1,fair,NA
AIMS,2023-12-29T02:15:00Z,02S06,STIC,SP,21064680,68889.02666688002,3.367222222222223,20231023-20240520,395.4770209250236,1,fair,NA
AIMS,2023-12-29T02:30:00Z,02S06,STIC,SP,21064680,68889.02666688002,3.4722222222222223,20231023-20240520,395.4770209250236,1,fair,NA
AIMS,2023-12-29T02:45:00Z,02S06,STIC,SP,21064680,68889.02666688002,3.5777777777777775,20231023-20240520,395.4770209250236,1,fair,NA
AIMS,2023-12-29T03:00:00Z,02S06,STIC,SP,21064680,68889.02666688002,3.4722222222222223,20231023-20240520,395.4770209250236,1,fair,NA
AIMS,2023-12-29T03:15:00Z,02S06,STIC,SP,21064680,68889.02666688002,3.5777777777777775,20231023-20240520,395.4770209250236,1,fair,NA
AIMS,2023-12-29T03:30:00Z,02S06,STIC,SP,21064680,68889.02666688002,3.5777777777777775,20231023-20240520,395.4770209250236,1,fair,NA
AIMS,2023-12-29T03:45:00Z,02S06,STIC,SP,21064680,68889.02666688002,3.6827777777777775,20231023-20240520,395.4770209250236,1,fair,NA
AIMS,2023-12-29T04:00:00Z,02S06,STIC,SP,21064680,68889.02666688002,3.6827777777777775,20231023-20240520,395.4770209250236,1,fair,NA
AIMS,2023-12-29T04:15:00Z,02S06,STIC,SP,21064680,68889.02666688002,3.5777777777777775,20231023-20240520,395.4770209250236,1,fair,NA
AIMS,2023-12-29T04:30:00Z,02S06,STIC,SP,21064680,68889.02666688002,3.4722222222222223,20231023-20240520,395.4770209250236,1,fair,NA
AIMS,2023-12-29T04:45:00Z,02S06,STIC,SP,21064680,68889.02666688002,3.367222222222223,20231023-20240520,395.4770209250236,1,fair,NA
AIMS,2023-12-29T05:00:00Z,02S06,STIC,SP,21064680,68889.02666688002,3.367222222222223,20231023-20240520,395.4770209250236,1,fair,NA
AIMS,2023-12-29T05:15:00Z,02S06,STIC,SP,21064680,68889.02666688002,3.367222222222223,20231023-20240520,395.4770209250236,1,fair,NA
AIMS,2023-12-29T05:30:00Z,02S06,STIC,SP,21064680,68889.02666688002,3.26111111111111,20231023-20240520,395.4770209250236,1,fair,NA
AIMS,2023-12-29T05:45:00Z,02S06,STIC,SP,21064680,68889.02666688002,3.26111111111111,20231023-20240520,395.4770209250236,1,fair,NA
AIMS,2023-12-29T06:00:00Z,02S06,STIC,SP,21064680,68889.02666688002,3.26111111111111,20231023-20240520,395.4770209250236,1,fair,NA
AIMS,2023-12-29T06:15:00Z,02S06,STIC,SP,21064680,68889.02666688002,3.367222222222223,20231023-20240520,395.4770209250236,1,fair,NA
AIMS,2023-12-29T06:30:00Z,02S06,STIC,SP,21064680,68889.02666688002,3.367222222222223,20231023-20240520,395.4770209250236,1,fair,NA
AIMS,2023-12-29T06:45:00Z,02S06,STIC,SP,21064680,68889.02666688002,3.367222222222223,20231023-20240520,395.4770209250236,1,fair,NA
AIMS,2023-12-29T07:00:00Z,02S06,STIC,SP,21064680,68889.02666688002,3.367222222222223,20231023-20240520,395.4770209250236,1,fair,NA
AIMS,2023-12-29T07:15:00Z,02S06,STIC,SP,21064680,68889.02666688002,3.367222222222223,20231023-20240520,395.4770209250236,1,fair,NA
AIMS,2023-12-29T07:30:00Z,02S06,STIC,SP,21064680,68889.02666688002,3.367222222222223,20231023-20240520,395.4770209250236,1,fair,NA
AIMS,2023-12-29T07:45:00Z,02S06,STIC,SP,21064680,68889.02666688002,3.367222222222223,20231023-20240520,395.4770209250236,1,fair,NA
AIMS,2023-12-29T08:00:00Z,02S06,STIC,SP,21064680,68889.02666688002,3.367222222222223,20231023-20240520,395.4770209250236,1,fair,NA
AIMS,2023-12-29T08:15:00Z,02S06,STIC,SP,21064680,68889.02666688002,3.367222222222223,20231023-20240520,395.4770209250236,1,fair,NA
AIMS,2023-12-29T08:30:00Z,02S06,STIC,SP,21064680,68889.02666688002,3.367222222222223,20231023-20240520,395.4770209250236,1,fair,NA
AIMS,2023-12-29T08:45:00Z,02S06,STIC,SP,21064680,68889.02666688002,3.367222222222223,20231023-20240520,395.4770209250236,1,fair,NA
AIMS,2023-12-29T09:00:00Z,02S06,STIC,SP,21064680,68889.02666688002,3.5777777777777775,20231023-20240520,395.4770209250236,1,fair,NA
AIMS,2023-12-29T09:15:00Z,02S06,STIC,SP,21064680,68889.02666688002,3.6827777777777775,20231023-20240520,395.4770209250236,1,fair,NA
AIMS,2023-12-29T09:30:00Z,02S06,STIC,SP,21064680,68889.02666688002,3.6827777777777775,20231023-20240520,395.4770209250236,1,fair,NA
AIMS,2023-12-29T09:45:00Z,02S06,STIC,SP,21064680,68889.02666688002,3.6827777777777775,20231023-20240520,395.4770209250236,1,fair,NA
AIMS,2023-12-29T10:00:00Z,02S06,STIC,SP,21064680,68889.02666688002,3.6827777777777775,20231023-20240520,395.4770209250236,1,fair,NA
AIMS,2023-12-29T10:15:00Z,02S06,STIC,SP,21064680,68889.02666688002,3.7877777777777784,20231023-20240520,395.4770209250236,1,fair,NA
AIMS,2023-12-29T10:30:00Z,02S06,STIC,SP,21064680,68889.02666688002,3.6827777777777775,20231023-20240520,395.4770209250236,1,fair,NA
AIMS,2023-12-29T10:45:00Z,02S06,STIC,SP,21064680,68889.02666688002,3.6827777777777775,20231023-20240520,395.4770209250236,1,fair,NA
AIMS,2023-12-29T11:00:00Z,02S06,STIC,SP,21064680,68889.02666688002,3.5777777777777775,20231023-20240520,395.4770209250236,1,fair,NA
AIMS,2023-12-29T11:15:00Z,02S06,STIC,SP,21064680,68889.02666688002,3.5777777777777775,20231023-20240520,395.4770209250236,1,fair,NA
AIMS,2023-12-29T11:30:00Z,02S06,STIC,SP,21064680,68889.02666688002,3.6827777777777775,20231023-20240520,395.4770209250236,1,fair,NA
AIMS,2023-12-29T11:45:00Z,02S06,STIC,SP,21064680,68889.02666688002,3.6827777777777775,20231023-20240520,395.4770209250236,1,fair,NA
AIMS,2023-12-29T12:00:00Z,02S06,STIC,SP,21064680,68889.02666688002,3.6827777777777775,20231023-20240520,395.4770209250236,1,fair,NA
AIMS,2023-12-29T12:15:00Z,02S06,STIC,SP,21064680,68889.02666688002,3.5777777777777775,20231023-20240520,395.4770209250236,1,fair,NA
AIMS,2023-12-29T12:30:00Z,02S06,STIC,SP,21064680,68889.02666688002,3.4722222222222223,20231023-20240520,395.4770209250236,1,fair,NA
AIMS,2023-12-29T12:45:00Z,02S06,STIC,SP,21064680,66133.4656002048,3.26111111111111,20231023-20240520,373.9207147381477,1,fair,NA
AIMS,2023-12-29T13:00:00Z,02S06,STIC,SP,21064680,66133.4656002048,2.942777777777777,20231023-20240520,373.9207147381477,1,fair,NA
AIMS,2023-12-29T13:15:00Z,02S06,STIC,SP,21064680,66133.4656002048,2.41,20231023-20240520,373.9207147381477,1,fair,NA
AIMS,2023-12-29T13:30:00Z,02S06,STIC,SP,21064680,66133.4656002048,2.1950000000000003,20231023-20240520,373.9207147381477,1,fair,NA
AIMS,2023-12-29T13:45:00Z,02S06,STIC,SP,21064680,66133.4656002048,2.30277777777778,20231023-20240520,373.9207147381477,1,fair,NA
AIMS,2023-12-29T14:00:00Z,02S06,STIC,SP,21064680,66133.4656002048,2.1950000000000003,20231023-20240520,373.9207147381477,1,fair,NA
AIMS,2023-12-29T14:15:00Z,02S06,STIC,SP,21064680,66133.4656002048,2.08777777777778,20231023-20240520,373.9207147381477,1,fair,NA
AIMS,2023-12-29T14:30:00Z,02S06,STIC,SP,21064680,66133.4656002048,2.08777777777778,20231023-20240520,373.9207147381477,1,fair,NA
AIMS,2023-12-29T14:45:00Z,02S06,STIC,SP,21064680,66133.4656002048,2.1950000000000003,20231023-20240520,373.9207147381477,1,fair,NA
AIMS,2023-12-29T15:00:00Z,02S06,STIC,SP,21064680,66133.4656002048,2.41,20231023-20240520,373.9207147381477,1,fair,NA
AIMS,2023-12-29T15:15:00Z,02S06,STIC,SP,21064680,66133.4656002048,2.5172222222222222,20231023-20240520,373.9207147381477,1,fair,NA
AIMS,2023-12-29T15:30:00Z,02S06,STIC,SP,21064680,66133.4656002048,2.5172222222222222,20231023-20240520,373.9207147381477,1,fair,NA
AIMS,2023-12-29T15:45:00Z,02S06,STIC,SP,21064680,66133.4656002048,2.6238888888888883,20231023-20240520,373.9207147381477,1,fair,NA
AIMS,2023-12-29T16:00:00Z,02S06,STIC,SP,21064680,66133.4656002048,2.730000000000001,20231023-20240520,373.9207147381477,1,fair,NA
AIMS,2023-12-29T16:15:00Z,02S06,STIC,SP,21064680,66133.4656002048,3.048888888888888,20231023-20240520,373.9207147381477,1,fair,NA
AIMS,2023-12-29T16:30:00Z,02S06,STIC,SP,21064680,66133.4656002048,3.7877777777777784,20231023-20240520,373.9207147381477,1,fair,NA
AIMS,2023-12-29T16:45:00Z,02S06,STIC,SP,21064680,68889.02666688002,4.2072222222222235,20231023-20240520,395.4770209250236,1,fair,NA
AIMS,2023-12-29T17:00:00Z,02S06,STIC,SP,21064680,68889.02666688002,4.727222222222222,20231023-20240520,395.4770209250236,1,fair,NA
AIMS,2023-12-29T17:15:00Z,02S06,STIC,SP,21064680,68889.02666688002,6.370000000000001,20231023-20240520,395.4770209250236,1,fair,NA
AIMS,2023-12-29T17:30:00Z,02S06,STIC,SP,21064680,68889.02666688002,7.279999999999999,20231023-20240520,395.4770209250236,1,fair,NA
AIMS,2023-12-29T17:45:00Z,02S06,STIC,SP,21064680,71644.5877335552,8.282222222222224,20231023-20240520,417.0333271118992,1,fair,NA
AIMS,2023-12-29T18:00:00Z,02S06,STIC,SP,21064680,71644.5877335552,9.66888888888889,20231023-20240520,417.0333271118992,1,fair,NA
AIMS,2023-12-29T18:15:00Z,02S06,STIC,SP,21064680,71644.5877335552,10.552777777777775,20231023-20240520,417.0333271118992,1,fair,NA
AIMS,2023-12-29T18:30:00Z,02S06,STIC,SP,21064680,71644.5877335552,11.138888888888888,20231023-20240520,417.0333271118992,1,fair,NA
AIMS,2023-12-29T18:45:00Z,02S06,STIC,SP,21064680,68889.02666688002,12.40111111111111,20231023-20240520,395.4770209250236,1,fair,NA
AIMS,2023-12-29T19:00:00Z,02S06,STIC,SP,21064680,68889.02666688002,12.11,20231023-20240520,395.4770209250236,1,fair,NA
AIMS,2023-12-29T19:15:00Z,02S06,STIC,SP,21064680,71644.5877335552,11.527777777777779,20231023-20240520,417.0333271118992,1,fair,NA
AIMS,2023-12-29T19:30:00Z,02S06,STIC,SP,21064680,68889.02666688002,11.041111111111109,20231023-20240520,395.4770209250236,1,fair,NA
AIMS,2023-12-29T19:45:00Z,02S06,STIC,SP,21064680,68889.02666688002,10.25888888888889,20231023-20240520,395.4770209250236,1,fair,NA
AIMS,2023-12-29T20:00:00Z,02S06,STIC,SP,21064680,66133.4656002048,10.25888888888889,20231023-20240520,373.9207147381477,1,fair,NA
AIMS,2023-12-29T20:15:00Z,02S06,STIC,SP,21064680,68889.02666688002,10.062777777777775,20231023-20240520,395.4770209250236,1,fair,NA
AIMS,2023-12-29T20:30:00Z,02S06,STIC,SP,21064680,68889.02666688002,9.66888888888889,20231023-20240520,395.4770209250236,1,fair,NA
AIMS,2023-12-29T20:45:00Z,02S06,STIC,SP,21064680,68889.02666688002,9.57111111111111,20231023-20240520,395.4770209250236,1,fair,NA
AIMS,2023-12-29T21:00:00Z,02S06,STIC,SP,21064680,68889.02666688002,9.275,20231023-20240520,395.4770209250236,1,fair,NA
AIMS,2023-12-29T21:15:00Z,02S06,STIC,SP,21064680,66133.4656002048,9.17611111111111,20231023-20240520,373.9207147381477,1,fair,NA
AIMS,2023-12-29T21:30:00Z,02S06,STIC,SP,21064680,66133.4656002048,8.481111111111108,20231023-20240520,373.9207147381477,1,fair,NA
AIMS,2023-12-29T21:45:00Z,02S06,STIC,SP,21064680,66133.4656002048,7.078888888888887,20231023-20240520,373.9207147381477,1,fair,NA
AIMS,2023-12-29T22:00:00Z,02S06,STIC,SP,21064680,66133.4656002048,6.370000000000001,20231023-20240520,373.9207147381477,1,fair,NA
AIMS,2023-12-29T22:15:00Z,02S06,STIC,SP,21064680,66133.4656002048,5.86,20231023-20240520,373.9207147381477,1,fair,NA
AIMS,2023-12-29T22:30:00Z,02S06,STIC,SP,21064680,66133.4656002048,5.552222222222222,20231023-20240520,373.9207147381477,1,fair,NA
AIMS,2023-12-29T22:45:00Z,02S06,STIC,SP,21064680,66133.4656002048,5.243888888888889,20231023-20240520,373.9207147381477,1,fair,NA
AIMS,2023-12-29T23:00:00Z,02S06,STIC,SP,21064680,66133.4656002048,4.8311111111111105,20231023-20240520,373.9207147381477,1,fair,NA
AIMS,2023-12-29T23:15:00Z,02S06,STIC,SP,21064680,66133.4656002048,4.518888888888888,20231023-20240520,373.9207147381477,1,fair,NA
AIMS,2023-12-29T23:30:00Z,02S06,STIC,SP,21064680,66133.4656002048,3.997777777777778,20231023-20240520,373.9207147381477,1,fair,NA
AIMS,2023-12-29T23:45:00Z,02S06,STIC,SP,21064680,63377.9045335296,3.6827777777777775,20231023-20240520,352.364408551272,1,fair,NA
AIMS,2023-12-30T00:00:00Z,02S06,STIC,SP,21064680,63377.9045335296,3.5777777777777775,20231023-20240520,352.364408551272,1,fair,NA
AIMS,2023-12-30T00:15:00Z,02S06,STIC,SP,21064680,63377.9045335296,3.367222222222223,20231023-20240520,352.364408551272,1,fair,NA
AIMS,2023-12-30T00:30:00Z,02S06,STIC,SP,21064680,63377.9045335296,3.367222222222223,20231023-20240520,352.364408551272,1,fair,NA
AIMS,2023-12-30T00:45:00Z,02S06,STIC,SP,21064680,63377.9045335296,3.26111111111111,20231023-20240520,352.364408551272,1,fair,NA
AIMS,2023-12-30T01:00:00Z,02S06,STIC,SP,21064680,63377.9045335296,3.1550000000000007,20231023-20240520,352.364408551272,1,fair,NA
AIMS,2023-12-30T01:15:00Z,02S06,STIC,SP,21064680,60622.3434668544,2.942777777777777,20231023-20240520,330.80810236439635,1,fair,NA
AIMS,2023-12-30T01:30:00Z,02S06,STIC,SP,21064680,60622.3434668544,2.942777777777777,20231023-20240520,330.80810236439635,1,fair,NA
AIMS,2023-12-30T01:45:00Z,02S06,STIC,SP,21064680,63377.9045335296,2.942777777777777,20231023-20240520,352.364408551272,1,fair,NA
AIMS,2023-12-30T02:00:00Z,02S06,STIC,SP,21064680,60622.3434668544,2.942777777777777,20231023-20240520,330.80810236439635,1,fair,NA
AIMS,2023-12-30T02:15:00Z,02S06,STIC,SP,21064680,60622.3434668544,2.837222222222221,20231023-20240520,330.80810236439635,1,fair,NA
AIMS,2023-12-30T02:30:00Z,02S06,STIC,SP,21064680,63377.9045335296,2.942777777777777,20231023-20240520,352.364408551272,1,fair,NA
AIMS,2023-12-30T02:45:00Z,02S06,STIC,SP,21064680,63377.9045335296,2.942777777777777,20231023-20240520,352.364408551272,1,fair,NA
AIMS,2023-12-30T03:00:00Z,02S06,STIC,SP,21064680,63377.9045335296,2.942777777777777,20231023-20240520,352.364408551272,1,fair,NA
AIMS,2023-12-30T03:15:00Z,02S06,STIC,SP,21064680,60622.3434668544,2.837222222222221,20231023-20240520,330.80810236439635,1,fair,NA
AIMS,2023-12-30T03:30:00Z,02S06,STIC,SP,21064680,60622.3434668544,2.837222222222221,20231023-20240520,330.80810236439635,1,fair,NA
AIMS,2023-12-30T03:45:00Z,02S06,STIC,SP,21064680,60622.3434668544,2.942777777777777,20231023-20240520,330.80810236439635,1,fair,NA
AIMS,2023-12-30T04:00:00Z,02S06,STIC,SP,21064680,60622.3434668544,2.942777777777777,20231023-20240520,330.80810236439635,1,fair,NA
AIMS,2023-12-30T04:15:00Z,02S06,STIC,SP,21064680,63377.9045335296,3.048888888888888,20231023-20240520,352.364408551272,1,fair,NA
AIMS,2023-12-30T04:30:00Z,02S06,STIC,SP,21064680,63377.9045335296,2.942777777777777,20231023-20240520,352.364408551272,1,fair,NA
AIMS,2023-12-30T04:45:00Z,02S06,STIC,SP,21064680,63377.9045335296,2.942777777777777,20231023-20240520,352.364408551272,1,fair,NA
AIMS,2023-12-30T05:00:00Z,02S06,STIC,SP,21064680,63377.9045335296,2.942777777777777,20231023-20240520,352.364408551272,1,fair,NA
AIMS,2023-12-30T05:15:00Z,02S06,STIC,SP,21064680,63377.9045335296,2.942777777777777,20231023-20240520,352.364408551272,1,fair,NA
AIMS,2023-12-30T05:30:00Z,02S06,STIC,SP,21064680,63377.9045335296,2.837222222222221,20231023-20240520,352.364408551272,1,fair,NA
AIMS,2023-12-30T05:45:00Z,02S06,STIC,SP,21064680,63377.9045335296,2.837222222222221,20231023-20240520,352.364408551272,1,fair,NA
AIMS,2023-12-30T06:00:00Z,02S06,STIC,SP,21064680,63377.9045335296,2.730000000000001,20231023-20240520,352.364408551272,1,fair,NA
AIMS,2023-12-30T06:15:00Z,02S06,STIC,SP,21064680,63377.9045335296,2.6238888888888883,20231023-20240520,352.364408551272,1,fair,NA
AIMS,2023-12-30T06:30:00Z,02S06,STIC,SP,21064680,63377.9045335296,2.5172222222222222,20231023-20240520,352.364408551272,1,fair,NA
AIMS,2023-12-30T06:45:00Z,02S06,STIC,SP,21064680,63377.9045335296,2.6238888888888883,20231023-20240520,352.364408551272,1,fair,NA
AIMS,2023-12-30T07:00:00Z,02S06,STIC,SP,21064680,63377.9045335296,2.5172222222222222,20231023-20240520,352.364408551272,1,fair,NA
AIMS,2023-12-30T07:15:00Z,02S06,STIC,SP,21064680,63377.9045335296,2.41,20231023-20240520,352.364408551272,1,fair,NA
AIMS,2023-12-30T07:30:00Z,02S06,STIC,SP,21064680,63377.9045335296,2.41,20231023-20240520,352.364408551272,1,fair,NA
AIMS,2023-12-30T07:45:00Z,02S06,STIC,SP,21064680,63377.9045335296,2.30277777777778,20231023-20240520,352.364408551272,1,fair,NA
AIMS,2023-12-30T08:00:00Z,02S06,STIC,SP,21064680,63377.9045335296,2.30277777777778,20231023-20240520,352.364408551272,1,fair,NA
AIMS,2023-12-30T08:15:00Z,02S06,STIC,SP,21064680,63377.9045335296,2.41,20231023-20240520,352.364408551272,1,fair,NA
AIMS,2023-12-30T08:30:00Z,02S06,STIC,SP,21064680,63377.9045335296,2.30277777777778,20231023-20240520,352.364408551272,1,fair,NA
AIMS,2023-12-30T08:45:00Z,02S06,STIC,SP,21064680,63377.9045335296,2.30277777777778,20231023-20240520,352.364408551272,1,fair,NA
AIMS,2023-12-30T09:00:00Z,02S06,STIC,SP,21064680,63377.9045335296,2.1950000000000003,20231023-20240520,352.364408551272,1,fair,NA
AIMS,2023-12-30T09:15:00Z,02S06,STIC,SP,21064680,63377.9045335296,2.1950000000000003,20231023-20240520,352.364408551272,1,fair,NA
AIMS,2023-12-30T09:30:00Z,02S06,STIC,SP,21064680,63377.9045335296,2.08777777777778,20231023-20240520,352.364408551272,1,fair,NA
AIMS,2023-12-30T09:45:00Z,02S06,STIC,SP,21064680,63377.9045335296,2.1950000000000003,20231023-20240520,352.364408551272,1,fair,NA
AIMS,2023-12-30T10:00:00Z,02S06,STIC,SP,21064680,63377.9045335296,2.1950000000000003,20231023-20240520,352.364408551272,1,fair,NA
AIMS,2023-12-30T10:15:00Z,02S06,STIC,SP,21064680,63377.9045335296,2.08777777777778,20231023-20240520,352.364408551272,1,fair,NA
AIMS,2023-12-30T10:30:00Z,02S06,STIC,SP,21064680,63377.9045335296,2.08777777777778,20231023-20240520,352.364408551272,1,fair,NA
AIMS,2023-12-30T10:45:00Z,02S06,STIC,SP,21064680,63377.9045335296,1.98,20231023-20240520,352.364408551272,1,fair,NA
AIMS,2023-12-30T11:00:00Z,02S06,STIC,SP,21064680,63377.9045335296,1.98,20231023-20240520,352.364408551272,1,fair,NA
AIMS,2023-12-30T11:15:00Z,02S06,STIC,SP,21064680,63377.9045335296,1.98,20231023-20240520,352.364408551272,1,fair,NA
AIMS,2023-12-30T11:30:00Z,02S06,STIC,SP,21064680,63377.9045335296,1.98,20231023-20240520,352.364408551272,1,fair,NA
AIMS,2023-12-30T11:45:00Z,02S06,STIC,SP,21064680,63377.9045335296,1.98,20231023-20240520,352.364408551272,1,fair,NA
AIMS,2023-12-30T12:00:00Z,02S06,STIC,SP,21064680,63377.9045335296,2.08777777777778,20231023-20240520,352.364408551272,1,fair,NA
AIMS,2023-12-30T12:15:00Z,02S06,STIC,SP,21064680,63377.9045335296,2.1950000000000003,20231023-20240520,352.364408551272,1,fair,NA
AIMS,2023-12-30T12:30:00Z,02S06,STIC,SP,21064680,63377.9045335296,2.1950000000000003,20231023-20240520,352.364408551272,1,fair,NA
AIMS,2023-12-30T12:45:00Z,02S06,STIC,SP,21064680,66133.4656002048,2.30277777777778,20231023-20240520,373.9207147381477,1,fair,NA
AIMS,2023-12-30T13:00:00Z,02S06,STIC,SP,21064680,66133.4656002048,2.41,20231023-20240520,373.9207147381477,1,fair,NA
AIMS,2023-12-30T13:15:00Z,02S06,STIC,SP,21064680,66133.4656002048,2.6238888888888883,20231023-20240520,373.9207147381477,1,fair,NA
AIMS,2023-12-30T13:30:00Z,02S06,STIC,SP,21064680,66133.4656002048,2.837222222222221,20231023-20240520,373.9207147381477,1,fair,NA
AIMS,2023-12-30T13:45:00Z,02S06,STIC,SP,21064680,66133.4656002048,2.942777777777777,20231023-20240520,373.9207147381477,1,fair,NA
AIMS,2023-12-30T14:00:00Z,02S06,STIC,SP,21064680,66133.4656002048,3.1550000000000007,20231023-20240520,373.9207147381477,1,fair,NA
AIMS,2023-12-30T14:15:00Z,02S06,STIC,SP,21064680,66133.4656002048,3.367222222222223,20231023-20240520,373.9207147381477,1,fair,NA
AIMS,2023-12-30T14:30:00Z,02S06,STIC,SP,21064680,66133.4656002048,3.5777777777777775,20231023-20240520,373.9207147381477,1,fair,NA
AIMS,2023-12-30T14:45:00Z,02S06,STIC,SP,21064680,66133.4656002048,3.6827777777777775,20231023-20240520,373.9207147381477,1,fair,NA
AIMS,2023-12-30T15:00:00Z,02S06,STIC,SP,21064680,66133.4656002048,3.997777777777778,20231023-20240520,373.9207147381477,1,fair,NA
AIMS,2023-12-30T15:15:00Z,02S06,STIC,SP,21064680,66133.4656002048,4.31111111111111,20231023-20240520,373.9207147381477,1,fair,NA
AIMS,2023-12-30T15:30:00Z,02S06,STIC,SP,21064680,66133.4656002048,4.518888888888888,20231023-20240520,373.9207147381477,1,fair,NA
AIMS,2023-12-30T15:45:00Z,02S06,STIC,SP,21064680,66133.4656002048,4.727222222222222,20231023-20240520,373.9207147381477,1,fair,NA
AIMS,2023-12-30T16:00:00Z,02S06,STIC,SP,21064680,66133.4656002048,5.037222222222224,20231023-20240520,373.9207147381477,1,fair,NA
AIMS,2023-12-30T16:15:00Z,02S06,STIC,SP,21064680,66133.4656002048,5.552222222222222,20231023-20240520,373.9207147381477,1,fair,NA
AIMS,2023-12-30T16:30:00Z,02S06,STIC,SP,21064680,66133.4656002048,5.655,20231023-20240520,373.9207147381477,1,fair,NA
AIMS,2023-12-30T16:45:00Z,02S06,STIC,SP,21064680,66133.4656002048,5.7572222222222225,20231023-20240520,373.9207147381477,1,fair,NA
AIMS,2023-12-30T17:00:00Z,02S06,STIC,SP,21064680,66133.4656002048,6.063888888888887,20231023-20240520,373.9207147381477,1,fair,NA
AIMS,2023-12-30T17:15:00Z,02S06,STIC,SP,21064680,66133.4656002048,6.1661111111111095,20231023-20240520,373.9207147381477,1,fair,NA
AIMS,2023-12-30T17:30:00Z,02S06,STIC,SP,21064680,66133.4656002048,6.471111111111114,20231023-20240520,373.9207147381477,1,fair,NA
AIMS,2023-12-30T17:45:00Z,02S06,STIC,SP,21064680,66133.4656002048,6.5727777777777785,20231023-20240520,373.9207147381477,1,fair,NA
AIMS,2023-12-30T18:00:00Z,02S06,STIC,SP,21064680,68889.02666688002,7.582222222222225,20231023-20240520,395.4770209250236,1,fair,NA
AIMS,2023-12-30T18:15:00Z,02S06,STIC,SP,21064680,68889.02666688002,7.782222222222226,20231023-20240520,395.4770209250236,1,fair,NA
AIMS,2023-12-30T18:30:00Z,02S06,STIC,SP,21064680,68889.02666688002,8.977777777777774,20231023-20240520,395.4770209250236,1,fair,NA
AIMS,2023-12-30T18:45:00Z,02S06,STIC,SP,21064680,68889.02666688002,8.581111111111108,20231023-20240520,395.4770209250236,1,fair,NA
AIMS,2023-12-30T19:00:00Z,02S06,STIC,SP,21064680,68889.02666688002,9.965000000000002,20231023-20240520,395.4770209250236,1,fair,NA
AIMS,2023-12-30T19:15:00Z,02S06,STIC,SP,21064680,68889.02666688002,11.236111111111107,20231023-20240520,395.4770209250236,1,fair,NA
AIMS,2023-12-30T19:30:00Z,02S06,STIC,SP,21064680,68889.02666688002,10.943888888888887,20231023-20240520,395.4770209250236,1,fair,NA
AIMS,2023-12-30T19:45:00Z,02S06,STIC,SP,21064680,68889.02666688002,10.943888888888887,20231023-20240520,395.4770209250236,1,fair,NA
AIMS,2023-12-30T20:00:00Z,02S06,STIC,SP,21064680,68889.02666688002,9.866111111111111,20231023-20240520,395.4770209250236,1,fair,NA
AIMS,2023-12-30T20:15:00Z,02S06,STIC,SP,21064680,68889.02666688002,9.866111111111111,20231023-20240520,395.4770209250236,1,fair,NA
AIMS,2023-12-30T20:30:00Z,02S06,STIC,SP,21064680,68889.02666688002,10.357222222222227,20231023-20240520,395.4770209250236,1,fair,NA
AIMS,2023-12-30T20:45:00Z,02S06,STIC,SP,21064680,68889.02666688002,11.041111111111109,20231023-20240520,395.4770209250236,1,fair,NA
AIMS,2023-12-30T21:00:00Z,02S06,STIC,SP,21064680,71644.5877335552,11.72222222222222,20231023-20240520,417.0333271118992,1,fair,NA
AIMS,2023-12-30T21:15:00Z,02S06,STIC,SP,21064680,71644.5877335552,11.431111111111111,20231023-20240520,417.0333271118992,1,fair,NA
AIMS,2023-12-30T21:30:00Z,02S06,STIC,SP,21064680,68889.02666688002,10.25888888888889,20231023-20240520,395.4770209250236,1,fair,NA
AIMS,2023-12-30T21:45:00Z,02S06,STIC,SP,21064680,68889.02666688002,8.778888888888888,20231023-20240520,395.4770209250236,1,fair,NA
AIMS,2023-12-30T22:00:00Z,02S06,STIC,SP,21064680,68889.02666688002,8.481111111111108,20231023-20240520,395.4770209250236,1,fair,NA
AIMS,2023-12-30T22:15:00Z,02S06,STIC,SP,21064680,68889.02666688002,7.982777777777778,20231023-20240520,395.4770209250236,1,fair,NA
AIMS,2023-12-30T22:30:00Z,02S06,STIC,SP,21064680,68889.02666688002,7.4811111111111135,20231023-20240520,395.4770209250236,1,fair,NA
AIMS,2023-12-30T22:45:00Z,02S06,STIC,SP,21064680,68889.02666688002,7.078888888888887,20231023-20240520,395.4770209250236,1,fair,NA
AIMS,2023-12-30T23:00:00Z,02S06,STIC,SP,21064680,66133.4656002048,6.267777777777775,20231023-20240520,373.9207147381477,1,fair,NA
AIMS,2023-12-30T23:15:00Z,02S06,STIC,SP,21064680,66133.4656002048,5.7572222222222225,20231023-20240520,373.9207147381477,1,fair,NA
AIMS,2023-12-30T23:30:00Z,02S06,STIC,SP,21064680,66133.4656002048,5.347222222222222,20231023-20240520,373.9207147381477,1,fair,NA
AIMS,2023-12-30T23:45:00Z,02S06,STIC,SP,21064680,66133.4656002048,4.933888888888889,20231023-20240520,373.9207147381477,1,fair,NA
AIMS,2023-12-31T00:00:00Z,02S06,STIC,SP,21064680,66133.4656002048,4.727222222222222,20231023-20240520,373.9207147381477,1,fair,NA
AIMS,2023-12-31T00:15:00Z,02S06,STIC,SP,21064680,66133.4656002048,4.727222222222222,20231023-20240520,373.9207147381477,1,fair,NA
AIMS,2023-12-31T00:30:00Z,02S06,STIC,SP,21064680,66133.4656002048,4.518888888888888,20231023-20240520,373.9207147381477,1,fair,NA
AIMS,2023-12-31T00:45:00Z,02S06,STIC,SP,21064680,66133.4656002048,4.518888888888888,20231023-20240520,373.9207147381477,1,fair,NA
AIMS,2023-12-31T01:00:00Z,02S06,STIC,SP,21064680,66133.4656002048,4.518888888888888,20231023-20240520,373.9207147381477,1,fair,NA
AIMS,2023-12-31T01:15:00Z,02S06,STIC,SP,21064680,66133.4656002048,4.415000000000002,20231023-20240520,373.9207147381477,1,fair,NA
AIMS,2023-12-31T01:30:00Z,02S06,STIC,SP,21064680,66133.4656002048,4.31111111111111,20231023-20240520,373.9207147381477,1,fair,NA
AIMS,2023-12-31T01:45:00Z,02S06,STIC,SP,21064680,66133.4656002048,4.2072222222222235,20231023-20240520,373.9207147381477,1,fair,NA
AIMS,2023-12-31T02:00:00Z,02S06,STIC,SP,21064680,66133.4656002048,3.997777777777778,20231023-20240520,373.9207147381477,1,fair,NA
AIMS,2023-12-31T02:15:00Z,02S06,STIC,SP,21064680,66133.4656002048,3.8927777777777774,20231023-20240520,373.9207147381477,1,fair,NA
AIMS,2023-12-31T02:30:00Z,02S06,STIC,SP,21064680,66133.4656002048,3.8927777777777774,20231023-20240520,373.9207147381477,1,fair,NA
AIMS,2023-12-31T02:45:00Z,02S06,STIC,SP,21064680,66133.4656002048,3.5777777777777775,20231023-20240520,373.9207147381477,1,fair,NA
AIMS,2023-12-31T03:00:00Z,02S06,STIC,SP,21064680,66133.4656002048,3.5777777777777775,20231023-20240520,373.9207147381477,1,fair,NA
AIMS,2023-12-31T03:15:00Z,02S06,STIC,SP,21064680,66133.4656002048,3.367222222222223,20231023-20240520,373.9207147381477,1,fair,NA
AIMS,2023-12-31T03:30:00Z,02S06,STIC,SP,21064680,66133.4656002048,3.048888888888888,20231023-20240520,373.9207147381477,1,fair,NA
AIMS,2023-12-31T03:45:00Z,02S06,STIC,SP,21064680,66133.4656002048,2.942777777777777,20231023-20240520,373.9207147381477,1,fair,NA
AIMS,2023-12-31T04:00:00Z,02S06,STIC,SP,21064680,66133.4656002048,3.048888888888888,20231023-20240520,373.9207147381477,1,fair,NA
AIMS,2023-12-31T04:15:00Z,02S06,STIC,SP,21064680,66133.4656002048,3.26111111111111,20231023-20240520,373.9207147381477,1,fair,NA
AIMS,2023-12-31T04:30:00Z,02S06,STIC,SP,21064680,66133.4656002048,3.367222222222223,20231023-20240520,373.9207147381477,1,fair,NA
AIMS,2023-12-31T04:45:00Z,02S06,STIC,SP,21064680,66133.4656002048,3.4722222222222223,20231023-20240520,373.9207147381477,1,fair,NA
AIMS,2023-12-31T05:00:00Z,02S06,STIC,SP,21064680,66133.4656002048,3.367222222222223,20231023-20240520,373.9207147381477,1,fair,NA
AIMS,2023-12-31T05:15:00Z,02S06,STIC,SP,21064680,66133.4656002048,3.26111111111111,20231023-20240520,373.9207147381477,1,fair,NA
AIMS,2023-12-31T05:30:00Z,02S06,STIC,SP,21064680,66133.4656002048,3.26111111111111,20231023-20240520,373.9207147381477,1,fair,NA
AIMS,2023-12-31T05:45:00Z,02S06,STIC,SP,21064680,66133.4656002048,3.048888888888888,20231023-20240520,373.9207147381477,1,fair,NA
AIMS,2023-12-31T06:00:00Z,02S06,STIC,SP,21064680,66133.4656002048,3.048888888888888,20231023-20240520,373.9207147381477,1,fair,NA
AIMS,2023-12-31T06:15:00Z,02S06,STIC,SP,21064680,66133.4656002048,2.837222222222221,20231023-20240520,373.9207147381477,1,fair,NA
AIMS,2023-12-31T06:30:00Z,02S06,STIC,SP,21064680,66133.4656002048,2.6238888888888883,20231023-20240520,373.9207147381477,1,fair,NA
AIMS,2023-12-31T06:45:00Z,02S06,STIC,SP,21064680,66133.4656002048,2.6238888888888883,20231023-20240520,373.9207147381477,1,fair,NA
AIMS,2023-12-31T07:00:00Z,02S06,STIC,SP,21064680,66133.4656002048,2.6238888888888883,20231023-20240520,373.9207147381477,1,fair,NA
AIMS,2023-12-31T07:15:00Z,02S06,STIC,SP,21064680,66133.4656002048,2.6238888888888883,20231023-20240520,373.9207147381477,1,fair,NA
AIMS,2023-12-31T07:30:00Z,02S06,STIC,SP,21064680,66133.4656002048,2.6238888888888883,20231023-20240520,373.9207147381477,1,fair,NA
AIMS,2023-12-31T07:45:00Z,02S06,STIC,SP,21064680,66133.4656002048,2.41,20231023-20240520,373.9207147381477,1,fair,NA
AIMS,2023-12-31T08:00:00Z,02S06,STIC,SP,21064680,66133.4656002048,2.30277777777778,20231023-20240520,373.9207147381477,1,fair,NA
AIMS,2023-12-31T08:15:00Z,02S06,STIC,SP,21064680,66133.4656002048,2.730000000000001,20231023-20240520,373.9207147381477,1,fair,NA
AIMS,2023-12-31T08:30:00Z,02S06,STIC,SP,21064680,66133.4656002048,2.942777777777777,20231023-20240520,373.9207147381477,1,fair,NA
AIMS,2023-12-31T08:45:00Z,02S06,STIC,SP,21064680,66133.4656002048,3.048888888888888,20231023-20240520,373.9207147381477,1,fair,NA
AIMS,2023-12-31T09:00:00Z,02S06,STIC,SP,21064680,66133.4656002048,3.048888888888888,20231023-20240520,373.9207147381477,1,fair,NA
AIMS,2023-12-31T09:15:00Z,02S06,STIC,SP,21064680,66133.4656002048,3.048888888888888,20231023-20240520,373.9207147381477,1,fair,NA
AIMS,2023-12-31T09:30:00Z,02S06,STIC,SP,21064680,66133.4656002048,3.1550000000000007,20231023-20240520,373.9207147381477,1,fair,NA
AIMS,2023-12-31T09:45:00Z,02S06,STIC,SP,21064680,66133.4656002048,3.26111111111111,20231023-20240520,373.9207147381477,1,fair,NA
AIMS,2023-12-31T10:00:00Z,02S06,STIC,SP,21064680,66133.4656002048,3.26111111111111,20231023-20240520,373.9207147381477,1,fair,NA
AIMS,2023-12-31T10:15:00Z,02S06,STIC,SP,21064680,66133.4656002048,3.26111111111111,20231023-20240520,373.9207147381477,1,fair,NA
AIMS,2023-12-31T10:30:00Z,02S06,STIC,SP,21064680,66133.4656002048,3.1550000000000007,20231023-20240520,373.9207147381477,1,fair,NA
AIMS,2023-12-31T10:45:00Z,02S06,STIC,SP,21064680,66133.4656002048,3.048888888888888,20231023-20240520,373.9207147381477,1,fair,NA
AIMS,2023-12-31T11:00:00Z,02S06,STIC,SP,21064680,66133.4656002048,2.942777777777777,20231023-20240520,373.9207147381477,1,fair,NA
AIMS,2023-12-31T11:15:00Z,02S06,STIC,SP,21064680,63377.9045335296,2.730000000000001,20231023-20240520,352.364408551272,1,fair,NA
AIMS,2023-12-31T11:30:00Z,02S06,STIC,SP,21064680,63377.9045335296,2.6238888888888883,20231023-20240520,352.364408551272,1,fair,NA
AIMS,2023-12-31T11:45:00Z,02S06,STIC,SP,21064680,63377.9045335296,2.6238888888888883,20231023-20240520,352.364408551272,1,fair,NA
AIMS,2023-12-31T12:00:00Z,02S06,STIC,SP,21064680,63377.9045335296,2.5172222222222222,20231023-20240520,352.364408551272,1,fair,NA
AIMS,2023-12-31T12:15:00Z,02S06,STIC,SP,21064680,63377.9045335296,2.41,20231023-20240520,352.364408551272,1,fair,NA
AIMS,2023-12-31T12:30:00Z,02S06,STIC,SP,21064680,63377.9045335296,2.41,20231023-20240520,352.364408551272,1,fair,NA
AIMS,2023-12-31T12:45:00Z,02S06,STIC,SP,21064680,63377.9045335296,2.41,20231023-20240520,352.364408551272,1,fair,NA
AIMS,2023-12-31T13:00:00Z,02S06,STIC,SP,21064680,63377.9045335296,2.41,20231023-20240520,352.364408551272,1,fair,NA
AIMS,2023-12-31T13:15:00Z,02S06,STIC,SP,21064680,63377.9045335296,2.5172222222222222,20231023-20240520,352.364408551272,1,fair,NA
AIMS,2023-12-31T13:30:00Z,02S06,STIC,SP,21064680,63377.9045335296,2.30277777777778,20231023-20240520,352.364408551272,1,fair,NA
AIMS,2023-12-31T13:45:00Z,02S06,STIC,SP,21064680,63377.9045335296,2.1950000000000003,20231023-20240520,352.364408551272,1,fair,NA
AIMS,2023-12-31T14:00:00Z,02S06,STIC,SP,21064680,63377.9045335296,2.1950000000000003,20231023-20240520,352.364408551272,1,fair,NA
AIMS,2023-12-31T14:15:00Z,02S06,STIC,SP,21064680,63377.9045335296,2.1950000000000003,20231023-20240520,352.364408551272,1,fair,NA
AIMS,2023-12-31T14:30:00Z,02S06,STIC,SP,21064680,63377.9045335296,2.41,20231023-20240520,352.364408551272,1,fair,NA
AIMS,2023-12-31T14:45:00Z,02S06,STIC,SP,21064680,63377.9045335296,2.6238888888888883,20231023-20240520,352.364408551272,1,fair,NA
AIMS,2023-12-31T15:00:00Z,02S06,STIC,SP,21064680,66133.4656002048,2.730000000000001,20231023-20240520,373.9207147381477,1,fair,NA
AIMS,2023-12-31T15:15:00Z,02S06,STIC,SP,21064680,63377.9045335296,2.837222222222221,20231023-20240520,352.364408551272,1,fair,NA
AIMS,2023-12-31T15:30:00Z,02S06,STIC,SP,21064680,66133.4656002048,2.730000000000001,20231023-20240520,373.9207147381477,1,fair,NA
AIMS,2023-12-31T15:45:00Z,02S06,STIC,SP,21064680,63377.9045335296,2.837222222222221,20231023-20240520,352.364408551272,1,fair,NA
AIMS,2023-12-31T16:00:00Z,02S06,STIC,SP,21064680,63377.9045335296,2.837222222222221,20231023-20240520,352.364408551272,1,fair,NA
AIMS,2023-12-31T16:15:00Z,02S06,STIC,SP,21064680,63377.9045335296,2.837222222222221,20231023-20240520,352.364408551272,1,fair,NA
AIMS,2023-12-31T16:30:00Z,02S06,STIC,SP,21064680,63377.9045335296,2.942777777777777,20231023-20240520,352.364408551272,1,fair,NA
AIMS,2023-12-31T16:45:00Z,02S06,STIC,SP,21064680,63377.9045335296,3.048888888888888,20231023-20240520,352.364408551272,1,fair,NA
AIMS,2023-12-31T17:00:00Z,02S06,STIC,SP,21064680,63377.9045335296,3.048888888888888,20231023-20240520,352.364408551272,1,fair,NA
AIMS,2023-12-31T17:15:00Z,02S06,STIC,SP,21064680,66133.4656002048,3.26111111111111,20231023-20240520,373.9207147381477,1,fair,NA
AIMS,2023-12-31T17:30:00Z,02S06,STIC,SP,21064680,66133.4656002048,3.26111111111111,20231023-20240520,373.9207147381477,1,fair,NA
AIMS,2023-12-31T17:45:00Z,02S06,STIC,SP,21064680,66133.4656002048,3.4722222222222223,20231023-20240520,373.9207147381477,1,fair,NA
AIMS,2023-12-31T18:00:00Z,02S06,STIC,SP,21064680,66133.4656002048,3.367222222222223,20231023-20240520,373.9207147381477,1,fair,NA
AIMS,2023-12-31T18:15:00Z,02S06,STIC,SP,21064680,66133.4656002048,3.5777777777777775,20231023-20240520,373.9207147381477,1,fair,NA
AIMS,2023-12-31T18:30:00Z,02S06,STIC,SP,21064680,66133.4656002048,3.5777777777777775,20231023-20240520,373.9207147381477,1,fair,NA
AIMS,2023-12-31T18:45:00Z,02S06,STIC,SP,21064680,66133.4656002048,3.5777777777777775,20231023-20240520,373.9207147381477,1,fair,NA
AIMS,2023-12-31T19:00:00Z,02S06,STIC,SP,21064680,66133.4656002048,3.5777777777777775,20231023-20240520,373.9207147381477,1,fair,NA
AIMS,2023-12-31T19:15:00Z,02S06,STIC,SP,21064680,66133.4656002048,3.4722222222222223,20231023-20240520,373.9207147381477,1,fair,NA
AIMS,2023-12-31T19:30:00Z,02S06,STIC,SP,21064680,66133.4656002048,3.367222222222223,20231023-20240520,373.9207147381477,1,fair,NA
AIMS,2023-12-31T19:45:00Z,02S06,STIC,SP,21064680,66133.4656002048,3.367222222222223,20231023-20240520,373.9207147381477,1,fair,NA
AIMS,2023-12-31T20:00:00Z,02S06,STIC,SP,21064680,63377.9045335296,3.367222222222223,20231023-20240520,352.364408551272,1,fair,NA
AIMS,2023-12-31T20:15:00Z,02S06,STIC,SP,21064680,66133.4656002048,3.367222222222223,20231023-20240520,373.9207147381477,1,fair,NA
AIMS,2023-12-31T20:30:00Z,02S06,STIC,SP,21064680,66133.4656002048,3.367222222222223,20231023-20240520,373.9207147381477,1,fair,NA
AIMS,2023-12-31T20:45:00Z,02S06,STIC,SP,21064680,63377.9045335296,3.26111111111111,20231023-20240520,352.364408551272,1,fair,NA
AIMS,2023-12-31T21:00:00Z,02S06,STIC,SP,21064680,63377.9045335296,3.26111111111111,20231023-20240520,352.364408551272,1,fair,NA
AIMS,2023-12-31T21:15:00Z,02S06,STIC,SP,21064680,63377.9045335296,3.048888888888888,20231023-20240520,352.364408551272,1,fair,NA
AIMS,2023-12-31T21:30:00Z,02S06,STIC,SP,21064680,63377.9045335296,3.048888888888888,20231023-20240520,352.364408551272,1,fair,NA
AIMS,2023-12-31T21:45:00Z,02S06,STIC,SP,21064680,63377.9045335296,2.942777777777777,20231023-20240520,352.364408551272,1,fair,NA
AIMS,2023-12-31T22:00:00Z,02S06,STIC,SP,21064680,63377.9045335296,3.048888888888888,20231023-20240520,352.364408551272,1,fair,NA
AIMS,2023-12-31T22:15:00Z,02S06,STIC,SP,21064680,63377.9045335296,2.942777777777777,20231023-20240520,352.364408551272,1,fair,NA
AIMS,2023-12-31T22:30:00Z,02S06,STIC,SP,21064680,63377.9045335296,2.942777777777777,20231023-20240520,352.364408551272,1,fair,NA
AIMS,2023-12-31T22:45:00Z,02S06,STIC,SP,21064680,63377.9045335296,2.837222222222221,20231023-20240520,352.364408551272,1,fair,NA
AIMS,2023-12-31T23:00:00Z,02S06,STIC,SP,21064680,63377.9045335296,2.730000000000001,20231023-20240520,352.364408551272,1,fair,NA
AIMS,2023-12-31T23:15:00Z,02S06,STIC,SP,21064680,63377.9045335296,2.730000000000001,20231023-20240520,352.364408551272,1,fair,NA
AIMS,2023-12-31T23:30:00Z,02S06,STIC,SP,21064680,63377.9045335296,2.730000000000001,20231023-20240520,352.364408551272,1,fair,NA
AIMS,2023-12-31T23:45:00Z,02S06,STIC,SP,21064680,63377.9045335296,2.730000000000001,20231023-20240520,352.364408551272,1,fair,NA
