project,datetime,siteId,rType,rep,sublocation,SN,condUncal,tempC,SpC,wetdry,qual_rating,QAQC
AIMS,2021-09-28T20:00:00Z,TLM12,STIC,20210928-20220221,HS,21059656,4133.4,19.567,3.837466725799998,1,poor,NA
AIMS,2021-09-28T20:15:00Z,TLM12,STIC,20210928-20220221,HS,21059656,4133.4,19.662,3.837466725799998,1,poor,NA
AIMS,2021-09-28T20:30:00Z,TLM12,STIC,20210928-20220221,HS,21059656,4133.4,19.662,3.837466725799998,1,poor,NA
AIMS,2021-09-28T20:45:00Z,TLM12,STIC,20210928-20220221,HS,21059656,4133.4,19.758,3.837466725799998,1,poor,NA
AIMS,2021-09-28T21:00:00Z,TLM12,STIC,20210928-20220221,HS,21059656,4305.6,19.758,4.314756393200001,1,poor,NA
AIMS,2021-09-28T21:15:00Z,TLM12,STIC,20210928-20220221,HS,21059656,4305.6,19.853,4.314756393200001,1,poor,NA
AIMS,2021-09-28T21:30:00Z,TLM12,STIC,20210928-20220221,HS,21059656,4305.6,19.853,4.314756393200001,1,poor,NA
AIMS,2021-09-28T21:45:00Z,TLM12,STIC,20210928-20220221,HS,21059656,4305.6,19.853,4.314756393200001,1,poor,NA
AIMS,2021-09-28T22:00:00Z,TLM12,STIC,20210928-20220221,HS,21059656,4305.6,19.853,4.314756393200001,1,poor,NA
AIMS,2021-09-28T22:15:00Z,TLM12,STIC,20210928-20220221,HS,21059656,4305.6,19.758,4.314756393200001,1,poor,NA
AIMS,2021-09-28T22:30:00Z,TLM12,STIC,20210928-20220221,HS,21059656,4133.4,19.758,3.837466725799998,1,poor,NA
AIMS,2021-09-28T22:45:00Z,TLM12,STIC,20210928-20220221,HS,21059656,4133.4,19.758,3.837466725799998,1,poor,NA
AIMS,2021-09-28T23:00:00Z,TLM12,STIC,20210928-20220221,HS,21059656,4133.4,19.758,3.837466725799998,1,poor,NA
AIMS,2021-09-28T23:15:00Z,TLM12,STIC,20210928-20220221,HS,21059656,4477.8,19.662,4.7920460606,1,poor,NA
AIMS,2021-09-28T23:30:00Z,TLM12,STIC,20210928-20220221,HS,21059656,4305.6,19.662,4.314756393200001,1,poor,NA
AIMS,2021-09-28T23:45:00Z,TLM12,STIC,20210928-20220221,HS,21059656,4305.6,19.567,4.314756393200001,1,poor,NA
AIMS,2021-09-29T00:00:00Z,TLM12,STIC,20210928-20220221,HS,21059656,4133.4,19.567,3.837466725799998,1,poor,NA
AIMS,2021-09-29T00:15:00Z,TLM12,STIC,20210928-20220221,HS,21059656,4133.4,19.472,3.837466725799998,1,poor,NA
AIMS,2021-09-29T00:30:00Z,TLM12,STIC,20210928-20220221,HS,21059656,3961.1,19.472,3.3598998867,1,poor,NA
AIMS,2021-09-29T00:45:00Z,TLM12,STIC,20210928-20220221,HS,21059656,3788.9,19.377,2.882610219299999,1,poor,NA
AIMS,2021-09-29T01:00:00Z,TLM12,STIC,20210928-20220221,HS,21059656,3788.9,19.377,2.882610219299999,1,poor,NA
AIMS,2021-09-29T01:15:00Z,TLM12,STIC,20210928-20220221,HS,21059656,3788.9,19.282,2.882610219299999,1,poor,NA
AIMS,2021-09-29T01:30:00Z,TLM12,STIC,20210928-20220221,HS,21059656,3616.7,19.282,2.4053205519,1,poor,NA
AIMS,2021-09-29T01:45:00Z,TLM12,STIC,20210928-20220221,HS,21059656,3616.7,19.187,2.4053205519,1,poor,NA
AIMS,2021-09-29T02:00:00Z,TLM12,STIC,20210928-20220221,HS,21059656,3616.7,19.092,2.4053205519,1,poor,NA
AIMS,2021-09-29T02:15:00Z,TLM12,STIC,20210928-20220221,HS,21059656,3788.9,19.092,2.882610219299999,1,poor,NA
AIMS,2021-09-29T02:30:00Z,TLM12,STIC,20210928-20220221,HS,21059656,3616.7,18.996,2.4053205519,1,poor,NA
AIMS,2021-09-29T02:45:00Z,TLM12,STIC,20210928-20220221,HS,21059656,3788.9,18.901,2.882610219299999,1,poor,NA
AIMS,2021-09-29T03:00:00Z,TLM12,STIC,20210928-20220221,HS,21059656,3788.9,18.901,2.882610219299999,1,poor,NA
AIMS,2021-09-29T03:15:00Z,TLM12,STIC,20210928-20220221,HS,21059656,3961.1,18.806,3.3598998867,1,poor,NA
AIMS,2021-09-29T03:30:00Z,TLM12,STIC,20210928-20220221,HS,21059656,3961.1,18.806,3.3598998867,1,poor,NA
AIMS,2021-09-29T03:45:00Z,TLM12,STIC,20210928-20220221,HS,21059656,3961.1,18.711,3.3598998867,1,poor,NA
AIMS,2021-09-29T04:00:00Z,TLM12,STIC,20210928-20220221,HS,21059656,3961.1,18.711,3.3598998867,1,poor,NA
AIMS,2021-09-29T04:15:00Z,TLM12,STIC,20210928-20220221,HS,21059656,4133.4,18.616,3.837466725799998,1,poor,NA
AIMS,2021-09-29T04:30:00Z,TLM12,STIC,20210928-20220221,HS,21059656,4133.4,18.616,3.837466725799998,1,poor,NA
AIMS,2021-09-29T04:45:00Z,TLM12,STIC,20210928-20220221,HS,21059656,4133.4,18.521,3.837466725799998,1,poor,NA
AIMS,2021-09-29T05:00:00Z,TLM12,STIC,20210928-20220221,HS,21059656,4133.4,18.521,3.837466725799998,1,poor,NA
AIMS,2021-09-29T05:15:00Z,TLM12,STIC,20210928-20220221,HS,21059656,4133.4,18.426,3.837466725799998,1,poor,NA
AIMS,2021-09-29T05:30:00Z,TLM12,STIC,20210928-20220221,HS,21059656,4133.4,18.426,3.837466725799998,1,poor,NA
AIMS,2021-09-29T05:45:00Z,TLM12,STIC,20210928-20220221,HS,21059656,4305.6,18.426,4.314756393200001,1,poor,NA
AIMS,2021-09-29T06:00:00Z,TLM12,STIC,20210928-20220221,HS,21059656,4305.6,18.331,4.314756393200001,1,poor,NA
AIMS,2021-09-29T06:15:00Z,TLM12,STIC,20210928-20220221,HS,21059656,4477.8,18.331,4.7920460606,1,poor,NA
AIMS,2021-09-29T06:30:00Z,TLM12,STIC,20210928-20220221,HS,21059656,4477.8,18.236,4.7920460606,1,poor,NA
AIMS,2021-09-29T06:45:00Z,TLM12,STIC,20210928-20220221,HS,21059656,4305.6,18.236,4.314756393200001,1,poor,NA
AIMS,2021-09-29T07:00:00Z,TLM12,STIC,20210928-20220221,HS,21059656,4305.6,18.236,4.314756393200001,1,poor,NA
AIMS,2021-09-29T07:15:00Z,TLM12,STIC,20210928-20220221,HS,21059656,4305.6,18.14,4.314756393200001,1,poor,NA
AIMS,2021-09-29T07:30:00Z,TLM12,STIC,20210928-20220221,HS,21059656,4305.6,18.14,4.314756393200001,1,poor,NA
AIMS,2021-09-29T07:45:00Z,TLM12,STIC,20210928-20220221,HS,21059656,4305.6,18.045,4.314756393200001,1,poor,NA
AIMS,2021-09-29T08:00:00Z,TLM12,STIC,20210928-20220221,HS,21059656,4305.6,18.045,4.314756393200001,1,poor,NA
AIMS,2021-09-29T08:15:00Z,TLM12,STIC,20210928-20220221,HS,21059656,4305.6,18.045,4.314756393200001,1,poor,NA
AIMS,2021-09-29T08:30:00Z,TLM12,STIC,20210928-20220221,HS,21059656,4305.6,18.045,4.314756393200001,1,poor,NA
AIMS,2021-09-29T08:45:00Z,TLM12,STIC,20210928-20220221,HS,21059656,4133.4,17.95,3.837466725799998,1,poor,NA
AIMS,2021-09-29T09:00:00Z,TLM12,STIC,20210928-20220221,HS,21059656,3961.1,17.95,3.3598998867,1,poor,NA
AIMS,2021-09-29T09:15:00Z,TLM12,STIC,20210928-20220221,HS,21059656,3961.1,17.95,3.3598998867,1,poor,NA
AIMS,2021-09-29T09:30:00Z,TLM12,STIC,20210928-20220221,HS,21059656,4133.4,17.855,3.837466725799998,1,poor,NA
AIMS,2021-09-29T09:45:00Z,TLM12,STIC,20210928-20220221,HS,21059656,4133.4,17.855,3.837466725799998,1,poor,NA
AIMS,2021-09-29T10:00:00Z,TLM12,STIC,20210928-20220221,HS,21059656,4305.6,17.855,4.314756393200001,1,poor,NA
AIMS,2021-09-29T10:15:00Z,TLM12,STIC,20210928-20220221,HS,21059656,4133.4,17.76,3.837466725799998,1,poor,NA
AIMS,2021-09-29T10:30:00Z,TLM12,STIC,20210928-20220221,HS,21059656,3961.1,17.76,3.3598998867,1,poor,NA
AIMS,2021-09-29T10:45:00Z,TLM12,STIC,20210928-20220221,HS,21059656,3961.1,17.76,3.3598998867,1,poor,NA
AIMS,2021-09-29T11:00:00Z,TLM12,STIC,20210928-20220221,HS,21059656,3788.9,17.665,2.882610219299999,1,poor,NA
AIMS,2021-09-29T11:15:00Z,TLM12,STIC,20210928-20220221,HS,21059656,3788.9,17.665,2.882610219299999,1,poor,NA
AIMS,2021-09-29T11:30:00Z,TLM12,STIC,20210928-20220221,HS,21059656,3788.9,17.665,2.882610219299999,1,poor,NA
AIMS,2021-09-29T11:45:00Z,TLM12,STIC,20210928-20220221,HS,21059656,3788.9,17.665,2.882610219299999,1,poor,NA
AIMS,2021-09-29T12:00:00Z,TLM12,STIC,20210928-20220221,HS,21059656,3788.9,17.57,2.882610219299999,1,poor,NA
AIMS,2021-09-29T12:15:00Z,TLM12,STIC,20210928-20220221,HS,21059656,3616.7,17.57,2.4053205519,1,poor,NA
AIMS,2021-09-29T12:30:00Z,TLM12,STIC,20210928-20220221,HS,21059656,3616.7,17.57,2.4053205519,1,poor,NA
AIMS,2021-09-29T12:45:00Z,TLM12,STIC,20210928-20220221,HS,21059656,3616.7,17.57,2.4053205519,1,poor,NA
AIMS,2021-09-29T13:00:00Z,TLM12,STIC,20210928-20220221,HS,21059656,3616.7,17.475,2.4053205519,1,poor,NA
AIMS,2021-09-29T13:15:00Z,TLM12,STIC,20210928-20220221,HS,21059656,3616.7,17.57,2.4053205519,1,poor,NA
AIMS,2021-09-29T13:30:00Z,TLM12,STIC,20210928-20220221,HS,21059656,3616.7,17.57,2.4053205519,1,poor,NA
AIMS,2021-09-29T13:45:00Z,TLM12,STIC,20210928-20220221,HS,21059656,3616.7,17.57,2.4053205519,1,poor,NA
AIMS,2021-09-29T14:00:00Z,TLM12,STIC,20210928-20220221,HS,21059656,3616.7,17.57,2.4053205519,1,poor,NA
AIMS,2021-09-29T14:15:00Z,TLM12,STIC,20210928-20220221,HS,21059656,3616.7,17.665,2.4053205519,1,poor,NA
AIMS,2021-09-29T14:30:00Z,TLM12,STIC,20210928-20220221,HS,21059656,3616.7,17.76,2.4053205519,1,poor,NA
AIMS,2021-09-29T14:45:00Z,TLM12,STIC,20210928-20220221,HS,21059656,3616.7,17.855,2.4053205519,1,poor,NA
AIMS,2021-09-29T15:00:00Z,TLM12,STIC,20210928-20220221,HS,21059656,3616.7,17.95,2.4053205519,1,poor,NA
AIMS,2021-09-29T15:15:00Z,TLM12,STIC,20210928-20220221,HS,21059656,3616.7,18.045,2.4053205519,1,poor,NA
AIMS,2021-09-29T15:30:00Z,TLM12,STIC,20210928-20220221,HS,21059656,3616.7,18.236,2.4053205519,1,poor,NA
AIMS,2021-09-29T15:45:00Z,TLM12,STIC,20210928-20220221,HS,21059656,3616.7,18.331,2.4053205519,1,poor,NA
AIMS,2021-09-29T16:00:00Z,TLM12,STIC,20210928-20220221,HS,21059656,3616.7,18.426,2.4053205519,1,poor,NA
AIMS,2021-09-29T16:15:00Z,TLM12,STIC,20210928-20220221,HS,21059656,3616.7,18.521,2.4053205519,1,poor,NA
AIMS,2021-09-29T16:30:00Z,TLM12,STIC,20210928-20220221,HS,21059656,3616.7,18.711,2.4053205519,1,poor,NA
AIMS,2021-09-29T16:45:00Z,TLM12,STIC,20210928-20220221,HS,21059656,3616.7,18.806,2.4053205519,1,poor,NA
AIMS,2021-09-29T17:00:00Z,TLM12,STIC,20210928-20220221,HS,21059656,3616.7,18.901,2.4053205519,1,poor,NA
AIMS,2021-09-29T17:15:00Z,TLM12,STIC,20210928-20220221,HS,21059656,3616.7,18.996,2.4053205519,1,poor,NA
AIMS,2021-09-29T17:30:00Z,TLM12,STIC,20210928-20220221,HS,21059656,3788.9,19.092,2.882610219299999,1,poor,NA
AIMS,2021-09-29T17:45:00Z,TLM12,STIC,20210928-20220221,HS,21059656,3961.1,19.187,3.3598998867,1,poor,NA
AIMS,2021-09-29T18:00:00Z,TLM12,STIC,20210928-20220221,HS,21059656,4133.4,19.377,3.837466725799998,1,poor,NA
AIMS,2021-09-29T18:15:00Z,TLM12,STIC,20210928-20220221,HS,21059656,4133.4,19.472,3.837466725799998,1,poor,NA
AIMS,2021-09-29T18:30:00Z,TLM12,STIC,20210928-20220221,HS,21059656,4133.4,19.662,3.837466725799998,1,poor,NA
AIMS,2021-09-29T18:45:00Z,TLM12,STIC,20210928-20220221,HS,21059656,4133.4,19.758,3.837466725799998,1,poor,NA
AIMS,2021-09-29T19:00:00Z,TLM12,STIC,20210928-20220221,HS,21059656,4305.6,19.853,4.314756393200001,1,poor,NA
AIMS,2021-09-29T19:15:00Z,TLM12,STIC,20210928-20220221,HS,21059656,4305.6,19.948,4.314756393200001,1,poor,NA
AIMS,2021-09-29T19:30:00Z,TLM12,STIC,20210928-20220221,HS,21059656,4477.8,19.948,4.7920460606,1,poor,NA
AIMS,2021-09-29T19:45:00Z,TLM12,STIC,20210928-20220221,HS,21059656,4477.8,20.043,4.7920460606,1,poor,NA
AIMS,2021-09-29T20:00:00Z,TLM12,STIC,20210928-20220221,HS,21059656,4650,20.043,5.269335727999999,1,poor,NA
AIMS,2021-09-29T20:15:00Z,TLM12,STIC,20210928-20220221,HS,21059656,4650,20.138,5.269335727999999,1,poor,NA
AIMS,2021-09-29T20:30:00Z,TLM12,STIC,20210928-20220221,HS,21059656,4650,20.138,5.269335727999999,1,poor,NA
AIMS,2021-09-29T20:45:00Z,TLM12,STIC,20210928-20220221,HS,21059656,4477.8,20.138,4.7920460606,1,poor,NA
AIMS,2021-09-29T21:00:00Z,TLM12,STIC,20210928-20220221,HS,21059656,4650,20.234,5.269335727999999,1,poor,NA
AIMS,2021-09-29T21:15:00Z,TLM12,STIC,20210928-20220221,HS,21059656,4650,20.234,5.269335727999999,1,poor,NA
AIMS,2021-09-29T21:30:00Z,TLM12,STIC,20210928-20220221,HS,21059656,4477.8,20.234,4.7920460606,1,poor,NA
AIMS,2021-09-29T21:45:00Z,TLM12,STIC,20210928-20220221,HS,21059656,4477.8,20.234,4.7920460606,1,poor,NA
AIMS,2021-09-29T22:00:00Z,TLM12,STIC,20210928-20220221,HS,21059656,4477.8,20.138,4.7920460606,1,poor,NA
AIMS,2021-09-29T22:15:00Z,TLM12,STIC,20210928-20220221,HS,21059656,4477.8,20.138,4.7920460606,1,poor,NA
AIMS,2021-09-29T22:30:00Z,TLM12,STIC,20210928-20220221,HS,21059656,4477.8,20.138,4.7920460606,1,poor,NA
AIMS,2021-09-29T22:45:00Z,TLM12,STIC,20210928-20220221,HS,21059656,4477.8,20.043,4.7920460606,1,poor,NA
AIMS,2021-09-29T23:00:00Z,TLM12,STIC,20210928-20220221,HS,21059656,4477.8,20.043,4.7920460606,1,poor,NA
AIMS,2021-09-29T23:15:00Z,TLM12,STIC,20210928-20220221,HS,21059656,4477.8,20.043,4.7920460606,1,poor,NA
AIMS,2021-09-29T23:30:00Z,TLM12,STIC,20210928-20220221,HS,21059656,4477.8,19.948,4.7920460606,1,poor,NA
AIMS,2021-09-29T23:45:00Z,TLM12,STIC,20210928-20220221,HS,21059656,4477.8,19.948,4.7920460606,1,poor,NA
AIMS,2021-09-30T00:00:00Z,TLM12,STIC,20210928-20220221,HS,21059656,4477.8,19.853,4.7920460606,1,poor,NA
AIMS,2021-09-30T00:15:00Z,TLM12,STIC,20210928-20220221,HS,21059656,4305.6,19.853,4.314756393200001,1,poor,NA
AIMS,2021-09-30T00:30:00Z,TLM12,STIC,20210928-20220221,HS,21059656,4305.6,19.758,4.314756393200001,1,poor,NA
AIMS,2021-09-30T00:45:00Z,TLM12,STIC,20210928-20220221,HS,21059656,4305.6,19.758,4.314756393200001,1,poor,NA
AIMS,2021-09-30T01:00:00Z,TLM12,STIC,20210928-20220221,HS,21059656,4305.6,19.662,4.314756393200001,1,poor,NA
AIMS,2021-09-30T01:15:00Z,TLM12,STIC,20210928-20220221,HS,21059656,4133.4,19.662,3.837466725799998,1,poor,NA
AIMS,2021-09-30T01:30:00Z,TLM12,STIC,20210928-20220221,HS,21059656,4133.4,19.567,3.837466725799998,1,poor,NA
AIMS,2021-09-30T01:45:00Z,TLM12,STIC,20210928-20220221,HS,21059656,4133.4,19.567,3.837466725799998,1,poor,NA
AIMS,2021-09-30T02:00:00Z,TLM12,STIC,20210928-20220221,HS,21059656,3961.1,19.472,3.3598998867,1,poor,NA
AIMS,2021-09-30T02:15:00Z,TLM12,STIC,20210928-20220221,HS,21059656,3961.1,19.472,3.3598998867,1,poor,NA
AIMS,2021-09-30T02:30:00Z,TLM12,STIC,20210928-20220221,HS,21059656,3961.1,19.377,3.3598998867,1,poor,NA
AIMS,2021-09-30T02:45:00Z,TLM12,STIC,20210928-20220221,HS,21059656,3961.1,19.377,3.3598998867,1,poor,NA
AIMS,2021-09-30T03:00:00Z,TLM12,STIC,20210928-20220221,HS,21059656,3961.1,19.282,3.3598998867,1,poor,NA
AIMS,2021-09-30T03:15:00Z,TLM12,STIC,20210928-20220221,HS,21059656,3961.1,19.282,3.3598998867,1,poor,NA
AIMS,2021-09-30T03:30:00Z,TLM12,STIC,20210928-20220221,HS,21059656,3961.1,19.187,3.3598998867,1,poor,NA
AIMS,2021-09-30T03:45:00Z,TLM12,STIC,20210928-20220221,HS,21059656,3961.1,19.187,3.3598998867,1,poor,NA
AIMS,2021-09-30T04:00:00Z,TLM12,STIC,20210928-20220221,HS,21059656,3961.1,19.092,3.3598998867,1,poor,NA
AIMS,2021-09-30T04:15:00Z,TLM12,STIC,20210928-20220221,HS,21059656,3788.9,19.092,2.882610219299999,1,poor,NA
AIMS,2021-09-30T04:30:00Z,TLM12,STIC,20210928-20220221,HS,21059656,3788.9,18.996,2.882610219299999,1,poor,NA
AIMS,2021-09-30T04:45:00Z,TLM12,STIC,20210928-20220221,HS,21059656,3788.9,18.996,2.882610219299999,1,poor,NA
AIMS,2021-09-30T05:00:00Z,TLM12,STIC,20210928-20220221,HS,21059656,3961.1,18.901,3.3598998867,1,poor,NA
AIMS,2021-09-30T05:15:00Z,TLM12,STIC,20210928-20220221,HS,21059656,3961.1,18.901,3.3598998867,1,poor,NA
AIMS,2021-09-30T05:30:00Z,TLM12,STIC,20210928-20220221,HS,21059656,3788.9,18.806,2.882610219299999,1,poor,NA
AIMS,2021-09-30T05:45:00Z,TLM12,STIC,20210928-20220221,HS,21059656,3788.9,18.806,2.882610219299999,1,poor,NA
AIMS,2021-09-30T06:00:00Z,TLM12,STIC,20210928-20220221,HS,21059656,3788.9,18.806,2.882610219299999,1,poor,NA
AIMS,2021-09-30T06:15:00Z,TLM12,STIC,20210928-20220221,HS,21059656,3788.9,18.711,2.882610219299999,1,poor,NA
AIMS,2021-09-30T06:30:00Z,TLM12,STIC,20210928-20220221,HS,21059656,3788.9,18.711,2.882610219299999,1,poor,NA
AIMS,2021-09-30T06:45:00Z,TLM12,STIC,20210928-20220221,HS,21059656,4133.4,18.711,3.837466725799998,1,poor,NA
AIMS,2021-09-30T07:00:00Z,TLM12,STIC,20210928-20220221,HS,21059656,3961.1,18.616,3.3598998867,1,poor,NA
AIMS,2021-09-30T07:15:00Z,TLM12,STIC,20210928-20220221,HS,21059656,4133.4,18.616,3.837466725799998,1,poor,NA
AIMS,2021-09-30T07:30:00Z,TLM12,STIC,20210928-20220221,HS,21059656,3961.1,18.521,3.3598998867,1,poor,NA
AIMS,2021-09-30T07:45:00Z,TLM12,STIC,20210928-20220221,HS,21059656,4133.4,18.521,3.837466725799998,1,poor,NA
AIMS,2021-09-30T08:00:00Z,TLM12,STIC,20210928-20220221,HS,21059656,4133.4,18.521,3.837466725799998,1,poor,NA
AIMS,2021-09-30T08:15:00Z,TLM12,STIC,20210928-20220221,HS,21059656,4133.4,18.426,3.837466725799998,1,poor,NA
AIMS,2021-09-30T08:30:00Z,TLM12,STIC,20210928-20220221,HS,21059656,4133.4,18.426,3.837466725799998,1,poor,NA
AIMS,2021-09-30T08:45:00Z,TLM12,STIC,20210928-20220221,HS,21059656,4133.4,18.426,3.837466725799998,1,poor,NA
AIMS,2021-09-30T09:00:00Z,TLM12,STIC,20210928-20220221,HS,21059656,4133.4,18.331,3.837466725799998,1,poor,NA
AIMS,2021-09-30T09:15:00Z,TLM12,STIC,20210928-20220221,HS,21059656,4133.4,18.331,3.837466725799998,1,poor,NA
AIMS,2021-09-30T09:30:00Z,TLM12,STIC,20210928-20220221,HS,21059656,4133.4,18.331,3.837466725799998,1,poor,NA
AIMS,2021-09-30T09:45:00Z,TLM12,STIC,20210928-20220221,HS,21059656,4133.4,18.331,3.837466725799998,1,poor,NA
AIMS,2021-09-30T10:00:00Z,TLM12,STIC,20210928-20220221,HS,21059656,4305.6,18.236,4.314756393200001,1,poor,NA
AIMS,2021-09-30T10:15:00Z,TLM12,STIC,20210928-20220221,HS,21059656,4305.6,18.236,4.314756393200001,1,poor,NA
AIMS,2021-09-30T10:30:00Z,TLM12,STIC,20210928-20220221,HS,21059656,4305.6,18.14,4.314756393200001,1,poor,NA
AIMS,2021-09-30T10:45:00Z,TLM12,STIC,20210928-20220221,HS,21059656,4305.6,18.14,4.314756393200001,1,poor,NA
AIMS,2021-09-30T11:00:00Z,TLM12,STIC,20210928-20220221,HS,21059656,4477.8,18.14,4.7920460606,1,poor,NA
AIMS,2021-09-30T11:15:00Z,TLM12,STIC,20210928-20220221,HS,21059656,4477.8,18.045,4.7920460606,1,poor,NA
AIMS,2021-09-30T11:30:00Z,TLM12,STIC,20210928-20220221,HS,21059656,4305.6,18.045,4.314756393200001,1,poor,NA
AIMS,2021-09-30T11:45:00Z,TLM12,STIC,20210928-20220221,HS,21059656,4133.4,18.045,3.837466725799998,1,poor,NA
AIMS,2021-09-30T12:00:00Z,TLM12,STIC,20210928-20220221,HS,21059656,4305.6,18.045,4.314756393200001,1,poor,NA
AIMS,2021-09-30T12:15:00Z,TLM12,STIC,20210928-20220221,HS,21059656,4477.8,17.95,4.7920460606,1,poor,NA
AIMS,2021-09-30T12:30:00Z,TLM12,STIC,20210928-20220221,HS,21059656,4650,17.95,5.269335727999999,1,poor,NA
AIMS,2021-09-30T12:45:00Z,TLM12,STIC,20210928-20220221,HS,21059656,4650,17.95,5.269335727999999,1,poor,NA
AIMS,2021-09-30T13:00:00Z,TLM12,STIC,20210928-20220221,HS,21059656,4477.8,17.95,4.7920460606,1,poor,NA
AIMS,2021-09-30T13:15:00Z,TLM12,STIC,20210928-20220221,HS,21059656,4477.8,17.95,4.7920460606,1,poor,NA
AIMS,2021-09-30T13:30:00Z,TLM12,STIC,20210928-20220221,HS,21059656,4305.6,17.95,4.314756393200001,1,poor,NA
AIMS,2021-09-30T13:45:00Z,TLM12,STIC,20210928-20220221,HS,21059656,4133.4,18.045,3.837466725799998,1,poor,NA
AIMS,2021-09-30T14:00:00Z,TLM12,STIC,20210928-20220221,HS,21059656,4133.4,18.045,3.837466725799998,1,poor,NA
AIMS,2021-09-30T14:15:00Z,TLM12,STIC,20210928-20220221,HS,21059656,4305.6,18.14,4.314756393200001,1,poor,NA
AIMS,2021-09-30T14:30:00Z,TLM12,STIC,20210928-20220221,HS,21059656,4305.6,18.14,4.314756393200001,1,poor,NA
AIMS,2021-09-30T14:45:00Z,TLM12,STIC,20210928-20220221,HS,21059656,4477.8,18.236,4.7920460606,1,poor,NA
AIMS,2021-09-30T15:00:00Z,TLM12,STIC,20210928-20220221,HS,21059656,4477.8,18.331,4.7920460606,1,poor,NA
AIMS,2021-09-30T15:15:00Z,TLM12,STIC,20210928-20220221,HS,21059656,4477.8,18.426,4.7920460606,1,poor,NA
AIMS,2021-09-30T15:30:00Z,TLM12,STIC,20210928-20220221,HS,21059656,4477.8,18.521,4.7920460606,1,poor,NA
AIMS,2021-09-30T15:45:00Z,TLM12,STIC,20210928-20220221,HS,21059656,4305.6,18.616,4.314756393200001,1,poor,NA
AIMS,2021-09-30T16:00:00Z,TLM12,STIC,20210928-20220221,HS,21059656,4305.6,18.711,4.314756393200001,1,poor,NA
AIMS,2021-09-30T16:15:00Z,TLM12,STIC,20210928-20220221,HS,21059656,4305.6,18.806,4.314756393200001,1,poor,NA
AIMS,2021-09-30T16:30:00Z,TLM12,STIC,20210928-20220221,HS,21059656,4305.6,18.901,4.314756393200001,1,poor,NA
AIMS,2021-09-30T16:45:00Z,TLM12,STIC,20210928-20220221,HS,21059656,4305.6,18.996,4.314756393200001,1,poor,NA
AIMS,2021-09-30T17:00:00Z,TLM12,STIC,20210928-20220221,HS,21059656,4477.8,19.092,4.7920460606,1,poor,NA
AIMS,2021-09-30T17:15:00Z,TLM12,STIC,20210928-20220221,HS,21059656,4477.8,19.282,4.7920460606,1,poor,NA
AIMS,2021-09-30T17:30:00Z,TLM12,STIC,20210928-20220221,HS,21059656,4650,19.282,5.269335727999999,1,poor,NA
AIMS,2021-09-30T17:45:00Z,TLM12,STIC,20210928-20220221,HS,21059656,4650,19.377,5.269335727999999,1,poor,NA
AIMS,2021-09-30T18:00:00Z,TLM12,STIC,20210928-20220221,HS,21059656,4822.3,19.377,5.7469025671,1,poor,NA
AIMS,2021-09-30T18:15:00Z,TLM12,STIC,20210928-20220221,HS,21059656,4822.3,19.472,5.7469025671,1,poor,NA
AIMS,2021-09-30T18:30:00Z,TLM12,STIC,20210928-20220221,HS,21059656,4822.3,19.472,5.7469025671,1,poor,NA
AIMS,2021-09-30T18:45:00Z,TLM12,STIC,20210928-20220221,HS,21059656,4994.5,19.472,6.224192234499999,1,poor,NA
AIMS,2021-09-30T19:00:00Z,TLM12,STIC,20210928-20220221,HS,21059656,4994.5,19.567,6.224192234499999,1,poor,NA
AIMS,2021-09-30T19:15:00Z,TLM12,STIC,20210928-20220221,HS,21059656,4994.5,19.567,6.224192234499999,1,poor,NA
AIMS,2021-09-30T19:30:00Z,TLM12,STIC,20210928-20220221,HS,21059656,5166.7,19.567,6.7014819018999985,1,poor,NA
AIMS,2021-09-30T19:45:00Z,TLM12,STIC,20210928-20220221,HS,21059656,5166.7,19.662,6.7014819018999985,1,poor,NA
AIMS,2021-09-30T20:00:00Z,TLM12,STIC,20210928-20220221,HS,21059656,5166.7,19.758,6.7014819018999985,1,poor,NA
AIMS,2021-09-30T20:15:00Z,TLM12,STIC,20210928-20220221,HS,21059656,5338.9,19.758,7.178771569299999,1,poor,NA
AIMS,2021-09-30T20:30:00Z,TLM12,STIC,20210928-20220221,HS,21059656,5338.9,19.853,7.178771569299999,1,poor,NA
AIMS,2021-09-30T20:45:00Z,TLM12,STIC,20210928-20220221,HS,21059656,4822.3,19.853,5.7469025671,1,poor,NA
AIMS,2021-09-30T21:00:00Z,TLM12,STIC,20210928-20220221,HS,21059656,4477.8,19.853,4.7920460606,1,poor,NA
AIMS,2021-09-30T21:15:00Z,TLM12,STIC,20210928-20220221,HS,21059656,4305.6,19.853,4.314756393200001,1,poor,NA
AIMS,2021-09-30T21:30:00Z,TLM12,STIC,20210928-20220221,HS,21059656,4133.4,19.948,3.837466725799998,1,poor,NA
AIMS,2021-09-30T21:45:00Z,TLM12,STIC,20210928-20220221,HS,21059656,4133.4,19.948,3.837466725799998,1,poor,NA
AIMS,2021-09-30T22:00:00Z,TLM12,STIC,20210928-20220221,HS,21059656,4133.4,19.948,3.837466725799998,1,poor,NA
AIMS,2021-09-30T22:15:00Z,TLM12,STIC,20210928-20220221,HS,21059656,4133.4,19.948,3.837466725799998,1,poor,NA
AIMS,2021-09-30T22:30:00Z,TLM12,STIC,20210928-20220221,HS,21059656,3961.1,19.948,3.3598998867,1,poor,NA
AIMS,2021-09-30T22:45:00Z,TLM12,STIC,20210928-20220221,HS,21059656,3961.1,19.853,3.3598998867,1,poor,NA
AIMS,2021-09-30T23:00:00Z,TLM12,STIC,20210928-20220221,HS,21059656,3961.1,19.853,3.3598998867,1,poor,NA
AIMS,2021-09-30T23:15:00Z,TLM12,STIC,20210928-20220221,HS,21059656,3961.1,19.853,3.3598998867,1,poor,NA
AIMS,2021-09-30T23:30:00Z,TLM12,STIC,20210928-20220221,HS,21059656,3961.1,19.853,3.3598998867,1,poor,NA
AIMS,2021-09-30T23:45:00Z,TLM12,STIC,20210928-20220221,HS,21059656,3961.1,19.758,3.3598998867,1,poor,NA
AIMS,2021-10-01T00:00:00Z,TLM12,STIC,20210928-20220221,HS,21059656,3788.9,19.758,2.882610219299999,1,poor,NA
AIMS,2021-10-01T00:15:00Z,TLM12,STIC,20210928-20220221,HS,21059656,3788.9,19.758,2.882610219299999,1,poor,NA
AIMS,2021-10-01T00:30:00Z,TLM12,STIC,20210928-20220221,HS,21059656,3788.9,19.758,2.882610219299999,1,poor,NA
AIMS,2021-10-01T00:45:00Z,TLM12,STIC,20210928-20220221,HS,21059656,3788.9,19.662,2.882610219299999,1,poor,NA
AIMS,2021-10-01T01:00:00Z,TLM12,STIC,20210928-20220221,HS,21059656,3788.9,19.662,2.882610219299999,1,poor,NA
AIMS,2021-10-01T01:15:00Z,TLM12,STIC,20210928-20220221,HS,21059656,3788.9,19.662,2.882610219299999,1,poor,NA
AIMS,2021-10-01T01:30:00Z,TLM12,STIC,20210928-20220221,HS,21059656,3961.1,19.567,3.3598998867,1,poor,NA
AIMS,2021-10-01T01:45:00Z,TLM12,STIC,20210928-20220221,HS,21059656,3961.1,19.567,3.3598998867,1,poor,NA
AIMS,2021-10-01T02:00:00Z,TLM12,STIC,20210928-20220221,HS,21059656,3961.1,19.567,3.3598998867,1,poor,NA
AIMS,2021-10-01T02:15:00Z,TLM12,STIC,20210928-20220221,HS,21059656,3961.1,19.567,3.3598998867,1,poor,NA
AIMS,2021-10-01T02:30:00Z,TLM12,STIC,20210928-20220221,HS,21059656,3961.1,19.472,3.3598998867,1,poor,NA
AIMS,2021-10-01T02:45:00Z,TLM12,STIC,20210928-20220221,HS,21059656,3961.1,19.472,3.3598998867,1,poor,NA
AIMS,2021-10-01T03:00:00Z,TLM12,STIC,20210928-20220221,HS,21059656,4133.4,19.472,3.837466725799998,1,poor,NA
AIMS,2021-10-01T03:15:00Z,TLM12,STIC,20210928-20220221,HS,21059656,4133.4,19.377,3.837466725799998,1,poor,NA
AIMS,2021-10-01T03:30:00Z,TLM12,STIC,20210928-20220221,HS,21059656,4133.4,19.377,3.837466725799998,1,poor,NA
AIMS,2021-10-01T03:45:00Z,TLM12,STIC,20210928-20220221,HS,21059656,4305.6,19.377,4.314756393200001,1,poor,NA
AIMS,2021-10-01T04:00:00Z,TLM12,STIC,20210928-20220221,HS,21059656,4133.4,19.282,3.837466725799998,1,poor,NA
AIMS,2021-10-01T04:15:00Z,TLM12,STIC,20210928-20220221,HS,21059656,4133.4,19.282,3.837466725799998,1,poor,NA
AIMS,2021-10-01T04:30:00Z,TLM12,STIC,20210928-20220221,HS,21059656,4133.4,19.282,3.837466725799998,1,poor,NA
AIMS,2021-10-01T04:45:00Z,TLM12,STIC,20210928-20220221,HS,21059656,3961.1,19.187,3.3598998867,1,poor,NA
AIMS,2021-10-01T05:00:00Z,TLM12,STIC,20210928-20220221,HS,21059656,4133.4,19.187,3.837466725799998,1,poor,NA
AIMS,2021-10-01T05:15:00Z,TLM12,STIC,20210928-20220221,HS,21059656,4305.6,19.092,4.314756393200001,1,poor,NA
AIMS,2021-10-01T05:30:00Z,TLM12,STIC,20210928-20220221,HS,21059656,4133.4,19.092,3.837466725799998,1,poor,NA
AIMS,2021-10-01T05:45:00Z,TLM12,STIC,20210928-20220221,HS,21059656,4133.4,18.996,3.837466725799998,1,poor,NA
AIMS,2021-10-01T06:00:00Z,TLM12,STIC,20210928-20220221,HS,21059656,4305.6,18.996,4.314756393200001,1,poor,NA
AIMS,2021-10-01T06:15:00Z,TLM12,STIC,20210928-20220221,HS,21059656,4477.8,18.996,4.7920460606,1,poor,NA
AIMS,2021-10-01T06:30:00Z,TLM12,STIC,20210928-20220221,HS,21059656,4650,18.901,5.269335727999999,1,poor,NA
AIMS,2021-10-01T06:45:00Z,TLM12,STIC,20210928-20220221,HS,21059656,4650,18.901,5.269335727999999,1,poor,NA
AIMS,2021-10-01T07:00:00Z,TLM12,STIC,20210928-20220221,HS,21059656,4477.8,18.806,4.7920460606,1,poor,NA
AIMS,2021-10-01T07:15:00Z,TLM12,STIC,20210928-20220221,HS,21059656,4477.8,18.806,4.7920460606,1,poor,NA
AIMS,2021-10-01T07:30:00Z,TLM12,STIC,20210928-20220221,HS,21059656,4477.8,18.806,4.7920460606,1,poor,NA
AIMS,2021-10-01T07:45:00Z,TLM12,STIC,20210928-20220221,HS,21059656,4650,18.711,5.269335727999999,1,poor,NA
AIMS,2021-10-01T08:00:00Z,TLM12,STIC,20210928-20220221,HS,21059656,4822.3,18.711,5.7469025671,1,poor,NA
AIMS,2021-10-01T08:15:00Z,TLM12,STIC,20210928-20220221,HS,21059656,4994.5,18.616,6.224192234499999,1,poor,NA
AIMS,2021-10-01T08:30:00Z,TLM12,STIC,20210928-20220221,HS,21059656,5166.7,18.616,6.7014819018999985,1,poor,NA
AIMS,2021-10-01T08:45:00Z,TLM12,STIC,20210928-20220221,HS,21059656,5166.7,18.616,6.7014819018999985,1,poor,NA
AIMS,2021-10-01T09:00:00Z,TLM12,STIC,20210928-20220221,HS,21059656,5166.7,18.616,6.7014819018999985,1,poor,NA
AIMS,2021-10-01T09:15:00Z,TLM12,STIC,20210928-20220221,HS,21059656,5338.9,18.521,7.178771569299999,1,poor,NA
AIMS,2021-10-01T09:30:00Z,TLM12,STIC,20210928-20220221,HS,21059656,5338.9,18.521,7.178771569299999,1,poor,NA
AIMS,2021-10-01T09:45:00Z,TLM12,STIC,20210928-20220221,HS,21059656,5338.9,18.426,7.178771569299999,1,poor,NA
AIMS,2021-10-01T10:00:00Z,TLM12,STIC,20210928-20220221,HS,21059656,5166.7,18.426,6.7014819018999985,1,poor,NA
AIMS,2021-10-01T10:15:00Z,TLM12,STIC,20210928-20220221,HS,21059656,5166.7,18.426,6.7014819018999985,1,poor,NA
AIMS,2021-10-01T10:30:00Z,TLM12,STIC,20210928-20220221,HS,21059656,5166.7,18.331,6.7014819018999985,1,poor,NA
AIMS,2021-10-01T10:45:00Z,TLM12,STIC,20210928-20220221,HS,21059656,4994.5,18.331,6.224192234499999,1,poor,NA
AIMS,2021-10-01T11:00:00Z,TLM12,STIC,20210928-20220221,HS,21059656,4994.5,18.236,6.224192234499999,1,poor,NA
AIMS,2021-10-01T11:15:00Z,TLM12,STIC,20210928-20220221,HS,21059656,4822.3,18.236,5.7469025671,1,poor,NA
AIMS,2021-10-01T11:30:00Z,TLM12,STIC,20210928-20220221,HS,21059656,4822.3,18.236,5.7469025671,1,poor,NA
AIMS,2021-10-01T11:45:00Z,TLM12,STIC,20210928-20220221,HS,21059656,4822.3,18.14,5.7469025671,1,poor,NA
AIMS,2021-10-01T12:00:00Z,TLM12,STIC,20210928-20220221,HS,21059656,4994.5,18.14,6.224192234499999,1,poor,NA
AIMS,2021-10-01T12:15:00Z,TLM12,STIC,20210928-20220221,HS,21059656,4994.5,18.045,6.224192234499999,1,poor,NA
AIMS,2021-10-01T12:30:00Z,TLM12,STIC,20210928-20220221,HS,21059656,4822.3,18.045,5.7469025671,1,poor,NA
AIMS,2021-10-01T12:45:00Z,TLM12,STIC,20210928-20220221,HS,21059656,4822.3,18.045,5.7469025671,1,poor,NA
AIMS,2021-10-01T13:00:00Z,TLM12,STIC,20210928-20220221,HS,21059656,4994.5,18.045,6.224192234499999,1,poor,NA
AIMS,2021-10-01T13:15:00Z,TLM12,STIC,20210928-20220221,HS,21059656,4994.5,18.045,6.224192234499999,1,poor,NA
AIMS,2021-10-01T13:30:00Z,TLM12,STIC,20210928-20220221,HS,21059656,5166.7,18.045,6.7014819018999985,1,poor,NA
AIMS,2021-10-01T13:45:00Z,TLM12,STIC,20210928-20220221,HS,21059656,5338.9,18.045,7.178771569299999,1,poor,NA
AIMS,2021-10-01T14:00:00Z,TLM12,STIC,20210928-20220221,HS,21059656,5166.7,18.14,6.7014819018999985,1,poor,NA
AIMS,2021-10-01T14:15:00Z,TLM12,STIC,20210928-20220221,HS,21059656,5166.7,18.14,6.7014819018999985,1,poor,NA
AIMS,2021-10-01T14:30:00Z,TLM12,STIC,20210928-20220221,HS,21059656,5166.7,18.236,6.7014819018999985,1,poor,NA
AIMS,2021-10-01T14:45:00Z,TLM12,STIC,20210928-20220221,HS,21059656,5338.9,18.331,7.178771569299999,1,poor,NA
AIMS,2021-10-01T15:00:00Z,TLM12,STIC,20210928-20220221,HS,21059656,5338.9,18.426,7.178771569299999,1,poor,NA
AIMS,2021-10-01T15:15:00Z,TLM12,STIC,20210928-20220221,HS,21059656,5166.7,18.521,6.7014819018999985,1,poor,NA
AIMS,2021-10-01T15:30:00Z,TLM12,STIC,20210928-20220221,HS,21059656,5166.7,18.616,6.7014819018999985,1,poor,NA
AIMS,2021-10-01T15:45:00Z,TLM12,STIC,20210928-20220221,HS,21059656,4994.5,18.806,6.224192234499999,1,poor,NA
AIMS,2021-10-01T16:00:00Z,TLM12,STIC,20210928-20220221,HS,21059656,4994.5,18.901,6.224192234499999,1,poor,NA
AIMS,2021-10-01T16:15:00Z,TLM12,STIC,20210928-20220221,HS,21059656,4822.3,18.996,5.7469025671,1,poor,NA
AIMS,2021-10-01T16:30:00Z,TLM12,STIC,20210928-20220221,HS,21059656,4822.3,19.092,5.7469025671,1,poor,NA
AIMS,2021-10-01T16:45:00Z,TLM12,STIC,20210928-20220221,HS,21059656,4822.3,19.282,5.7469025671,1,poor,NA
AIMS,2021-10-01T17:00:00Z,TLM12,STIC,20210928-20220221,HS,21059656,4822.3,19.377,5.7469025671,1,poor,NA
AIMS,2021-10-01T17:15:00Z,TLM12,STIC,20210928-20220221,HS,21059656,4650,19.472,5.269335727999999,1,poor,NA
AIMS,2021-10-01T17:30:00Z,TLM12,STIC,20210928-20220221,HS,21059656,4477.8,19.567,4.7920460606,1,poor,NA
AIMS,2021-10-01T17:45:00Z,TLM12,STIC,20210928-20220221,HS,21059656,4477.8,19.662,4.7920460606,1,poor,NA
AIMS,2021-10-01T18:00:00Z,TLM12,STIC,20210928-20220221,HS,21059656,4477.8,19.758,4.7920460606,1,poor,NA
AIMS,2021-10-01T18:15:00Z,TLM12,STIC,20210928-20220221,HS,21059656,4477.8,19.853,4.7920460606,1,poor,NA
AIMS,2021-10-01T18:30:00Z,TLM12,STIC,20210928-20220221,HS,21059656,4477.8,20.043,4.7920460606,1,poor,NA
AIMS,2021-10-01T18:45:00Z,TLM12,STIC,20210928-20220221,HS,21059656,4477.8,20.138,4.7920460606,1,poor,NA
AIMS,2021-10-01T19:00:00Z,TLM12,STIC,20210928-20220221,HS,21059656,4650,20.234,5.269335727999999,1,poor,NA
AIMS,2021-10-01T19:15:00Z,TLM12,STIC,20210928-20220221,HS,21059656,4477.8,20.234,4.7920460606,1,poor,NA
AIMS,2021-10-01T19:30:00Z,TLM12,STIC,20210928-20220221,HS,21059656,4477.8,20.234,4.7920460606,1,poor,NA
AIMS,2021-10-01T19:45:00Z,TLM12,STIC,20210928-20220221,HS,21059656,4477.8,20.234,4.7920460606,1,poor,NA
AIMS,2021-10-01T20:00:00Z,TLM12,STIC,20210928-20220221,HS,21059656,4477.8,20.234,4.7920460606,1,poor,NA
AIMS,2021-10-01T20:15:00Z,TLM12,STIC,20210928-20220221,HS,21059656,4477.8,20.329,4.7920460606,1,poor,NA
AIMS,2021-10-01T20:30:00Z,TLM12,STIC,20210928-20220221,HS,21059656,4477.8,20.329,4.7920460606,1,poor,NA
AIMS,2021-10-01T20:45:00Z,TLM12,STIC,20210928-20220221,HS,21059656,4477.8,20.329,4.7920460606,1,poor,NA
AIMS,2021-10-01T21:00:00Z,TLM12,STIC,20210928-20220221,HS,21059656,4477.8,20.424,4.7920460606,1,poor,NA
AIMS,2021-10-01T21:15:00Z,TLM12,STIC,20210928-20220221,HS,21059656,4477.8,20.424,4.7920460606,1,poor,NA
AIMS,2021-10-01T21:30:00Z,TLM12,STIC,20210928-20220221,HS,21059656,4477.8,20.424,4.7920460606,1,poor,NA
AIMS,2021-10-01T21:45:00Z,TLM12,STIC,20210928-20220221,HS,21059656,4477.8,20.424,4.7920460606,1,poor,NA
AIMS,2021-10-01T22:00:00Z,TLM12,STIC,20210928-20220221,HS,21059656,4477.8,20.329,4.7920460606,1,poor,NA
AIMS,2021-10-01T22:15:00Z,TLM12,STIC,20210928-20220221,HS,21059656,4477.8,20.329,4.7920460606,1,poor,NA
AIMS,2021-10-01T22:30:00Z,TLM12,STIC,20210928-20220221,HS,21059656,4477.8,20.329,4.7920460606,1,poor,NA
AIMS,2021-10-01T22:45:00Z,TLM12,STIC,20210928-20220221,HS,21059656,4477.8,20.329,4.7920460606,1,poor,NA
AIMS,2021-10-01T23:00:00Z,TLM12,STIC,20210928-20220221,HS,21059656,4477.8,20.234,4.7920460606,1,poor,NA
AIMS,2021-10-01T23:15:00Z,TLM12,STIC,20210928-20220221,HS,21059656,4305.6,20.234,4.314756393200001,1,poor,NA
AIMS,2021-10-01T23:30:00Z,TLM12,STIC,20210928-20220221,HS,21059656,4305.6,20.234,4.314756393200001,1,poor,NA
AIMS,2021-10-01T23:45:00Z,TLM12,STIC,20210928-20220221,HS,21059656,4305.6,20.138,4.314756393200001,1,poor,NA
AIMS,2021-10-02T00:00:00Z,TLM12,STIC,20210928-20220221,HS,21059656,4305.6,20.138,4.314756393200001,1,poor,NA
AIMS,2021-10-02T00:15:00Z,TLM12,STIC,20210928-20220221,HS,21059656,4477.8,20.043,4.7920460606,1,poor,NA
AIMS,2021-10-02T00:30:00Z,TLM12,STIC,20210928-20220221,HS,21059656,4650,20.043,5.269335727999999,1,poor,NA
AIMS,2021-10-02T00:45:00Z,TLM12,STIC,20210928-20220221,HS,21059656,4650,19.948,5.269335727999999,1,poor,NA
AIMS,2021-10-02T01:00:00Z,TLM12,STIC,20210928-20220221,HS,21059656,4477.8,19.948,4.7920460606,1,poor,NA
AIMS,2021-10-02T01:15:00Z,TLM12,STIC,20210928-20220221,HS,21059656,4305.6,19.853,4.314756393200001,1,poor,NA
AIMS,2021-10-02T01:30:00Z,TLM12,STIC,20210928-20220221,HS,21059656,4305.6,19.853,4.314756393200001,1,poor,NA
AIMS,2021-10-02T01:45:00Z,TLM12,STIC,20210928-20220221,HS,21059656,4305.6,19.758,4.314756393200001,1,poor,NA
AIMS,2021-10-02T02:00:00Z,TLM12,STIC,20210928-20220221,HS,21059656,4305.6,19.758,4.314756393200001,1,poor,NA
AIMS,2021-10-02T02:15:00Z,TLM12,STIC,20210928-20220221,HS,21059656,4133.4,19.758,3.837466725799998,1,poor,NA
AIMS,2021-10-02T02:30:00Z,TLM12,STIC,20210928-20220221,HS,21059656,4133.4,19.662,3.837466725799998,1,poor,NA
AIMS,2021-10-02T02:45:00Z,TLM12,STIC,20210928-20220221,HS,21059656,4305.6,19.567,4.314756393200001,1,poor,NA
AIMS,2021-10-02T03:00:00Z,TLM12,STIC,20210928-20220221,HS,21059656,4133.4,19.567,3.837466725799998,1,poor,NA
AIMS,2021-10-02T03:15:00Z,TLM12,STIC,20210928-20220221,HS,21059656,4133.4,19.472,3.837466725799998,1,poor,NA
AIMS,2021-10-02T03:30:00Z,TLM12,STIC,20210928-20220221,HS,21059656,4133.4,19.472,3.837466725799998,1,poor,NA
AIMS,2021-10-02T03:45:00Z,TLM12,STIC,20210928-20220221,HS,21059656,4133.4,19.377,3.837466725799998,1,poor,NA
AIMS,2021-10-02T04:00:00Z,TLM12,STIC,20210928-20220221,HS,21059656,3961.1,19.377,3.3598998867,1,poor,NA
AIMS,2021-10-02T04:15:00Z,TLM12,STIC,20210928-20220221,HS,21059656,3961.1,19.282,3.3598998867,1,poor,NA
AIMS,2021-10-02T04:30:00Z,TLM12,STIC,20210928-20220221,HS,21059656,3961.1,19.282,3.3598998867,1,poor,NA
AIMS,2021-10-02T04:45:00Z,TLM12,STIC,20210928-20220221,HS,21059656,3961.1,19.187,3.3598998867,1,poor,NA
AIMS,2021-10-02T05:00:00Z,TLM12,STIC,20210928-20220221,HS,21059656,3961.1,19.187,3.3598998867,1,poor,NA
AIMS,2021-10-02T05:15:00Z,TLM12,STIC,20210928-20220221,HS,21059656,3961.1,19.092,3.3598998867,1,poor,NA
AIMS,2021-10-02T05:30:00Z,TLM12,STIC,20210928-20220221,HS,21059656,3788.9,19.092,2.882610219299999,1,poor,NA
AIMS,2021-10-02T05:45:00Z,TLM12,STIC,20210928-20220221,HS,21059656,3788.9,18.996,2.882610219299999,1,poor,NA
AIMS,2021-10-02T06:00:00Z,TLM12,STIC,20210928-20220221,HS,21059656,3788.9,18.996,2.882610219299999,1,poor,NA
AIMS,2021-10-02T06:15:00Z,TLM12,STIC,20210928-20220221,HS,21059656,3788.9,18.901,2.882610219299999,1,poor,NA
AIMS,2021-10-02T06:30:00Z,TLM12,STIC,20210928-20220221,HS,21059656,3788.9,18.901,2.882610219299999,1,poor,NA
AIMS,2021-10-02T06:45:00Z,TLM12,STIC,20210928-20220221,HS,21059656,3788.9,18.901,2.882610219299999,1,poor,NA
AIMS,2021-10-02T07:00:00Z,TLM12,STIC,20210928-20220221,HS,21059656,3961.1,18.806,3.3598998867,1,poor,NA
AIMS,2021-10-02T07:15:00Z,TLM12,STIC,20210928-20220221,HS,21059656,3961.1,18.806,3.3598998867,1,poor,NA
AIMS,2021-10-02T07:30:00Z,TLM12,STIC,20210928-20220221,HS,21059656,3961.1,18.806,3.3598998867,1,poor,NA
AIMS,2021-10-02T07:45:00Z,TLM12,STIC,20210928-20220221,HS,21059656,4133.4,18.806,3.837466725799998,1,poor,NA
AIMS,2021-10-02T08:00:00Z,TLM12,STIC,20210928-20220221,HS,21059656,4133.4,18.806,3.837466725799998,1,poor,NA
AIMS,2021-10-02T08:15:00Z,TLM12,STIC,20210928-20220221,HS,21059656,4133.4,18.806,3.837466725799998,1,poor,NA
AIMS,2021-10-02T08:30:00Z,TLM12,STIC,20210928-20220221,HS,21059656,4305.6,18.711,4.314756393200001,1,poor,NA
AIMS,2021-10-02T08:45:00Z,TLM12,STIC,20210928-20220221,HS,21059656,4477.8,18.711,4.7920460606,1,poor,NA
AIMS,2021-10-02T09:00:00Z,TLM12,STIC,20210928-20220221,HS,21059656,4305.6,18.711,4.314756393200001,1,poor,NA
AIMS,2021-10-02T09:15:00Z,TLM12,STIC,20210928-20220221,HS,21059656,4133.4,18.711,3.837466725799998,1,poor,NA
AIMS,2021-10-02T09:30:00Z,TLM12,STIC,20210928-20220221,HS,21059656,4133.4,18.711,3.837466725799998,1,poor,NA
AIMS,2021-10-02T09:45:00Z,TLM12,STIC,20210928-20220221,HS,21059656,4133.4,18.616,3.837466725799998,1,poor,NA
AIMS,2021-10-02T10:00:00Z,TLM12,STIC,20210928-20220221,HS,21059656,4133.4,18.616,3.837466725799998,1,poor,NA
AIMS,2021-10-02T10:15:00Z,TLM12,STIC,20210928-20220221,HS,21059656,4133.4,18.616,3.837466725799998,1,poor,NA
AIMS,2021-10-02T10:30:00Z,TLM12,STIC,20210928-20220221,HS,21059656,4133.4,18.616,3.837466725799998,1,poor,NA
AIMS,2021-10-02T10:45:00Z,TLM12,STIC,20210928-20220221,HS,21059656,4305.6,18.616,4.314756393200001,1,poor,NA
AIMS,2021-10-02T11:00:00Z,TLM12,STIC,20210928-20220221,HS,21059656,4305.6,18.616,4.314756393200001,1,poor,NA
AIMS,2021-10-02T11:15:00Z,TLM12,STIC,20210928-20220221,HS,21059656,4305.6,18.521,4.314756393200001,1,poor,NA
AIMS,2021-10-02T11:30:00Z,TLM12,STIC,20210928-20220221,HS,21059656,4305.6,18.521,4.314756393200001,1,poor,NA
AIMS,2021-10-02T11:45:00Z,TLM12,STIC,20210928-20220221,HS,21059656,4305.6,18.521,4.314756393200001,1,poor,NA
AIMS,2021-10-02T12:00:00Z,TLM12,STIC,20210928-20220221,HS,21059656,4305.6,18.521,4.314756393200001,1,poor,NA
AIMS,2021-10-02T12:15:00Z,TLM12,STIC,20210928-20220221,HS,21059656,4305.6,18.521,4.314756393200001,1,poor,NA
AIMS,2021-10-02T12:30:00Z,TLM12,STIC,20210928-20220221,HS,21059656,4477.8,18.426,4.7920460606,1,poor,NA
AIMS,2021-10-02T12:45:00Z,TLM12,STIC,20210928-20220221,HS,21059656,4477.8,18.426,4.7920460606,1,poor,NA
AIMS,2021-10-02T13:00:00Z,TLM12,STIC,20210928-20220221,HS,21059656,4477.8,18.426,4.7920460606,1,poor,NA
AIMS,2021-10-02T13:15:00Z,TLM12,STIC,20210928-20220221,HS,21059656,4477.8,18.426,4.7920460606,1,poor,NA
AIMS,2021-10-02T13:30:00Z,TLM12,STIC,20210928-20220221,HS,21059656,4477.8,18.521,4.7920460606,1,poor,NA
AIMS,2021-10-02T13:45:00Z,TLM12,STIC,20210928-20220221,HS,21059656,4477.8,18.521,4.7920460606,1,poor,NA
AIMS,2021-10-02T14:00:00Z,TLM12,STIC,20210928-20220221,HS,21059656,4650,18.616,5.269335727999999,1,poor,NA
AIMS,2021-10-02T14:15:00Z,TLM12,STIC,20210928-20220221,HS,21059656,4650,18.616,5.269335727999999,1,poor,NA
AIMS,2021-10-02T14:30:00Z,TLM12,STIC,20210928-20220221,HS,21059656,4650,18.711,5.269335727999999,1,poor,NA
AIMS,2021-10-02T14:45:00Z,TLM12,STIC,20210928-20220221,HS,21059656,4650,18.806,5.269335727999999,1,poor,NA
AIMS,2021-10-02T15:00:00Z,TLM12,STIC,20210928-20220221,HS,21059656,4650,18.901,5.269335727999999,1,poor,NA
AIMS,2021-10-02T15:15:00Z,TLM12,STIC,20210928-20220221,HS,21059656,4650,18.901,5.269335727999999,1,poor,NA
AIMS,2021-10-02T15:30:00Z,TLM12,STIC,20210928-20220221,HS,21059656,4650,18.996,5.269335727999999,1,poor,NA
AIMS,2021-10-02T15:45:00Z,TLM12,STIC,20210928-20220221,HS,21059656,4650,19.092,5.269335727999999,1,poor,NA
AIMS,2021-10-02T16:00:00Z,TLM12,STIC,20210928-20220221,HS,21059656,4650,19.187,5.269335727999999,1,poor,NA
AIMS,2021-10-02T16:15:00Z,TLM12,STIC,20210928-20220221,HS,21059656,4650,19.187,5.269335727999999,1,poor,NA
AIMS,2021-10-02T16:30:00Z,TLM12,STIC,20210928-20220221,HS,21059656,4650,19.282,5.269335727999999,1,poor,NA
AIMS,2021-10-02T16:45:00Z,TLM12,STIC,20210928-20220221,HS,21059656,4822.3,19.377,5.7469025671,1,poor,NA
AIMS,2021-10-02T17:00:00Z,TLM12,STIC,20210928-20220221,HS,21059656,4650,19.377,5.269335727999999,1,poor,NA
AIMS,2021-10-02T17:15:00Z,TLM12,STIC,20210928-20220221,HS,21059656,4822.3,19.472,5.7469025671,1,poor,NA
AIMS,2021-10-02T17:30:00Z,TLM12,STIC,20210928-20220221,HS,21059656,4822.3,19.567,5.7469025671,1,poor,NA
AIMS,2021-10-02T17:45:00Z,TLM12,STIC,20210928-20220221,HS,21059656,4822.3,19.662,5.7469025671,1,poor,NA
AIMS,2021-10-02T18:00:00Z,TLM12,STIC,20210928-20220221,HS,21059656,4822.3,19.758,5.7469025671,1,poor,NA
AIMS,2021-10-02T18:15:00Z,TLM12,STIC,20210928-20220221,HS,21059656,4822.3,19.853,5.7469025671,1,poor,NA
AIMS,2021-10-02T18:30:00Z,TLM12,STIC,20210928-20220221,HS,21059656,4822.3,19.853,5.7469025671,1,poor,NA
AIMS,2021-10-02T18:45:00Z,TLM12,STIC,20210928-20220221,HS,21059656,4822.3,19.948,5.7469025671,1,poor,NA
AIMS,2021-10-02T19:00:00Z,TLM12,STIC,20210928-20220221,HS,21059656,4994.5,20.043,6.224192234499999,1,poor,NA
AIMS,2021-10-02T19:15:00Z,TLM12,STIC,20210928-20220221,HS,21059656,4994.5,20.043,6.224192234499999,1,poor,NA
AIMS,2021-10-02T19:30:00Z,TLM12,STIC,20210928-20220221,HS,21059656,4994.5,20.043,6.224192234499999,1,poor,NA
AIMS,2021-10-02T19:45:00Z,TLM12,STIC,20210928-20220221,HS,21059656,5166.7,20.138,6.7014819018999985,1,poor,NA
AIMS,2021-10-02T20:00:00Z,TLM12,STIC,20210928-20220221,HS,21059656,5166.7,20.138,6.7014819018999985,1,poor,NA
AIMS,2021-10-02T20:15:00Z,TLM12,STIC,20210928-20220221,HS,21059656,5166.7,20.138,6.7014819018999985,1,poor,NA
AIMS,2021-10-02T20:30:00Z,TLM12,STIC,20210928-20220221,HS,21059656,4994.5,20.234,6.224192234499999,1,poor,NA
AIMS,2021-10-02T20:45:00Z,TLM12,STIC,20210928-20220221,HS,21059656,4822.3,20.234,5.7469025671,1,poor,NA
AIMS,2021-10-02T21:00:00Z,TLM12,STIC,20210928-20220221,HS,21059656,4822.3,20.234,5.7469025671,1,poor,NA
AIMS,2021-10-02T21:15:00Z,TLM12,STIC,20210928-20220221,HS,21059656,4650,20.329,5.269335727999999,1,poor,NA
AIMS,2021-10-02T21:30:00Z,TLM12,STIC,20210928-20220221,HS,21059656,4650,20.234,5.269335727999999,1,poor,NA
AIMS,2021-10-02T21:45:00Z,TLM12,STIC,20210928-20220221,HS,21059656,4650,20.234,5.269335727999999,1,poor,NA
AIMS,2021-10-02T22:00:00Z,TLM12,STIC,20210928-20220221,HS,21059656,4650,20.234,5.269335727999999,1,poor,NA
AIMS,2021-10-02T22:15:00Z,TLM12,STIC,20210928-20220221,HS,21059656,4650,20.234,5.269335727999999,1,poor,NA
AIMS,2021-10-02T22:30:00Z,TLM12,STIC,20210928-20220221,HS,21059656,4650,20.234,5.269335727999999,1,poor,NA
AIMS,2021-10-02T22:45:00Z,TLM12,STIC,20210928-20220221,HS,21059656,4477.8,20.234,4.7920460606,1,poor,NA
AIMS,2021-10-02T23:00:00Z,TLM12,STIC,20210928-20220221,HS,21059656,4305.6,20.234,4.314756393200001,1,poor,NA
AIMS,2021-10-02T23:15:00Z,TLM12,STIC,20210928-20220221,HS,21059656,4305.6,20.138,4.314756393200001,1,poor,NA
AIMS,2021-10-02T23:30:00Z,TLM12,STIC,20210928-20220221,HS,21059656,4477.8,20.138,4.7920460606,1,poor,NA
AIMS,2021-10-02T23:45:00Z,TLM12,STIC,20210928-20220221,HS,21059656,4477.8,20.138,4.7920460606,1,poor,NA
AIMS,2021-10-03T00:00:00Z,TLM12,STIC,20210928-20220221,HS,21059656,4477.8,20.043,4.7920460606,1,poor,NA
AIMS,2021-10-03T00:15:00Z,TLM12,STIC,20210928-20220221,HS,21059656,4477.8,20.043,4.7920460606,1,poor,NA
AIMS,2021-10-03T00:30:00Z,TLM12,STIC,20210928-20220221,HS,21059656,4477.8,20.043,4.7920460606,1,poor,NA
AIMS,2021-10-03T00:45:00Z,TLM12,STIC,20210928-20220221,HS,21059656,4477.8,19.948,4.7920460606,1,poor,NA
AIMS,2021-10-03T01:00:00Z,TLM12,STIC,20210928-20220221,HS,21059656,4305.6,19.948,4.314756393200001,1,poor,NA
AIMS,2021-10-03T01:15:00Z,TLM12,STIC,20210928-20220221,HS,21059656,4305.6,19.948,4.314756393200001,1,poor,NA
AIMS,2021-10-03T01:30:00Z,TLM12,STIC,20210928-20220221,HS,21059656,4305.6,19.948,4.314756393200001,1,poor,NA
AIMS,2021-10-03T01:45:00Z,TLM12,STIC,20210928-20220221,HS,21059656,4305.6,19.948,4.314756393200001,1,poor,NA
AIMS,2021-10-03T02:00:00Z,TLM12,STIC,20210928-20220221,HS,21059656,4305.6,19.853,4.314756393200001,1,poor,NA
AIMS,2021-10-03T02:15:00Z,TLM12,STIC,20210928-20220221,HS,21059656,4305.6,19.853,4.314756393200001,1,poor,NA
AIMS,2021-10-03T02:30:00Z,TLM12,STIC,20210928-20220221,HS,21059656,4305.6,19.853,4.314756393200001,1,poor,NA
AIMS,2021-10-03T02:45:00Z,TLM12,STIC,20210928-20220221,HS,21059656,4477.8,19.853,4.7920460606,1,poor,NA
AIMS,2021-10-03T03:00:00Z,TLM12,STIC,20210928-20220221,HS,21059656,4477.8,19.758,4.7920460606,1,poor,NA
AIMS,2021-10-03T03:15:00Z,TLM12,STIC,20210928-20220221,HS,21059656,4477.8,19.758,4.7920460606,1,poor,NA
AIMS,2021-10-03T03:30:00Z,TLM12,STIC,20210928-20220221,HS,21059656,4305.6,19.758,4.314756393200001,1,poor,NA
AIMS,2021-10-03T03:45:00Z,TLM12,STIC,20210928-20220221,HS,21059656,4477.8,19.758,4.7920460606,1,poor,NA
AIMS,2021-10-03T04:00:00Z,TLM12,STIC,20210928-20220221,HS,21059656,4477.8,19.758,4.7920460606,1,poor,NA
AIMS,2021-10-03T04:15:00Z,TLM12,STIC,20210928-20220221,HS,21059656,4477.8,19.758,4.7920460606,1,poor,NA
AIMS,2021-10-03T04:30:00Z,TLM12,STIC,20210928-20220221,HS,21059656,4477.8,19.662,4.7920460606,1,poor,NA
AIMS,2021-10-03T04:45:00Z,TLM12,STIC,20210928-20220221,HS,21059656,4477.8,19.662,4.7920460606,1,poor,NA
AIMS,2021-10-03T05:00:00Z,TLM12,STIC,20210928-20220221,HS,21059656,4477.8,19.662,4.7920460606,1,poor,NA
AIMS,2021-10-03T05:15:00Z,TLM12,STIC,20210928-20220221,HS,21059656,4650,19.662,5.269335727999999,1,poor,NA
AIMS,2021-10-03T05:30:00Z,TLM12,STIC,20210928-20220221,HS,21059656,4650,19.662,5.269335727999999,1,poor,NA
AIMS,2021-10-03T05:45:00Z,TLM12,STIC,20210928-20220221,HS,21059656,4650,19.662,5.269335727999999,1,poor,NA
AIMS,2021-10-03T06:00:00Z,TLM12,STIC,20210928-20220221,HS,21059656,4477.8,19.662,4.7920460606,1,poor,NA
AIMS,2021-10-03T06:15:00Z,TLM12,STIC,20210928-20220221,HS,21059656,4650,19.567,5.269335727999999,1,poor,NA
AIMS,2021-10-03T06:30:00Z,TLM12,STIC,20210928-20220221,HS,21059656,4650,19.567,5.269335727999999,1,poor,NA
AIMS,2021-10-03T06:45:00Z,TLM12,STIC,20210928-20220221,HS,21059656,4822.3,19.567,5.7469025671,1,poor,NA
AIMS,2021-10-03T07:00:00Z,TLM12,STIC,20210928-20220221,HS,21059656,4650,19.567,5.269335727999999,1,poor,NA
AIMS,2021-10-03T07:15:00Z,TLM12,STIC,20210928-20220221,HS,21059656,4477.8,19.567,4.7920460606,1,poor,NA
AIMS,2021-10-03T07:30:00Z,TLM12,STIC,20210928-20220221,HS,21059656,4477.8,19.567,4.7920460606,1,poor,NA
AIMS,2021-10-03T07:45:00Z,TLM12,STIC,20210928-20220221,HS,21059656,4477.8,19.567,4.7920460606,1,poor,NA
AIMS,2021-10-03T08:00:00Z,TLM12,STIC,20210928-20220221,HS,21059656,4650,19.567,5.269335727999999,1,poor,NA
AIMS,2021-10-03T08:15:00Z,TLM12,STIC,20210928-20220221,HS,21059656,4650,19.472,5.269335727999999,1,poor,NA
AIMS,2021-10-03T08:30:00Z,TLM12,STIC,20210928-20220221,HS,21059656,4650,19.472,5.269335727999999,1,poor,NA
AIMS,2021-10-03T08:45:00Z,TLM12,STIC,20210928-20220221,HS,21059656,4477.8,19.472,4.7920460606,1,poor,NA
AIMS,2021-10-03T09:00:00Z,TLM12,STIC,20210928-20220221,HS,21059656,4305.6,19.472,4.314756393200001,1,poor,NA
AIMS,2021-10-03T09:15:00Z,TLM12,STIC,20210928-20220221,HS,21059656,4305.6,19.472,4.314756393200001,1,poor,NA
AIMS,2021-10-03T09:30:00Z,TLM12,STIC,20210928-20220221,HS,21059656,4305.6,19.472,4.314756393200001,1,poor,NA
AIMS,2021-10-03T09:45:00Z,TLM12,STIC,20210928-20220221,HS,21059656,4305.6,19.472,4.314756393200001,1,poor,NA
AIMS,2021-10-03T10:00:00Z,TLM12,STIC,20210928-20220221,HS,21059656,4133.4,19.472,3.837466725799998,1,poor,NA
AIMS,2021-10-03T10:15:00Z,TLM12,STIC,20210928-20220221,HS,21059656,4133.4,19.472,3.837466725799998,1,poor,NA
AIMS,2021-10-03T10:30:00Z,TLM12,STIC,20210928-20220221,HS,21059656,4305.6,19.472,4.314756393200001,1,poor,NA
AIMS,2021-10-03T10:45:00Z,TLM12,STIC,20210928-20220221,HS,21059656,4305.6,19.472,4.314756393200001,1,poor,NA
AIMS,2021-10-03T11:00:00Z,TLM12,STIC,20210928-20220221,HS,21059656,4133.4,19.472,3.837466725799998,1,poor,NA
AIMS,2021-10-03T11:15:00Z,TLM12,STIC,20210928-20220221,HS,21059656,4133.4,19.472,3.837466725799998,1,poor,NA
AIMS,2021-10-03T11:30:00Z,TLM12,STIC,20210928-20220221,HS,21059656,4133.4,19.472,3.837466725799998,1,poor,NA
AIMS,2021-10-03T11:45:00Z,TLM12,STIC,20210928-20220221,HS,21059656,4133.4,19.472,3.837466725799998,1,poor,NA
AIMS,2021-10-03T12:00:00Z,TLM12,STIC,20210928-20220221,HS,21059656,4133.4,19.472,3.837466725799998,1,poor,NA
AIMS,2021-10-03T12:15:00Z,TLM12,STIC,20210928-20220221,HS,21059656,4305.6,19.377,4.314756393200001,1,poor,NA
AIMS,2021-10-03T12:30:00Z,TLM12,STIC,20210928-20220221,HS,21059656,4477.8,19.377,4.7920460606,1,poor,NA
AIMS,2021-10-03T12:45:00Z,TLM12,STIC,20210928-20220221,HS,21059656,4477.8,19.472,4.7920460606,1,poor,NA
AIMS,2021-10-03T13:00:00Z,TLM12,STIC,20210928-20220221,HS,21059656,4305.6,19.472,4.314756393200001,1,poor,NA
AIMS,2021-10-03T13:15:00Z,TLM12,STIC,20210928-20220221,HS,21059656,4305.6,19.472,4.314756393200001,1,poor,NA
AIMS,2021-10-03T13:30:00Z,TLM12,STIC,20210928-20220221,HS,21059656,4133.4,19.472,3.837466725799998,1,poor,NA
AIMS,2021-10-03T13:45:00Z,TLM12,STIC,20210928-20220221,HS,21059656,4133.4,19.472,3.837466725799998,1,poor,NA
AIMS,2021-10-03T14:00:00Z,TLM12,STIC,20210928-20220221,HS,21059656,4133.4,19.472,3.837466725799998,1,poor,NA
AIMS,2021-10-03T14:15:00Z,TLM12,STIC,20210928-20220221,HS,21059656,4133.4,19.472,3.837466725799998,1,poor,NA
AIMS,2021-10-03T14:30:00Z,TLM12,STIC,20210928-20220221,HS,21059656,3961.1,19.472,3.3598998867,1,poor,NA
AIMS,2021-10-03T14:45:00Z,TLM12,STIC,20210928-20220221,HS,21059656,3961.1,19.472,3.3598998867,1,poor,NA
AIMS,2021-10-03T15:00:00Z,TLM12,STIC,20210928-20220221,HS,21059656,3961.1,19.472,3.3598998867,1,poor,NA
AIMS,2021-10-03T15:15:00Z,TLM12,STIC,20210928-20220221,HS,21059656,3961.1,19.472,3.3598998867,1,poor,NA
AIMS,2021-10-03T15:30:00Z,TLM12,STIC,20210928-20220221,HS,21059656,3961.1,19.567,3.3598998867,1,poor,NA
AIMS,2021-10-03T15:45:00Z,TLM12,STIC,20210928-20220221,HS,21059656,3961.1,19.567,3.3598998867,1,poor,NA
AIMS,2021-10-03T16:00:00Z,TLM12,STIC,20210928-20220221,HS,21059656,3961.1,19.662,3.3598998867,1,poor,NA
AIMS,2021-10-03T16:15:00Z,TLM12,STIC,20210928-20220221,HS,21059656,3961.1,19.662,3.3598998867,1,poor,NA
AIMS,2021-10-03T16:30:00Z,TLM12,STIC,20210928-20220221,HS,21059656,3961.1,19.758,3.3598998867,1,poor,NA
AIMS,2021-10-03T16:45:00Z,TLM12,STIC,20210928-20220221,HS,21059656,3961.1,19.758,3.3598998867,1,poor,NA
AIMS,2021-10-03T17:00:00Z,TLM12,STIC,20210928-20220221,HS,21059656,3961.1,19.758,3.3598998867,1,poor,NA
AIMS,2021-10-03T17:15:00Z,TLM12,STIC,20210928-20220221,HS,21059656,3961.1,19.758,3.3598998867,1,poor,NA
AIMS,2021-10-03T17:30:00Z,TLM12,STIC,20210928-20220221,HS,21059656,3961.1,19.758,3.3598998867,1,poor,NA
AIMS,2021-10-03T17:45:00Z,TLM12,STIC,20210928-20220221,HS,21059656,3961.1,19.853,3.3598998867,1,poor,NA
AIMS,2021-10-03T18:00:00Z,TLM12,STIC,20210928-20220221,HS,21059656,3961.1,19.853,3.3598998867,1,poor,NA
AIMS,2021-10-03T18:15:00Z,TLM12,STIC,20210928-20220221,HS,21059656,3961.1,19.853,3.3598998867,1,poor,NA
AIMS,2021-10-03T18:30:00Z,TLM12,STIC,20210928-20220221,HS,21059656,3961.1,19.853,3.3598998867,1,poor,NA
AIMS,2021-10-03T18:45:00Z,TLM12,STIC,20210928-20220221,HS,21059656,3961.1,19.853,3.3598998867,1,poor,NA
AIMS,2021-10-03T19:00:00Z,TLM12,STIC,20210928-20220221,HS,21059656,3961.1,19.853,3.3598998867,1,poor,NA
AIMS,2021-10-03T19:15:00Z,TLM12,STIC,20210928-20220221,HS,21059656,3961.1,19.853,3.3598998867,1,poor,NA
AIMS,2021-10-03T19:30:00Z,TLM12,STIC,20210928-20220221,HS,21059656,3961.1,19.948,3.3598998867,1,poor,NA
AIMS,2021-10-03T19:45:00Z,TLM12,STIC,20210928-20220221,HS,21059656,3961.1,19.948,3.3598998867,1,poor,NA
AIMS,2021-10-03T20:00:00Z,TLM12,STIC,20210928-20220221,HS,21059656,3961.1,19.948,3.3598998867,1,poor,NA
AIMS,2021-10-03T20:15:00Z,TLM12,STIC,20210928-20220221,HS,21059656,3961.1,19.948,3.3598998867,1,poor,NA
AIMS,2021-10-03T20:30:00Z,TLM12,STIC,20210928-20220221,HS,21059656,3961.1,19.948,3.3598998867,1,poor,NA
AIMS,2021-10-03T20:45:00Z,TLM12,STIC,20210928-20220221,HS,21059656,3961.1,19.948,3.3598998867,1,poor,NA
AIMS,2021-10-03T21:00:00Z,TLM12,STIC,20210928-20220221,HS,21059656,3961.1,19.948,3.3598998867,1,poor,NA
AIMS,2021-10-03T21:15:00Z,TLM12,STIC,20210928-20220221,HS,21059656,3961.1,19.948,3.3598998867,1,poor,NA
AIMS,2021-10-03T21:30:00Z,TLM12,STIC,20210928-20220221,HS,21059656,4133.4,19.948,3.837466725799998,1,poor,NA
AIMS,2021-10-03T21:45:00Z,TLM12,STIC,20210928-20220221,HS,21059656,4133.4,19.948,3.837466725799998,1,poor,NA
AIMS,2021-10-03T22:00:00Z,TLM12,STIC,20210928-20220221,HS,21059656,4133.4,19.853,3.837466725799998,1,poor,NA
AIMS,2021-10-03T22:15:00Z,TLM12,STIC,20210928-20220221,HS,21059656,4133.4,19.853,3.837466725799998,1,poor,NA
AIMS,2021-10-03T22:30:00Z,TLM12,STIC,20210928-20220221,HS,21059656,4133.4,19.853,3.837466725799998,1,poor,NA
AIMS,2021-10-03T22:45:00Z,TLM12,STIC,20210928-20220221,HS,21059656,3961.1,19.853,3.3598998867,1,poor,NA
AIMS,2021-10-03T23:00:00Z,TLM12,STIC,20210928-20220221,HS,21059656,3961.1,19.853,3.3598998867,1,poor,NA
AIMS,2021-10-03T23:15:00Z,TLM12,STIC,20210928-20220221,HS,21059656,3961.1,19.853,3.3598998867,1,poor,NA
AIMS,2021-10-03T23:30:00Z,TLM12,STIC,20210928-20220221,HS,21059656,3961.1,19.758,3.3598998867,1,poor,NA
AIMS,2021-10-03T23:45:00Z,TLM12,STIC,20210928-20220221,HS,21059656,3961.1,19.758,3.3598998867,1,poor,NA
AIMS,2021-10-04T00:00:00Z,TLM12,STIC,20210928-20220221,HS,21059656,3961.1,19.758,3.3598998867,1,poor,NA
AIMS,2021-10-04T00:15:00Z,TLM12,STIC,20210928-20220221,HS,21059656,3961.1,19.758,3.3598998867,1,poor,NA
AIMS,2021-10-04T00:30:00Z,TLM12,STIC,20210928-20220221,HS,21059656,3961.1,19.758,3.3598998867,1,poor,NA
AIMS,2021-10-04T00:45:00Z,TLM12,STIC,20210928-20220221,HS,21059656,3961.1,19.662,3.3598998867,1,poor,NA
AIMS,2021-10-04T01:00:00Z,TLM12,STIC,20210928-20220221,HS,21059656,3961.1,19.662,3.3598998867,1,poor,NA
AIMS,2021-10-04T01:15:00Z,TLM12,STIC,20210928-20220221,HS,21059656,3961.1,19.662,3.3598998867,1,poor,NA
AIMS,2021-10-04T01:30:00Z,TLM12,STIC,20210928-20220221,HS,21059656,3961.1,19.662,3.3598998867,1,poor,NA
AIMS,2021-10-04T01:45:00Z,TLM12,STIC,20210928-20220221,HS,21059656,3788.9,19.662,2.882610219299999,1,poor,NA
AIMS,2021-10-04T02:00:00Z,TLM12,STIC,20210928-20220221,HS,21059656,3788.9,19.567,2.882610219299999,1,poor,NA
AIMS,2021-10-04T02:15:00Z,TLM12,STIC,20210928-20220221,HS,21059656,3788.9,19.567,2.882610219299999,1,poor,NA
AIMS,2021-10-04T02:30:00Z,TLM12,STIC,20210928-20220221,HS,21059656,3788.9,19.567,2.882610219299999,1,poor,NA
AIMS,2021-10-04T02:45:00Z,TLM12,STIC,20210928-20220221,HS,21059656,3788.9,19.567,2.882610219299999,1,poor,NA
AIMS,2021-10-04T03:00:00Z,TLM12,STIC,20210928-20220221,HS,21059656,3788.9,19.567,2.882610219299999,1,poor,NA
AIMS,2021-10-04T03:15:00Z,TLM12,STIC,20210928-20220221,HS,21059656,3788.9,19.567,2.882610219299999,1,poor,NA
AIMS,2021-10-04T03:30:00Z,TLM12,STIC,20210928-20220221,HS,21059656,3788.9,19.567,2.882610219299999,1,poor,NA
AIMS,2021-10-04T03:45:00Z,TLM12,STIC,20210928-20220221,HS,21059656,3788.9,19.567,2.882610219299999,1,poor,NA
AIMS,2021-10-04T04:00:00Z,TLM12,STIC,20210928-20220221,HS,21059656,3788.9,19.472,2.882610219299999,1,poor,NA
AIMS,2021-10-04T04:15:00Z,TLM12,STIC,20210928-20220221,HS,21059656,3788.9,19.472,2.882610219299999,1,poor,NA
AIMS,2021-10-04T04:30:00Z,TLM12,STIC,20210928-20220221,HS,21059656,3788.9,19.472,2.882610219299999,1,poor,NA
AIMS,2021-10-04T04:45:00Z,TLM12,STIC,20210928-20220221,HS,21059656,3788.9,19.472,2.882610219299999,1,poor,NA
AIMS,2021-10-04T05:00:00Z,TLM12,STIC,20210928-20220221,HS,21059656,3788.9,19.472,2.882610219299999,1,poor,NA
AIMS,2021-10-04T05:15:00Z,TLM12,STIC,20210928-20220221,HS,21059656,3788.9,19.472,2.882610219299999,1,poor,NA
AIMS,2021-10-04T05:30:00Z,TLM12,STIC,20210928-20220221,HS,21059656,3788.9,19.472,2.882610219299999,1,poor,NA
AIMS,2021-10-04T05:45:00Z,TLM12,STIC,20210928-20220221,HS,21059656,3961.1,19.472,3.3598998867,1,poor,NA
AIMS,2021-10-04T06:00:00Z,TLM12,STIC,20210928-20220221,HS,21059656,4133.4,19.472,3.837466725799998,1,poor,NA
AIMS,2021-10-04T06:15:00Z,TLM12,STIC,20210928-20220221,HS,21059656,4133.4,19.472,3.837466725799998,1,poor,NA
AIMS,2021-10-04T06:30:00Z,TLM12,STIC,20210928-20220221,HS,21059656,4133.4,19.472,3.837466725799998,1,poor,NA
AIMS,2021-10-04T06:45:00Z,TLM12,STIC,20210928-20220221,HS,21059656,4133.4,19.472,3.837466725799998,1,poor,NA
AIMS,2021-10-04T07:00:00Z,TLM12,STIC,20210928-20220221,HS,21059656,4133.4,19.472,3.837466725799998,1,poor,NA
AIMS,2021-10-04T07:15:00Z,TLM12,STIC,20210928-20220221,HS,21059656,4133.4,19.472,3.837466725799998,1,poor,NA
AIMS,2021-10-04T07:30:00Z,TLM12,STIC,20210928-20220221,HS,21059656,4133.4,19.472,3.837466725799998,1,poor,NA
AIMS,2021-10-04T07:45:00Z,TLM12,STIC,20210928-20220221,HS,21059656,4133.4,19.472,3.837466725799998,1,poor,NA
AIMS,2021-10-04T08:00:00Z,TLM12,STIC,20210928-20220221,HS,21059656,4305.6,19.377,4.314756393200001,1,poor,NA
AIMS,2021-10-04T08:15:00Z,TLM12,STIC,20210928-20220221,HS,21059656,4133.4,19.472,3.837466725799998,1,poor,NA
AIMS,2021-10-04T08:30:00Z,TLM12,STIC,20210928-20220221,HS,21059656,4305.6,19.472,4.314756393200001,1,poor,NA
AIMS,2021-10-04T08:45:00Z,TLM12,STIC,20210928-20220221,HS,21059656,4305.6,19.472,4.314756393200001,1,poor,NA
AIMS,2021-10-04T09:00:00Z,TLM12,STIC,20210928-20220221,HS,21059656,4305.6,19.472,4.314756393200001,1,poor,NA
AIMS,2021-10-04T09:15:00Z,TLM12,STIC,20210928-20220221,HS,21059656,4305.6,19.472,4.314756393200001,1,poor,NA
AIMS,2021-10-04T09:30:00Z,TLM12,STIC,20210928-20220221,HS,21059656,4133.4,19.472,3.837466725799998,1,poor,NA
AIMS,2021-10-04T09:45:00Z,TLM12,STIC,20210928-20220221,HS,21059656,4133.4,19.472,3.837466725799998,1,poor,NA
AIMS,2021-10-04T10:00:00Z,TLM12,STIC,20210928-20220221,HS,21059656,4133.4,19.472,3.837466725799998,1,poor,NA
AIMS,2021-10-04T10:15:00Z,TLM12,STIC,20210928-20220221,HS,21059656,4133.4,19.377,3.837466725799998,1,poor,NA
AIMS,2021-10-04T10:30:00Z,TLM12,STIC,20210928-20220221,HS,21059656,4133.4,19.377,3.837466725799998,1,poor,NA
AIMS,2021-10-04T10:45:00Z,TLM12,STIC,20210928-20220221,HS,21059656,4133.4,19.377,3.837466725799998,1,poor,NA
AIMS,2021-10-04T11:00:00Z,TLM12,STIC,20210928-20220221,HS,21059656,4133.4,19.377,3.837466725799998,1,poor,NA
AIMS,2021-10-04T11:15:00Z,TLM12,STIC,20210928-20220221,HS,21059656,4133.4,19.377,3.837466725799998,1,poor,NA
AIMS,2021-10-04T11:30:00Z,TLM12,STIC,20210928-20220221,HS,21059656,4133.4,19.377,3.837466725799998,1,poor,NA
AIMS,2021-10-04T11:45:00Z,TLM12,STIC,20210928-20220221,HS,21059656,4133.4,19.377,3.837466725799998,1,poor,NA
AIMS,2021-10-04T12:00:00Z,TLM12,STIC,20210928-20220221,HS,21059656,4133.4,19.377,3.837466725799998,1,poor,NA
AIMS,2021-10-04T12:15:00Z,TLM12,STIC,20210928-20220221,HS,21059656,4133.4,19.377,3.837466725799998,1,poor,NA
AIMS,2021-10-04T12:30:00Z,TLM12,STIC,20210928-20220221,HS,21059656,4133.4,19.377,3.837466725799998,1,poor,NA
AIMS,2021-10-04T12:45:00Z,TLM12,STIC,20210928-20220221,HS,21059656,4133.4,19.377,3.837466725799998,1,poor,NA
AIMS,2021-10-04T13:00:00Z,TLM12,STIC,20210928-20220221,HS,21059656,4133.4,19.377,3.837466725799998,1,poor,NA
AIMS,2021-10-04T13:15:00Z,TLM12,STIC,20210928-20220221,HS,21059656,4133.4,19.377,3.837466725799998,1,poor,NA
AIMS,2021-10-04T13:30:00Z,TLM12,STIC,20210928-20220221,HS,21059656,4133.4,19.377,3.837466725799998,1,poor,NA
AIMS,2021-10-04T13:45:00Z,TLM12,STIC,20210928-20220221,HS,21059656,4305.6,19.377,4.314756393200001,1,poor,NA
AIMS,2021-10-04T14:00:00Z,TLM12,STIC,20210928-20220221,HS,21059656,4305.6,19.377,4.314756393200001,1,poor,NA
AIMS,2021-10-04T14:15:00Z,TLM12,STIC,20210928-20220221,HS,21059656,4305.6,19.472,4.314756393200001,1,poor,NA
AIMS,2021-10-04T14:30:00Z,TLM12,STIC,20210928-20220221,HS,21059656,4305.6,19.472,4.314756393200001,1,poor,NA
AIMS,2021-10-04T14:45:00Z,TLM12,STIC,20210928-20220221,HS,21059656,4477.8,19.472,4.7920460606,1,poor,NA
AIMS,2021-10-04T15:00:00Z,TLM12,STIC,20210928-20220221,HS,21059656,4650,19.567,5.269335727999999,1,poor,NA
AIMS,2021-10-04T15:15:00Z,TLM12,STIC,20210928-20220221,HS,21059656,4650,19.567,5.269335727999999,1,poor,NA
AIMS,2021-10-04T15:30:00Z,TLM12,STIC,20210928-20220221,HS,21059656,4650,19.567,5.269335727999999,1,poor,NA
AIMS,2021-10-04T15:45:00Z,TLM12,STIC,20210928-20220221,HS,21059656,4822.3,19.662,5.7469025671,1,poor,NA
AIMS,2021-10-04T16:00:00Z,TLM12,STIC,20210928-20220221,HS,21059656,4650,19.662,5.269335727999999,1,poor,NA
AIMS,2021-10-04T16:15:00Z,TLM12,STIC,20210928-20220221,HS,21059656,4650,19.758,5.269335727999999,1,poor,NA
AIMS,2021-10-04T16:30:00Z,TLM12,STIC,20210928-20220221,HS,21059656,4650,19.758,5.269335727999999,1,poor,NA
AIMS,2021-10-04T16:45:00Z,TLM12,STIC,20210928-20220221,HS,21059656,4650,19.853,5.269335727999999,1,poor,NA
AIMS,2021-10-04T17:00:00Z,TLM12,STIC,20210928-20220221,HS,21059656,4650,19.853,5.269335727999999,1,poor,NA
AIMS,2021-10-04T17:15:00Z,TLM12,STIC,20210928-20220221,HS,21059656,4477.8,19.948,4.7920460606,1,poor,NA
AIMS,2021-10-04T17:30:00Z,TLM12,STIC,20210928-20220221,HS,21059656,4477.8,20.043,4.7920460606,1,poor,NA
AIMS,2021-10-04T17:45:00Z,TLM12,STIC,20210928-20220221,HS,21059656,4305.6,20.138,4.314756393200001,1,poor,NA
AIMS,2021-10-04T18:00:00Z,TLM12,STIC,20210928-20220221,HS,21059656,4305.6,20.138,4.314756393200001,1,poor,NA
AIMS,2021-10-04T18:15:00Z,TLM12,STIC,20210928-20220221,HS,21059656,4305.6,20.234,4.314756393200001,1,poor,NA
AIMS,2021-10-04T18:30:00Z,TLM12,STIC,20210928-20220221,HS,21059656,4133.4,20.234,3.837466725799998,1,poor,NA
AIMS,2021-10-04T18:45:00Z,TLM12,STIC,20210928-20220221,HS,21059656,4133.4,20.234,3.837466725799998,1,poor,NA
AIMS,2021-10-04T19:00:00Z,TLM12,STIC,20210928-20220221,HS,21059656,4133.4,20.234,3.837466725799998,1,poor,NA
AIMS,2021-10-04T19:15:00Z,TLM12,STIC,20210928-20220221,HS,21059656,4133.4,20.234,3.837466725799998,1,poor,NA
AIMS,2021-10-04T19:30:00Z,TLM12,STIC,20210928-20220221,HS,21059656,4133.4,20.234,3.837466725799998,1,poor,NA
AIMS,2021-10-04T19:45:00Z,TLM12,STIC,20210928-20220221,HS,21059656,4133.4,20.234,3.837466725799998,1,poor,NA
AIMS,2021-10-04T20:00:00Z,TLM12,STIC,20210928-20220221,HS,21059656,4133.4,20.234,3.837466725799998,1,poor,NA
AIMS,2021-10-04T20:15:00Z,TLM12,STIC,20210928-20220221,HS,21059656,4133.4,20.234,3.837466725799998,1,poor,NA
AIMS,2021-10-04T20:30:00Z,TLM12,STIC,20210928-20220221,HS,21059656,4133.4,20.234,3.837466725799998,1,poor,NA
AIMS,2021-10-04T20:45:00Z,TLM12,STIC,20210928-20220221,HS,21059656,4133.4,20.234,3.837466725799998,1,poor,NA
AIMS,2021-10-04T21:00:00Z,TLM12,STIC,20210928-20220221,HS,21059656,4133.4,20.234,3.837466725799998,1,poor,NA
AIMS,2021-10-04T21:15:00Z,TLM12,STIC,20210928-20220221,HS,21059656,4133.4,20.234,3.837466725799998,1,poor,NA
AIMS,2021-10-04T21:30:00Z,TLM12,STIC,20210928-20220221,HS,21059656,4133.4,20.234,3.837466725799998,1,poor,NA
AIMS,2021-10-04T21:45:00Z,TLM12,STIC,20210928-20220221,HS,21059656,3961.1,20.234,3.3598998867,1,poor,NA
AIMS,2021-10-04T22:00:00Z,TLM12,STIC,20210928-20220221,HS,21059656,4133.4,20.138,3.837466725799998,1,poor,NA
AIMS,2021-10-04T22:15:00Z,TLM12,STIC,20210928-20220221,HS,21059656,4133.4,20.138,3.837466725799998,1,poor,NA
AIMS,2021-10-04T22:30:00Z,TLM12,STIC,20210928-20220221,HS,21059656,3961.1,20.138,3.3598998867,1,poor,NA
AIMS,2021-10-04T22:45:00Z,TLM12,STIC,20210928-20220221,HS,21059656,3961.1,20.138,3.3598998867,1,poor,NA
AIMS,2021-10-04T23:00:00Z,TLM12,STIC,20210928-20220221,HS,21059656,3961.1,20.043,3.3598998867,1,poor,NA
AIMS,2021-10-04T23:15:00Z,TLM12,STIC,20210928-20220221,HS,21059656,3961.1,20.043,3.3598998867,1,poor,NA
AIMS,2021-10-04T23:30:00Z,TLM12,STIC,20210928-20220221,HS,21059656,3961.1,19.948,3.3598998867,1,poor,NA
AIMS,2021-10-04T23:45:00Z,TLM12,STIC,20210928-20220221,HS,21059656,3961.1,19.948,3.3598998867,1,poor,NA
AIMS,2021-10-05T00:00:00Z,TLM12,STIC,20210928-20220221,HS,21059656,3961.1,19.948,3.3598998867,1,poor,NA
AIMS,2021-10-05T00:15:00Z,TLM12,STIC,20210928-20220221,HS,21059656,3961.1,19.948,3.3598998867,1,poor,NA
AIMS,2021-10-05T00:30:00Z,TLM12,STIC,20210928-20220221,HS,21059656,3961.1,19.853,3.3598998867,1,poor,NA
AIMS,2021-10-05T00:45:00Z,TLM12,STIC,20210928-20220221,HS,21059656,4133.4,19.853,3.837466725799998,1,poor,NA
AIMS,2021-10-05T01:00:00Z,TLM12,STIC,20210928-20220221,HS,21059656,4133.4,19.853,3.837466725799998,1,poor,NA
AIMS,2021-10-05T01:15:00Z,TLM12,STIC,20210928-20220221,HS,21059656,3961.1,19.758,3.3598998867,1,poor,NA
AIMS,2021-10-05T01:30:00Z,TLM12,STIC,20210928-20220221,HS,21059656,3961.1,19.758,3.3598998867,1,poor,NA
AIMS,2021-10-05T01:45:00Z,TLM12,STIC,20210928-20220221,HS,21059656,3961.1,19.758,3.3598998867,1,poor,NA
AIMS,2021-10-05T02:00:00Z,TLM12,STIC,20210928-20220221,HS,21059656,3961.1,19.758,3.3598998867,1,poor,NA
AIMS,2021-10-05T02:15:00Z,TLM12,STIC,20210928-20220221,HS,21059656,3961.1,19.662,3.3598998867,1,poor,NA
AIMS,2021-10-05T02:30:00Z,TLM12,STIC,20210928-20220221,HS,21059656,3961.1,19.662,3.3598998867,1,poor,NA
AIMS,2021-10-05T02:45:00Z,TLM12,STIC,20210928-20220221,HS,21059656,4133.4,19.662,3.837466725799998,1,poor,NA
AIMS,2021-10-05T03:00:00Z,TLM12,STIC,20210928-20220221,HS,21059656,4133.4,19.662,3.837466725799998,1,poor,NA
AIMS,2021-10-05T03:15:00Z,TLM12,STIC,20210928-20220221,HS,21059656,4133.4,19.567,3.837466725799998,1,poor,NA
AIMS,2021-10-05T03:30:00Z,TLM12,STIC,20210928-20220221,HS,21059656,4133.4,19.567,3.837466725799998,1,poor,NA
AIMS,2021-10-05T03:45:00Z,TLM12,STIC,20210928-20220221,HS,21059656,4133.4,19.567,3.837466725799998,1,poor,NA
AIMS,2021-10-05T04:00:00Z,TLM12,STIC,20210928-20220221,HS,21059656,4133.4,19.567,3.837466725799998,1,poor,NA
AIMS,2021-10-05T04:15:00Z,TLM12,STIC,20210928-20220221,HS,21059656,4133.4,19.472,3.837466725799998,1,poor,NA
AIMS,2021-10-05T04:30:00Z,TLM12,STIC,20210928-20220221,HS,21059656,4305.6,19.472,4.314756393200001,1,poor,NA
AIMS,2021-10-05T04:45:00Z,TLM12,STIC,20210928-20220221,HS,21059656,4305.6,19.472,4.314756393200001,1,poor,NA
AIMS,2021-10-05T05:00:00Z,TLM12,STIC,20210928-20220221,HS,21059656,4477.8,19.472,4.7920460606,1,poor,NA
AIMS,2021-10-05T05:15:00Z,TLM12,STIC,20210928-20220221,HS,21059656,4477.8,19.377,4.7920460606,1,poor,NA
AIMS,2021-10-05T05:30:00Z,TLM12,STIC,20210928-20220221,HS,21059656,4477.8,19.377,4.7920460606,1,poor,NA
AIMS,2021-10-05T05:45:00Z,TLM12,STIC,20210928-20220221,HS,21059656,4477.8,19.377,4.7920460606,1,poor,NA
AIMS,2021-10-05T06:00:00Z,TLM12,STIC,20210928-20220221,HS,21059656,4477.8,19.377,4.7920460606,1,poor,NA
AIMS,2021-10-05T06:15:00Z,TLM12,STIC,20210928-20220221,HS,21059656,4477.8,19.377,4.7920460606,1,poor,NA
AIMS,2021-10-05T06:30:00Z,TLM12,STIC,20210928-20220221,HS,21059656,4650,19.377,5.269335727999999,1,poor,NA
AIMS,2021-10-05T06:45:00Z,TLM12,STIC,20210928-20220221,HS,21059656,4650,19.282,5.269335727999999,1,poor,NA
AIMS,2021-10-05T07:00:00Z,TLM12,STIC,20210928-20220221,HS,21059656,4650,19.282,5.269335727999999,1,poor,NA
AIMS,2021-10-05T07:15:00Z,TLM12,STIC,20210928-20220221,HS,21059656,4650,19.282,5.269335727999999,1,poor,NA
AIMS,2021-10-05T07:30:00Z,TLM12,STIC,20210928-20220221,HS,21059656,4477.8,19.282,4.7920460606,1,poor,NA
AIMS,2021-10-05T07:45:00Z,TLM12,STIC,20210928-20220221,HS,21059656,4305.6,19.282,4.314756393200001,1,poor,NA
AIMS,2021-10-05T08:00:00Z,TLM12,STIC,20210928-20220221,HS,21059656,4305.6,19.282,4.314756393200001,1,poor,NA
AIMS,2021-10-05T08:15:00Z,TLM12,STIC,20210928-20220221,HS,21059656,4305.6,19.282,4.314756393200001,1,poor,NA
AIMS,2021-10-05T08:30:00Z,TLM12,STIC,20210928-20220221,HS,21059656,4477.8,19.282,4.7920460606,1,poor,NA
AIMS,2021-10-05T08:45:00Z,TLM12,STIC,20210928-20220221,HS,21059656,4477.8,19.282,4.7920460606,1,poor,NA
AIMS,2021-10-05T09:00:00Z,TLM12,STIC,20210928-20220221,HS,21059656,4650,19.282,5.269335727999999,1,poor,NA
AIMS,2021-10-05T09:15:00Z,TLM12,STIC,20210928-20220221,HS,21059656,4650,19.282,5.269335727999999,1,poor,NA
AIMS,2021-10-05T09:30:00Z,TLM12,STIC,20210928-20220221,HS,21059656,4650,19.282,5.269335727999999,1,poor,NA
AIMS,2021-10-05T09:45:00Z,TLM12,STIC,20210928-20220221,HS,21059656,4650,19.282,5.269335727999999,1,poor,NA
AIMS,2021-10-05T10:00:00Z,TLM12,STIC,20210928-20220221,HS,21059656,4650,19.282,5.269335727999999,1,poor,NA
AIMS,2021-10-05T10:15:00Z,TLM12,STIC,20210928-20220221,HS,21059656,4650,19.282,5.269335727999999,1,poor,NA
AIMS,2021-10-05T10:30:00Z,TLM12,STIC,20210928-20220221,HS,21059656,4650,19.282,5.269335727999999,1,poor,NA
AIMS,2021-10-05T10:45:00Z,TLM12,STIC,20210928-20220221,HS,21059656,4650,19.282,5.269335727999999,1,poor,NA
AIMS,2021-10-05T11:00:00Z,TLM12,STIC,20210928-20220221,HS,21059656,4650,19.282,5.269335727999999,1,poor,NA
AIMS,2021-10-05T11:15:00Z,TLM12,STIC,20210928-20220221,HS,21059656,4650,19.282,5.269335727999999,1,poor,NA
AIMS,2021-10-05T11:30:00Z,TLM12,STIC,20210928-20220221,HS,21059656,4650,19.187,5.269335727999999,1,poor,NA
AIMS,2021-10-05T11:45:00Z,TLM12,STIC,20210928-20220221,HS,21059656,4650,19.187,5.269335727999999,1,poor,NA
AIMS,2021-10-05T12:00:00Z,TLM12,STIC,20210928-20220221,HS,21059656,4650,19.187,5.269335727999999,1,poor,NA
AIMS,2021-10-05T12:15:00Z,TLM12,STIC,20210928-20220221,HS,21059656,4650,19.187,5.269335727999999,1,poor,NA
AIMS,2021-10-05T12:30:00Z,TLM12,STIC,20210928-20220221,HS,21059656,4650,19.187,5.269335727999999,1,poor,NA
AIMS,2021-10-05T12:45:00Z,TLM12,STIC,20210928-20220221,HS,21059656,4477.8,19.187,4.7920460606,1,poor,NA
AIMS,2021-10-05T13:00:00Z,TLM12,STIC,20210928-20220221,HS,21059656,4477.8,19.187,4.7920460606,1,poor,NA
AIMS,2021-10-05T13:15:00Z,TLM12,STIC,20210928-20220221,HS,21059656,4477.8,19.187,4.7920460606,1,poor,NA
AIMS,2021-10-05T13:30:00Z,TLM12,STIC,20210928-20220221,HS,21059656,4822.3,19.187,5.7469025671,1,poor,D
AIMS,2021-10-05T13:45:00Z,TLM12,STIC,20210928-20220221,HS,21059656,4650,19.187,5.269335727999999,1,poor,NA
AIMS,2021-10-05T14:00:00Z,TLM12,STIC,20210928-20220221,HS,21059656,4477.8,19.187,4.7920460606,1,poor,NA
AIMS,2021-10-05T14:15:00Z,TLM12,STIC,20210928-20220221,HS,21059656,4305.6,19.187,4.314756393200001,1,poor,NA
AIMS,2021-10-05T14:30:00Z,TLM12,STIC,20210928-20220221,HS,21059656,4133.4,19.187,3.837466725799998,1,poor,NA
AIMS,2021-10-05T14:45:00Z,TLM12,STIC,20210928-20220221,HS,21059656,4133.4,19.187,3.837466725799998,1,poor,NA
AIMS,2021-10-05T15:00:00Z,TLM12,STIC,20210928-20220221,HS,21059656,4133.4,19.187,3.837466725799998,1,poor,NA
AIMS,2021-10-05T15:15:00Z,TLM12,STIC,20210928-20220221,HS,21059656,4477.8,19.187,4.7920460606,1,poor,NA
AIMS,2021-10-05T15:30:00Z,TLM12,STIC,20210928-20220221,HS,21059656,4650,19.282,5.269335727999999,1,poor,NA
AIMS,2021-10-05T15:45:00Z,TLM12,STIC,20210928-20220221,HS,21059656,4650,19.282,5.269335727999999,1,poor,NA
AIMS,2021-10-05T16:00:00Z,TLM12,STIC,20210928-20220221,HS,21059656,4822.3,19.282,5.7469025671,1,poor,NA
AIMS,2021-10-05T16:15:00Z,TLM12,STIC,20210928-20220221,HS,21059656,4822.3,19.377,5.7469025671,1,poor,NA
AIMS,2021-10-05T16:30:00Z,TLM12,STIC,20210928-20220221,HS,21059656,4650,19.377,5.269335727999999,1,poor,NA
AIMS,2021-10-05T16:45:00Z,TLM12,STIC,20210928-20220221,HS,21059656,4650,19.472,5.269335727999999,1,poor,NA
AIMS,2021-10-05T17:00:00Z,TLM12,STIC,20210928-20220221,HS,21059656,4822.3,19.567,5.7469025671,1,poor,NA
AIMS,2021-10-05T17:15:00Z,TLM12,STIC,20210928-20220221,HS,21059656,4822.3,19.567,5.7469025671,1,poor,NA
AIMS,2021-10-05T17:30:00Z,TLM12,STIC,20210928-20220221,HS,21059656,4822.3,19.662,5.7469025671,1,poor,NA
AIMS,2021-10-05T17:45:00Z,TLM12,STIC,20210928-20220221,HS,21059656,4822.3,19.662,5.7469025671,1,poor,NA
AIMS,2021-10-05T18:00:00Z,TLM12,STIC,20210928-20220221,HS,21059656,4822.3,19.758,5.7469025671,1,poor,NA
AIMS,2021-10-05T18:15:00Z,TLM12,STIC,20210928-20220221,HS,21059656,4994.5,19.758,6.224192234499999,1,poor,NA
AIMS,2021-10-05T18:30:00Z,TLM12,STIC,20210928-20220221,HS,21059656,4994.5,19.758,6.224192234499999,1,poor,NA
AIMS,2021-10-05T18:45:00Z,TLM12,STIC,20210928-20220221,HS,21059656,4994.5,19.853,6.224192234499999,1,poor,NA
AIMS,2021-10-05T19:00:00Z,TLM12,STIC,20210928-20220221,HS,21059656,4994.5,19.853,6.224192234499999,1,poor,NA
AIMS,2021-10-05T19:15:00Z,TLM12,STIC,20210928-20220221,HS,21059656,4994.5,19.853,6.224192234499999,1,poor,NA
AIMS,2021-10-05T19:30:00Z,TLM12,STIC,20210928-20220221,HS,21059656,4994.5,19.948,6.224192234499999,1,poor,NA
AIMS,2021-10-05T19:45:00Z,TLM12,STIC,20210928-20220221,HS,21059656,4994.5,19.948,6.224192234499999,1,poor,NA
AIMS,2021-10-05T20:00:00Z,TLM12,STIC,20210928-20220221,HS,21059656,4822.3,19.948,5.7469025671,1,poor,NA
AIMS,2021-10-05T20:15:00Z,TLM12,STIC,20210928-20220221,HS,21059656,4822.3,19.948,5.7469025671,1,poor,NA
AIMS,2021-10-05T20:30:00Z,TLM12,STIC,20210928-20220221,HS,21059656,4650,19.948,5.269335727999999,1,poor,NA
AIMS,2021-10-05T20:45:00Z,TLM12,STIC,20210928-20220221,HS,21059656,4650,19.948,5.269335727999999,1,poor,NA
AIMS,2021-10-05T21:00:00Z,TLM12,STIC,20210928-20220221,HS,21059656,4650,19.948,5.269335727999999,1,poor,NA
AIMS,2021-10-05T21:15:00Z,TLM12,STIC,20210928-20220221,HS,21059656,4650,19.948,5.269335727999999,1,poor,NA
AIMS,2021-10-05T21:30:00Z,TLM12,STIC,20210928-20220221,HS,21059656,4650,19.948,5.269335727999999,1,poor,NA
AIMS,2021-10-05T21:45:00Z,TLM12,STIC,20210928-20220221,HS,21059656,4650,19.948,5.269335727999999,1,poor,NA
AIMS,2021-10-05T22:00:00Z,TLM12,STIC,20210928-20220221,HS,21059656,4650,19.853,5.269335727999999,1,poor,NA
AIMS,2021-10-05T22:15:00Z,TLM12,STIC,20210928-20220221,HS,21059656,4822.3,19.853,5.7469025671,1,poor,NA
AIMS,2021-10-05T22:30:00Z,TLM12,STIC,20210928-20220221,HS,21059656,4822.3,19.853,5.7469025671,1,poor,NA
AIMS,2021-10-05T22:45:00Z,TLM12,STIC,20210928-20220221,HS,21059656,4994.5,19.853,6.224192234499999,1,poor,NA
AIMS,2021-10-05T23:00:00Z,TLM12,STIC,20210928-20220221,HS,21059656,4994.5,19.758,6.224192234499999,1,poor,NA
AIMS,2021-10-05T23:15:00Z,TLM12,STIC,20210928-20220221,HS,21059656,4994.5,19.758,6.224192234499999,1,poor,NA
AIMS,2021-10-05T23:30:00Z,TLM12,STIC,20210928-20220221,HS,21059656,4822.3,19.758,5.7469025671,1,poor,NA
AIMS,2021-10-05T23:45:00Z,TLM12,STIC,20210928-20220221,HS,21059656,4822.3,19.662,5.7469025671,1,poor,NA
AIMS,2021-10-06T00:00:00Z,TLM12,STIC,20210928-20220221,HS,21059656,4822.3,19.662,5.7469025671,1,poor,NA
AIMS,2021-10-06T00:15:00Z,TLM12,STIC,20210928-20220221,HS,21059656,4822.3,19.662,5.7469025671,1,poor,NA
AIMS,2021-10-06T00:30:00Z,TLM12,STIC,20210928-20220221,HS,21059656,4994.5,19.567,6.224192234499999,1,poor,NA
AIMS,2021-10-06T00:45:00Z,TLM12,STIC,20210928-20220221,HS,21059656,4994.5,19.567,6.224192234499999,1,poor,NA
AIMS,2021-10-06T01:00:00Z,TLM12,STIC,20210928-20220221,HS,21059656,5166.7,19.567,6.7014819018999985,1,poor,NA
AIMS,2021-10-06T01:15:00Z,TLM12,STIC,20210928-20220221,HS,21059656,5166.7,19.567,6.7014819018999985,1,poor,NA
AIMS,2021-10-06T01:30:00Z,TLM12,STIC,20210928-20220221,HS,21059656,5166.7,19.472,6.7014819018999985,1,poor,NA
AIMS,2021-10-06T01:45:00Z,TLM12,STIC,20210928-20220221,HS,21059656,5166.7,19.472,6.7014819018999985,1,poor,NA
AIMS,2021-10-06T02:00:00Z,TLM12,STIC,20210928-20220221,HS,21059656,4994.5,19.472,6.224192234499999,1,poor,NA
AIMS,2021-10-06T02:15:00Z,TLM12,STIC,20210928-20220221,HS,21059656,4994.5,19.472,6.224192234499999,1,poor,NA
AIMS,2021-10-06T02:30:00Z,TLM12,STIC,20210928-20220221,HS,21059656,4994.5,19.472,6.224192234499999,1,poor,NA
AIMS,2021-10-06T02:45:00Z,TLM12,STIC,20210928-20220221,HS,21059656,4822.3,19.472,5.7469025671,1,poor,NA
AIMS,2021-10-06T03:00:00Z,TLM12,STIC,20210928-20220221,HS,21059656,4650,19.472,5.269335727999999,1,poor,NA
AIMS,2021-10-06T03:15:00Z,TLM12,STIC,20210928-20220221,HS,21059656,4477.8,19.472,4.7920460606,1,poor,NA
AIMS,2021-10-06T03:30:00Z,TLM12,STIC,20210928-20220221,HS,21059656,4477.8,19.377,4.7920460606,1,poor,NA
AIMS,2021-10-06T03:45:00Z,TLM12,STIC,20210928-20220221,HS,21059656,4305.6,19.377,4.314756393200001,1,poor,NA
AIMS,2021-10-06T04:00:00Z,TLM12,STIC,20210928-20220221,HS,21059656,4305.6,19.377,4.314756393200001,1,poor,NA
AIMS,2021-10-06T04:15:00Z,TLM12,STIC,20210928-20220221,HS,21059656,4305.6,19.377,4.314756393200001,1,poor,NA
AIMS,2021-10-06T04:30:00Z,TLM12,STIC,20210928-20220221,HS,21059656,4305.6,19.377,4.314756393200001,1,poor,NA
AIMS,2021-10-06T04:45:00Z,TLM12,STIC,20210928-20220221,HS,21059656,4305.6,19.377,4.314756393200001,1,poor,NA
AIMS,2021-10-06T05:00:00Z,TLM12,STIC,20210928-20220221,HS,21059656,4305.6,19.377,4.314756393200001,1,poor,NA
AIMS,2021-10-06T05:15:00Z,TLM12,STIC,20210928-20220221,HS,21059656,4305.6,19.377,4.314756393200001,1,poor,NA
AIMS,2021-10-06T05:30:00Z,TLM12,STIC,20210928-20220221,HS,21059656,4305.6,19.377,4.314756393200001,1,poor,NA
AIMS,2021-10-06T05:45:00Z,TLM12,STIC,20210928-20220221,HS,21059656,4477.8,19.377,4.7920460606,1,poor,NA
AIMS,2021-10-06T06:00:00Z,TLM12,STIC,20210928-20220221,HS,21059656,4477.8,19.377,4.7920460606,1,poor,NA
AIMS,2021-10-06T06:15:00Z,TLM12,STIC,20210928-20220221,HS,21059656,4650,19.377,5.269335727999999,1,poor,NA
AIMS,2021-10-06T06:30:00Z,TLM12,STIC,20210928-20220221,HS,21059656,4650,19.377,5.269335727999999,1,poor,NA
AIMS,2021-10-06T06:45:00Z,TLM12,STIC,20210928-20220221,HS,21059656,4650,19.377,5.269335727999999,1,poor,NA
AIMS,2021-10-06T07:00:00Z,TLM12,STIC,20210928-20220221,HS,21059656,4822.3,19.377,5.7469025671,1,poor,NA
AIMS,2021-10-06T07:15:00Z,TLM12,STIC,20210928-20220221,HS,21059656,4994.5,19.377,6.224192234499999,1,poor,NA
AIMS,2021-10-06T07:30:00Z,TLM12,STIC,20210928-20220221,HS,21059656,4994.5,19.377,6.224192234499999,1,poor,NA
AIMS,2021-10-06T07:45:00Z,TLM12,STIC,20210928-20220221,HS,21059656,4994.5,19.377,6.224192234499999,1,poor,NA
AIMS,2021-10-06T08:00:00Z,TLM12,STIC,20210928-20220221,HS,21059656,4994.5,19.377,6.224192234499999,1,poor,NA
AIMS,2021-10-06T08:15:00Z,TLM12,STIC,20210928-20220221,HS,21059656,4822.3,19.377,5.7469025671,1,poor,NA
AIMS,2021-10-06T08:30:00Z,TLM12,STIC,20210928-20220221,HS,21059656,4994.5,19.377,6.224192234499999,1,poor,NA
AIMS,2021-10-06T08:45:00Z,TLM12,STIC,20210928-20220221,HS,21059656,5166.7,19.377,6.7014819018999985,1,poor,NA
AIMS,2021-10-06T09:00:00Z,TLM12,STIC,20210928-20220221,HS,21059656,5166.7,19.377,6.7014819018999985,1,poor,NA
AIMS,2021-10-06T09:15:00Z,TLM12,STIC,20210928-20220221,HS,21059656,5166.7,19.377,6.7014819018999985,1,poor,NA
AIMS,2021-10-06T09:30:00Z,TLM12,STIC,20210928-20220221,HS,21059656,5338.9,19.377,7.178771569299999,1,poor,NA
AIMS,2021-10-06T09:45:00Z,TLM12,STIC,20210928-20220221,HS,21059656,5338.9,19.377,7.178771569299999,1,poor,NA
AIMS,2021-10-06T10:00:00Z,TLM12,STIC,20210928-20220221,HS,21059656,5338.9,19.377,7.178771569299999,1,poor,NA
AIMS,2021-10-06T10:15:00Z,TLM12,STIC,20210928-20220221,HS,21059656,11022.3,19.377,22.931547967099995,1,poor,NA
AIMS,2021-10-06T10:30:00Z,TLM12,STIC,20210928-20220221,HS,21059656,5338.9,19.377,7.178771569299999,1,poor,NA
AIMS,2021-10-06T10:45:00Z,TLM12,STIC,20210928-20220221,HS,21059656,11022.3,19.377,22.931547967099995,1,poor,NA
AIMS,2021-10-06T11:00:00Z,TLM12,STIC,20210928-20220221,HS,21059656,11022.3,19.377,22.931547967099995,1,poor,NA
AIMS,2021-10-06T11:15:00Z,TLM12,STIC,20210928-20220221,HS,21059656,11711.2,19.377,24.840983808399997,1,poor,NA
AIMS,2021-10-06T11:30:00Z,TLM12,STIC,20210928-20220221,HS,21059656,11711.2,19.377,24.840983808399997,1,poor,NA
AIMS,2021-10-06T11:45:00Z,TLM12,STIC,20210928-20220221,HS,21059656,11711.2,19.377,24.840983808399997,1,poor,NA
AIMS,2021-10-06T12:00:00Z,TLM12,STIC,20210928-20220221,HS,21059656,11711.2,19.377,24.840983808399997,1,poor,NA
AIMS,2021-10-06T12:15:00Z,TLM12,STIC,20210928-20220221,HS,21059656,12400.1,19.377,26.7504196497,1,poor,NA
AIMS,2021-10-06T12:30:00Z,TLM12,STIC,20210928-20220221,HS,21059656,12400.1,19.377,26.7504196497,1,poor,NA
AIMS,2021-10-06T12:45:00Z,TLM12,STIC,20210928-20220221,HS,21059656,12400.1,19.377,26.7504196497,1,poor,NA
AIMS,2021-10-06T13:00:00Z,TLM12,STIC,20210928-20220221,HS,21059656,12400.1,19.377,26.7504196497,1,poor,NA
AIMS,2021-10-06T13:15:00Z,TLM12,STIC,20210928-20220221,HS,21059656,12400.1,19.377,26.7504196497,1,poor,NA
AIMS,2021-10-06T13:30:00Z,TLM12,STIC,20210928-20220221,HS,21059656,12400.1,19.377,26.7504196497,1,poor,NA
AIMS,2021-10-06T13:45:00Z,TLM12,STIC,20210928-20220221,HS,21059656,12400.1,19.377,26.7504196497,1,poor,NA
AIMS,2021-10-06T14:00:00Z,TLM12,STIC,20210928-20220221,HS,21059656,12400.1,19.377,26.7504196497,1,poor,NA
AIMS,2021-10-06T14:15:00Z,TLM12,STIC,20210928-20220221,HS,21059656,12400.1,19.472,26.7504196497,1,poor,NA
AIMS,2021-10-06T14:30:00Z,TLM12,STIC,20210928-20220221,HS,21059656,12400.1,19.472,26.7504196497,1,poor,NA
AIMS,2021-10-06T14:45:00Z,TLM12,STIC,20210928-20220221,HS,21059656,12400.1,19.472,26.7504196497,1,poor,NA
AIMS,2021-10-06T15:00:00Z,TLM12,STIC,20210928-20220221,HS,21059656,12400.1,19.472,26.7504196497,1,poor,NA
AIMS,2021-10-06T15:15:00Z,TLM12,STIC,20210928-20220221,HS,21059656,12400.1,19.567,26.7504196497,1,poor,NA
AIMS,2021-10-06T15:30:00Z,TLM12,STIC,20210928-20220221,HS,21059656,12400.1,19.567,26.7504196497,1,poor,NA
AIMS,2021-10-06T15:45:00Z,TLM12,STIC,20210928-20220221,HS,21059656,12400.1,19.567,26.7504196497,1,poor,NA
AIMS,2021-10-06T16:00:00Z,TLM12,STIC,20210928-20220221,HS,21059656,12400.1,19.662,26.7504196497,1,poor,NA
AIMS,2021-10-06T16:15:00Z,TLM12,STIC,20210928-20220221,HS,21059656,12400.1,19.662,26.7504196497,1,poor,NA
AIMS,2021-10-06T16:30:00Z,TLM12,STIC,20210928-20220221,HS,21059656,12400.1,19.662,26.7504196497,1,poor,NA
AIMS,2021-10-06T16:45:00Z,TLM12,STIC,20210928-20220221,HS,21059656,13089,19.662,28.659855490999995,1,poor,NA
AIMS,2021-10-06T17:00:00Z,TLM12,STIC,20210928-20220221,HS,21059656,13089,19.758,28.659855490999995,1,poor,NA
AIMS,2021-10-06T17:15:00Z,TLM12,STIC,20210928-20220221,HS,21059656,13089,19.758,28.659855490999995,1,poor,NA
AIMS,2021-10-06T17:30:00Z,TLM12,STIC,20210928-20220221,HS,21059656,13089,19.853,28.659855490999995,1,poor,NA
AIMS,2021-10-06T17:45:00Z,TLM12,STIC,20210928-20220221,HS,21059656,13089,19.948,28.659855490999995,1,poor,NA
AIMS,2021-10-06T18:00:00Z,TLM12,STIC,20210928-20220221,HS,21059656,13777.9,20.043,30.569291332299997,1,poor,NA
AIMS,2021-10-06T18:15:00Z,TLM12,STIC,20210928-20220221,HS,21059656,13777.9,20.043,30.569291332299997,1,poor,NA
AIMS,2021-10-06T18:30:00Z,TLM12,STIC,20210928-20220221,HS,21059656,13777.9,20.234,30.569291332299997,1,poor,NA
AIMS,2021-10-06T18:45:00Z,TLM12,STIC,20210928-20220221,HS,21059656,13777.9,20.329,30.569291332299997,1,poor,NA
AIMS,2021-10-06T19:00:00Z,TLM12,STIC,20210928-20220221,HS,21059656,13777.9,20.424,30.569291332299997,1,poor,NA
AIMS,2021-10-06T19:15:00Z,TLM12,STIC,20210928-20220221,HS,21059656,14466.8,20.424,32.4787271736,1,poor,NA
AIMS,2021-10-06T19:30:00Z,TLM12,STIC,20210928-20220221,HS,21059656,14466.8,20.424,32.4787271736,1,poor,NA
AIMS,2021-10-06T19:45:00Z,TLM12,STIC,20210928-20220221,HS,21059656,14466.8,20.519,32.4787271736,1,poor,NA
AIMS,2021-10-06T20:00:00Z,TLM12,STIC,20210928-20220221,HS,21059656,14466.8,20.424,32.4787271736,1,poor,NA
AIMS,2021-10-06T20:15:00Z,TLM12,STIC,20210928-20220221,HS,21059656,14466.8,20.424,32.4787271736,1,poor,NA
AIMS,2021-10-06T20:30:00Z,TLM12,STIC,20210928-20220221,HS,21059656,14466.8,20.424,32.4787271736,1,poor,NA
AIMS,2021-10-06T20:45:00Z,TLM12,STIC,20210928-20220221,HS,21059656,14466.8,20.329,32.4787271736,1,poor,NA
AIMS,2021-10-06T21:00:00Z,TLM12,STIC,20210928-20220221,HS,21059656,14466.8,20.329,32.4787271736,1,poor,NA
AIMS,2021-10-06T21:15:00Z,TLM12,STIC,20210928-20220221,HS,21059656,14466.8,20.329,32.4787271736,1,poor,NA
AIMS,2021-10-06T21:30:00Z,TLM12,STIC,20210928-20220221,HS,21059656,14466.8,20.329,32.4787271736,1,poor,NA
AIMS,2021-10-06T21:45:00Z,TLM12,STIC,20210928-20220221,HS,21059656,14466.8,20.234,32.4787271736,1,poor,NA
AIMS,2021-10-06T22:00:00Z,TLM12,STIC,20210928-20220221,HS,21059656,14466.8,20.234,32.4787271736,1,poor,NA
AIMS,2021-10-06T22:15:00Z,TLM12,STIC,20210928-20220221,HS,21059656,14466.8,20.234,32.4787271736,1,poor,NA
AIMS,2021-10-06T22:30:00Z,TLM12,STIC,20210928-20220221,HS,21059656,14466.8,20.234,32.4787271736,1,poor,NA
AIMS,2021-10-06T22:45:00Z,TLM12,STIC,20210928-20220221,HS,21059656,14466.8,20.234,32.4787271736,1,poor,NA
AIMS,2021-10-06T23:00:00Z,TLM12,STIC,20210928-20220221,HS,21059656,14466.8,20.138,32.4787271736,1,poor,NA
AIMS,2021-10-06T23:15:00Z,TLM12,STIC,20210928-20220221,HS,21059656,14466.8,20.138,32.4787271736,1,poor,NA
AIMS,2021-10-06T23:30:00Z,TLM12,STIC,20210928-20220221,HS,21059656,14466.8,20.138,32.4787271736,1,poor,NA
AIMS,2021-10-06T23:45:00Z,TLM12,STIC,20210928-20220221,HS,21059656,14466.8,20.138,32.4787271736,1,poor,NA
AIMS,2021-10-07T00:00:00Z,TLM12,STIC,20210928-20220221,HS,21059656,14466.8,20.043,32.4787271736,1,poor,NA
AIMS,2021-10-07T00:15:00Z,TLM12,STIC,20210928-20220221,HS,21059656,14466.8,20.043,32.4787271736,1,poor,NA
AIMS,2021-10-07T00:30:00Z,TLM12,STIC,20210928-20220221,HS,21059656,14466.8,20.043,32.4787271736,1,poor,NA
AIMS,2021-10-07T00:45:00Z,TLM12,STIC,20210928-20220221,HS,21059656,14466.8,20.043,32.4787271736,1,poor,NA
AIMS,2021-10-07T01:00:00Z,TLM12,STIC,20210928-20220221,HS,21059656,14466.8,19.948,32.4787271736,1,poor,NA
AIMS,2021-10-07T01:15:00Z,TLM12,STIC,20210928-20220221,HS,21059656,14466.8,19.948,32.4787271736,1,poor,NA
AIMS,2021-10-07T01:30:00Z,TLM12,STIC,20210928-20220221,HS,21059656,14466.8,19.948,32.4787271736,1,poor,NA
AIMS,2021-10-07T01:45:00Z,TLM12,STIC,20210928-20220221,HS,21059656,14466.8,19.948,32.4787271736,1,poor,NA
AIMS,2021-10-07T02:00:00Z,TLM12,STIC,20210928-20220221,HS,21059656,14466.8,19.948,32.4787271736,1,poor,NA
AIMS,2021-10-07T02:15:00Z,TLM12,STIC,20210928-20220221,HS,21059656,14466.8,19.948,32.4787271736,1,poor,NA
AIMS,2021-10-07T02:30:00Z,TLM12,STIC,20210928-20220221,HS,21059656,14466.8,19.853,32.4787271736,1,poor,NA
AIMS,2021-10-07T02:45:00Z,TLM12,STIC,20210928-20220221,HS,21059656,14466.8,19.853,32.4787271736,1,poor,NA
AIMS,2021-10-07T03:00:00Z,TLM12,STIC,20210928-20220221,HS,21059656,14466.8,19.853,32.4787271736,1,poor,NA
AIMS,2021-10-07T03:15:00Z,TLM12,STIC,20210928-20220221,HS,21059656,14466.8,19.853,32.4787271736,1,poor,NA
AIMS,2021-10-07T03:30:00Z,TLM12,STIC,20210928-20220221,HS,21059656,14466.8,19.853,32.4787271736,1,poor,NA
AIMS,2021-10-07T03:45:00Z,TLM12,STIC,20210928-20220221,HS,21059656,14466.8,19.853,32.4787271736,1,poor,NA
AIMS,2021-10-07T04:00:00Z,TLM12,STIC,20210928-20220221,HS,21059656,14466.8,19.853,32.4787271736,1,poor,NA
AIMS,2021-10-07T04:15:00Z,TLM12,STIC,20210928-20220221,HS,21059656,14466.8,19.853,32.4787271736,1,poor,NA
AIMS,2021-10-07T04:30:00Z,TLM12,STIC,20210928-20220221,HS,21059656,14466.8,19.853,32.4787271736,1,poor,NA
AIMS,2021-10-07T04:45:00Z,TLM12,STIC,20210928-20220221,HS,21059656,14466.8,19.758,32.4787271736,1,poor,NA
AIMS,2021-10-07T05:00:00Z,TLM12,STIC,20210928-20220221,HS,21059656,14466.8,19.758,32.4787271736,1,poor,NA
AIMS,2021-10-07T05:15:00Z,TLM12,STIC,20210928-20220221,HS,21059656,14466.8,19.758,32.4787271736,1,poor,NA
AIMS,2021-10-07T05:30:00Z,TLM12,STIC,20210928-20220221,HS,21059656,14466.8,19.758,32.4787271736,1,poor,NA
AIMS,2021-10-07T05:45:00Z,TLM12,STIC,20210928-20220221,HS,21059656,15155.7,19.758,34.3881630149,1,poor,NA
AIMS,2021-10-07T06:00:00Z,TLM12,STIC,20210928-20220221,HS,21059656,15155.7,19.758,34.3881630149,1,poor,NA
AIMS,2021-10-07T06:15:00Z,TLM12,STIC,20210928-20220221,HS,21059656,15155.7,19.758,34.3881630149,1,poor,NA
AIMS,2021-10-07T06:30:00Z,TLM12,STIC,20210928-20220221,HS,21059656,15155.7,19.758,34.3881630149,1,poor,NA
AIMS,2021-10-07T06:45:00Z,TLM12,STIC,20210928-20220221,HS,21059656,15155.7,19.758,34.3881630149,1,poor,NA
AIMS,2021-10-07T07:00:00Z,TLM12,STIC,20210928-20220221,HS,21059656,15155.7,19.758,34.3881630149,1,poor,NA
AIMS,2021-10-07T07:15:00Z,TLM12,STIC,20210928-20220221,HS,21059656,15155.7,19.758,34.3881630149,1,poor,NA
AIMS,2021-10-07T07:30:00Z,TLM12,STIC,20210928-20220221,HS,21059656,15155.7,19.758,34.3881630149,1,poor,NA
AIMS,2021-10-07T07:45:00Z,TLM12,STIC,20210928-20220221,HS,21059656,15155.7,19.758,34.3881630149,1,poor,NA
AIMS,2021-10-07T08:00:00Z,TLM12,STIC,20210928-20220221,HS,21059656,15155.7,19.758,34.3881630149,1,poor,NA
AIMS,2021-10-07T08:15:00Z,TLM12,STIC,20210928-20220221,HS,21059656,15155.7,19.758,34.3881630149,1,poor,NA
AIMS,2021-10-07T08:30:00Z,TLM12,STIC,20210928-20220221,HS,21059656,15155.7,19.758,34.3881630149,1,poor,NA
AIMS,2021-10-07T08:45:00Z,TLM12,STIC,20210928-20220221,HS,21059656,15155.7,19.758,34.3881630149,1,poor,NA
AIMS,2021-10-07T09:00:00Z,TLM12,STIC,20210928-20220221,HS,21059656,15155.7,19.758,34.3881630149,1,poor,NA
AIMS,2021-10-07T09:15:00Z,TLM12,STIC,20210928-20220221,HS,21059656,15155.7,19.758,34.3881630149,1,poor,NA
AIMS,2021-10-07T09:30:00Z,TLM12,STIC,20210928-20220221,HS,21059656,15155.7,19.758,34.3881630149,1,poor,NA
AIMS,2021-10-07T09:45:00Z,TLM12,STIC,20210928-20220221,HS,21059656,15155.7,19.758,34.3881630149,1,poor,NA
AIMS,2021-10-07T10:00:00Z,TLM12,STIC,20210928-20220221,HS,21059656,15155.7,19.758,34.3881630149,1,poor,NA
AIMS,2021-10-07T10:15:00Z,TLM12,STIC,20210928-20220221,HS,21059656,15155.7,19.758,34.3881630149,1,poor,NA
AIMS,2021-10-07T10:30:00Z,TLM12,STIC,20210928-20220221,HS,21059656,15844.5,19.758,36.2973216845,1,poor,NA
AIMS,2021-10-07T10:45:00Z,TLM12,STIC,20210928-20220221,HS,21059656,15844.5,19.758,36.2973216845,1,poor,NA
AIMS,2021-10-07T11:00:00Z,TLM12,STIC,20210928-20220221,HS,21059656,15844.5,19.662,36.2973216845,1,poor,NA
AIMS,2021-10-07T11:15:00Z,TLM12,STIC,20210928-20220221,HS,21059656,15844.5,19.662,36.2973216845,1,poor,NA
AIMS,2021-10-07T11:30:00Z,TLM12,STIC,20210928-20220221,HS,21059656,15844.5,19.662,36.2973216845,1,poor,NA
AIMS,2021-10-07T11:45:00Z,TLM12,STIC,20210928-20220221,HS,21059656,15844.5,19.662,36.2973216845,1,poor,NA
AIMS,2021-10-07T12:00:00Z,TLM12,STIC,20210928-20220221,HS,21059656,16533.4,19.662,38.2067575258,1,poor,NA
AIMS,2021-10-07T12:15:00Z,TLM12,STIC,20210928-20220221,HS,21059656,16533.4,19.662,38.2067575258,1,poor,NA
AIMS,2021-10-07T12:30:00Z,TLM12,STIC,20210928-20220221,HS,21059656,16533.4,19.662,38.2067575258,1,poor,NA
AIMS,2021-10-07T12:45:00Z,TLM12,STIC,20210928-20220221,HS,21059656,16533.4,19.662,38.2067575258,1,poor,NA
AIMS,2021-10-07T13:00:00Z,TLM12,STIC,20210928-20220221,HS,21059656,16533.4,19.662,38.2067575258,1,poor,NA
AIMS,2021-10-07T13:15:00Z,TLM12,STIC,20210928-20220221,HS,21059656,16533.4,19.662,38.2067575258,1,poor,NA
AIMS,2021-10-07T13:30:00Z,TLM12,STIC,20210928-20220221,HS,21059656,16533.4,19.662,38.2067575258,1,poor,NA
AIMS,2021-10-07T13:45:00Z,TLM12,STIC,20210928-20220221,HS,21059656,16533.4,19.662,38.2067575258,1,poor,NA
AIMS,2021-10-07T14:00:00Z,TLM12,STIC,20210928-20220221,HS,21059656,16533.4,19.758,38.2067575258,1,poor,NA
AIMS,2021-10-07T14:15:00Z,TLM12,STIC,20210928-20220221,HS,21059656,16533.4,19.758,38.2067575258,1,poor,NA
AIMS,2021-10-07T14:30:00Z,TLM12,STIC,20210928-20220221,HS,21059656,16533.4,19.758,38.2067575258,1,poor,NA
AIMS,2021-10-07T14:45:00Z,TLM12,STIC,20210928-20220221,HS,21059656,16533.4,19.853,38.2067575258,1,poor,NA
AIMS,2021-10-07T15:00:00Z,TLM12,STIC,20210928-20220221,HS,21059656,16533.4,19.853,38.2067575258,1,poor,NA
AIMS,2021-10-07T15:15:00Z,TLM12,STIC,20210928-20220221,HS,21059656,16533.4,19.853,38.2067575258,1,poor,NA
AIMS,2021-10-07T15:30:00Z,TLM12,STIC,20210928-20220221,HS,21059656,16533.4,19.948,38.2067575258,1,poor,NA
AIMS,2021-10-07T15:45:00Z,TLM12,STIC,20210928-20220221,HS,21059656,16533.4,19.948,38.2067575258,1,poor,NA
AIMS,2021-10-07T16:00:00Z,TLM12,STIC,20210928-20220221,HS,21059656,15844.5,20.043,36.2973216845,1,poor,NA
AIMS,2021-10-07T16:15:00Z,TLM12,STIC,20210928-20220221,HS,21059656,16533.4,20.043,38.2067575258,1,poor,NA
AIMS,2021-10-07T16:30:00Z,TLM12,STIC,20210928-20220221,HS,21059656,15844.5,20.043,36.2973216845,1,poor,NA
AIMS,2021-10-07T16:45:00Z,TLM12,STIC,20210928-20220221,HS,21059656,16533.4,20.138,38.2067575258,1,poor,NA
AIMS,2021-10-07T17:00:00Z,TLM12,STIC,20210928-20220221,HS,21059656,16533.4,20.138,38.2067575258,1,poor,NA
AIMS,2021-10-07T17:15:00Z,TLM12,STIC,20210928-20220221,HS,21059656,16533.4,20.138,38.2067575258,1,poor,NA
AIMS,2021-10-07T17:30:00Z,TLM12,STIC,20210928-20220221,HS,21059656,16533.4,20.234,38.2067575258,1,poor,NA
AIMS,2021-10-07T17:45:00Z,TLM12,STIC,20210928-20220221,HS,21059656,16533.4,20.329,38.2067575258,1,poor,NA
AIMS,2021-10-07T18:00:00Z,TLM12,STIC,20210928-20220221,HS,21059656,16533.4,20.424,38.2067575258,1,poor,NA
AIMS,2021-10-07T18:15:00Z,TLM12,STIC,20210928-20220221,HS,21059656,16533.4,20.519,38.2067575258,1,poor,NA
AIMS,2021-10-07T18:30:00Z,TLM12,STIC,20210928-20220221,HS,21059656,16533.4,20.615,38.2067575258,1,poor,NA
AIMS,2021-10-07T18:45:00Z,TLM12,STIC,20210928-20220221,HS,21059656,16533.4,20.615,38.2067575258,1,poor,NA
AIMS,2021-10-07T19:00:00Z,TLM12,STIC,20210928-20220221,HS,21059656,16533.4,20.71,38.2067575258,1,poor,NA
AIMS,2021-10-07T19:15:00Z,TLM12,STIC,20210928-20220221,HS,21059656,16533.4,20.805,38.2067575258,1,poor,NA
AIMS,2021-10-07T19:30:00Z,TLM12,STIC,20210928-20220221,HS,21059656,16533.4,20.805,38.2067575258,1,poor,NA
AIMS,2021-10-07T19:45:00Z,TLM12,STIC,20210928-20220221,HS,21059656,16533.4,20.805,38.2067575258,1,poor,NA
AIMS,2021-10-07T20:00:00Z,TLM12,STIC,20210928-20220221,HS,21059656,16533.4,20.805,38.2067575258,1,poor,NA
AIMS,2021-10-07T20:15:00Z,TLM12,STIC,20210928-20220221,HS,21059656,16533.4,20.805,38.2067575258,1,poor,NA
AIMS,2021-10-07T20:30:00Z,TLM12,STIC,20210928-20220221,HS,21059656,16533.4,20.805,38.2067575258,1,poor,NA
AIMS,2021-10-07T20:45:00Z,TLM12,STIC,20210928-20220221,HS,21059656,16533.4,20.901,38.2067575258,1,poor,NA
AIMS,2021-10-07T21:00:00Z,TLM12,STIC,20210928-20220221,HS,21059656,16533.4,20.901,38.2067575258,1,poor,NA
AIMS,2021-10-07T21:15:00Z,TLM12,STIC,20210928-20220221,HS,21059656,16533.4,20.901,38.2067575258,1,poor,NA
AIMS,2021-10-07T21:30:00Z,TLM12,STIC,20210928-20220221,HS,21059656,16533.4,20.901,38.2067575258,1,poor,NA
AIMS,2021-10-07T21:45:00Z,TLM12,STIC,20210928-20220221,HS,21059656,16533.4,20.901,38.2067575258,1,poor,NA
AIMS,2021-10-07T22:00:00Z,TLM12,STIC,20210928-20220221,HS,21059656,16533.4,20.901,38.2067575258,1,poor,NA
AIMS,2021-10-07T22:15:00Z,TLM12,STIC,20210928-20220221,HS,21059656,16533.4,20.901,38.2067575258,1,poor,NA
AIMS,2021-10-07T22:30:00Z,TLM12,STIC,20210928-20220221,HS,21059656,16533.4,20.805,38.2067575258,1,poor,NA
AIMS,2021-10-07T22:45:00Z,TLM12,STIC,20210928-20220221,HS,21059656,16533.4,20.805,38.2067575258,1,poor,NA
AIMS,2021-10-07T23:00:00Z,TLM12,STIC,20210928-20220221,HS,21059656,16533.4,20.71,38.2067575258,1,poor,NA
AIMS,2021-10-07T23:15:00Z,TLM12,STIC,20210928-20220221,HS,21059656,16533.4,20.71,38.2067575258,1,poor,NA
AIMS,2021-10-07T23:30:00Z,TLM12,STIC,20210928-20220221,HS,21059656,17222.3,20.71,40.116193367099996,1,poor,NA
AIMS,2021-10-07T23:45:00Z,TLM12,STIC,20210928-20220221,HS,21059656,17222.3,20.615,40.116193367099996,1,poor,NA
AIMS,2021-10-08T00:00:00Z,TLM12,STIC,20210928-20220221,HS,21059656,17222.3,20.615,40.116193367099996,1,poor,NA
AIMS,2021-10-08T00:15:00Z,TLM12,STIC,20210928-20220221,HS,21059656,17222.3,20.615,40.116193367099996,1,poor,NA
AIMS,2021-10-08T00:30:00Z,TLM12,STIC,20210928-20220221,HS,21059656,17222.3,20.519,40.116193367099996,1,poor,NA
AIMS,2021-10-08T00:45:00Z,TLM12,STIC,20210928-20220221,HS,21059656,17911.2,20.519,42.0256292084,1,poor,NA
AIMS,2021-10-08T01:00:00Z,TLM12,STIC,20210928-20220221,HS,21059656,17911.2,20.424,42.0256292084,1,poor,NA
AIMS,2021-10-08T01:15:00Z,TLM12,STIC,20210928-20220221,HS,21059656,17911.2,20.424,42.0256292084,1,poor,NA
AIMS,2021-10-08T01:30:00Z,TLM12,STIC,20210928-20220221,HS,21059656,17911.2,20.424,42.0256292084,1,poor,NA
AIMS,2021-10-08T01:45:00Z,TLM12,STIC,20210928-20220221,HS,21059656,17911.2,20.329,42.0256292084,1,poor,NA
AIMS,2021-10-08T02:00:00Z,TLM12,STIC,20210928-20220221,HS,21059656,18600.1,20.329,43.93506504969999,1,poor,NA
AIMS,2021-10-08T02:15:00Z,TLM12,STIC,20210928-20220221,HS,21059656,18600.1,20.329,43.93506504969999,1,poor,NA
AIMS,2021-10-08T02:30:00Z,TLM12,STIC,20210928-20220221,HS,21059656,18600.1,20.329,43.93506504969999,1,poor,NA
AIMS,2021-10-08T02:45:00Z,TLM12,STIC,20210928-20220221,HS,21059656,18600.1,20.234,43.93506504969999,1,poor,NA
AIMS,2021-10-08T03:00:00Z,TLM12,STIC,20210928-20220221,HS,21059656,18600.1,20.234,43.93506504969999,1,poor,NA
AIMS,2021-10-08T03:15:00Z,TLM12,STIC,20210928-20220221,HS,21059656,18600.1,20.234,43.93506504969999,1,poor,NA
AIMS,2021-10-08T03:30:00Z,TLM12,STIC,20210928-20220221,HS,21059656,18600.1,20.234,43.93506504969999,1,poor,NA
AIMS,2021-10-08T03:45:00Z,TLM12,STIC,20210928-20220221,HS,21059656,17911.2,20.138,42.0256292084,1,poor,NA
AIMS,2021-10-08T04:00:00Z,TLM12,STIC,20210928-20220221,HS,21059656,17911.2,20.138,42.0256292084,1,poor,NA
AIMS,2021-10-08T04:15:00Z,TLM12,STIC,20210928-20220221,HS,21059656,17222.3,20.138,40.116193367099996,1,poor,NA
AIMS,2021-10-08T04:30:00Z,TLM12,STIC,20210928-20220221,HS,21059656,16533.4,20.043,38.2067575258,1,poor,NA
AIMS,2021-10-08T04:45:00Z,TLM12,STIC,20210928-20220221,HS,21059656,16533.4,20.043,38.2067575258,1,poor,NA
AIMS,2021-10-08T05:00:00Z,TLM12,STIC,20210928-20220221,HS,21059656,15844.5,20.043,36.2973216845,1,poor,NA
AIMS,2021-10-08T05:15:00Z,TLM12,STIC,20210928-20220221,HS,21059656,15844.5,20.043,36.2973216845,1,poor,NA
AIMS,2021-10-08T05:30:00Z,TLM12,STIC,20210928-20220221,HS,21059656,15155.7,19.948,34.3881630149,1,poor,NA
AIMS,2021-10-08T05:45:00Z,TLM12,STIC,20210928-20220221,HS,21059656,15155.7,19.948,34.3881630149,1,poor,NA
AIMS,2021-10-08T06:00:00Z,TLM12,STIC,20210928-20220221,HS,21059656,15155.7,19.948,34.3881630149,1,poor,NA
AIMS,2021-10-08T06:15:00Z,TLM12,STIC,20210928-20220221,HS,21059656,14466.8,19.948,32.4787271736,1,poor,NA
AIMS,2021-10-08T06:30:00Z,TLM12,STIC,20210928-20220221,HS,21059656,14466.8,19.948,32.4787271736,1,poor,NA
AIMS,2021-10-08T06:45:00Z,TLM12,STIC,20210928-20220221,HS,21059656,14466.8,19.948,32.4787271736,1,poor,NA
AIMS,2021-10-08T07:00:00Z,TLM12,STIC,20210928-20220221,HS,21059656,14466.8,19.853,32.4787271736,1,poor,NA
AIMS,2021-10-08T07:15:00Z,TLM12,STIC,20210928-20220221,HS,21059656,14466.8,19.853,32.4787271736,1,poor,NA
AIMS,2021-10-08T07:30:00Z,TLM12,STIC,20210928-20220221,HS,21059656,14466.8,19.853,32.4787271736,1,poor,NA
AIMS,2021-10-08T07:45:00Z,TLM12,STIC,20210928-20220221,HS,21059656,14466.8,19.853,32.4787271736,1,poor,NA
AIMS,2021-10-08T08:00:00Z,TLM12,STIC,20210928-20220221,HS,21059656,14466.8,19.758,32.4787271736,1,poor,NA
AIMS,2021-10-08T08:15:00Z,TLM12,STIC,20210928-20220221,HS,21059656,14466.8,19.758,32.4787271736,1,poor,NA
AIMS,2021-10-08T08:30:00Z,TLM12,STIC,20210928-20220221,HS,21059656,15155.7,19.758,34.3881630149,1,poor,NA
AIMS,2021-10-08T08:45:00Z,TLM12,STIC,20210928-20220221,HS,21059656,15155.7,19.758,34.3881630149,1,poor,NA
AIMS,2021-10-08T09:00:00Z,TLM12,STIC,20210928-20220221,HS,21059656,15155.7,19.758,34.3881630149,1,poor,NA
AIMS,2021-10-08T09:15:00Z,TLM12,STIC,20210928-20220221,HS,21059656,15155.7,19.758,34.3881630149,1,poor,NA
AIMS,2021-10-08T09:30:00Z,TLM12,STIC,20210928-20220221,HS,21059656,15155.7,19.758,34.3881630149,1,poor,NA
AIMS,2021-10-08T09:45:00Z,TLM12,STIC,20210928-20220221,HS,21059656,15155.7,19.758,34.3881630149,1,poor,NA
AIMS,2021-10-08T10:00:00Z,TLM12,STIC,20210928-20220221,HS,21059656,15155.7,19.758,34.3881630149,1,poor,NA
AIMS,2021-10-08T10:15:00Z,TLM12,STIC,20210928-20220221,HS,21059656,15844.5,19.758,36.2973216845,1,poor,NA
AIMS,2021-10-08T10:30:00Z,TLM12,STIC,20210928-20220221,HS,21059656,15844.5,19.758,36.2973216845,1,poor,NA
AIMS,2021-10-08T10:45:00Z,TLM12,STIC,20210928-20220221,HS,21059656,15155.7,19.662,34.3881630149,1,poor,NA
AIMS,2021-10-08T11:00:00Z,TLM12,STIC,20210928-20220221,HS,21059656,15155.7,19.662,34.3881630149,1,poor,NA
AIMS,2021-10-08T11:15:00Z,TLM12,STIC,20210928-20220221,HS,21059656,15155.7,19.662,34.3881630149,1,poor,NA
AIMS,2021-10-08T11:30:00Z,TLM12,STIC,20210928-20220221,HS,21059656,15844.5,19.662,36.2973216845,1,poor,NA
AIMS,2021-10-08T11:45:00Z,TLM12,STIC,20210928-20220221,HS,21059656,15844.5,19.662,36.2973216845,1,poor,NA
AIMS,2021-10-08T12:00:00Z,TLM12,STIC,20210928-20220221,HS,21059656,15844.5,19.662,36.2973216845,1,poor,NA
AIMS,2021-10-08T12:15:00Z,TLM12,STIC,20210928-20220221,HS,21059656,15844.5,19.662,36.2973216845,1,poor,NA
AIMS,2021-10-08T12:30:00Z,TLM12,STIC,20210928-20220221,HS,21059656,15844.5,19.662,36.2973216845,1,poor,NA
AIMS,2021-10-08T12:45:00Z,TLM12,STIC,20210928-20220221,HS,21059656,15844.5,19.662,36.2973216845,1,poor,NA
AIMS,2021-10-08T13:00:00Z,TLM12,STIC,20210928-20220221,HS,21059656,15844.5,19.662,36.2973216845,1,poor,NA
AIMS,2021-10-08T13:15:00Z,TLM12,STIC,20210928-20220221,HS,21059656,15844.5,19.662,36.2973216845,1,poor,NA
AIMS,2021-10-08T13:30:00Z,TLM12,STIC,20210928-20220221,HS,21059656,16533.4,19.662,38.2067575258,1,poor,NA
AIMS,2021-10-08T13:45:00Z,TLM12,STIC,20210928-20220221,HS,21059656,16533.4,19.662,38.2067575258,1,poor,NA
AIMS,2021-10-08T14:00:00Z,TLM12,STIC,20210928-20220221,HS,21059656,16533.4,19.662,38.2067575258,1,poor,NA
AIMS,2021-10-08T14:15:00Z,TLM12,STIC,20210928-20220221,HS,21059656,16533.4,19.662,38.2067575258,1,poor,NA
AIMS,2021-10-08T14:30:00Z,TLM12,STIC,20210928-20220221,HS,21059656,16533.4,19.758,38.2067575258,1,poor,NA
AIMS,2021-10-08T14:45:00Z,TLM12,STIC,20210928-20220221,HS,21059656,16533.4,19.758,38.2067575258,1,poor,NA
AIMS,2021-10-08T15:00:00Z,TLM12,STIC,20210928-20220221,HS,21059656,16533.4,19.758,38.2067575258,1,poor,NA
AIMS,2021-10-08T15:15:00Z,TLM12,STIC,20210928-20220221,HS,21059656,16533.4,19.853,38.2067575258,1,poor,NA
AIMS,2021-10-08T15:30:00Z,TLM12,STIC,20210928-20220221,HS,21059656,16533.4,19.853,38.2067575258,1,poor,NA
AIMS,2021-10-08T15:45:00Z,TLM12,STIC,20210928-20220221,HS,21059656,16533.4,19.948,38.2067575258,1,poor,NA
AIMS,2021-10-08T16:00:00Z,TLM12,STIC,20210928-20220221,HS,21059656,16533.4,20.043,38.2067575258,1,poor,NA
AIMS,2021-10-08T16:15:00Z,TLM12,STIC,20210928-20220221,HS,21059656,16533.4,20.043,38.2067575258,1,poor,NA
AIMS,2021-10-08T16:30:00Z,TLM12,STIC,20210928-20220221,HS,21059656,16533.4,20.138,38.2067575258,1,poor,NA
AIMS,2021-10-08T16:45:00Z,TLM12,STIC,20210928-20220221,HS,21059656,16533.4,20.234,38.2067575258,1,poor,NA
AIMS,2021-10-08T17:00:00Z,TLM12,STIC,20210928-20220221,HS,21059656,16533.4,20.234,38.2067575258,1,poor,NA
AIMS,2021-10-08T17:15:00Z,TLM12,STIC,20210928-20220221,HS,21059656,16533.4,20.329,38.2067575258,1,poor,NA
AIMS,2021-10-08T17:30:00Z,TLM12,STIC,20210928-20220221,HS,21059656,16533.4,20.424,38.2067575258,1,poor,NA
AIMS,2021-10-08T17:45:00Z,TLM12,STIC,20210928-20220221,HS,21059656,16533.4,20.519,38.2067575258,1,poor,NA
AIMS,2021-10-08T18:00:00Z,TLM12,STIC,20210928-20220221,HS,21059656,16533.4,20.615,38.2067575258,1,poor,NA
AIMS,2021-10-08T18:15:00Z,TLM12,STIC,20210928-20220221,HS,21059656,16533.4,20.615,38.2067575258,1,poor,NA
AIMS,2021-10-08T18:30:00Z,TLM12,STIC,20210928-20220221,HS,21059656,16533.4,20.71,38.2067575258,1,poor,NA
AIMS,2021-10-08T18:45:00Z,TLM12,STIC,20210928-20220221,HS,21059656,16533.4,20.71,38.2067575258,1,poor,NA
AIMS,2021-10-08T19:00:00Z,TLM12,STIC,20210928-20220221,HS,21059656,16533.4,20.71,38.2067575258,1,poor,NA
AIMS,2021-10-08T19:15:00Z,TLM12,STIC,20210928-20220221,HS,21059656,16533.4,20.71,38.2067575258,1,poor,NA
AIMS,2021-10-08T19:30:00Z,TLM12,STIC,20210928-20220221,HS,21059656,16533.4,20.805,38.2067575258,1,poor,NA
AIMS,2021-10-08T19:45:00Z,TLM12,STIC,20210928-20220221,HS,21059656,16533.4,20.805,38.2067575258,1,poor,NA
AIMS,2021-10-08T20:00:00Z,TLM12,STIC,20210928-20220221,HS,21059656,16533.4,20.805,38.2067575258,1,poor,NA
AIMS,2021-10-08T20:15:00Z,TLM12,STIC,20210928-20220221,HS,21059656,16533.4,20.805,38.2067575258,1,poor,NA
AIMS,2021-10-08T20:30:00Z,TLM12,STIC,20210928-20220221,HS,21059656,16533.4,20.805,38.2067575258,1,poor,NA
AIMS,2021-10-08T20:45:00Z,TLM12,STIC,20210928-20220221,HS,21059656,16533.4,20.805,38.2067575258,1,poor,NA
AIMS,2021-10-08T21:00:00Z,TLM12,STIC,20210928-20220221,HS,21059656,16533.4,20.901,38.2067575258,1,poor,NA
AIMS,2021-10-08T21:15:00Z,TLM12,STIC,20210928-20220221,HS,21059656,16533.4,20.805,38.2067575258,1,poor,NA
AIMS,2021-10-08T21:30:00Z,TLM12,STIC,20210928-20220221,HS,21059656,16533.4,20.805,38.2067575258,1,poor,NA
AIMS,2021-10-08T21:45:00Z,TLM12,STIC,20210928-20220221,HS,21059656,16533.4,20.805,38.2067575258,1,poor,NA
AIMS,2021-10-08T22:00:00Z,TLM12,STIC,20210928-20220221,HS,21059656,15844.5,20.71,36.2973216845,1,poor,NA
AIMS,2021-10-08T22:15:00Z,TLM12,STIC,20210928-20220221,HS,21059656,15844.5,20.71,36.2973216845,1,poor,NA
AIMS,2021-10-08T22:30:00Z,TLM12,STIC,20210928-20220221,HS,21059656,15155.7,20.615,34.3881630149,1,poor,NA
AIMS,2021-10-08T22:45:00Z,TLM12,STIC,20210928-20220221,HS,21059656,15155.7,20.615,34.3881630149,1,poor,NA
AIMS,2021-10-08T23:00:00Z,TLM12,STIC,20210928-20220221,HS,21059656,15155.7,20.615,34.3881630149,1,poor,NA
AIMS,2021-10-08T23:15:00Z,TLM12,STIC,20210928-20220221,HS,21059656,15155.7,20.519,34.3881630149,1,poor,NA
AIMS,2021-10-08T23:30:00Z,TLM12,STIC,20210928-20220221,HS,21059656,15155.7,20.519,34.3881630149,1,poor,NA
AIMS,2021-10-08T23:45:00Z,TLM12,STIC,20210928-20220221,HS,21059656,15155.7,20.424,34.3881630149,1,poor,NA
AIMS,2021-10-09T00:00:00Z,TLM12,STIC,20210928-20220221,HS,21059656,15155.7,20.424,34.3881630149,1,poor,NA
AIMS,2021-10-09T00:15:00Z,TLM12,STIC,20210928-20220221,HS,21059656,14466.8,20.329,32.4787271736,1,poor,NA
AIMS,2021-10-09T00:30:00Z,TLM12,STIC,20210928-20220221,HS,21059656,15155.7,20.329,34.3881630149,1,poor,NA
AIMS,2021-10-09T00:45:00Z,TLM12,STIC,20210928-20220221,HS,21059656,15155.7,20.234,34.3881630149,1,poor,NA
AIMS,2021-10-09T01:00:00Z,TLM12,STIC,20210928-20220221,HS,21059656,15155.7,20.138,34.3881630149,1,poor,NA
AIMS,2021-10-09T01:15:00Z,TLM12,STIC,20210928-20220221,HS,21059656,15155.7,20.043,34.3881630149,1,poor,NA
AIMS,2021-10-09T01:30:00Z,TLM12,STIC,20210928-20220221,HS,21059656,15155.7,20.043,34.3881630149,1,poor,NA
AIMS,2021-10-09T01:45:00Z,TLM12,STIC,20210928-20220221,HS,21059656,15155.7,19.948,34.3881630149,1,poor,NA
AIMS,2021-10-09T02:00:00Z,TLM12,STIC,20210928-20220221,HS,21059656,15155.7,19.853,34.3881630149,1,poor,NA
AIMS,2021-10-09T02:15:00Z,TLM12,STIC,20210928-20220221,HS,21059656,15844.5,19.853,36.2973216845,1,poor,NA
AIMS,2021-10-09T02:30:00Z,TLM12,STIC,20210928-20220221,HS,21059656,15844.5,19.758,36.2973216845,1,poor,NA
AIMS,2021-10-09T02:45:00Z,TLM12,STIC,20210928-20220221,HS,21059656,16533.4,19.758,38.2067575258,1,poor,NA
AIMS,2021-10-09T03:00:00Z,TLM12,STIC,20210928-20220221,HS,21059656,16533.4,19.662,38.2067575258,1,poor,NA
AIMS,2021-10-09T03:15:00Z,TLM12,STIC,20210928-20220221,HS,21059656,16533.4,19.662,38.2067575258,1,poor,NA
AIMS,2021-10-09T03:30:00Z,TLM12,STIC,20210928-20220221,HS,21059656,16533.4,19.567,38.2067575258,1,poor,NA
AIMS,2021-10-09T03:45:00Z,TLM12,STIC,20210928-20220221,HS,21059656,16533.4,19.472,38.2067575258,1,poor,NA
AIMS,2021-10-09T04:00:00Z,TLM12,STIC,20210928-20220221,HS,21059656,16533.4,19.472,38.2067575258,1,poor,NA
AIMS,2021-10-09T04:15:00Z,TLM12,STIC,20210928-20220221,HS,21059656,16533.4,19.377,38.2067575258,1,poor,NA
AIMS,2021-10-09T04:30:00Z,TLM12,STIC,20210928-20220221,HS,21059656,16533.4,19.377,38.2067575258,1,poor,NA
AIMS,2021-10-09T04:45:00Z,TLM12,STIC,20210928-20220221,HS,21059656,16533.4,19.282,38.2067575258,1,poor,NA
AIMS,2021-10-09T05:00:00Z,TLM12,STIC,20210928-20220221,HS,21059656,16533.4,19.282,38.2067575258,1,poor,NA
AIMS,2021-10-09T05:15:00Z,TLM12,STIC,20210928-20220221,HS,21059656,16533.4,19.187,38.2067575258,1,poor,NA
AIMS,2021-10-09T05:30:00Z,TLM12,STIC,20210928-20220221,HS,21059656,16533.4,19.187,38.2067575258,1,poor,NA
AIMS,2021-10-09T05:45:00Z,TLM12,STIC,20210928-20220221,HS,21059656,16533.4,19.092,38.2067575258,1,poor,NA
AIMS,2021-10-09T06:00:00Z,TLM12,STIC,20210928-20220221,HS,21059656,16533.4,19.092,38.2067575258,1,poor,NA
AIMS,2021-10-09T06:15:00Z,TLM12,STIC,20210928-20220221,HS,21059656,16533.4,18.996,38.2067575258,1,poor,NA
AIMS,2021-10-09T06:30:00Z,TLM12,STIC,20210928-20220221,HS,21059656,16533.4,18.996,38.2067575258,1,poor,NA
AIMS,2021-10-09T06:45:00Z,TLM12,STIC,20210928-20220221,HS,21059656,16533.4,18.901,38.2067575258,1,poor,NA
AIMS,2021-10-09T07:00:00Z,TLM12,STIC,20210928-20220221,HS,21059656,16533.4,18.901,38.2067575258,1,poor,NA
AIMS,2021-10-09T07:15:00Z,TLM12,STIC,20210928-20220221,HS,21059656,16533.4,18.806,38.2067575258,1,poor,NA
AIMS,2021-10-09T07:30:00Z,TLM12,STIC,20210928-20220221,HS,21059656,16533.4,18.806,38.2067575258,1,poor,NA
AIMS,2021-10-09T07:45:00Z,TLM12,STIC,20210928-20220221,HS,21059656,16533.4,18.711,38.2067575258,1,poor,NA
AIMS,2021-10-09T08:00:00Z,TLM12,STIC,20210928-20220221,HS,21059656,16533.4,18.711,38.2067575258,1,poor,NA
AIMS,2021-10-09T08:15:00Z,TLM12,STIC,20210928-20220221,HS,21059656,16533.4,18.711,38.2067575258,1,poor,NA
AIMS,2021-10-09T08:30:00Z,TLM12,STIC,20210928-20220221,HS,21059656,16533.4,18.616,38.2067575258,1,poor,NA
AIMS,2021-10-09T08:45:00Z,TLM12,STIC,20210928-20220221,HS,21059656,15844.5,18.616,36.2973216845,1,poor,NA
AIMS,2021-10-09T09:00:00Z,TLM12,STIC,20210928-20220221,HS,21059656,15844.5,18.521,36.2973216845,1,poor,NA
AIMS,2021-10-09T09:15:00Z,TLM12,STIC,20210928-20220221,HS,21059656,15844.5,18.521,36.2973216845,1,poor,NA
AIMS,2021-10-09T09:30:00Z,TLM12,STIC,20210928-20220221,HS,21059656,15844.5,18.521,36.2973216845,1,poor,NA
AIMS,2021-10-09T09:45:00Z,TLM12,STIC,20210928-20220221,HS,21059656,16533.4,18.426,38.2067575258,1,poor,NA
AIMS,2021-10-09T10:00:00Z,TLM12,STIC,20210928-20220221,HS,21059656,16533.4,18.426,38.2067575258,1,poor,NA
AIMS,2021-10-09T10:15:00Z,TLM12,STIC,20210928-20220221,HS,21059656,16533.4,18.426,38.2067575258,1,poor,NA
AIMS,2021-10-09T10:30:00Z,TLM12,STIC,20210928-20220221,HS,21059656,16533.4,18.331,38.2067575258,1,poor,NA
AIMS,2021-10-09T10:45:00Z,TLM12,STIC,20210928-20220221,HS,21059656,16533.4,18.331,38.2067575258,1,poor,NA
AIMS,2021-10-09T11:00:00Z,TLM12,STIC,20210928-20220221,HS,21059656,16533.4,18.331,38.2067575258,1,poor,NA
AIMS,2021-10-09T11:15:00Z,TLM12,STIC,20210928-20220221,HS,21059656,16533.4,18.236,38.2067575258,1,poor,NA
AIMS,2021-10-09T11:30:00Z,TLM12,STIC,20210928-20220221,HS,21059656,16533.4,18.236,38.2067575258,1,poor,NA
AIMS,2021-10-09T11:45:00Z,TLM12,STIC,20210928-20220221,HS,21059656,16533.4,18.236,38.2067575258,1,poor,NA
AIMS,2021-10-09T12:00:00Z,TLM12,STIC,20210928-20220221,HS,21059656,16533.4,18.236,38.2067575258,1,poor,NA
AIMS,2021-10-09T12:15:00Z,TLM12,STIC,20210928-20220221,HS,21059656,16533.4,18.14,38.2067575258,1,poor,NA
AIMS,2021-10-09T12:30:00Z,TLM12,STIC,20210928-20220221,HS,21059656,16533.4,18.14,38.2067575258,1,poor,NA
AIMS,2021-10-09T12:45:00Z,TLM12,STIC,20210928-20220221,HS,21059656,16533.4,18.14,38.2067575258,1,poor,NA
AIMS,2021-10-09T13:00:00Z,TLM12,STIC,20210928-20220221,HS,21059656,16533.4,18.14,38.2067575258,1,poor,NA
AIMS,2021-10-09T13:15:00Z,TLM12,STIC,20210928-20220221,HS,21059656,16533.4,18.14,38.2067575258,1,poor,NA
AIMS,2021-10-09T13:30:00Z,TLM12,STIC,20210928-20220221,HS,21059656,16533.4,18.14,38.2067575258,1,poor,NA
AIMS,2021-10-09T13:45:00Z,TLM12,STIC,20210928-20220221,HS,21059656,16533.4,18.14,38.2067575258,1,poor,NA
AIMS,2021-10-09T14:00:00Z,TLM12,STIC,20210928-20220221,HS,21059656,16533.4,18.236,38.2067575258,1,poor,NA
AIMS,2021-10-09T14:15:00Z,TLM12,STIC,20210928-20220221,HS,21059656,16533.4,18.236,38.2067575258,1,poor,NA
AIMS,2021-10-09T14:30:00Z,TLM12,STIC,20210928-20220221,HS,21059656,16533.4,18.331,38.2067575258,1,poor,NA
AIMS,2021-10-09T14:45:00Z,TLM12,STIC,20210928-20220221,HS,21059656,16533.4,18.426,38.2067575258,1,poor,NA
AIMS,2021-10-09T15:00:00Z,TLM12,STIC,20210928-20220221,HS,21059656,16533.4,18.521,38.2067575258,1,poor,NA
AIMS,2021-10-09T15:15:00Z,TLM12,STIC,20210928-20220221,HS,21059656,16533.4,18.616,38.2067575258,1,poor,NA
AIMS,2021-10-09T15:30:00Z,TLM12,STIC,20210928-20220221,HS,21059656,16533.4,18.711,38.2067575258,1,poor,NA
AIMS,2021-10-09T15:45:00Z,TLM12,STIC,20210928-20220221,HS,21059656,16533.4,18.806,38.2067575258,1,poor,NA
AIMS,2021-10-09T16:00:00Z,TLM12,STIC,20210928-20220221,HS,21059656,16533.4,18.996,38.2067575258,1,poor,NA
AIMS,2021-10-09T16:15:00Z,TLM12,STIC,20210928-20220221,HS,21059656,16533.4,19.092,38.2067575258,1,poor,NA
AIMS,2021-10-09T16:30:00Z,TLM12,STIC,20210928-20220221,HS,21059656,16533.4,19.282,38.2067575258,1,poor,NA
AIMS,2021-10-09T16:45:00Z,TLM12,STIC,20210928-20220221,HS,21059656,16533.4,19.377,38.2067575258,1,poor,NA
AIMS,2021-10-09T17:00:00Z,TLM12,STIC,20210928-20220221,HS,21059656,16533.4,19.567,38.2067575258,1,poor,NA
AIMS,2021-10-09T17:15:00Z,TLM12,STIC,20210928-20220221,HS,21059656,16533.4,19.662,38.2067575258,1,poor,NA
AIMS,2021-10-09T17:30:00Z,TLM12,STIC,20210928-20220221,HS,21059656,16533.4,19.758,38.2067575258,1,poor,NA
AIMS,2021-10-09T17:45:00Z,TLM12,STIC,20210928-20220221,HS,21059656,16533.4,19.853,38.2067575258,1,poor,NA
AIMS,2021-10-09T18:00:00Z,TLM12,STIC,20210928-20220221,HS,21059656,16533.4,19.948,38.2067575258,1,poor,NA
AIMS,2021-10-09T18:15:00Z,TLM12,STIC,20210928-20220221,HS,21059656,16533.4,20.043,38.2067575258,1,poor,NA
AIMS,2021-10-09T18:30:00Z,TLM12,STIC,20210928-20220221,HS,21059656,16533.4,20.138,38.2067575258,1,poor,NA
AIMS,2021-10-09T18:45:00Z,TLM12,STIC,20210928-20220221,HS,21059656,16533.4,20.329,38.2067575258,1,poor,NA
AIMS,2021-10-09T19:00:00Z,TLM12,STIC,20210928-20220221,HS,21059656,16533.4,20.424,38.2067575258,1,poor,NA
AIMS,2021-10-09T19:15:00Z,TLM12,STIC,20210928-20220221,HS,21059656,16533.4,20.424,38.2067575258,1,poor,NA
AIMS,2021-10-09T19:30:00Z,TLM12,STIC,20210928-20220221,HS,21059656,16533.4,20.519,38.2067575258,1,poor,NA
AIMS,2021-10-09T19:45:00Z,TLM12,STIC,20210928-20220221,HS,21059656,16533.4,20.519,38.2067575258,1,poor,NA
AIMS,2021-10-09T20:00:00Z,TLM12,STIC,20210928-20220221,HS,21059656,16533.4,20.519,38.2067575258,1,poor,NA
AIMS,2021-10-09T20:15:00Z,TLM12,STIC,20210928-20220221,HS,21059656,16533.4,20.519,38.2067575258,1,poor,NA
AIMS,2021-10-09T20:30:00Z,TLM12,STIC,20210928-20220221,HS,21059656,16533.4,20.615,38.2067575258,1,poor,NA
AIMS,2021-10-09T20:45:00Z,TLM12,STIC,20210928-20220221,HS,21059656,15844.5,20.615,36.2973216845,1,poor,NA
AIMS,2021-10-09T21:00:00Z,TLM12,STIC,20210928-20220221,HS,21059656,15844.5,20.615,36.2973216845,1,poor,NA
AIMS,2021-10-09T21:15:00Z,TLM12,STIC,20210928-20220221,HS,21059656,15844.5,20.615,36.2973216845,1,poor,NA
AIMS,2021-10-09T21:30:00Z,TLM12,STIC,20210928-20220221,HS,21059656,15844.5,20.615,36.2973216845,1,poor,NA
AIMS,2021-10-09T21:45:00Z,TLM12,STIC,20210928-20220221,HS,21059656,15844.5,20.615,36.2973216845,1,poor,NA
AIMS,2021-10-09T22:00:00Z,TLM12,STIC,20210928-20220221,HS,21059656,15844.5,20.615,36.2973216845,1,poor,NA
AIMS,2021-10-09T22:15:00Z,TLM12,STIC,20210928-20220221,HS,21059656,15844.5,20.519,36.2973216845,1,poor,NA
AIMS,2021-10-09T22:30:00Z,TLM12,STIC,20210928-20220221,HS,21059656,15844.5,20.519,36.2973216845,1,poor,NA
AIMS,2021-10-09T22:45:00Z,TLM12,STIC,20210928-20220221,HS,21059656,15844.5,20.424,36.2973216845,1,poor,NA
AIMS,2021-10-09T23:00:00Z,TLM12,STIC,20210928-20220221,HS,21059656,15844.5,20.424,36.2973216845,1,poor,NA
AIMS,2021-10-09T23:15:00Z,TLM12,STIC,20210928-20220221,HS,21059656,15844.5,20.424,36.2973216845,1,poor,NA
AIMS,2021-10-09T23:30:00Z,TLM12,STIC,20210928-20220221,HS,21059656,15844.5,20.329,36.2973216845,1,poor,NA
AIMS,2021-10-09T23:45:00Z,TLM12,STIC,20210928-20220221,HS,21059656,15844.5,20.329,36.2973216845,1,poor,NA
AIMS,2021-10-10T00:00:00Z,TLM12,STIC,20210928-20220221,HS,21059656,15844.5,20.234,36.2973216845,1,poor,NA
AIMS,2021-10-10T00:15:00Z,TLM12,STIC,20210928-20220221,HS,21059656,15844.5,20.234,36.2973216845,1,poor,NA
AIMS,2021-10-10T00:30:00Z,TLM12,STIC,20210928-20220221,HS,21059656,15844.5,20.138,36.2973216845,1,poor,NA
AIMS,2021-10-10T00:45:00Z,TLM12,STIC,20210928-20220221,HS,21059656,15844.5,20.138,36.2973216845,1,poor,NA
AIMS,2021-10-10T01:00:00Z,TLM12,STIC,20210928-20220221,HS,21059656,15844.5,20.043,36.2973216845,1,poor,NA
AIMS,2021-10-10T01:15:00Z,TLM12,STIC,20210928-20220221,HS,21059656,15844.5,19.948,36.2973216845,1,poor,NA
AIMS,2021-10-10T01:30:00Z,TLM12,STIC,20210928-20220221,HS,21059656,15844.5,19.948,36.2973216845,1,poor,NA
AIMS,2021-10-10T01:45:00Z,TLM12,STIC,20210928-20220221,HS,21059656,15844.5,19.853,36.2973216845,1,poor,NA
AIMS,2021-10-10T02:00:00Z,TLM12,STIC,20210928-20220221,HS,21059656,15155.7,19.853,34.3881630149,1,poor,NA
AIMS,2021-10-10T02:15:00Z,TLM12,STIC,20210928-20220221,HS,21059656,14466.8,19.758,32.4787271736,1,poor,NA
AIMS,2021-10-10T02:30:00Z,TLM12,STIC,20210928-20220221,HS,21059656,14466.8,19.662,32.4787271736,1,poor,NA
AIMS,2021-10-10T02:45:00Z,TLM12,STIC,20210928-20220221,HS,21059656,14466.8,19.662,32.4787271736,1,poor,NA
AIMS,2021-10-10T03:00:00Z,TLM12,STIC,20210928-20220221,HS,21059656,14466.8,19.567,32.4787271736,1,poor,NA
AIMS,2021-10-10T03:15:00Z,TLM12,STIC,20210928-20220221,HS,21059656,14466.8,19.567,32.4787271736,1,poor,NA
AIMS,2021-10-10T03:30:00Z,TLM12,STIC,20210928-20220221,HS,21059656,14466.8,19.472,32.4787271736,1,poor,NA
AIMS,2021-10-10T03:45:00Z,TLM12,STIC,20210928-20220221,HS,21059656,14466.8,19.472,32.4787271736,1,poor,NA
AIMS,2021-10-10T04:00:00Z,TLM12,STIC,20210928-20220221,HS,21059656,14466.8,19.377,32.4787271736,1,poor,NA
AIMS,2021-10-10T04:15:00Z,TLM12,STIC,20210928-20220221,HS,21059656,14466.8,19.377,32.4787271736,1,poor,NA
AIMS,2021-10-10T04:30:00Z,TLM12,STIC,20210928-20220221,HS,21059656,13777.9,19.282,30.569291332299997,1,poor,NA
AIMS,2021-10-10T04:45:00Z,TLM12,STIC,20210928-20220221,HS,21059656,13777.9,19.282,30.569291332299997,1,poor,NA
AIMS,2021-10-10T05:00:00Z,TLM12,STIC,20210928-20220221,HS,21059656,13777.9,19.187,30.569291332299997,1,poor,NA
AIMS,2021-10-10T05:15:00Z,TLM12,STIC,20210928-20220221,HS,21059656,13777.9,19.187,30.569291332299997,1,poor,NA
AIMS,2021-10-10T05:30:00Z,TLM12,STIC,20210928-20220221,HS,21059656,13089,19.092,28.659855490999995,1,poor,NA
AIMS,2021-10-10T05:45:00Z,TLM12,STIC,20210928-20220221,HS,21059656,13089,19.092,28.659855490999995,1,poor,NA
AIMS,2021-10-10T06:00:00Z,TLM12,STIC,20210928-20220221,HS,21059656,13089,18.996,28.659855490999995,1,poor,NA
AIMS,2021-10-10T06:15:00Z,TLM12,STIC,20210928-20220221,HS,21059656,13089,18.996,28.659855490999995,1,poor,NA
AIMS,2021-10-10T06:30:00Z,TLM12,STIC,20210928-20220221,HS,21059656,13089,18.996,28.659855490999995,1,poor,NA
AIMS,2021-10-10T06:45:00Z,TLM12,STIC,20210928-20220221,HS,21059656,13089,18.901,28.659855490999995,1,poor,NA
AIMS,2021-10-10T07:00:00Z,TLM12,STIC,20210928-20220221,HS,21059656,13089,18.901,28.659855490999995,1,poor,NA
AIMS,2021-10-10T07:15:00Z,TLM12,STIC,20210928-20220221,HS,21059656,13089,18.806,28.659855490999995,1,poor,NA
AIMS,2021-10-10T07:30:00Z,TLM12,STIC,20210928-20220221,HS,21059656,13089,18.806,28.659855490999995,1,poor,NA
AIMS,2021-10-10T07:45:00Z,TLM12,STIC,20210928-20220221,HS,21059656,13777.9,18.806,30.569291332299997,1,poor,NA
AIMS,2021-10-10T08:00:00Z,TLM12,STIC,20210928-20220221,HS,21059656,13777.9,18.711,30.569291332299997,1,poor,NA
AIMS,2021-10-10T08:15:00Z,TLM12,STIC,20210928-20220221,HS,21059656,13777.9,18.711,30.569291332299997,1,poor,NA
AIMS,2021-10-10T08:30:00Z,TLM12,STIC,20210928-20220221,HS,21059656,14466.8,18.711,32.4787271736,1,poor,NA
AIMS,2021-10-10T08:45:00Z,TLM12,STIC,20210928-20220221,HS,21059656,14466.8,18.616,32.4787271736,1,poor,NA
AIMS,2021-10-10T09:00:00Z,TLM12,STIC,20210928-20220221,HS,21059656,14466.8,18.616,32.4787271736,1,poor,NA
AIMS,2021-10-10T09:15:00Z,TLM12,STIC,20210928-20220221,HS,21059656,14466.8,18.616,32.4787271736,1,poor,NA
AIMS,2021-10-10T09:30:00Z,TLM12,STIC,20210928-20220221,HS,21059656,14466.8,18.521,32.4787271736,1,poor,NA
AIMS,2021-10-10T09:45:00Z,TLM12,STIC,20210928-20220221,HS,21059656,14466.8,18.521,32.4787271736,1,poor,NA
AIMS,2021-10-10T10:00:00Z,TLM12,STIC,20210928-20220221,HS,21059656,14466.8,18.521,32.4787271736,1,poor,NA
AIMS,2021-10-10T10:15:00Z,TLM12,STIC,20210928-20220221,HS,21059656,14466.8,18.426,32.4787271736,1,poor,NA
AIMS,2021-10-10T10:30:00Z,TLM12,STIC,20210928-20220221,HS,21059656,14466.8,18.426,32.4787271736,1,poor,NA
AIMS,2021-10-10T10:45:00Z,TLM12,STIC,20210928-20220221,HS,21059656,14466.8,18.426,32.4787271736,1,poor,NA
AIMS,2021-10-10T11:00:00Z,TLM12,STIC,20210928-20220221,HS,21059656,14466.8,18.426,32.4787271736,1,poor,NA
AIMS,2021-10-10T11:15:00Z,TLM12,STIC,20210928-20220221,HS,21059656,14466.8,18.331,32.4787271736,1,poor,NA
AIMS,2021-10-10T11:30:00Z,TLM12,STIC,20210928-20220221,HS,21059656,14466.8,18.331,32.4787271736,1,poor,NA
AIMS,2021-10-10T11:45:00Z,TLM12,STIC,20210928-20220221,HS,21059656,15155.7,18.331,34.3881630149,1,poor,NA
AIMS,2021-10-10T12:00:00Z,TLM12,STIC,20210928-20220221,HS,21059656,15155.7,18.331,34.3881630149,1,poor,NA
AIMS,2021-10-10T12:15:00Z,TLM12,STIC,20210928-20220221,HS,21059656,15155.7,18.331,34.3881630149,1,poor,NA
AIMS,2021-10-10T12:30:00Z,TLM12,STIC,20210928-20220221,HS,21059656,15155.7,18.331,34.3881630149,1,poor,NA
AIMS,2021-10-10T12:45:00Z,TLM12,STIC,20210928-20220221,HS,21059656,15155.7,18.331,34.3881630149,1,poor,NA
AIMS,2021-10-10T13:00:00Z,TLM12,STIC,20210928-20220221,HS,21059656,15155.7,18.331,34.3881630149,1,poor,NA
AIMS,2021-10-10T13:15:00Z,TLM12,STIC,20210928-20220221,HS,21059656,15155.7,18.331,34.3881630149,1,poor,NA
AIMS,2021-10-10T13:30:00Z,TLM12,STIC,20210928-20220221,HS,21059656,15155.7,18.331,34.3881630149,1,poor,NA
AIMS,2021-10-10T13:45:00Z,TLM12,STIC,20210928-20220221,HS,21059656,15155.7,18.331,34.3881630149,1,poor,NA
AIMS,2021-10-10T14:00:00Z,TLM12,STIC,20210928-20220221,HS,21059656,15155.7,18.426,34.3881630149,1,poor,NA
AIMS,2021-10-10T14:15:00Z,TLM12,STIC,20210928-20220221,HS,21059656,15155.7,18.426,34.3881630149,1,poor,NA
AIMS,2021-10-10T14:30:00Z,TLM12,STIC,20210928-20220221,HS,21059656,15155.7,18.521,34.3881630149,1,poor,NA
AIMS,2021-10-10T14:45:00Z,TLM12,STIC,20210928-20220221,HS,21059656,15155.7,18.521,34.3881630149,1,poor,NA
AIMS,2021-10-10T15:00:00Z,TLM12,STIC,20210928-20220221,HS,21059656,15155.7,18.616,34.3881630149,1,poor,NA
AIMS,2021-10-10T15:15:00Z,TLM12,STIC,20210928-20220221,HS,21059656,15844.5,18.711,36.2973216845,1,poor,NA
AIMS,2021-10-10T15:30:00Z,TLM12,STIC,20210928-20220221,HS,21059656,15844.5,18.806,36.2973216845,1,poor,NA
AIMS,2021-10-10T15:45:00Z,TLM12,STIC,20210928-20220221,HS,21059656,15844.5,18.901,36.2973216845,1,poor,NA
AIMS,2021-10-10T16:00:00Z,TLM12,STIC,20210928-20220221,HS,21059656,15844.5,18.996,36.2973216845,1,poor,NA
AIMS,2021-10-10T16:15:00Z,TLM12,STIC,20210928-20220221,HS,21059656,15844.5,19.092,36.2973216845,1,poor,NA
AIMS,2021-10-10T16:30:00Z,TLM12,STIC,20210928-20220221,HS,21059656,15844.5,19.187,36.2973216845,1,poor,NA
AIMS,2021-10-10T16:45:00Z,TLM12,STIC,20210928-20220221,HS,21059656,15844.5,19.377,36.2973216845,1,poor,NA
AIMS,2021-10-10T17:00:00Z,TLM12,STIC,20210928-20220221,HS,21059656,16533.4,19.472,38.2067575258,1,poor,NA
AIMS,2021-10-10T17:15:00Z,TLM12,STIC,20210928-20220221,HS,21059656,16533.4,19.567,38.2067575258,1,poor,NA
AIMS,2021-10-10T17:30:00Z,TLM12,STIC,20210928-20220221,HS,21059656,16533.4,19.662,38.2067575258,1,poor,NA
AIMS,2021-10-10T17:45:00Z,TLM12,STIC,20210928-20220221,HS,21059656,16533.4,19.758,38.2067575258,1,poor,NA
AIMS,2021-10-10T18:00:00Z,TLM12,STIC,20210928-20220221,HS,21059656,16533.4,19.853,38.2067575258,1,poor,NA
AIMS,2021-10-10T18:15:00Z,TLM12,STIC,20210928-20220221,HS,21059656,16533.4,19.853,38.2067575258,1,poor,NA
AIMS,2021-10-10T18:30:00Z,TLM12,STIC,20210928-20220221,HS,21059656,16533.4,19.948,38.2067575258,1,poor,NA
AIMS,2021-10-10T18:45:00Z,TLM12,STIC,20210928-20220221,HS,21059656,16533.4,20.043,38.2067575258,1,poor,NA
AIMS,2021-10-10T19:00:00Z,TLM12,STIC,20210928-20220221,HS,21059656,16533.4,20.138,38.2067575258,1,poor,NA
AIMS,2021-10-10T19:15:00Z,TLM12,STIC,20210928-20220221,HS,21059656,16533.4,20.234,38.2067575258,1,poor,NA
AIMS,2021-10-10T19:30:00Z,TLM12,STIC,20210928-20220221,HS,21059656,16533.4,20.329,38.2067575258,1,poor,NA
AIMS,2021-10-10T19:45:00Z,TLM12,STIC,20210928-20220221,HS,21059656,16533.4,20.329,38.2067575258,1,poor,NA
AIMS,2021-10-10T20:00:00Z,TLM12,STIC,20210928-20220221,HS,21059656,16533.4,20.424,38.2067575258,1,poor,NA
AIMS,2021-10-10T20:15:00Z,TLM12,STIC,20210928-20220221,HS,21059656,16533.4,20.424,38.2067575258,1,poor,NA
AIMS,2021-10-10T20:30:00Z,TLM12,STIC,20210928-20220221,HS,21059656,16533.4,20.519,38.2067575258,1,poor,NA
AIMS,2021-10-10T20:45:00Z,TLM12,STIC,20210928-20220221,HS,21059656,16533.4,20.519,38.2067575258,1,poor,NA
AIMS,2021-10-10T21:00:00Z,TLM12,STIC,20210928-20220221,HS,21059656,17222.3,20.615,40.116193367099996,1,poor,NA
AIMS,2021-10-10T21:15:00Z,TLM12,STIC,20210928-20220221,HS,21059656,17222.3,20.615,40.116193367099996,1,poor,NA
AIMS,2021-10-10T21:30:00Z,TLM12,STIC,20210928-20220221,HS,21059656,17222.3,20.615,40.116193367099996,1,poor,NA
AIMS,2021-10-10T21:45:00Z,TLM12,STIC,20210928-20220221,HS,21059656,17222.3,20.615,40.116193367099996,1,poor,NA
AIMS,2021-10-10T22:00:00Z,TLM12,STIC,20210928-20220221,HS,21059656,17222.3,20.519,40.116193367099996,1,poor,NA
AIMS,2021-10-10T22:15:00Z,TLM12,STIC,20210928-20220221,HS,21059656,17222.3,20.519,40.116193367099996,1,poor,NA
AIMS,2021-10-10T22:30:00Z,TLM12,STIC,20210928-20220221,HS,21059656,17222.3,20.519,40.116193367099996,1,poor,NA
AIMS,2021-10-10T22:45:00Z,TLM12,STIC,20210928-20220221,HS,21059656,17222.3,20.424,40.116193367099996,1,poor,NA
AIMS,2021-10-10T23:00:00Z,TLM12,STIC,20210928-20220221,HS,21059656,17222.3,20.424,40.116193367099996,1,poor,NA
AIMS,2021-10-10T23:15:00Z,TLM12,STIC,20210928-20220221,HS,21059656,17222.3,20.329,40.116193367099996,1,poor,NA
AIMS,2021-10-10T23:30:00Z,TLM12,STIC,20210928-20220221,HS,21059656,17222.3,20.329,40.116193367099996,1,poor,NA
AIMS,2021-10-10T23:45:00Z,TLM12,STIC,20210928-20220221,HS,21059656,17222.3,20.234,40.116193367099996,1,poor,NA
AIMS,2021-10-11T00:00:00Z,TLM12,STIC,20210928-20220221,HS,21059656,17222.3,20.234,40.116193367099996,1,poor,NA
AIMS,2021-10-11T00:15:00Z,TLM12,STIC,20210928-20220221,HS,21059656,17222.3,20.138,40.116193367099996,1,poor,NA
AIMS,2021-10-11T00:30:00Z,TLM12,STIC,20210928-20220221,HS,21059656,17222.3,20.138,40.116193367099996,1,poor,NA
AIMS,2021-10-11T00:45:00Z,TLM12,STIC,20210928-20220221,HS,21059656,17222.3,20.043,40.116193367099996,1,poor,NA
AIMS,2021-10-11T01:00:00Z,TLM12,STIC,20210928-20220221,HS,21059656,17222.3,20.043,40.116193367099996,1,poor,NA
AIMS,2021-10-11T01:15:00Z,TLM12,STIC,20210928-20220221,HS,21059656,17222.3,19.948,40.116193367099996,1,poor,NA
AIMS,2021-10-11T01:30:00Z,TLM12,STIC,20210928-20220221,HS,21059656,17222.3,19.853,40.116193367099996,1,poor,NA
AIMS,2021-10-11T01:45:00Z,TLM12,STIC,20210928-20220221,HS,21059656,17222.3,19.853,40.116193367099996,1,poor,NA
AIMS,2021-10-11T02:00:00Z,TLM12,STIC,20210928-20220221,HS,21059656,17222.3,19.758,40.116193367099996,1,poor,NA
AIMS,2021-10-11T02:15:00Z,TLM12,STIC,20210928-20220221,HS,21059656,16533.4,19.758,38.2067575258,1,poor,NA
AIMS,2021-10-11T02:30:00Z,TLM12,STIC,20210928-20220221,HS,21059656,16533.4,19.662,38.2067575258,1,poor,NA
AIMS,2021-10-11T02:45:00Z,TLM12,STIC,20210928-20220221,HS,21059656,16533.4,19.567,38.2067575258,1,poor,NA
AIMS,2021-10-11T03:00:00Z,TLM12,STIC,20210928-20220221,HS,21059656,16533.4,19.567,38.2067575258,1,poor,NA
AIMS,2021-10-11T03:15:00Z,TLM12,STIC,20210928-20220221,HS,21059656,16533.4,19.472,38.2067575258,1,poor,NA
AIMS,2021-10-11T03:30:00Z,TLM12,STIC,20210928-20220221,HS,21059656,16533.4,19.472,38.2067575258,1,poor,NA
AIMS,2021-10-11T03:45:00Z,TLM12,STIC,20210928-20220221,HS,21059656,16533.4,19.377,38.2067575258,1,poor,NA
AIMS,2021-10-11T04:00:00Z,TLM12,STIC,20210928-20220221,HS,21059656,16533.4,19.377,38.2067575258,1,poor,NA
AIMS,2021-10-11T04:15:00Z,TLM12,STIC,20210928-20220221,HS,21059656,16533.4,19.282,38.2067575258,1,poor,NA
AIMS,2021-10-11T04:30:00Z,TLM12,STIC,20210928-20220221,HS,21059656,16533.4,19.187,38.2067575258,1,poor,NA
AIMS,2021-10-11T04:45:00Z,TLM12,STIC,20210928-20220221,HS,21059656,16533.4,19.187,38.2067575258,1,poor,NA
AIMS,2021-10-11T05:00:00Z,TLM12,STIC,20210928-20220221,HS,21059656,16533.4,19.092,38.2067575258,1,poor,NA
AIMS,2021-10-11T05:15:00Z,TLM12,STIC,20210928-20220221,HS,21059656,16533.4,19.092,38.2067575258,1,poor,NA
AIMS,2021-10-11T05:30:00Z,TLM12,STIC,20210928-20220221,HS,21059656,16533.4,18.996,38.2067575258,1,poor,NA
AIMS,2021-10-11T05:45:00Z,TLM12,STIC,20210928-20220221,HS,21059656,16533.4,18.996,38.2067575258,1,poor,NA
AIMS,2021-10-11T06:00:00Z,TLM12,STIC,20210928-20220221,HS,21059656,16533.4,18.901,38.2067575258,1,poor,NA
AIMS,2021-10-11T06:15:00Z,TLM12,STIC,20210928-20220221,HS,21059656,16533.4,18.901,38.2067575258,1,poor,NA
AIMS,2021-10-11T06:30:00Z,TLM12,STIC,20210928-20220221,HS,21059656,16533.4,18.806,38.2067575258,1,poor,NA
AIMS,2021-10-11T06:45:00Z,TLM12,STIC,20210928-20220221,HS,21059656,16533.4,18.806,38.2067575258,1,poor,NA
AIMS,2021-10-11T07:00:00Z,TLM12,STIC,20210928-20220221,HS,21059656,16533.4,18.711,38.2067575258,1,poor,NA
AIMS,2021-10-11T07:15:00Z,TLM12,STIC,20210928-20220221,HS,21059656,16533.4,18.711,38.2067575258,1,poor,NA
AIMS,2021-10-11T07:30:00Z,TLM12,STIC,20210928-20220221,HS,21059656,16533.4,18.711,38.2067575258,1,poor,NA
AIMS,2021-10-11T07:45:00Z,TLM12,STIC,20210928-20220221,HS,21059656,16533.4,18.616,38.2067575258,1,poor,NA
AIMS,2021-10-11T08:00:00Z,TLM12,STIC,20210928-20220221,HS,21059656,16533.4,18.616,38.2067575258,1,poor,NA
AIMS,2021-10-11T08:15:00Z,TLM12,STIC,20210928-20220221,HS,21059656,16533.4,18.616,38.2067575258,1,poor,NA
AIMS,2021-10-11T08:30:00Z,TLM12,STIC,20210928-20220221,HS,21059656,16533.4,18.616,38.2067575258,1,poor,NA
AIMS,2021-10-11T08:45:00Z,TLM12,STIC,20210928-20220221,HS,21059656,16533.4,18.521,38.2067575258,1,poor,NA
AIMS,2021-10-11T09:00:00Z,TLM12,STIC,20210928-20220221,HS,21059656,16533.4,18.521,38.2067575258,1,poor,NA
AIMS,2021-10-11T09:15:00Z,TLM12,STIC,20210928-20220221,HS,21059656,16533.4,18.521,38.2067575258,1,poor,NA
AIMS,2021-10-11T09:30:00Z,TLM12,STIC,20210928-20220221,HS,21059656,16533.4,18.426,38.2067575258,1,poor,NA
AIMS,2021-10-11T09:45:00Z,TLM12,STIC,20210928-20220221,HS,21059656,16533.4,18.426,38.2067575258,1,poor,NA
AIMS,2021-10-11T10:00:00Z,TLM12,STIC,20210928-20220221,HS,21059656,16533.4,18.331,38.2067575258,1,poor,NA
AIMS,2021-10-11T10:15:00Z,TLM12,STIC,20210928-20220221,HS,21059656,16533.4,18.331,38.2067575258,1,poor,NA
AIMS,2021-10-11T10:30:00Z,TLM12,STIC,20210928-20220221,HS,21059656,16533.4,18.331,38.2067575258,1,poor,NA
AIMS,2021-10-11T10:45:00Z,TLM12,STIC,20210928-20220221,HS,21059656,16533.4,18.236,38.2067575258,1,poor,NA
AIMS,2021-10-11T11:00:00Z,TLM12,STIC,20210928-20220221,HS,21059656,16533.4,18.236,38.2067575258,1,poor,NA
AIMS,2021-10-11T11:15:00Z,TLM12,STIC,20210928-20220221,HS,21059656,16533.4,18.236,38.2067575258,1,poor,NA
AIMS,2021-10-11T11:30:00Z,TLM12,STIC,20210928-20220221,HS,21059656,16533.4,18.236,38.2067575258,1,poor,NA
AIMS,2021-10-11T11:45:00Z,TLM12,STIC,20210928-20220221,HS,21059656,16533.4,18.14,38.2067575258,1,poor,NA
AIMS,2021-10-11T12:00:00Z,TLM12,STIC,20210928-20220221,HS,21059656,16533.4,18.14,38.2067575258,1,poor,NA
AIMS,2021-10-11T12:15:00Z,TLM12,STIC,20210928-20220221,HS,21059656,16533.4,18.14,38.2067575258,1,poor,NA
AIMS,2021-10-11T12:30:00Z,TLM12,STIC,20210928-20220221,HS,21059656,16533.4,18.14,38.2067575258,1,poor,NA
AIMS,2021-10-11T12:45:00Z,TLM12,STIC,20210928-20220221,HS,21059656,16533.4,18.045,38.2067575258,1,poor,NA
AIMS,2021-10-11T13:00:00Z,TLM12,STIC,20210928-20220221,HS,21059656,16533.4,18.045,38.2067575258,1,poor,NA
AIMS,2021-10-11T13:15:00Z,TLM12,STIC,20210928-20220221,HS,21059656,16533.4,18.045,38.2067575258,1,poor,NA
AIMS,2021-10-11T13:30:00Z,TLM12,STIC,20210928-20220221,HS,21059656,16533.4,18.045,38.2067575258,1,poor,NA
AIMS,2021-10-11T13:45:00Z,TLM12,STIC,20210928-20220221,HS,21059656,16533.4,18.14,38.2067575258,1,poor,NA
AIMS,2021-10-11T14:00:00Z,TLM12,STIC,20210928-20220221,HS,21059656,16533.4,18.14,38.2067575258,1,poor,NA
AIMS,2021-10-11T14:15:00Z,TLM12,STIC,20210928-20220221,HS,21059656,16533.4,18.236,38.2067575258,1,poor,NA
AIMS,2021-10-11T14:30:00Z,TLM12,STIC,20210928-20220221,HS,21059656,17222.3,18.331,40.116193367099996,1,poor,NA
AIMS,2021-10-11T14:45:00Z,TLM12,STIC,20210928-20220221,HS,21059656,17222.3,18.331,40.116193367099996,1,poor,NA
AIMS,2021-10-11T15:00:00Z,TLM12,STIC,20210928-20220221,HS,21059656,17222.3,18.426,40.116193367099996,1,poor,NA
AIMS,2021-10-11T15:15:00Z,TLM12,STIC,20210928-20220221,HS,21059656,17222.3,18.616,40.116193367099996,1,poor,NA
AIMS,2021-10-11T15:30:00Z,TLM12,STIC,20210928-20220221,HS,21059656,17222.3,18.711,40.116193367099996,1,poor,NA
AIMS,2021-10-11T15:45:00Z,TLM12,STIC,20210928-20220221,HS,21059656,17222.3,18.806,40.116193367099996,1,poor,NA
AIMS,2021-10-11T16:00:00Z,TLM12,STIC,20210928-20220221,HS,21059656,17222.3,18.901,40.116193367099996,1,poor,NA
AIMS,2021-10-11T16:15:00Z,TLM12,STIC,20210928-20220221,HS,21059656,17222.3,18.996,40.116193367099996,1,poor,NA
AIMS,2021-10-11T16:30:00Z,TLM12,STIC,20210928-20220221,HS,21059656,17222.3,19.092,40.116193367099996,1,poor,NA
AIMS,2021-10-11T16:45:00Z,TLM12,STIC,20210928-20220221,HS,21059656,17911.2,19.187,42.0256292084,1,poor,NA
AIMS,2021-10-11T17:00:00Z,TLM12,STIC,20210928-20220221,HS,21059656,17911.2,19.282,42.0256292084,1,poor,NA
AIMS,2021-10-11T17:15:00Z,TLM12,STIC,20210928-20220221,HS,21059656,17911.2,19.377,42.0256292084,1,poor,NA
AIMS,2021-10-11T17:30:00Z,TLM12,STIC,20210928-20220221,HS,21059656,17911.2,19.472,42.0256292084,1,poor,NA
AIMS,2021-10-11T17:45:00Z,TLM12,STIC,20210928-20220221,HS,21059656,17911.2,19.567,42.0256292084,1,poor,NA
AIMS,2021-10-11T18:00:00Z,TLM12,STIC,20210928-20220221,HS,21059656,17911.2,19.662,42.0256292084,1,poor,NA
AIMS,2021-10-11T18:15:00Z,TLM12,STIC,20210928-20220221,HS,21059656,17911.2,19.758,42.0256292084,1,poor,NA
AIMS,2021-10-11T18:30:00Z,TLM12,STIC,20210928-20220221,HS,21059656,17911.2,19.758,42.0256292084,1,poor,NA
AIMS,2021-10-11T18:45:00Z,TLM12,STIC,20210928-20220221,HS,21059656,18600.1,19.853,43.93506504969999,1,poor,NA
AIMS,2021-10-11T19:00:00Z,TLM12,STIC,20210928-20220221,HS,21059656,17911.2,19.948,42.0256292084,1,poor,NA
AIMS,2021-10-11T19:15:00Z,TLM12,STIC,20210928-20220221,HS,21059656,18600.1,20.043,43.93506504969999,1,poor,NA
AIMS,2021-10-11T19:30:00Z,TLM12,STIC,20210928-20220221,HS,21059656,18600.1,20.043,43.93506504969999,1,poor,NA
AIMS,2021-10-11T19:45:00Z,TLM12,STIC,20210928-20220221,HS,21059656,18600.1,20.043,43.93506504969999,1,poor,NA
AIMS,2021-10-11T20:00:00Z,TLM12,STIC,20210928-20220221,HS,21059656,18600.1,20.138,43.93506504969999,1,poor,NA
AIMS,2021-10-11T20:15:00Z,TLM12,STIC,20210928-20220221,HS,21059656,18600.1,20.138,43.93506504969999,1,poor,NA
AIMS,2021-10-11T20:30:00Z,TLM12,STIC,20210928-20220221,HS,21059656,18600.1,20.234,43.93506504969999,1,poor,NA
AIMS,2021-10-11T20:45:00Z,TLM12,STIC,20210928-20220221,HS,21059656,18600.1,20.234,43.93506504969999,1,poor,NA
AIMS,2021-10-11T21:00:00Z,TLM12,STIC,20210928-20220221,HS,21059656,18600.1,20.234,43.93506504969999,1,poor,NA
AIMS,2021-10-11T21:15:00Z,TLM12,STIC,20210928-20220221,HS,21059656,18600.1,20.329,43.93506504969999,1,poor,NA
AIMS,2021-10-11T21:30:00Z,TLM12,STIC,20210928-20220221,HS,21059656,18600.1,20.329,43.93506504969999,1,poor,NA
AIMS,2021-10-11T21:45:00Z,TLM12,STIC,20210928-20220221,HS,21059656,18600.1,20.329,43.93506504969999,1,poor,NA
AIMS,2021-10-11T22:00:00Z,TLM12,STIC,20210928-20220221,HS,21059656,18600.1,20.234,43.93506504969999,1,poor,NA
AIMS,2021-10-11T22:15:00Z,TLM12,STIC,20210928-20220221,HS,21059656,18600.1,20.234,43.93506504969999,1,poor,NA
AIMS,2021-10-11T22:30:00Z,TLM12,STIC,20210928-20220221,HS,21059656,18600.1,20.138,43.93506504969999,1,poor,NA
AIMS,2021-10-11T22:45:00Z,TLM12,STIC,20210928-20220221,HS,21059656,18600.1,20.138,43.93506504969999,1,poor,NA
AIMS,2021-10-11T23:00:00Z,TLM12,STIC,20210928-20220221,HS,21059656,19289,20.138,45.844500890999996,1,poor,NA
AIMS,2021-10-11T23:15:00Z,TLM12,STIC,20210928-20220221,HS,21059656,19289,20.043,45.844500890999996,1,poor,NA
AIMS,2021-10-11T23:30:00Z,TLM12,STIC,20210928-20220221,HS,21059656,19289,20.043,45.844500890999996,1,poor,NA
AIMS,2021-10-11T23:45:00Z,TLM12,STIC,20210928-20220221,HS,21059656,19289,19.948,45.844500890999996,1,poor,NA
AIMS,2021-10-12T00:00:00Z,TLM12,STIC,20210928-20220221,HS,21059656,19289,19.948,45.844500890999996,1,poor,NA
AIMS,2021-10-12T00:15:00Z,TLM12,STIC,20210928-20220221,HS,21059656,19289,19.853,45.844500890999996,1,poor,NA
AIMS,2021-10-12T00:30:00Z,TLM12,STIC,20210928-20220221,HS,21059656,19289,19.853,45.844500890999996,1,poor,NA
AIMS,2021-10-12T00:45:00Z,TLM12,STIC,20210928-20220221,HS,21059656,19289,19.758,45.844500890999996,1,poor,NA
AIMS,2021-10-12T01:00:00Z,TLM12,STIC,20210928-20220221,HS,21059656,19289,19.662,45.844500890999996,1,poor,NA
AIMS,2021-10-12T01:15:00Z,TLM12,STIC,20210928-20220221,HS,21059656,19289,19.662,45.844500890999996,1,poor,NA
AIMS,2021-10-12T01:30:00Z,TLM12,STIC,20210928-20220221,HS,21059656,19289,19.567,45.844500890999996,1,poor,NA
AIMS,2021-10-12T01:45:00Z,TLM12,STIC,20210928-20220221,HS,21059656,19289,19.567,45.844500890999996,1,poor,NA
AIMS,2021-10-12T02:00:00Z,TLM12,STIC,20210928-20220221,HS,21059656,19289,19.472,45.844500890999996,1,poor,NA
AIMS,2021-10-12T02:15:00Z,TLM12,STIC,20210928-20220221,HS,21059656,19289,19.472,45.844500890999996,1,poor,NA
AIMS,2021-10-12T02:30:00Z,TLM12,STIC,20210928-20220221,HS,21059656,19289,19.377,45.844500890999996,1,poor,NA
AIMS,2021-10-12T02:45:00Z,TLM12,STIC,20210928-20220221,HS,21059656,19289,19.377,45.844500890999996,1,poor,NA
AIMS,2021-10-12T03:00:00Z,TLM12,STIC,20210928-20220221,HS,21059656,19289,19.377,45.844500890999996,1,poor,NA
AIMS,2021-10-12T03:15:00Z,TLM12,STIC,20210928-20220221,HS,21059656,19289,19.282,45.844500890999996,1,poor,NA
AIMS,2021-10-12T03:30:00Z,TLM12,STIC,20210928-20220221,HS,21059656,19289,19.282,45.844500890999996,1,poor,NA
AIMS,2021-10-12T03:45:00Z,TLM12,STIC,20210928-20220221,HS,21059656,19289,19.187,45.844500890999996,1,poor,NA
AIMS,2021-10-12T04:00:00Z,TLM12,STIC,20210928-20220221,HS,21059656,19289,19.187,45.844500890999996,1,poor,NA
AIMS,2021-10-12T04:15:00Z,TLM12,STIC,20210928-20220221,HS,21059656,19289,19.187,45.844500890999996,1,poor,NA
AIMS,2021-10-12T04:30:00Z,TLM12,STIC,20210928-20220221,HS,21059656,19289,19.187,45.844500890999996,1,poor,NA
AIMS,2021-10-12T04:45:00Z,TLM12,STIC,20210928-20220221,HS,21059656,19289,19.092,45.844500890999996,1,poor,NA
AIMS,2021-10-12T05:00:00Z,TLM12,STIC,20210928-20220221,HS,21059656,19289,19.092,45.844500890999996,1,poor,NA
AIMS,2021-10-12T05:15:00Z,TLM12,STIC,20210928-20220221,HS,21059656,18600.1,19.092,43.93506504969999,1,poor,NA
AIMS,2021-10-12T05:30:00Z,TLM12,STIC,20210928-20220221,HS,21059656,18600.1,18.996,43.93506504969999,1,poor,NA
AIMS,2021-10-12T05:45:00Z,TLM12,STIC,20210928-20220221,HS,21059656,18600.1,18.996,43.93506504969999,1,poor,NA
AIMS,2021-10-12T06:00:00Z,TLM12,STIC,20210928-20220221,HS,21059656,18600.1,18.996,43.93506504969999,1,poor,NA
AIMS,2021-10-12T06:15:00Z,TLM12,STIC,20210928-20220221,HS,21059656,19289,18.901,45.844500890999996,1,poor,NA
AIMS,2021-10-12T06:30:00Z,TLM12,STIC,20210928-20220221,HS,21059656,19289,18.901,45.844500890999996,1,poor,NA
AIMS,2021-10-12T06:45:00Z,TLM12,STIC,20210928-20220221,HS,21059656,19289,18.901,45.844500890999996,1,poor,NA
AIMS,2021-10-12T07:00:00Z,TLM12,STIC,20210928-20220221,HS,21059656,19289,18.901,45.844500890999996,1,poor,NA
AIMS,2021-10-12T07:15:00Z,TLM12,STIC,20210928-20220221,HS,21059656,19289,18.806,45.844500890999996,1,poor,NA
AIMS,2021-10-12T07:30:00Z,TLM12,STIC,20210928-20220221,HS,21059656,19289,18.806,45.844500890999996,1,poor,NA
AIMS,2021-10-12T07:45:00Z,TLM12,STIC,20210928-20220221,HS,21059656,19289,18.806,45.844500890999996,1,poor,NA
AIMS,2021-10-12T08:00:00Z,TLM12,STIC,20210928-20220221,HS,21059656,19289,18.806,45.844500890999996,1,poor,NA
AIMS,2021-10-12T08:15:00Z,TLM12,STIC,20210928-20220221,HS,21059656,19289,18.806,45.844500890999996,1,poor,NA
AIMS,2021-10-12T08:30:00Z,TLM12,STIC,20210928-20220221,HS,21059656,19289,18.711,45.844500890999996,1,poor,NA
AIMS,2021-10-12T08:45:00Z,TLM12,STIC,20210928-20220221,HS,21059656,19289,18.711,45.844500890999996,1,poor,NA
AIMS,2021-10-12T09:00:00Z,TLM12,STIC,20210928-20220221,HS,21059656,19289,18.711,45.844500890999996,1,poor,NA
AIMS,2021-10-12T09:15:00Z,TLM12,STIC,20210928-20220221,HS,21059656,19289,18.711,45.844500890999996,1,poor,NA
AIMS,2021-10-12T09:30:00Z,TLM12,STIC,20210928-20220221,HS,21059656,19289,18.711,45.844500890999996,1,poor,NA
AIMS,2021-10-12T09:45:00Z,TLM12,STIC,20210928-20220221,HS,21059656,19289,18.711,45.844500890999996,1,poor,NA
AIMS,2021-10-12T10:00:00Z,TLM12,STIC,20210928-20220221,HS,21059656,19289,18.711,45.844500890999996,1,poor,NA
AIMS,2021-10-12T10:15:00Z,TLM12,STIC,20210928-20220221,HS,21059656,19289,18.711,45.844500890999996,1,poor,NA
AIMS,2021-10-12T10:30:00Z,TLM12,STIC,20210928-20220221,HS,21059656,19289,18.711,45.844500890999996,1,poor,NA
AIMS,2021-10-12T10:45:00Z,TLM12,STIC,20210928-20220221,HS,21059656,19289,18.711,45.844500890999996,1,poor,NA
AIMS,2021-10-12T11:00:00Z,TLM12,STIC,20210928-20220221,HS,21059656,19289,18.806,45.844500890999996,1,poor,NA
AIMS,2021-10-12T11:15:00Z,TLM12,STIC,20210928-20220221,HS,21059656,19289,18.806,45.844500890999996,1,poor,NA
AIMS,2021-10-12T11:30:00Z,TLM12,STIC,20210928-20220221,HS,21059656,19289,18.806,45.844500890999996,1,poor,NA
AIMS,2021-10-12T11:45:00Z,TLM12,STIC,20210928-20220221,HS,21059656,19289,18.806,45.844500890999996,1,poor,NA
AIMS,2021-10-12T12:00:00Z,TLM12,STIC,20210928-20220221,HS,21059656,19289,18.806,45.844500890999996,1,poor,NA
AIMS,2021-10-12T12:15:00Z,TLM12,STIC,20210928-20220221,HS,21059656,19289,18.806,45.844500890999996,1,poor,NA
AIMS,2021-10-12T12:30:00Z,TLM12,STIC,20210928-20220221,HS,21059656,19977.9,18.806,47.753936732300005,1,poor,NA
AIMS,2021-10-12T12:45:00Z,TLM12,STIC,20210928-20220221,HS,21059656,19977.9,18.806,47.753936732300005,1,poor,NA
AIMS,2021-10-12T13:00:00Z,TLM12,STIC,20210928-20220221,HS,21059656,19977.9,18.806,47.753936732300005,1,poor,NA
AIMS,2021-10-12T13:15:00Z,TLM12,STIC,20210928-20220221,HS,21059656,19977.9,18.806,47.753936732300005,1,poor,NA
AIMS,2021-10-12T13:30:00Z,TLM12,STIC,20210928-20220221,HS,21059656,19977.9,18.806,47.753936732300005,1,poor,NA
AIMS,2021-10-12T13:45:00Z,TLM12,STIC,20210928-20220221,HS,21059656,19977.9,18.901,47.753936732300005,1,poor,NA
AIMS,2021-10-12T14:00:00Z,TLM12,STIC,20210928-20220221,HS,21059656,19977.9,18.901,47.753936732300005,1,poor,NA
AIMS,2021-10-12T14:15:00Z,TLM12,STIC,20210928-20220221,HS,21059656,19977.9,18.901,47.753936732300005,1,poor,NA
AIMS,2021-10-12T14:30:00Z,TLM12,STIC,20210928-20220221,HS,21059656,19977.9,18.901,47.753936732300005,1,poor,NA
AIMS,2021-10-12T14:45:00Z,TLM12,STIC,20210928-20220221,HS,21059656,19977.9,18.996,47.753936732300005,1,poor,NA
AIMS,2021-10-12T15:00:00Z,TLM12,STIC,20210928-20220221,HS,21059656,19977.9,18.996,47.753936732300005,1,poor,NA
AIMS,2021-10-12T15:15:00Z,TLM12,STIC,20210928-20220221,HS,21059656,19977.9,18.996,47.753936732300005,1,poor,NA
AIMS,2021-10-12T15:30:00Z,TLM12,STIC,20210928-20220221,HS,21059656,19977.9,18.996,47.753936732300005,1,poor,NA
AIMS,2021-10-12T15:45:00Z,TLM12,STIC,20210928-20220221,HS,21059656,19977.9,19.092,47.753936732300005,1,poor,NA
AIMS,2021-10-12T16:00:00Z,TLM12,STIC,20210928-20220221,HS,21059656,19977.9,19.092,47.753936732300005,1,poor,NA
AIMS,2021-10-12T16:15:00Z,TLM12,STIC,20210928-20220221,HS,21059656,19977.9,19.092,47.753936732300005,1,poor,NA
AIMS,2021-10-12T16:30:00Z,TLM12,STIC,20210928-20220221,HS,21059656,19977.9,19.092,47.753936732300005,1,poor,NA
AIMS,2021-10-12T16:45:00Z,TLM12,STIC,20210928-20220221,HS,21059656,19977.9,19.187,47.753936732300005,1,poor,NA
AIMS,2021-10-12T17:00:00Z,TLM12,STIC,20210928-20220221,HS,21059656,19289,19.187,45.844500890999996,1,poor,NA
AIMS,2021-10-12T17:15:00Z,TLM12,STIC,20210928-20220221,HS,21059656,19289,19.187,45.844500890999996,1,poor,NA
AIMS,2021-10-12T17:30:00Z,TLM12,STIC,20210928-20220221,HS,21059656,19977.9,19.282,47.753936732300005,1,poor,NA
AIMS,2021-10-12T17:45:00Z,TLM12,STIC,20210928-20220221,HS,21059656,19977.9,19.282,47.753936732300005,1,poor,NA
AIMS,2021-10-12T18:00:00Z,TLM12,STIC,20210928-20220221,HS,21059656,19977.9,19.282,47.753936732300005,1,poor,NA
AIMS,2021-10-12T18:15:00Z,TLM12,STIC,20210928-20220221,HS,21059656,19977.9,19.377,47.753936732300005,1,poor,NA
AIMS,2021-10-12T18:30:00Z,TLM12,STIC,20210928-20220221,HS,21059656,19977.9,19.377,47.753936732300005,1,poor,NA
AIMS,2021-10-12T18:45:00Z,TLM12,STIC,20210928-20220221,HS,21059656,19977.9,19.377,47.753936732300005,1,poor,NA
AIMS,2021-10-12T19:00:00Z,TLM12,STIC,20210928-20220221,HS,21059656,19977.9,19.472,47.753936732300005,1,poor,NA
AIMS,2021-10-12T19:15:00Z,TLM12,STIC,20210928-20220221,HS,21059656,19977.9,19.472,47.753936732300005,1,poor,NA
AIMS,2021-10-12T19:30:00Z,TLM12,STIC,20210928-20220221,HS,21059656,20666.8,19.472,49.66337257359999,1,poor,NA
AIMS,2021-10-12T19:45:00Z,TLM12,STIC,20210928-20220221,HS,21059656,20666.8,19.567,49.66337257359999,1,poor,NA
AIMS,2021-10-12T20:00:00Z,TLM12,STIC,20210928-20220221,HS,21059656,20666.8,19.567,49.66337257359999,1,poor,NA
AIMS,2021-10-12T20:15:00Z,TLM12,STIC,20210928-20220221,HS,21059656,20666.8,19.567,49.66337257359999,1,poor,NA
AIMS,2021-10-12T20:30:00Z,TLM12,STIC,20210928-20220221,HS,21059656,20666.8,19.662,49.66337257359999,1,poor,NA
AIMS,2021-10-12T20:45:00Z,TLM12,STIC,20210928-20220221,HS,21059656,20666.8,19.662,49.66337257359999,1,poor,NA
AIMS,2021-10-12T21:00:00Z,TLM12,STIC,20210928-20220221,HS,21059656,20666.8,19.662,49.66337257359999,1,poor,NA
AIMS,2021-10-12T21:15:00Z,TLM12,STIC,20210928-20220221,HS,21059656,20666.8,19.662,49.66337257359999,1,poor,NA
AIMS,2021-10-12T21:30:00Z,TLM12,STIC,20210928-20220221,HS,21059656,20666.8,19.662,49.66337257359999,1,poor,NA
AIMS,2021-10-12T21:45:00Z,TLM12,STIC,20210928-20220221,HS,21059656,20666.8,19.662,49.66337257359999,1,poor,NA
AIMS,2021-10-12T22:00:00Z,TLM12,STIC,20210928-20220221,HS,21059656,20666.8,19.662,49.66337257359999,1,poor,NA
AIMS,2021-10-12T22:15:00Z,TLM12,STIC,20210928-20220221,HS,21059656,20666.8,19.662,49.66337257359999,1,poor,NA
AIMS,2021-10-12T22:30:00Z,TLM12,STIC,20210928-20220221,HS,21059656,20666.8,19.662,49.66337257359999,1,poor,NA
AIMS,2021-10-12T22:45:00Z,TLM12,STIC,20210928-20220221,HS,21059656,19977.9,19.662,47.753936732300005,1,poor,NA
AIMS,2021-10-12T23:00:00Z,TLM12,STIC,20210928-20220221,HS,21059656,19977.9,19.662,47.753936732300005,1,poor,NA
AIMS,2021-10-12T23:15:00Z,TLM12,STIC,20210928-20220221,HS,21059656,19977.9,19.662,47.753936732300005,1,poor,NA
AIMS,2021-10-12T23:30:00Z,TLM12,STIC,20210928-20220221,HS,21059656,19977.9,19.662,47.753936732300005,1,poor,NA
AIMS,2021-10-12T23:45:00Z,TLM12,STIC,20210928-20220221,HS,21059656,19977.9,19.567,47.753936732300005,1,poor,NA
AIMS,2021-10-13T00:00:00Z,TLM12,STIC,20210928-20220221,HS,21059656,19977.9,19.567,47.753936732300005,1,poor,NA
AIMS,2021-10-13T00:15:00Z,TLM12,STIC,20210928-20220221,HS,21059656,19977.9,19.567,47.753936732300005,1,poor,NA
AIMS,2021-10-13T00:30:00Z,TLM12,STIC,20210928-20220221,HS,21059656,19977.9,19.472,47.753936732300005,1,poor,NA
AIMS,2021-10-13T00:45:00Z,TLM12,STIC,20210928-20220221,HS,21059656,19977.9,19.472,47.753936732300005,1,poor,NA
AIMS,2021-10-13T01:00:00Z,TLM12,STIC,20210928-20220221,HS,21059656,19977.9,19.472,47.753936732300005,1,poor,NA
AIMS,2021-10-13T01:15:00Z,TLM12,STIC,20210928-20220221,HS,21059656,19977.9,19.377,47.753936732300005,1,poor,NA
AIMS,2021-10-13T01:30:00Z,TLM12,STIC,20210928-20220221,HS,21059656,19977.9,19.377,47.753936732300005,1,poor,NA
AIMS,2021-10-13T01:45:00Z,TLM12,STIC,20210928-20220221,HS,21059656,19977.9,19.282,47.753936732300005,1,poor,NA
AIMS,2021-10-13T02:00:00Z,TLM12,STIC,20210928-20220221,HS,21059656,19977.9,19.282,47.753936732300005,1,poor,NA
AIMS,2021-10-13T02:15:00Z,TLM12,STIC,20210928-20220221,HS,21059656,19977.9,19.282,47.753936732300005,1,poor,NA
AIMS,2021-10-13T02:30:00Z,TLM12,STIC,20210928-20220221,HS,21059656,19977.9,19.187,47.753936732300005,1,poor,NA
AIMS,2021-10-13T02:45:00Z,TLM12,STIC,20210928-20220221,HS,21059656,19977.9,19.187,47.753936732300005,1,poor,NA
AIMS,2021-10-13T03:00:00Z,TLM12,STIC,20210928-20220221,HS,21059656,19977.9,19.092,47.753936732300005,1,poor,NA
AIMS,2021-10-13T03:15:00Z,TLM12,STIC,20210928-20220221,HS,21059656,19977.9,19.092,47.753936732300005,1,poor,NA
AIMS,2021-10-13T03:30:00Z,TLM12,STIC,20210928-20220221,HS,21059656,19977.9,18.996,47.753936732300005,1,poor,NA
AIMS,2021-10-13T03:45:00Z,TLM12,STIC,20210928-20220221,HS,21059656,19977.9,18.996,47.753936732300005,1,poor,NA
AIMS,2021-10-13T04:00:00Z,TLM12,STIC,20210928-20220221,HS,21059656,20666.8,18.901,49.66337257359999,1,poor,NA
AIMS,2021-10-13T04:15:00Z,TLM12,STIC,20210928-20220221,HS,21059656,20666.8,18.901,49.66337257359999,1,poor,NA
AIMS,2021-10-13T04:30:00Z,TLM12,STIC,20210928-20220221,HS,21059656,19977.9,18.901,47.753936732300005,1,poor,NA
AIMS,2021-10-13T04:45:00Z,TLM12,STIC,20210928-20220221,HS,21059656,19977.9,18.806,47.753936732300005,1,poor,NA
AIMS,2021-10-13T05:00:00Z,TLM12,STIC,20210928-20220221,HS,21059656,19977.9,18.806,47.753936732300005,1,poor,NA
AIMS,2021-10-13T05:15:00Z,TLM12,STIC,20210928-20220221,HS,21059656,19977.9,18.711,47.753936732300005,1,poor,NA
AIMS,2021-10-13T05:30:00Z,TLM12,STIC,20210928-20220221,HS,21059656,19977.9,18.711,47.753936732300005,1,poor,NA
AIMS,2021-10-13T05:45:00Z,TLM12,STIC,20210928-20220221,HS,21059656,19977.9,18.616,47.753936732300005,1,poor,NA
AIMS,2021-10-13T06:00:00Z,TLM12,STIC,20210928-20220221,HS,21059656,19977.9,18.616,47.753936732300005,1,poor,NA
AIMS,2021-10-13T06:15:00Z,TLM12,STIC,20210928-20220221,HS,21059656,19977.9,18.616,47.753936732300005,1,poor,NA
AIMS,2021-10-13T06:30:00Z,TLM12,STIC,20210928-20220221,HS,21059656,19977.9,18.521,47.753936732300005,1,poor,NA
AIMS,2021-10-13T06:45:00Z,TLM12,STIC,20210928-20220221,HS,21059656,19977.9,18.521,47.753936732300005,1,poor,NA
AIMS,2021-10-13T07:00:00Z,TLM12,STIC,20210928-20220221,HS,21059656,19977.9,18.426,47.753936732300005,1,poor,NA
AIMS,2021-10-13T07:15:00Z,TLM12,STIC,20210928-20220221,HS,21059656,19977.9,18.426,47.753936732300005,1,poor,NA
AIMS,2021-10-13T07:30:00Z,TLM12,STIC,20210928-20220221,HS,21059656,19977.9,18.426,47.753936732300005,1,poor,NA
AIMS,2021-10-13T07:45:00Z,TLM12,STIC,20210928-20220221,HS,21059656,19289,18.331,45.844500890999996,1,poor,NA
AIMS,2021-10-13T08:00:00Z,TLM12,STIC,20210928-20220221,HS,21059656,19289,18.331,45.844500890999996,1,poor,NA
AIMS,2021-10-13T08:15:00Z,TLM12,STIC,20210928-20220221,HS,21059656,19289,18.236,45.844500890999996,1,poor,NA
AIMS,2021-10-13T08:30:00Z,TLM12,STIC,20210928-20220221,HS,21059656,18600.1,18.236,43.93506504969999,1,poor,NA
AIMS,2021-10-13T08:45:00Z,TLM12,STIC,20210928-20220221,HS,21059656,18600.1,18.236,43.93506504969999,1,poor,NA
AIMS,2021-10-13T09:00:00Z,TLM12,STIC,20210928-20220221,HS,21059656,18600.1,18.14,43.93506504969999,1,poor,NA
AIMS,2021-10-13T09:15:00Z,TLM12,STIC,20210928-20220221,HS,21059656,18600.1,18.14,43.93506504969999,1,poor,NA
AIMS,2021-10-13T09:30:00Z,TLM12,STIC,20210928-20220221,HS,21059656,19289,18.14,45.844500890999996,1,poor,NA
AIMS,2021-10-13T09:45:00Z,TLM12,STIC,20210928-20220221,HS,21059656,19289,18.045,45.844500890999996,1,poor,NA
AIMS,2021-10-13T10:00:00Z,TLM12,STIC,20210928-20220221,HS,21059656,19977.9,18.045,47.753936732300005,1,poor,NA
AIMS,2021-10-13T10:15:00Z,TLM12,STIC,20210928-20220221,HS,21059656,19977.9,18.045,47.753936732300005,1,poor,NA
AIMS,2021-10-13T10:30:00Z,TLM12,STIC,20210928-20220221,HS,21059656,19289,17.95,45.844500890999996,1,poor,NA
AIMS,2021-10-13T10:45:00Z,TLM12,STIC,20210928-20220221,HS,21059656,19289,17.95,45.844500890999996,1,poor,NA
AIMS,2021-10-13T11:00:00Z,TLM12,STIC,20210928-20220221,HS,21059656,19289,17.95,45.844500890999996,1,poor,NA
AIMS,2021-10-13T11:15:00Z,TLM12,STIC,20210928-20220221,HS,21059656,19289,17.855,45.844500890999996,1,poor,NA
AIMS,2021-10-13T11:30:00Z,TLM12,STIC,20210928-20220221,HS,21059656,19289,17.855,45.844500890999996,1,poor,NA
AIMS,2021-10-13T11:45:00Z,TLM12,STIC,20210928-20220221,HS,21059656,19289,17.855,45.844500890999996,1,poor,NA
AIMS,2021-10-13T12:00:00Z,TLM12,STIC,20210928-20220221,HS,21059656,19289,17.76,45.844500890999996,1,poor,NA
AIMS,2021-10-13T12:15:00Z,TLM12,STIC,20210928-20220221,HS,21059656,19289,17.76,45.844500890999996,1,poor,NA
AIMS,2021-10-13T12:30:00Z,TLM12,STIC,20210928-20220221,HS,21059656,19289,17.76,45.844500890999996,1,poor,NA
AIMS,2021-10-13T12:45:00Z,TLM12,STIC,20210928-20220221,HS,21059656,19289,17.665,45.844500890999996,1,poor,NA
AIMS,2021-10-13T13:00:00Z,TLM12,STIC,20210928-20220221,HS,21059656,19289,17.665,45.844500890999996,1,poor,NA
AIMS,2021-10-13T13:15:00Z,TLM12,STIC,20210928-20220221,HS,21059656,19289,17.665,45.844500890999996,1,poor,NA
AIMS,2021-10-13T13:30:00Z,TLM12,STIC,20210928-20220221,HS,21059656,19289,17.665,45.844500890999996,1,poor,NA
AIMS,2021-10-13T13:45:00Z,TLM12,STIC,20210928-20220221,HS,21059656,19289,17.76,45.844500890999996,1,poor,NA
AIMS,2021-10-13T14:00:00Z,TLM12,STIC,20210928-20220221,HS,21059656,18600.1,17.76,43.93506504969999,1,poor,NA
AIMS,2021-10-13T14:15:00Z,TLM12,STIC,20210928-20220221,HS,21059656,18600.1,17.855,43.93506504969999,1,poor,NA
AIMS,2021-10-13T14:30:00Z,TLM12,STIC,20210928-20220221,HS,21059656,18600.1,17.855,43.93506504969999,1,poor,NA
AIMS,2021-10-13T14:45:00Z,TLM12,STIC,20210928-20220221,HS,21059656,18600.1,17.95,43.93506504969999,1,poor,NA
AIMS,2021-10-13T15:00:00Z,TLM12,STIC,20210928-20220221,HS,21059656,18600.1,18.045,43.93506504969999,1,poor,NA
AIMS,2021-10-13T15:15:00Z,TLM12,STIC,20210928-20220221,HS,21059656,18600.1,18.236,43.93506504969999,1,poor,NA
AIMS,2021-10-13T15:30:00Z,TLM12,STIC,20210928-20220221,HS,21059656,18600.1,18.331,43.93506504969999,1,poor,NA
AIMS,2021-10-13T15:45:00Z,TLM12,STIC,20210928-20220221,HS,21059656,18600.1,18.426,43.93506504969999,1,poor,NA
AIMS,2021-10-13T16:00:00Z,TLM12,STIC,20210928-20220221,HS,21059656,18600.1,18.521,43.93506504969999,1,poor,NA
AIMS,2021-10-13T16:15:00Z,TLM12,STIC,20210928-20220221,HS,21059656,18600.1,18.711,43.93506504969999,1,poor,NA
AIMS,2021-10-13T16:30:00Z,TLM12,STIC,20210928-20220221,HS,21059656,18600.1,18.806,43.93506504969999,1,poor,NA
AIMS,2021-10-13T16:45:00Z,TLM12,STIC,20210928-20220221,HS,21059656,19289,18.901,45.844500890999996,1,poor,NA
AIMS,2021-10-13T17:00:00Z,TLM12,STIC,20210928-20220221,HS,21059656,19289,19.092,45.844500890999996,1,poor,NA
AIMS,2021-10-13T17:15:00Z,TLM12,STIC,20210928-20220221,HS,21059656,18600.1,19.187,43.93506504969999,1,poor,NA
AIMS,2021-10-13T17:30:00Z,TLM12,STIC,20210928-20220221,HS,21059656,18600.1,19.377,43.93506504969999,1,poor,NA
AIMS,2021-10-13T17:45:00Z,TLM12,STIC,20210928-20220221,HS,21059656,18600.1,19.472,43.93506504969999,1,poor,NA
AIMS,2021-10-13T18:00:00Z,TLM12,STIC,20210928-20220221,HS,21059656,18600.1,19.567,43.93506504969999,1,poor,NA
AIMS,2021-10-13T18:15:00Z,TLM12,STIC,20210928-20220221,HS,21059656,18600.1,19.758,43.93506504969999,1,poor,NA
AIMS,2021-10-13T18:30:00Z,TLM12,STIC,20210928-20220221,HS,21059656,18600.1,19.853,43.93506504969999,1,poor,NA
AIMS,2021-10-13T18:45:00Z,TLM12,STIC,20210928-20220221,HS,21059656,18600.1,19.948,43.93506504969999,1,poor,NA
AIMS,2021-10-13T19:00:00Z,TLM12,STIC,20210928-20220221,HS,21059656,18600.1,19.948,43.93506504969999,1,poor,NA
AIMS,2021-10-13T19:15:00Z,TLM12,STIC,20210928-20220221,HS,21059656,17911.2,20.043,42.0256292084,1,poor,NA
AIMS,2021-10-13T19:30:00Z,TLM12,STIC,20210928-20220221,HS,21059656,17911.2,20.043,42.0256292084,1,poor,NA
AIMS,2021-10-13T19:45:00Z,TLM12,STIC,20210928-20220221,HS,21059656,17911.2,20.043,42.0256292084,1,poor,NA
AIMS,2021-10-13T20:00:00Z,TLM12,STIC,20210928-20220221,HS,21059656,18600.1,20.138,43.93506504969999,1,poor,NA
AIMS,2021-10-13T20:15:00Z,TLM12,STIC,20210928-20220221,HS,21059656,18600.1,20.138,43.93506504969999,1,poor,NA
AIMS,2021-10-13T20:30:00Z,TLM12,STIC,20210928-20220221,HS,21059656,18600.1,20.138,43.93506504969999,1,poor,NA
AIMS,2021-10-13T20:45:00Z,TLM12,STIC,20210928-20220221,HS,21059656,18600.1,20.138,43.93506504969999,1,poor,NA
AIMS,2021-10-13T21:00:00Z,TLM12,STIC,20210928-20220221,HS,21059656,18600.1,20.138,43.93506504969999,1,poor,NA
AIMS,2021-10-13T21:15:00Z,TLM12,STIC,20210928-20220221,HS,21059656,18600.1,20.234,43.93506504969999,1,poor,NA
AIMS,2021-10-13T21:30:00Z,TLM12,STIC,20210928-20220221,HS,21059656,18600.1,20.234,43.93506504969999,1,poor,NA
AIMS,2021-10-13T21:45:00Z,TLM12,STIC,20210928-20220221,HS,21059656,18600.1,20.234,43.93506504969999,1,poor,NA
AIMS,2021-10-13T22:00:00Z,TLM12,STIC,20210928-20220221,HS,21059656,18600.1,20.234,43.93506504969999,1,poor,NA
AIMS,2021-10-13T22:15:00Z,TLM12,STIC,20210928-20220221,HS,21059656,18600.1,20.234,43.93506504969999,1,poor,NA
AIMS,2021-10-13T22:30:00Z,TLM12,STIC,20210928-20220221,HS,21059656,18600.1,20.138,43.93506504969999,1,poor,NA
AIMS,2021-10-13T22:45:00Z,TLM12,STIC,20210928-20220221,HS,21059656,18600.1,20.138,43.93506504969999,1,poor,NA
AIMS,2021-10-13T23:00:00Z,TLM12,STIC,20210928-20220221,HS,21059656,18600.1,20.138,43.93506504969999,1,poor,NA
AIMS,2021-10-13T23:15:00Z,TLM12,STIC,20210928-20220221,HS,21059656,18600.1,20.043,43.93506504969999,1,poor,NA
AIMS,2021-10-13T23:30:00Z,TLM12,STIC,20210928-20220221,HS,21059656,18600.1,20.043,43.93506504969999,1,poor,NA
AIMS,2021-10-13T23:45:00Z,TLM12,STIC,20210928-20220221,HS,21059656,18600.1,19.948,43.93506504969999,1,poor,NA
AIMS,2021-10-14T00:00:00Z,TLM12,STIC,20210928-20220221,HS,21059656,18600.1,19.948,43.93506504969999,1,poor,NA
AIMS,2021-10-14T00:15:00Z,TLM12,STIC,20210928-20220221,HS,21059656,18600.1,19.853,43.93506504969999,1,poor,NA
AIMS,2021-10-14T00:30:00Z,TLM12,STIC,20210928-20220221,HS,21059656,18600.1,19.853,43.93506504969999,1,poor,NA
AIMS,2021-10-14T00:45:00Z,TLM12,STIC,20210928-20220221,HS,21059656,18600.1,19.758,43.93506504969999,1,poor,NA
AIMS,2021-10-14T01:00:00Z,TLM12,STIC,20210928-20220221,HS,21059656,18600.1,19.758,43.93506504969999,1,poor,NA
AIMS,2021-10-14T01:15:00Z,TLM12,STIC,20210928-20220221,HS,21059656,18600.1,19.662,43.93506504969999,1,poor,NA
AIMS,2021-10-14T01:30:00Z,TLM12,STIC,20210928-20220221,HS,21059656,18600.1,19.662,43.93506504969999,1,poor,NA
AIMS,2021-10-14T01:45:00Z,TLM12,STIC,20210928-20220221,HS,21059656,18600.1,19.567,43.93506504969999,1,poor,NA
AIMS,2021-10-14T02:00:00Z,TLM12,STIC,20210928-20220221,HS,21059656,18600.1,19.472,43.93506504969999,1,poor,NA
AIMS,2021-10-14T02:15:00Z,TLM12,STIC,20210928-20220221,HS,21059656,18600.1,19.472,43.93506504969999,1,poor,NA
AIMS,2021-10-14T02:30:00Z,TLM12,STIC,20210928-20220221,HS,21059656,18600.1,19.377,43.93506504969999,1,poor,NA
AIMS,2021-10-14T02:45:00Z,TLM12,STIC,20210928-20220221,HS,21059656,18600.1,19.377,43.93506504969999,1,poor,NA
AIMS,2021-10-14T03:00:00Z,TLM12,STIC,20210928-20220221,HS,21059656,18600.1,19.282,43.93506504969999,1,poor,NA
AIMS,2021-10-14T03:15:00Z,TLM12,STIC,20210928-20220221,HS,21059656,18600.1,19.282,43.93506504969999,1,poor,NA
AIMS,2021-10-14T03:30:00Z,TLM12,STIC,20210928-20220221,HS,21059656,18600.1,19.187,43.93506504969999,1,poor,NA
AIMS,2021-10-14T03:45:00Z,TLM12,STIC,20210928-20220221,HS,21059656,18600.1,19.187,43.93506504969999,1,poor,NA
AIMS,2021-10-14T04:00:00Z,TLM12,STIC,20210928-20220221,HS,21059656,18600.1,19.092,43.93506504969999,1,poor,NA
AIMS,2021-10-14T04:15:00Z,TLM12,STIC,20210928-20220221,HS,21059656,18600.1,19.092,43.93506504969999,1,poor,NA
AIMS,2021-10-14T04:30:00Z,TLM12,STIC,20210928-20220221,HS,21059656,18600.1,18.996,43.93506504969999,1,poor,NA
AIMS,2021-10-14T04:45:00Z,TLM12,STIC,20210928-20220221,HS,21059656,18600.1,18.996,43.93506504969999,1,poor,NA
AIMS,2021-10-14T05:00:00Z,TLM12,STIC,20210928-20220221,HS,21059656,18600.1,18.901,43.93506504969999,1,poor,NA
AIMS,2021-10-14T05:15:00Z,TLM12,STIC,20210928-20220221,HS,21059656,18600.1,18.901,43.93506504969999,1,poor,NA
AIMS,2021-10-14T05:30:00Z,TLM12,STIC,20210928-20220221,HS,21059656,18600.1,18.901,43.93506504969999,1,poor,NA
AIMS,2021-10-14T05:45:00Z,TLM12,STIC,20210928-20220221,HS,21059656,17911.2,18.806,42.0256292084,1,poor,NA
AIMS,2021-10-14T06:00:00Z,TLM12,STIC,20210928-20220221,HS,21059656,17222.3,18.806,40.116193367099996,1,poor,NA
AIMS,2021-10-14T06:15:00Z,TLM12,STIC,20210928-20220221,HS,21059656,17222.3,18.711,40.116193367099996,1,poor,NA
AIMS,2021-10-14T06:30:00Z,TLM12,STIC,20210928-20220221,HS,21059656,17222.3,18.711,40.116193367099996,1,poor,NA
AIMS,2021-10-14T06:45:00Z,TLM12,STIC,20210928-20220221,HS,21059656,17222.3,18.711,40.116193367099996,1,poor,NA
AIMS,2021-10-14T07:00:00Z,TLM12,STIC,20210928-20220221,HS,21059656,17222.3,18.616,40.116193367099996,1,poor,NA
AIMS,2021-10-14T07:15:00Z,TLM12,STIC,20210928-20220221,HS,21059656,17222.3,18.616,40.116193367099996,1,poor,NA
AIMS,2021-10-14T07:30:00Z,TLM12,STIC,20210928-20220221,HS,21059656,17222.3,18.521,40.116193367099996,1,poor,NA
AIMS,2021-10-14T07:45:00Z,TLM12,STIC,20210928-20220221,HS,21059656,17222.3,18.521,40.116193367099996,1,poor,NA
AIMS,2021-10-14T08:00:00Z,TLM12,STIC,20210928-20220221,HS,21059656,17222.3,18.521,40.116193367099996,1,poor,NA
AIMS,2021-10-14T08:15:00Z,TLM12,STIC,20210928-20220221,HS,21059656,17222.3,18.426,40.116193367099996,1,poor,NA
AIMS,2021-10-14T08:30:00Z,TLM12,STIC,20210928-20220221,HS,21059656,16533.4,18.426,38.2067575258,1,poor,NA
AIMS,2021-10-14T08:45:00Z,TLM12,STIC,20210928-20220221,HS,21059656,16533.4,18.426,38.2067575258,1,poor,NA
AIMS,2021-10-14T09:00:00Z,TLM12,STIC,20210928-20220221,HS,21059656,16533.4,18.331,38.2067575258,1,poor,NA
AIMS,2021-10-14T09:15:00Z,TLM12,STIC,20210928-20220221,HS,21059656,16533.4,18.331,38.2067575258,1,poor,NA
AIMS,2021-10-14T09:30:00Z,TLM12,STIC,20210928-20220221,HS,21059656,16533.4,18.236,38.2067575258,1,poor,NA
AIMS,2021-10-14T09:45:00Z,TLM12,STIC,20210928-20220221,HS,21059656,16533.4,18.236,38.2067575258,1,poor,NA
AIMS,2021-10-14T10:00:00Z,TLM12,STIC,20210928-20220221,HS,21059656,16533.4,18.236,38.2067575258,1,poor,NA
AIMS,2021-10-14T10:15:00Z,TLM12,STIC,20210928-20220221,HS,21059656,16533.4,18.14,38.2067575258,1,poor,NA
AIMS,2021-10-14T10:30:00Z,TLM12,STIC,20210928-20220221,HS,21059656,15844.5,18.14,36.2973216845,1,poor,NA
AIMS,2021-10-14T10:45:00Z,TLM12,STIC,20210928-20220221,HS,21059656,15844.5,18.14,36.2973216845,1,poor,NA
AIMS,2021-10-14T11:00:00Z,TLM12,STIC,20210928-20220221,HS,21059656,15844.5,18.045,36.2973216845,1,poor,NA
AIMS,2021-10-14T11:15:00Z,TLM12,STIC,20210928-20220221,HS,21059656,15155.7,18.045,34.3881630149,1,poor,NA
AIMS,2021-10-14T11:30:00Z,TLM12,STIC,20210928-20220221,HS,21059656,15155.7,18.045,34.3881630149,1,poor,NA
AIMS,2021-10-14T11:45:00Z,TLM12,STIC,20210928-20220221,HS,21059656,15155.7,17.95,34.3881630149,1,poor,NA
AIMS,2021-10-14T12:00:00Z,TLM12,STIC,20210928-20220221,HS,21059656,15155.7,17.95,34.3881630149,1,poor,NA
AIMS,2021-10-14T12:15:00Z,TLM12,STIC,20210928-20220221,HS,21059656,15155.7,17.95,34.3881630149,1,poor,NA
AIMS,2021-10-14T12:30:00Z,TLM12,STIC,20210928-20220221,HS,21059656,14466.8,17.855,32.4787271736,1,poor,NA
AIMS,2021-10-14T12:45:00Z,TLM12,STIC,20210928-20220221,HS,21059656,14466.8,17.855,32.4787271736,1,poor,NA
AIMS,2021-10-14T13:00:00Z,TLM12,STIC,20210928-20220221,HS,21059656,14466.8,17.855,32.4787271736,1,poor,NA
AIMS,2021-10-14T13:15:00Z,TLM12,STIC,20210928-20220221,HS,21059656,14466.8,17.855,32.4787271736,1,poor,NA
AIMS,2021-10-14T13:30:00Z,TLM12,STIC,20210928-20220221,HS,21059656,14466.8,17.855,32.4787271736,1,poor,NA
AIMS,2021-10-14T13:45:00Z,TLM12,STIC,20210928-20220221,HS,21059656,14466.8,17.855,32.4787271736,1,poor,NA
AIMS,2021-10-14T14:00:00Z,TLM12,STIC,20210928-20220221,HS,21059656,14466.8,17.855,32.4787271736,1,poor,NA
AIMS,2021-10-14T14:15:00Z,TLM12,STIC,20210928-20220221,HS,21059656,14466.8,17.95,32.4787271736,1,poor,NA
AIMS,2021-10-14T14:30:00Z,TLM12,STIC,20210928-20220221,HS,21059656,15155.7,17.95,34.3881630149,1,poor,NA
AIMS,2021-10-14T14:45:00Z,TLM12,STIC,20210928-20220221,HS,21059656,15155.7,18.045,34.3881630149,1,poor,NA
AIMS,2021-10-14T15:00:00Z,TLM12,STIC,20210928-20220221,HS,21059656,15844.5,18.14,36.2973216845,1,poor,NA
AIMS,2021-10-14T15:15:00Z,TLM12,STIC,20210928-20220221,HS,21059656,15844.5,18.236,36.2973216845,1,poor,NA
AIMS,2021-10-14T15:30:00Z,TLM12,STIC,20210928-20220221,HS,21059656,15844.5,18.426,36.2973216845,1,poor,NA
AIMS,2021-10-14T15:45:00Z,TLM12,STIC,20210928-20220221,HS,21059656,15844.5,18.521,36.2973216845,1,poor,NA
AIMS,2021-10-14T16:00:00Z,TLM12,STIC,20210928-20220221,HS,21059656,15844.5,18.616,36.2973216845,1,poor,NA
AIMS,2021-10-14T16:15:00Z,TLM12,STIC,20210928-20220221,HS,21059656,15155.7,18.711,34.3881630149,1,poor,NA
AIMS,2021-10-14T16:30:00Z,TLM12,STIC,20210928-20220221,HS,21059656,14466.8,18.806,32.4787271736,1,poor,NA
AIMS,2021-10-14T16:45:00Z,TLM12,STIC,20210928-20220221,HS,21059656,14466.8,18.996,32.4787271736,1,poor,NA
AIMS,2021-10-14T17:00:00Z,TLM12,STIC,20210928-20220221,HS,21059656,14466.8,19.187,32.4787271736,1,poor,NA
AIMS,2021-10-14T17:15:00Z,TLM12,STIC,20210928-20220221,HS,21059656,14466.8,19.282,32.4787271736,1,poor,NA
AIMS,2021-10-14T17:30:00Z,TLM12,STIC,20210928-20220221,HS,21059656,14466.8,19.377,32.4787271736,1,poor,NA
AIMS,2021-10-14T17:45:00Z,TLM12,STIC,20210928-20220221,HS,21059656,14466.8,19.567,32.4787271736,1,poor,NA
AIMS,2021-10-14T18:00:00Z,TLM12,STIC,20210928-20220221,HS,21059656,14466.8,19.662,32.4787271736,1,poor,NA
AIMS,2021-10-14T18:15:00Z,TLM12,STIC,20210928-20220221,HS,21059656,14466.8,19.758,32.4787271736,1,poor,NA
AIMS,2021-10-14T18:30:00Z,TLM12,STIC,20210928-20220221,HS,21059656,14466.8,19.853,32.4787271736,1,poor,NA
AIMS,2021-10-14T18:45:00Z,TLM12,STIC,20210928-20220221,HS,21059656,14466.8,20.043,32.4787271736,1,poor,NA
AIMS,2021-10-14T19:00:00Z,TLM12,STIC,20210928-20220221,HS,21059656,15155.7,20.138,34.3881630149,1,poor,NA
AIMS,2021-10-14T19:15:00Z,TLM12,STIC,20210928-20220221,HS,21059656,15844.5,20.138,36.2973216845,1,poor,NA
AIMS,2021-10-14T19:30:00Z,TLM12,STIC,20210928-20220221,HS,21059656,15155.7,20.138,34.3881630149,1,poor,NA
AIMS,2021-10-14T19:45:00Z,TLM12,STIC,20210928-20220221,HS,21059656,15155.7,20.234,34.3881630149,1,poor,NA
AIMS,2021-10-14T20:00:00Z,TLM12,STIC,20210928-20220221,HS,21059656,15844.5,20.234,36.2973216845,1,poor,NA
AIMS,2021-10-14T20:15:00Z,TLM12,STIC,20210928-20220221,HS,21059656,15844.5,20.329,36.2973216845,1,poor,NA
AIMS,2021-10-14T20:30:00Z,TLM12,STIC,20210928-20220221,HS,21059656,15844.5,20.329,36.2973216845,1,poor,NA
AIMS,2021-10-14T20:45:00Z,TLM12,STIC,20210928-20220221,HS,21059656,15844.5,20.329,36.2973216845,1,poor,NA
AIMS,2021-10-14T21:00:00Z,TLM12,STIC,20210928-20220221,HS,21059656,15844.5,20.424,36.2973216845,1,poor,NA
AIMS,2021-10-14T21:15:00Z,TLM12,STIC,20210928-20220221,HS,21059656,16533.4,20.424,38.2067575258,1,poor,NA
AIMS,2021-10-14T21:30:00Z,TLM12,STIC,20210928-20220221,HS,21059656,16533.4,20.424,38.2067575258,1,poor,NA
AIMS,2021-10-14T21:45:00Z,TLM12,STIC,20210928-20220221,HS,21059656,16533.4,20.424,38.2067575258,1,poor,NA
AIMS,2021-10-14T22:00:00Z,TLM12,STIC,20210928-20220221,HS,21059656,12400.1,20.329,26.7504196497,1,poor,NA
AIMS,2021-10-14T22:15:00Z,TLM12,STIC,20210928-20220221,HS,21059656,13777.9,20.329,30.569291332299997,1,poor,NA
AIMS,2021-10-14T22:30:00Z,TLM12,STIC,20210928-20220221,HS,21059656,14466.8,20.329,32.4787271736,1,poor,NA
AIMS,2021-10-14T22:45:00Z,TLM12,STIC,20210928-20220221,HS,21059656,14466.8,20.329,32.4787271736,1,poor,NA
AIMS,2021-10-14T23:00:00Z,TLM12,STIC,20210928-20220221,HS,21059656,15155.7,20.234,34.3881630149,1,poor,NA
AIMS,2021-10-14T23:15:00Z,TLM12,STIC,20210928-20220221,HS,21059656,15155.7,20.234,34.3881630149,1,poor,NA
AIMS,2021-10-14T23:30:00Z,TLM12,STIC,20210928-20220221,HS,21059656,15155.7,20.138,34.3881630149,1,poor,NA
AIMS,2021-10-14T23:45:00Z,TLM12,STIC,20210928-20220221,HS,21059656,15155.7,20.043,34.3881630149,1,poor,NA
AIMS,2021-10-15T00:00:00Z,TLM12,STIC,20210928-20220221,HS,21059656,15155.7,20.043,34.3881630149,1,poor,NA
AIMS,2021-10-15T00:15:00Z,TLM12,STIC,20210928-20220221,HS,21059656,15155.7,19.948,34.3881630149,1,poor,NA
AIMS,2021-10-15T00:30:00Z,TLM12,STIC,20210928-20220221,HS,21059656,15155.7,19.948,34.3881630149,1,poor,NA
AIMS,2021-10-15T00:45:00Z,TLM12,STIC,20210928-20220221,HS,21059656,15155.7,19.853,34.3881630149,1,poor,NA
AIMS,2021-10-15T01:00:00Z,TLM12,STIC,20210928-20220221,HS,21059656,15155.7,19.853,34.3881630149,1,poor,NA
AIMS,2021-10-15T01:15:00Z,TLM12,STIC,20210928-20220221,HS,21059656,15155.7,19.758,34.3881630149,1,poor,NA
AIMS,2021-10-15T01:30:00Z,TLM12,STIC,20210928-20220221,HS,21059656,15155.7,19.662,34.3881630149,1,poor,NA
AIMS,2021-10-15T01:45:00Z,TLM12,STIC,20210928-20220221,HS,21059656,15155.7,19.662,34.3881630149,1,poor,NA
AIMS,2021-10-15T02:00:00Z,TLM12,STIC,20210928-20220221,HS,21059656,15844.5,19.567,36.2973216845,1,poor,NA
AIMS,2021-10-15T02:15:00Z,TLM12,STIC,20210928-20220221,HS,21059656,15844.5,19.472,36.2973216845,1,poor,NA
AIMS,2021-10-15T02:30:00Z,TLM12,STIC,20210928-20220221,HS,21059656,16533.4,19.472,38.2067575258,1,poor,NA
AIMS,2021-10-15T02:45:00Z,TLM12,STIC,20210928-20220221,HS,21059656,16533.4,19.377,38.2067575258,1,poor,NA
AIMS,2021-10-15T03:00:00Z,TLM12,STIC,20210928-20220221,HS,21059656,16533.4,19.377,38.2067575258,1,poor,NA
AIMS,2021-10-15T03:15:00Z,TLM12,STIC,20210928-20220221,HS,21059656,16533.4,19.282,38.2067575258,1,poor,NA
AIMS,2021-10-15T03:30:00Z,TLM12,STIC,20210928-20220221,HS,21059656,16533.4,19.282,38.2067575258,1,poor,NA
AIMS,2021-10-15T03:45:00Z,TLM12,STIC,20210928-20220221,HS,21059656,15844.5,19.187,36.2973216845,1,poor,NA
AIMS,2021-10-15T04:00:00Z,TLM12,STIC,20210928-20220221,HS,21059656,15844.5,19.187,36.2973216845,1,poor,NA
AIMS,2021-10-15T04:15:00Z,TLM12,STIC,20210928-20220221,HS,21059656,16533.4,19.187,38.2067575258,1,poor,NA
AIMS,2021-10-15T04:30:00Z,TLM12,STIC,20210928-20220221,HS,21059656,16533.4,19.092,38.2067575258,1,poor,NA
AIMS,2021-10-15T04:45:00Z,TLM12,STIC,20210928-20220221,HS,21059656,16533.4,19.092,38.2067575258,1,poor,NA
AIMS,2021-10-15T05:00:00Z,TLM12,STIC,20210928-20220221,HS,21059656,16533.4,19.092,38.2067575258,1,poor,NA
AIMS,2021-10-15T05:15:00Z,TLM12,STIC,20210928-20220221,HS,21059656,15155.7,18.996,34.3881630149,1,poor,NA
AIMS,2021-10-15T05:30:00Z,TLM12,STIC,20210928-20220221,HS,21059656,13777.9,18.996,30.569291332299997,1,poor,NA
AIMS,2021-10-15T05:45:00Z,TLM12,STIC,20210928-20220221,HS,21059656,12400.1,18.901,26.7504196497,1,poor,NA
AIMS,2021-10-15T06:00:00Z,TLM12,STIC,20210928-20220221,HS,21059656,12400.1,18.901,26.7504196497,1,poor,NA
AIMS,2021-10-15T06:15:00Z,TLM12,STIC,20210928-20220221,HS,21059656,13089,18.806,28.659855490999995,1,poor,NA
AIMS,2021-10-15T06:30:00Z,TLM12,STIC,20210928-20220221,HS,21059656,13777.9,18.806,30.569291332299997,1,poor,NA
AIMS,2021-10-15T06:45:00Z,TLM12,STIC,20210928-20220221,HS,21059656,14466.8,18.711,32.4787271736,1,poor,NA
AIMS,2021-10-15T07:00:00Z,TLM12,STIC,20210928-20220221,HS,21059656,14466.8,18.711,32.4787271736,1,poor,NA
AIMS,2021-10-15T07:15:00Z,TLM12,STIC,20210928-20220221,HS,21059656,14466.8,18.616,32.4787271736,1,poor,NA
AIMS,2021-10-15T07:30:00Z,TLM12,STIC,20210928-20220221,HS,21059656,14466.8,18.616,32.4787271736,1,poor,NA
AIMS,2021-10-15T07:45:00Z,TLM12,STIC,20210928-20220221,HS,21059656,14466.8,18.521,32.4787271736,1,poor,NA
AIMS,2021-10-15T08:00:00Z,TLM12,STIC,20210928-20220221,HS,21059656,13777.9,18.521,30.569291332299997,1,poor,NA
AIMS,2021-10-15T08:15:00Z,TLM12,STIC,20210928-20220221,HS,21059656,13777.9,18.426,30.569291332299997,1,poor,NA
AIMS,2021-10-15T08:30:00Z,TLM12,STIC,20210928-20220221,HS,21059656,13089,18.426,28.659855490999995,1,poor,NA
AIMS,2021-10-15T08:45:00Z,TLM12,STIC,20210928-20220221,HS,21059656,13777.9,18.426,30.569291332299997,1,poor,NA
AIMS,2021-10-15T09:00:00Z,TLM12,STIC,20210928-20220221,HS,21059656,14466.8,18.331,32.4787271736,1,poor,NA
AIMS,2021-10-15T09:15:00Z,TLM12,STIC,20210928-20220221,HS,21059656,15155.7,18.331,34.3881630149,1,poor,NA
AIMS,2021-10-15T09:30:00Z,TLM12,STIC,20210928-20220221,HS,21059656,15155.7,18.236,34.3881630149,1,poor,NA
AIMS,2021-10-15T09:45:00Z,TLM12,STIC,20210928-20220221,HS,21059656,15155.7,18.236,34.3881630149,1,poor,NA
AIMS,2021-10-15T10:00:00Z,TLM12,STIC,20210928-20220221,HS,21059656,15844.5,18.14,36.2973216845,1,poor,NA
AIMS,2021-10-15T10:15:00Z,TLM12,STIC,20210928-20220221,HS,21059656,15844.5,18.14,36.2973216845,1,poor,NA
AIMS,2021-10-15T10:30:00Z,TLM12,STIC,20210928-20220221,HS,21059656,15844.5,18.14,36.2973216845,1,poor,NA
AIMS,2021-10-15T10:45:00Z,TLM12,STIC,20210928-20220221,HS,21059656,15844.5,18.045,36.2973216845,1,poor,NA
AIMS,2021-10-15T11:00:00Z,TLM12,STIC,20210928-20220221,HS,21059656,15844.5,18.045,36.2973216845,1,poor,NA
AIMS,2021-10-15T11:15:00Z,TLM12,STIC,20210928-20220221,HS,21059656,16533.4,17.95,38.2067575258,1,poor,NA
AIMS,2021-10-15T11:30:00Z,TLM12,STIC,20210928-20220221,HS,21059656,16533.4,17.95,38.2067575258,1,poor,NA
AIMS,2021-10-15T11:45:00Z,TLM12,STIC,20210928-20220221,HS,21059656,16533.4,17.855,38.2067575258,1,poor,NA
AIMS,2021-10-15T12:00:00Z,TLM12,STIC,20210928-20220221,HS,21059656,15155.7,17.855,34.3881630149,1,poor,NA
AIMS,2021-10-15T12:15:00Z,TLM12,STIC,20210928-20220221,HS,21059656,14466.8,17.855,32.4787271736,1,poor,NA
AIMS,2021-10-15T12:30:00Z,TLM12,STIC,20210928-20220221,HS,21059656,14466.8,17.76,32.4787271736,1,poor,NA
AIMS,2021-10-15T12:45:00Z,TLM12,STIC,20210928-20220221,HS,21059656,14466.8,17.76,32.4787271736,1,poor,NA
AIMS,2021-10-15T13:00:00Z,TLM12,STIC,20210928-20220221,HS,21059656,14466.8,17.76,32.4787271736,1,poor,NA
AIMS,2021-10-15T13:15:00Z,TLM12,STIC,20210928-20220221,HS,21059656,15155.7,17.76,34.3881630149,1,poor,NA
AIMS,2021-10-15T13:30:00Z,TLM12,STIC,20210928-20220221,HS,21059656,15155.7,17.76,34.3881630149,1,poor,NA
AIMS,2021-10-15T13:45:00Z,TLM12,STIC,20210928-20220221,HS,21059656,14466.8,17.76,32.4787271736,1,poor,NA
AIMS,2021-10-15T14:00:00Z,TLM12,STIC,20210928-20220221,HS,21059656,14466.8,17.76,32.4787271736,1,poor,NA
AIMS,2021-10-15T14:15:00Z,TLM12,STIC,20210928-20220221,HS,21059656,14466.8,17.855,32.4787271736,1,poor,NA
AIMS,2021-10-15T14:30:00Z,TLM12,STIC,20210928-20220221,HS,21059656,14466.8,17.855,32.4787271736,1,poor,NA
AIMS,2021-10-15T14:45:00Z,TLM12,STIC,20210928-20220221,HS,21059656,14466.8,17.95,32.4787271736,1,poor,NA
AIMS,2021-10-15T15:00:00Z,TLM12,STIC,20210928-20220221,HS,21059656,14466.8,18.045,32.4787271736,1,poor,NA
AIMS,2021-10-15T15:15:00Z,TLM12,STIC,20210928-20220221,HS,21059656,13089,18.236,28.659855490999995,1,poor,NA
AIMS,2021-10-15T15:30:00Z,TLM12,STIC,20210928-20220221,HS,21059656,12400.1,18.331,26.7504196497,1,poor,NA
AIMS,2021-10-15T15:45:00Z,TLM12,STIC,20210928-20220221,HS,21059656,12400.1,18.521,26.7504196497,1,poor,NA
AIMS,2021-10-15T16:00:00Z,TLM12,STIC,20210928-20220221,HS,21059656,13089,18.616,28.659855490999995,1,poor,NA
AIMS,2021-10-15T16:15:00Z,TLM12,STIC,20210928-20220221,HS,21059656,12400.1,18.711,26.7504196497,1,poor,NA
AIMS,2021-10-15T16:30:00Z,TLM12,STIC,20210928-20220221,HS,21059656,13089,18.901,28.659855490999995,1,poor,NA
AIMS,2021-10-15T16:45:00Z,TLM12,STIC,20210928-20220221,HS,21059656,13777.9,18.996,30.569291332299997,1,poor,NA
AIMS,2021-10-15T17:00:00Z,TLM12,STIC,20210928-20220221,HS,21059656,14466.8,19.187,32.4787271736,1,poor,NA
AIMS,2021-10-15T17:15:00Z,TLM12,STIC,20210928-20220221,HS,21059656,14466.8,19.377,32.4787271736,1,poor,NA
AIMS,2021-10-15T17:30:00Z,TLM12,STIC,20210928-20220221,HS,21059656,14466.8,19.567,32.4787271736,1,poor,NA
AIMS,2021-10-15T17:45:00Z,TLM12,STIC,20210928-20220221,HS,21059656,14466.8,19.662,32.4787271736,1,poor,NA
AIMS,2021-10-15T18:00:00Z,TLM12,STIC,20210928-20220221,HS,21059656,14466.8,19.853,32.4787271736,1,poor,NA
AIMS,2021-10-15T18:15:00Z,TLM12,STIC,20210928-20220221,HS,21059656,14466.8,19.948,32.4787271736,1,poor,NA
AIMS,2021-10-15T18:30:00Z,TLM12,STIC,20210928-20220221,HS,21059656,14466.8,20.043,32.4787271736,1,poor,NA
AIMS,2021-10-15T18:45:00Z,TLM12,STIC,20210928-20220221,HS,21059656,15155.7,20.138,34.3881630149,1,poor,NA
AIMS,2021-10-15T19:00:00Z,TLM12,STIC,20210928-20220221,HS,21059656,14466.8,20.138,32.4787271736,1,poor,NA
AIMS,2021-10-15T19:15:00Z,TLM12,STIC,20210928-20220221,HS,21059656,13777.9,20.234,30.569291332299997,1,poor,NA
AIMS,2021-10-15T19:30:00Z,TLM12,STIC,20210928-20220221,HS,21059656,13777.9,20.329,30.569291332299997,1,poor,NA
AIMS,2021-10-15T19:45:00Z,TLM12,STIC,20210928-20220221,HS,21059656,14466.8,20.329,32.4787271736,1,poor,NA
AIMS,2021-10-15T20:00:00Z,TLM12,STIC,20210928-20220221,HS,21059656,14466.8,20.329,32.4787271736,1,poor,NA
AIMS,2021-10-15T20:15:00Z,TLM12,STIC,20210928-20220221,HS,21059656,14466.8,20.424,32.4787271736,1,poor,NA
AIMS,2021-10-15T20:30:00Z,TLM12,STIC,20210928-20220221,HS,21059656,12400.1,20.424,26.7504196497,1,poor,NA
AIMS,2021-10-15T20:45:00Z,TLM12,STIC,20210928-20220221,HS,21059656,12400.1,20.519,26.7504196497,1,poor,NA
AIMS,2021-10-15T21:00:00Z,TLM12,STIC,20210928-20220221,HS,21059656,11711.2,20.519,24.840983808399997,1,poor,NA
AIMS,2021-10-15T21:15:00Z,TLM12,STIC,20210928-20220221,HS,21059656,11022.3,20.519,22.931547967099995,1,poor,NA
AIMS,2021-10-15T21:30:00Z,TLM12,STIC,20210928-20220221,HS,21059656,5338.9,20.615,7.178771569299999,1,poor,NA
AIMS,2021-10-15T21:45:00Z,TLM12,STIC,20210928-20220221,HS,21059656,5338.9,20.615,7.178771569299999,1,poor,NA
AIMS,2021-10-15T22:00:00Z,TLM12,STIC,20210928-20220221,HS,21059656,5338.9,20.519,7.178771569299999,1,poor,NA
AIMS,2021-10-15T22:15:00Z,TLM12,STIC,20210928-20220221,HS,21059656,5166.7,20.519,6.7014819018999985,1,poor,NA
AIMS,2021-10-15T22:30:00Z,TLM12,STIC,20210928-20220221,HS,21059656,5166.7,20.519,6.7014819018999985,1,poor,NA
AIMS,2021-10-15T22:45:00Z,TLM12,STIC,20210928-20220221,HS,21059656,5166.7,20.424,6.7014819018999985,1,poor,NA
AIMS,2021-10-15T23:00:00Z,TLM12,STIC,20210928-20220221,HS,21059656,5166.7,20.424,6.7014819018999985,1,poor,NA
AIMS,2021-10-15T23:15:00Z,TLM12,STIC,20210928-20220221,HS,21059656,4994.5,20.329,6.224192234499999,1,poor,NA
AIMS,2021-10-15T23:30:00Z,TLM12,STIC,20210928-20220221,HS,21059656,4994.5,20.329,6.224192234499999,1,poor,NA
AIMS,2021-10-15T23:45:00Z,TLM12,STIC,20210928-20220221,HS,21059656,4994.5,20.234,6.224192234499999,1,poor,NA
AIMS,2021-10-16T00:00:00Z,TLM12,STIC,20210928-20220221,HS,21059656,4994.5,20.234,6.224192234499999,1,poor,NA
AIMS,2021-10-16T00:15:00Z,TLM12,STIC,20210928-20220221,HS,21059656,4994.5,20.138,6.224192234499999,1,poor,NA
AIMS,2021-10-16T00:30:00Z,TLM12,STIC,20210928-20220221,HS,21059656,4994.5,20.138,6.224192234499999,1,poor,NA
AIMS,2021-10-16T00:45:00Z,TLM12,STIC,20210928-20220221,HS,21059656,4822.3,20.043,5.7469025671,1,poor,NA
AIMS,2021-10-16T01:00:00Z,TLM12,STIC,20210928-20220221,HS,21059656,4822.3,20.043,5.7469025671,1,poor,NA
AIMS,2021-10-16T01:15:00Z,TLM12,STIC,20210928-20220221,HS,21059656,4822.3,19.948,5.7469025671,1,poor,NA
AIMS,2021-10-16T01:30:00Z,TLM12,STIC,20210928-20220221,HS,21059656,4822.3,19.948,5.7469025671,1,poor,NA
AIMS,2021-10-16T01:45:00Z,TLM12,STIC,20210928-20220221,HS,21059656,4822.3,19.853,5.7469025671,1,poor,NA
AIMS,2021-10-16T02:00:00Z,TLM12,STIC,20210928-20220221,HS,21059656,4822.3,19.853,5.7469025671,1,poor,NA
AIMS,2021-10-16T02:15:00Z,TLM12,STIC,20210928-20220221,HS,21059656,4822.3,19.758,5.7469025671,1,poor,NA
AIMS,2021-10-16T02:30:00Z,TLM12,STIC,20210928-20220221,HS,21059656,4822.3,19.758,5.7469025671,1,poor,NA
AIMS,2021-10-16T02:45:00Z,TLM12,STIC,20210928-20220221,HS,21059656,4822.3,19.662,5.7469025671,1,poor,NA
AIMS,2021-10-16T03:00:00Z,TLM12,STIC,20210928-20220221,HS,21059656,4822.3,19.662,5.7469025671,1,poor,NA
AIMS,2021-10-16T03:15:00Z,TLM12,STIC,20210928-20220221,HS,21059656,4822.3,19.567,5.7469025671,1,poor,NA
AIMS,2021-10-16T03:30:00Z,TLM12,STIC,20210928-20220221,HS,21059656,4822.3,19.567,5.7469025671,1,poor,NA
AIMS,2021-10-16T03:45:00Z,TLM12,STIC,20210928-20220221,HS,21059656,4822.3,19.472,5.7469025671,1,poor,NA
AIMS,2021-10-16T04:00:00Z,TLM12,STIC,20210928-20220221,HS,21059656,4822.3,19.472,5.7469025671,1,poor,NA
AIMS,2021-10-16T04:15:00Z,TLM12,STIC,20210928-20220221,HS,21059656,4822.3,19.377,5.7469025671,1,poor,NA
AIMS,2021-10-16T04:30:00Z,TLM12,STIC,20210928-20220221,HS,21059656,4822.3,19.377,5.7469025671,1,poor,NA
AIMS,2021-10-16T04:45:00Z,TLM12,STIC,20210928-20220221,HS,21059656,4650,19.377,5.269335727999999,1,poor,NA
AIMS,2021-10-16T05:00:00Z,TLM12,STIC,20210928-20220221,HS,21059656,4650,19.282,5.269335727999999,1,poor,NA
AIMS,2021-10-16T05:15:00Z,TLM12,STIC,20210928-20220221,HS,21059656,4650,19.282,5.269335727999999,1,poor,NA
AIMS,2021-10-16T05:30:00Z,TLM12,STIC,20210928-20220221,HS,21059656,4822.3,19.187,5.7469025671,1,poor,NA
AIMS,2021-10-16T05:45:00Z,TLM12,STIC,20210928-20220221,HS,21059656,4822.3,19.187,5.7469025671,1,poor,NA
AIMS,2021-10-16T06:00:00Z,TLM12,STIC,20210928-20220221,HS,21059656,4822.3,19.187,5.7469025671,1,poor,NA
AIMS,2021-10-16T06:15:00Z,TLM12,STIC,20210928-20220221,HS,21059656,4822.3,19.187,5.7469025671,1,poor,NA
AIMS,2021-10-16T06:30:00Z,TLM12,STIC,20210928-20220221,HS,21059656,4822.3,19.092,5.7469025671,1,poor,NA
AIMS,2021-10-16T06:45:00Z,TLM12,STIC,20210928-20220221,HS,21059656,4822.3,19.092,5.7469025671,1,poor,NA
AIMS,2021-10-16T07:00:00Z,TLM12,STIC,20210928-20220221,HS,21059656,4822.3,19.092,5.7469025671,1,poor,NA
AIMS,2021-10-16T07:15:00Z,TLM12,STIC,20210928-20220221,HS,21059656,4822.3,19.092,5.7469025671,1,poor,NA
AIMS,2021-10-16T07:30:00Z,TLM12,STIC,20210928-20220221,HS,21059656,4822.3,18.996,5.7469025671,1,poor,NA
AIMS,2021-10-16T07:45:00Z,TLM12,STIC,20210928-20220221,HS,21059656,4822.3,18.996,5.7469025671,1,poor,NA
AIMS,2021-10-16T08:00:00Z,TLM12,STIC,20210928-20220221,HS,21059656,4822.3,18.996,5.7469025671,1,poor,NA
AIMS,2021-10-16T08:15:00Z,TLM12,STIC,20210928-20220221,HS,21059656,4994.5,18.996,6.224192234499999,1,poor,NA
AIMS,2021-10-16T08:30:00Z,TLM12,STIC,20210928-20220221,HS,21059656,4994.5,18.996,6.224192234499999,1,poor,NA
AIMS,2021-10-16T08:45:00Z,TLM12,STIC,20210928-20220221,HS,21059656,4994.5,18.901,6.224192234499999,1,poor,NA
AIMS,2021-10-16T09:00:00Z,TLM12,STIC,20210928-20220221,HS,21059656,4994.5,18.901,6.224192234499999,1,poor,NA
AIMS,2021-10-16T09:15:00Z,TLM12,STIC,20210928-20220221,HS,21059656,5166.7,18.996,6.7014819018999985,1,poor,NA
AIMS,2021-10-16T09:30:00Z,TLM12,STIC,20210928-20220221,HS,21059656,5166.7,18.996,6.7014819018999985,1,poor,NA
AIMS,2021-10-16T09:45:00Z,TLM12,STIC,20210928-20220221,HS,21059656,5166.7,18.996,6.7014819018999985,1,poor,NA
AIMS,2021-10-16T10:00:00Z,TLM12,STIC,20210928-20220221,HS,21059656,5166.7,18.996,6.7014819018999985,1,poor,NA
AIMS,2021-10-16T10:15:00Z,TLM12,STIC,20210928-20220221,HS,21059656,5166.7,18.996,6.7014819018999985,1,poor,NA
AIMS,2021-10-16T10:30:00Z,TLM12,STIC,20210928-20220221,HS,21059656,5166.7,19.092,6.7014819018999985,1,poor,NA
AIMS,2021-10-16T10:45:00Z,TLM12,STIC,20210928-20220221,HS,21059656,5166.7,19.092,6.7014819018999985,1,poor,NA
AIMS,2021-10-16T11:00:00Z,TLM12,STIC,20210928-20220221,HS,21059656,5166.7,19.092,6.7014819018999985,1,poor,NA
AIMS,2021-10-16T11:15:00Z,TLM12,STIC,20210928-20220221,HS,21059656,5166.7,19.092,6.7014819018999985,1,poor,NA
AIMS,2021-10-16T11:30:00Z,TLM12,STIC,20210928-20220221,HS,21059656,5166.7,19.092,6.7014819018999985,1,poor,NA
AIMS,2021-10-16T11:45:00Z,TLM12,STIC,20210928-20220221,HS,21059656,5166.7,19.092,6.7014819018999985,1,poor,NA
AIMS,2021-10-16T12:00:00Z,TLM12,STIC,20210928-20220221,HS,21059656,5166.7,19.092,6.7014819018999985,1,poor,NA
AIMS,2021-10-16T12:15:00Z,TLM12,STIC,20210928-20220221,HS,21059656,5166.7,19.092,6.7014819018999985,1,poor,NA
AIMS,2021-10-16T12:30:00Z,TLM12,STIC,20210928-20220221,HS,21059656,5166.7,18.996,6.7014819018999985,1,poor,NA
AIMS,2021-10-16T12:45:00Z,TLM12,STIC,20210928-20220221,HS,21059656,5166.7,18.996,6.7014819018999985,1,poor,NA
AIMS,2021-10-16T13:00:00Z,TLM12,STIC,20210928-20220221,HS,21059656,5166.7,18.901,6.7014819018999985,1,poor,NA
AIMS,2021-10-16T13:15:00Z,TLM12,STIC,20210928-20220221,HS,21059656,5338.9,18.806,7.178771569299999,1,poor,NA
AIMS,2021-10-16T13:30:00Z,TLM12,STIC,20210928-20220221,HS,21059656,5338.9,18.806,7.178771569299999,1,poor,NA
AIMS,2021-10-16T13:45:00Z,TLM12,STIC,20210928-20220221,HS,21059656,11022.3,18.711,22.931547967099995,1,poor,NA
AIMS,2021-10-16T14:00:00Z,TLM12,STIC,20210928-20220221,HS,21059656,5338.9,18.616,7.178771569299999,1,poor,NA
AIMS,2021-10-16T14:15:00Z,TLM12,STIC,20210928-20220221,HS,21059656,11022.3,18.521,22.931547967099995,1,poor,NA
AIMS,2021-10-16T14:30:00Z,TLM12,STIC,20210928-20220221,HS,21059656,11022.3,18.426,22.931547967099995,1,poor,NA
AIMS,2021-10-16T14:45:00Z,TLM12,STIC,20210928-20220221,HS,21059656,5338.9,18.331,7.178771569299999,1,poor,NA
AIMS,2021-10-16T15:00:00Z,TLM12,STIC,20210928-20220221,HS,21059656,11022.3,18.331,22.931547967099995,1,poor,NA
AIMS,2021-10-16T15:15:00Z,TLM12,STIC,20210928-20220221,HS,21059656,5166.7,18.331,6.7014819018999985,1,poor,NA
AIMS,2021-10-16T15:30:00Z,TLM12,STIC,20210928-20220221,HS,21059656,4994.5,18.236,6.224192234499999,1,poor,NA
AIMS,2021-10-16T15:45:00Z,TLM12,STIC,20210928-20220221,HS,21059656,4994.5,18.236,6.224192234499999,1,poor,NA
AIMS,2021-10-16T16:00:00Z,TLM12,STIC,20210928-20220221,HS,21059656,4994.5,18.14,6.224192234499999,1,poor,NA
AIMS,2021-10-16T16:15:00Z,TLM12,STIC,20210928-20220221,HS,21059656,4994.5,18.14,6.224192234499999,1,poor,NA
AIMS,2021-10-16T16:30:00Z,TLM12,STIC,20210928-20220221,HS,21059656,4994.5,18.14,6.224192234499999,1,poor,NA
AIMS,2021-10-16T16:45:00Z,TLM12,STIC,20210928-20220221,HS,21059656,4994.5,18.14,6.224192234499999,1,poor,NA
AIMS,2021-10-16T17:00:00Z,TLM12,STIC,20210928-20220221,HS,21059656,4994.5,18.236,6.224192234499999,1,poor,NA
AIMS,2021-10-16T17:15:00Z,TLM12,STIC,20210928-20220221,HS,21059656,4994.5,18.236,6.224192234499999,1,poor,NA
AIMS,2021-10-16T17:30:00Z,TLM12,STIC,20210928-20220221,HS,21059656,5166.7,18.331,6.7014819018999985,1,poor,NA
AIMS,2021-10-16T17:45:00Z,TLM12,STIC,20210928-20220221,HS,21059656,5166.7,18.331,6.7014819018999985,1,poor,NA
AIMS,2021-10-16T18:00:00Z,TLM12,STIC,20210928-20220221,HS,21059656,5338.9,18.426,7.178771569299999,1,poor,NA
AIMS,2021-10-16T18:15:00Z,TLM12,STIC,20210928-20220221,HS,21059656,5338.9,18.426,7.178771569299999,1,poor,NA
AIMS,2021-10-16T18:30:00Z,TLM12,STIC,20210928-20220221,HS,21059656,5338.9,18.426,7.178771569299999,1,poor,NA
AIMS,2021-10-16T18:45:00Z,TLM12,STIC,20210928-20220221,HS,21059656,5166.7,18.521,6.7014819018999985,1,poor,NA
AIMS,2021-10-16T19:00:00Z,TLM12,STIC,20210928-20220221,HS,21059656,5166.7,18.616,6.7014819018999985,1,poor,NA
AIMS,2021-10-16T19:15:00Z,TLM12,STIC,20210928-20220221,HS,21059656,5166.7,18.521,6.7014819018999985,1,poor,NA
AIMS,2021-10-16T19:30:00Z,TLM12,STIC,20210928-20220221,HS,21059656,5166.7,18.521,6.7014819018999985,1,poor,NA
AIMS,2021-10-16T19:45:00Z,TLM12,STIC,20210928-20220221,HS,21059656,5166.7,18.426,6.7014819018999985,1,poor,NA
AIMS,2021-10-16T20:00:00Z,TLM12,STIC,20210928-20220221,HS,21059656,5166.7,18.426,6.7014819018999985,1,poor,NA
AIMS,2021-10-16T20:15:00Z,TLM12,STIC,20210928-20220221,HS,21059656,5338.9,18.331,7.178771569299999,1,poor,NA
AIMS,2021-10-16T20:30:00Z,TLM12,STIC,20210928-20220221,HS,21059656,11022.3,18.331,22.931547967099995,1,poor,NA
AIMS,2021-10-16T20:45:00Z,TLM12,STIC,20210928-20220221,HS,21059656,11022.3,18.331,22.931547967099995,1,poor,NA
AIMS,2021-10-16T21:00:00Z,TLM12,STIC,20210928-20220221,HS,21059656,11022.3,18.236,22.931547967099995,1,poor,NA
AIMS,2021-10-16T21:15:00Z,TLM12,STIC,20210928-20220221,HS,21059656,11711.2,18.236,24.840983808399997,1,poor,NA
AIMS,2021-10-16T21:30:00Z,TLM12,STIC,20210928-20220221,HS,21059656,11711.2,18.14,24.840983808399997,1,poor,NA
AIMS,2021-10-16T21:45:00Z,TLM12,STIC,20210928-20220221,HS,21059656,11711.2,18.045,24.840983808399997,1,poor,NA
AIMS,2021-10-16T22:00:00Z,TLM12,STIC,20210928-20220221,HS,21059656,11711.2,17.95,24.840983808399997,1,poor,NA
AIMS,2021-10-16T22:15:00Z,TLM12,STIC,20210928-20220221,HS,21059656,11711.2,17.95,24.840983808399997,1,poor,NA
AIMS,2021-10-16T22:30:00Z,TLM12,STIC,20210928-20220221,HS,21059656,11711.2,17.855,24.840983808399997,1,poor,NA
AIMS,2021-10-16T22:45:00Z,TLM12,STIC,20210928-20220221,HS,21059656,11711.2,17.76,24.840983808399997,1,poor,NA
AIMS,2021-10-16T23:00:00Z,TLM12,STIC,20210928-20220221,HS,21059656,12400.1,17.665,26.7504196497,1,poor,NA
AIMS,2021-10-16T23:15:00Z,TLM12,STIC,20210928-20220221,HS,21059656,12400.1,17.57,26.7504196497,1,poor,NA
AIMS,2021-10-16T23:30:00Z,TLM12,STIC,20210928-20220221,HS,21059656,12400.1,17.475,26.7504196497,1,poor,NA
AIMS,2021-10-16T23:45:00Z,TLM12,STIC,20210928-20220221,HS,21059656,12400.1,17.379,26.7504196497,1,poor,NA
AIMS,2021-10-17T00:00:00Z,TLM12,STIC,20210928-20220221,HS,21059656,12400.1,17.284,26.7504196497,1,poor,NA
AIMS,2021-10-17T00:15:00Z,TLM12,STIC,20210928-20220221,HS,21059656,12400.1,17.189,26.7504196497,1,poor,NA
AIMS,2021-10-17T00:30:00Z,TLM12,STIC,20210928-20220221,HS,21059656,12400.1,17.094,26.7504196497,1,poor,NA
AIMS,2021-10-17T00:45:00Z,TLM12,STIC,20210928-20220221,HS,21059656,12400.1,16.999,26.7504196497,1,poor,NA
AIMS,2021-10-17T01:00:00Z,TLM12,STIC,20210928-20220221,HS,21059656,12400.1,16.903,26.7504196497,1,poor,NA
AIMS,2021-10-17T01:15:00Z,TLM12,STIC,20210928-20220221,HS,21059656,12400.1,16.808,26.7504196497,1,poor,NA
AIMS,2021-10-17T01:30:00Z,TLM12,STIC,20210928-20220221,HS,21059656,12400.1,16.713,26.7504196497,1,poor,NA
AIMS,2021-10-17T01:45:00Z,TLM12,STIC,20210928-20220221,HS,21059656,11711.2,16.618,24.840983808399997,1,poor,NA
AIMS,2021-10-17T02:00:00Z,TLM12,STIC,20210928-20220221,HS,21059656,11711.2,16.523,24.840983808399997,1,poor,NA
AIMS,2021-10-17T02:15:00Z,TLM12,STIC,20210928-20220221,HS,21059656,11022.3,16.427,22.931547967099995,1,poor,NA
AIMS,2021-10-17T02:30:00Z,TLM12,STIC,20210928-20220221,HS,21059656,5338.9,16.332,7.178771569299999,1,poor,NA
AIMS,2021-10-17T02:45:00Z,TLM12,STIC,20210928-20220221,HS,21059656,11022.3,16.332,22.931547967099995,1,poor,NA
AIMS,2021-10-17T03:00:00Z,TLM12,STIC,20210928-20220221,HS,21059656,5338.9,16.237,7.178771569299999,1,poor,NA
AIMS,2021-10-17T03:15:00Z,TLM12,STIC,20210928-20220221,HS,21059656,11022.3,16.141,22.931547967099995,1,poor,NA
AIMS,2021-10-17T03:30:00Z,TLM12,STIC,20210928-20220221,HS,21059656,5338.9,16.046,7.178771569299999,1,poor,NA
AIMS,2021-10-17T03:45:00Z,TLM12,STIC,20210928-20220221,HS,21059656,11022.3,15.951,22.931547967099995,1,poor,NA
AIMS,2021-10-17T04:00:00Z,TLM12,STIC,20210928-20220221,HS,21059656,5338.9,15.951,7.178771569299999,1,poor,NA
AIMS,2021-10-17T04:15:00Z,TLM12,STIC,20210928-20220221,HS,21059656,10677.8,15.855,21.976691460599998,1,poor,NA
AIMS,2021-10-17T04:30:00Z,TLM12,STIC,20210928-20220221,HS,21059656,5338.9,15.855,7.178771569299999,1,poor,NA
AIMS,2021-10-17T04:45:00Z,TLM12,STIC,20210928-20220221,HS,21059656,11022.3,15.76,22.931547967099995,1,poor,NA
AIMS,2021-10-17T05:00:00Z,TLM12,STIC,20210928-20220221,HS,21059656,5338.9,15.76,7.178771569299999,1,poor,NA
AIMS,2021-10-17T05:15:00Z,TLM12,STIC,20210928-20220221,HS,21059656,11022.3,15.664,22.931547967099995,1,poor,NA
AIMS,2021-10-17T05:30:00Z,TLM12,STIC,20210928-20220221,HS,21059656,5338.9,15.569,7.178771569299999,1,poor,NA
AIMS,2021-10-17T05:45:00Z,TLM12,STIC,20210928-20220221,HS,21059656,11022.3,15.569,22.931547967099995,1,poor,NA
AIMS,2021-10-17T06:00:00Z,TLM12,STIC,20210928-20220221,HS,21059656,5338.9,15.473,7.178771569299999,1,poor,NA
AIMS,2021-10-17T06:15:00Z,TLM12,STIC,20210928-20220221,HS,21059656,10677.8,15.378,21.976691460599998,1,poor,NA
AIMS,2021-10-17T06:30:00Z,TLM12,STIC,20210928-20220221,HS,21059656,5338.9,15.378,7.178771569299999,1,poor,NA
AIMS,2021-10-17T06:45:00Z,TLM12,STIC,20210928-20220221,HS,21059656,11022.3,15.378,22.931547967099995,1,poor,NA
AIMS,2021-10-17T07:00:00Z,TLM12,STIC,20210928-20220221,HS,21059656,5338.9,15.282,7.178771569299999,1,poor,NA
AIMS,2021-10-17T07:15:00Z,TLM12,STIC,20210928-20220221,HS,21059656,11022.3,15.282,22.931547967099995,1,poor,NA
AIMS,2021-10-17T07:30:00Z,TLM12,STIC,20210928-20220221,HS,21059656,5338.9,15.187,7.178771569299999,1,poor,NA
AIMS,2021-10-17T07:45:00Z,TLM12,STIC,20210928-20220221,HS,21059656,11711.2,15.187,24.840983808399997,1,poor,NA
AIMS,2021-10-17T08:00:00Z,TLM12,STIC,20210928-20220221,HS,21059656,11022.3,15.187,22.931547967099995,1,poor,NA
AIMS,2021-10-17T08:15:00Z,TLM12,STIC,20210928-20220221,HS,21059656,11711.2,15.091,24.840983808399997,1,poor,NA
AIMS,2021-10-17T08:30:00Z,TLM12,STIC,20210928-20220221,HS,21059656,11711.2,15.091,24.840983808399997,1,poor,NA
AIMS,2021-10-17T08:45:00Z,TLM12,STIC,20210928-20220221,HS,21059656,11711.2,14.996,24.840983808399997,1,poor,NA
AIMS,2021-10-17T09:00:00Z,TLM12,STIC,20210928-20220221,HS,21059656,11711.2,14.996,24.840983808399997,1,poor,NA
AIMS,2021-10-17T09:15:00Z,TLM12,STIC,20210928-20220221,HS,21059656,11711.2,14.996,24.840983808399997,1,poor,NA
AIMS,2021-10-17T09:30:00Z,TLM12,STIC,20210928-20220221,HS,21059656,11711.2,14.9,24.840983808399997,1,poor,NA
AIMS,2021-10-17T09:45:00Z,TLM12,STIC,20210928-20220221,HS,21059656,11711.2,14.9,24.840983808399997,1,poor,NA
AIMS,2021-10-17T10:00:00Z,TLM12,STIC,20210928-20220221,HS,21059656,11711.2,14.804,24.840983808399997,1,poor,NA
AIMS,2021-10-17T10:15:00Z,TLM12,STIC,20210928-20220221,HS,21059656,11711.2,14.804,24.840983808399997,1,poor,NA
AIMS,2021-10-17T10:30:00Z,TLM12,STIC,20210928-20220221,HS,21059656,11711.2,14.709,24.840983808399997,1,poor,NA
AIMS,2021-10-17T10:45:00Z,TLM12,STIC,20210928-20220221,HS,21059656,11711.2,14.709,24.840983808399997,1,poor,NA
AIMS,2021-10-17T11:00:00Z,TLM12,STIC,20210928-20220221,HS,21059656,11711.2,14.709,24.840983808399997,1,poor,NA
AIMS,2021-10-17T11:15:00Z,TLM12,STIC,20210928-20220221,HS,21059656,11711.2,14.613,24.840983808399997,1,poor,NA
AIMS,2021-10-17T11:30:00Z,TLM12,STIC,20210928-20220221,HS,21059656,11711.2,14.613,24.840983808399997,1,poor,NA
AIMS,2021-10-17T11:45:00Z,TLM12,STIC,20210928-20220221,HS,21059656,11711.2,14.613,24.840983808399997,1,poor,NA
AIMS,2021-10-17T12:00:00Z,TLM12,STIC,20210928-20220221,HS,21059656,11711.2,14.517,24.840983808399997,1,poor,NA
AIMS,2021-10-17T12:15:00Z,TLM12,STIC,20210928-20220221,HS,21059656,11711.2,14.517,24.840983808399997,1,poor,NA
AIMS,2021-10-17T12:30:00Z,TLM12,STIC,20210928-20220221,HS,21059656,11711.2,14.421,24.840983808399997,1,poor,NA
AIMS,2021-10-17T12:45:00Z,TLM12,STIC,20210928-20220221,HS,21059656,11711.2,14.421,24.840983808399997,1,poor,NA
AIMS,2021-10-17T13:00:00Z,TLM12,STIC,20210928-20220221,HS,21059656,11022.3,14.421,22.931547967099995,1,poor,NA
AIMS,2021-10-17T13:15:00Z,TLM12,STIC,20210928-20220221,HS,21059656,11022.3,14.421,22.931547967099995,1,poor,NA
AIMS,2021-10-17T13:30:00Z,TLM12,STIC,20210928-20220221,HS,21059656,11022.3,14.421,22.931547967099995,1,poor,NA
AIMS,2021-10-17T13:45:00Z,TLM12,STIC,20210928-20220221,HS,21059656,11711.2,14.421,24.840983808399997,1,poor,NA
AIMS,2021-10-17T14:00:00Z,TLM12,STIC,20210928-20220221,HS,21059656,11711.2,14.421,24.840983808399997,1,poor,NA
AIMS,2021-10-17T14:15:00Z,TLM12,STIC,20210928-20220221,HS,21059656,11711.2,14.421,24.840983808399997,1,poor,NA
AIMS,2021-10-17T14:30:00Z,TLM12,STIC,20210928-20220221,HS,21059656,11711.2,14.517,24.840983808399997,1,poor,NA
AIMS,2021-10-17T14:45:00Z,TLM12,STIC,20210928-20220221,HS,21059656,11711.2,14.517,24.840983808399997,1,poor,NA
AIMS,2021-10-17T15:00:00Z,TLM12,STIC,20210928-20220221,HS,21059656,11711.2,14.517,24.840983808399997,1,poor,NA
AIMS,2021-10-17T15:15:00Z,TLM12,STIC,20210928-20220221,HS,21059656,11711.2,14.613,24.840983808399997,1,poor,NA
AIMS,2021-10-17T15:30:00Z,TLM12,STIC,20210928-20220221,HS,21059656,11711.2,14.709,24.840983808399997,1,poor,NA
AIMS,2021-10-17T15:45:00Z,TLM12,STIC,20210928-20220221,HS,21059656,12400.1,14.709,26.7504196497,1,poor,NA
AIMS,2021-10-17T16:00:00Z,TLM12,STIC,20210928-20220221,HS,21059656,12400.1,14.804,26.7504196497,1,poor,NA
AIMS,2021-10-17T16:15:00Z,TLM12,STIC,20210928-20220221,HS,21059656,12400.1,14.9,26.7504196497,1,poor,NA
AIMS,2021-10-17T16:30:00Z,TLM12,STIC,20210928-20220221,HS,21059656,12400.1,14.996,26.7504196497,1,poor,NA
AIMS,2021-10-17T16:45:00Z,TLM12,STIC,20210928-20220221,HS,21059656,12400.1,15.091,26.7504196497,1,poor,NA
AIMS,2021-10-17T17:00:00Z,TLM12,STIC,20210928-20220221,HS,21059656,12400.1,15.187,26.7504196497,1,poor,NA
AIMS,2021-10-17T17:15:00Z,TLM12,STIC,20210928-20220221,HS,21059656,12400.1,15.282,26.7504196497,1,poor,NA
AIMS,2021-10-17T17:30:00Z,TLM12,STIC,20210928-20220221,HS,21059656,12400.1,15.473,26.7504196497,1,poor,NA
AIMS,2021-10-17T17:45:00Z,TLM12,STIC,20210928-20220221,HS,21059656,12400.1,15.569,26.7504196497,1,poor,NA
AIMS,2021-10-17T18:00:00Z,TLM12,STIC,20210928-20220221,HS,21059656,12400.1,15.664,26.7504196497,1,poor,NA
AIMS,2021-10-17T18:15:00Z,TLM12,STIC,20210928-20220221,HS,21059656,12400.1,15.76,26.7504196497,1,poor,NA
AIMS,2021-10-17T18:30:00Z,TLM12,STIC,20210928-20220221,HS,21059656,12400.1,15.855,26.7504196497,1,poor,NA
AIMS,2021-10-17T18:45:00Z,TLM12,STIC,20210928-20220221,HS,21059656,12400.1,16.046,26.7504196497,1,poor,NA
AIMS,2021-10-17T19:00:00Z,TLM12,STIC,20210928-20220221,HS,21059656,12400.1,16.141,26.7504196497,1,poor,NA
AIMS,2021-10-17T19:15:00Z,TLM12,STIC,20210928-20220221,HS,21059656,12400.1,16.237,26.7504196497,1,poor,NA
AIMS,2021-10-17T19:30:00Z,TLM12,STIC,20210928-20220221,HS,21059656,11711.2,16.237,24.840983808399997,1,poor,NA
AIMS,2021-10-17T19:45:00Z,TLM12,STIC,20210928-20220221,HS,21059656,11711.2,16.141,24.840983808399997,1,poor,NA
AIMS,2021-10-17T20:00:00Z,TLM12,STIC,20210928-20220221,HS,21059656,11711.2,16.141,24.840983808399997,1,poor,NA
AIMS,2021-10-17T20:15:00Z,TLM12,STIC,20210928-20220221,HS,21059656,11711.2,16.237,24.840983808399997,1,poor,NA
AIMS,2021-10-17T20:30:00Z,TLM12,STIC,20210928-20220221,HS,21059656,12400.1,16.237,26.7504196497,1,poor,NA
AIMS,2021-10-17T20:45:00Z,TLM12,STIC,20210928-20220221,HS,21059656,12400.1,16.332,26.7504196497,1,poor,NA
AIMS,2021-10-17T21:00:00Z,TLM12,STIC,20210928-20220221,HS,21059656,12400.1,16.332,26.7504196497,1,poor,NA
AIMS,2021-10-17T21:15:00Z,TLM12,STIC,20210928-20220221,HS,21059656,12400.1,16.332,26.7504196497,1,poor,NA
AIMS,2021-10-17T21:30:00Z,TLM12,STIC,20210928-20220221,HS,21059656,12400.1,16.332,26.7504196497,1,poor,NA
AIMS,2021-10-17T21:45:00Z,TLM12,STIC,20210928-20220221,HS,21059656,12400.1,16.332,26.7504196497,1,poor,NA
AIMS,2021-10-17T22:00:00Z,TLM12,STIC,20210928-20220221,HS,21059656,12400.1,16.332,26.7504196497,1,poor,NA
AIMS,2021-10-17T22:15:00Z,TLM12,STIC,20210928-20220221,HS,21059656,11711.2,16.237,24.840983808399997,1,poor,NA
AIMS,2021-10-17T22:30:00Z,TLM12,STIC,20210928-20220221,HS,21059656,11711.2,16.237,24.840983808399997,1,poor,NA
AIMS,2021-10-17T22:45:00Z,TLM12,STIC,20210928-20220221,HS,21059656,11711.2,16.237,24.840983808399997,1,poor,NA
AIMS,2021-10-17T23:00:00Z,TLM12,STIC,20210928-20220221,HS,21059656,11711.2,16.141,24.840983808399997,1,poor,NA
AIMS,2021-10-17T23:15:00Z,TLM12,STIC,20210928-20220221,HS,21059656,11022.3,16.046,22.931547967099995,1,poor,NA
AIMS,2021-10-17T23:30:00Z,TLM12,STIC,20210928-20220221,HS,21059656,11711.2,15.951,24.840983808399997,1,poor,NA
AIMS,2021-10-17T23:45:00Z,TLM12,STIC,20210928-20220221,HS,21059656,11711.2,15.855,24.840983808399997,1,poor,NA
AIMS,2021-10-18T00:00:00Z,TLM12,STIC,20210928-20220221,HS,21059656,11711.2,15.76,24.840983808399997,1,poor,NA
AIMS,2021-10-18T00:15:00Z,TLM12,STIC,20210928-20220221,HS,21059656,11711.2,15.664,24.840983808399997,1,poor,NA
AIMS,2021-10-18T00:30:00Z,TLM12,STIC,20210928-20220221,HS,21059656,11711.2,15.664,24.840983808399997,1,poor,NA
AIMS,2021-10-18T00:45:00Z,TLM12,STIC,20210928-20220221,HS,21059656,12400.1,15.569,26.7504196497,1,poor,NA
AIMS,2021-10-18T01:00:00Z,TLM12,STIC,20210928-20220221,HS,21059656,12400.1,15.473,26.7504196497,1,poor,NA
AIMS,2021-10-18T01:15:00Z,TLM12,STIC,20210928-20220221,HS,21059656,12400.1,15.378,26.7504196497,1,poor,NA
AIMS,2021-10-18T01:30:00Z,TLM12,STIC,20210928-20220221,HS,21059656,12400.1,15.282,26.7504196497,1,poor,NA
AIMS,2021-10-18T01:45:00Z,TLM12,STIC,20210928-20220221,HS,21059656,12400.1,15.187,26.7504196497,1,poor,NA
AIMS,2021-10-18T02:00:00Z,TLM12,STIC,20210928-20220221,HS,21059656,12400.1,15.187,26.7504196497,1,poor,NA
AIMS,2021-10-18T02:15:00Z,TLM12,STIC,20210928-20220221,HS,21059656,12400.1,15.091,26.7504196497,1,poor,NA
AIMS,2021-10-18T02:30:00Z,TLM12,STIC,20210928-20220221,HS,21059656,12400.1,14.996,26.7504196497,1,poor,NA
AIMS,2021-10-18T02:45:00Z,TLM12,STIC,20210928-20220221,HS,21059656,12400.1,14.9,26.7504196497,1,poor,NA
AIMS,2021-10-18T03:00:00Z,TLM12,STIC,20210928-20220221,HS,21059656,12400.1,14.804,26.7504196497,1,poor,NA
AIMS,2021-10-18T03:15:00Z,TLM12,STIC,20210928-20220221,HS,21059656,12400.1,14.709,26.7504196497,1,poor,NA
AIMS,2021-10-18T03:30:00Z,TLM12,STIC,20210928-20220221,HS,21059656,12400.1,14.709,26.7504196497,1,poor,NA
AIMS,2021-10-18T03:45:00Z,TLM12,STIC,20210928-20220221,HS,21059656,12400.1,14.613,26.7504196497,1,poor,NA
AIMS,2021-10-18T04:00:00Z,TLM12,STIC,20210928-20220221,HS,21059656,12400.1,14.517,26.7504196497,1,poor,NA
AIMS,2021-10-18T04:15:00Z,TLM12,STIC,20210928-20220221,HS,21059656,12400.1,14.421,26.7504196497,1,poor,NA
AIMS,2021-10-18T04:30:00Z,TLM12,STIC,20210928-20220221,HS,21059656,12400.1,14.421,26.7504196497,1,poor,NA
AIMS,2021-10-18T04:45:00Z,TLM12,STIC,20210928-20220221,HS,21059656,12400.1,14.325,26.7504196497,1,poor,NA
AIMS,2021-10-18T05:00:00Z,TLM12,STIC,20210928-20220221,HS,21059656,12400.1,14.23,26.7504196497,1,poor,NA
AIMS,2021-10-18T05:15:00Z,TLM12,STIC,20210928-20220221,HS,21059656,12400.1,14.23,26.7504196497,1,poor,NA
AIMS,2021-10-18T05:30:00Z,TLM12,STIC,20210928-20220221,HS,21059656,12400.1,14.134,26.7504196497,1,poor,NA
AIMS,2021-10-18T05:45:00Z,TLM12,STIC,20210928-20220221,HS,21059656,12400.1,14.038,26.7504196497,1,poor,NA
AIMS,2021-10-18T06:00:00Z,TLM12,STIC,20210928-20220221,HS,21059656,12400.1,14.038,26.7504196497,1,poor,NA
AIMS,2021-10-18T06:15:00Z,TLM12,STIC,20210928-20220221,HS,21059656,12400.1,13.942,26.7504196497,1,poor,NA
AIMS,2021-10-18T06:30:00Z,TLM12,STIC,20210928-20220221,HS,21059656,12400.1,13.846,26.7504196497,1,poor,NA
AIMS,2021-10-18T06:45:00Z,TLM12,STIC,20210928-20220221,HS,21059656,12400.1,13.846,26.7504196497,1,poor,NA
AIMS,2021-10-18T07:00:00Z,TLM12,STIC,20210928-20220221,HS,21059656,12400.1,13.75,26.7504196497,1,poor,NA
AIMS,2021-10-18T07:15:00Z,TLM12,STIC,20210928-20220221,HS,21059656,12400.1,13.75,26.7504196497,1,poor,NA
AIMS,2021-10-18T07:30:00Z,TLM12,STIC,20210928-20220221,HS,21059656,12400.1,13.654,26.7504196497,1,poor,NA
AIMS,2021-10-18T07:45:00Z,TLM12,STIC,20210928-20220221,HS,21059656,12400.1,13.558,26.7504196497,1,poor,NA
AIMS,2021-10-18T08:00:00Z,TLM12,STIC,20210928-20220221,HS,21059656,12400.1,13.558,26.7504196497,1,poor,NA
AIMS,2021-10-18T08:15:00Z,TLM12,STIC,20210928-20220221,HS,21059656,12400.1,13.461,26.7504196497,1,poor,NA
AIMS,2021-10-18T08:30:00Z,TLM12,STIC,20210928-20220221,HS,21059656,12400.1,13.461,26.7504196497,1,poor,NA
AIMS,2021-10-18T08:45:00Z,TLM12,STIC,20210928-20220221,HS,21059656,12400.1,13.365,26.7504196497,1,poor,NA
AIMS,2021-10-18T09:00:00Z,TLM12,STIC,20210928-20220221,HS,21059656,12400.1,13.365,26.7504196497,1,poor,NA
AIMS,2021-10-18T09:15:00Z,TLM12,STIC,20210928-20220221,HS,21059656,12400.1,13.365,26.7504196497,1,poor,NA
AIMS,2021-10-18T09:30:00Z,TLM12,STIC,20210928-20220221,HS,21059656,12400.1,13.269,26.7504196497,1,poor,NA
AIMS,2021-10-18T09:45:00Z,TLM12,STIC,20210928-20220221,HS,21059656,12400.1,13.269,26.7504196497,1,poor,NA
AIMS,2021-10-18T10:00:00Z,TLM12,STIC,20210928-20220221,HS,21059656,12400.1,13.269,26.7504196497,1,poor,NA
AIMS,2021-10-18T10:15:00Z,TLM12,STIC,20210928-20220221,HS,21059656,12400.1,13.173,26.7504196497,1,poor,NA
AIMS,2021-10-18T10:30:00Z,TLM12,STIC,20210928-20220221,HS,21059656,12400.1,13.173,26.7504196497,1,poor,NA
AIMS,2021-10-18T10:45:00Z,TLM12,STIC,20210928-20220221,HS,21059656,12400.1,13.076,26.7504196497,1,poor,NA
AIMS,2021-10-18T11:00:00Z,TLM12,STIC,20210928-20220221,HS,21059656,12400.1,13.076,26.7504196497,1,poor,NA
AIMS,2021-10-18T11:15:00Z,TLM12,STIC,20210928-20220221,HS,21059656,12400.1,13.076,26.7504196497,1,poor,NA
AIMS,2021-10-18T11:30:00Z,TLM12,STIC,20210928-20220221,HS,21059656,12400.1,13.076,26.7504196497,1,poor,NA
AIMS,2021-10-18T11:45:00Z,TLM12,STIC,20210928-20220221,HS,21059656,12400.1,13.076,26.7504196497,1,poor,NA
AIMS,2021-10-18T12:00:00Z,TLM12,STIC,20210928-20220221,HS,21059656,12400.1,12.98,26.7504196497,1,poor,NA
AIMS,2021-10-18T12:15:00Z,TLM12,STIC,20210928-20220221,HS,21059656,12400.1,12.98,26.7504196497,1,poor,NA
AIMS,2021-10-18T12:30:00Z,TLM12,STIC,20210928-20220221,HS,21059656,12400.1,12.98,26.7504196497,1,poor,NA
AIMS,2021-10-18T12:45:00Z,TLM12,STIC,20210928-20220221,HS,21059656,12400.1,12.98,26.7504196497,1,poor,NA
AIMS,2021-10-18T13:00:00Z,TLM12,STIC,20210928-20220221,HS,21059656,12400.1,12.98,26.7504196497,1,poor,NA
AIMS,2021-10-18T13:15:00Z,TLM12,STIC,20210928-20220221,HS,21059656,12400.1,12.98,26.7504196497,1,poor,NA
AIMS,2021-10-18T13:30:00Z,TLM12,STIC,20210928-20220221,HS,21059656,12400.1,12.98,26.7504196497,1,poor,NA
AIMS,2021-10-18T13:45:00Z,TLM12,STIC,20210928-20220221,HS,21059656,12400.1,13.076,26.7504196497,1,poor,NA
AIMS,2021-10-18T14:00:00Z,TLM12,STIC,20210928-20220221,HS,21059656,12400.1,13.076,26.7504196497,1,poor,NA
AIMS,2021-10-18T14:15:00Z,TLM12,STIC,20210928-20220221,HS,21059656,12400.1,13.173,26.7504196497,1,poor,NA
AIMS,2021-10-18T14:30:00Z,TLM12,STIC,20210928-20220221,HS,21059656,12400.1,13.269,26.7504196497,1,poor,NA
AIMS,2021-10-18T14:45:00Z,TLM12,STIC,20210928-20220221,HS,21059656,12400.1,13.365,26.7504196497,1,poor,NA
AIMS,2021-10-18T15:00:00Z,TLM12,STIC,20210928-20220221,HS,21059656,12400.1,13.461,26.7504196497,1,poor,NA
AIMS,2021-10-18T15:15:00Z,TLM12,STIC,20210928-20220221,HS,21059656,12400.1,13.654,26.7504196497,1,poor,NA
AIMS,2021-10-18T15:30:00Z,TLM12,STIC,20210928-20220221,HS,21059656,12400.1,13.75,26.7504196497,1,poor,NA
AIMS,2021-10-18T15:45:00Z,TLM12,STIC,20210928-20220221,HS,21059656,12400.1,13.942,26.7504196497,1,poor,NA
AIMS,2021-10-18T16:00:00Z,TLM12,STIC,20210928-20220221,HS,21059656,12400.1,14.038,26.7504196497,1,poor,NA
AIMS,2021-10-18T16:15:00Z,TLM12,STIC,20210928-20220221,HS,21059656,12400.1,14.23,26.7504196497,1,poor,NA
AIMS,2021-10-18T16:30:00Z,TLM12,STIC,20210928-20220221,HS,21059656,12400.1,14.325,26.7504196497,1,poor,NA
AIMS,2021-10-18T16:45:00Z,TLM12,STIC,20210928-20220221,HS,21059656,12400.1,14.517,26.7504196497,1,poor,NA
AIMS,2021-10-18T17:00:00Z,TLM12,STIC,20210928-20220221,HS,21059656,12400.1,14.613,26.7504196497,1,poor,NA
AIMS,2021-10-18T17:15:00Z,TLM12,STIC,20210928-20220221,HS,21059656,12400.1,14.804,26.7504196497,1,poor,NA
AIMS,2021-10-18T17:30:00Z,TLM12,STIC,20210928-20220221,HS,21059656,12400.1,14.996,26.7504196497,1,poor,NA
AIMS,2021-10-18T17:45:00Z,TLM12,STIC,20210928-20220221,HS,21059656,12400.1,15.187,26.7504196497,1,poor,NA
AIMS,2021-10-18T18:00:00Z,TLM12,STIC,20210928-20220221,HS,21059656,12400.1,15.378,26.7504196497,1,poor,NA
AIMS,2021-10-18T18:15:00Z,TLM12,STIC,20210928-20220221,HS,21059656,12400.1,15.473,26.7504196497,1,poor,NA
AIMS,2021-10-18T18:30:00Z,TLM12,STIC,20210928-20220221,HS,21059656,12400.1,15.664,26.7504196497,1,poor,NA
AIMS,2021-10-18T18:45:00Z,TLM12,STIC,20210928-20220221,HS,21059656,12400.1,15.855,26.7504196497,1,poor,NA
AIMS,2021-10-18T19:00:00Z,TLM12,STIC,20210928-20220221,HS,21059656,12400.1,16.046,26.7504196497,1,poor,NA
AIMS,2021-10-18T19:15:00Z,TLM12,STIC,20210928-20220221,HS,21059656,12400.1,16.141,26.7504196497,1,poor,NA
AIMS,2021-10-18T19:30:00Z,TLM12,STIC,20210928-20220221,HS,21059656,12400.1,16.141,26.7504196497,1,poor,NA
AIMS,2021-10-18T19:45:00Z,TLM12,STIC,20210928-20220221,HS,21059656,12400.1,16.141,26.7504196497,1,poor,NA
AIMS,2021-10-18T20:00:00Z,TLM12,STIC,20210928-20220221,HS,21059656,12400.1,16.237,26.7504196497,1,poor,NA
AIMS,2021-10-18T20:15:00Z,TLM12,STIC,20210928-20220221,HS,21059656,12400.1,16.237,26.7504196497,1,poor,NA
AIMS,2021-10-18T20:30:00Z,TLM12,STIC,20210928-20220221,HS,21059656,12400.1,16.332,26.7504196497,1,poor,NA
AIMS,2021-10-18T20:45:00Z,TLM12,STIC,20210928-20220221,HS,21059656,12400.1,16.332,26.7504196497,1,poor,NA
AIMS,2021-10-18T21:00:00Z,TLM12,STIC,20210928-20220221,HS,21059656,12400.1,16.427,26.7504196497,1,poor,NA
AIMS,2021-10-18T21:15:00Z,TLM12,STIC,20210928-20220221,HS,21059656,12400.1,16.427,26.7504196497,1,poor,NA
AIMS,2021-10-18T21:30:00Z,TLM12,STIC,20210928-20220221,HS,21059656,12400.1,16.427,26.7504196497,1,poor,NA
AIMS,2021-10-18T21:45:00Z,TLM12,STIC,20210928-20220221,HS,21059656,12400.1,16.427,26.7504196497,1,poor,NA
AIMS,2021-10-18T22:00:00Z,TLM12,STIC,20210928-20220221,HS,21059656,12400.1,16.427,26.7504196497,1,poor,NA
AIMS,2021-10-18T22:15:00Z,TLM12,STIC,20210928-20220221,HS,21059656,12400.1,16.427,26.7504196497,1,poor,NA
AIMS,2021-10-18T22:30:00Z,TLM12,STIC,20210928-20220221,HS,21059656,12400.1,16.427,26.7504196497,1,poor,NA
AIMS,2021-10-18T22:45:00Z,TLM12,STIC,20210928-20220221,HS,21059656,12400.1,16.332,26.7504196497,1,poor,NA
AIMS,2021-10-18T23:00:00Z,TLM12,STIC,20210928-20220221,HS,21059656,12400.1,16.332,26.7504196497,1,poor,NA
AIMS,2021-10-18T23:15:00Z,TLM12,STIC,20210928-20220221,HS,21059656,11711.2,16.237,24.840983808399997,1,poor,NA
AIMS,2021-10-18T23:30:00Z,TLM12,STIC,20210928-20220221,HS,21059656,11711.2,16.141,24.840983808399997,1,poor,NA
AIMS,2021-10-18T23:45:00Z,TLM12,STIC,20210928-20220221,HS,21059656,12400.1,16.141,26.7504196497,1,poor,NA
AIMS,2021-10-19T00:00:00Z,TLM12,STIC,20210928-20220221,HS,21059656,11711.2,16.046,24.840983808399997,1,poor,NA
AIMS,2021-10-19T00:15:00Z,TLM12,STIC,20210928-20220221,HS,21059656,11711.2,15.951,24.840983808399997,1,poor,NA
AIMS,2021-10-19T00:30:00Z,TLM12,STIC,20210928-20220221,HS,21059656,11711.2,15.855,24.840983808399997,1,poor,NA
AIMS,2021-10-19T00:45:00Z,TLM12,STIC,20210928-20220221,HS,21059656,11022.3,15.76,22.931547967099995,1,poor,NA
AIMS,2021-10-19T01:00:00Z,TLM12,STIC,20210928-20220221,HS,21059656,5338.9,15.664,7.178771569299999,1,poor,NA
AIMS,2021-10-19T01:15:00Z,TLM12,STIC,20210928-20220221,HS,21059656,10677.8,15.569,21.976691460599998,1,poor,NA
AIMS,2021-10-19T01:30:00Z,TLM12,STIC,20210928-20220221,HS,21059656,5166.7,15.473,6.7014819018999985,1,poor,NA
AIMS,2021-10-19T01:45:00Z,TLM12,STIC,20210928-20220221,HS,21059656,5338.9,15.378,7.178771569299999,1,poor,NA
AIMS,2021-10-19T02:00:00Z,TLM12,STIC,20210928-20220221,HS,21059656,5166.7,15.282,6.7014819018999985,1,poor,NA
AIMS,2021-10-19T02:15:00Z,TLM12,STIC,20210928-20220221,HS,21059656,5166.7,15.187,6.7014819018999985,1,poor,NA
AIMS,2021-10-19T02:30:00Z,TLM12,STIC,20210928-20220221,HS,21059656,5166.7,15.091,6.7014819018999985,1,poor,NA
AIMS,2021-10-19T02:45:00Z,TLM12,STIC,20210928-20220221,HS,21059656,5166.7,15.091,6.7014819018999985,1,poor,NA
AIMS,2021-10-19T03:00:00Z,TLM12,STIC,20210928-20220221,HS,21059656,5166.7,14.996,6.7014819018999985,1,poor,NA
AIMS,2021-10-19T03:15:00Z,TLM12,STIC,20210928-20220221,HS,21059656,4994.5,14.9,6.224192234499999,1,poor,NA
AIMS,2021-10-19T03:30:00Z,TLM12,STIC,20210928-20220221,HS,21059656,4994.5,14.9,6.224192234499999,1,poor,NA
AIMS,2021-10-19T03:45:00Z,TLM12,STIC,20210928-20220221,HS,21059656,4994.5,14.804,6.224192234499999,1,poor,NA
AIMS,2021-10-19T04:00:00Z,TLM12,STIC,20210928-20220221,HS,21059656,4994.5,14.709,6.224192234499999,1,poor,NA
AIMS,2021-10-19T04:15:00Z,TLM12,STIC,20210928-20220221,HS,21059656,4994.5,14.613,6.224192234499999,1,poor,NA
AIMS,2021-10-19T04:30:00Z,TLM12,STIC,20210928-20220221,HS,21059656,4822.3,14.613,5.7469025671,1,poor,NA
AIMS,2021-10-19T04:45:00Z,TLM12,STIC,20210928-20220221,HS,21059656,4822.3,14.517,5.7469025671,1,poor,NA
AIMS,2021-10-19T05:00:00Z,TLM12,STIC,20210928-20220221,HS,21059656,4822.3,14.421,5.7469025671,1,poor,NA
AIMS,2021-10-19T05:15:00Z,TLM12,STIC,20210928-20220221,HS,21059656,4822.3,14.421,5.7469025671,1,poor,NA
AIMS,2021-10-19T05:30:00Z,TLM12,STIC,20210928-20220221,HS,21059656,4822.3,14.325,5.7469025671,1,poor,NA
AIMS,2021-10-19T05:45:00Z,TLM12,STIC,20210928-20220221,HS,21059656,4994.5,14.325,6.224192234499999,1,poor,NA
AIMS,2021-10-19T06:00:00Z,TLM12,STIC,20210928-20220221,HS,21059656,4994.5,14.23,6.224192234499999,1,poor,NA
AIMS,2021-10-19T06:15:00Z,TLM12,STIC,20210928-20220221,HS,21059656,4994.5,14.134,6.224192234499999,1,poor,NA
AIMS,2021-10-19T06:30:00Z,TLM12,STIC,20210928-20220221,HS,21059656,5166.7,14.134,6.7014819018999985,1,poor,NA
AIMS,2021-10-19T06:45:00Z,TLM12,STIC,20210928-20220221,HS,21059656,5166.7,14.038,6.7014819018999985,1,poor,NA
AIMS,2021-10-19T07:00:00Z,TLM12,STIC,20210928-20220221,HS,21059656,5166.7,14.038,6.7014819018999985,1,poor,NA
AIMS,2021-10-19T07:15:00Z,TLM12,STIC,20210928-20220221,HS,21059656,5166.7,13.942,6.7014819018999985,1,poor,NA
AIMS,2021-10-19T07:30:00Z,TLM12,STIC,20210928-20220221,HS,21059656,5166.7,13.942,6.7014819018999985,1,poor,NA
AIMS,2021-10-19T07:45:00Z,TLM12,STIC,20210928-20220221,HS,21059656,5166.7,13.846,6.7014819018999985,1,poor,NA
AIMS,2021-10-19T08:00:00Z,TLM12,STIC,20210928-20220221,HS,21059656,5166.7,13.75,6.7014819018999985,1,poor,NA
AIMS,2021-10-19T08:15:00Z,TLM12,STIC,20210928-20220221,HS,21059656,5166.7,13.75,6.7014819018999985,1,poor,NA
AIMS,2021-10-19T08:30:00Z,TLM12,STIC,20210928-20220221,HS,21059656,5166.7,13.75,6.7014819018999985,1,poor,NA
AIMS,2021-10-19T08:45:00Z,TLM12,STIC,20210928-20220221,HS,21059656,5166.7,13.654,6.7014819018999985,1,poor,NA
AIMS,2021-10-19T09:00:00Z,TLM12,STIC,20210928-20220221,HS,21059656,5166.7,13.558,6.7014819018999985,1,poor,NA
AIMS,2021-10-19T09:15:00Z,TLM12,STIC,20210928-20220221,HS,21059656,5166.7,13.558,6.7014819018999985,1,poor,NA
AIMS,2021-10-19T09:30:00Z,TLM12,STIC,20210928-20220221,HS,21059656,5166.7,13.461,6.7014819018999985,1,poor,NA
AIMS,2021-10-19T09:45:00Z,TLM12,STIC,20210928-20220221,HS,21059656,5166.7,13.461,6.7014819018999985,1,poor,NA
AIMS,2021-10-19T10:00:00Z,TLM12,STIC,20210928-20220221,HS,21059656,5166.7,13.365,6.7014819018999985,1,poor,NA
AIMS,2021-10-19T10:15:00Z,TLM12,STIC,20210928-20220221,HS,21059656,5166.7,13.365,6.7014819018999985,1,poor,NA
AIMS,2021-10-19T10:30:00Z,TLM12,STIC,20210928-20220221,HS,21059656,5166.7,13.269,6.7014819018999985,1,poor,NA
AIMS,2021-10-19T10:45:00Z,TLM12,STIC,20210928-20220221,HS,21059656,5166.7,13.269,6.7014819018999985,1,poor,NA
AIMS,2021-10-19T11:00:00Z,TLM12,STIC,20210928-20220221,HS,21059656,5338.9,13.269,7.178771569299999,1,poor,NA
AIMS,2021-10-19T11:15:00Z,TLM12,STIC,20210928-20220221,HS,21059656,5338.9,13.173,7.178771569299999,1,poor,NA
AIMS,2021-10-19T11:30:00Z,TLM12,STIC,20210928-20220221,HS,21059656,5338.9,13.173,7.178771569299999,1,poor,NA
AIMS,2021-10-19T11:45:00Z,TLM12,STIC,20210928-20220221,HS,21059656,5338.9,13.076,7.178771569299999,1,poor,NA
AIMS,2021-10-19T12:00:00Z,TLM12,STIC,20210928-20220221,HS,21059656,5338.9,13.076,7.178771569299999,1,poor,NA
AIMS,2021-10-19T12:15:00Z,TLM12,STIC,20210928-20220221,HS,21059656,5338.9,12.98,7.178771569299999,1,poor,NA
AIMS,2021-10-19T12:30:00Z,TLM12,STIC,20210928-20220221,HS,21059656,5338.9,12.98,7.178771569299999,1,poor,NA
AIMS,2021-10-19T12:45:00Z,TLM12,STIC,20210928-20220221,HS,21059656,5338.9,12.98,7.178771569299999,1,poor,NA
AIMS,2021-10-19T13:00:00Z,TLM12,STIC,20210928-20220221,HS,21059656,5338.9,12.883,7.178771569299999,1,poor,NA
AIMS,2021-10-19T13:15:00Z,TLM12,STIC,20210928-20220221,HS,21059656,5338.9,12.883,7.178771569299999,1,poor,NA
AIMS,2021-10-19T13:30:00Z,TLM12,STIC,20210928-20220221,HS,21059656,5338.9,12.883,7.178771569299999,1,poor,NA
AIMS,2021-10-19T13:45:00Z,TLM12,STIC,20210928-20220221,HS,21059656,5338.9,12.883,7.178771569299999,1,poor,NA
AIMS,2021-10-19T14:00:00Z,TLM12,STIC,20210928-20220221,HS,21059656,5338.9,12.98,7.178771569299999,1,poor,NA
AIMS,2021-10-19T14:15:00Z,TLM12,STIC,20210928-20220221,HS,21059656,5338.9,13.076,7.178771569299999,1,poor,NA
AIMS,2021-10-19T14:30:00Z,TLM12,STIC,20210928-20220221,HS,21059656,5338.9,13.173,7.178771569299999,1,poor,NA
AIMS,2021-10-19T14:45:00Z,TLM12,STIC,20210928-20220221,HS,21059656,5338.9,13.269,7.178771569299999,1,poor,NA
AIMS,2021-10-19T15:00:00Z,TLM12,STIC,20210928-20220221,HS,21059656,5338.9,13.365,7.178771569299999,1,poor,NA
AIMS,2021-10-19T15:15:00Z,TLM12,STIC,20210928-20220221,HS,21059656,5338.9,13.558,7.178771569299999,1,poor,NA
AIMS,2021-10-19T15:30:00Z,TLM12,STIC,20210928-20220221,HS,21059656,5338.9,13.654,7.178771569299999,1,poor,NA
AIMS,2021-10-19T15:45:00Z,TLM12,STIC,20210928-20220221,HS,21059656,5338.9,13.846,7.178771569299999,1,poor,NA
AIMS,2021-10-19T16:00:00Z,TLM12,STIC,20210928-20220221,HS,21059656,5338.9,14.038,7.178771569299999,1,poor,NA
AIMS,2021-10-19T16:15:00Z,TLM12,STIC,20210928-20220221,HS,21059656,5338.9,14.23,7.178771569299999,1,poor,NA
AIMS,2021-10-19T16:30:00Z,TLM12,STIC,20210928-20220221,HS,21059656,5338.9,14.421,7.178771569299999,1,poor,NA
AIMS,2021-10-19T16:45:00Z,TLM12,STIC,20210928-20220221,HS,21059656,5338.9,14.517,7.178771569299999,1,poor,NA
AIMS,2021-10-19T17:00:00Z,TLM12,STIC,20210928-20220221,HS,21059656,5338.9,14.804,7.178771569299999,1,poor,NA
AIMS,2021-10-19T17:15:00Z,TLM12,STIC,20210928-20220221,HS,21059656,5338.9,14.996,7.178771569299999,1,poor,NA
AIMS,2021-10-19T17:30:00Z,TLM12,STIC,20210928-20220221,HS,21059656,10677.8,15.187,21.976691460599998,1,poor,NA
AIMS,2021-10-19T17:45:00Z,TLM12,STIC,20210928-20220221,HS,21059656,5338.9,15.378,7.178771569299999,1,poor,NA
AIMS,2021-10-19T18:00:00Z,TLM12,STIC,20210928-20220221,HS,21059656,11022.3,15.473,22.931547967099995,1,poor,NA
AIMS,2021-10-19T18:15:00Z,TLM12,STIC,20210928-20220221,HS,21059656,5338.9,15.664,7.178771569299999,1,poor,NA
AIMS,2021-10-19T18:30:00Z,TLM12,STIC,20210928-20220221,HS,21059656,11022.3,15.855,22.931547967099995,1,poor,NA
AIMS,2021-10-19T18:45:00Z,TLM12,STIC,20210928-20220221,HS,21059656,5338.9,16.046,7.178771569299999,1,poor,NA
AIMS,2021-10-19T19:00:00Z,TLM12,STIC,20210928-20220221,HS,21059656,11022.3,16.237,22.931547967099995,1,poor,NA
AIMS,2021-10-19T19:15:00Z,TLM12,STIC,20210928-20220221,HS,21059656,5338.9,16.332,7.178771569299999,1,poor,NA
AIMS,2021-10-19T19:30:00Z,TLM12,STIC,20210928-20220221,HS,21059656,11022.3,16.332,22.931547967099995,1,poor,NA
AIMS,2021-10-19T19:45:00Z,TLM12,STIC,20210928-20220221,HS,21059656,5338.9,16.332,7.178771569299999,1,poor,NA
AIMS,2021-10-19T20:00:00Z,TLM12,STIC,20210928-20220221,HS,21059656,11022.3,16.427,22.931547967099995,1,poor,NA
AIMS,2021-10-19T20:15:00Z,TLM12,STIC,20210928-20220221,HS,21059656,11022.3,16.427,22.931547967099995,1,poor,NA
AIMS,2021-10-19T20:30:00Z,TLM12,STIC,20210928-20220221,HS,21059656,11022.3,16.523,22.931547967099995,1,poor,NA
AIMS,2021-10-19T20:45:00Z,TLM12,STIC,20210928-20220221,HS,21059656,11022.3,16.618,22.931547967099995,1,poor,NA
AIMS,2021-10-19T21:00:00Z,TLM12,STIC,20210928-20220221,HS,21059656,11022.3,16.618,22.931547967099995,1,poor,NA
AIMS,2021-10-19T21:15:00Z,TLM12,STIC,20210928-20220221,HS,21059656,11022.3,16.618,22.931547967099995,1,poor,NA
AIMS,2021-10-19T21:30:00Z,TLM12,STIC,20210928-20220221,HS,21059656,11022.3,16.713,22.931547967099995,1,poor,NA
AIMS,2021-10-19T21:45:00Z,TLM12,STIC,20210928-20220221,HS,21059656,11022.3,16.713,22.931547967099995,1,poor,NA
AIMS,2021-10-19T22:00:00Z,TLM12,STIC,20210928-20220221,HS,21059656,11022.3,16.713,22.931547967099995,1,poor,NA
AIMS,2021-10-19T22:15:00Z,TLM12,STIC,20210928-20220221,HS,21059656,11711.2,16.713,24.840983808399997,1,poor,NA
AIMS,2021-10-19T22:30:00Z,TLM12,STIC,20210928-20220221,HS,21059656,11711.2,16.618,24.840983808399997,1,poor,NA
AIMS,2021-10-19T22:45:00Z,TLM12,STIC,20210928-20220221,HS,21059656,11711.2,16.618,24.840983808399997,1,poor,NA
AIMS,2021-10-19T23:00:00Z,TLM12,STIC,20210928-20220221,HS,21059656,11711.2,16.523,24.840983808399997,1,poor,NA
AIMS,2021-10-19T23:15:00Z,TLM12,STIC,20210928-20220221,HS,21059656,11711.2,16.523,24.840983808399997,1,poor,NA
AIMS,2021-10-19T23:30:00Z,TLM12,STIC,20210928-20220221,HS,21059656,11711.2,16.427,24.840983808399997,1,poor,NA
AIMS,2021-10-19T23:45:00Z,TLM12,STIC,20210928-20220221,HS,21059656,11711.2,16.332,24.840983808399997,1,poor,NA
AIMS,2021-10-20T00:00:00Z,TLM12,STIC,20210928-20220221,HS,21059656,11711.2,16.332,24.840983808399997,1,poor,NA
AIMS,2021-10-20T00:15:00Z,TLM12,STIC,20210928-20220221,HS,21059656,11711.2,16.237,24.840983808399997,1,poor,NA
AIMS,2021-10-20T00:30:00Z,TLM12,STIC,20210928-20220221,HS,21059656,11711.2,16.141,24.840983808399997,1,poor,NA
AIMS,2021-10-20T00:45:00Z,TLM12,STIC,20210928-20220221,HS,21059656,11711.2,16.141,24.840983808399997,1,poor,NA
AIMS,2021-10-20T01:00:00Z,TLM12,STIC,20210928-20220221,HS,21059656,11711.2,16.046,24.840983808399997,1,poor,NA
AIMS,2021-10-20T01:15:00Z,TLM12,STIC,20210928-20220221,HS,21059656,11711.2,15.951,24.840983808399997,1,poor,NA
AIMS,2021-10-20T01:30:00Z,TLM12,STIC,20210928-20220221,HS,21059656,11711.2,15.855,24.840983808399997,1,poor,NA
AIMS,2021-10-20T01:45:00Z,TLM12,STIC,20210928-20220221,HS,21059656,11711.2,15.855,24.840983808399997,1,poor,NA
AIMS,2021-10-20T02:00:00Z,TLM12,STIC,20210928-20220221,HS,21059656,11711.2,15.76,24.840983808399997,1,poor,NA
AIMS,2021-10-20T02:15:00Z,TLM12,STIC,20210928-20220221,HS,21059656,11711.2,15.664,24.840983808399997,1,poor,NA
AIMS,2021-10-20T02:30:00Z,TLM12,STIC,20210928-20220221,HS,21059656,11711.2,15.569,24.840983808399997,1,poor,NA
AIMS,2021-10-20T02:45:00Z,TLM12,STIC,20210928-20220221,HS,21059656,11022.3,15.473,22.931547967099995,1,poor,NA
AIMS,2021-10-20T03:00:00Z,TLM12,STIC,20210928-20220221,HS,21059656,11022.3,15.473,22.931547967099995,1,poor,NA
AIMS,2021-10-20T03:15:00Z,TLM12,STIC,20210928-20220221,HS,21059656,11022.3,15.378,22.931547967099995,1,poor,NA
AIMS,2021-10-20T03:30:00Z,TLM12,STIC,20210928-20220221,HS,21059656,11022.3,15.282,22.931547967099995,1,poor,NA
AIMS,2021-10-20T03:45:00Z,TLM12,STIC,20210928-20220221,HS,21059656,11022.3,15.187,22.931547967099995,1,poor,NA
AIMS,2021-10-20T04:00:00Z,TLM12,STIC,20210928-20220221,HS,21059656,11022.3,15.187,22.931547967099995,1,poor,NA
AIMS,2021-10-20T04:15:00Z,TLM12,STIC,20210928-20220221,HS,21059656,11022.3,15.091,22.931547967099995,1,poor,NA
AIMS,2021-10-20T04:30:00Z,TLM12,STIC,20210928-20220221,HS,21059656,5338.9,15.091,7.178771569299999,1,poor,NA
AIMS,2021-10-20T04:45:00Z,TLM12,STIC,20210928-20220221,HS,21059656,11022.3,14.996,22.931547967099995,1,poor,NA
AIMS,2021-10-20T05:00:00Z,TLM12,STIC,20210928-20220221,HS,21059656,5338.9,14.9,7.178771569299999,1,poor,NA
AIMS,2021-10-20T05:15:00Z,TLM12,STIC,20210928-20220221,HS,21059656,11022.3,14.9,22.931547967099995,1,poor,NA
AIMS,2021-10-20T05:30:00Z,TLM12,STIC,20210928-20220221,HS,21059656,5338.9,14.804,7.178771569299999,1,poor,NA
AIMS,2021-10-20T05:45:00Z,TLM12,STIC,20210928-20220221,HS,21059656,10677.8,14.804,21.976691460599998,1,poor,NA
AIMS,2021-10-20T06:00:00Z,TLM12,STIC,20210928-20220221,HS,21059656,5338.9,14.709,7.178771569299999,1,poor,NA
AIMS,2021-10-20T06:15:00Z,TLM12,STIC,20210928-20220221,HS,21059656,10677.8,14.709,21.976691460599998,1,poor,NA
AIMS,2021-10-20T06:30:00Z,TLM12,STIC,20210928-20220221,HS,21059656,5338.9,14.613,7.178771569299999,1,poor,NA
AIMS,2021-10-20T06:45:00Z,TLM12,STIC,20210928-20220221,HS,21059656,10677.8,14.613,21.976691460599998,1,poor,NA
AIMS,2021-10-20T07:00:00Z,TLM12,STIC,20210928-20220221,HS,21059656,5338.9,14.517,7.178771569299999,1,poor,NA
AIMS,2021-10-20T07:15:00Z,TLM12,STIC,20210928-20220221,HS,21059656,11022.3,14.517,22.931547967099995,1,poor,NA
AIMS,2021-10-20T07:30:00Z,TLM12,STIC,20210928-20220221,HS,21059656,5338.9,14.421,7.178771569299999,1,poor,NA
AIMS,2021-10-20T07:45:00Z,TLM12,STIC,20210928-20220221,HS,21059656,11022.3,14.421,22.931547967099995,1,poor,NA
AIMS,2021-10-20T08:00:00Z,TLM12,STIC,20210928-20220221,HS,21059656,5338.9,14.325,7.178771569299999,1,poor,NA
AIMS,2021-10-20T08:15:00Z,TLM12,STIC,20210928-20220221,HS,21059656,11022.3,14.325,22.931547967099995,1,poor,NA
AIMS,2021-10-20T08:30:00Z,TLM12,STIC,20210928-20220221,HS,21059656,5338.9,14.325,7.178771569299999,1,poor,NA
AIMS,2021-10-20T08:45:00Z,TLM12,STIC,20210928-20220221,HS,21059656,10677.8,14.23,21.976691460599998,1,poor,NA
AIMS,2021-10-20T09:00:00Z,TLM12,STIC,20210928-20220221,HS,21059656,5338.9,14.23,7.178771569299999,1,poor,NA
AIMS,2021-10-20T09:15:00Z,TLM12,STIC,20210928-20220221,HS,21059656,10677.8,14.23,21.976691460599998,1,poor,NA
AIMS,2021-10-20T09:30:00Z,TLM12,STIC,20210928-20220221,HS,21059656,5338.9,14.23,7.178771569299999,1,poor,NA
AIMS,2021-10-20T09:45:00Z,TLM12,STIC,20210928-20220221,HS,21059656,5338.9,14.134,7.178771569299999,1,poor,NA
AIMS,2021-10-20T10:00:00Z,TLM12,STIC,20210928-20220221,HS,21059656,5338.9,14.134,7.178771569299999,1,poor,NA
AIMS,2021-10-20T10:15:00Z,TLM12,STIC,20210928-20220221,HS,21059656,5338.9,14.134,7.178771569299999,1,poor,NA
AIMS,2021-10-20T10:30:00Z,TLM12,STIC,20210928-20220221,HS,21059656,5338.9,14.038,7.178771569299999,1,poor,NA
AIMS,2021-10-20T10:45:00Z,TLM12,STIC,20210928-20220221,HS,21059656,5338.9,14.038,7.178771569299999,1,poor,NA
AIMS,2021-10-20T11:00:00Z,TLM12,STIC,20210928-20220221,HS,21059656,5166.7,14.038,6.7014819018999985,1,poor,NA
AIMS,2021-10-20T11:15:00Z,TLM12,STIC,20210928-20220221,HS,21059656,5166.7,13.942,6.7014819018999985,1,poor,NA
AIMS,2021-10-20T11:30:00Z,TLM12,STIC,20210928-20220221,HS,21059656,5166.7,13.942,6.7014819018999985,1,poor,NA
AIMS,2021-10-20T11:45:00Z,TLM12,STIC,20210928-20220221,HS,21059656,5166.7,13.942,6.7014819018999985,1,poor,NA
AIMS,2021-10-20T12:00:00Z,TLM12,STIC,20210928-20220221,HS,21059656,4994.5,13.846,6.224192234499999,1,poor,NA
AIMS,2021-10-20T12:15:00Z,TLM12,STIC,20210928-20220221,HS,21059656,4994.5,13.846,6.224192234499999,1,poor,NA
AIMS,2021-10-20T12:30:00Z,TLM12,STIC,20210928-20220221,HS,21059656,4994.5,13.846,6.224192234499999,1,poor,NA
AIMS,2021-10-20T12:45:00Z,TLM12,STIC,20210928-20220221,HS,21059656,4994.5,13.846,6.224192234499999,1,poor,NA
AIMS,2021-10-20T13:00:00Z,TLM12,STIC,20210928-20220221,HS,21059656,4822.3,13.75,5.7469025671,1,poor,NA
AIMS,2021-10-20T13:15:00Z,TLM12,STIC,20210928-20220221,HS,21059656,4822.3,13.75,5.7469025671,1,poor,NA
AIMS,2021-10-20T13:30:00Z,TLM12,STIC,20210928-20220221,HS,21059656,4650,13.846,5.269335727999999,1,poor,NA
AIMS,2021-10-20T13:45:00Z,TLM12,STIC,20210928-20220221,HS,21059656,4650,13.846,5.269335727999999,1,poor,NA
AIMS,2021-10-20T14:00:00Z,TLM12,STIC,20210928-20220221,HS,21059656,4477.8,13.846,4.7920460606,1,poor,NA
AIMS,2021-10-20T14:15:00Z,TLM12,STIC,20210928-20220221,HS,21059656,4477.8,13.942,4.7920460606,1,poor,NA
AIMS,2021-10-20T14:30:00Z,TLM12,STIC,20210928-20220221,HS,21059656,4477.8,14.038,4.7920460606,1,poor,NA
AIMS,2021-10-20T14:45:00Z,TLM12,STIC,20210928-20220221,HS,21059656,4477.8,14.134,4.7920460606,1,poor,NA
AIMS,2021-10-20T15:00:00Z,TLM12,STIC,20210928-20220221,HS,21059656,4477.8,14.23,4.7920460606,1,poor,NA
AIMS,2021-10-20T15:15:00Z,TLM12,STIC,20210928-20220221,HS,21059656,4477.8,14.325,4.7920460606,1,poor,NA
AIMS,2021-10-20T15:30:00Z,TLM12,STIC,20210928-20220221,HS,21059656,4305.6,14.517,4.314756393200001,1,poor,NA
AIMS,2021-10-20T15:45:00Z,TLM12,STIC,20210928-20220221,HS,21059656,4477.8,14.709,4.7920460606,1,poor,NA
AIMS,2021-10-20T16:00:00Z,TLM12,STIC,20210928-20220221,HS,21059656,4477.8,14.804,4.7920460606,1,poor,NA
AIMS,2021-10-20T16:15:00Z,TLM12,STIC,20210928-20220221,HS,21059656,4477.8,14.996,4.7920460606,1,poor,NA
AIMS,2021-10-20T16:30:00Z,TLM12,STIC,20210928-20220221,HS,21059656,4477.8,15.091,4.7920460606,1,poor,NA
AIMS,2021-10-20T16:45:00Z,TLM12,STIC,20210928-20220221,HS,21059656,4477.8,15.282,4.7920460606,1,poor,NA
AIMS,2021-10-20T17:00:00Z,TLM12,STIC,20210928-20220221,HS,21059656,4305.6,15.473,4.314756393200001,1,poor,NA
AIMS,2021-10-20T17:15:00Z,TLM12,STIC,20210928-20220221,HS,21059656,4477.8,15.664,4.7920460606,1,poor,NA
AIMS,2021-10-20T17:30:00Z,TLM12,STIC,20210928-20220221,HS,21059656,4477.8,15.855,4.7920460606,1,poor,NA
AIMS,2021-10-20T17:45:00Z,TLM12,STIC,20210928-20220221,HS,21059656,4477.8,15.951,4.7920460606,1,poor,NA
AIMS,2021-10-20T18:00:00Z,TLM12,STIC,20210928-20220221,HS,21059656,4477.8,16.141,4.7920460606,1,poor,NA
AIMS,2021-10-20T18:15:00Z,TLM12,STIC,20210928-20220221,HS,21059656,4305.6,16.332,4.314756393200001,1,poor,NA
AIMS,2021-10-20T18:30:00Z,TLM12,STIC,20210928-20220221,HS,21059656,4305.6,16.523,4.314756393200001,1,poor,NA
AIMS,2021-10-20T18:45:00Z,TLM12,STIC,20210928-20220221,HS,21059656,4305.6,16.713,4.314756393200001,1,poor,NA
AIMS,2021-10-20T19:00:00Z,TLM12,STIC,20210928-20220221,HS,21059656,4305.6,16.808,4.314756393200001,1,poor,NA
AIMS,2021-10-20T19:15:00Z,TLM12,STIC,20210928-20220221,HS,21059656,4305.6,16.903,4.314756393200001,1,poor,NA
AIMS,2021-10-20T19:30:00Z,TLM12,STIC,20210928-20220221,HS,21059656,4305.6,16.999,4.314756393200001,1,poor,NA
AIMS,2021-10-20T19:45:00Z,TLM12,STIC,20210928-20220221,HS,21059656,4305.6,17.094,4.314756393200001,1,poor,NA
AIMS,2021-10-20T20:00:00Z,TLM12,STIC,20210928-20220221,HS,21059656,4305.6,17.094,4.314756393200001,1,poor,NA
AIMS,2021-10-20T20:15:00Z,TLM12,STIC,20210928-20220221,HS,21059656,4305.6,17.189,4.314756393200001,1,poor,NA
AIMS,2021-10-20T20:30:00Z,TLM12,STIC,20210928-20220221,HS,21059656,4305.6,17.189,4.314756393200001,1,poor,NA
AIMS,2021-10-20T20:45:00Z,TLM12,STIC,20210928-20220221,HS,21059656,4305.6,17.284,4.314756393200001,1,poor,NA
AIMS,2021-10-20T21:00:00Z,TLM12,STIC,20210928-20220221,HS,21059656,4305.6,17.284,4.314756393200001,1,poor,NA
AIMS,2021-10-20T21:15:00Z,TLM12,STIC,20210928-20220221,HS,21059656,4305.6,17.284,4.314756393200001,1,poor,NA
AIMS,2021-10-20T21:30:00Z,TLM12,STIC,20210928-20220221,HS,21059656,4305.6,17.379,4.314756393200001,1,poor,NA
AIMS,2021-10-20T21:45:00Z,TLM12,STIC,20210928-20220221,HS,21059656,4305.6,17.379,4.314756393200001,1,poor,NA
AIMS,2021-10-20T22:00:00Z,TLM12,STIC,20210928-20220221,HS,21059656,4477.8,17.379,4.7920460606,1,poor,NA
AIMS,2021-10-20T22:15:00Z,TLM12,STIC,20210928-20220221,HS,21059656,4305.6,17.379,4.314756393200001,1,poor,NA
AIMS,2021-10-20T22:30:00Z,TLM12,STIC,20210928-20220221,HS,21059656,4477.8,17.284,4.7920460606,1,poor,NA
AIMS,2021-10-20T22:45:00Z,TLM12,STIC,20210928-20220221,HS,21059656,4477.8,17.284,4.7920460606,1,poor,NA
AIMS,2021-10-20T23:00:00Z,TLM12,STIC,20210928-20220221,HS,21059656,4477.8,17.284,4.7920460606,1,poor,NA
AIMS,2021-10-20T23:15:00Z,TLM12,STIC,20210928-20220221,HS,21059656,4477.8,17.189,4.7920460606,1,poor,NA
AIMS,2021-10-20T23:30:00Z,TLM12,STIC,20210928-20220221,HS,21059656,4305.6,17.189,4.314756393200001,1,poor,NA
AIMS,2021-10-20T23:45:00Z,TLM12,STIC,20210928-20220221,HS,21059656,4305.6,17.094,4.314756393200001,1,poor,NA
AIMS,2021-10-21T00:00:00Z,TLM12,STIC,20210928-20220221,HS,21059656,4305.6,17.094,4.314756393200001,1,poor,NA
AIMS,2021-10-21T00:15:00Z,TLM12,STIC,20210928-20220221,HS,21059656,4305.6,16.999,4.314756393200001,1,poor,NA
AIMS,2021-10-21T00:30:00Z,TLM12,STIC,20210928-20220221,HS,21059656,4305.6,16.903,4.314756393200001,1,poor,NA
AIMS,2021-10-21T00:45:00Z,TLM12,STIC,20210928-20220221,HS,21059656,4305.6,16.903,4.314756393200001,1,poor,NA
AIMS,2021-10-21T01:00:00Z,TLM12,STIC,20210928-20220221,HS,21059656,4305.6,16.808,4.314756393200001,1,poor,NA
AIMS,2021-10-21T01:15:00Z,TLM12,STIC,20210928-20220221,HS,21059656,4305.6,16.808,4.314756393200001,1,poor,NA
AIMS,2021-10-21T01:30:00Z,TLM12,STIC,20210928-20220221,HS,21059656,4305.6,16.713,4.314756393200001,1,poor,NA
AIMS,2021-10-21T01:45:00Z,TLM12,STIC,20210928-20220221,HS,21059656,4305.6,16.713,4.314756393200001,1,poor,NA
AIMS,2021-10-21T02:00:00Z,TLM12,STIC,20210928-20220221,HS,21059656,4305.6,16.618,4.314756393200001,1,poor,NA
AIMS,2021-10-21T02:15:00Z,TLM12,STIC,20210928-20220221,HS,21059656,4305.6,16.618,4.314756393200001,1,poor,NA
AIMS,2021-10-21T02:30:00Z,TLM12,STIC,20210928-20220221,HS,21059656,4305.6,16.523,4.314756393200001,1,poor,NA
AIMS,2021-10-21T02:45:00Z,TLM12,STIC,20210928-20220221,HS,21059656,4305.6,16.523,4.314756393200001,1,poor,NA
AIMS,2021-10-21T03:00:00Z,TLM12,STIC,20210928-20220221,HS,21059656,4305.6,16.523,4.314756393200001,1,poor,NA
AIMS,2021-10-21T03:15:00Z,TLM12,STIC,20210928-20220221,HS,21059656,4305.6,16.523,4.314756393200001,1,poor,NA
AIMS,2021-10-21T03:30:00Z,TLM12,STIC,20210928-20220221,HS,21059656,4305.6,16.427,4.314756393200001,1,poor,NA
AIMS,2021-10-21T03:45:00Z,TLM12,STIC,20210928-20220221,HS,21059656,4305.6,16.427,4.314756393200001,1,poor,NA
AIMS,2021-10-21T04:00:00Z,TLM12,STIC,20210928-20220221,HS,21059656,4305.6,16.427,4.314756393200001,1,poor,NA
AIMS,2021-10-21T04:15:00Z,TLM12,STIC,20210928-20220221,HS,21059656,4305.6,16.427,4.314756393200001,1,poor,NA
AIMS,2021-10-21T04:30:00Z,TLM12,STIC,20210928-20220221,HS,21059656,4305.6,16.332,4.314756393200001,1,poor,NA
AIMS,2021-10-21T04:45:00Z,TLM12,STIC,20210928-20220221,HS,21059656,4305.6,16.332,4.314756393200001,1,poor,NA
AIMS,2021-10-21T05:00:00Z,TLM12,STIC,20210928-20220221,HS,21059656,4305.6,16.332,4.314756393200001,1,poor,NA
AIMS,2021-10-21T05:15:00Z,TLM12,STIC,20210928-20220221,HS,21059656,4305.6,16.332,4.314756393200001,1,poor,NA
AIMS,2021-10-21T05:30:00Z,TLM12,STIC,20210928-20220221,HS,21059656,4305.6,16.332,4.314756393200001,1,poor,NA
AIMS,2021-10-21T05:45:00Z,TLM12,STIC,20210928-20220221,HS,21059656,4305.6,16.332,4.314756393200001,1,poor,NA
AIMS,2021-10-21T06:00:00Z,TLM12,STIC,20210928-20220221,HS,21059656,4305.6,16.237,4.314756393200001,1,poor,NA
AIMS,2021-10-21T06:15:00Z,TLM12,STIC,20210928-20220221,HS,21059656,4305.6,16.237,4.314756393200001,1,poor,NA
AIMS,2021-10-21T06:30:00Z,TLM12,STIC,20210928-20220221,HS,21059656,4305.6,16.237,4.314756393200001,1,poor,NA
AIMS,2021-10-21T06:45:00Z,TLM12,STIC,20210928-20220221,HS,21059656,4305.6,16.237,4.314756393200001,1,poor,NA
AIMS,2021-10-21T07:00:00Z,TLM12,STIC,20210928-20220221,HS,21059656,4305.6,16.237,4.314756393200001,1,poor,NA
AIMS,2021-10-21T07:15:00Z,TLM12,STIC,20210928-20220221,HS,21059656,4305.6,16.237,4.314756393200001,1,poor,NA
AIMS,2021-10-21T07:30:00Z,TLM12,STIC,20210928-20220221,HS,21059656,4305.6,16.141,4.314756393200001,1,poor,NA
AIMS,2021-10-21T07:45:00Z,TLM12,STIC,20210928-20220221,HS,21059656,4305.6,16.141,4.314756393200001,1,poor,NA
AIMS,2021-10-21T08:00:00Z,TLM12,STIC,20210928-20220221,HS,21059656,4305.6,16.141,4.314756393200001,1,poor,NA
AIMS,2021-10-21T08:15:00Z,TLM12,STIC,20210928-20220221,HS,21059656,4305.6,16.141,4.314756393200001,1,poor,NA
AIMS,2021-10-21T08:30:00Z,TLM12,STIC,20210928-20220221,HS,21059656,4305.6,16.141,4.314756393200001,1,poor,NA
AIMS,2021-10-21T08:45:00Z,TLM12,STIC,20210928-20220221,HS,21059656,4305.6,16.141,4.314756393200001,1,poor,NA
AIMS,2021-10-21T09:00:00Z,TLM12,STIC,20210928-20220221,HS,21059656,4305.6,16.141,4.314756393200001,1,poor,NA
AIMS,2021-10-21T09:15:00Z,TLM12,STIC,20210928-20220221,HS,21059656,4305.6,16.141,4.314756393200001,1,poor,NA
AIMS,2021-10-21T09:30:00Z,TLM12,STIC,20210928-20220221,HS,21059656,4305.6,16.141,4.314756393200001,1,poor,NA
AIMS,2021-10-21T09:45:00Z,TLM12,STIC,20210928-20220221,HS,21059656,4305.6,16.141,4.314756393200001,1,poor,NA
AIMS,2021-10-21T10:00:00Z,TLM12,STIC,20210928-20220221,HS,21059656,4305.6,16.141,4.314756393200001,1,poor,NA
AIMS,2021-10-21T10:15:00Z,TLM12,STIC,20210928-20220221,HS,21059656,4305.6,16.141,4.314756393200001,1,poor,NA
AIMS,2021-10-21T10:30:00Z,TLM12,STIC,20210928-20220221,HS,21059656,4133.4,16.141,3.837466725799998,1,poor,NA
AIMS,2021-10-21T10:45:00Z,TLM12,STIC,20210928-20220221,HS,21059656,4133.4,16.141,3.837466725799998,1,poor,NA
AIMS,2021-10-21T11:00:00Z,TLM12,STIC,20210928-20220221,HS,21059656,4133.4,16.141,3.837466725799998,1,poor,NA
AIMS,2021-10-21T11:15:00Z,TLM12,STIC,20210928-20220221,HS,21059656,4133.4,16.141,3.837466725799998,1,poor,NA
AIMS,2021-10-21T11:30:00Z,TLM12,STIC,20210928-20220221,HS,21059656,4133.4,16.141,3.837466725799998,1,poor,NA
AIMS,2021-10-21T11:45:00Z,TLM12,STIC,20210928-20220221,HS,21059656,4133.4,16.141,3.837466725799998,1,poor,NA
AIMS,2021-10-21T12:00:00Z,TLM12,STIC,20210928-20220221,HS,21059656,4133.4,16.141,3.837466725799998,1,poor,NA
AIMS,2021-10-21T12:15:00Z,TLM12,STIC,20210928-20220221,HS,21059656,4133.4,16.237,3.837466725799998,1,poor,NA
AIMS,2021-10-21T12:30:00Z,TLM12,STIC,20210928-20220221,HS,21059656,4133.4,16.237,3.837466725799998,1,poor,NA
AIMS,2021-10-21T12:45:00Z,TLM12,STIC,20210928-20220221,HS,21059656,4133.4,16.237,3.837466725799998,1,poor,NA
AIMS,2021-10-21T13:00:00Z,TLM12,STIC,20210928-20220221,HS,21059656,4133.4,16.237,3.837466725799998,1,poor,NA
AIMS,2021-10-21T13:15:00Z,TLM12,STIC,20210928-20220221,HS,21059656,4133.4,16.237,3.837466725799998,1,poor,NA
AIMS,2021-10-21T13:30:00Z,TLM12,STIC,20210928-20220221,HS,21059656,4133.4,16.237,3.837466725799998,1,poor,NA
AIMS,2021-10-21T13:45:00Z,TLM12,STIC,20210928-20220221,HS,21059656,4133.4,16.237,3.837466725799998,1,poor,NA
AIMS,2021-10-21T14:00:00Z,TLM12,STIC,20210928-20220221,HS,21059656,4133.4,16.332,3.837466725799998,1,poor,NA
AIMS,2021-10-21T14:15:00Z,TLM12,STIC,20210928-20220221,HS,21059656,4133.4,16.332,3.837466725799998,1,poor,NA
AIMS,2021-10-21T14:30:00Z,TLM12,STIC,20210928-20220221,HS,21059656,4133.4,16.332,3.837466725799998,1,poor,NA
AIMS,2021-10-21T14:45:00Z,TLM12,STIC,20210928-20220221,HS,21059656,4133.4,16.427,3.837466725799998,1,poor,NA
AIMS,2021-10-21T15:00:00Z,TLM12,STIC,20210928-20220221,HS,21059656,4133.4,16.427,3.837466725799998,1,poor,NA
AIMS,2021-10-21T15:15:00Z,TLM12,STIC,20210928-20220221,HS,21059656,4133.4,16.523,3.837466725799998,1,poor,NA
AIMS,2021-10-21T15:30:00Z,TLM12,STIC,20210928-20220221,HS,21059656,4133.4,16.618,3.837466725799998,1,poor,NA
AIMS,2021-10-21T15:45:00Z,TLM12,STIC,20210928-20220221,HS,21059656,4133.4,16.618,3.837466725799998,1,poor,NA
AIMS,2021-10-21T16:00:00Z,TLM12,STIC,20210928-20220221,HS,21059656,4133.4,16.713,3.837466725799998,1,poor,NA
AIMS,2021-10-21T16:15:00Z,TLM12,STIC,20210928-20220221,HS,21059656,3961.1,16.713,3.3598998867,1,poor,NA
AIMS,2021-10-21T16:30:00Z,TLM12,STIC,20210928-20220221,HS,21059656,3961.1,16.808,3.3598998867,1,poor,NA
AIMS,2021-10-21T16:45:00Z,TLM12,STIC,20210928-20220221,HS,21059656,3961.1,16.903,3.3598998867,1,poor,NA
AIMS,2021-10-21T17:00:00Z,TLM12,STIC,20210928-20220221,HS,21059656,3961.1,16.903,3.3598998867,1,poor,NA
AIMS,2021-10-21T17:15:00Z,TLM12,STIC,20210928-20220221,HS,21059656,3961.1,16.999,3.3598998867,1,poor,NA
AIMS,2021-10-21T17:30:00Z,TLM12,STIC,20210928-20220221,HS,21059656,3961.1,16.999,3.3598998867,1,poor,NA
AIMS,2021-10-21T17:45:00Z,TLM12,STIC,20210928-20220221,HS,21059656,3961.1,17.094,3.3598998867,1,poor,NA
AIMS,2021-10-21T18:00:00Z,TLM12,STIC,20210928-20220221,HS,21059656,3961.1,17.189,3.3598998867,1,poor,NA
AIMS,2021-10-21T18:15:00Z,TLM12,STIC,20210928-20220221,HS,21059656,3961.1,17.189,3.3598998867,1,poor,NA
AIMS,2021-10-21T18:30:00Z,TLM12,STIC,20210928-20220221,HS,21059656,3961.1,17.284,3.3598998867,1,poor,NA
AIMS,2021-10-21T18:45:00Z,TLM12,STIC,20210928-20220221,HS,21059656,3961.1,17.379,3.3598998867,1,poor,NA
AIMS,2021-10-21T19:00:00Z,TLM12,STIC,20210928-20220221,HS,21059656,3961.1,17.379,3.3598998867,1,poor,NA
AIMS,2021-10-21T19:15:00Z,TLM12,STIC,20210928-20220221,HS,21059656,3961.1,17.475,3.3598998867,1,poor,NA
AIMS,2021-10-21T19:30:00Z,TLM12,STIC,20210928-20220221,HS,21059656,3961.1,17.475,3.3598998867,1,poor,NA
AIMS,2021-10-21T19:45:00Z,TLM12,STIC,20210928-20220221,HS,21059656,3961.1,17.57,3.3598998867,1,poor,NA
AIMS,2021-10-21T20:00:00Z,TLM12,STIC,20210928-20220221,HS,21059656,3961.1,17.665,3.3598998867,1,poor,NA
AIMS,2021-10-21T20:15:00Z,TLM12,STIC,20210928-20220221,HS,21059656,3961.1,17.665,3.3598998867,1,poor,NA
AIMS,2021-10-21T20:30:00Z,TLM12,STIC,20210928-20220221,HS,21059656,3961.1,17.76,3.3598998867,1,poor,NA
AIMS,2021-10-21T20:45:00Z,TLM12,STIC,20210928-20220221,HS,21059656,3961.1,17.76,3.3598998867,1,poor,NA
AIMS,2021-10-21T21:00:00Z,TLM12,STIC,20210928-20220221,HS,21059656,3961.1,17.855,3.3598998867,1,poor,NA
AIMS,2021-10-21T21:15:00Z,TLM12,STIC,20210928-20220221,HS,21059656,3961.1,17.855,3.3598998867,1,poor,NA
AIMS,2021-10-21T21:30:00Z,TLM12,STIC,20210928-20220221,HS,21059656,3961.1,17.855,3.3598998867,1,poor,NA
AIMS,2021-10-21T21:45:00Z,TLM12,STIC,20210928-20220221,HS,21059656,3961.1,17.95,3.3598998867,1,poor,NA
AIMS,2021-10-21T22:00:00Z,TLM12,STIC,20210928-20220221,HS,21059656,3961.1,17.95,3.3598998867,1,poor,NA
AIMS,2021-10-21T22:15:00Z,TLM12,STIC,20210928-20220221,HS,21059656,3961.1,17.95,3.3598998867,1,poor,NA
AIMS,2021-10-21T22:30:00Z,TLM12,STIC,20210928-20220221,HS,21059656,3961.1,17.95,3.3598998867,1,poor,NA
AIMS,2021-10-21T22:45:00Z,TLM12,STIC,20210928-20220221,HS,21059656,3961.1,17.95,3.3598998867,1,poor,NA
AIMS,2021-10-21T23:00:00Z,TLM12,STIC,20210928-20220221,HS,21059656,3961.1,17.855,3.3598998867,1,poor,NA
AIMS,2021-10-21T23:15:00Z,TLM12,STIC,20210928-20220221,HS,21059656,3961.1,17.855,3.3598998867,1,poor,NA
AIMS,2021-10-21T23:30:00Z,TLM12,STIC,20210928-20220221,HS,21059656,3961.1,17.855,3.3598998867,1,poor,NA
AIMS,2021-10-21T23:45:00Z,TLM12,STIC,20210928-20220221,HS,21059656,3961.1,17.855,3.3598998867,1,poor,NA
AIMS,2021-10-22T00:00:00Z,TLM12,STIC,20210928-20220221,HS,21059656,3961.1,17.76,3.3598998867,1,poor,NA
AIMS,2021-10-22T00:15:00Z,TLM12,STIC,20210928-20220221,HS,21059656,3961.1,17.76,3.3598998867,1,poor,NA
AIMS,2021-10-22T00:30:00Z,TLM12,STIC,20210928-20220221,HS,21059656,3961.1,17.665,3.3598998867,1,poor,NA
AIMS,2021-10-22T00:45:00Z,TLM12,STIC,20210928-20220221,HS,21059656,3961.1,17.665,3.3598998867,1,poor,NA
AIMS,2021-10-22T01:00:00Z,TLM12,STIC,20210928-20220221,HS,21059656,3961.1,17.665,3.3598998867,1,poor,NA
AIMS,2021-10-22T01:15:00Z,TLM12,STIC,20210928-20220221,HS,21059656,3961.1,17.57,3.3598998867,1,poor,NA
AIMS,2021-10-22T01:30:00Z,TLM12,STIC,20210928-20220221,HS,21059656,3961.1,17.57,3.3598998867,1,poor,NA
AIMS,2021-10-22T01:45:00Z,TLM12,STIC,20210928-20220221,HS,21059656,3961.1,17.57,3.3598998867,1,poor,NA
AIMS,2021-10-22T02:00:00Z,TLM12,STIC,20210928-20220221,HS,21059656,3961.1,17.57,3.3598998867,1,poor,NA
AIMS,2021-10-22T02:15:00Z,TLM12,STIC,20210928-20220221,HS,21059656,3961.1,17.475,3.3598998867,1,poor,NA
AIMS,2021-10-22T02:30:00Z,TLM12,STIC,20210928-20220221,HS,21059656,3961.1,17.475,3.3598998867,1,poor,NA
AIMS,2021-10-22T02:45:00Z,TLM12,STIC,20210928-20220221,HS,21059656,3961.1,17.475,3.3598998867,1,poor,NA
AIMS,2021-10-22T03:00:00Z,TLM12,STIC,20210928-20220221,HS,21059656,3961.1,17.57,3.3598998867,1,poor,NA
AIMS,2021-10-22T03:15:00Z,TLM12,STIC,20210928-20220221,HS,21059656,3961.1,17.57,3.3598998867,1,poor,NA
AIMS,2021-10-22T03:30:00Z,TLM12,STIC,20210928-20220221,HS,21059656,3961.1,17.57,3.3598998867,1,poor,NA
AIMS,2021-10-22T03:45:00Z,TLM12,STIC,20210928-20220221,HS,21059656,3961.1,17.57,3.3598998867,1,poor,NA
AIMS,2021-10-22T04:00:00Z,TLM12,STIC,20210928-20220221,HS,21059656,3961.1,17.57,3.3598998867,1,poor,NA
AIMS,2021-10-22T04:15:00Z,TLM12,STIC,20210928-20220221,HS,21059656,3961.1,17.57,3.3598998867,1,poor,NA
AIMS,2021-10-22T04:30:00Z,TLM12,STIC,20210928-20220221,HS,21059656,3961.1,17.57,3.3598998867,1,poor,NA
AIMS,2021-10-22T04:45:00Z,TLM12,STIC,20210928-20220221,HS,21059656,3961.1,17.475,3.3598998867,1,poor,NA
AIMS,2021-10-22T05:00:00Z,TLM12,STIC,20210928-20220221,HS,21059656,3961.1,17.475,3.3598998867,1,poor,NA
AIMS,2021-10-22T05:15:00Z,TLM12,STIC,20210928-20220221,HS,21059656,3961.1,17.475,3.3598998867,1,poor,NA
AIMS,2021-10-22T05:30:00Z,TLM12,STIC,20210928-20220221,HS,21059656,3961.1,17.475,3.3598998867,1,poor,NA
AIMS,2021-10-22T05:45:00Z,TLM12,STIC,20210928-20220221,HS,21059656,3961.1,17.475,3.3598998867,1,poor,NA
AIMS,2021-10-22T06:00:00Z,TLM12,STIC,20210928-20220221,HS,21059656,3961.1,17.475,3.3598998867,1,poor,NA
AIMS,2021-10-22T06:15:00Z,TLM12,STIC,20210928-20220221,HS,21059656,3961.1,17.475,3.3598998867,1,poor,NA
AIMS,2021-10-22T06:30:00Z,TLM12,STIC,20210928-20220221,HS,21059656,3961.1,17.475,3.3598998867,1,poor,NA
AIMS,2021-10-22T06:45:00Z,TLM12,STIC,20210928-20220221,HS,21059656,4133.4,17.379,3.837466725799998,1,poor,NA
AIMS,2021-10-22T07:00:00Z,TLM12,STIC,20210928-20220221,HS,21059656,4133.4,17.379,3.837466725799998,1,poor,NA
AIMS,2021-10-22T07:15:00Z,TLM12,STIC,20210928-20220221,HS,21059656,4133.4,17.379,3.837466725799998,1,poor,NA
AIMS,2021-10-22T07:30:00Z,TLM12,STIC,20210928-20220221,HS,21059656,4133.4,17.284,3.837466725799998,1,poor,NA
AIMS,2021-10-22T07:45:00Z,TLM12,STIC,20210928-20220221,HS,21059656,4133.4,17.284,3.837466725799998,1,poor,NA
AIMS,2021-10-22T08:00:00Z,TLM12,STIC,20210928-20220221,HS,21059656,4305.6,17.189,4.314756393200001,1,poor,NA
AIMS,2021-10-22T08:15:00Z,TLM12,STIC,20210928-20220221,HS,21059656,4305.6,17.094,4.314756393200001,1,poor,NA
AIMS,2021-10-22T08:30:00Z,TLM12,STIC,20210928-20220221,HS,21059656,4477.8,17.094,4.7920460606,1,poor,NA
AIMS,2021-10-22T08:45:00Z,TLM12,STIC,20210928-20220221,HS,21059656,4305.6,16.999,4.314756393200001,1,poor,NA
AIMS,2021-10-22T09:00:00Z,TLM12,STIC,20210928-20220221,HS,21059656,4305.6,16.999,4.314756393200001,1,poor,NA
AIMS,2021-10-22T09:15:00Z,TLM12,STIC,20210928-20220221,HS,21059656,4305.6,16.903,4.314756393200001,1,poor,NA
AIMS,2021-10-22T09:30:00Z,TLM12,STIC,20210928-20220221,HS,21059656,4133.4,16.808,3.837466725799998,1,poor,NA
AIMS,2021-10-22T09:45:00Z,TLM12,STIC,20210928-20220221,HS,21059656,4133.4,16.808,3.837466725799998,1,poor,NA
AIMS,2021-10-22T10:00:00Z,TLM12,STIC,20210928-20220221,HS,21059656,4133.4,16.713,3.837466725799998,1,poor,NA
AIMS,2021-10-22T10:15:00Z,TLM12,STIC,20210928-20220221,HS,21059656,4133.4,16.618,3.837466725799998,1,poor,NA
AIMS,2021-10-22T10:30:00Z,TLM12,STIC,20210928-20220221,HS,21059656,4133.4,16.618,3.837466725799998,1,poor,NA
AIMS,2021-10-22T10:45:00Z,TLM12,STIC,20210928-20220221,HS,21059656,4133.4,16.523,3.837466725799998,1,poor,NA
AIMS,2021-10-22T11:00:00Z,TLM12,STIC,20210928-20220221,HS,21059656,4133.4,16.427,3.837466725799998,1,poor,NA
AIMS,2021-10-22T11:15:00Z,TLM12,STIC,20210928-20220221,HS,21059656,4133.4,16.332,3.837466725799998,1,poor,NA
AIMS,2021-10-22T11:30:00Z,TLM12,STIC,20210928-20220221,HS,21059656,4305.6,16.332,4.314756393200001,1,poor,NA
AIMS,2021-10-22T11:45:00Z,TLM12,STIC,20210928-20220221,HS,21059656,4305.6,16.237,4.314756393200001,1,poor,NA
AIMS,2021-10-22T12:00:00Z,TLM12,STIC,20210928-20220221,HS,21059656,4305.6,16.237,4.314756393200001,1,poor,NA
AIMS,2021-10-22T12:15:00Z,TLM12,STIC,20210928-20220221,HS,21059656,4305.6,16.141,4.314756393200001,1,poor,NA
AIMS,2021-10-22T12:30:00Z,TLM12,STIC,20210928-20220221,HS,21059656,4305.6,16.141,4.314756393200001,1,poor,NA
AIMS,2021-10-22T12:45:00Z,TLM12,STIC,20210928-20220221,HS,21059656,4305.6,16.046,4.314756393200001,1,poor,NA
AIMS,2021-10-22T13:00:00Z,TLM12,STIC,20210928-20220221,HS,21059656,4477.8,16.046,4.7920460606,1,poor,NA
AIMS,2021-10-22T13:15:00Z,TLM12,STIC,20210928-20220221,HS,21059656,4477.8,15.951,4.7920460606,1,poor,NA
AIMS,2021-10-22T13:30:00Z,TLM12,STIC,20210928-20220221,HS,21059656,4477.8,15.951,4.7920460606,1,poor,NA
AIMS,2021-10-22T13:45:00Z,TLM12,STIC,20210928-20220221,HS,21059656,4477.8,15.951,4.7920460606,1,poor,NA
AIMS,2021-10-22T14:00:00Z,TLM12,STIC,20210928-20220221,HS,21059656,4477.8,15.951,4.7920460606,1,poor,NA
AIMS,2021-10-22T14:15:00Z,TLM12,STIC,20210928-20220221,HS,21059656,4477.8,16.046,4.7920460606,1,poor,NA
AIMS,2021-10-22T14:30:00Z,TLM12,STIC,20210928-20220221,HS,21059656,4650,16.046,5.269335727999999,1,poor,NA
AIMS,2021-10-22T14:45:00Z,TLM12,STIC,20210928-20220221,HS,21059656,4650,16.141,5.269335727999999,1,poor,NA
AIMS,2021-10-22T15:00:00Z,TLM12,STIC,20210928-20220221,HS,21059656,4650,16.141,5.269335727999999,1,poor,NA
AIMS,2021-10-22T15:15:00Z,TLM12,STIC,20210928-20220221,HS,21059656,4650,16.237,5.269335727999999,1,poor,NA
AIMS,2021-10-22T15:30:00Z,TLM12,STIC,20210928-20220221,HS,21059656,4650,16.237,5.269335727999999,1,poor,NA
AIMS,2021-10-22T15:45:00Z,TLM12,STIC,20210928-20220221,HS,21059656,4650,16.332,5.269335727999999,1,poor,NA
AIMS,2021-10-22T16:00:00Z,TLM12,STIC,20210928-20220221,HS,21059656,4650,16.427,5.269335727999999,1,poor,NA
AIMS,2021-10-22T16:15:00Z,TLM12,STIC,20210928-20220221,HS,21059656,4650,16.523,5.269335727999999,1,poor,NA
AIMS,2021-10-22T16:30:00Z,TLM12,STIC,20210928-20220221,HS,21059656,4650,16.523,5.269335727999999,1,poor,NA
AIMS,2021-10-22T16:45:00Z,TLM12,STIC,20210928-20220221,HS,21059656,4650,16.618,5.269335727999999,1,poor,NA
AIMS,2021-10-22T17:00:00Z,TLM12,STIC,20210928-20220221,HS,21059656,4650,16.713,5.269335727999999,1,poor,NA
AIMS,2021-10-22T17:15:00Z,TLM12,STIC,20210928-20220221,HS,21059656,4650,16.903,5.269335727999999,1,poor,NA
AIMS,2021-10-22T17:30:00Z,TLM12,STIC,20210928-20220221,HS,21059656,4650,16.999,5.269335727999999,1,poor,NA
AIMS,2021-10-22T17:45:00Z,TLM12,STIC,20210928-20220221,HS,21059656,4650,17.094,5.269335727999999,1,poor,NA
AIMS,2021-10-22T18:00:00Z,TLM12,STIC,20210928-20220221,HS,21059656,4650,17.189,5.269335727999999,1,poor,NA
AIMS,2021-10-22T18:15:00Z,TLM12,STIC,20210928-20220221,HS,21059656,4650,17.284,5.269335727999999,1,poor,NA
AIMS,2021-10-22T18:30:00Z,TLM12,STIC,20210928-20220221,HS,21059656,4650,17.379,5.269335727999999,1,poor,NA
AIMS,2021-10-22T18:45:00Z,TLM12,STIC,20210928-20220221,HS,21059656,4650,17.475,5.269335727999999,1,poor,NA
AIMS,2021-10-22T19:00:00Z,TLM12,STIC,20210928-20220221,HS,21059656,4650,17.57,5.269335727999999,1,poor,NA
AIMS,2021-10-22T19:15:00Z,TLM12,STIC,20210928-20220221,HS,21059656,4650,17.665,5.269335727999999,1,poor,NA
AIMS,2021-10-22T19:30:00Z,TLM12,STIC,20210928-20220221,HS,21059656,4650,17.57,5.269335727999999,1,poor,NA
AIMS,2021-10-22T19:45:00Z,TLM12,STIC,20210928-20220221,HS,21059656,4650,17.57,5.269335727999999,1,poor,NA
AIMS,2021-10-22T20:00:00Z,TLM12,STIC,20210928-20220221,HS,21059656,4650,17.665,5.269335727999999,1,poor,NA
AIMS,2021-10-22T20:15:00Z,TLM12,STIC,20210928-20220221,HS,21059656,4650,17.665,5.269335727999999,1,poor,NA
AIMS,2021-10-22T20:30:00Z,TLM12,STIC,20210928-20220221,HS,21059656,4650,17.665,5.269335727999999,1,poor,NA
AIMS,2021-10-22T20:45:00Z,TLM12,STIC,20210928-20220221,HS,21059656,4650,17.665,5.269335727999999,1,poor,NA
AIMS,2021-10-22T21:00:00Z,TLM12,STIC,20210928-20220221,HS,21059656,4650,17.665,5.269335727999999,1,poor,NA
AIMS,2021-10-22T21:15:00Z,TLM12,STIC,20210928-20220221,HS,21059656,4650,17.665,5.269335727999999,1,poor,NA
AIMS,2021-10-22T21:30:00Z,TLM12,STIC,20210928-20220221,HS,21059656,4650,17.665,5.269335727999999,1,poor,NA
AIMS,2021-10-22T21:45:00Z,TLM12,STIC,20210928-20220221,HS,21059656,4822.3,17.665,5.7469025671,1,poor,NA
AIMS,2021-10-22T22:00:00Z,TLM12,STIC,20210928-20220221,HS,21059656,4822.3,17.665,5.7469025671,1,poor,NA
AIMS,2021-10-22T22:15:00Z,TLM12,STIC,20210928-20220221,HS,21059656,4650,17.57,5.269335727999999,1,poor,NA
AIMS,2021-10-22T22:30:00Z,TLM12,STIC,20210928-20220221,HS,21059656,4650,17.57,5.269335727999999,1,poor,NA
AIMS,2021-10-22T22:45:00Z,TLM12,STIC,20210928-20220221,HS,21059656,4477.8,17.475,4.7920460606,1,poor,NA
AIMS,2021-10-22T23:00:00Z,TLM12,STIC,20210928-20220221,HS,21059656,4305.6,17.475,4.314756393200001,1,poor,NA
AIMS,2021-10-22T23:15:00Z,TLM12,STIC,20210928-20220221,HS,21059656,4305.6,17.379,4.314756393200001,1,poor,NA
AIMS,2021-10-22T23:30:00Z,TLM12,STIC,20210928-20220221,HS,21059656,4133.4,17.284,3.837466725799998,1,poor,NA
AIMS,2021-10-22T23:45:00Z,TLM12,STIC,20210928-20220221,HS,21059656,4133.4,17.189,3.837466725799998,1,poor,NA
AIMS,2021-10-23T00:00:00Z,TLM12,STIC,20210928-20220221,HS,21059656,4133.4,17.094,3.837466725799998,1,poor,NA
AIMS,2021-10-23T00:15:00Z,TLM12,STIC,20210928-20220221,HS,21059656,4133.4,17.094,3.837466725799998,1,poor,NA
AIMS,2021-10-23T00:30:00Z,TLM12,STIC,20210928-20220221,HS,21059656,4133.4,16.999,3.837466725799998,1,poor,NA
AIMS,2021-10-23T00:45:00Z,TLM12,STIC,20210928-20220221,HS,21059656,4133.4,16.903,3.837466725799998,1,poor,NA
AIMS,2021-10-23T01:00:00Z,TLM12,STIC,20210928-20220221,HS,21059656,4133.4,16.808,3.837466725799998,1,poor,NA
AIMS,2021-10-23T01:15:00Z,TLM12,STIC,20210928-20220221,HS,21059656,4133.4,16.808,3.837466725799998,1,poor,NA
AIMS,2021-10-23T01:30:00Z,TLM12,STIC,20210928-20220221,HS,21059656,4133.4,16.713,3.837466725799998,1,poor,NA
AIMS,2021-10-23T01:45:00Z,TLM12,STIC,20210928-20220221,HS,21059656,4133.4,16.618,3.837466725799998,1,poor,NA
AIMS,2021-10-23T02:00:00Z,TLM12,STIC,20210928-20220221,HS,21059656,4133.4,16.523,3.837466725799998,1,poor,NA
AIMS,2021-10-23T02:15:00Z,TLM12,STIC,20210928-20220221,HS,21059656,4133.4,16.523,3.837466725799998,1,poor,NA
AIMS,2021-10-23T02:30:00Z,TLM12,STIC,20210928-20220221,HS,21059656,4133.4,16.427,3.837466725799998,1,poor,NA
AIMS,2021-10-23T02:45:00Z,TLM12,STIC,20210928-20220221,HS,21059656,3961.1,16.332,3.3598998867,1,poor,NA
AIMS,2021-10-23T03:00:00Z,TLM12,STIC,20210928-20220221,HS,21059656,3961.1,16.237,3.3598998867,1,poor,NA
AIMS,2021-10-23T03:15:00Z,TLM12,STIC,20210928-20220221,HS,21059656,3961.1,16.237,3.3598998867,1,poor,NA
AIMS,2021-10-23T03:30:00Z,TLM12,STIC,20210928-20220221,HS,21059656,3961.1,16.141,3.3598998867,1,poor,NA
AIMS,2021-10-23T03:45:00Z,TLM12,STIC,20210928-20220221,HS,21059656,4133.4,16.046,3.837466725799998,1,poor,NA
AIMS,2021-10-23T04:00:00Z,TLM12,STIC,20210928-20220221,HS,21059656,4133.4,15.951,3.837466725799998,1,poor,NA
AIMS,2021-10-23T04:15:00Z,TLM12,STIC,20210928-20220221,HS,21059656,4133.4,15.855,3.837466725799998,1,poor,NA
AIMS,2021-10-23T04:30:00Z,TLM12,STIC,20210928-20220221,HS,21059656,3961.1,15.855,3.3598998867,1,poor,NA
AIMS,2021-10-23T04:45:00Z,TLM12,STIC,20210928-20220221,HS,21059656,3961.1,15.76,3.3598998867,1,poor,NA
AIMS,2021-10-23T05:00:00Z,TLM12,STIC,20210928-20220221,HS,21059656,3961.1,15.664,3.3598998867,1,poor,NA
AIMS,2021-10-23T05:15:00Z,TLM12,STIC,20210928-20220221,HS,21059656,3961.1,15.569,3.3598998867,1,poor,NA
AIMS,2021-10-23T05:30:00Z,TLM12,STIC,20210928-20220221,HS,21059656,3961.1,15.569,3.3598998867,1,poor,NA
AIMS,2021-10-23T05:45:00Z,TLM12,STIC,20210928-20220221,HS,21059656,3961.1,15.473,3.3598998867,1,poor,NA
AIMS,2021-10-23T06:00:00Z,TLM12,STIC,20210928-20220221,HS,21059656,3961.1,15.378,3.3598998867,1,poor,NA
AIMS,2021-10-23T06:15:00Z,TLM12,STIC,20210928-20220221,HS,21059656,3961.1,15.282,3.3598998867,1,poor,NA
AIMS,2021-10-23T06:30:00Z,TLM12,STIC,20210928-20220221,HS,21059656,3961.1,15.282,3.3598998867,1,poor,NA
AIMS,2021-10-23T06:45:00Z,TLM12,STIC,20210928-20220221,HS,21059656,3961.1,15.187,3.3598998867,1,poor,NA
AIMS,2021-10-23T07:00:00Z,TLM12,STIC,20210928-20220221,HS,21059656,3961.1,15.091,3.3598998867,1,poor,NA
AIMS,2021-10-23T07:15:00Z,TLM12,STIC,20210928-20220221,HS,21059656,3961.1,15.091,3.3598998867,1,poor,NA
AIMS,2021-10-23T07:30:00Z,TLM12,STIC,20210928-20220221,HS,21059656,3961.1,14.996,3.3598998867,1,poor,NA
AIMS,2021-10-23T07:45:00Z,TLM12,STIC,20210928-20220221,HS,21059656,3961.1,14.9,3.3598998867,1,poor,NA
AIMS,2021-10-23T08:00:00Z,TLM12,STIC,20210928-20220221,HS,21059656,3961.1,14.9,3.3598998867,1,poor,NA
AIMS,2021-10-23T08:15:00Z,TLM12,STIC,20210928-20220221,HS,21059656,3961.1,14.804,3.3598998867,1,poor,NA
AIMS,2021-10-23T08:30:00Z,TLM12,STIC,20210928-20220221,HS,21059656,3961.1,14.709,3.3598998867,1,poor,NA
AIMS,2021-10-23T08:45:00Z,TLM12,STIC,20210928-20220221,HS,21059656,3961.1,14.709,3.3598998867,1,poor,NA
AIMS,2021-10-23T09:00:00Z,TLM12,STIC,20210928-20220221,HS,21059656,3961.1,14.613,3.3598998867,1,poor,NA
AIMS,2021-10-23T09:15:00Z,TLM12,STIC,20210928-20220221,HS,21059656,3961.1,14.613,3.3598998867,1,poor,NA
AIMS,2021-10-23T09:30:00Z,TLM12,STIC,20210928-20220221,HS,21059656,3961.1,14.517,3.3598998867,1,poor,NA
AIMS,2021-10-23T09:45:00Z,TLM12,STIC,20210928-20220221,HS,21059656,3961.1,14.421,3.3598998867,1,poor,NA
AIMS,2021-10-23T10:00:00Z,TLM12,STIC,20210928-20220221,HS,21059656,3961.1,14.325,3.3598998867,1,poor,NA
AIMS,2021-10-23T10:15:00Z,TLM12,STIC,20210928-20220221,HS,21059656,3961.1,14.325,3.3598998867,1,poor,NA
AIMS,2021-10-23T10:30:00Z,TLM12,STIC,20210928-20220221,HS,21059656,3961.1,14.23,3.3598998867,1,poor,NA
AIMS,2021-10-23T10:45:00Z,TLM12,STIC,20210928-20220221,HS,21059656,3788.9,14.23,2.882610219299999,1,poor,NA
AIMS,2021-10-23T11:00:00Z,TLM12,STIC,20210928-20220221,HS,21059656,3788.9,14.134,2.882610219299999,1,poor,NA
AIMS,2021-10-23T11:15:00Z,TLM12,STIC,20210928-20220221,HS,21059656,3788.9,14.134,2.882610219299999,1,poor,NA
AIMS,2021-10-23T11:30:00Z,TLM12,STIC,20210928-20220221,HS,21059656,3788.9,14.038,2.882610219299999,1,poor,NA
AIMS,2021-10-23T11:45:00Z,TLM12,STIC,20210928-20220221,HS,21059656,3788.9,14.038,2.882610219299999,1,poor,NA
AIMS,2021-10-23T12:00:00Z,TLM12,STIC,20210928-20220221,HS,21059656,3788.9,13.942,2.882610219299999,1,poor,NA
AIMS,2021-10-23T12:15:00Z,TLM12,STIC,20210928-20220221,HS,21059656,3788.9,13.846,2.882610219299999,1,poor,NA
AIMS,2021-10-23T12:30:00Z,TLM12,STIC,20210928-20220221,HS,21059656,3616.7,13.846,2.4053205519,1,poor,NA
AIMS,2021-10-23T12:45:00Z,TLM12,STIC,20210928-20220221,HS,21059656,3616.7,13.75,2.4053205519,1,poor,NA
AIMS,2021-10-23T13:00:00Z,TLM12,STIC,20210928-20220221,HS,21059656,3616.7,13.75,2.4053205519,1,poor,NA
AIMS,2021-10-23T13:15:00Z,TLM12,STIC,20210928-20220221,HS,21059656,3616.7,13.75,2.4053205519,1,poor,NA
AIMS,2021-10-23T13:30:00Z,TLM12,STIC,20210928-20220221,HS,21059656,3616.7,13.75,2.4053205519,1,poor,NA
AIMS,2021-10-23T13:45:00Z,TLM12,STIC,20210928-20220221,HS,21059656,3616.7,13.75,2.4053205519,1,poor,NA
AIMS,2021-10-23T14:00:00Z,TLM12,STIC,20210928-20220221,HS,21059656,3616.7,13.75,2.4053205519,1,poor,NA
AIMS,2021-10-23T14:15:00Z,TLM12,STIC,20210928-20220221,HS,21059656,3616.7,13.75,2.4053205519,1,poor,NA
AIMS,2021-10-23T14:30:00Z,TLM12,STIC,20210928-20220221,HS,21059656,3616.7,13.846,2.4053205519,1,poor,NA
AIMS,2021-10-23T14:45:00Z,TLM12,STIC,20210928-20220221,HS,21059656,3616.7,13.942,2.4053205519,1,poor,NA
AIMS,2021-10-23T15:00:00Z,TLM12,STIC,20210928-20220221,HS,21059656,3616.7,14.038,2.4053205519,1,poor,NA
AIMS,2021-10-23T15:15:00Z,TLM12,STIC,20210928-20220221,HS,21059656,3616.7,14.23,2.4053205519,1,poor,NA
AIMS,2021-10-23T15:30:00Z,TLM12,STIC,20210928-20220221,HS,21059656,3616.7,14.325,2.4053205519,1,poor,NA
AIMS,2021-10-23T15:45:00Z,TLM12,STIC,20210928-20220221,HS,21059656,3616.7,14.421,2.4053205519,1,poor,NA
AIMS,2021-10-23T16:00:00Z,TLM12,STIC,20210928-20220221,HS,21059656,3616.7,14.517,2.4053205519,1,poor,NA
AIMS,2021-10-23T16:15:00Z,TLM12,STIC,20210928-20220221,HS,21059656,3788.9,14.709,2.882610219299999,1,poor,NA
AIMS,2021-10-23T16:30:00Z,TLM12,STIC,20210928-20220221,HS,21059656,3788.9,14.804,2.882610219299999,1,poor,NA
AIMS,2021-10-23T16:45:00Z,TLM12,STIC,20210928-20220221,HS,21059656,3788.9,14.996,2.882610219299999,1,poor,NA
AIMS,2021-10-23T17:00:00Z,TLM12,STIC,20210928-20220221,HS,21059656,3788.9,15.091,2.882610219299999,1,poor,NA
AIMS,2021-10-23T17:15:00Z,TLM12,STIC,20210928-20220221,HS,21059656,3788.9,15.282,2.882610219299999,1,poor,NA
AIMS,2021-10-23T17:30:00Z,TLM12,STIC,20210928-20220221,HS,21059656,3788.9,15.473,2.882610219299999,1,poor,NA
AIMS,2021-10-23T17:45:00Z,TLM12,STIC,20210928-20220221,HS,21059656,3788.9,15.664,2.882610219299999,1,poor,NA
AIMS,2021-10-23T18:00:00Z,TLM12,STIC,20210928-20220221,HS,21059656,3788.9,15.76,2.882610219299999,1,poor,NA
AIMS,2021-10-23T18:15:00Z,TLM12,STIC,20210928-20220221,HS,21059656,3788.9,15.855,2.882610219299999,1,poor,NA
AIMS,2021-10-23T18:30:00Z,TLM12,STIC,20210928-20220221,HS,21059656,3788.9,16.046,2.882610219299999,1,poor,NA
AIMS,2021-10-23T18:45:00Z,TLM12,STIC,20210928-20220221,HS,21059656,3961.1,16.237,3.3598998867,1,poor,NA
AIMS,2021-10-23T19:00:00Z,TLM12,STIC,20210928-20220221,HS,21059656,3961.1,16.427,3.3598998867,1,poor,NA
AIMS,2021-10-23T19:15:00Z,TLM12,STIC,20210928-20220221,HS,21059656,3961.1,16.523,3.3598998867,1,poor,NA
AIMS,2021-10-23T19:30:00Z,TLM12,STIC,20210928-20220221,HS,21059656,3961.1,16.523,3.3598998867,1,poor,NA
AIMS,2021-10-23T19:45:00Z,TLM12,STIC,20210928-20220221,HS,21059656,3961.1,16.523,3.3598998867,1,poor,NA
AIMS,2021-10-23T20:00:00Z,TLM12,STIC,20210928-20220221,HS,21059656,3961.1,16.618,3.3598998867,1,poor,NA
AIMS,2021-10-23T20:15:00Z,TLM12,STIC,20210928-20220221,HS,21059656,3961.1,16.618,3.3598998867,1,poor,NA
AIMS,2021-10-23T20:30:00Z,TLM12,STIC,20210928-20220221,HS,21059656,3961.1,16.713,3.3598998867,1,poor,NA
AIMS,2021-10-23T20:45:00Z,TLM12,STIC,20210928-20220221,HS,21059656,3961.1,16.713,3.3598998867,1,poor,NA
AIMS,2021-10-23T21:00:00Z,TLM12,STIC,20210928-20220221,HS,21059656,3961.1,16.808,3.3598998867,1,poor,NA
AIMS,2021-10-23T21:15:00Z,TLM12,STIC,20210928-20220221,HS,21059656,3961.1,16.808,3.3598998867,1,poor,NA
AIMS,2021-10-23T21:30:00Z,TLM12,STIC,20210928-20220221,HS,21059656,3961.1,16.808,3.3598998867,1,poor,NA
AIMS,2021-10-23T21:45:00Z,TLM12,STIC,20210928-20220221,HS,21059656,3961.1,16.808,3.3598998867,1,poor,NA
AIMS,2021-10-23T22:00:00Z,TLM12,STIC,20210928-20220221,HS,21059656,3961.1,16.808,3.3598998867,1,poor,NA
AIMS,2021-10-23T22:15:00Z,TLM12,STIC,20210928-20220221,HS,21059656,3961.1,16.808,3.3598998867,1,poor,NA
AIMS,2021-10-23T22:30:00Z,TLM12,STIC,20210928-20220221,HS,21059656,3961.1,16.808,3.3598998867,1,poor,NA
AIMS,2021-10-23T22:45:00Z,TLM12,STIC,20210928-20220221,HS,21059656,3961.1,16.808,3.3598998867,1,poor,NA
AIMS,2021-10-23T23:00:00Z,TLM12,STIC,20210928-20220221,HS,21059656,3961.1,16.713,3.3598998867,1,poor,NA
AIMS,2021-10-23T23:15:00Z,TLM12,STIC,20210928-20220221,HS,21059656,3961.1,16.618,3.3598998867,1,poor,NA
AIMS,2021-10-23T23:30:00Z,TLM12,STIC,20210928-20220221,HS,21059656,3961.1,16.618,3.3598998867,1,poor,NA
AIMS,2021-10-23T23:45:00Z,TLM12,STIC,20210928-20220221,HS,21059656,3961.1,16.523,3.3598998867,1,poor,NA
AIMS,2021-10-24T00:00:00Z,TLM12,STIC,20210928-20220221,HS,21059656,3961.1,16.427,3.3598998867,1,poor,NA
AIMS,2021-10-24T00:15:00Z,TLM12,STIC,20210928-20220221,HS,21059656,3961.1,16.427,3.3598998867,1,poor,NA
AIMS,2021-10-24T00:30:00Z,TLM12,STIC,20210928-20220221,HS,21059656,3961.1,16.332,3.3598998867,1,poor,NA
AIMS,2021-10-24T00:45:00Z,TLM12,STIC,20210928-20220221,HS,21059656,3961.1,16.237,3.3598998867,1,poor,NA
AIMS,2021-10-24T01:00:00Z,TLM12,STIC,20210928-20220221,HS,21059656,3961.1,16.141,3.3598998867,1,poor,NA
AIMS,2021-10-24T01:15:00Z,TLM12,STIC,20210928-20220221,HS,21059656,3961.1,16.046,3.3598998867,1,poor,NA
AIMS,2021-10-24T01:30:00Z,TLM12,STIC,20210928-20220221,HS,21059656,3961.1,16.046,3.3598998867,1,poor,NA
AIMS,2021-10-24T01:45:00Z,TLM12,STIC,20210928-20220221,HS,21059656,3961.1,15.951,3.3598998867,1,poor,NA
AIMS,2021-10-24T02:00:00Z,TLM12,STIC,20210928-20220221,HS,21059656,3961.1,15.855,3.3598998867,1,poor,NA
AIMS,2021-10-24T02:15:00Z,TLM12,STIC,20210928-20220221,HS,21059656,3961.1,15.76,3.3598998867,1,poor,NA
AIMS,2021-10-24T02:30:00Z,TLM12,STIC,20210928-20220221,HS,21059656,3788.9,15.664,2.882610219299999,1,poor,NA
AIMS,2021-10-24T02:45:00Z,TLM12,STIC,20210928-20220221,HS,21059656,3788.9,15.664,2.882610219299999,1,poor,NA
AIMS,2021-10-24T03:00:00Z,TLM12,STIC,20210928-20220221,HS,21059656,3788.9,15.569,2.882610219299999,1,poor,NA
AIMS,2021-10-24T03:15:00Z,TLM12,STIC,20210928-20220221,HS,21059656,3788.9,15.473,2.882610219299999,1,poor,NA
AIMS,2021-10-24T03:30:00Z,TLM12,STIC,20210928-20220221,HS,21059656,3788.9,15.378,2.882610219299999,1,poor,NA
AIMS,2021-10-24T03:45:00Z,TLM12,STIC,20210928-20220221,HS,21059656,3788.9,15.378,2.882610219299999,1,poor,NA
AIMS,2021-10-24T04:00:00Z,TLM12,STIC,20210928-20220221,HS,21059656,3788.9,15.282,2.882610219299999,1,poor,NA
AIMS,2021-10-24T04:15:00Z,TLM12,STIC,20210928-20220221,HS,21059656,3788.9,15.187,2.882610219299999,1,poor,NA
AIMS,2021-10-24T04:30:00Z,TLM12,STIC,20210928-20220221,HS,21059656,3788.9,15.187,2.882610219299999,1,poor,NA
AIMS,2021-10-24T04:45:00Z,TLM12,STIC,20210928-20220221,HS,21059656,3788.9,15.091,2.882610219299999,1,poor,NA
AIMS,2021-10-24T05:00:00Z,TLM12,STIC,20210928-20220221,HS,21059656,3788.9,14.996,2.882610219299999,1,poor,NA
AIMS,2021-10-24T05:15:00Z,TLM12,STIC,20210928-20220221,HS,21059656,3788.9,14.996,2.882610219299999,1,poor,NA
AIMS,2021-10-24T05:30:00Z,TLM12,STIC,20210928-20220221,HS,21059656,3788.9,14.9,2.882610219299999,1,poor,NA
AIMS,2021-10-24T05:45:00Z,TLM12,STIC,20210928-20220221,HS,21059656,3788.9,14.804,2.882610219299999,1,poor,NA
AIMS,2021-10-24T06:00:00Z,TLM12,STIC,20210928-20220221,HS,21059656,3788.9,14.804,2.882610219299999,1,poor,NA
AIMS,2021-10-24T06:15:00Z,TLM12,STIC,20210928-20220221,HS,21059656,3788.9,14.709,2.882610219299999,1,poor,NA
AIMS,2021-10-24T06:30:00Z,TLM12,STIC,20210928-20220221,HS,21059656,3788.9,14.709,2.882610219299999,1,poor,NA
AIMS,2021-10-24T06:45:00Z,TLM12,STIC,20210928-20220221,HS,21059656,3788.9,14.613,2.882610219299999,1,poor,NA
AIMS,2021-10-24T07:00:00Z,TLM12,STIC,20210928-20220221,HS,21059656,3788.9,14.517,2.882610219299999,1,poor,NA
AIMS,2021-10-24T07:15:00Z,TLM12,STIC,20210928-20220221,HS,21059656,3788.9,14.517,2.882610219299999,1,poor,NA
AIMS,2021-10-24T07:30:00Z,TLM12,STIC,20210928-20220221,HS,21059656,3788.9,14.517,2.882610219299999,1,poor,NA
AIMS,2021-10-24T07:45:00Z,TLM12,STIC,20210928-20220221,HS,21059656,3788.9,14.421,2.882610219299999,1,poor,NA
AIMS,2021-10-24T08:00:00Z,TLM12,STIC,20210928-20220221,HS,21059656,3788.9,14.325,2.882610219299999,1,poor,NA
AIMS,2021-10-24T08:15:00Z,TLM12,STIC,20210928-20220221,HS,21059656,3788.9,14.325,2.882610219299999,1,poor,NA
AIMS,2021-10-24T08:30:00Z,TLM12,STIC,20210928-20220221,HS,21059656,3788.9,14.325,2.882610219299999,1,poor,NA
AIMS,2021-10-24T08:45:00Z,TLM12,STIC,20210928-20220221,HS,21059656,3788.9,14.23,2.882610219299999,1,poor,NA
AIMS,2021-10-24T09:00:00Z,TLM12,STIC,20210928-20220221,HS,21059656,3788.9,14.23,2.882610219299999,1,poor,NA
AIMS,2021-10-24T09:15:00Z,TLM12,STIC,20210928-20220221,HS,21059656,3788.9,14.134,2.882610219299999,1,poor,NA
AIMS,2021-10-24T09:30:00Z,TLM12,STIC,20210928-20220221,HS,21059656,3788.9,14.134,2.882610219299999,1,poor,NA
AIMS,2021-10-24T09:45:00Z,TLM12,STIC,20210928-20220221,HS,21059656,3788.9,14.038,2.882610219299999,1,poor,NA
AIMS,2021-10-24T10:00:00Z,TLM12,STIC,20210928-20220221,HS,21059656,3788.9,14.038,2.882610219299999,1,poor,NA
AIMS,2021-10-24T10:15:00Z,TLM12,STIC,20210928-20220221,HS,21059656,3788.9,14.038,2.882610219299999,1,poor,NA
AIMS,2021-10-24T10:30:00Z,TLM12,STIC,20210928-20220221,HS,21059656,3788.9,13.942,2.882610219299999,1,poor,NA
AIMS,2021-10-24T10:45:00Z,TLM12,STIC,20210928-20220221,HS,21059656,3788.9,13.942,2.882610219299999,1,poor,NA
AIMS,2021-10-24T11:00:00Z,TLM12,STIC,20210928-20220221,HS,21059656,3788.9,13.846,2.882610219299999,1,poor,NA
AIMS,2021-10-24T11:15:00Z,TLM12,STIC,20210928-20220221,HS,21059656,3788.9,13.846,2.882610219299999,1,poor,NA
AIMS,2021-10-24T11:30:00Z,TLM12,STIC,20210928-20220221,HS,21059656,3788.9,13.846,2.882610219299999,1,poor,NA
AIMS,2021-10-24T11:45:00Z,TLM12,STIC,20210928-20220221,HS,21059656,3788.9,13.75,2.882610219299999,1,poor,NA
AIMS,2021-10-24T12:00:00Z,TLM12,STIC,20210928-20220221,HS,21059656,3788.9,13.75,2.882610219299999,1,poor,NA
AIMS,2021-10-24T12:15:00Z,TLM12,STIC,20210928-20220221,HS,21059656,3788.9,13.75,2.882610219299999,1,poor,NA
AIMS,2021-10-24T12:30:00Z,TLM12,STIC,20210928-20220221,HS,21059656,3788.9,13.75,2.882610219299999,1,poor,NA
AIMS,2021-10-24T12:45:00Z,TLM12,STIC,20210928-20220221,HS,21059656,3788.9,13.654,2.882610219299999,1,poor,NA
AIMS,2021-10-24T13:00:00Z,TLM12,STIC,20210928-20220221,HS,21059656,3788.9,13.654,2.882610219299999,1,poor,NA
AIMS,2021-10-24T13:15:00Z,TLM12,STIC,20210928-20220221,HS,21059656,3788.9,13.654,2.882610219299999,1,poor,NA
AIMS,2021-10-24T13:30:00Z,TLM12,STIC,20210928-20220221,HS,21059656,3788.9,13.654,2.882610219299999,1,poor,NA
AIMS,2021-10-24T13:45:00Z,TLM12,STIC,20210928-20220221,HS,21059656,3788.9,13.75,2.882610219299999,1,poor,NA
AIMS,2021-10-24T14:00:00Z,TLM12,STIC,20210928-20220221,HS,21059656,3788.9,13.75,2.882610219299999,1,poor,NA
AIMS,2021-10-24T14:15:00Z,TLM12,STIC,20210928-20220221,HS,21059656,3788.9,13.846,2.882610219299999,1,poor,NA
AIMS,2021-10-24T14:30:00Z,TLM12,STIC,20210928-20220221,HS,21059656,3788.9,13.942,2.882610219299999,1,poor,NA
AIMS,2021-10-24T14:45:00Z,TLM12,STIC,20210928-20220221,HS,21059656,3788.9,14.038,2.882610219299999,1,poor,NA
AIMS,2021-10-24T15:00:00Z,TLM12,STIC,20210928-20220221,HS,21059656,3788.9,14.134,2.882610219299999,1,poor,NA
AIMS,2021-10-24T15:15:00Z,TLM12,STIC,20210928-20220221,HS,21059656,3788.9,14.325,2.882610219299999,1,poor,NA
AIMS,2021-10-24T15:30:00Z,TLM12,STIC,20210928-20220221,HS,21059656,3788.9,14.421,2.882610219299999,1,poor,NA
AIMS,2021-10-24T15:45:00Z,TLM12,STIC,20210928-20220221,HS,21059656,3788.9,14.613,2.882610219299999,1,poor,NA
AIMS,2021-10-24T16:00:00Z,TLM12,STIC,20210928-20220221,HS,21059656,3961.1,14.804,3.3598998867,1,poor,NA
AIMS,2021-10-24T16:15:00Z,TLM12,STIC,20210928-20220221,HS,21059656,3961.1,14.9,3.3598998867,1,poor,NA
AIMS,2021-10-24T16:30:00Z,TLM12,STIC,20210928-20220221,HS,21059656,3961.1,15.091,3.3598998867,1,poor,NA
AIMS,2021-10-24T16:45:00Z,TLM12,STIC,20210928-20220221,HS,21059656,3961.1,15.187,3.3598998867,1,poor,NA
AIMS,2021-10-24T17:00:00Z,TLM12,STIC,20210928-20220221,HS,21059656,3961.1,15.378,3.3598998867,1,poor,NA
AIMS,2021-10-24T17:15:00Z,TLM12,STIC,20210928-20220221,HS,21059656,3961.1,15.569,3.3598998867,1,poor,NA
AIMS,2021-10-24T17:30:00Z,TLM12,STIC,20210928-20220221,HS,21059656,3961.1,15.664,3.3598998867,1,poor,NA
AIMS,2021-10-24T17:45:00Z,TLM12,STIC,20210928-20220221,HS,21059656,3961.1,15.855,3.3598998867,1,poor,NA
AIMS,2021-10-24T18:00:00Z,TLM12,STIC,20210928-20220221,HS,21059656,3961.1,15.951,3.3598998867,1,poor,NA
AIMS,2021-10-24T18:15:00Z,TLM12,STIC,20210928-20220221,HS,21059656,3961.1,16.046,3.3598998867,1,poor,NA
AIMS,2021-10-24T18:30:00Z,TLM12,STIC,20210928-20220221,HS,21059656,3961.1,16.141,3.3598998867,1,poor,NA
AIMS,2021-10-24T18:45:00Z,TLM12,STIC,20210928-20220221,HS,21059656,4133.4,16.237,3.837466725799998,1,poor,NA
AIMS,2021-10-24T19:00:00Z,TLM12,STIC,20210928-20220221,HS,21059656,4133.4,16.332,3.837466725799998,1,poor,NA
AIMS,2021-10-24T19:15:00Z,TLM12,STIC,20210928-20220221,HS,21059656,4133.4,16.427,3.837466725799998,1,poor,NA
AIMS,2021-10-24T19:30:00Z,TLM12,STIC,20210928-20220221,HS,21059656,4133.4,16.523,3.837466725799998,1,poor,NA
AIMS,2021-10-24T19:45:00Z,TLM12,STIC,20210928-20220221,HS,21059656,4133.4,16.523,3.837466725799998,1,poor,NA
AIMS,2021-10-24T20:00:00Z,TLM12,STIC,20210928-20220221,HS,21059656,4133.4,16.618,3.837466725799998,1,poor,NA
AIMS,2021-10-24T20:15:00Z,TLM12,STIC,20210928-20220221,HS,21059656,4133.4,16.618,3.837466725799998,1,poor,NA
AIMS,2021-10-24T20:30:00Z,TLM12,STIC,20210928-20220221,HS,21059656,4133.4,16.618,3.837466725799998,1,poor,NA
AIMS,2021-10-24T20:45:00Z,TLM12,STIC,20210928-20220221,HS,21059656,4133.4,16.713,3.837466725799998,1,poor,NA
AIMS,2021-10-24T21:00:00Z,TLM12,STIC,20210928-20220221,HS,21059656,4133.4,16.713,3.837466725799998,1,poor,NA
AIMS,2021-10-24T21:15:00Z,TLM12,STIC,20210928-20220221,HS,21059656,4133.4,16.713,3.837466725799998,1,poor,NA
AIMS,2021-10-24T21:30:00Z,TLM12,STIC,20210928-20220221,HS,21059656,4133.4,16.713,3.837466725799998,1,poor,NA
AIMS,2021-10-24T21:45:00Z,TLM12,STIC,20210928-20220221,HS,21059656,4133.4,16.713,3.837466725799998,1,poor,NA
AIMS,2021-10-24T22:00:00Z,TLM12,STIC,20210928-20220221,HS,21059656,4133.4,16.713,3.837466725799998,1,poor,NA
AIMS,2021-10-24T22:15:00Z,TLM12,STIC,20210928-20220221,HS,21059656,4133.4,16.713,3.837466725799998,1,poor,NA
AIMS,2021-10-24T22:30:00Z,TLM12,STIC,20210928-20220221,HS,21059656,4133.4,16.713,3.837466725799998,1,poor,NA
AIMS,2021-10-24T22:45:00Z,TLM12,STIC,20210928-20220221,HS,21059656,4133.4,16.618,3.837466725799998,1,poor,NA
AIMS,2021-10-24T23:00:00Z,TLM12,STIC,20210928-20220221,HS,21059656,4133.4,16.618,3.837466725799998,1,poor,NA
AIMS,2021-10-24T23:15:00Z,TLM12,STIC,20210928-20220221,HS,21059656,4305.6,16.618,4.314756393200001,1,poor,NA
AIMS,2021-10-24T23:30:00Z,TLM12,STIC,20210928-20220221,HS,21059656,4305.6,16.618,4.314756393200001,1,poor,NA
AIMS,2021-10-24T23:45:00Z,TLM12,STIC,20210928-20220221,HS,21059656,4305.6,16.523,4.314756393200001,1,poor,NA
AIMS,2021-10-25T00:00:00Z,TLM12,STIC,20210928-20220221,HS,21059656,4305.6,16.523,4.314756393200001,1,poor,NA
AIMS,2021-10-25T00:15:00Z,TLM12,STIC,20210928-20220221,HS,21059656,4305.6,16.523,4.314756393200001,1,poor,NA
AIMS,2021-10-25T00:30:00Z,TLM12,STIC,20210928-20220221,HS,21059656,4305.6,16.427,4.314756393200001,1,poor,NA
AIMS,2021-10-25T00:45:00Z,TLM12,STIC,20210928-20220221,HS,21059656,4305.6,16.427,4.314756393200001,1,poor,NA
AIMS,2021-10-25T01:00:00Z,TLM12,STIC,20210928-20220221,HS,21059656,4305.6,16.427,4.314756393200001,1,poor,NA
AIMS,2021-10-25T01:15:00Z,TLM12,STIC,20210928-20220221,HS,21059656,4477.8,16.427,4.7920460606,1,poor,NA
AIMS,2021-10-25T01:30:00Z,TLM12,STIC,20210928-20220221,HS,21059656,4477.8,16.332,4.7920460606,1,poor,NA
AIMS,2021-10-25T01:45:00Z,TLM12,STIC,20210928-20220221,HS,21059656,4477.8,16.332,4.7920460606,1,poor,NA
AIMS,2021-10-25T02:00:00Z,TLM12,STIC,20210928-20220221,HS,21059656,4477.8,16.332,4.7920460606,1,poor,NA
AIMS,2021-10-25T02:15:00Z,TLM12,STIC,20210928-20220221,HS,21059656,4477.8,16.332,4.7920460606,1,poor,NA
AIMS,2021-10-25T02:30:00Z,TLM12,STIC,20210928-20220221,HS,21059656,4477.8,16.332,4.7920460606,1,poor,NA
AIMS,2021-10-25T02:45:00Z,TLM12,STIC,20210928-20220221,HS,21059656,4477.8,16.332,4.7920460606,1,poor,NA
AIMS,2021-10-25T03:00:00Z,TLM12,STIC,20210928-20220221,HS,21059656,4477.8,16.237,4.7920460606,1,poor,NA
AIMS,2021-10-25T03:15:00Z,TLM12,STIC,20210928-20220221,HS,21059656,4477.8,16.237,4.7920460606,1,poor,NA
AIMS,2021-10-25T03:30:00Z,TLM12,STIC,20210928-20220221,HS,21059656,4477.8,16.237,4.7920460606,1,poor,NA
AIMS,2021-10-25T03:45:00Z,TLM12,STIC,20210928-20220221,HS,21059656,4477.8,16.237,4.7920460606,1,poor,NA
AIMS,2021-10-25T04:00:00Z,TLM12,STIC,20210928-20220221,HS,21059656,4477.8,16.237,4.7920460606,1,poor,NA
AIMS,2021-10-25T04:15:00Z,TLM12,STIC,20210928-20220221,HS,21059656,4477.8,16.237,4.7920460606,1,poor,NA
AIMS,2021-10-25T04:30:00Z,TLM12,STIC,20210928-20220221,HS,21059656,4477.8,16.141,4.7920460606,1,poor,NA
AIMS,2021-10-25T04:45:00Z,TLM12,STIC,20210928-20220221,HS,21059656,4477.8,16.141,4.7920460606,1,poor,NA
AIMS,2021-10-25T05:00:00Z,TLM12,STIC,20210928-20220221,HS,21059656,4477.8,16.141,4.7920460606,1,poor,NA
AIMS,2021-10-25T05:15:00Z,TLM12,STIC,20210928-20220221,HS,21059656,4477.8,16.141,4.7920460606,1,poor,NA
AIMS,2021-10-25T05:30:00Z,TLM12,STIC,20210928-20220221,HS,21059656,4477.8,16.141,4.7920460606,1,poor,NA
AIMS,2021-10-25T05:45:00Z,TLM12,STIC,20210928-20220221,HS,21059656,4477.8,16.141,4.7920460606,1,poor,NA
AIMS,2021-10-25T06:00:00Z,TLM12,STIC,20210928-20220221,HS,21059656,4477.8,16.046,4.7920460606,1,poor,NA
AIMS,2021-10-25T06:15:00Z,TLM12,STIC,20210928-20220221,HS,21059656,4477.8,16.046,4.7920460606,1,poor,NA
AIMS,2021-10-25T06:30:00Z,TLM12,STIC,20210928-20220221,HS,21059656,4477.8,16.046,4.7920460606,1,poor,NA
AIMS,2021-10-25T06:45:00Z,TLM12,STIC,20210928-20220221,HS,21059656,4477.8,15.951,4.7920460606,1,poor,NA
AIMS,2021-10-25T07:00:00Z,TLM12,STIC,20210928-20220221,HS,21059656,4477.8,15.951,4.7920460606,1,poor,NA
AIMS,2021-10-25T07:15:00Z,TLM12,STIC,20210928-20220221,HS,21059656,4477.8,15.855,4.7920460606,1,poor,NA
AIMS,2021-10-25T07:30:00Z,TLM12,STIC,20210928-20220221,HS,21059656,4477.8,15.855,4.7920460606,1,poor,NA
AIMS,2021-10-25T07:45:00Z,TLM12,STIC,20210928-20220221,HS,21059656,4477.8,15.76,4.7920460606,1,poor,NA
AIMS,2021-10-25T08:00:00Z,TLM12,STIC,20210928-20220221,HS,21059656,4477.8,15.76,4.7920460606,1,poor,NA
AIMS,2021-10-25T08:15:00Z,TLM12,STIC,20210928-20220221,HS,21059656,4477.8,15.76,4.7920460606,1,poor,NA
AIMS,2021-10-25T08:30:00Z,TLM12,STIC,20210928-20220221,HS,21059656,4477.8,15.664,4.7920460606,1,poor,NA
AIMS,2021-10-25T08:45:00Z,TLM12,STIC,20210928-20220221,HS,21059656,4477.8,15.664,4.7920460606,1,poor,NA
AIMS,2021-10-25T09:00:00Z,TLM12,STIC,20210928-20220221,HS,21059656,4477.8,15.569,4.7920460606,1,poor,NA
AIMS,2021-10-25T09:15:00Z,TLM12,STIC,20210928-20220221,HS,21059656,4477.8,15.569,4.7920460606,1,poor,NA
AIMS,2021-10-25T09:30:00Z,TLM12,STIC,20210928-20220221,HS,21059656,4477.8,15.569,4.7920460606,1,poor,NA
AIMS,2021-10-25T09:45:00Z,TLM12,STIC,20210928-20220221,HS,21059656,4305.6,15.569,4.314756393200001,1,poor,NA
AIMS,2021-10-25T10:00:00Z,TLM12,STIC,20210928-20220221,HS,21059656,4305.6,15.569,4.314756393200001,1,poor,NA
AIMS,2021-10-25T10:15:00Z,TLM12,STIC,20210928-20220221,HS,21059656,4305.6,15.569,4.314756393200001,1,poor,NA
AIMS,2021-10-25T10:30:00Z,TLM12,STIC,20210928-20220221,HS,21059656,4305.6,15.473,4.314756393200001,1,poor,NA
AIMS,2021-10-25T10:45:00Z,TLM12,STIC,20210928-20220221,HS,21059656,4305.6,15.473,4.314756393200001,1,poor,NA
AIMS,2021-10-25T11:00:00Z,TLM12,STIC,20210928-20220221,HS,21059656,4305.6,15.473,4.314756393200001,1,poor,NA
AIMS,2021-10-25T11:15:00Z,TLM12,STIC,20210928-20220221,HS,21059656,4305.6,15.473,4.314756393200001,1,poor,NA
AIMS,2021-10-25T11:30:00Z,TLM12,STIC,20210928-20220221,HS,21059656,4305.6,15.473,4.314756393200001,1,poor,NA
AIMS,2021-10-25T11:45:00Z,TLM12,STIC,20210928-20220221,HS,21059656,4305.6,15.378,4.314756393200001,1,poor,NA
AIMS,2021-10-25T12:00:00Z,TLM12,STIC,20210928-20220221,HS,21059656,4305.6,15.378,4.314756393200001,1,poor,NA
AIMS,2021-10-25T12:15:00Z,TLM12,STIC,20210928-20220221,HS,21059656,4305.6,15.378,4.314756393200001,1,poor,NA
AIMS,2021-10-25T12:30:00Z,TLM12,STIC,20210928-20220221,HS,21059656,4305.6,15.378,4.314756393200001,1,poor,NA
AIMS,2021-10-25T12:45:00Z,TLM12,STIC,20210928-20220221,HS,21059656,4305.6,15.378,4.314756393200001,1,poor,NA
AIMS,2021-10-25T13:00:00Z,TLM12,STIC,20210928-20220221,HS,21059656,4305.6,15.378,4.314756393200001,1,poor,NA
AIMS,2021-10-25T13:15:00Z,TLM12,STIC,20210928-20220221,HS,21059656,4305.6,15.378,4.314756393200001,1,poor,NA
AIMS,2021-10-25T13:30:00Z,TLM12,STIC,20210928-20220221,HS,21059656,4305.6,15.473,4.314756393200001,1,poor,NA
AIMS,2021-10-25T13:45:00Z,TLM12,STIC,20210928-20220221,HS,21059656,4477.8,15.473,4.7920460606,1,poor,NA
AIMS,2021-10-25T14:00:00Z,TLM12,STIC,20210928-20220221,HS,21059656,4477.8,15.569,4.7920460606,1,poor,NA
AIMS,2021-10-25T14:15:00Z,TLM12,STIC,20210928-20220221,HS,21059656,4477.8,15.664,4.7920460606,1,poor,NA
AIMS,2021-10-25T14:30:00Z,TLM12,STIC,20210928-20220221,HS,21059656,4477.8,15.76,4.7920460606,1,poor,NA
AIMS,2021-10-25T14:45:00Z,TLM12,STIC,20210928-20220221,HS,21059656,4477.8,15.855,4.7920460606,1,poor,NA
AIMS,2021-10-25T15:00:00Z,TLM12,STIC,20210928-20220221,HS,21059656,4477.8,15.951,4.7920460606,1,poor,NA
AIMS,2021-10-25T15:15:00Z,TLM12,STIC,20210928-20220221,HS,21059656,4305.6,16.046,4.314756393200001,1,poor,NA
AIMS,2021-10-25T15:30:00Z,TLM12,STIC,20210928-20220221,HS,21059656,4305.6,16.237,4.314756393200001,1,poor,NA
AIMS,2021-10-25T15:45:00Z,TLM12,STIC,20210928-20220221,HS,21059656,4305.6,16.332,4.314756393200001,1,poor,NA
AIMS,2021-10-25T16:00:00Z,TLM12,STIC,20210928-20220221,HS,21059656,4305.6,16.427,4.314756393200001,1,poor,NA
AIMS,2021-10-25T16:15:00Z,TLM12,STIC,20210928-20220221,HS,21059656,4133.4,16.523,3.837466725799998,1,poor,NA
AIMS,2021-10-25T16:30:00Z,TLM12,STIC,20210928-20220221,HS,21059656,4133.4,16.713,3.837466725799998,1,poor,NA
AIMS,2021-10-25T16:45:00Z,TLM12,STIC,20210928-20220221,HS,21059656,4133.4,16.808,3.837466725799998,1,poor,NA
AIMS,2021-10-25T17:00:00Z,TLM12,STIC,20210928-20220221,HS,21059656,4133.4,16.903,3.837466725799998,1,poor,NA
AIMS,2021-10-25T17:15:00Z,TLM12,STIC,20210928-20220221,HS,21059656,4133.4,16.999,3.837466725799998,1,poor,NA
AIMS,2021-10-25T17:30:00Z,TLM12,STIC,20210928-20220221,HS,21059656,4133.4,17.189,3.837466725799998,1,poor,NA
AIMS,2021-10-25T17:45:00Z,TLM12,STIC,20210928-20220221,HS,21059656,4133.4,17.284,3.837466725799998,1,poor,NA
AIMS,2021-10-25T18:00:00Z,TLM12,STIC,20210928-20220221,HS,21059656,4133.4,17.379,3.837466725799998,1,poor,NA
AIMS,2021-10-25T18:15:00Z,TLM12,STIC,20210928-20220221,HS,21059656,4133.4,17.475,3.837466725799998,1,poor,NA
AIMS,2021-10-25T18:30:00Z,TLM12,STIC,20210928-20220221,HS,21059656,4133.4,17.57,3.837466725799998,1,poor,NA
AIMS,2021-10-25T18:45:00Z,TLM12,STIC,20210928-20220221,HS,21059656,4133.4,17.57,3.837466725799998,1,poor,NA
AIMS,2021-10-25T19:00:00Z,TLM12,STIC,20210928-20220221,HS,21059656,4133.4,17.665,3.837466725799998,1,poor,NA
AIMS,2021-10-25T19:15:00Z,TLM12,STIC,20210928-20220221,HS,21059656,4133.4,17.665,3.837466725799998,1,poor,NA
AIMS,2021-10-25T19:30:00Z,TLM12,STIC,20210928-20220221,HS,21059656,4133.4,17.76,3.837466725799998,1,poor,NA
AIMS,2021-10-25T19:45:00Z,TLM12,STIC,20210928-20220221,HS,21059656,4133.4,17.76,3.837466725799998,1,poor,NA
AIMS,2021-10-25T20:00:00Z,TLM12,STIC,20210928-20220221,HS,21059656,4133.4,17.855,3.837466725799998,1,poor,NA
AIMS,2021-10-25T20:15:00Z,TLM12,STIC,20210928-20220221,HS,21059656,4133.4,17.855,3.837466725799998,1,poor,NA
AIMS,2021-10-25T20:30:00Z,TLM12,STIC,20210928-20220221,HS,21059656,4133.4,17.95,3.837466725799998,1,poor,NA
AIMS,2021-10-25T20:45:00Z,TLM12,STIC,20210928-20220221,HS,21059656,4133.4,17.95,3.837466725799998,1,poor,NA
AIMS,2021-10-25T21:00:00Z,TLM12,STIC,20210928-20220221,HS,21059656,4133.4,17.95,3.837466725799998,1,poor,NA
AIMS,2021-10-25T21:15:00Z,TLM12,STIC,20210928-20220221,HS,21059656,3961.1,18.045,3.3598998867,1,poor,NA
AIMS,2021-10-25T21:30:00Z,TLM12,STIC,20210928-20220221,HS,21059656,3961.1,18.045,3.3598998867,1,poor,NA
AIMS,2021-10-25T21:45:00Z,TLM12,STIC,20210928-20220221,HS,21059656,3961.1,18.045,3.3598998867,1,poor,NA
AIMS,2021-10-25T22:00:00Z,TLM12,STIC,20210928-20220221,HS,21059656,3961.1,18.045,3.3598998867,1,poor,NA
AIMS,2021-10-25T22:15:00Z,TLM12,STIC,20210928-20220221,HS,21059656,3961.1,18.045,3.3598998867,1,poor,NA
AIMS,2021-10-25T22:30:00Z,TLM12,STIC,20210928-20220221,HS,21059656,3961.1,17.95,3.3598998867,1,poor,NA
AIMS,2021-10-25T22:45:00Z,TLM12,STIC,20210928-20220221,HS,21059656,3961.1,17.95,3.3598998867,1,poor,NA
AIMS,2021-10-25T23:00:00Z,TLM12,STIC,20210928-20220221,HS,21059656,3961.1,17.95,3.3598998867,1,poor,NA
AIMS,2021-10-25T23:15:00Z,TLM12,STIC,20210928-20220221,HS,21059656,3961.1,17.855,3.3598998867,1,poor,NA
AIMS,2021-10-25T23:30:00Z,TLM12,STIC,20210928-20220221,HS,21059656,3961.1,17.855,3.3598998867,1,poor,NA
AIMS,2021-10-25T23:45:00Z,TLM12,STIC,20210928-20220221,HS,21059656,3961.1,17.76,3.3598998867,1,poor,NA
AIMS,2021-10-26T00:00:00Z,TLM12,STIC,20210928-20220221,HS,21059656,3788.9,17.76,2.882610219299999,1,poor,NA
AIMS,2021-10-26T00:15:00Z,TLM12,STIC,20210928-20220221,HS,21059656,3788.9,17.665,2.882610219299999,1,poor,NA
AIMS,2021-10-26T00:30:00Z,TLM12,STIC,20210928-20220221,HS,21059656,3788.9,17.665,2.882610219299999,1,poor,NA
AIMS,2021-10-26T00:45:00Z,TLM12,STIC,20210928-20220221,HS,21059656,3788.9,17.57,2.882610219299999,1,poor,NA
AIMS,2021-10-26T01:00:00Z,TLM12,STIC,20210928-20220221,HS,21059656,3788.9,17.57,2.882610219299999,1,poor,NA
AIMS,2021-10-26T01:15:00Z,TLM12,STIC,20210928-20220221,HS,21059656,3788.9,17.475,2.882610219299999,1,poor,NA
AIMS,2021-10-26T01:30:00Z,TLM12,STIC,20210928-20220221,HS,21059656,3788.9,17.475,2.882610219299999,1,poor,NA
AIMS,2021-10-26T01:45:00Z,TLM12,STIC,20210928-20220221,HS,21059656,3788.9,17.475,2.882610219299999,1,poor,NA
AIMS,2021-10-26T02:00:00Z,TLM12,STIC,20210928-20220221,HS,21059656,3788.9,17.475,2.882610219299999,1,poor,NA
AIMS,2021-10-26T02:15:00Z,TLM12,STIC,20210928-20220221,HS,21059656,3788.9,17.379,2.882610219299999,1,poor,NA
AIMS,2021-10-26T02:30:00Z,TLM12,STIC,20210928-20220221,HS,21059656,3961.1,17.379,3.3598998867,1,poor,NA
AIMS,2021-10-26T02:45:00Z,TLM12,STIC,20210928-20220221,HS,21059656,3788.9,17.284,2.882610219299999,1,poor,NA
AIMS,2021-10-26T03:00:00Z,TLM12,STIC,20210928-20220221,HS,21059656,3788.9,17.284,2.882610219299999,1,poor,NA
AIMS,2021-10-26T03:15:00Z,TLM12,STIC,20210928-20220221,HS,21059656,3788.9,17.189,2.882610219299999,1,poor,NA
AIMS,2021-10-26T03:30:00Z,TLM12,STIC,20210928-20220221,HS,21059656,3788.9,17.189,2.882610219299999,1,poor,NA
AIMS,2021-10-26T03:45:00Z,TLM12,STIC,20210928-20220221,HS,21059656,3788.9,17.094,2.882610219299999,1,poor,NA
AIMS,2021-10-26T04:00:00Z,TLM12,STIC,20210928-20220221,HS,21059656,3788.9,16.999,2.882610219299999,1,poor,NA
AIMS,2021-10-26T04:15:00Z,TLM12,STIC,20210928-20220221,HS,21059656,3788.9,16.903,2.882610219299999,1,poor,NA
AIMS,2021-10-26T04:30:00Z,TLM12,STIC,20210928-20220221,HS,21059656,3788.9,16.808,2.882610219299999,1,poor,NA
AIMS,2021-10-26T04:45:00Z,TLM12,STIC,20210928-20220221,HS,21059656,3788.9,16.618,2.882610219299999,1,poor,NA
AIMS,2021-10-26T05:00:00Z,TLM12,STIC,20210928-20220221,HS,21059656,3788.9,16.523,2.882610219299999,1,poor,NA
AIMS,2021-10-26T05:15:00Z,TLM12,STIC,20210928-20220221,HS,21059656,3788.9,16.427,2.882610219299999,1,poor,NA
AIMS,2021-10-26T05:30:00Z,TLM12,STIC,20210928-20220221,HS,21059656,3788.9,16.332,2.882610219299999,1,poor,NA
AIMS,2021-10-26T05:45:00Z,TLM12,STIC,20210928-20220221,HS,21059656,3788.9,16.141,2.882610219299999,1,poor,NA
AIMS,2021-10-26T06:00:00Z,TLM12,STIC,20210928-20220221,HS,21059656,3788.9,16.046,2.882610219299999,1,poor,NA
AIMS,2021-10-26T06:15:00Z,TLM12,STIC,20210928-20220221,HS,21059656,3788.9,15.951,2.882610219299999,1,poor,NA
AIMS,2021-10-26T06:30:00Z,TLM12,STIC,20210928-20220221,HS,21059656,3788.9,15.951,2.882610219299999,1,poor,NA
AIMS,2021-10-26T06:45:00Z,TLM12,STIC,20210928-20220221,HS,21059656,3788.9,15.855,2.882610219299999,1,poor,NA
AIMS,2021-10-26T07:00:00Z,TLM12,STIC,20210928-20220221,HS,21059656,3788.9,15.76,2.882610219299999,1,poor,NA
AIMS,2021-10-26T07:15:00Z,TLM12,STIC,20210928-20220221,HS,21059656,3788.9,15.76,2.882610219299999,1,poor,NA
AIMS,2021-10-26T07:30:00Z,TLM12,STIC,20210928-20220221,HS,21059656,3788.9,15.664,2.882610219299999,1,poor,NA
AIMS,2021-10-26T07:45:00Z,TLM12,STIC,20210928-20220221,HS,21059656,3788.9,15.664,2.882610219299999,1,poor,NA
AIMS,2021-10-26T08:00:00Z,TLM12,STIC,20210928-20220221,HS,21059656,3788.9,15.569,2.882610219299999,1,poor,NA
AIMS,2021-10-26T08:15:00Z,TLM12,STIC,20210928-20220221,HS,21059656,3788.9,15.569,2.882610219299999,1,poor,NA
AIMS,2021-10-26T08:30:00Z,TLM12,STIC,20210928-20220221,HS,21059656,3788.9,15.473,2.882610219299999,1,poor,NA
AIMS,2021-10-26T08:45:00Z,TLM12,STIC,20210928-20220221,HS,21059656,3788.9,15.473,2.882610219299999,1,poor,NA
AIMS,2021-10-26T09:00:00Z,TLM12,STIC,20210928-20220221,HS,21059656,3788.9,15.378,2.882610219299999,1,poor,NA
AIMS,2021-10-26T09:15:00Z,TLM12,STIC,20210928-20220221,HS,21059656,3788.9,15.378,2.882610219299999,1,poor,NA
AIMS,2021-10-26T09:30:00Z,TLM12,STIC,20210928-20220221,HS,21059656,3788.9,15.282,2.882610219299999,1,poor,NA
AIMS,2021-10-26T09:45:00Z,TLM12,STIC,20210928-20220221,HS,21059656,3788.9,15.187,2.882610219299999,1,poor,NA
AIMS,2021-10-26T10:00:00Z,TLM12,STIC,20210928-20220221,HS,21059656,3788.9,15.187,2.882610219299999,1,poor,NA
AIMS,2021-10-26T10:15:00Z,TLM12,STIC,20210928-20220221,HS,21059656,3788.9,15.091,2.882610219299999,1,poor,NA
AIMS,2021-10-26T10:30:00Z,TLM12,STIC,20210928-20220221,HS,21059656,3788.9,15.091,2.882610219299999,1,poor,NA
AIMS,2021-10-26T10:45:00Z,TLM12,STIC,20210928-20220221,HS,21059656,3788.9,14.996,2.882610219299999,1,poor,NA
AIMS,2021-10-26T11:00:00Z,TLM12,STIC,20210928-20220221,HS,21059656,3788.9,14.996,2.882610219299999,1,poor,NA
AIMS,2021-10-26T11:15:00Z,TLM12,STIC,20210928-20220221,HS,21059656,3788.9,14.9,2.882610219299999,1,poor,NA
AIMS,2021-10-26T11:30:00Z,TLM12,STIC,20210928-20220221,HS,21059656,3788.9,14.9,2.882610219299999,1,poor,NA
AIMS,2021-10-26T11:45:00Z,TLM12,STIC,20210928-20220221,HS,21059656,3788.9,14.9,2.882610219299999,1,poor,NA
AIMS,2021-10-26T12:00:00Z,TLM12,STIC,20210928-20220221,HS,21059656,3788.9,14.804,2.882610219299999,1,poor,NA
AIMS,2021-10-26T12:15:00Z,TLM12,STIC,20210928-20220221,HS,21059656,3788.9,14.804,2.882610219299999,1,poor,NA
AIMS,2021-10-26T12:30:00Z,TLM12,STIC,20210928-20220221,HS,21059656,3788.9,14.804,2.882610219299999,1,poor,NA
AIMS,2021-10-26T12:45:00Z,TLM12,STIC,20210928-20220221,HS,21059656,3788.9,14.804,2.882610219299999,1,poor,NA
AIMS,2021-10-26T13:00:00Z,TLM12,STIC,20210928-20220221,HS,21059656,3788.9,14.709,2.882610219299999,1,poor,NA
AIMS,2021-10-26T13:15:00Z,TLM12,STIC,20210928-20220221,HS,21059656,3788.9,14.709,2.882610219299999,1,poor,NA
AIMS,2021-10-26T13:30:00Z,TLM12,STIC,20210928-20220221,HS,21059656,3788.9,14.709,2.882610219299999,1,poor,NA
AIMS,2021-10-26T13:45:00Z,TLM12,STIC,20210928-20220221,HS,21059656,3788.9,14.709,2.882610219299999,1,poor,NA
AIMS,2021-10-26T14:00:00Z,TLM12,STIC,20210928-20220221,HS,21059656,3788.9,14.709,2.882610219299999,1,poor,NA
AIMS,2021-10-26T14:15:00Z,TLM12,STIC,20210928-20220221,HS,21059656,3788.9,14.709,2.882610219299999,1,poor,NA
AIMS,2021-10-26T14:30:00Z,TLM12,STIC,20210928-20220221,HS,21059656,3788.9,14.709,2.882610219299999,1,poor,NA
AIMS,2021-10-26T14:45:00Z,TLM12,STIC,20210928-20220221,HS,21059656,3788.9,14.709,2.882610219299999,1,poor,NA
AIMS,2021-10-26T15:00:00Z,TLM12,STIC,20210928-20220221,HS,21059656,3788.9,14.709,2.882610219299999,1,poor,NA
AIMS,2021-10-26T15:15:00Z,TLM12,STIC,20210928-20220221,HS,21059656,3788.9,14.709,2.882610219299999,1,poor,NA
AIMS,2021-10-26T15:30:00Z,TLM12,STIC,20210928-20220221,HS,21059656,3788.9,14.804,2.882610219299999,1,poor,NA
AIMS,2021-10-26T15:45:00Z,TLM12,STIC,20210928-20220221,HS,21059656,3788.9,14.804,2.882610219299999,1,poor,NA
AIMS,2021-10-26T16:00:00Z,TLM12,STIC,20210928-20220221,HS,21059656,3788.9,14.9,2.882610219299999,1,poor,NA
AIMS,2021-10-26T16:15:00Z,TLM12,STIC,20210928-20220221,HS,21059656,3788.9,14.996,2.882610219299999,1,poor,NA
AIMS,2021-10-26T16:30:00Z,TLM12,STIC,20210928-20220221,HS,21059656,3788.9,14.996,2.882610219299999,1,poor,NA
AIMS,2021-10-26T16:45:00Z,TLM12,STIC,20210928-20220221,HS,21059656,3788.9,15.091,2.882610219299999,1,poor,NA
AIMS,2021-10-26T17:00:00Z,TLM12,STIC,20210928-20220221,HS,21059656,3788.9,15.187,2.882610219299999,1,poor,NA
AIMS,2021-10-26T17:15:00Z,TLM12,STIC,20210928-20220221,HS,21059656,3788.9,15.282,2.882610219299999,1,poor,NA
AIMS,2021-10-26T17:30:00Z,TLM12,STIC,20210928-20220221,HS,21059656,3788.9,15.378,2.882610219299999,1,poor,NA
AIMS,2021-10-26T17:45:00Z,TLM12,STIC,20210928-20220221,HS,21059656,3788.9,15.569,2.882610219299999,1,poor,NA
AIMS,2021-10-26T18:00:00Z,TLM12,STIC,20210928-20220221,HS,21059656,3788.9,15.569,2.882610219299999,1,poor,NA
AIMS,2021-10-26T18:15:00Z,TLM12,STIC,20210928-20220221,HS,21059656,3788.9,15.664,2.882610219299999,1,poor,NA
AIMS,2021-10-26T18:30:00Z,TLM12,STIC,20210928-20220221,HS,21059656,3788.9,15.76,2.882610219299999,1,poor,NA
AIMS,2021-10-26T18:45:00Z,TLM12,STIC,20210928-20220221,HS,21059656,3788.9,15.951,2.882610219299999,1,poor,NA
AIMS,2021-10-26T19:00:00Z,TLM12,STIC,20210928-20220221,HS,21059656,3788.9,16.141,2.882610219299999,1,poor,NA
AIMS,2021-10-26T19:15:00Z,TLM12,STIC,20210928-20220221,HS,21059656,3788.9,16.141,2.882610219299999,1,poor,NA
AIMS,2021-10-26T19:30:00Z,TLM12,STIC,20210928-20220221,HS,21059656,3788.9,16.141,2.882610219299999,1,poor,NA
AIMS,2021-10-26T19:45:00Z,TLM12,STIC,20210928-20220221,HS,21059656,3788.9,16.046,2.882610219299999,1,poor,NA
AIMS,2021-10-26T20:00:00Z,TLM12,STIC,20210928-20220221,HS,21059656,3788.9,16.046,2.882610219299999,1,poor,NA
AIMS,2021-10-26T20:15:00Z,TLM12,STIC,20210928-20220221,HS,21059656,3788.9,16.046,2.882610219299999,1,poor,NA
AIMS,2021-10-26T20:30:00Z,TLM12,STIC,20210928-20220221,HS,21059656,3788.9,16.046,2.882610219299999,1,poor,NA
AIMS,2021-10-26T20:45:00Z,TLM12,STIC,20210928-20220221,HS,21059656,3961.1,16.046,3.3598998867,1,poor,NA
AIMS,2021-10-26T21:00:00Z,TLM12,STIC,20210928-20220221,HS,21059656,3961.1,16.141,3.3598998867,1,poor,NA
AIMS,2021-10-26T21:15:00Z,TLM12,STIC,20210928-20220221,HS,21059656,3961.1,16.046,3.3598998867,1,poor,NA
AIMS,2021-10-26T21:30:00Z,TLM12,STIC,20210928-20220221,HS,21059656,3961.1,16.141,3.3598998867,1,poor,NA
AIMS,2021-10-26T21:45:00Z,TLM12,STIC,20210928-20220221,HS,21059656,3961.1,16.046,3.3598998867,1,poor,NA
AIMS,2021-10-26T22:00:00Z,TLM12,STIC,20210928-20220221,HS,21059656,3961.1,16.046,3.3598998867,1,poor,NA
AIMS,2021-10-26T22:15:00Z,TLM12,STIC,20210928-20220221,HS,21059656,3961.1,16.046,3.3598998867,1,poor,NA
AIMS,2021-10-26T22:30:00Z,TLM12,STIC,20210928-20220221,HS,21059656,3961.1,16.046,3.3598998867,1,poor,NA
AIMS,2021-10-26T22:45:00Z,TLM12,STIC,20210928-20220221,HS,21059656,3961.1,15.951,3.3598998867,1,poor,NA
AIMS,2021-10-26T23:00:00Z,TLM12,STIC,20210928-20220221,HS,21059656,3961.1,15.855,3.3598998867,1,poor,NA
AIMS,2021-10-26T23:15:00Z,TLM12,STIC,20210928-20220221,HS,21059656,3788.9,15.76,2.882610219299999,1,poor,NA
AIMS,2021-10-26T23:30:00Z,TLM12,STIC,20210928-20220221,HS,21059656,3788.9,15.76,2.882610219299999,1,poor,NA
AIMS,2021-10-26T23:45:00Z,TLM12,STIC,20210928-20220221,HS,21059656,3788.9,15.664,2.882610219299999,1,poor,NA
AIMS,2021-10-27T00:00:00Z,TLM12,STIC,20210928-20220221,HS,21059656,3788.9,15.569,2.882610219299999,1,poor,NA
AIMS,2021-10-27T00:15:00Z,TLM12,STIC,20210928-20220221,HS,21059656,3788.9,15.473,2.882610219299999,1,poor,NA
AIMS,2021-10-27T00:30:00Z,TLM12,STIC,20210928-20220221,HS,21059656,3788.9,15.378,2.882610219299999,1,poor,NA
AIMS,2021-10-27T00:45:00Z,TLM12,STIC,20210928-20220221,HS,21059656,3788.9,15.282,2.882610219299999,1,poor,NA
AIMS,2021-10-27T01:00:00Z,TLM12,STIC,20210928-20220221,HS,21059656,3788.9,15.187,2.882610219299999,1,poor,NA
AIMS,2021-10-27T01:15:00Z,TLM12,STIC,20210928-20220221,HS,21059656,3788.9,15.187,2.882610219299999,1,poor,NA
AIMS,2021-10-27T01:30:00Z,TLM12,STIC,20210928-20220221,HS,21059656,3788.9,15.091,2.882610219299999,1,poor,NA
AIMS,2021-10-27T01:45:00Z,TLM12,STIC,20210928-20220221,HS,21059656,3788.9,14.996,2.882610219299999,1,poor,NA
AIMS,2021-10-27T02:00:00Z,TLM12,STIC,20210928-20220221,HS,21059656,3788.9,14.9,2.882610219299999,1,poor,NA
AIMS,2021-10-27T02:15:00Z,TLM12,STIC,20210928-20220221,HS,21059656,3788.9,14.9,2.882610219299999,1,poor,NA
AIMS,2021-10-27T02:30:00Z,TLM12,STIC,20210928-20220221,HS,21059656,3788.9,14.804,2.882610219299999,1,poor,NA
AIMS,2021-10-27T02:45:00Z,TLM12,STIC,20210928-20220221,HS,21059656,3788.9,14.804,2.882610219299999,1,poor,NA
AIMS,2021-10-27T03:00:00Z,TLM12,STIC,20210928-20220221,HS,21059656,3788.9,14.709,2.882610219299999,1,poor,NA
AIMS,2021-10-27T03:15:00Z,TLM12,STIC,20210928-20220221,HS,21059656,3788.9,14.709,2.882610219299999,1,poor,NA
AIMS,2021-10-27T03:30:00Z,TLM12,STIC,20210928-20220221,HS,21059656,3788.9,14.613,2.882610219299999,1,poor,NA
AIMS,2021-10-27T03:45:00Z,TLM12,STIC,20210928-20220221,HS,21059656,3788.9,14.613,2.882610219299999,1,poor,NA
AIMS,2021-10-27T04:00:00Z,TLM12,STIC,20210928-20220221,HS,21059656,3788.9,14.517,2.882610219299999,1,poor,NA
AIMS,2021-10-27T04:15:00Z,TLM12,STIC,20210928-20220221,HS,21059656,3788.9,14.517,2.882610219299999,1,poor,NA
AIMS,2021-10-27T04:30:00Z,TLM12,STIC,20210928-20220221,HS,21059656,3788.9,14.421,2.882610219299999,1,poor,NA
AIMS,2021-10-27T04:45:00Z,TLM12,STIC,20210928-20220221,HS,21059656,3788.9,14.421,2.882610219299999,1,poor,NA
AIMS,2021-10-27T05:00:00Z,TLM12,STIC,20210928-20220221,HS,21059656,3788.9,14.325,2.882610219299999,1,poor,NA
AIMS,2021-10-27T05:15:00Z,TLM12,STIC,20210928-20220221,HS,21059656,3788.9,14.325,2.882610219299999,1,poor,NA
AIMS,2021-10-27T05:30:00Z,TLM12,STIC,20210928-20220221,HS,21059656,3788.9,14.23,2.882610219299999,1,poor,NA
AIMS,2021-10-27T05:45:00Z,TLM12,STIC,20210928-20220221,HS,21059656,3788.9,14.23,2.882610219299999,1,poor,NA
AIMS,2021-10-27T06:00:00Z,TLM12,STIC,20210928-20220221,HS,21059656,3788.9,14.134,2.882610219299999,1,poor,NA
AIMS,2021-10-27T06:15:00Z,TLM12,STIC,20210928-20220221,HS,21059656,3788.9,14.038,2.882610219299999,1,poor,NA
AIMS,2021-10-27T06:30:00Z,TLM12,STIC,20210928-20220221,HS,21059656,3788.9,14.038,2.882610219299999,1,poor,NA
AIMS,2021-10-27T06:45:00Z,TLM12,STIC,20210928-20220221,HS,21059656,3788.9,14.038,2.882610219299999,1,poor,NA
AIMS,2021-10-27T07:00:00Z,TLM12,STIC,20210928-20220221,HS,21059656,3788.9,13.942,2.882610219299999,1,poor,NA
AIMS,2021-10-27T07:15:00Z,TLM12,STIC,20210928-20220221,HS,21059656,3788.9,13.942,2.882610219299999,1,poor,NA
AIMS,2021-10-27T07:30:00Z,TLM12,STIC,20210928-20220221,HS,21059656,3788.9,13.846,2.882610219299999,1,poor,NA
AIMS,2021-10-27T07:45:00Z,TLM12,STIC,20210928-20220221,HS,21059656,3788.9,13.75,2.882610219299999,1,poor,NA
AIMS,2021-10-27T08:00:00Z,TLM12,STIC,20210928-20220221,HS,21059656,3788.9,13.75,2.882610219299999,1,poor,NA
AIMS,2021-10-27T08:15:00Z,TLM12,STIC,20210928-20220221,HS,21059656,3788.9,13.654,2.882610219299999,1,poor,NA
AIMS,2021-10-27T08:30:00Z,TLM12,STIC,20210928-20220221,HS,21059656,3788.9,13.654,2.882610219299999,1,poor,NA
AIMS,2021-10-27T08:45:00Z,TLM12,STIC,20210928-20220221,HS,21059656,3616.7,13.558,2.4053205519,1,poor,NA
AIMS,2021-10-27T09:00:00Z,TLM12,STIC,20210928-20220221,HS,21059656,3788.9,13.558,2.882610219299999,1,poor,NA
AIMS,2021-10-27T09:15:00Z,TLM12,STIC,20210928-20220221,HS,21059656,3616.7,13.461,2.4053205519,1,poor,NA
AIMS,2021-10-27T09:30:00Z,TLM12,STIC,20210928-20220221,HS,21059656,3616.7,13.461,2.4053205519,1,poor,NA
AIMS,2021-10-27T09:45:00Z,TLM12,STIC,20210928-20220221,HS,21059656,3616.7,13.461,2.4053205519,1,poor,NA
AIMS,2021-10-27T10:00:00Z,TLM12,STIC,20210928-20220221,HS,21059656,3616.7,13.365,2.4053205519,1,poor,NA
AIMS,2021-10-27T10:15:00Z,TLM12,STIC,20210928-20220221,HS,21059656,3616.7,13.365,2.4053205519,1,poor,NA
AIMS,2021-10-27T10:30:00Z,TLM12,STIC,20210928-20220221,HS,21059656,3616.7,13.365,2.4053205519,1,poor,NA
AIMS,2021-10-27T10:45:00Z,TLM12,STIC,20210928-20220221,HS,21059656,3616.7,13.365,2.4053205519,1,poor,NA
AIMS,2021-10-27T11:00:00Z,TLM12,STIC,20210928-20220221,HS,21059656,3616.7,13.269,2.4053205519,1,poor,NA
AIMS,2021-10-27T11:15:00Z,TLM12,STIC,20210928-20220221,HS,21059656,3616.7,13.269,2.4053205519,1,poor,NA
AIMS,2021-10-27T11:30:00Z,TLM12,STIC,20210928-20220221,HS,21059656,3616.7,13.269,2.4053205519,1,poor,NA
AIMS,2021-10-27T11:45:00Z,TLM12,STIC,20210928-20220221,HS,21059656,3616.7,13.173,2.4053205519,1,poor,NA
AIMS,2021-10-27T12:00:00Z,TLM12,STIC,20210928-20220221,HS,21059656,3616.7,13.173,2.4053205519,1,poor,NA
AIMS,2021-10-27T12:15:00Z,TLM12,STIC,20210928-20220221,HS,21059656,3616.7,13.173,2.4053205519,1,poor,NA
AIMS,2021-10-27T12:30:00Z,TLM12,STIC,20210928-20220221,HS,21059656,3616.7,13.076,2.4053205519,1,poor,NA
AIMS,2021-10-27T12:45:00Z,TLM12,STIC,20210928-20220221,HS,21059656,3616.7,13.076,2.4053205519,1,poor,NA
AIMS,2021-10-27T13:00:00Z,TLM12,STIC,20210928-20220221,HS,21059656,3616.7,13.076,2.4053205519,1,poor,NA
AIMS,2021-10-27T13:15:00Z,TLM12,STIC,20210928-20220221,HS,21059656,3616.7,12.98,2.4053205519,1,poor,NA
AIMS,2021-10-27T13:30:00Z,TLM12,STIC,20210928-20220221,HS,21059656,3616.7,12.98,2.4053205519,1,poor,NA
AIMS,2021-10-27T13:45:00Z,TLM12,STIC,20210928-20220221,HS,21059656,3616.7,12.98,2.4053205519,1,poor,NA
AIMS,2021-10-27T14:00:00Z,TLM12,STIC,20210928-20220221,HS,21059656,3616.7,12.98,2.4053205519,1,poor,NA
AIMS,2021-10-27T14:15:00Z,TLM12,STIC,20210928-20220221,HS,21059656,3616.7,13.076,2.4053205519,1,poor,NA
AIMS,2021-10-27T14:30:00Z,TLM12,STIC,20210928-20220221,HS,21059656,3616.7,13.076,2.4053205519,1,poor,NA
AIMS,2021-10-27T14:45:00Z,TLM12,STIC,20210928-20220221,HS,21059656,3616.7,13.173,2.4053205519,1,poor,NA
AIMS,2021-10-27T15:00:00Z,TLM12,STIC,20210928-20220221,HS,21059656,3616.7,13.173,2.4053205519,1,poor,NA
AIMS,2021-10-27T15:15:00Z,TLM12,STIC,20210928-20220221,HS,21059656,3616.7,13.269,2.4053205519,1,poor,NA
AIMS,2021-10-27T15:30:00Z,TLM12,STIC,20210928-20220221,HS,21059656,3616.7,13.365,2.4053205519,1,poor,NA
AIMS,2021-10-27T15:45:00Z,TLM12,STIC,20210928-20220221,HS,21059656,3616.7,13.461,2.4053205519,1,poor,NA
AIMS,2021-10-27T16:00:00Z,TLM12,STIC,20210928-20220221,HS,21059656,3616.7,13.654,2.4053205519,1,poor,NA
AIMS,2021-10-27T16:15:00Z,TLM12,STIC,20210928-20220221,HS,21059656,3616.7,13.75,2.4053205519,1,poor,NA
AIMS,2021-10-27T16:30:00Z,TLM12,STIC,20210928-20220221,HS,21059656,3616.7,13.846,2.4053205519,1,poor,NA
AIMS,2021-10-27T16:45:00Z,TLM12,STIC,20210928-20220221,HS,21059656,3788.9,14.038,2.882610219299999,1,poor,NA
AIMS,2021-10-27T17:00:00Z,TLM12,STIC,20210928-20220221,HS,21059656,3788.9,14.134,2.882610219299999,1,poor,NA
AIMS,2021-10-27T17:15:00Z,TLM12,STIC,20210928-20220221,HS,21059656,3788.9,14.325,2.882610219299999,1,poor,NA
AIMS,2021-10-27T17:30:00Z,TLM12,STIC,20210928-20220221,HS,21059656,3788.9,14.517,2.882610219299999,1,poor,NA
AIMS,2021-10-27T17:45:00Z,TLM12,STIC,20210928-20220221,HS,21059656,3788.9,14.709,2.882610219299999,1,poor,NA
AIMS,2021-10-27T18:00:00Z,TLM12,STIC,20210928-20220221,HS,21059656,3788.9,14.804,2.882610219299999,1,poor,NA
AIMS,2021-10-27T18:15:00Z,TLM12,STIC,20210928-20220221,HS,21059656,3788.9,14.996,2.882610219299999,1,poor,NA
AIMS,2021-10-27T18:30:00Z,TLM12,STIC,20210928-20220221,HS,21059656,3788.9,15.187,2.882610219299999,1,poor,NA
AIMS,2021-10-27T18:45:00Z,TLM12,STIC,20210928-20220221,HS,21059656,3788.9,15.378,2.882610219299999,1,poor,NA
AIMS,2021-10-27T19:00:00Z,TLM12,STIC,20210928-20220221,HS,21059656,3788.9,15.569,2.882610219299999,1,poor,NA
AIMS,2021-10-27T19:15:00Z,TLM12,STIC,20210928-20220221,HS,21059656,3788.9,15.664,2.882610219299999,1,poor,NA
AIMS,2021-10-27T19:30:00Z,TLM12,STIC,20210928-20220221,HS,21059656,3788.9,15.664,2.882610219299999,1,poor,NA
AIMS,2021-10-27T19:45:00Z,TLM12,STIC,20210928-20220221,HS,21059656,3788.9,15.664,2.882610219299999,1,poor,NA
AIMS,2021-10-27T20:00:00Z,TLM12,STIC,20210928-20220221,HS,21059656,3788.9,15.664,2.882610219299999,1,poor,NA
AIMS,2021-10-27T20:15:00Z,TLM12,STIC,20210928-20220221,HS,21059656,3788.9,15.76,2.882610219299999,1,poor,NA
AIMS,2021-10-27T20:30:00Z,TLM12,STIC,20210928-20220221,HS,21059656,3788.9,15.855,2.882610219299999,1,poor,NA
AIMS,2021-10-27T20:45:00Z,TLM12,STIC,20210928-20220221,HS,21059656,3788.9,15.855,2.882610219299999,1,poor,NA
AIMS,2021-10-27T21:00:00Z,TLM12,STIC,20210928-20220221,HS,21059656,3788.9,15.951,2.882610219299999,1,poor,NA
AIMS,2021-10-27T21:15:00Z,TLM12,STIC,20210928-20220221,HS,21059656,3788.9,15.951,2.882610219299999,1,poor,NA
AIMS,2021-10-27T21:30:00Z,TLM12,STIC,20210928-20220221,HS,21059656,3788.9,15.951,2.882610219299999,1,poor,NA
AIMS,2021-10-27T21:45:00Z,TLM12,STIC,20210928-20220221,HS,21059656,3788.9,15.951,2.882610219299999,1,poor,NA
AIMS,2021-10-27T22:00:00Z,TLM12,STIC,20210928-20220221,HS,21059656,3788.9,15.951,2.882610219299999,1,poor,NA
AIMS,2021-10-27T22:15:00Z,TLM12,STIC,20210928-20220221,HS,21059656,3788.9,15.951,2.882610219299999,1,poor,NA
AIMS,2021-10-27T22:30:00Z,TLM12,STIC,20210928-20220221,HS,21059656,3788.9,15.951,2.882610219299999,1,poor,NA
AIMS,2021-10-27T22:45:00Z,TLM12,STIC,20210928-20220221,HS,21059656,3788.9,15.951,2.882610219299999,1,poor,NA
AIMS,2021-10-27T23:00:00Z,TLM12,STIC,20210928-20220221,HS,21059656,3788.9,15.855,2.882610219299999,1,poor,NA
AIMS,2021-10-27T23:15:00Z,TLM12,STIC,20210928-20220221,HS,21059656,3788.9,15.76,2.882610219299999,1,poor,NA
AIMS,2021-10-27T23:30:00Z,TLM12,STIC,20210928-20220221,HS,21059656,3788.9,15.76,2.882610219299999,1,poor,NA
AIMS,2021-10-27T23:45:00Z,TLM12,STIC,20210928-20220221,HS,21059656,3788.9,15.664,2.882610219299999,1,poor,NA
AIMS,2021-10-28T00:00:00Z,TLM12,STIC,20210928-20220221,HS,21059656,3788.9,15.569,2.882610219299999,1,poor,NA
AIMS,2021-10-28T00:15:00Z,TLM12,STIC,20210928-20220221,HS,21059656,3788.9,15.473,2.882610219299999,1,poor,NA
AIMS,2021-10-28T00:30:00Z,TLM12,STIC,20210928-20220221,HS,21059656,3788.9,15.378,2.882610219299999,1,poor,NA
AIMS,2021-10-28T00:45:00Z,TLM12,STIC,20210928-20220221,HS,21059656,3788.9,15.378,2.882610219299999,1,poor,NA
AIMS,2021-10-28T01:00:00Z,TLM12,STIC,20210928-20220221,HS,21059656,3788.9,15.282,2.882610219299999,1,poor,NA
AIMS,2021-10-28T01:15:00Z,TLM12,STIC,20210928-20220221,HS,21059656,3788.9,15.187,2.882610219299999,1,poor,NA
AIMS,2021-10-28T01:30:00Z,TLM12,STIC,20210928-20220221,HS,21059656,3788.9,15.187,2.882610219299999,1,poor,NA
AIMS,2021-10-28T01:45:00Z,TLM12,STIC,20210928-20220221,HS,21059656,3788.9,15.091,2.882610219299999,1,poor,NA
AIMS,2021-10-28T02:00:00Z,TLM12,STIC,20210928-20220221,HS,21059656,3788.9,15.091,2.882610219299999,1,poor,NA
AIMS,2021-10-28T02:15:00Z,TLM12,STIC,20210928-20220221,HS,21059656,3788.9,15.091,2.882610219299999,1,poor,NA
AIMS,2021-10-28T02:30:00Z,TLM12,STIC,20210928-20220221,HS,21059656,3788.9,14.996,2.882610219299999,1,poor,NA
AIMS,2021-10-28T02:45:00Z,TLM12,STIC,20210928-20220221,HS,21059656,3788.9,14.996,2.882610219299999,1,poor,NA
AIMS,2021-10-28T03:00:00Z,TLM12,STIC,20210928-20220221,HS,21059656,3788.9,14.996,2.882610219299999,1,poor,NA
AIMS,2021-10-28T03:15:00Z,TLM12,STIC,20210928-20220221,HS,21059656,3788.9,14.9,2.882610219299999,1,poor,NA
AIMS,2021-10-28T03:30:00Z,TLM12,STIC,20210928-20220221,HS,21059656,3788.9,14.9,2.882610219299999,1,poor,NA
AIMS,2021-10-28T03:45:00Z,TLM12,STIC,20210928-20220221,HS,21059656,3788.9,14.9,2.882610219299999,1,poor,NA
AIMS,2021-10-28T04:00:00Z,TLM12,STIC,20210928-20220221,HS,21059656,3788.9,14.9,2.882610219299999,1,poor,NA
AIMS,2021-10-28T04:15:00Z,TLM12,STIC,20210928-20220221,HS,21059656,3788.9,14.9,2.882610219299999,1,poor,NA
AIMS,2021-10-28T04:30:00Z,TLM12,STIC,20210928-20220221,HS,21059656,3788.9,14.9,2.882610219299999,1,poor,NA
AIMS,2021-10-28T04:45:00Z,TLM12,STIC,20210928-20220221,HS,21059656,3788.9,14.9,2.882610219299999,1,poor,NA
AIMS,2021-10-28T05:00:00Z,TLM12,STIC,20210928-20220221,HS,21059656,3788.9,14.9,2.882610219299999,1,poor,NA
AIMS,2021-10-28T05:15:00Z,TLM12,STIC,20210928-20220221,HS,21059656,3788.9,14.9,2.882610219299999,1,poor,NA
AIMS,2021-10-28T05:30:00Z,TLM12,STIC,20210928-20220221,HS,21059656,3788.9,14.9,2.882610219299999,1,poor,NA
AIMS,2021-10-28T05:45:00Z,TLM12,STIC,20210928-20220221,HS,21059656,3788.9,14.9,2.882610219299999,1,poor,NA
AIMS,2021-10-28T06:00:00Z,TLM12,STIC,20210928-20220221,HS,21059656,3788.9,14.9,2.882610219299999,1,poor,NA
AIMS,2021-10-28T06:15:00Z,TLM12,STIC,20210928-20220221,HS,21059656,3788.9,14.9,2.882610219299999,1,poor,NA
AIMS,2021-10-28T06:30:00Z,TLM12,STIC,20210928-20220221,HS,21059656,3788.9,14.9,2.882610219299999,1,poor,NA
AIMS,2021-10-28T06:45:00Z,TLM12,STIC,20210928-20220221,HS,21059656,3788.9,14.9,2.882610219299999,1,poor,NA
AIMS,2021-10-28T07:00:00Z,TLM12,STIC,20210928-20220221,HS,21059656,3788.9,14.9,2.882610219299999,1,poor,NA
AIMS,2021-10-28T07:15:00Z,TLM12,STIC,20210928-20220221,HS,21059656,3788.9,14.9,2.882610219299999,1,poor,NA
AIMS,2021-10-28T07:30:00Z,TLM12,STIC,20210928-20220221,HS,21059656,3788.9,14.804,2.882610219299999,1,poor,NA
AIMS,2021-10-28T07:45:00Z,TLM12,STIC,20210928-20220221,HS,21059656,3788.9,14.804,2.882610219299999,1,poor,NA
AIMS,2021-10-28T08:00:00Z,TLM12,STIC,20210928-20220221,HS,21059656,3788.9,14.804,2.882610219299999,1,poor,NA
AIMS,2021-10-28T08:15:00Z,TLM12,STIC,20210928-20220221,HS,21059656,3788.9,14.804,2.882610219299999,1,poor,NA
AIMS,2021-10-28T08:30:00Z,TLM12,STIC,20210928-20220221,HS,21059656,3788.9,14.804,2.882610219299999,1,poor,NA
AIMS,2021-10-28T08:45:00Z,TLM12,STIC,20210928-20220221,HS,21059656,3788.9,14.804,2.882610219299999,1,poor,NA
AIMS,2021-10-28T09:00:00Z,TLM12,STIC,20210928-20220221,HS,21059656,3961.1,14.804,3.3598998867,1,poor,NA
AIMS,2021-10-28T09:15:00Z,TLM12,STIC,20210928-20220221,HS,21059656,3788.9,14.804,2.882610219299999,1,poor,NA
AIMS,2021-10-28T09:30:00Z,TLM12,STIC,20210928-20220221,HS,21059656,3788.9,14.804,2.882610219299999,1,poor,NA
AIMS,2021-10-28T09:45:00Z,TLM12,STIC,20210928-20220221,HS,21059656,3788.9,14.804,2.882610219299999,1,poor,NA
AIMS,2021-10-28T10:00:00Z,TLM12,STIC,20210928-20220221,HS,21059656,3788.9,14.804,2.882610219299999,1,poor,NA
AIMS,2021-10-28T10:15:00Z,TLM12,STIC,20210928-20220221,HS,21059656,3788.9,14.804,2.882610219299999,1,poor,NA
AIMS,2021-10-28T10:30:00Z,TLM12,STIC,20210928-20220221,HS,21059656,3788.9,14.804,2.882610219299999,1,poor,NA
AIMS,2021-10-28T10:45:00Z,TLM12,STIC,20210928-20220221,HS,21059656,3788.9,14.709,2.882610219299999,1,poor,NA
AIMS,2021-10-28T11:00:00Z,TLM12,STIC,20210928-20220221,HS,21059656,3788.9,14.804,2.882610219299999,1,poor,NA
AIMS,2021-10-28T11:15:00Z,TLM12,STIC,20210928-20220221,HS,21059656,3788.9,14.709,2.882610219299999,1,poor,NA
AIMS,2021-10-28T11:30:00Z,TLM12,STIC,20210928-20220221,HS,21059656,3788.9,14.709,2.882610219299999,1,poor,NA
AIMS,2021-10-28T11:45:00Z,TLM12,STIC,20210928-20220221,HS,21059656,3788.9,14.709,2.882610219299999,1,poor,NA
AIMS,2021-10-28T12:00:00Z,TLM12,STIC,20210928-20220221,HS,21059656,3788.9,14.709,2.882610219299999,1,poor,NA
AIMS,2021-10-28T12:15:00Z,TLM12,STIC,20210928-20220221,HS,21059656,3788.9,14.709,2.882610219299999,1,poor,NA
AIMS,2021-10-28T12:30:00Z,TLM12,STIC,20210928-20220221,HS,21059656,3788.9,14.709,2.882610219299999,1,poor,NA
AIMS,2021-10-28T12:45:00Z,TLM12,STIC,20210928-20220221,HS,21059656,3788.9,14.709,2.882610219299999,1,poor,NA
AIMS,2021-10-28T13:00:00Z,TLM12,STIC,20210928-20220221,HS,21059656,3788.9,14.709,2.882610219299999,1,poor,NA
AIMS,2021-10-28T13:15:00Z,TLM12,STIC,20210928-20220221,HS,21059656,3788.9,14.709,2.882610219299999,1,poor,NA
AIMS,2021-10-28T13:30:00Z,TLM12,STIC,20210928-20220221,HS,21059656,3788.9,14.804,2.882610219299999,1,poor,NA
AIMS,2021-10-28T13:45:00Z,TLM12,STIC,20210928-20220221,HS,21059656,3788.9,14.804,2.882610219299999,1,poor,NA
AIMS,2021-10-28T14:00:00Z,TLM12,STIC,20210928-20220221,HS,21059656,3788.9,14.804,2.882610219299999,1,poor,NA
AIMS,2021-10-28T14:15:00Z,TLM12,STIC,20210928-20220221,HS,21059656,3788.9,14.804,2.882610219299999,1,poor,NA
AIMS,2021-10-28T14:30:00Z,TLM12,STIC,20210928-20220221,HS,21059656,3788.9,14.804,2.882610219299999,1,poor,NA
AIMS,2021-10-28T14:45:00Z,TLM12,STIC,20210928-20220221,HS,21059656,3788.9,14.804,2.882610219299999,1,poor,NA
AIMS,2021-10-28T15:00:00Z,TLM12,STIC,20210928-20220221,HS,21059656,3788.9,14.804,2.882610219299999,1,poor,NA
AIMS,2021-10-28T15:15:00Z,TLM12,STIC,20210928-20220221,HS,21059656,3788.9,14.9,2.882610219299999,1,poor,NA
AIMS,2021-10-28T15:30:00Z,TLM12,STIC,20210928-20220221,HS,21059656,3788.9,14.9,2.882610219299999,1,poor,NA
AIMS,2021-10-28T15:45:00Z,TLM12,STIC,20210928-20220221,HS,21059656,3788.9,14.9,2.882610219299999,1,poor,NA
AIMS,2021-10-28T16:00:00Z,TLM12,STIC,20210928-20220221,HS,21059656,3788.9,14.996,2.882610219299999,1,poor,NA
AIMS,2021-10-28T16:15:00Z,TLM12,STIC,20210928-20220221,HS,21059656,3788.9,14.996,2.882610219299999,1,poor,NA
AIMS,2021-10-28T16:30:00Z,TLM12,STIC,20210928-20220221,HS,21059656,3788.9,15.091,2.882610219299999,1,poor,NA
AIMS,2021-10-28T16:45:00Z,TLM12,STIC,20210928-20220221,HS,21059656,3788.9,15.091,2.882610219299999,1,poor,NA
AIMS,2021-10-28T17:00:00Z,TLM12,STIC,20210928-20220221,HS,21059656,3788.9,15.187,2.882610219299999,1,poor,NA
AIMS,2021-10-28T17:15:00Z,TLM12,STIC,20210928-20220221,HS,21059656,3788.9,15.187,2.882610219299999,1,poor,NA
AIMS,2021-10-28T17:30:00Z,TLM12,STIC,20210928-20220221,HS,21059656,3788.9,15.282,2.882610219299999,1,poor,NA
AIMS,2021-10-28T17:45:00Z,TLM12,STIC,20210928-20220221,HS,21059656,3788.9,15.378,2.882610219299999,1,poor,NA
AIMS,2021-10-28T18:00:00Z,TLM12,STIC,20210928-20220221,HS,21059656,3788.9,15.473,2.882610219299999,1,poor,NA
AIMS,2021-10-28T18:15:00Z,TLM12,STIC,20210928-20220221,HS,21059656,3788.9,15.569,2.882610219299999,1,poor,NA
AIMS,2021-10-28T18:30:00Z,TLM12,STIC,20210928-20220221,HS,21059656,3788.9,15.76,2.882610219299999,1,poor,NA
AIMS,2021-10-28T18:45:00Z,TLM12,STIC,20210928-20220221,HS,21059656,3788.9,15.855,2.882610219299999,1,poor,NA
AIMS,2021-10-28T19:00:00Z,TLM12,STIC,20210928-20220221,HS,21059656,3788.9,15.951,2.882610219299999,1,poor,NA
AIMS,2021-10-28T19:15:00Z,TLM12,STIC,20210928-20220221,HS,21059656,3788.9,16.046,2.882610219299999,1,poor,NA
AIMS,2021-10-28T19:30:00Z,TLM12,STIC,20210928-20220221,HS,21059656,3788.9,16.141,2.882610219299999,1,poor,NA
AIMS,2021-10-28T19:45:00Z,TLM12,STIC,20210928-20220221,HS,21059656,3788.9,16.141,2.882610219299999,1,poor,NA
AIMS,2021-10-28T20:00:00Z,TLM12,STIC,20210928-20220221,HS,21059656,3961.1,16.237,3.3598998867,1,poor,NA
AIMS,2021-10-28T20:15:00Z,TLM12,STIC,20210928-20220221,HS,21059656,3788.9,16.237,2.882610219299999,1,poor,NA
AIMS,2021-10-28T20:30:00Z,TLM12,STIC,20210928-20220221,HS,21059656,3788.9,16.237,2.882610219299999,1,poor,NA
AIMS,2021-10-28T20:45:00Z,TLM12,STIC,20210928-20220221,HS,21059656,3788.9,16.237,2.882610219299999,1,poor,NA
AIMS,2021-10-28T21:00:00Z,TLM12,STIC,20210928-20220221,HS,21059656,3788.9,16.237,2.882610219299999,1,poor,NA
AIMS,2021-10-28T21:15:00Z,TLM12,STIC,20210928-20220221,HS,21059656,3788.9,16.237,2.882610219299999,1,poor,NA
AIMS,2021-10-28T21:30:00Z,TLM12,STIC,20210928-20220221,HS,21059656,3788.9,16.141,2.882610219299999,1,poor,NA
AIMS,2021-10-28T21:45:00Z,TLM12,STIC,20210928-20220221,HS,21059656,3788.9,16.141,2.882610219299999,1,poor,NA
AIMS,2021-10-28T22:00:00Z,TLM12,STIC,20210928-20220221,HS,21059656,3788.9,16.141,2.882610219299999,1,poor,NA
AIMS,2021-10-28T22:15:00Z,TLM12,STIC,20210928-20220221,HS,21059656,3788.9,16.046,2.882610219299999,1,poor,NA
AIMS,2021-10-28T22:30:00Z,TLM12,STIC,20210928-20220221,HS,21059656,3788.9,16.046,2.882610219299999,1,poor,NA
AIMS,2021-10-28T22:45:00Z,TLM12,STIC,20210928-20220221,HS,21059656,3788.9,16.046,2.882610219299999,1,poor,NA
AIMS,2021-10-28T23:00:00Z,TLM12,STIC,20210928-20220221,HS,21059656,3788.9,15.951,2.882610219299999,1,poor,NA
AIMS,2021-10-28T23:15:00Z,TLM12,STIC,20210928-20220221,HS,21059656,3788.9,15.951,2.882610219299999,1,poor,NA
AIMS,2021-10-28T23:30:00Z,TLM12,STIC,20210928-20220221,HS,21059656,3788.9,15.951,2.882610219299999,1,poor,NA
AIMS,2021-10-28T23:45:00Z,TLM12,STIC,20210928-20220221,HS,21059656,3788.9,15.855,2.882610219299999,1,poor,NA
AIMS,2021-10-29T00:00:00Z,TLM12,STIC,20210928-20220221,HS,21059656,3788.9,15.855,2.882610219299999,1,poor,NA
AIMS,2021-10-29T00:15:00Z,TLM12,STIC,20210928-20220221,HS,21059656,3788.9,15.76,2.882610219299999,1,poor,NA
AIMS,2021-10-29T00:30:00Z,TLM12,STIC,20210928-20220221,HS,21059656,3788.9,15.664,2.882610219299999,1,poor,NA
AIMS,2021-10-29T00:45:00Z,TLM12,STIC,20210928-20220221,HS,21059656,3788.9,15.664,2.882610219299999,1,poor,NA
AIMS,2021-10-29T01:00:00Z,TLM12,STIC,20210928-20220221,HS,21059656,3788.9,15.569,2.882610219299999,1,poor,NA
AIMS,2021-10-29T01:15:00Z,TLM12,STIC,20210928-20220221,HS,21059656,3788.9,15.569,2.882610219299999,1,poor,NA
AIMS,2021-10-29T01:30:00Z,TLM12,STIC,20210928-20220221,HS,21059656,3788.9,15.473,2.882610219299999,1,poor,NA
AIMS,2021-10-29T01:45:00Z,TLM12,STIC,20210928-20220221,HS,21059656,3788.9,15.378,2.882610219299999,1,poor,NA
AIMS,2021-10-29T02:00:00Z,TLM12,STIC,20210928-20220221,HS,21059656,3788.9,15.378,2.882610219299999,1,poor,NA
AIMS,2021-10-29T02:15:00Z,TLM12,STIC,20210928-20220221,HS,21059656,3788.9,15.282,2.882610219299999,1,poor,NA
AIMS,2021-10-29T02:30:00Z,TLM12,STIC,20210928-20220221,HS,21059656,3788.9,15.282,2.882610219299999,1,poor,NA
AIMS,2021-10-29T02:45:00Z,TLM12,STIC,20210928-20220221,HS,21059656,3788.9,15.187,2.882610219299999,1,poor,NA
AIMS,2021-10-29T03:00:00Z,TLM12,STIC,20210928-20220221,HS,21059656,3788.9,15.187,2.882610219299999,1,poor,NA
AIMS,2021-10-29T03:15:00Z,TLM12,STIC,20210928-20220221,HS,21059656,3788.9,15.091,2.882610219299999,1,poor,NA
AIMS,2021-10-29T03:30:00Z,TLM12,STIC,20210928-20220221,HS,21059656,3788.9,15.091,2.882610219299999,1,poor,NA
AIMS,2021-10-29T03:45:00Z,TLM12,STIC,20210928-20220221,HS,21059656,3788.9,14.996,2.882610219299999,1,poor,NA
AIMS,2021-10-29T04:00:00Z,TLM12,STIC,20210928-20220221,HS,21059656,3788.9,14.996,2.882610219299999,1,poor,NA
AIMS,2021-10-29T04:15:00Z,TLM12,STIC,20210928-20220221,HS,21059656,3788.9,14.996,2.882610219299999,1,poor,NA
AIMS,2021-10-29T04:30:00Z,TLM12,STIC,20210928-20220221,HS,21059656,3788.9,14.996,2.882610219299999,1,poor,NA
AIMS,2021-10-29T04:45:00Z,TLM12,STIC,20210928-20220221,HS,21059656,3788.9,14.9,2.882610219299999,1,poor,NA
AIMS,2021-10-29T05:00:00Z,TLM12,STIC,20210928-20220221,HS,21059656,3788.9,14.9,2.882610219299999,1,poor,NA
AIMS,2021-10-29T05:15:00Z,TLM12,STIC,20210928-20220221,HS,21059656,3788.9,14.9,2.882610219299999,1,poor,NA
AIMS,2021-10-29T05:30:00Z,TLM12,STIC,20210928-20220221,HS,21059656,3788.9,14.9,2.882610219299999,1,poor,NA
AIMS,2021-10-29T05:45:00Z,TLM12,STIC,20210928-20220221,HS,21059656,3788.9,14.804,2.882610219299999,1,poor,NA
AIMS,2021-10-29T06:00:00Z,TLM12,STIC,20210928-20220221,HS,21059656,3788.9,14.804,2.882610219299999,1,poor,NA
AIMS,2021-10-29T06:15:00Z,TLM12,STIC,20210928-20220221,HS,21059656,3788.9,14.804,2.882610219299999,1,poor,NA
AIMS,2021-10-29T06:30:00Z,TLM12,STIC,20210928-20220221,HS,21059656,3788.9,14.804,2.882610219299999,1,poor,NA
AIMS,2021-10-29T06:45:00Z,TLM12,STIC,20210928-20220221,HS,21059656,3788.9,14.804,2.882610219299999,1,poor,NA
AIMS,2021-10-29T07:00:00Z,TLM12,STIC,20210928-20220221,HS,21059656,3788.9,14.709,2.882610219299999,1,poor,NA
AIMS,2021-10-29T07:15:00Z,TLM12,STIC,20210928-20220221,HS,21059656,3788.9,14.709,2.882610219299999,1,poor,NA
AIMS,2021-10-29T07:30:00Z,TLM12,STIC,20210928-20220221,HS,21059656,3788.9,14.709,2.882610219299999,1,poor,NA
AIMS,2021-10-29T07:45:00Z,TLM12,STIC,20210928-20220221,HS,21059656,3788.9,14.709,2.882610219299999,1,poor,NA
AIMS,2021-10-29T08:00:00Z,TLM12,STIC,20210928-20220221,HS,21059656,3788.9,14.709,2.882610219299999,1,poor,NA
AIMS,2021-10-29T08:15:00Z,TLM12,STIC,20210928-20220221,HS,21059656,3788.9,14.709,2.882610219299999,1,poor,NA
AIMS,2021-10-29T08:30:00Z,TLM12,STIC,20210928-20220221,HS,21059656,3788.9,14.613,2.882610219299999,1,poor,NA
AIMS,2021-10-29T08:45:00Z,TLM12,STIC,20210928-20220221,HS,21059656,3788.9,14.613,2.882610219299999,1,poor,NA
AIMS,2021-10-29T09:00:00Z,TLM12,STIC,20210928-20220221,HS,21059656,3788.9,14.613,2.882610219299999,1,poor,NA
AIMS,2021-10-29T09:15:00Z,TLM12,STIC,20210928-20220221,HS,21059656,3788.9,14.613,2.882610219299999,1,poor,NA
AIMS,2021-10-29T09:30:00Z,TLM12,STIC,20210928-20220221,HS,21059656,3788.9,14.613,2.882610219299999,1,poor,NA
AIMS,2021-10-29T09:45:00Z,TLM12,STIC,20210928-20220221,HS,21059656,3788.9,14.517,2.882610219299999,1,poor,NA
AIMS,2021-10-29T10:00:00Z,TLM12,STIC,20210928-20220221,HS,21059656,3788.9,14.517,2.882610219299999,1,poor,NA
AIMS,2021-10-29T10:15:00Z,TLM12,STIC,20210928-20220221,HS,21059656,3788.9,14.517,2.882610219299999,1,poor,NA
AIMS,2021-10-29T10:30:00Z,TLM12,STIC,20210928-20220221,HS,21059656,3788.9,14.421,2.882610219299999,1,poor,NA
AIMS,2021-10-29T10:45:00Z,TLM12,STIC,20210928-20220221,HS,21059656,3788.9,14.421,2.882610219299999,1,poor,NA
AIMS,2021-10-29T11:00:00Z,TLM12,STIC,20210928-20220221,HS,21059656,3788.9,14.421,2.882610219299999,1,poor,NA
AIMS,2021-10-29T11:15:00Z,TLM12,STIC,20210928-20220221,HS,21059656,3788.9,14.421,2.882610219299999,1,poor,NA
AIMS,2021-10-29T11:30:00Z,TLM12,STIC,20210928-20220221,HS,21059656,3788.9,14.325,2.882610219299999,1,poor,NA
AIMS,2021-10-29T11:45:00Z,TLM12,STIC,20210928-20220221,HS,21059656,3788.9,14.325,2.882610219299999,1,poor,NA
AIMS,2021-10-29T12:00:00Z,TLM12,STIC,20210928-20220221,HS,21059656,3788.9,14.325,2.882610219299999,1,poor,NA
AIMS,2021-10-29T12:15:00Z,TLM12,STIC,20210928-20220221,HS,21059656,3788.9,14.325,2.882610219299999,1,poor,NA
AIMS,2021-10-29T12:30:00Z,TLM12,STIC,20210928-20220221,HS,21059656,3788.9,14.23,2.882610219299999,1,poor,NA
AIMS,2021-10-29T12:45:00Z,TLM12,STIC,20210928-20220221,HS,21059656,3788.9,14.23,2.882610219299999,1,poor,NA
AIMS,2021-10-29T13:00:00Z,TLM12,STIC,20210928-20220221,HS,21059656,3788.9,14.23,2.882610219299999,1,poor,NA
AIMS,2021-10-29T13:15:00Z,TLM12,STIC,20210928-20220221,HS,21059656,3788.9,14.134,2.882610219299999,1,poor,NA
AIMS,2021-10-29T13:30:00Z,TLM12,STIC,20210928-20220221,HS,21059656,3788.9,14.134,2.882610219299999,1,poor,NA
AIMS,2021-10-29T13:45:00Z,TLM12,STIC,20210928-20220221,HS,21059656,3788.9,14.134,2.882610219299999,1,poor,NA
AIMS,2021-10-29T14:00:00Z,TLM12,STIC,20210928-20220221,HS,21059656,3788.9,14.134,2.882610219299999,1,poor,NA
AIMS,2021-10-29T14:15:00Z,TLM12,STIC,20210928-20220221,HS,21059656,3788.9,14.134,2.882610219299999,1,poor,NA
AIMS,2021-10-29T14:30:00Z,TLM12,STIC,20210928-20220221,HS,21059656,3788.9,14.038,2.882610219299999,1,poor,NA
AIMS,2021-10-29T14:45:00Z,TLM12,STIC,20210928-20220221,HS,21059656,3788.9,14.038,2.882610219299999,1,poor,NA
AIMS,2021-10-29T15:00:00Z,TLM12,STIC,20210928-20220221,HS,21059656,3788.9,14.038,2.882610219299999,1,poor,NA
AIMS,2021-10-29T15:15:00Z,TLM12,STIC,20210928-20220221,HS,21059656,3788.9,14.038,2.882610219299999,1,poor,NA
AIMS,2021-10-29T15:30:00Z,TLM12,STIC,20210928-20220221,HS,21059656,3788.9,14.038,2.882610219299999,1,poor,NA
AIMS,2021-10-29T15:45:00Z,TLM12,STIC,20210928-20220221,HS,21059656,3788.9,14.038,2.882610219299999,1,poor,NA
AIMS,2021-10-29T16:00:00Z,TLM12,STIC,20210928-20220221,HS,21059656,3788.9,14.038,2.882610219299999,1,poor,NA
AIMS,2021-10-29T16:15:00Z,TLM12,STIC,20210928-20220221,HS,21059656,3788.9,14.038,2.882610219299999,1,poor,NA
AIMS,2021-10-29T16:30:00Z,TLM12,STIC,20210928-20220221,HS,21059656,3788.9,14.038,2.882610219299999,1,poor,NA
AIMS,2021-10-29T16:45:00Z,TLM12,STIC,20210928-20220221,HS,21059656,3788.9,14.038,2.882610219299999,1,poor,NA
AIMS,2021-10-29T17:00:00Z,TLM12,STIC,20210928-20220221,HS,21059656,3616.7,14.038,2.4053205519,1,poor,NA
AIMS,2021-10-29T17:15:00Z,TLM12,STIC,20210928-20220221,HS,21059656,3616.7,14.038,2.4053205519,1,poor,NA
AIMS,2021-10-29T17:30:00Z,TLM12,STIC,20210928-20220221,HS,21059656,3616.7,14.038,2.4053205519,1,poor,NA
AIMS,2021-10-29T17:45:00Z,TLM12,STIC,20210928-20220221,HS,21059656,3616.7,14.134,2.4053205519,1,poor,NA
AIMS,2021-10-29T18:00:00Z,TLM12,STIC,20210928-20220221,HS,21059656,3616.7,14.038,2.4053205519,1,poor,NA
AIMS,2021-10-29T18:15:00Z,TLM12,STIC,20210928-20220221,HS,21059656,3616.7,14.038,2.4053205519,1,poor,NA
AIMS,2021-10-29T18:30:00Z,TLM12,STIC,20210928-20220221,HS,21059656,3616.7,14.038,2.4053205519,1,poor,NA
AIMS,2021-10-29T18:45:00Z,TLM12,STIC,20210928-20220221,HS,21059656,3616.7,14.038,2.4053205519,1,poor,NA
AIMS,2021-10-29T19:00:00Z,TLM12,STIC,20210928-20220221,HS,21059656,3616.7,14.038,2.4053205519,1,poor,NA
AIMS,2021-10-29T19:15:00Z,TLM12,STIC,20210928-20220221,HS,21059656,3616.7,14.038,2.4053205519,1,poor,NA
AIMS,2021-10-29T19:30:00Z,TLM12,STIC,20210928-20220221,HS,21059656,3616.7,13.942,2.4053205519,1,poor,NA
AIMS,2021-10-29T19:45:00Z,TLM12,STIC,20210928-20220221,HS,21059656,3616.7,13.942,2.4053205519,1,poor,NA
AIMS,2021-10-29T20:00:00Z,TLM12,STIC,20210928-20220221,HS,21059656,3616.7,13.942,2.4053205519,1,poor,NA
AIMS,2021-10-29T20:15:00Z,TLM12,STIC,20210928-20220221,HS,21059656,3788.9,13.942,2.882610219299999,1,poor,NA
AIMS,2021-10-29T20:30:00Z,TLM12,STIC,20210928-20220221,HS,21059656,3788.9,13.942,2.882610219299999,1,poor,NA
AIMS,2021-10-29T20:45:00Z,TLM12,STIC,20210928-20220221,HS,21059656,3788.9,13.942,2.882610219299999,1,poor,NA
AIMS,2021-10-29T21:00:00Z,TLM12,STIC,20210928-20220221,HS,21059656,3788.9,13.942,2.882610219299999,1,poor,NA
AIMS,2021-10-29T21:15:00Z,TLM12,STIC,20210928-20220221,HS,21059656,3788.9,13.846,2.882610219299999,1,poor,NA
AIMS,2021-10-29T21:30:00Z,TLM12,STIC,20210928-20220221,HS,21059656,3788.9,13.846,2.882610219299999,1,poor,NA
AIMS,2021-10-29T21:45:00Z,TLM12,STIC,20210928-20220221,HS,21059656,3788.9,13.846,2.882610219299999,1,poor,NA
AIMS,2021-10-29T22:00:00Z,TLM12,STIC,20210928-20220221,HS,21059656,3788.9,13.846,2.882610219299999,1,poor,NA
AIMS,2021-10-29T22:15:00Z,TLM12,STIC,20210928-20220221,HS,21059656,3788.9,13.846,2.882610219299999,1,poor,NA
AIMS,2021-10-29T22:30:00Z,TLM12,STIC,20210928-20220221,HS,21059656,3788.9,13.75,2.882610219299999,1,poor,NA
AIMS,2021-10-29T22:45:00Z,TLM12,STIC,20210928-20220221,HS,21059656,3788.9,13.75,2.882610219299999,1,poor,NA
AIMS,2021-10-29T23:00:00Z,TLM12,STIC,20210928-20220221,HS,21059656,3788.9,13.75,2.882610219299999,1,poor,NA
AIMS,2021-10-29T23:15:00Z,TLM12,STIC,20210928-20220221,HS,21059656,3788.9,13.75,2.882610219299999,1,poor,NA
AIMS,2021-10-29T23:30:00Z,TLM12,STIC,20210928-20220221,HS,21059656,3788.9,13.75,2.882610219299999,1,poor,NA
AIMS,2021-10-29T23:45:00Z,TLM12,STIC,20210928-20220221,HS,21059656,3788.9,13.75,2.882610219299999,1,poor,NA
AIMS,2021-10-30T00:00:00Z,TLM12,STIC,20210928-20220221,HS,21059656,3788.9,13.75,2.882610219299999,1,poor,NA
AIMS,2021-10-30T00:15:00Z,TLM12,STIC,20210928-20220221,HS,21059656,3788.9,13.75,2.882610219299999,1,poor,NA
AIMS,2021-10-30T00:30:00Z,TLM12,STIC,20210928-20220221,HS,21059656,3788.9,13.75,2.882610219299999,1,poor,NA
AIMS,2021-10-30T00:45:00Z,TLM12,STIC,20210928-20220221,HS,21059656,3788.9,13.654,2.882610219299999,1,poor,NA
AIMS,2021-10-30T01:00:00Z,TLM12,STIC,20210928-20220221,HS,21059656,3788.9,13.654,2.882610219299999,1,poor,NA
AIMS,2021-10-30T01:15:00Z,TLM12,STIC,20210928-20220221,HS,21059656,3788.9,13.75,2.882610219299999,1,poor,NA
AIMS,2021-10-30T01:30:00Z,TLM12,STIC,20210928-20220221,HS,21059656,3788.9,13.654,2.882610219299999,1,poor,NA
AIMS,2021-10-30T01:45:00Z,TLM12,STIC,20210928-20220221,HS,21059656,3788.9,13.654,2.882610219299999,1,poor,NA
AIMS,2021-10-30T02:00:00Z,TLM12,STIC,20210928-20220221,HS,21059656,3788.9,13.75,2.882610219299999,1,poor,NA
AIMS,2021-10-30T02:15:00Z,TLM12,STIC,20210928-20220221,HS,21059656,3788.9,13.654,2.882610219299999,1,poor,NA
AIMS,2021-10-30T02:30:00Z,TLM12,STIC,20210928-20220221,HS,21059656,3788.9,13.75,2.882610219299999,1,poor,NA
AIMS,2021-10-30T02:45:00Z,TLM12,STIC,20210928-20220221,HS,21059656,3788.9,13.75,2.882610219299999,1,poor,NA
AIMS,2021-10-30T03:00:00Z,TLM12,STIC,20210928-20220221,HS,21059656,3788.9,13.75,2.882610219299999,1,poor,NA
AIMS,2021-10-30T03:15:00Z,TLM12,STIC,20210928-20220221,HS,21059656,3788.9,13.75,2.882610219299999,1,poor,NA
AIMS,2021-10-30T03:30:00Z,TLM12,STIC,20210928-20220221,HS,21059656,3788.9,13.75,2.882610219299999,1,poor,NA
AIMS,2021-10-30T03:45:00Z,TLM12,STIC,20210928-20220221,HS,21059656,3788.9,13.75,2.882610219299999,1,poor,NA
AIMS,2021-10-30T04:00:00Z,TLM12,STIC,20210928-20220221,HS,21059656,3788.9,13.75,2.882610219299999,1,poor,NA
AIMS,2021-10-30T04:15:00Z,TLM12,STIC,20210928-20220221,HS,21059656,3788.9,13.75,2.882610219299999,1,poor,NA
AIMS,2021-10-30T04:30:00Z,TLM12,STIC,20210928-20220221,HS,21059656,3788.9,13.75,2.882610219299999,1,poor,NA
AIMS,2021-10-30T04:45:00Z,TLM12,STIC,20210928-20220221,HS,21059656,3788.9,13.75,2.882610219299999,1,poor,NA
AIMS,2021-10-30T05:00:00Z,TLM12,STIC,20210928-20220221,HS,21059656,3788.9,13.75,2.882610219299999,1,poor,NA
AIMS,2021-10-30T05:15:00Z,TLM12,STIC,20210928-20220221,HS,21059656,3788.9,13.75,2.882610219299999,1,poor,NA
AIMS,2021-10-30T05:30:00Z,TLM12,STIC,20210928-20220221,HS,21059656,3788.9,13.75,2.882610219299999,1,poor,NA
AIMS,2021-10-30T05:45:00Z,TLM12,STIC,20210928-20220221,HS,21059656,3788.9,13.75,2.882610219299999,1,poor,NA
AIMS,2021-10-30T06:00:00Z,TLM12,STIC,20210928-20220221,HS,21059656,3788.9,13.75,2.882610219299999,1,poor,NA
AIMS,2021-10-30T06:15:00Z,TLM12,STIC,20210928-20220221,HS,21059656,3788.9,13.75,2.882610219299999,1,poor,NA
AIMS,2021-10-30T06:30:00Z,TLM12,STIC,20210928-20220221,HS,21059656,3788.9,13.75,2.882610219299999,1,poor,NA
AIMS,2021-10-30T06:45:00Z,TLM12,STIC,20210928-20220221,HS,21059656,3788.9,13.846,2.882610219299999,1,poor,NA
AIMS,2021-10-30T07:00:00Z,TLM12,STIC,20210928-20220221,HS,21059656,3788.9,13.846,2.882610219299999,1,poor,NA
AIMS,2021-10-30T07:15:00Z,TLM12,STIC,20210928-20220221,HS,21059656,3788.9,13.846,2.882610219299999,1,poor,NA
AIMS,2021-10-30T07:30:00Z,TLM12,STIC,20210928-20220221,HS,21059656,3788.9,13.846,2.882610219299999,1,poor,NA
AIMS,2021-10-30T07:45:00Z,TLM12,STIC,20210928-20220221,HS,21059656,3788.9,13.846,2.882610219299999,1,poor,NA
AIMS,2021-10-30T08:00:00Z,TLM12,STIC,20210928-20220221,HS,21059656,3788.9,13.846,2.882610219299999,1,poor,NA
AIMS,2021-10-30T08:15:00Z,TLM12,STIC,20210928-20220221,HS,21059656,3788.9,13.846,2.882610219299999,1,poor,NA
AIMS,2021-10-30T08:30:00Z,TLM12,STIC,20210928-20220221,HS,21059656,3788.9,13.846,2.882610219299999,1,poor,NA
AIMS,2021-10-30T08:45:00Z,TLM12,STIC,20210928-20220221,HS,21059656,3788.9,13.846,2.882610219299999,1,poor,NA
AIMS,2021-10-30T09:00:00Z,TLM12,STIC,20210928-20220221,HS,21059656,3788.9,13.846,2.882610219299999,1,poor,NA
AIMS,2021-10-30T09:15:00Z,TLM12,STIC,20210928-20220221,HS,21059656,3788.9,13.846,2.882610219299999,1,poor,NA
AIMS,2021-10-30T09:30:00Z,TLM12,STIC,20210928-20220221,HS,21059656,3788.9,13.846,2.882610219299999,1,poor,NA
AIMS,2021-10-30T09:45:00Z,TLM12,STIC,20210928-20220221,HS,21059656,3788.9,13.846,2.882610219299999,1,poor,NA
AIMS,2021-10-30T10:00:00Z,TLM12,STIC,20210928-20220221,HS,21059656,3788.9,13.846,2.882610219299999,1,poor,NA
AIMS,2021-10-30T10:15:00Z,TLM12,STIC,20210928-20220221,HS,21059656,3788.9,13.846,2.882610219299999,1,poor,NA
AIMS,2021-10-30T10:30:00Z,TLM12,STIC,20210928-20220221,HS,21059656,3788.9,13.846,2.882610219299999,1,poor,NA
AIMS,2021-10-30T10:45:00Z,TLM12,STIC,20210928-20220221,HS,21059656,3788.9,13.846,2.882610219299999,1,poor,NA
AIMS,2021-10-30T11:00:00Z,TLM12,STIC,20210928-20220221,HS,21059656,3788.9,13.942,2.882610219299999,1,poor,NA
AIMS,2021-10-30T11:15:00Z,TLM12,STIC,20210928-20220221,HS,21059656,3788.9,13.942,2.882610219299999,1,poor,NA
AIMS,2021-10-30T11:30:00Z,TLM12,STIC,20210928-20220221,HS,21059656,3788.9,13.942,2.882610219299999,1,poor,NA
AIMS,2021-10-30T11:45:00Z,TLM12,STIC,20210928-20220221,HS,21059656,3788.9,13.942,2.882610219299999,1,poor,NA
AIMS,2021-10-30T12:00:00Z,TLM12,STIC,20210928-20220221,HS,21059656,3788.9,13.942,2.882610219299999,1,poor,NA
AIMS,2021-10-30T12:15:00Z,TLM12,STIC,20210928-20220221,HS,21059656,3788.9,13.942,2.882610219299999,1,poor,NA
AIMS,2021-10-30T12:30:00Z,TLM12,STIC,20210928-20220221,HS,21059656,3788.9,13.942,2.882610219299999,1,poor,NA
AIMS,2021-10-30T12:45:00Z,TLM12,STIC,20210928-20220221,HS,21059656,3788.9,13.942,2.882610219299999,1,poor,NA
AIMS,2021-10-30T13:00:00Z,TLM12,STIC,20210928-20220221,HS,21059656,3788.9,13.942,2.882610219299999,1,poor,NA
AIMS,2021-10-30T13:15:00Z,TLM12,STIC,20210928-20220221,HS,21059656,3788.9,13.942,2.882610219299999,1,poor,NA
AIMS,2021-10-30T13:30:00Z,TLM12,STIC,20210928-20220221,HS,21059656,3788.9,13.942,2.882610219299999,1,poor,NA
AIMS,2021-10-30T13:45:00Z,TLM12,STIC,20210928-20220221,HS,21059656,3788.9,13.942,2.882610219299999,1,poor,NA
AIMS,2021-10-30T14:00:00Z,TLM12,STIC,20210928-20220221,HS,21059656,3788.9,13.942,2.882610219299999,1,poor,NA
AIMS,2021-10-30T14:15:00Z,TLM12,STIC,20210928-20220221,HS,21059656,3788.9,13.942,2.882610219299999,1,poor,NA
AIMS,2021-10-30T14:30:00Z,TLM12,STIC,20210928-20220221,HS,21059656,3788.9,13.942,2.882610219299999,1,poor,NA
AIMS,2021-10-30T14:45:00Z,TLM12,STIC,20210928-20220221,HS,21059656,3788.9,14.038,2.882610219299999,1,poor,NA
AIMS,2021-10-30T15:00:00Z,TLM12,STIC,20210928-20220221,HS,21059656,3616.7,14.038,2.4053205519,1,poor,NA
AIMS,2021-10-30T15:15:00Z,TLM12,STIC,20210928-20220221,HS,21059656,3616.7,14.038,2.4053205519,1,poor,NA
AIMS,2021-10-30T15:30:00Z,TLM12,STIC,20210928-20220221,HS,21059656,3788.9,14.038,2.882610219299999,1,poor,NA
AIMS,2021-10-30T15:45:00Z,TLM12,STIC,20210928-20220221,HS,21059656,3616.7,14.038,2.4053205519,1,poor,NA
AIMS,2021-10-30T16:00:00Z,TLM12,STIC,20210928-20220221,HS,21059656,3616.7,14.134,2.4053205519,1,poor,NA
AIMS,2021-10-30T16:15:00Z,TLM12,STIC,20210928-20220221,HS,21059656,3788.9,14.134,2.882610219299999,1,poor,NA
AIMS,2021-10-30T16:30:00Z,TLM12,STIC,20210928-20220221,HS,21059656,3788.9,14.134,2.882610219299999,1,poor,NA
AIMS,2021-10-30T16:45:00Z,TLM12,STIC,20210928-20220221,HS,21059656,3788.9,14.134,2.882610219299999,1,poor,NA
AIMS,2021-10-30T17:00:00Z,TLM12,STIC,20210928-20220221,HS,21059656,3788.9,14.134,2.882610219299999,1,poor,NA
AIMS,2021-10-30T17:15:00Z,TLM12,STIC,20210928-20220221,HS,21059656,3788.9,14.134,2.882610219299999,1,poor,NA
AIMS,2021-10-30T17:30:00Z,TLM12,STIC,20210928-20220221,HS,21059656,3788.9,14.134,2.882610219299999,1,poor,NA
AIMS,2021-10-30T17:45:00Z,TLM12,STIC,20210928-20220221,HS,21059656,3788.9,14.134,2.882610219299999,1,poor,NA
AIMS,2021-10-30T18:00:00Z,TLM12,STIC,20210928-20220221,HS,21059656,3788.9,14.134,2.882610219299999,1,poor,NA
AIMS,2021-10-30T18:15:00Z,TLM12,STIC,20210928-20220221,HS,21059656,3788.9,14.134,2.882610219299999,1,poor,NA
AIMS,2021-10-30T18:30:00Z,TLM12,STIC,20210928-20220221,HS,21059656,3788.9,14.134,2.882610219299999,1,poor,NA
AIMS,2021-10-30T18:45:00Z,TLM12,STIC,20210928-20220221,HS,21059656,3788.9,14.134,2.882610219299999,1,poor,NA
AIMS,2021-10-30T19:00:00Z,TLM12,STIC,20210928-20220221,HS,21059656,3788.9,14.134,2.882610219299999,1,poor,NA
AIMS,2021-10-30T19:15:00Z,TLM12,STIC,20210928-20220221,HS,21059656,3788.9,14.134,2.882610219299999,1,poor,NA
AIMS,2021-10-30T19:30:00Z,TLM12,STIC,20210928-20220221,HS,21059656,3788.9,14.134,2.882610219299999,1,poor,NA
AIMS,2021-10-30T19:45:00Z,TLM12,STIC,20210928-20220221,HS,21059656,3788.9,14.134,2.882610219299999,1,poor,NA
AIMS,2021-10-30T20:00:00Z,TLM12,STIC,20210928-20220221,HS,21059656,3788.9,14.038,2.882610219299999,1,poor,NA
AIMS,2021-10-30T20:15:00Z,TLM12,STIC,20210928-20220221,HS,21059656,3788.9,14.038,2.882610219299999,1,poor,NA
AIMS,2021-10-30T20:30:00Z,TLM12,STIC,20210928-20220221,HS,21059656,3788.9,14.038,2.882610219299999,1,poor,NA
AIMS,2021-10-30T20:45:00Z,TLM12,STIC,20210928-20220221,HS,21059656,3788.9,14.038,2.882610219299999,1,poor,NA
AIMS,2021-10-30T21:00:00Z,TLM12,STIC,20210928-20220221,HS,21059656,3788.9,14.038,2.882610219299999,1,poor,NA
AIMS,2021-10-30T21:15:00Z,TLM12,STIC,20210928-20220221,HS,21059656,3788.9,14.038,2.882610219299999,1,poor,NA
AIMS,2021-10-30T21:30:00Z,TLM12,STIC,20210928-20220221,HS,21059656,3788.9,14.038,2.882610219299999,1,poor,NA
AIMS,2021-10-30T21:45:00Z,TLM12,STIC,20210928-20220221,HS,21059656,3788.9,13.942,2.882610219299999,1,poor,NA
AIMS,2021-10-30T22:00:00Z,TLM12,STIC,20210928-20220221,HS,21059656,3788.9,13.942,2.882610219299999,1,poor,NA
AIMS,2021-10-30T22:15:00Z,TLM12,STIC,20210928-20220221,HS,21059656,3788.9,13.942,2.882610219299999,1,poor,NA
AIMS,2021-10-30T22:30:00Z,TLM12,STIC,20210928-20220221,HS,21059656,3788.9,13.942,2.882610219299999,1,poor,NA
AIMS,2021-10-30T22:45:00Z,TLM12,STIC,20210928-20220221,HS,21059656,3788.9,13.942,2.882610219299999,1,poor,NA
AIMS,2021-10-30T23:00:00Z,TLM12,STIC,20210928-20220221,HS,21059656,3788.9,13.942,2.882610219299999,1,poor,NA
AIMS,2021-10-30T23:15:00Z,TLM12,STIC,20210928-20220221,HS,21059656,3788.9,13.942,2.882610219299999,1,poor,NA
AIMS,2021-10-30T23:30:00Z,TLM12,STIC,20210928-20220221,HS,21059656,3788.9,13.942,2.882610219299999,1,poor,NA
AIMS,2021-10-30T23:45:00Z,TLM12,STIC,20210928-20220221,HS,21059656,3788.9,13.942,2.882610219299999,1,poor,NA
AIMS,2021-10-31T00:00:00Z,TLM12,STIC,20210928-20220221,HS,21059656,3788.9,13.942,2.882610219299999,1,poor,NA
AIMS,2021-10-31T00:15:00Z,TLM12,STIC,20210928-20220221,HS,21059656,3961.1,13.942,3.3598998867,1,poor,NA
AIMS,2021-10-31T00:30:00Z,TLM12,STIC,20210928-20220221,HS,21059656,3961.1,13.942,3.3598998867,1,poor,NA
AIMS,2021-10-31T00:45:00Z,TLM12,STIC,20210928-20220221,HS,21059656,3961.1,13.942,3.3598998867,1,poor,NA
AIMS,2021-10-31T01:00:00Z,TLM12,STIC,20210928-20220221,HS,21059656,3961.1,13.942,3.3598998867,1,poor,NA
AIMS,2021-10-31T01:15:00Z,TLM12,STIC,20210928-20220221,HS,21059656,3961.1,13.942,3.3598998867,1,poor,NA
AIMS,2021-10-31T01:30:00Z,TLM12,STIC,20210928-20220221,HS,21059656,3961.1,13.942,3.3598998867,1,poor,NA
AIMS,2021-10-31T01:45:00Z,TLM12,STIC,20210928-20220221,HS,21059656,3961.1,13.942,3.3598998867,1,poor,NA
AIMS,2021-10-31T02:00:00Z,TLM12,STIC,20210928-20220221,HS,21059656,3961.1,13.942,3.3598998867,1,poor,NA
AIMS,2021-10-31T02:15:00Z,TLM12,STIC,20210928-20220221,HS,21059656,3961.1,13.846,3.3598998867,1,poor,NA
AIMS,2021-10-31T02:30:00Z,TLM12,STIC,20210928-20220221,HS,21059656,3961.1,13.846,3.3598998867,1,poor,NA
AIMS,2021-10-31T02:45:00Z,TLM12,STIC,20210928-20220221,HS,21059656,3961.1,13.846,3.3598998867,1,poor,NA
AIMS,2021-10-31T03:00:00Z,TLM12,STIC,20210928-20220221,HS,21059656,3961.1,13.846,3.3598998867,1,poor,NA
AIMS,2021-10-31T03:15:00Z,TLM12,STIC,20210928-20220221,HS,21059656,3961.1,13.846,3.3598998867,1,poor,NA
AIMS,2021-10-31T03:30:00Z,TLM12,STIC,20210928-20220221,HS,21059656,3961.1,13.846,3.3598998867,1,poor,NA
AIMS,2021-10-31T03:45:00Z,TLM12,STIC,20210928-20220221,HS,21059656,3961.1,13.846,3.3598998867,1,poor,NA
AIMS,2021-10-31T04:00:00Z,TLM12,STIC,20210928-20220221,HS,21059656,3961.1,13.846,3.3598998867,1,poor,NA
AIMS,2021-10-31T04:15:00Z,TLM12,STIC,20210928-20220221,HS,21059656,3961.1,13.846,3.3598998867,1,poor,NA
AIMS,2021-10-31T04:30:00Z,TLM12,STIC,20210928-20220221,HS,21059656,3961.1,13.846,3.3598998867,1,poor,NA
AIMS,2021-10-31T04:45:00Z,TLM12,STIC,20210928-20220221,HS,21059656,3961.1,13.846,3.3598998867,1,poor,NA
AIMS,2021-10-31T05:00:00Z,TLM12,STIC,20210928-20220221,HS,21059656,3961.1,13.846,3.3598998867,1,poor,NA
AIMS,2021-10-31T05:15:00Z,TLM12,STIC,20210928-20220221,HS,21059656,3961.1,13.846,3.3598998867,1,poor,NA
AIMS,2021-10-31T05:30:00Z,TLM12,STIC,20210928-20220221,HS,21059656,3961.1,13.846,3.3598998867,1,poor,NA
AIMS,2021-10-31T05:45:00Z,TLM12,STIC,20210928-20220221,HS,21059656,3961.1,13.846,3.3598998867,1,poor,NA
AIMS,2021-10-31T06:00:00Z,TLM12,STIC,20210928-20220221,HS,21059656,3961.1,13.846,3.3598998867,1,poor,NA
AIMS,2021-10-31T06:15:00Z,TLM12,STIC,20210928-20220221,HS,21059656,3961.1,13.846,3.3598998867,1,poor,NA
AIMS,2021-10-31T06:30:00Z,TLM12,STIC,20210928-20220221,HS,21059656,3961.1,13.846,3.3598998867,1,poor,NA
AIMS,2021-10-31T06:45:00Z,TLM12,STIC,20210928-20220221,HS,21059656,3961.1,13.846,3.3598998867,1,poor,NA
AIMS,2021-10-31T07:00:00Z,TLM12,STIC,20210928-20220221,HS,21059656,3961.1,13.846,3.3598998867,1,poor,NA
AIMS,2021-10-31T07:15:00Z,TLM12,STIC,20210928-20220221,HS,21059656,3961.1,13.846,3.3598998867,1,poor,NA
AIMS,2021-10-31T07:30:00Z,TLM12,STIC,20210928-20220221,HS,21059656,3961.1,13.846,3.3598998867,1,poor,NA
AIMS,2021-10-31T07:45:00Z,TLM12,STIC,20210928-20220221,HS,21059656,3961.1,13.846,3.3598998867,1,poor,NA
AIMS,2021-10-31T08:00:00Z,TLM12,STIC,20210928-20220221,HS,21059656,3961.1,13.846,3.3598998867,1,poor,NA
AIMS,2021-10-31T08:15:00Z,TLM12,STIC,20210928-20220221,HS,21059656,3961.1,13.846,3.3598998867,1,poor,NA
AIMS,2021-10-31T08:30:00Z,TLM12,STIC,20210928-20220221,HS,21059656,3961.1,13.846,3.3598998867,1,poor,NA
AIMS,2021-10-31T08:45:00Z,TLM12,STIC,20210928-20220221,HS,21059656,3961.1,13.846,3.3598998867,1,poor,NA
AIMS,2021-10-31T09:00:00Z,TLM12,STIC,20210928-20220221,HS,21059656,3961.1,13.846,3.3598998867,1,poor,NA
AIMS,2021-10-31T09:15:00Z,TLM12,STIC,20210928-20220221,HS,21059656,3961.1,13.846,3.3598998867,1,poor,NA
AIMS,2021-10-31T09:30:00Z,TLM12,STIC,20210928-20220221,HS,21059656,3961.1,13.846,3.3598998867,1,poor,NA
AIMS,2021-10-31T09:45:00Z,TLM12,STIC,20210928-20220221,HS,21059656,3961.1,13.846,3.3598998867,1,poor,NA
AIMS,2021-10-31T10:00:00Z,TLM12,STIC,20210928-20220221,HS,21059656,3961.1,13.846,3.3598998867,1,poor,NA
AIMS,2021-10-31T10:15:00Z,TLM12,STIC,20210928-20220221,HS,21059656,3961.1,13.846,3.3598998867,1,poor,NA
AIMS,2021-10-31T10:30:00Z,TLM12,STIC,20210928-20220221,HS,21059656,3961.1,13.846,3.3598998867,1,poor,NA
AIMS,2021-10-31T10:45:00Z,TLM12,STIC,20210928-20220221,HS,21059656,3961.1,13.846,3.3598998867,1,poor,NA
AIMS,2021-10-31T11:00:00Z,TLM12,STIC,20210928-20220221,HS,21059656,3961.1,13.846,3.3598998867,1,poor,NA
AIMS,2021-10-31T11:15:00Z,TLM12,STIC,20210928-20220221,HS,21059656,3961.1,13.846,3.3598998867,1,poor,NA
AIMS,2021-10-31T11:30:00Z,TLM12,STIC,20210928-20220221,HS,21059656,3961.1,13.846,3.3598998867,1,poor,NA
AIMS,2021-10-31T11:45:00Z,TLM12,STIC,20210928-20220221,HS,21059656,3961.1,13.846,3.3598998867,1,poor,NA
AIMS,2021-10-31T12:00:00Z,TLM12,STIC,20210928-20220221,HS,21059656,3961.1,13.846,3.3598998867,1,poor,NA
AIMS,2021-10-31T12:15:00Z,TLM12,STIC,20210928-20220221,HS,21059656,3961.1,13.846,3.3598998867,1,poor,NA
AIMS,2021-10-31T12:30:00Z,TLM12,STIC,20210928-20220221,HS,21059656,3961.1,13.846,3.3598998867,1,poor,NA
AIMS,2021-10-31T12:45:00Z,TLM12,STIC,20210928-20220221,HS,21059656,3961.1,13.846,3.3598998867,1,poor,NA
AIMS,2021-10-31T13:00:00Z,TLM12,STIC,20210928-20220221,HS,21059656,3788.9,13.846,2.882610219299999,1,poor,NA
AIMS,2021-10-31T13:15:00Z,TLM12,STIC,20210928-20220221,HS,21059656,3961.1,13.846,3.3598998867,1,poor,NA
AIMS,2021-10-31T13:30:00Z,TLM12,STIC,20210928-20220221,HS,21059656,3961.1,13.846,3.3598998867,1,poor,NA
AIMS,2021-10-31T13:45:00Z,TLM12,STIC,20210928-20220221,HS,21059656,3961.1,13.846,3.3598998867,1,poor,NA
AIMS,2021-10-31T14:00:00Z,TLM12,STIC,20210928-20220221,HS,21059656,3961.1,13.846,3.3598998867,1,poor,NA
AIMS,2021-10-31T14:15:00Z,TLM12,STIC,20210928-20220221,HS,21059656,3961.1,13.846,3.3598998867,1,poor,NA
AIMS,2021-10-31T14:30:00Z,TLM12,STIC,20210928-20220221,HS,21059656,3961.1,13.846,3.3598998867,1,poor,NA
AIMS,2021-10-31T14:45:00Z,TLM12,STIC,20210928-20220221,HS,21059656,3961.1,13.942,3.3598998867,1,poor,NA
AIMS,2021-10-31T15:00:00Z,TLM12,STIC,20210928-20220221,HS,21059656,3961.1,13.942,3.3598998867,1,poor,NA
AIMS,2021-10-31T15:15:00Z,TLM12,STIC,20210928-20220221,HS,21059656,3961.1,13.942,3.3598998867,1,poor,NA
AIMS,2021-10-31T15:30:00Z,TLM12,STIC,20210928-20220221,HS,21059656,3961.1,13.942,3.3598998867,1,poor,NA
AIMS,2021-10-31T15:45:00Z,TLM12,STIC,20210928-20220221,HS,21059656,3961.1,14.038,3.3598998867,1,poor,NA
AIMS,2021-10-31T16:00:00Z,TLM12,STIC,20210928-20220221,HS,21059656,3961.1,14.038,3.3598998867,1,poor,NA
AIMS,2021-10-31T16:15:00Z,TLM12,STIC,20210928-20220221,HS,21059656,3961.1,14.038,3.3598998867,1,poor,NA
AIMS,2021-10-31T16:30:00Z,TLM12,STIC,20210928-20220221,HS,21059656,3961.1,14.038,3.3598998867,1,poor,NA
AIMS,2021-10-31T16:45:00Z,TLM12,STIC,20210928-20220221,HS,21059656,3961.1,14.134,3.3598998867,1,poor,NA
AIMS,2021-10-31T17:00:00Z,TLM12,STIC,20210928-20220221,HS,21059656,3961.1,14.134,3.3598998867,1,poor,NA
AIMS,2021-10-31T17:15:00Z,TLM12,STIC,20210928-20220221,HS,21059656,3961.1,14.23,3.3598998867,1,poor,NA
AIMS,2021-10-31T17:30:00Z,TLM12,STIC,20210928-20220221,HS,21059656,3961.1,14.23,3.3598998867,1,poor,NA
AIMS,2021-10-31T17:45:00Z,TLM12,STIC,20210928-20220221,HS,21059656,3961.1,14.325,3.3598998867,1,poor,NA
AIMS,2021-10-31T18:00:00Z,TLM12,STIC,20210928-20220221,HS,21059656,3961.1,14.421,3.3598998867,1,poor,NA
AIMS,2021-10-31T18:15:00Z,TLM12,STIC,20210928-20220221,HS,21059656,3961.1,14.421,3.3598998867,1,poor,NA
AIMS,2021-10-31T18:30:00Z,TLM12,STIC,20210928-20220221,HS,21059656,3961.1,14.517,3.3598998867,1,poor,NA
AIMS,2021-10-31T18:45:00Z,TLM12,STIC,20210928-20220221,HS,21059656,3961.1,14.613,3.3598998867,1,poor,NA
AIMS,2021-10-31T19:00:00Z,TLM12,STIC,20210928-20220221,HS,21059656,3961.1,14.804,3.3598998867,1,poor,NA
AIMS,2021-10-31T19:15:00Z,TLM12,STIC,20210928-20220221,HS,21059656,3961.1,14.9,3.3598998867,1,poor,NA
AIMS,2021-10-31T19:30:00Z,TLM12,STIC,20210928-20220221,HS,21059656,3961.1,14.9,3.3598998867,1,poor,NA
AIMS,2021-10-31T19:45:00Z,TLM12,STIC,20210928-20220221,HS,21059656,3961.1,14.9,3.3598998867,1,poor,NA
AIMS,2021-10-31T20:00:00Z,TLM12,STIC,20210928-20220221,HS,21059656,3961.1,14.9,3.3598998867,1,poor,NA
AIMS,2021-10-31T20:15:00Z,TLM12,STIC,20210928-20220221,HS,21059656,3961.1,14.996,3.3598998867,1,poor,NA
AIMS,2021-10-31T20:30:00Z,TLM12,STIC,20210928-20220221,HS,21059656,3961.1,14.996,3.3598998867,1,poor,NA
AIMS,2021-10-31T20:45:00Z,TLM12,STIC,20210928-20220221,HS,21059656,3961.1,15.091,3.3598998867,1,poor,NA
AIMS,2021-10-31T21:00:00Z,TLM12,STIC,20210928-20220221,HS,21059656,3961.1,15.091,3.3598998867,1,poor,NA
AIMS,2021-10-31T21:15:00Z,TLM12,STIC,20210928-20220221,HS,21059656,3961.1,15.091,3.3598998867,1,poor,NA
AIMS,2021-10-31T21:30:00Z,TLM12,STIC,20210928-20220221,HS,21059656,3961.1,15.091,3.3598998867,1,poor,NA
AIMS,2021-10-31T21:45:00Z,TLM12,STIC,20210928-20220221,HS,21059656,3961.1,15.091,3.3598998867,1,poor,NA
AIMS,2021-10-31T22:00:00Z,TLM12,STIC,20210928-20220221,HS,21059656,3961.1,15.091,3.3598998867,1,poor,NA
AIMS,2021-10-31T22:15:00Z,TLM12,STIC,20210928-20220221,HS,21059656,3961.1,15.091,3.3598998867,1,poor,NA
AIMS,2021-10-31T22:30:00Z,TLM12,STIC,20210928-20220221,HS,21059656,3961.1,14.996,3.3598998867,1,poor,NA
AIMS,2021-10-31T22:45:00Z,TLM12,STIC,20210928-20220221,HS,21059656,3961.1,14.996,3.3598998867,1,poor,NA
AIMS,2021-10-31T23:00:00Z,TLM12,STIC,20210928-20220221,HS,21059656,3961.1,14.9,3.3598998867,1,poor,NA
AIMS,2021-10-31T23:15:00Z,TLM12,STIC,20210928-20220221,HS,21059656,3961.1,14.9,3.3598998867,1,poor,NA
AIMS,2021-10-31T23:30:00Z,TLM12,STIC,20210928-20220221,HS,21059656,3961.1,14.804,3.3598998867,1,poor,NA
AIMS,2021-10-31T23:45:00Z,TLM12,STIC,20210928-20220221,HS,21059656,3961.1,14.709,3.3598998867,1,poor,NA
AIMS,2021-11-01T00:00:00Z,TLM12,STIC,20210928-20220221,HS,21059656,3961.1,14.613,3.3598998867,1,poor,NA
AIMS,2021-11-01T00:15:00Z,TLM12,STIC,20210928-20220221,HS,21059656,3961.1,14.613,3.3598998867,1,poor,NA
AIMS,2021-11-01T00:30:00Z,TLM12,STIC,20210928-20220221,HS,21059656,3961.1,14.517,3.3598998867,1,poor,NA
AIMS,2021-11-01T00:45:00Z,TLM12,STIC,20210928-20220221,HS,21059656,3961.1,14.421,3.3598998867,1,poor,NA
AIMS,2021-11-01T01:00:00Z,TLM12,STIC,20210928-20220221,HS,21059656,3961.1,14.325,3.3598998867,1,poor,NA
AIMS,2021-11-01T01:15:00Z,TLM12,STIC,20210928-20220221,HS,21059656,3961.1,14.325,3.3598998867,1,poor,NA
AIMS,2021-11-01T01:30:00Z,TLM12,STIC,20210928-20220221,HS,21059656,3961.1,14.23,3.3598998867,1,poor,NA
AIMS,2021-11-01T01:45:00Z,TLM12,STIC,20210928-20220221,HS,21059656,3961.1,14.23,3.3598998867,1,poor,NA
AIMS,2021-11-01T02:00:00Z,TLM12,STIC,20210928-20220221,HS,21059656,3961.1,14.134,3.3598998867,1,poor,NA
AIMS,2021-11-01T02:15:00Z,TLM12,STIC,20210928-20220221,HS,21059656,3961.1,14.038,3.3598998867,1,poor,NA
AIMS,2021-11-01T02:30:00Z,TLM12,STIC,20210928-20220221,HS,21059656,3961.1,14.038,3.3598998867,1,poor,NA
AIMS,2021-11-01T02:45:00Z,TLM12,STIC,20210928-20220221,HS,21059656,3961.1,13.942,3.3598998867,1,poor,NA
AIMS,2021-11-01T03:00:00Z,TLM12,STIC,20210928-20220221,HS,21059656,3961.1,13.846,3.3598998867,1,poor,NA
AIMS,2021-11-01T03:15:00Z,TLM12,STIC,20210928-20220221,HS,21059656,3961.1,13.846,3.3598998867,1,poor,NA
AIMS,2021-11-01T03:30:00Z,TLM12,STIC,20210928-20220221,HS,21059656,3961.1,13.75,3.3598998867,1,poor,NA
AIMS,2021-11-01T03:45:00Z,TLM12,STIC,20210928-20220221,HS,21059656,3961.1,13.75,3.3598998867,1,poor,NA
AIMS,2021-11-01T04:00:00Z,TLM12,STIC,20210928-20220221,HS,21059656,3961.1,13.654,3.3598998867,1,poor,NA
AIMS,2021-11-01T04:15:00Z,TLM12,STIC,20210928-20220221,HS,21059656,3961.1,13.654,3.3598998867,1,poor,NA
AIMS,2021-11-01T04:30:00Z,TLM12,STIC,20210928-20220221,HS,21059656,3961.1,13.558,3.3598998867,1,poor,NA
AIMS,2021-11-01T04:45:00Z,TLM12,STIC,20210928-20220221,HS,21059656,3961.1,13.461,3.3598998867,1,poor,NA
AIMS,2021-11-01T05:00:00Z,TLM12,STIC,20210928-20220221,HS,21059656,3961.1,13.461,3.3598998867,1,poor,NA
AIMS,2021-11-01T05:15:00Z,TLM12,STIC,20210928-20220221,HS,21059656,3961.1,13.365,3.3598998867,1,poor,NA
AIMS,2021-11-01T05:30:00Z,TLM12,STIC,20210928-20220221,HS,21059656,3961.1,13.365,3.3598998867,1,poor,NA
AIMS,2021-11-01T05:45:00Z,TLM12,STIC,20210928-20220221,HS,21059656,3961.1,13.269,3.3598998867,1,poor,NA
AIMS,2021-11-01T06:00:00Z,TLM12,STIC,20210928-20220221,HS,21059656,3961.1,13.173,3.3598998867,1,poor,NA
AIMS,2021-11-01T06:15:00Z,TLM12,STIC,20210928-20220221,HS,21059656,3961.1,13.173,3.3598998867,1,poor,NA
AIMS,2021-11-01T06:30:00Z,TLM12,STIC,20210928-20220221,HS,21059656,3961.1,13.076,3.3598998867,1,poor,NA
AIMS,2021-11-01T06:45:00Z,TLM12,STIC,20210928-20220221,HS,21059656,3961.1,13.076,3.3598998867,1,poor,NA
AIMS,2021-11-01T07:00:00Z,TLM12,STIC,20210928-20220221,HS,21059656,3961.1,12.98,3.3598998867,1,poor,NA
AIMS,2021-11-01T07:15:00Z,TLM12,STIC,20210928-20220221,HS,21059656,3961.1,12.98,3.3598998867,1,poor,NA
AIMS,2021-11-01T07:30:00Z,TLM12,STIC,20210928-20220221,HS,21059656,3961.1,12.98,3.3598998867,1,poor,NA
AIMS,2021-11-01T07:45:00Z,TLM12,STIC,20210928-20220221,HS,21059656,3961.1,12.883,3.3598998867,1,poor,NA
AIMS,2021-11-01T08:00:00Z,TLM12,STIC,20210928-20220221,HS,21059656,3961.1,12.883,3.3598998867,1,poor,NA
AIMS,2021-11-01T08:15:00Z,TLM12,STIC,20210928-20220221,HS,21059656,3961.1,12.883,3.3598998867,1,poor,NA
AIMS,2021-11-01T08:30:00Z,TLM12,STIC,20210928-20220221,HS,21059656,3961.1,12.883,3.3598998867,1,poor,NA
AIMS,2021-11-01T08:45:00Z,TLM12,STIC,20210928-20220221,HS,21059656,3961.1,12.787,3.3598998867,1,poor,NA
AIMS,2021-11-01T09:00:00Z,TLM12,STIC,20210928-20220221,HS,21059656,3961.1,12.787,3.3598998867,1,poor,NA
AIMS,2021-11-01T09:15:00Z,TLM12,STIC,20210928-20220221,HS,21059656,3961.1,12.787,3.3598998867,1,poor,NA
AIMS,2021-11-01T09:30:00Z,TLM12,STIC,20210928-20220221,HS,21059656,3961.1,12.69,3.3598998867,1,poor,NA
AIMS,2021-11-01T09:45:00Z,TLM12,STIC,20210928-20220221,HS,21059656,3961.1,12.69,3.3598998867,1,poor,NA
AIMS,2021-11-01T10:00:00Z,TLM12,STIC,20210928-20220221,HS,21059656,3961.1,12.69,3.3598998867,1,poor,NA
AIMS,2021-11-01T10:15:00Z,TLM12,STIC,20210928-20220221,HS,21059656,3961.1,12.69,3.3598998867,1,poor,NA
AIMS,2021-11-01T10:30:00Z,TLM12,STIC,20210928-20220221,HS,21059656,3961.1,12.69,3.3598998867,1,poor,NA
AIMS,2021-11-01T10:45:00Z,TLM12,STIC,20210928-20220221,HS,21059656,3961.1,12.69,3.3598998867,1,poor,NA
AIMS,2021-11-01T11:00:00Z,TLM12,STIC,20210928-20220221,HS,21059656,3961.1,12.69,3.3598998867,1,poor,NA
AIMS,2021-11-01T11:15:00Z,TLM12,STIC,20210928-20220221,HS,21059656,3961.1,12.69,3.3598998867,1,poor,NA
AIMS,2021-11-01T11:30:00Z,TLM12,STIC,20210928-20220221,HS,21059656,3961.1,12.69,3.3598998867,1,poor,NA
AIMS,2021-11-01T11:45:00Z,TLM12,STIC,20210928-20220221,HS,21059656,3961.1,12.69,3.3598998867,1,poor,NA
AIMS,2021-11-01T12:00:00Z,TLM12,STIC,20210928-20220221,HS,21059656,3961.1,12.69,3.3598998867,1,poor,NA
AIMS,2021-11-01T12:15:00Z,TLM12,STIC,20210928-20220221,HS,21059656,3961.1,12.69,3.3598998867,1,poor,NA
AIMS,2021-11-01T12:30:00Z,TLM12,STIC,20210928-20220221,HS,21059656,3961.1,12.69,3.3598998867,1,poor,NA
AIMS,2021-11-01T12:45:00Z,TLM12,STIC,20210928-20220221,HS,21059656,3961.1,12.69,3.3598998867,1,poor,NA
AIMS,2021-11-01T13:00:00Z,TLM12,STIC,20210928-20220221,HS,21059656,3961.1,12.69,3.3598998867,1,poor,NA
AIMS,2021-11-01T13:15:00Z,TLM12,STIC,20210928-20220221,HS,21059656,3961.1,12.69,3.3598998867,1,poor,NA
AIMS,2021-11-01T13:30:00Z,TLM12,STIC,20210928-20220221,HS,21059656,3961.1,12.69,3.3598998867,1,poor,NA
AIMS,2021-11-01T13:45:00Z,TLM12,STIC,20210928-20220221,HS,21059656,3961.1,12.69,3.3598998867,1,poor,NA
AIMS,2021-11-01T14:00:00Z,TLM12,STIC,20210928-20220221,HS,21059656,3961.1,12.787,3.3598998867,1,poor,NA
AIMS,2021-11-01T14:15:00Z,TLM12,STIC,20210928-20220221,HS,21059656,3961.1,12.787,3.3598998867,1,poor,NA
AIMS,2021-11-01T14:30:00Z,TLM12,STIC,20210928-20220221,HS,21059656,3961.1,12.883,3.3598998867,1,poor,NA
AIMS,2021-11-01T14:45:00Z,TLM12,STIC,20210928-20220221,HS,21059656,3961.1,12.98,3.3598998867,1,poor,NA
AIMS,2021-11-01T15:00:00Z,TLM12,STIC,20210928-20220221,HS,21059656,3961.1,13.076,3.3598998867,1,poor,NA
AIMS,2021-11-01T15:15:00Z,TLM12,STIC,20210928-20220221,HS,21059656,3961.1,13.076,3.3598998867,1,poor,NA
AIMS,2021-11-01T15:30:00Z,TLM12,STIC,20210928-20220221,HS,21059656,3961.1,13.173,3.3598998867,1,poor,NA
AIMS,2021-11-01T15:45:00Z,TLM12,STIC,20210928-20220221,HS,21059656,3961.1,13.269,3.3598998867,1,poor,NA
AIMS,2021-11-01T16:00:00Z,TLM12,STIC,20210928-20220221,HS,21059656,3961.1,13.365,3.3598998867,1,poor,NA
AIMS,2021-11-01T16:15:00Z,TLM12,STIC,20210928-20220221,HS,21059656,3961.1,13.461,3.3598998867,1,poor,NA
AIMS,2021-11-01T16:30:00Z,TLM12,STIC,20210928-20220221,HS,21059656,3961.1,13.654,3.3598998867,1,poor,NA
AIMS,2021-11-01T16:45:00Z,TLM12,STIC,20210928-20220221,HS,21059656,3961.1,13.75,3.3598998867,1,poor,NA
AIMS,2021-11-01T17:00:00Z,TLM12,STIC,20210928-20220221,HS,21059656,3961.1,13.846,3.3598998867,1,poor,NA
AIMS,2021-11-01T17:15:00Z,TLM12,STIC,20210928-20220221,HS,21059656,3961.1,14.038,3.3598998867,1,poor,NA
AIMS,2021-11-01T17:30:00Z,TLM12,STIC,20210928-20220221,HS,21059656,3961.1,14.23,3.3598998867,1,poor,NA
AIMS,2021-11-01T17:45:00Z,TLM12,STIC,20210928-20220221,HS,21059656,3961.1,14.325,3.3598998867,1,poor,NA
AIMS,2021-11-01T18:00:00Z,TLM12,STIC,20210928-20220221,HS,21059656,3961.1,14.517,3.3598998867,1,poor,NA
AIMS,2021-11-01T18:15:00Z,TLM12,STIC,20210928-20220221,HS,21059656,3961.1,14.613,3.3598998867,1,poor,NA
AIMS,2021-11-01T18:30:00Z,TLM12,STIC,20210928-20220221,HS,21059656,3961.1,14.709,3.3598998867,1,poor,NA
AIMS,2021-11-01T18:45:00Z,TLM12,STIC,20210928-20220221,HS,21059656,3961.1,14.9,3.3598998867,1,poor,NA
AIMS,2021-11-01T19:00:00Z,TLM12,STIC,20210928-20220221,HS,21059656,3961.1,15.187,3.3598998867,1,poor,NA
AIMS,2021-11-01T19:15:00Z,TLM12,STIC,20210928-20220221,HS,21059656,3961.1,15.187,3.3598998867,1,poor,NA
AIMS,2021-11-01T19:30:00Z,TLM12,STIC,20210928-20220221,HS,21059656,3961.1,15.187,3.3598998867,1,poor,NA
AIMS,2021-11-01T19:45:00Z,TLM12,STIC,20210928-20220221,HS,21059656,4133.4,15.187,3.837466725799998,1,poor,NA
AIMS,2021-11-01T20:00:00Z,TLM12,STIC,20210928-20220221,HS,21059656,4133.4,15.282,3.837466725799998,1,poor,NA
AIMS,2021-11-01T20:15:00Z,TLM12,STIC,20210928-20220221,HS,21059656,4133.4,15.282,3.837466725799998,1,poor,NA
AIMS,2021-11-01T20:30:00Z,TLM12,STIC,20210928-20220221,HS,21059656,4133.4,15.378,3.837466725799998,1,poor,NA
AIMS,2021-11-01T20:45:00Z,TLM12,STIC,20210928-20220221,HS,21059656,4133.4,15.378,3.837466725799998,1,poor,NA
AIMS,2021-11-01T21:00:00Z,TLM12,STIC,20210928-20220221,HS,21059656,4133.4,15.378,3.837466725799998,1,poor,NA
AIMS,2021-11-01T21:15:00Z,TLM12,STIC,20210928-20220221,HS,21059656,4133.4,15.473,3.837466725799998,1,poor,NA
AIMS,2021-11-01T21:30:00Z,TLM12,STIC,20210928-20220221,HS,21059656,4133.4,15.473,3.837466725799998,1,poor,NA
AIMS,2021-11-01T21:45:00Z,TLM12,STIC,20210928-20220221,HS,21059656,4133.4,15.473,3.837466725799998,1,poor,NA
AIMS,2021-11-01T22:00:00Z,TLM12,STIC,20210928-20220221,HS,21059656,4133.4,15.473,3.837466725799998,1,poor,NA
AIMS,2021-11-01T22:15:00Z,TLM12,STIC,20210928-20220221,HS,21059656,4133.4,15.473,3.837466725799998,1,poor,NA
AIMS,2021-11-01T22:30:00Z,TLM12,STIC,20210928-20220221,HS,21059656,4133.4,15.378,3.837466725799998,1,poor,NA
AIMS,2021-11-01T22:45:00Z,TLM12,STIC,20210928-20220221,HS,21059656,4133.4,15.378,3.837466725799998,1,poor,NA
AIMS,2021-11-01T23:00:00Z,TLM12,STIC,20210928-20220221,HS,21059656,4133.4,15.282,3.837466725799998,1,poor,NA
AIMS,2021-11-01T23:15:00Z,TLM12,STIC,20210928-20220221,HS,21059656,4133.4,15.187,3.837466725799998,1,poor,NA
AIMS,2021-11-01T23:30:00Z,TLM12,STIC,20210928-20220221,HS,21059656,4133.4,15.187,3.837466725799998,1,poor,NA
AIMS,2021-11-01T23:45:00Z,TLM12,STIC,20210928-20220221,HS,21059656,4133.4,15.091,3.837466725799998,1,poor,NA
AIMS,2021-11-02T00:00:00Z,TLM12,STIC,20210928-20220221,HS,21059656,4133.4,14.996,3.837466725799998,1,poor,NA
AIMS,2021-11-02T00:15:00Z,TLM12,STIC,20210928-20220221,HS,21059656,4133.4,14.9,3.837466725799998,1,poor,NA
AIMS,2021-11-02T00:30:00Z,TLM12,STIC,20210928-20220221,HS,21059656,4133.4,14.804,3.837466725799998,1,poor,NA
AIMS,2021-11-02T00:45:00Z,TLM12,STIC,20210928-20220221,HS,21059656,4133.4,14.709,3.837466725799998,1,poor,NA
AIMS,2021-11-02T01:00:00Z,TLM12,STIC,20210928-20220221,HS,21059656,4133.4,14.613,3.837466725799998,1,poor,NA
AIMS,2021-11-02T01:15:00Z,TLM12,STIC,20210928-20220221,HS,21059656,4305.6,14.613,4.314756393200001,1,poor,NA
AIMS,2021-11-02T01:30:00Z,TLM12,STIC,20210928-20220221,HS,21059656,4477.8,14.517,4.7920460606,1,poor,NA
AIMS,2021-11-02T01:45:00Z,TLM12,STIC,20210928-20220221,HS,21059656,4650,14.421,5.269335727999999,1,poor,NA
AIMS,2021-11-02T02:00:00Z,TLM12,STIC,20210928-20220221,HS,21059656,4822.3,14.325,5.7469025671,1,poor,NA
AIMS,2021-11-02T02:15:00Z,TLM12,STIC,20210928-20220221,HS,21059656,4822.3,14.325,5.7469025671,1,poor,NA
AIMS,2021-11-02T02:30:00Z,TLM12,STIC,20210928-20220221,HS,21059656,4822.3,14.23,5.7469025671,1,poor,NA
AIMS,2021-11-02T02:45:00Z,TLM12,STIC,20210928-20220221,HS,21059656,4822.3,14.134,5.7469025671,1,poor,NA
AIMS,2021-11-02T03:00:00Z,TLM12,STIC,20210928-20220221,HS,21059656,4822.3,14.038,5.7469025671,1,poor,NA
AIMS,2021-11-02T03:15:00Z,TLM12,STIC,20210928-20220221,HS,21059656,4822.3,14.038,5.7469025671,1,poor,NA
AIMS,2021-11-02T03:30:00Z,TLM12,STIC,20210928-20220221,HS,21059656,4822.3,13.942,5.7469025671,1,poor,NA
AIMS,2021-11-02T03:45:00Z,TLM12,STIC,20210928-20220221,HS,21059656,4822.3,13.846,5.7469025671,1,poor,NA
AIMS,2021-11-02T04:00:00Z,TLM12,STIC,20210928-20220221,HS,21059656,4822.3,13.75,5.7469025671,1,poor,NA
AIMS,2021-11-02T04:15:00Z,TLM12,STIC,20210928-20220221,HS,21059656,4822.3,13.75,5.7469025671,1,poor,NA
AIMS,2021-11-02T04:30:00Z,TLM12,STIC,20210928-20220221,HS,21059656,4822.3,13.654,5.7469025671,1,poor,NA
AIMS,2021-11-02T04:45:00Z,TLM12,STIC,20210928-20220221,HS,21059656,4822.3,13.558,5.7469025671,1,poor,NA
AIMS,2021-11-02T05:00:00Z,TLM12,STIC,20210928-20220221,HS,21059656,4822.3,13.558,5.7469025671,1,poor,NA
AIMS,2021-11-02T05:15:00Z,TLM12,STIC,20210928-20220221,HS,21059656,4822.3,13.461,5.7469025671,1,poor,NA
AIMS,2021-11-02T05:30:00Z,TLM12,STIC,20210928-20220221,HS,21059656,4822.3,13.365,5.7469025671,1,poor,NA
AIMS,2021-11-02T05:45:00Z,TLM12,STIC,20210928-20220221,HS,21059656,4822.3,13.365,5.7469025671,1,poor,NA
AIMS,2021-11-02T06:00:00Z,TLM12,STIC,20210928-20220221,HS,21059656,4822.3,13.269,5.7469025671,1,poor,NA
AIMS,2021-11-02T06:15:00Z,TLM12,STIC,20210928-20220221,HS,21059656,4822.3,13.269,5.7469025671,1,poor,NA
AIMS,2021-11-02T06:30:00Z,TLM12,STIC,20210928-20220221,HS,21059656,4822.3,13.173,5.7469025671,1,poor,NA
AIMS,2021-11-02T06:45:00Z,TLM12,STIC,20210928-20220221,HS,21059656,4822.3,13.076,5.7469025671,1,poor,NA
AIMS,2021-11-02T07:00:00Z,TLM12,STIC,20210928-20220221,HS,21059656,4650,13.076,5.269335727999999,1,poor,NA
AIMS,2021-11-02T07:15:00Z,TLM12,STIC,20210928-20220221,HS,21059656,4133.4,12.98,3.837466725799998,1,poor,NA
AIMS,2021-11-02T07:30:00Z,TLM12,STIC,20210928-20220221,HS,21059656,3961.1,12.883,3.3598998867,1,poor,NA
AIMS,2021-11-02T07:45:00Z,TLM12,STIC,20210928-20220221,HS,21059656,3961.1,12.883,3.3598998867,1,poor,NA
AIMS,2021-11-02T08:00:00Z,TLM12,STIC,20210928-20220221,HS,21059656,3961.1,12.787,3.3598998867,1,poor,NA
AIMS,2021-11-02T08:15:00Z,TLM12,STIC,20210928-20220221,HS,21059656,3961.1,12.787,3.3598998867,1,poor,NA
AIMS,2021-11-02T08:30:00Z,TLM12,STIC,20210928-20220221,HS,21059656,3961.1,12.69,3.3598998867,1,poor,NA
AIMS,2021-11-02T08:45:00Z,TLM12,STIC,20210928-20220221,HS,21059656,3961.1,12.69,3.3598998867,1,poor,NA
AIMS,2021-11-02T09:00:00Z,TLM12,STIC,20210928-20220221,HS,21059656,3961.1,12.594,3.3598998867,1,poor,NA
AIMS,2021-11-02T09:15:00Z,TLM12,STIC,20210928-20220221,HS,21059656,3961.1,12.594,3.3598998867,1,poor,NA
AIMS,2021-11-02T09:30:00Z,TLM12,STIC,20210928-20220221,HS,21059656,3961.1,12.594,3.3598998867,1,poor,NA
AIMS,2021-11-02T09:45:00Z,TLM12,STIC,20210928-20220221,HS,21059656,3961.1,12.497,3.3598998867,1,poor,NA
AIMS,2021-11-02T10:00:00Z,TLM12,STIC,20210928-20220221,HS,21059656,3961.1,12.497,3.3598998867,1,poor,NA
AIMS,2021-11-02T10:15:00Z,TLM12,STIC,20210928-20220221,HS,21059656,3961.1,12.401,3.3598998867,1,poor,NA
AIMS,2021-11-02T10:30:00Z,TLM12,STIC,20210928-20220221,HS,21059656,3961.1,12.401,3.3598998867,1,poor,NA
AIMS,2021-11-02T10:45:00Z,TLM12,STIC,20210928-20220221,HS,21059656,3961.1,12.304,3.3598998867,1,poor,NA
AIMS,2021-11-02T11:00:00Z,TLM12,STIC,20210928-20220221,HS,21059656,3961.1,12.304,3.3598998867,1,poor,NA
AIMS,2021-11-02T11:15:00Z,TLM12,STIC,20210928-20220221,HS,21059656,3961.1,12.304,3.3598998867,1,poor,NA
AIMS,2021-11-02T11:30:00Z,TLM12,STIC,20210928-20220221,HS,21059656,3961.1,12.207,3.3598998867,1,poor,NA
AIMS,2021-11-02T11:45:00Z,TLM12,STIC,20210928-20220221,HS,21059656,3961.1,12.207,3.3598998867,1,poor,NA
AIMS,2021-11-02T12:00:00Z,TLM12,STIC,20210928-20220221,HS,21059656,3961.1,12.207,3.3598998867,1,poor,NA
AIMS,2021-11-02T12:15:00Z,TLM12,STIC,20210928-20220221,HS,21059656,3961.1,12.11,3.3598998867,1,poor,NA
AIMS,2021-11-02T12:30:00Z,TLM12,STIC,20210928-20220221,HS,21059656,3961.1,12.11,3.3598998867,1,poor,NA
AIMS,2021-11-02T12:45:00Z,TLM12,STIC,20210928-20220221,HS,21059656,3961.1,12.11,3.3598998867,1,poor,NA
AIMS,2021-11-02T13:00:00Z,TLM12,STIC,20210928-20220221,HS,21059656,4133.4,12.11,3.837466725799998,1,poor,NA
AIMS,2021-11-02T13:15:00Z,TLM12,STIC,20210928-20220221,HS,21059656,4133.4,12.11,3.837466725799998,1,poor,NA
AIMS,2021-11-02T13:30:00Z,TLM12,STIC,20210928-20220221,HS,21059656,4133.4,12.11,3.837466725799998,1,poor,NA
AIMS,2021-11-02T13:45:00Z,TLM12,STIC,20210928-20220221,HS,21059656,4133.4,12.11,3.837466725799998,1,poor,NA
AIMS,2021-11-02T14:00:00Z,TLM12,STIC,20210928-20220221,HS,21059656,4133.4,12.207,3.837466725799998,1,poor,NA
AIMS,2021-11-02T14:15:00Z,TLM12,STIC,20210928-20220221,HS,21059656,4133.4,12.207,3.837466725799998,1,poor,NA
AIMS,2021-11-02T14:30:00Z,TLM12,STIC,20210928-20220221,HS,21059656,4133.4,12.304,3.837466725799998,1,poor,NA
AIMS,2021-11-02T14:45:00Z,TLM12,STIC,20210928-20220221,HS,21059656,4133.4,12.401,3.837466725799998,1,poor,NA
AIMS,2021-11-02T15:00:00Z,TLM12,STIC,20210928-20220221,HS,21059656,4133.4,12.497,3.837466725799998,1,poor,NA
AIMS,2021-11-02T15:15:00Z,TLM12,STIC,20210928-20220221,HS,21059656,4133.4,12.594,3.837466725799998,1,poor,NA
AIMS,2021-11-02T15:30:00Z,TLM12,STIC,20210928-20220221,HS,21059656,4133.4,12.69,3.837466725799998,1,poor,NA
AIMS,2021-11-02T15:45:00Z,TLM12,STIC,20210928-20220221,HS,21059656,4133.4,12.787,3.837466725799998,1,poor,NA
AIMS,2021-11-02T16:00:00Z,TLM12,STIC,20210928-20220221,HS,21059656,4133.4,12.883,3.837466725799998,1,poor,NA
AIMS,2021-11-02T16:15:00Z,TLM12,STIC,20210928-20220221,HS,21059656,4133.4,12.98,3.837466725799998,1,poor,NA
AIMS,2021-11-02T16:30:00Z,TLM12,STIC,20210928-20220221,HS,21059656,4133.4,13.076,3.837466725799998,1,poor,NA
AIMS,2021-11-02T16:45:00Z,TLM12,STIC,20210928-20220221,HS,21059656,4133.4,13.173,3.837466725799998,1,poor,NA
AIMS,2021-11-02T17:00:00Z,TLM12,STIC,20210928-20220221,HS,21059656,4133.4,13.269,3.837466725799998,1,poor,NA
AIMS,2021-11-02T17:15:00Z,TLM12,STIC,20210928-20220221,HS,21059656,4133.4,13.461,3.837466725799998,1,poor,NA
AIMS,2021-11-02T17:30:00Z,TLM12,STIC,20210928-20220221,HS,21059656,4133.4,13.558,3.837466725799998,1,poor,NA
AIMS,2021-11-02T17:45:00Z,TLM12,STIC,20210928-20220221,HS,21059656,4133.4,13.75,3.837466725799998,1,poor,NA
AIMS,2021-11-02T18:00:00Z,TLM12,STIC,20210928-20220221,HS,21059656,4133.4,13.846,3.837466725799998,1,poor,NA
AIMS,2021-11-02T18:15:00Z,TLM12,STIC,20210928-20220221,HS,21059656,4133.4,13.942,3.837466725799998,1,poor,NA
AIMS,2021-11-02T18:30:00Z,TLM12,STIC,20210928-20220221,HS,21059656,4133.4,14.038,3.837466725799998,1,poor,NA
AIMS,2021-11-02T18:45:00Z,TLM12,STIC,20210928-20220221,HS,21059656,4133.4,14.23,3.837466725799998,1,poor,NA
AIMS,2021-11-02T19:00:00Z,TLM12,STIC,20210928-20220221,HS,21059656,4133.4,14.421,3.837466725799998,1,poor,NA
AIMS,2021-11-02T19:15:00Z,TLM12,STIC,20210928-20220221,HS,21059656,4133.4,14.517,3.837466725799998,1,poor,NA
AIMS,2021-11-02T19:30:00Z,TLM12,STIC,20210928-20220221,HS,21059656,4133.4,14.517,3.837466725799998,1,poor,NA
AIMS,2021-11-02T19:45:00Z,TLM12,STIC,20210928-20220221,HS,21059656,4133.4,14.517,3.837466725799998,1,poor,NA
AIMS,2021-11-02T20:00:00Z,TLM12,STIC,20210928-20220221,HS,21059656,4305.6,14.517,4.314756393200001,1,poor,NA
AIMS,2021-11-02T20:15:00Z,TLM12,STIC,20210928-20220221,HS,21059656,4305.6,14.517,4.314756393200001,1,poor,NA
AIMS,2021-11-02T20:30:00Z,TLM12,STIC,20210928-20220221,HS,21059656,4305.6,14.517,4.314756393200001,1,poor,NA
AIMS,2021-11-02T20:45:00Z,TLM12,STIC,20210928-20220221,HS,21059656,4305.6,14.613,4.314756393200001,1,poor,NA
AIMS,2021-11-02T21:00:00Z,TLM12,STIC,20210928-20220221,HS,21059656,4305.6,14.613,4.314756393200001,1,poor,NA
AIMS,2021-11-02T21:15:00Z,TLM12,STIC,20210928-20220221,HS,21059656,4305.6,14.613,4.314756393200001,1,poor,NA
AIMS,2021-11-02T21:30:00Z,TLM12,STIC,20210928-20220221,HS,21059656,4305.6,14.613,4.314756393200001,1,poor,NA
AIMS,2021-11-02T21:45:00Z,TLM12,STIC,20210928-20220221,HS,21059656,4305.6,14.613,4.314756393200001,1,poor,NA
AIMS,2021-11-02T22:00:00Z,TLM12,STIC,20210928-20220221,HS,21059656,4305.6,14.613,4.314756393200001,1,poor,NA
AIMS,2021-11-02T22:15:00Z,TLM12,STIC,20210928-20220221,HS,21059656,4305.6,14.613,4.314756393200001,1,poor,NA
AIMS,2021-11-02T22:30:00Z,TLM12,STIC,20210928-20220221,HS,21059656,4305.6,14.613,4.314756393200001,1,poor,NA
AIMS,2021-11-02T22:45:00Z,TLM12,STIC,20210928-20220221,HS,21059656,4305.6,14.517,4.314756393200001,1,poor,NA
AIMS,2021-11-02T23:00:00Z,TLM12,STIC,20210928-20220221,HS,21059656,4305.6,14.517,4.314756393200001,1,poor,NA
AIMS,2021-11-02T23:15:00Z,TLM12,STIC,20210928-20220221,HS,21059656,4305.6,14.421,4.314756393200001,1,poor,NA
AIMS,2021-11-02T23:30:00Z,TLM12,STIC,20210928-20220221,HS,21059656,4305.6,14.325,4.314756393200001,1,poor,NA
AIMS,2021-11-02T23:45:00Z,TLM12,STIC,20210928-20220221,HS,21059656,4305.6,14.325,4.314756393200001,1,poor,NA
AIMS,2021-11-03T00:00:00Z,TLM12,STIC,20210928-20220221,HS,21059656,4305.6,14.23,4.314756393200001,1,poor,NA
AIMS,2021-11-03T00:15:00Z,TLM12,STIC,20210928-20220221,HS,21059656,4305.6,14.134,4.314756393200001,1,poor,NA
AIMS,2021-11-03T00:30:00Z,TLM12,STIC,20210928-20220221,HS,21059656,4305.6,14.134,4.314756393200001,1,poor,NA
AIMS,2021-11-03T00:45:00Z,TLM12,STIC,20210928-20220221,HS,21059656,4305.6,14.038,4.314756393200001,1,poor,NA
AIMS,2021-11-03T01:00:00Z,TLM12,STIC,20210928-20220221,HS,21059656,4305.6,13.942,4.314756393200001,1,poor,NA
AIMS,2021-11-03T01:15:00Z,TLM12,STIC,20210928-20220221,HS,21059656,4305.6,13.942,4.314756393200001,1,poor,NA
AIMS,2021-11-03T01:30:00Z,TLM12,STIC,20210928-20220221,HS,21059656,4305.6,13.846,4.314756393200001,1,poor,NA
AIMS,2021-11-03T01:45:00Z,TLM12,STIC,20210928-20220221,HS,21059656,4305.6,13.75,4.314756393200001,1,poor,NA
AIMS,2021-11-03T02:00:00Z,TLM12,STIC,20210928-20220221,HS,21059656,4305.6,13.654,4.314756393200001,1,poor,NA
AIMS,2021-11-03T02:15:00Z,TLM12,STIC,20210928-20220221,HS,21059656,4133.4,13.654,3.837466725799998,1,poor,NA
AIMS,2021-11-03T02:30:00Z,TLM12,STIC,20210928-20220221,HS,21059656,4133.4,13.558,3.837466725799998,1,poor,NA
AIMS,2021-11-03T02:45:00Z,TLM12,STIC,20210928-20220221,HS,21059656,4133.4,13.558,3.837466725799998,1,poor,NA
AIMS,2021-11-03T03:00:00Z,TLM12,STIC,20210928-20220221,HS,21059656,4133.4,13.461,3.837466725799998,1,poor,NA
AIMS,2021-11-03T03:15:00Z,TLM12,STIC,20210928-20220221,HS,21059656,4133.4,13.365,3.837466725799998,1,poor,NA
AIMS,2021-11-03T03:30:00Z,TLM12,STIC,20210928-20220221,HS,21059656,4133.4,13.365,3.837466725799998,1,poor,NA
AIMS,2021-11-03T03:45:00Z,TLM12,STIC,20210928-20220221,HS,21059656,4133.4,13.269,3.837466725799998,1,poor,NA
AIMS,2021-11-03T04:00:00Z,TLM12,STIC,20210928-20220221,HS,21059656,4133.4,13.173,3.837466725799998,1,poor,NA
AIMS,2021-11-03T04:15:00Z,TLM12,STIC,20210928-20220221,HS,21059656,4133.4,13.173,3.837466725799998,1,poor,NA
AIMS,2021-11-03T04:30:00Z,TLM12,STIC,20210928-20220221,HS,21059656,4133.4,13.076,3.837466725799998,1,poor,NA
AIMS,2021-11-03T04:45:00Z,TLM12,STIC,20210928-20220221,HS,21059656,4133.4,13.076,3.837466725799998,1,poor,NA
AIMS,2021-11-03T05:00:00Z,TLM12,STIC,20210928-20220221,HS,21059656,4133.4,12.98,3.837466725799998,1,poor,NA
AIMS,2021-11-03T05:15:00Z,TLM12,STIC,20210928-20220221,HS,21059656,4133.4,12.883,3.837466725799998,1,poor,NA
AIMS,2021-11-03T05:30:00Z,TLM12,STIC,20210928-20220221,HS,21059656,4133.4,12.883,3.837466725799998,1,poor,NA
AIMS,2021-11-03T05:45:00Z,TLM12,STIC,20210928-20220221,HS,21059656,4133.4,12.787,3.837466725799998,1,poor,NA
AIMS,2021-11-03T06:00:00Z,TLM12,STIC,20210928-20220221,HS,21059656,4133.4,12.69,3.837466725799998,1,poor,NA
AIMS,2021-11-03T06:15:00Z,TLM12,STIC,20210928-20220221,HS,21059656,4133.4,12.69,3.837466725799998,1,poor,NA
AIMS,2021-11-03T06:30:00Z,TLM12,STIC,20210928-20220221,HS,21059656,4133.4,12.594,3.837466725799998,1,poor,NA
AIMS,2021-11-03T06:45:00Z,TLM12,STIC,20210928-20220221,HS,21059656,4133.4,12.594,3.837466725799998,1,poor,NA
AIMS,2021-11-03T07:00:00Z,TLM12,STIC,20210928-20220221,HS,21059656,4133.4,12.497,3.837466725799998,1,poor,NA
AIMS,2021-11-03T07:15:00Z,TLM12,STIC,20210928-20220221,HS,21059656,4133.4,12.497,3.837466725799998,1,poor,NA
AIMS,2021-11-03T07:30:00Z,TLM12,STIC,20210928-20220221,HS,21059656,4133.4,12.401,3.837466725799998,1,poor,NA
AIMS,2021-11-03T07:45:00Z,TLM12,STIC,20210928-20220221,HS,21059656,4133.4,12.401,3.837466725799998,1,poor,NA
AIMS,2021-11-03T08:00:00Z,TLM12,STIC,20210928-20220221,HS,21059656,4133.4,12.304,3.837466725799998,1,poor,NA
AIMS,2021-11-03T08:15:00Z,TLM12,STIC,20210928-20220221,HS,21059656,4133.4,12.304,3.837466725799998,1,poor,NA
AIMS,2021-11-03T08:30:00Z,TLM12,STIC,20210928-20220221,HS,21059656,4133.4,12.207,3.837466725799998,1,poor,NA
AIMS,2021-11-03T08:45:00Z,TLM12,STIC,20210928-20220221,HS,21059656,4133.4,12.207,3.837466725799998,1,poor,NA
AIMS,2021-11-03T09:00:00Z,TLM12,STIC,20210928-20220221,HS,21059656,4133.4,12.11,3.837466725799998,1,poor,NA
AIMS,2021-11-03T09:15:00Z,TLM12,STIC,20210928-20220221,HS,21059656,4133.4,12.11,3.837466725799998,1,poor,NA
AIMS,2021-11-03T09:30:00Z,TLM12,STIC,20210928-20220221,HS,21059656,4133.4,12.11,3.837466725799998,1,poor,NA
AIMS,2021-11-03T09:45:00Z,TLM12,STIC,20210928-20220221,HS,21059656,4133.4,12.11,3.837466725799998,1,poor,NA
AIMS,2021-11-03T10:00:00Z,TLM12,STIC,20210928-20220221,HS,21059656,4133.4,12.013,3.837466725799998,1,poor,NA
AIMS,2021-11-03T10:15:00Z,TLM12,STIC,20210928-20220221,HS,21059656,4133.4,12.013,3.837466725799998,1,poor,NA
AIMS,2021-11-03T10:30:00Z,TLM12,STIC,20210928-20220221,HS,21059656,3961.1,12.013,3.3598998867,1,poor,NA
AIMS,2021-11-03T10:45:00Z,TLM12,STIC,20210928-20220221,HS,21059656,3961.1,11.916,3.3598998867,1,poor,NA
AIMS,2021-11-03T11:00:00Z,TLM12,STIC,20210928-20220221,HS,21059656,3961.1,11.916,3.3598998867,1,poor,NA
AIMS,2021-11-03T11:15:00Z,TLM12,STIC,20210928-20220221,HS,21059656,3961.1,11.916,3.3598998867,1,poor,NA
AIMS,2021-11-03T11:30:00Z,TLM12,STIC,20210928-20220221,HS,21059656,3961.1,11.819,3.3598998867,1,poor,NA
AIMS,2021-11-03T11:45:00Z,TLM12,STIC,20210928-20220221,HS,21059656,3961.1,11.819,3.3598998867,1,poor,NA
AIMS,2021-11-03T12:00:00Z,TLM12,STIC,20210928-20220221,HS,21059656,3961.1,11.722,3.3598998867,1,poor,NA
AIMS,2021-11-03T12:15:00Z,TLM12,STIC,20210928-20220221,HS,21059656,3961.1,11.722,3.3598998867,1,poor,NA
AIMS,2021-11-03T12:30:00Z,TLM12,STIC,20210928-20220221,HS,21059656,3961.1,11.625,3.3598998867,1,poor,NA
AIMS,2021-11-03T12:45:00Z,TLM12,STIC,20210928-20220221,HS,21059656,3961.1,11.625,3.3598998867,1,poor,NA
AIMS,2021-11-03T13:00:00Z,TLM12,STIC,20210928-20220221,HS,21059656,3961.1,11.625,3.3598998867,1,poor,NA
AIMS,2021-11-03T13:15:00Z,TLM12,STIC,20210928-20220221,HS,21059656,3961.1,11.528,3.3598998867,1,poor,NA
AIMS,2021-11-03T13:30:00Z,TLM12,STIC,20210928-20220221,HS,21059656,3961.1,11.528,3.3598998867,1,poor,NA
AIMS,2021-11-03T13:45:00Z,TLM12,STIC,20210928-20220221,HS,21059656,3961.1,11.528,3.3598998867,1,poor,NA
AIMS,2021-11-03T14:00:00Z,TLM12,STIC,20210928-20220221,HS,21059656,3961.1,11.528,3.3598998867,1,poor,NA
AIMS,2021-11-03T14:15:00Z,TLM12,STIC,20210928-20220221,HS,21059656,3961.1,11.625,3.3598998867,1,poor,NA
AIMS,2021-11-03T14:30:00Z,TLM12,STIC,20210928-20220221,HS,21059656,3961.1,11.625,3.3598998867,1,poor,NA
AIMS,2021-11-03T14:45:00Z,TLM12,STIC,20210928-20220221,HS,21059656,3961.1,11.722,3.3598998867,1,poor,NA
AIMS,2021-11-03T15:00:00Z,TLM12,STIC,20210928-20220221,HS,21059656,3961.1,11.722,3.3598998867,1,poor,NA
AIMS,2021-11-03T15:15:00Z,TLM12,STIC,20210928-20220221,HS,21059656,3961.1,11.819,3.3598998867,1,poor,NA
AIMS,2021-11-03T15:30:00Z,TLM12,STIC,20210928-20220221,HS,21059656,3961.1,11.916,3.3598998867,1,poor,NA
AIMS,2021-11-03T15:45:00Z,TLM12,STIC,20210928-20220221,HS,21059656,3961.1,11.916,3.3598998867,1,poor,NA
AIMS,2021-11-03T16:00:00Z,TLM12,STIC,20210928-20220221,HS,21059656,3961.1,12.013,3.3598998867,1,poor,NA
AIMS,2021-11-03T16:15:00Z,TLM12,STIC,20210928-20220221,HS,21059656,3961.1,12.11,3.3598998867,1,poor,NA
AIMS,2021-11-03T16:30:00Z,TLM12,STIC,20210928-20220221,HS,21059656,3961.1,12.207,3.3598998867,1,poor,NA
AIMS,2021-11-03T16:45:00Z,TLM12,STIC,20210928-20220221,HS,21059656,3961.1,12.207,3.3598998867,1,poor,NA
AIMS,2021-11-03T17:00:00Z,TLM12,STIC,20210928-20220221,HS,21059656,3961.1,12.304,3.3598998867,1,poor,NA
AIMS,2021-11-03T17:15:00Z,TLM12,STIC,20210928-20220221,HS,21059656,3961.1,12.304,3.3598998867,1,poor,NA
AIMS,2021-11-03T17:30:00Z,TLM12,STIC,20210928-20220221,HS,21059656,3961.1,12.304,3.3598998867,1,poor,NA
AIMS,2021-11-03T17:45:00Z,TLM12,STIC,20210928-20220221,HS,21059656,3961.1,12.401,3.3598998867,1,poor,NA
AIMS,2021-11-03T18:00:00Z,TLM12,STIC,20210928-20220221,HS,21059656,3961.1,12.401,3.3598998867,1,poor,NA
AIMS,2021-11-03T18:15:00Z,TLM12,STIC,20210928-20220221,HS,21059656,3961.1,12.401,3.3598998867,1,poor,NA
AIMS,2021-11-03T18:30:00Z,TLM12,STIC,20210928-20220221,HS,21059656,3961.1,12.401,3.3598998867,1,poor,NA
AIMS,2021-11-03T18:45:00Z,TLM12,STIC,20210928-20220221,HS,21059656,3961.1,12.497,3.3598998867,1,poor,NA
AIMS,2021-11-03T19:00:00Z,TLM12,STIC,20210928-20220221,HS,21059656,3961.1,12.497,3.3598998867,1,poor,NA
AIMS,2021-11-03T19:15:00Z,TLM12,STIC,20210928-20220221,HS,21059656,3961.1,12.594,3.3598998867,1,poor,NA
AIMS,2021-11-03T19:30:00Z,TLM12,STIC,20210928-20220221,HS,21059656,3961.1,12.69,3.3598998867,1,poor,NA
AIMS,2021-11-03T19:45:00Z,TLM12,STIC,20210928-20220221,HS,21059656,3961.1,12.69,3.3598998867,1,poor,NA
AIMS,2021-11-03T20:00:00Z,TLM12,STIC,20210928-20220221,HS,21059656,3961.1,12.69,3.3598998867,1,poor,NA
AIMS,2021-11-03T20:15:00Z,TLM12,STIC,20210928-20220221,HS,21059656,3961.1,12.787,3.3598998867,1,poor,NA
AIMS,2021-11-03T20:30:00Z,TLM12,STIC,20210928-20220221,HS,21059656,3961.1,12.787,3.3598998867,1,poor,NA
AIMS,2021-11-03T20:45:00Z,TLM12,STIC,20210928-20220221,HS,21059656,3961.1,12.883,3.3598998867,1,poor,NA
AIMS,2021-11-03T21:00:00Z,TLM12,STIC,20210928-20220221,HS,21059656,3961.1,12.883,3.3598998867,1,poor,NA
AIMS,2021-11-03T21:15:00Z,TLM12,STIC,20210928-20220221,HS,21059656,3961.1,12.883,3.3598998867,1,poor,NA
AIMS,2021-11-03T21:30:00Z,TLM12,STIC,20210928-20220221,HS,21059656,3961.1,12.883,3.3598998867,1,poor,NA
AIMS,2021-11-03T21:45:00Z,TLM12,STIC,20210928-20220221,HS,21059656,3961.1,12.883,3.3598998867,1,poor,NA
AIMS,2021-11-03T22:00:00Z,TLM12,STIC,20210928-20220221,HS,21059656,3961.1,12.883,3.3598998867,1,poor,NA
AIMS,2021-11-03T22:15:00Z,TLM12,STIC,20210928-20220221,HS,21059656,3961.1,12.787,3.3598998867,1,poor,NA
AIMS,2021-11-03T22:30:00Z,TLM12,STIC,20210928-20220221,HS,21059656,3961.1,12.787,3.3598998867,1,poor,NA
AIMS,2021-11-03T22:45:00Z,TLM12,STIC,20210928-20220221,HS,21059656,3961.1,12.787,3.3598998867,1,poor,NA
AIMS,2021-11-03T23:00:00Z,TLM12,STIC,20210928-20220221,HS,21059656,3961.1,12.69,3.3598998867,1,poor,NA
AIMS,2021-11-03T23:15:00Z,TLM12,STIC,20210928-20220221,HS,21059656,3961.1,12.69,3.3598998867,1,poor,NA
AIMS,2021-11-03T23:30:00Z,TLM12,STIC,20210928-20220221,HS,21059656,3961.1,12.69,3.3598998867,1,poor,NA
AIMS,2021-11-03T23:45:00Z,TLM12,STIC,20210928-20220221,HS,21059656,3961.1,12.69,3.3598998867,1,poor,NA
AIMS,2021-11-04T00:00:00Z,TLM12,STIC,20210928-20220221,HS,21059656,4133.4,12.594,3.837466725799998,1,poor,NA
AIMS,2021-11-04T00:15:00Z,TLM12,STIC,20210928-20220221,HS,21059656,4133.4,12.594,3.837466725799998,1,poor,NA
AIMS,2021-11-04T00:30:00Z,TLM12,STIC,20210928-20220221,HS,21059656,4133.4,12.594,3.837466725799998,1,poor,NA
AIMS,2021-11-04T00:45:00Z,TLM12,STIC,20210928-20220221,HS,21059656,4133.4,12.497,3.837466725799998,1,poor,NA
AIMS,2021-11-04T01:00:00Z,TLM12,STIC,20210928-20220221,HS,21059656,4133.4,12.497,3.837466725799998,1,poor,NA
AIMS,2021-11-04T01:15:00Z,TLM12,STIC,20210928-20220221,HS,21059656,4133.4,12.497,3.837466725799998,1,poor,NA
AIMS,2021-11-04T01:30:00Z,TLM12,STIC,20210928-20220221,HS,21059656,4133.4,12.497,3.837466725799998,1,poor,NA
AIMS,2021-11-04T01:45:00Z,TLM12,STIC,20210928-20220221,HS,21059656,4133.4,12.497,3.837466725799998,1,poor,NA
AIMS,2021-11-04T02:00:00Z,TLM12,STIC,20210928-20220221,HS,21059656,4133.4,12.401,3.837466725799998,1,poor,NA
AIMS,2021-11-04T02:15:00Z,TLM12,STIC,20210928-20220221,HS,21059656,4133.4,12.401,3.837466725799998,1,poor,NA
AIMS,2021-11-04T02:30:00Z,TLM12,STIC,20210928-20220221,HS,21059656,4133.4,12.401,3.837466725799998,1,poor,NA
AIMS,2021-11-04T02:45:00Z,TLM12,STIC,20210928-20220221,HS,21059656,4133.4,12.401,3.837466725799998,1,poor,NA
AIMS,2021-11-04T03:00:00Z,TLM12,STIC,20210928-20220221,HS,21059656,4133.4,12.401,3.837466725799998,1,poor,NA
AIMS,2021-11-04T03:15:00Z,TLM12,STIC,20210928-20220221,HS,21059656,4133.4,12.401,3.837466725799998,1,poor,NA
AIMS,2021-11-04T03:30:00Z,TLM12,STIC,20210928-20220221,HS,21059656,4133.4,12.304,3.837466725799998,1,poor,NA
AIMS,2021-11-04T03:45:00Z,TLM12,STIC,20210928-20220221,HS,21059656,4133.4,12.304,3.837466725799998,1,poor,NA
AIMS,2021-11-04T04:00:00Z,TLM12,STIC,20210928-20220221,HS,21059656,4133.4,12.304,3.837466725799998,1,poor,NA
AIMS,2021-11-04T04:15:00Z,TLM12,STIC,20210928-20220221,HS,21059656,4133.4,12.304,3.837466725799998,1,poor,NA
AIMS,2021-11-04T04:30:00Z,TLM12,STIC,20210928-20220221,HS,21059656,4133.4,12.304,3.837466725799998,1,poor,NA
AIMS,2021-11-04T04:45:00Z,TLM12,STIC,20210928-20220221,HS,21059656,4133.4,12.304,3.837466725799998,1,poor,NA
AIMS,2021-11-04T05:00:00Z,TLM12,STIC,20210928-20220221,HS,21059656,4133.4,12.207,3.837466725799998,1,poor,NA
AIMS,2021-11-04T05:15:00Z,TLM12,STIC,20210928-20220221,HS,21059656,4133.4,12.207,3.837466725799998,1,poor,NA
AIMS,2021-11-04T05:30:00Z,TLM12,STIC,20210928-20220221,HS,21059656,4133.4,12.207,3.837466725799998,1,poor,NA
AIMS,2021-11-04T05:45:00Z,TLM12,STIC,20210928-20220221,HS,21059656,3961.1,12.207,3.3598998867,1,poor,NA
AIMS,2021-11-04T06:00:00Z,TLM12,STIC,20210928-20220221,HS,21059656,3961.1,12.207,3.3598998867,1,poor,NA
AIMS,2021-11-04T06:15:00Z,TLM12,STIC,20210928-20220221,HS,21059656,3961.1,12.207,3.3598998867,1,poor,NA
AIMS,2021-11-04T06:30:00Z,TLM12,STIC,20210928-20220221,HS,21059656,3961.1,12.207,3.3598998867,1,poor,NA
AIMS,2021-11-04T06:45:00Z,TLM12,STIC,20210928-20220221,HS,21059656,3961.1,12.207,3.3598998867,1,poor,NA
AIMS,2021-11-04T07:00:00Z,TLM12,STIC,20210928-20220221,HS,21059656,3961.1,12.207,3.3598998867,1,poor,NA
AIMS,2021-11-04T07:15:00Z,TLM12,STIC,20210928-20220221,HS,21059656,3961.1,12.207,3.3598998867,1,poor,NA
AIMS,2021-11-04T07:30:00Z,TLM12,STIC,20210928-20220221,HS,21059656,3961.1,12.207,3.3598998867,1,poor,NA
AIMS,2021-11-04T07:45:00Z,TLM12,STIC,20210928-20220221,HS,21059656,3961.1,12.207,3.3598998867,1,poor,NA
AIMS,2021-11-04T08:00:00Z,TLM12,STIC,20210928-20220221,HS,21059656,3961.1,12.207,3.3598998867,1,poor,NA
AIMS,2021-11-04T08:15:00Z,TLM12,STIC,20210928-20220221,HS,21059656,3961.1,12.207,3.3598998867,1,poor,NA
AIMS,2021-11-04T08:30:00Z,TLM12,STIC,20210928-20220221,HS,21059656,3961.1,12.11,3.3598998867,1,poor,NA
AIMS,2021-11-04T08:45:00Z,TLM12,STIC,20210928-20220221,HS,21059656,3961.1,12.11,3.3598998867,1,poor,NA
AIMS,2021-11-04T09:00:00Z,TLM12,STIC,20210928-20220221,HS,21059656,3961.1,12.11,3.3598998867,1,poor,NA
AIMS,2021-11-04T09:15:00Z,TLM12,STIC,20210928-20220221,HS,21059656,3961.1,12.11,3.3598998867,1,poor,NA
AIMS,2021-11-04T09:30:00Z,TLM12,STIC,20210928-20220221,HS,21059656,3961.1,12.11,3.3598998867,1,poor,NA
AIMS,2021-11-04T09:45:00Z,TLM12,STIC,20210928-20220221,HS,21059656,3961.1,12.11,3.3598998867,1,poor,NA
AIMS,2021-11-04T10:00:00Z,TLM12,STIC,20210928-20220221,HS,21059656,3961.1,12.11,3.3598998867,1,poor,NA
AIMS,2021-11-04T10:15:00Z,TLM12,STIC,20210928-20220221,HS,21059656,4133.4,12.11,3.837466725799998,1,poor,NA
AIMS,2021-11-04T10:30:00Z,TLM12,STIC,20210928-20220221,HS,21059656,4133.4,12.11,3.837466725799998,1,poor,NA
AIMS,2021-11-04T10:45:00Z,TLM12,STIC,20210928-20220221,HS,21059656,4133.4,12.013,3.837466725799998,1,poor,NA
AIMS,2021-11-04T11:00:00Z,TLM12,STIC,20210928-20220221,HS,21059656,4133.4,12.013,3.837466725799998,1,poor,NA
AIMS,2021-11-04T11:15:00Z,TLM12,STIC,20210928-20220221,HS,21059656,4133.4,12.013,3.837466725799998,1,poor,NA
AIMS,2021-11-04T11:30:00Z,TLM12,STIC,20210928-20220221,HS,21059656,4133.4,12.013,3.837466725799998,1,poor,NA
AIMS,2021-11-04T11:45:00Z,TLM12,STIC,20210928-20220221,HS,21059656,4133.4,12.013,3.837466725799998,1,poor,NA
AIMS,2021-11-04T12:00:00Z,TLM12,STIC,20210928-20220221,HS,21059656,4133.4,12.013,3.837466725799998,1,poor,NA
AIMS,2021-11-04T12:15:00Z,TLM12,STIC,20210928-20220221,HS,21059656,4133.4,12.013,3.837466725799998,1,poor,NA
AIMS,2021-11-04T12:30:00Z,TLM12,STIC,20210928-20220221,HS,21059656,4133.4,11.916,3.837466725799998,1,poor,NA
AIMS,2021-11-04T12:45:00Z,TLM12,STIC,20210928-20220221,HS,21059656,4133.4,11.916,3.837466725799998,1,poor,NA
AIMS,2021-11-04T13:00:00Z,TLM12,STIC,20210928-20220221,HS,21059656,4133.4,11.916,3.837466725799998,1,poor,NA
AIMS,2021-11-04T13:15:00Z,TLM12,STIC,20210928-20220221,HS,21059656,4133.4,11.916,3.837466725799998,1,poor,NA
AIMS,2021-11-04T13:30:00Z,TLM12,STIC,20210928-20220221,HS,21059656,4133.4,11.916,3.837466725799998,1,poor,NA
AIMS,2021-11-04T13:45:00Z,TLM12,STIC,20210928-20220221,HS,21059656,4133.4,11.916,3.837466725799998,1,poor,NA
AIMS,2021-11-04T14:00:00Z,TLM12,STIC,20210928-20220221,HS,21059656,4133.4,11.916,3.837466725799998,1,poor,NA
AIMS,2021-11-04T14:15:00Z,TLM12,STIC,20210928-20220221,HS,21059656,4133.4,11.916,3.837466725799998,1,poor,NA
AIMS,2021-11-04T14:30:00Z,TLM12,STIC,20210928-20220221,HS,21059656,4133.4,11.916,3.837466725799998,1,poor,NA
AIMS,2021-11-04T14:45:00Z,TLM12,STIC,20210928-20220221,HS,21059656,4133.4,11.916,3.837466725799998,1,poor,NA
AIMS,2021-11-04T15:00:00Z,TLM12,STIC,20210928-20220221,HS,21059656,4133.4,11.916,3.837466725799998,1,poor,NA
AIMS,2021-11-04T15:15:00Z,TLM12,STIC,20210928-20220221,HS,21059656,4133.4,11.916,3.837466725799998,1,poor,NA
AIMS,2021-11-04T15:30:00Z,TLM12,STIC,20210928-20220221,HS,21059656,4133.4,11.916,3.837466725799998,1,poor,NA
AIMS,2021-11-04T15:45:00Z,TLM12,STIC,20210928-20220221,HS,21059656,4133.4,11.916,3.837466725799998,1,poor,NA
AIMS,2021-11-04T16:00:00Z,TLM12,STIC,20210928-20220221,HS,21059656,4133.4,11.916,3.837466725799998,1,poor,NA
AIMS,2021-11-04T16:15:00Z,TLM12,STIC,20210928-20220221,HS,21059656,4133.4,12.013,3.837466725799998,1,poor,NA
AIMS,2021-11-04T16:30:00Z,TLM12,STIC,20210928-20220221,HS,21059656,4133.4,12.013,3.837466725799998,1,poor,NA
AIMS,2021-11-04T16:45:00Z,TLM12,STIC,20210928-20220221,HS,21059656,4133.4,12.013,3.837466725799998,1,poor,NA
AIMS,2021-11-04T17:00:00Z,TLM12,STIC,20210928-20220221,HS,21059656,4133.4,12.013,3.837466725799998,1,poor,NA
AIMS,2021-11-04T17:15:00Z,TLM12,STIC,20210928-20220221,HS,21059656,4133.4,12.11,3.837466725799998,1,poor,NA
AIMS,2021-11-04T17:30:00Z,TLM12,STIC,20210928-20220221,HS,21059656,3961.1,12.11,3.3598998867,1,poor,NA
AIMS,2021-11-04T17:45:00Z,TLM12,STIC,20210928-20220221,HS,21059656,3961.1,12.11,3.3598998867,1,poor,NA
AIMS,2021-11-04T18:00:00Z,TLM12,STIC,20210928-20220221,HS,21059656,3961.1,12.11,3.3598998867,1,poor,NA
AIMS,2021-11-04T18:15:00Z,TLM12,STIC,20210928-20220221,HS,21059656,3961.1,12.11,3.3598998867,1,poor,NA
AIMS,2021-11-04T18:30:00Z,TLM12,STIC,20210928-20220221,HS,21059656,3961.1,12.11,3.3598998867,1,poor,NA
AIMS,2021-11-04T18:45:00Z,TLM12,STIC,20210928-20220221,HS,21059656,3961.1,12.11,3.3598998867,1,poor,NA
AIMS,2021-11-04T19:00:00Z,TLM12,STIC,20210928-20220221,HS,21059656,3961.1,12.207,3.3598998867,1,poor,NA
AIMS,2021-11-04T19:15:00Z,TLM12,STIC,20210928-20220221,HS,21059656,3961.1,12.11,3.3598998867,1,poor,NA
AIMS,2021-11-04T19:30:00Z,TLM12,STIC,20210928-20220221,HS,21059656,3961.1,12.11,3.3598998867,1,poor,NA
AIMS,2021-11-04T19:45:00Z,TLM12,STIC,20210928-20220221,HS,21059656,3961.1,12.207,3.3598998867,1,poor,NA
AIMS,2021-11-04T20:00:00Z,TLM12,STIC,20210928-20220221,HS,21059656,3961.1,12.207,3.3598998867,1,poor,NA
AIMS,2021-11-04T20:15:00Z,TLM12,STIC,20210928-20220221,HS,21059656,3961.1,12.207,3.3598998867,1,poor,NA
AIMS,2021-11-04T20:30:00Z,TLM12,STIC,20210928-20220221,HS,21059656,3961.1,12.207,3.3598998867,1,poor,NA
AIMS,2021-11-04T20:45:00Z,TLM12,STIC,20210928-20220221,HS,21059656,3961.1,12.207,3.3598998867,1,poor,NA
AIMS,2021-11-04T21:00:00Z,TLM12,STIC,20210928-20220221,HS,21059656,3961.1,12.207,3.3598998867,1,poor,NA
AIMS,2021-11-04T21:15:00Z,TLM12,STIC,20210928-20220221,HS,21059656,3961.1,12.207,3.3598998867,1,poor,NA
AIMS,2021-11-04T21:30:00Z,TLM12,STIC,20210928-20220221,HS,21059656,3961.1,12.207,3.3598998867,1,poor,NA
AIMS,2021-11-04T21:45:00Z,TLM12,STIC,20210928-20220221,HS,21059656,3961.1,12.207,3.3598998867,1,poor,NA
AIMS,2021-11-04T22:00:00Z,TLM12,STIC,20210928-20220221,HS,21059656,3961.1,12.207,3.3598998867,1,poor,NA
AIMS,2021-11-04T22:15:00Z,TLM12,STIC,20210928-20220221,HS,21059656,3961.1,12.207,3.3598998867,1,poor,NA
AIMS,2021-11-04T22:30:00Z,TLM12,STIC,20210928-20220221,HS,21059656,3961.1,12.207,3.3598998867,1,poor,NA
AIMS,2021-11-04T22:45:00Z,TLM12,STIC,20210928-20220221,HS,21059656,3961.1,12.207,3.3598998867,1,poor,NA
AIMS,2021-11-04T23:00:00Z,TLM12,STIC,20210928-20220221,HS,21059656,3961.1,12.11,3.3598998867,1,poor,NA
AIMS,2021-11-04T23:15:00Z,TLM12,STIC,20210928-20220221,HS,21059656,3961.1,12.11,3.3598998867,1,poor,NA
AIMS,2021-11-04T23:30:00Z,TLM12,STIC,20210928-20220221,HS,21059656,3961.1,12.11,3.3598998867,1,poor,NA
AIMS,2021-11-04T23:45:00Z,TLM12,STIC,20210928-20220221,HS,21059656,3961.1,12.11,3.3598998867,1,poor,NA
AIMS,2021-11-05T00:00:00Z,TLM12,STIC,20210928-20220221,HS,21059656,3961.1,12.11,3.3598998867,1,poor,NA
AIMS,2021-11-05T00:15:00Z,TLM12,STIC,20210928-20220221,HS,21059656,3961.1,12.11,3.3598998867,1,poor,NA
AIMS,2021-11-05T00:30:00Z,TLM12,STIC,20210928-20220221,HS,21059656,3961.1,12.11,3.3598998867,1,poor,NA
AIMS,2021-11-05T00:45:00Z,TLM12,STIC,20210928-20220221,HS,21059656,3961.1,12.11,3.3598998867,1,poor,NA
AIMS,2021-11-05T01:00:00Z,TLM12,STIC,20210928-20220221,HS,21059656,3961.1,12.013,3.3598998867,1,poor,NA
AIMS,2021-11-05T01:15:00Z,TLM12,STIC,20210928-20220221,HS,21059656,3961.1,12.013,3.3598998867,1,poor,NA
AIMS,2021-11-05T01:30:00Z,TLM12,STIC,20210928-20220221,HS,21059656,3961.1,12.013,3.3598998867,1,poor,NA
AIMS,2021-11-05T01:45:00Z,TLM12,STIC,20210928-20220221,HS,21059656,3961.1,12.013,3.3598998867,1,poor,NA
AIMS,2021-11-05T02:00:00Z,TLM12,STIC,20210928-20220221,HS,21059656,3961.1,12.013,3.3598998867,1,poor,NA
AIMS,2021-11-05T02:15:00Z,TLM12,STIC,20210928-20220221,HS,21059656,3961.1,12.013,3.3598998867,1,poor,NA
AIMS,2021-11-05T02:30:00Z,TLM12,STIC,20210928-20220221,HS,21059656,3961.1,12.013,3.3598998867,1,poor,NA
AIMS,2021-11-05T02:45:00Z,TLM12,STIC,20210928-20220221,HS,21059656,3961.1,12.013,3.3598998867,1,poor,NA
AIMS,2021-11-05T03:00:00Z,TLM12,STIC,20210928-20220221,HS,21059656,3961.1,11.916,3.3598998867,1,poor,NA
AIMS,2021-11-05T03:15:00Z,TLM12,STIC,20210928-20220221,HS,21059656,3961.1,11.916,3.3598998867,1,poor,NA
AIMS,2021-11-05T03:30:00Z,TLM12,STIC,20210928-20220221,HS,21059656,3961.1,11.916,3.3598998867,1,poor,NA
AIMS,2021-11-05T03:45:00Z,TLM12,STIC,20210928-20220221,HS,21059656,3961.1,11.916,3.3598998867,1,poor,NA
AIMS,2021-11-05T04:00:00Z,TLM12,STIC,20210928-20220221,HS,21059656,3961.1,11.916,3.3598998867,1,poor,NA
AIMS,2021-11-05T04:15:00Z,TLM12,STIC,20210928-20220221,HS,21059656,3961.1,11.916,3.3598998867,1,poor,NA
AIMS,2021-11-05T04:30:00Z,TLM12,STIC,20210928-20220221,HS,21059656,3961.1,11.916,3.3598998867,1,poor,NA
AIMS,2021-11-05T04:45:00Z,TLM12,STIC,20210928-20220221,HS,21059656,3961.1,11.916,3.3598998867,1,poor,NA
AIMS,2021-11-05T05:00:00Z,TLM12,STIC,20210928-20220221,HS,21059656,3961.1,11.819,3.3598998867,1,poor,NA
AIMS,2021-11-05T05:15:00Z,TLM12,STIC,20210928-20220221,HS,21059656,3961.1,11.819,3.3598998867,1,poor,NA
AIMS,2021-11-05T05:30:00Z,TLM12,STIC,20210928-20220221,HS,21059656,3961.1,11.819,3.3598998867,1,poor,NA
AIMS,2021-11-05T05:45:00Z,TLM12,STIC,20210928-20220221,HS,21059656,3961.1,11.819,3.3598998867,1,poor,NA
AIMS,2021-11-05T06:00:00Z,TLM12,STIC,20210928-20220221,HS,21059656,3961.1,11.722,3.3598998867,1,poor,NA
AIMS,2021-11-05T06:15:00Z,TLM12,STIC,20210928-20220221,HS,21059656,3961.1,11.722,3.3598998867,1,poor,NA
AIMS,2021-11-05T06:30:00Z,TLM12,STIC,20210928-20220221,HS,21059656,3961.1,11.722,3.3598998867,1,poor,NA
AIMS,2021-11-05T06:45:00Z,TLM12,STIC,20210928-20220221,HS,21059656,3961.1,11.722,3.3598998867,1,poor,NA
AIMS,2021-11-05T07:00:00Z,TLM12,STIC,20210928-20220221,HS,21059656,3961.1,11.722,3.3598998867,1,poor,NA
AIMS,2021-11-05T07:15:00Z,TLM12,STIC,20210928-20220221,HS,21059656,3961.1,11.722,3.3598998867,1,poor,NA
AIMS,2021-11-05T07:30:00Z,TLM12,STIC,20210928-20220221,HS,21059656,3961.1,11.625,3.3598998867,1,poor,NA
AIMS,2021-11-05T07:45:00Z,TLM12,STIC,20210928-20220221,HS,21059656,3788.9,11.625,2.882610219299999,1,poor,NA
AIMS,2021-11-05T08:00:00Z,TLM12,STIC,20210928-20220221,HS,21059656,3788.9,11.625,2.882610219299999,1,poor,NA
AIMS,2021-11-05T08:15:00Z,TLM12,STIC,20210928-20220221,HS,21059656,3788.9,11.625,2.882610219299999,1,poor,NA
AIMS,2021-11-05T08:30:00Z,TLM12,STIC,20210928-20220221,HS,21059656,3788.9,11.625,2.882610219299999,1,poor,NA
AIMS,2021-11-05T08:45:00Z,TLM12,STIC,20210928-20220221,HS,21059656,3788.9,11.625,2.882610219299999,1,poor,NA
AIMS,2021-11-05T09:00:00Z,TLM12,STIC,20210928-20220221,HS,21059656,3788.9,11.625,2.882610219299999,1,poor,NA
AIMS,2021-11-05T09:15:00Z,TLM12,STIC,20210928-20220221,HS,21059656,3788.9,11.528,2.882610219299999,1,poor,NA
AIMS,2021-11-05T09:30:00Z,TLM12,STIC,20210928-20220221,HS,21059656,3788.9,11.528,2.882610219299999,1,poor,NA
AIMS,2021-11-05T09:45:00Z,TLM12,STIC,20210928-20220221,HS,21059656,3788.9,11.528,2.882610219299999,1,poor,NA
AIMS,2021-11-05T10:00:00Z,TLM12,STIC,20210928-20220221,HS,21059656,3788.9,11.528,2.882610219299999,1,poor,NA
AIMS,2021-11-05T10:15:00Z,TLM12,STIC,20210928-20220221,HS,21059656,3788.9,11.528,2.882610219299999,1,poor,NA
AIMS,2021-11-05T10:30:00Z,TLM12,STIC,20210928-20220221,HS,21059656,3788.9,11.528,2.882610219299999,1,poor,NA
AIMS,2021-11-05T10:45:00Z,TLM12,STIC,20210928-20220221,HS,21059656,3788.9,11.528,2.882610219299999,1,poor,NA
AIMS,2021-11-05T11:00:00Z,TLM12,STIC,20210928-20220221,HS,21059656,3788.9,11.528,2.882610219299999,1,poor,NA
AIMS,2021-11-05T11:15:00Z,TLM12,STIC,20210928-20220221,HS,21059656,3788.9,11.528,2.882610219299999,1,poor,NA
AIMS,2021-11-05T11:30:00Z,TLM12,STIC,20210928-20220221,HS,21059656,3961.1,11.431,3.3598998867,1,poor,NA
AIMS,2021-11-05T11:45:00Z,TLM12,STIC,20210928-20220221,HS,21059656,3961.1,11.431,3.3598998867,1,poor,NA
AIMS,2021-11-05T12:00:00Z,TLM12,STIC,20210928-20220221,HS,21059656,3961.1,11.431,3.3598998867,1,poor,NA
AIMS,2021-11-05T12:15:00Z,TLM12,STIC,20210928-20220221,HS,21059656,3961.1,11.431,3.3598998867,1,poor,NA
AIMS,2021-11-05T12:30:00Z,TLM12,STIC,20210928-20220221,HS,21059656,3961.1,11.431,3.3598998867,1,poor,NA
AIMS,2021-11-05T12:45:00Z,TLM12,STIC,20210928-20220221,HS,21059656,3961.1,11.431,3.3598998867,1,poor,NA
AIMS,2021-11-05T13:00:00Z,TLM12,STIC,20210928-20220221,HS,21059656,3961.1,11.431,3.3598998867,1,poor,NA
AIMS,2021-11-05T13:15:00Z,TLM12,STIC,20210928-20220221,HS,21059656,3961.1,11.431,3.3598998867,1,poor,NA
AIMS,2021-11-05T13:30:00Z,TLM12,STIC,20210928-20220221,HS,21059656,3961.1,11.431,3.3598998867,1,poor,NA
AIMS,2021-11-05T13:45:00Z,TLM12,STIC,20210928-20220221,HS,21059656,3961.1,11.431,3.3598998867,1,poor,NA
AIMS,2021-11-05T14:00:00Z,TLM12,STIC,20210928-20220221,HS,21059656,3961.1,11.431,3.3598998867,1,poor,NA
AIMS,2021-11-05T14:15:00Z,TLM12,STIC,20210928-20220221,HS,21059656,3788.9,11.431,2.882610219299999,1,poor,NA
AIMS,2021-11-05T14:30:00Z,TLM12,STIC,20210928-20220221,HS,21059656,3788.9,11.431,2.882610219299999,1,poor,NA
AIMS,2021-11-05T14:45:00Z,TLM12,STIC,20210928-20220221,HS,21059656,3788.9,11.431,2.882610219299999,1,poor,NA
AIMS,2021-11-05T15:00:00Z,TLM12,STIC,20210928-20220221,HS,21059656,3788.9,11.528,2.882610219299999,1,poor,NA
AIMS,2021-11-05T15:15:00Z,TLM12,STIC,20210928-20220221,HS,21059656,3788.9,11.528,2.882610219299999,1,poor,NA
AIMS,2021-11-05T15:30:00Z,TLM12,STIC,20210928-20220221,HS,21059656,3788.9,11.625,2.882610219299999,1,poor,NA
AIMS,2021-11-05T15:45:00Z,TLM12,STIC,20210928-20220221,HS,21059656,3788.9,11.625,2.882610219299999,1,poor,NA
AIMS,2021-11-05T16:00:00Z,TLM12,STIC,20210928-20220221,HS,21059656,3788.9,11.722,2.882610219299999,1,poor,NA
AIMS,2021-11-05T16:15:00Z,TLM12,STIC,20210928-20220221,HS,21059656,3788.9,11.722,2.882610219299999,1,poor,NA
AIMS,2021-11-05T16:30:00Z,TLM12,STIC,20210928-20220221,HS,21059656,3788.9,11.819,2.882610219299999,1,poor,NA
AIMS,2021-11-05T16:45:00Z,TLM12,STIC,20210928-20220221,HS,21059656,3961.1,11.916,3.3598998867,1,poor,NA
AIMS,2021-11-05T17:00:00Z,TLM12,STIC,20210928-20220221,HS,21059656,3961.1,11.916,3.3598998867,1,poor,NA
AIMS,2021-11-05T17:15:00Z,TLM12,STIC,20210928-20220221,HS,21059656,3961.1,12.013,3.3598998867,1,poor,NA
AIMS,2021-11-05T17:30:00Z,TLM12,STIC,20210928-20220221,HS,21059656,3961.1,12.11,3.3598998867,1,poor,NA
AIMS,2021-11-05T17:45:00Z,TLM12,STIC,20210928-20220221,HS,21059656,3961.1,12.11,3.3598998867,1,poor,NA
AIMS,2021-11-05T18:00:00Z,TLM12,STIC,20210928-20220221,HS,21059656,3961.1,12.207,3.3598998867,1,poor,NA
AIMS,2021-11-05T18:15:00Z,TLM12,STIC,20210928-20220221,HS,21059656,3961.1,12.304,3.3598998867,1,poor,NA
AIMS,2021-11-05T18:30:00Z,TLM12,STIC,20210928-20220221,HS,21059656,3961.1,12.304,3.3598998867,1,poor,NA
AIMS,2021-11-05T18:45:00Z,TLM12,STIC,20210928-20220221,HS,21059656,3961.1,12.401,3.3598998867,1,poor,NA
AIMS,2021-11-05T19:00:00Z,TLM12,STIC,20210928-20220221,HS,21059656,3961.1,12.497,3.3598998867,1,poor,NA
AIMS,2021-11-05T19:15:00Z,TLM12,STIC,20210928-20220221,HS,21059656,3961.1,12.594,3.3598998867,1,poor,NA
AIMS,2021-11-05T19:30:00Z,TLM12,STIC,20210928-20220221,HS,21059656,3961.1,12.594,3.3598998867,1,poor,NA
AIMS,2021-11-05T19:45:00Z,TLM12,STIC,20210928-20220221,HS,21059656,3961.1,12.69,3.3598998867,1,poor,NA
AIMS,2021-11-05T20:00:00Z,TLM12,STIC,20210928-20220221,HS,21059656,3961.1,12.69,3.3598998867,1,poor,NA
AIMS,2021-11-05T20:15:00Z,TLM12,STIC,20210928-20220221,HS,21059656,3961.1,12.69,3.3598998867,1,poor,NA
AIMS,2021-11-05T20:30:00Z,TLM12,STIC,20210928-20220221,HS,21059656,3961.1,12.69,3.3598998867,1,poor,NA
AIMS,2021-11-05T20:45:00Z,TLM12,STIC,20210928-20220221,HS,21059656,3961.1,12.787,3.3598998867,1,poor,NA
AIMS,2021-11-05T21:00:00Z,TLM12,STIC,20210928-20220221,HS,21059656,3788.9,12.787,2.882610219299999,1,poor,NA
AIMS,2021-11-05T21:15:00Z,TLM12,STIC,20210928-20220221,HS,21059656,3961.1,12.787,3.3598998867,1,poor,NA
AIMS,2021-11-05T21:30:00Z,TLM12,STIC,20210928-20220221,HS,21059656,3961.1,12.787,3.3598998867,1,poor,NA
AIMS,2021-11-05T21:45:00Z,TLM12,STIC,20210928-20220221,HS,21059656,3961.1,12.787,3.3598998867,1,poor,NA
AIMS,2021-11-05T22:00:00Z,TLM12,STIC,20210928-20220221,HS,21059656,3961.1,12.787,3.3598998867,1,poor,NA
AIMS,2021-11-05T22:15:00Z,TLM12,STIC,20210928-20220221,HS,21059656,3961.1,12.787,3.3598998867,1,poor,NA
AIMS,2021-11-05T22:30:00Z,TLM12,STIC,20210928-20220221,HS,21059656,3961.1,12.69,3.3598998867,1,poor,NA
AIMS,2021-11-05T22:45:00Z,TLM12,STIC,20210928-20220221,HS,21059656,3961.1,12.69,3.3598998867,1,poor,NA
AIMS,2021-11-05T23:00:00Z,TLM12,STIC,20210928-20220221,HS,21059656,3961.1,12.69,3.3598998867,1,poor,NA
AIMS,2021-11-05T23:15:00Z,TLM12,STIC,20210928-20220221,HS,21059656,3961.1,12.594,3.3598998867,1,poor,NA
AIMS,2021-11-05T23:30:00Z,TLM12,STIC,20210928-20220221,HS,21059656,3961.1,12.594,3.3598998867,1,poor,NA
AIMS,2021-11-05T23:45:00Z,TLM12,STIC,20210928-20220221,HS,21059656,3961.1,12.497,3.3598998867,1,poor,NA
AIMS,2021-11-06T00:00:00Z,TLM12,STIC,20210928-20220221,HS,21059656,3788.9,12.401,2.882610219299999,1,poor,NA
AIMS,2021-11-06T00:15:00Z,TLM12,STIC,20210928-20220221,HS,21059656,3788.9,12.401,2.882610219299999,1,poor,NA
AIMS,2021-11-06T00:30:00Z,TLM12,STIC,20210928-20220221,HS,21059656,3788.9,12.304,2.882610219299999,1,poor,NA
AIMS,2021-11-06T00:45:00Z,TLM12,STIC,20210928-20220221,HS,21059656,3788.9,12.207,2.882610219299999,1,poor,NA
AIMS,2021-11-06T01:00:00Z,TLM12,STIC,20210928-20220221,HS,21059656,3788.9,12.207,2.882610219299999,1,poor,NA
AIMS,2021-11-06T01:15:00Z,TLM12,STIC,20210928-20220221,HS,21059656,3788.9,12.11,2.882610219299999,1,poor,NA
AIMS,2021-11-06T01:30:00Z,TLM12,STIC,20210928-20220221,HS,21059656,3788.9,12.11,2.882610219299999,1,poor,NA
AIMS,2021-11-06T01:45:00Z,TLM12,STIC,20210928-20220221,HS,21059656,3788.9,12.013,2.882610219299999,1,poor,NA
AIMS,2021-11-06T02:00:00Z,TLM12,STIC,20210928-20220221,HS,21059656,3788.9,11.916,2.882610219299999,1,poor,NA
AIMS,2021-11-06T02:15:00Z,TLM12,STIC,20210928-20220221,HS,21059656,3788.9,11.916,2.882610219299999,1,poor,NA
AIMS,2021-11-06T02:30:00Z,TLM12,STIC,20210928-20220221,HS,21059656,3788.9,11.819,2.882610219299999,1,poor,NA
AIMS,2021-11-06T02:45:00Z,TLM12,STIC,20210928-20220221,HS,21059656,3788.9,11.819,2.882610219299999,1,poor,NA
AIMS,2021-11-06T03:00:00Z,TLM12,STIC,20210928-20220221,HS,21059656,3788.9,11.722,2.882610219299999,1,poor,NA
AIMS,2021-11-06T03:15:00Z,TLM12,STIC,20210928-20220221,HS,21059656,3788.9,11.625,2.882610219299999,1,poor,NA
AIMS,2021-11-06T03:30:00Z,TLM12,STIC,20210928-20220221,HS,21059656,3788.9,11.625,2.882610219299999,1,poor,NA
AIMS,2021-11-06T03:45:00Z,TLM12,STIC,20210928-20220221,HS,21059656,3788.9,11.528,2.882610219299999,1,poor,NA
AIMS,2021-11-06T04:00:00Z,TLM12,STIC,20210928-20220221,HS,21059656,3788.9,11.431,2.882610219299999,1,poor,NA
AIMS,2021-11-06T04:15:00Z,TLM12,STIC,20210928-20220221,HS,21059656,3788.9,11.334,2.882610219299999,1,poor,NA
AIMS,2021-11-06T04:30:00Z,TLM12,STIC,20210928-20220221,HS,21059656,3788.9,11.334,2.882610219299999,1,poor,NA
AIMS,2021-11-06T04:45:00Z,TLM12,STIC,20210928-20220221,HS,21059656,3788.9,11.236,2.882610219299999,1,poor,NA
AIMS,2021-11-06T05:00:00Z,TLM12,STIC,20210928-20220221,HS,21059656,3788.9,11.236,2.882610219299999,1,poor,NA
AIMS,2021-11-06T05:15:00Z,TLM12,STIC,20210928-20220221,HS,21059656,3788.9,11.139,2.882610219299999,1,poor,NA
AIMS,2021-11-06T05:30:00Z,TLM12,STIC,20210928-20220221,HS,21059656,3788.9,11.139,2.882610219299999,1,poor,NA
AIMS,2021-11-06T05:45:00Z,TLM12,STIC,20210928-20220221,HS,21059656,3788.9,11.139,2.882610219299999,1,poor,NA
AIMS,2021-11-06T06:00:00Z,TLM12,STIC,20210928-20220221,HS,21059656,3788.9,11.041,2.882610219299999,1,poor,NA
AIMS,2021-11-06T06:15:00Z,TLM12,STIC,20210928-20220221,HS,21059656,3788.9,11.041,2.882610219299999,1,poor,NA
AIMS,2021-11-06T06:30:00Z,TLM12,STIC,20210928-20220221,HS,21059656,3788.9,10.944,2.882610219299999,1,poor,NA
AIMS,2021-11-06T06:45:00Z,TLM12,STIC,20210928-20220221,HS,21059656,3788.9,10.944,2.882610219299999,1,poor,NA
AIMS,2021-11-06T07:00:00Z,TLM12,STIC,20210928-20220221,HS,21059656,3788.9,10.944,2.882610219299999,1,poor,NA
AIMS,2021-11-06T07:15:00Z,TLM12,STIC,20210928-20220221,HS,21059656,3788.9,10.846,2.882610219299999,1,poor,NA
AIMS,2021-11-06T07:30:00Z,TLM12,STIC,20210928-20220221,HS,21059656,3788.9,10.748,2.882610219299999,1,poor,NA
AIMS,2021-11-06T07:45:00Z,TLM12,STIC,20210928-20220221,HS,21059656,3788.9,10.748,2.882610219299999,1,poor,NA
AIMS,2021-11-06T08:00:00Z,TLM12,STIC,20210928-20220221,HS,21059656,3788.9,10.651,2.882610219299999,1,poor,NA
AIMS,2021-11-06T08:15:00Z,TLM12,STIC,20210928-20220221,HS,21059656,3788.9,10.651,2.882610219299999,1,poor,NA
AIMS,2021-11-06T08:30:00Z,TLM12,STIC,20210928-20220221,HS,21059656,3788.9,10.553,2.882610219299999,1,poor,NA
AIMS,2021-11-06T08:45:00Z,TLM12,STIC,20210928-20220221,HS,21059656,3788.9,10.553,2.882610219299999,1,poor,NA
AIMS,2021-11-06T09:00:00Z,TLM12,STIC,20210928-20220221,HS,21059656,3788.9,10.553,2.882610219299999,1,poor,NA
AIMS,2021-11-06T09:15:00Z,TLM12,STIC,20210928-20220221,HS,21059656,3788.9,10.455,2.882610219299999,1,poor,NA
AIMS,2021-11-06T09:30:00Z,TLM12,STIC,20210928-20220221,HS,21059656,3788.9,10.455,2.882610219299999,1,poor,NA
AIMS,2021-11-06T09:45:00Z,TLM12,STIC,20210928-20220221,HS,21059656,3788.9,10.357,2.882610219299999,1,poor,NA
AIMS,2021-11-06T10:00:00Z,TLM12,STIC,20210928-20220221,HS,21059656,3788.9,10.357,2.882610219299999,1,poor,NA
AIMS,2021-11-06T10:15:00Z,TLM12,STIC,20210928-20220221,HS,21059656,3788.9,10.259,2.882610219299999,1,poor,NA
AIMS,2021-11-06T10:30:00Z,TLM12,STIC,20210928-20220221,HS,21059656,3788.9,10.259,2.882610219299999,1,poor,NA
AIMS,2021-11-06T10:45:00Z,TLM12,STIC,20210928-20220221,HS,21059656,3788.9,10.259,2.882610219299999,1,poor,NA
AIMS,2021-11-06T11:00:00Z,TLM12,STIC,20210928-20220221,HS,21059656,3788.9,10.161,2.882610219299999,1,poor,NA
AIMS,2021-11-06T11:15:00Z,TLM12,STIC,20210928-20220221,HS,21059656,3788.9,10.161,2.882610219299999,1,poor,NA
AIMS,2021-11-06T11:30:00Z,TLM12,STIC,20210928-20220221,HS,21059656,3788.9,10.063,2.882610219299999,1,poor,NA
AIMS,2021-11-06T11:45:00Z,TLM12,STIC,20210928-20220221,HS,21059656,3788.9,10.063,2.882610219299999,1,poor,NA
AIMS,2021-11-06T12:00:00Z,TLM12,STIC,20210928-20220221,HS,21059656,3788.9,10.063,2.882610219299999,1,poor,NA
AIMS,2021-11-06T12:15:00Z,TLM12,STIC,20210928-20220221,HS,21059656,3788.9,9.965,2.882610219299999,1,poor,NA
AIMS,2021-11-06T12:30:00Z,TLM12,STIC,20210928-20220221,HS,21059656,3788.9,9.965,2.882610219299999,1,poor,NA
AIMS,2021-11-06T12:45:00Z,TLM12,STIC,20210928-20220221,HS,21059656,3788.9,9.965,2.882610219299999,1,poor,NA
AIMS,2021-11-06T13:00:00Z,TLM12,STIC,20210928-20220221,HS,21059656,3788.9,9.866,2.882610219299999,1,poor,NA
AIMS,2021-11-06T13:15:00Z,TLM12,STIC,20210928-20220221,HS,21059656,3788.9,9.866,2.882610219299999,1,poor,NA
AIMS,2021-11-06T13:30:00Z,TLM12,STIC,20210928-20220221,HS,21059656,3788.9,9.866,2.882610219299999,1,poor,NA
AIMS,2021-11-06T13:45:00Z,TLM12,STIC,20210928-20220221,HS,21059656,3788.9,9.866,2.882610219299999,1,poor,NA
AIMS,2021-11-06T14:00:00Z,TLM12,STIC,20210928-20220221,HS,21059656,3788.9,9.866,2.882610219299999,1,poor,NA
AIMS,2021-11-06T14:15:00Z,TLM12,STIC,20210928-20220221,HS,21059656,3788.9,9.866,2.882610219299999,1,poor,NA
AIMS,2021-11-06T14:30:00Z,TLM12,STIC,20210928-20220221,HS,21059656,3788.9,9.965,2.882610219299999,1,poor,NA
AIMS,2021-11-06T14:45:00Z,TLM12,STIC,20210928-20220221,HS,21059656,3788.9,9.965,2.882610219299999,1,poor,NA
AIMS,2021-11-06T15:00:00Z,TLM12,STIC,20210928-20220221,HS,21059656,3788.9,10.063,2.882610219299999,1,poor,NA
AIMS,2021-11-06T15:15:00Z,TLM12,STIC,20210928-20220221,HS,21059656,3788.9,10.161,2.882610219299999,1,poor,NA
AIMS,2021-11-06T15:30:00Z,TLM12,STIC,20210928-20220221,HS,21059656,3788.9,10.259,2.882610219299999,1,poor,NA
AIMS,2021-11-06T15:45:00Z,TLM12,STIC,20210928-20220221,HS,21059656,3788.9,10.357,2.882610219299999,1,poor,NA
AIMS,2021-11-06T16:00:00Z,TLM12,STIC,20210928-20220221,HS,21059656,3788.9,10.455,2.882610219299999,1,poor,NA
AIMS,2021-11-06T16:15:00Z,TLM12,STIC,20210928-20220221,HS,21059656,3788.9,10.553,2.882610219299999,1,poor,NA
AIMS,2021-11-06T16:30:00Z,TLM12,STIC,20210928-20220221,HS,21059656,3788.9,10.748,2.882610219299999,1,poor,NA
AIMS,2021-11-06T16:45:00Z,TLM12,STIC,20210928-20220221,HS,21059656,3788.9,10.846,2.882610219299999,1,poor,NA
AIMS,2021-11-06T17:00:00Z,TLM12,STIC,20210928-20220221,HS,21059656,3788.9,10.944,2.882610219299999,1,poor,NA
AIMS,2021-11-06T17:15:00Z,TLM12,STIC,20210928-20220221,HS,21059656,3788.9,11.139,2.882610219299999,1,poor,NA
AIMS,2021-11-06T17:30:00Z,TLM12,STIC,20210928-20220221,HS,21059656,3788.9,11.334,2.882610219299999,1,poor,NA
AIMS,2021-11-06T17:45:00Z,TLM12,STIC,20210928-20220221,HS,21059656,3788.9,11.431,2.882610219299999,1,poor,NA
AIMS,2021-11-06T18:00:00Z,TLM12,STIC,20210928-20220221,HS,21059656,3788.9,11.625,2.882610219299999,1,poor,NA
AIMS,2021-11-06T18:15:00Z,TLM12,STIC,20210928-20220221,HS,21059656,3788.9,11.722,2.882610219299999,1,poor,NA
AIMS,2021-11-06T18:30:00Z,TLM12,STIC,20210928-20220221,HS,21059656,3788.9,11.916,2.882610219299999,1,poor,NA
AIMS,2021-11-06T18:45:00Z,TLM12,STIC,20210928-20220221,HS,21059656,3788.9,12.013,2.882610219299999,1,poor,NA
AIMS,2021-11-06T19:00:00Z,TLM12,STIC,20210928-20220221,HS,21059656,3788.9,12.207,2.882610219299999,1,poor,NA
AIMS,2021-11-06T19:15:00Z,TLM12,STIC,20210928-20220221,HS,21059656,3961.1,12.401,3.3598998867,1,poor,NA
AIMS,2021-11-06T19:30:00Z,TLM12,STIC,20210928-20220221,HS,21059656,3961.1,12.401,3.3598998867,1,poor,NA
AIMS,2021-11-06T19:45:00Z,TLM12,STIC,20210928-20220221,HS,21059656,3961.1,12.401,3.3598998867,1,poor,NA
AIMS,2021-11-06T20:00:00Z,TLM12,STIC,20210928-20220221,HS,21059656,3961.1,12.401,3.3598998867,1,poor,NA
AIMS,2021-11-06T20:15:00Z,TLM12,STIC,20210928-20220221,HS,21059656,3961.1,12.401,3.3598998867,1,poor,NA
AIMS,2021-11-06T20:30:00Z,TLM12,STIC,20210928-20220221,HS,21059656,3961.1,12.401,3.3598998867,1,poor,NA
AIMS,2021-11-06T20:45:00Z,TLM12,STIC,20210928-20220221,HS,21059656,3961.1,12.497,3.3598998867,1,poor,NA
AIMS,2021-11-06T21:00:00Z,TLM12,STIC,20210928-20220221,HS,21059656,3961.1,12.497,3.3598998867,1,poor,NA
AIMS,2021-11-06T21:15:00Z,TLM12,STIC,20210928-20220221,HS,21059656,3961.1,12.497,3.3598998867,1,poor,NA
AIMS,2021-11-06T21:30:00Z,TLM12,STIC,20210928-20220221,HS,21059656,3961.1,12.497,3.3598998867,1,poor,NA
AIMS,2021-11-06T21:45:00Z,TLM12,STIC,20210928-20220221,HS,21059656,3961.1,12.594,3.3598998867,1,poor,NA
AIMS,2021-11-06T22:00:00Z,TLM12,STIC,20210928-20220221,HS,21059656,3961.1,12.594,3.3598998867,1,poor,NA
AIMS,2021-11-06T22:15:00Z,TLM12,STIC,20210928-20220221,HS,21059656,3961.1,12.594,3.3598998867,1,poor,NA
AIMS,2021-11-06T22:30:00Z,TLM12,STIC,20210928-20220221,HS,21059656,3961.1,12.497,3.3598998867,1,poor,NA
AIMS,2021-11-06T22:45:00Z,TLM12,STIC,20210928-20220221,HS,21059656,3961.1,12.497,3.3598998867,1,poor,NA
AIMS,2021-11-06T23:00:00Z,TLM12,STIC,20210928-20220221,HS,21059656,3961.1,12.401,3.3598998867,1,poor,NA
AIMS,2021-11-06T23:15:00Z,TLM12,STIC,20210928-20220221,HS,21059656,3961.1,12.401,3.3598998867,1,poor,NA
AIMS,2021-11-06T23:30:00Z,TLM12,STIC,20210928-20220221,HS,21059656,3961.1,12.304,3.3598998867,1,poor,NA
AIMS,2021-11-06T23:45:00Z,TLM12,STIC,20210928-20220221,HS,21059656,3961.1,12.207,3.3598998867,1,poor,NA
AIMS,2021-11-07T00:00:00Z,TLM12,STIC,20210928-20220221,HS,21059656,3961.1,12.207,3.3598998867,1,poor,NA
AIMS,2021-11-07T00:15:00Z,TLM12,STIC,20210928-20220221,HS,21059656,3961.1,12.11,3.3598998867,1,poor,NA
AIMS,2021-11-07T00:30:00Z,TLM12,STIC,20210928-20220221,HS,21059656,3961.1,12.013,3.3598998867,1,poor,NA
AIMS,2021-11-07T00:45:00Z,TLM12,STIC,20210928-20220221,HS,21059656,3961.1,11.916,3.3598998867,1,poor,NA
AIMS,2021-11-07T01:00:00Z,TLM12,STIC,20210928-20220221,HS,21059656,3961.1,11.819,3.3598998867,1,poor,NA
AIMS,2021-11-07T01:15:00Z,TLM12,STIC,20210928-20220221,HS,21059656,3961.1,11.819,3.3598998867,1,poor,NA
AIMS,2021-11-07T01:30:00Z,TLM12,STIC,20210928-20220221,HS,21059656,3961.1,11.722,3.3598998867,1,poor,NA
AIMS,2021-11-07T01:45:00Z,TLM12,STIC,20210928-20220221,HS,21059656,3961.1,11.722,3.3598998867,1,poor,NA
AIMS,2021-11-07T02:00:00Z,TLM12,STIC,20210928-20220221,HS,21059656,3961.1,11.625,3.3598998867,1,poor,NA
AIMS,2021-11-07T02:15:00Z,TLM12,STIC,20210928-20220221,HS,21059656,3961.1,11.528,3.3598998867,1,poor,NA
AIMS,2021-11-07T02:30:00Z,TLM12,STIC,20210928-20220221,HS,21059656,3788.9,11.528,2.882610219299999,1,poor,NA
AIMS,2021-11-07T02:45:00Z,TLM12,STIC,20210928-20220221,HS,21059656,3788.9,11.431,2.882610219299999,1,poor,NA
AIMS,2021-11-07T03:00:00Z,TLM12,STIC,20210928-20220221,HS,21059656,3788.9,11.334,2.882610219299999,1,poor,NA
AIMS,2021-11-07T03:15:00Z,TLM12,STIC,20210928-20220221,HS,21059656,3788.9,11.334,2.882610219299999,1,poor,NA
AIMS,2021-11-07T03:30:00Z,TLM12,STIC,20210928-20220221,HS,21059656,3788.9,11.236,2.882610219299999,1,poor,NA
AIMS,2021-11-07T03:45:00Z,TLM12,STIC,20210928-20220221,HS,21059656,3788.9,11.236,2.882610219299999,1,poor,NA
AIMS,2021-11-07T04:00:00Z,TLM12,STIC,20210928-20220221,HS,21059656,3788.9,11.139,2.882610219299999,1,poor,NA
AIMS,2021-11-07T04:15:00Z,TLM12,STIC,20210928-20220221,HS,21059656,3788.9,11.041,2.882610219299999,1,poor,NA
AIMS,2021-11-07T04:30:00Z,TLM12,STIC,20210928-20220221,HS,21059656,3788.9,11.041,2.882610219299999,1,poor,NA
AIMS,2021-11-07T04:45:00Z,TLM12,STIC,20210928-20220221,HS,21059656,3788.9,10.944,2.882610219299999,1,poor,NA
AIMS,2021-11-07T05:00:00Z,TLM12,STIC,20210928-20220221,HS,21059656,3788.9,10.944,2.882610219299999,1,poor,NA
AIMS,2021-11-07T05:15:00Z,TLM12,STIC,20210928-20220221,HS,21059656,3788.9,10.846,2.882610219299999,1,poor,NA
AIMS,2021-11-07T05:30:00Z,TLM12,STIC,20210928-20220221,HS,21059656,3788.9,10.846,2.882610219299999,1,poor,NA
AIMS,2021-11-07T05:45:00Z,TLM12,STIC,20210928-20220221,HS,21059656,3788.9,10.846,2.882610219299999,1,poor,NA
AIMS,2021-11-07T07:00:00Z,TLM12,STIC,20210928-20220221,HS,21059656,3788.9,10.748,2.882610219299999,1,poor,NA
AIMS,2021-11-07T07:15:00Z,TLM12,STIC,20210928-20220221,HS,21059656,3788.9,10.748,2.882610219299999,1,poor,NA
AIMS,2021-11-07T07:30:00Z,TLM12,STIC,20210928-20220221,HS,21059656,3788.9,10.651,2.882610219299999,1,poor,NA
AIMS,2021-11-07T07:45:00Z,TLM12,STIC,20210928-20220221,HS,21059656,3788.9,10.651,2.882610219299999,1,poor,NA
AIMS,2021-11-07T08:00:00Z,TLM12,STIC,20210928-20220221,HS,21059656,3788.9,10.651,2.882610219299999,1,poor,NA
AIMS,2021-11-07T08:15:00Z,TLM12,STIC,20210928-20220221,HS,21059656,3788.9,10.553,2.882610219299999,1,poor,NA
AIMS,2021-11-07T08:30:00Z,TLM12,STIC,20210928-20220221,HS,21059656,3788.9,10.553,2.882610219299999,1,poor,NA
AIMS,2021-11-07T08:45:00Z,TLM12,STIC,20210928-20220221,HS,21059656,3788.9,10.553,2.882610219299999,1,poor,NA
AIMS,2021-11-07T09:00:00Z,TLM12,STIC,20210928-20220221,HS,21059656,3788.9,10.455,2.882610219299999,1,poor,NA
AIMS,2021-11-07T09:15:00Z,TLM12,STIC,20210928-20220221,HS,21059656,3788.9,10.455,2.882610219299999,1,poor,NA
AIMS,2021-11-07T09:30:00Z,TLM12,STIC,20210928-20220221,HS,21059656,3788.9,10.455,2.882610219299999,1,poor,NA
AIMS,2021-11-07T09:45:00Z,TLM12,STIC,20210928-20220221,HS,21059656,3788.9,10.357,2.882610219299999,1,poor,NA
AIMS,2021-11-07T10:00:00Z,TLM12,STIC,20210928-20220221,HS,21059656,3788.9,10.357,2.882610219299999,1,poor,NA
AIMS,2021-11-07T10:15:00Z,TLM12,STIC,20210928-20220221,HS,21059656,3788.9,10.357,2.882610219299999,1,poor,NA
AIMS,2021-11-07T10:30:00Z,TLM12,STIC,20210928-20220221,HS,21059656,3788.9,10.357,2.882610219299999,1,poor,NA
AIMS,2021-11-07T10:45:00Z,TLM12,STIC,20210928-20220221,HS,21059656,3788.9,10.259,2.882610219299999,1,poor,NA
AIMS,2021-11-07T11:00:00Z,TLM12,STIC,20210928-20220221,HS,21059656,3788.9,10.259,2.882610219299999,1,poor,NA
AIMS,2021-11-07T11:15:00Z,TLM12,STIC,20210928-20220221,HS,21059656,3788.9,10.161,2.882610219299999,1,poor,NA
AIMS,2021-11-07T11:30:00Z,TLM12,STIC,20210928-20220221,HS,21059656,3788.9,10.161,2.882610219299999,1,poor,NA
AIMS,2021-11-07T11:45:00Z,TLM12,STIC,20210928-20220221,HS,21059656,3788.9,10.063,2.882610219299999,1,poor,NA
AIMS,2021-11-07T12:00:00Z,TLM12,STIC,20210928-20220221,HS,21059656,3788.9,10.063,2.882610219299999,1,poor,NA
AIMS,2021-11-07T12:15:00Z,TLM12,STIC,20210928-20220221,HS,21059656,3788.9,9.965,2.882610219299999,1,poor,NA
AIMS,2021-11-07T12:30:00Z,TLM12,STIC,20210928-20220221,HS,21059656,3788.9,9.965,2.882610219299999,1,poor,NA
AIMS,2021-11-07T12:45:00Z,TLM12,STIC,20210928-20220221,HS,21059656,3788.9,9.866,2.882610219299999,1,poor,NA
AIMS,2021-11-07T13:00:00Z,TLM12,STIC,20210928-20220221,HS,21059656,3788.9,9.866,2.882610219299999,1,poor,NA
AIMS,2021-11-07T13:15:00Z,TLM12,STIC,20210928-20220221,HS,21059656,3788.9,9.768,2.882610219299999,1,poor,NA
AIMS,2021-11-07T13:30:00Z,TLM12,STIC,20210928-20220221,HS,21059656,3788.9,9.669,2.882610219299999,1,poor,NA
AIMS,2021-11-07T13:45:00Z,TLM12,STIC,20210928-20220221,HS,21059656,3788.9,9.669,2.882610219299999,1,poor,NA
AIMS,2021-11-07T14:00:00Z,TLM12,STIC,20210928-20220221,HS,21059656,3788.9,9.571,2.882610219299999,1,poor,NA
AIMS,2021-11-07T14:15:00Z,TLM12,STIC,20210928-20220221,HS,21059656,3788.9,9.571,2.882610219299999,1,poor,NA
AIMS,2021-11-07T14:30:00Z,TLM12,STIC,20210928-20220221,HS,21059656,3788.9,9.571,2.882610219299999,1,poor,NA
AIMS,2021-11-07T14:45:00Z,TLM12,STIC,20210928-20220221,HS,21059656,3788.9,9.571,2.882610219299999,1,poor,NA
AIMS,2021-11-07T15:00:00Z,TLM12,STIC,20210928-20220221,HS,21059656,3788.9,9.571,2.882610219299999,1,poor,NA
AIMS,2021-11-07T15:15:00Z,TLM12,STIC,20210928-20220221,HS,21059656,3788.9,9.571,2.882610219299999,1,poor,NA
AIMS,2021-11-07T15:30:00Z,TLM12,STIC,20210928-20220221,HS,21059656,3788.9,9.669,2.882610219299999,1,poor,NA
AIMS,2021-11-07T15:45:00Z,TLM12,STIC,20210928-20220221,HS,21059656,3788.9,9.768,2.882610219299999,1,poor,NA
AIMS,2021-11-07T16:00:00Z,TLM12,STIC,20210928-20220221,HS,21059656,3788.9,9.866,2.882610219299999,1,poor,NA
AIMS,2021-11-07T16:15:00Z,TLM12,STIC,20210928-20220221,HS,21059656,3788.9,9.965,2.882610219299999,1,poor,NA
AIMS,2021-11-07T16:30:00Z,TLM12,STIC,20210928-20220221,HS,21059656,3788.9,10.063,2.882610219299999,1,poor,NA
AIMS,2021-11-07T16:45:00Z,TLM12,STIC,20210928-20220221,HS,21059656,3788.9,10.259,2.882610219299999,1,poor,NA
AIMS,2021-11-07T17:00:00Z,TLM12,STIC,20210928-20220221,HS,21059656,3788.9,10.357,2.882610219299999,1,poor,NA
AIMS,2021-11-07T17:15:00Z,TLM12,STIC,20210928-20220221,HS,21059656,3788.9,10.553,2.882610219299999,1,poor,NA
AIMS,2021-11-07T17:30:00Z,TLM12,STIC,20210928-20220221,HS,21059656,3788.9,10.651,2.882610219299999,1,poor,NA
AIMS,2021-11-07T17:45:00Z,TLM12,STIC,20210928-20220221,HS,21059656,3788.9,10.748,2.882610219299999,1,poor,NA
AIMS,2021-11-07T18:00:00Z,TLM12,STIC,20210928-20220221,HS,21059656,3788.9,10.944,2.882610219299999,1,poor,NA
AIMS,2021-11-07T18:15:00Z,TLM12,STIC,20210928-20220221,HS,21059656,3788.9,11.041,2.882610219299999,1,poor,NA
AIMS,2021-11-07T18:30:00Z,TLM12,STIC,20210928-20220221,HS,21059656,3788.9,11.236,2.882610219299999,1,poor,NA
AIMS,2021-11-07T18:45:00Z,TLM12,STIC,20210928-20220221,HS,21059656,3788.9,11.431,2.882610219299999,1,poor,NA
AIMS,2021-11-07T19:00:00Z,TLM12,STIC,20210928-20220221,HS,21059656,3788.9,11.625,2.882610219299999,1,poor,NA
AIMS,2021-11-07T19:15:00Z,TLM12,STIC,20210928-20220221,HS,21059656,3788.9,11.819,2.882610219299999,1,poor,NA
AIMS,2021-11-07T19:30:00Z,TLM12,STIC,20210928-20220221,HS,21059656,3788.9,11.916,2.882610219299999,1,poor,NA
AIMS,2021-11-07T19:45:00Z,TLM12,STIC,20210928-20220221,HS,21059656,3788.9,12.11,2.882610219299999,1,poor,NA
AIMS,2021-11-07T20:00:00Z,TLM12,STIC,20210928-20220221,HS,21059656,3788.9,12.304,2.882610219299999,1,poor,NA
AIMS,2021-11-07T20:15:00Z,TLM12,STIC,20210928-20220221,HS,21059656,3788.9,12.497,2.882610219299999,1,poor,NA
AIMS,2021-11-07T20:30:00Z,TLM12,STIC,20210928-20220221,HS,21059656,3788.9,12.594,2.882610219299999,1,poor,NA
AIMS,2021-11-07T20:45:00Z,TLM12,STIC,20210928-20220221,HS,21059656,3788.9,12.594,2.882610219299999,1,poor,NA
AIMS,2021-11-07T21:00:00Z,TLM12,STIC,20210928-20220221,HS,21059656,3788.9,12.594,2.882610219299999,1,poor,NA
AIMS,2021-11-07T21:15:00Z,TLM12,STIC,20210928-20220221,HS,21059656,3788.9,12.594,2.882610219299999,1,poor,NA
AIMS,2021-11-07T21:30:00Z,TLM12,STIC,20210928-20220221,HS,21059656,3961.1,12.69,3.3598998867,1,poor,NA
AIMS,2021-11-07T21:45:00Z,TLM12,STIC,20210928-20220221,HS,21059656,3961.1,12.69,3.3598998867,1,poor,NA
AIMS,2021-11-07T22:00:00Z,TLM12,STIC,20210928-20220221,HS,21059656,3961.1,12.69,3.3598998867,1,poor,NA
AIMS,2021-11-07T22:15:00Z,TLM12,STIC,20210928-20220221,HS,21059656,3961.1,12.787,3.3598998867,1,poor,NA
AIMS,2021-11-07T22:30:00Z,TLM12,STIC,20210928-20220221,HS,21059656,3961.1,12.787,3.3598998867,1,poor,NA
AIMS,2021-11-07T22:45:00Z,TLM12,STIC,20210928-20220221,HS,21059656,3961.1,12.787,3.3598998867,1,poor,NA
AIMS,2021-11-07T23:00:00Z,TLM12,STIC,20210928-20220221,HS,21059656,3961.1,12.787,3.3598998867,1,poor,NA
AIMS,2021-11-07T23:15:00Z,TLM12,STIC,20210928-20220221,HS,21059656,3961.1,12.787,3.3598998867,1,poor,NA
AIMS,2021-11-07T23:30:00Z,TLM12,STIC,20210928-20220221,HS,21059656,3961.1,12.69,3.3598998867,1,poor,NA
AIMS,2021-11-07T23:45:00Z,TLM12,STIC,20210928-20220221,HS,21059656,3961.1,12.69,3.3598998867,1,poor,NA
AIMS,2021-11-08T00:00:00Z,TLM12,STIC,20210928-20220221,HS,21059656,3961.1,12.594,3.3598998867,1,poor,NA
AIMS,2021-11-08T00:15:00Z,TLM12,STIC,20210928-20220221,HS,21059656,3961.1,12.594,3.3598998867,1,poor,NA
AIMS,2021-11-08T00:30:00Z,TLM12,STIC,20210928-20220221,HS,21059656,3961.1,12.497,3.3598998867,1,poor,NA
AIMS,2021-11-08T00:45:00Z,TLM12,STIC,20210928-20220221,HS,21059656,3961.1,12.401,3.3598998867,1,poor,NA
AIMS,2021-11-08T01:00:00Z,TLM12,STIC,20210928-20220221,HS,21059656,3961.1,12.304,3.3598998867,1,poor,NA
AIMS,2021-11-08T01:15:00Z,TLM12,STIC,20210928-20220221,HS,21059656,3961.1,12.304,3.3598998867,1,poor,NA
AIMS,2021-11-08T01:30:00Z,TLM12,STIC,20210928-20220221,HS,21059656,3788.9,12.207,2.882610219299999,1,poor,NA
AIMS,2021-11-08T01:45:00Z,TLM12,STIC,20210928-20220221,HS,21059656,3788.9,12.11,2.882610219299999,1,poor,NA
AIMS,2021-11-08T02:00:00Z,TLM12,STIC,20210928-20220221,HS,21059656,3788.9,12.11,2.882610219299999,1,poor,NA
AIMS,2021-11-08T02:15:00Z,TLM12,STIC,20210928-20220221,HS,21059656,3788.9,12.013,2.882610219299999,1,poor,NA
AIMS,2021-11-08T02:30:00Z,TLM12,STIC,20210928-20220221,HS,21059656,3788.9,11.916,2.882610219299999,1,poor,NA
AIMS,2021-11-08T02:45:00Z,TLM12,STIC,20210928-20220221,HS,21059656,3788.9,11.916,2.882610219299999,1,poor,NA
AIMS,2021-11-08T03:00:00Z,TLM12,STIC,20210928-20220221,HS,21059656,3788.9,11.819,2.882610219299999,1,poor,NA
AIMS,2021-11-08T03:15:00Z,TLM12,STIC,20210928-20220221,HS,21059656,3788.9,11.819,2.882610219299999,1,poor,NA
AIMS,2021-11-08T03:30:00Z,TLM12,STIC,20210928-20220221,HS,21059656,3788.9,11.722,2.882610219299999,1,poor,NA
AIMS,2021-11-08T03:45:00Z,TLM12,STIC,20210928-20220221,HS,21059656,3788.9,11.625,2.882610219299999,1,poor,NA
AIMS,2021-11-08T04:00:00Z,TLM12,STIC,20210928-20220221,HS,21059656,3788.9,11.625,2.882610219299999,1,poor,NA
AIMS,2021-11-08T04:15:00Z,TLM12,STIC,20210928-20220221,HS,21059656,3788.9,11.528,2.882610219299999,1,poor,NA
AIMS,2021-11-08T04:30:00Z,TLM12,STIC,20210928-20220221,HS,21059656,3788.9,11.431,2.882610219299999,1,poor,NA
AIMS,2021-11-08T04:45:00Z,TLM12,STIC,20210928-20220221,HS,21059656,3788.9,11.431,2.882610219299999,1,poor,NA
AIMS,2021-11-08T05:00:00Z,TLM12,STIC,20210928-20220221,HS,21059656,3788.9,11.334,2.882610219299999,1,poor,NA
AIMS,2021-11-08T05:15:00Z,TLM12,STIC,20210928-20220221,HS,21059656,3788.9,11.236,2.882610219299999,1,poor,NA
AIMS,2021-11-08T05:30:00Z,TLM12,STIC,20210928-20220221,HS,21059656,3788.9,11.236,2.882610219299999,1,poor,NA
AIMS,2021-11-08T05:45:00Z,TLM12,STIC,20210928-20220221,HS,21059656,3788.9,11.139,2.882610219299999,1,poor,NA
AIMS,2021-11-08T06:00:00Z,TLM12,STIC,20210928-20220221,HS,21059656,3788.9,11.139,2.882610219299999,1,poor,NA
AIMS,2021-11-08T06:15:00Z,TLM12,STIC,20210928-20220221,HS,21059656,3788.9,11.041,2.882610219299999,1,poor,NA
AIMS,2021-11-08T06:30:00Z,TLM12,STIC,20210928-20220221,HS,21059656,3788.9,11.041,2.882610219299999,1,poor,NA
AIMS,2021-11-08T06:45:00Z,TLM12,STIC,20210928-20220221,HS,21059656,3788.9,10.944,2.882610219299999,1,poor,NA
AIMS,2021-11-08T07:00:00Z,TLM12,STIC,20210928-20220221,HS,21059656,3788.9,10.846,2.882610219299999,1,poor,NA
AIMS,2021-11-08T07:15:00Z,TLM12,STIC,20210928-20220221,HS,21059656,3788.9,10.846,2.882610219299999,1,poor,NA
AIMS,2021-11-08T07:30:00Z,TLM12,STIC,20210928-20220221,HS,21059656,3788.9,10.748,2.882610219299999,1,poor,NA
AIMS,2021-11-08T07:45:00Z,TLM12,STIC,20210928-20220221,HS,21059656,3788.9,10.748,2.882610219299999,1,poor,NA
AIMS,2021-11-08T08:00:00Z,TLM12,STIC,20210928-20220221,HS,21059656,3788.9,10.651,2.882610219299999,1,poor,NA
AIMS,2021-11-08T08:15:00Z,TLM12,STIC,20210928-20220221,HS,21059656,3788.9,10.651,2.882610219299999,1,poor,NA
AIMS,2021-11-08T08:30:00Z,TLM12,STIC,20210928-20220221,HS,21059656,3788.9,10.553,2.882610219299999,1,poor,NA
AIMS,2021-11-08T08:45:00Z,TLM12,STIC,20210928-20220221,HS,21059656,3788.9,10.455,2.882610219299999,1,poor,NA
AIMS,2021-11-08T09:00:00Z,TLM12,STIC,20210928-20220221,HS,21059656,3788.9,10.455,2.882610219299999,1,poor,NA
AIMS,2021-11-08T09:15:00Z,TLM12,STIC,20210928-20220221,HS,21059656,3616.7,10.357,2.4053205519,1,poor,NA
AIMS,2021-11-08T09:30:00Z,TLM12,STIC,20210928-20220221,HS,21059656,3616.7,10.357,2.4053205519,1,poor,NA
AIMS,2021-11-08T09:45:00Z,TLM12,STIC,20210928-20220221,HS,21059656,3616.7,10.357,2.4053205519,1,poor,NA
AIMS,2021-11-08T10:00:00Z,TLM12,STIC,20210928-20220221,HS,21059656,3616.7,10.259,2.4053205519,1,poor,NA
AIMS,2021-11-08T10:15:00Z,TLM12,STIC,20210928-20220221,HS,21059656,3616.7,10.259,2.4053205519,1,poor,NA
AIMS,2021-11-08T10:30:00Z,TLM12,STIC,20210928-20220221,HS,21059656,3616.7,10.161,2.4053205519,1,poor,NA
AIMS,2021-11-08T10:45:00Z,TLM12,STIC,20210928-20220221,HS,21059656,3616.7,10.161,2.4053205519,1,poor,NA
AIMS,2021-11-08T11:00:00Z,TLM12,STIC,20210928-20220221,HS,21059656,3616.7,10.161,2.4053205519,1,poor,NA
AIMS,2021-11-08T11:15:00Z,TLM12,STIC,20210928-20220221,HS,21059656,3616.7,10.063,2.4053205519,1,poor,NA
AIMS,2021-11-08T11:30:00Z,TLM12,STIC,20210928-20220221,HS,21059656,3616.7,10.063,2.4053205519,1,poor,NA
AIMS,2021-11-08T11:45:00Z,TLM12,STIC,20210928-20220221,HS,21059656,3616.7,10.063,2.4053205519,1,poor,NA
AIMS,2021-11-08T12:00:00Z,TLM12,STIC,20210928-20220221,HS,21059656,3616.7,9.965,2.4053205519,1,poor,NA
AIMS,2021-11-08T12:15:00Z,TLM12,STIC,20210928-20220221,HS,21059656,3616.7,9.965,2.4053205519,1,poor,NA
AIMS,2021-11-08T12:30:00Z,TLM12,STIC,20210928-20220221,HS,21059656,3616.7,9.965,2.4053205519,1,poor,NA
AIMS,2021-11-08T12:45:00Z,TLM12,STIC,20210928-20220221,HS,21059656,3616.7,9.866,2.4053205519,1,poor,NA
AIMS,2021-11-08T13:00:00Z,TLM12,STIC,20210928-20220221,HS,21059656,3616.7,9.866,2.4053205519,1,poor,NA
AIMS,2021-11-08T13:15:00Z,TLM12,STIC,20210928-20220221,HS,21059656,3616.7,9.768,2.4053205519,1,poor,NA
AIMS,2021-11-08T13:30:00Z,TLM12,STIC,20210928-20220221,HS,21059656,3616.7,9.768,2.4053205519,1,poor,NA
AIMS,2021-11-08T13:45:00Z,TLM12,STIC,20210928-20220221,HS,21059656,3616.7,9.768,2.4053205519,1,poor,NA
AIMS,2021-11-08T14:00:00Z,TLM12,STIC,20210928-20220221,HS,21059656,3616.7,9.669,2.4053205519,1,poor,NA
AIMS,2021-11-08T14:15:00Z,TLM12,STIC,20210928-20220221,HS,21059656,3616.7,9.669,2.4053205519,1,poor,NA
AIMS,2021-11-08T14:30:00Z,TLM12,STIC,20210928-20220221,HS,21059656,3616.7,9.669,2.4053205519,1,poor,NA
AIMS,2021-11-08T14:45:00Z,TLM12,STIC,20210928-20220221,HS,21059656,3616.7,9.669,2.4053205519,1,poor,NA
AIMS,2021-11-08T15:00:00Z,TLM12,STIC,20210928-20220221,HS,21059656,3616.7,9.669,2.4053205519,1,poor,NA
AIMS,2021-11-08T15:15:00Z,TLM12,STIC,20210928-20220221,HS,21059656,3616.7,9.768,2.4053205519,1,poor,NA
AIMS,2021-11-08T15:30:00Z,TLM12,STIC,20210928-20220221,HS,21059656,3616.7,9.866,2.4053205519,1,poor,NA
AIMS,2021-11-08T15:45:00Z,TLM12,STIC,20210928-20220221,HS,21059656,3616.7,9.965,2.4053205519,1,poor,NA
AIMS,2021-11-08T16:00:00Z,TLM12,STIC,20210928-20220221,HS,21059656,3616.7,10.063,2.4053205519,1,poor,NA
AIMS,2021-11-08T16:15:00Z,TLM12,STIC,20210928-20220221,HS,21059656,3616.7,10.259,2.4053205519,1,poor,NA
AIMS,2021-11-08T16:30:00Z,TLM12,STIC,20210928-20220221,HS,21059656,3616.7,10.357,2.4053205519,1,poor,NA
AIMS,2021-11-08T16:45:00Z,TLM12,STIC,20210928-20220221,HS,21059656,3616.7,10.455,2.4053205519,1,poor,NA
AIMS,2021-11-08T17:00:00Z,TLM12,STIC,20210928-20220221,HS,21059656,3788.9,10.651,2.882610219299999,1,poor,NA
AIMS,2021-11-08T17:15:00Z,TLM12,STIC,20210928-20220221,HS,21059656,3788.9,10.846,2.882610219299999,1,poor,NA
AIMS,2021-11-08T17:30:00Z,TLM12,STIC,20210928-20220221,HS,21059656,3788.9,11.041,2.882610219299999,1,poor,NA
AIMS,2021-11-08T17:45:00Z,TLM12,STIC,20210928-20220221,HS,21059656,3788.9,11.139,2.882610219299999,1,poor,NA
AIMS,2021-11-08T18:00:00Z,TLM12,STIC,20210928-20220221,HS,21059656,3788.9,11.334,2.882610219299999,1,poor,NA
AIMS,2021-11-08T18:15:00Z,TLM12,STIC,20210928-20220221,HS,21059656,3788.9,11.528,2.882610219299999,1,poor,NA
AIMS,2021-11-08T18:30:00Z,TLM12,STIC,20210928-20220221,HS,21059656,3788.9,11.722,2.882610219299999,1,poor,NA
AIMS,2021-11-08T18:45:00Z,TLM12,STIC,20210928-20220221,HS,21059656,3788.9,11.916,2.882610219299999,1,poor,NA
AIMS,2021-11-08T19:00:00Z,TLM12,STIC,20210928-20220221,HS,21059656,3788.9,12.207,2.882610219299999,1,poor,NA
AIMS,2021-11-08T19:15:00Z,TLM12,STIC,20210928-20220221,HS,21059656,3788.9,12.401,2.882610219299999,1,poor,NA
AIMS,2021-11-08T19:30:00Z,TLM12,STIC,20210928-20220221,HS,21059656,3788.9,12.594,2.882610219299999,1,poor,NA
AIMS,2021-11-08T19:45:00Z,TLM12,STIC,20210928-20220221,HS,21059656,3788.9,12.787,2.882610219299999,1,poor,NA
AIMS,2021-11-08T20:00:00Z,TLM12,STIC,20210928-20220221,HS,21059656,3788.9,12.98,2.882610219299999,1,poor,NA
AIMS,2021-11-08T20:15:00Z,TLM12,STIC,20210928-20220221,HS,21059656,3788.9,13.173,2.882610219299999,1,poor,NA
AIMS,2021-11-08T20:30:00Z,TLM12,STIC,20210928-20220221,HS,21059656,3788.9,13.269,2.882610219299999,1,poor,NA
AIMS,2021-11-08T20:45:00Z,TLM12,STIC,20210928-20220221,HS,21059656,3961.1,13.365,3.3598998867,1,poor,NA
AIMS,2021-11-08T21:00:00Z,TLM12,STIC,20210928-20220221,HS,21059656,3961.1,13.365,3.3598998867,1,poor,NA
AIMS,2021-11-08T21:15:00Z,TLM12,STIC,20210928-20220221,HS,21059656,3961.1,13.365,3.3598998867,1,poor,NA
AIMS,2021-11-08T21:30:00Z,TLM12,STIC,20210928-20220221,HS,21059656,3961.1,13.461,3.3598998867,1,poor,NA
AIMS,2021-11-08T21:45:00Z,TLM12,STIC,20210928-20220221,HS,21059656,3961.1,13.461,3.3598998867,1,poor,NA
AIMS,2021-11-08T22:00:00Z,TLM12,STIC,20210928-20220221,HS,21059656,3961.1,13.558,3.3598998867,1,poor,NA
AIMS,2021-11-08T22:15:00Z,TLM12,STIC,20210928-20220221,HS,21059656,3961.1,13.558,3.3598998867,1,poor,NA
AIMS,2021-11-08T22:30:00Z,TLM12,STIC,20210928-20220221,HS,21059656,3961.1,13.654,3.3598998867,1,poor,NA
AIMS,2021-11-08T22:45:00Z,TLM12,STIC,20210928-20220221,HS,21059656,3961.1,13.654,3.3598998867,1,poor,NA
AIMS,2021-11-08T23:00:00Z,TLM12,STIC,20210928-20220221,HS,21059656,3961.1,13.654,3.3598998867,1,poor,NA
AIMS,2021-11-08T23:15:00Z,TLM12,STIC,20210928-20220221,HS,21059656,3961.1,13.654,3.3598998867,1,poor,NA
AIMS,2021-11-08T23:30:00Z,TLM12,STIC,20210928-20220221,HS,21059656,3961.1,13.654,3.3598998867,1,poor,NA
AIMS,2021-11-08T23:45:00Z,TLM12,STIC,20210928-20220221,HS,21059656,3961.1,13.558,3.3598998867,1,poor,NA
AIMS,2021-11-09T00:00:00Z,TLM12,STIC,20210928-20220221,HS,21059656,3961.1,13.558,3.3598998867,1,poor,NA
AIMS,2021-11-09T00:15:00Z,TLM12,STIC,20210928-20220221,HS,21059656,3961.1,13.461,3.3598998867,1,poor,NA
AIMS,2021-11-09T00:30:00Z,TLM12,STIC,20210928-20220221,HS,21059656,3961.1,13.365,3.3598998867,1,poor,NA
AIMS,2021-11-09T00:45:00Z,TLM12,STIC,20210928-20220221,HS,21059656,3961.1,13.365,3.3598998867,1,poor,NA
AIMS,2021-11-09T01:00:00Z,TLM12,STIC,20210928-20220221,HS,21059656,3961.1,13.269,3.3598998867,1,poor,NA
AIMS,2021-11-09T01:15:00Z,TLM12,STIC,20210928-20220221,HS,21059656,3961.1,13.173,3.3598998867,1,poor,NA
AIMS,2021-11-09T01:30:00Z,TLM12,STIC,20210928-20220221,HS,21059656,3961.1,13.076,3.3598998867,1,poor,NA
AIMS,2021-11-09T01:45:00Z,TLM12,STIC,20210928-20220221,HS,21059656,3961.1,12.98,3.3598998867,1,poor,NA
AIMS,2021-11-09T02:00:00Z,TLM12,STIC,20210928-20220221,HS,21059656,3961.1,12.883,3.3598998867,1,poor,NA
AIMS,2021-11-09T02:15:00Z,TLM12,STIC,20210928-20220221,HS,21059656,3961.1,12.787,3.3598998867,1,poor,NA
AIMS,2021-11-09T02:30:00Z,TLM12,STIC,20210928-20220221,HS,21059656,3961.1,12.69,3.3598998867,1,poor,NA
AIMS,2021-11-09T02:45:00Z,TLM12,STIC,20210928-20220221,HS,21059656,3961.1,12.594,3.3598998867,1,poor,NA
AIMS,2021-11-09T03:00:00Z,TLM12,STIC,20210928-20220221,HS,21059656,3961.1,12.497,3.3598998867,1,poor,NA
AIMS,2021-11-09T03:15:00Z,TLM12,STIC,20210928-20220221,HS,21059656,3961.1,12.497,3.3598998867,1,poor,NA
AIMS,2021-11-09T03:30:00Z,TLM12,STIC,20210928-20220221,HS,21059656,3788.9,12.401,2.882610219299999,1,poor,NA
AIMS,2021-11-09T03:45:00Z,TLM12,STIC,20210928-20220221,HS,21059656,3788.9,12.304,2.882610219299999,1,poor,NA
AIMS,2021-11-09T04:00:00Z,TLM12,STIC,20210928-20220221,HS,21059656,3788.9,12.207,2.882610219299999,1,poor,NA
AIMS,2021-11-09T04:15:00Z,TLM12,STIC,20210928-20220221,HS,21059656,3788.9,12.11,2.882610219299999,1,poor,NA
AIMS,2021-11-09T04:30:00Z,TLM12,STIC,20210928-20220221,HS,21059656,3788.9,12.11,2.882610219299999,1,poor,NA
AIMS,2021-11-09T04:45:00Z,TLM12,STIC,20210928-20220221,HS,21059656,3788.9,12.013,2.882610219299999,1,poor,NA
AIMS,2021-11-09T05:00:00Z,TLM12,STIC,20210928-20220221,HS,21059656,3788.9,11.916,2.882610219299999,1,poor,NA
AIMS,2021-11-09T05:15:00Z,TLM12,STIC,20210928-20220221,HS,21059656,3788.9,11.819,2.882610219299999,1,poor,NA
AIMS,2021-11-09T05:30:00Z,TLM12,STIC,20210928-20220221,HS,21059656,3788.9,11.819,2.882610219299999,1,poor,NA
AIMS,2021-11-09T05:45:00Z,TLM12,STIC,20210928-20220221,HS,21059656,3788.9,11.722,2.882610219299999,1,poor,NA
AIMS,2021-11-09T06:00:00Z,TLM12,STIC,20210928-20220221,HS,21059656,3788.9,11.625,2.882610219299999,1,poor,NA
AIMS,2021-11-09T06:15:00Z,TLM12,STIC,20210928-20220221,HS,21059656,3788.9,11.625,2.882610219299999,1,poor,NA
AIMS,2021-11-09T06:30:00Z,TLM12,STIC,20210928-20220221,HS,21059656,3788.9,11.528,2.882610219299999,1,poor,NA
AIMS,2021-11-09T06:45:00Z,TLM12,STIC,20210928-20220221,HS,21059656,3788.9,11.431,2.882610219299999,1,poor,NA
AIMS,2021-11-09T07:00:00Z,TLM12,STIC,20210928-20220221,HS,21059656,3788.9,11.431,2.882610219299999,1,poor,NA
AIMS,2021-11-09T07:15:00Z,TLM12,STIC,20210928-20220221,HS,21059656,3788.9,11.334,2.882610219299999,1,poor,NA
AIMS,2021-11-09T07:30:00Z,TLM12,STIC,20210928-20220221,HS,21059656,3788.9,11.334,2.882610219299999,1,poor,NA
AIMS,2021-11-09T07:45:00Z,TLM12,STIC,20210928-20220221,HS,21059656,3788.9,11.236,2.882610219299999,1,poor,NA
AIMS,2021-11-09T08:00:00Z,TLM12,STIC,20210928-20220221,HS,21059656,3788.9,11.139,2.882610219299999,1,poor,NA
AIMS,2021-11-09T08:15:00Z,TLM12,STIC,20210928-20220221,HS,21059656,3788.9,11.139,2.882610219299999,1,poor,NA
AIMS,2021-11-09T08:30:00Z,TLM12,STIC,20210928-20220221,HS,21059656,3788.9,11.041,2.882610219299999,1,poor,NA
AIMS,2021-11-09T08:45:00Z,TLM12,STIC,20210928-20220221,HS,21059656,3788.9,11.041,2.882610219299999,1,poor,NA
AIMS,2021-11-09T09:00:00Z,TLM12,STIC,20210928-20220221,HS,21059656,3788.9,10.944,2.882610219299999,1,poor,NA
AIMS,2021-11-09T09:15:00Z,TLM12,STIC,20210928-20220221,HS,21059656,3788.9,10.944,2.882610219299999,1,poor,NA
AIMS,2021-11-09T09:30:00Z,TLM12,STIC,20210928-20220221,HS,21059656,3788.9,10.846,2.882610219299999,1,poor,NA
AIMS,2021-11-09T09:45:00Z,TLM12,STIC,20210928-20220221,HS,21059656,3788.9,10.846,2.882610219299999,1,poor,NA
AIMS,2021-11-09T10:00:00Z,TLM12,STIC,20210928-20220221,HS,21059656,3788.9,10.748,2.882610219299999,1,poor,NA
AIMS,2021-11-09T10:15:00Z,TLM12,STIC,20210928-20220221,HS,21059656,3788.9,10.748,2.882610219299999,1,poor,NA
AIMS,2021-11-09T10:30:00Z,TLM12,STIC,20210928-20220221,HS,21059656,3788.9,10.651,2.882610219299999,1,poor,NA
AIMS,2021-11-09T10:45:00Z,TLM12,STIC,20210928-20220221,HS,21059656,3788.9,10.651,2.882610219299999,1,poor,NA
AIMS,2021-11-09T11:00:00Z,TLM12,STIC,20210928-20220221,HS,21059656,3788.9,10.553,2.882610219299999,1,poor,NA
AIMS,2021-11-09T11:15:00Z,TLM12,STIC,20210928-20220221,HS,21059656,3788.9,10.553,2.882610219299999,1,poor,NA
AIMS,2021-11-09T11:30:00Z,TLM12,STIC,20210928-20220221,HS,21059656,3788.9,10.455,2.882610219299999,1,poor,NA
AIMS,2021-11-09T11:45:00Z,TLM12,STIC,20210928-20220221,HS,21059656,3788.9,10.455,2.882610219299999,1,poor,NA
AIMS,2021-11-09T12:00:00Z,TLM12,STIC,20210928-20220221,HS,21059656,3788.9,10.357,2.882610219299999,1,poor,NA
AIMS,2021-11-09T12:15:00Z,TLM12,STIC,20210928-20220221,HS,21059656,3788.9,10.357,2.882610219299999,1,poor,NA
AIMS,2021-11-09T12:30:00Z,TLM12,STIC,20210928-20220221,HS,21059656,3788.9,10.357,2.882610219299999,1,poor,NA
AIMS,2021-11-09T12:45:00Z,TLM12,STIC,20210928-20220221,HS,21059656,3788.9,10.259,2.882610219299999,1,poor,NA
AIMS,2021-11-09T13:00:00Z,TLM12,STIC,20210928-20220221,HS,21059656,3788.9,10.259,2.882610219299999,1,poor,NA
AIMS,2021-11-09T13:15:00Z,TLM12,STIC,20210928-20220221,HS,21059656,3788.9,10.259,2.882610219299999,1,poor,NA
AIMS,2021-11-09T13:30:00Z,TLM12,STIC,20210928-20220221,HS,21059656,3788.9,10.161,2.882610219299999,1,poor,NA
AIMS,2021-11-09T13:45:00Z,TLM12,STIC,20210928-20220221,HS,21059656,3788.9,10.161,2.882610219299999,1,poor,NA
AIMS,2021-11-09T14:00:00Z,TLM12,STIC,20210928-20220221,HS,21059656,3788.9,10.161,2.882610219299999,1,poor,NA
AIMS,2021-11-09T14:15:00Z,TLM12,STIC,20210928-20220221,HS,21059656,3788.9,10.063,2.882610219299999,1,poor,NA
AIMS,2021-11-09T14:30:00Z,TLM12,STIC,20210928-20220221,HS,21059656,3788.9,10.063,2.882610219299999,1,poor,NA
AIMS,2021-11-09T14:45:00Z,TLM12,STIC,20210928-20220221,HS,21059656,3788.9,10.063,2.882610219299999,1,poor,NA
AIMS,2021-11-09T15:00:00Z,TLM12,STIC,20210928-20220221,HS,21059656,3788.9,10.063,2.882610219299999,1,poor,NA
AIMS,2021-11-09T15:15:00Z,TLM12,STIC,20210928-20220221,HS,21059656,3788.9,10.161,2.882610219299999,1,poor,NA
AIMS,2021-11-09T15:30:00Z,TLM12,STIC,20210928-20220221,HS,21059656,3788.9,10.161,2.882610219299999,1,poor,NA
AIMS,2021-11-09T15:45:00Z,TLM12,STIC,20210928-20220221,HS,21059656,3788.9,10.357,2.882610219299999,1,poor,NA
AIMS,2021-11-09T16:00:00Z,TLM12,STIC,20210928-20220221,HS,21059656,3788.9,10.455,2.882610219299999,1,poor,NA
AIMS,2021-11-09T16:15:00Z,TLM12,STIC,20210928-20220221,HS,21059656,3788.9,10.651,2.882610219299999,1,poor,NA
AIMS,2021-11-09T16:30:00Z,TLM12,STIC,20210928-20220221,HS,21059656,3788.9,10.748,2.882610219299999,1,poor,NA
AIMS,2021-11-09T16:45:00Z,TLM12,STIC,20210928-20220221,HS,21059656,3788.9,10.944,2.882610219299999,1,poor,NA
AIMS,2021-11-09T17:00:00Z,TLM12,STIC,20210928-20220221,HS,21059656,3788.9,11.041,2.882610219299999,1,poor,NA
AIMS,2021-11-09T17:15:00Z,TLM12,STIC,20210928-20220221,HS,21059656,3788.9,11.236,2.882610219299999,1,poor,NA
AIMS,2021-11-09T17:30:00Z,TLM12,STIC,20210928-20220221,HS,21059656,3788.9,11.431,2.882610219299999,1,poor,NA
AIMS,2021-11-09T17:45:00Z,TLM12,STIC,20210928-20220221,HS,21059656,3788.9,11.625,2.882610219299999,1,poor,NA
AIMS,2021-11-09T18:00:00Z,TLM12,STIC,20210928-20220221,HS,21059656,3788.9,11.819,2.882610219299999,1,poor,NA
AIMS,2021-11-09T18:15:00Z,TLM12,STIC,20210928-20220221,HS,21059656,3788.9,12.013,2.882610219299999,1,poor,NA
AIMS,2021-11-09T18:30:00Z,TLM12,STIC,20210928-20220221,HS,21059656,3788.9,12.207,2.882610219299999,1,poor,NA
AIMS,2021-11-09T18:45:00Z,TLM12,STIC,20210928-20220221,HS,21059656,3961.1,12.497,3.3598998867,1,poor,NA
AIMS,2021-11-09T19:00:00Z,TLM12,STIC,20210928-20220221,HS,21059656,3961.1,12.69,3.3598998867,1,poor,NA
AIMS,2021-11-09T19:15:00Z,TLM12,STIC,20210928-20220221,HS,21059656,3961.1,12.883,3.3598998867,1,poor,NA
AIMS,2021-11-09T19:30:00Z,TLM12,STIC,20210928-20220221,HS,21059656,3961.1,13.076,3.3598998867,1,poor,NA
AIMS,2021-11-09T19:45:00Z,TLM12,STIC,20210928-20220221,HS,21059656,3961.1,13.269,3.3598998867,1,poor,NA
AIMS,2021-11-09T20:00:00Z,TLM12,STIC,20210928-20220221,HS,21059656,3961.1,13.558,3.3598998867,1,poor,NA
AIMS,2021-11-09T20:15:00Z,TLM12,STIC,20210928-20220221,HS,21059656,4133.4,13.654,3.837466725799998,1,poor,NA
AIMS,2021-11-09T20:30:00Z,TLM12,STIC,20210928-20220221,HS,21059656,4133.4,13.75,3.837466725799998,1,poor,NA
AIMS,2021-11-09T20:45:00Z,TLM12,STIC,20210928-20220221,HS,21059656,3961.1,13.846,3.3598998867,1,poor,NA
AIMS,2021-11-09T21:00:00Z,TLM12,STIC,20210928-20220221,HS,21059656,3961.1,13.846,3.3598998867,1,poor,NA
AIMS,2021-11-09T21:15:00Z,TLM12,STIC,20210928-20220221,HS,21059656,3961.1,13.846,3.3598998867,1,poor,NA
AIMS,2021-11-09T21:30:00Z,TLM12,STIC,20210928-20220221,HS,21059656,3961.1,13.942,3.3598998867,1,poor,NA
AIMS,2021-11-09T21:45:00Z,TLM12,STIC,20210928-20220221,HS,21059656,3961.1,13.942,3.3598998867,1,poor,NA
AIMS,2021-11-09T22:00:00Z,TLM12,STIC,20210928-20220221,HS,21059656,3961.1,13.942,3.3598998867,1,poor,NA
AIMS,2021-11-09T22:15:00Z,TLM12,STIC,20210928-20220221,HS,21059656,3961.1,14.038,3.3598998867,1,poor,NA
AIMS,2021-11-09T22:30:00Z,TLM12,STIC,20210928-20220221,HS,21059656,3961.1,14.038,3.3598998867,1,poor,NA
AIMS,2021-11-09T22:45:00Z,TLM12,STIC,20210928-20220221,HS,21059656,3961.1,14.038,3.3598998867,1,poor,NA
AIMS,2021-11-09T23:00:00Z,TLM12,STIC,20210928-20220221,HS,21059656,3961.1,14.134,3.3598998867,1,poor,NA
AIMS,2021-11-09T23:15:00Z,TLM12,STIC,20210928-20220221,HS,21059656,3961.1,14.134,3.3598998867,1,poor,NA
AIMS,2021-11-09T23:30:00Z,TLM12,STIC,20210928-20220221,HS,21059656,3961.1,14.134,3.3598998867,1,poor,NA
AIMS,2021-11-09T23:45:00Z,TLM12,STIC,20210928-20220221,HS,21059656,3961.1,14.038,3.3598998867,1,poor,NA
AIMS,2021-11-10T00:00:00Z,TLM12,STIC,20210928-20220221,HS,21059656,3961.1,14.038,3.3598998867,1,poor,NA
AIMS,2021-11-10T00:15:00Z,TLM12,STIC,20210928-20220221,HS,21059656,3961.1,14.038,3.3598998867,1,poor,NA
AIMS,2021-11-10T00:30:00Z,TLM12,STIC,20210928-20220221,HS,21059656,3961.1,13.942,3.3598998867,1,poor,NA
AIMS,2021-11-10T00:45:00Z,TLM12,STIC,20210928-20220221,HS,21059656,3961.1,13.942,3.3598998867,1,poor,NA
AIMS,2021-11-10T01:00:00Z,TLM12,STIC,20210928-20220221,HS,21059656,3961.1,13.846,3.3598998867,1,poor,NA
AIMS,2021-11-10T01:15:00Z,TLM12,STIC,20210928-20220221,HS,21059656,3961.1,13.75,3.3598998867,1,poor,NA
AIMS,2021-11-10T01:30:00Z,TLM12,STIC,20210928-20220221,HS,21059656,3961.1,13.654,3.3598998867,1,poor,NA
AIMS,2021-11-10T01:45:00Z,TLM12,STIC,20210928-20220221,HS,21059656,3961.1,13.654,3.3598998867,1,poor,NA
AIMS,2021-11-10T02:00:00Z,TLM12,STIC,20210928-20220221,HS,21059656,3961.1,13.558,3.3598998867,1,poor,NA
AIMS,2021-11-10T02:15:00Z,TLM12,STIC,20210928-20220221,HS,21059656,3961.1,13.461,3.3598998867,1,poor,NA
AIMS,2021-11-10T02:30:00Z,TLM12,STIC,20210928-20220221,HS,21059656,3961.1,13.365,3.3598998867,1,poor,NA
AIMS,2021-11-10T02:45:00Z,TLM12,STIC,20210928-20220221,HS,21059656,3961.1,13.365,3.3598998867,1,poor,NA
AIMS,2021-11-10T03:00:00Z,TLM12,STIC,20210928-20220221,HS,21059656,3961.1,13.269,3.3598998867,1,poor,NA
AIMS,2021-11-10T03:15:00Z,TLM12,STIC,20210928-20220221,HS,21059656,3961.1,13.173,3.3598998867,1,poor,NA
AIMS,2021-11-10T03:30:00Z,TLM12,STIC,20210928-20220221,HS,21059656,3961.1,13.173,3.3598998867,1,poor,NA
AIMS,2021-11-10T03:45:00Z,TLM12,STIC,20210928-20220221,HS,21059656,3961.1,13.076,3.3598998867,1,poor,NA
AIMS,2021-11-10T04:00:00Z,TLM12,STIC,20210928-20220221,HS,21059656,3961.1,12.98,3.3598998867,1,poor,NA
AIMS,2021-11-10T04:15:00Z,TLM12,STIC,20210928-20220221,HS,21059656,3961.1,12.98,3.3598998867,1,poor,NA
AIMS,2021-11-10T04:30:00Z,TLM12,STIC,20210928-20220221,HS,21059656,3961.1,12.883,3.3598998867,1,poor,NA
AIMS,2021-11-10T04:45:00Z,TLM12,STIC,20210928-20220221,HS,21059656,3961.1,12.883,3.3598998867,1,poor,NA
AIMS,2021-11-10T05:00:00Z,TLM12,STIC,20210928-20220221,HS,21059656,3961.1,12.787,3.3598998867,1,poor,NA
AIMS,2021-11-10T05:15:00Z,TLM12,STIC,20210928-20220221,HS,21059656,3961.1,12.69,3.3598998867,1,poor,NA
AIMS,2021-11-10T05:30:00Z,TLM12,STIC,20210928-20220221,HS,21059656,3961.1,12.69,3.3598998867,1,poor,NA
AIMS,2021-11-10T05:45:00Z,TLM12,STIC,20210928-20220221,HS,21059656,3961.1,12.594,3.3598998867,1,poor,NA
AIMS,2021-11-10T06:00:00Z,TLM12,STIC,20210928-20220221,HS,21059656,4133.4,12.594,3.837466725799998,1,poor,NA
AIMS,2021-11-10T06:15:00Z,TLM12,STIC,20210928-20220221,HS,21059656,4133.4,12.497,3.837466725799998,1,poor,NA
AIMS,2021-11-10T06:30:00Z,TLM12,STIC,20210928-20220221,HS,21059656,3961.1,12.497,3.3598998867,1,poor,NA
AIMS,2021-11-10T06:45:00Z,TLM12,STIC,20210928-20220221,HS,21059656,3788.9,12.497,2.882610219299999,1,poor,NA
AIMS,2021-11-10T07:00:00Z,TLM12,STIC,20210928-20220221,HS,21059656,3788.9,12.401,2.882610219299999,1,poor,NA
AIMS,2021-11-10T07:15:00Z,TLM12,STIC,20210928-20220221,HS,21059656,3788.9,12.401,2.882610219299999,1,poor,NA
AIMS,2021-11-10T07:30:00Z,TLM12,STIC,20210928-20220221,HS,21059656,3788.9,12.304,2.882610219299999,1,poor,NA
AIMS,2021-11-10T07:45:00Z,TLM12,STIC,20210928-20220221,HS,21059656,3788.9,12.304,2.882610219299999,1,poor,NA
AIMS,2021-11-10T08:00:00Z,TLM12,STIC,20210928-20220221,HS,21059656,3788.9,12.207,2.882610219299999,1,poor,NA
AIMS,2021-11-10T08:15:00Z,TLM12,STIC,20210928-20220221,HS,21059656,3788.9,12.207,2.882610219299999,1,poor,NA
AIMS,2021-11-10T08:30:00Z,TLM12,STIC,20210928-20220221,HS,21059656,3788.9,12.11,2.882610219299999,1,poor,NA
AIMS,2021-11-10T08:45:00Z,TLM12,STIC,20210928-20220221,HS,21059656,3788.9,12.11,2.882610219299999,1,poor,NA
AIMS,2021-11-10T09:00:00Z,TLM12,STIC,20210928-20220221,HS,21059656,3788.9,12.013,2.882610219299999,1,poor,NA
AIMS,2021-11-10T09:15:00Z,TLM12,STIC,20210928-20220221,HS,21059656,3788.9,12.013,2.882610219299999,1,poor,NA
AIMS,2021-11-10T09:30:00Z,TLM12,STIC,20210928-20220221,HS,21059656,3788.9,11.916,2.882610219299999,1,poor,NA
AIMS,2021-11-10T09:45:00Z,TLM12,STIC,20210928-20220221,HS,21059656,3788.9,11.916,2.882610219299999,1,poor,NA
AIMS,2021-11-10T10:00:00Z,TLM12,STIC,20210928-20220221,HS,21059656,3788.9,11.819,2.882610219299999,1,poor,NA
AIMS,2021-11-10T10:15:00Z,TLM12,STIC,20210928-20220221,HS,21059656,3788.9,11.819,2.882610219299999,1,poor,NA
AIMS,2021-11-10T10:30:00Z,TLM12,STIC,20210928-20220221,HS,21059656,3788.9,11.819,2.882610219299999,1,poor,NA
AIMS,2021-11-10T10:45:00Z,TLM12,STIC,20210928-20220221,HS,21059656,3788.9,11.722,2.882610219299999,1,poor,NA
AIMS,2021-11-10T11:00:00Z,TLM12,STIC,20210928-20220221,HS,21059656,3788.9,11.722,2.882610219299999,1,poor,NA
AIMS,2021-11-10T11:15:00Z,TLM12,STIC,20210928-20220221,HS,21059656,3788.9,11.625,2.882610219299999,1,poor,NA
AIMS,2021-11-10T11:30:00Z,TLM12,STIC,20210928-20220221,HS,21059656,3788.9,11.625,2.882610219299999,1,poor,NA
AIMS,2021-11-10T11:45:00Z,TLM12,STIC,20210928-20220221,HS,21059656,3788.9,11.625,2.882610219299999,1,poor,NA
AIMS,2021-11-10T12:00:00Z,TLM12,STIC,20210928-20220221,HS,21059656,3788.9,11.528,2.882610219299999,1,poor,NA
AIMS,2021-11-10T12:15:00Z,TLM12,STIC,20210928-20220221,HS,21059656,3788.9,11.528,2.882610219299999,1,poor,NA
AIMS,2021-11-10T12:30:00Z,TLM12,STIC,20210928-20220221,HS,21059656,3788.9,11.528,2.882610219299999,1,poor,NA
AIMS,2021-11-10T12:45:00Z,TLM12,STIC,20210928-20220221,HS,21059656,3788.9,11.431,2.882610219299999,1,poor,NA
AIMS,2021-11-10T13:00:00Z,TLM12,STIC,20210928-20220221,HS,21059656,3788.9,11.431,2.882610219299999,1,poor,NA
AIMS,2021-11-10T13:15:00Z,TLM12,STIC,20210928-20220221,HS,21059656,3788.9,11.431,2.882610219299999,1,poor,NA
AIMS,2021-11-10T13:30:00Z,TLM12,STIC,20210928-20220221,HS,21059656,3788.9,11.334,2.882610219299999,1,poor,NA
AIMS,2021-11-10T13:45:00Z,TLM12,STIC,20210928-20220221,HS,21059656,3788.9,11.334,2.882610219299999,1,poor,NA
AIMS,2021-11-10T14:00:00Z,TLM12,STIC,20210928-20220221,HS,21059656,3788.9,11.334,2.882610219299999,1,poor,NA
AIMS,2021-11-10T14:15:00Z,TLM12,STIC,20210928-20220221,HS,21059656,3788.9,11.236,2.882610219299999,1,poor,NA
AIMS,2021-11-10T14:30:00Z,TLM12,STIC,20210928-20220221,HS,21059656,3788.9,11.236,2.882610219299999,1,poor,NA
AIMS,2021-11-10T14:45:00Z,TLM12,STIC,20210928-20220221,HS,21059656,3788.9,11.236,2.882610219299999,1,poor,NA
AIMS,2021-11-10T15:00:00Z,TLM12,STIC,20210928-20220221,HS,21059656,3788.9,11.236,2.882610219299999,1,poor,NA
AIMS,2021-11-10T15:15:00Z,TLM12,STIC,20210928-20220221,HS,21059656,3788.9,11.236,2.882610219299999,1,poor,NA
AIMS,2021-11-10T15:30:00Z,TLM12,STIC,20210928-20220221,HS,21059656,3961.1,11.334,3.3598998867,1,poor,NA
AIMS,2021-11-10T15:45:00Z,TLM12,STIC,20210928-20220221,HS,21059656,3961.1,11.431,3.3598998867,1,poor,NA
AIMS,2021-11-10T16:00:00Z,TLM12,STIC,20210928-20220221,HS,21059656,3961.1,11.528,3.3598998867,1,poor,NA
AIMS,2021-11-10T16:15:00Z,TLM12,STIC,20210928-20220221,HS,21059656,3961.1,11.625,3.3598998867,1,poor,NA
AIMS,2021-11-10T16:30:00Z,TLM12,STIC,20210928-20220221,HS,21059656,3961.1,11.722,3.3598998867,1,poor,NA
AIMS,2021-11-10T16:45:00Z,TLM12,STIC,20210928-20220221,HS,21059656,3961.1,11.916,3.3598998867,1,poor,NA
AIMS,2021-11-10T17:00:00Z,TLM12,STIC,20210928-20220221,HS,21059656,3961.1,12.11,3.3598998867,1,poor,NA
AIMS,2021-11-10T17:15:00Z,TLM12,STIC,20210928-20220221,HS,21059656,3961.1,12.207,3.3598998867,1,poor,NA
AIMS,2021-11-10T17:30:00Z,TLM12,STIC,20210928-20220221,HS,21059656,3961.1,12.401,3.3598998867,1,poor,NA
AIMS,2021-11-10T17:45:00Z,TLM12,STIC,20210928-20220221,HS,21059656,3961.1,12.497,3.3598998867,1,poor,NA
AIMS,2021-11-10T18:00:00Z,TLM12,STIC,20210928-20220221,HS,21059656,3961.1,12.69,3.3598998867,1,poor,NA
AIMS,2021-11-10T18:15:00Z,TLM12,STIC,20210928-20220221,HS,21059656,3961.1,12.883,3.3598998867,1,poor,NA
AIMS,2021-11-10T18:30:00Z,TLM12,STIC,20210928-20220221,HS,21059656,3961.1,13.076,3.3598998867,1,poor,NA
AIMS,2021-11-10T18:45:00Z,TLM12,STIC,20210928-20220221,HS,21059656,3961.1,13.269,3.3598998867,1,poor,NA
AIMS,2021-11-10T19:00:00Z,TLM12,STIC,20210928-20220221,HS,21059656,3961.1,13.461,3.3598998867,1,poor,NA
AIMS,2021-11-10T19:15:00Z,TLM12,STIC,20210928-20220221,HS,21059656,3961.1,13.654,3.3598998867,1,poor,NA
AIMS,2021-11-10T19:30:00Z,TLM12,STIC,20210928-20220221,HS,21059656,3961.1,13.846,3.3598998867,1,poor,NA
AIMS,2021-11-10T19:45:00Z,TLM12,STIC,20210928-20220221,HS,21059656,3961.1,13.942,3.3598998867,1,poor,NA
AIMS,2021-11-10T20:00:00Z,TLM12,STIC,20210928-20220221,HS,21059656,3961.1,14.134,3.3598998867,1,poor,NA
AIMS,2021-11-10T20:15:00Z,TLM12,STIC,20210928-20220221,HS,21059656,3961.1,14.325,3.3598998867,1,poor,NA
AIMS,2021-11-10T20:30:00Z,TLM12,STIC,20210928-20220221,HS,21059656,3961.1,14.421,3.3598998867,1,poor,NA
AIMS,2021-11-10T20:45:00Z,TLM12,STIC,20210928-20220221,HS,21059656,3961.1,14.421,3.3598998867,1,poor,NA
AIMS,2021-11-10T21:00:00Z,TLM12,STIC,20210928-20220221,HS,21059656,3961.1,14.421,3.3598998867,1,poor,NA
AIMS,2021-11-10T21:15:00Z,TLM12,STIC,20210928-20220221,HS,21059656,3961.1,14.517,3.3598998867,1,poor,NA
AIMS,2021-11-10T21:30:00Z,TLM12,STIC,20210928-20220221,HS,21059656,4133.4,14.517,3.837466725799998,1,poor,NA
AIMS,2021-11-10T21:45:00Z,TLM12,STIC,20210928-20220221,HS,21059656,4133.4,14.517,3.837466725799998,1,poor,NA
AIMS,2021-11-10T22:00:00Z,TLM12,STIC,20210928-20220221,HS,21059656,4133.4,14.613,3.837466725799998,1,poor,NA
AIMS,2021-11-10T22:15:00Z,TLM12,STIC,20210928-20220221,HS,21059656,4133.4,14.613,3.837466725799998,1,poor,NA
AIMS,2021-11-10T22:30:00Z,TLM12,STIC,20210928-20220221,HS,21059656,4133.4,14.613,3.837466725799998,1,poor,NA
AIMS,2021-11-10T22:45:00Z,TLM12,STIC,20210928-20220221,HS,21059656,4133.4,14.613,3.837466725799998,1,poor,NA
AIMS,2021-11-10T23:00:00Z,TLM12,STIC,20210928-20220221,HS,21059656,4133.4,14.613,3.837466725799998,1,poor,NA
AIMS,2021-11-10T23:15:00Z,TLM12,STIC,20210928-20220221,HS,21059656,4133.4,14.613,3.837466725799998,1,poor,NA
AIMS,2021-11-10T23:30:00Z,TLM12,STIC,20210928-20220221,HS,21059656,4133.4,14.613,3.837466725799998,1,poor,NA
AIMS,2021-11-10T23:45:00Z,TLM12,STIC,20210928-20220221,HS,21059656,4133.4,14.517,3.837466725799998,1,poor,NA
AIMS,2021-11-11T00:00:00Z,TLM12,STIC,20210928-20220221,HS,21059656,4133.4,14.421,3.837466725799998,1,poor,NA
AIMS,2021-11-11T00:15:00Z,TLM12,STIC,20210928-20220221,HS,21059656,4133.4,14.421,3.837466725799998,1,poor,NA
AIMS,2021-11-11T00:30:00Z,TLM12,STIC,20210928-20220221,HS,21059656,4133.4,14.325,3.837466725799998,1,poor,NA
AIMS,2021-11-11T00:45:00Z,TLM12,STIC,20210928-20220221,HS,21059656,4133.4,14.23,3.837466725799998,1,poor,NA
AIMS,2021-11-11T01:00:00Z,TLM12,STIC,20210928-20220221,HS,21059656,4133.4,14.134,3.837466725799998,1,poor,NA
AIMS,2021-11-11T01:15:00Z,TLM12,STIC,20210928-20220221,HS,21059656,4133.4,14.134,3.837466725799998,1,poor,NA
AIMS,2021-11-11T01:30:00Z,TLM12,STIC,20210928-20220221,HS,21059656,4133.4,14.038,3.837466725799998,1,poor,NA
AIMS,2021-11-11T01:45:00Z,TLM12,STIC,20210928-20220221,HS,21059656,4133.4,13.942,3.837466725799998,1,poor,NA
AIMS,2021-11-11T02:00:00Z,TLM12,STIC,20210928-20220221,HS,21059656,4133.4,13.846,3.837466725799998,1,poor,NA
AIMS,2021-11-11T02:15:00Z,TLM12,STIC,20210928-20220221,HS,21059656,4133.4,13.75,3.837466725799998,1,poor,NA
AIMS,2021-11-11T02:30:00Z,TLM12,STIC,20210928-20220221,HS,21059656,4133.4,13.654,3.837466725799998,1,poor,NA
AIMS,2021-11-11T02:45:00Z,TLM12,STIC,20210928-20220221,HS,21059656,4133.4,13.558,3.837466725799998,1,poor,NA
AIMS,2021-11-11T03:00:00Z,TLM12,STIC,20210928-20220221,HS,21059656,4133.4,13.461,3.837466725799998,1,poor,NA
AIMS,2021-11-11T03:15:00Z,TLM12,STIC,20210928-20220221,HS,21059656,4133.4,13.461,3.837466725799998,1,poor,NA
AIMS,2021-11-11T03:30:00Z,TLM12,STIC,20210928-20220221,HS,21059656,4133.4,13.365,3.837466725799998,1,poor,NA
AIMS,2021-11-11T03:45:00Z,TLM12,STIC,20210928-20220221,HS,21059656,4133.4,13.269,3.837466725799998,1,poor,NA
AIMS,2021-11-11T04:00:00Z,TLM12,STIC,20210928-20220221,HS,21059656,4133.4,13.269,3.837466725799998,1,poor,NA
AIMS,2021-11-11T04:15:00Z,TLM12,STIC,20210928-20220221,HS,21059656,4133.4,13.173,3.837466725799998,1,poor,NA
AIMS,2021-11-11T04:30:00Z,TLM12,STIC,20210928-20220221,HS,21059656,4133.4,13.173,3.837466725799998,1,poor,NA
AIMS,2021-11-11T04:45:00Z,TLM12,STIC,20210928-20220221,HS,21059656,4133.4,13.076,3.837466725799998,1,poor,NA
AIMS,2021-11-11T05:00:00Z,TLM12,STIC,20210928-20220221,HS,21059656,4133.4,13.076,3.837466725799998,1,poor,NA
AIMS,2021-11-11T05:15:00Z,TLM12,STIC,20210928-20220221,HS,21059656,4133.4,13.076,3.837466725799998,1,poor,NA
AIMS,2021-11-11T05:30:00Z,TLM12,STIC,20210928-20220221,HS,21059656,4133.4,12.98,3.837466725799998,1,poor,NA
AIMS,2021-11-11T05:45:00Z,TLM12,STIC,20210928-20220221,HS,21059656,4133.4,12.98,3.837466725799998,1,poor,NA
AIMS,2021-11-11T06:00:00Z,TLM12,STIC,20210928-20220221,HS,21059656,4133.4,12.98,3.837466725799998,1,poor,NA
AIMS,2021-11-11T06:15:00Z,TLM12,STIC,20210928-20220221,HS,21059656,4133.4,12.98,3.837466725799998,1,poor,NA
AIMS,2021-11-11T06:30:00Z,TLM12,STIC,20210928-20220221,HS,21059656,4133.4,12.98,3.837466725799998,1,poor,NA
AIMS,2021-11-11T06:45:00Z,TLM12,STIC,20210928-20220221,HS,21059656,4133.4,12.883,3.837466725799998,1,poor,NA
AIMS,2021-11-11T07:00:00Z,TLM12,STIC,20210928-20220221,HS,21059656,4133.4,12.883,3.837466725799998,1,poor,NA
AIMS,2021-11-11T07:15:00Z,TLM12,STIC,20210928-20220221,HS,21059656,4133.4,12.883,3.837466725799998,1,poor,NA
AIMS,2021-11-11T07:30:00Z,TLM12,STIC,20210928-20220221,HS,21059656,4133.4,12.883,3.837466725799998,1,poor,NA
AIMS,2021-11-11T07:45:00Z,TLM12,STIC,20210928-20220221,HS,21059656,4133.4,12.883,3.837466725799998,1,poor,NA
AIMS,2021-11-11T08:00:00Z,TLM12,STIC,20210928-20220221,HS,21059656,4133.4,12.883,3.837466725799998,1,poor,NA
AIMS,2021-11-11T08:15:00Z,TLM12,STIC,20210928-20220221,HS,21059656,4133.4,12.883,3.837466725799998,1,poor,NA
AIMS,2021-11-11T08:30:00Z,TLM12,STIC,20210928-20220221,HS,21059656,4133.4,12.787,3.837466725799998,1,poor,NA
AIMS,2021-11-11T08:45:00Z,TLM12,STIC,20210928-20220221,HS,21059656,4133.4,12.787,3.837466725799998,1,poor,NA
AIMS,2021-11-11T09:00:00Z,TLM12,STIC,20210928-20220221,HS,21059656,4133.4,12.69,3.837466725799998,1,poor,NA
AIMS,2021-11-11T09:15:00Z,TLM12,STIC,20210928-20220221,HS,21059656,4133.4,12.69,3.837466725799998,1,poor,NA
AIMS,2021-11-11T09:30:00Z,TLM12,STIC,20210928-20220221,HS,21059656,4133.4,12.69,3.837466725799998,1,poor,NA
AIMS,2021-11-11T09:45:00Z,TLM12,STIC,20210928-20220221,HS,21059656,4133.4,12.69,3.837466725799998,1,poor,NA
AIMS,2021-11-11T10:00:00Z,TLM12,STIC,20210928-20220221,HS,21059656,4133.4,12.594,3.837466725799998,1,poor,NA
AIMS,2021-11-11T10:15:00Z,TLM12,STIC,20210928-20220221,HS,21059656,4133.4,12.594,3.837466725799998,1,poor,NA
AIMS,2021-11-11T10:30:00Z,TLM12,STIC,20210928-20220221,HS,21059656,4133.4,12.594,3.837466725799998,1,poor,NA
AIMS,2021-11-11T10:45:00Z,TLM12,STIC,20210928-20220221,HS,21059656,4133.4,12.497,3.837466725799998,1,poor,NA
AIMS,2021-11-11T11:00:00Z,TLM12,STIC,20210928-20220221,HS,21059656,4133.4,12.497,3.837466725799998,1,poor,NA
AIMS,2021-11-11T11:15:00Z,TLM12,STIC,20210928-20220221,HS,21059656,4133.4,12.401,3.837466725799998,1,poor,NA
AIMS,2021-11-11T11:30:00Z,TLM12,STIC,20210928-20220221,HS,21059656,4133.4,12.401,3.837466725799998,1,poor,NA
AIMS,2021-11-11T11:45:00Z,TLM12,STIC,20210928-20220221,HS,21059656,4133.4,12.401,3.837466725799998,1,poor,NA
AIMS,2021-11-11T12:00:00Z,TLM12,STIC,20210928-20220221,HS,21059656,4133.4,12.401,3.837466725799998,1,poor,NA
AIMS,2021-11-11T12:15:00Z,TLM12,STIC,20210928-20220221,HS,21059656,4133.4,12.401,3.837466725799998,1,poor,NA
AIMS,2021-11-11T12:30:00Z,TLM12,STIC,20210928-20220221,HS,21059656,4133.4,12.304,3.837466725799998,1,poor,NA
AIMS,2021-11-11T12:45:00Z,TLM12,STIC,20210928-20220221,HS,21059656,4133.4,12.304,3.837466725799998,1,poor,NA
AIMS,2021-11-11T13:00:00Z,TLM12,STIC,20210928-20220221,HS,21059656,4133.4,12.304,3.837466725799998,1,poor,NA
AIMS,2021-11-11T13:15:00Z,TLM12,STIC,20210928-20220221,HS,21059656,4133.4,12.401,3.837466725799998,1,poor,NA
AIMS,2021-11-11T13:30:00Z,TLM12,STIC,20210928-20220221,HS,21059656,4133.4,12.401,3.837466725799998,1,poor,NA
AIMS,2021-11-11T13:45:00Z,TLM12,STIC,20210928-20220221,HS,21059656,4133.4,12.401,3.837466725799998,1,poor,NA
AIMS,2021-11-11T14:00:00Z,TLM12,STIC,20210928-20220221,HS,21059656,4305.6,12.401,4.314756393200001,1,poor,NA
AIMS,2021-11-11T14:15:00Z,TLM12,STIC,20210928-20220221,HS,21059656,4133.4,12.497,3.837466725799998,1,poor,NA
AIMS,2021-11-11T14:30:00Z,TLM12,STIC,20210928-20220221,HS,21059656,4133.4,12.497,3.837466725799998,1,poor,NA
AIMS,2021-11-11T14:45:00Z,TLM12,STIC,20210928-20220221,HS,21059656,4133.4,12.497,3.837466725799998,1,poor,NA
AIMS,2021-11-11T15:00:00Z,TLM12,STIC,20210928-20220221,HS,21059656,4133.4,12.594,3.837466725799998,1,poor,NA
AIMS,2021-11-11T15:15:00Z,TLM12,STIC,20210928-20220221,HS,21059656,4133.4,12.69,3.837466725799998,1,poor,NA
AIMS,2021-11-11T15:30:00Z,TLM12,STIC,20210928-20220221,HS,21059656,4133.4,12.69,3.837466725799998,1,poor,NA
AIMS,2021-11-11T15:45:00Z,TLM12,STIC,20210928-20220221,HS,21059656,4133.4,12.883,3.837466725799998,1,poor,NA
AIMS,2021-11-11T16:00:00Z,TLM12,STIC,20210928-20220221,HS,21059656,4133.4,12.883,3.837466725799998,1,poor,NA
AIMS,2021-11-11T16:15:00Z,TLM12,STIC,20210928-20220221,HS,21059656,4133.4,12.98,3.837466725799998,1,poor,NA
AIMS,2021-11-11T16:30:00Z,TLM12,STIC,20210928-20220221,HS,21059656,4133.4,13.076,3.837466725799998,1,poor,NA
AIMS,2021-11-11T16:45:00Z,TLM12,STIC,20210928-20220221,HS,21059656,4133.4,13.173,3.837466725799998,1,poor,NA
AIMS,2021-11-11T17:00:00Z,TLM12,STIC,20210928-20220221,HS,21059656,4133.4,13.269,3.837466725799998,1,poor,NA
AIMS,2021-11-11T17:15:00Z,TLM12,STIC,20210928-20220221,HS,21059656,4133.4,13.365,3.837466725799998,1,poor,NA
AIMS,2021-11-11T17:30:00Z,TLM12,STIC,20210928-20220221,HS,21059656,4133.4,13.558,3.837466725799998,1,poor,NA
AIMS,2021-11-11T17:45:00Z,TLM12,STIC,20210928-20220221,HS,21059656,3961.1,13.654,3.3598998867,1,poor,NA
AIMS,2021-11-11T18:00:00Z,TLM12,STIC,20210928-20220221,HS,21059656,3961.1,13.75,3.3598998867,1,poor,NA
AIMS,2021-11-11T18:15:00Z,TLM12,STIC,20210928-20220221,HS,21059656,3961.1,13.846,3.3598998867,1,poor,NA
AIMS,2021-11-11T18:30:00Z,TLM12,STIC,20210928-20220221,HS,21059656,3961.1,13.942,3.3598998867,1,poor,NA
AIMS,2021-11-11T18:45:00Z,TLM12,STIC,20210928-20220221,HS,21059656,4133.4,14.134,3.837466725799998,1,poor,NA
AIMS,2021-11-11T19:00:00Z,TLM12,STIC,20210928-20220221,HS,21059656,4133.4,14.23,3.837466725799998,1,poor,NA
AIMS,2021-11-11T19:15:00Z,TLM12,STIC,20210928-20220221,HS,21059656,4133.4,14.325,3.837466725799998,1,poor,NA
AIMS,2021-11-11T19:30:00Z,TLM12,STIC,20210928-20220221,HS,21059656,4133.4,14.517,3.837466725799998,1,poor,NA
AIMS,2021-11-11T19:45:00Z,TLM12,STIC,20210928-20220221,HS,21059656,4133.4,14.613,3.837466725799998,1,poor,NA
AIMS,2021-11-11T20:00:00Z,TLM12,STIC,20210928-20220221,HS,21059656,4133.4,14.613,3.837466725799998,1,poor,NA
AIMS,2021-11-11T20:15:00Z,TLM12,STIC,20210928-20220221,HS,21059656,4133.4,14.709,3.837466725799998,1,poor,NA
AIMS,2021-11-11T20:30:00Z,TLM12,STIC,20210928-20220221,HS,21059656,4133.4,14.804,3.837466725799998,1,poor,NA
AIMS,2021-11-11T20:45:00Z,TLM12,STIC,20210928-20220221,HS,21059656,4133.4,14.804,3.837466725799998,1,poor,NA
AIMS,2021-11-11T21:00:00Z,TLM12,STIC,20210928-20220221,HS,21059656,4133.4,14.9,3.837466725799998,1,poor,NA
AIMS,2021-11-11T21:15:00Z,TLM12,STIC,20210928-20220221,HS,21059656,4305.6,14.9,4.314756393200001,1,poor,NA
AIMS,2021-11-11T21:30:00Z,TLM12,STIC,20210928-20220221,HS,21059656,4305.6,14.9,4.314756393200001,1,poor,NA
AIMS,2021-11-11T21:45:00Z,TLM12,STIC,20210928-20220221,HS,21059656,4305.6,14.9,4.314756393200001,1,poor,NA
AIMS,2021-11-11T22:00:00Z,TLM12,STIC,20210928-20220221,HS,21059656,4305.6,14.996,4.314756393200001,1,poor,NA
AIMS,2021-11-11T22:15:00Z,TLM12,STIC,20210928-20220221,HS,21059656,4305.6,14.996,4.314756393200001,1,poor,NA
AIMS,2021-11-11T22:30:00Z,TLM12,STIC,20210928-20220221,HS,21059656,4305.6,14.996,4.314756393200001,1,poor,NA
AIMS,2021-11-11T22:45:00Z,TLM12,STIC,20210928-20220221,HS,21059656,4305.6,14.996,4.314756393200001,1,poor,NA
AIMS,2021-11-11T23:00:00Z,TLM12,STIC,20210928-20220221,HS,21059656,4133.4,14.996,3.837466725799998,1,poor,NA
AIMS,2021-11-11T23:15:00Z,TLM12,STIC,20210928-20220221,HS,21059656,4133.4,14.9,3.837466725799998,1,poor,NA
AIMS,2021-11-11T23:30:00Z,TLM12,STIC,20210928-20220221,HS,21059656,4133.4,14.9,3.837466725799998,1,poor,NA
AIMS,2021-11-11T23:45:00Z,TLM12,STIC,20210928-20220221,HS,21059656,4133.4,14.804,3.837466725799998,1,poor,NA
AIMS,2021-11-12T00:00:00Z,TLM12,STIC,20210928-20220221,HS,21059656,4305.6,14.804,4.314756393200001,1,poor,NA
AIMS,2021-11-12T00:15:00Z,TLM12,STIC,20210928-20220221,HS,21059656,4305.6,14.804,4.314756393200001,1,poor,NA
AIMS,2021-11-12T00:30:00Z,TLM12,STIC,20210928-20220221,HS,21059656,4305.6,14.804,4.314756393200001,1,poor,NA
AIMS,2021-11-12T00:45:00Z,TLM12,STIC,20210928-20220221,HS,21059656,4477.8,14.709,4.7920460606,1,poor,NA
AIMS,2021-11-12T01:00:00Z,TLM12,STIC,20210928-20220221,HS,21059656,4650,14.709,5.269335727999999,1,poor,NA
AIMS,2021-11-12T01:15:00Z,TLM12,STIC,20210928-20220221,HS,21059656,4650,14.613,5.269335727999999,1,poor,NA
AIMS,2021-11-12T01:30:00Z,TLM12,STIC,20210928-20220221,HS,21059656,4822.3,14.613,5.7469025671,1,poor,NA
AIMS,2021-11-12T01:45:00Z,TLM12,STIC,20210928-20220221,HS,21059656,4994.5,14.613,6.224192234499999,1,poor,NA
AIMS,2021-11-12T02:00:00Z,TLM12,STIC,20210928-20220221,HS,21059656,4994.5,14.613,6.224192234499999,1,poor,NA
AIMS,2021-11-12T02:15:00Z,TLM12,STIC,20210928-20220221,HS,21059656,4994.5,14.613,6.224192234499999,1,poor,NA
AIMS,2021-11-12T02:30:00Z,TLM12,STIC,20210928-20220221,HS,21059656,5166.7,14.613,6.7014819018999985,1,poor,NA
AIMS,2021-11-12T02:45:00Z,TLM12,STIC,20210928-20220221,HS,21059656,5166.7,14.613,6.7014819018999985,1,poor,NA
AIMS,2021-11-12T03:00:00Z,TLM12,STIC,20210928-20220221,HS,21059656,5166.7,14.613,6.7014819018999985,1,poor,NA
AIMS,2021-11-12T03:15:00Z,TLM12,STIC,20210928-20220221,HS,21059656,5166.7,14.613,6.7014819018999985,1,poor,NA
AIMS,2021-11-12T03:30:00Z,TLM12,STIC,20210928-20220221,HS,21059656,5166.7,14.613,6.7014819018999985,1,poor,NA
AIMS,2021-11-12T03:45:00Z,TLM12,STIC,20210928-20220221,HS,21059656,5166.7,14.517,6.7014819018999985,1,poor,NA
AIMS,2021-11-12T04:00:00Z,TLM12,STIC,20210928-20220221,HS,21059656,5166.7,14.517,6.7014819018999985,1,poor,NA
AIMS,2021-11-12T04:15:00Z,TLM12,STIC,20210928-20220221,HS,21059656,5166.7,14.517,6.7014819018999985,1,poor,NA
AIMS,2021-11-12T04:30:00Z,TLM12,STIC,20210928-20220221,HS,21059656,5166.7,14.517,6.7014819018999985,1,poor,NA
AIMS,2021-11-12T04:45:00Z,TLM12,STIC,20210928-20220221,HS,21059656,5166.7,14.517,6.7014819018999985,1,poor,NA
AIMS,2021-11-12T05:00:00Z,TLM12,STIC,20210928-20220221,HS,21059656,5166.7,14.517,6.7014819018999985,1,poor,NA
AIMS,2021-11-12T05:15:00Z,TLM12,STIC,20210928-20220221,HS,21059656,5166.7,14.517,6.7014819018999985,1,poor,NA
AIMS,2021-11-12T05:30:00Z,TLM12,STIC,20210928-20220221,HS,21059656,5166.7,14.421,6.7014819018999985,1,poor,NA
AIMS,2021-11-12T05:45:00Z,TLM12,STIC,20210928-20220221,HS,21059656,5166.7,14.421,6.7014819018999985,1,poor,NA
AIMS,2021-11-12T06:00:00Z,TLM12,STIC,20210928-20220221,HS,21059656,5166.7,14.325,6.7014819018999985,1,poor,NA
AIMS,2021-11-12T06:15:00Z,TLM12,STIC,20210928-20220221,HS,21059656,5166.7,14.325,6.7014819018999985,1,poor,NA
AIMS,2021-11-12T06:30:00Z,TLM12,STIC,20210928-20220221,HS,21059656,5166.7,14.325,6.7014819018999985,1,poor,NA
AIMS,2021-11-12T06:45:00Z,TLM12,STIC,20210928-20220221,HS,21059656,5166.7,14.23,6.7014819018999985,1,poor,NA
AIMS,2021-11-12T07:00:00Z,TLM12,STIC,20210928-20220221,HS,21059656,5166.7,14.23,6.7014819018999985,1,poor,NA
AIMS,2021-11-12T07:15:00Z,TLM12,STIC,20210928-20220221,HS,21059656,5166.7,14.134,6.7014819018999985,1,poor,NA
AIMS,2021-11-12T07:30:00Z,TLM12,STIC,20210928-20220221,HS,21059656,5166.7,14.038,6.7014819018999985,1,poor,NA
AIMS,2021-11-12T07:45:00Z,TLM12,STIC,20210928-20220221,HS,21059656,5166.7,14.038,6.7014819018999985,1,poor,NA
AIMS,2021-11-12T08:00:00Z,TLM12,STIC,20210928-20220221,HS,21059656,5166.7,13.942,6.7014819018999985,1,poor,NA
AIMS,2021-11-12T08:15:00Z,TLM12,STIC,20210928-20220221,HS,21059656,5166.7,13.942,6.7014819018999985,1,poor,NA
AIMS,2021-11-12T08:30:00Z,TLM12,STIC,20210928-20220221,HS,21059656,5166.7,13.846,6.7014819018999985,1,poor,NA
AIMS,2021-11-12T08:45:00Z,TLM12,STIC,20210928-20220221,HS,21059656,5166.7,13.75,6.7014819018999985,1,poor,NA
AIMS,2021-11-12T09:00:00Z,TLM12,STIC,20210928-20220221,HS,21059656,5166.7,13.75,6.7014819018999985,1,poor,NA
AIMS,2021-11-12T09:15:00Z,TLM12,STIC,20210928-20220221,HS,21059656,5166.7,13.654,6.7014819018999985,1,poor,NA
AIMS,2021-11-12T09:30:00Z,TLM12,STIC,20210928-20220221,HS,21059656,5166.7,13.654,6.7014819018999985,1,poor,NA
AIMS,2021-11-12T09:45:00Z,TLM12,STIC,20210928-20220221,HS,21059656,5166.7,13.558,6.7014819018999985,1,poor,NA
AIMS,2021-11-12T10:00:00Z,TLM12,STIC,20210928-20220221,HS,21059656,5166.7,13.558,6.7014819018999985,1,poor,NA
AIMS,2021-11-12T10:15:00Z,TLM12,STIC,20210928-20220221,HS,21059656,5166.7,13.461,6.7014819018999985,1,poor,NA
AIMS,2021-11-12T10:30:00Z,TLM12,STIC,20210928-20220221,HS,21059656,5166.7,13.461,6.7014819018999985,1,poor,NA
AIMS,2021-11-12T10:45:00Z,TLM12,STIC,20210928-20220221,HS,21059656,5166.7,13.365,6.7014819018999985,1,poor,NA
AIMS,2021-11-12T11:00:00Z,TLM12,STIC,20210928-20220221,HS,21059656,5166.7,13.365,6.7014819018999985,1,poor,NA
AIMS,2021-11-12T11:15:00Z,TLM12,STIC,20210928-20220221,HS,21059656,5166.7,13.365,6.7014819018999985,1,poor,NA
AIMS,2021-11-12T11:30:00Z,TLM12,STIC,20210928-20220221,HS,21059656,5166.7,13.269,6.7014819018999985,1,poor,NA
AIMS,2021-11-12T11:45:00Z,TLM12,STIC,20210928-20220221,HS,21059656,5166.7,13.269,6.7014819018999985,1,poor,NA
AIMS,2021-11-12T12:00:00Z,TLM12,STIC,20210928-20220221,HS,21059656,5166.7,13.173,6.7014819018999985,1,poor,NA
AIMS,2021-11-12T12:15:00Z,TLM12,STIC,20210928-20220221,HS,21059656,5166.7,13.173,6.7014819018999985,1,poor,NA
AIMS,2021-11-12T12:30:00Z,TLM12,STIC,20210928-20220221,HS,21059656,5166.7,13.076,6.7014819018999985,1,poor,NA
AIMS,2021-11-12T12:45:00Z,TLM12,STIC,20210928-20220221,HS,21059656,5166.7,13.076,6.7014819018999985,1,poor,NA
AIMS,2021-11-12T13:00:00Z,TLM12,STIC,20210928-20220221,HS,21059656,5166.7,12.98,6.7014819018999985,1,poor,NA
AIMS,2021-11-12T13:15:00Z,TLM12,STIC,20210928-20220221,HS,21059656,5166.7,12.98,6.7014819018999985,1,poor,NA
AIMS,2021-11-12T13:30:00Z,TLM12,STIC,20210928-20220221,HS,21059656,4994.5,12.883,6.224192234499999,1,poor,NA
AIMS,2021-11-12T13:45:00Z,TLM12,STIC,20210928-20220221,HS,21059656,4994.5,12.883,6.224192234499999,1,poor,NA
AIMS,2021-11-12T14:00:00Z,TLM12,STIC,20210928-20220221,HS,21059656,4994.5,12.787,6.224192234499999,1,poor,NA
AIMS,2021-11-12T14:15:00Z,TLM12,STIC,20210928-20220221,HS,21059656,4994.5,12.69,6.224192234499999,1,poor,NA
AIMS,2021-11-12T14:30:00Z,TLM12,STIC,20210928-20220221,HS,21059656,4994.5,12.69,6.224192234499999,1,poor,NA
AIMS,2021-11-12T14:45:00Z,TLM12,STIC,20210928-20220221,HS,21059656,4994.5,12.69,6.224192234499999,1,poor,NA
AIMS,2021-11-12T15:00:00Z,TLM12,STIC,20210928-20220221,HS,21059656,4994.5,12.594,6.224192234499999,1,poor,NA
AIMS,2021-11-12T15:15:00Z,TLM12,STIC,20210928-20220221,HS,21059656,4994.5,12.594,6.224192234499999,1,poor,NA
AIMS,2021-11-12T15:30:00Z,TLM12,STIC,20210928-20220221,HS,21059656,4994.5,12.594,6.224192234499999,1,poor,NA
AIMS,2021-11-12T15:45:00Z,TLM12,STIC,20210928-20220221,HS,21059656,4994.5,12.69,6.224192234499999,1,poor,NA
AIMS,2021-11-12T16:00:00Z,TLM12,STIC,20210928-20220221,HS,21059656,4994.5,12.69,6.224192234499999,1,poor,NA
AIMS,2021-11-12T16:15:00Z,TLM12,STIC,20210928-20220221,HS,21059656,4994.5,12.787,6.224192234499999,1,poor,NA
AIMS,2021-11-12T16:30:00Z,TLM12,STIC,20210928-20220221,HS,21059656,4994.5,12.883,6.224192234499999,1,poor,NA
AIMS,2021-11-12T16:45:00Z,TLM12,STIC,20210928-20220221,HS,21059656,4994.5,12.98,6.224192234499999,1,poor,NA
AIMS,2021-11-12T17:00:00Z,TLM12,STIC,20210928-20220221,HS,21059656,4994.5,13.076,6.224192234499999,1,poor,NA
AIMS,2021-11-12T17:15:00Z,TLM12,STIC,20210928-20220221,HS,21059656,4994.5,13.173,6.224192234499999,1,poor,NA
AIMS,2021-11-12T17:30:00Z,TLM12,STIC,20210928-20220221,HS,21059656,4994.5,13.269,6.224192234499999,1,poor,NA
AIMS,2021-11-12T17:45:00Z,TLM12,STIC,20210928-20220221,HS,21059656,4994.5,13.365,6.224192234499999,1,poor,NA
AIMS,2021-11-12T18:00:00Z,TLM12,STIC,20210928-20220221,HS,21059656,4994.5,13.558,6.224192234499999,1,poor,NA
AIMS,2021-11-12T18:15:00Z,TLM12,STIC,20210928-20220221,HS,21059656,4994.5,13.654,6.224192234499999,1,poor,NA
AIMS,2021-11-12T18:30:00Z,TLM12,STIC,20210928-20220221,HS,21059656,4994.5,13.75,6.224192234499999,1,poor,NA
AIMS,2021-11-12T18:45:00Z,TLM12,STIC,20210928-20220221,HS,21059656,4994.5,13.942,6.224192234499999,1,poor,NA
AIMS,2021-11-12T19:00:00Z,TLM12,STIC,20210928-20220221,HS,21059656,4994.5,14.038,6.224192234499999,1,poor,NA
AIMS,2021-11-12T19:15:00Z,TLM12,STIC,20210928-20220221,HS,21059656,4994.5,14.134,6.224192234499999,1,poor,NA
AIMS,2021-11-12T19:30:00Z,TLM12,STIC,20210928-20220221,HS,21059656,4994.5,14.23,6.224192234499999,1,poor,NA
AIMS,2021-11-12T19:45:00Z,TLM12,STIC,20210928-20220221,HS,21059656,4994.5,14.23,6.224192234499999,1,poor,NA
AIMS,2021-11-12T20:00:00Z,TLM12,STIC,20210928-20220221,HS,21059656,4994.5,14.325,6.224192234499999,1,poor,NA
AIMS,2021-11-12T20:15:00Z,TLM12,STIC,20210928-20220221,HS,21059656,4994.5,14.421,6.224192234499999,1,poor,NA
AIMS,2021-11-12T20:30:00Z,TLM12,STIC,20210928-20220221,HS,21059656,4994.5,14.517,6.224192234499999,1,poor,NA
AIMS,2021-11-12T20:45:00Z,TLM12,STIC,20210928-20220221,HS,21059656,4994.5,14.517,6.224192234499999,1,poor,NA
AIMS,2021-11-12T21:00:00Z,TLM12,STIC,20210928-20220221,HS,21059656,4994.5,14.613,6.224192234499999,1,poor,NA
AIMS,2021-11-12T21:15:00Z,TLM12,STIC,20210928-20220221,HS,21059656,4994.5,14.613,6.224192234499999,1,poor,NA
AIMS,2021-11-12T21:30:00Z,TLM12,STIC,20210928-20220221,HS,21059656,4994.5,14.613,6.224192234499999,1,poor,NA
AIMS,2021-11-12T21:45:00Z,TLM12,STIC,20210928-20220221,HS,21059656,4994.5,14.613,6.224192234499999,1,poor,NA
AIMS,2021-11-12T22:00:00Z,TLM12,STIC,20210928-20220221,HS,21059656,4994.5,14.613,6.224192234499999,1,poor,NA
AIMS,2021-11-12T22:15:00Z,TLM12,STIC,20210928-20220221,HS,21059656,4994.5,14.613,6.224192234499999,1,poor,NA
AIMS,2021-11-12T22:30:00Z,TLM12,STIC,20210928-20220221,HS,21059656,4994.5,14.613,6.224192234499999,1,poor,NA
AIMS,2021-11-12T22:45:00Z,TLM12,STIC,20210928-20220221,HS,21059656,4994.5,14.613,6.224192234499999,1,poor,NA
AIMS,2021-11-12T23:00:00Z,TLM12,STIC,20210928-20220221,HS,21059656,4994.5,14.517,6.224192234499999,1,poor,NA
AIMS,2021-11-12T23:15:00Z,TLM12,STIC,20210928-20220221,HS,21059656,4994.5,14.517,6.224192234499999,1,poor,NA
AIMS,2021-11-12T23:30:00Z,TLM12,STIC,20210928-20220221,HS,21059656,4994.5,14.421,6.224192234499999,1,poor,NA
AIMS,2021-11-12T23:45:00Z,TLM12,STIC,20210928-20220221,HS,21059656,4994.5,14.325,6.224192234499999,1,poor,NA
AIMS,2021-11-13T00:00:00Z,TLM12,STIC,20210928-20220221,HS,21059656,4994.5,14.325,6.224192234499999,1,poor,NA
AIMS,2021-11-13T00:15:00Z,TLM12,STIC,20210928-20220221,HS,21059656,4822.3,14.23,5.7469025671,1,poor,NA
AIMS,2021-11-13T00:30:00Z,TLM12,STIC,20210928-20220221,HS,21059656,4822.3,14.134,5.7469025671,1,poor,NA
AIMS,2021-11-13T00:45:00Z,TLM12,STIC,20210928-20220221,HS,21059656,4822.3,14.038,5.7469025671,1,poor,NA
AIMS,2021-11-13T01:00:00Z,TLM12,STIC,20210928-20220221,HS,21059656,4822.3,13.942,5.7469025671,1,poor,NA
AIMS,2021-11-13T01:15:00Z,TLM12,STIC,20210928-20220221,HS,21059656,4822.3,13.846,5.7469025671,1,poor,NA
AIMS,2021-11-13T01:30:00Z,TLM12,STIC,20210928-20220221,HS,21059656,4822.3,13.846,5.7469025671,1,poor,NA
AIMS,2021-11-13T01:45:00Z,TLM12,STIC,20210928-20220221,HS,21059656,4822.3,13.75,5.7469025671,1,poor,NA
AIMS,2021-11-13T02:00:00Z,TLM12,STIC,20210928-20220221,HS,21059656,4822.3,13.654,5.7469025671,1,poor,NA
AIMS,2021-11-13T02:15:00Z,TLM12,STIC,20210928-20220221,HS,21059656,4822.3,13.558,5.7469025671,1,poor,NA
AIMS,2021-11-13T02:30:00Z,TLM12,STIC,20210928-20220221,HS,21059656,4822.3,13.461,5.7469025671,1,poor,NA
AIMS,2021-11-13T02:45:00Z,TLM12,STIC,20210928-20220221,HS,21059656,4822.3,13.365,5.7469025671,1,poor,NA
AIMS,2021-11-13T03:00:00Z,TLM12,STIC,20210928-20220221,HS,21059656,4822.3,13.269,5.7469025671,1,poor,NA
AIMS,2021-11-13T03:15:00Z,TLM12,STIC,20210928-20220221,HS,21059656,4822.3,13.269,5.7469025671,1,poor,NA
AIMS,2021-11-13T03:30:00Z,TLM12,STIC,20210928-20220221,HS,21059656,4822.3,13.173,5.7469025671,1,poor,NA
AIMS,2021-11-13T03:45:00Z,TLM12,STIC,20210928-20220221,HS,21059656,4822.3,13.076,5.7469025671,1,poor,NA
AIMS,2021-11-13T04:00:00Z,TLM12,STIC,20210928-20220221,HS,21059656,4822.3,13.076,5.7469025671,1,poor,NA
AIMS,2021-11-13T04:15:00Z,TLM12,STIC,20210928-20220221,HS,21059656,4822.3,12.98,5.7469025671,1,poor,NA
AIMS,2021-11-13T04:30:00Z,TLM12,STIC,20210928-20220221,HS,21059656,4822.3,12.98,5.7469025671,1,poor,NA
AIMS,2021-11-13T04:45:00Z,TLM12,STIC,20210928-20220221,HS,21059656,4822.3,12.883,5.7469025671,1,poor,NA
AIMS,2021-11-13T05:00:00Z,TLM12,STIC,20210928-20220221,HS,21059656,4822.3,12.883,5.7469025671,1,poor,NA
AIMS,2021-11-13T05:15:00Z,TLM12,STIC,20210928-20220221,HS,21059656,4822.3,12.787,5.7469025671,1,poor,NA
AIMS,2021-11-13T05:30:00Z,TLM12,STIC,20210928-20220221,HS,21059656,4822.3,12.787,5.7469025671,1,poor,NA
AIMS,2021-11-13T05:45:00Z,TLM12,STIC,20210928-20220221,HS,21059656,4650,12.787,5.269335727999999,1,poor,NA
AIMS,2021-11-13T06:00:00Z,TLM12,STIC,20210928-20220221,HS,21059656,4650,12.69,5.269335727999999,1,poor,NA
AIMS,2021-11-13T06:15:00Z,TLM12,STIC,20210928-20220221,HS,21059656,4650,12.69,5.269335727999999,1,poor,NA
AIMS,2021-11-13T06:30:00Z,TLM12,STIC,20210928-20220221,HS,21059656,4650,12.69,5.269335727999999,1,poor,NA
AIMS,2021-11-13T06:45:00Z,TLM12,STIC,20210928-20220221,HS,21059656,4650,12.69,5.269335727999999,1,poor,NA
AIMS,2021-11-13T07:00:00Z,TLM12,STIC,20210928-20220221,HS,21059656,4650,12.594,5.269335727999999,1,poor,NA
AIMS,2021-11-13T07:15:00Z,TLM12,STIC,20210928-20220221,HS,21059656,4650,12.594,5.269335727999999,1,poor,NA
AIMS,2021-11-13T07:30:00Z,TLM12,STIC,20210928-20220221,HS,21059656,4650,12.594,5.269335727999999,1,poor,NA
AIMS,2021-11-13T07:45:00Z,TLM12,STIC,20210928-20220221,HS,21059656,4650,12.497,5.269335727999999,1,poor,NA
AIMS,2021-11-13T08:00:00Z,TLM12,STIC,20210928-20220221,HS,21059656,4650,12.497,5.269335727999999,1,poor,NA
AIMS,2021-11-13T08:15:00Z,TLM12,STIC,20210928-20220221,HS,21059656,4650,12.497,5.269335727999999,1,poor,NA
AIMS,2021-11-13T08:30:00Z,TLM12,STIC,20210928-20220221,HS,21059656,4650,12.497,5.269335727999999,1,poor,NA
AIMS,2021-11-13T08:45:00Z,TLM12,STIC,20210928-20220221,HS,21059656,4650,12.497,5.269335727999999,1,poor,NA
AIMS,2021-11-13T09:00:00Z,TLM12,STIC,20210928-20220221,HS,21059656,4650,12.497,5.269335727999999,1,poor,NA
AIMS,2021-11-13T09:15:00Z,TLM12,STIC,20210928-20220221,HS,21059656,4650,12.497,5.269335727999999,1,poor,NA
AIMS,2021-11-13T09:30:00Z,TLM12,STIC,20210928-20220221,HS,21059656,4650,12.401,5.269335727999999,1,poor,NA
AIMS,2021-11-13T09:45:00Z,TLM12,STIC,20210928-20220221,HS,21059656,4650,12.401,5.269335727999999,1,poor,NA
AIMS,2021-11-13T10:00:00Z,TLM12,STIC,20210928-20220221,HS,21059656,4650,12.401,5.269335727999999,1,poor,NA
AIMS,2021-11-13T10:15:00Z,TLM12,STIC,20210928-20220221,HS,21059656,4650,12.304,5.269335727999999,1,poor,NA
AIMS,2021-11-13T10:30:00Z,TLM12,STIC,20210928-20220221,HS,21059656,4650,12.304,5.269335727999999,1,poor,NA
AIMS,2021-11-13T10:45:00Z,TLM12,STIC,20210928-20220221,HS,21059656,4650,12.304,5.269335727999999,1,poor,NA
AIMS,2021-11-13T11:00:00Z,TLM12,STIC,20210928-20220221,HS,21059656,4650,12.207,5.269335727999999,1,poor,NA
AIMS,2021-11-13T11:15:00Z,TLM12,STIC,20210928-20220221,HS,21059656,4650,12.207,5.269335727999999,1,poor,NA
AIMS,2021-11-13T11:30:00Z,TLM12,STIC,20210928-20220221,HS,21059656,4650,12.11,5.269335727999999,1,poor,NA
AIMS,2021-11-13T11:45:00Z,TLM12,STIC,20210928-20220221,HS,21059656,4650,12.11,5.269335727999999,1,poor,NA
AIMS,2021-11-13T12:00:00Z,TLM12,STIC,20210928-20220221,HS,21059656,4650,12.11,5.269335727999999,1,poor,NA
AIMS,2021-11-13T12:15:00Z,TLM12,STIC,20210928-20220221,HS,21059656,4650,12.013,5.269335727999999,1,poor,NA
AIMS,2021-11-13T12:30:00Z,TLM12,STIC,20210928-20220221,HS,21059656,4650,12.013,5.269335727999999,1,poor,NA
AIMS,2021-11-13T12:45:00Z,TLM12,STIC,20210928-20220221,HS,21059656,4650,11.916,5.269335727999999,1,poor,NA
AIMS,2021-11-13T13:00:00Z,TLM12,STIC,20210928-20220221,HS,21059656,4477.8,11.916,4.7920460606,1,poor,NA
AIMS,2021-11-13T13:15:00Z,TLM12,STIC,20210928-20220221,HS,21059656,4477.8,11.819,4.7920460606,1,poor,NA
AIMS,2021-11-13T13:30:00Z,TLM12,STIC,20210928-20220221,HS,21059656,4477.8,11.819,4.7920460606,1,poor,NA
AIMS,2021-11-13T13:45:00Z,TLM12,STIC,20210928-20220221,HS,21059656,4477.8,11.722,4.7920460606,1,poor,NA
AIMS,2021-11-13T14:00:00Z,TLM12,STIC,20210928-20220221,HS,21059656,4477.8,11.722,4.7920460606,1,poor,NA
AIMS,2021-11-13T14:15:00Z,TLM12,STIC,20210928-20220221,HS,21059656,4477.8,11.625,4.7920460606,1,poor,NA
AIMS,2021-11-13T14:30:00Z,TLM12,STIC,20210928-20220221,HS,21059656,4477.8,11.625,4.7920460606,1,poor,NA
AIMS,2021-11-13T14:45:00Z,TLM12,STIC,20210928-20220221,HS,21059656,4477.8,11.625,4.7920460606,1,poor,NA
AIMS,2021-11-13T15:00:00Z,TLM12,STIC,20210928-20220221,HS,21059656,4477.8,11.625,4.7920460606,1,poor,NA
AIMS,2021-11-13T15:15:00Z,TLM12,STIC,20210928-20220221,HS,21059656,4477.8,11.625,4.7920460606,1,poor,NA
AIMS,2021-11-13T15:30:00Z,TLM12,STIC,20210928-20220221,HS,21059656,4477.8,11.625,4.7920460606,1,poor,NA
AIMS,2021-11-13T15:45:00Z,TLM12,STIC,20210928-20220221,HS,21059656,4477.8,11.722,4.7920460606,1,poor,NA
AIMS,2021-11-13T16:00:00Z,TLM12,STIC,20210928-20220221,HS,21059656,4477.8,11.819,4.7920460606,1,poor,NA
AIMS,2021-11-13T16:15:00Z,TLM12,STIC,20210928-20220221,HS,21059656,4477.8,11.819,4.7920460606,1,poor,NA
AIMS,2021-11-13T16:30:00Z,TLM12,STIC,20210928-20220221,HS,21059656,4477.8,11.819,4.7920460606,1,poor,NA
AIMS,2021-11-13T16:45:00Z,TLM12,STIC,20210928-20220221,HS,21059656,4477.8,11.819,4.7920460606,1,poor,NA
AIMS,2021-11-13T17:00:00Z,TLM12,STIC,20210928-20220221,HS,21059656,4477.8,11.819,4.7920460606,1,poor,NA
AIMS,2021-11-13T17:15:00Z,TLM12,STIC,20210928-20220221,HS,21059656,4477.8,11.819,4.7920460606,1,poor,NA
AIMS,2021-11-13T17:30:00Z,TLM12,STIC,20210928-20220221,HS,21059656,4477.8,11.916,4.7920460606,1,poor,NA
AIMS,2021-11-13T17:45:00Z,TLM12,STIC,20210928-20220221,HS,21059656,4477.8,11.916,4.7920460606,1,poor,NA
AIMS,2021-11-13T18:00:00Z,TLM12,STIC,20210928-20220221,HS,21059656,4477.8,11.916,4.7920460606,1,poor,NA
AIMS,2021-11-13T18:15:00Z,TLM12,STIC,20210928-20220221,HS,21059656,4477.8,11.916,4.7920460606,1,poor,NA
AIMS,2021-11-13T18:30:00Z,TLM12,STIC,20210928-20220221,HS,21059656,4477.8,12.013,4.7920460606,1,poor,NA
AIMS,2021-11-13T18:45:00Z,TLM12,STIC,20210928-20220221,HS,21059656,4477.8,12.11,4.7920460606,1,poor,NA
AIMS,2021-11-13T19:00:00Z,TLM12,STIC,20210928-20220221,HS,21059656,4477.8,12.207,4.7920460606,1,poor,NA
AIMS,2021-11-13T19:15:00Z,TLM12,STIC,20210928-20220221,HS,21059656,4477.8,12.207,4.7920460606,1,poor,NA
AIMS,2021-11-13T19:30:00Z,TLM12,STIC,20210928-20220221,HS,21059656,4477.8,12.304,4.7920460606,1,poor,NA
AIMS,2021-11-13T19:45:00Z,TLM12,STIC,20210928-20220221,HS,21059656,4477.8,12.304,4.7920460606,1,poor,NA
AIMS,2021-11-13T20:00:00Z,TLM12,STIC,20210928-20220221,HS,21059656,4477.8,12.401,4.7920460606,1,poor,NA
AIMS,2021-11-13T20:15:00Z,TLM12,STIC,20210928-20220221,HS,21059656,4477.8,12.497,4.7920460606,1,poor,NA
AIMS,2021-11-13T20:30:00Z,TLM12,STIC,20210928-20220221,HS,21059656,4477.8,12.497,4.7920460606,1,poor,NA
AIMS,2021-11-13T20:45:00Z,TLM12,STIC,20210928-20220221,HS,21059656,4477.8,12.594,4.7920460606,1,poor,NA
AIMS,2021-11-13T21:00:00Z,TLM12,STIC,20210928-20220221,HS,21059656,4477.8,12.594,4.7920460606,1,poor,NA
AIMS,2021-11-13T21:15:00Z,TLM12,STIC,20210928-20220221,HS,21059656,4477.8,12.497,4.7920460606,1,poor,NA
AIMS,2021-11-13T21:30:00Z,TLM12,STIC,20210928-20220221,HS,21059656,4477.8,12.497,4.7920460606,1,poor,NA
AIMS,2021-11-13T21:45:00Z,TLM12,STIC,20210928-20220221,HS,21059656,4477.8,12.497,4.7920460606,1,poor,NA
AIMS,2021-11-13T22:00:00Z,TLM12,STIC,20210928-20220221,HS,21059656,4477.8,12.401,4.7920460606,1,poor,NA
AIMS,2021-11-13T22:15:00Z,TLM12,STIC,20210928-20220221,HS,21059656,4477.8,12.401,4.7920460606,1,poor,NA
AIMS,2021-11-13T22:30:00Z,TLM12,STIC,20210928-20220221,HS,21059656,4477.8,12.401,4.7920460606,1,poor,NA
AIMS,2021-11-13T22:45:00Z,TLM12,STIC,20210928-20220221,HS,21059656,4477.8,12.304,4.7920460606,1,poor,NA
AIMS,2021-11-13T23:00:00Z,TLM12,STIC,20210928-20220221,HS,21059656,4477.8,12.207,4.7920460606,1,poor,NA
AIMS,2021-11-13T23:15:00Z,TLM12,STIC,20210928-20220221,HS,21059656,4477.8,12.207,4.7920460606,1,poor,NA
AIMS,2021-11-13T23:30:00Z,TLM12,STIC,20210928-20220221,HS,21059656,4477.8,12.11,4.7920460606,1,poor,NA
AIMS,2021-11-13T23:45:00Z,TLM12,STIC,20210928-20220221,HS,21059656,4477.8,12.11,4.7920460606,1,poor,NA
AIMS,2021-11-14T00:00:00Z,TLM12,STIC,20210928-20220221,HS,21059656,4477.8,12.013,4.7920460606,1,poor,NA
AIMS,2021-11-14T00:15:00Z,TLM12,STIC,20210928-20220221,HS,21059656,4477.8,11.916,4.7920460606,1,poor,NA
AIMS,2021-11-14T00:30:00Z,TLM12,STIC,20210928-20220221,HS,21059656,4477.8,11.819,4.7920460606,1,poor,NA
AIMS,2021-11-14T00:45:00Z,TLM12,STIC,20210928-20220221,HS,21059656,4477.8,11.722,4.7920460606,1,poor,NA
AIMS,2021-11-14T01:00:00Z,TLM12,STIC,20210928-20220221,HS,21059656,4477.8,11.625,4.7920460606,1,poor,NA
AIMS,2021-11-14T01:15:00Z,TLM12,STIC,20210928-20220221,HS,21059656,4477.8,11.528,4.7920460606,1,poor,NA
AIMS,2021-11-14T01:30:00Z,TLM12,STIC,20210928-20220221,HS,21059656,4477.8,11.431,4.7920460606,1,poor,NA
AIMS,2021-11-14T01:45:00Z,TLM12,STIC,20210928-20220221,HS,21059656,4477.8,11.334,4.7920460606,1,poor,NA
AIMS,2021-11-14T02:00:00Z,TLM12,STIC,20210928-20220221,HS,21059656,4305.6,11.334,4.314756393200001,1,poor,NA
AIMS,2021-11-14T02:15:00Z,TLM12,STIC,20210928-20220221,HS,21059656,4477.8,11.236,4.7920460606,1,poor,NA
AIMS,2021-11-14T02:30:00Z,TLM12,STIC,20210928-20220221,HS,21059656,4305.6,11.139,4.314756393200001,1,poor,NA
AIMS,2021-11-14T02:45:00Z,TLM12,STIC,20210928-20220221,HS,21059656,4305.6,11.041,4.314756393200001,1,poor,NA
AIMS,2021-11-14T03:00:00Z,TLM12,STIC,20210928-20220221,HS,21059656,4305.6,11.041,4.314756393200001,1,poor,NA
AIMS,2021-11-14T03:15:00Z,TLM12,STIC,20210928-20220221,HS,21059656,4305.6,10.944,4.314756393200001,1,poor,NA
AIMS,2021-11-14T03:30:00Z,TLM12,STIC,20210928-20220221,HS,21059656,4305.6,10.944,4.314756393200001,1,poor,NA
AIMS,2021-11-14T03:45:00Z,TLM12,STIC,20210928-20220221,HS,21059656,4305.6,10.846,4.314756393200001,1,poor,NA
AIMS,2021-11-14T04:00:00Z,TLM12,STIC,20210928-20220221,HS,21059656,4305.6,10.748,4.314756393200001,1,poor,NA
AIMS,2021-11-14T04:15:00Z,TLM12,STIC,20210928-20220221,HS,21059656,4305.6,10.748,4.314756393200001,1,poor,NA
AIMS,2021-11-14T04:30:00Z,TLM12,STIC,20210928-20220221,HS,21059656,4305.6,10.651,4.314756393200001,1,poor,NA
AIMS,2021-11-14T04:45:00Z,TLM12,STIC,20210928-20220221,HS,21059656,4305.6,10.553,4.314756393200001,1,poor,NA
AIMS,2021-11-14T05:00:00Z,TLM12,STIC,20210928-20220221,HS,21059656,4305.6,10.553,4.314756393200001,1,poor,NA
AIMS,2021-11-14T05:15:00Z,TLM12,STIC,20210928-20220221,HS,21059656,4305.6,10.455,4.314756393200001,1,poor,NA
AIMS,2021-11-14T05:30:00Z,TLM12,STIC,20210928-20220221,HS,21059656,4305.6,10.455,4.314756393200001,1,poor,NA
AIMS,2021-11-14T05:45:00Z,TLM12,STIC,20210928-20220221,HS,21059656,4305.6,10.357,4.314756393200001,1,poor,NA
AIMS,2021-11-14T06:00:00Z,TLM12,STIC,20210928-20220221,HS,21059656,4305.6,10.259,4.314756393200001,1,poor,NA
AIMS,2021-11-14T06:15:00Z,TLM12,STIC,20210928-20220221,HS,21059656,4305.6,10.259,4.314756393200001,1,poor,NA
AIMS,2021-11-14T06:30:00Z,TLM12,STIC,20210928-20220221,HS,21059656,4305.6,10.161,4.314756393200001,1,poor,NA
AIMS,2021-11-14T06:45:00Z,TLM12,STIC,20210928-20220221,HS,21059656,4305.6,10.161,4.314756393200001,1,poor,NA
AIMS,2021-11-14T07:00:00Z,TLM12,STIC,20210928-20220221,HS,21059656,4305.6,10.063,4.314756393200001,1,poor,NA
AIMS,2021-11-14T07:15:00Z,TLM12,STIC,20210928-20220221,HS,21059656,4305.6,10.063,4.314756393200001,1,poor,NA
AIMS,2021-11-14T07:30:00Z,TLM12,STIC,20210928-20220221,HS,21059656,4305.6,9.965,4.314756393200001,1,poor,NA
AIMS,2021-11-14T07:45:00Z,TLM12,STIC,20210928-20220221,HS,21059656,4305.6,9.965,4.314756393200001,1,poor,NA
AIMS,2021-11-14T08:00:00Z,TLM12,STIC,20210928-20220221,HS,21059656,4305.6,9.866,4.314756393200001,1,poor,NA
AIMS,2021-11-14T08:15:00Z,TLM12,STIC,20210928-20220221,HS,21059656,4305.6,9.866,4.314756393200001,1,poor,NA
AIMS,2021-11-14T08:30:00Z,TLM12,STIC,20210928-20220221,HS,21059656,4305.6,9.768,4.314756393200001,1,poor,NA
AIMS,2021-11-14T08:45:00Z,TLM12,STIC,20210928-20220221,HS,21059656,4305.6,9.768,4.314756393200001,1,poor,NA
AIMS,2021-11-14T09:00:00Z,TLM12,STIC,20210928-20220221,HS,21059656,4305.6,9.669,4.314756393200001,1,poor,NA
AIMS,2021-11-14T09:15:00Z,TLM12,STIC,20210928-20220221,HS,21059656,4305.6,9.669,4.314756393200001,1,poor,NA
AIMS,2021-11-14T09:30:00Z,TLM12,STIC,20210928-20220221,HS,21059656,4305.6,9.571,4.314756393200001,1,poor,NA
AIMS,2021-11-14T09:45:00Z,TLM12,STIC,20210928-20220221,HS,21059656,4305.6,9.571,4.314756393200001,1,poor,NA
AIMS,2021-11-14T10:00:00Z,TLM12,STIC,20210928-20220221,HS,21059656,4305.6,9.571,4.314756393200001,1,poor,NA
AIMS,2021-11-14T10:15:00Z,TLM12,STIC,20210928-20220221,HS,21059656,4133.4,9.472,3.837466725799998,1,poor,NA
AIMS,2021-11-14T10:30:00Z,TLM12,STIC,20210928-20220221,HS,21059656,4133.4,9.472,3.837466725799998,1,poor,NA
AIMS,2021-11-14T10:45:00Z,TLM12,STIC,20210928-20220221,HS,21059656,4133.4,9.373,3.837466725799998,1,poor,NA
AIMS,2021-11-14T11:00:00Z,TLM12,STIC,20210928-20220221,HS,21059656,4133.4,9.373,3.837466725799998,1,poor,NA
AIMS,2021-11-14T11:15:00Z,TLM12,STIC,20210928-20220221,HS,21059656,4133.4,9.373,3.837466725799998,1,poor,NA
AIMS,2021-11-14T11:30:00Z,TLM12,STIC,20210928-20220221,HS,21059656,4133.4,9.275,3.837466725799998,1,poor,NA
AIMS,2021-11-14T11:45:00Z,TLM12,STIC,20210928-20220221,HS,21059656,4133.4,9.275,3.837466725799998,1,poor,NA
AIMS,2021-11-14T12:00:00Z,TLM12,STIC,20210928-20220221,HS,21059656,4133.4,9.176,3.837466725799998,1,poor,NA
AIMS,2021-11-14T12:15:00Z,TLM12,STIC,20210928-20220221,HS,21059656,4133.4,9.176,3.837466725799998,1,poor,NA
AIMS,2021-11-14T12:30:00Z,TLM12,STIC,20210928-20220221,HS,21059656,4133.4,9.176,3.837466725799998,1,poor,NA
AIMS,2021-11-14T12:45:00Z,TLM12,STIC,20210928-20220221,HS,21059656,4133.4,9.077,3.837466725799998,1,poor,NA
AIMS,2021-11-14T13:00:00Z,TLM12,STIC,20210928-20220221,HS,21059656,4133.4,9.077,3.837466725799998,1,poor,NA
AIMS,2021-11-14T13:15:00Z,TLM12,STIC,20210928-20220221,HS,21059656,4133.4,9.077,3.837466725799998,1,poor,NA
AIMS,2021-11-14T13:30:00Z,TLM12,STIC,20210928-20220221,HS,21059656,4133.4,8.978,3.837466725799998,1,poor,NA
AIMS,2021-11-14T13:45:00Z,TLM12,STIC,20210928-20220221,HS,21059656,4133.4,8.978,3.837466725799998,1,poor,NA
AIMS,2021-11-14T14:00:00Z,TLM12,STIC,20210928-20220221,HS,21059656,4133.4,8.978,3.837466725799998,1,poor,NA
AIMS,2021-11-14T14:15:00Z,TLM12,STIC,20210928-20220221,HS,21059656,4133.4,8.879,3.837466725799998,1,poor,NA
AIMS,2021-11-14T14:30:00Z,TLM12,STIC,20210928-20220221,HS,21059656,4133.4,8.879,3.837466725799998,1,poor,NA
AIMS,2021-11-14T14:45:00Z,TLM12,STIC,20210928-20220221,HS,21059656,4133.4,8.879,3.837466725799998,1,poor,NA
AIMS,2021-11-14T15:00:00Z,TLM12,STIC,20210928-20220221,HS,21059656,4133.4,8.879,3.837466725799998,1,poor,NA
AIMS,2021-11-14T15:15:00Z,TLM12,STIC,20210928-20220221,HS,21059656,4133.4,8.978,3.837466725799998,1,poor,NA
AIMS,2021-11-14T15:30:00Z,TLM12,STIC,20210928-20220221,HS,21059656,4133.4,9.077,3.837466725799998,1,poor,NA
AIMS,2021-11-14T15:45:00Z,TLM12,STIC,20210928-20220221,HS,21059656,4133.4,9.176,3.837466725799998,1,poor,NA
AIMS,2021-11-14T16:00:00Z,TLM12,STIC,20210928-20220221,HS,21059656,4133.4,9.275,3.837466725799998,1,poor,NA
AIMS,2021-11-14T16:15:00Z,TLM12,STIC,20210928-20220221,HS,21059656,4133.4,9.373,3.837466725799998,1,poor,NA
AIMS,2021-11-14T16:30:00Z,TLM12,STIC,20210928-20220221,HS,21059656,4133.4,9.472,3.837466725799998,1,poor,NA
AIMS,2021-11-14T16:45:00Z,TLM12,STIC,20210928-20220221,HS,21059656,4133.4,9.472,3.837466725799998,1,poor,NA
AIMS,2021-11-14T17:00:00Z,TLM12,STIC,20210928-20220221,HS,21059656,4133.4,9.571,3.837466725799998,1,poor,NA
AIMS,2021-11-14T17:15:00Z,TLM12,STIC,20210928-20220221,HS,21059656,4133.4,9.669,3.837466725799998,1,poor,NA
AIMS,2021-11-14T17:30:00Z,TLM12,STIC,20210928-20220221,HS,21059656,4133.4,9.768,3.837466725799998,1,poor,NA
AIMS,2021-11-14T17:45:00Z,TLM12,STIC,20210928-20220221,HS,21059656,4133.4,9.866,3.837466725799998,1,poor,NA
AIMS,2021-11-14T18:00:00Z,TLM12,STIC,20210928-20220221,HS,21059656,4133.4,9.965,3.837466725799998,1,poor,NA
AIMS,2021-11-14T18:15:00Z,TLM12,STIC,20210928-20220221,HS,21059656,4133.4,10.063,3.837466725799998,1,poor,NA
AIMS,2021-11-14T18:30:00Z,TLM12,STIC,20210928-20220221,HS,21059656,4305.6,10.161,4.314756393200001,1,poor,NA
AIMS,2021-11-14T18:45:00Z,TLM12,STIC,20210928-20220221,HS,21059656,4305.6,10.357,4.314756393200001,1,poor,NA
AIMS,2021-11-14T19:00:00Z,TLM12,STIC,20210928-20220221,HS,21059656,4305.6,10.455,4.314756393200001,1,poor,NA
AIMS,2021-11-14T19:15:00Z,TLM12,STIC,20210928-20220221,HS,21059656,4305.6,10.651,4.314756393200001,1,poor,NA
AIMS,2021-11-14T19:30:00Z,TLM12,STIC,20210928-20220221,HS,21059656,4305.6,10.748,4.314756393200001,1,poor,NA
AIMS,2021-11-14T19:45:00Z,TLM12,STIC,20210928-20220221,HS,21059656,4305.6,10.944,4.314756393200001,1,poor,NA
AIMS,2021-11-14T20:00:00Z,TLM12,STIC,20210928-20220221,HS,21059656,4305.6,11.041,4.314756393200001,1,poor,NA
AIMS,2021-11-14T20:15:00Z,TLM12,STIC,20210928-20220221,HS,21059656,4305.6,11.139,4.314756393200001,1,poor,NA
AIMS,2021-11-14T20:30:00Z,TLM12,STIC,20210928-20220221,HS,21059656,4305.6,11.236,4.314756393200001,1,poor,NA
AIMS,2021-11-14T20:45:00Z,TLM12,STIC,20210928-20220221,HS,21059656,4305.6,11.431,4.314756393200001,1,poor,NA
AIMS,2021-11-14T21:00:00Z,TLM12,STIC,20210928-20220221,HS,21059656,4305.6,11.431,4.314756393200001,1,poor,NA
AIMS,2021-11-14T21:15:00Z,TLM12,STIC,20210928-20220221,HS,21059656,4305.6,11.431,4.314756393200001,1,poor,NA
AIMS,2021-11-14T21:30:00Z,TLM12,STIC,20210928-20220221,HS,21059656,4305.6,11.431,4.314756393200001,1,poor,NA
AIMS,2021-11-14T21:45:00Z,TLM12,STIC,20210928-20220221,HS,21059656,4305.6,11.431,4.314756393200001,1,poor,NA
AIMS,2021-11-14T22:00:00Z,TLM12,STIC,20210928-20220221,HS,21059656,4305.6,11.528,4.314756393200001,1,poor,NA
AIMS,2021-11-14T22:15:00Z,TLM12,STIC,20210928-20220221,HS,21059656,4305.6,11.528,4.314756393200001,1,poor,NA
AIMS,2021-11-14T22:30:00Z,TLM12,STIC,20210928-20220221,HS,21059656,4305.6,11.528,4.314756393200001,1,poor,NA
AIMS,2021-11-14T22:45:00Z,TLM12,STIC,20210928-20220221,HS,21059656,4305.6,11.528,4.314756393200001,1,poor,NA
AIMS,2021-11-14T23:00:00Z,TLM12,STIC,20210928-20220221,HS,21059656,4305.6,11.528,4.314756393200001,1,poor,NA
AIMS,2021-11-14T23:15:00Z,TLM12,STIC,20210928-20220221,HS,21059656,4305.6,11.528,4.314756393200001,1,poor,NA
AIMS,2021-11-14T23:30:00Z,TLM12,STIC,20210928-20220221,HS,21059656,4305.6,11.528,4.314756393200001,1,poor,NA
AIMS,2021-11-14T23:45:00Z,TLM12,STIC,20210928-20220221,HS,21059656,4305.6,11.528,4.314756393200001,1,poor,NA
AIMS,2021-11-15T00:00:00Z,TLM12,STIC,20210928-20220221,HS,21059656,4305.6,11.528,4.314756393200001,1,poor,NA
AIMS,2021-11-15T00:15:00Z,TLM12,STIC,20210928-20220221,HS,21059656,4305.6,11.431,4.314756393200001,1,poor,NA
AIMS,2021-11-15T00:30:00Z,TLM12,STIC,20210928-20220221,HS,21059656,4305.6,11.431,4.314756393200001,1,poor,NA
AIMS,2021-11-15T00:45:00Z,TLM12,STIC,20210928-20220221,HS,21059656,4305.6,11.334,4.314756393200001,1,poor,NA
AIMS,2021-11-15T01:00:00Z,TLM12,STIC,20210928-20220221,HS,21059656,4305.6,11.334,4.314756393200001,1,poor,NA
AIMS,2021-11-15T01:15:00Z,TLM12,STIC,20210928-20220221,HS,21059656,4305.6,11.236,4.314756393200001,1,poor,NA
AIMS,2021-11-15T01:30:00Z,TLM12,STIC,20210928-20220221,HS,21059656,4305.6,11.236,4.314756393200001,1,poor,NA
AIMS,2021-11-15T01:45:00Z,TLM12,STIC,20210928-20220221,HS,21059656,4305.6,11.139,4.314756393200001,1,poor,NA
AIMS,2021-11-15T02:00:00Z,TLM12,STIC,20210928-20220221,HS,21059656,4305.6,11.139,4.314756393200001,1,poor,NA
AIMS,2021-11-15T02:15:00Z,TLM12,STIC,20210928-20220221,HS,21059656,4305.6,11.139,4.314756393200001,1,poor,NA
AIMS,2021-11-15T02:30:00Z,TLM12,STIC,20210928-20220221,HS,21059656,4305.6,11.041,4.314756393200001,1,poor,NA
AIMS,2021-11-15T02:45:00Z,TLM12,STIC,20210928-20220221,HS,21059656,4305.6,11.041,4.314756393200001,1,poor,NA
AIMS,2021-11-15T03:00:00Z,TLM12,STIC,20210928-20220221,HS,21059656,4305.6,11.041,4.314756393200001,1,poor,NA
AIMS,2021-11-15T03:15:00Z,TLM12,STIC,20210928-20220221,HS,21059656,4305.6,10.944,4.314756393200001,1,poor,NA
AIMS,2021-11-15T03:30:00Z,TLM12,STIC,20210928-20220221,HS,21059656,4305.6,10.944,4.314756393200001,1,poor,NA
AIMS,2021-11-15T03:45:00Z,TLM12,STIC,20210928-20220221,HS,21059656,4305.6,10.846,4.314756393200001,1,poor,NA
AIMS,2021-11-15T04:00:00Z,TLM12,STIC,20210928-20220221,HS,21059656,4305.6,10.846,4.314756393200001,1,poor,NA
AIMS,2021-11-15T04:15:00Z,TLM12,STIC,20210928-20220221,HS,21059656,4305.6,10.846,4.314756393200001,1,poor,NA
AIMS,2021-11-15T04:30:00Z,TLM12,STIC,20210928-20220221,HS,21059656,4305.6,10.748,4.314756393200001,1,poor,NA
AIMS,2021-11-15T04:45:00Z,TLM12,STIC,20210928-20220221,HS,21059656,4305.6,10.748,4.314756393200001,1,poor,NA
AIMS,2021-11-15T05:00:00Z,TLM12,STIC,20210928-20220221,HS,21059656,4305.6,10.651,4.314756393200001,1,poor,NA
AIMS,2021-11-15T05:15:00Z,TLM12,STIC,20210928-20220221,HS,21059656,4305.6,10.651,4.314756393200001,1,poor,NA
AIMS,2021-11-15T05:30:00Z,TLM12,STIC,20210928-20220221,HS,21059656,4305.6,10.651,4.314756393200001,1,poor,NA
AIMS,2021-11-15T05:45:00Z,TLM12,STIC,20210928-20220221,HS,21059656,4305.6,10.651,4.314756393200001,1,poor,NA
AIMS,2021-11-15T06:00:00Z,TLM12,STIC,20210928-20220221,HS,21059656,4305.6,10.651,4.314756393200001,1,poor,NA
AIMS,2021-11-15T06:15:00Z,TLM12,STIC,20210928-20220221,HS,21059656,4305.6,10.651,4.314756393200001,1,poor,NA
AIMS,2021-11-15T06:30:00Z,TLM12,STIC,20210928-20220221,HS,21059656,4305.6,10.651,4.314756393200001,1,poor,NA
AIMS,2021-11-15T06:45:00Z,TLM12,STIC,20210928-20220221,HS,21059656,4305.6,10.651,4.314756393200001,1,poor,NA
AIMS,2021-11-15T07:00:00Z,TLM12,STIC,20210928-20220221,HS,21059656,4305.6,10.553,4.314756393200001,1,poor,NA
AIMS,2021-11-15T07:15:00Z,TLM12,STIC,20210928-20220221,HS,21059656,4305.6,10.553,4.314756393200001,1,poor,NA
AIMS,2021-11-15T07:30:00Z,TLM12,STIC,20210928-20220221,HS,21059656,4305.6,10.553,4.314756393200001,1,poor,NA
AIMS,2021-11-15T07:45:00Z,TLM12,STIC,20210928-20220221,HS,21059656,4305.6,10.455,4.314756393200001,1,poor,NA
AIMS,2021-11-15T08:00:00Z,TLM12,STIC,20210928-20220221,HS,21059656,4305.6,10.455,4.314756393200001,1,poor,NA
AIMS,2021-11-15T08:15:00Z,TLM12,STIC,20210928-20220221,HS,21059656,4305.6,10.455,4.314756393200001,1,poor,NA
AIMS,2021-11-15T08:30:00Z,TLM12,STIC,20210928-20220221,HS,21059656,4305.6,10.357,4.314756393200001,1,poor,NA
AIMS,2021-11-15T08:45:00Z,TLM12,STIC,20210928-20220221,HS,21059656,4305.6,10.357,4.314756393200001,1,poor,NA
AIMS,2021-11-15T09:00:00Z,TLM12,STIC,20210928-20220221,HS,21059656,4305.6,10.357,4.314756393200001,1,poor,NA
AIMS,2021-11-15T09:15:00Z,TLM12,STIC,20210928-20220221,HS,21059656,4305.6,10.259,4.314756393200001,1,poor,NA
AIMS,2021-11-15T09:30:00Z,TLM12,STIC,20210928-20220221,HS,21059656,4305.6,10.259,4.314756393200001,1,poor,NA
AIMS,2021-11-15T09:45:00Z,TLM12,STIC,20210928-20220221,HS,21059656,4305.6,10.161,4.314756393200001,1,poor,NA
AIMS,2021-11-15T10:00:00Z,TLM12,STIC,20210928-20220221,HS,21059656,4305.6,10.161,4.314756393200001,1,poor,NA
AIMS,2021-11-15T10:15:00Z,TLM12,STIC,20210928-20220221,HS,21059656,4305.6,10.161,4.314756393200001,1,poor,NA
AIMS,2021-11-15T10:30:00Z,TLM12,STIC,20210928-20220221,HS,21059656,4305.6,10.063,4.314756393200001,1,poor,NA
AIMS,2021-11-15T10:45:00Z,TLM12,STIC,20210928-20220221,HS,21059656,4305.6,10.063,4.314756393200001,1,poor,NA
AIMS,2021-11-15T11:00:00Z,TLM12,STIC,20210928-20220221,HS,21059656,4305.6,10.063,4.314756393200001,1,poor,NA
AIMS,2021-11-15T11:15:00Z,TLM12,STIC,20210928-20220221,HS,21059656,4305.6,9.965,4.314756393200001,1,poor,NA
AIMS,2021-11-15T11:30:00Z,TLM12,STIC,20210928-20220221,HS,21059656,4133.4,9.965,3.837466725799998,1,poor,NA
AIMS,2021-11-15T11:45:00Z,TLM12,STIC,20210928-20220221,HS,21059656,4133.4,9.965,3.837466725799998,1,poor,NA
AIMS,2021-11-15T12:00:00Z,TLM12,STIC,20210928-20220221,HS,21059656,4133.4,9.866,3.837466725799998,1,poor,NA
AIMS,2021-11-15T12:15:00Z,TLM12,STIC,20210928-20220221,HS,21059656,4133.4,9.866,3.837466725799998,1,poor,NA
AIMS,2021-11-15T12:30:00Z,TLM12,STIC,20210928-20220221,HS,21059656,4133.4,9.866,3.837466725799998,1,poor,NA
AIMS,2021-11-15T12:45:00Z,TLM12,STIC,20210928-20220221,HS,21059656,4133.4,9.768,3.837466725799998,1,poor,NA
AIMS,2021-11-15T13:00:00Z,TLM12,STIC,20210928-20220221,HS,21059656,4133.4,9.768,3.837466725799998,1,poor,NA
AIMS,2021-11-15T13:15:00Z,TLM12,STIC,20210928-20220221,HS,21059656,4133.4,9.669,3.837466725799998,1,poor,NA
AIMS,2021-11-15T13:30:00Z,TLM12,STIC,20210928-20220221,HS,21059656,4133.4,9.669,3.837466725799998,1,poor,NA
AIMS,2021-11-15T13:45:00Z,TLM12,STIC,20210928-20220221,HS,21059656,4133.4,9.669,3.837466725799998,1,poor,NA
AIMS,2021-11-15T14:00:00Z,TLM12,STIC,20210928-20220221,HS,21059656,4133.4,9.571,3.837466725799998,1,poor,NA
AIMS,2021-11-15T14:15:00Z,TLM12,STIC,20210928-20220221,HS,21059656,4133.4,9.571,3.837466725799998,1,poor,NA
AIMS,2021-11-15T14:30:00Z,TLM12,STIC,20210928-20220221,HS,21059656,4133.4,9.571,3.837466725799998,1,poor,NA
AIMS,2021-11-15T14:45:00Z,TLM12,STIC,20210928-20220221,HS,21059656,4133.4,9.571,3.837466725799998,1,poor,NA
AIMS,2021-11-15T15:00:00Z,TLM12,STIC,20210928-20220221,HS,21059656,4133.4,9.571,3.837466725799998,1,poor,NA
AIMS,2021-11-15T15:15:00Z,TLM12,STIC,20210928-20220221,HS,21059656,4133.4,9.571,3.837466725799998,1,poor,NA
AIMS,2021-11-15T15:30:00Z,TLM12,STIC,20210928-20220221,HS,21059656,4133.4,9.669,3.837466725799998,1,poor,NA
AIMS,2021-11-15T15:45:00Z,TLM12,STIC,20210928-20220221,HS,21059656,4133.4,9.768,3.837466725799998,1,poor,NA
AIMS,2021-11-15T16:00:00Z,TLM12,STIC,20210928-20220221,HS,21059656,4133.4,9.965,3.837466725799998,1,poor,NA
AIMS,2021-11-15T16:15:00Z,TLM12,STIC,20210928-20220221,HS,21059656,4133.4,9.965,3.837466725799998,1,poor,NA
AIMS,2021-11-15T16:30:00Z,TLM12,STIC,20210928-20220221,HS,21059656,4133.4,10.063,3.837466725799998,1,poor,NA
AIMS,2021-11-15T16:45:00Z,TLM12,STIC,20210928-20220221,HS,21059656,4133.4,10.161,3.837466725799998,1,poor,NA
AIMS,2021-11-15T17:00:00Z,TLM12,STIC,20210928-20220221,HS,21059656,4133.4,10.259,3.837466725799998,1,poor,NA
AIMS,2021-11-15T17:15:00Z,TLM12,STIC,20210928-20220221,HS,21059656,4133.4,10.357,3.837466725799998,1,poor,NA
AIMS,2021-11-15T17:30:00Z,TLM12,STIC,20210928-20220221,HS,21059656,4133.4,10.455,3.837466725799998,1,poor,NA
AIMS,2021-11-15T17:45:00Z,TLM12,STIC,20210928-20220221,HS,21059656,4305.6,10.553,4.314756393200001,1,poor,NA
AIMS,2021-11-15T18:00:00Z,TLM12,STIC,20210928-20220221,HS,21059656,4305.6,10.651,4.314756393200001,1,poor,NA
AIMS,2021-11-15T18:15:00Z,TLM12,STIC,20210928-20220221,HS,21059656,4305.6,10.748,4.314756393200001,1,poor,NA
AIMS,2021-11-15T18:30:00Z,TLM12,STIC,20210928-20220221,HS,21059656,4305.6,10.846,4.314756393200001,1,poor,NA
AIMS,2021-11-15T18:45:00Z,TLM12,STIC,20210928-20220221,HS,21059656,4305.6,10.944,4.314756393200001,1,poor,NA
AIMS,2021-11-15T19:00:00Z,TLM12,STIC,20210928-20220221,HS,21059656,4305.6,11.139,4.314756393200001,1,poor,NA
AIMS,2021-11-15T19:15:00Z,TLM12,STIC,20210928-20220221,HS,21059656,4305.6,11.236,4.314756393200001,1,poor,NA
AIMS,2021-11-15T19:30:00Z,TLM12,STIC,20210928-20220221,HS,21059656,4305.6,11.431,4.314756393200001,1,poor,NA
AIMS,2021-11-15T19:45:00Z,TLM12,STIC,20210928-20220221,HS,21059656,4305.6,11.528,4.314756393200001,1,poor,NA
AIMS,2021-11-15T20:00:00Z,TLM12,STIC,20210928-20220221,HS,21059656,4305.6,11.625,4.314756393200001,1,poor,NA
AIMS,2021-11-15T20:15:00Z,TLM12,STIC,20210928-20220221,HS,21059656,4305.6,11.819,4.314756393200001,1,poor,NA
AIMS,2021-11-15T20:30:00Z,TLM12,STIC,20210928-20220221,HS,21059656,4305.6,11.819,4.314756393200001,1,poor,NA
AIMS,2021-11-15T20:45:00Z,TLM12,STIC,20210928-20220221,HS,21059656,4305.6,12.013,4.314756393200001,1,poor,NA
AIMS,2021-11-15T21:00:00Z,TLM12,STIC,20210928-20220221,HS,21059656,4305.6,12.013,4.314756393200001,1,poor,NA
AIMS,2021-11-15T21:15:00Z,TLM12,STIC,20210928-20220221,HS,21059656,4305.6,12.013,4.314756393200001,1,poor,NA
AIMS,2021-11-15T21:30:00Z,TLM12,STIC,20210928-20220221,HS,21059656,4305.6,12.013,4.314756393200001,1,poor,NA
AIMS,2021-11-15T21:45:00Z,TLM12,STIC,20210928-20220221,HS,21059656,4305.6,12.11,4.314756393200001,1,poor,NA
AIMS,2021-11-15T22:00:00Z,TLM12,STIC,20210928-20220221,HS,21059656,4305.6,12.11,4.314756393200001,1,poor,NA
AIMS,2021-11-15T22:15:00Z,TLM12,STIC,20210928-20220221,HS,21059656,4305.6,12.11,4.314756393200001,1,poor,NA
AIMS,2021-11-15T22:30:00Z,TLM12,STIC,20210928-20220221,HS,21059656,4305.6,12.11,4.314756393200001,1,poor,NA
AIMS,2021-11-15T22:45:00Z,TLM12,STIC,20210928-20220221,HS,21059656,4305.6,12.11,4.314756393200001,1,poor,NA
AIMS,2021-11-15T23:00:00Z,TLM12,STIC,20210928-20220221,HS,21059656,4305.6,12.11,4.314756393200001,1,poor,NA
AIMS,2021-11-15T23:15:00Z,TLM12,STIC,20210928-20220221,HS,21059656,4305.6,12.11,4.314756393200001,1,poor,NA
AIMS,2021-11-15T23:30:00Z,TLM12,STIC,20210928-20220221,HS,21059656,4305.6,12.11,4.314756393200001,1,poor,NA
AIMS,2021-11-15T23:45:00Z,TLM12,STIC,20210928-20220221,HS,21059656,4305.6,12.013,4.314756393200001,1,poor,NA
AIMS,2021-11-16T00:00:00Z,TLM12,STIC,20210928-20220221,HS,21059656,4305.6,12.013,4.314756393200001,1,poor,NA
AIMS,2021-11-16T00:15:00Z,TLM12,STIC,20210928-20220221,HS,21059656,4305.6,11.916,4.314756393200001,1,poor,NA
AIMS,2021-11-16T00:30:00Z,TLM12,STIC,20210928-20220221,HS,21059656,4305.6,11.819,4.314756393200001,1,poor,NA
AIMS,2021-11-16T00:45:00Z,TLM12,STIC,20210928-20220221,HS,21059656,4305.6,11.819,4.314756393200001,1,poor,NA
AIMS,2021-11-16T01:00:00Z,TLM12,STIC,20210928-20220221,HS,21059656,4305.6,11.722,4.314756393200001,1,poor,NA
AIMS,2021-11-16T01:15:00Z,TLM12,STIC,20210928-20220221,HS,21059656,4305.6,11.625,4.314756393200001,1,poor,NA
AIMS,2021-11-16T01:30:00Z,TLM12,STIC,20210928-20220221,HS,21059656,4305.6,11.528,4.314756393200001,1,poor,NA
AIMS,2021-11-16T01:45:00Z,TLM12,STIC,20210928-20220221,HS,21059656,4305.6,11.528,4.314756393200001,1,poor,NA
AIMS,2021-11-16T02:00:00Z,TLM12,STIC,20210928-20220221,HS,21059656,4305.6,11.431,4.314756393200001,1,poor,NA
AIMS,2021-11-16T02:15:00Z,TLM12,STIC,20210928-20220221,HS,21059656,4305.6,11.334,4.314756393200001,1,poor,NA
AIMS,2021-11-16T02:30:00Z,TLM12,STIC,20210928-20220221,HS,21059656,4305.6,11.236,4.314756393200001,1,poor,NA
AIMS,2021-11-16T02:45:00Z,TLM12,STIC,20210928-20220221,HS,21059656,4305.6,11.236,4.314756393200001,1,poor,NA
AIMS,2021-11-16T03:00:00Z,TLM12,STIC,20210928-20220221,HS,21059656,4305.6,11.139,4.314756393200001,1,poor,NA
AIMS,2021-11-16T03:15:00Z,TLM12,STIC,20210928-20220221,HS,21059656,4305.6,11.041,4.314756393200001,1,poor,NA
AIMS,2021-11-16T03:30:00Z,TLM12,STIC,20210928-20220221,HS,21059656,4305.6,11.041,4.314756393200001,1,poor,NA
AIMS,2021-11-16T03:45:00Z,TLM12,STIC,20210928-20220221,HS,21059656,4305.6,10.944,4.314756393200001,1,poor,NA
AIMS,2021-11-16T04:00:00Z,TLM12,STIC,20210928-20220221,HS,21059656,4305.6,10.846,4.314756393200001,1,poor,NA
AIMS,2021-11-16T04:15:00Z,TLM12,STIC,20210928-20220221,HS,21059656,4305.6,10.846,4.314756393200001,1,poor,NA
AIMS,2021-11-16T04:30:00Z,TLM12,STIC,20210928-20220221,HS,21059656,4305.6,10.748,4.314756393200001,1,poor,NA
AIMS,2021-11-16T04:45:00Z,TLM12,STIC,20210928-20220221,HS,21059656,4133.4,10.748,3.837466725799998,1,poor,NA
AIMS,2021-11-16T05:00:00Z,TLM12,STIC,20210928-20220221,HS,21059656,4133.4,10.651,3.837466725799998,1,poor,NA
AIMS,2021-11-16T05:15:00Z,TLM12,STIC,20210928-20220221,HS,21059656,4133.4,10.651,3.837466725799998,1,poor,NA
AIMS,2021-11-16T05:30:00Z,TLM12,STIC,20210928-20220221,HS,21059656,4133.4,10.553,3.837466725799998,1,poor,NA
AIMS,2021-11-16T05:45:00Z,TLM12,STIC,20210928-20220221,HS,21059656,4133.4,10.553,3.837466725799998,1,poor,NA
AIMS,2021-11-16T06:00:00Z,TLM12,STIC,20210928-20220221,HS,21059656,4133.4,10.455,3.837466725799998,1,poor,NA
AIMS,2021-11-16T06:15:00Z,TLM12,STIC,20210928-20220221,HS,21059656,4133.4,10.455,3.837466725799998,1,poor,NA
AIMS,2021-11-16T06:30:00Z,TLM12,STIC,20210928-20220221,HS,21059656,4133.4,10.357,3.837466725799998,1,poor,NA
AIMS,2021-11-16T06:45:00Z,TLM12,STIC,20210928-20220221,HS,21059656,4133.4,10.357,3.837466725799998,1,poor,NA
AIMS,2021-11-16T07:00:00Z,TLM12,STIC,20210928-20220221,HS,21059656,4133.4,10.259,3.837466725799998,1,poor,NA
AIMS,2021-11-16T07:15:00Z,TLM12,STIC,20210928-20220221,HS,21059656,4133.4,10.259,3.837466725799998,1,poor,NA
AIMS,2021-11-16T07:30:00Z,TLM12,STIC,20210928-20220221,HS,21059656,4133.4,10.259,3.837466725799998,1,poor,NA
AIMS,2021-11-16T07:45:00Z,TLM12,STIC,20210928-20220221,HS,21059656,4133.4,10.161,3.837466725799998,1,poor,NA
AIMS,2021-11-16T08:00:00Z,TLM12,STIC,20210928-20220221,HS,21059656,4133.4,10.161,3.837466725799998,1,poor,NA
AIMS,2021-11-16T08:15:00Z,TLM12,STIC,20210928-20220221,HS,21059656,4133.4,10.161,3.837466725799998,1,poor,NA
AIMS,2021-11-16T08:30:00Z,TLM12,STIC,20210928-20220221,HS,21059656,4133.4,10.161,3.837466725799998,1,poor,NA
AIMS,2021-11-16T08:45:00Z,TLM12,STIC,20210928-20220221,HS,21059656,4133.4,10.063,3.837466725799998,1,poor,NA
AIMS,2021-11-16T09:00:00Z,TLM12,STIC,20210928-20220221,HS,21059656,4133.4,10.063,3.837466725799998,1,poor,NA
AIMS,2021-11-16T09:15:00Z,TLM12,STIC,20210928-20220221,HS,21059656,4133.4,10.063,3.837466725799998,1,poor,NA
AIMS,2021-11-16T09:30:00Z,TLM12,STIC,20210928-20220221,HS,21059656,4133.4,9.965,3.837466725799998,1,poor,NA
AIMS,2021-11-16T09:45:00Z,TLM12,STIC,20210928-20220221,HS,21059656,4133.4,9.965,3.837466725799998,1,poor,NA
AIMS,2021-11-16T10:00:00Z,TLM12,STIC,20210928-20220221,HS,21059656,4133.4,9.965,3.837466725799998,1,poor,NA
AIMS,2021-11-16T10:15:00Z,TLM12,STIC,20210928-20220221,HS,21059656,4133.4,9.965,3.837466725799998,1,poor,NA
AIMS,2021-11-16T10:30:00Z,TLM12,STIC,20210928-20220221,HS,21059656,4133.4,9.965,3.837466725799998,1,poor,NA
AIMS,2021-11-16T10:45:00Z,TLM12,STIC,20210928-20220221,HS,21059656,4133.4,9.965,3.837466725799998,1,poor,NA
AIMS,2021-11-16T11:00:00Z,TLM12,STIC,20210928-20220221,HS,21059656,4133.4,9.965,3.837466725799998,1,poor,NA
AIMS,2021-11-16T11:15:00Z,TLM12,STIC,20210928-20220221,HS,21059656,4133.4,9.965,3.837466725799998,1,poor,NA
AIMS,2021-11-16T11:30:00Z,TLM12,STIC,20210928-20220221,HS,21059656,4133.4,9.965,3.837466725799998,1,poor,NA
AIMS,2021-11-16T11:45:00Z,TLM12,STIC,20210928-20220221,HS,21059656,4133.4,9.965,3.837466725799998,1,poor,NA
AIMS,2021-11-16T12:00:00Z,TLM12,STIC,20210928-20220221,HS,21059656,4133.4,10.063,3.837466725799998,1,poor,NA
AIMS,2021-11-16T12:15:00Z,TLM12,STIC,20210928-20220221,HS,21059656,4133.4,10.063,3.837466725799998,1,poor,NA
AIMS,2021-11-16T12:30:00Z,TLM12,STIC,20210928-20220221,HS,21059656,4133.4,10.063,3.837466725799998,1,poor,NA
AIMS,2021-11-16T12:45:00Z,TLM12,STIC,20210928-20220221,HS,21059656,4133.4,10.063,3.837466725799998,1,poor,NA
AIMS,2021-11-16T13:00:00Z,TLM12,STIC,20210928-20220221,HS,21059656,4133.4,10.161,3.837466725799998,1,poor,NA
AIMS,2021-11-16T13:15:00Z,TLM12,STIC,20210928-20220221,HS,21059656,4133.4,10.161,3.837466725799998,1,poor,NA
AIMS,2021-11-16T13:30:00Z,TLM12,STIC,20210928-20220221,HS,21059656,4133.4,10.161,3.837466725799998,1,poor,NA
AIMS,2021-11-16T13:45:00Z,TLM12,STIC,20210928-20220221,HS,21059656,4133.4,10.161,3.837466725799998,1,poor,NA
AIMS,2021-11-16T14:00:00Z,TLM12,STIC,20210928-20220221,HS,21059656,4133.4,10.161,3.837466725799998,1,poor,NA
AIMS,2021-11-16T14:15:00Z,TLM12,STIC,20210928-20220221,HS,21059656,4133.4,10.161,3.837466725799998,1,poor,NA
AIMS,2021-11-16T14:30:00Z,TLM12,STIC,20210928-20220221,HS,21059656,4133.4,10.259,3.837466725799998,1,poor,NA
AIMS,2021-11-16T14:45:00Z,TLM12,STIC,20210928-20220221,HS,21059656,4133.4,10.357,3.837466725799998,1,poor,NA
AIMS,2021-11-16T15:00:00Z,TLM12,STIC,20210928-20220221,HS,21059656,4133.4,10.357,3.837466725799998,1,poor,NA
AIMS,2021-11-16T15:15:00Z,TLM12,STIC,20210928-20220221,HS,21059656,4133.4,10.455,3.837466725799998,1,poor,NA
AIMS,2021-11-16T15:30:00Z,TLM12,STIC,20210928-20220221,HS,21059656,4133.4,10.553,3.837466725799998,1,poor,NA
AIMS,2021-11-16T15:45:00Z,TLM12,STIC,20210928-20220221,HS,21059656,4133.4,10.651,3.837466725799998,1,poor,NA
AIMS,2021-11-16T16:00:00Z,TLM12,STIC,20210928-20220221,HS,21059656,4133.4,10.748,3.837466725799998,1,poor,NA
AIMS,2021-11-16T16:15:00Z,TLM12,STIC,20210928-20220221,HS,21059656,4133.4,10.846,3.837466725799998,1,poor,NA
AIMS,2021-11-16T16:30:00Z,TLM12,STIC,20210928-20220221,HS,21059656,4133.4,10.944,3.837466725799998,1,poor,NA
AIMS,2021-11-16T16:45:00Z,TLM12,STIC,20210928-20220221,HS,21059656,4133.4,11.139,3.837466725799998,1,poor,NA
AIMS,2021-11-16T17:00:00Z,TLM12,STIC,20210928-20220221,HS,21059656,4133.4,11.236,3.837466725799998,1,poor,NA
AIMS,2021-11-16T17:15:00Z,TLM12,STIC,20210928-20220221,HS,21059656,4133.4,11.431,3.837466725799998,1,poor,NA
AIMS,2021-11-16T17:30:00Z,TLM12,STIC,20210928-20220221,HS,21059656,4305.6,11.625,4.314756393200001,1,poor,NA
AIMS,2021-11-16T17:45:00Z,TLM12,STIC,20210928-20220221,HS,21059656,4305.6,11.722,4.314756393200001,1,poor,NA
AIMS,2021-11-16T18:00:00Z,TLM12,STIC,20210928-20220221,HS,21059656,4305.6,11.819,4.314756393200001,1,poor,NA
AIMS,2021-11-16T18:15:00Z,TLM12,STIC,20210928-20220221,HS,21059656,4305.6,12.013,4.314756393200001,1,poor,NA
AIMS,2021-11-16T18:30:00Z,TLM12,STIC,20210928-20220221,HS,21059656,4305.6,12.11,4.314756393200001,1,poor,NA
AIMS,2021-11-16T18:45:00Z,TLM12,STIC,20210928-20220221,HS,21059656,4305.6,12.304,4.314756393200001,1,poor,NA
AIMS,2021-11-16T19:00:00Z,TLM12,STIC,20210928-20220221,HS,21059656,4305.6,12.497,4.314756393200001,1,poor,NA
AIMS,2021-11-16T19:15:00Z,TLM12,STIC,20210928-20220221,HS,21059656,4305.6,12.69,4.314756393200001,1,poor,NA
AIMS,2021-11-16T19:30:00Z,TLM12,STIC,20210928-20220221,HS,21059656,4305.6,12.883,4.314756393200001,1,poor,NA
AIMS,2021-11-16T19:45:00Z,TLM12,STIC,20210928-20220221,HS,21059656,4305.6,13.076,4.314756393200001,1,poor,NA
AIMS,2021-11-16T20:00:00Z,TLM12,STIC,20210928-20220221,HS,21059656,4305.6,13.269,4.314756393200001,1,poor,NA
AIMS,2021-11-16T20:15:00Z,TLM12,STIC,20210928-20220221,HS,21059656,4305.6,13.365,4.314756393200001,1,poor,NA
AIMS,2021-11-16T20:30:00Z,TLM12,STIC,20210928-20220221,HS,21059656,4305.6,13.558,4.314756393200001,1,poor,NA
AIMS,2021-11-16T20:45:00Z,TLM12,STIC,20210928-20220221,HS,21059656,4305.6,13.654,4.314756393200001,1,poor,NA
AIMS,2021-11-16T21:00:00Z,TLM12,STIC,20210928-20220221,HS,21059656,4305.6,13.75,4.314756393200001,1,poor,NA
AIMS,2021-11-16T21:15:00Z,TLM12,STIC,20210928-20220221,HS,21059656,4305.6,13.75,4.314756393200001,1,poor,NA
AIMS,2021-11-16T21:30:00Z,TLM12,STIC,20210928-20220221,HS,21059656,4305.6,13.846,4.314756393200001,1,poor,NA
AIMS,2021-11-16T21:45:00Z,TLM12,STIC,20210928-20220221,HS,21059656,4305.6,13.846,4.314756393200001,1,poor,NA
AIMS,2021-11-16T22:00:00Z,TLM12,STIC,20210928-20220221,HS,21059656,4305.6,13.846,4.314756393200001,1,poor,NA
AIMS,2021-11-16T22:15:00Z,TLM12,STIC,20210928-20220221,HS,21059656,4305.6,13.846,4.314756393200001,1,poor,NA
AIMS,2021-11-16T22:30:00Z,TLM12,STIC,20210928-20220221,HS,21059656,4305.6,13.846,4.314756393200001,1,poor,NA
AIMS,2021-11-16T22:45:00Z,TLM12,STIC,20210928-20220221,HS,21059656,4305.6,13.846,4.314756393200001,1,poor,NA
AIMS,2021-11-16T23:00:00Z,TLM12,STIC,20210928-20220221,HS,21059656,4305.6,13.846,4.314756393200001,1,poor,NA
AIMS,2021-11-16T23:15:00Z,TLM12,STIC,20210928-20220221,HS,21059656,4305.6,13.846,4.314756393200001,1,poor,NA
AIMS,2021-11-16T23:30:00Z,TLM12,STIC,20210928-20220221,HS,21059656,4305.6,13.846,4.314756393200001,1,poor,NA
AIMS,2021-11-16T23:45:00Z,TLM12,STIC,20210928-20220221,HS,21059656,4305.6,13.846,4.314756393200001,1,poor,NA
AIMS,2021-11-17T00:00:00Z,TLM12,STIC,20210928-20220221,HS,21059656,4305.6,13.75,4.314756393200001,1,poor,NA
AIMS,2021-11-17T00:15:00Z,TLM12,STIC,20210928-20220221,HS,21059656,4305.6,13.75,4.314756393200001,1,poor,NA
AIMS,2021-11-17T00:30:00Z,TLM12,STIC,20210928-20220221,HS,21059656,4305.6,13.75,4.314756393200001,1,poor,NA
AIMS,2021-11-17T00:45:00Z,TLM12,STIC,20210928-20220221,HS,21059656,4305.6,13.654,4.314756393200001,1,poor,NA
AIMS,2021-11-17T01:00:00Z,TLM12,STIC,20210928-20220221,HS,21059656,4305.6,13.654,4.314756393200001,1,poor,NA
AIMS,2021-11-17T01:15:00Z,TLM12,STIC,20210928-20220221,HS,21059656,4305.6,13.558,4.314756393200001,1,poor,NA
AIMS,2021-11-17T01:30:00Z,TLM12,STIC,20210928-20220221,HS,21059656,4305.6,13.558,4.314756393200001,1,poor,NA
AIMS,2021-11-17T01:45:00Z,TLM12,STIC,20210928-20220221,HS,21059656,4305.6,13.461,4.314756393200001,1,poor,NA
AIMS,2021-11-17T02:00:00Z,TLM12,STIC,20210928-20220221,HS,21059656,4133.4,13.461,3.837466725799998,1,poor,NA
AIMS,2021-11-17T02:15:00Z,TLM12,STIC,20210928-20220221,HS,21059656,4133.4,13.365,3.837466725799998,1,poor,NA
AIMS,2021-11-17T02:30:00Z,TLM12,STIC,20210928-20220221,HS,21059656,4133.4,13.365,3.837466725799998,1,poor,NA
AIMS,2021-11-17T02:45:00Z,TLM12,STIC,20210928-20220221,HS,21059656,4133.4,13.269,3.837466725799998,1,poor,NA
AIMS,2021-11-17T03:00:00Z,TLM12,STIC,20210928-20220221,HS,21059656,4133.4,13.269,3.837466725799998,1,poor,NA
AIMS,2021-11-17T03:15:00Z,TLM12,STIC,20210928-20220221,HS,21059656,4133.4,13.173,3.837466725799998,1,poor,NA
AIMS,2021-11-17T03:30:00Z,TLM12,STIC,20210928-20220221,HS,21059656,4133.4,13.173,3.837466725799998,1,poor,NA
AIMS,2021-11-17T03:45:00Z,TLM12,STIC,20210928-20220221,HS,21059656,4133.4,13.076,3.837466725799998,1,poor,NA
AIMS,2021-11-17T04:00:00Z,TLM12,STIC,20210928-20220221,HS,21059656,4133.4,13.076,3.837466725799998,1,poor,NA
AIMS,2021-11-17T04:15:00Z,TLM12,STIC,20210928-20220221,HS,21059656,4133.4,12.98,3.837466725799998,1,poor,NA
AIMS,2021-11-17T04:30:00Z,TLM12,STIC,20210928-20220221,HS,21059656,4133.4,12.883,3.837466725799998,1,poor,NA
AIMS,2021-11-17T04:45:00Z,TLM12,STIC,20210928-20220221,HS,21059656,4133.4,12.883,3.837466725799998,1,poor,NA
AIMS,2021-11-17T05:00:00Z,TLM12,STIC,20210928-20220221,HS,21059656,4133.4,12.787,3.837466725799998,1,poor,NA
AIMS,2021-11-17T05:15:00Z,TLM12,STIC,20210928-20220221,HS,21059656,4133.4,12.787,3.837466725799998,1,poor,NA
AIMS,2021-11-17T05:30:00Z,TLM12,STIC,20210928-20220221,HS,21059656,4133.4,12.69,3.837466725799998,1,poor,NA
AIMS,2021-11-17T05:45:00Z,TLM12,STIC,20210928-20220221,HS,21059656,4133.4,12.69,3.837466725799998,1,poor,NA
AIMS,2021-11-17T06:00:00Z,TLM12,STIC,20210928-20220221,HS,21059656,4133.4,12.69,3.837466725799998,1,poor,NA
AIMS,2021-11-17T06:15:00Z,TLM12,STIC,20210928-20220221,HS,21059656,4133.4,12.594,3.837466725799998,1,poor,NA
AIMS,2021-11-17T06:30:00Z,TLM12,STIC,20210928-20220221,HS,21059656,4133.4,12.594,3.837466725799998,1,poor,NA
AIMS,2021-11-17T06:45:00Z,TLM12,STIC,20210928-20220221,HS,21059656,4133.4,12.594,3.837466725799998,1,poor,NA
AIMS,2021-11-17T07:00:00Z,TLM12,STIC,20210928-20220221,HS,21059656,4133.4,12.497,3.837466725799998,1,poor,NA
AIMS,2021-11-17T07:15:00Z,TLM12,STIC,20210928-20220221,HS,21059656,4133.4,12.497,3.837466725799998,1,poor,NA
AIMS,2021-11-17T07:30:00Z,TLM12,STIC,20210928-20220221,HS,21059656,4133.4,12.497,3.837466725799998,1,poor,NA
AIMS,2021-11-17T07:45:00Z,TLM12,STIC,20210928-20220221,HS,21059656,4133.4,12.401,3.837466725799998,1,poor,NA
AIMS,2021-11-17T08:00:00Z,TLM12,STIC,20210928-20220221,HS,21059656,4133.4,12.401,3.837466725799998,1,poor,NA
AIMS,2021-11-17T08:15:00Z,TLM12,STIC,20210928-20220221,HS,21059656,4133.4,12.304,3.837466725799998,1,poor,NA
AIMS,2021-11-17T08:30:00Z,TLM12,STIC,20210928-20220221,HS,21059656,4133.4,12.304,3.837466725799998,1,poor,NA
AIMS,2021-11-17T08:45:00Z,TLM12,STIC,20210928-20220221,HS,21059656,4133.4,12.304,3.837466725799998,1,poor,NA
AIMS,2021-11-17T09:00:00Z,TLM12,STIC,20210928-20220221,HS,21059656,4133.4,12.207,3.837466725799998,1,poor,NA
AIMS,2021-11-17T09:15:00Z,TLM12,STIC,20210928-20220221,HS,21059656,4133.4,12.207,3.837466725799998,1,poor,NA
AIMS,2021-11-17T09:30:00Z,TLM12,STIC,20210928-20220221,HS,21059656,4133.4,12.11,3.837466725799998,1,poor,NA
AIMS,2021-11-17T09:45:00Z,TLM12,STIC,20210928-20220221,HS,21059656,4133.4,12.11,3.837466725799998,1,poor,NA
AIMS,2021-11-17T10:00:00Z,TLM12,STIC,20210928-20220221,HS,21059656,4133.4,12.11,3.837466725799998,1,poor,NA
AIMS,2021-11-17T10:15:00Z,TLM12,STIC,20210928-20220221,HS,21059656,4133.4,12.013,3.837466725799998,1,poor,NA
AIMS,2021-11-17T10:30:00Z,TLM12,STIC,20210928-20220221,HS,21059656,4133.4,12.013,3.837466725799998,1,poor,NA
AIMS,2021-11-17T10:45:00Z,TLM12,STIC,20210928-20220221,HS,21059656,4133.4,12.013,3.837466725799998,1,poor,NA
AIMS,2021-11-17T11:00:00Z,TLM12,STIC,20210928-20220221,HS,21059656,4133.4,11.916,3.837466725799998,1,poor,NA
AIMS,2021-11-17T11:15:00Z,TLM12,STIC,20210928-20220221,HS,21059656,4133.4,11.916,3.837466725799998,1,poor,NA
AIMS,2021-11-17T11:30:00Z,TLM12,STIC,20210928-20220221,HS,21059656,4133.4,11.819,3.837466725799998,1,poor,NA
AIMS,2021-11-17T11:45:00Z,TLM12,STIC,20210928-20220221,HS,21059656,4133.4,11.819,3.837466725799998,1,poor,NA
AIMS,2021-11-17T12:00:00Z,TLM12,STIC,20210928-20220221,HS,21059656,4133.4,11.819,3.837466725799998,1,poor,NA
AIMS,2021-11-17T12:15:00Z,TLM12,STIC,20210928-20220221,HS,21059656,4133.4,11.722,3.837466725799998,1,poor,NA
AIMS,2021-11-17T12:30:00Z,TLM12,STIC,20210928-20220221,HS,21059656,4133.4,11.722,3.837466725799998,1,poor,NA
AIMS,2021-11-17T12:45:00Z,TLM12,STIC,20210928-20220221,HS,21059656,4133.4,11.625,3.837466725799998,1,poor,NA
AIMS,2021-11-17T13:00:00Z,TLM12,STIC,20210928-20220221,HS,21059656,4133.4,11.625,3.837466725799998,1,poor,NA
AIMS,2021-11-17T13:15:00Z,TLM12,STIC,20210928-20220221,HS,21059656,4133.4,11.528,3.837466725799998,1,poor,NA
AIMS,2021-11-17T13:30:00Z,TLM12,STIC,20210928-20220221,HS,21059656,4133.4,11.528,3.837466725799998,1,poor,NA
AIMS,2021-11-17T13:45:00Z,TLM12,STIC,20210928-20220221,HS,21059656,4133.4,11.528,3.837466725799998,1,poor,NA
AIMS,2021-11-17T14:00:00Z,TLM12,STIC,20210928-20220221,HS,21059656,4133.4,11.431,3.837466725799998,1,poor,NA
AIMS,2021-11-17T14:15:00Z,TLM12,STIC,20210928-20220221,HS,21059656,4133.4,11.431,3.837466725799998,1,poor,NA
AIMS,2021-11-17T14:30:00Z,TLM12,STIC,20210928-20220221,HS,21059656,4133.4,11.528,3.837466725799998,1,poor,NA
AIMS,2021-11-17T14:45:00Z,TLM12,STIC,20210928-20220221,HS,21059656,4133.4,11.528,3.837466725799998,1,poor,NA
AIMS,2021-11-17T15:00:00Z,TLM12,STIC,20210928-20220221,HS,21059656,4133.4,11.528,3.837466725799998,1,poor,NA
AIMS,2021-11-17T15:15:00Z,TLM12,STIC,20210928-20220221,HS,21059656,4133.4,11.625,3.837466725799998,1,poor,NA
AIMS,2021-11-17T15:30:00Z,TLM12,STIC,20210928-20220221,HS,21059656,4133.4,11.722,3.837466725799998,1,poor,NA
AIMS,2021-11-17T15:45:00Z,TLM12,STIC,20210928-20220221,HS,21059656,4133.4,11.722,3.837466725799998,1,poor,NA
AIMS,2021-11-17T16:00:00Z,TLM12,STIC,20210928-20220221,HS,21059656,4133.4,11.819,3.837466725799998,1,poor,NA
AIMS,2021-11-17T16:15:00Z,TLM12,STIC,20210928-20220221,HS,21059656,4133.4,12.013,3.837466725799998,1,poor,NA
AIMS,2021-11-17T16:30:00Z,TLM12,STIC,20210928-20220221,HS,21059656,4133.4,12.11,3.837466725799998,1,poor,NA
AIMS,2021-11-17T16:45:00Z,TLM12,STIC,20210928-20220221,HS,21059656,4133.4,12.207,3.837466725799998,1,poor,NA
AIMS,2021-11-17T17:00:00Z,TLM12,STIC,20210928-20220221,HS,21059656,4133.4,12.304,3.837466725799998,1,poor,NA
AIMS,2021-11-17T17:15:00Z,TLM12,STIC,20210928-20220221,HS,21059656,4305.6,12.497,4.314756393200001,1,poor,NA
AIMS,2021-11-17T17:30:00Z,TLM12,STIC,20210928-20220221,HS,21059656,4305.6,12.594,4.314756393200001,1,poor,NA
AIMS,2021-11-17T17:45:00Z,TLM12,STIC,20210928-20220221,HS,21059656,4305.6,12.69,4.314756393200001,1,poor,NA
AIMS,2021-11-17T18:00:00Z,TLM12,STIC,20210928-20220221,HS,21059656,4305.6,12.883,4.314756393200001,1,poor,NA
AIMS,2021-11-17T18:15:00Z,TLM12,STIC,20210928-20220221,HS,21059656,4305.6,12.98,4.314756393200001,1,poor,NA
AIMS,2021-11-17T18:30:00Z,TLM12,STIC,20210928-20220221,HS,21059656,4305.6,13.076,4.314756393200001,1,poor,NA
AIMS,2021-11-17T18:45:00Z,TLM12,STIC,20210928-20220221,HS,21059656,4305.6,13.173,4.314756393200001,1,poor,NA
AIMS,2021-11-17T19:00:00Z,TLM12,STIC,20210928-20220221,HS,21059656,4305.6,13.365,4.314756393200001,1,poor,NA
AIMS,2021-11-17T19:15:00Z,TLM12,STIC,20210928-20220221,HS,21059656,4305.6,13.461,4.314756393200001,1,poor,NA
AIMS,2021-11-17T19:30:00Z,TLM12,STIC,20210928-20220221,HS,21059656,4305.6,13.654,4.314756393200001,1,poor,NA
AIMS,2021-11-17T19:45:00Z,TLM12,STIC,20210928-20220221,HS,21059656,4305.6,13.75,4.314756393200001,1,poor,NA
AIMS,2021-11-17T20:00:00Z,TLM12,STIC,20210928-20220221,HS,21059656,4305.6,13.942,4.314756393200001,1,poor,NA
AIMS,2021-11-17T20:15:00Z,TLM12,STIC,20210928-20220221,HS,21059656,4305.6,14.038,4.314756393200001,1,poor,NA
AIMS,2021-11-17T20:30:00Z,TLM12,STIC,20210928-20220221,HS,21059656,4305.6,14.23,4.314756393200001,1,poor,NA
AIMS,2021-11-17T20:45:00Z,TLM12,STIC,20210928-20220221,HS,21059656,4305.6,14.325,4.314756393200001,1,poor,NA
AIMS,2021-11-17T21:00:00Z,TLM12,STIC,20210928-20220221,HS,21059656,4305.6,14.325,4.314756393200001,1,poor,NA
AIMS,2021-11-17T21:15:00Z,TLM12,STIC,20210928-20220221,HS,21059656,4305.6,14.421,4.314756393200001,1,poor,NA
AIMS,2021-11-17T21:30:00Z,TLM12,STIC,20210928-20220221,HS,21059656,4305.6,14.421,4.314756393200001,1,poor,NA
AIMS,2021-11-17T21:45:00Z,TLM12,STIC,20210928-20220221,HS,21059656,4305.6,14.421,4.314756393200001,1,poor,NA
AIMS,2021-11-17T22:00:00Z,TLM12,STIC,20210928-20220221,HS,21059656,4305.6,14.517,4.314756393200001,1,poor,NA
AIMS,2021-11-17T22:15:00Z,TLM12,STIC,20210928-20220221,HS,21059656,4305.6,14.517,4.314756393200001,1,poor,NA
AIMS,2021-11-17T22:30:00Z,TLM12,STIC,20210928-20220221,HS,21059656,4305.6,14.517,4.314756393200001,1,poor,NA
AIMS,2021-11-17T22:45:00Z,TLM12,STIC,20210928-20220221,HS,21059656,4305.6,14.517,4.314756393200001,1,poor,NA
AIMS,2021-11-17T23:00:00Z,TLM12,STIC,20210928-20220221,HS,21059656,4305.6,14.517,4.314756393200001,1,poor,NA
AIMS,2021-11-17T23:15:00Z,TLM12,STIC,20210928-20220221,HS,21059656,4305.6,14.517,4.314756393200001,1,poor,NA
AIMS,2021-11-17T23:30:00Z,TLM12,STIC,20210928-20220221,HS,21059656,4305.6,14.421,4.314756393200001,1,poor,NA
AIMS,2021-11-17T23:45:00Z,TLM12,STIC,20210928-20220221,HS,21059656,4305.6,14.421,4.314756393200001,1,poor,NA
AIMS,2021-11-18T00:00:00Z,TLM12,STIC,20210928-20220221,HS,21059656,4305.6,14.325,4.314756393200001,1,poor,NA
AIMS,2021-11-18T00:15:00Z,TLM12,STIC,20210928-20220221,HS,21059656,4305.6,14.325,4.314756393200001,1,poor,NA
AIMS,2021-11-18T00:30:00Z,TLM12,STIC,20210928-20220221,HS,21059656,4305.6,14.23,4.314756393200001,1,poor,NA
AIMS,2021-11-18T00:45:00Z,TLM12,STIC,20210928-20220221,HS,21059656,4305.6,14.134,4.314756393200001,1,poor,NA
AIMS,2021-11-18T01:00:00Z,TLM12,STIC,20210928-20220221,HS,21059656,4305.6,14.038,4.314756393200001,1,poor,NA
AIMS,2021-11-18T01:15:00Z,TLM12,STIC,20210928-20220221,HS,21059656,4305.6,14.038,4.314756393200001,1,poor,NA
AIMS,2021-11-18T01:30:00Z,TLM12,STIC,20210928-20220221,HS,21059656,4305.6,13.942,4.314756393200001,1,poor,NA
AIMS,2021-11-18T01:45:00Z,TLM12,STIC,20210928-20220221,HS,21059656,4305.6,13.846,4.314756393200001,1,poor,NA
AIMS,2021-11-18T02:00:00Z,TLM12,STIC,20210928-20220221,HS,21059656,4305.6,13.75,4.314756393200001,1,poor,NA
AIMS,2021-11-18T02:15:00Z,TLM12,STIC,20210928-20220221,HS,21059656,4305.6,13.75,4.314756393200001,1,poor,NA
AIMS,2021-11-18T02:30:00Z,TLM12,STIC,20210928-20220221,HS,21059656,4305.6,13.654,4.314756393200001,1,poor,NA
AIMS,2021-11-18T02:45:00Z,TLM12,STIC,20210928-20220221,HS,21059656,4305.6,13.558,4.314756393200001,1,poor,NA
AIMS,2021-11-18T03:00:00Z,TLM12,STIC,20210928-20220221,HS,21059656,4305.6,13.461,4.314756393200001,1,poor,NA
AIMS,2021-11-18T03:15:00Z,TLM12,STIC,20210928-20220221,HS,21059656,4305.6,13.461,4.314756393200001,1,poor,NA
AIMS,2021-11-18T03:30:00Z,TLM12,STIC,20210928-20220221,HS,21059656,4305.6,13.365,4.314756393200001,1,poor,NA
AIMS,2021-11-18T03:45:00Z,TLM12,STIC,20210928-20220221,HS,21059656,4305.6,13.269,4.314756393200001,1,poor,NA
AIMS,2021-11-18T04:00:00Z,TLM12,STIC,20210928-20220221,HS,21059656,4305.6,13.269,4.314756393200001,1,poor,NA
AIMS,2021-11-18T04:15:00Z,TLM12,STIC,20210928-20220221,HS,21059656,4305.6,13.173,4.314756393200001,1,poor,NA
AIMS,2021-11-18T04:30:00Z,TLM12,STIC,20210928-20220221,HS,21059656,4305.6,13.076,4.314756393200001,1,poor,NA
AIMS,2021-11-18T04:45:00Z,TLM12,STIC,20210928-20220221,HS,21059656,4305.6,13.076,4.314756393200001,1,poor,NA
AIMS,2021-11-18T05:00:00Z,TLM12,STIC,20210928-20220221,HS,21059656,4305.6,12.98,4.314756393200001,1,poor,NA
AIMS,2021-11-18T05:15:00Z,TLM12,STIC,20210928-20220221,HS,21059656,4305.6,12.98,4.314756393200001,1,poor,NA
AIMS,2021-11-18T05:30:00Z,TLM12,STIC,20210928-20220221,HS,21059656,4305.6,12.883,4.314756393200001,1,poor,NA
AIMS,2021-11-18T05:45:00Z,TLM12,STIC,20210928-20220221,HS,21059656,4305.6,12.883,4.314756393200001,1,poor,NA
AIMS,2021-11-18T06:00:00Z,TLM12,STIC,20210928-20220221,HS,21059656,4305.6,12.787,4.314756393200001,1,poor,NA
AIMS,2021-11-18T06:15:00Z,TLM12,STIC,20210928-20220221,HS,21059656,4305.6,12.787,4.314756393200001,1,poor,NA
AIMS,2021-11-18T06:30:00Z,TLM12,STIC,20210928-20220221,HS,21059656,4305.6,12.69,4.314756393200001,1,poor,NA
AIMS,2021-11-18T06:45:00Z,TLM12,STIC,20210928-20220221,HS,21059656,4305.6,12.69,4.314756393200001,1,poor,NA
AIMS,2021-11-18T07:00:00Z,TLM12,STIC,20210928-20220221,HS,21059656,4305.6,12.594,4.314756393200001,1,poor,NA
AIMS,2021-11-18T07:15:00Z,TLM12,STIC,20210928-20220221,HS,21059656,4305.6,12.594,4.314756393200001,1,poor,NA
AIMS,2021-11-18T07:30:00Z,TLM12,STIC,20210928-20220221,HS,21059656,4305.6,12.497,4.314756393200001,1,poor,NA
AIMS,2021-11-18T07:45:00Z,TLM12,STIC,20210928-20220221,HS,21059656,4305.6,12.497,4.314756393200001,1,poor,NA
AIMS,2021-11-18T08:00:00Z,TLM12,STIC,20210928-20220221,HS,21059656,4305.6,12.401,4.314756393200001,1,poor,NA
AIMS,2021-11-18T08:15:00Z,TLM12,STIC,20210928-20220221,HS,21059656,4305.6,12.401,4.314756393200001,1,poor,NA
AIMS,2021-11-18T08:30:00Z,TLM12,STIC,20210928-20220221,HS,21059656,4305.6,12.401,4.314756393200001,1,poor,NA
AIMS,2021-11-18T08:45:00Z,TLM12,STIC,20210928-20220221,HS,21059656,4305.6,12.304,4.314756393200001,1,poor,NA
AIMS,2021-11-18T09:00:00Z,TLM12,STIC,20210928-20220221,HS,21059656,4305.6,12.304,4.314756393200001,1,poor,NA
AIMS,2021-11-18T09:15:00Z,TLM12,STIC,20210928-20220221,HS,21059656,4305.6,12.304,4.314756393200001,1,poor,NA
AIMS,2021-11-18T09:30:00Z,TLM12,STIC,20210928-20220221,HS,21059656,4305.6,12.304,4.314756393200001,1,poor,NA
AIMS,2021-11-18T09:45:00Z,TLM12,STIC,20210928-20220221,HS,21059656,4305.6,12.207,4.314756393200001,1,poor,NA
AIMS,2021-11-18T10:00:00Z,TLM12,STIC,20210928-20220221,HS,21059656,4305.6,12.207,4.314756393200001,1,poor,NA
AIMS,2021-11-18T10:15:00Z,TLM12,STIC,20210928-20220221,HS,21059656,4305.6,12.207,4.314756393200001,1,poor,NA
AIMS,2021-11-18T10:30:00Z,TLM12,STIC,20210928-20220221,HS,21059656,4305.6,12.207,4.314756393200001,1,poor,NA
AIMS,2021-11-18T10:45:00Z,TLM12,STIC,20210928-20220221,HS,21059656,4305.6,12.207,4.314756393200001,1,poor,NA
AIMS,2021-11-18T11:00:00Z,TLM12,STIC,20210928-20220221,HS,21059656,4305.6,12.207,4.314756393200001,1,poor,NA
AIMS,2021-11-18T11:15:00Z,TLM12,STIC,20210928-20220221,HS,21059656,4305.6,12.207,4.314756393200001,1,poor,NA
AIMS,2021-11-18T11:30:00Z,TLM12,STIC,20210928-20220221,HS,21059656,4305.6,12.207,4.314756393200001,1,poor,NA
AIMS,2021-11-18T11:45:00Z,TLM12,STIC,20210928-20220221,HS,21059656,4305.6,12.207,4.314756393200001,1,poor,NA
AIMS,2021-11-18T12:00:00Z,TLM12,STIC,20210928-20220221,HS,21059656,4305.6,12.207,4.314756393200001,1,poor,NA
AIMS,2021-11-18T12:15:00Z,TLM12,STIC,20210928-20220221,HS,21059656,4305.6,12.207,4.314756393200001,1,poor,NA
AIMS,2021-11-18T12:30:00Z,TLM12,STIC,20210928-20220221,HS,21059656,4305.6,12.207,4.314756393200001,1,poor,NA
AIMS,2021-11-18T12:45:00Z,TLM12,STIC,20210928-20220221,HS,21059656,4305.6,12.207,4.314756393200001,1,poor,NA
AIMS,2021-11-18T13:00:00Z,TLM12,STIC,20210928-20220221,HS,21059656,4305.6,12.207,4.314756393200001,1,poor,NA
AIMS,2021-11-18T13:15:00Z,TLM12,STIC,20210928-20220221,HS,21059656,4305.6,12.207,4.314756393200001,1,poor,NA
AIMS,2021-11-18T13:30:00Z,TLM12,STIC,20210928-20220221,HS,21059656,4305.6,12.207,4.314756393200001,1,poor,NA
AIMS,2021-11-18T13:45:00Z,TLM12,STIC,20210928-20220221,HS,21059656,4305.6,12.11,4.314756393200001,1,poor,NA
AIMS,2021-11-18T14:00:00Z,TLM12,STIC,20210928-20220221,HS,21059656,4305.6,12.11,4.314756393200001,1,poor,NA
AIMS,2021-11-18T14:15:00Z,TLM12,STIC,20210928-20220221,HS,21059656,4305.6,12.207,4.314756393200001,1,poor,NA
AIMS,2021-11-18T14:30:00Z,TLM12,STIC,20210928-20220221,HS,21059656,4305.6,12.207,4.314756393200001,1,poor,NA
AIMS,2021-11-18T14:45:00Z,TLM12,STIC,20210928-20220221,HS,21059656,4305.6,12.207,4.314756393200001,1,poor,NA
AIMS,2021-11-18T15:00:00Z,TLM12,STIC,20210928-20220221,HS,21059656,4305.6,12.207,4.314756393200001,1,poor,NA
AIMS,2021-11-18T15:15:00Z,TLM12,STIC,20210928-20220221,HS,21059656,4305.6,12.304,4.314756393200001,1,poor,NA
AIMS,2021-11-18T15:30:00Z,TLM12,STIC,20210928-20220221,HS,21059656,4305.6,12.401,4.314756393200001,1,poor,NA
AIMS,2021-11-18T15:45:00Z,TLM12,STIC,20210928-20220221,HS,21059656,4305.6,12.497,4.314756393200001,1,poor,NA
AIMS,2021-11-18T16:00:00Z,TLM12,STIC,20210928-20220221,HS,21059656,4305.6,12.594,4.314756393200001,1,poor,NA
AIMS,2021-11-18T16:15:00Z,TLM12,STIC,20210928-20220221,HS,21059656,4305.6,12.69,4.314756393200001,1,poor,NA
AIMS,2021-11-18T16:30:00Z,TLM12,STIC,20210928-20220221,HS,21059656,4305.6,12.883,4.314756393200001,1,poor,NA
AIMS,2021-11-18T16:45:00Z,TLM12,STIC,20210928-20220221,HS,21059656,4305.6,13.076,4.314756393200001,1,poor,NA
AIMS,2021-11-18T17:00:00Z,TLM12,STIC,20210928-20220221,HS,21059656,4305.6,13.173,4.314756393200001,1,poor,NA
AIMS,2021-11-18T17:15:00Z,TLM12,STIC,20210928-20220221,HS,21059656,4305.6,13.365,4.314756393200001,1,poor,NA
AIMS,2021-11-18T17:30:00Z,TLM12,STIC,20210928-20220221,HS,21059656,4305.6,13.461,4.314756393200001,1,poor,NA
AIMS,2021-11-18T17:45:00Z,TLM12,STIC,20210928-20220221,HS,21059656,4305.6,13.461,4.314756393200001,1,poor,NA
AIMS,2021-11-18T18:00:00Z,TLM12,STIC,20210928-20220221,HS,21059656,4305.6,13.558,4.314756393200001,1,poor,NA
AIMS,2021-11-18T18:15:00Z,TLM12,STIC,20210928-20220221,HS,21059656,4305.6,13.654,4.314756393200001,1,poor,NA
AIMS,2021-11-18T18:30:00Z,TLM12,STIC,20210928-20220221,HS,21059656,4305.6,13.846,4.314756393200001,1,poor,NA
AIMS,2021-11-18T18:45:00Z,TLM12,STIC,20210928-20220221,HS,21059656,4305.6,13.942,4.314756393200001,1,poor,NA
AIMS,2021-11-18T19:00:00Z,TLM12,STIC,20210928-20220221,HS,21059656,4305.6,14.038,4.314756393200001,1,poor,NA
AIMS,2021-11-18T19:15:00Z,TLM12,STIC,20210928-20220221,HS,21059656,4305.6,14.134,4.314756393200001,1,poor,NA
AIMS,2021-11-18T19:30:00Z,TLM12,STIC,20210928-20220221,HS,21059656,4305.6,14.134,4.314756393200001,1,poor,NA
AIMS,2021-11-18T19:45:00Z,TLM12,STIC,20210928-20220221,HS,21059656,4305.6,14.134,4.314756393200001,1,poor,NA
AIMS,2021-11-18T20:00:00Z,TLM12,STIC,20210928-20220221,HS,21059656,4305.6,14.23,4.314756393200001,1,poor,NA
AIMS,2021-11-18T20:15:00Z,TLM12,STIC,20210928-20220221,HS,21059656,4305.6,14.23,4.314756393200001,1,poor,NA
AIMS,2021-11-18T20:30:00Z,TLM12,STIC,20210928-20220221,HS,21059656,4305.6,14.23,4.314756393200001,1,poor,NA
AIMS,2021-11-18T20:45:00Z,TLM12,STIC,20210928-20220221,HS,21059656,4305.6,14.325,4.314756393200001,1,poor,NA
AIMS,2021-11-18T21:00:00Z,TLM12,STIC,20210928-20220221,HS,21059656,4305.6,14.325,4.314756393200001,1,poor,NA
AIMS,2021-11-18T21:15:00Z,TLM12,STIC,20210928-20220221,HS,21059656,4305.6,14.421,4.314756393200001,1,poor,NA
AIMS,2021-11-18T21:30:00Z,TLM12,STIC,20210928-20220221,HS,21059656,4305.6,14.517,4.314756393200001,1,poor,NA
AIMS,2021-11-18T21:45:00Z,TLM12,STIC,20210928-20220221,HS,21059656,4305.6,14.517,4.314756393200001,1,poor,NA
AIMS,2021-11-18T22:00:00Z,TLM12,STIC,20210928-20220221,HS,21059656,4305.6,14.517,4.314756393200001,1,poor,NA
AIMS,2021-11-18T22:15:00Z,TLM12,STIC,20210928-20220221,HS,21059656,4305.6,14.517,4.314756393200001,1,poor,NA
AIMS,2021-11-18T22:30:00Z,TLM12,STIC,20210928-20220221,HS,21059656,4305.6,14.421,4.314756393200001,1,poor,NA
AIMS,2021-11-18T22:45:00Z,TLM12,STIC,20210928-20220221,HS,21059656,4305.6,14.421,4.314756393200001,1,poor,NA
AIMS,2021-11-18T23:00:00Z,TLM12,STIC,20210928-20220221,HS,21059656,4305.6,14.421,4.314756393200001,1,poor,NA
AIMS,2021-11-18T23:15:00Z,TLM12,STIC,20210928-20220221,HS,21059656,4305.6,14.325,4.314756393200001,1,poor,NA
AIMS,2021-11-18T23:30:00Z,TLM12,STIC,20210928-20220221,HS,21059656,4305.6,14.325,4.314756393200001,1,poor,NA
AIMS,2021-11-18T23:45:00Z,TLM12,STIC,20210928-20220221,HS,21059656,4305.6,14.23,4.314756393200001,1,poor,NA
AIMS,2021-11-19T00:00:00Z,TLM12,STIC,20210928-20220221,HS,21059656,4305.6,14.134,4.314756393200001,1,poor,NA
AIMS,2021-11-19T00:15:00Z,TLM12,STIC,20210928-20220221,HS,21059656,4305.6,14.038,4.314756393200001,1,poor,NA
AIMS,2021-11-19T00:30:00Z,TLM12,STIC,20210928-20220221,HS,21059656,4305.6,13.942,4.314756393200001,1,poor,NA
AIMS,2021-11-19T00:45:00Z,TLM12,STIC,20210928-20220221,HS,21059656,4305.6,13.846,4.314756393200001,1,poor,NA
AIMS,2021-11-19T01:00:00Z,TLM12,STIC,20210928-20220221,HS,21059656,4305.6,13.846,4.314756393200001,1,poor,NA
AIMS,2021-11-19T01:15:00Z,TLM12,STIC,20210928-20220221,HS,21059656,4305.6,13.75,4.314756393200001,1,poor,NA
AIMS,2021-11-19T01:30:00Z,TLM12,STIC,20210928-20220221,HS,21059656,4305.6,13.654,4.314756393200001,1,poor,NA
AIMS,2021-11-19T01:45:00Z,TLM12,STIC,20210928-20220221,HS,21059656,4305.6,13.558,4.314756393200001,1,poor,NA
AIMS,2021-11-19T02:00:00Z,TLM12,STIC,20210928-20220221,HS,21059656,4305.6,13.461,4.314756393200001,1,poor,NA
AIMS,2021-11-19T02:15:00Z,TLM12,STIC,20210928-20220221,HS,21059656,4305.6,13.365,4.314756393200001,1,poor,NA
AIMS,2021-11-19T02:30:00Z,TLM12,STIC,20210928-20220221,HS,21059656,4305.6,13.269,4.314756393200001,1,poor,NA
AIMS,2021-11-19T02:45:00Z,TLM12,STIC,20210928-20220221,HS,21059656,4305.6,13.173,4.314756393200001,1,poor,NA
AIMS,2021-11-19T03:00:00Z,TLM12,STIC,20210928-20220221,HS,21059656,4305.6,13.076,4.314756393200001,1,poor,NA
AIMS,2021-11-19T03:15:00Z,TLM12,STIC,20210928-20220221,HS,21059656,4305.6,12.883,4.314756393200001,1,poor,NA
AIMS,2021-11-19T03:30:00Z,TLM12,STIC,20210928-20220221,HS,21059656,4305.6,12.787,4.314756393200001,1,poor,NA
AIMS,2021-11-19T03:45:00Z,TLM12,STIC,20210928-20220221,HS,21059656,4305.6,12.69,4.314756393200001,1,poor,NA
AIMS,2021-11-19T04:00:00Z,TLM12,STIC,20210928-20220221,HS,21059656,4305.6,12.594,4.314756393200001,1,poor,NA
AIMS,2021-11-19T04:15:00Z,TLM12,STIC,20210928-20220221,HS,21059656,4305.6,12.594,4.314756393200001,1,poor,NA
AIMS,2021-11-19T04:30:00Z,TLM12,STIC,20210928-20220221,HS,21059656,4305.6,12.497,4.314756393200001,1,poor,NA
AIMS,2021-11-19T04:45:00Z,TLM12,STIC,20210928-20220221,HS,21059656,4305.6,12.401,4.314756393200001,1,poor,NA
AIMS,2021-11-19T05:00:00Z,TLM12,STIC,20210928-20220221,HS,21059656,4305.6,12.207,4.314756393200001,1,poor,NA
AIMS,2021-11-19T05:15:00Z,TLM12,STIC,20210928-20220221,HS,21059656,4305.6,12.11,4.314756393200001,1,poor,NA
AIMS,2021-11-19T05:30:00Z,TLM12,STIC,20210928-20220221,HS,21059656,4305.6,12.11,4.314756393200001,1,poor,NA
AIMS,2021-11-19T05:45:00Z,TLM12,STIC,20210928-20220221,HS,21059656,4305.6,12.013,4.314756393200001,1,poor,NA
AIMS,2021-11-19T06:00:00Z,TLM12,STIC,20210928-20220221,HS,21059656,4305.6,11.916,4.314756393200001,1,poor,NA
AIMS,2021-11-19T06:15:00Z,TLM12,STIC,20210928-20220221,HS,21059656,4305.6,11.819,4.314756393200001,1,poor,NA
AIMS,2021-11-19T06:30:00Z,TLM12,STIC,20210928-20220221,HS,21059656,4305.6,11.722,4.314756393200001,1,poor,NA
AIMS,2021-11-19T06:45:00Z,TLM12,STIC,20210928-20220221,HS,21059656,4305.6,11.625,4.314756393200001,1,poor,NA
AIMS,2021-11-19T07:00:00Z,TLM12,STIC,20210928-20220221,HS,21059656,4305.6,11.528,4.314756393200001,1,poor,NA
AIMS,2021-11-19T07:15:00Z,TLM12,STIC,20210928-20220221,HS,21059656,4305.6,11.431,4.314756393200001,1,poor,NA
AIMS,2021-11-19T07:30:00Z,TLM12,STIC,20210928-20220221,HS,21059656,4305.6,11.334,4.314756393200001,1,poor,NA
AIMS,2021-11-19T07:45:00Z,TLM12,STIC,20210928-20220221,HS,21059656,4305.6,11.334,4.314756393200001,1,poor,NA
AIMS,2021-11-19T08:00:00Z,TLM12,STIC,20210928-20220221,HS,21059656,4305.6,11.236,4.314756393200001,1,poor,NA
AIMS,2021-11-19T08:15:00Z,TLM12,STIC,20210928-20220221,HS,21059656,4305.6,11.139,4.314756393200001,1,poor,NA
AIMS,2021-11-19T08:30:00Z,TLM12,STIC,20210928-20220221,HS,21059656,4305.6,11.041,4.314756393200001,1,poor,NA
AIMS,2021-11-19T08:45:00Z,TLM12,STIC,20210928-20220221,HS,21059656,4305.6,11.041,4.314756393200001,1,poor,NA
AIMS,2021-11-19T09:00:00Z,TLM12,STIC,20210928-20220221,HS,21059656,4305.6,10.944,4.314756393200001,1,poor,NA
AIMS,2021-11-19T09:15:00Z,TLM12,STIC,20210928-20220221,HS,21059656,4305.6,10.846,4.314756393200001,1,poor,NA
AIMS,2021-11-19T09:30:00Z,TLM12,STIC,20210928-20220221,HS,21059656,4305.6,10.748,4.314756393200001,1,poor,NA
AIMS,2021-11-19T09:45:00Z,TLM12,STIC,20210928-20220221,HS,21059656,4305.6,10.748,4.314756393200001,1,poor,NA
AIMS,2021-11-19T10:00:00Z,TLM12,STIC,20210928-20220221,HS,21059656,4305.6,10.651,4.314756393200001,1,poor,NA
AIMS,2021-11-19T10:15:00Z,TLM12,STIC,20210928-20220221,HS,21059656,4305.6,10.553,4.314756393200001,1,poor,NA
AIMS,2021-11-19T10:30:00Z,TLM12,STIC,20210928-20220221,HS,21059656,4305.6,10.455,4.314756393200001,1,poor,NA
AIMS,2021-11-19T10:45:00Z,TLM12,STIC,20210928-20220221,HS,21059656,4305.6,10.455,4.314756393200001,1,poor,NA
AIMS,2021-11-19T11:00:00Z,TLM12,STIC,20210928-20220221,HS,21059656,4305.6,10.357,4.314756393200001,1,poor,NA
AIMS,2021-11-19T11:15:00Z,TLM12,STIC,20210928-20220221,HS,21059656,4305.6,10.259,4.314756393200001,1,poor,NA
AIMS,2021-11-19T11:30:00Z,TLM12,STIC,20210928-20220221,HS,21059656,4305.6,10.259,4.314756393200001,1,poor,NA
AIMS,2021-11-19T11:45:00Z,TLM12,STIC,20210928-20220221,HS,21059656,4305.6,10.161,4.314756393200001,1,poor,NA
AIMS,2021-11-19T12:00:00Z,TLM12,STIC,20210928-20220221,HS,21059656,4305.6,10.161,4.314756393200001,1,poor,NA
AIMS,2021-11-19T12:15:00Z,TLM12,STIC,20210928-20220221,HS,21059656,4305.6,10.063,4.314756393200001,1,poor,NA
AIMS,2021-11-19T12:30:00Z,TLM12,STIC,20210928-20220221,HS,21059656,4305.6,9.965,4.314756393200001,1,poor,NA
AIMS,2021-11-19T12:45:00Z,TLM12,STIC,20210928-20220221,HS,21059656,4305.6,9.965,4.314756393200001,1,poor,NA
AIMS,2021-11-19T13:00:00Z,TLM12,STIC,20210928-20220221,HS,21059656,4305.6,9.866,4.314756393200001,1,poor,NA
AIMS,2021-11-19T13:15:00Z,TLM12,STIC,20210928-20220221,HS,21059656,4305.6,9.768,4.314756393200001,1,poor,NA
AIMS,2021-11-19T13:30:00Z,TLM12,STIC,20210928-20220221,HS,21059656,4305.6,9.768,4.314756393200001,1,poor,NA
AIMS,2021-11-19T13:45:00Z,TLM12,STIC,20210928-20220221,HS,21059656,4305.6,9.669,4.314756393200001,1,poor,NA
AIMS,2021-11-19T14:00:00Z,TLM12,STIC,20210928-20220221,HS,21059656,4305.6,9.669,4.314756393200001,1,poor,NA
AIMS,2021-11-19T14:15:00Z,TLM12,STIC,20210928-20220221,HS,21059656,4305.6,9.571,4.314756393200001,1,poor,NA
AIMS,2021-11-19T14:30:00Z,TLM12,STIC,20210928-20220221,HS,21059656,4305.6,9.571,4.314756393200001,1,poor,NA
AIMS,2021-11-19T14:45:00Z,TLM12,STIC,20210928-20220221,HS,21059656,4305.6,9.571,4.314756393200001,1,poor,NA
AIMS,2021-11-19T15:00:00Z,TLM12,STIC,20210928-20220221,HS,21059656,4305.6,9.571,4.314756393200001,1,poor,NA
AIMS,2021-11-19T15:15:00Z,TLM12,STIC,20210928-20220221,HS,21059656,4305.6,9.472,4.314756393200001,1,poor,NA
AIMS,2021-11-19T15:30:00Z,TLM12,STIC,20210928-20220221,HS,21059656,4305.6,9.571,4.314756393200001,1,poor,NA
AIMS,2021-11-19T15:45:00Z,TLM12,STIC,20210928-20220221,HS,21059656,4305.6,9.669,4.314756393200001,1,poor,NA
AIMS,2021-11-19T16:00:00Z,TLM12,STIC,20210928-20220221,HS,21059656,4305.6,9.768,4.314756393200001,1,poor,NA
AIMS,2021-11-19T16:15:00Z,TLM12,STIC,20210928-20220221,HS,21059656,4305.6,9.866,4.314756393200001,1,poor,NA
AIMS,2021-11-19T16:30:00Z,TLM12,STIC,20210928-20220221,HS,21059656,4305.6,9.866,4.314756393200001,1,poor,NA
AIMS,2021-11-19T16:45:00Z,TLM12,STIC,20210928-20220221,HS,21059656,4305.6,9.866,4.314756393200001,1,poor,NA
AIMS,2021-11-19T17:00:00Z,TLM12,STIC,20210928-20220221,HS,21059656,4305.6,9.965,4.314756393200001,1,poor,NA
AIMS,2021-11-19T17:15:00Z,TLM12,STIC,20210928-20220221,HS,21059656,4305.6,10.063,4.314756393200001,1,poor,NA
AIMS,2021-11-19T17:30:00Z,TLM12,STIC,20210928-20220221,HS,21059656,4305.6,10.161,4.314756393200001,1,poor,NA
AIMS,2021-11-19T17:45:00Z,TLM12,STIC,20210928-20220221,HS,21059656,4305.6,10.161,4.314756393200001,1,poor,NA
AIMS,2021-11-19T18:00:00Z,TLM12,STIC,20210928-20220221,HS,21059656,4305.6,10.259,4.314756393200001,1,poor,NA
AIMS,2021-11-19T18:15:00Z,TLM12,STIC,20210928-20220221,HS,21059656,4305.6,10.357,4.314756393200001,1,poor,NA
AIMS,2021-11-19T18:30:00Z,TLM12,STIC,20210928-20220221,HS,21059656,4477.8,10.455,4.7920460606,1,poor,NA
AIMS,2021-11-19T18:45:00Z,TLM12,STIC,20210928-20220221,HS,21059656,4477.8,10.553,4.7920460606,1,poor,NA
AIMS,2021-11-19T19:00:00Z,TLM12,STIC,20210928-20220221,HS,21059656,4477.8,10.651,4.7920460606,1,poor,NA
AIMS,2021-11-19T19:15:00Z,TLM12,STIC,20210928-20220221,HS,21059656,4477.8,10.846,4.7920460606,1,poor,NA
AIMS,2021-11-19T19:30:00Z,TLM12,STIC,20210928-20220221,HS,21059656,4477.8,10.944,4.7920460606,1,poor,NA
AIMS,2021-11-19T19:45:00Z,TLM12,STIC,20210928-20220221,HS,21059656,4477.8,11.139,4.7920460606,1,poor,NA
AIMS,2021-11-19T20:00:00Z,TLM12,STIC,20210928-20220221,HS,21059656,4477.8,11.236,4.7920460606,1,poor,NA
AIMS,2021-11-19T20:15:00Z,TLM12,STIC,20210928-20220221,HS,21059656,4477.8,11.334,4.7920460606,1,poor,NA
AIMS,2021-11-19T20:30:00Z,TLM12,STIC,20210928-20220221,HS,21059656,4477.8,11.431,4.7920460606,1,poor,NA
AIMS,2021-11-19T20:45:00Z,TLM12,STIC,20210928-20220221,HS,21059656,4477.8,11.625,4.7920460606,1,poor,NA
AIMS,2021-11-19T21:00:00Z,TLM12,STIC,20210928-20220221,HS,21059656,4477.8,11.625,4.7920460606,1,poor,NA
AIMS,2021-11-19T21:15:00Z,TLM12,STIC,20210928-20220221,HS,21059656,4477.8,11.625,4.7920460606,1,poor,NA
AIMS,2021-11-19T21:30:00Z,TLM12,STIC,20210928-20220221,HS,21059656,4477.8,11.625,4.7920460606,1,poor,NA
AIMS,2021-11-19T21:45:00Z,TLM12,STIC,20210928-20220221,HS,21059656,4477.8,11.625,4.7920460606,1,poor,NA
AIMS,2021-11-19T22:00:00Z,TLM12,STIC,20210928-20220221,HS,21059656,4477.8,11.625,4.7920460606,1,poor,NA
AIMS,2021-11-19T22:15:00Z,TLM12,STIC,20210928-20220221,HS,21059656,4477.8,11.625,4.7920460606,1,poor,NA
AIMS,2021-11-19T22:30:00Z,TLM12,STIC,20210928-20220221,HS,21059656,4477.8,11.625,4.7920460606,1,poor,NA
AIMS,2021-11-19T22:45:00Z,TLM12,STIC,20210928-20220221,HS,21059656,4477.8,11.625,4.7920460606,1,poor,NA
AIMS,2021-11-19T23:00:00Z,TLM12,STIC,20210928-20220221,HS,21059656,4477.8,11.625,4.7920460606,1,poor,NA
AIMS,2021-11-19T23:15:00Z,TLM12,STIC,20210928-20220221,HS,21059656,4477.8,11.528,4.7920460606,1,poor,NA
AIMS,2021-11-19T23:30:00Z,TLM12,STIC,20210928-20220221,HS,21059656,4477.8,11.528,4.7920460606,1,poor,NA
AIMS,2021-11-19T23:45:00Z,TLM12,STIC,20210928-20220221,HS,21059656,4477.8,11.431,4.7920460606,1,poor,NA
AIMS,2021-11-20T00:00:00Z,TLM12,STIC,20210928-20220221,HS,21059656,4477.8,11.334,4.7920460606,1,poor,NA
AIMS,2021-11-20T00:15:00Z,TLM12,STIC,20210928-20220221,HS,21059656,4477.8,11.334,4.7920460606,1,poor,NA
AIMS,2021-11-20T00:30:00Z,TLM12,STIC,20210928-20220221,HS,21059656,4477.8,11.236,4.7920460606,1,poor,NA
AIMS,2021-11-20T00:45:00Z,TLM12,STIC,20210928-20220221,HS,21059656,4477.8,11.139,4.7920460606,1,poor,NA
AIMS,2021-11-20T01:00:00Z,TLM12,STIC,20210928-20220221,HS,21059656,4477.8,11.041,4.7920460606,1,poor,NA
AIMS,2021-11-20T01:15:00Z,TLM12,STIC,20210928-20220221,HS,21059656,4477.8,10.944,4.7920460606,1,poor,NA
AIMS,2021-11-20T01:30:00Z,TLM12,STIC,20210928-20220221,HS,21059656,4477.8,10.846,4.7920460606,1,poor,NA
AIMS,2021-11-20T01:45:00Z,TLM12,STIC,20210928-20220221,HS,21059656,4477.8,10.748,4.7920460606,1,poor,NA
AIMS,2021-11-20T02:00:00Z,TLM12,STIC,20210928-20220221,HS,21059656,4305.6,10.651,4.314756393200001,1,poor,NA
AIMS,2021-11-20T02:15:00Z,TLM12,STIC,20210928-20220221,HS,21059656,4305.6,10.553,4.314756393200001,1,poor,NA
AIMS,2021-11-20T02:30:00Z,TLM12,STIC,20210928-20220221,HS,21059656,4305.6,10.455,4.314756393200001,1,poor,NA
AIMS,2021-11-20T02:45:00Z,TLM12,STIC,20210928-20220221,HS,21059656,4305.6,10.357,4.314756393200001,1,poor,NA
AIMS,2021-11-20T03:00:00Z,TLM12,STIC,20210928-20220221,HS,21059656,4305.6,10.357,4.314756393200001,1,poor,NA
AIMS,2021-11-20T03:15:00Z,TLM12,STIC,20210928-20220221,HS,21059656,4305.6,10.259,4.314756393200001,1,poor,NA
AIMS,2021-11-20T03:30:00Z,TLM12,STIC,20210928-20220221,HS,21059656,4305.6,10.161,4.314756393200001,1,poor,NA
AIMS,2021-11-20T03:45:00Z,TLM12,STIC,20210928-20220221,HS,21059656,4305.6,10.063,4.314756393200001,1,poor,NA
AIMS,2021-11-20T04:00:00Z,TLM12,STIC,20210928-20220221,HS,21059656,4305.6,10.063,4.314756393200001,1,poor,NA
AIMS,2021-11-20T04:15:00Z,TLM12,STIC,20210928-20220221,HS,21059656,4305.6,9.965,4.314756393200001,1,poor,NA
AIMS,2021-11-20T04:30:00Z,TLM12,STIC,20210928-20220221,HS,21059656,4305.6,9.866,4.314756393200001,1,poor,NA
AIMS,2021-11-20T04:45:00Z,TLM12,STIC,20210928-20220221,HS,21059656,4305.6,9.768,4.314756393200001,1,poor,NA
AIMS,2021-11-20T05:00:00Z,TLM12,STIC,20210928-20220221,HS,21059656,4305.6,9.768,4.314756393200001,1,poor,NA
AIMS,2021-11-20T05:15:00Z,TLM12,STIC,20210928-20220221,HS,21059656,4305.6,9.669,4.314756393200001,1,poor,NA
AIMS,2021-11-20T05:30:00Z,TLM12,STIC,20210928-20220221,HS,21059656,4305.6,9.669,4.314756393200001,1,poor,NA
AIMS,2021-11-20T05:45:00Z,TLM12,STIC,20210928-20220221,HS,21059656,4305.6,9.571,4.314756393200001,1,poor,NA
AIMS,2021-11-20T06:00:00Z,TLM12,STIC,20210928-20220221,HS,21059656,4305.6,9.571,4.314756393200001,1,poor,NA
AIMS,2021-11-20T06:15:00Z,TLM12,STIC,20210928-20220221,HS,21059656,4305.6,9.571,4.314756393200001,1,poor,NA
AIMS,2021-11-20T06:30:00Z,TLM12,STIC,20210928-20220221,HS,21059656,4305.6,9.472,4.314756393200001,1,poor,NA
AIMS,2021-11-20T06:45:00Z,TLM12,STIC,20210928-20220221,HS,21059656,4305.6,9.472,4.314756393200001,1,poor,NA
AIMS,2021-11-20T07:00:00Z,TLM12,STIC,20210928-20220221,HS,21059656,4305.6,9.373,4.314756393200001,1,poor,NA
AIMS,2021-11-20T07:15:00Z,TLM12,STIC,20210928-20220221,HS,21059656,4305.6,9.373,4.314756393200001,1,poor,NA
AIMS,2021-11-20T07:30:00Z,TLM12,STIC,20210928-20220221,HS,21059656,4305.6,9.373,4.314756393200001,1,poor,NA
AIMS,2021-11-20T07:45:00Z,TLM12,STIC,20210928-20220221,HS,21059656,4305.6,9.275,4.314756393200001,1,poor,NA
AIMS,2021-11-20T08:00:00Z,TLM12,STIC,20210928-20220221,HS,21059656,4305.6,9.275,4.314756393200001,1,poor,NA
AIMS,2021-11-20T08:15:00Z,TLM12,STIC,20210928-20220221,HS,21059656,4305.6,9.275,4.314756393200001,1,poor,NA
AIMS,2021-11-20T08:30:00Z,TLM12,STIC,20210928-20220221,HS,21059656,4305.6,9.176,4.314756393200001,1,poor,NA
AIMS,2021-11-20T08:45:00Z,TLM12,STIC,20210928-20220221,HS,21059656,4305.6,9.176,4.314756393200001,1,poor,NA
AIMS,2021-11-20T09:00:00Z,TLM12,STIC,20210928-20220221,HS,21059656,4305.6,9.176,4.314756393200001,1,poor,NA
AIMS,2021-11-20T09:15:00Z,TLM12,STIC,20210928-20220221,HS,21059656,4305.6,9.176,4.314756393200001,1,poor,NA
AIMS,2021-11-20T09:30:00Z,TLM12,STIC,20210928-20220221,HS,21059656,4305.6,9.176,4.314756393200001,1,poor,NA
AIMS,2021-11-20T09:45:00Z,TLM12,STIC,20210928-20220221,HS,21059656,4305.6,9.077,4.314756393200001,1,poor,NA
AIMS,2021-11-20T10:00:00Z,TLM12,STIC,20210928-20220221,HS,21059656,4305.6,9.077,4.314756393200001,1,poor,NA
AIMS,2021-11-20T10:15:00Z,TLM12,STIC,20210928-20220221,HS,21059656,4305.6,9.077,4.314756393200001,1,poor,NA
AIMS,2021-11-20T10:30:00Z,TLM12,STIC,20210928-20220221,HS,21059656,4305.6,8.978,4.314756393200001,1,poor,NA
AIMS,2021-11-20T10:45:00Z,TLM12,STIC,20210928-20220221,HS,21059656,4305.6,8.978,4.314756393200001,1,poor,NA
AIMS,2021-11-20T11:00:00Z,TLM12,STIC,20210928-20220221,HS,21059656,4305.6,8.978,4.314756393200001,1,poor,NA
AIMS,2021-11-20T11:15:00Z,TLM12,STIC,20210928-20220221,HS,21059656,4305.6,8.978,4.314756393200001,1,poor,NA
AIMS,2021-11-20T11:30:00Z,TLM12,STIC,20210928-20220221,HS,21059656,4305.6,8.879,4.314756393200001,1,poor,NA
AIMS,2021-11-20T11:45:00Z,TLM12,STIC,20210928-20220221,HS,21059656,4305.6,8.879,4.314756393200001,1,poor,NA
AIMS,2021-11-20T12:00:00Z,TLM12,STIC,20210928-20220221,HS,21059656,4305.6,8.879,4.314756393200001,1,poor,NA
AIMS,2021-11-20T12:15:00Z,TLM12,STIC,20210928-20220221,HS,21059656,4305.6,8.879,4.314756393200001,1,poor,NA
AIMS,2021-11-20T12:30:00Z,TLM12,STIC,20210928-20220221,HS,21059656,4305.6,8.779,4.314756393200001,1,poor,NA
AIMS,2021-11-20T12:45:00Z,TLM12,STIC,20210928-20220221,HS,21059656,4305.6,8.779,4.314756393200001,1,poor,NA
AIMS,2021-11-20T13:00:00Z,TLM12,STIC,20210928-20220221,HS,21059656,4305.6,8.779,4.314756393200001,1,poor,NA
AIMS,2021-11-20T13:15:00Z,TLM12,STIC,20210928-20220221,HS,21059656,4305.6,8.68,4.314756393200001,1,poor,NA
AIMS,2021-11-20T13:30:00Z,TLM12,STIC,20210928-20220221,HS,21059656,4305.6,8.68,4.314756393200001,1,poor,NA
AIMS,2021-11-20T13:45:00Z,TLM12,STIC,20210928-20220221,HS,21059656,4305.6,8.68,4.314756393200001,1,poor,NA
AIMS,2021-11-20T14:00:00Z,TLM12,STIC,20210928-20220221,HS,21059656,4305.6,8.581,4.314756393200001,1,poor,NA
AIMS,2021-11-20T14:15:00Z,TLM12,STIC,20210928-20220221,HS,21059656,4305.6,8.581,4.314756393200001,1,poor,NA
AIMS,2021-11-20T14:30:00Z,TLM12,STIC,20210928-20220221,HS,21059656,4305.6,8.581,4.314756393200001,1,poor,NA
AIMS,2021-11-20T14:45:00Z,TLM12,STIC,20210928-20220221,HS,21059656,4305.6,8.581,4.314756393200001,1,poor,NA
AIMS,2021-11-20T15:00:00Z,TLM12,STIC,20210928-20220221,HS,21059656,4305.6,8.581,4.314756393200001,1,poor,NA
AIMS,2021-11-20T15:15:00Z,TLM12,STIC,20210928-20220221,HS,21059656,4305.6,8.581,4.314756393200001,1,poor,NA
AIMS,2021-11-20T15:30:00Z,TLM12,STIC,20210928-20220221,HS,21059656,4305.6,8.68,4.314756393200001,1,poor,NA
AIMS,2021-11-20T15:45:00Z,TLM12,STIC,20210928-20220221,HS,21059656,4305.6,8.779,4.314756393200001,1,poor,NA
AIMS,2021-11-20T16:00:00Z,TLM12,STIC,20210928-20220221,HS,21059656,4305.6,8.879,4.314756393200001,1,poor,NA
AIMS,2021-11-20T16:15:00Z,TLM12,STIC,20210928-20220221,HS,21059656,4305.6,8.978,4.314756393200001,1,poor,NA
AIMS,2021-11-20T16:30:00Z,TLM12,STIC,20210928-20220221,HS,21059656,4305.6,8.978,4.314756393200001,1,poor,NA
AIMS,2021-11-20T16:45:00Z,TLM12,STIC,20210928-20220221,HS,21059656,4305.6,9.077,4.314756393200001,1,poor,NA
AIMS,2021-11-20T17:00:00Z,TLM12,STIC,20210928-20220221,HS,21059656,4305.6,9.176,4.314756393200001,1,poor,NA
AIMS,2021-11-20T17:15:00Z,TLM12,STIC,20210928-20220221,HS,21059656,4305.6,9.275,4.314756393200001,1,poor,NA
AIMS,2021-11-20T17:30:00Z,TLM12,STIC,20210928-20220221,HS,21059656,4305.6,9.373,4.314756393200001,1,poor,NA
AIMS,2021-11-20T17:45:00Z,TLM12,STIC,20210928-20220221,HS,21059656,4305.6,9.472,4.314756393200001,1,poor,NA
AIMS,2021-11-20T18:00:00Z,TLM12,STIC,20210928-20220221,HS,21059656,4305.6,9.472,4.314756393200001,1,poor,NA
AIMS,2021-11-20T18:15:00Z,TLM12,STIC,20210928-20220221,HS,21059656,4305.6,9.571,4.314756393200001,1,poor,NA
AIMS,2021-11-20T18:30:00Z,TLM12,STIC,20210928-20220221,HS,21059656,4305.6,9.669,4.314756393200001,1,poor,NA
AIMS,2021-11-20T18:45:00Z,TLM12,STIC,20210928-20220221,HS,21059656,4305.6,9.866,4.314756393200001,1,poor,NA
AIMS,2021-11-20T19:00:00Z,TLM12,STIC,20210928-20220221,HS,21059656,4305.6,9.965,4.314756393200001,1,poor,NA
AIMS,2021-11-20T19:15:00Z,TLM12,STIC,20210928-20220221,HS,21059656,4305.6,10.161,4.314756393200001,1,poor,NA
AIMS,2021-11-20T19:30:00Z,TLM12,STIC,20210928-20220221,HS,21059656,4305.6,10.357,4.314756393200001,1,poor,NA
AIMS,2021-11-20T19:45:00Z,TLM12,STIC,20210928-20220221,HS,21059656,4305.6,10.553,4.314756393200001,1,poor,NA
AIMS,2021-11-20T20:00:00Z,TLM12,STIC,20210928-20220221,HS,21059656,4305.6,10.748,4.314756393200001,1,poor,NA
AIMS,2021-11-20T20:15:00Z,TLM12,STIC,20210928-20220221,HS,21059656,4305.6,10.846,4.314756393200001,1,poor,NA
AIMS,2021-11-20T20:30:00Z,TLM12,STIC,20210928-20220221,HS,21059656,4305.6,10.944,4.314756393200001,1,poor,NA
AIMS,2021-11-20T20:45:00Z,TLM12,STIC,20210928-20220221,HS,21059656,4305.6,11.139,4.314756393200001,1,poor,NA
AIMS,2021-11-20T21:00:00Z,TLM12,STIC,20210928-20220221,HS,21059656,4305.6,11.139,4.314756393200001,1,poor,NA
AIMS,2021-11-20T21:15:00Z,TLM12,STIC,20210928-20220221,HS,21059656,4305.6,11.139,4.314756393200001,1,poor,NA
AIMS,2021-11-20T21:30:00Z,TLM12,STIC,20210928-20220221,HS,21059656,4305.6,11.139,4.314756393200001,1,poor,NA
AIMS,2021-11-20T21:45:00Z,TLM12,STIC,20210928-20220221,HS,21059656,4305.6,11.139,4.314756393200001,1,poor,NA
AIMS,2021-11-20T22:00:00Z,TLM12,STIC,20210928-20220221,HS,21059656,4305.6,11.236,4.314756393200001,1,poor,NA
AIMS,2021-11-20T22:15:00Z,TLM12,STIC,20210928-20220221,HS,21059656,4305.6,11.236,4.314756393200001,1,poor,NA
AIMS,2021-11-20T22:30:00Z,TLM12,STIC,20210928-20220221,HS,21059656,4305.6,11.236,4.314756393200001,1,poor,NA
AIMS,2021-11-20T22:45:00Z,TLM12,STIC,20210928-20220221,HS,21059656,4477.8,11.334,4.7920460606,1,poor,NA
AIMS,2021-11-20T23:00:00Z,TLM12,STIC,20210928-20220221,HS,21059656,4477.8,11.334,4.7920460606,1,poor,NA
AIMS,2021-11-20T23:15:00Z,TLM12,STIC,20210928-20220221,HS,21059656,4477.8,11.334,4.7920460606,1,poor,NA
AIMS,2021-11-20T23:30:00Z,TLM12,STIC,20210928-20220221,HS,21059656,4477.8,11.236,4.7920460606,1,poor,NA
AIMS,2021-11-20T23:45:00Z,TLM12,STIC,20210928-20220221,HS,21059656,4477.8,11.236,4.7920460606,1,poor,NA
AIMS,2021-11-21T00:00:00Z,TLM12,STIC,20210928-20220221,HS,21059656,4477.8,11.139,4.7920460606,1,poor,NA
AIMS,2021-11-21T00:15:00Z,TLM12,STIC,20210928-20220221,HS,21059656,4477.8,11.139,4.7920460606,1,poor,NA
AIMS,2021-11-21T00:30:00Z,TLM12,STIC,20210928-20220221,HS,21059656,4477.8,11.041,4.7920460606,1,poor,NA
AIMS,2021-11-21T00:45:00Z,TLM12,STIC,20210928-20220221,HS,21059656,4477.8,10.944,4.7920460606,1,poor,NA
AIMS,2021-11-21T01:00:00Z,TLM12,STIC,20210928-20220221,HS,21059656,4477.8,10.944,4.7920460606,1,poor,NA
AIMS,2021-11-21T01:15:00Z,TLM12,STIC,20210928-20220221,HS,21059656,4477.8,10.846,4.7920460606,1,poor,NA
AIMS,2021-11-21T01:30:00Z,TLM12,STIC,20210928-20220221,HS,21059656,4477.8,10.748,4.7920460606,1,poor,NA
AIMS,2021-11-21T01:45:00Z,TLM12,STIC,20210928-20220221,HS,21059656,4477.8,10.651,4.7920460606,1,poor,NA
AIMS,2021-11-21T02:00:00Z,TLM12,STIC,20210928-20220221,HS,21059656,4477.8,10.651,4.7920460606,1,poor,NA
AIMS,2021-11-21T02:15:00Z,TLM12,STIC,20210928-20220221,HS,21059656,4477.8,10.553,4.7920460606,1,poor,NA
AIMS,2021-11-21T02:30:00Z,TLM12,STIC,20210928-20220221,HS,21059656,4477.8,10.553,4.7920460606,1,poor,NA
AIMS,2021-11-21T02:45:00Z,TLM12,STIC,20210928-20220221,HS,21059656,4477.8,10.455,4.7920460606,1,poor,NA
AIMS,2021-11-21T03:00:00Z,TLM12,STIC,20210928-20220221,HS,21059656,4477.8,10.455,4.7920460606,1,poor,NA
AIMS,2021-11-21T03:15:00Z,TLM12,STIC,20210928-20220221,HS,21059656,4477.8,10.357,4.7920460606,1,poor,NA
AIMS,2021-11-21T03:30:00Z,TLM12,STIC,20210928-20220221,HS,21059656,4477.8,10.357,4.7920460606,1,poor,NA
AIMS,2021-11-21T03:45:00Z,TLM12,STIC,20210928-20220221,HS,21059656,4477.8,10.357,4.7920460606,1,poor,NA
AIMS,2021-11-21T04:00:00Z,TLM12,STIC,20210928-20220221,HS,21059656,4477.8,10.357,4.7920460606,1,poor,NA
AIMS,2021-11-21T04:15:00Z,TLM12,STIC,20210928-20220221,HS,21059656,4477.8,10.259,4.7920460606,1,poor,NA
AIMS,2021-11-21T04:30:00Z,TLM12,STIC,20210928-20220221,HS,21059656,4477.8,10.259,4.7920460606,1,poor,NA
AIMS,2021-11-21T04:45:00Z,TLM12,STIC,20210928-20220221,HS,21059656,4477.8,10.259,4.7920460606,1,poor,NA
AIMS,2021-11-21T05:00:00Z,TLM12,STIC,20210928-20220221,HS,21059656,4477.8,10.259,4.7920460606,1,poor,NA
AIMS,2021-11-21T05:15:00Z,TLM12,STIC,20210928-20220221,HS,21059656,4477.8,10.259,4.7920460606,1,poor,NA
AIMS,2021-11-21T05:30:00Z,TLM12,STIC,20210928-20220221,HS,21059656,4477.8,10.259,4.7920460606,1,poor,NA
AIMS,2021-11-21T05:45:00Z,TLM12,STIC,20210928-20220221,HS,21059656,4477.8,10.161,4.7920460606,1,poor,NA
AIMS,2021-11-21T06:00:00Z,TLM12,STIC,20210928-20220221,HS,21059656,4477.8,10.161,4.7920460606,1,poor,NA
AIMS,2021-11-21T06:15:00Z,TLM12,STIC,20210928-20220221,HS,21059656,4477.8,10.161,4.7920460606,1,poor,NA
AIMS,2021-11-21T06:30:00Z,TLM12,STIC,20210928-20220221,HS,21059656,4477.8,10.063,4.7920460606,1,poor,NA
AIMS,2021-11-21T06:45:00Z,TLM12,STIC,20210928-20220221,HS,21059656,4477.8,10.063,4.7920460606,1,poor,NA
AIMS,2021-11-21T07:00:00Z,TLM12,STIC,20210928-20220221,HS,21059656,4477.8,10.063,4.7920460606,1,poor,NA
AIMS,2021-11-21T07:15:00Z,TLM12,STIC,20210928-20220221,HS,21059656,4477.8,10.063,4.7920460606,1,poor,NA
AIMS,2021-11-21T07:30:00Z,TLM12,STIC,20210928-20220221,HS,21059656,4477.8,10.063,4.7920460606,1,poor,NA
AIMS,2021-11-21T07:45:00Z,TLM12,STIC,20210928-20220221,HS,21059656,4477.8,10.063,4.7920460606,1,poor,NA
AIMS,2021-11-21T08:00:00Z,TLM12,STIC,20210928-20220221,HS,21059656,4477.8,10.063,4.7920460606,1,poor,NA
AIMS,2021-11-21T08:15:00Z,TLM12,STIC,20210928-20220221,HS,21059656,4477.8,10.063,4.7920460606,1,poor,NA
AIMS,2021-11-21T08:30:00Z,TLM12,STIC,20210928-20220221,HS,21059656,4477.8,10.161,4.7920460606,1,poor,NA
AIMS,2021-11-21T08:45:00Z,TLM12,STIC,20210928-20220221,HS,21059656,4477.8,10.161,4.7920460606,1,poor,NA
AIMS,2021-11-21T09:00:00Z,TLM12,STIC,20210928-20220221,HS,21059656,4477.8,10.161,4.7920460606,1,poor,NA
AIMS,2021-11-21T09:15:00Z,TLM12,STIC,20210928-20220221,HS,21059656,4477.8,10.161,4.7920460606,1,poor,NA
AIMS,2021-11-21T09:30:00Z,TLM12,STIC,20210928-20220221,HS,21059656,4477.8,10.161,4.7920460606,1,poor,NA
AIMS,2021-11-21T09:45:00Z,TLM12,STIC,20210928-20220221,HS,21059656,4477.8,10.259,4.7920460606,1,poor,NA
AIMS,2021-11-21T10:00:00Z,TLM12,STIC,20210928-20220221,HS,21059656,4477.8,10.259,4.7920460606,1,poor,NA
AIMS,2021-11-21T10:15:00Z,TLM12,STIC,20210928-20220221,HS,21059656,4477.8,10.259,4.7920460606,1,poor,NA
AIMS,2021-11-21T10:30:00Z,TLM12,STIC,20210928-20220221,HS,21059656,4477.8,10.259,4.7920460606,1,poor,NA
AIMS,2021-11-21T10:45:00Z,TLM12,STIC,20210928-20220221,HS,21059656,4477.8,10.259,4.7920460606,1,poor,NA
AIMS,2021-11-21T11:00:00Z,TLM12,STIC,20210928-20220221,HS,21059656,4477.8,10.259,4.7920460606,1,poor,NA
AIMS,2021-11-21T11:15:00Z,TLM12,STIC,20210928-20220221,HS,21059656,4477.8,10.259,4.7920460606,1,poor,NA
AIMS,2021-11-21T11:30:00Z,TLM12,STIC,20210928-20220221,HS,21059656,4477.8,10.259,4.7920460606,1,poor,NA
AIMS,2021-11-21T11:45:00Z,TLM12,STIC,20210928-20220221,HS,21059656,4477.8,10.259,4.7920460606,1,poor,NA
AIMS,2021-11-21T12:00:00Z,TLM12,STIC,20210928-20220221,HS,21059656,4477.8,10.161,4.7920460606,1,poor,NA
AIMS,2021-11-21T12:15:00Z,TLM12,STIC,20210928-20220221,HS,21059656,4477.8,10.161,4.7920460606,1,poor,NA
AIMS,2021-11-21T12:30:00Z,TLM12,STIC,20210928-20220221,HS,21059656,4477.8,10.161,4.7920460606,1,poor,NA
AIMS,2021-11-21T12:45:00Z,TLM12,STIC,20210928-20220221,HS,21059656,4477.8,10.161,4.7920460606,1,poor,NA
AIMS,2021-11-21T13:00:00Z,TLM12,STIC,20210928-20220221,HS,21059656,4477.8,10.161,4.7920460606,1,poor,NA
AIMS,2021-11-21T13:15:00Z,TLM12,STIC,20210928-20220221,HS,21059656,4477.8,10.161,4.7920460606,1,poor,NA
AIMS,2021-11-21T13:30:00Z,TLM12,STIC,20210928-20220221,HS,21059656,4477.8,10.063,4.7920460606,1,poor,NA
AIMS,2021-11-21T13:45:00Z,TLM12,STIC,20210928-20220221,HS,21059656,4477.8,10.063,4.7920460606,1,poor,NA
AIMS,2021-11-21T14:00:00Z,TLM12,STIC,20210928-20220221,HS,21059656,4477.8,10.063,4.7920460606,1,poor,NA
AIMS,2021-11-21T14:15:00Z,TLM12,STIC,20210928-20220221,HS,21059656,4477.8,10.161,4.7920460606,1,poor,NA
AIMS,2021-11-21T14:30:00Z,TLM12,STIC,20210928-20220221,HS,21059656,4477.8,10.161,4.7920460606,1,poor,NA
AIMS,2021-11-21T14:45:00Z,TLM12,STIC,20210928-20220221,HS,21059656,4477.8,10.161,4.7920460606,1,poor,NA
AIMS,2021-11-21T15:00:00Z,TLM12,STIC,20210928-20220221,HS,21059656,4477.8,10.161,4.7920460606,1,poor,NA
AIMS,2021-11-21T15:15:00Z,TLM12,STIC,20210928-20220221,HS,21059656,4477.8,10.161,4.7920460606,1,poor,NA
AIMS,2021-11-21T15:30:00Z,TLM12,STIC,20210928-20220221,HS,21059656,4477.8,10.259,4.7920460606,1,poor,NA
AIMS,2021-11-21T15:45:00Z,TLM12,STIC,20210928-20220221,HS,21059656,4477.8,10.259,4.7920460606,1,poor,NA
AIMS,2021-11-21T16:00:00Z,TLM12,STIC,20210928-20220221,HS,21059656,4477.8,10.357,4.7920460606,1,poor,NA
AIMS,2021-11-21T16:15:00Z,TLM12,STIC,20210928-20220221,HS,21059656,4477.8,10.455,4.7920460606,1,poor,NA
AIMS,2021-11-21T16:30:00Z,TLM12,STIC,20210928-20220221,HS,21059656,4477.8,10.553,4.7920460606,1,poor,NA
AIMS,2021-11-21T16:45:00Z,TLM12,STIC,20210928-20220221,HS,21059656,4477.8,10.651,4.7920460606,1,poor,NA
AIMS,2021-11-21T17:00:00Z,TLM12,STIC,20210928-20220221,HS,21059656,4477.8,10.748,4.7920460606,1,poor,NA
AIMS,2021-11-21T17:15:00Z,TLM12,STIC,20210928-20220221,HS,21059656,4477.8,10.846,4.7920460606,1,poor,NA
AIMS,2021-11-21T17:30:00Z,TLM12,STIC,20210928-20220221,HS,21059656,4477.8,11.041,4.7920460606,1,poor,NA
AIMS,2021-11-21T17:45:00Z,TLM12,STIC,20210928-20220221,HS,21059656,4477.8,11.139,4.7920460606,1,poor,NA
AIMS,2021-11-21T18:00:00Z,TLM12,STIC,20210928-20220221,HS,21059656,4477.8,11.236,4.7920460606,1,poor,NA
AIMS,2021-11-21T18:15:00Z,TLM12,STIC,20210928-20220221,HS,21059656,4477.8,11.334,4.7920460606,1,poor,NA
AIMS,2021-11-21T18:30:00Z,TLM12,STIC,20210928-20220221,HS,21059656,4477.8,11.528,4.7920460606,1,poor,NA
AIMS,2021-11-21T18:45:00Z,TLM12,STIC,20210928-20220221,HS,21059656,4477.8,11.625,4.7920460606,1,poor,NA
AIMS,2021-11-21T19:00:00Z,TLM12,STIC,20210928-20220221,HS,21059656,4477.8,11.819,4.7920460606,1,poor,NA
AIMS,2021-11-21T19:15:00Z,TLM12,STIC,20210928-20220221,HS,21059656,4477.8,11.916,4.7920460606,1,poor,NA
AIMS,2021-11-21T19:30:00Z,TLM12,STIC,20210928-20220221,HS,21059656,4650,12.013,5.269335727999999,1,poor,NA
AIMS,2021-11-21T19:45:00Z,TLM12,STIC,20210928-20220221,HS,21059656,4650,12.207,5.269335727999999,1,poor,NA
AIMS,2021-11-21T20:00:00Z,TLM12,STIC,20210928-20220221,HS,21059656,4650,12.304,5.269335727999999,1,poor,NA
AIMS,2021-11-21T20:15:00Z,TLM12,STIC,20210928-20220221,HS,21059656,4650,12.401,5.269335727999999,1,poor,NA
AIMS,2021-11-21T20:30:00Z,TLM12,STIC,20210928-20220221,HS,21059656,4650,12.497,5.269335727999999,1,poor,NA
AIMS,2021-11-21T20:45:00Z,TLM12,STIC,20210928-20220221,HS,21059656,4650,12.594,5.269335727999999,1,poor,NA
AIMS,2021-11-21T21:00:00Z,TLM12,STIC,20210928-20220221,HS,21059656,4650,12.69,5.269335727999999,1,poor,NA
AIMS,2021-11-21T21:15:00Z,TLM12,STIC,20210928-20220221,HS,21059656,4650,12.787,5.269335727999999,1,poor,NA
AIMS,2021-11-21T21:30:00Z,TLM12,STIC,20210928-20220221,HS,21059656,4650,12.883,5.269335727999999,1,poor,NA
AIMS,2021-11-21T21:45:00Z,TLM12,STIC,20210928-20220221,HS,21059656,4650,12.883,5.269335727999999,1,poor,NA
AIMS,2021-11-21T22:00:00Z,TLM12,STIC,20210928-20220221,HS,21059656,4650,12.883,5.269335727999999,1,poor,NA
AIMS,2021-11-21T22:15:00Z,TLM12,STIC,20210928-20220221,HS,21059656,4650,12.98,5.269335727999999,1,poor,NA
AIMS,2021-11-21T22:30:00Z,TLM12,STIC,20210928-20220221,HS,21059656,4650,12.98,5.269335727999999,1,poor,NA
AIMS,2021-11-21T22:45:00Z,TLM12,STIC,20210928-20220221,HS,21059656,4650,12.98,5.269335727999999,1,poor,NA
AIMS,2021-11-21T23:00:00Z,TLM12,STIC,20210928-20220221,HS,21059656,4650,12.98,5.269335727999999,1,poor,NA
AIMS,2021-11-21T23:15:00Z,TLM12,STIC,20210928-20220221,HS,21059656,4650,12.98,5.269335727999999,1,poor,NA
AIMS,2021-11-21T23:30:00Z,TLM12,STIC,20210928-20220221,HS,21059656,4650,12.98,5.269335727999999,1,poor,NA
AIMS,2021-11-21T23:45:00Z,TLM12,STIC,20210928-20220221,HS,21059656,4650,12.98,5.269335727999999,1,poor,NA
AIMS,2021-11-22T00:00:00Z,TLM12,STIC,20210928-20220221,HS,21059656,4650,12.98,5.269335727999999,1,poor,NA
AIMS,2021-11-22T00:15:00Z,TLM12,STIC,20210928-20220221,HS,21059656,4650,12.883,5.269335727999999,1,poor,NA
AIMS,2021-11-22T00:30:00Z,TLM12,STIC,20210928-20220221,HS,21059656,4650,12.883,5.269335727999999,1,poor,NA
AIMS,2021-11-22T00:45:00Z,TLM12,STIC,20210928-20220221,HS,21059656,4650,12.883,5.269335727999999,1,poor,NA
AIMS,2021-11-22T01:00:00Z,TLM12,STIC,20210928-20220221,HS,21059656,4650,12.883,5.269335727999999,1,poor,NA
AIMS,2021-11-22T01:15:00Z,TLM12,STIC,20210928-20220221,HS,21059656,4650,12.787,5.269335727999999,1,poor,NA
AIMS,2021-11-22T01:30:00Z,TLM12,STIC,20210928-20220221,HS,21059656,4650,12.787,5.269335727999999,1,poor,NA
AIMS,2021-11-22T01:45:00Z,TLM12,STIC,20210928-20220221,HS,21059656,4650,12.787,5.269335727999999,1,poor,NA
AIMS,2021-11-22T02:00:00Z,TLM12,STIC,20210928-20220221,HS,21059656,4650,12.69,5.269335727999999,1,poor,NA
AIMS,2021-11-22T02:15:00Z,TLM12,STIC,20210928-20220221,HS,21059656,4650,12.69,5.269335727999999,1,poor,NA
AIMS,2021-11-22T02:30:00Z,TLM12,STIC,20210928-20220221,HS,21059656,4477.8,12.69,4.7920460606,1,poor,NA
AIMS,2021-11-22T02:45:00Z,TLM12,STIC,20210928-20220221,HS,21059656,4477.8,12.594,4.7920460606,1,poor,NA
AIMS,2021-11-22T03:00:00Z,TLM12,STIC,20210928-20220221,HS,21059656,4477.8,12.594,4.7920460606,1,poor,NA
AIMS,2021-11-22T03:15:00Z,TLM12,STIC,20210928-20220221,HS,21059656,4477.8,12.594,4.7920460606,1,poor,NA
AIMS,2021-11-22T03:30:00Z,TLM12,STIC,20210928-20220221,HS,21059656,4477.8,12.594,4.7920460606,1,poor,NA
AIMS,2021-11-22T03:45:00Z,TLM12,STIC,20210928-20220221,HS,21059656,4477.8,12.594,4.7920460606,1,poor,NA
AIMS,2021-11-22T04:00:00Z,TLM12,STIC,20210928-20220221,HS,21059656,4477.8,12.594,4.7920460606,1,poor,NA
AIMS,2021-11-22T04:15:00Z,TLM12,STIC,20210928-20220221,HS,21059656,4650,12.497,5.269335727999999,1,poor,NA
AIMS,2021-11-22T04:30:00Z,TLM12,STIC,20210928-20220221,HS,21059656,4477.8,12.497,4.7920460606,1,poor,NA
AIMS,2021-11-22T04:45:00Z,TLM12,STIC,20210928-20220221,HS,21059656,4477.8,12.497,4.7920460606,1,poor,NA
AIMS,2021-11-22T05:00:00Z,TLM12,STIC,20210928-20220221,HS,21059656,4477.8,12.497,4.7920460606,1,poor,NA
AIMS,2021-11-22T05:15:00Z,TLM12,STIC,20210928-20220221,HS,21059656,4477.8,12.497,4.7920460606,1,poor,NA
AIMS,2021-11-22T05:30:00Z,TLM12,STIC,20210928-20220221,HS,21059656,4477.8,12.594,4.7920460606,1,poor,NA
AIMS,2021-11-22T05:45:00Z,TLM12,STIC,20210928-20220221,HS,21059656,4477.8,12.594,4.7920460606,1,poor,NA
AIMS,2021-11-22T06:00:00Z,TLM12,STIC,20210928-20220221,HS,21059656,4477.8,12.594,4.7920460606,1,poor,NA
AIMS,2021-11-22T06:15:00Z,TLM12,STIC,20210928-20220221,HS,21059656,4650,12.594,5.269335727999999,1,poor,NA
AIMS,2021-11-22T06:30:00Z,TLM12,STIC,20210928-20220221,HS,21059656,4650,12.594,5.269335727999999,1,poor,NA
AIMS,2021-11-22T06:45:00Z,TLM12,STIC,20210928-20220221,HS,21059656,4650,12.594,5.269335727999999,1,poor,NA
AIMS,2021-11-22T07:00:00Z,TLM12,STIC,20210928-20220221,HS,21059656,4650,12.594,5.269335727999999,1,poor,NA
AIMS,2021-11-22T07:15:00Z,TLM12,STIC,20210928-20220221,HS,21059656,4822.3,12.69,5.7469025671,1,poor,NA
AIMS,2021-11-22T07:30:00Z,TLM12,STIC,20210928-20220221,HS,21059656,4822.3,12.69,5.7469025671,1,poor,NA
AIMS,2021-11-22T07:45:00Z,TLM12,STIC,20210928-20220221,HS,21059656,4822.3,12.69,5.7469025671,1,poor,NA
AIMS,2021-11-22T08:00:00Z,TLM12,STIC,20210928-20220221,HS,21059656,4822.3,12.69,5.7469025671,1,poor,NA
AIMS,2021-11-22T08:15:00Z,TLM12,STIC,20210928-20220221,HS,21059656,4994.5,12.69,6.224192234499999,1,poor,NA
AIMS,2021-11-22T08:30:00Z,TLM12,STIC,20210928-20220221,HS,21059656,4994.5,12.69,6.224192234499999,1,poor,NA
AIMS,2021-11-22T08:45:00Z,TLM12,STIC,20210928-20220221,HS,21059656,4994.5,12.787,6.224192234499999,1,poor,NA
AIMS,2021-11-22T09:00:00Z,TLM12,STIC,20210928-20220221,HS,21059656,4994.5,12.787,6.224192234499999,1,poor,NA
AIMS,2021-11-22T09:15:00Z,TLM12,STIC,20210928-20220221,HS,21059656,4994.5,12.787,6.224192234499999,1,poor,NA
AIMS,2021-11-22T09:30:00Z,TLM12,STIC,20210928-20220221,HS,21059656,5166.7,12.787,6.7014819018999985,1,poor,NA
AIMS,2021-11-22T09:45:00Z,TLM12,STIC,20210928-20220221,HS,21059656,5166.7,12.787,6.7014819018999985,1,poor,NA
AIMS,2021-11-22T10:00:00Z,TLM12,STIC,20210928-20220221,HS,21059656,5166.7,12.787,6.7014819018999985,1,poor,NA
AIMS,2021-11-22T10:15:00Z,TLM12,STIC,20210928-20220221,HS,21059656,5166.7,12.883,6.7014819018999985,1,poor,NA
AIMS,2021-11-22T10:30:00Z,TLM12,STIC,20210928-20220221,HS,21059656,5166.7,12.883,6.7014819018999985,1,poor,NA
AIMS,2021-11-22T10:45:00Z,TLM12,STIC,20210928-20220221,HS,21059656,5166.7,12.883,6.7014819018999985,1,poor,NA
AIMS,2021-11-22T11:00:00Z,TLM12,STIC,20210928-20220221,HS,21059656,5166.7,12.883,6.7014819018999985,1,poor,NA
AIMS,2021-11-22T11:15:00Z,TLM12,STIC,20210928-20220221,HS,21059656,5166.7,12.883,6.7014819018999985,1,poor,NA
AIMS,2021-11-22T11:30:00Z,TLM12,STIC,20210928-20220221,HS,21059656,5166.7,12.883,6.7014819018999985,1,poor,NA
AIMS,2021-11-22T11:45:00Z,TLM12,STIC,20210928-20220221,HS,21059656,5166.7,12.883,6.7014819018999985,1,poor,NA
AIMS,2021-11-22T12:00:00Z,TLM12,STIC,20210928-20220221,HS,21059656,5338.9,12.883,7.178771569299999,1,poor,NA
AIMS,2021-11-22T12:15:00Z,TLM12,STIC,20210928-20220221,HS,21059656,5338.9,12.883,7.178771569299999,1,poor,NA
AIMS,2021-11-22T12:30:00Z,TLM12,STIC,20210928-20220221,HS,21059656,5338.9,12.883,7.178771569299999,1,poor,NA
AIMS,2021-11-22T12:45:00Z,TLM12,STIC,20210928-20220221,HS,21059656,5338.9,12.883,7.178771569299999,1,poor,NA
AIMS,2021-11-22T13:00:00Z,TLM12,STIC,20210928-20220221,HS,21059656,5338.9,12.883,7.178771569299999,1,poor,NA
AIMS,2021-11-22T13:15:00Z,TLM12,STIC,20210928-20220221,HS,21059656,5338.9,12.883,7.178771569299999,1,poor,NA
AIMS,2021-11-22T13:30:00Z,TLM12,STIC,20210928-20220221,HS,21059656,5338.9,12.883,7.178771569299999,1,poor,NA
AIMS,2021-11-22T13:45:00Z,TLM12,STIC,20210928-20220221,HS,21059656,5338.9,12.883,7.178771569299999,1,poor,NA
AIMS,2021-11-22T14:00:00Z,TLM12,STIC,20210928-20220221,HS,21059656,5338.9,12.883,7.178771569299999,1,poor,NA
AIMS,2021-11-22T14:15:00Z,TLM12,STIC,20210928-20220221,HS,21059656,5338.9,12.883,7.178771569299999,1,poor,NA
AIMS,2021-11-22T14:30:00Z,TLM12,STIC,20210928-20220221,HS,21059656,5338.9,12.883,7.178771569299999,1,poor,NA
AIMS,2021-11-22T14:45:00Z,TLM12,STIC,20210928-20220221,HS,21059656,5338.9,12.883,7.178771569299999,1,poor,NA
AIMS,2021-11-22T15:00:00Z,TLM12,STIC,20210928-20220221,HS,21059656,5338.9,12.883,7.178771569299999,1,poor,NA
AIMS,2021-11-22T15:15:00Z,TLM12,STIC,20210928-20220221,HS,21059656,5338.9,12.883,7.178771569299999,1,poor,NA
AIMS,2021-11-22T15:30:00Z,TLM12,STIC,20210928-20220221,HS,21059656,5338.9,12.883,7.178771569299999,1,poor,NA
AIMS,2021-11-22T15:45:00Z,TLM12,STIC,20210928-20220221,HS,21059656,5338.9,12.883,7.178771569299999,1,poor,NA
AIMS,2021-11-22T16:00:00Z,TLM12,STIC,20210928-20220221,HS,21059656,5338.9,12.883,7.178771569299999,1,poor,NA
AIMS,2021-11-22T16:15:00Z,TLM12,STIC,20210928-20220221,HS,21059656,5338.9,12.883,7.178771569299999,1,poor,NA
AIMS,2021-11-22T16:30:00Z,TLM12,STIC,20210928-20220221,HS,21059656,5338.9,12.98,7.178771569299999,1,poor,NA
AIMS,2021-11-22T16:45:00Z,TLM12,STIC,20210928-20220221,HS,21059656,5338.9,12.98,7.178771569299999,1,poor,NA
AIMS,2021-11-22T17:00:00Z,TLM12,STIC,20210928-20220221,HS,21059656,5338.9,12.98,7.178771569299999,1,poor,NA
AIMS,2021-11-22T17:15:00Z,TLM12,STIC,20210928-20220221,HS,21059656,5338.9,12.98,7.178771569299999,1,poor,NA
AIMS,2021-11-22T17:30:00Z,TLM12,STIC,20210928-20220221,HS,21059656,5338.9,13.076,7.178771569299999,1,poor,NA
AIMS,2021-11-22T17:45:00Z,TLM12,STIC,20210928-20220221,HS,21059656,5338.9,13.076,7.178771569299999,1,poor,NA
AIMS,2021-11-22T18:00:00Z,TLM12,STIC,20210928-20220221,HS,21059656,5338.9,13.173,7.178771569299999,1,poor,NA
AIMS,2021-11-22T18:15:00Z,TLM12,STIC,20210928-20220221,HS,21059656,5338.9,13.173,7.178771569299999,1,poor,NA
AIMS,2021-11-22T18:30:00Z,TLM12,STIC,20210928-20220221,HS,21059656,5338.9,13.269,7.178771569299999,1,poor,NA
AIMS,2021-11-22T18:45:00Z,TLM12,STIC,20210928-20220221,HS,21059656,5338.9,13.269,7.178771569299999,1,poor,NA
AIMS,2021-11-22T19:00:00Z,TLM12,STIC,20210928-20220221,HS,21059656,5338.9,13.365,7.178771569299999,1,poor,NA
AIMS,2021-11-22T19:15:00Z,TLM12,STIC,20210928-20220221,HS,21059656,5338.9,13.365,7.178771569299999,1,poor,NA
AIMS,2021-11-22T19:30:00Z,TLM12,STIC,20210928-20220221,HS,21059656,5338.9,13.461,7.178771569299999,1,poor,NA
AIMS,2021-11-22T19:45:00Z,TLM12,STIC,20210928-20220221,HS,21059656,5338.9,13.461,7.178771569299999,1,poor,NA
AIMS,2021-11-22T20:00:00Z,TLM12,STIC,20210928-20220221,HS,21059656,5338.9,13.558,7.178771569299999,1,poor,NA
AIMS,2021-11-22T20:15:00Z,TLM12,STIC,20210928-20220221,HS,21059656,5338.9,13.558,7.178771569299999,1,poor,NA
AIMS,2021-11-22T20:30:00Z,TLM12,STIC,20210928-20220221,HS,21059656,5338.9,13.558,7.178771569299999,1,poor,NA
AIMS,2021-11-22T20:45:00Z,TLM12,STIC,20210928-20220221,HS,21059656,5338.9,13.654,7.178771569299999,1,poor,NA
AIMS,2021-11-22T21:00:00Z,TLM12,STIC,20210928-20220221,HS,21059656,5338.9,13.654,7.178771569299999,1,poor,NA
AIMS,2021-11-22T21:15:00Z,TLM12,STIC,20210928-20220221,HS,21059656,5338.9,13.654,7.178771569299999,1,poor,NA
AIMS,2021-11-22T21:30:00Z,TLM12,STIC,20210928-20220221,HS,21059656,5338.9,13.654,7.178771569299999,1,poor,NA
AIMS,2021-11-22T21:45:00Z,TLM12,STIC,20210928-20220221,HS,21059656,5338.9,13.558,7.178771569299999,1,poor,NA
AIMS,2021-11-22T22:00:00Z,TLM12,STIC,20210928-20220221,HS,21059656,5338.9,13.558,7.178771569299999,1,poor,NA
AIMS,2021-11-22T22:15:00Z,TLM12,STIC,20210928-20220221,HS,21059656,5338.9,13.558,7.178771569299999,1,poor,NA
AIMS,2021-11-22T22:30:00Z,TLM12,STIC,20210928-20220221,HS,21059656,5338.9,13.461,7.178771569299999,1,poor,NA
AIMS,2021-11-22T22:45:00Z,TLM12,STIC,20210928-20220221,HS,21059656,5338.9,13.461,7.178771569299999,1,poor,NA
AIMS,2021-11-22T23:00:00Z,TLM12,STIC,20210928-20220221,HS,21059656,5338.9,13.365,7.178771569299999,1,poor,NA
AIMS,2021-11-22T23:15:00Z,TLM12,STIC,20210928-20220221,HS,21059656,5338.9,13.269,7.178771569299999,1,poor,NA
AIMS,2021-11-22T23:30:00Z,TLM12,STIC,20210928-20220221,HS,21059656,5338.9,13.173,7.178771569299999,1,poor,NA
AIMS,2021-11-22T23:45:00Z,TLM12,STIC,20210928-20220221,HS,21059656,5338.9,13.076,7.178771569299999,1,poor,NA
AIMS,2021-11-23T00:00:00Z,TLM12,STIC,20210928-20220221,HS,21059656,5338.9,12.98,7.178771569299999,1,poor,NA
AIMS,2021-11-23T00:15:00Z,TLM12,STIC,20210928-20220221,HS,21059656,5338.9,12.883,7.178771569299999,1,poor,NA
AIMS,2021-11-23T00:30:00Z,TLM12,STIC,20210928-20220221,HS,21059656,5338.9,12.787,7.178771569299999,1,poor,NA
AIMS,2021-11-23T00:45:00Z,TLM12,STIC,20210928-20220221,HS,21059656,5338.9,12.69,7.178771569299999,1,poor,NA
AIMS,2021-11-23T01:00:00Z,TLM12,STIC,20210928-20220221,HS,21059656,5338.9,12.69,7.178771569299999,1,poor,NA
AIMS,2021-11-23T01:15:00Z,TLM12,STIC,20210928-20220221,HS,21059656,5338.9,12.594,7.178771569299999,1,poor,NA
AIMS,2021-11-23T01:30:00Z,TLM12,STIC,20210928-20220221,HS,21059656,5338.9,12.497,7.178771569299999,1,poor,NA
AIMS,2021-11-23T01:45:00Z,TLM12,STIC,20210928-20220221,HS,21059656,5338.9,12.401,7.178771569299999,1,poor,NA
AIMS,2021-11-23T02:00:00Z,TLM12,STIC,20210928-20220221,HS,21059656,5338.9,12.304,7.178771569299999,1,poor,NA
AIMS,2021-11-23T02:15:00Z,TLM12,STIC,20210928-20220221,HS,21059656,5338.9,12.207,7.178771569299999,1,poor,NA
AIMS,2021-11-23T02:30:00Z,TLM12,STIC,20210928-20220221,HS,21059656,5338.9,12.11,7.178771569299999,1,poor,NA
AIMS,2021-11-23T02:45:00Z,TLM12,STIC,20210928-20220221,HS,21059656,5338.9,12.013,7.178771569299999,1,poor,NA
AIMS,2021-11-23T03:00:00Z,TLM12,STIC,20210928-20220221,HS,21059656,5338.9,11.916,7.178771569299999,1,poor,NA
AIMS,2021-11-23T03:15:00Z,TLM12,STIC,20210928-20220221,HS,21059656,5166.7,11.819,6.7014819018999985,1,poor,NA
AIMS,2021-11-23T03:30:00Z,TLM12,STIC,20210928-20220221,HS,21059656,5166.7,11.722,6.7014819018999985,1,poor,NA
AIMS,2021-11-23T03:45:00Z,TLM12,STIC,20210928-20220221,HS,21059656,5166.7,11.722,6.7014819018999985,1,poor,NA
AIMS,2021-11-23T04:00:00Z,TLM12,STIC,20210928-20220221,HS,21059656,5166.7,11.625,6.7014819018999985,1,poor,NA
AIMS,2021-11-23T04:15:00Z,TLM12,STIC,20210928-20220221,HS,21059656,5166.7,11.528,6.7014819018999985,1,poor,NA
AIMS,2021-11-23T04:30:00Z,TLM12,STIC,20210928-20220221,HS,21059656,5166.7,11.431,6.7014819018999985,1,poor,NA
AIMS,2021-11-23T04:45:00Z,TLM12,STIC,20210928-20220221,HS,21059656,5166.7,11.334,6.7014819018999985,1,poor,NA
AIMS,2021-11-23T05:00:00Z,TLM12,STIC,20210928-20220221,HS,21059656,5166.7,11.236,6.7014819018999985,1,poor,NA
AIMS,2021-11-23T05:15:00Z,TLM12,STIC,20210928-20220221,HS,21059656,5166.7,11.236,6.7014819018999985,1,poor,NA
AIMS,2021-11-23T05:30:00Z,TLM12,STIC,20210928-20220221,HS,21059656,5166.7,11.139,6.7014819018999985,1,poor,NA
AIMS,2021-11-23T05:45:00Z,TLM12,STIC,20210928-20220221,HS,21059656,5166.7,11.041,6.7014819018999985,1,poor,NA
AIMS,2021-11-23T06:00:00Z,TLM12,STIC,20210928-20220221,HS,21059656,5166.7,11.041,6.7014819018999985,1,poor,NA
AIMS,2021-11-23T06:15:00Z,TLM12,STIC,20210928-20220221,HS,21059656,5166.7,10.944,6.7014819018999985,1,poor,NA
AIMS,2021-11-23T06:30:00Z,TLM12,STIC,20210928-20220221,HS,21059656,5166.7,10.846,6.7014819018999985,1,poor,NA
AIMS,2021-11-23T06:45:00Z,TLM12,STIC,20210928-20220221,HS,21059656,5166.7,10.846,6.7014819018999985,1,poor,NA
AIMS,2021-11-23T07:00:00Z,TLM12,STIC,20210928-20220221,HS,21059656,5166.7,10.748,6.7014819018999985,1,poor,NA
AIMS,2021-11-23T07:15:00Z,TLM12,STIC,20210928-20220221,HS,21059656,5166.7,10.748,6.7014819018999985,1,poor,NA
AIMS,2021-11-23T07:30:00Z,TLM12,STIC,20210928-20220221,HS,21059656,5166.7,10.651,6.7014819018999985,1,poor,NA
AIMS,2021-11-23T07:45:00Z,TLM12,STIC,20210928-20220221,HS,21059656,5166.7,10.553,6.7014819018999985,1,poor,NA
AIMS,2021-11-23T08:00:00Z,TLM12,STIC,20210928-20220221,HS,21059656,5166.7,10.553,6.7014819018999985,1,poor,NA
AIMS,2021-11-23T08:15:00Z,TLM12,STIC,20210928-20220221,HS,21059656,5166.7,10.455,6.7014819018999985,1,poor,NA
AIMS,2021-11-23T08:30:00Z,TLM12,STIC,20210928-20220221,HS,21059656,5166.7,10.455,6.7014819018999985,1,poor,NA
AIMS,2021-11-23T08:45:00Z,TLM12,STIC,20210928-20220221,HS,21059656,5166.7,10.357,6.7014819018999985,1,poor,NA
AIMS,2021-11-23T09:00:00Z,TLM12,STIC,20210928-20220221,HS,21059656,5166.7,10.259,6.7014819018999985,1,poor,NA
AIMS,2021-11-23T09:15:00Z,TLM12,STIC,20210928-20220221,HS,21059656,5166.7,10.259,6.7014819018999985,1,poor,NA
AIMS,2021-11-23T09:30:00Z,TLM12,STIC,20210928-20220221,HS,21059656,5166.7,10.161,6.7014819018999985,1,poor,NA
AIMS,2021-11-23T09:45:00Z,TLM12,STIC,20210928-20220221,HS,21059656,5166.7,10.161,6.7014819018999985,1,poor,NA
AIMS,2021-11-23T10:00:00Z,TLM12,STIC,20210928-20220221,HS,21059656,5166.7,10.063,6.7014819018999985,1,poor,NA
AIMS,2021-11-23T10:15:00Z,TLM12,STIC,20210928-20220221,HS,21059656,5166.7,9.965,6.7014819018999985,1,poor,NA
AIMS,2021-11-23T10:30:00Z,TLM12,STIC,20210928-20220221,HS,21059656,5166.7,9.965,6.7014819018999985,1,poor,NA
AIMS,2021-11-23T10:45:00Z,TLM12,STIC,20210928-20220221,HS,21059656,5166.7,9.866,6.7014819018999985,1,poor,NA
AIMS,2021-11-23T11:00:00Z,TLM12,STIC,20210928-20220221,HS,21059656,5166.7,9.866,6.7014819018999985,1,poor,NA
AIMS,2021-11-23T11:15:00Z,TLM12,STIC,20210928-20220221,HS,21059656,5166.7,9.768,6.7014819018999985,1,poor,NA
AIMS,2021-11-23T11:30:00Z,TLM12,STIC,20210928-20220221,HS,21059656,5166.7,9.768,6.7014819018999985,1,poor,NA
AIMS,2021-11-23T11:45:00Z,TLM12,STIC,20210928-20220221,HS,21059656,5166.7,9.669,6.7014819018999985,1,poor,NA
AIMS,2021-11-23T12:00:00Z,TLM12,STIC,20210928-20220221,HS,21059656,5166.7,9.669,6.7014819018999985,1,poor,NA
AIMS,2021-11-23T12:15:00Z,TLM12,STIC,20210928-20220221,HS,21059656,5166.7,9.571,6.7014819018999985,1,poor,NA
AIMS,2021-11-23T12:30:00Z,TLM12,STIC,20210928-20220221,HS,21059656,5166.7,9.571,6.7014819018999985,1,poor,NA
AIMS,2021-11-23T12:45:00Z,TLM12,STIC,20210928-20220221,HS,21059656,4994.5,9.472,6.224192234499999,1,poor,NA
AIMS,2021-11-23T13:00:00Z,TLM12,STIC,20210928-20220221,HS,21059656,4994.5,9.472,6.224192234499999,1,poor,NA
AIMS,2021-11-23T13:15:00Z,TLM12,STIC,20210928-20220221,HS,21059656,4994.5,9.373,6.224192234499999,1,poor,NA
AIMS,2021-11-23T13:30:00Z,TLM12,STIC,20210928-20220221,HS,21059656,4994.5,9.373,6.224192234499999,1,poor,NA
AIMS,2021-11-23T13:45:00Z,TLM12,STIC,20210928-20220221,HS,21059656,4994.5,9.275,6.224192234499999,1,poor,NA
AIMS,2021-11-23T14:00:00Z,TLM12,STIC,20210928-20220221,HS,21059656,4994.5,9.275,6.224192234499999,1,poor,NA
AIMS,2021-11-23T14:15:00Z,TLM12,STIC,20210928-20220221,HS,21059656,4994.5,9.176,6.224192234499999,1,poor,NA
AIMS,2021-11-23T14:30:00Z,TLM12,STIC,20210928-20220221,HS,21059656,4994.5,9.176,6.224192234499999,1,poor,NA
AIMS,2021-11-23T14:45:00Z,TLM12,STIC,20210928-20220221,HS,21059656,4994.5,9.176,6.224192234499999,1,poor,NA
AIMS,2021-11-23T15:00:00Z,TLM12,STIC,20210928-20220221,HS,21059656,4994.5,9.176,6.224192234499999,1,poor,NA
AIMS,2021-11-23T15:15:00Z,TLM12,STIC,20210928-20220221,HS,21059656,4994.5,9.077,6.224192234499999,1,poor,NA
AIMS,2021-11-23T15:30:00Z,TLM12,STIC,20210928-20220221,HS,21059656,4994.5,9.176,6.224192234499999,1,poor,NA
AIMS,2021-11-23T15:45:00Z,TLM12,STIC,20210928-20220221,HS,21059656,4994.5,9.176,6.224192234499999,1,poor,NA
AIMS,2021-11-23T16:00:00Z,TLM12,STIC,20210928-20220221,HS,21059656,4994.5,9.176,6.224192234499999,1,poor,NA
AIMS,2021-11-23T16:15:00Z,TLM12,STIC,20210928-20220221,HS,21059656,4994.5,9.176,6.224192234499999,1,poor,NA
AIMS,2021-11-23T16:30:00Z,TLM12,STIC,20210928-20220221,HS,21059656,4994.5,9.275,6.224192234499999,1,poor,NA
AIMS,2021-11-23T16:45:00Z,TLM12,STIC,20210928-20220221,HS,21059656,4994.5,9.275,6.224192234499999,1,poor,NA
AIMS,2021-11-23T17:00:00Z,TLM12,STIC,20210928-20220221,HS,21059656,4994.5,9.373,6.224192234499999,1,poor,NA
AIMS,2021-11-23T17:15:00Z,TLM12,STIC,20210928-20220221,HS,21059656,4994.5,9.472,6.224192234499999,1,poor,NA
AIMS,2021-11-23T17:30:00Z,TLM12,STIC,20210928-20220221,HS,21059656,4994.5,9.472,6.224192234499999,1,poor,NA
AIMS,2021-11-23T17:45:00Z,TLM12,STIC,20210928-20220221,HS,21059656,4994.5,9.571,6.224192234499999,1,poor,NA
AIMS,2021-11-23T18:00:00Z,TLM12,STIC,20210928-20220221,HS,21059656,4994.5,9.669,6.224192234499999,1,poor,NA
AIMS,2021-11-23T18:15:00Z,TLM12,STIC,20210928-20220221,HS,21059656,5166.7,9.866,6.7014819018999985,1,poor,NA
AIMS,2021-11-23T18:30:00Z,TLM12,STIC,20210928-20220221,HS,21059656,5166.7,9.866,6.7014819018999985,1,poor,NA
AIMS,2021-11-23T18:45:00Z,TLM12,STIC,20210928-20220221,HS,21059656,5166.7,10.063,6.7014819018999985,1,poor,NA
AIMS,2021-11-23T19:00:00Z,TLM12,STIC,20210928-20220221,HS,21059656,5166.7,10.161,6.7014819018999985,1,poor,NA
AIMS,2021-11-23T19:15:00Z,TLM12,STIC,20210928-20220221,HS,21059656,5166.7,10.259,6.7014819018999985,1,poor,NA
AIMS,2021-11-23T19:30:00Z,TLM12,STIC,20210928-20220221,HS,21059656,5166.7,10.357,6.7014819018999985,1,poor,NA
AIMS,2021-11-23T19:45:00Z,TLM12,STIC,20210928-20220221,HS,21059656,5166.7,10.553,6.7014819018999985,1,poor,NA
AIMS,2021-11-23T20:00:00Z,TLM12,STIC,20210928-20220221,HS,21059656,5166.7,10.651,6.7014819018999985,1,poor,NA
AIMS,2021-11-23T20:15:00Z,TLM12,STIC,20210928-20220221,HS,21059656,5166.7,10.651,6.7014819018999985,1,poor,NA
AIMS,2021-11-23T20:30:00Z,TLM12,STIC,20210928-20220221,HS,21059656,5166.7,10.748,6.7014819018999985,1,poor,NA
AIMS,2021-11-23T20:45:00Z,TLM12,STIC,20210928-20220221,HS,21059656,5166.7,10.846,6.7014819018999985,1,poor,NA
AIMS,2021-11-23T21:00:00Z,TLM12,STIC,20210928-20220221,HS,21059656,5166.7,10.846,6.7014819018999985,1,poor,NA
AIMS,2021-11-23T21:15:00Z,TLM12,STIC,20210928-20220221,HS,21059656,5166.7,10.846,6.7014819018999985,1,poor,NA
AIMS,2021-11-23T21:30:00Z,TLM12,STIC,20210928-20220221,HS,21059656,5166.7,10.846,6.7014819018999985,1,poor,NA
AIMS,2021-11-23T21:45:00Z,TLM12,STIC,20210928-20220221,HS,21059656,5166.7,10.944,6.7014819018999985,1,poor,NA
AIMS,2021-11-23T22:00:00Z,TLM12,STIC,20210928-20220221,HS,21059656,5166.7,10.944,6.7014819018999985,1,poor,NA
AIMS,2021-11-23T22:15:00Z,TLM12,STIC,20210928-20220221,HS,21059656,5166.7,10.944,6.7014819018999985,1,poor,NA
AIMS,2021-11-23T22:30:00Z,TLM12,STIC,20210928-20220221,HS,21059656,5166.7,10.944,6.7014819018999985,1,poor,NA
AIMS,2021-11-23T22:45:00Z,TLM12,STIC,20210928-20220221,HS,21059656,5166.7,10.944,6.7014819018999985,1,poor,NA
AIMS,2021-11-23T23:00:00Z,TLM12,STIC,20210928-20220221,HS,21059656,5166.7,10.944,6.7014819018999985,1,poor,NA
AIMS,2021-11-23T23:15:00Z,TLM12,STIC,20210928-20220221,HS,21059656,5166.7,10.846,6.7014819018999985,1,poor,NA
AIMS,2021-11-23T23:30:00Z,TLM12,STIC,20210928-20220221,HS,21059656,5166.7,10.846,6.7014819018999985,1,poor,NA
AIMS,2021-11-23T23:45:00Z,TLM12,STIC,20210928-20220221,HS,21059656,5166.7,10.748,6.7014819018999985,1,poor,NA
AIMS,2021-11-24T00:00:00Z,TLM12,STIC,20210928-20220221,HS,21059656,5166.7,10.748,6.7014819018999985,1,poor,NA
AIMS,2021-11-24T00:15:00Z,TLM12,STIC,20210928-20220221,HS,21059656,5166.7,10.651,6.7014819018999985,1,poor,NA
AIMS,2021-11-24T00:30:00Z,TLM12,STIC,20210928-20220221,HS,21059656,5166.7,10.651,6.7014819018999985,1,poor,NA
AIMS,2021-11-24T00:45:00Z,TLM12,STIC,20210928-20220221,HS,21059656,5166.7,10.553,6.7014819018999985,1,poor,NA
AIMS,2021-11-24T01:00:00Z,TLM12,STIC,20210928-20220221,HS,21059656,5166.7,10.553,6.7014819018999985,1,poor,NA
AIMS,2021-11-24T01:15:00Z,TLM12,STIC,20210928-20220221,HS,21059656,5166.7,10.455,6.7014819018999985,1,poor,NA
AIMS,2021-11-24T01:30:00Z,TLM12,STIC,20210928-20220221,HS,21059656,5166.7,10.357,6.7014819018999985,1,poor,NA
AIMS,2021-11-24T01:45:00Z,TLM12,STIC,20210928-20220221,HS,21059656,5166.7,10.357,6.7014819018999985,1,poor,NA
AIMS,2021-11-24T02:00:00Z,TLM12,STIC,20210928-20220221,HS,21059656,5166.7,10.259,6.7014819018999985,1,poor,NA
AIMS,2021-11-24T02:15:00Z,TLM12,STIC,20210928-20220221,HS,21059656,5166.7,10.161,6.7014819018999985,1,poor,NA
AIMS,2021-11-24T02:30:00Z,TLM12,STIC,20210928-20220221,HS,21059656,5166.7,10.161,6.7014819018999985,1,poor,NA
AIMS,2021-11-24T02:45:00Z,TLM12,STIC,20210928-20220221,HS,21059656,5166.7,10.063,6.7014819018999985,1,poor,NA
AIMS,2021-11-24T03:00:00Z,TLM12,STIC,20210928-20220221,HS,21059656,5166.7,9.965,6.7014819018999985,1,poor,NA
AIMS,2021-11-24T03:15:00Z,TLM12,STIC,20210928-20220221,HS,21059656,5166.7,9.965,6.7014819018999985,1,poor,NA
AIMS,2021-11-24T03:30:00Z,TLM12,STIC,20210928-20220221,HS,21059656,5166.7,9.866,6.7014819018999985,1,poor,NA
AIMS,2021-11-24T03:45:00Z,TLM12,STIC,20210928-20220221,HS,21059656,5166.7,9.768,6.7014819018999985,1,poor,NA
AIMS,2021-11-24T04:00:00Z,TLM12,STIC,20210928-20220221,HS,21059656,4994.5,9.768,6.224192234499999,1,poor,NA
AIMS,2021-11-24T04:15:00Z,TLM12,STIC,20210928-20220221,HS,21059656,4994.5,9.669,6.224192234499999,1,poor,NA
AIMS,2021-11-24T04:30:00Z,TLM12,STIC,20210928-20220221,HS,21059656,4994.5,9.571,6.224192234499999,1,poor,NA
AIMS,2021-11-24T04:45:00Z,TLM12,STIC,20210928-20220221,HS,21059656,4994.5,9.571,6.224192234499999,1,poor,NA
AIMS,2021-11-24T05:00:00Z,TLM12,STIC,20210928-20220221,HS,21059656,4994.5,9.472,6.224192234499999,1,poor,NA
AIMS,2021-11-24T05:15:00Z,TLM12,STIC,20210928-20220221,HS,21059656,4994.5,9.472,6.224192234499999,1,poor,NA
AIMS,2021-11-24T05:30:00Z,TLM12,STIC,20210928-20220221,HS,21059656,4994.5,9.373,6.224192234499999,1,poor,NA
AIMS,2021-11-24T05:45:00Z,TLM12,STIC,20210928-20220221,HS,21059656,4994.5,9.373,6.224192234499999,1,poor,NA
AIMS,2021-11-24T06:00:00Z,TLM12,STIC,20210928-20220221,HS,21059656,4994.5,9.275,6.224192234499999,1,poor,NA
AIMS,2021-11-24T06:15:00Z,TLM12,STIC,20210928-20220221,HS,21059656,4994.5,9.275,6.224192234499999,1,poor,NA
AIMS,2021-11-24T06:30:00Z,TLM12,STIC,20210928-20220221,HS,21059656,4994.5,9.176,6.224192234499999,1,poor,NA
AIMS,2021-11-24T06:45:00Z,TLM12,STIC,20210928-20220221,HS,21059656,4994.5,9.176,6.224192234499999,1,poor,NA
AIMS,2021-11-24T07:00:00Z,TLM12,STIC,20210928-20220221,HS,21059656,4994.5,9.077,6.224192234499999,1,poor,NA
AIMS,2021-11-24T07:15:00Z,TLM12,STIC,20210928-20220221,HS,21059656,4994.5,9.077,6.224192234499999,1,poor,NA
AIMS,2021-11-24T07:30:00Z,TLM12,STIC,20210928-20220221,HS,21059656,4994.5,8.978,6.224192234499999,1,poor,NA
AIMS,2021-11-24T07:45:00Z,TLM12,STIC,20210928-20220221,HS,21059656,4994.5,8.978,6.224192234499999,1,poor,NA
AIMS,2021-11-24T08:00:00Z,TLM12,STIC,20210928-20220221,HS,21059656,4994.5,8.978,6.224192234499999,1,poor,NA
AIMS,2021-11-24T08:15:00Z,TLM12,STIC,20210928-20220221,HS,21059656,4994.5,8.879,6.224192234499999,1,poor,NA
AIMS,2021-11-24T08:30:00Z,TLM12,STIC,20210928-20220221,HS,21059656,4994.5,8.879,6.224192234499999,1,poor,NA
AIMS,2021-11-24T08:45:00Z,TLM12,STIC,20210928-20220221,HS,21059656,4994.5,8.779,6.224192234499999,1,poor,NA
AIMS,2021-11-24T09:00:00Z,TLM12,STIC,20210928-20220221,HS,21059656,4994.5,8.779,6.224192234499999,1,poor,NA
AIMS,2021-11-24T09:15:00Z,TLM12,STIC,20210928-20220221,HS,21059656,4994.5,8.68,6.224192234499999,1,poor,NA
AIMS,2021-11-24T09:30:00Z,TLM12,STIC,20210928-20220221,HS,21059656,4994.5,8.68,6.224192234499999,1,poor,NA
AIMS,2021-11-24T09:45:00Z,TLM12,STIC,20210928-20220221,HS,21059656,4994.5,8.68,6.224192234499999,1,poor,NA
AIMS,2021-11-24T10:00:00Z,TLM12,STIC,20210928-20220221,HS,21059656,4994.5,8.581,6.224192234499999,1,poor,NA
AIMS,2021-11-24T10:15:00Z,TLM12,STIC,20210928-20220221,HS,21059656,4822.3,8.581,5.7469025671,1,poor,NA
AIMS,2021-11-24T10:30:00Z,TLM12,STIC,20210928-20220221,HS,21059656,4822.3,8.481,5.7469025671,1,poor,NA
AIMS,2021-11-24T10:45:00Z,TLM12,STIC,20210928-20220221,HS,21059656,4822.3,8.481,5.7469025671,1,poor,NA
AIMS,2021-11-24T11:00:00Z,TLM12,STIC,20210928-20220221,HS,21059656,4822.3,8.382,5.7469025671,1,poor,NA
AIMS,2021-11-24T11:15:00Z,TLM12,STIC,20210928-20220221,HS,21059656,4822.3,8.382,5.7469025671,1,poor,NA
AIMS,2021-11-24T11:30:00Z,TLM12,STIC,20210928-20220221,HS,21059656,4822.3,8.382,5.7469025671,1,poor,NA
AIMS,2021-11-24T11:45:00Z,TLM12,STIC,20210928-20220221,HS,21059656,4822.3,8.282,5.7469025671,1,poor,NA
AIMS,2021-11-24T12:00:00Z,TLM12,STIC,20210928-20220221,HS,21059656,4650,8.282,5.269335727999999,1,poor,NA
AIMS,2021-11-24T12:15:00Z,TLM12,STIC,20210928-20220221,HS,21059656,4650,8.282,5.269335727999999,1,poor,NA
AIMS,2021-11-24T12:30:00Z,TLM12,STIC,20210928-20220221,HS,21059656,4650,8.182,5.269335727999999,1,poor,NA
AIMS,2021-11-24T12:45:00Z,TLM12,STIC,20210928-20220221,HS,21059656,4650,8.182,5.269335727999999,1,poor,NA
AIMS,2021-11-24T13:00:00Z,TLM12,STIC,20210928-20220221,HS,21059656,4650,8.182,5.269335727999999,1,poor,NA
AIMS,2021-11-24T13:15:00Z,TLM12,STIC,20210928-20220221,HS,21059656,4650,8.082,5.269335727999999,1,poor,NA
AIMS,2021-11-24T13:30:00Z,TLM12,STIC,20210928-20220221,HS,21059656,4650,8.082,5.269335727999999,1,poor,NA
AIMS,2021-11-24T13:45:00Z,TLM12,STIC,20210928-20220221,HS,21059656,4650,8.082,5.269335727999999,1,poor,NA
AIMS,2021-11-24T14:00:00Z,TLM12,STIC,20210928-20220221,HS,21059656,4650,8.082,5.269335727999999,1,poor,NA
AIMS,2021-11-24T14:15:00Z,TLM12,STIC,20210928-20220221,HS,21059656,4650,8.082,5.269335727999999,1,poor,NA
AIMS,2021-11-24T14:30:00Z,TLM12,STIC,20210928-20220221,HS,21059656,4650,7.983,5.269335727999999,1,poor,NA
AIMS,2021-11-24T14:45:00Z,TLM12,STIC,20210928-20220221,HS,21059656,4650,7.983,5.269335727999999,1,poor,NA
AIMS,2021-11-24T15:00:00Z,TLM12,STIC,20210928-20220221,HS,21059656,4650,7.983,5.269335727999999,1,poor,NA
AIMS,2021-11-24T15:15:00Z,TLM12,STIC,20210928-20220221,HS,21059656,4650,7.983,5.269335727999999,1,poor,NA
AIMS,2021-11-24T15:30:00Z,TLM12,STIC,20210928-20220221,HS,21059656,4650,7.983,5.269335727999999,1,poor,NA
AIMS,2021-11-24T15:45:00Z,TLM12,STIC,20210928-20220221,HS,21059656,4650,8.082,5.269335727999999,1,poor,NA
AIMS,2021-11-24T16:00:00Z,TLM12,STIC,20210928-20220221,HS,21059656,4650,8.082,5.269335727999999,1,poor,NA
AIMS,2021-11-24T16:15:00Z,TLM12,STIC,20210928-20220221,HS,21059656,4650,8.182,5.269335727999999,1,poor,NA
AIMS,2021-11-24T16:30:00Z,TLM12,STIC,20210928-20220221,HS,21059656,4650,8.282,5.269335727999999,1,poor,NA
AIMS,2021-11-24T16:45:00Z,TLM12,STIC,20210928-20220221,HS,21059656,4650,8.382,5.269335727999999,1,poor,NA
AIMS,2021-11-24T17:00:00Z,TLM12,STIC,20210928-20220221,HS,21059656,4650,8.481,5.269335727999999,1,poor,NA
AIMS,2021-11-24T17:15:00Z,TLM12,STIC,20210928-20220221,HS,21059656,4650,8.581,5.269335727999999,1,poor,NA
AIMS,2021-11-24T17:30:00Z,TLM12,STIC,20210928-20220221,HS,21059656,4650,8.68,5.269335727999999,1,poor,NA
AIMS,2021-11-24T17:45:00Z,TLM12,STIC,20210928-20220221,HS,21059656,4650,8.879,5.269335727999999,1,poor,NA
AIMS,2021-11-24T18:00:00Z,TLM12,STIC,20210928-20220221,HS,21059656,4650,8.978,5.269335727999999,1,poor,NA
AIMS,2021-11-24T18:15:00Z,TLM12,STIC,20210928-20220221,HS,21059656,4650,9.176,5.269335727999999,1,poor,NA
AIMS,2021-11-24T18:30:00Z,TLM12,STIC,20210928-20220221,HS,21059656,4650,9.275,5.269335727999999,1,poor,NA
AIMS,2021-11-24T18:45:00Z,TLM12,STIC,20210928-20220221,HS,21059656,4650,9.472,5.269335727999999,1,poor,NA
AIMS,2021-11-24T19:00:00Z,TLM12,STIC,20210928-20220221,HS,21059656,4650,9.571,5.269335727999999,1,poor,NA
AIMS,2021-11-24T19:15:00Z,TLM12,STIC,20210928-20220221,HS,21059656,4650,9.768,5.269335727999999,1,poor,NA
AIMS,2021-11-24T19:30:00Z,TLM12,STIC,20210928-20220221,HS,21059656,4650,9.965,5.269335727999999,1,poor,NA
AIMS,2021-11-24T19:45:00Z,TLM12,STIC,20210928-20220221,HS,21059656,4650,10.161,5.269335727999999,1,poor,NA
AIMS,2021-11-24T20:00:00Z,TLM12,STIC,20210928-20220221,HS,21059656,4650,10.161,5.269335727999999,1,poor,NA
AIMS,2021-11-24T20:15:00Z,TLM12,STIC,20210928-20220221,HS,21059656,4650,10.357,5.269335727999999,1,poor,NA
AIMS,2021-11-24T20:30:00Z,TLM12,STIC,20210928-20220221,HS,21059656,4822.3,10.455,5.7469025671,1,poor,NA
AIMS,2021-11-24T20:45:00Z,TLM12,STIC,20210928-20220221,HS,21059656,4822.3,10.455,5.7469025671,1,poor,NA
AIMS,2021-11-24T21:00:00Z,TLM12,STIC,20210928-20220221,HS,21059656,4822.3,10.553,5.7469025671,1,poor,NA
AIMS,2021-11-24T21:15:00Z,TLM12,STIC,20210928-20220221,HS,21059656,4822.3,10.553,5.7469025671,1,poor,NA
AIMS,2021-11-24T21:30:00Z,TLM12,STIC,20210928-20220221,HS,21059656,4822.3,10.651,5.7469025671,1,poor,NA
AIMS,2021-11-24T21:45:00Z,TLM12,STIC,20210928-20220221,HS,21059656,4822.3,10.651,5.7469025671,1,poor,NA
AIMS,2021-11-24T22:00:00Z,TLM12,STIC,20210928-20220221,HS,21059656,4822.3,10.748,5.7469025671,1,poor,NA
AIMS,2021-11-24T22:15:00Z,TLM12,STIC,20210928-20220221,HS,21059656,4822.3,10.748,5.7469025671,1,poor,NA
AIMS,2021-11-24T22:30:00Z,TLM12,STIC,20210928-20220221,HS,21059656,4822.3,10.748,5.7469025671,1,poor,NA
AIMS,2021-11-24T22:45:00Z,TLM12,STIC,20210928-20220221,HS,21059656,4822.3,10.846,5.7469025671,1,poor,NA
AIMS,2021-11-24T23:00:00Z,TLM12,STIC,20210928-20220221,HS,21059656,4822.3,10.846,5.7469025671,1,poor,NA
AIMS,2021-11-24T23:15:00Z,TLM12,STIC,20210928-20220221,HS,21059656,4822.3,10.748,5.7469025671,1,poor,NA
AIMS,2021-11-24T23:30:00Z,TLM12,STIC,20210928-20220221,HS,21059656,4822.3,10.748,5.7469025671,1,poor,NA
AIMS,2021-11-24T23:45:00Z,TLM12,STIC,20210928-20220221,HS,21059656,4822.3,10.748,5.7469025671,1,poor,NA
AIMS,2021-11-25T00:00:00Z,TLM12,STIC,20210928-20220221,HS,21059656,4822.3,10.748,5.7469025671,1,poor,NA
AIMS,2021-11-25T00:15:00Z,TLM12,STIC,20210928-20220221,HS,21059656,4822.3,10.651,5.7469025671,1,poor,NA
AIMS,2021-11-25T00:30:00Z,TLM12,STIC,20210928-20220221,HS,21059656,4822.3,10.651,5.7469025671,1,poor,NA
AIMS,2021-11-25T00:45:00Z,TLM12,STIC,20210928-20220221,HS,21059656,4822.3,10.553,5.7469025671,1,poor,NA
AIMS,2021-11-25T01:00:00Z,TLM12,STIC,20210928-20220221,HS,21059656,4822.3,10.553,5.7469025671,1,poor,NA
AIMS,2021-11-25T01:15:00Z,TLM12,STIC,20210928-20220221,HS,21059656,4822.3,10.455,5.7469025671,1,poor,NA
AIMS,2021-11-25T01:30:00Z,TLM12,STIC,20210928-20220221,HS,21059656,4822.3,10.357,5.7469025671,1,poor,NA
AIMS,2021-11-25T01:45:00Z,TLM12,STIC,20210928-20220221,HS,21059656,4822.3,10.357,5.7469025671,1,poor,NA
AIMS,2021-11-25T02:00:00Z,TLM12,STIC,20210928-20220221,HS,21059656,4822.3,10.259,5.7469025671,1,poor,NA
AIMS,2021-11-25T02:15:00Z,TLM12,STIC,20210928-20220221,HS,21059656,4650,10.161,5.269335727999999,1,poor,NA
AIMS,2021-11-25T02:30:00Z,TLM12,STIC,20210928-20220221,HS,21059656,4650,10.161,5.269335727999999,1,poor,NA
AIMS,2021-11-25T02:45:00Z,TLM12,STIC,20210928-20220221,HS,21059656,4650,10.063,5.269335727999999,1,poor,NA
AIMS,2021-11-25T03:00:00Z,TLM12,STIC,20210928-20220221,HS,21059656,4650,10.063,5.269335727999999,1,poor,NA
AIMS,2021-11-25T03:15:00Z,TLM12,STIC,20210928-20220221,HS,21059656,4650,9.965,5.269335727999999,1,poor,NA
AIMS,2021-11-25T03:30:00Z,TLM12,STIC,20210928-20220221,HS,21059656,4650,9.866,5.269335727999999,1,poor,NA
AIMS,2021-11-25T03:45:00Z,TLM12,STIC,20210928-20220221,HS,21059656,4650,9.866,5.269335727999999,1,poor,NA
AIMS,2021-11-25T04:00:00Z,TLM12,STIC,20210928-20220221,HS,21059656,4650,9.768,5.269335727999999,1,poor,NA
AIMS,2021-11-25T04:15:00Z,TLM12,STIC,20210928-20220221,HS,21059656,4650,9.768,5.269335727999999,1,poor,NA
AIMS,2021-11-25T04:30:00Z,TLM12,STIC,20210928-20220221,HS,21059656,4650,9.669,5.269335727999999,1,poor,NA
AIMS,2021-11-25T04:45:00Z,TLM12,STIC,20210928-20220221,HS,21059656,4650,9.669,5.269335727999999,1,poor,NA
AIMS,2021-11-25T05:00:00Z,TLM12,STIC,20210928-20220221,HS,21059656,4650,9.669,5.269335727999999,1,poor,NA
AIMS,2021-11-25T05:15:00Z,TLM12,STIC,20210928-20220221,HS,21059656,4650,9.571,5.269335727999999,1,poor,NA
AIMS,2021-11-25T05:30:00Z,TLM12,STIC,20210928-20220221,HS,21059656,4650,9.571,5.269335727999999,1,poor,NA
AIMS,2021-11-25T05:45:00Z,TLM12,STIC,20210928-20220221,HS,21059656,4650,9.571,5.269335727999999,1,poor,NA
AIMS,2021-11-25T06:00:00Z,TLM12,STIC,20210928-20220221,HS,21059656,4650,9.472,5.269335727999999,1,poor,NA
AIMS,2021-11-25T06:15:00Z,TLM12,STIC,20210928-20220221,HS,21059656,4650,9.472,5.269335727999999,1,poor,NA
AIMS,2021-11-25T06:30:00Z,TLM12,STIC,20210928-20220221,HS,21059656,4650,9.472,5.269335727999999,1,poor,NA
AIMS,2021-11-25T06:45:00Z,TLM12,STIC,20210928-20220221,HS,21059656,4650,9.472,5.269335727999999,1,poor,NA
AIMS,2021-11-25T07:00:00Z,TLM12,STIC,20210928-20220221,HS,21059656,4650,9.373,5.269335727999999,1,poor,NA
AIMS,2021-11-25T07:15:00Z,TLM12,STIC,20210928-20220221,HS,21059656,4650,9.373,5.269335727999999,1,poor,NA
AIMS,2021-11-25T07:30:00Z,TLM12,STIC,20210928-20220221,HS,21059656,4650,9.275,5.269335727999999,1,poor,NA
AIMS,2021-11-25T07:45:00Z,TLM12,STIC,20210928-20220221,HS,21059656,4650,9.275,5.269335727999999,1,poor,NA
AIMS,2021-11-25T08:00:00Z,TLM12,STIC,20210928-20220221,HS,21059656,4650,9.275,5.269335727999999,1,poor,NA
AIMS,2021-11-25T08:15:00Z,TLM12,STIC,20210928-20220221,HS,21059656,4650,9.275,5.269335727999999,1,poor,NA
AIMS,2021-11-25T08:30:00Z,TLM12,STIC,20210928-20220221,HS,21059656,4650,9.176,5.269335727999999,1,poor,NA
AIMS,2021-11-25T08:45:00Z,TLM12,STIC,20210928-20220221,HS,21059656,4650,9.176,5.269335727999999,1,poor,NA
AIMS,2021-11-25T09:00:00Z,TLM12,STIC,20210928-20220221,HS,21059656,4650,9.176,5.269335727999999,1,poor,NA
AIMS,2021-11-25T09:15:00Z,TLM12,STIC,20210928-20220221,HS,21059656,4650,9.077,5.269335727999999,1,poor,NA
AIMS,2021-11-25T09:30:00Z,TLM12,STIC,20210928-20220221,HS,21059656,4650,9.077,5.269335727999999,1,poor,NA
AIMS,2021-11-25T09:45:00Z,TLM12,STIC,20210928-20220221,HS,21059656,4650,9.077,5.269335727999999,1,poor,NA
AIMS,2021-11-25T10:00:00Z,TLM12,STIC,20210928-20220221,HS,21059656,4650,8.978,5.269335727999999,1,poor,NA
AIMS,2021-11-25T10:15:00Z,TLM12,STIC,20210928-20220221,HS,21059656,4650,8.978,5.269335727999999,1,poor,NA
AIMS,2021-11-25T10:30:00Z,TLM12,STIC,20210928-20220221,HS,21059656,4650,8.978,5.269335727999999,1,poor,NA
AIMS,2021-11-25T10:45:00Z,TLM12,STIC,20210928-20220221,HS,21059656,4650,8.879,5.269335727999999,1,poor,NA
AIMS,2021-11-25T11:00:00Z,TLM12,STIC,20210928-20220221,HS,21059656,4650,8.879,5.269335727999999,1,poor,NA
AIMS,2021-11-25T11:15:00Z,TLM12,STIC,20210928-20220221,HS,21059656,4650,8.779,5.269335727999999,1,poor,NA
AIMS,2021-11-25T11:30:00Z,TLM12,STIC,20210928-20220221,HS,21059656,4650,8.779,5.269335727999999,1,poor,NA
AIMS,2021-11-25T11:45:00Z,TLM12,STIC,20210928-20220221,HS,21059656,4650,8.779,5.269335727999999,1,poor,NA
AIMS,2021-11-25T12:00:00Z,TLM12,STIC,20210928-20220221,HS,21059656,4650,8.68,5.269335727999999,1,poor,NA
AIMS,2021-11-25T12:15:00Z,TLM12,STIC,20210928-20220221,HS,21059656,4650,8.68,5.269335727999999,1,poor,NA
AIMS,2021-11-25T12:30:00Z,TLM12,STIC,20210928-20220221,HS,21059656,4650,8.68,5.269335727999999,1,poor,NA
AIMS,2021-11-25T12:45:00Z,TLM12,STIC,20210928-20220221,HS,21059656,4650,8.581,5.269335727999999,1,poor,NA
AIMS,2021-11-25T13:00:00Z,TLM12,STIC,20210928-20220221,HS,21059656,4650,8.581,5.269335727999999,1,poor,NA
AIMS,2021-11-25T13:15:00Z,TLM12,STIC,20210928-20220221,HS,21059656,4650,8.581,5.269335727999999,1,poor,NA
AIMS,2021-11-25T13:30:00Z,TLM12,STIC,20210928-20220221,HS,21059656,4650,8.581,5.269335727999999,1,poor,NA
AIMS,2021-11-25T13:45:00Z,TLM12,STIC,20210928-20220221,HS,21059656,4650,8.481,5.269335727999999,1,poor,NA
AIMS,2021-11-25T14:00:00Z,TLM12,STIC,20210928-20220221,HS,21059656,4650,8.481,5.269335727999999,1,poor,NA
AIMS,2021-11-25T14:15:00Z,TLM12,STIC,20210928-20220221,HS,21059656,4650,8.481,5.269335727999999,1,poor,NA
AIMS,2021-11-25T14:30:00Z,TLM12,STIC,20210928-20220221,HS,21059656,4650,8.481,5.269335727999999,1,poor,NA
AIMS,2021-11-25T14:45:00Z,TLM12,STIC,20210928-20220221,HS,21059656,4650,8.481,5.269335727999999,1,poor,NA
AIMS,2021-11-25T15:00:00Z,TLM12,STIC,20210928-20220221,HS,21059656,4650,8.481,5.269335727999999,1,poor,NA
AIMS,2021-11-25T15:15:00Z,TLM12,STIC,20210928-20220221,HS,21059656,4650,8.481,5.269335727999999,1,poor,NA
AIMS,2021-11-25T15:30:00Z,TLM12,STIC,20210928-20220221,HS,21059656,4650,8.581,5.269335727999999,1,poor,NA
AIMS,2021-11-25T15:45:00Z,TLM12,STIC,20210928-20220221,HS,21059656,4650,8.68,5.269335727999999,1,poor,NA
AIMS,2021-11-25T16:00:00Z,TLM12,STIC,20210928-20220221,HS,21059656,4650,8.68,5.269335727999999,1,poor,NA
AIMS,2021-11-25T16:15:00Z,TLM12,STIC,20210928-20220221,HS,21059656,4650,8.779,5.269335727999999,1,poor,NA
AIMS,2021-11-25T16:30:00Z,TLM12,STIC,20210928-20220221,HS,21059656,4650,8.879,5.269335727999999,1,poor,NA
AIMS,2021-11-25T16:45:00Z,TLM12,STIC,20210928-20220221,HS,21059656,4650,8.978,5.269335727999999,1,poor,NA
AIMS,2021-11-25T17:00:00Z,TLM12,STIC,20210928-20220221,HS,21059656,4650,9.077,5.269335727999999,1,poor,NA
AIMS,2021-11-25T17:15:00Z,TLM12,STIC,20210928-20220221,HS,21059656,4650,9.275,5.269335727999999,1,poor,NA
AIMS,2021-11-25T17:30:00Z,TLM12,STIC,20210928-20220221,HS,21059656,4650,9.373,5.269335727999999,1,poor,NA
AIMS,2021-11-25T17:45:00Z,TLM12,STIC,20210928-20220221,HS,21059656,4650,9.571,5.269335727999999,1,poor,NA
AIMS,2021-11-25T18:00:00Z,TLM12,STIC,20210928-20220221,HS,21059656,4650,9.669,5.269335727999999,1,poor,NA
AIMS,2021-11-25T18:15:00Z,TLM12,STIC,20210928-20220221,HS,21059656,4650,9.866,5.269335727999999,1,poor,NA
AIMS,2021-11-25T18:30:00Z,TLM12,STIC,20210928-20220221,HS,21059656,4650,10.063,5.269335727999999,1,poor,NA
AIMS,2021-11-25T18:45:00Z,TLM12,STIC,20210928-20220221,HS,21059656,4650,10.259,5.269335727999999,1,poor,NA
AIMS,2021-11-25T19:00:00Z,TLM12,STIC,20210928-20220221,HS,21059656,4650,10.455,5.269335727999999,1,poor,NA
AIMS,2021-11-25T19:15:00Z,TLM12,STIC,20210928-20220221,HS,21059656,4650,10.651,5.269335727999999,1,poor,NA
AIMS,2021-11-25T19:30:00Z,TLM12,STIC,20210928-20220221,HS,21059656,4822.3,10.748,5.7469025671,1,poor,NA
AIMS,2021-11-25T19:45:00Z,TLM12,STIC,20210928-20220221,HS,21059656,4822.3,10.944,5.7469025671,1,poor,NA
AIMS,2021-11-25T20:00:00Z,TLM12,STIC,20210928-20220221,HS,21059656,4822.3,11.041,5.7469025671,1,poor,NA
AIMS,2021-11-25T20:15:00Z,TLM12,STIC,20210928-20220221,HS,21059656,4822.3,11.236,5.7469025671,1,poor,NA
AIMS,2021-11-25T20:30:00Z,TLM12,STIC,20210928-20220221,HS,21059656,4822.3,11.334,5.7469025671,1,poor,NA
AIMS,2021-11-25T20:45:00Z,TLM12,STIC,20210928-20220221,HS,21059656,4822.3,11.431,5.7469025671,1,poor,NA
AIMS,2021-11-25T21:00:00Z,TLM12,STIC,20210928-20220221,HS,21059656,4822.3,11.528,5.7469025671,1,poor,NA
AIMS,2021-11-25T21:15:00Z,TLM12,STIC,20210928-20220221,HS,21059656,4822.3,11.625,5.7469025671,1,poor,NA
AIMS,2021-11-25T21:30:00Z,TLM12,STIC,20210928-20220221,HS,21059656,4822.3,11.625,5.7469025671,1,poor,NA
AIMS,2021-11-25T21:45:00Z,TLM12,STIC,20210928-20220221,HS,21059656,4822.3,11.722,5.7469025671,1,poor,NA
AIMS,2021-11-25T22:00:00Z,TLM12,STIC,20210928-20220221,HS,21059656,4822.3,11.722,5.7469025671,1,poor,NA
AIMS,2021-11-25T22:15:00Z,TLM12,STIC,20210928-20220221,HS,21059656,4822.3,11.819,5.7469025671,1,poor,NA
AIMS,2021-11-25T22:30:00Z,TLM12,STIC,20210928-20220221,HS,21059656,4822.3,11.819,5.7469025671,1,poor,NA
AIMS,2021-11-25T22:45:00Z,TLM12,STIC,20210928-20220221,HS,21059656,4822.3,11.819,5.7469025671,1,poor,NA
AIMS,2021-11-25T23:00:00Z,TLM12,STIC,20210928-20220221,HS,21059656,4822.3,11.819,5.7469025671,1,poor,NA
AIMS,2021-11-25T23:15:00Z,TLM12,STIC,20210928-20220221,HS,21059656,4822.3,11.819,5.7469025671,1,poor,NA
AIMS,2021-11-25T23:30:00Z,TLM12,STIC,20210928-20220221,HS,21059656,4822.3,11.819,5.7469025671,1,poor,NA
AIMS,2021-11-25T23:45:00Z,TLM12,STIC,20210928-20220221,HS,21059656,4822.3,11.916,5.7469025671,1,poor,NA
AIMS,2021-11-26T00:00:00Z,TLM12,STIC,20210928-20220221,HS,21059656,4822.3,11.916,5.7469025671,1,poor,NA
AIMS,2021-11-26T00:15:00Z,TLM12,STIC,20210928-20220221,HS,21059656,4822.3,11.916,5.7469025671,1,poor,NA
AIMS,2021-11-26T00:30:00Z,TLM12,STIC,20210928-20220221,HS,21059656,4822.3,11.916,5.7469025671,1,poor,NA
AIMS,2021-11-26T00:45:00Z,TLM12,STIC,20210928-20220221,HS,21059656,4822.3,11.916,5.7469025671,1,poor,NA
AIMS,2021-11-26T01:00:00Z,TLM12,STIC,20210928-20220221,HS,21059656,4822.3,11.916,5.7469025671,1,poor,NA
AIMS,2021-11-26T01:15:00Z,TLM12,STIC,20210928-20220221,HS,21059656,4822.3,11.916,5.7469025671,1,poor,NA
AIMS,2021-11-26T01:30:00Z,TLM12,STIC,20210928-20220221,HS,21059656,4822.3,11.916,5.7469025671,1,poor,NA
AIMS,2021-11-26T01:45:00Z,TLM12,STIC,20210928-20220221,HS,21059656,4822.3,11.916,5.7469025671,1,poor,NA
AIMS,2021-11-26T02:00:00Z,TLM12,STIC,20210928-20220221,HS,21059656,4822.3,11.916,5.7469025671,1,poor,NA
AIMS,2021-11-26T02:15:00Z,TLM12,STIC,20210928-20220221,HS,21059656,4822.3,11.916,5.7469025671,1,poor,NA
AIMS,2021-11-26T02:30:00Z,TLM12,STIC,20210928-20220221,HS,21059656,4822.3,11.916,5.7469025671,1,poor,NA
AIMS,2021-11-26T02:45:00Z,TLM12,STIC,20210928-20220221,HS,21059656,4822.3,11.916,5.7469025671,1,poor,NA
AIMS,2021-11-26T03:00:00Z,TLM12,STIC,20210928-20220221,HS,21059656,4822.3,11.916,5.7469025671,1,poor,NA
AIMS,2021-11-26T03:15:00Z,TLM12,STIC,20210928-20220221,HS,21059656,4822.3,12.013,5.7469025671,1,poor,NA
AIMS,2021-11-26T03:30:00Z,TLM12,STIC,20210928-20220221,HS,21059656,4822.3,12.013,5.7469025671,1,poor,NA
AIMS,2021-11-26T03:45:00Z,TLM12,STIC,20210928-20220221,HS,21059656,4822.3,12.013,5.7469025671,1,poor,NA
AIMS,2021-11-26T04:00:00Z,TLM12,STIC,20210928-20220221,HS,21059656,4822.3,12.013,5.7469025671,1,poor,NA
AIMS,2021-11-26T04:15:00Z,TLM12,STIC,20210928-20220221,HS,21059656,4822.3,12.013,5.7469025671,1,poor,NA
AIMS,2021-11-26T04:30:00Z,TLM12,STIC,20210928-20220221,HS,21059656,4822.3,12.013,5.7469025671,1,poor,NA
AIMS,2021-11-26T04:45:00Z,TLM12,STIC,20210928-20220221,HS,21059656,4994.5,12.013,6.224192234499999,1,poor,NA
AIMS,2021-11-26T05:00:00Z,TLM12,STIC,20210928-20220221,HS,21059656,4994.5,12.013,6.224192234499999,1,poor,NA
AIMS,2021-11-26T05:15:00Z,TLM12,STIC,20210928-20220221,HS,21059656,4994.5,12.013,6.224192234499999,1,poor,NA
AIMS,2021-11-26T05:30:00Z,TLM12,STIC,20210928-20220221,HS,21059656,4994.5,12.11,6.224192234499999,1,poor,NA
AIMS,2021-11-26T05:45:00Z,TLM12,STIC,20210928-20220221,HS,21059656,4994.5,12.11,6.224192234499999,1,poor,NA
AIMS,2021-11-26T06:00:00Z,TLM12,STIC,20210928-20220221,HS,21059656,4994.5,12.11,6.224192234499999,1,poor,NA
AIMS,2021-11-26T06:15:00Z,TLM12,STIC,20210928-20220221,HS,21059656,4994.5,12.11,6.224192234499999,1,poor,NA
AIMS,2021-11-26T06:30:00Z,TLM12,STIC,20210928-20220221,HS,21059656,4994.5,12.11,6.224192234499999,1,poor,NA
AIMS,2021-11-26T06:45:00Z,TLM12,STIC,20210928-20220221,HS,21059656,4994.5,12.11,6.224192234499999,1,poor,NA
AIMS,2021-11-26T07:00:00Z,TLM12,STIC,20210928-20220221,HS,21059656,4994.5,12.11,6.224192234499999,1,poor,NA
AIMS,2021-11-26T07:15:00Z,TLM12,STIC,20210928-20220221,HS,21059656,4994.5,12.11,6.224192234499999,1,poor,NA
AIMS,2021-11-26T07:30:00Z,TLM12,STIC,20210928-20220221,HS,21059656,4994.5,12.013,6.224192234499999,1,poor,NA
AIMS,2021-11-26T07:45:00Z,TLM12,STIC,20210928-20220221,HS,21059656,4994.5,12.013,6.224192234499999,1,poor,NA
AIMS,2021-11-26T08:00:00Z,TLM12,STIC,20210928-20220221,HS,21059656,4994.5,12.013,6.224192234499999,1,poor,NA
AIMS,2021-11-26T08:15:00Z,TLM12,STIC,20210928-20220221,HS,21059656,4994.5,12.013,6.224192234499999,1,poor,NA
AIMS,2021-11-26T08:30:00Z,TLM12,STIC,20210928-20220221,HS,21059656,4994.5,12.013,6.224192234499999,1,poor,NA
AIMS,2021-11-26T08:45:00Z,TLM12,STIC,20210928-20220221,HS,21059656,4994.5,12.013,6.224192234499999,1,poor,NA
AIMS,2021-11-26T09:00:00Z,TLM12,STIC,20210928-20220221,HS,21059656,4994.5,12.013,6.224192234499999,1,poor,NA
AIMS,2021-11-26T09:15:00Z,TLM12,STIC,20210928-20220221,HS,21059656,4994.5,11.916,6.224192234499999,1,poor,NA
AIMS,2021-11-26T09:30:00Z,TLM12,STIC,20210928-20220221,HS,21059656,4994.5,11.916,6.224192234499999,1,poor,NA
AIMS,2021-11-26T09:45:00Z,TLM12,STIC,20210928-20220221,HS,21059656,4994.5,11.916,6.224192234499999,1,poor,NA
AIMS,2021-11-26T10:00:00Z,TLM12,STIC,20210928-20220221,HS,21059656,4994.5,11.819,6.224192234499999,1,poor,NA
AIMS,2021-11-26T10:15:00Z,TLM12,STIC,20210928-20220221,HS,21059656,4994.5,11.819,6.224192234499999,1,poor,NA
AIMS,2021-11-26T10:30:00Z,TLM12,STIC,20210928-20220221,HS,21059656,4994.5,11.819,6.224192234499999,1,poor,NA
AIMS,2021-11-26T10:45:00Z,TLM12,STIC,20210928-20220221,HS,21059656,4994.5,11.722,6.224192234499999,1,poor,NA
AIMS,2021-11-26T11:00:00Z,TLM12,STIC,20210928-20220221,HS,21059656,4994.5,11.625,6.224192234499999,1,poor,NA
AIMS,2021-11-26T11:15:00Z,TLM12,STIC,20210928-20220221,HS,21059656,4994.5,11.625,6.224192234499999,1,poor,NA
AIMS,2021-11-26T11:30:00Z,TLM12,STIC,20210928-20220221,HS,21059656,4994.5,11.528,6.224192234499999,1,poor,NA
AIMS,2021-11-26T11:45:00Z,TLM12,STIC,20210928-20220221,HS,21059656,4994.5,11.431,6.224192234499999,1,poor,NA
AIMS,2021-11-26T12:00:00Z,TLM12,STIC,20210928-20220221,HS,21059656,4994.5,11.334,6.224192234499999,1,poor,NA
AIMS,2021-11-26T12:15:00Z,TLM12,STIC,20210928-20220221,HS,21059656,4994.5,11.236,6.224192234499999,1,poor,NA
AIMS,2021-11-26T12:30:00Z,TLM12,STIC,20210928-20220221,HS,21059656,4994.5,11.236,6.224192234499999,1,poor,NA
AIMS,2021-11-26T12:45:00Z,TLM12,STIC,20210928-20220221,HS,21059656,4994.5,11.139,6.224192234499999,1,poor,NA
AIMS,2021-11-26T13:00:00Z,TLM12,STIC,20210928-20220221,HS,21059656,4994.5,11.041,6.224192234499999,1,poor,NA
AIMS,2021-11-26T13:15:00Z,TLM12,STIC,20210928-20220221,HS,21059656,4994.5,10.944,6.224192234499999,1,poor,NA
AIMS,2021-11-26T13:30:00Z,TLM12,STIC,20210928-20220221,HS,21059656,4994.5,10.846,6.224192234499999,1,poor,NA
AIMS,2021-11-26T13:45:00Z,TLM12,STIC,20210928-20220221,HS,21059656,4994.5,10.748,6.224192234499999,1,poor,NA
AIMS,2021-11-26T14:00:00Z,TLM12,STIC,20210928-20220221,HS,21059656,4994.5,10.651,6.224192234499999,1,poor,NA
AIMS,2021-11-26T14:15:00Z,TLM12,STIC,20210928-20220221,HS,21059656,4994.5,10.553,6.224192234499999,1,poor,NA
AIMS,2021-11-26T14:30:00Z,TLM12,STIC,20210928-20220221,HS,21059656,4994.5,10.455,6.224192234499999,1,poor,NA
AIMS,2021-11-26T14:45:00Z,TLM12,STIC,20210928-20220221,HS,21059656,4994.5,10.455,6.224192234499999,1,poor,NA
AIMS,2021-11-26T15:00:00Z,TLM12,STIC,20210928-20220221,HS,21059656,4994.5,10.357,6.224192234499999,1,poor,NA
AIMS,2021-11-26T15:15:00Z,TLM12,STIC,20210928-20220221,HS,21059656,4994.5,10.259,6.224192234499999,1,poor,NA
AIMS,2021-11-26T15:30:00Z,TLM12,STIC,20210928-20220221,HS,21059656,4994.5,10.259,6.224192234499999,1,poor,NA
AIMS,2021-11-26T15:45:00Z,TLM12,STIC,20210928-20220221,HS,21059656,4994.5,10.259,6.224192234499999,1,poor,NA
AIMS,2021-11-26T16:00:00Z,TLM12,STIC,20210928-20220221,HS,21059656,4994.5,10.161,6.224192234499999,1,poor,NA
AIMS,2021-11-26T16:15:00Z,TLM12,STIC,20210928-20220221,HS,21059656,4994.5,10.161,6.224192234499999,1,poor,NA
AIMS,2021-11-26T16:30:00Z,TLM12,STIC,20210928-20220221,HS,21059656,4994.5,10.161,6.224192234499999,1,poor,NA
AIMS,2021-11-26T16:45:00Z,TLM12,STIC,20210928-20220221,HS,21059656,4994.5,10.161,6.224192234499999,1,poor,NA
AIMS,2021-11-26T17:00:00Z,TLM12,STIC,20210928-20220221,HS,21059656,4994.5,10.161,6.224192234499999,1,poor,NA
AIMS,2021-11-26T17:15:00Z,TLM12,STIC,20210928-20220221,HS,21059656,4994.5,10.161,6.224192234499999,1,poor,NA
AIMS,2021-11-26T17:30:00Z,TLM12,STIC,20210928-20220221,HS,21059656,4994.5,10.259,6.224192234499999,1,poor,NA
AIMS,2021-11-26T17:45:00Z,TLM12,STIC,20210928-20220221,HS,21059656,4994.5,10.259,6.224192234499999,1,poor,NA
AIMS,2021-11-26T18:00:00Z,TLM12,STIC,20210928-20220221,HS,21059656,4994.5,10.259,6.224192234499999,1,poor,NA
AIMS,2021-11-26T18:15:00Z,TLM12,STIC,20210928-20220221,HS,21059656,4994.5,10.357,6.224192234499999,1,poor,NA
AIMS,2021-11-26T18:30:00Z,TLM12,STIC,20210928-20220221,HS,21059656,4994.5,10.455,6.224192234499999,1,poor,NA
AIMS,2021-11-26T18:45:00Z,TLM12,STIC,20210928-20220221,HS,21059656,4994.5,10.455,6.224192234499999,1,poor,NA
AIMS,2021-11-26T19:00:00Z,TLM12,STIC,20210928-20220221,HS,21059656,4994.5,10.553,6.224192234499999,1,poor,NA
AIMS,2021-11-26T19:15:00Z,TLM12,STIC,20210928-20220221,HS,21059656,4994.5,10.651,6.224192234499999,1,poor,NA
AIMS,2021-11-26T19:30:00Z,TLM12,STIC,20210928-20220221,HS,21059656,4994.5,10.748,6.224192234499999,1,poor,NA
AIMS,2021-11-26T19:45:00Z,TLM12,STIC,20210928-20220221,HS,21059656,4994.5,10.846,6.224192234499999,1,poor,NA
AIMS,2021-11-26T20:00:00Z,TLM12,STIC,20210928-20220221,HS,21059656,4994.5,10.846,6.224192234499999,1,poor,NA
AIMS,2021-11-26T20:15:00Z,TLM12,STIC,20210928-20220221,HS,21059656,4994.5,10.944,6.224192234499999,1,poor,NA
AIMS,2021-11-26T20:30:00Z,TLM12,STIC,20210928-20220221,HS,21059656,4994.5,10.944,6.224192234499999,1,poor,NA
AIMS,2021-11-26T20:45:00Z,TLM12,STIC,20210928-20220221,HS,21059656,4994.5,10.944,6.224192234499999,1,poor,NA
AIMS,2021-11-26T21:00:00Z,TLM12,STIC,20210928-20220221,HS,21059656,4994.5,10.944,6.224192234499999,1,poor,NA
AIMS,2021-11-26T21:15:00Z,TLM12,STIC,20210928-20220221,HS,21059656,4994.5,10.944,6.224192234499999,1,poor,NA
AIMS,2021-11-26T21:30:00Z,TLM12,STIC,20210928-20220221,HS,21059656,4994.5,10.944,6.224192234499999,1,poor,NA
AIMS,2021-11-26T21:45:00Z,TLM12,STIC,20210928-20220221,HS,21059656,4994.5,10.944,6.224192234499999,1,poor,NA
AIMS,2021-11-26T22:00:00Z,TLM12,STIC,20210928-20220221,HS,21059656,4994.5,10.944,6.224192234499999,1,poor,NA
AIMS,2021-11-26T22:15:00Z,TLM12,STIC,20210928-20220221,HS,21059656,4994.5,10.944,6.224192234499999,1,poor,NA
AIMS,2021-11-26T22:30:00Z,TLM12,STIC,20210928-20220221,HS,21059656,4994.5,10.944,6.224192234499999,1,poor,NA
AIMS,2021-11-26T22:45:00Z,TLM12,STIC,20210928-20220221,HS,21059656,4994.5,10.846,6.224192234499999,1,poor,NA
AIMS,2021-11-26T23:00:00Z,TLM12,STIC,20210928-20220221,HS,21059656,4994.5,10.846,6.224192234499999,1,poor,NA
AIMS,2021-11-26T23:15:00Z,TLM12,STIC,20210928-20220221,HS,21059656,4994.5,10.748,6.224192234499999,1,poor,NA
AIMS,2021-11-26T23:30:00Z,TLM12,STIC,20210928-20220221,HS,21059656,4994.5,10.748,6.224192234499999,1,poor,NA
AIMS,2021-11-26T23:45:00Z,TLM12,STIC,20210928-20220221,HS,21059656,4994.5,10.651,6.224192234499999,1,poor,NA
AIMS,2021-11-27T00:00:00Z,TLM12,STIC,20210928-20220221,HS,21059656,4994.5,10.651,6.224192234499999,1,poor,NA
AIMS,2021-11-27T00:15:00Z,TLM12,STIC,20210928-20220221,HS,21059656,4994.5,10.553,6.224192234499999,1,poor,NA
AIMS,2021-11-27T00:30:00Z,TLM12,STIC,20210928-20220221,HS,21059656,4994.5,10.553,6.224192234499999,1,poor,NA
AIMS,2021-11-27T00:45:00Z,TLM12,STIC,20210928-20220221,HS,21059656,4994.5,10.455,6.224192234499999,1,poor,NA
AIMS,2021-11-27T01:00:00Z,TLM12,STIC,20210928-20220221,HS,21059656,4994.5,10.357,6.224192234499999,1,poor,NA
AIMS,2021-11-27T01:15:00Z,TLM12,STIC,20210928-20220221,HS,21059656,4994.5,10.357,6.224192234499999,1,poor,NA
AIMS,2021-11-27T01:30:00Z,TLM12,STIC,20210928-20220221,HS,21059656,4994.5,10.259,6.224192234499999,1,poor,NA
AIMS,2021-11-27T01:45:00Z,TLM12,STIC,20210928-20220221,HS,21059656,4994.5,10.161,6.224192234499999,1,poor,NA
AIMS,2021-11-27T02:00:00Z,TLM12,STIC,20210928-20220221,HS,21059656,4994.5,10.161,6.224192234499999,1,poor,NA
AIMS,2021-11-27T02:15:00Z,TLM12,STIC,20210928-20220221,HS,21059656,4994.5,10.063,6.224192234499999,1,poor,NA
AIMS,2021-11-27T02:30:00Z,TLM12,STIC,20210928-20220221,HS,21059656,4994.5,9.965,6.224192234499999,1,poor,NA
AIMS,2021-11-27T02:45:00Z,TLM12,STIC,20210928-20220221,HS,21059656,4994.5,9.866,6.224192234499999,1,poor,NA
AIMS,2021-11-27T03:00:00Z,TLM12,STIC,20210928-20220221,HS,21059656,4994.5,9.866,6.224192234499999,1,poor,NA
AIMS,2021-11-27T03:15:00Z,TLM12,STIC,20210928-20220221,HS,21059656,4994.5,9.768,6.224192234499999,1,poor,NA
AIMS,2021-11-27T03:30:00Z,TLM12,STIC,20210928-20220221,HS,21059656,4994.5,9.768,6.224192234499999,1,poor,NA
AIMS,2021-11-27T03:45:00Z,TLM12,STIC,20210928-20220221,HS,21059656,4994.5,9.669,6.224192234499999,1,poor,NA
AIMS,2021-11-27T04:00:00Z,TLM12,STIC,20210928-20220221,HS,21059656,4994.5,9.571,6.224192234499999,1,poor,NA
AIMS,2021-11-27T04:15:00Z,TLM12,STIC,20210928-20220221,HS,21059656,4994.5,9.571,6.224192234499999,1,poor,NA
AIMS,2021-11-27T04:30:00Z,TLM12,STIC,20210928-20220221,HS,21059656,4994.5,9.472,6.224192234499999,1,poor,NA
AIMS,2021-11-27T04:45:00Z,TLM12,STIC,20210928-20220221,HS,21059656,4994.5,9.472,6.224192234499999,1,poor,NA
AIMS,2021-11-27T05:00:00Z,TLM12,STIC,20210928-20220221,HS,21059656,4994.5,9.373,6.224192234499999,1,poor,NA
AIMS,2021-11-27T05:15:00Z,TLM12,STIC,20210928-20220221,HS,21059656,4994.5,9.373,6.224192234499999,1,poor,NA
AIMS,2021-11-27T05:30:00Z,TLM12,STIC,20210928-20220221,HS,21059656,4994.5,9.275,6.224192234499999,1,poor,NA
AIMS,2021-11-27T05:45:00Z,TLM12,STIC,20210928-20220221,HS,21059656,4994.5,9.275,6.224192234499999,1,poor,NA
AIMS,2021-11-27T06:00:00Z,TLM12,STIC,20210928-20220221,HS,21059656,4994.5,9.176,6.224192234499999,1,poor,NA
AIMS,2021-11-27T06:15:00Z,TLM12,STIC,20210928-20220221,HS,21059656,4822.3,9.176,5.7469025671,1,poor,NA
AIMS,2021-11-27T06:30:00Z,TLM12,STIC,20210928-20220221,HS,21059656,4822.3,9.077,5.7469025671,1,poor,NA
AIMS,2021-11-27T06:45:00Z,TLM12,STIC,20210928-20220221,HS,21059656,4822.3,9.077,5.7469025671,1,poor,NA
AIMS,2021-11-27T07:00:00Z,TLM12,STIC,20210928-20220221,HS,21059656,4822.3,8.978,5.7469025671,1,poor,NA
AIMS,2021-11-27T07:15:00Z,TLM12,STIC,20210928-20220221,HS,21059656,4822.3,8.978,5.7469025671,1,poor,NA
AIMS,2021-11-27T07:30:00Z,TLM12,STIC,20210928-20220221,HS,21059656,4822.3,8.879,5.7469025671,1,poor,NA
AIMS,2021-11-27T07:45:00Z,TLM12,STIC,20210928-20220221,HS,21059656,4822.3,8.779,5.7469025671,1,poor,NA
AIMS,2021-11-27T08:00:00Z,TLM12,STIC,20210928-20220221,HS,21059656,4822.3,8.779,5.7469025671,1,poor,NA
AIMS,2021-11-27T08:15:00Z,TLM12,STIC,20210928-20220221,HS,21059656,4822.3,8.779,5.7469025671,1,poor,NA
AIMS,2021-11-27T08:30:00Z,TLM12,STIC,20210928-20220221,HS,21059656,4822.3,8.68,5.7469025671,1,poor,NA
AIMS,2021-11-27T08:45:00Z,TLM12,STIC,20210928-20220221,HS,21059656,4822.3,8.68,5.7469025671,1,poor,NA
AIMS,2021-11-27T09:00:00Z,TLM12,STIC,20210928-20220221,HS,21059656,4822.3,8.581,5.7469025671,1,poor,NA
AIMS,2021-11-27T09:15:00Z,TLM12,STIC,20210928-20220221,HS,21059656,4822.3,8.581,5.7469025671,1,poor,NA
AIMS,2021-11-27T09:30:00Z,TLM12,STIC,20210928-20220221,HS,21059656,4822.3,8.481,5.7469025671,1,poor,NA
AIMS,2021-11-27T09:45:00Z,TLM12,STIC,20210928-20220221,HS,21059656,4822.3,8.481,5.7469025671,1,poor,NA
AIMS,2021-11-27T10:00:00Z,TLM12,STIC,20210928-20220221,HS,21059656,4822.3,8.481,5.7469025671,1,poor,NA
AIMS,2021-11-27T10:15:00Z,TLM12,STIC,20210928-20220221,HS,21059656,4822.3,8.382,5.7469025671,1,poor,NA
AIMS,2021-11-27T10:30:00Z,TLM12,STIC,20210928-20220221,HS,21059656,4822.3,8.382,5.7469025671,1,poor,NA
AIMS,2021-11-27T10:45:00Z,TLM12,STIC,20210928-20220221,HS,21059656,4822.3,8.382,5.7469025671,1,poor,NA
AIMS,2021-11-27T11:00:00Z,TLM12,STIC,20210928-20220221,HS,21059656,4822.3,8.282,5.7469025671,1,poor,NA
AIMS,2021-11-27T11:15:00Z,TLM12,STIC,20210928-20220221,HS,21059656,4822.3,8.282,5.7469025671,1,poor,NA
AIMS,2021-11-27T11:30:00Z,TLM12,STIC,20210928-20220221,HS,21059656,4822.3,8.282,5.7469025671,1,poor,NA
AIMS,2021-11-27T11:45:00Z,TLM12,STIC,20210928-20220221,HS,21059656,4822.3,8.182,5.7469025671,1,poor,NA
AIMS,2021-11-27T12:00:00Z,TLM12,STIC,20210928-20220221,HS,21059656,4822.3,8.182,5.7469025671,1,poor,NA
AIMS,2021-11-27T12:15:00Z,TLM12,STIC,20210928-20220221,HS,21059656,4822.3,8.182,5.7469025671,1,poor,NA
AIMS,2021-11-27T12:30:00Z,TLM12,STIC,20210928-20220221,HS,21059656,4822.3,8.082,5.7469025671,1,poor,NA
AIMS,2021-11-27T12:45:00Z,TLM12,STIC,20210928-20220221,HS,21059656,4822.3,8.082,5.7469025671,1,poor,NA
AIMS,2021-11-27T13:00:00Z,TLM12,STIC,20210928-20220221,HS,21059656,4822.3,8.082,5.7469025671,1,poor,NA
AIMS,2021-11-27T13:15:00Z,TLM12,STIC,20210928-20220221,HS,21059656,4822.3,7.983,5.7469025671,1,poor,NA
AIMS,2021-11-27T13:30:00Z,TLM12,STIC,20210928-20220221,HS,21059656,4822.3,7.983,5.7469025671,1,poor,NA
AIMS,2021-11-27T13:45:00Z,TLM12,STIC,20210928-20220221,HS,21059656,4822.3,7.983,5.7469025671,1,poor,NA
AIMS,2021-11-27T14:00:00Z,TLM12,STIC,20210928-20220221,HS,21059656,4822.3,7.882,5.7469025671,1,poor,NA
AIMS,2021-11-27T14:15:00Z,TLM12,STIC,20210928-20220221,HS,21059656,4822.3,7.882,5.7469025671,1,poor,NA
AIMS,2021-11-27T14:30:00Z,TLM12,STIC,20210928-20220221,HS,21059656,4822.3,7.882,5.7469025671,1,poor,NA
AIMS,2021-11-27T14:45:00Z,TLM12,STIC,20210928-20220221,HS,21059656,4822.3,7.882,5.7469025671,1,poor,NA
AIMS,2021-11-27T15:00:00Z,TLM12,STIC,20210928-20220221,HS,21059656,4822.3,7.882,5.7469025671,1,poor,NA
AIMS,2021-11-27T15:15:00Z,TLM12,STIC,20210928-20220221,HS,21059656,4822.3,7.882,5.7469025671,1,poor,NA
AIMS,2021-11-27T15:30:00Z,TLM12,STIC,20210928-20220221,HS,21059656,4822.3,7.882,5.7469025671,1,poor,NA
AIMS,2021-11-27T15:45:00Z,TLM12,STIC,20210928-20220221,HS,21059656,4822.3,7.882,5.7469025671,1,poor,NA
AIMS,2021-11-27T16:00:00Z,TLM12,STIC,20210928-20220221,HS,21059656,4822.3,7.983,5.7469025671,1,poor,NA
AIMS,2021-11-27T16:15:00Z,TLM12,STIC,20210928-20220221,HS,21059656,4822.3,7.983,5.7469025671,1,poor,NA
AIMS,2021-11-27T16:30:00Z,TLM12,STIC,20210928-20220221,HS,21059656,4822.3,8.082,5.7469025671,1,poor,NA
AIMS,2021-11-27T16:45:00Z,TLM12,STIC,20210928-20220221,HS,21059656,4822.3,8.082,5.7469025671,1,poor,NA
AIMS,2021-11-27T17:00:00Z,TLM12,STIC,20210928-20220221,HS,21059656,4822.3,8.182,5.7469025671,1,poor,NA
AIMS,2021-11-27T17:15:00Z,TLM12,STIC,20210928-20220221,HS,21059656,4822.3,8.282,5.7469025671,1,poor,NA
AIMS,2021-11-27T17:30:00Z,TLM12,STIC,20210928-20220221,HS,21059656,4822.3,8.382,5.7469025671,1,poor,NA
AIMS,2021-11-27T17:45:00Z,TLM12,STIC,20210928-20220221,HS,21059656,4822.3,8.581,5.7469025671,1,poor,NA
AIMS,2021-11-27T18:00:00Z,TLM12,STIC,20210928-20220221,HS,21059656,4822.3,8.68,5.7469025671,1,poor,NA
AIMS,2021-11-27T18:15:00Z,TLM12,STIC,20210928-20220221,HS,21059656,4822.3,8.779,5.7469025671,1,poor,NA
AIMS,2021-11-27T18:30:00Z,TLM12,STIC,20210928-20220221,HS,21059656,4822.3,8.879,5.7469025671,1,poor,NA
AIMS,2021-11-27T18:45:00Z,TLM12,STIC,20210928-20220221,HS,21059656,4822.3,9.077,5.7469025671,1,poor,NA
AIMS,2021-11-27T19:00:00Z,TLM12,STIC,20210928-20220221,HS,21059656,4822.3,9.176,5.7469025671,1,poor,NA
AIMS,2021-11-27T19:15:00Z,TLM12,STIC,20210928-20220221,HS,21059656,4822.3,9.373,5.7469025671,1,poor,NA
AIMS,2021-11-27T19:30:00Z,TLM12,STIC,20210928-20220221,HS,21059656,4822.3,9.571,5.7469025671,1,poor,NA
AIMS,2021-11-27T19:45:00Z,TLM12,STIC,20210928-20220221,HS,21059656,4822.3,9.669,5.7469025671,1,poor,NA
AIMS,2021-11-27T20:00:00Z,TLM12,STIC,20210928-20220221,HS,21059656,4994.5,9.866,6.224192234499999,1,poor,NA
AIMS,2021-11-27T20:15:00Z,TLM12,STIC,20210928-20220221,HS,21059656,4994.5,9.965,6.224192234499999,1,poor,NA
AIMS,2021-11-27T20:30:00Z,TLM12,STIC,20210928-20220221,HS,21059656,4994.5,10.063,6.224192234499999,1,poor,NA
AIMS,2021-11-27T20:45:00Z,TLM12,STIC,20210928-20220221,HS,21059656,4994.5,10.063,6.224192234499999,1,poor,NA
AIMS,2021-11-27T21:00:00Z,TLM12,STIC,20210928-20220221,HS,21059656,4994.5,10.161,6.224192234499999,1,poor,NA
AIMS,2021-11-27T21:15:00Z,TLM12,STIC,20210928-20220221,HS,21059656,4994.5,10.161,6.224192234499999,1,poor,NA
AIMS,2021-11-27T21:30:00Z,TLM12,STIC,20210928-20220221,HS,21059656,4994.5,10.259,6.224192234499999,1,poor,NA
AIMS,2021-11-27T21:45:00Z,TLM12,STIC,20210928-20220221,HS,21059656,4994.5,10.259,6.224192234499999,1,poor,NA
AIMS,2021-11-27T22:00:00Z,TLM12,STIC,20210928-20220221,HS,21059656,4994.5,10.357,6.224192234499999,1,poor,NA
AIMS,2021-11-27T22:15:00Z,TLM12,STIC,20210928-20220221,HS,21059656,4994.5,10.357,6.224192234499999,1,poor,NA
AIMS,2021-11-27T22:30:00Z,TLM12,STIC,20210928-20220221,HS,21059656,4994.5,10.455,6.224192234499999,1,poor,NA
AIMS,2021-11-27T22:45:00Z,TLM12,STIC,20210928-20220221,HS,21059656,4994.5,10.455,6.224192234499999,1,poor,NA
AIMS,2021-11-27T23:00:00Z,TLM12,STIC,20210928-20220221,HS,21059656,4994.5,10.455,6.224192234499999,1,poor,NA
AIMS,2021-11-27T23:15:00Z,TLM12,STIC,20210928-20220221,HS,21059656,4994.5,10.553,6.224192234499999,1,poor,NA
AIMS,2021-11-27T23:30:00Z,TLM12,STIC,20210928-20220221,HS,21059656,4994.5,10.553,6.224192234499999,1,poor,NA
AIMS,2021-11-27T23:45:00Z,TLM12,STIC,20210928-20220221,HS,21059656,4994.5,10.553,6.224192234499999,1,poor,NA
AIMS,2021-11-28T00:00:00Z,TLM12,STIC,20210928-20220221,HS,21059656,4994.5,10.455,6.224192234499999,1,poor,NA
AIMS,2021-11-28T00:15:00Z,TLM12,STIC,20210928-20220221,HS,21059656,4994.5,10.455,6.224192234499999,1,poor,NA
AIMS,2021-11-28T00:30:00Z,TLM12,STIC,20210928-20220221,HS,21059656,4994.5,10.455,6.224192234499999,1,poor,NA
AIMS,2021-11-28T00:45:00Z,TLM12,STIC,20210928-20220221,HS,21059656,4994.5,10.357,6.224192234499999,1,poor,NA
AIMS,2021-11-28T01:00:00Z,TLM12,STIC,20210928-20220221,HS,21059656,4994.5,10.357,6.224192234499999,1,poor,NA
AIMS,2021-11-28T01:15:00Z,TLM12,STIC,20210928-20220221,HS,21059656,4994.5,10.259,6.224192234499999,1,poor,NA
AIMS,2021-11-28T01:30:00Z,TLM12,STIC,20210928-20220221,HS,21059656,4994.5,10.161,6.224192234499999,1,poor,NA
AIMS,2021-11-28T01:45:00Z,TLM12,STIC,20210928-20220221,HS,21059656,4994.5,10.161,6.224192234499999,1,poor,NA
AIMS,2021-11-28T02:00:00Z,TLM12,STIC,20210928-20220221,HS,21059656,4994.5,10.063,6.224192234499999,1,poor,NA
AIMS,2021-11-28T02:15:00Z,TLM12,STIC,20210928-20220221,HS,21059656,4994.5,10.063,6.224192234499999,1,poor,NA
AIMS,2021-11-28T02:30:00Z,TLM12,STIC,20210928-20220221,HS,21059656,4994.5,9.965,6.224192234499999,1,poor,NA
AIMS,2021-11-28T02:45:00Z,TLM12,STIC,20210928-20220221,HS,21059656,4994.5,9.965,6.224192234499999,1,poor,NA
AIMS,2021-11-28T03:00:00Z,TLM12,STIC,20210928-20220221,HS,21059656,4994.5,9.866,6.224192234499999,1,poor,NA
AIMS,2021-11-28T03:15:00Z,TLM12,STIC,20210928-20220221,HS,21059656,4994.5,9.866,6.224192234499999,1,poor,NA
AIMS,2021-11-28T03:30:00Z,TLM12,STIC,20210928-20220221,HS,21059656,4994.5,9.866,6.224192234499999,1,poor,NA
AIMS,2021-11-28T03:45:00Z,TLM12,STIC,20210928-20220221,HS,21059656,4994.5,9.768,6.224192234499999,1,poor,NA
AIMS,2021-11-28T04:00:00Z,TLM12,STIC,20210928-20220221,HS,21059656,4994.5,9.768,6.224192234499999,1,poor,NA
AIMS,2021-11-28T04:15:00Z,TLM12,STIC,20210928-20220221,HS,21059656,4994.5,9.768,6.224192234499999,1,poor,NA
AIMS,2021-11-28T04:30:00Z,TLM12,STIC,20210928-20220221,HS,21059656,4822.3,9.768,5.7469025671,1,poor,NA
AIMS,2021-11-28T04:45:00Z,TLM12,STIC,20210928-20220221,HS,21059656,4822.3,9.669,5.7469025671,1,poor,NA
AIMS,2021-11-28T05:00:00Z,TLM12,STIC,20210928-20220221,HS,21059656,4822.3,9.669,5.7469025671,1,poor,NA
AIMS,2021-11-28T05:15:00Z,TLM12,STIC,20210928-20220221,HS,21059656,4822.3,9.669,5.7469025671,1,poor,NA
AIMS,2021-11-28T05:30:00Z,TLM12,STIC,20210928-20220221,HS,21059656,4822.3,9.669,5.7469025671,1,poor,NA
AIMS,2021-11-28T05:45:00Z,TLM12,STIC,20210928-20220221,HS,21059656,4822.3,9.669,5.7469025671,1,poor,NA
AIMS,2021-11-28T06:00:00Z,TLM12,STIC,20210928-20220221,HS,21059656,4822.3,9.571,5.7469025671,1,poor,NA
AIMS,2021-11-28T06:15:00Z,TLM12,STIC,20210928-20220221,HS,21059656,4822.3,9.571,5.7469025671,1,poor,NA
AIMS,2021-11-28T06:30:00Z,TLM12,STIC,20210928-20220221,HS,21059656,4822.3,9.571,5.7469025671,1,poor,NA
AIMS,2021-11-28T06:45:00Z,TLM12,STIC,20210928-20220221,HS,21059656,4822.3,9.571,5.7469025671,1,poor,NA
AIMS,2021-11-28T07:00:00Z,TLM12,STIC,20210928-20220221,HS,21059656,4822.3,9.571,5.7469025671,1,poor,NA
AIMS,2021-11-28T07:15:00Z,TLM12,STIC,20210928-20220221,HS,21059656,4822.3,9.571,5.7469025671,1,poor,NA
AIMS,2021-11-28T07:30:00Z,TLM12,STIC,20210928-20220221,HS,21059656,4822.3,9.472,5.7469025671,1,poor,NA
AIMS,2021-11-28T07:45:00Z,TLM12,STIC,20210928-20220221,HS,21059656,4822.3,9.472,5.7469025671,1,poor,NA
AIMS,2021-11-28T08:00:00Z,TLM12,STIC,20210928-20220221,HS,21059656,4822.3,9.472,5.7469025671,1,poor,NA
AIMS,2021-11-28T08:15:00Z,TLM12,STIC,20210928-20220221,HS,21059656,4822.3,9.472,5.7469025671,1,poor,NA
AIMS,2021-11-28T08:30:00Z,TLM12,STIC,20210928-20220221,HS,21059656,4822.3,9.472,5.7469025671,1,poor,NA
AIMS,2021-11-28T08:45:00Z,TLM12,STIC,20210928-20220221,HS,21059656,4822.3,9.472,5.7469025671,1,poor,NA
AIMS,2021-11-28T09:00:00Z,TLM12,STIC,20210928-20220221,HS,21059656,4822.3,9.373,5.7469025671,1,poor,NA
AIMS,2021-11-28T09:15:00Z,TLM12,STIC,20210928-20220221,HS,21059656,4822.3,9.373,5.7469025671,1,poor,NA
AIMS,2021-11-28T09:30:00Z,TLM12,STIC,20210928-20220221,HS,21059656,4822.3,9.373,5.7469025671,1,poor,NA
AIMS,2021-11-28T09:45:00Z,TLM12,STIC,20210928-20220221,HS,21059656,4822.3,9.373,5.7469025671,1,poor,NA
AIMS,2021-11-28T10:00:00Z,TLM12,STIC,20210928-20220221,HS,21059656,4822.3,9.373,5.7469025671,1,poor,NA
AIMS,2021-11-28T10:15:00Z,TLM12,STIC,20210928-20220221,HS,21059656,4822.3,9.373,5.7469025671,1,poor,NA
AIMS,2021-11-28T10:30:00Z,TLM12,STIC,20210928-20220221,HS,21059656,4822.3,9.373,5.7469025671,1,poor,NA
AIMS,2021-11-28T10:45:00Z,TLM12,STIC,20210928-20220221,HS,21059656,4822.3,9.373,5.7469025671,1,poor,NA
AIMS,2021-11-28T11:00:00Z,TLM12,STIC,20210928-20220221,HS,21059656,4822.3,9.275,5.7469025671,1,poor,NA
AIMS,2021-11-28T11:15:00Z,TLM12,STIC,20210928-20220221,HS,21059656,4822.3,9.275,5.7469025671,1,poor,NA
AIMS,2021-11-28T11:30:00Z,TLM12,STIC,20210928-20220221,HS,21059656,4822.3,9.275,5.7469025671,1,poor,NA
AIMS,2021-11-28T11:45:00Z,TLM12,STIC,20210928-20220221,HS,21059656,4822.3,9.275,5.7469025671,1,poor,NA
AIMS,2021-11-28T12:00:00Z,TLM12,STIC,20210928-20220221,HS,21059656,4822.3,9.275,5.7469025671,1,poor,NA
AIMS,2021-11-28T12:15:00Z,TLM12,STIC,20210928-20220221,HS,21059656,4822.3,9.275,5.7469025671,1,poor,NA
AIMS,2021-11-28T12:30:00Z,TLM12,STIC,20210928-20220221,HS,21059656,4822.3,9.176,5.7469025671,1,poor,NA
AIMS,2021-11-28T12:45:00Z,TLM12,STIC,20210928-20220221,HS,21059656,4822.3,9.176,5.7469025671,1,poor,NA
AIMS,2021-11-28T13:00:00Z,TLM12,STIC,20210928-20220221,HS,21059656,4822.3,9.176,5.7469025671,1,poor,NA
AIMS,2021-11-28T13:15:00Z,TLM12,STIC,20210928-20220221,HS,21059656,4822.3,9.176,5.7469025671,1,poor,NA
AIMS,2021-11-28T13:30:00Z,TLM12,STIC,20210928-20220221,HS,21059656,4822.3,9.176,5.7469025671,1,poor,NA
AIMS,2021-11-28T13:45:00Z,TLM12,STIC,20210928-20220221,HS,21059656,4822.3,9.176,5.7469025671,1,poor,NA
AIMS,2021-11-28T14:00:00Z,TLM12,STIC,20210928-20220221,HS,21059656,4822.3,9.176,5.7469025671,1,poor,NA
AIMS,2021-11-28T14:15:00Z,TLM12,STIC,20210928-20220221,HS,21059656,4822.3,9.176,5.7469025671,1,poor,NA
AIMS,2021-11-28T14:30:00Z,TLM12,STIC,20210928-20220221,HS,21059656,4822.3,9.176,5.7469025671,1,poor,NA
AIMS,2021-11-28T14:45:00Z,TLM12,STIC,20210928-20220221,HS,21059656,4822.3,9.176,5.7469025671,1,poor,NA
AIMS,2021-11-28T15:00:00Z,TLM12,STIC,20210928-20220221,HS,21059656,4822.3,9.176,5.7469025671,1,poor,NA
AIMS,2021-11-28T15:15:00Z,TLM12,STIC,20210928-20220221,HS,21059656,4822.3,9.275,5.7469025671,1,poor,NA
AIMS,2021-11-28T15:30:00Z,TLM12,STIC,20210928-20220221,HS,21059656,4822.3,9.275,5.7469025671,1,poor,NA
AIMS,2021-11-28T15:45:00Z,TLM12,STIC,20210928-20220221,HS,21059656,4822.3,9.373,5.7469025671,1,poor,NA
AIMS,2021-11-28T16:00:00Z,TLM12,STIC,20210928-20220221,HS,21059656,4822.3,9.373,5.7469025671,1,poor,NA
AIMS,2021-11-28T16:15:00Z,TLM12,STIC,20210928-20220221,HS,21059656,4822.3,9.472,5.7469025671,1,poor,NA
AIMS,2021-11-28T16:30:00Z,TLM12,STIC,20210928-20220221,HS,21059656,4822.3,9.472,5.7469025671,1,poor,NA
AIMS,2021-11-28T16:45:00Z,TLM12,STIC,20210928-20220221,HS,21059656,4822.3,9.571,5.7469025671,1,poor,NA
AIMS,2021-11-28T17:00:00Z,TLM12,STIC,20210928-20220221,HS,21059656,4822.3,9.571,5.7469025671,1,poor,NA
AIMS,2021-11-28T17:15:00Z,TLM12,STIC,20210928-20220221,HS,21059656,4822.3,9.571,5.7469025671,1,poor,NA
AIMS,2021-11-28T17:30:00Z,TLM12,STIC,20210928-20220221,HS,21059656,4822.3,9.669,5.7469025671,1,poor,NA
AIMS,2021-11-28T17:45:00Z,TLM12,STIC,20210928-20220221,HS,21059656,4822.3,9.768,5.7469025671,1,poor,NA
AIMS,2021-11-28T18:00:00Z,TLM12,STIC,20210928-20220221,HS,21059656,4822.3,9.768,5.7469025671,1,poor,NA
AIMS,2021-11-28T18:15:00Z,TLM12,STIC,20210928-20220221,HS,21059656,4822.3,9.866,5.7469025671,1,poor,NA
AIMS,2021-11-28T18:30:00Z,TLM12,STIC,20210928-20220221,HS,21059656,4822.3,9.965,5.7469025671,1,poor,NA
AIMS,2021-11-28T18:45:00Z,TLM12,STIC,20210928-20220221,HS,21059656,4994.5,10.063,6.224192234499999,1,poor,NA
AIMS,2021-11-28T19:00:00Z,TLM12,STIC,20210928-20220221,HS,21059656,4994.5,10.161,6.224192234499999,1,poor,NA
AIMS,2021-11-28T19:15:00Z,TLM12,STIC,20210928-20220221,HS,21059656,4994.5,10.161,6.224192234499999,1,poor,NA
AIMS,2021-11-28T19:30:00Z,TLM12,STIC,20210928-20220221,HS,21059656,4994.5,10.259,6.224192234499999,1,poor,NA
AIMS,2021-11-28T19:45:00Z,TLM12,STIC,20210928-20220221,HS,21059656,4994.5,10.357,6.224192234499999,1,poor,NA
AIMS,2021-11-28T20:00:00Z,TLM12,STIC,20210928-20220221,HS,21059656,4994.5,10.455,6.224192234499999,1,poor,NA
AIMS,2021-11-28T20:15:00Z,TLM12,STIC,20210928-20220221,HS,21059656,4994.5,10.553,6.224192234499999,1,poor,NA
AIMS,2021-11-28T20:30:00Z,TLM12,STIC,20210928-20220221,HS,21059656,4994.5,10.553,6.224192234499999,1,poor,NA
AIMS,2021-11-28T20:45:00Z,TLM12,STIC,20210928-20220221,HS,21059656,4994.5,10.651,6.224192234499999,1,poor,NA
AIMS,2021-11-28T21:00:00Z,TLM12,STIC,20210928-20220221,HS,21059656,4994.5,10.651,6.224192234499999,1,poor,NA
AIMS,2021-11-28T21:15:00Z,TLM12,STIC,20210928-20220221,HS,21059656,4994.5,10.748,6.224192234499999,1,poor,NA
AIMS,2021-11-28T21:30:00Z,TLM12,STIC,20210928-20220221,HS,21059656,4994.5,10.748,6.224192234499999,1,poor,NA
AIMS,2021-11-28T21:45:00Z,TLM12,STIC,20210928-20220221,HS,21059656,4994.5,10.846,6.224192234499999,1,poor,NA
AIMS,2021-11-28T22:00:00Z,TLM12,STIC,20210928-20220221,HS,21059656,4994.5,10.846,6.224192234499999,1,poor,NA
AIMS,2021-11-28T22:15:00Z,TLM12,STIC,20210928-20220221,HS,21059656,4994.5,10.846,6.224192234499999,1,poor,NA
AIMS,2021-11-28T22:30:00Z,TLM12,STIC,20210928-20220221,HS,21059656,4994.5,10.846,6.224192234499999,1,poor,NA
AIMS,2021-11-28T22:45:00Z,TLM12,STIC,20210928-20220221,HS,21059656,4994.5,10.846,6.224192234499999,1,poor,NA
AIMS,2021-11-28T23:00:00Z,TLM12,STIC,20210928-20220221,HS,21059656,4994.5,10.846,6.224192234499999,1,poor,NA
AIMS,2021-11-28T23:15:00Z,TLM12,STIC,20210928-20220221,HS,21059656,4994.5,10.846,6.224192234499999,1,poor,NA
AIMS,2021-11-28T23:30:00Z,TLM12,STIC,20210928-20220221,HS,21059656,4994.5,10.846,6.224192234499999,1,poor,NA
AIMS,2021-11-28T23:45:00Z,TLM12,STIC,20210928-20220221,HS,21059656,4994.5,10.846,6.224192234499999,1,poor,NA
AIMS,2021-11-29T00:00:00Z,TLM12,STIC,20210928-20220221,HS,21059656,4994.5,10.748,6.224192234499999,1,poor,NA
AIMS,2021-11-29T00:15:00Z,TLM12,STIC,20210928-20220221,HS,21059656,4994.5,10.748,6.224192234499999,1,poor,NA
AIMS,2021-11-29T00:30:00Z,TLM12,STIC,20210928-20220221,HS,21059656,4994.5,10.651,6.224192234499999,1,poor,NA
AIMS,2021-11-29T00:45:00Z,TLM12,STIC,20210928-20220221,HS,21059656,4994.5,10.651,6.224192234499999,1,poor,NA
AIMS,2021-11-29T01:00:00Z,TLM12,STIC,20210928-20220221,HS,21059656,4994.5,10.553,6.224192234499999,1,poor,NA
AIMS,2021-11-29T01:15:00Z,TLM12,STIC,20210928-20220221,HS,21059656,4994.5,10.553,6.224192234499999,1,poor,NA
AIMS,2021-11-29T01:30:00Z,TLM12,STIC,20210928-20220221,HS,21059656,4994.5,10.553,6.224192234499999,1,poor,NA
AIMS,2021-11-29T01:45:00Z,TLM12,STIC,20210928-20220221,HS,21059656,4822.3,10.455,5.7469025671,1,poor,NA
AIMS,2021-11-29T02:00:00Z,TLM12,STIC,20210928-20220221,HS,21059656,4822.3,10.455,5.7469025671,1,poor,NA
AIMS,2021-11-29T02:15:00Z,TLM12,STIC,20210928-20220221,HS,21059656,4822.3,10.357,5.7469025671,1,poor,NA
AIMS,2021-11-29T02:30:00Z,TLM12,STIC,20210928-20220221,HS,21059656,4822.3,10.357,5.7469025671,1,poor,NA
AIMS,2021-11-29T02:45:00Z,TLM12,STIC,20210928-20220221,HS,21059656,4822.3,10.259,5.7469025671,1,poor,NA
AIMS,2021-11-29T03:00:00Z,TLM12,STIC,20210928-20220221,HS,21059656,4822.3,10.161,5.7469025671,1,poor,NA
AIMS,2021-11-29T03:15:00Z,TLM12,STIC,20210928-20220221,HS,21059656,4822.3,10.161,5.7469025671,1,poor,NA
AIMS,2021-11-29T03:30:00Z,TLM12,STIC,20210928-20220221,HS,21059656,4822.3,10.063,5.7469025671,1,poor,NA
AIMS,2021-11-29T03:45:00Z,TLM12,STIC,20210928-20220221,HS,21059656,4822.3,10.063,5.7469025671,1,poor,NA
AIMS,2021-11-29T04:00:00Z,TLM12,STIC,20210928-20220221,HS,21059656,4822.3,9.965,5.7469025671,1,poor,NA
AIMS,2021-11-29T04:15:00Z,TLM12,STIC,20210928-20220221,HS,21059656,4822.3,9.965,5.7469025671,1,poor,NA
AIMS,2021-11-29T04:30:00Z,TLM12,STIC,20210928-20220221,HS,21059656,4822.3,9.866,5.7469025671,1,poor,NA
AIMS,2021-11-29T04:45:00Z,TLM12,STIC,20210928-20220221,HS,21059656,4822.3,9.866,5.7469025671,1,poor,NA
AIMS,2021-11-29T05:00:00Z,TLM12,STIC,20210928-20220221,HS,21059656,4822.3,9.768,5.7469025671,1,poor,NA
AIMS,2021-11-29T05:15:00Z,TLM12,STIC,20210928-20220221,HS,21059656,4822.3,9.768,5.7469025671,1,poor,NA
AIMS,2021-11-29T05:30:00Z,TLM12,STIC,20210928-20220221,HS,21059656,4822.3,9.669,5.7469025671,1,poor,NA
AIMS,2021-11-29T05:45:00Z,TLM12,STIC,20210928-20220221,HS,21059656,4822.3,9.669,5.7469025671,1,poor,NA
AIMS,2021-11-29T06:00:00Z,TLM12,STIC,20210928-20220221,HS,21059656,4822.3,9.571,5.7469025671,1,poor,NA
AIMS,2021-11-29T06:15:00Z,TLM12,STIC,20210928-20220221,HS,21059656,4822.3,9.472,5.7469025671,1,poor,NA
AIMS,2021-11-29T06:30:00Z,TLM12,STIC,20210928-20220221,HS,21059656,4822.3,9.472,5.7469025671,1,poor,NA
AIMS,2021-11-29T06:45:00Z,TLM12,STIC,20210928-20220221,HS,21059656,4822.3,9.472,5.7469025671,1,poor,NA
AIMS,2021-11-29T07:00:00Z,TLM12,STIC,20210928-20220221,HS,21059656,4822.3,9.373,5.7469025671,1,poor,NA
AIMS,2021-11-29T07:15:00Z,TLM12,STIC,20210928-20220221,HS,21059656,4822.3,9.373,5.7469025671,1,poor,NA
AIMS,2021-11-29T07:30:00Z,TLM12,STIC,20210928-20220221,HS,21059656,4822.3,9.373,5.7469025671,1,poor,NA
AIMS,2021-11-29T07:45:00Z,TLM12,STIC,20210928-20220221,HS,21059656,4822.3,9.275,5.7469025671,1,poor,NA
AIMS,2021-11-29T08:00:00Z,TLM12,STIC,20210928-20220221,HS,21059656,4822.3,9.275,5.7469025671,1,poor,NA
AIMS,2021-11-29T08:15:00Z,TLM12,STIC,20210928-20220221,HS,21059656,4822.3,9.176,5.7469025671,1,poor,NA
AIMS,2021-11-29T08:30:00Z,TLM12,STIC,20210928-20220221,HS,21059656,4822.3,9.176,5.7469025671,1,poor,NA
AIMS,2021-11-29T08:45:00Z,TLM12,STIC,20210928-20220221,HS,21059656,4822.3,9.176,5.7469025671,1,poor,NA
AIMS,2021-11-29T09:00:00Z,TLM12,STIC,20210928-20220221,HS,21059656,4822.3,9.077,5.7469025671,1,poor,NA
AIMS,2021-11-29T09:15:00Z,TLM12,STIC,20210928-20220221,HS,21059656,4822.3,9.077,5.7469025671,1,poor,NA
AIMS,2021-11-29T09:30:00Z,TLM12,STIC,20210928-20220221,HS,21059656,4822.3,9.077,5.7469025671,1,poor,NA
AIMS,2021-11-29T09:45:00Z,TLM12,STIC,20210928-20220221,HS,21059656,4822.3,8.978,5.7469025671,1,poor,NA
AIMS,2021-11-29T10:00:00Z,TLM12,STIC,20210928-20220221,HS,21059656,4822.3,8.978,5.7469025671,1,poor,NA
AIMS,2021-11-29T10:15:00Z,TLM12,STIC,20210928-20220221,HS,21059656,4822.3,8.978,5.7469025671,1,poor,NA
AIMS,2021-11-29T10:30:00Z,TLM12,STIC,20210928-20220221,HS,21059656,4822.3,8.879,5.7469025671,1,poor,NA
AIMS,2021-11-29T10:45:00Z,TLM12,STIC,20210928-20220221,HS,21059656,4822.3,8.879,5.7469025671,1,poor,NA
AIMS,2021-11-29T11:00:00Z,TLM12,STIC,20210928-20220221,HS,21059656,4822.3,8.879,5.7469025671,1,poor,NA
AIMS,2021-11-29T11:15:00Z,TLM12,STIC,20210928-20220221,HS,21059656,4822.3,8.779,5.7469025671,1,poor,NA
AIMS,2021-11-29T11:30:00Z,TLM12,STIC,20210928-20220221,HS,21059656,4822.3,8.779,5.7469025671,1,poor,NA
AIMS,2021-11-29T11:45:00Z,TLM12,STIC,20210928-20220221,HS,21059656,4822.3,8.68,5.7469025671,1,poor,NA
AIMS,2021-11-29T12:00:00Z,TLM12,STIC,20210928-20220221,HS,21059656,4822.3,8.68,5.7469025671,1,poor,NA
AIMS,2021-11-29T12:15:00Z,TLM12,STIC,20210928-20220221,HS,21059656,4822.3,8.68,5.7469025671,1,poor,NA
AIMS,2021-11-29T12:30:00Z,TLM12,STIC,20210928-20220221,HS,21059656,4822.3,8.581,5.7469025671,1,poor,NA
AIMS,2021-11-29T12:45:00Z,TLM12,STIC,20210928-20220221,HS,21059656,4822.3,8.581,5.7469025671,1,poor,NA
AIMS,2021-11-29T13:00:00Z,TLM12,STIC,20210928-20220221,HS,21059656,4822.3,8.481,5.7469025671,1,poor,NA
AIMS,2021-11-29T13:15:00Z,TLM12,STIC,20210928-20220221,HS,21059656,4650,8.481,5.269335727999999,1,poor,NA
AIMS,2021-11-29T13:30:00Z,TLM12,STIC,20210928-20220221,HS,21059656,4650,8.382,5.269335727999999,1,poor,NA
AIMS,2021-11-29T13:45:00Z,TLM12,STIC,20210928-20220221,HS,21059656,4650,8.382,5.269335727999999,1,poor,NA
AIMS,2021-11-29T14:00:00Z,TLM12,STIC,20210928-20220221,HS,21059656,4650,8.282,5.269335727999999,1,poor,NA
AIMS,2021-11-29T14:15:00Z,TLM12,STIC,20210928-20220221,HS,21059656,4650,8.282,5.269335727999999,1,poor,NA
AIMS,2021-11-29T14:30:00Z,TLM12,STIC,20210928-20220221,HS,21059656,4650,8.182,5.269335727999999,1,poor,NA
AIMS,2021-11-29T14:45:00Z,TLM12,STIC,20210928-20220221,HS,21059656,4650,8.182,5.269335727999999,1,poor,NA
AIMS,2021-11-29T15:00:00Z,TLM12,STIC,20210928-20220221,HS,21059656,4650,8.182,5.269335727999999,1,poor,NA
AIMS,2021-11-29T15:15:00Z,TLM12,STIC,20210928-20220221,HS,21059656,4650,8.182,5.269335727999999,1,poor,NA
AIMS,2021-11-29T15:30:00Z,TLM12,STIC,20210928-20220221,HS,21059656,4650,8.182,5.269335727999999,1,poor,NA
AIMS,2021-11-29T15:45:00Z,TLM12,STIC,20210928-20220221,HS,21059656,4650,8.182,5.269335727999999,1,poor,NA
AIMS,2021-11-29T16:00:00Z,TLM12,STIC,20210928-20220221,HS,21059656,4650,8.182,5.269335727999999,1,poor,NA
AIMS,2021-11-29T16:15:00Z,TLM12,STIC,20210928-20220221,HS,21059656,4650,8.182,5.269335727999999,1,poor,NA
AIMS,2021-11-29T16:30:00Z,TLM12,STIC,20210928-20220221,HS,21059656,4650,8.282,5.269335727999999,1,poor,NA
AIMS,2021-11-29T16:45:00Z,TLM12,STIC,20210928-20220221,HS,21059656,4650,8.282,5.269335727999999,1,poor,NA
AIMS,2021-11-29T17:00:00Z,TLM12,STIC,20210928-20220221,HS,21059656,4650,8.382,5.269335727999999,1,poor,NA
AIMS,2021-11-29T17:15:00Z,TLM12,STIC,20210928-20220221,HS,21059656,4650,8.382,5.269335727999999,1,poor,NA
AIMS,2021-11-29T17:30:00Z,TLM12,STIC,20210928-20220221,HS,21059656,4650,8.481,5.269335727999999,1,poor,NA
AIMS,2021-11-29T17:45:00Z,TLM12,STIC,20210928-20220221,HS,21059656,4650,8.581,5.269335727999999,1,poor,NA
AIMS,2021-11-29T18:00:00Z,TLM12,STIC,20210928-20220221,HS,21059656,4650,8.68,5.269335727999999,1,poor,NA
AIMS,2021-11-29T18:15:00Z,TLM12,STIC,20210928-20220221,HS,21059656,4650,8.779,5.269335727999999,1,poor,NA
AIMS,2021-11-29T18:30:00Z,TLM12,STIC,20210928-20220221,HS,21059656,4822.3,8.879,5.7469025671,1,poor,NA
AIMS,2021-11-29T18:45:00Z,TLM12,STIC,20210928-20220221,HS,21059656,4822.3,8.978,5.7469025671,1,poor,NA
AIMS,2021-11-29T19:00:00Z,TLM12,STIC,20210928-20220221,HS,21059656,4822.3,9.077,5.7469025671,1,poor,NA
AIMS,2021-11-29T19:15:00Z,TLM12,STIC,20210928-20220221,HS,21059656,4822.3,9.176,5.7469025671,1,poor,NA
AIMS,2021-11-29T19:30:00Z,TLM12,STIC,20210928-20220221,HS,21059656,4822.3,9.275,5.7469025671,1,poor,NA
AIMS,2021-11-29T19:45:00Z,TLM12,STIC,20210928-20220221,HS,21059656,4822.3,9.571,5.7469025671,1,poor,NA
AIMS,2021-11-29T20:00:00Z,TLM12,STIC,20210928-20220221,HS,21059656,4822.3,9.571,5.7469025671,1,poor,NA
AIMS,2021-11-29T20:15:00Z,TLM12,STIC,20210928-20220221,HS,21059656,4822.3,9.571,5.7469025671,1,poor,NA
AIMS,2021-11-29T20:30:00Z,TLM12,STIC,20210928-20220221,HS,21059656,4822.3,9.669,5.7469025671,1,poor,NA
AIMS,2021-11-29T20:45:00Z,TLM12,STIC,20210928-20220221,HS,21059656,4822.3,9.768,5.7469025671,1,poor,NA
AIMS,2021-11-29T21:00:00Z,TLM12,STIC,20210928-20220221,HS,21059656,4822.3,9.768,5.7469025671,1,poor,NA
AIMS,2021-11-29T21:15:00Z,TLM12,STIC,20210928-20220221,HS,21059656,4822.3,9.768,5.7469025671,1,poor,NA
AIMS,2021-11-29T21:30:00Z,TLM12,STIC,20210928-20220221,HS,21059656,4822.3,9.768,5.7469025671,1,poor,NA
AIMS,2021-11-29T21:45:00Z,TLM12,STIC,20210928-20220221,HS,21059656,4822.3,9.768,5.7469025671,1,poor,NA
AIMS,2021-11-29T22:00:00Z,TLM12,STIC,20210928-20220221,HS,21059656,4822.3,9.768,5.7469025671,1,poor,NA
AIMS,2021-11-29T22:15:00Z,TLM12,STIC,20210928-20220221,HS,21059656,4822.3,9.768,5.7469025671,1,poor,NA
AIMS,2021-11-29T22:30:00Z,TLM12,STIC,20210928-20220221,HS,21059656,4822.3,9.768,5.7469025671,1,poor,NA
AIMS,2021-11-29T22:45:00Z,TLM12,STIC,20210928-20220221,HS,21059656,4822.3,9.768,5.7469025671,1,poor,NA
AIMS,2021-11-29T23:00:00Z,TLM12,STIC,20210928-20220221,HS,21059656,4822.3,9.768,5.7469025671,1,poor,NA
AIMS,2021-11-29T23:15:00Z,TLM12,STIC,20210928-20220221,HS,21059656,4822.3,9.669,5.7469025671,1,poor,NA
AIMS,2021-11-29T23:30:00Z,TLM12,STIC,20210928-20220221,HS,21059656,4822.3,9.669,5.7469025671,1,poor,NA
AIMS,2021-11-29T23:45:00Z,TLM12,STIC,20210928-20220221,HS,21059656,4822.3,9.571,5.7469025671,1,poor,NA
AIMS,2021-11-30T00:00:00Z,TLM12,STIC,20210928-20220221,HS,21059656,4822.3,9.571,5.7469025671,1,poor,NA
AIMS,2021-11-30T00:15:00Z,TLM12,STIC,20210928-20220221,HS,21059656,4822.3,9.571,5.7469025671,1,poor,NA
AIMS,2021-11-30T00:30:00Z,TLM12,STIC,20210928-20220221,HS,21059656,4822.3,9.472,5.7469025671,1,poor,NA
AIMS,2021-11-30T00:45:00Z,TLM12,STIC,20210928-20220221,HS,21059656,4822.3,9.472,5.7469025671,1,poor,NA
AIMS,2021-11-30T01:00:00Z,TLM12,STIC,20210928-20220221,HS,21059656,4822.3,9.373,5.7469025671,1,poor,NA
AIMS,2021-11-30T01:15:00Z,TLM12,STIC,20210928-20220221,HS,21059656,4822.3,9.275,5.7469025671,1,poor,NA
AIMS,2021-11-30T01:30:00Z,TLM12,STIC,20210928-20220221,HS,21059656,4822.3,9.275,5.7469025671,1,poor,NA
AIMS,2021-11-30T01:45:00Z,TLM12,STIC,20210928-20220221,HS,21059656,4822.3,9.176,5.7469025671,1,poor,NA
AIMS,2021-11-30T02:00:00Z,TLM12,STIC,20210928-20220221,HS,21059656,4822.3,9.077,5.7469025671,1,poor,NA
AIMS,2021-11-30T02:15:00Z,TLM12,STIC,20210928-20220221,HS,21059656,4822.3,9.077,5.7469025671,1,poor,NA
AIMS,2021-11-30T02:30:00Z,TLM12,STIC,20210928-20220221,HS,21059656,4822.3,8.978,5.7469025671,1,poor,NA
AIMS,2021-11-30T02:45:00Z,TLM12,STIC,20210928-20220221,HS,21059656,4822.3,8.879,5.7469025671,1,poor,NA
AIMS,2021-11-30T03:00:00Z,TLM12,STIC,20210928-20220221,HS,21059656,4822.3,8.879,5.7469025671,1,poor,NA
AIMS,2021-11-30T03:15:00Z,TLM12,STIC,20210928-20220221,HS,21059656,4822.3,8.779,5.7469025671,1,poor,NA
AIMS,2021-11-30T03:30:00Z,TLM12,STIC,20210928-20220221,HS,21059656,4822.3,8.779,5.7469025671,1,poor,NA
AIMS,2021-11-30T03:45:00Z,TLM12,STIC,20210928-20220221,HS,21059656,4822.3,8.68,5.7469025671,1,poor,NA
AIMS,2021-11-30T04:00:00Z,TLM12,STIC,20210928-20220221,HS,21059656,4650,8.581,5.269335727999999,1,poor,NA
AIMS,2021-11-30T04:15:00Z,TLM12,STIC,20210928-20220221,HS,21059656,4650,8.581,5.269335727999999,1,poor,NA
AIMS,2021-11-30T04:30:00Z,TLM12,STIC,20210928-20220221,HS,21059656,4650,8.581,5.269335727999999,1,poor,NA
AIMS,2021-11-30T04:45:00Z,TLM12,STIC,20210928-20220221,HS,21059656,4650,8.481,5.269335727999999,1,poor,NA
AIMS,2021-11-30T05:00:00Z,TLM12,STIC,20210928-20220221,HS,21059656,4650,8.481,5.269335727999999,1,poor,NA
AIMS,2021-11-30T05:15:00Z,TLM12,STIC,20210928-20220221,HS,21059656,4650,8.382,5.269335727999999,1,poor,NA
AIMS,2021-11-30T05:30:00Z,TLM12,STIC,20210928-20220221,HS,21059656,4650,8.382,5.269335727999999,1,poor,NA
AIMS,2021-11-30T05:45:00Z,TLM12,STIC,20210928-20220221,HS,21059656,4650,8.282,5.269335727999999,1,poor,NA
AIMS,2021-11-30T06:00:00Z,TLM12,STIC,20210928-20220221,HS,21059656,4650,8.282,5.269335727999999,1,poor,NA
AIMS,2021-11-30T06:15:00Z,TLM12,STIC,20210928-20220221,HS,21059656,4650,8.182,5.269335727999999,1,poor,NA
AIMS,2021-11-30T06:30:00Z,TLM12,STIC,20210928-20220221,HS,21059656,4650,8.182,5.269335727999999,1,poor,NA
AIMS,2021-11-30T06:45:00Z,TLM12,STIC,20210928-20220221,HS,21059656,4650,8.082,5.269335727999999,1,poor,NA
AIMS,2021-11-30T07:00:00Z,TLM12,STIC,20210928-20220221,HS,21059656,4650,8.082,5.269335727999999,1,poor,NA
AIMS,2021-11-30T07:15:00Z,TLM12,STIC,20210928-20220221,HS,21059656,4650,7.983,5.269335727999999,1,poor,NA
AIMS,2021-11-30T07:30:00Z,TLM12,STIC,20210928-20220221,HS,21059656,4650,7.983,5.269335727999999,1,poor,NA
AIMS,2021-11-30T07:45:00Z,TLM12,STIC,20210928-20220221,HS,21059656,4650,7.983,5.269335727999999,1,poor,NA
AIMS,2021-11-30T08:00:00Z,TLM12,STIC,20210928-20220221,HS,21059656,4650,7.882,5.269335727999999,1,poor,NA
AIMS,2021-11-30T08:15:00Z,TLM12,STIC,20210928-20220221,HS,21059656,4650,7.882,5.269335727999999,1,poor,NA
AIMS,2021-11-30T08:30:00Z,TLM12,STIC,20210928-20220221,HS,21059656,4650,7.882,5.269335727999999,1,poor,NA
AIMS,2021-11-30T08:45:00Z,TLM12,STIC,20210928-20220221,HS,21059656,4650,7.782,5.269335727999999,1,poor,NA
AIMS,2021-11-30T09:00:00Z,TLM12,STIC,20210928-20220221,HS,21059656,4650,7.782,5.269335727999999,1,poor,NA
AIMS,2021-11-30T09:15:00Z,TLM12,STIC,20210928-20220221,HS,21059656,4650,7.682,5.269335727999999,1,poor,NA
AIMS,2021-11-30T09:30:00Z,TLM12,STIC,20210928-20220221,HS,21059656,4650,7.682,5.269335727999999,1,poor,NA
AIMS,2021-11-30T09:45:00Z,TLM12,STIC,20210928-20220221,HS,21059656,4650,7.682,5.269335727999999,1,poor,NA
AIMS,2021-11-30T10:00:00Z,TLM12,STIC,20210928-20220221,HS,21059656,4650,7.682,5.269335727999999,1,poor,NA
AIMS,2021-11-30T10:15:00Z,TLM12,STIC,20210928-20220221,HS,21059656,4650,7.582,5.269335727999999,1,poor,NA
AIMS,2021-11-30T10:30:00Z,TLM12,STIC,20210928-20220221,HS,21059656,4650,7.582,5.269335727999999,1,poor,NA
AIMS,2021-11-30T10:45:00Z,TLM12,STIC,20210928-20220221,HS,21059656,4650,7.582,5.269335727999999,1,poor,NA
AIMS,2021-11-30T11:00:00Z,TLM12,STIC,20210928-20220221,HS,21059656,4650,7.481,5.269335727999999,1,poor,NA
AIMS,2021-11-30T11:15:00Z,TLM12,STIC,20210928-20220221,HS,21059656,4650,7.481,5.269335727999999,1,poor,NA
AIMS,2021-11-30T11:30:00Z,TLM12,STIC,20210928-20220221,HS,21059656,4650,7.481,5.269335727999999,1,poor,NA
AIMS,2021-11-30T11:45:00Z,TLM12,STIC,20210928-20220221,HS,21059656,4650,7.481,5.269335727999999,1,poor,NA
AIMS,2021-11-30T12:00:00Z,TLM12,STIC,20210928-20220221,HS,21059656,4650,7.381,5.269335727999999,1,poor,NA
AIMS,2021-11-30T12:15:00Z,TLM12,STIC,20210928-20220221,HS,21059656,4650,7.381,5.269335727999999,1,poor,NA
AIMS,2021-11-30T12:30:00Z,TLM12,STIC,20210928-20220221,HS,21059656,4650,7.381,5.269335727999999,1,poor,NA
AIMS,2021-11-30T12:45:00Z,TLM12,STIC,20210928-20220221,HS,21059656,4650,7.381,5.269335727999999,1,poor,NA
AIMS,2021-11-30T13:00:00Z,TLM12,STIC,20210928-20220221,HS,21059656,4650,7.28,5.269335727999999,1,poor,NA
AIMS,2021-11-30T13:15:00Z,TLM12,STIC,20210928-20220221,HS,21059656,4650,7.28,5.269335727999999,1,poor,NA
AIMS,2021-11-30T13:30:00Z,TLM12,STIC,20210928-20220221,HS,21059656,4650,7.28,5.269335727999999,1,poor,NA
AIMS,2021-11-30T13:45:00Z,TLM12,STIC,20210928-20220221,HS,21059656,4650,7.28,5.269335727999999,1,poor,NA
AIMS,2021-11-30T14:00:00Z,TLM12,STIC,20210928-20220221,HS,21059656,4650,7.28,5.269335727999999,1,poor,NA
AIMS,2021-11-30T14:15:00Z,TLM12,STIC,20210928-20220221,HS,21059656,4650,7.179,5.269335727999999,1,poor,NA
AIMS,2021-11-30T14:30:00Z,TLM12,STIC,20210928-20220221,HS,21059656,4650,7.179,5.269335727999999,1,poor,NA
AIMS,2021-11-30T14:45:00Z,TLM12,STIC,20210928-20220221,HS,21059656,4650,7.179,5.269335727999999,1,poor,NA
AIMS,2021-11-30T15:00:00Z,TLM12,STIC,20210928-20220221,HS,21059656,4650,7.179,5.269335727999999,1,poor,NA
AIMS,2021-11-30T15:15:00Z,TLM12,STIC,20210928-20220221,HS,21059656,4650,7.179,5.269335727999999,1,poor,NA
AIMS,2021-11-30T15:30:00Z,TLM12,STIC,20210928-20220221,HS,21059656,4650,7.28,5.269335727999999,1,poor,NA
AIMS,2021-11-30T15:45:00Z,TLM12,STIC,20210928-20220221,HS,21059656,4650,7.28,5.269335727999999,1,poor,NA
AIMS,2021-11-30T16:00:00Z,TLM12,STIC,20210928-20220221,HS,21059656,4650,7.381,5.269335727999999,1,poor,NA
AIMS,2021-11-30T16:15:00Z,TLM12,STIC,20210928-20220221,HS,21059656,4650,7.481,5.269335727999999,1,poor,NA
AIMS,2021-11-30T16:30:00Z,TLM12,STIC,20210928-20220221,HS,21059656,4650,7.582,5.269335727999999,1,poor,NA
AIMS,2021-11-30T16:45:00Z,TLM12,STIC,20210928-20220221,HS,21059656,4650,7.682,5.269335727999999,1,poor,NA
AIMS,2021-11-30T17:00:00Z,TLM12,STIC,20210928-20220221,HS,21059656,4650,7.782,5.269335727999999,1,poor,NA
AIMS,2021-11-30T17:15:00Z,TLM12,STIC,20210928-20220221,HS,21059656,4650,7.983,5.269335727999999,1,poor,NA
AIMS,2021-11-30T17:30:00Z,TLM12,STIC,20210928-20220221,HS,21059656,4650,8.082,5.269335727999999,1,poor,NA
AIMS,2021-11-30T17:45:00Z,TLM12,STIC,20210928-20220221,HS,21059656,4650,8.182,5.269335727999999,1,poor,NA
AIMS,2021-11-30T18:00:00Z,TLM12,STIC,20210928-20220221,HS,21059656,4650,8.382,5.269335727999999,1,poor,NA
AIMS,2021-11-30T18:15:00Z,TLM12,STIC,20210928-20220221,HS,21059656,4650,8.581,5.269335727999999,1,poor,NA
AIMS,2021-11-30T18:30:00Z,TLM12,STIC,20210928-20220221,HS,21059656,4650,8.68,5.269335727999999,1,poor,NA
AIMS,2021-11-30T18:45:00Z,TLM12,STIC,20210928-20220221,HS,21059656,4650,8.879,5.269335727999999,1,poor,NA
AIMS,2021-11-30T19:00:00Z,TLM12,STIC,20210928-20220221,HS,21059656,4822.3,9.077,5.7469025671,1,poor,NA
AIMS,2021-11-30T19:15:00Z,TLM12,STIC,20210928-20220221,HS,21059656,4822.3,9.176,5.7469025671,1,poor,NA
AIMS,2021-11-30T19:30:00Z,TLM12,STIC,20210928-20220221,HS,21059656,4822.3,9.472,5.7469025671,1,poor,NA
AIMS,2021-11-30T19:45:00Z,TLM12,STIC,20210928-20220221,HS,21059656,4822.3,9.768,5.7469025671,1,poor,NA
AIMS,2021-11-30T20:00:00Z,TLM12,STIC,20210928-20220221,HS,21059656,4822.3,9.866,5.7469025671,1,poor,NA
AIMS,2021-11-30T20:15:00Z,TLM12,STIC,20210928-20220221,HS,21059656,4822.3,9.965,5.7469025671,1,poor,NA
AIMS,2021-11-30T20:30:00Z,TLM12,STIC,20210928-20220221,HS,21059656,4822.3,10.161,5.7469025671,1,poor,NA
AIMS,2021-11-30T20:45:00Z,TLM12,STIC,20210928-20220221,HS,21059656,4822.3,10.259,5.7469025671,1,poor,NA
AIMS,2021-11-30T21:00:00Z,TLM12,STIC,20210928-20220221,HS,21059656,4822.3,10.259,5.7469025671,1,poor,NA
AIMS,2021-11-30T21:15:00Z,TLM12,STIC,20210928-20220221,HS,21059656,4822.3,10.259,5.7469025671,1,poor,NA
AIMS,2021-11-30T21:30:00Z,TLM12,STIC,20210928-20220221,HS,21059656,4822.3,10.357,5.7469025671,1,poor,NA
AIMS,2021-11-30T21:45:00Z,TLM12,STIC,20210928-20220221,HS,21059656,4822.3,10.455,5.7469025671,1,poor,NA
AIMS,2021-11-30T22:00:00Z,TLM12,STIC,20210928-20220221,HS,21059656,4822.3,10.455,5.7469025671,1,poor,NA
AIMS,2021-11-30T22:15:00Z,TLM12,STIC,20210928-20220221,HS,21059656,4822.3,10.553,5.7469025671,1,poor,NA
AIMS,2021-11-30T22:30:00Z,TLM12,STIC,20210928-20220221,HS,21059656,4822.3,10.553,5.7469025671,1,poor,NA
AIMS,2021-11-30T22:45:00Z,TLM12,STIC,20210928-20220221,HS,21059656,4822.3,10.553,5.7469025671,1,poor,NA
AIMS,2021-11-30T23:00:00Z,TLM12,STIC,20210928-20220221,HS,21059656,4822.3,10.553,5.7469025671,1,poor,NA
AIMS,2021-11-30T23:15:00Z,TLM12,STIC,20210928-20220221,HS,21059656,4822.3,10.553,5.7469025671,1,poor,NA
AIMS,2021-11-30T23:30:00Z,TLM12,STIC,20210928-20220221,HS,21059656,4822.3,10.553,5.7469025671,1,poor,NA
AIMS,2021-11-30T23:45:00Z,TLM12,STIC,20210928-20220221,HS,21059656,4822.3,10.553,5.7469025671,1,poor,NA
AIMS,2021-12-01T00:00:00Z,TLM12,STIC,20210928-20220221,HS,21059656,4822.3,10.553,5.7469025671,1,poor,NA
AIMS,2021-12-01T00:15:00Z,TLM12,STIC,20210928-20220221,HS,21059656,4822.3,10.455,5.7469025671,1,poor,NA
AIMS,2021-12-01T00:30:00Z,TLM12,STIC,20210928-20220221,HS,21059656,4822.3,10.455,5.7469025671,1,poor,NA
AIMS,2021-12-01T00:45:00Z,TLM12,STIC,20210928-20220221,HS,21059656,4822.3,10.357,5.7469025671,1,poor,NA
AIMS,2021-12-01T01:00:00Z,TLM12,STIC,20210928-20220221,HS,21059656,4822.3,10.357,5.7469025671,1,poor,NA
AIMS,2021-12-01T01:15:00Z,TLM12,STIC,20210928-20220221,HS,21059656,4822.3,10.259,5.7469025671,1,poor,NA
AIMS,2021-12-01T01:30:00Z,TLM12,STIC,20210928-20220221,HS,21059656,4822.3,10.259,5.7469025671,1,poor,NA
AIMS,2021-12-01T01:45:00Z,TLM12,STIC,20210928-20220221,HS,21059656,4822.3,10.161,5.7469025671,1,poor,NA
AIMS,2021-12-01T02:00:00Z,TLM12,STIC,20210928-20220221,HS,21059656,4822.3,10.161,5.7469025671,1,poor,NA
AIMS,2021-12-01T02:15:00Z,TLM12,STIC,20210928-20220221,HS,21059656,4822.3,10.063,5.7469025671,1,poor,NA
AIMS,2021-12-01T02:30:00Z,TLM12,STIC,20210928-20220221,HS,21059656,4822.3,10.063,5.7469025671,1,poor,NA
AIMS,2021-12-01T02:45:00Z,TLM12,STIC,20210928-20220221,HS,21059656,4822.3,9.965,5.7469025671,1,poor,NA
AIMS,2021-12-01T03:00:00Z,TLM12,STIC,20210928-20220221,HS,21059656,4822.3,9.965,5.7469025671,1,poor,NA
AIMS,2021-12-01T03:15:00Z,TLM12,STIC,20210928-20220221,HS,21059656,4822.3,9.866,5.7469025671,1,poor,NA
AIMS,2021-12-01T03:30:00Z,TLM12,STIC,20210928-20220221,HS,21059656,4822.3,9.866,5.7469025671,1,poor,NA
AIMS,2021-12-01T03:45:00Z,TLM12,STIC,20210928-20220221,HS,21059656,4822.3,9.768,5.7469025671,1,poor,NA
AIMS,2021-12-01T04:00:00Z,TLM12,STIC,20210928-20220221,HS,21059656,4822.3,9.768,5.7469025671,1,poor,NA
AIMS,2021-12-01T04:15:00Z,TLM12,STIC,20210928-20220221,HS,21059656,4822.3,9.669,5.7469025671,1,poor,NA
AIMS,2021-12-01T04:30:00Z,TLM12,STIC,20210928-20220221,HS,21059656,4822.3,9.669,5.7469025671,1,poor,NA
AIMS,2021-12-01T04:45:00Z,TLM12,STIC,20210928-20220221,HS,21059656,4822.3,9.571,5.7469025671,1,poor,NA
AIMS,2021-12-01T05:00:00Z,TLM12,STIC,20210928-20220221,HS,21059656,4822.3,9.571,5.7469025671,1,poor,NA
AIMS,2021-12-01T05:15:00Z,TLM12,STIC,20210928-20220221,HS,21059656,4822.3,9.472,5.7469025671,1,poor,NA
AIMS,2021-12-01T05:30:00Z,TLM12,STIC,20210928-20220221,HS,21059656,4822.3,9.472,5.7469025671,1,poor,NA
AIMS,2021-12-01T05:45:00Z,TLM12,STIC,20210928-20220221,HS,21059656,4822.3,9.472,5.7469025671,1,poor,NA
AIMS,2021-12-01T06:00:00Z,TLM12,STIC,20210928-20220221,HS,21059656,4822.3,9.472,5.7469025671,1,poor,NA
AIMS,2021-12-01T06:15:00Z,TLM12,STIC,20210928-20220221,HS,21059656,4822.3,9.373,5.7469025671,1,poor,NA
AIMS,2021-12-01T06:30:00Z,TLM12,STIC,20210928-20220221,HS,21059656,4822.3,9.373,5.7469025671,1,poor,NA
AIMS,2021-12-01T06:45:00Z,TLM12,STIC,20210928-20220221,HS,21059656,4822.3,9.275,5.7469025671,1,poor,NA
AIMS,2021-12-01T07:00:00Z,TLM12,STIC,20210928-20220221,HS,21059656,4822.3,9.275,5.7469025671,1,poor,NA
AIMS,2021-12-01T07:15:00Z,TLM12,STIC,20210928-20220221,HS,21059656,4822.3,9.176,5.7469025671,1,poor,NA
AIMS,2021-12-01T07:30:00Z,TLM12,STIC,20210928-20220221,HS,21059656,4822.3,9.176,5.7469025671,1,poor,NA
AIMS,2021-12-01T07:45:00Z,TLM12,STIC,20210928-20220221,HS,21059656,4822.3,9.176,5.7469025671,1,poor,NA
AIMS,2021-12-01T08:00:00Z,TLM12,STIC,20210928-20220221,HS,21059656,4822.3,9.077,5.7469025671,1,poor,NA
AIMS,2021-12-01T08:15:00Z,TLM12,STIC,20210928-20220221,HS,21059656,4822.3,9.077,5.7469025671,1,poor,NA
AIMS,2021-12-01T08:30:00Z,TLM12,STIC,20210928-20220221,HS,21059656,4822.3,9.077,5.7469025671,1,poor,NA
AIMS,2021-12-01T08:45:00Z,TLM12,STIC,20210928-20220221,HS,21059656,4822.3,8.978,5.7469025671,1,poor,NA
AIMS,2021-12-01T09:00:00Z,TLM12,STIC,20210928-20220221,HS,21059656,4650,8.978,5.269335727999999,1,poor,NA
AIMS,2021-12-01T09:15:00Z,TLM12,STIC,20210928-20220221,HS,21059656,4650,8.978,5.269335727999999,1,poor,NA
AIMS,2021-12-01T09:30:00Z,TLM12,STIC,20210928-20220221,HS,21059656,4650,8.978,5.269335727999999,1,poor,NA
AIMS,2021-12-01T09:45:00Z,TLM12,STIC,20210928-20220221,HS,21059656,4650,8.879,5.269335727999999,1,poor,NA
AIMS,2021-12-01T10:00:00Z,TLM12,STIC,20210928-20220221,HS,21059656,4650,8.879,5.269335727999999,1,poor,NA
AIMS,2021-12-01T10:15:00Z,TLM12,STIC,20210928-20220221,HS,21059656,4650,8.879,5.269335727999999,1,poor,NA
AIMS,2021-12-01T10:30:00Z,TLM12,STIC,20210928-20220221,HS,21059656,4650,8.879,5.269335727999999,1,poor,NA
AIMS,2021-12-01T10:45:00Z,TLM12,STIC,20210928-20220221,HS,21059656,4650,8.879,5.269335727999999,1,poor,NA
AIMS,2021-12-01T11:00:00Z,TLM12,STIC,20210928-20220221,HS,21059656,4650,8.879,5.269335727999999,1,poor,NA
AIMS,2021-12-01T11:15:00Z,TLM12,STIC,20210928-20220221,HS,21059656,4650,8.879,5.269335727999999,1,poor,NA
AIMS,2021-12-01T11:30:00Z,TLM12,STIC,20210928-20220221,HS,21059656,4650,8.779,5.269335727999999,1,poor,NA
AIMS,2021-12-01T11:45:00Z,TLM12,STIC,20210928-20220221,HS,21059656,4650,8.779,5.269335727999999,1,poor,NA
AIMS,2021-12-01T12:00:00Z,TLM12,STIC,20210928-20220221,HS,21059656,4650,8.779,5.269335727999999,1,poor,NA
AIMS,2021-12-01T12:15:00Z,TLM12,STIC,20210928-20220221,HS,21059656,4650,8.779,5.269335727999999,1,poor,NA
AIMS,2021-12-01T12:30:00Z,TLM12,STIC,20210928-20220221,HS,21059656,4650,8.779,5.269335727999999,1,poor,NA
AIMS,2021-12-01T12:45:00Z,TLM12,STIC,20210928-20220221,HS,21059656,4650,8.779,5.269335727999999,1,poor,NA
AIMS,2021-12-01T13:00:00Z,TLM12,STIC,20210928-20220221,HS,21059656,4650,8.779,5.269335727999999,1,poor,NA
AIMS,2021-12-01T13:15:00Z,TLM12,STIC,20210928-20220221,HS,21059656,4650,8.779,5.269335727999999,1,poor,NA
AIMS,2021-12-01T13:30:00Z,TLM12,STIC,20210928-20220221,HS,21059656,4650,8.779,5.269335727999999,1,poor,NA
AIMS,2021-12-01T13:45:00Z,TLM12,STIC,20210928-20220221,HS,21059656,4650,8.779,5.269335727999999,1,poor,NA
AIMS,2021-12-01T14:00:00Z,TLM12,STIC,20210928-20220221,HS,21059656,4650,8.779,5.269335727999999,1,poor,NA
AIMS,2021-12-01T14:15:00Z,TLM12,STIC,20210928-20220221,HS,21059656,4650,8.779,5.269335727999999,1,poor,NA
AIMS,2021-12-01T14:30:00Z,TLM12,STIC,20210928-20220221,HS,21059656,4650,8.68,5.269335727999999,1,poor,NA
AIMS,2021-12-01T14:45:00Z,TLM12,STIC,20210928-20220221,HS,21059656,4650,8.68,5.269335727999999,1,poor,NA
AIMS,2021-12-01T15:00:00Z,TLM12,STIC,20210928-20220221,HS,21059656,4650,8.68,5.269335727999999,1,poor,NA
AIMS,2021-12-01T15:15:00Z,TLM12,STIC,20210928-20220221,HS,21059656,4650,8.68,5.269335727999999,1,poor,NA
AIMS,2021-12-01T15:30:00Z,TLM12,STIC,20210928-20220221,HS,21059656,4650,8.779,5.269335727999999,1,poor,NA
AIMS,2021-12-01T15:45:00Z,TLM12,STIC,20210928-20220221,HS,21059656,4650,8.779,5.269335727999999,1,poor,NA
AIMS,2021-12-01T16:00:00Z,TLM12,STIC,20210928-20220221,HS,21059656,4650,8.879,5.269335727999999,1,poor,NA
AIMS,2021-12-01T16:15:00Z,TLM12,STIC,20210928-20220221,HS,21059656,4650,8.978,5.269335727999999,1,poor,NA
AIMS,2021-12-01T16:30:00Z,TLM12,STIC,20210928-20220221,HS,21059656,4650,9.077,5.269335727999999,1,poor,NA
AIMS,2021-12-01T16:45:00Z,TLM12,STIC,20210928-20220221,HS,21059656,4650,9.176,5.269335727999999,1,poor,NA
AIMS,2021-12-01T17:00:00Z,TLM12,STIC,20210928-20220221,HS,21059656,4650,9.275,5.269335727999999,1,poor,NA
AIMS,2021-12-01T17:15:00Z,TLM12,STIC,20210928-20220221,HS,21059656,4650,9.373,5.269335727999999,1,poor,NA
AIMS,2021-12-01T17:30:00Z,TLM12,STIC,20210928-20220221,HS,21059656,4650,9.571,5.269335727999999,1,poor,NA
AIMS,2021-12-01T17:45:00Z,TLM12,STIC,20210928-20220221,HS,21059656,4650,9.669,5.269335727999999,1,poor,NA
AIMS,2021-12-01T18:00:00Z,TLM12,STIC,20210928-20220221,HS,21059656,4650,9.866,5.269335727999999,1,poor,NA
AIMS,2021-12-01T18:15:00Z,TLM12,STIC,20210928-20220221,HS,21059656,4650,9.965,5.269335727999999,1,poor,NA
AIMS,2021-12-01T18:30:00Z,TLM12,STIC,20210928-20220221,HS,21059656,4650,10.161,5.269335727999999,1,poor,NA
AIMS,2021-12-01T18:45:00Z,TLM12,STIC,20210928-20220221,HS,21059656,4650,10.357,5.269335727999999,1,poor,NA
AIMS,2021-12-01T19:00:00Z,TLM12,STIC,20210928-20220221,HS,21059656,4650,10.455,5.269335727999999,1,poor,NA
AIMS,2021-12-01T19:15:00Z,TLM12,STIC,20210928-20220221,HS,21059656,4650,10.651,5.269335727999999,1,poor,NA
AIMS,2021-12-01T19:30:00Z,TLM12,STIC,20210928-20220221,HS,21059656,4650,10.846,5.269335727999999,1,poor,NA
AIMS,2021-12-01T19:45:00Z,TLM12,STIC,20210928-20220221,HS,21059656,4822.3,11.139,5.7469025671,1,poor,NA
AIMS,2021-12-01T20:00:00Z,TLM12,STIC,20210928-20220221,HS,21059656,4822.3,11.236,5.7469025671,1,poor,NA
AIMS,2021-12-01T20:15:00Z,TLM12,STIC,20210928-20220221,HS,21059656,4822.3,11.334,5.7469025671,1,poor,NA
AIMS,2021-12-01T20:30:00Z,TLM12,STIC,20210928-20220221,HS,21059656,4822.3,11.334,5.7469025671,1,poor,NA
AIMS,2021-12-01T20:45:00Z,TLM12,STIC,20210928-20220221,HS,21059656,4822.3,11.431,5.7469025671,1,poor,NA
AIMS,2021-12-01T21:00:00Z,TLM12,STIC,20210928-20220221,HS,21059656,4822.3,11.431,5.7469025671,1,poor,NA
AIMS,2021-12-01T21:15:00Z,TLM12,STIC,20210928-20220221,HS,21059656,4822.3,11.528,5.7469025671,1,poor,NA
AIMS,2021-12-01T21:30:00Z,TLM12,STIC,20210928-20220221,HS,21059656,4822.3,11.528,5.7469025671,1,poor,NA
AIMS,2021-12-01T21:45:00Z,TLM12,STIC,20210928-20220221,HS,21059656,4822.3,11.625,5.7469025671,1,poor,NA
AIMS,2021-12-01T22:00:00Z,TLM12,STIC,20210928-20220221,HS,21059656,4822.3,11.625,5.7469025671,1,poor,NA
AIMS,2021-12-01T22:15:00Z,TLM12,STIC,20210928-20220221,HS,21059656,4822.3,11.625,5.7469025671,1,poor,NA
AIMS,2021-12-01T22:30:00Z,TLM12,STIC,20210928-20220221,HS,21059656,4822.3,11.625,5.7469025671,1,poor,NA
AIMS,2021-12-01T22:45:00Z,TLM12,STIC,20210928-20220221,HS,21059656,4822.3,11.625,5.7469025671,1,poor,NA
AIMS,2021-12-01T23:00:00Z,TLM12,STIC,20210928-20220221,HS,21059656,4822.3,11.625,5.7469025671,1,poor,NA
AIMS,2021-12-01T23:15:00Z,TLM12,STIC,20210928-20220221,HS,21059656,4822.3,11.625,5.7469025671,1,poor,NA
AIMS,2021-12-01T23:30:00Z,TLM12,STIC,20210928-20220221,HS,21059656,4822.3,11.528,5.7469025671,1,poor,NA
AIMS,2021-12-01T23:45:00Z,TLM12,STIC,20210928-20220221,HS,21059656,4822.3,11.528,5.7469025671,1,poor,NA
AIMS,2021-12-02T00:00:00Z,TLM12,STIC,20210928-20220221,HS,21059656,4822.3,11.528,5.7469025671,1,poor,NA
AIMS,2021-12-02T00:15:00Z,TLM12,STIC,20210928-20220221,HS,21059656,4822.3,11.431,5.7469025671,1,poor,NA
AIMS,2021-12-02T00:30:00Z,TLM12,STIC,20210928-20220221,HS,21059656,4822.3,11.431,5.7469025671,1,poor,NA
AIMS,2021-12-02T00:45:00Z,TLM12,STIC,20210928-20220221,HS,21059656,4822.3,11.334,5.7469025671,1,poor,NA
AIMS,2021-12-02T01:00:00Z,TLM12,STIC,20210928-20220221,HS,21059656,4822.3,11.236,5.7469025671,1,poor,NA
AIMS,2021-12-02T01:15:00Z,TLM12,STIC,20210928-20220221,HS,21059656,4822.3,11.236,5.7469025671,1,poor,NA
AIMS,2021-12-02T01:30:00Z,TLM12,STIC,20210928-20220221,HS,21059656,4822.3,11.139,5.7469025671,1,poor,NA
AIMS,2021-12-02T01:45:00Z,TLM12,STIC,20210928-20220221,HS,21059656,4822.3,11.041,5.7469025671,1,poor,NA
AIMS,2021-12-02T02:00:00Z,TLM12,STIC,20210928-20220221,HS,21059656,4822.3,11.041,5.7469025671,1,poor,NA
AIMS,2021-12-02T02:15:00Z,TLM12,STIC,20210928-20220221,HS,21059656,4822.3,10.944,5.7469025671,1,poor,NA
AIMS,2021-12-02T02:30:00Z,TLM12,STIC,20210928-20220221,HS,21059656,4822.3,10.846,5.7469025671,1,poor,NA
AIMS,2021-12-02T02:45:00Z,TLM12,STIC,20210928-20220221,HS,21059656,4822.3,10.846,5.7469025671,1,poor,NA
AIMS,2021-12-02T03:00:00Z,TLM12,STIC,20210928-20220221,HS,21059656,4650,10.748,5.269335727999999,1,poor,NA
AIMS,2021-12-02T03:15:00Z,TLM12,STIC,20210928-20220221,HS,21059656,4650,10.748,5.269335727999999,1,poor,NA
AIMS,2021-12-02T03:30:00Z,TLM12,STIC,20210928-20220221,HS,21059656,4650,10.651,5.269335727999999,1,poor,NA
AIMS,2021-12-02T03:45:00Z,TLM12,STIC,20210928-20220221,HS,21059656,4650,10.651,5.269335727999999,1,poor,NA
AIMS,2021-12-02T04:00:00Z,TLM12,STIC,20210928-20220221,HS,21059656,4650,10.553,5.269335727999999,1,poor,NA
AIMS,2021-12-02T04:15:00Z,TLM12,STIC,20210928-20220221,HS,21059656,4650,10.553,5.269335727999999,1,poor,NA
AIMS,2021-12-02T04:30:00Z,TLM12,STIC,20210928-20220221,HS,21059656,4650,10.553,5.269335727999999,1,poor,NA
AIMS,2021-12-02T04:45:00Z,TLM12,STIC,20210928-20220221,HS,21059656,4650,10.553,5.269335727999999,1,poor,NA
AIMS,2021-12-02T05:00:00Z,TLM12,STIC,20210928-20220221,HS,21059656,4650,10.553,5.269335727999999,1,poor,NA
AIMS,2021-12-02T05:15:00Z,TLM12,STIC,20210928-20220221,HS,21059656,4650,10.455,5.269335727999999,1,poor,NA
AIMS,2021-12-02T05:30:00Z,TLM12,STIC,20210928-20220221,HS,21059656,4650,10.553,5.269335727999999,1,poor,NA
AIMS,2021-12-02T05:45:00Z,TLM12,STIC,20210928-20220221,HS,21059656,4650,10.553,5.269335727999999,1,poor,NA
AIMS,2021-12-02T06:00:00Z,TLM12,STIC,20210928-20220221,HS,21059656,4650,10.553,5.269335727999999,1,poor,NA
AIMS,2021-12-02T06:15:00Z,TLM12,STIC,20210928-20220221,HS,21059656,4650,10.553,5.269335727999999,1,poor,NA
AIMS,2021-12-02T06:30:00Z,TLM12,STIC,20210928-20220221,HS,21059656,4650,10.553,5.269335727999999,1,poor,NA
AIMS,2021-12-02T06:45:00Z,TLM12,STIC,20210928-20220221,HS,21059656,4650,10.455,5.269335727999999,1,poor,NA
AIMS,2021-12-02T07:00:00Z,TLM12,STIC,20210928-20220221,HS,21059656,4650,10.455,5.269335727999999,1,poor,NA
AIMS,2021-12-02T07:15:00Z,TLM12,STIC,20210928-20220221,HS,21059656,4650,10.455,5.269335727999999,1,poor,NA
AIMS,2021-12-02T07:30:00Z,TLM12,STIC,20210928-20220221,HS,21059656,4650,10.455,5.269335727999999,1,poor,NA
AIMS,2021-12-02T07:45:00Z,TLM12,STIC,20210928-20220221,HS,21059656,4650,10.455,5.269335727999999,1,poor,NA
AIMS,2021-12-02T08:00:00Z,TLM12,STIC,20210928-20220221,HS,21059656,4650,10.357,5.269335727999999,1,poor,NA
AIMS,2021-12-02T08:15:00Z,TLM12,STIC,20210928-20220221,HS,21059656,4650,10.357,5.269335727999999,1,poor,NA
AIMS,2021-12-02T08:30:00Z,TLM12,STIC,20210928-20220221,HS,21059656,4650,10.357,5.269335727999999,1,poor,NA
AIMS,2021-12-02T08:45:00Z,TLM12,STIC,20210928-20220221,HS,21059656,4650,10.259,5.269335727999999,1,poor,NA
AIMS,2021-12-02T09:00:00Z,TLM12,STIC,20210928-20220221,HS,21059656,4650,10.259,5.269335727999999,1,poor,NA
AIMS,2021-12-02T09:15:00Z,TLM12,STIC,20210928-20220221,HS,21059656,4650,10.161,5.269335727999999,1,poor,NA
AIMS,2021-12-02T09:30:00Z,TLM12,STIC,20210928-20220221,HS,21059656,4650,10.161,5.269335727999999,1,poor,NA
AIMS,2021-12-02T09:45:00Z,TLM12,STIC,20210928-20220221,HS,21059656,4650,10.063,5.269335727999999,1,poor,NA
AIMS,2021-12-02T10:00:00Z,TLM12,STIC,20210928-20220221,HS,21059656,4650,10.063,5.269335727999999,1,poor,NA
AIMS,2021-12-02T10:15:00Z,TLM12,STIC,20210928-20220221,HS,21059656,4650,10.063,5.269335727999999,1,poor,NA
AIMS,2021-12-02T10:30:00Z,TLM12,STIC,20210928-20220221,HS,21059656,4650,9.965,5.269335727999999,1,poor,NA
AIMS,2021-12-02T10:45:00Z,TLM12,STIC,20210928-20220221,HS,21059656,4650,9.965,5.269335727999999,1,poor,NA
AIMS,2021-12-02T11:00:00Z,TLM12,STIC,20210928-20220221,HS,21059656,4650,9.965,5.269335727999999,1,poor,NA
AIMS,2021-12-02T11:15:00Z,TLM12,STIC,20210928-20220221,HS,21059656,4650,9.866,5.269335727999999,1,poor,NA
AIMS,2021-12-02T11:30:00Z,TLM12,STIC,20210928-20220221,HS,21059656,4650,9.866,5.269335727999999,1,poor,NA
AIMS,2021-12-02T11:45:00Z,TLM12,STIC,20210928-20220221,HS,21059656,4650,9.866,5.269335727999999,1,poor,NA
AIMS,2021-12-02T12:00:00Z,TLM12,STIC,20210928-20220221,HS,21059656,4650,9.866,5.269335727999999,1,poor,NA
AIMS,2021-12-02T12:15:00Z,TLM12,STIC,20210928-20220221,HS,21059656,4650,9.768,5.269335727999999,1,poor,NA
AIMS,2021-12-02T12:30:00Z,TLM12,STIC,20210928-20220221,HS,21059656,4650,9.768,5.269335727999999,1,poor,NA
AIMS,2021-12-02T12:45:00Z,TLM12,STIC,20210928-20220221,HS,21059656,4650,9.768,5.269335727999999,1,poor,NA
AIMS,2021-12-02T13:00:00Z,TLM12,STIC,20210928-20220221,HS,21059656,4650,9.768,5.269335727999999,1,poor,NA
AIMS,2021-12-02T13:15:00Z,TLM12,STIC,20210928-20220221,HS,21059656,4650,9.768,5.269335727999999,1,poor,NA
AIMS,2021-12-02T13:30:00Z,TLM12,STIC,20210928-20220221,HS,21059656,4650,9.669,5.269335727999999,1,poor,NA
AIMS,2021-12-02T13:45:00Z,TLM12,STIC,20210928-20220221,HS,21059656,4650,9.669,5.269335727999999,1,poor,NA
AIMS,2021-12-02T14:00:00Z,TLM12,STIC,20210928-20220221,HS,21059656,4650,9.669,5.269335727999999,1,poor,NA
AIMS,2021-12-02T14:15:00Z,TLM12,STIC,20210928-20220221,HS,21059656,4650,9.669,5.269335727999999,1,poor,NA
AIMS,2021-12-02T14:30:00Z,TLM12,STIC,20210928-20220221,HS,21059656,4650,9.669,5.269335727999999,1,poor,NA
AIMS,2021-12-02T14:45:00Z,TLM12,STIC,20210928-20220221,HS,21059656,4650,9.669,5.269335727999999,1,poor,NA
AIMS,2021-12-02T15:00:00Z,TLM12,STIC,20210928-20220221,HS,21059656,4650,9.669,5.269335727999999,1,poor,NA
AIMS,2021-12-02T15:15:00Z,TLM12,STIC,20210928-20220221,HS,21059656,4650,9.768,5.269335727999999,1,poor,NA
AIMS,2021-12-02T15:30:00Z,TLM12,STIC,20210928-20220221,HS,21059656,4650,9.768,5.269335727999999,1,poor,NA
AIMS,2021-12-02T15:45:00Z,TLM12,STIC,20210928-20220221,HS,21059656,4650,9.866,5.269335727999999,1,poor,NA
AIMS,2021-12-02T16:00:00Z,TLM12,STIC,20210928-20220221,HS,21059656,4650,9.965,5.269335727999999,1,poor,NA
AIMS,2021-12-02T16:15:00Z,TLM12,STIC,20210928-20220221,HS,21059656,4650,10.063,5.269335727999999,1,poor,NA
AIMS,2021-12-02T16:30:00Z,TLM12,STIC,20210928-20220221,HS,21059656,4650,10.161,5.269335727999999,1,poor,NA
AIMS,2021-12-02T16:45:00Z,TLM12,STIC,20210928-20220221,HS,21059656,4650,10.259,5.269335727999999,1,poor,NA
AIMS,2021-12-02T17:00:00Z,TLM12,STIC,20210928-20220221,HS,21059656,4650,10.357,5.269335727999999,1,poor,NA
AIMS,2021-12-02T17:15:00Z,TLM12,STIC,20210928-20220221,HS,21059656,4650,10.553,5.269335727999999,1,poor,NA
AIMS,2021-12-02T17:30:00Z,TLM12,STIC,20210928-20220221,HS,21059656,4650,10.651,5.269335727999999,1,poor,NA
AIMS,2021-12-02T17:45:00Z,TLM12,STIC,20210928-20220221,HS,21059656,4650,10.846,5.269335727999999,1,poor,NA
AIMS,2021-12-02T18:00:00Z,TLM12,STIC,20210928-20220221,HS,21059656,4650,10.944,5.269335727999999,1,poor,NA
AIMS,2021-12-02T18:15:00Z,TLM12,STIC,20210928-20220221,HS,21059656,4650,11.139,5.269335727999999,1,poor,NA
AIMS,2021-12-02T18:30:00Z,TLM12,STIC,20210928-20220221,HS,21059656,4650,11.334,5.269335727999999,1,poor,NA
AIMS,2021-12-02T18:45:00Z,TLM12,STIC,20210928-20220221,HS,21059656,4650,11.431,5.269335727999999,1,poor,NA
AIMS,2021-12-02T19:00:00Z,TLM12,STIC,20210928-20220221,HS,21059656,4822.3,11.625,5.7469025671,1,poor,NA
AIMS,2021-12-02T19:15:00Z,TLM12,STIC,20210928-20220221,HS,21059656,4822.3,11.819,5.7469025671,1,poor,NA
AIMS,2021-12-02T19:30:00Z,TLM12,STIC,20210928-20220221,HS,21059656,4822.3,12.013,5.7469025671,1,poor,NA
AIMS,2021-12-02T19:45:00Z,TLM12,STIC,20210928-20220221,HS,21059656,4822.3,12.304,5.7469025671,1,poor,NA
AIMS,2021-12-02T20:00:00Z,TLM12,STIC,20210928-20220221,HS,21059656,4822.3,12.401,5.7469025671,1,poor,NA
AIMS,2021-12-02T20:15:00Z,TLM12,STIC,20210928-20220221,HS,21059656,4822.3,12.497,5.7469025671,1,poor,NA
AIMS,2021-12-02T20:30:00Z,TLM12,STIC,20210928-20220221,HS,21059656,4822.3,12.594,5.7469025671,1,poor,NA
AIMS,2021-12-02T20:45:00Z,TLM12,STIC,20210928-20220221,HS,21059656,4822.3,12.69,5.7469025671,1,poor,NA
AIMS,2021-12-02T21:00:00Z,TLM12,STIC,20210928-20220221,HS,21059656,4822.3,12.69,5.7469025671,1,poor,NA
AIMS,2021-12-02T21:15:00Z,TLM12,STIC,20210928-20220221,HS,21059656,4822.3,12.69,5.7469025671,1,poor,NA
AIMS,2021-12-02T21:30:00Z,TLM12,STIC,20210928-20220221,HS,21059656,4822.3,12.787,5.7469025671,1,poor,NA
AIMS,2021-12-02T21:45:00Z,TLM12,STIC,20210928-20220221,HS,21059656,4822.3,12.787,5.7469025671,1,poor,NA
AIMS,2021-12-02T22:00:00Z,TLM12,STIC,20210928-20220221,HS,21059656,4822.3,12.883,5.7469025671,1,poor,NA
AIMS,2021-12-02T22:15:00Z,TLM12,STIC,20210928-20220221,HS,21059656,4822.3,12.883,5.7469025671,1,poor,NA
AIMS,2021-12-02T22:30:00Z,TLM12,STIC,20210928-20220221,HS,21059656,4822.3,12.883,5.7469025671,1,poor,NA
AIMS,2021-12-02T22:45:00Z,TLM12,STIC,20210928-20220221,HS,21059656,4822.3,12.883,5.7469025671,1,poor,NA
AIMS,2021-12-02T23:00:00Z,TLM12,STIC,20210928-20220221,HS,21059656,4822.3,12.883,5.7469025671,1,poor,NA
AIMS,2021-12-02T23:15:00Z,TLM12,STIC,20210928-20220221,HS,21059656,4822.3,12.787,5.7469025671,1,poor,NA
AIMS,2021-12-02T23:30:00Z,TLM12,STIC,20210928-20220221,HS,21059656,4822.3,12.787,5.7469025671,1,poor,NA
AIMS,2021-12-02T23:45:00Z,TLM12,STIC,20210928-20220221,HS,21059656,4822.3,12.69,5.7469025671,1,poor,NA
AIMS,2021-12-03T00:00:00Z,TLM12,STIC,20210928-20220221,HS,21059656,4822.3,12.69,5.7469025671,1,poor,NA
AIMS,2021-12-03T00:15:00Z,TLM12,STIC,20210928-20220221,HS,21059656,4822.3,12.594,5.7469025671,1,poor,NA
AIMS,2021-12-03T00:30:00Z,TLM12,STIC,20210928-20220221,HS,21059656,4822.3,12.497,5.7469025671,1,poor,NA
AIMS,2021-12-03T00:45:00Z,TLM12,STIC,20210928-20220221,HS,21059656,4822.3,12.497,5.7469025671,1,poor,NA
AIMS,2021-12-03T01:00:00Z,TLM12,STIC,20210928-20220221,HS,21059656,4822.3,12.401,5.7469025671,1,poor,NA
AIMS,2021-12-03T01:15:00Z,TLM12,STIC,20210928-20220221,HS,21059656,4822.3,12.304,5.7469025671,1,poor,NA
AIMS,2021-12-03T01:30:00Z,TLM12,STIC,20210928-20220221,HS,21059656,4822.3,12.207,5.7469025671,1,poor,NA
AIMS,2021-12-03T01:45:00Z,TLM12,STIC,20210928-20220221,HS,21059656,4650,12.207,5.269335727999999,1,poor,NA
AIMS,2021-12-03T02:00:00Z,TLM12,STIC,20210928-20220221,HS,21059656,4650,12.11,5.269335727999999,1,poor,NA
AIMS,2021-12-03T02:15:00Z,TLM12,STIC,20210928-20220221,HS,21059656,4650,12.013,5.269335727999999,1,poor,NA
AIMS,2021-12-03T02:30:00Z,TLM12,STIC,20210928-20220221,HS,21059656,4650,11.916,5.269335727999999,1,poor,NA
AIMS,2021-12-03T02:45:00Z,TLM12,STIC,20210928-20220221,HS,21059656,4650,11.916,5.269335727999999,1,poor,NA
AIMS,2021-12-03T03:00:00Z,TLM12,STIC,20210928-20220221,HS,21059656,4650,11.819,5.269335727999999,1,poor,NA
AIMS,2021-12-03T03:15:00Z,TLM12,STIC,20210928-20220221,HS,21059656,4650,11.722,5.269335727999999,1,poor,NA
AIMS,2021-12-03T03:30:00Z,TLM12,STIC,20210928-20220221,HS,21059656,4650,11.722,5.269335727999999,1,poor,NA
AIMS,2021-12-03T03:45:00Z,TLM12,STIC,20210928-20220221,HS,21059656,4650,11.625,5.269335727999999,1,poor,NA
AIMS,2021-12-03T04:00:00Z,TLM12,STIC,20210928-20220221,HS,21059656,4650,11.528,5.269335727999999,1,poor,NA
AIMS,2021-12-03T04:15:00Z,TLM12,STIC,20210928-20220221,HS,21059656,4650,11.528,5.269335727999999,1,poor,NA
AIMS,2021-12-03T04:30:00Z,TLM12,STIC,20210928-20220221,HS,21059656,4650,11.431,5.269335727999999,1,poor,NA
AIMS,2021-12-03T04:45:00Z,TLM12,STIC,20210928-20220221,HS,21059656,4650,11.334,5.269335727999999,1,poor,NA
AIMS,2021-12-03T05:00:00Z,TLM12,STIC,20210928-20220221,HS,21059656,4650,11.334,5.269335727999999,1,poor,NA
AIMS,2021-12-03T05:15:00Z,TLM12,STIC,20210928-20220221,HS,21059656,4650,11.236,5.269335727999999,1,poor,NA
AIMS,2021-12-03T05:30:00Z,TLM12,STIC,20210928-20220221,HS,21059656,4650,11.236,5.269335727999999,1,poor,NA
AIMS,2021-12-03T05:45:00Z,TLM12,STIC,20210928-20220221,HS,21059656,4650,11.139,5.269335727999999,1,poor,NA
AIMS,2021-12-03T06:00:00Z,TLM12,STIC,20210928-20220221,HS,21059656,4650,11.139,5.269335727999999,1,poor,NA
AIMS,2021-12-03T06:15:00Z,TLM12,STIC,20210928-20220221,HS,21059656,4650,11.041,5.269335727999999,1,poor,NA
AIMS,2021-12-03T06:30:00Z,TLM12,STIC,20210928-20220221,HS,21059656,4650,11.041,5.269335727999999,1,poor,NA
AIMS,2021-12-03T06:45:00Z,TLM12,STIC,20210928-20220221,HS,21059656,4650,11.041,5.269335727999999,1,poor,NA
AIMS,2021-12-03T07:00:00Z,TLM12,STIC,20210928-20220221,HS,21059656,4650,10.944,5.269335727999999,1,poor,NA
AIMS,2021-12-03T07:15:00Z,TLM12,STIC,20210928-20220221,HS,21059656,4650,10.944,5.269335727999999,1,poor,NA
AIMS,2021-12-03T07:30:00Z,TLM12,STIC,20210928-20220221,HS,21059656,4650,10.846,5.269335727999999,1,poor,NA
AIMS,2021-12-03T07:45:00Z,TLM12,STIC,20210928-20220221,HS,21059656,4477.8,10.846,4.7920460606,1,poor,NA
AIMS,2021-12-03T08:00:00Z,TLM12,STIC,20210928-20220221,HS,21059656,4477.8,10.846,4.7920460606,1,poor,NA
AIMS,2021-12-03T08:15:00Z,TLM12,STIC,20210928-20220221,HS,21059656,4477.8,10.748,4.7920460606,1,poor,NA
AIMS,2021-12-03T08:30:00Z,TLM12,STIC,20210928-20220221,HS,21059656,4477.8,10.748,4.7920460606,1,poor,NA
AIMS,2021-12-03T08:45:00Z,TLM12,STIC,20210928-20220221,HS,21059656,4477.8,10.748,4.7920460606,1,poor,NA
AIMS,2021-12-03T09:00:00Z,TLM12,STIC,20210928-20220221,HS,21059656,4477.8,10.651,4.7920460606,1,poor,NA
AIMS,2021-12-03T09:15:00Z,TLM12,STIC,20210928-20220221,HS,21059656,4477.8,10.651,4.7920460606,1,poor,NA
AIMS,2021-12-03T09:30:00Z,TLM12,STIC,20210928-20220221,HS,21059656,4477.8,10.651,4.7920460606,1,poor,NA
AIMS,2021-12-03T09:45:00Z,TLM12,STIC,20210928-20220221,HS,21059656,4477.8,10.651,4.7920460606,1,poor,NA
AIMS,2021-12-03T10:00:00Z,TLM12,STIC,20210928-20220221,HS,21059656,4477.8,10.553,4.7920460606,1,poor,NA
AIMS,2021-12-03T10:15:00Z,TLM12,STIC,20210928-20220221,HS,21059656,4477.8,10.553,4.7920460606,1,poor,NA
AIMS,2021-12-03T10:30:00Z,TLM12,STIC,20210928-20220221,HS,21059656,4477.8,10.553,4.7920460606,1,poor,NA
AIMS,2021-12-03T10:45:00Z,TLM12,STIC,20210928-20220221,HS,21059656,4477.8,10.455,4.7920460606,1,poor,NA
AIMS,2021-12-03T11:00:00Z,TLM12,STIC,20210928-20220221,HS,21059656,4477.8,10.455,4.7920460606,1,poor,NA
AIMS,2021-12-03T11:15:00Z,TLM12,STIC,20210928-20220221,HS,21059656,4477.8,10.455,4.7920460606,1,poor,NA
AIMS,2021-12-03T11:30:00Z,TLM12,STIC,20210928-20220221,HS,21059656,4477.8,10.357,4.7920460606,1,poor,NA
AIMS,2021-12-03T11:45:00Z,TLM12,STIC,20210928-20220221,HS,21059656,4477.8,10.357,4.7920460606,1,poor,NA
AIMS,2021-12-03T12:00:00Z,TLM12,STIC,20210928-20220221,HS,21059656,4477.8,10.259,4.7920460606,1,poor,NA
AIMS,2021-12-03T12:15:00Z,TLM12,STIC,20210928-20220221,HS,21059656,4477.8,10.259,4.7920460606,1,poor,NA
AIMS,2021-12-03T12:30:00Z,TLM12,STIC,20210928-20220221,HS,21059656,4477.8,10.259,4.7920460606,1,poor,NA
AIMS,2021-12-03T12:45:00Z,TLM12,STIC,20210928-20220221,HS,21059656,4477.8,10.161,4.7920460606,1,poor,NA
AIMS,2021-12-03T13:00:00Z,TLM12,STIC,20210928-20220221,HS,21059656,4477.8,10.161,4.7920460606,1,poor,NA
AIMS,2021-12-03T13:15:00Z,TLM12,STIC,20210928-20220221,HS,21059656,4477.8,10.161,4.7920460606,1,poor,NA
AIMS,2021-12-03T13:30:00Z,TLM12,STIC,20210928-20220221,HS,21059656,4477.8,10.063,4.7920460606,1,poor,NA
AIMS,2021-12-03T13:45:00Z,TLM12,STIC,20210928-20220221,HS,21059656,4477.8,10.063,4.7920460606,1,poor,NA
AIMS,2021-12-03T14:00:00Z,TLM12,STIC,20210928-20220221,HS,21059656,4477.8,10.063,4.7920460606,1,poor,NA
AIMS,2021-12-03T14:15:00Z,TLM12,STIC,20210928-20220221,HS,21059656,4477.8,9.965,4.7920460606,1,poor,NA
AIMS,2021-12-03T14:30:00Z,TLM12,STIC,20210928-20220221,HS,21059656,4477.8,9.965,4.7920460606,1,poor,NA
AIMS,2021-12-03T14:45:00Z,TLM12,STIC,20210928-20220221,HS,21059656,4477.8,9.965,4.7920460606,1,poor,NA
AIMS,2021-12-03T15:00:00Z,TLM12,STIC,20210928-20220221,HS,21059656,4477.8,9.965,4.7920460606,1,poor,NA
AIMS,2021-12-03T15:15:00Z,TLM12,STIC,20210928-20220221,HS,21059656,4477.8,9.965,4.7920460606,1,poor,NA
AIMS,2021-12-03T15:30:00Z,TLM12,STIC,20210928-20220221,HS,21059656,4477.8,9.965,4.7920460606,1,poor,NA
AIMS,2021-12-03T15:45:00Z,TLM12,STIC,20210928-20220221,HS,21059656,4477.8,9.965,4.7920460606,1,poor,NA
AIMS,2021-12-03T16:00:00Z,TLM12,STIC,20210928-20220221,HS,21059656,4477.8,10.063,4.7920460606,1,poor,NA
AIMS,2021-12-03T16:15:00Z,TLM12,STIC,20210928-20220221,HS,21059656,4477.8,10.161,4.7920460606,1,poor,NA
AIMS,2021-12-03T16:30:00Z,TLM12,STIC,20210928-20220221,HS,21059656,4477.8,10.259,4.7920460606,1,poor,NA
AIMS,2021-12-03T16:45:00Z,TLM12,STIC,20210928-20220221,HS,21059656,4477.8,10.357,4.7920460606,1,poor,NA
AIMS,2021-12-03T17:00:00Z,TLM12,STIC,20210928-20220221,HS,21059656,4477.8,10.553,4.7920460606,1,poor,NA
AIMS,2021-12-03T17:15:00Z,TLM12,STIC,20210928-20220221,HS,21059656,4477.8,10.651,4.7920460606,1,poor,NA
AIMS,2021-12-03T17:30:00Z,TLM12,STIC,20210928-20220221,HS,21059656,4477.8,10.846,4.7920460606,1,poor,NA
AIMS,2021-12-03T17:45:00Z,TLM12,STIC,20210928-20220221,HS,21059656,4477.8,10.944,4.7920460606,1,poor,NA
AIMS,2021-12-03T18:00:00Z,TLM12,STIC,20210928-20220221,HS,21059656,4477.8,11.139,4.7920460606,1,poor,NA
AIMS,2021-12-03T18:15:00Z,TLM12,STIC,20210928-20220221,HS,21059656,4477.8,11.334,4.7920460606,1,poor,NA
AIMS,2021-12-03T18:30:00Z,TLM12,STIC,20210928-20220221,HS,21059656,4477.8,11.431,4.7920460606,1,poor,NA
AIMS,2021-12-03T18:45:00Z,TLM12,STIC,20210928-20220221,HS,21059656,4477.8,11.625,4.7920460606,1,poor,NA
AIMS,2021-12-03T19:00:00Z,TLM12,STIC,20210928-20220221,HS,21059656,4477.8,11.819,4.7920460606,1,poor,NA
AIMS,2021-12-03T19:15:00Z,TLM12,STIC,20210928-20220221,HS,21059656,4477.8,12.013,4.7920460606,1,poor,NA
AIMS,2021-12-03T19:30:00Z,TLM12,STIC,20210928-20220221,HS,21059656,4477.8,12.207,4.7920460606,1,poor,NA
AIMS,2021-12-03T19:45:00Z,TLM12,STIC,20210928-20220221,HS,21059656,4477.8,12.497,4.7920460606,1,poor,NA
AIMS,2021-12-03T20:00:00Z,TLM12,STIC,20210928-20220221,HS,21059656,4477.8,12.69,4.7920460606,1,poor,NA
AIMS,2021-12-03T20:15:00Z,TLM12,STIC,20210928-20220221,HS,21059656,4477.8,12.787,4.7920460606,1,poor,NA
AIMS,2021-12-03T20:30:00Z,TLM12,STIC,20210928-20220221,HS,21059656,4477.8,12.883,4.7920460606,1,poor,NA
AIMS,2021-12-03T20:45:00Z,TLM12,STIC,20210928-20220221,HS,21059656,4477.8,12.98,4.7920460606,1,poor,NA
AIMS,2021-12-03T21:00:00Z,TLM12,STIC,20210928-20220221,HS,21059656,4477.8,12.98,4.7920460606,1,poor,NA
AIMS,2021-12-03T21:15:00Z,TLM12,STIC,20210928-20220221,HS,21059656,4650,13.076,5.269335727999999,1,poor,NA
AIMS,2021-12-03T21:30:00Z,TLM12,STIC,20210928-20220221,HS,21059656,4650,13.076,5.269335727999999,1,poor,NA
AIMS,2021-12-03T21:45:00Z,TLM12,STIC,20210928-20220221,HS,21059656,4650,13.076,5.269335727999999,1,poor,NA
AIMS,2021-12-03T22:00:00Z,TLM12,STIC,20210928-20220221,HS,21059656,4650,13.173,5.269335727999999,1,poor,NA
AIMS,2021-12-03T22:15:00Z,TLM12,STIC,20210928-20220221,HS,21059656,4650,13.173,5.269335727999999,1,poor,NA
AIMS,2021-12-03T22:30:00Z,TLM12,STIC,20210928-20220221,HS,21059656,4650,13.173,5.269335727999999,1,poor,NA
AIMS,2021-12-03T22:45:00Z,TLM12,STIC,20210928-20220221,HS,21059656,4650,13.173,5.269335727999999,1,poor,NA
AIMS,2021-12-03T23:00:00Z,TLM12,STIC,20210928-20220221,HS,21059656,4650,13.173,5.269335727999999,1,poor,NA
AIMS,2021-12-03T23:15:00Z,TLM12,STIC,20210928-20220221,HS,21059656,4650,13.076,5.269335727999999,1,poor,NA
AIMS,2021-12-03T23:30:00Z,TLM12,STIC,20210928-20220221,HS,21059656,4650,13.076,5.269335727999999,1,poor,NA
AIMS,2021-12-03T23:45:00Z,TLM12,STIC,20210928-20220221,HS,21059656,4650,12.98,5.269335727999999,1,poor,NA
AIMS,2021-12-04T00:00:00Z,TLM12,STIC,20210928-20220221,HS,21059656,4650,12.98,5.269335727999999,1,poor,NA
AIMS,2021-12-04T00:15:00Z,TLM12,STIC,20210928-20220221,HS,21059656,4650,12.883,5.269335727999999,1,poor,NA
AIMS,2021-12-04T00:30:00Z,TLM12,STIC,20210928-20220221,HS,21059656,4650,12.883,5.269335727999999,1,poor,NA
AIMS,2021-12-04T00:45:00Z,TLM12,STIC,20210928-20220221,HS,21059656,4650,12.787,5.269335727999999,1,poor,NA
AIMS,2021-12-04T01:00:00Z,TLM12,STIC,20210928-20220221,HS,21059656,4650,12.69,5.269335727999999,1,poor,NA
AIMS,2021-12-04T01:15:00Z,TLM12,STIC,20210928-20220221,HS,21059656,4650,12.69,5.269335727999999,1,poor,NA
AIMS,2021-12-04T01:30:00Z,TLM12,STIC,20210928-20220221,HS,21059656,4477.8,12.594,4.7920460606,1,poor,NA
AIMS,2021-12-04T01:45:00Z,TLM12,STIC,20210928-20220221,HS,21059656,4477.8,12.497,4.7920460606,1,poor,NA
AIMS,2021-12-04T02:00:00Z,TLM12,STIC,20210928-20220221,HS,21059656,4477.8,12.401,4.7920460606,1,poor,NA
AIMS,2021-12-04T02:15:00Z,TLM12,STIC,20210928-20220221,HS,21059656,4477.8,12.401,4.7920460606,1,poor,NA
AIMS,2021-12-04T02:30:00Z,TLM12,STIC,20210928-20220221,HS,21059656,4477.8,12.304,4.7920460606,1,poor,NA
AIMS,2021-12-04T02:45:00Z,TLM12,STIC,20210928-20220221,HS,21059656,4477.8,12.207,4.7920460606,1,poor,NA
AIMS,2021-12-04T03:00:00Z,TLM12,STIC,20210928-20220221,HS,21059656,4477.8,12.207,4.7920460606,1,poor,NA
AIMS,2021-12-04T03:15:00Z,TLM12,STIC,20210928-20220221,HS,21059656,4477.8,12.11,4.7920460606,1,poor,NA
AIMS,2021-12-04T03:30:00Z,TLM12,STIC,20210928-20220221,HS,21059656,4477.8,12.013,4.7920460606,1,poor,NA
AIMS,2021-12-04T03:45:00Z,TLM12,STIC,20210928-20220221,HS,21059656,4477.8,11.916,4.7920460606,1,poor,NA
AIMS,2021-12-04T04:00:00Z,TLM12,STIC,20210928-20220221,HS,21059656,4477.8,11.916,4.7920460606,1,poor,NA
AIMS,2021-12-04T04:15:00Z,TLM12,STIC,20210928-20220221,HS,21059656,4477.8,11.819,4.7920460606,1,poor,NA
AIMS,2021-12-04T04:30:00Z,TLM12,STIC,20210928-20220221,HS,21059656,4477.8,11.819,4.7920460606,1,poor,NA
AIMS,2021-12-04T04:45:00Z,TLM12,STIC,20210928-20220221,HS,21059656,4477.8,11.722,4.7920460606,1,poor,NA
AIMS,2021-12-04T05:00:00Z,TLM12,STIC,20210928-20220221,HS,21059656,4477.8,11.625,4.7920460606,1,poor,NA
AIMS,2021-12-04T05:15:00Z,TLM12,STIC,20210928-20220221,HS,21059656,4477.8,11.625,4.7920460606,1,poor,NA
AIMS,2021-12-04T05:30:00Z,TLM12,STIC,20210928-20220221,HS,21059656,4477.8,11.528,4.7920460606,1,poor,NA
AIMS,2021-12-04T05:45:00Z,TLM12,STIC,20210928-20220221,HS,21059656,4477.8,11.528,4.7920460606,1,poor,NA
AIMS,2021-12-04T06:00:00Z,TLM12,STIC,20210928-20220221,HS,21059656,4477.8,11.431,4.7920460606,1,poor,NA
AIMS,2021-12-04T06:15:00Z,TLM12,STIC,20210928-20220221,HS,21059656,4477.8,11.431,4.7920460606,1,poor,NA
AIMS,2021-12-04T06:30:00Z,TLM12,STIC,20210928-20220221,HS,21059656,4477.8,11.334,4.7920460606,1,poor,NA
AIMS,2021-12-04T06:45:00Z,TLM12,STIC,20210928-20220221,HS,21059656,4477.8,11.334,4.7920460606,1,poor,NA
AIMS,2021-12-04T07:00:00Z,TLM12,STIC,20210928-20220221,HS,21059656,4477.8,11.334,4.7920460606,1,poor,NA
AIMS,2021-12-04T07:15:00Z,TLM12,STIC,20210928-20220221,HS,21059656,4477.8,11.236,4.7920460606,1,poor,NA
AIMS,2021-12-04T07:30:00Z,TLM12,STIC,20210928-20220221,HS,21059656,4477.8,11.236,4.7920460606,1,poor,NA
AIMS,2021-12-04T07:45:00Z,TLM12,STIC,20210928-20220221,HS,21059656,4477.8,11.236,4.7920460606,1,poor,NA
AIMS,2021-12-04T08:00:00Z,TLM12,STIC,20210928-20220221,HS,21059656,4477.8,11.139,4.7920460606,1,poor,NA
AIMS,2021-12-04T08:15:00Z,TLM12,STIC,20210928-20220221,HS,21059656,4477.8,11.139,4.7920460606,1,poor,NA
AIMS,2021-12-04T08:30:00Z,TLM12,STIC,20210928-20220221,HS,21059656,4477.8,11.139,4.7920460606,1,poor,NA
AIMS,2021-12-04T08:45:00Z,TLM12,STIC,20210928-20220221,HS,21059656,4477.8,11.139,4.7920460606,1,poor,NA
AIMS,2021-12-04T09:00:00Z,TLM12,STIC,20210928-20220221,HS,21059656,4477.8,11.139,4.7920460606,1,poor,NA
AIMS,2021-12-04T09:15:00Z,TLM12,STIC,20210928-20220221,HS,21059656,4477.8,11.041,4.7920460606,1,poor,NA
AIMS,2021-12-04T09:30:00Z,TLM12,STIC,20210928-20220221,HS,21059656,4477.8,11.041,4.7920460606,1,poor,NA
AIMS,2021-12-04T09:45:00Z,TLM12,STIC,20210928-20220221,HS,21059656,4477.8,11.041,4.7920460606,1,poor,NA
AIMS,2021-12-04T10:00:00Z,TLM12,STIC,20210928-20220221,HS,21059656,4477.8,11.041,4.7920460606,1,poor,NA
AIMS,2021-12-04T10:15:00Z,TLM12,STIC,20210928-20220221,HS,21059656,4477.8,11.041,4.7920460606,1,poor,NA
AIMS,2021-12-04T10:30:00Z,TLM12,STIC,20210928-20220221,HS,21059656,4477.8,10.944,4.7920460606,1,poor,NA
AIMS,2021-12-04T10:45:00Z,TLM12,STIC,20210928-20220221,HS,21059656,4477.8,10.944,4.7920460606,1,poor,NA
AIMS,2021-12-04T11:00:00Z,TLM12,STIC,20210928-20220221,HS,21059656,4477.8,10.944,4.7920460606,1,poor,NA
AIMS,2021-12-04T11:15:00Z,TLM12,STIC,20210928-20220221,HS,21059656,4477.8,10.944,4.7920460606,1,poor,NA
AIMS,2021-12-04T11:30:00Z,TLM12,STIC,20210928-20220221,HS,21059656,4477.8,10.944,4.7920460606,1,poor,NA
AIMS,2021-12-04T11:45:00Z,TLM12,STIC,20210928-20220221,HS,21059656,4477.8,10.944,4.7920460606,1,poor,NA
AIMS,2021-12-04T12:00:00Z,TLM12,STIC,20210928-20220221,HS,21059656,4477.8,10.944,4.7920460606,1,poor,NA
AIMS,2021-12-04T12:15:00Z,TLM12,STIC,20210928-20220221,HS,21059656,4477.8,10.944,4.7920460606,1,poor,NA
AIMS,2021-12-04T12:30:00Z,TLM12,STIC,20210928-20220221,HS,21059656,4477.8,10.944,4.7920460606,1,poor,NA
AIMS,2021-12-04T12:45:00Z,TLM12,STIC,20210928-20220221,HS,21059656,4477.8,10.846,4.7920460606,1,poor,NA
AIMS,2021-12-04T13:00:00Z,TLM12,STIC,20210928-20220221,HS,21059656,4477.8,10.846,4.7920460606,1,poor,NA
AIMS,2021-12-04T13:15:00Z,TLM12,STIC,20210928-20220221,HS,21059656,4477.8,10.846,4.7920460606,1,poor,NA
AIMS,2021-12-04T13:30:00Z,TLM12,STIC,20210928-20220221,HS,21059656,4477.8,10.846,4.7920460606,1,poor,NA
AIMS,2021-12-04T13:45:00Z,TLM12,STIC,20210928-20220221,HS,21059656,4477.8,10.846,4.7920460606,1,poor,NA
AIMS,2021-12-04T14:00:00Z,TLM12,STIC,20210928-20220221,HS,21059656,4477.8,10.846,4.7920460606,1,poor,NA
AIMS,2021-12-04T14:15:00Z,TLM12,STIC,20210928-20220221,HS,21059656,4477.8,10.846,4.7920460606,1,poor,NA
AIMS,2021-12-04T14:30:00Z,TLM12,STIC,20210928-20220221,HS,21059656,4477.8,10.846,4.7920460606,1,poor,NA
AIMS,2021-12-04T14:45:00Z,TLM12,STIC,20210928-20220221,HS,21059656,4305.6,10.846,4.314756393200001,1,poor,NA
AIMS,2021-12-04T15:00:00Z,TLM12,STIC,20210928-20220221,HS,21059656,4305.6,10.846,4.314756393200001,1,poor,NA
AIMS,2021-12-04T15:15:00Z,TLM12,STIC,20210928-20220221,HS,21059656,4305.6,10.944,4.314756393200001,1,poor,NA
AIMS,2021-12-04T15:30:00Z,TLM12,STIC,20210928-20220221,HS,21059656,4305.6,11.041,4.314756393200001,1,poor,NA
AIMS,2021-12-04T15:45:00Z,TLM12,STIC,20210928-20220221,HS,21059656,4305.6,11.041,4.314756393200001,1,poor,NA
AIMS,2021-12-04T16:00:00Z,TLM12,STIC,20210928-20220221,HS,21059656,4305.6,11.139,4.314756393200001,1,poor,NA
AIMS,2021-12-04T16:15:00Z,TLM12,STIC,20210928-20220221,HS,21059656,4305.6,11.236,4.314756393200001,1,poor,NA
AIMS,2021-12-04T16:30:00Z,TLM12,STIC,20210928-20220221,HS,21059656,4305.6,11.334,4.314756393200001,1,poor,NA
AIMS,2021-12-04T16:45:00Z,TLM12,STIC,20210928-20220221,HS,21059656,4305.6,11.431,4.314756393200001,1,poor,NA
AIMS,2021-12-04T17:00:00Z,TLM12,STIC,20210928-20220221,HS,21059656,4305.6,11.625,4.314756393200001,1,poor,NA
AIMS,2021-12-04T17:15:00Z,TLM12,STIC,20210928-20220221,HS,21059656,4305.6,11.722,4.314756393200001,1,poor,NA
AIMS,2021-12-04T17:30:00Z,TLM12,STIC,20210928-20220221,HS,21059656,4477.8,11.819,4.7920460606,1,poor,NA
AIMS,2021-12-04T17:45:00Z,TLM12,STIC,20210928-20220221,HS,21059656,4477.8,12.013,4.7920460606,1,poor,NA
AIMS,2021-12-04T18:00:00Z,TLM12,STIC,20210928-20220221,HS,21059656,4477.8,12.11,4.7920460606,1,poor,NA
AIMS,2021-12-04T18:15:00Z,TLM12,STIC,20210928-20220221,HS,21059656,4477.8,12.207,4.7920460606,1,poor,NA
AIMS,2021-12-04T18:30:00Z,TLM12,STIC,20210928-20220221,HS,21059656,4477.8,12.304,4.7920460606,1,poor,NA
AIMS,2021-12-04T18:45:00Z,TLM12,STIC,20210928-20220221,HS,21059656,4477.8,12.401,4.7920460606,1,poor,NA
AIMS,2021-12-04T19:00:00Z,TLM12,STIC,20210928-20220221,HS,21059656,4477.8,12.594,4.7920460606,1,poor,NA
AIMS,2021-12-04T19:15:00Z,TLM12,STIC,20210928-20220221,HS,21059656,4477.8,12.69,4.7920460606,1,poor,NA
AIMS,2021-12-04T19:30:00Z,TLM12,STIC,20210928-20220221,HS,21059656,4477.8,12.883,4.7920460606,1,poor,NA
AIMS,2021-12-04T19:45:00Z,TLM12,STIC,20210928-20220221,HS,21059656,4477.8,12.98,4.7920460606,1,poor,NA
AIMS,2021-12-04T20:00:00Z,TLM12,STIC,20210928-20220221,HS,21059656,4477.8,13.076,4.7920460606,1,poor,NA
AIMS,2021-12-04T20:15:00Z,TLM12,STIC,20210928-20220221,HS,21059656,4477.8,13.173,4.7920460606,1,poor,NA
AIMS,2021-12-04T20:30:00Z,TLM12,STIC,20210928-20220221,HS,21059656,4477.8,13.269,4.7920460606,1,poor,NA
AIMS,2021-12-04T20:45:00Z,TLM12,STIC,20210928-20220221,HS,21059656,4477.8,13.365,4.7920460606,1,poor,NA
AIMS,2021-12-04T21:00:00Z,TLM12,STIC,20210928-20220221,HS,21059656,4477.8,13.461,4.7920460606,1,poor,NA
AIMS,2021-12-04T21:15:00Z,TLM12,STIC,20210928-20220221,HS,21059656,4477.8,13.558,4.7920460606,1,poor,NA
AIMS,2021-12-04T21:30:00Z,TLM12,STIC,20210928-20220221,HS,21059656,4477.8,13.558,4.7920460606,1,poor,NA
AIMS,2021-12-04T21:45:00Z,TLM12,STIC,20210928-20220221,HS,21059656,4477.8,13.654,4.7920460606,1,poor,NA
AIMS,2021-12-04T22:00:00Z,TLM12,STIC,20210928-20220221,HS,21059656,4477.8,13.654,4.7920460606,1,poor,NA
AIMS,2021-12-04T22:15:00Z,TLM12,STIC,20210928-20220221,HS,21059656,4477.8,13.75,4.7920460606,1,poor,NA
AIMS,2021-12-04T22:30:00Z,TLM12,STIC,20210928-20220221,HS,21059656,4477.8,13.654,4.7920460606,1,poor,NA
AIMS,2021-12-04T22:45:00Z,TLM12,STIC,20210928-20220221,HS,21059656,4477.8,13.75,4.7920460606,1,poor,NA
AIMS,2021-12-04T23:00:00Z,TLM12,STIC,20210928-20220221,HS,21059656,4477.8,13.75,4.7920460606,1,poor,NA
AIMS,2021-12-04T23:15:00Z,TLM12,STIC,20210928-20220221,HS,21059656,4477.8,13.654,4.7920460606,1,poor,NA
AIMS,2021-12-04T23:30:00Z,TLM12,STIC,20210928-20220221,HS,21059656,4477.8,13.654,4.7920460606,1,poor,NA
AIMS,2021-12-04T23:45:00Z,TLM12,STIC,20210928-20220221,HS,21059656,4477.8,13.654,4.7920460606,1,poor,NA
AIMS,2021-12-05T00:00:00Z,TLM12,STIC,20210928-20220221,HS,21059656,4477.8,13.654,4.7920460606,1,poor,NA
AIMS,2021-12-05T00:15:00Z,TLM12,STIC,20210928-20220221,HS,21059656,4477.8,13.654,4.7920460606,1,poor,NA
AIMS,2021-12-05T00:30:00Z,TLM12,STIC,20210928-20220221,HS,21059656,4477.8,13.558,4.7920460606,1,poor,NA
AIMS,2021-12-05T00:45:00Z,TLM12,STIC,20210928-20220221,HS,21059656,4477.8,13.558,4.7920460606,1,poor,NA
AIMS,2021-12-05T01:00:00Z,TLM12,STIC,20210928-20220221,HS,21059656,4477.8,13.558,4.7920460606,1,poor,NA
AIMS,2021-12-05T01:15:00Z,TLM12,STIC,20210928-20220221,HS,21059656,4477.8,13.558,4.7920460606,1,poor,NA
AIMS,2021-12-05T01:30:00Z,TLM12,STIC,20210928-20220221,HS,21059656,4477.8,13.461,4.7920460606,1,poor,NA
AIMS,2021-12-05T01:45:00Z,TLM12,STIC,20210928-20220221,HS,21059656,4477.8,13.461,4.7920460606,1,poor,NA
AIMS,2021-12-05T02:00:00Z,TLM12,STIC,20210928-20220221,HS,21059656,4477.8,13.461,4.7920460606,1,poor,NA
AIMS,2021-12-05T02:15:00Z,TLM12,STIC,20210928-20220221,HS,21059656,4477.8,13.461,4.7920460606,1,poor,NA
AIMS,2021-12-05T02:30:00Z,TLM12,STIC,20210928-20220221,HS,21059656,4477.8,13.461,4.7920460606,1,poor,NA
AIMS,2021-12-05T02:45:00Z,TLM12,STIC,20210928-20220221,HS,21059656,4477.8,13.461,4.7920460606,1,poor,NA
AIMS,2021-12-05T03:00:00Z,TLM12,STIC,20210928-20220221,HS,21059656,4477.8,13.461,4.7920460606,1,poor,NA
AIMS,2021-12-05T03:15:00Z,TLM12,STIC,20210928-20220221,HS,21059656,4477.8,13.365,4.7920460606,1,poor,NA
AIMS,2021-12-05T03:30:00Z,TLM12,STIC,20210928-20220221,HS,21059656,4477.8,13.365,4.7920460606,1,poor,NA
AIMS,2021-12-05T03:45:00Z,TLM12,STIC,20210928-20220221,HS,21059656,4477.8,13.365,4.7920460606,1,poor,NA
AIMS,2021-12-05T04:00:00Z,TLM12,STIC,20210928-20220221,HS,21059656,4477.8,13.365,4.7920460606,1,poor,NA
AIMS,2021-12-05T04:15:00Z,TLM12,STIC,20210928-20220221,HS,21059656,4477.8,13.365,4.7920460606,1,poor,NA
AIMS,2021-12-05T04:30:00Z,TLM12,STIC,20210928-20220221,HS,21059656,4477.8,13.365,4.7920460606,1,poor,NA
AIMS,2021-12-05T04:45:00Z,TLM12,STIC,20210928-20220221,HS,21059656,4477.8,13.365,4.7920460606,1,poor,NA
AIMS,2021-12-05T05:00:00Z,TLM12,STIC,20210928-20220221,HS,21059656,4477.8,13.365,4.7920460606,1,poor,NA
AIMS,2021-12-05T05:15:00Z,TLM12,STIC,20210928-20220221,HS,21059656,4477.8,13.365,4.7920460606,1,poor,NA
AIMS,2021-12-05T05:30:00Z,TLM12,STIC,20210928-20220221,HS,21059656,4477.8,13.269,4.7920460606,1,poor,NA
AIMS,2021-12-05T05:45:00Z,TLM12,STIC,20210928-20220221,HS,21059656,4477.8,13.269,4.7920460606,1,poor,NA
AIMS,2021-12-05T06:00:00Z,TLM12,STIC,20210928-20220221,HS,21059656,4477.8,13.269,4.7920460606,1,poor,NA
AIMS,2021-12-05T06:15:00Z,TLM12,STIC,20210928-20220221,HS,21059656,4477.8,13.269,4.7920460606,1,poor,NA
AIMS,2021-12-05T06:30:00Z,TLM12,STIC,20210928-20220221,HS,21059656,4477.8,13.269,4.7920460606,1,poor,NA
AIMS,2021-12-05T06:45:00Z,TLM12,STIC,20210928-20220221,HS,21059656,4477.8,13.269,4.7920460606,1,poor,NA
AIMS,2021-12-05T07:00:00Z,TLM12,STIC,20210928-20220221,HS,21059656,4477.8,13.269,4.7920460606,1,poor,NA
AIMS,2021-12-05T07:15:00Z,TLM12,STIC,20210928-20220221,HS,21059656,4477.8,13.269,4.7920460606,1,poor,NA
AIMS,2021-12-05T07:30:00Z,TLM12,STIC,20210928-20220221,HS,21059656,4477.8,13.269,4.7920460606,1,poor,NA
AIMS,2021-12-05T07:45:00Z,TLM12,STIC,20210928-20220221,HS,21059656,4477.8,13.269,4.7920460606,1,poor,NA
AIMS,2021-12-05T08:00:00Z,TLM12,STIC,20210928-20220221,HS,21059656,4477.8,13.269,4.7920460606,1,poor,NA
AIMS,2021-12-05T08:15:00Z,TLM12,STIC,20210928-20220221,HS,21059656,4477.8,13.269,4.7920460606,1,poor,NA
AIMS,2021-12-05T08:30:00Z,TLM12,STIC,20210928-20220221,HS,21059656,4477.8,13.269,4.7920460606,1,poor,NA
AIMS,2021-12-05T08:45:00Z,TLM12,STIC,20210928-20220221,HS,21059656,4477.8,13.269,4.7920460606,1,poor,NA
AIMS,2021-12-05T09:00:00Z,TLM12,STIC,20210928-20220221,HS,21059656,4477.8,13.269,4.7920460606,1,poor,NA
AIMS,2021-12-05T09:15:00Z,TLM12,STIC,20210928-20220221,HS,21059656,4477.8,13.269,4.7920460606,1,poor,NA
AIMS,2021-12-05T09:30:00Z,TLM12,STIC,20210928-20220221,HS,21059656,4477.8,13.269,4.7920460606,1,poor,NA
AIMS,2021-12-05T09:45:00Z,TLM12,STIC,20210928-20220221,HS,21059656,4477.8,13.269,4.7920460606,1,poor,NA
AIMS,2021-12-05T10:00:00Z,TLM12,STIC,20210928-20220221,HS,21059656,4477.8,13.269,4.7920460606,1,poor,NA
AIMS,2021-12-05T10:15:00Z,TLM12,STIC,20210928-20220221,HS,21059656,4477.8,13.269,4.7920460606,1,poor,NA
AIMS,2021-12-05T10:30:00Z,TLM12,STIC,20210928-20220221,HS,21059656,4477.8,13.269,4.7920460606,1,poor,NA
AIMS,2021-12-05T10:45:00Z,TLM12,STIC,20210928-20220221,HS,21059656,4477.8,13.269,4.7920460606,1,poor,NA
AIMS,2021-12-05T11:00:00Z,TLM12,STIC,20210928-20220221,HS,21059656,4477.8,13.269,4.7920460606,1,poor,NA
AIMS,2021-12-05T11:15:00Z,TLM12,STIC,20210928-20220221,HS,21059656,4477.8,13.269,4.7920460606,1,poor,NA
AIMS,2021-12-05T11:30:00Z,TLM12,STIC,20210928-20220221,HS,21059656,4477.8,13.269,4.7920460606,1,poor,NA
AIMS,2021-12-05T11:45:00Z,TLM12,STIC,20210928-20220221,HS,21059656,4477.8,13.269,4.7920460606,1,poor,NA
AIMS,2021-12-05T12:00:00Z,TLM12,STIC,20210928-20220221,HS,21059656,4477.8,13.269,4.7920460606,1,poor,NA
AIMS,2021-12-05T12:15:00Z,TLM12,STIC,20210928-20220221,HS,21059656,4477.8,13.269,4.7920460606,1,poor,NA
AIMS,2021-12-05T12:30:00Z,TLM12,STIC,20210928-20220221,HS,21059656,4477.8,13.269,4.7920460606,1,poor,NA
AIMS,2021-12-05T12:45:00Z,TLM12,STIC,20210928-20220221,HS,21059656,4477.8,13.269,4.7920460606,1,poor,NA
AIMS,2021-12-05T13:00:00Z,TLM12,STIC,20210928-20220221,HS,21059656,4477.8,13.269,4.7920460606,1,poor,NA
AIMS,2021-12-05T13:15:00Z,TLM12,STIC,20210928-20220221,HS,21059656,4477.8,13.269,4.7920460606,1,poor,NA
AIMS,2021-12-05T13:30:00Z,TLM12,STIC,20210928-20220221,HS,21059656,4477.8,13.173,4.7920460606,1,poor,NA
AIMS,2021-12-05T13:45:00Z,TLM12,STIC,20210928-20220221,HS,21059656,4477.8,13.173,4.7920460606,1,poor,NA
AIMS,2021-12-05T14:00:00Z,TLM12,STIC,20210928-20220221,HS,21059656,4477.8,13.173,4.7920460606,1,poor,NA
AIMS,2021-12-05T14:15:00Z,TLM12,STIC,20210928-20220221,HS,21059656,4477.8,13.173,4.7920460606,1,poor,NA
AIMS,2021-12-05T14:30:00Z,TLM12,STIC,20210928-20220221,HS,21059656,4477.8,13.173,4.7920460606,1,poor,NA
AIMS,2021-12-05T14:45:00Z,TLM12,STIC,20210928-20220221,HS,21059656,4477.8,13.173,4.7920460606,1,poor,NA
AIMS,2021-12-05T15:00:00Z,TLM12,STIC,20210928-20220221,HS,21059656,4477.8,13.173,4.7920460606,1,poor,NA
AIMS,2021-12-05T15:15:00Z,TLM12,STIC,20210928-20220221,HS,21059656,4477.8,13.269,4.7920460606,1,poor,NA
AIMS,2021-12-05T15:30:00Z,TLM12,STIC,20210928-20220221,HS,21059656,4477.8,13.269,4.7920460606,1,poor,NA
AIMS,2021-12-05T15:45:00Z,TLM12,STIC,20210928-20220221,HS,21059656,4650,13.269,5.269335727999999,1,poor,NA
AIMS,2021-12-05T16:00:00Z,TLM12,STIC,20210928-20220221,HS,21059656,4650,13.365,5.269335727999999,1,poor,NA
AIMS,2021-12-05T16:15:00Z,TLM12,STIC,20210928-20220221,HS,21059656,4477.8,13.365,4.7920460606,1,poor,NA
AIMS,2021-12-05T16:30:00Z,TLM12,STIC,20210928-20220221,HS,21059656,4477.8,13.461,4.7920460606,1,poor,NA
AIMS,2021-12-05T16:45:00Z,TLM12,STIC,20210928-20220221,HS,21059656,4477.8,13.558,4.7920460606,1,poor,NA
AIMS,2021-12-05T17:00:00Z,TLM12,STIC,20210928-20220221,HS,21059656,4650,13.558,5.269335727999999,1,poor,NA
AIMS,2021-12-05T17:15:00Z,TLM12,STIC,20210928-20220221,HS,21059656,4650,13.654,5.269335727999999,1,poor,NA
AIMS,2021-12-05T17:30:00Z,TLM12,STIC,20210928-20220221,HS,21059656,4650,13.75,5.269335727999999,1,poor,NA
AIMS,2021-12-05T17:45:00Z,TLM12,STIC,20210928-20220221,HS,21059656,4650,13.846,5.269335727999999,1,poor,NA
AIMS,2021-12-05T18:00:00Z,TLM12,STIC,20210928-20220221,HS,21059656,4650,13.942,5.269335727999999,1,poor,NA
AIMS,2021-12-05T18:15:00Z,TLM12,STIC,20210928-20220221,HS,21059656,4650,14.134,5.269335727999999,1,poor,NA
AIMS,2021-12-05T18:30:00Z,TLM12,STIC,20210928-20220221,HS,21059656,4650,14.23,5.269335727999999,1,poor,NA
AIMS,2021-12-05T18:45:00Z,TLM12,STIC,20210928-20220221,HS,21059656,4650,14.325,5.269335727999999,1,poor,NA
AIMS,2021-12-05T19:00:00Z,TLM12,STIC,20210928-20220221,HS,21059656,4650,14.421,5.269335727999999,1,poor,NA
AIMS,2021-12-05T19:15:00Z,TLM12,STIC,20210928-20220221,HS,21059656,4650,14.613,5.269335727999999,1,poor,NA
AIMS,2021-12-05T19:30:00Z,TLM12,STIC,20210928-20220221,HS,21059656,4650,14.709,5.269335727999999,1,poor,NA
AIMS,2021-12-05T19:45:00Z,TLM12,STIC,20210928-20220221,HS,21059656,4650,14.709,5.269335727999999,1,poor,NA
AIMS,2021-12-05T20:00:00Z,TLM12,STIC,20210928-20220221,HS,21059656,4650,14.804,5.269335727999999,1,poor,NA
AIMS,2021-12-05T20:15:00Z,TLM12,STIC,20210928-20220221,HS,21059656,4650,14.9,5.269335727999999,1,poor,NA
AIMS,2021-12-05T20:30:00Z,TLM12,STIC,20210928-20220221,HS,21059656,4650,14.9,5.269335727999999,1,poor,NA
AIMS,2021-12-05T20:45:00Z,TLM12,STIC,20210928-20220221,HS,21059656,4650,14.996,5.269335727999999,1,poor,NA
AIMS,2021-12-05T21:00:00Z,TLM12,STIC,20210928-20220221,HS,21059656,4650,14.996,5.269335727999999,1,poor,NA
AIMS,2021-12-05T21:15:00Z,TLM12,STIC,20210928-20220221,HS,21059656,4650,14.996,5.269335727999999,1,poor,NA
AIMS,2021-12-05T21:30:00Z,TLM12,STIC,20210928-20220221,HS,21059656,4650,14.996,5.269335727999999,1,poor,NA
AIMS,2021-12-05T21:45:00Z,TLM12,STIC,20210928-20220221,HS,21059656,4650,15.091,5.269335727999999,1,poor,NA
AIMS,2021-12-05T22:00:00Z,TLM12,STIC,20210928-20220221,HS,21059656,4650,15.091,5.269335727999999,1,poor,NA
AIMS,2021-12-05T22:15:00Z,TLM12,STIC,20210928-20220221,HS,21059656,4650,15.091,5.269335727999999,1,poor,NA
AIMS,2021-12-05T22:30:00Z,TLM12,STIC,20210928-20220221,HS,21059656,4650,15.091,5.269335727999999,1,poor,NA
AIMS,2021-12-05T22:45:00Z,TLM12,STIC,20210928-20220221,HS,21059656,4650,15.091,5.269335727999999,1,poor,NA
AIMS,2021-12-05T23:00:00Z,TLM12,STIC,20210928-20220221,HS,21059656,4650,15.091,5.269335727999999,1,poor,NA
AIMS,2021-12-05T23:15:00Z,TLM12,STIC,20210928-20220221,HS,21059656,4650,15.091,5.269335727999999,1,poor,NA
AIMS,2021-12-05T23:30:00Z,TLM12,STIC,20210928-20220221,HS,21059656,4650,14.996,5.269335727999999,1,poor,NA
AIMS,2021-12-05T23:45:00Z,TLM12,STIC,20210928-20220221,HS,21059656,4650,14.996,5.269335727999999,1,poor,NA
AIMS,2021-12-06T00:00:00Z,TLM12,STIC,20210928-20220221,HS,21059656,4650,14.9,5.269335727999999,1,poor,NA
AIMS,2021-12-06T00:15:00Z,TLM12,STIC,20210928-20220221,HS,21059656,4650,14.9,5.269335727999999,1,poor,NA
AIMS,2021-12-06T00:30:00Z,TLM12,STIC,20210928-20220221,HS,21059656,4650,14.804,5.269335727999999,1,poor,NA
AIMS,2021-12-06T00:45:00Z,TLM12,STIC,20210928-20220221,HS,21059656,4650,14.804,5.269335727999999,1,poor,NA
AIMS,2021-12-06T01:00:00Z,TLM12,STIC,20210928-20220221,HS,21059656,4650,14.709,5.269335727999999,1,poor,NA
AIMS,2021-12-06T01:15:00Z,TLM12,STIC,20210928-20220221,HS,21059656,4650,14.613,5.269335727999999,1,poor,NA
AIMS,2021-12-06T01:30:00Z,TLM12,STIC,20210928-20220221,HS,21059656,4650,14.613,5.269335727999999,1,poor,NA
AIMS,2021-12-06T01:45:00Z,TLM12,STIC,20210928-20220221,HS,21059656,4650,14.517,5.269335727999999,1,poor,NA
AIMS,2021-12-06T02:00:00Z,TLM12,STIC,20210928-20220221,HS,21059656,4650,14.517,5.269335727999999,1,poor,NA
AIMS,2021-12-06T02:15:00Z,TLM12,STIC,20210928-20220221,HS,21059656,4650,14.421,5.269335727999999,1,poor,NA
AIMS,2021-12-06T02:30:00Z,TLM12,STIC,20210928-20220221,HS,21059656,4650,14.325,5.269335727999999,1,poor,NA
AIMS,2021-12-06T02:45:00Z,TLM12,STIC,20210928-20220221,HS,21059656,4650,14.325,5.269335727999999,1,poor,NA
AIMS,2021-12-06T03:00:00Z,TLM12,STIC,20210928-20220221,HS,21059656,4650,14.23,5.269335727999999,1,poor,NA
AIMS,2021-12-06T03:15:00Z,TLM12,STIC,20210928-20220221,HS,21059656,4650,14.23,5.269335727999999,1,poor,NA
AIMS,2021-12-06T03:30:00Z,TLM12,STIC,20210928-20220221,HS,21059656,4650,14.134,5.269335727999999,1,poor,NA
AIMS,2021-12-06T03:45:00Z,TLM12,STIC,20210928-20220221,HS,21059656,4650,14.134,5.269335727999999,1,poor,NA
AIMS,2021-12-06T04:00:00Z,TLM12,STIC,20210928-20220221,HS,21059656,4650,14.038,5.269335727999999,1,poor,NA
AIMS,2021-12-06T04:15:00Z,TLM12,STIC,20210928-20220221,HS,21059656,4650,14.038,5.269335727999999,1,poor,NA
AIMS,2021-12-06T04:30:00Z,TLM12,STIC,20210928-20220221,HS,21059656,4650,13.942,5.269335727999999,1,poor,NA
AIMS,2021-12-06T04:45:00Z,TLM12,STIC,20210928-20220221,HS,21059656,4650,13.942,5.269335727999999,1,poor,NA
AIMS,2021-12-06T05:00:00Z,TLM12,STIC,20210928-20220221,HS,21059656,4650,13.846,5.269335727999999,1,poor,NA
AIMS,2021-12-06T05:15:00Z,TLM12,STIC,20210928-20220221,HS,21059656,4650,13.846,5.269335727999999,1,poor,NA
AIMS,2021-12-06T05:30:00Z,TLM12,STIC,20210928-20220221,HS,21059656,4650,13.75,5.269335727999999,1,poor,NA
AIMS,2021-12-06T05:45:00Z,TLM12,STIC,20210928-20220221,HS,21059656,4650,13.75,5.269335727999999,1,poor,NA
AIMS,2021-12-06T06:00:00Z,TLM12,STIC,20210928-20220221,HS,21059656,4650,13.75,5.269335727999999,1,poor,NA
AIMS,2021-12-06T06:15:00Z,TLM12,STIC,20210928-20220221,HS,21059656,4650,13.654,5.269335727999999,1,poor,NA
AIMS,2021-12-06T06:30:00Z,TLM12,STIC,20210928-20220221,HS,21059656,4650,13.654,5.269335727999999,1,poor,NA
AIMS,2021-12-06T06:45:00Z,TLM12,STIC,20210928-20220221,HS,21059656,4650,13.654,5.269335727999999,1,poor,NA
AIMS,2021-12-06T07:00:00Z,TLM12,STIC,20210928-20220221,HS,21059656,4650,13.654,5.269335727999999,1,poor,NA
AIMS,2021-12-06T07:15:00Z,TLM12,STIC,20210928-20220221,HS,21059656,4650,13.558,5.269335727999999,1,poor,NA
AIMS,2021-12-06T07:30:00Z,TLM12,STIC,20210928-20220221,HS,21059656,4650,13.558,5.269335727999999,1,poor,NA
AIMS,2021-12-06T07:45:00Z,TLM12,STIC,20210928-20220221,HS,21059656,4477.8,13.558,4.7920460606,1,poor,NA
AIMS,2021-12-06T08:00:00Z,TLM12,STIC,20210928-20220221,HS,21059656,4477.8,13.558,4.7920460606,1,poor,NA
AIMS,2021-12-06T08:15:00Z,TLM12,STIC,20210928-20220221,HS,21059656,4477.8,13.461,4.7920460606,1,poor,NA
AIMS,2021-12-06T08:30:00Z,TLM12,STIC,20210928-20220221,HS,21059656,4477.8,13.461,4.7920460606,1,poor,NA
AIMS,2021-12-06T08:45:00Z,TLM12,STIC,20210928-20220221,HS,21059656,4477.8,13.461,4.7920460606,1,poor,NA
AIMS,2021-12-06T09:00:00Z,TLM12,STIC,20210928-20220221,HS,21059656,4477.8,13.461,4.7920460606,1,poor,NA
AIMS,2021-12-06T09:15:00Z,TLM12,STIC,20210928-20220221,HS,21059656,4477.8,13.365,4.7920460606,1,poor,NA
AIMS,2021-12-06T09:30:00Z,TLM12,STIC,20210928-20220221,HS,21059656,4477.8,13.365,4.7920460606,1,poor,NA
AIMS,2021-12-06T09:45:00Z,TLM12,STIC,20210928-20220221,HS,21059656,4477.8,13.365,4.7920460606,1,poor,NA
AIMS,2021-12-06T10:00:00Z,TLM12,STIC,20210928-20220221,HS,21059656,4477.8,13.365,4.7920460606,1,poor,NA
AIMS,2021-12-06T10:15:00Z,TLM12,STIC,20210928-20220221,HS,21059656,4477.8,13.365,4.7920460606,1,poor,NA
AIMS,2021-12-06T10:30:00Z,TLM12,STIC,20210928-20220221,HS,21059656,4477.8,13.365,4.7920460606,1,poor,NA
AIMS,2021-12-06T10:45:00Z,TLM12,STIC,20210928-20220221,HS,21059656,4477.8,13.461,4.7920460606,1,poor,NA
AIMS,2021-12-06T11:00:00Z,TLM12,STIC,20210928-20220221,HS,21059656,4477.8,13.461,4.7920460606,1,poor,NA
AIMS,2021-12-06T11:15:00Z,TLM12,STIC,20210928-20220221,HS,21059656,4477.8,13.461,4.7920460606,1,poor,NA
AIMS,2021-12-06T11:30:00Z,TLM12,STIC,20210928-20220221,HS,21059656,4477.8,13.461,4.7920460606,1,poor,NA
AIMS,2021-12-06T11:45:00Z,TLM12,STIC,20210928-20220221,HS,21059656,4477.8,13.461,4.7920460606,1,poor,NA
AIMS,2021-12-06T12:00:00Z,TLM12,STIC,20210928-20220221,HS,21059656,4477.8,13.461,4.7920460606,1,poor,NA
AIMS,2021-12-06T12:15:00Z,TLM12,STIC,20210928-20220221,HS,21059656,4477.8,13.461,4.7920460606,1,poor,NA
AIMS,2021-12-06T12:30:00Z,TLM12,STIC,20210928-20220221,HS,21059656,4477.8,13.558,4.7920460606,1,poor,NA
AIMS,2021-12-06T12:45:00Z,TLM12,STIC,20210928-20220221,HS,21059656,4477.8,13.558,4.7920460606,1,poor,NA
AIMS,2021-12-06T13:00:00Z,TLM12,STIC,20210928-20220221,HS,21059656,4477.8,13.558,4.7920460606,1,poor,NA
AIMS,2021-12-06T13:15:00Z,TLM12,STIC,20210928-20220221,HS,21059656,4477.8,13.558,4.7920460606,1,poor,NA
AIMS,2021-12-06T13:30:00Z,TLM12,STIC,20210928-20220221,HS,21059656,4477.8,13.558,4.7920460606,1,poor,NA
AIMS,2021-12-06T13:45:00Z,TLM12,STIC,20210928-20220221,HS,21059656,4477.8,13.558,4.7920460606,1,poor,NA
AIMS,2021-12-06T14:00:00Z,TLM12,STIC,20210928-20220221,HS,21059656,4477.8,13.558,4.7920460606,1,poor,NA
AIMS,2021-12-06T14:15:00Z,TLM12,STIC,20210928-20220221,HS,21059656,4477.8,13.654,4.7920460606,1,poor,NA
AIMS,2021-12-06T14:30:00Z,TLM12,STIC,20210928-20220221,HS,21059656,4477.8,13.654,4.7920460606,1,poor,NA
AIMS,2021-12-06T14:45:00Z,TLM12,STIC,20210928-20220221,HS,21059656,4477.8,13.654,4.7920460606,1,poor,NA
AIMS,2021-12-06T15:00:00Z,TLM12,STIC,20210928-20220221,HS,21059656,4477.8,13.654,4.7920460606,1,poor,NA
AIMS,2021-12-06T15:15:00Z,TLM12,STIC,20210928-20220221,HS,21059656,4477.8,13.75,4.7920460606,1,poor,NA
AIMS,2021-12-06T15:30:00Z,TLM12,STIC,20210928-20220221,HS,21059656,4650,13.75,5.269335727999999,1,poor,NA
AIMS,2021-12-06T15:45:00Z,TLM12,STIC,20210928-20220221,HS,21059656,4650,13.75,5.269335727999999,1,poor,NA
AIMS,2021-12-06T16:00:00Z,TLM12,STIC,20210928-20220221,HS,21059656,4650,13.75,5.269335727999999,1,poor,NA
AIMS,2021-12-06T16:15:00Z,TLM12,STIC,20210928-20220221,HS,21059656,4650,13.846,5.269335727999999,1,poor,NA
AIMS,2021-12-06T16:30:00Z,TLM12,STIC,20210928-20220221,HS,21059656,4650,13.846,5.269335727999999,1,poor,NA
AIMS,2021-12-06T16:45:00Z,TLM12,STIC,20210928-20220221,HS,21059656,4650,13.846,5.269335727999999,1,poor,NA
AIMS,2021-12-06T17:00:00Z,TLM12,STIC,20210928-20220221,HS,21059656,4650,13.942,5.269335727999999,1,poor,NA
AIMS,2021-12-06T17:15:00Z,TLM12,STIC,20210928-20220221,HS,21059656,4650,13.942,5.269335727999999,1,poor,NA
AIMS,2021-12-06T17:30:00Z,TLM12,STIC,20210928-20220221,HS,21059656,4650,13.942,5.269335727999999,1,poor,NA
AIMS,2021-12-06T17:45:00Z,TLM12,STIC,20210928-20220221,HS,21059656,4650,13.942,5.269335727999999,1,poor,NA
AIMS,2021-12-06T18:00:00Z,TLM12,STIC,20210928-20220221,HS,21059656,4650,13.942,5.269335727999999,1,poor,NA
AIMS,2021-12-06T18:15:00Z,TLM12,STIC,20210928-20220221,HS,21059656,4650,14.038,5.269335727999999,1,poor,NA
AIMS,2021-12-06T18:30:00Z,TLM12,STIC,20210928-20220221,HS,21059656,4650,14.038,5.269335727999999,1,poor,NA
AIMS,2021-12-06T18:45:00Z,TLM12,STIC,20210928-20220221,HS,21059656,4650,14.038,5.269335727999999,1,poor,NA
AIMS,2021-12-06T19:00:00Z,TLM12,STIC,20210928-20220221,HS,21059656,4650,14.038,5.269335727999999,1,poor,NA
AIMS,2021-12-06T19:15:00Z,TLM12,STIC,20210928-20220221,HS,21059656,4650,14.038,5.269335727999999,1,poor,NA
AIMS,2021-12-06T19:30:00Z,TLM12,STIC,20210928-20220221,HS,21059656,4650,14.038,5.269335727999999,1,poor,NA
AIMS,2021-12-06T19:45:00Z,TLM12,STIC,20210928-20220221,HS,21059656,4650,14.038,5.269335727999999,1,poor,NA
AIMS,2021-12-06T20:00:00Z,TLM12,STIC,20210928-20220221,HS,21059656,4822.3,14.038,5.7469025671,1,poor,NA
AIMS,2021-12-06T20:15:00Z,TLM12,STIC,20210928-20220221,HS,21059656,4822.3,14.038,5.7469025671,1,poor,NA
AIMS,2021-12-06T20:30:00Z,TLM12,STIC,20210928-20220221,HS,21059656,4822.3,14.038,5.7469025671,1,poor,NA
AIMS,2021-12-06T20:45:00Z,TLM12,STIC,20210928-20220221,HS,21059656,4822.3,14.038,5.7469025671,1,poor,NA
AIMS,2021-12-06T21:00:00Z,TLM12,STIC,20210928-20220221,HS,21059656,4822.3,14.038,5.7469025671,1,poor,NA
AIMS,2021-12-06T21:15:00Z,TLM12,STIC,20210928-20220221,HS,21059656,4994.5,14.038,6.224192234499999,1,poor,NA
AIMS,2021-12-06T21:30:00Z,TLM12,STIC,20210928-20220221,HS,21059656,4994.5,14.038,6.224192234499999,1,poor,NA
AIMS,2021-12-06T21:45:00Z,TLM12,STIC,20210928-20220221,HS,21059656,5166.7,14.038,6.7014819018999985,1,poor,NA
AIMS,2021-12-06T22:00:00Z,TLM12,STIC,20210928-20220221,HS,21059656,4994.5,14.038,6.224192234499999,1,poor,NA
AIMS,2021-12-06T22:15:00Z,TLM12,STIC,20210928-20220221,HS,21059656,5166.7,14.038,6.7014819018999985,1,poor,NA
AIMS,2021-12-06T22:30:00Z,TLM12,STIC,20210928-20220221,HS,21059656,5166.7,14.038,6.7014819018999985,1,poor,NA
AIMS,2021-12-06T22:45:00Z,TLM12,STIC,20210928-20220221,HS,21059656,5166.7,14.038,6.7014819018999985,1,poor,NA
AIMS,2021-12-06T23:00:00Z,TLM12,STIC,20210928-20220221,HS,21059656,5166.7,14.038,6.7014819018999985,1,poor,NA
AIMS,2021-12-06T23:15:00Z,TLM12,STIC,20210928-20220221,HS,21059656,5166.7,14.038,6.7014819018999985,1,poor,NA
AIMS,2021-12-06T23:30:00Z,TLM12,STIC,20210928-20220221,HS,21059656,5338.9,14.038,7.178771569299999,1,poor,NA
AIMS,2021-12-06T23:45:00Z,TLM12,STIC,20210928-20220221,HS,21059656,5338.9,13.942,7.178771569299999,1,poor,NA
AIMS,2021-12-07T00:00:00Z,TLM12,STIC,20210928-20220221,HS,21059656,5338.9,13.942,7.178771569299999,1,poor,NA
AIMS,2021-12-07T00:15:00Z,TLM12,STIC,20210928-20220221,HS,21059656,5338.9,13.942,7.178771569299999,1,poor,NA
AIMS,2021-12-07T00:30:00Z,TLM12,STIC,20210928-20220221,HS,21059656,5338.9,13.846,7.178771569299999,1,poor,NA
AIMS,2021-12-07T00:45:00Z,TLM12,STIC,20210928-20220221,HS,21059656,5338.9,13.846,7.178771569299999,1,poor,NA
AIMS,2021-12-07T01:00:00Z,TLM12,STIC,20210928-20220221,HS,21059656,5338.9,13.846,7.178771569299999,1,poor,NA
AIMS,2021-12-07T01:15:00Z,TLM12,STIC,20210928-20220221,HS,21059656,5338.9,13.75,7.178771569299999,1,poor,NA
AIMS,2021-12-07T01:30:00Z,TLM12,STIC,20210928-20220221,HS,21059656,5338.9,13.75,7.178771569299999,1,poor,NA
AIMS,2021-12-07T01:45:00Z,TLM12,STIC,20210928-20220221,HS,21059656,5338.9,13.75,7.178771569299999,1,poor,NA
AIMS,2021-12-07T02:00:00Z,TLM12,STIC,20210928-20220221,HS,21059656,5338.9,13.654,7.178771569299999,1,poor,NA
AIMS,2021-12-07T02:15:00Z,TLM12,STIC,20210928-20220221,HS,21059656,5338.9,13.654,7.178771569299999,1,poor,NA
AIMS,2021-12-07T02:30:00Z,TLM12,STIC,20210928-20220221,HS,21059656,10677.8,13.558,21.976691460599998,1,poor,NA
AIMS,2021-12-07T02:45:00Z,TLM12,STIC,20210928-20220221,HS,21059656,5338.9,13.461,7.178771569299999,1,poor,NA
AIMS,2021-12-07T03:00:00Z,TLM12,STIC,20210928-20220221,HS,21059656,10677.8,13.461,21.976691460599998,1,poor,NA
AIMS,2021-12-07T03:15:00Z,TLM12,STIC,20210928-20220221,HS,21059656,5338.9,13.365,7.178771569299999,1,poor,NA
AIMS,2021-12-07T03:30:00Z,TLM12,STIC,20210928-20220221,HS,21059656,10677.8,13.269,21.976691460599998,1,poor,NA
AIMS,2021-12-07T03:45:00Z,TLM12,STIC,20210928-20220221,HS,21059656,5338.9,13.269,7.178771569299999,1,poor,NA
AIMS,2021-12-07T04:00:00Z,TLM12,STIC,20210928-20220221,HS,21059656,10677.8,13.173,21.976691460599998,1,poor,NA
AIMS,2021-12-07T04:15:00Z,TLM12,STIC,20210928-20220221,HS,21059656,5338.9,13.076,7.178771569299999,1,poor,NA
AIMS,2021-12-07T04:30:00Z,TLM12,STIC,20210928-20220221,HS,21059656,10677.8,12.98,21.976691460599998,1,poor,NA
AIMS,2021-12-07T04:45:00Z,TLM12,STIC,20210928-20220221,HS,21059656,5338.9,12.98,7.178771569299999,1,poor,NA
AIMS,2021-12-07T05:00:00Z,TLM12,STIC,20210928-20220221,HS,21059656,5338.9,12.883,7.178771569299999,1,poor,NA
AIMS,2021-12-07T05:15:00Z,TLM12,STIC,20210928-20220221,HS,21059656,5338.9,12.69,7.178771569299999,1,poor,NA
AIMS,2021-12-07T05:30:00Z,TLM12,STIC,20210928-20220221,HS,21059656,5338.9,12.69,7.178771569299999,1,poor,NA
AIMS,2021-12-07T05:45:00Z,TLM12,STIC,20210928-20220221,HS,21059656,5338.9,12.594,7.178771569299999,1,poor,NA
AIMS,2021-12-07T06:00:00Z,TLM12,STIC,20210928-20220221,HS,21059656,5338.9,12.497,7.178771569299999,1,poor,NA
AIMS,2021-12-07T06:15:00Z,TLM12,STIC,20210928-20220221,HS,21059656,5338.9,12.401,7.178771569299999,1,poor,NA
AIMS,2021-12-07T06:30:00Z,TLM12,STIC,20210928-20220221,HS,21059656,5338.9,12.304,7.178771569299999,1,poor,NA
AIMS,2021-12-07T06:45:00Z,TLM12,STIC,20210928-20220221,HS,21059656,5338.9,12.207,7.178771569299999,1,poor,NA
AIMS,2021-12-07T07:00:00Z,TLM12,STIC,20210928-20220221,HS,21059656,5338.9,12.207,7.178771569299999,1,poor,NA
AIMS,2021-12-07T07:15:00Z,TLM12,STIC,20210928-20220221,HS,21059656,5338.9,12.11,7.178771569299999,1,poor,NA
AIMS,2021-12-07T07:30:00Z,TLM12,STIC,20210928-20220221,HS,21059656,5338.9,12.013,7.178771569299999,1,poor,NA
AIMS,2021-12-07T07:45:00Z,TLM12,STIC,20210928-20220221,HS,21059656,5338.9,11.916,7.178771569299999,1,poor,NA
AIMS,2021-12-07T08:00:00Z,TLM12,STIC,20210928-20220221,HS,21059656,5338.9,11.916,7.178771569299999,1,poor,NA
AIMS,2021-12-07T08:15:00Z,TLM12,STIC,20210928-20220221,HS,21059656,5338.9,11.819,7.178771569299999,1,poor,NA
AIMS,2021-12-07T08:30:00Z,TLM12,STIC,20210928-20220221,HS,21059656,5338.9,11.722,7.178771569299999,1,poor,NA
AIMS,2021-12-07T08:45:00Z,TLM12,STIC,20210928-20220221,HS,21059656,5338.9,11.722,7.178771569299999,1,poor,NA
AIMS,2021-12-07T09:00:00Z,TLM12,STIC,20210928-20220221,HS,21059656,5338.9,11.625,7.178771569299999,1,poor,NA
AIMS,2021-12-07T09:15:00Z,TLM12,STIC,20210928-20220221,HS,21059656,5338.9,11.528,7.178771569299999,1,poor,NA
AIMS,2021-12-07T09:30:00Z,TLM12,STIC,20210928-20220221,HS,21059656,5338.9,11.431,7.178771569299999,1,poor,NA
AIMS,2021-12-07T09:45:00Z,TLM12,STIC,20210928-20220221,HS,21059656,5338.9,11.431,7.178771569299999,1,poor,NA
AIMS,2021-12-07T10:00:00Z,TLM12,STIC,20210928-20220221,HS,21059656,5338.9,11.334,7.178771569299999,1,poor,NA
AIMS,2021-12-07T10:15:00Z,TLM12,STIC,20210928-20220221,HS,21059656,5338.9,11.236,7.178771569299999,1,poor,NA
AIMS,2021-12-07T10:30:00Z,TLM12,STIC,20210928-20220221,HS,21059656,5338.9,11.236,7.178771569299999,1,poor,NA
AIMS,2021-12-07T10:45:00Z,TLM12,STIC,20210928-20220221,HS,21059656,5338.9,11.139,7.178771569299999,1,poor,NA
AIMS,2021-12-07T11:00:00Z,TLM12,STIC,20210928-20220221,HS,21059656,5338.9,11.041,7.178771569299999,1,poor,NA
AIMS,2021-12-07T11:15:00Z,TLM12,STIC,20210928-20220221,HS,21059656,5166.7,11.041,6.7014819018999985,1,poor,NA
AIMS,2021-12-07T11:30:00Z,TLM12,STIC,20210928-20220221,HS,21059656,5166.7,10.944,6.7014819018999985,1,poor,NA
AIMS,2021-12-07T11:45:00Z,TLM12,STIC,20210928-20220221,HS,21059656,5166.7,10.846,6.7014819018999985,1,poor,NA
AIMS,2021-12-07T12:00:00Z,TLM12,STIC,20210928-20220221,HS,21059656,5166.7,10.846,6.7014819018999985,1,poor,NA
AIMS,2021-12-07T12:15:00Z,TLM12,STIC,20210928-20220221,HS,21059656,5166.7,10.748,6.7014819018999985,1,poor,NA
AIMS,2021-12-07T12:30:00Z,TLM12,STIC,20210928-20220221,HS,21059656,5166.7,10.748,6.7014819018999985,1,poor,NA
AIMS,2021-12-07T12:45:00Z,TLM12,STIC,20210928-20220221,HS,21059656,5166.7,10.651,6.7014819018999985,1,poor,NA
AIMS,2021-12-07T13:00:00Z,TLM12,STIC,20210928-20220221,HS,21059656,5166.7,10.651,6.7014819018999985,1,poor,NA
AIMS,2021-12-07T13:15:00Z,TLM12,STIC,20210928-20220221,HS,21059656,5166.7,10.553,6.7014819018999985,1,poor,NA
AIMS,2021-12-07T13:30:00Z,TLM12,STIC,20210928-20220221,HS,21059656,5166.7,10.455,6.7014819018999985,1,poor,NA
AIMS,2021-12-07T13:45:00Z,TLM12,STIC,20210928-20220221,HS,21059656,5166.7,10.455,6.7014819018999985,1,poor,NA
AIMS,2021-12-07T14:00:00Z,TLM12,STIC,20210928-20220221,HS,21059656,5166.7,10.357,6.7014819018999985,1,poor,NA
AIMS,2021-12-07T14:15:00Z,TLM12,STIC,20210928-20220221,HS,21059656,5166.7,10.357,6.7014819018999985,1,poor,NA
AIMS,2021-12-07T14:30:00Z,TLM12,STIC,20210928-20220221,HS,21059656,5166.7,10.357,6.7014819018999985,1,poor,NA
AIMS,2021-12-07T14:45:00Z,TLM12,STIC,20210928-20220221,HS,21059656,5166.7,10.357,6.7014819018999985,1,poor,NA
AIMS,2021-12-07T15:00:00Z,TLM12,STIC,20210928-20220221,HS,21059656,5166.7,10.357,6.7014819018999985,1,poor,NA
AIMS,2021-12-07T15:15:00Z,TLM12,STIC,20210928-20220221,HS,21059656,5166.7,10.259,6.7014819018999985,1,poor,NA
AIMS,2021-12-07T15:30:00Z,TLM12,STIC,20210928-20220221,HS,21059656,5166.7,10.357,6.7014819018999985,1,poor,NA
AIMS,2021-12-07T15:45:00Z,TLM12,STIC,20210928-20220221,HS,21059656,5166.7,10.357,6.7014819018999985,1,poor,NA
AIMS,2021-12-07T16:00:00Z,TLM12,STIC,20210928-20220221,HS,21059656,5166.7,10.357,6.7014819018999985,1,poor,NA
AIMS,2021-12-07T16:15:00Z,TLM12,STIC,20210928-20220221,HS,21059656,5166.7,10.357,6.7014819018999985,1,poor,NA
AIMS,2021-12-07T16:30:00Z,TLM12,STIC,20210928-20220221,HS,21059656,5166.7,10.357,6.7014819018999985,1,poor,NA
AIMS,2021-12-07T16:45:00Z,TLM12,STIC,20210928-20220221,HS,21059656,5166.7,10.357,6.7014819018999985,1,poor,NA
AIMS,2021-12-07T17:00:00Z,TLM12,STIC,20210928-20220221,HS,21059656,5166.7,10.455,6.7014819018999985,1,poor,NA
AIMS,2021-12-07T17:15:00Z,TLM12,STIC,20210928-20220221,HS,21059656,5166.7,10.455,6.7014819018999985,1,poor,NA
AIMS,2021-12-07T17:30:00Z,TLM12,STIC,20210928-20220221,HS,21059656,5166.7,10.455,6.7014819018999985,1,poor,NA
AIMS,2021-12-07T17:45:00Z,TLM12,STIC,20210928-20220221,HS,21059656,5166.7,10.455,6.7014819018999985,1,poor,NA
AIMS,2021-12-07T18:00:00Z,TLM12,STIC,20210928-20220221,HS,21059656,5166.7,10.553,6.7014819018999985,1,poor,NA
AIMS,2021-12-07T18:15:00Z,TLM12,STIC,20210928-20220221,HS,21059656,5166.7,10.553,6.7014819018999985,1,poor,NA
AIMS,2021-12-07T18:30:00Z,TLM12,STIC,20210928-20220221,HS,21059656,5166.7,10.553,6.7014819018999985,1,poor,NA
AIMS,2021-12-07T18:45:00Z,TLM12,STIC,20210928-20220221,HS,21059656,5166.7,10.553,6.7014819018999985,1,poor,NA
AIMS,2021-12-07T19:00:00Z,TLM12,STIC,20210928-20220221,HS,21059656,5166.7,10.651,6.7014819018999985,1,poor,NA
AIMS,2021-12-07T19:15:00Z,TLM12,STIC,20210928-20220221,HS,21059656,5166.7,10.651,6.7014819018999985,1,poor,NA
AIMS,2021-12-07T19:30:00Z,TLM12,STIC,20210928-20220221,HS,21059656,5166.7,10.651,6.7014819018999985,1,poor,NA
AIMS,2021-12-07T19:45:00Z,TLM12,STIC,20210928-20220221,HS,21059656,5166.7,10.748,6.7014819018999985,1,poor,NA
AIMS,2021-12-07T20:00:00Z,TLM12,STIC,20210928-20220221,HS,21059656,4994.5,10.748,6.224192234499999,1,poor,NA
AIMS,2021-12-07T20:15:00Z,TLM12,STIC,20210928-20220221,HS,21059656,4994.5,10.846,6.224192234499999,1,poor,NA
AIMS,2021-12-07T20:30:00Z,TLM12,STIC,20210928-20220221,HS,21059656,4994.5,10.846,6.224192234499999,1,poor,NA
AIMS,2021-12-07T20:45:00Z,TLM12,STIC,20210928-20220221,HS,21059656,4994.5,10.944,6.224192234499999,1,poor,NA
AIMS,2021-12-07T21:00:00Z,TLM12,STIC,20210928-20220221,HS,21059656,5166.7,10.944,6.7014819018999985,1,poor,NA
AIMS,2021-12-07T21:15:00Z,TLM12,STIC,20210928-20220221,HS,21059656,5166.7,10.944,6.7014819018999985,1,poor,NA
AIMS,2021-12-07T21:30:00Z,TLM12,STIC,20210928-20220221,HS,21059656,4994.5,11.041,6.224192234499999,1,poor,NA
AIMS,2021-12-07T21:45:00Z,TLM12,STIC,20210928-20220221,HS,21059656,4994.5,11.041,6.224192234499999,1,poor,NA
AIMS,2021-12-07T22:00:00Z,TLM12,STIC,20210928-20220221,HS,21059656,4994.5,11.041,6.224192234499999,1,poor,NA
AIMS,2021-12-07T22:15:00Z,TLM12,STIC,20210928-20220221,HS,21059656,4994.5,11.041,6.224192234499999,1,poor,NA
AIMS,2021-12-07T22:30:00Z,TLM12,STIC,20210928-20220221,HS,21059656,4994.5,11.041,6.224192234499999,1,poor,NA
AIMS,2021-12-07T22:45:00Z,TLM12,STIC,20210928-20220221,HS,21059656,4994.5,11.041,6.224192234499999,1,poor,NA
AIMS,2021-12-07T23:00:00Z,TLM12,STIC,20210928-20220221,HS,21059656,4994.5,11.041,6.224192234499999,1,poor,NA
AIMS,2021-12-07T23:15:00Z,TLM12,STIC,20210928-20220221,HS,21059656,4994.5,11.041,6.224192234499999,1,poor,NA
AIMS,2021-12-07T23:30:00Z,TLM12,STIC,20210928-20220221,HS,21059656,4994.5,11.041,6.224192234499999,1,poor,NA
AIMS,2021-12-07T23:45:00Z,TLM12,STIC,20210928-20220221,HS,21059656,4994.5,11.041,6.224192234499999,1,poor,NA
AIMS,2021-12-08T00:00:00Z,TLM12,STIC,20210928-20220221,HS,21059656,4994.5,11.041,6.224192234499999,1,poor,NA
AIMS,2021-12-08T00:15:00Z,TLM12,STIC,20210928-20220221,HS,21059656,4994.5,11.041,6.224192234499999,1,poor,NA
AIMS,2021-12-08T00:30:00Z,TLM12,STIC,20210928-20220221,HS,21059656,4994.5,11.041,6.224192234499999,1,poor,NA
AIMS,2021-12-08T00:45:00Z,TLM12,STIC,20210928-20220221,HS,21059656,4994.5,11.041,6.224192234499999,1,poor,NA
AIMS,2021-12-08T01:00:00Z,TLM12,STIC,20210928-20220221,HS,21059656,4994.5,11.041,6.224192234499999,1,poor,NA
AIMS,2021-12-08T01:15:00Z,TLM12,STIC,20210928-20220221,HS,21059656,4994.5,11.041,6.224192234499999,1,poor,NA
AIMS,2021-12-08T01:30:00Z,TLM12,STIC,20210928-20220221,HS,21059656,4994.5,11.041,6.224192234499999,1,poor,NA
AIMS,2021-12-08T01:45:00Z,TLM12,STIC,20210928-20220221,HS,21059656,4994.5,11.041,6.224192234499999,1,poor,NA
AIMS,2021-12-08T02:00:00Z,TLM12,STIC,20210928-20220221,HS,21059656,4994.5,10.944,6.224192234499999,1,poor,NA
AIMS,2021-12-08T02:15:00Z,TLM12,STIC,20210928-20220221,HS,21059656,4994.5,10.944,6.224192234499999,1,poor,NA
AIMS,2021-12-08T02:30:00Z,TLM12,STIC,20210928-20220221,HS,21059656,4994.5,10.944,6.224192234499999,1,poor,NA
AIMS,2021-12-08T02:45:00Z,TLM12,STIC,20210928-20220221,HS,21059656,4994.5,10.944,6.224192234499999,1,poor,NA
AIMS,2021-12-08T03:00:00Z,TLM12,STIC,20210928-20220221,HS,21059656,4994.5,10.944,6.224192234499999,1,poor,NA
AIMS,2021-12-08T03:15:00Z,TLM12,STIC,20210928-20220221,HS,21059656,4994.5,10.944,6.224192234499999,1,poor,NA
AIMS,2021-12-08T03:30:00Z,TLM12,STIC,20210928-20220221,HS,21059656,4994.5,10.944,6.224192234499999,1,poor,NA
AIMS,2021-12-08T03:45:00Z,TLM12,STIC,20210928-20220221,HS,21059656,4994.5,10.944,6.224192234499999,1,poor,NA
AIMS,2021-12-08T04:00:00Z,TLM12,STIC,20210928-20220221,HS,21059656,4994.5,10.944,6.224192234499999,1,poor,NA
AIMS,2021-12-08T04:15:00Z,TLM12,STIC,20210928-20220221,HS,21059656,4994.5,10.944,6.224192234499999,1,poor,NA
AIMS,2021-12-08T04:30:00Z,TLM12,STIC,20210928-20220221,HS,21059656,4994.5,10.944,6.224192234499999,1,poor,NA
AIMS,2021-12-08T04:45:00Z,TLM12,STIC,20210928-20220221,HS,21059656,4994.5,10.944,6.224192234499999,1,poor,NA
AIMS,2021-12-08T05:00:00Z,TLM12,STIC,20210928-20220221,HS,21059656,4994.5,10.944,6.224192234499999,1,poor,NA
AIMS,2021-12-08T05:15:00Z,TLM12,STIC,20210928-20220221,HS,21059656,4994.5,10.944,6.224192234499999,1,poor,NA
AIMS,2021-12-08T05:30:00Z,TLM12,STIC,20210928-20220221,HS,21059656,4994.5,10.944,6.224192234499999,1,poor,NA
AIMS,2021-12-08T05:45:00Z,TLM12,STIC,20210928-20220221,HS,21059656,4994.5,10.944,6.224192234499999,1,poor,NA
AIMS,2021-12-08T06:00:00Z,TLM12,STIC,20210928-20220221,HS,21059656,4994.5,10.944,6.224192234499999,1,poor,NA
AIMS,2021-12-08T06:15:00Z,TLM12,STIC,20210928-20220221,HS,21059656,4994.5,10.944,6.224192234499999,1,poor,NA
AIMS,2021-12-08T06:30:00Z,TLM12,STIC,20210928-20220221,HS,21059656,4994.5,10.944,6.224192234499999,1,poor,NA
AIMS,2021-12-08T06:45:00Z,TLM12,STIC,20210928-20220221,HS,21059656,4994.5,10.944,6.224192234499999,1,poor,NA
AIMS,2021-12-08T07:00:00Z,TLM12,STIC,20210928-20220221,HS,21059656,4994.5,10.944,6.224192234499999,1,poor,NA
AIMS,2021-12-08T07:15:00Z,TLM12,STIC,20210928-20220221,HS,21059656,4994.5,10.944,6.224192234499999,1,poor,NA
AIMS,2021-12-08T07:30:00Z,TLM12,STIC,20210928-20220221,HS,21059656,4994.5,10.944,6.224192234499999,1,poor,NA
AIMS,2021-12-08T07:45:00Z,TLM12,STIC,20210928-20220221,HS,21059656,4994.5,11.041,6.224192234499999,1,poor,NA
AIMS,2021-12-08T08:00:00Z,TLM12,STIC,20210928-20220221,HS,21059656,4994.5,11.041,6.224192234499999,1,poor,NA
AIMS,2021-12-08T08:15:00Z,TLM12,STIC,20210928-20220221,HS,21059656,4994.5,11.041,6.224192234499999,1,poor,NA
AIMS,2021-12-08T08:30:00Z,TLM12,STIC,20210928-20220221,HS,21059656,4994.5,11.041,6.224192234499999,1,poor,NA
AIMS,2021-12-08T08:45:00Z,TLM12,STIC,20210928-20220221,HS,21059656,4994.5,11.041,6.224192234499999,1,poor,NA
AIMS,2021-12-08T09:00:00Z,TLM12,STIC,20210928-20220221,HS,21059656,4994.5,11.041,6.224192234499999,1,poor,NA
AIMS,2021-12-08T09:15:00Z,TLM12,STIC,20210928-20220221,HS,21059656,4994.5,11.041,6.224192234499999,1,poor,NA
AIMS,2021-12-08T09:30:00Z,TLM12,STIC,20210928-20220221,HS,21059656,4994.5,11.041,6.224192234499999,1,poor,NA
AIMS,2021-12-08T09:45:00Z,TLM12,STIC,20210928-20220221,HS,21059656,4994.5,11.041,6.224192234499999,1,poor,NA
AIMS,2021-12-08T10:00:00Z,TLM12,STIC,20210928-20220221,HS,21059656,4994.5,11.041,6.224192234499999,1,poor,NA
AIMS,2021-12-08T10:15:00Z,TLM12,STIC,20210928-20220221,HS,21059656,4994.5,11.041,6.224192234499999,1,poor,NA
AIMS,2021-12-08T10:30:00Z,TLM12,STIC,20210928-20220221,HS,21059656,4994.5,11.139,6.224192234499999,1,poor,NA
AIMS,2021-12-08T10:45:00Z,TLM12,STIC,20210928-20220221,HS,21059656,4994.5,11.139,6.224192234499999,1,poor,NA
AIMS,2021-12-08T11:00:00Z,TLM12,STIC,20210928-20220221,HS,21059656,4994.5,11.139,6.224192234499999,1,poor,NA
AIMS,2021-12-08T11:15:00Z,TLM12,STIC,20210928-20220221,HS,21059656,4994.5,11.139,6.224192234499999,1,poor,NA
AIMS,2021-12-08T11:30:00Z,TLM12,STIC,20210928-20220221,HS,21059656,4994.5,11.139,6.224192234499999,1,poor,NA
AIMS,2021-12-08T11:45:00Z,TLM12,STIC,20210928-20220221,HS,21059656,4822.3,11.139,5.7469025671,1,poor,NA
AIMS,2021-12-08T12:00:00Z,TLM12,STIC,20210928-20220221,HS,21059656,4822.3,11.139,5.7469025671,1,poor,NA
AIMS,2021-12-08T12:15:00Z,TLM12,STIC,20210928-20220221,HS,21059656,4822.3,11.139,5.7469025671,1,poor,NA
AIMS,2021-12-08T12:30:00Z,TLM12,STIC,20210928-20220221,HS,21059656,4822.3,11.139,5.7469025671,1,poor,NA
AIMS,2021-12-08T12:45:00Z,TLM12,STIC,20210928-20220221,HS,21059656,4822.3,11.139,5.7469025671,1,poor,NA
AIMS,2021-12-08T13:00:00Z,TLM12,STIC,20210928-20220221,HS,21059656,4822.3,11.139,5.7469025671,1,poor,NA
AIMS,2021-12-08T13:15:00Z,TLM12,STIC,20210928-20220221,HS,21059656,4822.3,11.139,5.7469025671,1,poor,NA
AIMS,2021-12-08T13:30:00Z,TLM12,STIC,20210928-20220221,HS,21059656,4822.3,11.139,5.7469025671,1,poor,NA
AIMS,2021-12-08T13:45:00Z,TLM12,STIC,20210928-20220221,HS,21059656,4822.3,11.139,5.7469025671,1,poor,NA
AIMS,2021-12-08T14:00:00Z,TLM12,STIC,20210928-20220221,HS,21059656,4822.3,11.139,5.7469025671,1,poor,NA
AIMS,2021-12-08T14:15:00Z,TLM12,STIC,20210928-20220221,HS,21059656,4822.3,11.041,5.7469025671,1,poor,NA
AIMS,2021-12-08T14:30:00Z,TLM12,STIC,20210928-20220221,HS,21059656,4650,11.041,5.269335727999999,1,poor,NA
AIMS,2021-12-08T14:45:00Z,TLM12,STIC,20210928-20220221,HS,21059656,4650,11.041,5.269335727999999,1,poor,NA
AIMS,2021-12-08T15:00:00Z,TLM12,STIC,20210928-20220221,HS,21059656,4650,11.041,5.269335727999999,1,poor,NA
AIMS,2021-12-08T15:15:00Z,TLM12,STIC,20210928-20220221,HS,21059656,4650,11.041,5.269335727999999,1,poor,NA
AIMS,2021-12-08T15:30:00Z,TLM12,STIC,20210928-20220221,HS,21059656,4650,11.139,5.269335727999999,1,poor,NA
AIMS,2021-12-08T15:45:00Z,TLM12,STIC,20210928-20220221,HS,21059656,4650,11.139,5.269335727999999,1,poor,NA
AIMS,2021-12-08T16:00:00Z,TLM12,STIC,20210928-20220221,HS,21059656,4650,11.041,5.269335727999999,1,poor,NA
AIMS,2021-12-08T16:15:00Z,TLM12,STIC,20210928-20220221,HS,21059656,4650,11.041,5.269335727999999,1,poor,NA
AIMS,2021-12-08T16:30:00Z,TLM12,STIC,20210928-20220221,HS,21059656,4650,11.041,5.269335727999999,1,poor,NA
AIMS,2021-12-08T16:45:00Z,TLM12,STIC,20210928-20220221,HS,21059656,4650,11.139,5.269335727999999,1,poor,NA
AIMS,2021-12-08T17:00:00Z,TLM12,STIC,20210928-20220221,HS,21059656,4650,11.139,5.269335727999999,1,poor,NA
AIMS,2021-12-08T17:15:00Z,TLM12,STIC,20210928-20220221,HS,21059656,4650,11.139,5.269335727999999,1,poor,NA
AIMS,2021-12-08T17:30:00Z,TLM12,STIC,20210928-20220221,HS,21059656,4650,11.139,5.269335727999999,1,poor,NA
AIMS,2021-12-08T17:45:00Z,TLM12,STIC,20210928-20220221,HS,21059656,4650,11.139,5.269335727999999,1,poor,NA
AIMS,2021-12-08T18:00:00Z,TLM12,STIC,20210928-20220221,HS,21059656,4650,11.139,5.269335727999999,1,poor,NA
AIMS,2021-12-08T18:15:00Z,TLM12,STIC,20210928-20220221,HS,21059656,4650,11.139,5.269335727999999,1,poor,NA
AIMS,2021-12-08T18:30:00Z,TLM12,STIC,20210928-20220221,HS,21059656,4650,11.139,5.269335727999999,1,poor,NA
AIMS,2021-12-08T18:45:00Z,TLM12,STIC,20210928-20220221,HS,21059656,4477.8,11.139,4.7920460606,1,poor,NA
AIMS,2021-12-08T19:00:00Z,TLM12,STIC,20210928-20220221,HS,21059656,4477.8,11.236,4.7920460606,1,poor,NA
AIMS,2021-12-08T19:15:00Z,TLM12,STIC,20210928-20220221,HS,21059656,4477.8,11.236,4.7920460606,1,poor,NA
AIMS,2021-12-08T19:30:00Z,TLM12,STIC,20210928-20220221,HS,21059656,4477.8,11.334,4.7920460606,1,poor,NA
AIMS,2021-12-08T19:45:00Z,TLM12,STIC,20210928-20220221,HS,21059656,4477.8,11.431,4.7920460606,1,poor,NA
AIMS,2021-12-08T20:00:00Z,TLM12,STIC,20210928-20220221,HS,21059656,4477.8,11.431,4.7920460606,1,poor,NA
AIMS,2021-12-08T20:15:00Z,TLM12,STIC,20210928-20220221,HS,21059656,4477.8,11.528,4.7920460606,1,poor,NA
AIMS,2021-12-08T20:30:00Z,TLM12,STIC,20210928-20220221,HS,21059656,4477.8,11.528,4.7920460606,1,poor,NA
AIMS,2021-12-08T20:45:00Z,TLM12,STIC,20210928-20220221,HS,21059656,4477.8,11.625,4.7920460606,1,poor,NA
AIMS,2021-12-08T21:00:00Z,TLM12,STIC,20210928-20220221,HS,21059656,4477.8,11.625,4.7920460606,1,poor,NA
AIMS,2021-12-08T21:15:00Z,TLM12,STIC,20210928-20220221,HS,21059656,4477.8,11.625,4.7920460606,1,poor,NA
AIMS,2021-12-08T21:30:00Z,TLM12,STIC,20210928-20220221,HS,21059656,4477.8,11.625,4.7920460606,1,poor,NA
AIMS,2021-12-08T21:45:00Z,TLM12,STIC,20210928-20220221,HS,21059656,4477.8,11.625,4.7920460606,1,poor,NA
AIMS,2021-12-08T22:00:00Z,TLM12,STIC,20210928-20220221,HS,21059656,4477.8,11.625,4.7920460606,1,poor,NA
AIMS,2021-12-08T22:15:00Z,TLM12,STIC,20210928-20220221,HS,21059656,4477.8,11.625,4.7920460606,1,poor,NA
AIMS,2021-12-08T22:30:00Z,TLM12,STIC,20210928-20220221,HS,21059656,4477.8,11.625,4.7920460606,1,poor,NA
AIMS,2021-12-08T22:45:00Z,TLM12,STIC,20210928-20220221,HS,21059656,4477.8,11.625,4.7920460606,1,poor,NA
AIMS,2021-12-08T23:00:00Z,TLM12,STIC,20210928-20220221,HS,21059656,4477.8,11.625,4.7920460606,1,poor,NA
AIMS,2021-12-08T23:15:00Z,TLM12,STIC,20210928-20220221,HS,21059656,4477.8,11.528,4.7920460606,1,poor,NA
AIMS,2021-12-08T23:30:00Z,TLM12,STIC,20210928-20220221,HS,21059656,4477.8,11.528,4.7920460606,1,poor,NA
AIMS,2021-12-08T23:45:00Z,TLM12,STIC,20210928-20220221,HS,21059656,4477.8,11.431,4.7920460606,1,poor,NA
AIMS,2021-12-09T00:00:00Z,TLM12,STIC,20210928-20220221,HS,21059656,4477.8,11.431,4.7920460606,1,poor,NA
AIMS,2021-12-09T00:15:00Z,TLM12,STIC,20210928-20220221,HS,21059656,4477.8,11.334,4.7920460606,1,poor,NA
AIMS,2021-12-09T00:30:00Z,TLM12,STIC,20210928-20220221,HS,21059656,4477.8,11.236,4.7920460606,1,poor,NA
AIMS,2021-12-09T00:45:00Z,TLM12,STIC,20210928-20220221,HS,21059656,4477.8,11.139,4.7920460606,1,poor,NA
AIMS,2021-12-09T01:00:00Z,TLM12,STIC,20210928-20220221,HS,21059656,4477.8,11.139,4.7920460606,1,poor,NA
AIMS,2021-12-09T01:15:00Z,TLM12,STIC,20210928-20220221,HS,21059656,4477.8,11.041,4.7920460606,1,poor,NA
AIMS,2021-12-09T01:30:00Z,TLM12,STIC,20210928-20220221,HS,21059656,4477.8,10.944,4.7920460606,1,poor,NA
AIMS,2021-12-09T01:45:00Z,TLM12,STIC,20210928-20220221,HS,21059656,4477.8,10.846,4.7920460606,1,poor,NA
AIMS,2021-12-09T02:00:00Z,TLM12,STIC,20210928-20220221,HS,21059656,4477.8,10.748,4.7920460606,1,poor,NA
AIMS,2021-12-09T02:15:00Z,TLM12,STIC,20210928-20220221,HS,21059656,4477.8,10.748,4.7920460606,1,poor,NA
AIMS,2021-12-09T02:30:00Z,TLM12,STIC,20210928-20220221,HS,21059656,4477.8,10.651,4.7920460606,1,poor,NA
AIMS,2021-12-09T02:45:00Z,TLM12,STIC,20210928-20220221,HS,21059656,4477.8,10.553,4.7920460606,1,poor,NA
AIMS,2021-12-09T03:00:00Z,TLM12,STIC,20210928-20220221,HS,21059656,4477.8,10.455,4.7920460606,1,poor,NA
AIMS,2021-12-09T03:15:00Z,TLM12,STIC,20210928-20220221,HS,21059656,4305.6,10.357,4.314756393200001,1,poor,NA
AIMS,2021-12-09T03:30:00Z,TLM12,STIC,20210928-20220221,HS,21059656,4305.6,10.357,4.314756393200001,1,poor,NA
AIMS,2021-12-09T03:45:00Z,TLM12,STIC,20210928-20220221,HS,21059656,4305.6,10.259,4.314756393200001,1,poor,NA
AIMS,2021-12-09T04:00:00Z,TLM12,STIC,20210928-20220221,HS,21059656,4305.6,10.161,4.314756393200001,1,poor,NA
AIMS,2021-12-09T04:15:00Z,TLM12,STIC,20210928-20220221,HS,21059656,4305.6,10.161,4.314756393200001,1,poor,NA
AIMS,2021-12-09T04:30:00Z,TLM12,STIC,20210928-20220221,HS,21059656,4305.6,10.063,4.314756393200001,1,poor,NA
AIMS,2021-12-09T04:45:00Z,TLM12,STIC,20210928-20220221,HS,21059656,4305.6,9.965,4.314756393200001,1,poor,NA
AIMS,2021-12-09T05:00:00Z,TLM12,STIC,20210928-20220221,HS,21059656,4305.6,9.866,4.314756393200001,1,poor,NA
AIMS,2021-12-09T05:15:00Z,TLM12,STIC,20210928-20220221,HS,21059656,4305.6,9.866,4.314756393200001,1,poor,NA
AIMS,2021-12-09T05:30:00Z,TLM12,STIC,20210928-20220221,HS,21059656,4305.6,9.768,4.314756393200001,1,poor,NA
AIMS,2021-12-09T05:45:00Z,TLM12,STIC,20210928-20220221,HS,21059656,4305.6,9.669,4.314756393200001,1,poor,NA
AIMS,2021-12-09T06:00:00Z,TLM12,STIC,20210928-20220221,HS,21059656,4305.6,9.669,4.314756393200001,1,poor,NA
AIMS,2021-12-09T06:15:00Z,TLM12,STIC,20210928-20220221,HS,21059656,4305.6,9.571,4.314756393200001,1,poor,NA
AIMS,2021-12-09T06:30:00Z,TLM12,STIC,20210928-20220221,HS,21059656,4305.6,9.571,4.314756393200001,1,poor,NA
AIMS,2021-12-09T06:45:00Z,TLM12,STIC,20210928-20220221,HS,21059656,4305.6,9.472,4.314756393200001,1,poor,NA
AIMS,2021-12-09T07:00:00Z,TLM12,STIC,20210928-20220221,HS,21059656,4305.6,9.373,4.314756393200001,1,poor,NA
AIMS,2021-12-09T07:15:00Z,TLM12,STIC,20210928-20220221,HS,21059656,4305.6,9.373,4.314756393200001,1,poor,NA
AIMS,2021-12-09T07:30:00Z,TLM12,STIC,20210928-20220221,HS,21059656,4305.6,9.275,4.314756393200001,1,poor,NA
AIMS,2021-12-09T07:45:00Z,TLM12,STIC,20210928-20220221,HS,21059656,4305.6,9.275,4.314756393200001,1,poor,NA
AIMS,2021-12-09T08:00:00Z,TLM12,STIC,20210928-20220221,HS,21059656,4305.6,9.176,4.314756393200001,1,poor,NA
AIMS,2021-12-09T08:15:00Z,TLM12,STIC,20210928-20220221,HS,21059656,4305.6,9.176,4.314756393200001,1,poor,NA
AIMS,2021-12-09T08:30:00Z,TLM12,STIC,20210928-20220221,HS,21059656,4305.6,9.077,4.314756393200001,1,poor,NA
AIMS,2021-12-09T08:45:00Z,TLM12,STIC,20210928-20220221,HS,21059656,4305.6,9.077,4.314756393200001,1,poor,NA
AIMS,2021-12-09T09:00:00Z,TLM12,STIC,20210928-20220221,HS,21059656,4305.6,8.978,4.314756393200001,1,poor,NA
AIMS,2021-12-09T09:15:00Z,TLM12,STIC,20210928-20220221,HS,21059656,4305.6,8.978,4.314756393200001,1,poor,NA
AIMS,2021-12-09T09:30:00Z,TLM12,STIC,20210928-20220221,HS,21059656,4305.6,8.978,4.314756393200001,1,poor,NA
AIMS,2021-12-09T09:45:00Z,TLM12,STIC,20210928-20220221,HS,21059656,4133.4,8.879,3.837466725799998,1,poor,NA
AIMS,2021-12-09T10:00:00Z,TLM12,STIC,20210928-20220221,HS,21059656,4133.4,8.879,3.837466725799998,1,poor,NA
AIMS,2021-12-09T10:15:00Z,TLM12,STIC,20210928-20220221,HS,21059656,4133.4,8.779,3.837466725799998,1,poor,NA
AIMS,2021-12-09T10:30:00Z,TLM12,STIC,20210928-20220221,HS,21059656,4133.4,8.779,3.837466725799998,1,poor,NA
AIMS,2021-12-09T10:45:00Z,TLM12,STIC,20210928-20220221,HS,21059656,4133.4,8.779,3.837466725799998,1,poor,NA
AIMS,2021-12-09T11:00:00Z,TLM12,STIC,20210928-20220221,HS,21059656,4133.4,8.68,3.837466725799998,1,poor,NA
AIMS,2021-12-09T11:15:00Z,TLM12,STIC,20210928-20220221,HS,21059656,4133.4,8.68,3.837466725799998,1,poor,NA
AIMS,2021-12-09T11:30:00Z,TLM12,STIC,20210928-20220221,HS,21059656,4133.4,8.581,3.837466725799998,1,poor,NA
AIMS,2021-12-09T11:45:00Z,TLM12,STIC,20210928-20220221,HS,21059656,4133.4,8.581,3.837466725799998,1,poor,NA
AIMS,2021-12-09T12:00:00Z,TLM12,STIC,20210928-20220221,HS,21059656,4133.4,8.581,3.837466725799998,1,poor,NA
AIMS,2021-12-09T12:15:00Z,TLM12,STIC,20210928-20220221,HS,21059656,4133.4,8.581,3.837466725799998,1,poor,NA
AIMS,2021-12-09T12:30:00Z,TLM12,STIC,20210928-20220221,HS,21059656,4133.4,8.581,3.837466725799998,1,poor,NA
AIMS,2021-12-09T12:45:00Z,TLM12,STIC,20210928-20220221,HS,21059656,4133.4,8.481,3.837466725799998,1,poor,NA
AIMS,2021-12-09T13:00:00Z,TLM12,STIC,20210928-20220221,HS,21059656,4133.4,8.481,3.837466725799998,1,poor,NA
AIMS,2021-12-09T13:15:00Z,TLM12,STIC,20210928-20220221,HS,21059656,4133.4,8.481,3.837466725799998,1,poor,NA
AIMS,2021-12-09T13:30:00Z,TLM12,STIC,20210928-20220221,HS,21059656,4133.4,8.382,3.837466725799998,1,poor,NA
AIMS,2021-12-09T13:45:00Z,TLM12,STIC,20210928-20220221,HS,21059656,4133.4,8.382,3.837466725799998,1,poor,NA
AIMS,2021-12-09T14:00:00Z,TLM12,STIC,20210928-20220221,HS,21059656,4133.4,8.382,3.837466725799998,1,poor,NA
AIMS,2021-12-09T14:15:00Z,TLM12,STIC,20210928-20220221,HS,21059656,4133.4,8.382,3.837466725799998,1,poor,NA
AIMS,2021-12-09T14:30:00Z,TLM12,STIC,20210928-20220221,HS,21059656,4133.4,8.382,3.837466725799998,1,poor,NA
AIMS,2021-12-09T14:45:00Z,TLM12,STIC,20210928-20220221,HS,21059656,4133.4,8.282,3.837466725799998,1,poor,NA
AIMS,2021-12-09T15:00:00Z,TLM12,STIC,20210928-20220221,HS,21059656,4133.4,8.282,3.837466725799998,1,poor,NA
AIMS,2021-12-09T15:15:00Z,TLM12,STIC,20210928-20220221,HS,21059656,4133.4,8.382,3.837466725799998,1,poor,NA
AIMS,2021-12-09T15:30:00Z,TLM12,STIC,20210928-20220221,HS,21059656,4133.4,8.382,3.837466725799998,1,poor,NA
AIMS,2021-12-09T15:45:00Z,TLM12,STIC,20210928-20220221,HS,21059656,4133.4,8.481,3.837466725799998,1,poor,NA
AIMS,2021-12-09T16:00:00Z,TLM12,STIC,20210928-20220221,HS,21059656,4133.4,8.481,3.837466725799998,1,poor,NA
AIMS,2021-12-09T16:15:00Z,TLM12,STIC,20210928-20220221,HS,21059656,4133.4,8.581,3.837466725799998,1,poor,NA
AIMS,2021-12-09T16:30:00Z,TLM12,STIC,20210928-20220221,HS,21059656,4133.4,8.68,3.837466725799998,1,poor,NA
AIMS,2021-12-09T16:45:00Z,TLM12,STIC,20210928-20220221,HS,21059656,4133.4,8.779,3.837466725799998,1,poor,NA
AIMS,2021-12-09T17:00:00Z,TLM12,STIC,20210928-20220221,HS,21059656,4133.4,8.978,3.837466725799998,1,poor,NA
AIMS,2021-12-09T17:15:00Z,TLM12,STIC,20210928-20220221,HS,21059656,4133.4,9.077,3.837466725799998,1,poor,NA
AIMS,2021-12-09T17:30:00Z,TLM12,STIC,20210928-20220221,HS,21059656,4133.4,9.176,3.837466725799998,1,poor,NA
AIMS,2021-12-09T17:45:00Z,TLM12,STIC,20210928-20220221,HS,21059656,4133.4,9.275,3.837466725799998,1,poor,NA
AIMS,2021-12-09T18:00:00Z,TLM12,STIC,20210928-20220221,HS,21059656,4133.4,9.373,3.837466725799998,1,poor,NA
AIMS,2021-12-09T18:15:00Z,TLM12,STIC,20210928-20220221,HS,21059656,4133.4,9.472,3.837466725799998,1,poor,NA
AIMS,2021-12-09T18:30:00Z,TLM12,STIC,20210928-20220221,HS,21059656,4133.4,9.571,3.837466725799998,1,poor,NA
AIMS,2021-12-09T18:45:00Z,TLM12,STIC,20210928-20220221,HS,21059656,4133.4,9.768,3.837466725799998,1,poor,NA
AIMS,2021-12-09T19:00:00Z,TLM12,STIC,20210928-20220221,HS,21059656,4133.4,9.866,3.837466725799998,1,poor,NA
AIMS,2021-12-09T19:15:00Z,TLM12,STIC,20210928-20220221,HS,21059656,4133.4,9.965,3.837466725799998,1,poor,NA
AIMS,2021-12-09T19:30:00Z,TLM12,STIC,20210928-20220221,HS,21059656,4133.4,10.063,3.837466725799998,1,poor,NA
AIMS,2021-12-09T19:45:00Z,TLM12,STIC,20210928-20220221,HS,21059656,4305.6,10.259,4.314756393200001,1,poor,NA
AIMS,2021-12-09T20:00:00Z,TLM12,STIC,20210928-20220221,HS,21059656,4305.6,10.357,4.314756393200001,1,poor,NA
AIMS,2021-12-09T20:15:00Z,TLM12,STIC,20210928-20220221,HS,21059656,4305.6,10.553,4.314756393200001,1,poor,NA
AIMS,2021-12-09T20:30:00Z,TLM12,STIC,20210928-20220221,HS,21059656,4305.6,10.651,4.314756393200001,1,poor,NA
AIMS,2021-12-09T20:45:00Z,TLM12,STIC,20210928-20220221,HS,21059656,4305.6,10.748,4.314756393200001,1,poor,NA
AIMS,2021-12-09T21:00:00Z,TLM12,STIC,20210928-20220221,HS,21059656,4305.6,10.846,4.314756393200001,1,poor,NA
AIMS,2021-12-09T21:15:00Z,TLM12,STIC,20210928-20220221,HS,21059656,4305.6,10.944,4.314756393200001,1,poor,NA
AIMS,2021-12-09T21:30:00Z,TLM12,STIC,20210928-20220221,HS,21059656,4305.6,10.944,4.314756393200001,1,poor,NA
AIMS,2021-12-09T21:45:00Z,TLM12,STIC,20210928-20220221,HS,21059656,4305.6,11.041,4.314756393200001,1,poor,NA
AIMS,2021-12-09T22:00:00Z,TLM12,STIC,20210928-20220221,HS,21059656,4305.6,11.139,4.314756393200001,1,poor,NA
AIMS,2021-12-09T22:15:00Z,TLM12,STIC,20210928-20220221,HS,21059656,4305.6,11.139,4.314756393200001,1,poor,NA
AIMS,2021-12-09T22:30:00Z,TLM12,STIC,20210928-20220221,HS,21059656,4305.6,11.139,4.314756393200001,1,poor,NA
AIMS,2021-12-09T22:45:00Z,TLM12,STIC,20210928-20220221,HS,21059656,4305.6,11.139,4.314756393200001,1,poor,NA
AIMS,2021-12-09T23:00:00Z,TLM12,STIC,20210928-20220221,HS,21059656,4305.6,11.236,4.314756393200001,1,poor,NA
AIMS,2021-12-09T23:15:00Z,TLM12,STIC,20210928-20220221,HS,21059656,4305.6,11.236,4.314756393200001,1,poor,NA
AIMS,2021-12-09T23:30:00Z,TLM12,STIC,20210928-20220221,HS,21059656,4305.6,11.236,4.314756393200001,1,poor,NA
AIMS,2021-12-09T23:45:00Z,TLM12,STIC,20210928-20220221,HS,21059656,4305.6,11.236,4.314756393200001,1,poor,NA
AIMS,2021-12-10T00:00:00Z,TLM12,STIC,20210928-20220221,HS,21059656,4305.6,11.236,4.314756393200001,1,poor,NA
AIMS,2021-12-10T00:15:00Z,TLM12,STIC,20210928-20220221,HS,21059656,4305.6,11.236,4.314756393200001,1,poor,NA
AIMS,2021-12-10T00:30:00Z,TLM12,STIC,20210928-20220221,HS,21059656,4305.6,11.236,4.314756393200001,1,poor,NA
AIMS,2021-12-10T00:45:00Z,TLM12,STIC,20210928-20220221,HS,21059656,4305.6,11.236,4.314756393200001,1,poor,NA
AIMS,2021-12-10T01:00:00Z,TLM12,STIC,20210928-20220221,HS,21059656,4305.6,11.236,4.314756393200001,1,poor,NA
AIMS,2021-12-10T01:15:00Z,TLM12,STIC,20210928-20220221,HS,21059656,4305.6,11.236,4.314756393200001,1,poor,NA
AIMS,2021-12-10T01:30:00Z,TLM12,STIC,20210928-20220221,HS,21059656,4305.6,11.236,4.314756393200001,1,poor,NA
AIMS,2021-12-10T01:45:00Z,TLM12,STIC,20210928-20220221,HS,21059656,4305.6,11.236,4.314756393200001,1,poor,NA
AIMS,2021-12-10T02:00:00Z,TLM12,STIC,20210928-20220221,HS,21059656,4305.6,11.236,4.314756393200001,1,poor,NA
AIMS,2021-12-10T02:15:00Z,TLM12,STIC,20210928-20220221,HS,21059656,4305.6,11.236,4.314756393200001,1,poor,NA
AIMS,2021-12-10T02:30:00Z,TLM12,STIC,20210928-20220221,HS,21059656,4305.6,11.236,4.314756393200001,1,poor,NA
AIMS,2021-12-10T02:45:00Z,TLM12,STIC,20210928-20220221,HS,21059656,4305.6,11.334,4.314756393200001,1,poor,NA
AIMS,2021-12-10T03:00:00Z,TLM12,STIC,20210928-20220221,HS,21059656,4305.6,11.334,4.314756393200001,1,poor,NA
AIMS,2021-12-10T03:15:00Z,TLM12,STIC,20210928-20220221,HS,21059656,4305.6,11.334,4.314756393200001,1,poor,NA
AIMS,2021-12-10T03:30:00Z,TLM12,STIC,20210928-20220221,HS,21059656,4305.6,11.334,4.314756393200001,1,poor,NA
AIMS,2021-12-10T03:45:00Z,TLM12,STIC,20210928-20220221,HS,21059656,4305.6,11.334,4.314756393200001,1,poor,NA
AIMS,2021-12-10T04:00:00Z,TLM12,STIC,20210928-20220221,HS,21059656,4305.6,11.334,4.314756393200001,1,poor,NA
AIMS,2021-12-10T04:15:00Z,TLM12,STIC,20210928-20220221,HS,21059656,4305.6,11.334,4.314756393200001,1,poor,NA
AIMS,2021-12-10T04:30:00Z,TLM12,STIC,20210928-20220221,HS,21059656,4305.6,11.334,4.314756393200001,1,poor,NA
AIMS,2021-12-10T04:45:00Z,TLM12,STIC,20210928-20220221,HS,21059656,4305.6,11.334,4.314756393200001,1,poor,NA
AIMS,2021-12-10T05:00:00Z,TLM12,STIC,20210928-20220221,HS,21059656,4305.6,11.334,4.314756393200001,1,poor,NA
AIMS,2021-12-10T05:15:00Z,TLM12,STIC,20210928-20220221,HS,21059656,4305.6,11.334,4.314756393200001,1,poor,NA
AIMS,2021-12-10T05:30:00Z,TLM12,STIC,20210928-20220221,HS,21059656,4305.6,11.334,4.314756393200001,1,poor,NA
AIMS,2021-12-10T05:45:00Z,TLM12,STIC,20210928-20220221,HS,21059656,4305.6,11.334,4.314756393200001,1,poor,NA
AIMS,2021-12-10T06:00:00Z,TLM12,STIC,20210928-20220221,HS,21059656,4305.6,11.334,4.314756393200001,1,poor,NA
AIMS,2021-12-10T06:15:00Z,TLM12,STIC,20210928-20220221,HS,21059656,4305.6,11.334,4.314756393200001,1,poor,NA
AIMS,2021-12-10T06:30:00Z,TLM12,STIC,20210928-20220221,HS,21059656,4305.6,11.334,4.314756393200001,1,poor,NA
AIMS,2021-12-10T06:45:00Z,TLM12,STIC,20210928-20220221,HS,21059656,4305.6,11.334,4.314756393200001,1,poor,NA
AIMS,2021-12-10T07:00:00Z,TLM12,STIC,20210928-20220221,HS,21059656,4305.6,11.334,4.314756393200001,1,poor,NA
AIMS,2021-12-10T07:15:00Z,TLM12,STIC,20210928-20220221,HS,21059656,4305.6,11.334,4.314756393200001,1,poor,NA
AIMS,2021-12-10T07:30:00Z,TLM12,STIC,20210928-20220221,HS,21059656,4305.6,11.334,4.314756393200001,1,poor,NA
AIMS,2021-12-10T07:45:00Z,TLM12,STIC,20210928-20220221,HS,21059656,4305.6,11.334,4.314756393200001,1,poor,NA
AIMS,2021-12-10T08:00:00Z,TLM12,STIC,20210928-20220221,HS,21059656,4305.6,11.334,4.314756393200001,1,poor,NA
AIMS,2021-12-10T08:15:00Z,TLM12,STIC,20210928-20220221,HS,21059656,4305.6,11.334,4.314756393200001,1,poor,NA
AIMS,2021-12-10T08:30:00Z,TLM12,STIC,20210928-20220221,HS,21059656,4305.6,11.334,4.314756393200001,1,poor,NA
AIMS,2021-12-10T08:45:00Z,TLM12,STIC,20210928-20220221,HS,21059656,4305.6,11.334,4.314756393200001,1,poor,NA
AIMS,2021-12-10T09:00:00Z,TLM12,STIC,20210928-20220221,HS,21059656,4305.6,11.334,4.314756393200001,1,poor,NA
AIMS,2021-12-10T09:15:00Z,TLM12,STIC,20210928-20220221,HS,21059656,4305.6,11.334,4.314756393200001,1,poor,NA
AIMS,2021-12-10T09:30:00Z,TLM12,STIC,20210928-20220221,HS,21059656,4305.6,11.334,4.314756393200001,1,poor,NA
AIMS,2021-12-10T09:45:00Z,TLM12,STIC,20210928-20220221,HS,21059656,4305.6,11.334,4.314756393200001,1,poor,NA
AIMS,2021-12-10T10:00:00Z,TLM12,STIC,20210928-20220221,HS,21059656,4305.6,11.334,4.314756393200001,1,poor,NA
AIMS,2021-12-10T10:15:00Z,TLM12,STIC,20210928-20220221,HS,21059656,4305.6,11.334,4.314756393200001,1,poor,NA
AIMS,2021-12-10T10:30:00Z,TLM12,STIC,20210928-20220221,HS,21059656,4305.6,11.334,4.314756393200001,1,poor,NA
AIMS,2021-12-10T10:45:00Z,TLM12,STIC,20210928-20220221,HS,21059656,4305.6,11.334,4.314756393200001,1,poor,NA
AIMS,2021-12-10T11:00:00Z,TLM12,STIC,20210928-20220221,HS,21059656,4305.6,11.334,4.314756393200001,1,poor,NA
AIMS,2021-12-10T11:15:00Z,TLM12,STIC,20210928-20220221,HS,21059656,4305.6,11.334,4.314756393200001,1,poor,NA
AIMS,2021-12-10T11:30:00Z,TLM12,STIC,20210928-20220221,HS,21059656,4305.6,11.334,4.314756393200001,1,poor,NA
AIMS,2021-12-10T11:45:00Z,TLM12,STIC,20210928-20220221,HS,21059656,4305.6,11.334,4.314756393200001,1,poor,NA
AIMS,2021-12-10T12:00:00Z,TLM12,STIC,20210928-20220221,HS,21059656,4477.8,11.334,4.7920460606,1,poor,NA
AIMS,2021-12-10T12:15:00Z,TLM12,STIC,20210928-20220221,HS,21059656,4477.8,11.334,4.7920460606,1,poor,NA
AIMS,2021-12-10T12:30:00Z,TLM12,STIC,20210928-20220221,HS,21059656,4477.8,11.334,4.7920460606,1,poor,NA
AIMS,2021-12-10T12:45:00Z,TLM12,STIC,20210928-20220221,HS,21059656,4477.8,11.431,4.7920460606,1,poor,NA
AIMS,2021-12-10T13:00:00Z,TLM12,STIC,20210928-20220221,HS,21059656,4477.8,11.431,4.7920460606,1,poor,NA
AIMS,2021-12-10T13:15:00Z,TLM12,STIC,20210928-20220221,HS,21059656,4477.8,11.431,4.7920460606,1,poor,NA
AIMS,2021-12-10T13:30:00Z,TLM12,STIC,20210928-20220221,HS,21059656,4477.8,11.431,4.7920460606,1,poor,NA
AIMS,2021-12-10T13:45:00Z,TLM12,STIC,20210928-20220221,HS,21059656,4477.8,11.431,4.7920460606,1,poor,NA
AIMS,2021-12-10T14:00:00Z,TLM12,STIC,20210928-20220221,HS,21059656,4477.8,11.431,4.7920460606,1,poor,NA
AIMS,2021-12-10T14:15:00Z,TLM12,STIC,20210928-20220221,HS,21059656,4477.8,11.431,4.7920460606,1,poor,NA
AIMS,2021-12-10T14:30:00Z,TLM12,STIC,20210928-20220221,HS,21059656,4477.8,11.431,4.7920460606,1,poor,NA
AIMS,2021-12-10T14:45:00Z,TLM12,STIC,20210928-20220221,HS,21059656,4477.8,11.431,4.7920460606,1,poor,NA
AIMS,2021-12-10T15:00:00Z,TLM12,STIC,20210928-20220221,HS,21059656,4477.8,11.431,4.7920460606,1,poor,NA
AIMS,2021-12-10T15:15:00Z,TLM12,STIC,20210928-20220221,HS,21059656,4477.8,11.528,4.7920460606,1,poor,NA
AIMS,2021-12-10T15:30:00Z,TLM12,STIC,20210928-20220221,HS,21059656,4477.8,11.528,4.7920460606,1,poor,NA
AIMS,2021-12-10T15:45:00Z,TLM12,STIC,20210928-20220221,HS,21059656,4477.8,11.528,4.7920460606,1,poor,NA
AIMS,2021-12-10T16:00:00Z,TLM12,STIC,20210928-20220221,HS,21059656,4477.8,11.528,4.7920460606,1,poor,NA
AIMS,2021-12-10T16:15:00Z,TLM12,STIC,20210928-20220221,HS,21059656,4477.8,11.528,4.7920460606,1,poor,NA
AIMS,2021-12-10T16:30:00Z,TLM12,STIC,20210928-20220221,HS,21059656,4477.8,11.625,4.7920460606,1,poor,NA
AIMS,2021-12-10T16:45:00Z,TLM12,STIC,20210928-20220221,HS,21059656,4477.8,11.625,4.7920460606,1,poor,NA
AIMS,2021-12-10T17:00:00Z,TLM12,STIC,20210928-20220221,HS,21059656,4477.8,11.625,4.7920460606,1,poor,NA
AIMS,2021-12-10T17:15:00Z,TLM12,STIC,20210928-20220221,HS,21059656,4477.8,11.722,4.7920460606,1,poor,NA
AIMS,2021-12-10T17:30:00Z,TLM12,STIC,20210928-20220221,HS,21059656,4477.8,11.819,4.7920460606,1,poor,NA
AIMS,2021-12-10T17:45:00Z,TLM12,STIC,20210928-20220221,HS,21059656,4477.8,11.819,4.7920460606,1,poor,NA
AIMS,2021-12-10T18:00:00Z,TLM12,STIC,20210928-20220221,HS,21059656,4477.8,11.916,4.7920460606,1,poor,NA
AIMS,2021-12-10T18:15:00Z,TLM12,STIC,20210928-20220221,HS,21059656,4477.8,11.916,4.7920460606,1,poor,NA
AIMS,2021-12-10T18:30:00Z,TLM12,STIC,20210928-20220221,HS,21059656,4477.8,12.013,4.7920460606,1,poor,NA
AIMS,2021-12-10T18:45:00Z,TLM12,STIC,20210928-20220221,HS,21059656,4650,12.11,5.269335727999999,1,poor,NA
AIMS,2021-12-10T19:00:00Z,TLM12,STIC,20210928-20220221,HS,21059656,4650,12.207,5.269335727999999,1,poor,NA
AIMS,2021-12-10T19:15:00Z,TLM12,STIC,20210928-20220221,HS,21059656,4650,12.207,5.269335727999999,1,poor,NA
AIMS,2021-12-10T19:30:00Z,TLM12,STIC,20210928-20220221,HS,21059656,4650,12.304,5.269335727999999,1,poor,NA
AIMS,2021-12-10T19:45:00Z,TLM12,STIC,20210928-20220221,HS,21059656,4650,12.304,5.269335727999999,1,poor,NA
AIMS,2021-12-10T20:00:00Z,TLM12,STIC,20210928-20220221,HS,21059656,4650,12.401,5.269335727999999,1,poor,NA
AIMS,2021-12-10T20:15:00Z,TLM12,STIC,20210928-20220221,HS,21059656,4650,12.497,5.269335727999999,1,poor,NA
AIMS,2021-12-10T20:30:00Z,TLM12,STIC,20210928-20220221,HS,21059656,4650,12.497,5.269335727999999,1,poor,NA
AIMS,2021-12-10T20:45:00Z,TLM12,STIC,20210928-20220221,HS,21059656,4650,12.497,5.269335727999999,1,poor,NA
AIMS,2021-12-10T21:00:00Z,TLM12,STIC,20210928-20220221,HS,21059656,4650,12.594,5.269335727999999,1,poor,NA
AIMS,2021-12-10T21:15:00Z,TLM12,STIC,20210928-20220221,HS,21059656,4650,12.594,5.269335727999999,1,poor,NA
AIMS,2021-12-10T21:30:00Z,TLM12,STIC,20210928-20220221,HS,21059656,4650,12.594,5.269335727999999,1,poor,NA
AIMS,2021-12-10T21:45:00Z,TLM12,STIC,20210928-20220221,HS,21059656,4650,12.69,5.269335727999999,1,poor,NA
AIMS,2021-12-10T22:00:00Z,TLM12,STIC,20210928-20220221,HS,21059656,4650,12.69,5.269335727999999,1,poor,NA
AIMS,2021-12-10T22:15:00Z,TLM12,STIC,20210928-20220221,HS,21059656,4650,12.69,5.269335727999999,1,poor,NA
AIMS,2021-12-10T22:30:00Z,TLM12,STIC,20210928-20220221,HS,21059656,4650,12.69,5.269335727999999,1,poor,NA
AIMS,2021-12-10T22:45:00Z,TLM12,STIC,20210928-20220221,HS,21059656,4650,12.69,5.269335727999999,1,poor,NA
AIMS,2021-12-10T23:00:00Z,TLM12,STIC,20210928-20220221,HS,21059656,4650,12.69,5.269335727999999,1,poor,NA
AIMS,2021-12-10T23:15:00Z,TLM12,STIC,20210928-20220221,HS,21059656,4650,12.787,5.269335727999999,1,poor,NA
AIMS,2021-12-10T23:30:00Z,TLM12,STIC,20210928-20220221,HS,21059656,4650,12.787,5.269335727999999,1,poor,NA
AIMS,2021-12-10T23:45:00Z,TLM12,STIC,20210928-20220221,HS,21059656,4650,12.787,5.269335727999999,1,poor,NA
AIMS,2021-12-11T00:00:00Z,TLM12,STIC,20210928-20220221,HS,21059656,4650,12.787,5.269335727999999,1,poor,NA
AIMS,2021-12-11T00:15:00Z,TLM12,STIC,20210928-20220221,HS,21059656,4650,12.787,5.269335727999999,1,poor,NA
AIMS,2021-12-11T00:30:00Z,TLM12,STIC,20210928-20220221,HS,21059656,4650,12.883,5.269335727999999,1,poor,NA
AIMS,2021-12-11T00:45:00Z,TLM12,STIC,20210928-20220221,HS,21059656,4650,12.883,5.269335727999999,1,poor,NA
AIMS,2021-12-11T01:00:00Z,TLM12,STIC,20210928-20220221,HS,21059656,4650,12.883,5.269335727999999,1,poor,NA
AIMS,2021-12-11T01:15:00Z,TLM12,STIC,20210928-20220221,HS,21059656,4650,12.883,5.269335727999999,1,poor,NA
AIMS,2021-12-11T01:30:00Z,TLM12,STIC,20210928-20220221,HS,21059656,4650,12.883,5.269335727999999,1,poor,NA
AIMS,2021-12-11T01:45:00Z,TLM12,STIC,20210928-20220221,HS,21059656,4650,12.883,5.269335727999999,1,poor,NA
AIMS,2021-12-11T02:00:00Z,TLM12,STIC,20210928-20220221,HS,21059656,4650,12.883,5.269335727999999,1,poor,NA
AIMS,2021-12-11T02:15:00Z,TLM12,STIC,20210928-20220221,HS,21059656,4650,12.98,5.269335727999999,1,poor,NA
AIMS,2021-12-11T02:30:00Z,TLM12,STIC,20210928-20220221,HS,21059656,4650,12.98,5.269335727999999,1,poor,NA
AIMS,2021-12-11T02:45:00Z,TLM12,STIC,20210928-20220221,HS,21059656,4650,12.98,5.269335727999999,1,poor,NA
AIMS,2021-12-11T03:00:00Z,TLM12,STIC,20210928-20220221,HS,21059656,4650,12.98,5.269335727999999,1,poor,NA
AIMS,2021-12-11T03:15:00Z,TLM12,STIC,20210928-20220221,HS,21059656,4650,13.076,5.269335727999999,1,poor,NA
AIMS,2021-12-11T03:30:00Z,TLM12,STIC,20210928-20220221,HS,21059656,4650,13.076,5.269335727999999,1,poor,NA
AIMS,2021-12-11T03:45:00Z,TLM12,STIC,20210928-20220221,HS,21059656,4650,13.173,5.269335727999999,1,poor,NA
AIMS,2021-12-11T04:00:00Z,TLM12,STIC,20210928-20220221,HS,21059656,4650,13.173,5.269335727999999,1,poor,NA
AIMS,2021-12-11T04:15:00Z,TLM12,STIC,20210928-20220221,HS,21059656,4650,13.269,5.269335727999999,1,poor,NA
AIMS,2021-12-11T04:30:00Z,TLM12,STIC,20210928-20220221,HS,21059656,4650,13.269,5.269335727999999,1,poor,NA
AIMS,2021-12-11T04:45:00Z,TLM12,STIC,20210928-20220221,HS,21059656,4650,13.365,5.269335727999999,1,poor,NA
AIMS,2021-12-11T05:00:00Z,TLM12,STIC,20210928-20220221,HS,21059656,4650,13.461,5.269335727999999,1,poor,NA
AIMS,2021-12-11T05:15:00Z,TLM12,STIC,20210928-20220221,HS,21059656,4650,13.461,5.269335727999999,1,poor,NA
AIMS,2021-12-11T05:30:00Z,TLM12,STIC,20210928-20220221,HS,21059656,4650,13.558,5.269335727999999,1,poor,NA
AIMS,2021-12-11T05:45:00Z,TLM12,STIC,20210928-20220221,HS,21059656,4650,13.558,5.269335727999999,1,poor,NA
AIMS,2021-12-11T06:00:00Z,TLM12,STIC,20210928-20220221,HS,21059656,4650,13.654,5.269335727999999,1,poor,NA
AIMS,2021-12-11T06:15:00Z,TLM12,STIC,20210928-20220221,HS,21059656,4650,13.654,5.269335727999999,1,poor,NA
AIMS,2021-12-11T06:30:00Z,TLM12,STIC,20210928-20220221,HS,21059656,4650,13.654,5.269335727999999,1,poor,NA
AIMS,2021-12-11T06:45:00Z,TLM12,STIC,20210928-20220221,HS,21059656,4650,13.75,5.269335727999999,1,poor,NA
AIMS,2021-12-11T07:00:00Z,TLM12,STIC,20210928-20220221,HS,21059656,4650,13.75,5.269335727999999,1,poor,NA
AIMS,2021-12-11T07:15:00Z,TLM12,STIC,20210928-20220221,HS,21059656,4650,13.75,5.269335727999999,1,poor,NA
AIMS,2021-12-11T07:30:00Z,TLM12,STIC,20210928-20220221,HS,21059656,4650,13.75,5.269335727999999,1,poor,NA
AIMS,2021-12-11T07:45:00Z,TLM12,STIC,20210928-20220221,HS,21059656,4650,13.75,5.269335727999999,1,poor,NA
AIMS,2021-12-11T08:00:00Z,TLM12,STIC,20210928-20220221,HS,21059656,4650,13.75,5.269335727999999,1,poor,NA
AIMS,2021-12-11T08:15:00Z,TLM12,STIC,20210928-20220221,HS,21059656,4650,13.846,5.269335727999999,1,poor,NA
AIMS,2021-12-11T08:30:00Z,TLM12,STIC,20210928-20220221,HS,21059656,4650,13.846,5.269335727999999,1,poor,NA
AIMS,2021-12-11T08:45:00Z,TLM12,STIC,20210928-20220221,HS,21059656,4650,13.846,5.269335727999999,1,poor,NA
AIMS,2021-12-11T09:00:00Z,TLM12,STIC,20210928-20220221,HS,21059656,4650,13.846,5.269335727999999,1,poor,NA
AIMS,2021-12-11T09:15:00Z,TLM12,STIC,20210928-20220221,HS,21059656,4650,13.846,5.269335727999999,1,poor,NA
AIMS,2021-12-11T09:30:00Z,TLM12,STIC,20210928-20220221,HS,21059656,4650,13.846,5.269335727999999,1,poor,NA
AIMS,2021-12-11T09:45:00Z,TLM12,STIC,20210928-20220221,HS,21059656,4650,13.846,5.269335727999999,1,poor,NA
AIMS,2021-12-11T10:00:00Z,TLM12,STIC,20210928-20220221,HS,21059656,4650,13.846,5.269335727999999,1,poor,NA
AIMS,2021-12-11T10:15:00Z,TLM12,STIC,20210928-20220221,HS,21059656,4650,13.846,5.269335727999999,1,poor,NA
AIMS,2021-12-11T10:30:00Z,TLM12,STIC,20210928-20220221,HS,21059656,4650,13.942,5.269335727999999,1,poor,NA
AIMS,2021-12-11T10:45:00Z,TLM12,STIC,20210928-20220221,HS,21059656,4650,13.942,5.269335727999999,1,poor,NA
AIMS,2021-12-11T11:00:00Z,TLM12,STIC,20210928-20220221,HS,21059656,4650,13.942,5.269335727999999,1,poor,NA
AIMS,2021-12-11T11:15:00Z,TLM12,STIC,20210928-20220221,HS,21059656,4650,13.942,5.269335727999999,1,poor,NA
AIMS,2021-12-11T11:30:00Z,TLM12,STIC,20210928-20220221,HS,21059656,4650,13.942,5.269335727999999,1,poor,NA
AIMS,2021-12-11T11:45:00Z,TLM12,STIC,20210928-20220221,HS,21059656,4650,13.942,5.269335727999999,1,poor,NA
AIMS,2021-12-11T12:00:00Z,TLM12,STIC,20210928-20220221,HS,21059656,4650,14.038,5.269335727999999,1,poor,NA
AIMS,2021-12-11T12:15:00Z,TLM12,STIC,20210928-20220221,HS,21059656,4650,14.038,5.269335727999999,1,poor,NA
AIMS,2021-12-11T12:30:00Z,TLM12,STIC,20210928-20220221,HS,21059656,4650,14.038,5.269335727999999,1,poor,NA
AIMS,2021-12-11T12:45:00Z,TLM12,STIC,20210928-20220221,HS,21059656,4650,14.038,5.269335727999999,1,poor,NA
AIMS,2021-12-11T13:00:00Z,TLM12,STIC,20210928-20220221,HS,21059656,4650,14.038,5.269335727999999,1,poor,NA
AIMS,2021-12-11T13:15:00Z,TLM12,STIC,20210928-20220221,HS,21059656,4650,14.038,5.269335727999999,1,poor,NA
AIMS,2021-12-11T13:30:00Z,TLM12,STIC,20210928-20220221,HS,21059656,4650,14.134,5.269335727999999,1,poor,NA
AIMS,2021-12-11T13:45:00Z,TLM12,STIC,20210928-20220221,HS,21059656,4650,14.134,5.269335727999999,1,poor,NA
AIMS,2021-12-11T14:00:00Z,TLM12,STIC,20210928-20220221,HS,21059656,4650,14.134,5.269335727999999,1,poor,NA
AIMS,2021-12-11T14:15:00Z,TLM12,STIC,20210928-20220221,HS,21059656,4650,14.134,5.269335727999999,1,poor,NA
AIMS,2021-12-11T14:30:00Z,TLM12,STIC,20210928-20220221,HS,21059656,4650,14.134,5.269335727999999,1,poor,NA
AIMS,2021-12-11T14:45:00Z,TLM12,STIC,20210928-20220221,HS,21059656,4650,14.23,5.269335727999999,1,poor,NA
AIMS,2021-12-11T15:00:00Z,TLM12,STIC,20210928-20220221,HS,21059656,4650,14.23,5.269335727999999,1,poor,NA
AIMS,2021-12-11T15:15:00Z,TLM12,STIC,20210928-20220221,HS,21059656,4650,14.23,5.269335727999999,1,poor,NA
AIMS,2021-12-11T15:30:00Z,TLM12,STIC,20210928-20220221,HS,21059656,4650,14.325,5.269335727999999,1,poor,NA
AIMS,2021-12-11T15:45:00Z,TLM12,STIC,20210928-20220221,HS,21059656,4650,14.325,5.269335727999999,1,poor,NA
AIMS,2021-12-11T16:00:00Z,TLM12,STIC,20210928-20220221,HS,21059656,4650,14.421,5.269335727999999,1,poor,NA
AIMS,2021-12-11T16:15:00Z,TLM12,STIC,20210928-20220221,HS,21059656,4650,14.517,5.269335727999999,1,poor,NA
AIMS,2021-12-11T16:30:00Z,TLM12,STIC,20210928-20220221,HS,21059656,4650,14.613,5.269335727999999,1,poor,NA
AIMS,2021-12-11T16:45:00Z,TLM12,STIC,20210928-20220221,HS,21059656,4650,14.613,5.269335727999999,1,poor,NA
AIMS,2021-12-11T17:00:00Z,TLM12,STIC,20210928-20220221,HS,21059656,4650,14.709,5.269335727999999,1,poor,NA
AIMS,2021-12-11T17:15:00Z,TLM12,STIC,20210928-20220221,HS,21059656,4650,14.804,5.269335727999999,1,poor,NA
AIMS,2021-12-11T17:30:00Z,TLM12,STIC,20210928-20220221,HS,21059656,4650,14.9,5.269335727999999,1,poor,NA
AIMS,2021-12-11T17:45:00Z,TLM12,STIC,20210928-20220221,HS,21059656,4650,14.9,5.269335727999999,1,poor,NA
AIMS,2021-12-11T18:00:00Z,TLM12,STIC,20210928-20220221,HS,21059656,4650,14.996,5.269335727999999,1,poor,NA
AIMS,2021-12-11T18:15:00Z,TLM12,STIC,20210928-20220221,HS,21059656,4650,15.091,5.269335727999999,1,poor,NA
AIMS,2021-12-11T18:30:00Z,TLM12,STIC,20210928-20220221,HS,21059656,4650,15.091,5.269335727999999,1,poor,NA
AIMS,2021-12-11T18:45:00Z,TLM12,STIC,20210928-20220221,HS,21059656,4650,15.091,5.269335727999999,1,poor,NA
AIMS,2021-12-11T19:00:00Z,TLM12,STIC,20210928-20220221,HS,21059656,4822.3,14.996,5.7469025671,1,poor,NA
AIMS,2021-12-11T19:15:00Z,TLM12,STIC,20210928-20220221,HS,21059656,4822.3,14.996,5.7469025671,1,poor,NA
AIMS,2021-12-11T19:30:00Z,TLM12,STIC,20210928-20220221,HS,21059656,4822.3,14.9,5.7469025671,1,poor,NA
AIMS,2021-12-11T19:45:00Z,TLM12,STIC,20210928-20220221,HS,21059656,4822.3,14.804,5.7469025671,1,poor,NA
AIMS,2021-12-11T20:00:00Z,TLM12,STIC,20210928-20220221,HS,21059656,4822.3,14.709,5.7469025671,1,poor,NA
AIMS,2021-12-11T20:15:00Z,TLM12,STIC,20210928-20220221,HS,21059656,4994.5,14.613,6.224192234499999,1,poor,NA
AIMS,2021-12-11T20:30:00Z,TLM12,STIC,20210928-20220221,HS,21059656,4994.5,14.613,6.224192234499999,1,poor,NA
AIMS,2021-12-11T20:45:00Z,TLM12,STIC,20210928-20220221,HS,21059656,4994.5,14.517,6.224192234499999,1,poor,NA
AIMS,2021-12-11T21:00:00Z,TLM12,STIC,20210928-20220221,HS,21059656,5166.7,14.517,6.7014819018999985,1,poor,NA
AIMS,2021-12-11T21:15:00Z,TLM12,STIC,20210928-20220221,HS,21059656,5166.7,14.517,6.7014819018999985,1,poor,NA
AIMS,2021-12-11T21:30:00Z,TLM12,STIC,20210928-20220221,HS,21059656,5166.7,14.421,6.7014819018999985,1,poor,NA
AIMS,2021-12-11T21:45:00Z,TLM12,STIC,20210928-20220221,HS,21059656,5166.7,14.421,6.7014819018999985,1,poor,NA
AIMS,2021-12-11T22:00:00Z,TLM12,STIC,20210928-20220221,HS,21059656,5166.7,14.325,6.7014819018999985,1,poor,NA
AIMS,2021-12-11T22:15:00Z,TLM12,STIC,20210928-20220221,HS,21059656,5166.7,14.325,6.7014819018999985,1,poor,NA
AIMS,2021-12-11T22:30:00Z,TLM12,STIC,20210928-20220221,HS,21059656,5338.9,14.23,7.178771569299999,1,poor,NA
AIMS,2021-12-11T22:45:00Z,TLM12,STIC,20210928-20220221,HS,21059656,5338.9,14.23,7.178771569299999,1,poor,NA
AIMS,2021-12-11T23:00:00Z,TLM12,STIC,20210928-20220221,HS,21059656,5338.9,14.134,7.178771569299999,1,poor,NA
AIMS,2021-12-11T23:15:00Z,TLM12,STIC,20210928-20220221,HS,21059656,5338.9,14.134,7.178771569299999,1,poor,NA
AIMS,2021-12-11T23:30:00Z,TLM12,STIC,20210928-20220221,HS,21059656,5338.9,14.038,7.178771569299999,1,poor,NA
AIMS,2021-12-11T23:45:00Z,TLM12,STIC,20210928-20220221,HS,21059656,5338.9,14.038,7.178771569299999,1,poor,NA
AIMS,2021-12-12T00:00:00Z,TLM12,STIC,20210928-20220221,HS,21059656,5338.9,13.942,7.178771569299999,1,poor,NA
AIMS,2021-12-12T00:15:00Z,TLM12,STIC,20210928-20220221,HS,21059656,5338.9,13.942,7.178771569299999,1,poor,NA
AIMS,2021-12-12T00:30:00Z,TLM12,STIC,20210928-20220221,HS,21059656,5338.9,13.846,7.178771569299999,1,poor,NA
AIMS,2021-12-12T00:45:00Z,TLM12,STIC,20210928-20220221,HS,21059656,5338.9,13.846,7.178771569299999,1,poor,NA
AIMS,2021-12-12T01:00:00Z,TLM12,STIC,20210928-20220221,HS,21059656,5338.9,13.75,7.178771569299999,1,poor,NA
AIMS,2021-12-12T01:15:00Z,TLM12,STIC,20210928-20220221,HS,21059656,5338.9,13.75,7.178771569299999,1,poor,NA
AIMS,2021-12-12T01:30:00Z,TLM12,STIC,20210928-20220221,HS,21059656,5338.9,13.654,7.178771569299999,1,poor,NA
AIMS,2021-12-12T01:45:00Z,TLM12,STIC,20210928-20220221,HS,21059656,5338.9,13.654,7.178771569299999,1,poor,NA
AIMS,2021-12-12T02:00:00Z,TLM12,STIC,20210928-20220221,HS,21059656,5338.9,13.558,7.178771569299999,1,poor,NA
AIMS,2021-12-12T02:15:00Z,TLM12,STIC,20210928-20220221,HS,21059656,5338.9,13.558,7.178771569299999,1,poor,NA
AIMS,2021-12-12T02:30:00Z,TLM12,STIC,20210928-20220221,HS,21059656,5338.9,13.461,7.178771569299999,1,poor,NA
AIMS,2021-12-12T02:45:00Z,TLM12,STIC,20210928-20220221,HS,21059656,5338.9,13.461,7.178771569299999,1,poor,NA
AIMS,2021-12-12T03:00:00Z,TLM12,STIC,20210928-20220221,HS,21059656,5338.9,13.461,7.178771569299999,1,poor,NA
AIMS,2021-12-12T03:15:00Z,TLM12,STIC,20210928-20220221,HS,21059656,5338.9,13.365,7.178771569299999,1,poor,NA
AIMS,2021-12-12T03:30:00Z,TLM12,STIC,20210928-20220221,HS,21059656,5338.9,13.365,7.178771569299999,1,poor,NA
AIMS,2021-12-12T03:45:00Z,TLM12,STIC,20210928-20220221,HS,21059656,5338.9,13.269,7.178771569299999,1,poor,NA
AIMS,2021-12-12T04:00:00Z,TLM12,STIC,20210928-20220221,HS,21059656,5338.9,13.269,7.178771569299999,1,poor,NA
AIMS,2021-12-12T04:15:00Z,TLM12,STIC,20210928-20220221,HS,21059656,5338.9,13.269,7.178771569299999,1,poor,NA
AIMS,2021-12-12T04:30:00Z,TLM12,STIC,20210928-20220221,HS,21059656,5166.7,13.173,6.7014819018999985,1,poor,NA
AIMS,2021-12-12T04:45:00Z,TLM12,STIC,20210928-20220221,HS,21059656,5166.7,13.173,6.7014819018999985,1,poor,NA
AIMS,2021-12-12T05:00:00Z,TLM12,STIC,20210928-20220221,HS,21059656,5166.7,13.173,6.7014819018999985,1,poor,NA
AIMS,2021-12-12T05:15:00Z,TLM12,STIC,20210928-20220221,HS,21059656,5166.7,13.076,6.7014819018999985,1,poor,NA
AIMS,2021-12-12T05:30:00Z,TLM12,STIC,20210928-20220221,HS,21059656,5166.7,13.076,6.7014819018999985,1,poor,NA
AIMS,2021-12-12T05:45:00Z,TLM12,STIC,20210928-20220221,HS,21059656,5166.7,12.98,6.7014819018999985,1,poor,NA
AIMS,2021-12-12T06:00:00Z,TLM12,STIC,20210928-20220221,HS,21059656,5166.7,12.98,6.7014819018999985,1,poor,NA
AIMS,2021-12-12T06:15:00Z,TLM12,STIC,20210928-20220221,HS,21059656,5166.7,12.883,6.7014819018999985,1,poor,NA
AIMS,2021-12-12T06:30:00Z,TLM12,STIC,20210928-20220221,HS,21059656,5166.7,12.883,6.7014819018999985,1,poor,NA
AIMS,2021-12-12T06:45:00Z,TLM12,STIC,20210928-20220221,HS,21059656,5166.7,12.787,6.7014819018999985,1,poor,NA
AIMS,2021-12-12T07:00:00Z,TLM12,STIC,20210928-20220221,HS,21059656,5166.7,12.69,6.7014819018999985,1,poor,NA
AIMS,2021-12-12T07:15:00Z,TLM12,STIC,20210928-20220221,HS,21059656,5166.7,12.69,6.7014819018999985,1,poor,NA
AIMS,2021-12-12T07:30:00Z,TLM12,STIC,20210928-20220221,HS,21059656,5166.7,12.69,6.7014819018999985,1,poor,NA
AIMS,2021-12-12T07:45:00Z,TLM12,STIC,20210928-20220221,HS,21059656,5166.7,12.594,6.7014819018999985,1,poor,NA
AIMS,2021-12-12T08:00:00Z,TLM12,STIC,20210928-20220221,HS,21059656,5166.7,12.594,6.7014819018999985,1,poor,NA
AIMS,2021-12-12T08:15:00Z,TLM12,STIC,20210928-20220221,HS,21059656,5166.7,12.497,6.7014819018999985,1,poor,NA
AIMS,2021-12-12T08:30:00Z,TLM12,STIC,20210928-20220221,HS,21059656,5166.7,12.497,6.7014819018999985,1,poor,NA
AIMS,2021-12-12T08:45:00Z,TLM12,STIC,20210928-20220221,HS,21059656,5166.7,12.401,6.7014819018999985,1,poor,NA
AIMS,2021-12-12T09:00:00Z,TLM12,STIC,20210928-20220221,HS,21059656,5166.7,12.401,6.7014819018999985,1,poor,NA
AIMS,2021-12-12T09:15:00Z,TLM12,STIC,20210928-20220221,HS,21059656,5166.7,12.304,6.7014819018999985,1,poor,NA
AIMS,2021-12-12T09:30:00Z,TLM12,STIC,20210928-20220221,HS,21059656,5166.7,12.207,6.7014819018999985,1,poor,NA
AIMS,2021-12-12T09:45:00Z,TLM12,STIC,20210928-20220221,HS,21059656,5166.7,12.207,6.7014819018999985,1,poor,NA
AIMS,2021-12-12T10:00:00Z,TLM12,STIC,20210928-20220221,HS,21059656,5166.7,12.11,6.7014819018999985,1,poor,NA
AIMS,2021-12-12T10:15:00Z,TLM12,STIC,20210928-20220221,HS,21059656,5166.7,12.013,6.7014819018999985,1,poor,NA
AIMS,2021-12-12T10:30:00Z,TLM12,STIC,20210928-20220221,HS,21059656,5166.7,11.916,6.7014819018999985,1,poor,NA
AIMS,2021-12-12T10:45:00Z,TLM12,STIC,20210928-20220221,HS,21059656,5166.7,11.916,6.7014819018999985,1,poor,NA
AIMS,2021-12-12T11:00:00Z,TLM12,STIC,20210928-20220221,HS,21059656,5166.7,11.819,6.7014819018999985,1,poor,NA
AIMS,2021-12-12T11:15:00Z,TLM12,STIC,20210928-20220221,HS,21059656,5166.7,11.819,6.7014819018999985,1,poor,NA
AIMS,2021-12-12T11:30:00Z,TLM12,STIC,20210928-20220221,HS,21059656,5166.7,11.722,6.7014819018999985,1,poor,NA
AIMS,2021-12-12T11:45:00Z,TLM12,STIC,20210928-20220221,HS,21059656,5166.7,11.625,6.7014819018999985,1,poor,NA
AIMS,2021-12-12T12:00:00Z,TLM12,STIC,20210928-20220221,HS,21059656,5166.7,11.625,6.7014819018999985,1,poor,NA
AIMS,2021-12-12T12:15:00Z,TLM12,STIC,20210928-20220221,HS,21059656,5166.7,11.528,6.7014819018999985,1,poor,NA
AIMS,2021-12-12T12:30:00Z,TLM12,STIC,20210928-20220221,HS,21059656,5166.7,11.528,6.7014819018999985,1,poor,NA
AIMS,2021-12-12T12:45:00Z,TLM12,STIC,20210928-20220221,HS,21059656,5166.7,11.431,6.7014819018999985,1,poor,NA
AIMS,2021-12-12T13:00:00Z,TLM12,STIC,20210928-20220221,HS,21059656,5166.7,11.431,6.7014819018999985,1,poor,NA
AIMS,2021-12-12T13:15:00Z,TLM12,STIC,20210928-20220221,HS,21059656,5166.7,11.334,6.7014819018999985,1,poor,NA
AIMS,2021-12-12T13:30:00Z,TLM12,STIC,20210928-20220221,HS,21059656,5166.7,11.236,6.7014819018999985,1,poor,NA
AIMS,2021-12-12T13:45:00Z,TLM12,STIC,20210928-20220221,HS,21059656,5166.7,11.236,6.7014819018999985,1,poor,NA
AIMS,2021-12-12T14:00:00Z,TLM12,STIC,20210928-20220221,HS,21059656,5166.7,11.236,6.7014819018999985,1,poor,NA
AIMS,2021-12-12T14:15:00Z,TLM12,STIC,20210928-20220221,HS,21059656,5166.7,11.139,6.7014819018999985,1,poor,NA
AIMS,2021-12-12T14:30:00Z,TLM12,STIC,20210928-20220221,HS,21059656,5166.7,11.139,6.7014819018999985,1,poor,NA
AIMS,2021-12-12T14:45:00Z,TLM12,STIC,20210928-20220221,HS,21059656,5166.7,11.041,6.7014819018999985,1,poor,NA
AIMS,2021-12-12T15:00:00Z,TLM12,STIC,20210928-20220221,HS,21059656,5166.7,11.041,6.7014819018999985,1,poor,NA
AIMS,2021-12-12T15:15:00Z,TLM12,STIC,20210928-20220221,HS,21059656,5166.7,10.944,6.7014819018999985,1,poor,NA
AIMS,2021-12-12T15:30:00Z,TLM12,STIC,20210928-20220221,HS,21059656,5166.7,10.944,6.7014819018999985,1,poor,NA
AIMS,2021-12-12T15:45:00Z,TLM12,STIC,20210928-20220221,HS,21059656,5166.7,10.944,6.7014819018999985,1,poor,NA
AIMS,2021-12-12T16:00:00Z,TLM12,STIC,20210928-20220221,HS,21059656,5166.7,10.944,6.7014819018999985,1,poor,NA
AIMS,2021-12-12T16:15:00Z,TLM12,STIC,20210928-20220221,HS,21059656,5166.7,10.944,6.7014819018999985,1,poor,NA
AIMS,2021-12-12T16:30:00Z,TLM12,STIC,20210928-20220221,HS,21059656,5166.7,10.944,6.7014819018999985,1,poor,NA
AIMS,2021-12-12T16:45:00Z,TLM12,STIC,20210928-20220221,HS,21059656,5166.7,10.944,6.7014819018999985,1,poor,NA
AIMS,2021-12-12T17:00:00Z,TLM12,STIC,20210928-20220221,HS,21059656,5166.7,10.944,6.7014819018999985,1,poor,NA
AIMS,2021-12-12T17:15:00Z,TLM12,STIC,20210928-20220221,HS,21059656,5166.7,11.041,6.7014819018999985,1,poor,NA
AIMS,2021-12-12T17:30:00Z,TLM12,STIC,20210928-20220221,HS,21059656,5166.7,11.041,6.7014819018999985,1,poor,NA
AIMS,2021-12-12T17:45:00Z,TLM12,STIC,20210928-20220221,HS,21059656,5166.7,11.139,6.7014819018999985,1,poor,NA
AIMS,2021-12-12T18:00:00Z,TLM12,STIC,20210928-20220221,HS,21059656,5166.7,11.236,6.7014819018999985,1,poor,NA
AIMS,2021-12-12T18:15:00Z,TLM12,STIC,20210928-20220221,HS,21059656,5166.7,11.334,6.7014819018999985,1,poor,NA
AIMS,2021-12-12T18:30:00Z,TLM12,STIC,20210928-20220221,HS,21059656,5166.7,11.431,6.7014819018999985,1,poor,NA
AIMS,2021-12-12T18:45:00Z,TLM12,STIC,20210928-20220221,HS,21059656,5166.7,11.528,6.7014819018999985,1,poor,NA
AIMS,2021-12-12T19:00:00Z,TLM12,STIC,20210928-20220221,HS,21059656,5166.7,11.625,6.7014819018999985,1,poor,NA
AIMS,2021-12-12T19:15:00Z,TLM12,STIC,20210928-20220221,HS,21059656,5166.7,11.722,6.7014819018999985,1,poor,NA
AIMS,2021-12-12T19:30:00Z,TLM12,STIC,20210928-20220221,HS,21059656,5166.7,11.819,6.7014819018999985,1,poor,NA
AIMS,2021-12-12T19:45:00Z,TLM12,STIC,20210928-20220221,HS,21059656,5166.7,11.916,6.7014819018999985,1,poor,NA
AIMS,2021-12-12T20:00:00Z,TLM12,STIC,20210928-20220221,HS,21059656,5166.7,12.013,6.7014819018999985,1,poor,NA
AIMS,2021-12-12T20:15:00Z,TLM12,STIC,20210928-20220221,HS,21059656,5166.7,12.11,6.7014819018999985,1,poor,NA
AIMS,2021-12-12T20:30:00Z,TLM12,STIC,20210928-20220221,HS,21059656,5166.7,12.11,6.7014819018999985,1,poor,NA
AIMS,2021-12-12T20:45:00Z,TLM12,STIC,20210928-20220221,HS,21059656,5166.7,12.207,6.7014819018999985,1,poor,NA
AIMS,2021-12-12T21:00:00Z,TLM12,STIC,20210928-20220221,HS,21059656,5166.7,12.304,6.7014819018999985,1,poor,NA
AIMS,2021-12-12T21:15:00Z,TLM12,STIC,20210928-20220221,HS,21059656,5166.7,12.304,6.7014819018999985,1,poor,NA
AIMS,2021-12-12T21:30:00Z,TLM12,STIC,20210928-20220221,HS,21059656,5166.7,12.304,6.7014819018999985,1,poor,NA
AIMS,2021-12-12T21:45:00Z,TLM12,STIC,20210928-20220221,HS,21059656,5166.7,12.304,6.7014819018999985,1,poor,NA
AIMS,2021-12-12T22:00:00Z,TLM12,STIC,20210928-20220221,HS,21059656,5166.7,12.401,6.7014819018999985,1,poor,NA
AIMS,2021-12-12T22:15:00Z,TLM12,STIC,20210928-20220221,HS,21059656,5166.7,12.401,6.7014819018999985,1,poor,NA
AIMS,2021-12-12T22:30:00Z,TLM12,STIC,20210928-20220221,HS,21059656,5166.7,12.304,6.7014819018999985,1,poor,NA
AIMS,2021-12-12T22:45:00Z,TLM12,STIC,20210928-20220221,HS,21059656,5166.7,12.304,6.7014819018999985,1,poor,NA
AIMS,2021-12-12T23:00:00Z,TLM12,STIC,20210928-20220221,HS,21059656,5166.7,12.304,6.7014819018999985,1,poor,NA
AIMS,2021-12-12T23:15:00Z,TLM12,STIC,20210928-20220221,HS,21059656,5166.7,12.207,6.7014819018999985,1,poor,NA
AIMS,2021-12-12T23:30:00Z,TLM12,STIC,20210928-20220221,HS,21059656,5166.7,12.207,6.7014819018999985,1,poor,NA
AIMS,2021-12-12T23:45:00Z,TLM12,STIC,20210928-20220221,HS,21059656,5166.7,12.11,6.7014819018999985,1,poor,NA
AIMS,2021-12-13T00:00:00Z,TLM12,STIC,20210928-20220221,HS,21059656,5166.7,12.11,6.7014819018999985,1,poor,NA
AIMS,2021-12-13T00:15:00Z,TLM12,STIC,20210928-20220221,HS,21059656,5166.7,12.013,6.7014819018999985,1,poor,NA
AIMS,2021-12-13T00:30:00Z,TLM12,STIC,20210928-20220221,HS,21059656,5166.7,11.916,6.7014819018999985,1,poor,NA
AIMS,2021-12-13T00:45:00Z,TLM12,STIC,20210928-20220221,HS,21059656,5166.7,11.819,6.7014819018999985,1,poor,NA
AIMS,2021-12-13T01:00:00Z,TLM12,STIC,20210928-20220221,HS,21059656,5166.7,11.722,6.7014819018999985,1,poor,NA
AIMS,2021-12-13T01:15:00Z,TLM12,STIC,20210928-20220221,HS,21059656,5166.7,11.722,6.7014819018999985,1,poor,NA
AIMS,2021-12-13T01:30:00Z,TLM12,STIC,20210928-20220221,HS,21059656,5166.7,11.625,6.7014819018999985,1,poor,NA
AIMS,2021-12-13T01:45:00Z,TLM12,STIC,20210928-20220221,HS,21059656,5166.7,11.528,6.7014819018999985,1,poor,NA
AIMS,2021-12-13T02:00:00Z,TLM12,STIC,20210928-20220221,HS,21059656,5166.7,11.431,6.7014819018999985,1,poor,NA
AIMS,2021-12-13T02:15:00Z,TLM12,STIC,20210928-20220221,HS,21059656,5166.7,11.431,6.7014819018999985,1,poor,NA
AIMS,2021-12-13T02:30:00Z,TLM12,STIC,20210928-20220221,HS,21059656,5166.7,11.334,6.7014819018999985,1,poor,NA
AIMS,2021-12-13T02:45:00Z,TLM12,STIC,20210928-20220221,HS,21059656,5166.7,11.236,6.7014819018999985,1,poor,NA
AIMS,2021-12-13T03:00:00Z,TLM12,STIC,20210928-20220221,HS,21059656,5166.7,11.139,6.7014819018999985,1,poor,NA
AIMS,2021-12-13T03:15:00Z,TLM12,STIC,20210928-20220221,HS,21059656,5166.7,11.139,6.7014819018999985,1,poor,NA
AIMS,2021-12-13T03:30:00Z,TLM12,STIC,20210928-20220221,HS,21059656,5166.7,11.041,6.7014819018999985,1,poor,NA
AIMS,2021-12-13T03:45:00Z,TLM12,STIC,20210928-20220221,HS,21059656,5166.7,10.944,6.7014819018999985,1,poor,NA
AIMS,2021-12-13T04:00:00Z,TLM12,STIC,20210928-20220221,HS,21059656,5166.7,10.944,6.7014819018999985,1,poor,NA
AIMS,2021-12-13T04:15:00Z,TLM12,STIC,20210928-20220221,HS,21059656,5166.7,10.846,6.7014819018999985,1,poor,NA
AIMS,2021-12-13T04:30:00Z,TLM12,STIC,20210928-20220221,HS,21059656,5166.7,10.748,6.7014819018999985,1,poor,NA
AIMS,2021-12-13T04:45:00Z,TLM12,STIC,20210928-20220221,HS,21059656,5166.7,10.748,6.7014819018999985,1,poor,NA
AIMS,2021-12-13T05:00:00Z,TLM12,STIC,20210928-20220221,HS,21059656,5166.7,10.651,6.7014819018999985,1,poor,NA
AIMS,2021-12-13T05:15:00Z,TLM12,STIC,20210928-20220221,HS,21059656,5166.7,10.651,6.7014819018999985,1,poor,NA
AIMS,2021-12-13T05:30:00Z,TLM12,STIC,20210928-20220221,HS,21059656,5166.7,10.553,6.7014819018999985,1,poor,NA
AIMS,2021-12-13T05:45:00Z,TLM12,STIC,20210928-20220221,HS,21059656,5166.7,10.553,6.7014819018999985,1,poor,NA
AIMS,2021-12-13T06:00:00Z,TLM12,STIC,20210928-20220221,HS,21059656,4994.5,10.455,6.224192234499999,1,poor,NA
AIMS,2021-12-13T06:15:00Z,TLM12,STIC,20210928-20220221,HS,21059656,4994.5,10.455,6.224192234499999,1,poor,NA
AIMS,2021-12-13T06:30:00Z,TLM12,STIC,20210928-20220221,HS,21059656,4994.5,10.357,6.224192234499999,1,poor,NA
AIMS,2021-12-13T06:45:00Z,TLM12,STIC,20210928-20220221,HS,21059656,4994.5,10.357,6.224192234499999,1,poor,NA
AIMS,2021-12-13T07:00:00Z,TLM12,STIC,20210928-20220221,HS,21059656,4994.5,10.357,6.224192234499999,1,poor,NA
AIMS,2021-12-13T07:15:00Z,TLM12,STIC,20210928-20220221,HS,21059656,4994.5,10.259,6.224192234499999,1,poor,NA
AIMS,2021-12-13T07:30:00Z,TLM12,STIC,20210928-20220221,HS,21059656,4994.5,10.259,6.224192234499999,1,poor,NA
AIMS,2021-12-13T07:45:00Z,TLM12,STIC,20210928-20220221,HS,21059656,4994.5,10.161,6.224192234499999,1,poor,NA
AIMS,2021-12-13T08:00:00Z,TLM12,STIC,20210928-20220221,HS,21059656,4994.5,10.161,6.224192234499999,1,poor,NA
AIMS,2021-12-13T08:15:00Z,TLM12,STIC,20210928-20220221,HS,21059656,4994.5,10.161,6.224192234499999,1,poor,NA
AIMS,2021-12-13T08:30:00Z,TLM12,STIC,20210928-20220221,HS,21059656,4994.5,10.063,6.224192234499999,1,poor,NA
AIMS,2021-12-13T08:45:00Z,TLM12,STIC,20210928-20220221,HS,21059656,4994.5,10.063,6.224192234499999,1,poor,NA
AIMS,2021-12-13T09:00:00Z,TLM12,STIC,20210928-20220221,HS,21059656,4994.5,9.965,6.224192234499999,1,poor,NA
AIMS,2021-12-13T09:15:00Z,TLM12,STIC,20210928-20220221,HS,21059656,4994.5,9.965,6.224192234499999,1,poor,NA
AIMS,2021-12-13T09:30:00Z,TLM12,STIC,20210928-20220221,HS,21059656,4994.5,9.965,6.224192234499999,1,poor,NA
AIMS,2021-12-13T09:45:00Z,TLM12,STIC,20210928-20220221,HS,21059656,4994.5,9.965,6.224192234499999,1,poor,NA
AIMS,2021-12-13T10:00:00Z,TLM12,STIC,20210928-20220221,HS,21059656,4994.5,9.866,6.224192234499999,1,poor,NA
AIMS,2021-12-13T10:15:00Z,TLM12,STIC,20210928-20220221,HS,21059656,4994.5,9.866,6.224192234499999,1,poor,NA
AIMS,2021-12-13T10:30:00Z,TLM12,STIC,20210928-20220221,HS,21059656,4994.5,9.866,6.224192234499999,1,poor,NA
AIMS,2021-12-13T10:45:00Z,TLM12,STIC,20210928-20220221,HS,21059656,4994.5,9.866,6.224192234499999,1,poor,NA
AIMS,2021-12-13T11:00:00Z,TLM12,STIC,20210928-20220221,HS,21059656,4994.5,9.768,6.224192234499999,1,poor,NA
AIMS,2021-12-13T11:15:00Z,TLM12,STIC,20210928-20220221,HS,21059656,4994.5,9.768,6.224192234499999,1,poor,NA
AIMS,2021-12-13T11:30:00Z,TLM12,STIC,20210928-20220221,HS,21059656,4994.5,9.768,6.224192234499999,1,poor,NA
AIMS,2021-12-13T11:45:00Z,TLM12,STIC,20210928-20220221,HS,21059656,4994.5,9.669,6.224192234499999,1,poor,NA
AIMS,2021-12-13T12:00:00Z,TLM12,STIC,20210928-20220221,HS,21059656,4994.5,9.669,6.224192234499999,1,poor,NA
AIMS,2021-12-13T12:15:00Z,TLM12,STIC,20210928-20220221,HS,21059656,4994.5,9.669,6.224192234499999,1,poor,NA
AIMS,2021-12-13T12:30:00Z,TLM12,STIC,20210928-20220221,HS,21059656,4994.5,9.571,6.224192234499999,1,poor,NA
AIMS,2021-12-13T12:45:00Z,TLM12,STIC,20210928-20220221,HS,21059656,4994.5,9.571,6.224192234499999,1,poor,NA
AIMS,2021-12-13T13:00:00Z,TLM12,STIC,20210928-20220221,HS,21059656,4994.5,9.571,6.224192234499999,1,poor,NA
AIMS,2021-12-13T13:15:00Z,TLM12,STIC,20210928-20220221,HS,21059656,4994.5,9.571,6.224192234499999,1,poor,NA
AIMS,2021-12-13T13:30:00Z,TLM12,STIC,20210928-20220221,HS,21059656,4994.5,9.472,6.224192234499999,1,poor,NA
AIMS,2021-12-13T13:45:00Z,TLM12,STIC,20210928-20220221,HS,21059656,4994.5,9.472,6.224192234499999,1,poor,NA
AIMS,2021-12-13T14:00:00Z,TLM12,STIC,20210928-20220221,HS,21059656,4994.5,9.472,6.224192234499999,1,poor,NA
AIMS,2021-12-13T14:15:00Z,TLM12,STIC,20210928-20220221,HS,21059656,4994.5,9.373,6.224192234499999,1,poor,NA
AIMS,2021-12-13T14:30:00Z,TLM12,STIC,20210928-20220221,HS,21059656,4994.5,9.373,6.224192234499999,1,poor,NA
AIMS,2021-12-13T14:45:00Z,TLM12,STIC,20210928-20220221,HS,21059656,4994.5,9.373,6.224192234499999,1,poor,NA
AIMS,2021-12-13T15:00:00Z,TLM12,STIC,20210928-20220221,HS,21059656,4994.5,9.373,6.224192234499999,1,poor,NA
AIMS,2021-12-13T15:15:00Z,TLM12,STIC,20210928-20220221,HS,21059656,4994.5,9.373,6.224192234499999,1,poor,NA
AIMS,2021-12-13T15:30:00Z,TLM12,STIC,20210928-20220221,HS,21059656,4994.5,9.373,6.224192234499999,1,poor,NA
AIMS,2021-12-13T15:45:00Z,TLM12,STIC,20210928-20220221,HS,21059656,4994.5,9.373,6.224192234499999,1,poor,NA
AIMS,2021-12-13T16:00:00Z,TLM12,STIC,20210928-20220221,HS,21059656,4994.5,9.373,6.224192234499999,1,poor,NA
AIMS,2021-12-13T16:15:00Z,TLM12,STIC,20210928-20220221,HS,21059656,4994.5,9.472,6.224192234499999,1,poor,NA
AIMS,2021-12-13T16:30:00Z,TLM12,STIC,20210928-20220221,HS,21059656,4994.5,9.472,6.224192234499999,1,poor,NA
AIMS,2021-12-13T16:45:00Z,TLM12,STIC,20210928-20220221,HS,21059656,4994.5,9.571,6.224192234499999,1,poor,NA
AIMS,2021-12-13T17:00:00Z,TLM12,STIC,20210928-20220221,HS,21059656,4994.5,9.669,6.224192234499999,1,poor,NA
AIMS,2021-12-13T17:15:00Z,TLM12,STIC,20210928-20220221,HS,21059656,4994.5,9.768,6.224192234499999,1,poor,NA
AIMS,2021-12-13T17:30:00Z,TLM12,STIC,20210928-20220221,HS,21059656,4994.5,9.866,6.224192234499999,1,poor,NA
AIMS,2021-12-13T17:45:00Z,TLM12,STIC,20210928-20220221,HS,21059656,4994.5,10.063,6.224192234499999,1,poor,NA
AIMS,2021-12-13T18:00:00Z,TLM12,STIC,20210928-20220221,HS,21059656,4994.5,10.161,6.224192234499999,1,poor,NA
AIMS,2021-12-13T18:15:00Z,TLM12,STIC,20210928-20220221,HS,21059656,4994.5,10.259,6.224192234499999,1,poor,NA
AIMS,2021-12-13T18:30:00Z,TLM12,STIC,20210928-20220221,HS,21059656,4994.5,10.455,6.224192234499999,1,poor,NA
AIMS,2021-12-13T18:45:00Z,TLM12,STIC,20210928-20220221,HS,21059656,4994.5,10.651,6.224192234499999,1,poor,NA
AIMS,2021-12-13T19:00:00Z,TLM12,STIC,20210928-20220221,HS,21059656,4994.5,10.748,6.224192234499999,1,poor,NA
AIMS,2021-12-13T19:15:00Z,TLM12,STIC,20210928-20220221,HS,21059656,5166.7,10.944,6.7014819018999985,1,poor,NA
AIMS,2021-12-13T19:30:00Z,TLM12,STIC,20210928-20220221,HS,21059656,5166.7,11.041,6.7014819018999985,1,poor,NA
AIMS,2021-12-13T19:45:00Z,TLM12,STIC,20210928-20220221,HS,21059656,5166.7,11.139,6.7014819018999985,1,poor,NA
AIMS,2021-12-13T20:00:00Z,TLM12,STIC,20210928-20220221,HS,21059656,5166.7,11.236,6.7014819018999985,1,poor,NA
AIMS,2021-12-13T20:15:00Z,TLM12,STIC,20210928-20220221,HS,21059656,5166.7,11.431,6.7014819018999985,1,poor,NA
AIMS,2021-12-13T20:30:00Z,TLM12,STIC,20210928-20220221,HS,21059656,5166.7,11.528,6.7014819018999985,1,poor,NA
AIMS,2021-12-13T20:45:00Z,TLM12,STIC,20210928-20220221,HS,21059656,5166.7,11.625,6.7014819018999985,1,poor,NA
AIMS,2021-12-13T21:00:00Z,TLM12,STIC,20210928-20220221,HS,21059656,5166.7,11.722,6.7014819018999985,1,poor,NA
AIMS,2021-12-13T21:15:00Z,TLM12,STIC,20210928-20220221,HS,21059656,5166.7,11.722,6.7014819018999985,1,poor,NA
AIMS,2021-12-13T21:30:00Z,TLM12,STIC,20210928-20220221,HS,21059656,5166.7,11.819,6.7014819018999985,1,poor,NA
AIMS,2021-12-13T21:45:00Z,TLM12,STIC,20210928-20220221,HS,21059656,5166.7,11.819,6.7014819018999985,1,poor,NA
AIMS,2021-12-13T22:00:00Z,TLM12,STIC,20210928-20220221,HS,21059656,5166.7,11.916,6.7014819018999985,1,poor,NA
AIMS,2021-12-13T22:15:00Z,TLM12,STIC,20210928-20220221,HS,21059656,5166.7,11.916,6.7014819018999985,1,poor,NA
AIMS,2021-12-13T22:30:00Z,TLM12,STIC,20210928-20220221,HS,21059656,5166.7,11.916,6.7014819018999985,1,poor,NA
AIMS,2021-12-13T22:45:00Z,TLM12,STIC,20210928-20220221,HS,21059656,5166.7,11.916,6.7014819018999985,1,poor,NA
AIMS,2021-12-13T23:00:00Z,TLM12,STIC,20210928-20220221,HS,21059656,5166.7,11.916,6.7014819018999985,1,poor,NA
AIMS,2021-12-13T23:15:00Z,TLM12,STIC,20210928-20220221,HS,21059656,5166.7,11.916,6.7014819018999985,1,poor,NA
AIMS,2021-12-13T23:30:00Z,TLM12,STIC,20210928-20220221,HS,21059656,5166.7,11.916,6.7014819018999985,1,poor,NA
AIMS,2021-12-13T23:45:00Z,TLM12,STIC,20210928-20220221,HS,21059656,5166.7,11.819,6.7014819018999985,1,poor,NA
AIMS,2021-12-14T00:00:00Z,TLM12,STIC,20210928-20220221,HS,21059656,5166.7,11.819,6.7014819018999985,1,poor,NA
AIMS,2021-12-14T00:15:00Z,TLM12,STIC,20210928-20220221,HS,21059656,5166.7,11.722,6.7014819018999985,1,poor,NA
AIMS,2021-12-14T00:30:00Z,TLM12,STIC,20210928-20220221,HS,21059656,5166.7,11.625,6.7014819018999985,1,poor,NA
AIMS,2021-12-14T00:45:00Z,TLM12,STIC,20210928-20220221,HS,21059656,5166.7,11.625,6.7014819018999985,1,poor,NA
AIMS,2021-12-14T01:00:00Z,TLM12,STIC,20210928-20220221,HS,21059656,5166.7,11.528,6.7014819018999985,1,poor,NA
AIMS,2021-12-14T01:15:00Z,TLM12,STIC,20210928-20220221,HS,21059656,5166.7,11.431,6.7014819018999985,1,poor,NA
AIMS,2021-12-14T01:30:00Z,TLM12,STIC,20210928-20220221,HS,21059656,5166.7,11.334,6.7014819018999985,1,poor,NA
AIMS,2021-12-14T01:45:00Z,TLM12,STIC,20210928-20220221,HS,21059656,5166.7,11.334,6.7014819018999985,1,poor,NA
AIMS,2021-12-14T02:00:00Z,TLM12,STIC,20210928-20220221,HS,21059656,5166.7,11.236,6.7014819018999985,1,poor,NA
AIMS,2021-12-14T02:15:00Z,TLM12,STIC,20210928-20220221,HS,21059656,5166.7,11.139,6.7014819018999985,1,poor,NA
AIMS,2021-12-14T02:30:00Z,TLM12,STIC,20210928-20220221,HS,21059656,5166.7,11.041,6.7014819018999985,1,poor,NA
AIMS,2021-12-14T02:45:00Z,TLM12,STIC,20210928-20220221,HS,21059656,5166.7,11.041,6.7014819018999985,1,poor,NA
AIMS,2021-12-14T03:00:00Z,TLM12,STIC,20210928-20220221,HS,21059656,5166.7,10.944,6.7014819018999985,1,poor,NA
AIMS,2021-12-14T03:15:00Z,TLM12,STIC,20210928-20220221,HS,21059656,5166.7,10.846,6.7014819018999985,1,poor,NA
AIMS,2021-12-14T03:30:00Z,TLM12,STIC,20210928-20220221,HS,21059656,5166.7,10.748,6.7014819018999985,1,poor,NA
AIMS,2021-12-14T03:45:00Z,TLM12,STIC,20210928-20220221,HS,21059656,5166.7,10.748,6.7014819018999985,1,poor,NA
AIMS,2021-12-14T04:00:00Z,TLM12,STIC,20210928-20220221,HS,21059656,5166.7,10.651,6.7014819018999985,1,poor,NA
AIMS,2021-12-14T04:15:00Z,TLM12,STIC,20210928-20220221,HS,21059656,5166.7,10.553,6.7014819018999985,1,poor,NA
AIMS,2021-12-14T04:30:00Z,TLM12,STIC,20210928-20220221,HS,21059656,4994.5,10.553,6.224192234499999,1,poor,NA
AIMS,2021-12-14T04:45:00Z,TLM12,STIC,20210928-20220221,HS,21059656,4994.5,10.455,6.224192234499999,1,poor,NA
AIMS,2021-12-14T05:00:00Z,TLM12,STIC,20210928-20220221,HS,21059656,4994.5,10.357,6.224192234499999,1,poor,NA
AIMS,2021-12-14T05:15:00Z,TLM12,STIC,20210928-20220221,HS,21059656,4994.5,10.357,6.224192234499999,1,poor,NA
AIMS,2021-12-14T05:30:00Z,TLM12,STIC,20210928-20220221,HS,21059656,4994.5,10.259,6.224192234499999,1,poor,NA
AIMS,2021-12-14T05:45:00Z,TLM12,STIC,20210928-20220221,HS,21059656,4994.5,10.259,6.224192234499999,1,poor,NA
AIMS,2021-12-14T06:00:00Z,TLM12,STIC,20210928-20220221,HS,21059656,4994.5,10.161,6.224192234499999,1,poor,NA
AIMS,2021-12-14T06:15:00Z,TLM12,STIC,20210928-20220221,HS,21059656,4994.5,10.063,6.224192234499999,1,poor,NA
AIMS,2021-12-14T06:30:00Z,TLM12,STIC,20210928-20220221,HS,21059656,4994.5,10.063,6.224192234499999,1,poor,NA
AIMS,2021-12-14T06:45:00Z,TLM12,STIC,20210928-20220221,HS,21059656,4994.5,9.965,6.224192234499999,1,poor,NA
AIMS,2021-12-14T07:00:00Z,TLM12,STIC,20210928-20220221,HS,21059656,4994.5,9.965,6.224192234499999,1,poor,NA
AIMS,2021-12-14T07:15:00Z,TLM12,STIC,20210928-20220221,HS,21059656,4994.5,9.866,6.224192234499999,1,poor,NA
AIMS,2021-12-14T07:30:00Z,TLM12,STIC,20210928-20220221,HS,21059656,4994.5,9.866,6.224192234499999,1,poor,NA
AIMS,2021-12-14T07:45:00Z,TLM12,STIC,20210928-20220221,HS,21059656,4994.5,9.768,6.224192234499999,1,poor,NA
AIMS,2021-12-14T08:00:00Z,TLM12,STIC,20210928-20220221,HS,21059656,4994.5,9.768,6.224192234499999,1,poor,NA
AIMS,2021-12-14T08:15:00Z,TLM12,STIC,20210928-20220221,HS,21059656,4994.5,9.669,6.224192234499999,1,poor,NA
AIMS,2021-12-14T08:30:00Z,TLM12,STIC,20210928-20220221,HS,21059656,4994.5,9.669,6.224192234499999,1,poor,NA
AIMS,2021-12-14T08:45:00Z,TLM12,STIC,20210928-20220221,HS,21059656,4994.5,9.571,6.224192234499999,1,poor,NA
AIMS,2021-12-14T09:00:00Z,TLM12,STIC,20210928-20220221,HS,21059656,4994.5,9.571,6.224192234499999,1,poor,NA
AIMS,2021-12-14T09:15:00Z,TLM12,STIC,20210928-20220221,HS,21059656,4994.5,9.472,6.224192234499999,1,poor,NA
AIMS,2021-12-14T09:30:00Z,TLM12,STIC,20210928-20220221,HS,21059656,4994.5,9.472,6.224192234499999,1,poor,NA
AIMS,2021-12-14T09:45:00Z,TLM12,STIC,20210928-20220221,HS,21059656,4994.5,9.472,6.224192234499999,1,poor,NA
AIMS,2021-12-14T10:00:00Z,TLM12,STIC,20210928-20220221,HS,21059656,4994.5,9.373,6.224192234499999,1,poor,NA
AIMS,2021-12-14T10:15:00Z,TLM12,STIC,20210928-20220221,HS,21059656,4994.5,9.373,6.224192234499999,1,poor,NA
AIMS,2021-12-14T10:30:00Z,TLM12,STIC,20210928-20220221,HS,21059656,4994.5,9.373,6.224192234499999,1,poor,NA
AIMS,2021-12-14T10:45:00Z,TLM12,STIC,20210928-20220221,HS,21059656,4994.5,9.275,6.224192234499999,1,poor,NA
AIMS,2021-12-14T11:00:00Z,TLM12,STIC,20210928-20220221,HS,21059656,4994.5,9.275,6.224192234499999,1,poor,NA
AIMS,2021-12-14T11:15:00Z,TLM12,STIC,20210928-20220221,HS,21059656,4994.5,9.275,6.224192234499999,1,poor,NA
AIMS,2021-12-14T11:30:00Z,TLM12,STIC,20210928-20220221,HS,21059656,4994.5,9.176,6.224192234499999,1,poor,NA
AIMS,2021-12-14T11:45:00Z,TLM12,STIC,20210928-20220221,HS,21059656,4994.5,9.176,6.224192234499999,1,poor,NA
AIMS,2021-12-14T12:00:00Z,TLM12,STIC,20210928-20220221,HS,21059656,4994.5,9.176,6.224192234499999,1,poor,NA
AIMS,2021-12-14T12:15:00Z,TLM12,STIC,20210928-20220221,HS,21059656,4994.5,9.077,6.224192234499999,1,poor,NA
AIMS,2021-12-14T12:30:00Z,TLM12,STIC,20210928-20220221,HS,21059656,4994.5,9.077,6.224192234499999,1,poor,NA
AIMS,2021-12-14T12:45:00Z,TLM12,STIC,20210928-20220221,HS,21059656,4994.5,9.077,6.224192234499999,1,poor,NA
AIMS,2021-12-14T13:00:00Z,TLM12,STIC,20210928-20220221,HS,21059656,4994.5,8.978,6.224192234499999,1,poor,NA
AIMS,2021-12-14T13:15:00Z,TLM12,STIC,20210928-20220221,HS,21059656,4994.5,8.978,6.224192234499999,1,poor,NA
AIMS,2021-12-14T13:30:00Z,TLM12,STIC,20210928-20220221,HS,21059656,4994.5,8.978,6.224192234499999,1,poor,NA
AIMS,2021-12-14T13:45:00Z,TLM12,STIC,20210928-20220221,HS,21059656,4994.5,8.978,6.224192234499999,1,poor,NA
AIMS,2021-12-14T14:00:00Z,TLM12,STIC,20210928-20220221,HS,21059656,4994.5,8.879,6.224192234499999,1,poor,NA
AIMS,2021-12-14T14:15:00Z,TLM12,STIC,20210928-20220221,HS,21059656,4994.5,8.879,6.224192234499999,1,poor,NA
AIMS,2021-12-14T14:30:00Z,TLM12,STIC,20210928-20220221,HS,21059656,4994.5,8.879,6.224192234499999,1,poor,NA
AIMS,2021-12-14T14:45:00Z,TLM12,STIC,20210928-20220221,HS,21059656,4994.5,8.879,6.224192234499999,1,poor,NA
AIMS,2021-12-14T15:00:00Z,TLM12,STIC,20210928-20220221,HS,21059656,4994.5,8.779,6.224192234499999,1,poor,NA
AIMS,2021-12-14T15:15:00Z,TLM12,STIC,20210928-20220221,HS,21059656,4994.5,8.779,6.224192234499999,1,poor,NA
AIMS,2021-12-14T15:30:00Z,TLM12,STIC,20210928-20220221,HS,21059656,4994.5,8.779,6.224192234499999,1,poor,NA
AIMS,2021-12-14T15:45:00Z,TLM12,STIC,20210928-20220221,HS,21059656,4994.5,8.779,6.224192234499999,1,poor,NA
AIMS,2021-12-14T16:00:00Z,TLM12,STIC,20210928-20220221,HS,21059656,4994.5,8.879,6.224192234499999,1,poor,NA
AIMS,2021-12-14T16:15:00Z,TLM12,STIC,20210928-20220221,HS,21059656,4994.5,8.879,6.224192234499999,1,poor,NA
AIMS,2021-12-14T16:30:00Z,TLM12,STIC,20210928-20220221,HS,21059656,4994.5,8.978,6.224192234499999,1,poor,NA
AIMS,2021-12-14T16:45:00Z,TLM12,STIC,20210928-20220221,HS,21059656,4994.5,8.978,6.224192234499999,1,poor,NA
AIMS,2021-12-14T17:00:00Z,TLM12,STIC,20210928-20220221,HS,21059656,4994.5,9.176,6.224192234499999,1,poor,NA
AIMS,2021-12-14T17:15:00Z,TLM12,STIC,20210928-20220221,HS,21059656,4994.5,9.275,6.224192234499999,1,poor,NA
AIMS,2021-12-14T17:30:00Z,TLM12,STIC,20210928-20220221,HS,21059656,4994.5,9.373,6.224192234499999,1,poor,NA
AIMS,2021-12-14T17:45:00Z,TLM12,STIC,20210928-20220221,HS,21059656,4994.5,9.571,6.224192234499999,1,poor,NA
AIMS,2021-12-14T18:00:00Z,TLM12,STIC,20210928-20220221,HS,21059656,4994.5,9.669,6.224192234499999,1,poor,NA
AIMS,2021-12-14T18:15:00Z,TLM12,STIC,20210928-20220221,HS,21059656,4994.5,9.866,6.224192234499999,1,poor,NA
AIMS,2021-12-14T18:30:00Z,TLM12,STIC,20210928-20220221,HS,21059656,4994.5,10.063,6.224192234499999,1,poor,NA
AIMS,2021-12-14T18:45:00Z,TLM12,STIC,20210928-20220221,HS,21059656,4994.5,10.259,6.224192234499999,1,poor,NA
AIMS,2021-12-14T19:00:00Z,TLM12,STIC,20210928-20220221,HS,21059656,4994.5,10.455,6.224192234499999,1,poor,NA
AIMS,2021-12-14T19:15:00Z,TLM12,STIC,20210928-20220221,HS,21059656,4994.5,10.651,6.224192234499999,1,poor,NA
AIMS,2021-12-14T19:30:00Z,TLM12,STIC,20210928-20220221,HS,21059656,4994.5,10.748,6.224192234499999,1,poor,NA
AIMS,2021-12-14T19:45:00Z,TLM12,STIC,20210928-20220221,HS,21059656,5166.7,10.944,6.7014819018999985,1,poor,NA
AIMS,2021-12-14T20:00:00Z,TLM12,STIC,20210928-20220221,HS,21059656,5166.7,11.041,6.7014819018999985,1,poor,NA
AIMS,2021-12-14T20:15:00Z,TLM12,STIC,20210928-20220221,HS,21059656,5166.7,11.236,6.7014819018999985,1,poor,NA
AIMS,2021-12-14T20:30:00Z,TLM12,STIC,20210928-20220221,HS,21059656,5166.7,11.334,6.7014819018999985,1,poor,NA
AIMS,2021-12-14T20:45:00Z,TLM12,STIC,20210928-20220221,HS,21059656,5166.7,11.431,6.7014819018999985,1,poor,NA
AIMS,2021-12-14T21:00:00Z,TLM12,STIC,20210928-20220221,HS,21059656,5166.7,11.528,6.7014819018999985,1,poor,NA
AIMS,2021-12-14T21:15:00Z,TLM12,STIC,20210928-20220221,HS,21059656,5166.7,11.528,6.7014819018999985,1,poor,NA
AIMS,2021-12-14T21:30:00Z,TLM12,STIC,20210928-20220221,HS,21059656,5166.7,11.625,6.7014819018999985,1,poor,NA
AIMS,2021-12-14T21:45:00Z,TLM12,STIC,20210928-20220221,HS,21059656,5166.7,11.722,6.7014819018999985,1,poor,NA
AIMS,2021-12-14T22:00:00Z,TLM12,STIC,20210928-20220221,HS,21059656,5166.7,11.722,6.7014819018999985,1,poor,NA
AIMS,2021-12-14T22:15:00Z,TLM12,STIC,20210928-20220221,HS,21059656,5166.7,11.819,6.7014819018999985,1,poor,NA
AIMS,2021-12-14T22:30:00Z,TLM12,STIC,20210928-20220221,HS,21059656,5166.7,11.819,6.7014819018999985,1,poor,NA
AIMS,2021-12-14T22:45:00Z,TLM12,STIC,20210928-20220221,HS,21059656,5166.7,11.819,6.7014819018999985,1,poor,NA
AIMS,2021-12-14T23:00:00Z,TLM12,STIC,20210928-20220221,HS,21059656,5166.7,11.819,6.7014819018999985,1,poor,NA
AIMS,2021-12-14T23:15:00Z,TLM12,STIC,20210928-20220221,HS,21059656,5166.7,11.819,6.7014819018999985,1,poor,NA
AIMS,2021-12-14T23:30:00Z,TLM12,STIC,20210928-20220221,HS,21059656,5166.7,11.819,6.7014819018999985,1,poor,NA
AIMS,2021-12-14T23:45:00Z,TLM12,STIC,20210928-20220221,HS,21059656,5166.7,11.722,6.7014819018999985,1,poor,NA
AIMS,2021-12-15T00:00:00Z,TLM12,STIC,20210928-20220221,HS,21059656,5166.7,11.722,6.7014819018999985,1,poor,NA
AIMS,2021-12-15T00:15:00Z,TLM12,STIC,20210928-20220221,HS,21059656,5166.7,11.722,6.7014819018999985,1,poor,NA
AIMS,2021-12-15T00:30:00Z,TLM12,STIC,20210928-20220221,HS,21059656,5166.7,11.625,6.7014819018999985,1,poor,NA
AIMS,2021-12-15T00:45:00Z,TLM12,STIC,20210928-20220221,HS,21059656,5166.7,11.528,6.7014819018999985,1,poor,NA
AIMS,2021-12-15T01:00:00Z,TLM12,STIC,20210928-20220221,HS,21059656,5166.7,11.431,6.7014819018999985,1,poor,NA
AIMS,2021-12-15T01:15:00Z,TLM12,STIC,20210928-20220221,HS,21059656,5166.7,11.431,6.7014819018999985,1,poor,NA
AIMS,2021-12-15T01:30:00Z,TLM12,STIC,20210928-20220221,HS,21059656,5166.7,11.334,6.7014819018999985,1,poor,NA
AIMS,2021-12-15T01:45:00Z,TLM12,STIC,20210928-20220221,HS,21059656,5166.7,11.236,6.7014819018999985,1,poor,NA
AIMS,2021-12-15T02:00:00Z,TLM12,STIC,20210928-20220221,HS,21059656,5166.7,11.236,6.7014819018999985,1,poor,NA
AIMS,2021-12-15T02:15:00Z,TLM12,STIC,20210928-20220221,HS,21059656,5166.7,11.139,6.7014819018999985,1,poor,NA
AIMS,2021-12-15T02:30:00Z,TLM12,STIC,20210928-20220221,HS,21059656,5166.7,11.041,6.7014819018999985,1,poor,NA
AIMS,2021-12-15T02:45:00Z,TLM12,STIC,20210928-20220221,HS,21059656,5166.7,11.041,6.7014819018999985,1,poor,NA
AIMS,2021-12-15T03:00:00Z,TLM12,STIC,20210928-20220221,HS,21059656,5166.7,10.944,6.7014819018999985,1,poor,NA
AIMS,2021-12-15T03:15:00Z,TLM12,STIC,20210928-20220221,HS,21059656,5166.7,10.846,6.7014819018999985,1,poor,NA
AIMS,2021-12-15T03:30:00Z,TLM12,STIC,20210928-20220221,HS,21059656,5166.7,10.846,6.7014819018999985,1,poor,NA
AIMS,2021-12-15T03:45:00Z,TLM12,STIC,20210928-20220221,HS,21059656,5166.7,10.748,6.7014819018999985,1,poor,NA
AIMS,2021-12-15T04:00:00Z,TLM12,STIC,20210928-20220221,HS,21059656,5166.7,10.651,6.7014819018999985,1,poor,NA
AIMS,2021-12-15T04:15:00Z,TLM12,STIC,20210928-20220221,HS,21059656,5166.7,10.651,6.7014819018999985,1,poor,NA
AIMS,2021-12-15T04:30:00Z,TLM12,STIC,20210928-20220221,HS,21059656,5166.7,10.553,6.7014819018999985,1,poor,NA
AIMS,2021-12-15T04:45:00Z,TLM12,STIC,20210928-20220221,HS,21059656,5166.7,10.553,6.7014819018999985,1,poor,NA
AIMS,2021-12-15T05:00:00Z,TLM12,STIC,20210928-20220221,HS,21059656,5166.7,10.455,6.7014819018999985,1,poor,NA
AIMS,2021-12-15T05:15:00Z,TLM12,STIC,20210928-20220221,HS,21059656,5166.7,10.455,6.7014819018999985,1,poor,NA
AIMS,2021-12-15T05:30:00Z,TLM12,STIC,20210928-20220221,HS,21059656,5166.7,10.455,6.7014819018999985,1,poor,NA
AIMS,2021-12-15T05:45:00Z,TLM12,STIC,20210928-20220221,HS,21059656,4994.5,10.357,6.224192234499999,1,poor,NA
AIMS,2021-12-15T06:00:00Z,TLM12,STIC,20210928-20220221,HS,21059656,4994.5,10.357,6.224192234499999,1,poor,NA
AIMS,2021-12-15T06:15:00Z,TLM12,STIC,20210928-20220221,HS,21059656,4994.5,10.259,6.224192234499999,1,poor,NA
AIMS,2021-12-15T06:30:00Z,TLM12,STIC,20210928-20220221,HS,21059656,4994.5,10.259,6.224192234499999,1,poor,NA
AIMS,2021-12-15T06:45:00Z,TLM12,STIC,20210928-20220221,HS,21059656,4994.5,10.259,6.224192234499999,1,poor,NA
AIMS,2021-12-15T07:00:00Z,TLM12,STIC,20210928-20220221,HS,21059656,4994.5,10.259,6.224192234499999,1,poor,NA
AIMS,2021-12-15T07:15:00Z,TLM12,STIC,20210928-20220221,HS,21059656,4994.5,10.161,6.224192234499999,1,poor,NA
AIMS,2021-12-15T07:30:00Z,TLM12,STIC,20210928-20220221,HS,21059656,4994.5,10.161,6.224192234499999,1,poor,NA
AIMS,2021-12-15T07:45:00Z,TLM12,STIC,20210928-20220221,HS,21059656,4994.5,10.161,6.224192234499999,1,poor,NA
AIMS,2021-12-15T08:00:00Z,TLM12,STIC,20210928-20220221,HS,21059656,4994.5,10.063,6.224192234499999,1,poor,NA
AIMS,2021-12-15T08:15:00Z,TLM12,STIC,20210928-20220221,HS,21059656,4994.5,10.063,6.224192234499999,1,poor,NA
AIMS,2021-12-15T08:30:00Z,TLM12,STIC,20210928-20220221,HS,21059656,4994.5,10.063,6.224192234499999,1,poor,NA
AIMS,2021-12-15T08:45:00Z,TLM12,STIC,20210928-20220221,HS,21059656,4994.5,10.063,6.224192234499999,1,poor,NA
AIMS,2021-12-15T09:00:00Z,TLM12,STIC,20210928-20220221,HS,21059656,4994.5,9.965,6.224192234499999,1,poor,NA
AIMS,2021-12-15T09:15:00Z,TLM12,STIC,20210928-20220221,HS,21059656,4994.5,9.965,6.224192234499999,1,poor,NA
AIMS,2021-12-15T09:30:00Z,TLM12,STIC,20210928-20220221,HS,21059656,4994.5,9.965,6.224192234499999,1,poor,NA
AIMS,2021-12-15T09:45:00Z,TLM12,STIC,20210928-20220221,HS,21059656,4994.5,9.965,6.224192234499999,1,poor,NA
AIMS,2021-12-15T10:00:00Z,TLM12,STIC,20210928-20220221,HS,21059656,4994.5,9.866,6.224192234499999,1,poor,NA
AIMS,2021-12-15T10:15:00Z,TLM12,STIC,20210928-20220221,HS,21059656,4994.5,9.866,6.224192234499999,1,poor,NA
AIMS,2021-12-15T10:30:00Z,TLM12,STIC,20210928-20220221,HS,21059656,4994.5,9.866,6.224192234499999,1,poor,NA
AIMS,2021-12-15T10:45:00Z,TLM12,STIC,20210928-20220221,HS,21059656,4994.5,9.866,6.224192234499999,1,poor,NA
AIMS,2021-12-15T11:00:00Z,TLM12,STIC,20210928-20220221,HS,21059656,4994.5,9.866,6.224192234499999,1,poor,NA
AIMS,2021-12-15T11:15:00Z,TLM12,STIC,20210928-20220221,HS,21059656,4994.5,9.768,6.224192234499999,1,poor,NA
AIMS,2021-12-15T11:30:00Z,TLM12,STIC,20210928-20220221,HS,21059656,4994.5,9.768,6.224192234499999,1,poor,NA
AIMS,2021-12-15T11:45:00Z,TLM12,STIC,20210928-20220221,HS,21059656,4994.5,9.768,6.224192234499999,1,poor,NA
AIMS,2021-12-15T12:00:00Z,TLM12,STIC,20210928-20220221,HS,21059656,4994.5,9.768,6.224192234499999,1,poor,NA
AIMS,2021-12-15T12:15:00Z,TLM12,STIC,20210928-20220221,HS,21059656,4994.5,9.669,6.224192234499999,1,poor,NA
AIMS,2021-12-15T12:30:00Z,TLM12,STIC,20210928-20220221,HS,21059656,4994.5,9.669,6.224192234499999,1,poor,NA
AIMS,2021-12-15T12:45:00Z,TLM12,STIC,20210928-20220221,HS,21059656,4994.5,9.669,6.224192234499999,1,poor,NA
AIMS,2021-12-15T13:00:00Z,TLM12,STIC,20210928-20220221,HS,21059656,4994.5,9.669,6.224192234499999,1,poor,NA
AIMS,2021-12-15T13:15:00Z,TLM12,STIC,20210928-20220221,HS,21059656,4994.5,9.571,6.224192234499999,1,poor,NA
AIMS,2021-12-15T13:30:00Z,TLM12,STIC,20210928-20220221,HS,21059656,4994.5,9.571,6.224192234499999,1,poor,NA
AIMS,2021-12-15T13:45:00Z,TLM12,STIC,20210928-20220221,HS,21059656,4994.5,9.571,6.224192234499999,1,poor,NA
AIMS,2021-12-15T14:00:00Z,TLM12,STIC,20210928-20220221,HS,21059656,4994.5,9.571,6.224192234499999,1,poor,NA
AIMS,2021-12-15T14:15:00Z,TLM12,STIC,20210928-20220221,HS,21059656,4994.5,9.571,6.224192234499999,1,poor,NA
AIMS,2021-12-15T14:30:00Z,TLM12,STIC,20210928-20220221,HS,21059656,4994.5,9.571,6.224192234499999,1,poor,NA
AIMS,2021-12-15T14:45:00Z,TLM12,STIC,20210928-20220221,HS,21059656,4994.5,9.571,6.224192234499999,1,poor,NA
AIMS,2021-12-15T15:00:00Z,TLM12,STIC,20210928-20220221,HS,21059656,4994.5,9.571,6.224192234499999,1,poor,NA
AIMS,2021-12-15T15:15:00Z,TLM12,STIC,20210928-20220221,HS,21059656,4994.5,9.669,6.224192234499999,1,poor,NA
AIMS,2021-12-15T15:30:00Z,TLM12,STIC,20210928-20220221,HS,21059656,4994.5,9.768,6.224192234499999,1,poor,NA
AIMS,2021-12-15T15:45:00Z,TLM12,STIC,20210928-20220221,HS,21059656,4994.5,9.768,6.224192234499999,1,poor,NA
AIMS,2021-12-15T16:00:00Z,TLM12,STIC,20210928-20220221,HS,21059656,4994.5,9.866,6.224192234499999,1,poor,NA
AIMS,2021-12-15T16:15:00Z,TLM12,STIC,20210928-20220221,HS,21059656,4994.5,9.965,6.224192234499999,1,poor,NA
AIMS,2021-12-15T16:30:00Z,TLM12,STIC,20210928-20220221,HS,21059656,4994.5,10.063,6.224192234499999,1,poor,NA
AIMS,2021-12-15T16:45:00Z,TLM12,STIC,20210928-20220221,HS,21059656,4994.5,10.161,6.224192234499999,1,poor,NA
AIMS,2021-12-15T17:00:00Z,TLM12,STIC,20210928-20220221,HS,21059656,4994.5,10.259,6.224192234499999,1,poor,NA
AIMS,2021-12-15T17:15:00Z,TLM12,STIC,20210928-20220221,HS,21059656,4994.5,10.357,6.224192234499999,1,poor,NA
AIMS,2021-12-15T17:30:00Z,TLM12,STIC,20210928-20220221,HS,21059656,4994.5,10.455,6.224192234499999,1,poor,NA
AIMS,2021-12-15T17:45:00Z,TLM12,STIC,20210928-20220221,HS,21059656,4994.5,10.553,6.224192234499999,1,poor,NA
AIMS,2021-12-15T18:00:00Z,TLM12,STIC,20210928-20220221,HS,21059656,5166.7,10.651,6.7014819018999985,1,poor,NA
AIMS,2021-12-15T18:15:00Z,TLM12,STIC,20210928-20220221,HS,21059656,5166.7,10.748,6.7014819018999985,1,poor,NA
AIMS,2021-12-15T18:30:00Z,TLM12,STIC,20210928-20220221,HS,21059656,5166.7,10.846,6.7014819018999985,1,poor,NA
AIMS,2021-12-15T18:45:00Z,TLM12,STIC,20210928-20220221,HS,21059656,5166.7,10.944,6.7014819018999985,1,poor,NA
AIMS,2021-12-15T19:00:00Z,TLM12,STIC,20210928-20220221,HS,21059656,5166.7,11.041,6.7014819018999985,1,poor,NA
AIMS,2021-12-15T19:15:00Z,TLM12,STIC,20210928-20220221,HS,21059656,5166.7,11.139,6.7014819018999985,1,poor,NA
AIMS,2021-12-15T19:30:00Z,TLM12,STIC,20210928-20220221,HS,21059656,5166.7,11.236,6.7014819018999985,1,poor,NA
AIMS,2021-12-15T19:45:00Z,TLM12,STIC,20210928-20220221,HS,21059656,5166.7,11.334,6.7014819018999985,1,poor,NA
AIMS,2021-12-15T20:00:00Z,TLM12,STIC,20210928-20220221,HS,21059656,5166.7,11.431,6.7014819018999985,1,poor,NA
AIMS,2021-12-15T20:15:00Z,TLM12,STIC,20210928-20220221,HS,21059656,5166.7,11.431,6.7014819018999985,1,poor,NA
AIMS,2021-12-15T20:30:00Z,TLM12,STIC,20210928-20220221,HS,21059656,5166.7,11.528,6.7014819018999985,1,poor,NA
AIMS,2021-12-15T20:45:00Z,TLM12,STIC,20210928-20220221,HS,21059656,5166.7,11.625,6.7014819018999985,1,poor,NA
AIMS,2021-12-15T21:00:00Z,TLM12,STIC,20210928-20220221,HS,21059656,5166.7,11.722,6.7014819018999985,1,poor,NA
AIMS,2021-12-15T21:15:00Z,TLM12,STIC,20210928-20220221,HS,21059656,5166.7,11.722,6.7014819018999985,1,poor,NA
AIMS,2021-12-15T21:30:00Z,TLM12,STIC,20210928-20220221,HS,21059656,5166.7,11.819,6.7014819018999985,1,poor,NA
AIMS,2021-12-15T21:45:00Z,TLM12,STIC,20210928-20220221,HS,21059656,5166.7,11.819,6.7014819018999985,1,poor,NA
AIMS,2021-12-15T22:00:00Z,TLM12,STIC,20210928-20220221,HS,21059656,5166.7,11.819,6.7014819018999985,1,poor,NA
AIMS,2021-12-15T22:15:00Z,TLM12,STIC,20210928-20220221,HS,21059656,5166.7,11.916,6.7014819018999985,1,poor,NA
AIMS,2021-12-15T22:30:00Z,TLM12,STIC,20210928-20220221,HS,21059656,5166.7,11.916,6.7014819018999985,1,poor,NA
AIMS,2021-12-15T22:45:00Z,TLM12,STIC,20210928-20220221,HS,21059656,5166.7,12.013,6.7014819018999985,1,poor,NA
AIMS,2021-12-15T23:00:00Z,TLM12,STIC,20210928-20220221,HS,21059656,5166.7,12.013,6.7014819018999985,1,poor,NA
AIMS,2021-12-15T23:15:00Z,TLM12,STIC,20210928-20220221,HS,21059656,5166.7,12.013,6.7014819018999985,1,poor,NA
AIMS,2021-12-15T23:30:00Z,TLM12,STIC,20210928-20220221,HS,21059656,5166.7,12.013,6.7014819018999985,1,poor,NA
AIMS,2021-12-15T23:45:00Z,TLM12,STIC,20210928-20220221,HS,21059656,5166.7,12.013,6.7014819018999985,1,poor,NA
AIMS,2021-12-16T00:00:00Z,TLM12,STIC,20210928-20220221,HS,21059656,5166.7,12.013,6.7014819018999985,1,poor,NA
AIMS,2021-12-16T00:15:00Z,TLM12,STIC,20210928-20220221,HS,21059656,4994.5,12.013,6.224192234499999,1,poor,NA
AIMS,2021-12-16T00:30:00Z,TLM12,STIC,20210928-20220221,HS,21059656,4994.5,11.916,6.224192234499999,1,poor,NA
AIMS,2021-12-16T00:45:00Z,TLM12,STIC,20210928-20220221,HS,21059656,4822.3,11.916,5.7469025671,1,poor,NA
AIMS,2021-12-16T01:00:00Z,TLM12,STIC,20210928-20220221,HS,21059656,4822.3,11.916,5.7469025671,1,poor,NA
AIMS,2021-12-16T01:15:00Z,TLM12,STIC,20210928-20220221,HS,21059656,4650,11.819,5.269335727999999,1,poor,NA
AIMS,2021-12-16T01:30:00Z,TLM12,STIC,20210928-20220221,HS,21059656,4650,11.722,5.269335727999999,1,poor,NA
AIMS,2021-12-16T01:45:00Z,TLM12,STIC,20210928-20220221,HS,21059656,4477.8,11.722,4.7920460606,1,poor,NA
AIMS,2021-12-16T02:00:00Z,TLM12,STIC,20210928-20220221,HS,21059656,4477.8,11.625,4.7920460606,1,poor,NA
AIMS,2021-12-16T02:15:00Z,TLM12,STIC,20210928-20220221,HS,21059656,4305.6,11.625,4.314756393200001,1,poor,NA
AIMS,2021-12-16T02:30:00Z,TLM12,STIC,20210928-20220221,HS,21059656,4305.6,11.528,4.314756393200001,1,poor,NA
AIMS,2021-12-16T02:45:00Z,TLM12,STIC,20210928-20220221,HS,21059656,4133.4,11.528,3.837466725799998,1,poor,NA
AIMS,2021-12-16T03:00:00Z,TLM12,STIC,20210928-20220221,HS,21059656,4133.4,11.431,3.837466725799998,1,poor,NA
AIMS,2021-12-16T03:15:00Z,TLM12,STIC,20210928-20220221,HS,21059656,4133.4,11.431,3.837466725799998,1,poor,NA
AIMS,2021-12-16T03:30:00Z,TLM12,STIC,20210928-20220221,HS,21059656,3961.1,11.334,3.3598998867,1,poor,NA
AIMS,2021-12-16T03:45:00Z,TLM12,STIC,20210928-20220221,HS,21059656,3961.1,11.334,3.3598998867,1,poor,NA
AIMS,2021-12-16T04:00:00Z,TLM12,STIC,20210928-20220221,HS,21059656,3961.1,11.236,3.3598998867,1,poor,NA
AIMS,2021-12-16T04:15:00Z,TLM12,STIC,20210928-20220221,HS,21059656,3788.9,11.236,2.882610219299999,1,poor,NA
AIMS,2021-12-16T04:30:00Z,TLM12,STIC,20210928-20220221,HS,21059656,3788.9,11.139,2.882610219299999,1,poor,NA
AIMS,2021-12-16T04:45:00Z,TLM12,STIC,20210928-20220221,HS,21059656,3788.9,11.139,2.882610219299999,1,poor,NA
AIMS,2021-12-16T05:00:00Z,TLM12,STIC,20210928-20220221,HS,21059656,3788.9,11.139,2.882610219299999,1,poor,NA
AIMS,2021-12-16T05:15:00Z,TLM12,STIC,20210928-20220221,HS,21059656,3788.9,11.041,2.882610219299999,1,poor,NA
AIMS,2021-12-16T05:30:00Z,TLM12,STIC,20210928-20220221,HS,21059656,3788.9,11.041,2.882610219299999,1,poor,NA
AIMS,2021-12-16T05:45:00Z,TLM12,STIC,20210928-20220221,HS,21059656,3616.7,10.944,2.4053205519,1,poor,NA
AIMS,2021-12-16T06:00:00Z,TLM12,STIC,20210928-20220221,HS,21059656,3616.7,10.944,2.4053205519,1,poor,NA
AIMS,2021-12-16T06:15:00Z,TLM12,STIC,20210928-20220221,HS,21059656,3616.7,10.944,2.4053205519,1,poor,NA
AIMS,2021-12-16T06:30:00Z,TLM12,STIC,20210928-20220221,HS,21059656,3616.7,10.846,2.4053205519,1,poor,NA
AIMS,2021-12-16T06:45:00Z,TLM12,STIC,20210928-20220221,HS,21059656,3616.7,10.846,2.4053205519,1,poor,NA
AIMS,2021-12-16T07:00:00Z,TLM12,STIC,20210928-20220221,HS,21059656,3616.7,10.846,2.4053205519,1,poor,NA
AIMS,2021-12-16T07:15:00Z,TLM12,STIC,20210928-20220221,HS,21059656,3616.7,10.748,2.4053205519,1,poor,NA
AIMS,2021-12-16T07:30:00Z,TLM12,STIC,20210928-20220221,HS,21059656,3616.7,10.748,2.4053205519,1,poor,NA
AIMS,2021-12-16T07:45:00Z,TLM12,STIC,20210928-20220221,HS,21059656,3616.7,10.748,2.4053205519,1,poor,NA
AIMS,2021-12-16T08:00:00Z,TLM12,STIC,20210928-20220221,HS,21059656,3616.7,10.748,2.4053205519,1,poor,NA
AIMS,2021-12-16T08:15:00Z,TLM12,STIC,20210928-20220221,HS,21059656,3616.7,10.651,2.4053205519,1,poor,NA
AIMS,2021-12-16T08:30:00Z,TLM12,STIC,20210928-20220221,HS,21059656,3616.7,10.651,2.4053205519,1,poor,NA
AIMS,2021-12-16T08:45:00Z,TLM12,STIC,20210928-20220221,HS,21059656,3616.7,10.651,2.4053205519,1,poor,NA
AIMS,2021-12-16T09:00:00Z,TLM12,STIC,20210928-20220221,HS,21059656,3616.7,10.651,2.4053205519,1,poor,NA
AIMS,2021-12-16T09:15:00Z,TLM12,STIC,20210928-20220221,HS,21059656,3616.7,10.651,2.4053205519,1,poor,NA
AIMS,2021-12-16T09:30:00Z,TLM12,STIC,20210928-20220221,HS,21059656,3444.5,10.651,1.9280308844999992,1,poor,NA
AIMS,2021-12-16T09:45:00Z,TLM12,STIC,20210928-20220221,HS,21059656,3444.5,10.748,1.9280308844999992,1,poor,NA
AIMS,2021-12-16T10:00:00Z,TLM12,STIC,20210928-20220221,HS,21059656,3444.5,10.748,1.9280308844999992,1,poor,NA
AIMS,2021-12-16T10:15:00Z,TLM12,STIC,20210928-20220221,HS,21059656,3444.5,10.748,1.9280308844999992,1,poor,NA
AIMS,2021-12-16T10:30:00Z,TLM12,STIC,20210928-20220221,HS,21059656,3444.5,10.748,1.9280308844999992,1,poor,NA
AIMS,2021-12-16T10:45:00Z,TLM12,STIC,20210928-20220221,HS,21059656,3444.5,10.748,1.9280308844999992,1,poor,NA
AIMS,2021-12-16T11:00:00Z,TLM12,STIC,20210928-20220221,HS,21059656,3444.5,10.748,1.9280308844999992,1,poor,NA
AIMS,2021-12-16T11:15:00Z,TLM12,STIC,20210928-20220221,HS,21059656,3444.5,10.748,1.9280308844999992,1,poor,NA
AIMS,2021-12-16T11:30:00Z,TLM12,STIC,20210928-20220221,HS,21059656,3444.5,10.748,1.9280308844999992,1,poor,NA
AIMS,2021-12-16T11:45:00Z,TLM12,STIC,20210928-20220221,HS,21059656,3444.5,10.651,1.9280308844999992,1,poor,NA
AIMS,2021-12-16T12:00:00Z,TLM12,STIC,20210928-20220221,HS,21059656,3444.5,10.651,1.9280308844999992,1,poor,NA
AIMS,2021-12-16T12:15:00Z,TLM12,STIC,20210928-20220221,HS,21059656,3444.5,10.651,1.9280308844999992,1,poor,NA
AIMS,2021-12-16T12:30:00Z,TLM12,STIC,20210928-20220221,HS,21059656,3444.5,10.553,1.9280308844999992,1,poor,NA
AIMS,2021-12-16T12:45:00Z,TLM12,STIC,20210928-20220221,HS,21059656,3444.5,10.553,1.9280308844999992,1,poor,NA
AIMS,2021-12-16T13:00:00Z,TLM12,STIC,20210928-20220221,HS,21059656,3444.5,10.553,1.9280308844999992,1,poor,NA
AIMS,2021-12-16T13:15:00Z,TLM12,STIC,20210928-20220221,HS,21059656,3444.5,10.553,1.9280308844999992,1,poor,NA
AIMS,2021-12-16T13:30:00Z,TLM12,STIC,20210928-20220221,HS,21059656,3444.5,10.455,1.9280308844999992,1,poor,NA
AIMS,2021-12-16T13:45:00Z,TLM12,STIC,20210928-20220221,HS,21059656,3444.5,10.455,1.9280308844999992,1,poor,NA
AIMS,2021-12-16T14:00:00Z,TLM12,STIC,20210928-20220221,HS,21059656,3444.5,10.455,1.9280308844999992,1,poor,NA
AIMS,2021-12-16T14:15:00Z,TLM12,STIC,20210928-20220221,HS,21059656,3444.5,10.553,1.9280308844999992,1,poor,NA
AIMS,2021-12-16T14:30:00Z,TLM12,STIC,20210928-20220221,HS,21059656,3444.5,10.553,1.9280308844999992,1,poor,NA
AIMS,2021-12-16T14:45:00Z,TLM12,STIC,20210928-20220221,HS,21059656,3444.5,10.553,1.9280308844999992,1,poor,NA
AIMS,2021-12-16T15:00:00Z,TLM12,STIC,20210928-20220221,HS,21059656,3444.5,10.553,1.9280308844999992,1,poor,NA
AIMS,2021-12-16T15:15:00Z,TLM12,STIC,20210928-20220221,HS,21059656,3444.5,10.553,1.9280308844999992,1,poor,NA
AIMS,2021-12-16T15:30:00Z,TLM12,STIC,20210928-20220221,HS,21059656,3444.5,10.651,1.9280308844999992,1,poor,NA
AIMS,2021-12-16T15:45:00Z,TLM12,STIC,20210928-20220221,HS,21059656,3444.5,10.748,1.9280308844999992,1,poor,NA
AIMS,2021-12-16T16:00:00Z,TLM12,STIC,20210928-20220221,HS,21059656,3444.5,10.748,1.9280308844999992,1,poor,NA
AIMS,2021-12-16T16:15:00Z,TLM12,STIC,20210928-20220221,HS,21059656,3444.5,10.846,1.9280308844999992,1,poor,NA
AIMS,2021-12-16T16:30:00Z,TLM12,STIC,20210928-20220221,HS,21059656,3444.5,10.944,1.9280308844999992,1,poor,NA
AIMS,2021-12-16T16:45:00Z,TLM12,STIC,20210928-20220221,HS,21059656,3444.5,11.041,1.9280308844999992,1,poor,NA
AIMS,2021-12-16T17:00:00Z,TLM12,STIC,20210928-20220221,HS,21059656,3444.5,11.236,1.9280308844999992,1,poor,NA
AIMS,2021-12-16T17:15:00Z,TLM12,STIC,20210928-20220221,HS,21059656,3444.5,11.334,1.9280308844999992,1,poor,NA
AIMS,2021-12-16T17:30:00Z,TLM12,STIC,20210928-20220221,HS,21059656,3616.7,11.431,2.4053205519,1,poor,NA
AIMS,2021-12-16T17:45:00Z,TLM12,STIC,20210928-20220221,HS,21059656,3616.7,11.625,2.4053205519,1,poor,NA
AIMS,2021-12-16T18:00:00Z,TLM12,STIC,20210928-20220221,HS,21059656,3616.7,11.722,2.4053205519,1,poor,NA
AIMS,2021-12-16T18:15:00Z,TLM12,STIC,20210928-20220221,HS,21059656,3616.7,11.916,2.4053205519,1,poor,NA
AIMS,2021-12-16T18:30:00Z,TLM12,STIC,20210928-20220221,HS,21059656,3616.7,12.013,2.4053205519,1,poor,NA
AIMS,2021-12-16T18:45:00Z,TLM12,STIC,20210928-20220221,HS,21059656,3616.7,12.207,2.4053205519,1,poor,NA
AIMS,2021-12-16T19:00:00Z,TLM12,STIC,20210928-20220221,HS,21059656,3616.7,12.304,2.4053205519,1,poor,NA
AIMS,2021-12-16T19:15:00Z,TLM12,STIC,20210928-20220221,HS,21059656,3616.7,12.497,2.4053205519,1,poor,NA
AIMS,2021-12-16T19:30:00Z,TLM12,STIC,20210928-20220221,HS,21059656,3616.7,12.594,2.4053205519,1,poor,NA
AIMS,2021-12-16T19:45:00Z,TLM12,STIC,20210928-20220221,HS,21059656,3616.7,12.69,2.4053205519,1,poor,NA
AIMS,2021-12-16T20:00:00Z,TLM12,STIC,20210928-20220221,HS,21059656,3616.7,12.883,2.4053205519,1,poor,NA
AIMS,2021-12-16T20:15:00Z,TLM12,STIC,20210928-20220221,HS,21059656,3616.7,13.076,2.4053205519,1,poor,NA
AIMS,2021-12-16T20:30:00Z,TLM12,STIC,20210928-20220221,HS,21059656,3616.7,13.173,2.4053205519,1,poor,NA
AIMS,2021-12-16T20:45:00Z,TLM12,STIC,20210928-20220221,HS,21059656,3616.7,13.269,2.4053205519,1,poor,NA
AIMS,2021-12-16T21:00:00Z,TLM12,STIC,20210928-20220221,HS,21059656,3616.7,13.365,2.4053205519,1,poor,NA
AIMS,2021-12-16T21:15:00Z,TLM12,STIC,20210928-20220221,HS,21059656,3616.7,13.461,2.4053205519,1,poor,NA
AIMS,2021-12-16T21:30:00Z,TLM12,STIC,20210928-20220221,HS,21059656,3616.7,13.461,2.4053205519,1,poor,NA
AIMS,2021-12-16T21:45:00Z,TLM12,STIC,20210928-20220221,HS,21059656,3616.7,13.558,2.4053205519,1,poor,NA
AIMS,2021-12-16T22:00:00Z,TLM12,STIC,20210928-20220221,HS,21059656,3616.7,13.558,2.4053205519,1,poor,NA
AIMS,2021-12-16T22:15:00Z,TLM12,STIC,20210928-20220221,HS,21059656,3616.7,13.558,2.4053205519,1,poor,NA
AIMS,2021-12-16T22:30:00Z,TLM12,STIC,20210928-20220221,HS,21059656,3616.7,13.558,2.4053205519,1,poor,NA
AIMS,2021-12-16T22:45:00Z,TLM12,STIC,20210928-20220221,HS,21059656,3616.7,13.558,2.4053205519,1,poor,NA
AIMS,2021-12-16T23:00:00Z,TLM12,STIC,20210928-20220221,HS,21059656,3616.7,13.558,2.4053205519,1,poor,NA
AIMS,2021-12-16T23:15:00Z,TLM12,STIC,20210928-20220221,HS,21059656,3616.7,13.461,2.4053205519,1,poor,NA
AIMS,2021-12-16T23:30:00Z,TLM12,STIC,20210928-20220221,HS,21059656,3616.7,13.461,2.4053205519,1,poor,NA
AIMS,2021-12-16T23:45:00Z,TLM12,STIC,20210928-20220221,HS,21059656,3616.7,13.365,2.4053205519,1,poor,NA
AIMS,2021-12-17T00:00:00Z,TLM12,STIC,20210928-20220221,HS,21059656,3616.7,13.365,2.4053205519,1,poor,NA
AIMS,2021-12-17T00:15:00Z,TLM12,STIC,20210928-20220221,HS,21059656,3616.7,13.269,2.4053205519,1,poor,NA
AIMS,2021-12-17T00:30:00Z,TLM12,STIC,20210928-20220221,HS,21059656,3616.7,13.269,2.4053205519,1,poor,NA
AIMS,2021-12-17T00:45:00Z,TLM12,STIC,20210928-20220221,HS,21059656,3616.7,13.269,2.4053205519,1,poor,NA
AIMS,2021-12-17T01:00:00Z,TLM12,STIC,20210928-20220221,HS,21059656,3616.7,13.173,2.4053205519,1,poor,NA
AIMS,2021-12-17T01:15:00Z,TLM12,STIC,20210928-20220221,HS,21059656,3616.7,13.173,2.4053205519,1,poor,NA
AIMS,2021-12-17T01:30:00Z,TLM12,STIC,20210928-20220221,HS,21059656,3616.7,13.173,2.4053205519,1,poor,NA
AIMS,2021-12-17T01:45:00Z,TLM12,STIC,20210928-20220221,HS,21059656,3616.7,13.173,2.4053205519,1,poor,NA
AIMS,2021-12-17T02:00:00Z,TLM12,STIC,20210928-20220221,HS,21059656,3616.7,13.173,2.4053205519,1,poor,NA
AIMS,2021-12-17T02:15:00Z,TLM12,STIC,20210928-20220221,HS,21059656,3616.7,13.173,2.4053205519,1,poor,NA
AIMS,2021-12-17T02:30:00Z,TLM12,STIC,20210928-20220221,HS,21059656,3616.7,13.173,2.4053205519,1,poor,NA
AIMS,2021-12-17T02:45:00Z,TLM12,STIC,20210928-20220221,HS,21059656,3616.7,13.173,2.4053205519,1,poor,NA
AIMS,2021-12-17T03:00:00Z,TLM12,STIC,20210928-20220221,HS,21059656,3616.7,13.173,2.4053205519,1,poor,NA
AIMS,2021-12-17T03:15:00Z,TLM12,STIC,20210928-20220221,HS,21059656,3616.7,13.173,2.4053205519,1,poor,NA
AIMS,2021-12-17T03:30:00Z,TLM12,STIC,20210928-20220221,HS,21059656,3616.7,13.173,2.4053205519,1,poor,NA
AIMS,2021-12-17T03:45:00Z,TLM12,STIC,20210928-20220221,HS,21059656,3616.7,13.076,2.4053205519,1,poor,NA
AIMS,2021-12-17T04:00:00Z,TLM12,STIC,20210928-20220221,HS,21059656,3616.7,13.076,2.4053205519,1,poor,NA
AIMS,2021-12-17T04:15:00Z,TLM12,STIC,20210928-20220221,HS,21059656,3616.7,12.98,2.4053205519,1,poor,NA
AIMS,2021-12-17T04:30:00Z,TLM12,STIC,20210928-20220221,HS,21059656,3616.7,12.98,2.4053205519,1,poor,NA
AIMS,2021-12-17T04:45:00Z,TLM12,STIC,20210928-20220221,HS,21059656,3616.7,12.883,2.4053205519,1,poor,NA
AIMS,2021-12-17T05:00:00Z,TLM12,STIC,20210928-20220221,HS,21059656,3616.7,12.883,2.4053205519,1,poor,NA
AIMS,2021-12-17T05:15:00Z,TLM12,STIC,20210928-20220221,HS,21059656,3616.7,12.883,2.4053205519,1,poor,NA
AIMS,2021-12-17T05:30:00Z,TLM12,STIC,20210928-20220221,HS,21059656,3616.7,12.883,2.4053205519,1,poor,NA
AIMS,2021-12-17T05:45:00Z,TLM12,STIC,20210928-20220221,HS,21059656,3616.7,12.787,2.4053205519,1,poor,NA
AIMS,2021-12-17T06:00:00Z,TLM12,STIC,20210928-20220221,HS,21059656,3616.7,12.787,2.4053205519,1,poor,NA
AIMS,2021-12-17T06:15:00Z,TLM12,STIC,20210928-20220221,HS,21059656,3616.7,12.787,2.4053205519,1,poor,NA
AIMS,2021-12-17T06:30:00Z,TLM12,STIC,20210928-20220221,HS,21059656,3616.7,12.787,2.4053205519,1,poor,NA
AIMS,2021-12-17T06:45:00Z,TLM12,STIC,20210928-20220221,HS,21059656,3616.7,12.787,2.4053205519,1,poor,NA
AIMS,2021-12-17T07:00:00Z,TLM12,STIC,20210928-20220221,HS,21059656,3616.7,12.787,2.4053205519,1,poor,NA
AIMS,2021-12-17T07:15:00Z,TLM12,STIC,20210928-20220221,HS,21059656,3616.7,12.787,2.4053205519,1,poor,NA
AIMS,2021-12-17T07:30:00Z,TLM12,STIC,20210928-20220221,HS,21059656,3616.7,12.787,2.4053205519,1,poor,NA
AIMS,2021-12-17T07:45:00Z,TLM12,STIC,20210928-20220221,HS,21059656,3616.7,12.787,2.4053205519,1,poor,NA
AIMS,2021-12-17T08:00:00Z,TLM12,STIC,20210928-20220221,HS,21059656,3616.7,12.787,2.4053205519,1,poor,NA
AIMS,2021-12-17T08:15:00Z,TLM12,STIC,20210928-20220221,HS,21059656,3616.7,12.787,2.4053205519,1,poor,NA
AIMS,2021-12-17T08:30:00Z,TLM12,STIC,20210928-20220221,HS,21059656,3616.7,12.787,2.4053205519,1,poor,NA
AIMS,2021-12-17T08:45:00Z,TLM12,STIC,20210928-20220221,HS,21059656,3616.7,12.883,2.4053205519,1,poor,NA
AIMS,2021-12-17T09:00:00Z,TLM12,STIC,20210928-20220221,HS,21059656,3616.7,12.883,2.4053205519,1,poor,NA
AIMS,2021-12-17T09:15:00Z,TLM12,STIC,20210928-20220221,HS,21059656,3616.7,12.883,2.4053205519,1,poor,NA
AIMS,2021-12-17T09:30:00Z,TLM12,STIC,20210928-20220221,HS,21059656,3616.7,12.883,2.4053205519,1,poor,NA
AIMS,2021-12-17T09:45:00Z,TLM12,STIC,20210928-20220221,HS,21059656,3788.9,12.883,2.882610219299999,1,poor,NA
AIMS,2021-12-17T10:00:00Z,TLM12,STIC,20210928-20220221,HS,21059656,3788.9,12.883,2.882610219299999,1,poor,NA
AIMS,2021-12-17T10:15:00Z,TLM12,STIC,20210928-20220221,HS,21059656,3788.9,12.883,2.882610219299999,1,poor,NA
AIMS,2021-12-17T10:30:00Z,TLM12,STIC,20210928-20220221,HS,21059656,3788.9,12.883,2.882610219299999,1,poor,NA
AIMS,2021-12-17T10:45:00Z,TLM12,STIC,20210928-20220221,HS,21059656,3788.9,12.883,2.882610219299999,1,poor,NA
AIMS,2021-12-17T11:00:00Z,TLM12,STIC,20210928-20220221,HS,21059656,3788.9,12.883,2.882610219299999,1,poor,NA
AIMS,2021-12-17T11:15:00Z,TLM12,STIC,20210928-20220221,HS,21059656,3788.9,12.883,2.882610219299999,1,poor,NA
AIMS,2021-12-17T11:30:00Z,TLM12,STIC,20210928-20220221,HS,21059656,3788.9,12.98,2.882610219299999,1,poor,NA
AIMS,2021-12-17T11:45:00Z,TLM12,STIC,20210928-20220221,HS,21059656,3788.9,12.98,2.882610219299999,1,poor,NA
AIMS,2021-12-17T12:00:00Z,TLM12,STIC,20210928-20220221,HS,21059656,3788.9,12.98,2.882610219299999,1,poor,NA
AIMS,2021-12-17T12:15:00Z,TLM12,STIC,20210928-20220221,HS,21059656,3788.9,12.98,2.882610219299999,1,poor,NA
AIMS,2021-12-17T12:30:00Z,TLM12,STIC,20210928-20220221,HS,21059656,3788.9,12.98,2.882610219299999,1,poor,NA
AIMS,2021-12-17T12:45:00Z,TLM12,STIC,20210928-20220221,HS,21059656,3788.9,12.98,2.882610219299999,1,poor,NA
AIMS,2021-12-17T13:00:00Z,TLM12,STIC,20210928-20220221,HS,21059656,3788.9,12.98,2.882610219299999,1,poor,NA
AIMS,2021-12-17T13:15:00Z,TLM12,STIC,20210928-20220221,HS,21059656,3788.9,12.98,2.882610219299999,1,poor,NA
AIMS,2021-12-17T13:30:00Z,TLM12,STIC,20210928-20220221,HS,21059656,3788.9,12.98,2.882610219299999,1,poor,NA
AIMS,2021-12-17T13:45:00Z,TLM12,STIC,20210928-20220221,HS,21059656,3788.9,12.98,2.882610219299999,1,poor,NA
AIMS,2021-12-17T14:00:00Z,TLM12,STIC,20210928-20220221,HS,21059656,3788.9,12.98,2.882610219299999,1,poor,NA
AIMS,2021-12-17T14:15:00Z,TLM12,STIC,20210928-20220221,HS,21059656,3788.9,12.98,2.882610219299999,1,poor,NA
AIMS,2021-12-17T14:30:00Z,TLM12,STIC,20210928-20220221,HS,21059656,3788.9,12.98,2.882610219299999,1,poor,NA
AIMS,2021-12-17T14:45:00Z,TLM12,STIC,20210928-20220221,HS,21059656,3788.9,12.98,2.882610219299999,1,poor,NA
AIMS,2021-12-17T15:00:00Z,TLM12,STIC,20210928-20220221,HS,21059656,3788.9,13.076,2.882610219299999,1,poor,NA
AIMS,2021-12-17T15:15:00Z,TLM12,STIC,20210928-20220221,HS,21059656,3788.9,13.076,2.882610219299999,1,poor,NA
AIMS,2021-12-17T15:30:00Z,TLM12,STIC,20210928-20220221,HS,21059656,3788.9,13.076,2.882610219299999,1,poor,NA
AIMS,2021-12-17T15:45:00Z,TLM12,STIC,20210928-20220221,HS,21059656,3788.9,13.076,2.882610219299999,1,poor,NA
AIMS,2021-12-17T16:00:00Z,TLM12,STIC,20210928-20220221,HS,21059656,3788.9,13.173,2.882610219299999,1,poor,NA
AIMS,2021-12-17T16:15:00Z,TLM12,STIC,20210928-20220221,HS,21059656,3788.9,13.173,2.882610219299999,1,poor,NA
AIMS,2021-12-17T16:30:00Z,TLM12,STIC,20210928-20220221,HS,21059656,3788.9,13.269,2.882610219299999,1,poor,NA
AIMS,2021-12-17T16:45:00Z,TLM12,STIC,20210928-20220221,HS,21059656,3788.9,13.365,2.882610219299999,1,poor,NA
AIMS,2021-12-17T17:00:00Z,TLM12,STIC,20210928-20220221,HS,21059656,3788.9,13.365,2.882610219299999,1,poor,NA
AIMS,2021-12-17T17:15:00Z,TLM12,STIC,20210928-20220221,HS,21059656,3788.9,13.461,2.882610219299999,1,poor,NA
AIMS,2021-12-17T17:30:00Z,TLM12,STIC,20210928-20220221,HS,21059656,3788.9,13.558,2.882610219299999,1,poor,NA
AIMS,2021-12-17T17:45:00Z,TLM12,STIC,20210928-20220221,HS,21059656,3788.9,13.558,2.882610219299999,1,poor,NA
AIMS,2021-12-17T18:00:00Z,TLM12,STIC,20210928-20220221,HS,21059656,3788.9,13.654,2.882610219299999,1,poor,NA
AIMS,2021-12-17T18:15:00Z,TLM12,STIC,20210928-20220221,HS,21059656,3788.9,13.75,2.882610219299999,1,poor,NA
AIMS,2021-12-17T18:30:00Z,TLM12,STIC,20210928-20220221,HS,21059656,3788.9,13.846,2.882610219299999,1,poor,NA
AIMS,2021-12-17T18:45:00Z,TLM12,STIC,20210928-20220221,HS,21059656,3788.9,13.942,2.882610219299999,1,poor,NA
AIMS,2021-12-17T19:00:00Z,TLM12,STIC,20210928-20220221,HS,21059656,3788.9,14.038,2.882610219299999,1,poor,NA
AIMS,2021-12-17T19:15:00Z,TLM12,STIC,20210928-20220221,HS,21059656,3788.9,14.23,2.882610219299999,1,poor,NA
AIMS,2021-12-17T19:30:00Z,TLM12,STIC,20210928-20220221,HS,21059656,3788.9,14.325,2.882610219299999,1,poor,NA
AIMS,2021-12-17T19:45:00Z,TLM12,STIC,20210928-20220221,HS,21059656,3788.9,14.325,2.882610219299999,1,poor,NA
AIMS,2021-12-17T20:00:00Z,TLM12,STIC,20210928-20220221,HS,21059656,3788.9,14.421,2.882610219299999,1,poor,NA
AIMS,2021-12-17T20:15:00Z,TLM12,STIC,20210928-20220221,HS,21059656,3961.1,14.517,3.3598998867,1,poor,NA
AIMS,2021-12-17T20:30:00Z,TLM12,STIC,20210928-20220221,HS,21059656,3961.1,14.613,3.3598998867,1,poor,NA
AIMS,2021-12-17T20:45:00Z,TLM12,STIC,20210928-20220221,HS,21059656,3961.1,14.709,3.3598998867,1,poor,NA
AIMS,2021-12-17T21:00:00Z,TLM12,STIC,20210928-20220221,HS,21059656,3788.9,14.709,2.882610219299999,1,poor,NA
AIMS,2021-12-17T21:15:00Z,TLM12,STIC,20210928-20220221,HS,21059656,3788.9,14.804,2.882610219299999,1,poor,NA
AIMS,2021-12-17T21:30:00Z,TLM12,STIC,20210928-20220221,HS,21059656,3961.1,14.804,3.3598998867,1,poor,NA
AIMS,2021-12-17T21:45:00Z,TLM12,STIC,20210928-20220221,HS,21059656,3788.9,14.804,2.882610219299999,1,poor,NA
AIMS,2021-12-17T22:00:00Z,TLM12,STIC,20210928-20220221,HS,21059656,3788.9,14.804,2.882610219299999,1,poor,NA
AIMS,2021-12-17T22:15:00Z,TLM12,STIC,20210928-20220221,HS,21059656,3788.9,14.804,2.882610219299999,1,poor,NA
AIMS,2021-12-17T22:30:00Z,TLM12,STIC,20210928-20220221,HS,21059656,3788.9,14.804,2.882610219299999,1,poor,NA
AIMS,2021-12-17T22:45:00Z,TLM12,STIC,20210928-20220221,HS,21059656,3788.9,14.804,2.882610219299999,1,poor,NA
AIMS,2021-12-17T23:00:00Z,TLM12,STIC,20210928-20220221,HS,21059656,3961.1,14.804,3.3598998867,1,poor,NA
AIMS,2021-12-17T23:15:00Z,TLM12,STIC,20210928-20220221,HS,21059656,3961.1,14.709,3.3598998867,1,poor,NA
AIMS,2021-12-17T23:30:00Z,TLM12,STIC,20210928-20220221,HS,21059656,3961.1,14.709,3.3598998867,1,poor,NA
AIMS,2021-12-17T23:45:00Z,TLM12,STIC,20210928-20220221,HS,21059656,3961.1,14.613,3.3598998867,1,poor,NA
AIMS,2021-12-18T00:00:00Z,TLM12,STIC,20210928-20220221,HS,21059656,3961.1,14.613,3.3598998867,1,poor,NA
AIMS,2021-12-18T00:15:00Z,TLM12,STIC,20210928-20220221,HS,21059656,3961.1,14.613,3.3598998867,1,poor,NA
AIMS,2021-12-18T00:30:00Z,TLM12,STIC,20210928-20220221,HS,21059656,3961.1,14.517,3.3598998867,1,poor,NA
AIMS,2021-12-18T00:45:00Z,TLM12,STIC,20210928-20220221,HS,21059656,3961.1,14.517,3.3598998867,1,poor,NA
AIMS,2021-12-18T01:00:00Z,TLM12,STIC,20210928-20220221,HS,21059656,3961.1,14.421,3.3598998867,1,poor,NA
AIMS,2021-12-18T01:15:00Z,TLM12,STIC,20210928-20220221,HS,21059656,3961.1,14.421,3.3598998867,1,poor,NA
AIMS,2021-12-18T01:30:00Z,TLM12,STIC,20210928-20220221,HS,21059656,3788.9,14.325,2.882610219299999,1,poor,NA
AIMS,2021-12-18T01:45:00Z,TLM12,STIC,20210928-20220221,HS,21059656,3961.1,14.325,3.3598998867,1,poor,NA
AIMS,2021-12-18T02:00:00Z,TLM12,STIC,20210928-20220221,HS,21059656,3961.1,14.23,3.3598998867,1,poor,NA
AIMS,2021-12-18T02:15:00Z,TLM12,STIC,20210928-20220221,HS,21059656,3788.9,14.23,2.882610219299999,1,poor,NA
AIMS,2021-12-18T02:30:00Z,TLM12,STIC,20210928-20220221,HS,21059656,3788.9,14.134,2.882610219299999,1,poor,NA
AIMS,2021-12-18T02:45:00Z,TLM12,STIC,20210928-20220221,HS,21059656,3788.9,14.134,2.882610219299999,1,poor,NA
AIMS,2021-12-18T03:00:00Z,TLM12,STIC,20210928-20220221,HS,21059656,3788.9,14.134,2.882610219299999,1,poor,NA
AIMS,2021-12-18T03:15:00Z,TLM12,STIC,20210928-20220221,HS,21059656,3788.9,14.038,2.882610219299999,1,poor,NA
AIMS,2021-12-18T03:30:00Z,TLM12,STIC,20210928-20220221,HS,21059656,3788.9,14.038,2.882610219299999,1,poor,NA
AIMS,2021-12-18T03:45:00Z,TLM12,STIC,20210928-20220221,HS,21059656,3788.9,14.038,2.882610219299999,1,poor,NA
AIMS,2021-12-18T04:00:00Z,TLM12,STIC,20210928-20220221,HS,21059656,3788.9,13.942,2.882610219299999,1,poor,NA
AIMS,2021-12-18T04:15:00Z,TLM12,STIC,20210928-20220221,HS,21059656,3788.9,13.942,2.882610219299999,1,poor,NA
AIMS,2021-12-18T04:30:00Z,TLM12,STIC,20210928-20220221,HS,21059656,3788.9,13.942,2.882610219299999,1,poor,NA
AIMS,2021-12-18T04:45:00Z,TLM12,STIC,20210928-20220221,HS,21059656,3788.9,13.942,2.882610219299999,1,poor,NA
AIMS,2021-12-18T05:00:00Z,TLM12,STIC,20210928-20220221,HS,21059656,3788.9,13.942,2.882610219299999,1,poor,NA
AIMS,2021-12-18T05:15:00Z,TLM12,STIC,20210928-20220221,HS,21059656,3788.9,13.942,2.882610219299999,1,poor,NA
AIMS,2021-12-18T05:30:00Z,TLM12,STIC,20210928-20220221,HS,21059656,3788.9,13.942,2.882610219299999,1,poor,NA
AIMS,2021-12-18T05:45:00Z,TLM12,STIC,20210928-20220221,HS,21059656,3788.9,13.942,2.882610219299999,1,poor,NA
AIMS,2021-12-18T06:00:00Z,TLM12,STIC,20210928-20220221,HS,21059656,3788.9,13.942,2.882610219299999,1,poor,NA
AIMS,2021-12-18T06:15:00Z,TLM12,STIC,20210928-20220221,HS,21059656,3788.9,13.942,2.882610219299999,1,poor,NA
AIMS,2021-12-18T06:30:00Z,TLM12,STIC,20210928-20220221,HS,21059656,3961.1,13.942,3.3598998867,1,poor,NA
AIMS,2021-12-18T06:45:00Z,TLM12,STIC,20210928-20220221,HS,21059656,3961.1,13.942,3.3598998867,1,poor,NA
AIMS,2021-12-18T07:00:00Z,TLM12,STIC,20210928-20220221,HS,21059656,3961.1,13.942,3.3598998867,1,poor,NA
AIMS,2021-12-18T07:15:00Z,TLM12,STIC,20210928-20220221,HS,21059656,3961.1,13.942,3.3598998867,1,poor,NA
AIMS,2021-12-18T07:30:00Z,TLM12,STIC,20210928-20220221,HS,21059656,3961.1,13.942,3.3598998867,1,poor,NA
AIMS,2021-12-18T07:45:00Z,TLM12,STIC,20210928-20220221,HS,21059656,3961.1,13.942,3.3598998867,1,poor,NA
AIMS,2021-12-18T08:00:00Z,TLM12,STIC,20210928-20220221,HS,21059656,3961.1,13.942,3.3598998867,1,poor,NA
AIMS,2021-12-18T08:15:00Z,TLM12,STIC,20210928-20220221,HS,21059656,3961.1,13.942,3.3598998867,1,poor,NA
AIMS,2021-12-18T08:30:00Z,TLM12,STIC,20210928-20220221,HS,21059656,3961.1,13.942,3.3598998867,1,poor,NA
AIMS,2021-12-18T08:45:00Z,TLM12,STIC,20210928-20220221,HS,21059656,3961.1,14.038,3.3598998867,1,poor,NA
AIMS,2021-12-18T09:00:00Z,TLM12,STIC,20210928-20220221,HS,21059656,3961.1,14.038,3.3598998867,1,poor,NA
AIMS,2021-12-18T09:15:00Z,TLM12,STIC,20210928-20220221,HS,21059656,3961.1,14.038,3.3598998867,1,poor,NA
AIMS,2021-12-18T09:30:00Z,TLM12,STIC,20210928-20220221,HS,21059656,3961.1,14.038,3.3598998867,1,poor,NA
AIMS,2021-12-18T09:45:00Z,TLM12,STIC,20210928-20220221,HS,21059656,3961.1,14.038,3.3598998867,1,poor,NA
AIMS,2021-12-18T10:00:00Z,TLM12,STIC,20210928-20220221,HS,21059656,3961.1,14.038,3.3598998867,1,poor,NA
AIMS,2021-12-18T10:15:00Z,TLM12,STIC,20210928-20220221,HS,21059656,3961.1,14.038,3.3598998867,1,poor,NA
AIMS,2021-12-18T10:30:00Z,TLM12,STIC,20210928-20220221,HS,21059656,3961.1,14.038,3.3598998867,1,poor,NA
AIMS,2021-12-18T10:45:00Z,TLM12,STIC,20210928-20220221,HS,21059656,3961.1,14.038,3.3598998867,1,poor,NA
AIMS,2021-12-18T11:00:00Z,TLM12,STIC,20210928-20220221,HS,21059656,3961.1,14.038,3.3598998867,1,poor,NA
AIMS,2021-12-18T11:15:00Z,TLM12,STIC,20210928-20220221,HS,21059656,3961.1,14.038,3.3598998867,1,poor,NA
AIMS,2021-12-18T11:30:00Z,TLM12,STIC,20210928-20220221,HS,21059656,3961.1,14.038,3.3598998867,1,poor,NA
AIMS,2021-12-18T11:45:00Z,TLM12,STIC,20210928-20220221,HS,21059656,3961.1,14.038,3.3598998867,1,poor,NA
AIMS,2021-12-18T12:00:00Z,TLM12,STIC,20210928-20220221,HS,21059656,3961.1,14.038,3.3598998867,1,poor,NA
AIMS,2021-12-18T12:15:00Z,TLM12,STIC,20210928-20220221,HS,21059656,3961.1,14.038,3.3598998867,1,poor,NA
AIMS,2021-12-18T12:30:00Z,TLM12,STIC,20210928-20220221,HS,21059656,3961.1,14.134,3.3598998867,1,poor,NA
AIMS,2021-12-18T12:45:00Z,TLM12,STIC,20210928-20220221,HS,21059656,3961.1,14.134,3.3598998867,1,poor,NA
AIMS,2021-12-18T13:00:00Z,TLM12,STIC,20210928-20220221,HS,21059656,3961.1,14.134,3.3598998867,1,poor,NA
AIMS,2021-12-18T13:15:00Z,TLM12,STIC,20210928-20220221,HS,21059656,3961.1,14.134,3.3598998867,1,poor,NA
AIMS,2021-12-18T13:30:00Z,TLM12,STIC,20210928-20220221,HS,21059656,3961.1,14.23,3.3598998867,1,poor,NA
AIMS,2021-12-18T13:45:00Z,TLM12,STIC,20210928-20220221,HS,21059656,3961.1,14.23,3.3598998867,1,poor,NA
AIMS,2021-12-18T14:00:00Z,TLM12,STIC,20210928-20220221,HS,21059656,3961.1,14.23,3.3598998867,1,poor,NA
AIMS,2021-12-18T14:15:00Z,TLM12,STIC,20210928-20220221,HS,21059656,3961.1,14.23,3.3598998867,1,poor,NA
AIMS,2021-12-18T14:30:00Z,TLM12,STIC,20210928-20220221,HS,21059656,3961.1,14.23,3.3598998867,1,poor,NA
AIMS,2021-12-18T14:45:00Z,TLM12,STIC,20210928-20220221,HS,21059656,3961.1,14.23,3.3598998867,1,poor,NA
AIMS,2021-12-18T15:00:00Z,TLM12,STIC,20210928-20220221,HS,21059656,3961.1,14.325,3.3598998867,1,poor,NA
AIMS,2021-12-18T15:15:00Z,TLM12,STIC,20210928-20220221,HS,21059656,3961.1,14.325,3.3598998867,1,poor,NA
AIMS,2021-12-18T15:30:00Z,TLM12,STIC,20210928-20220221,HS,21059656,3961.1,14.325,3.3598998867,1,poor,NA
AIMS,2021-12-18T15:45:00Z,TLM12,STIC,20210928-20220221,HS,21059656,3961.1,14.325,3.3598998867,1,poor,NA
AIMS,2021-12-18T16:00:00Z,TLM12,STIC,20210928-20220221,HS,21059656,4133.4,14.325,3.837466725799998,1,poor,NA
AIMS,2021-12-18T16:15:00Z,TLM12,STIC,20210928-20220221,HS,21059656,4133.4,14.421,3.837466725799998,1,poor,NA
AIMS,2021-12-18T16:30:00Z,TLM12,STIC,20210928-20220221,HS,21059656,4133.4,14.421,3.837466725799998,1,poor,NA
AIMS,2021-12-18T16:45:00Z,TLM12,STIC,20210928-20220221,HS,21059656,4133.4,14.421,3.837466725799998,1,poor,NA
AIMS,2021-12-18T17:00:00Z,TLM12,STIC,20210928-20220221,HS,21059656,4133.4,14.421,3.837466725799998,1,poor,NA
AIMS,2021-12-18T17:15:00Z,TLM12,STIC,20210928-20220221,HS,21059656,4133.4,14.421,3.837466725799998,1,poor,NA
AIMS,2021-12-18T17:30:00Z,TLM12,STIC,20210928-20220221,HS,21059656,4133.4,14.517,3.837466725799998,1,poor,NA
AIMS,2021-12-18T17:45:00Z,TLM12,STIC,20210928-20220221,HS,21059656,4133.4,14.517,3.837466725799998,1,poor,NA
AIMS,2021-12-18T18:00:00Z,TLM12,STIC,20210928-20220221,HS,21059656,4133.4,14.613,3.837466725799998,1,poor,NA
AIMS,2021-12-18T18:15:00Z,TLM12,STIC,20210928-20220221,HS,21059656,4133.4,14.709,3.837466725799998,1,poor,NA
AIMS,2021-12-18T18:30:00Z,TLM12,STIC,20210928-20220221,HS,21059656,4133.4,14.9,3.837466725799998,1,poor,NA
AIMS,2021-12-18T18:45:00Z,TLM12,STIC,20210928-20220221,HS,21059656,4133.4,14.996,3.837466725799998,1,poor,NA
AIMS,2021-12-18T19:00:00Z,TLM12,STIC,20210928-20220221,HS,21059656,4133.4,15.091,3.837466725799998,1,poor,NA
AIMS,2021-12-18T19:15:00Z,TLM12,STIC,20210928-20220221,HS,21059656,4133.4,15.282,3.837466725799998,1,poor,NA
AIMS,2021-12-18T19:30:00Z,TLM12,STIC,20210928-20220221,HS,21059656,4133.4,15.378,3.837466725799998,1,poor,NA
AIMS,2021-12-18T19:45:00Z,TLM12,STIC,20210928-20220221,HS,21059656,4133.4,15.473,3.837466725799998,1,poor,NA
AIMS,2021-12-18T20:00:00Z,TLM12,STIC,20210928-20220221,HS,21059656,4133.4,15.473,3.837466725799998,1,poor,NA
AIMS,2021-12-18T20:15:00Z,TLM12,STIC,20210928-20220221,HS,21059656,4133.4,15.569,3.837466725799998,1,poor,NA
AIMS,2021-12-18T20:30:00Z,TLM12,STIC,20210928-20220221,HS,21059656,4133.4,15.664,3.837466725799998,1,poor,NA
AIMS,2021-12-18T20:45:00Z,TLM12,STIC,20210928-20220221,HS,21059656,4133.4,15.664,3.837466725799998,1,poor,NA
AIMS,2021-12-18T21:00:00Z,TLM12,STIC,20210928-20220221,HS,21059656,4133.4,15.76,3.837466725799998,1,poor,NA
AIMS,2021-12-18T21:15:00Z,TLM12,STIC,20210928-20220221,HS,21059656,4133.4,15.76,3.837466725799998,1,poor,NA
AIMS,2021-12-18T21:30:00Z,TLM12,STIC,20210928-20220221,HS,21059656,4133.4,15.76,3.837466725799998,1,poor,NA
AIMS,2021-12-18T21:45:00Z,TLM12,STIC,20210928-20220221,HS,21059656,4133.4,15.76,3.837466725799998,1,poor,NA
AIMS,2021-12-18T22:00:00Z,TLM12,STIC,20210928-20220221,HS,21059656,4133.4,15.76,3.837466725799998,1,poor,NA
AIMS,2021-12-18T22:15:00Z,TLM12,STIC,20210928-20220221,HS,21059656,4133.4,15.76,3.837466725799998,1,poor,NA
AIMS,2021-12-18T22:30:00Z,TLM12,STIC,20210928-20220221,HS,21059656,4133.4,15.664,3.837466725799998,1,poor,NA
AIMS,2021-12-18T22:45:00Z,TLM12,STIC,20210928-20220221,HS,21059656,4305.6,15.664,4.314756393200001,1,poor,NA
AIMS,2021-12-18T23:00:00Z,TLM12,STIC,20210928-20220221,HS,21059656,4305.6,15.569,4.314756393200001,1,poor,NA
AIMS,2021-12-18T23:15:00Z,TLM12,STIC,20210928-20220221,HS,21059656,4133.4,15.569,3.837466725799998,1,poor,NA
AIMS,2021-12-18T23:30:00Z,TLM12,STIC,20210928-20220221,HS,21059656,4133.4,15.473,3.837466725799998,1,poor,NA
AIMS,2021-12-18T23:45:00Z,TLM12,STIC,20210928-20220221,HS,21059656,4133.4,15.473,3.837466725799998,1,poor,NA
AIMS,2021-12-19T00:00:00Z,TLM12,STIC,20210928-20220221,HS,21059656,4133.4,15.473,3.837466725799998,1,poor,NA
AIMS,2021-12-19T00:15:00Z,TLM12,STIC,20210928-20220221,HS,21059656,4133.4,15.378,3.837466725799998,1,poor,NA
AIMS,2021-12-19T00:30:00Z,TLM12,STIC,20210928-20220221,HS,21059656,4133.4,15.282,3.837466725799998,1,poor,NA
AIMS,2021-12-19T00:45:00Z,TLM12,STIC,20210928-20220221,HS,21059656,4133.4,15.282,3.837466725799998,1,poor,NA
AIMS,2021-12-19T01:00:00Z,TLM12,STIC,20210928-20220221,HS,21059656,4133.4,15.187,3.837466725799998,1,poor,NA
AIMS,2021-12-19T01:15:00Z,TLM12,STIC,20210928-20220221,HS,21059656,4133.4,15.187,3.837466725799998,1,poor,NA
AIMS,2021-12-19T01:30:00Z,TLM12,STIC,20210928-20220221,HS,21059656,4133.4,15.091,3.837466725799998,1,poor,NA
AIMS,2021-12-19T01:45:00Z,TLM12,STIC,20210928-20220221,HS,21059656,4305.6,15.091,4.314756393200001,1,poor,NA
AIMS,2021-12-19T02:00:00Z,TLM12,STIC,20210928-20220221,HS,21059656,4305.6,14.996,4.314756393200001,1,poor,NA
AIMS,2021-12-19T02:15:00Z,TLM12,STIC,20210928-20220221,HS,21059656,4133.4,14.9,3.837466725799998,1,poor,NA
AIMS,2021-12-19T02:30:00Z,TLM12,STIC,20210928-20220221,HS,21059656,4305.6,14.9,4.314756393200001,1,poor,NA
AIMS,2021-12-19T02:45:00Z,TLM12,STIC,20210928-20220221,HS,21059656,4305.6,14.804,4.314756393200001,1,poor,NA
AIMS,2021-12-19T03:00:00Z,TLM12,STIC,20210928-20220221,HS,21059656,4305.6,14.804,4.314756393200001,1,poor,NA
AIMS,2021-12-19T03:15:00Z,TLM12,STIC,20210928-20220221,HS,21059656,4305.6,14.804,4.314756393200001,1,poor,NA
AIMS,2021-12-19T03:30:00Z,TLM12,STIC,20210928-20220221,HS,21059656,4133.4,14.709,3.837466725799998,1,poor,NA
AIMS,2021-12-19T03:45:00Z,TLM12,STIC,20210928-20220221,HS,21059656,4133.4,14.709,3.837466725799998,1,poor,NA
AIMS,2021-12-19T04:00:00Z,TLM12,STIC,20210928-20220221,HS,21059656,4133.4,14.709,3.837466725799998,1,poor,NA
AIMS,2021-12-19T04:15:00Z,TLM12,STIC,20210928-20220221,HS,21059656,4133.4,14.613,3.837466725799998,1,poor,NA
AIMS,2021-12-19T04:30:00Z,TLM12,STIC,20210928-20220221,HS,21059656,4133.4,14.613,3.837466725799998,1,poor,NA
AIMS,2021-12-19T04:45:00Z,TLM12,STIC,20210928-20220221,HS,21059656,4133.4,14.613,3.837466725799998,1,poor,NA
AIMS,2021-12-19T05:00:00Z,TLM12,STIC,20210928-20220221,HS,21059656,4133.4,14.517,3.837466725799998,1,poor,NA
AIMS,2021-12-19T05:15:00Z,TLM12,STIC,20210928-20220221,HS,21059656,4133.4,14.517,3.837466725799998,1,poor,NA
AIMS,2021-12-19T05:30:00Z,TLM12,STIC,20210928-20220221,HS,21059656,4133.4,14.517,3.837466725799998,1,poor,NA
AIMS,2021-12-19T05:45:00Z,TLM12,STIC,20210928-20220221,HS,21059656,4133.4,14.517,3.837466725799998,1,poor,NA
AIMS,2021-12-19T06:00:00Z,TLM12,STIC,20210928-20220221,HS,21059656,4133.4,14.421,3.837466725799998,1,poor,NA
AIMS,2021-12-19T06:15:00Z,TLM12,STIC,20210928-20220221,HS,21059656,4133.4,14.421,3.837466725799998,1,poor,NA
AIMS,2021-12-19T06:30:00Z,TLM12,STIC,20210928-20220221,HS,21059656,4133.4,14.421,3.837466725799998,1,poor,NA
AIMS,2021-12-19T06:45:00Z,TLM12,STIC,20210928-20220221,HS,21059656,4133.4,14.421,3.837466725799998,1,poor,NA
AIMS,2021-12-19T07:00:00Z,TLM12,STIC,20210928-20220221,HS,21059656,4133.4,14.421,3.837466725799998,1,poor,NA
AIMS,2021-12-19T07:15:00Z,TLM12,STIC,20210928-20220221,HS,21059656,4133.4,14.421,3.837466725799998,1,poor,NA
AIMS,2021-12-19T07:30:00Z,TLM12,STIC,20210928-20220221,HS,21059656,4133.4,14.421,3.837466725799998,1,poor,NA
AIMS,2021-12-19T07:45:00Z,TLM12,STIC,20210928-20220221,HS,21059656,4133.4,14.421,3.837466725799998,1,poor,NA
AIMS,2021-12-19T08:00:00Z,TLM12,STIC,20210928-20220221,HS,21059656,4133.4,14.421,3.837466725799998,1,poor,NA
AIMS,2021-12-19T08:15:00Z,TLM12,STIC,20210928-20220221,HS,21059656,4133.4,14.325,3.837466725799998,1,poor,NA
AIMS,2021-12-19T08:30:00Z,TLM12,STIC,20210928-20220221,HS,21059656,4133.4,14.421,3.837466725799998,1,poor,NA
AIMS,2021-12-19T08:45:00Z,TLM12,STIC,20210928-20220221,HS,21059656,4133.4,14.325,3.837466725799998,1,poor,NA
AIMS,2021-12-19T09:00:00Z,TLM12,STIC,20210928-20220221,HS,21059656,4133.4,14.325,3.837466725799998,1,poor,NA
AIMS,2021-12-19T09:15:00Z,TLM12,STIC,20210928-20220221,HS,21059656,4133.4,14.325,3.837466725799998,1,poor,NA
AIMS,2021-12-19T09:30:00Z,TLM12,STIC,20210928-20220221,HS,21059656,4133.4,14.325,3.837466725799998,1,poor,NA
AIMS,2021-12-19T09:45:00Z,TLM12,STIC,20210928-20220221,HS,21059656,4133.4,14.325,3.837466725799998,1,poor,NA
AIMS,2021-12-19T10:00:00Z,TLM12,STIC,20210928-20220221,HS,21059656,4133.4,14.23,3.837466725799998,1,poor,NA
AIMS,2021-12-19T10:15:00Z,TLM12,STIC,20210928-20220221,HS,21059656,4133.4,14.23,3.837466725799998,1,poor,NA
AIMS,2021-12-19T10:30:00Z,TLM12,STIC,20210928-20220221,HS,21059656,4133.4,14.134,3.837466725799998,1,poor,NA
AIMS,2021-12-19T10:45:00Z,TLM12,STIC,20210928-20220221,HS,21059656,4133.4,14.134,3.837466725799998,1,poor,NA
AIMS,2021-12-19T11:00:00Z,TLM12,STIC,20210928-20220221,HS,21059656,4133.4,14.038,3.837466725799998,1,poor,NA
AIMS,2021-12-19T11:15:00Z,TLM12,STIC,20210928-20220221,HS,21059656,4133.4,13.942,3.837466725799998,1,poor,NA
AIMS,2021-12-19T11:30:00Z,TLM12,STIC,20210928-20220221,HS,21059656,4133.4,13.942,3.837466725799998,1,poor,NA
AIMS,2021-12-19T11:45:00Z,TLM12,STIC,20210928-20220221,HS,21059656,4133.4,13.846,3.837466725799998,1,poor,NA
AIMS,2021-12-19T12:00:00Z,TLM12,STIC,20210928-20220221,HS,21059656,4133.4,13.75,3.837466725799998,1,poor,NA
AIMS,2021-12-19T12:15:00Z,TLM12,STIC,20210928-20220221,HS,21059656,4133.4,13.654,3.837466725799998,1,poor,NA
AIMS,2021-12-19T12:30:00Z,TLM12,STIC,20210928-20220221,HS,21059656,4133.4,13.558,3.837466725799998,1,poor,NA
AIMS,2021-12-19T12:45:00Z,TLM12,STIC,20210928-20220221,HS,21059656,4133.4,13.461,3.837466725799998,1,poor,NA
AIMS,2021-12-19T13:00:00Z,TLM12,STIC,20210928-20220221,HS,21059656,4133.4,13.365,3.837466725799998,1,poor,NA
AIMS,2021-12-19T13:15:00Z,TLM12,STIC,20210928-20220221,HS,21059656,4133.4,13.269,3.837466725799998,1,poor,NA
AIMS,2021-12-19T13:30:00Z,TLM12,STIC,20210928-20220221,HS,21059656,4133.4,13.269,3.837466725799998,1,poor,NA
AIMS,2021-12-19T13:45:00Z,TLM12,STIC,20210928-20220221,HS,21059656,4133.4,13.173,3.837466725799998,1,poor,NA
AIMS,2021-12-19T14:00:00Z,TLM12,STIC,20210928-20220221,HS,21059656,4133.4,13.173,3.837466725799998,1,poor,NA
AIMS,2021-12-19T14:15:00Z,TLM12,STIC,20210928-20220221,HS,21059656,4133.4,13.173,3.837466725799998,1,poor,NA
AIMS,2021-12-19T14:30:00Z,TLM12,STIC,20210928-20220221,HS,21059656,4133.4,13.076,3.837466725799998,1,poor,NA
AIMS,2021-12-19T14:45:00Z,TLM12,STIC,20210928-20220221,HS,21059656,4133.4,13.076,3.837466725799998,1,poor,NA
AIMS,2021-12-19T15:00:00Z,TLM12,STIC,20210928-20220221,HS,21059656,4133.4,12.98,3.837466725799998,1,poor,NA
AIMS,2021-12-19T15:15:00Z,TLM12,STIC,20210928-20220221,HS,21059656,4133.4,12.883,3.837466725799998,1,poor,NA
AIMS,2021-12-19T15:30:00Z,TLM12,STIC,20210928-20220221,HS,21059656,4133.4,12.883,3.837466725799998,1,poor,NA
AIMS,2021-12-19T15:45:00Z,TLM12,STIC,20210928-20220221,HS,21059656,4133.4,12.787,3.837466725799998,1,poor,NA
AIMS,2021-12-19T16:00:00Z,TLM12,STIC,20210928-20220221,HS,21059656,4133.4,12.787,3.837466725799998,1,poor,NA
AIMS,2021-12-19T16:15:00Z,TLM12,STIC,20210928-20220221,HS,21059656,4133.4,12.787,3.837466725799998,1,poor,NA
AIMS,2021-12-19T16:30:00Z,TLM12,STIC,20210928-20220221,HS,21059656,4133.4,12.787,3.837466725799998,1,poor,NA
AIMS,2021-12-19T16:45:00Z,TLM12,STIC,20210928-20220221,HS,21059656,4133.4,12.787,3.837466725799998,1,poor,NA
AIMS,2021-12-19T17:00:00Z,TLM12,STIC,20210928-20220221,HS,21059656,4133.4,12.787,3.837466725799998,1,poor,NA
AIMS,2021-12-19T17:15:00Z,TLM12,STIC,20210928-20220221,HS,21059656,4133.4,12.883,3.837466725799998,1,poor,NA
AIMS,2021-12-19T17:30:00Z,TLM12,STIC,20210928-20220221,HS,21059656,4133.4,12.883,3.837466725799998,1,poor,NA
AIMS,2021-12-19T17:45:00Z,TLM12,STIC,20210928-20220221,HS,21059656,4133.4,12.883,3.837466725799998,1,poor,NA
AIMS,2021-12-19T18:00:00Z,TLM12,STIC,20210928-20220221,HS,21059656,4133.4,12.883,3.837466725799998,1,poor,NA
AIMS,2021-12-19T18:15:00Z,TLM12,STIC,20210928-20220221,HS,21059656,4133.4,12.883,3.837466725799998,1,poor,NA
AIMS,2021-12-19T18:30:00Z,TLM12,STIC,20210928-20220221,HS,21059656,4133.4,12.883,3.837466725799998,1,poor,NA
AIMS,2021-12-19T18:45:00Z,TLM12,STIC,20210928-20220221,HS,21059656,4133.4,12.883,3.837466725799998,1,poor,NA
AIMS,2021-12-19T19:00:00Z,TLM12,STIC,20210928-20220221,HS,21059656,4133.4,12.98,3.837466725799998,1,poor,NA
AIMS,2021-12-19T19:15:00Z,TLM12,STIC,20210928-20220221,HS,21059656,4133.4,12.98,3.837466725799998,1,poor,NA
AIMS,2021-12-19T19:30:00Z,TLM12,STIC,20210928-20220221,HS,21059656,4133.4,12.98,3.837466725799998,1,poor,NA
AIMS,2021-12-19T19:45:00Z,TLM12,STIC,20210928-20220221,HS,21059656,4133.4,12.98,3.837466725799998,1,poor,NA
AIMS,2021-12-19T20:00:00Z,TLM12,STIC,20210928-20220221,HS,21059656,4133.4,12.98,3.837466725799998,1,poor,NA
AIMS,2021-12-19T20:15:00Z,TLM12,STIC,20210928-20220221,HS,21059656,4133.4,12.98,3.837466725799998,1,poor,NA
AIMS,2021-12-19T20:30:00Z,TLM12,STIC,20210928-20220221,HS,21059656,4133.4,12.98,3.837466725799998,1,poor,NA
AIMS,2021-12-19T20:45:00Z,TLM12,STIC,20210928-20220221,HS,21059656,4133.4,12.883,3.837466725799998,1,poor,NA
AIMS,2021-12-19T21:00:00Z,TLM12,STIC,20210928-20220221,HS,21059656,4133.4,12.883,3.837466725799998,1,poor,NA
AIMS,2021-12-19T21:15:00Z,TLM12,STIC,20210928-20220221,HS,21059656,4133.4,12.787,3.837466725799998,1,poor,NA
AIMS,2021-12-19T21:30:00Z,TLM12,STIC,20210928-20220221,HS,21059656,4133.4,12.787,3.837466725799998,1,poor,NA
AIMS,2021-12-19T21:45:00Z,TLM12,STIC,20210928-20220221,HS,21059656,3961.1,12.69,3.3598998867,1,poor,NA
AIMS,2021-12-19T22:00:00Z,TLM12,STIC,20210928-20220221,HS,21059656,3961.1,12.594,3.3598998867,1,poor,NA
AIMS,2021-12-19T22:15:00Z,TLM12,STIC,20210928-20220221,HS,21059656,3961.1,12.594,3.3598998867,1,poor,NA
AIMS,2021-12-19T22:30:00Z,TLM12,STIC,20210928-20220221,HS,21059656,3961.1,12.497,3.3598998867,1,poor,NA
AIMS,2021-12-19T22:45:00Z,TLM12,STIC,20210928-20220221,HS,21059656,3961.1,12.401,3.3598998867,1,poor,NA
AIMS,2021-12-19T23:00:00Z,TLM12,STIC,20210928-20220221,HS,21059656,3961.1,12.304,3.3598998867,1,poor,NA
AIMS,2021-12-19T23:15:00Z,TLM12,STIC,20210928-20220221,HS,21059656,3961.1,12.207,3.3598998867,1,poor,NA
AIMS,2021-12-19T23:30:00Z,TLM12,STIC,20210928-20220221,HS,21059656,3961.1,12.11,3.3598998867,1,poor,NA
AIMS,2021-12-19T23:45:00Z,TLM12,STIC,20210928-20220221,HS,21059656,3961.1,12.013,3.3598998867,1,poor,NA
AIMS,2021-12-20T00:00:00Z,TLM12,STIC,20210928-20220221,HS,21059656,3961.1,12.013,3.3598998867,1,poor,NA
AIMS,2021-12-20T00:15:00Z,TLM12,STIC,20210928-20220221,HS,21059656,3961.1,11.916,3.3598998867,1,poor,NA
AIMS,2021-12-20T00:30:00Z,TLM12,STIC,20210928-20220221,HS,21059656,3961.1,11.819,3.3598998867,1,poor,NA
AIMS,2021-12-20T00:45:00Z,TLM12,STIC,20210928-20220221,HS,21059656,3961.1,11.722,3.3598998867,1,poor,NA
AIMS,2021-12-20T01:00:00Z,TLM12,STIC,20210928-20220221,HS,21059656,3961.1,11.625,3.3598998867,1,poor,NA
AIMS,2021-12-20T01:15:00Z,TLM12,STIC,20210928-20220221,HS,21059656,3961.1,11.528,3.3598998867,1,poor,NA
AIMS,2021-12-20T01:30:00Z,TLM12,STIC,20210928-20220221,HS,21059656,3961.1,11.528,3.3598998867,1,poor,NA
AIMS,2021-12-20T01:45:00Z,TLM12,STIC,20210928-20220221,HS,21059656,3961.1,11.431,3.3598998867,1,poor,NA
AIMS,2021-12-20T02:00:00Z,TLM12,STIC,20210928-20220221,HS,21059656,3961.1,11.334,3.3598998867,1,poor,NA
AIMS,2021-12-20T02:15:00Z,TLM12,STIC,20210928-20220221,HS,21059656,3961.1,11.334,3.3598998867,1,poor,NA
AIMS,2021-12-20T02:30:00Z,TLM12,STIC,20210928-20220221,HS,21059656,3961.1,11.236,3.3598998867,1,poor,NA
AIMS,2021-12-20T02:45:00Z,TLM12,STIC,20210928-20220221,HS,21059656,3961.1,11.139,3.3598998867,1,poor,NA
AIMS,2021-12-20T03:00:00Z,TLM12,STIC,20210928-20220221,HS,21059656,3961.1,11.041,3.3598998867,1,poor,NA
AIMS,2021-12-20T03:15:00Z,TLM12,STIC,20210928-20220221,HS,21059656,3961.1,10.944,3.3598998867,1,poor,NA
AIMS,2021-12-20T03:30:00Z,TLM12,STIC,20210928-20220221,HS,21059656,3961.1,10.846,3.3598998867,1,poor,NA
AIMS,2021-12-20T03:45:00Z,TLM12,STIC,20210928-20220221,HS,21059656,3961.1,10.846,3.3598998867,1,poor,NA
AIMS,2021-12-20T04:00:00Z,TLM12,STIC,20210928-20220221,HS,21059656,3961.1,10.748,3.3598998867,1,poor,NA
AIMS,2021-12-20T04:15:00Z,TLM12,STIC,20210928-20220221,HS,21059656,3961.1,10.651,3.3598998867,1,poor,NA
AIMS,2021-12-20T04:30:00Z,TLM12,STIC,20210928-20220221,HS,21059656,3961.1,10.553,3.3598998867,1,poor,NA
AIMS,2021-12-20T04:45:00Z,TLM12,STIC,20210928-20220221,HS,21059656,3961.1,10.553,3.3598998867,1,poor,NA
AIMS,2021-12-20T05:00:00Z,TLM12,STIC,20210928-20220221,HS,21059656,3961.1,10.455,3.3598998867,1,poor,NA
AIMS,2021-12-20T05:15:00Z,TLM12,STIC,20210928-20220221,HS,21059656,3961.1,10.357,3.3598998867,1,poor,NA
AIMS,2021-12-20T05:30:00Z,TLM12,STIC,20210928-20220221,HS,21059656,3961.1,10.259,3.3598998867,1,poor,NA
AIMS,2021-12-20T05:45:00Z,TLM12,STIC,20210928-20220221,HS,21059656,3961.1,10.161,3.3598998867,1,poor,NA
AIMS,2021-12-20T06:00:00Z,TLM12,STIC,20210928-20220221,HS,21059656,3961.1,10.161,3.3598998867,1,poor,NA
AIMS,2021-12-20T06:15:00Z,TLM12,STIC,20210928-20220221,HS,21059656,3961.1,10.063,3.3598998867,1,poor,NA
AIMS,2021-12-20T06:30:00Z,TLM12,STIC,20210928-20220221,HS,21059656,3961.1,9.965,3.3598998867,1,poor,NA
AIMS,2021-12-20T06:45:00Z,TLM12,STIC,20210928-20220221,HS,21059656,3961.1,9.866,3.3598998867,1,poor,NA
AIMS,2021-12-20T07:00:00Z,TLM12,STIC,20210928-20220221,HS,21059656,3961.1,9.866,3.3598998867,1,poor,NA
AIMS,2021-12-20T07:15:00Z,TLM12,STIC,20210928-20220221,HS,21059656,3788.9,9.768,2.882610219299999,1,poor,NA
AIMS,2021-12-20T07:30:00Z,TLM12,STIC,20210928-20220221,HS,21059656,3788.9,9.768,2.882610219299999,1,poor,NA
AIMS,2021-12-20T07:45:00Z,TLM12,STIC,20210928-20220221,HS,21059656,3788.9,9.669,2.882610219299999,1,poor,NA
AIMS,2021-12-20T08:00:00Z,TLM12,STIC,20210928-20220221,HS,21059656,3788.9,9.669,2.882610219299999,1,poor,NA
AIMS,2021-12-20T08:15:00Z,TLM12,STIC,20210928-20220221,HS,21059656,3788.9,9.571,2.882610219299999,1,poor,NA
AIMS,2021-12-20T08:30:00Z,TLM12,STIC,20210928-20220221,HS,21059656,3788.9,9.571,2.882610219299999,1,poor,NA
AIMS,2021-12-20T08:45:00Z,TLM12,STIC,20210928-20220221,HS,21059656,3788.9,9.571,2.882610219299999,1,poor,NA
AIMS,2021-12-20T09:00:00Z,TLM12,STIC,20210928-20220221,HS,21059656,3788.9,9.472,2.882610219299999,1,poor,NA
AIMS,2021-12-20T09:15:00Z,TLM12,STIC,20210928-20220221,HS,21059656,3788.9,9.472,2.882610219299999,1,poor,NA
AIMS,2021-12-20T09:30:00Z,TLM12,STIC,20210928-20220221,HS,21059656,3788.9,9.373,2.882610219299999,1,poor,NA
AIMS,2021-12-20T09:45:00Z,TLM12,STIC,20210928-20220221,HS,21059656,3788.9,9.373,2.882610219299999,1,poor,NA
AIMS,2021-12-20T10:00:00Z,TLM12,STIC,20210928-20220221,HS,21059656,3788.9,9.275,2.882610219299999,1,poor,NA
AIMS,2021-12-20T10:15:00Z,TLM12,STIC,20210928-20220221,HS,21059656,3788.9,9.275,2.882610219299999,1,poor,NA
AIMS,2021-12-20T10:30:00Z,TLM12,STIC,20210928-20220221,HS,21059656,3788.9,9.176,2.882610219299999,1,poor,NA
AIMS,2021-12-20T10:45:00Z,TLM12,STIC,20210928-20220221,HS,21059656,3788.9,9.176,2.882610219299999,1,poor,NA
AIMS,2021-12-20T11:00:00Z,TLM12,STIC,20210928-20220221,HS,21059656,3788.9,9.077,2.882610219299999,1,poor,NA
AIMS,2021-12-20T11:15:00Z,TLM12,STIC,20210928-20220221,HS,21059656,3788.9,9.077,2.882610219299999,1,poor,NA
AIMS,2021-12-20T11:30:00Z,TLM12,STIC,20210928-20220221,HS,21059656,3788.9,9.077,2.882610219299999,1,poor,NA
AIMS,2021-12-20T11:45:00Z,TLM12,STIC,20210928-20220221,HS,21059656,3788.9,8.978,2.882610219299999,1,poor,NA
AIMS,2021-12-20T12:00:00Z,TLM12,STIC,20210928-20220221,HS,21059656,3788.9,8.978,2.882610219299999,1,poor,NA
AIMS,2021-12-20T12:15:00Z,TLM12,STIC,20210928-20220221,HS,21059656,3788.9,8.978,2.882610219299999,1,poor,NA
AIMS,2021-12-20T12:30:00Z,TLM12,STIC,20210928-20220221,HS,21059656,3788.9,8.978,2.882610219299999,1,poor,NA
AIMS,2021-12-20T12:45:00Z,TLM12,STIC,20210928-20220221,HS,21059656,3788.9,8.879,2.882610219299999,1,poor,NA
AIMS,2021-12-20T13:00:00Z,TLM12,STIC,20210928-20220221,HS,21059656,3788.9,8.879,2.882610219299999,1,poor,NA
AIMS,2021-12-20T13:15:00Z,TLM12,STIC,20210928-20220221,HS,21059656,3788.9,8.879,2.882610219299999,1,poor,NA
AIMS,2021-12-20T13:30:00Z,TLM12,STIC,20210928-20220221,HS,21059656,3788.9,8.879,2.882610219299999,1,poor,NA
AIMS,2021-12-20T13:45:00Z,TLM12,STIC,20210928-20220221,HS,21059656,3788.9,8.879,2.882610219299999,1,poor,NA
AIMS,2021-12-20T14:00:00Z,TLM12,STIC,20210928-20220221,HS,21059656,3788.9,8.879,2.882610219299999,1,poor,NA
AIMS,2021-12-20T14:15:00Z,TLM12,STIC,20210928-20220221,HS,21059656,3788.9,8.879,2.882610219299999,1,poor,NA
AIMS,2021-12-20T14:30:00Z,TLM12,STIC,20210928-20220221,HS,21059656,3788.9,8.879,2.882610219299999,1,poor,NA
AIMS,2021-12-20T14:45:00Z,TLM12,STIC,20210928-20220221,HS,21059656,3788.9,8.879,2.882610219299999,1,poor,NA
AIMS,2021-12-20T15:00:00Z,TLM12,STIC,20210928-20220221,HS,21059656,3788.9,8.978,2.882610219299999,1,poor,NA
AIMS,2021-12-20T15:15:00Z,TLM12,STIC,20210928-20220221,HS,21059656,3788.9,8.978,2.882610219299999,1,poor,NA
AIMS,2021-12-20T15:30:00Z,TLM12,STIC,20210928-20220221,HS,21059656,3788.9,9.077,2.882610219299999,1,poor,NA
AIMS,2021-12-20T15:45:00Z,TLM12,STIC,20210928-20220221,HS,21059656,3788.9,9.077,2.882610219299999,1,poor,NA
AIMS,2021-12-20T16:00:00Z,TLM12,STIC,20210928-20220221,HS,21059656,3788.9,9.176,2.882610219299999,1,poor,NA
AIMS,2021-12-20T16:15:00Z,TLM12,STIC,20210928-20220221,HS,21059656,3788.9,9.176,2.882610219299999,1,poor,NA
AIMS,2021-12-20T16:30:00Z,TLM12,STIC,20210928-20220221,HS,21059656,3788.9,9.275,2.882610219299999,1,poor,NA
AIMS,2021-12-20T16:45:00Z,TLM12,STIC,20210928-20220221,HS,21059656,3788.9,9.373,2.882610219299999,1,poor,NA
AIMS,2021-12-20T17:00:00Z,TLM12,STIC,20210928-20220221,HS,21059656,3788.9,9.472,2.882610219299999,1,poor,NA
AIMS,2021-12-20T17:15:00Z,TLM12,STIC,20210928-20220221,HS,21059656,3788.9,9.472,2.882610219299999,1,poor,NA
AIMS,2021-12-20T17:30:00Z,TLM12,STIC,20210928-20220221,HS,21059656,3788.9,9.571,2.882610219299999,1,poor,NA
AIMS,2021-12-20T17:45:00Z,TLM12,STIC,20210928-20220221,HS,21059656,3788.9,9.669,2.882610219299999,1,poor,NA
AIMS,2021-12-20T18:00:00Z,TLM12,STIC,20210928-20220221,HS,21059656,3788.9,9.768,2.882610219299999,1,poor,NA
AIMS,2021-12-20T18:15:00Z,TLM12,STIC,20210928-20220221,HS,21059656,3788.9,9.768,2.882610219299999,1,poor,NA
AIMS,2021-12-20T18:30:00Z,TLM12,STIC,20210928-20220221,HS,21059656,3788.9,9.866,2.882610219299999,1,poor,NA
AIMS,2021-12-20T18:45:00Z,TLM12,STIC,20210928-20220221,HS,21059656,3788.9,9.965,2.882610219299999,1,poor,NA
AIMS,2021-12-20T19:00:00Z,TLM12,STIC,20210928-20220221,HS,21059656,3788.9,10.063,2.882610219299999,1,poor,NA
AIMS,2021-12-20T19:15:00Z,TLM12,STIC,20210928-20220221,HS,21059656,3788.9,10.063,2.882610219299999,1,poor,NA
AIMS,2021-12-20T19:30:00Z,TLM12,STIC,20210928-20220221,HS,21059656,3788.9,10.161,2.882610219299999,1,poor,NA
AIMS,2021-12-20T19:45:00Z,TLM12,STIC,20210928-20220221,HS,21059656,3961.1,10.259,3.3598998867,1,poor,NA
AIMS,2021-12-20T20:00:00Z,TLM12,STIC,20210928-20220221,HS,21059656,3961.1,10.357,3.3598998867,1,poor,NA
AIMS,2021-12-20T20:15:00Z,TLM12,STIC,20210928-20220221,HS,21059656,3961.1,10.357,3.3598998867,1,poor,NA
AIMS,2021-12-20T20:30:00Z,TLM12,STIC,20210928-20220221,HS,21059656,3961.1,10.455,3.3598998867,1,poor,NA
AIMS,2021-12-20T20:45:00Z,TLM12,STIC,20210928-20220221,HS,21059656,3961.1,10.455,3.3598998867,1,poor,NA
AIMS,2021-12-20T21:00:00Z,TLM12,STIC,20210928-20220221,HS,21059656,3961.1,10.553,3.3598998867,1,poor,NA
AIMS,2021-12-20T21:15:00Z,TLM12,STIC,20210928-20220221,HS,21059656,3961.1,10.553,3.3598998867,1,poor,NA
AIMS,2021-12-20T21:30:00Z,TLM12,STIC,20210928-20220221,HS,21059656,3961.1,10.651,3.3598998867,1,poor,NA
AIMS,2021-12-20T21:45:00Z,TLM12,STIC,20210928-20220221,HS,21059656,3961.1,10.651,3.3598998867,1,poor,NA
AIMS,2021-12-20T22:00:00Z,TLM12,STIC,20210928-20220221,HS,21059656,3961.1,10.651,3.3598998867,1,poor,NA
AIMS,2021-12-20T22:15:00Z,TLM12,STIC,20210928-20220221,HS,21059656,3961.1,10.651,3.3598998867,1,poor,NA
AIMS,2021-12-20T22:30:00Z,TLM12,STIC,20210928-20220221,HS,21059656,3961.1,10.651,3.3598998867,1,poor,NA
AIMS,2021-12-20T22:45:00Z,TLM12,STIC,20210928-20220221,HS,21059656,3961.1,10.651,3.3598998867,1,poor,NA
AIMS,2021-12-20T23:00:00Z,TLM12,STIC,20210928-20220221,HS,21059656,3961.1,10.651,3.3598998867,1,poor,NA
AIMS,2021-12-20T23:15:00Z,TLM12,STIC,20210928-20220221,HS,21059656,3961.1,10.553,3.3598998867,1,poor,NA
AIMS,2021-12-20T23:30:00Z,TLM12,STIC,20210928-20220221,HS,21059656,3961.1,10.553,3.3598998867,1,poor,NA
AIMS,2021-12-20T23:45:00Z,TLM12,STIC,20210928-20220221,HS,21059656,3961.1,10.553,3.3598998867,1,poor,NA
AIMS,2021-12-21T00:00:00Z,TLM12,STIC,20210928-20220221,HS,21059656,3961.1,10.455,3.3598998867,1,poor,NA
AIMS,2021-12-21T00:15:00Z,TLM12,STIC,20210928-20220221,HS,21059656,3961.1,10.455,3.3598998867,1,poor,NA
AIMS,2021-12-21T00:30:00Z,TLM12,STIC,20210928-20220221,HS,21059656,3961.1,10.357,3.3598998867,1,poor,NA
AIMS,2021-12-21T00:45:00Z,TLM12,STIC,20210928-20220221,HS,21059656,3961.1,10.259,3.3598998867,1,poor,NA
AIMS,2021-12-21T01:00:00Z,TLM12,STIC,20210928-20220221,HS,21059656,3961.1,10.259,3.3598998867,1,poor,NA
AIMS,2021-12-21T01:15:00Z,TLM12,STIC,20210928-20220221,HS,21059656,3961.1,10.161,3.3598998867,1,poor,NA
AIMS,2021-12-21T01:30:00Z,TLM12,STIC,20210928-20220221,HS,21059656,3961.1,10.161,3.3598998867,1,poor,NA
AIMS,2021-12-21T01:45:00Z,TLM12,STIC,20210928-20220221,HS,21059656,3961.1,10.063,3.3598998867,1,poor,NA
AIMS,2021-12-21T02:00:00Z,TLM12,STIC,20210928-20220221,HS,21059656,3961.1,9.965,3.3598998867,1,poor,NA
AIMS,2021-12-21T02:15:00Z,TLM12,STIC,20210928-20220221,HS,21059656,3961.1,9.965,3.3598998867,1,poor,NA
AIMS,2021-12-21T02:30:00Z,TLM12,STIC,20210928-20220221,HS,21059656,3961.1,9.866,3.3598998867,1,poor,NA
AIMS,2021-12-21T02:45:00Z,TLM12,STIC,20210928-20220221,HS,21059656,3961.1,9.866,3.3598998867,1,poor,NA
AIMS,2021-12-21T03:00:00Z,TLM12,STIC,20210928-20220221,HS,21059656,3961.1,9.866,3.3598998867,1,poor,NA
AIMS,2021-12-21T03:15:00Z,TLM12,STIC,20210928-20220221,HS,21059656,3961.1,9.768,3.3598998867,1,poor,NA
AIMS,2021-12-21T03:30:00Z,TLM12,STIC,20210928-20220221,HS,21059656,3788.9,9.768,2.882610219299999,1,poor,NA
AIMS,2021-12-21T03:45:00Z,TLM12,STIC,20210928-20220221,HS,21059656,3788.9,9.669,2.882610219299999,1,poor,NA
AIMS,2021-12-21T04:00:00Z,TLM12,STIC,20210928-20220221,HS,21059656,3788.9,9.669,2.882610219299999,1,poor,NA
AIMS,2021-12-21T04:15:00Z,TLM12,STIC,20210928-20220221,HS,21059656,3788.9,9.669,2.882610219299999,1,poor,NA
AIMS,2021-12-21T04:30:00Z,TLM12,STIC,20210928-20220221,HS,21059656,3788.9,9.669,2.882610219299999,1,poor,NA
AIMS,2021-12-21T04:45:00Z,TLM12,STIC,20210928-20220221,HS,21059656,3788.9,9.669,2.882610219299999,1,poor,NA
AIMS,2021-12-21T05:00:00Z,TLM12,STIC,20210928-20220221,HS,21059656,3788.9,9.571,2.882610219299999,1,poor,NA
AIMS,2021-12-21T05:15:00Z,TLM12,STIC,20210928-20220221,HS,21059656,3788.9,9.571,2.882610219299999,1,poor,NA
AIMS,2021-12-21T05:30:00Z,TLM12,STIC,20210928-20220221,HS,21059656,3788.9,9.571,2.882610219299999,1,poor,NA
AIMS,2021-12-21T05:45:00Z,TLM12,STIC,20210928-20220221,HS,21059656,3788.9,9.571,2.882610219299999,1,poor,NA
AIMS,2021-12-21T06:00:00Z,TLM12,STIC,20210928-20220221,HS,21059656,3788.9,9.571,2.882610219299999,1,poor,NA
AIMS,2021-12-21T06:15:00Z,TLM12,STIC,20210928-20220221,HS,21059656,3788.9,9.571,2.882610219299999,1,poor,NA
AIMS,2021-12-21T06:30:00Z,TLM12,STIC,20210928-20220221,HS,21059656,3788.9,9.571,2.882610219299999,1,poor,NA
AIMS,2021-12-21T06:45:00Z,TLM12,STIC,20210928-20220221,HS,21059656,3788.9,9.571,2.882610219299999,1,poor,NA
AIMS,2021-12-21T07:00:00Z,TLM12,STIC,20210928-20220221,HS,21059656,3788.9,9.571,2.882610219299999,1,poor,NA
AIMS,2021-12-21T07:15:00Z,TLM12,STIC,20210928-20220221,HS,21059656,3788.9,9.571,2.882610219299999,1,poor,NA
AIMS,2021-12-21T07:30:00Z,TLM12,STIC,20210928-20220221,HS,21059656,3788.9,9.571,2.882610219299999,1,poor,NA
AIMS,2021-12-21T07:45:00Z,TLM12,STIC,20210928-20220221,HS,21059656,3788.9,9.571,2.882610219299999,1,poor,NA
AIMS,2021-12-21T08:00:00Z,TLM12,STIC,20210928-20220221,HS,21059656,3788.9,9.571,2.882610219299999,1,poor,NA
AIMS,2021-12-21T08:15:00Z,TLM12,STIC,20210928-20220221,HS,21059656,3788.9,9.571,2.882610219299999,1,poor,NA
AIMS,2021-12-21T08:30:00Z,TLM12,STIC,20210928-20220221,HS,21059656,3788.9,9.571,2.882610219299999,1,poor,NA
AIMS,2021-12-21T08:45:00Z,TLM12,STIC,20210928-20220221,HS,21059656,3788.9,9.571,2.882610219299999,1,poor,NA
AIMS,2021-12-21T09:00:00Z,TLM12,STIC,20210928-20220221,HS,21059656,3788.9,9.571,2.882610219299999,1,poor,NA
AIMS,2021-12-21T09:15:00Z,TLM12,STIC,20210928-20220221,HS,21059656,3788.9,9.571,2.882610219299999,1,poor,NA
AIMS,2021-12-21T09:30:00Z,TLM12,STIC,20210928-20220221,HS,21059656,3788.9,9.571,2.882610219299999,1,poor,NA
AIMS,2021-12-21T09:45:00Z,TLM12,STIC,20210928-20220221,HS,21059656,3788.9,9.571,2.882610219299999,1,poor,NA
AIMS,2021-12-21T10:00:00Z,TLM12,STIC,20210928-20220221,HS,21059656,3788.9,9.571,2.882610219299999,1,poor,NA
AIMS,2021-12-21T10:15:00Z,TLM12,STIC,20210928-20220221,HS,21059656,3788.9,9.571,2.882610219299999,1,poor,NA
AIMS,2021-12-21T10:30:00Z,TLM12,STIC,20210928-20220221,HS,21059656,3788.9,9.571,2.882610219299999,1,poor,NA
AIMS,2021-12-21T10:45:00Z,TLM12,STIC,20210928-20220221,HS,21059656,3788.9,9.472,2.882610219299999,1,poor,NA
AIMS,2021-12-21T11:00:00Z,TLM12,STIC,20210928-20220221,HS,21059656,3788.9,9.472,2.882610219299999,1,poor,NA
AIMS,2021-12-21T11:15:00Z,TLM12,STIC,20210928-20220221,HS,21059656,3788.9,9.472,2.882610219299999,1,poor,NA
AIMS,2021-12-21T11:30:00Z,TLM12,STIC,20210928-20220221,HS,21059656,3788.9,9.472,2.882610219299999,1,poor,NA
AIMS,2021-12-21T11:45:00Z,TLM12,STIC,20210928-20220221,HS,21059656,3788.9,9.472,2.882610219299999,1,poor,NA
AIMS,2021-12-21T12:00:00Z,TLM12,STIC,20210928-20220221,HS,21059656,3788.9,9.472,2.882610219299999,1,poor,NA
AIMS,2021-12-21T12:15:00Z,TLM12,STIC,20210928-20220221,HS,21059656,3788.9,9.472,2.882610219299999,1,poor,NA
AIMS,2021-12-21T12:30:00Z,TLM12,STIC,20210928-20220221,HS,21059656,3788.9,9.472,2.882610219299999,1,poor,NA
AIMS,2021-12-21T12:45:00Z,TLM12,STIC,20210928-20220221,HS,21059656,3788.9,9.472,2.882610219299999,1,poor,NA
AIMS,2021-12-21T13:00:00Z,TLM12,STIC,20210928-20220221,HS,21059656,3788.9,9.472,2.882610219299999,1,poor,NA
AIMS,2021-12-21T13:15:00Z,TLM12,STIC,20210928-20220221,HS,21059656,3788.9,9.472,2.882610219299999,1,poor,NA
AIMS,2021-12-21T13:30:00Z,TLM12,STIC,20210928-20220221,HS,21059656,3788.9,9.373,2.882610219299999,1,poor,NA
AIMS,2021-12-21T13:45:00Z,TLM12,STIC,20210928-20220221,HS,21059656,3788.9,9.373,2.882610219299999,1,poor,NA
AIMS,2021-12-21T14:00:00Z,TLM12,STIC,20210928-20220221,HS,21059656,3788.9,9.373,2.882610219299999,1,poor,NA
AIMS,2021-12-21T14:15:00Z,TLM12,STIC,20210928-20220221,HS,21059656,3788.9,9.373,2.882610219299999,1,poor,NA
AIMS,2021-12-21T14:30:00Z,TLM12,STIC,20210928-20220221,HS,21059656,3788.9,9.373,2.882610219299999,1,poor,NA
AIMS,2021-12-21T14:45:00Z,TLM12,STIC,20210928-20220221,HS,21059656,3788.9,9.373,2.882610219299999,1,poor,NA
AIMS,2021-12-21T15:00:00Z,TLM12,STIC,20210928-20220221,HS,21059656,3788.9,9.373,2.882610219299999,1,poor,NA
AIMS,2021-12-21T15:15:00Z,TLM12,STIC,20210928-20220221,HS,21059656,3788.9,9.373,2.882610219299999,1,poor,NA
AIMS,2021-12-21T15:30:00Z,TLM12,STIC,20210928-20220221,HS,21059656,3788.9,9.373,2.882610219299999,1,poor,NA
AIMS,2021-12-21T15:45:00Z,TLM12,STIC,20210928-20220221,HS,21059656,3788.9,9.373,2.882610219299999,1,poor,NA
AIMS,2021-12-21T16:00:00Z,TLM12,STIC,20210928-20220221,HS,21059656,3788.9,9.373,2.882610219299999,1,poor,NA
AIMS,2021-12-21T16:15:00Z,TLM12,STIC,20210928-20220221,HS,21059656,3788.9,9.373,2.882610219299999,1,poor,NA
AIMS,2021-12-21T16:30:00Z,TLM12,STIC,20210928-20220221,HS,21059656,3788.9,9.373,2.882610219299999,1,poor,NA
AIMS,2021-12-21T16:45:00Z,TLM12,STIC,20210928-20220221,HS,21059656,3788.9,9.373,2.882610219299999,1,poor,NA
AIMS,2021-12-21T17:00:00Z,TLM12,STIC,20210928-20220221,HS,21059656,3788.9,9.373,2.882610219299999,1,poor,NA
AIMS,2021-12-21T17:15:00Z,TLM12,STIC,20210928-20220221,HS,21059656,3788.9,9.373,2.882610219299999,1,poor,NA
AIMS,2021-12-21T17:30:00Z,TLM12,STIC,20210928-20220221,HS,21059656,3788.9,9.373,2.882610219299999,1,poor,NA
AIMS,2021-12-21T17:45:00Z,TLM12,STIC,20210928-20220221,HS,21059656,3788.9,9.373,2.882610219299999,1,poor,NA
AIMS,2021-12-21T18:00:00Z,TLM12,STIC,20210928-20220221,HS,21059656,3788.9,9.373,2.882610219299999,1,poor,NA
AIMS,2021-12-21T18:15:00Z,TLM12,STIC,20210928-20220221,HS,21059656,3788.9,9.472,2.882610219299999,1,poor,NA
AIMS,2021-12-21T18:30:00Z,TLM12,STIC,20210928-20220221,HS,21059656,3788.9,9.472,2.882610219299999,1,poor,NA
AIMS,2021-12-21T18:45:00Z,TLM12,STIC,20210928-20220221,HS,21059656,3788.9,9.472,2.882610219299999,1,poor,NA
AIMS,2021-12-21T19:00:00Z,TLM12,STIC,20210928-20220221,HS,21059656,3788.9,9.571,2.882610219299999,1,poor,NA
AIMS,2021-12-21T19:15:00Z,TLM12,STIC,20210928-20220221,HS,21059656,3788.9,9.571,2.882610219299999,1,poor,NA
AIMS,2021-12-21T19:30:00Z,TLM12,STIC,20210928-20220221,HS,21059656,3788.9,9.571,2.882610219299999,1,poor,NA
AIMS,2021-12-21T19:45:00Z,TLM12,STIC,20210928-20220221,HS,21059656,3788.9,9.669,2.882610219299999,1,poor,NA
AIMS,2021-12-21T20:00:00Z,TLM12,STIC,20210928-20220221,HS,21059656,3788.9,9.768,2.882610219299999,1,poor,NA
AIMS,2021-12-21T20:15:00Z,TLM12,STIC,20210928-20220221,HS,21059656,3788.9,9.768,2.882610219299999,1,poor,NA
AIMS,2021-12-21T20:30:00Z,TLM12,STIC,20210928-20220221,HS,21059656,3961.1,9.866,3.3598998867,1,poor,NA
AIMS,2021-12-21T20:45:00Z,TLM12,STIC,20210928-20220221,HS,21059656,3961.1,9.965,3.3598998867,1,poor,NA
AIMS,2021-12-21T21:00:00Z,TLM12,STIC,20210928-20220221,HS,21059656,3961.1,9.965,3.3598998867,1,poor,NA
AIMS,2021-12-21T21:15:00Z,TLM12,STIC,20210928-20220221,HS,21059656,3961.1,9.965,3.3598998867,1,poor,NA
AIMS,2021-12-21T21:30:00Z,TLM12,STIC,20210928-20220221,HS,21059656,3961.1,10.063,3.3598998867,1,poor,NA
AIMS,2021-12-21T21:45:00Z,TLM12,STIC,20210928-20220221,HS,21059656,3961.1,10.063,3.3598998867,1,poor,NA
AIMS,2021-12-21T22:00:00Z,TLM12,STIC,20210928-20220221,HS,21059656,3961.1,10.161,3.3598998867,1,poor,NA
AIMS,2021-12-21T22:15:00Z,TLM12,STIC,20210928-20220221,HS,21059656,3961.1,10.161,3.3598998867,1,poor,NA
AIMS,2021-12-21T22:30:00Z,TLM12,STIC,20210928-20220221,HS,21059656,3961.1,10.161,3.3598998867,1,poor,NA
AIMS,2021-12-21T22:45:00Z,TLM12,STIC,20210928-20220221,HS,21059656,3961.1,10.161,3.3598998867,1,poor,NA
AIMS,2021-12-21T23:00:00Z,TLM12,STIC,20210928-20220221,HS,21059656,3961.1,10.161,3.3598998867,1,poor,NA
AIMS,2021-12-21T23:15:00Z,TLM12,STIC,20210928-20220221,HS,21059656,3961.1,10.161,3.3598998867,1,poor,NA
AIMS,2021-12-21T23:30:00Z,TLM12,STIC,20210928-20220221,HS,21059656,3961.1,10.161,3.3598998867,1,poor,NA
AIMS,2021-12-21T23:45:00Z,TLM12,STIC,20210928-20220221,HS,21059656,3961.1,10.063,3.3598998867,1,poor,NA
AIMS,2021-12-22T00:00:00Z,TLM12,STIC,20210928-20220221,HS,21059656,3961.1,10.063,3.3598998867,1,poor,NA
AIMS,2021-12-22T00:15:00Z,TLM12,STIC,20210928-20220221,HS,21059656,3961.1,9.965,3.3598998867,1,poor,NA
AIMS,2021-12-22T00:30:00Z,TLM12,STIC,20210928-20220221,HS,21059656,3961.1,9.965,3.3598998867,1,poor,NA
AIMS,2021-12-22T00:45:00Z,TLM12,STIC,20210928-20220221,HS,21059656,3961.1,9.965,3.3598998867,1,poor,NA
AIMS,2021-12-22T01:00:00Z,TLM12,STIC,20210928-20220221,HS,21059656,3961.1,9.866,3.3598998867,1,poor,NA
AIMS,2021-12-22T01:15:00Z,TLM12,STIC,20210928-20220221,HS,21059656,3961.1,9.866,3.3598998867,1,poor,NA
AIMS,2021-12-22T01:30:00Z,TLM12,STIC,20210928-20220221,HS,21059656,3961.1,9.866,3.3598998867,1,poor,NA
AIMS,2021-12-22T01:45:00Z,TLM12,STIC,20210928-20220221,HS,21059656,3961.1,9.866,3.3598998867,1,poor,NA
AIMS,2021-12-22T02:00:00Z,TLM12,STIC,20210928-20220221,HS,21059656,3961.1,9.866,3.3598998867,1,poor,NA
AIMS,2021-12-22T02:15:00Z,TLM12,STIC,20210928-20220221,HS,21059656,3788.9,9.866,2.882610219299999,1,poor,NA
AIMS,2021-12-22T02:30:00Z,TLM12,STIC,20210928-20220221,HS,21059656,3788.9,9.866,2.882610219299999,1,poor,NA
AIMS,2021-12-22T02:45:00Z,TLM12,STIC,20210928-20220221,HS,21059656,3788.9,9.768,2.882610219299999,1,poor,NA
AIMS,2021-12-22T03:00:00Z,TLM12,STIC,20210928-20220221,HS,21059656,3788.9,9.768,2.882610219299999,1,poor,NA
AIMS,2021-12-22T03:15:00Z,TLM12,STIC,20210928-20220221,HS,21059656,3788.9,9.669,2.882610219299999,1,poor,NA
AIMS,2021-12-22T03:30:00Z,TLM12,STIC,20210928-20220221,HS,21059656,3788.9,9.571,2.882610219299999,1,poor,NA
AIMS,2021-12-22T03:45:00Z,TLM12,STIC,20210928-20220221,HS,21059656,3788.9,9.571,2.882610219299999,1,poor,NA
AIMS,2021-12-22T04:00:00Z,TLM12,STIC,20210928-20220221,HS,21059656,3788.9,9.472,2.882610219299999,1,poor,NA
AIMS,2021-12-22T04:15:00Z,TLM12,STIC,20210928-20220221,HS,21059656,3788.9,9.373,2.882610219299999,1,poor,NA
AIMS,2021-12-22T04:30:00Z,TLM12,STIC,20210928-20220221,HS,21059656,3788.9,9.373,2.882610219299999,1,poor,NA
AIMS,2021-12-22T04:45:00Z,TLM12,STIC,20210928-20220221,HS,21059656,3788.9,9.275,2.882610219299999,1,poor,NA
AIMS,2021-12-22T05:00:00Z,TLM12,STIC,20210928-20220221,HS,21059656,3788.9,9.275,2.882610219299999,1,poor,NA
AIMS,2021-12-22T05:15:00Z,TLM12,STIC,20210928-20220221,HS,21059656,3788.9,9.275,2.882610219299999,1,poor,NA
AIMS,2021-12-22T05:30:00Z,TLM12,STIC,20210928-20220221,HS,21059656,3788.9,9.275,2.882610219299999,1,poor,NA
AIMS,2021-12-22T05:45:00Z,TLM12,STIC,20210928-20220221,HS,21059656,3788.9,9.275,2.882610219299999,1,poor,NA
AIMS,2021-12-22T06:00:00Z,TLM12,STIC,20210928-20220221,HS,21059656,3788.9,9.275,2.882610219299999,1,poor,NA
AIMS,2021-12-22T06:15:00Z,TLM12,STIC,20210928-20220221,HS,21059656,3788.9,9.275,2.882610219299999,1,poor,NA
AIMS,2021-12-22T06:30:00Z,TLM12,STIC,20210928-20220221,HS,21059656,3788.9,9.275,2.882610219299999,1,poor,NA
AIMS,2021-12-22T06:45:00Z,TLM12,STIC,20210928-20220221,HS,21059656,3788.9,9.275,2.882610219299999,1,poor,NA
AIMS,2021-12-22T07:00:00Z,TLM12,STIC,20210928-20220221,HS,21059656,3788.9,9.275,2.882610219299999,1,poor,NA
AIMS,2021-12-22T07:15:00Z,TLM12,STIC,20210928-20220221,HS,21059656,3788.9,9.275,2.882610219299999,1,poor,NA
AIMS,2021-12-22T07:30:00Z,TLM12,STIC,20210928-20220221,HS,21059656,3788.9,9.176,2.882610219299999,1,poor,NA
AIMS,2021-12-22T07:45:00Z,TLM12,STIC,20210928-20220221,HS,21059656,3788.9,9.176,2.882610219299999,1,poor,NA
AIMS,2021-12-22T08:00:00Z,TLM12,STIC,20210928-20220221,HS,21059656,3788.9,9.077,2.882610219299999,1,poor,NA
AIMS,2021-12-22T08:15:00Z,TLM12,STIC,20210928-20220221,HS,21059656,3788.9,9.077,2.882610219299999,1,poor,NA
AIMS,2021-12-22T08:30:00Z,TLM12,STIC,20210928-20220221,HS,21059656,3788.9,9.077,2.882610219299999,1,poor,NA
AIMS,2021-12-22T08:45:00Z,TLM12,STIC,20210928-20220221,HS,21059656,3788.9,8.978,2.882610219299999,1,poor,NA
AIMS,2021-12-22T09:00:00Z,TLM12,STIC,20210928-20220221,HS,21059656,3788.9,8.978,2.882610219299999,1,poor,NA
AIMS,2021-12-22T09:15:00Z,TLM12,STIC,20210928-20220221,HS,21059656,3788.9,8.879,2.882610219299999,1,poor,NA
AIMS,2021-12-22T09:30:00Z,TLM12,STIC,20210928-20220221,HS,21059656,3788.9,8.879,2.882610219299999,1,poor,NA
AIMS,2021-12-22T09:45:00Z,TLM12,STIC,20210928-20220221,HS,21059656,3788.9,8.779,2.882610219299999,1,poor,NA
AIMS,2021-12-22T10:00:00Z,TLM12,STIC,20210928-20220221,HS,21059656,3788.9,8.779,2.882610219299999,1,poor,NA
AIMS,2021-12-22T10:15:00Z,TLM12,STIC,20210928-20220221,HS,21059656,3788.9,8.779,2.882610219299999,1,poor,NA
AIMS,2021-12-22T10:30:00Z,TLM12,STIC,20210928-20220221,HS,21059656,3788.9,8.68,2.882610219299999,1,poor,NA
AIMS,2021-12-22T10:45:00Z,TLM12,STIC,20210928-20220221,HS,21059656,3788.9,8.68,2.882610219299999,1,poor,NA
AIMS,2021-12-22T11:00:00Z,TLM12,STIC,20210928-20220221,HS,21059656,3788.9,8.68,2.882610219299999,1,poor,NA
AIMS,2021-12-22T11:15:00Z,TLM12,STIC,20210928-20220221,HS,21059656,3788.9,8.68,2.882610219299999,1,poor,NA
AIMS,2021-12-22T11:30:00Z,TLM12,STIC,20210928-20220221,HS,21059656,3788.9,8.68,2.882610219299999,1,poor,NA
AIMS,2021-12-22T11:45:00Z,TLM12,STIC,20210928-20220221,HS,21059656,3788.9,8.68,2.882610219299999,1,poor,NA
AIMS,2021-12-22T12:00:00Z,TLM12,STIC,20210928-20220221,HS,21059656,3788.9,8.581,2.882610219299999,1,poor,NA
AIMS,2021-12-22T12:15:00Z,TLM12,STIC,20210928-20220221,HS,21059656,3788.9,8.581,2.882610219299999,1,poor,NA
AIMS,2021-12-22T12:30:00Z,TLM12,STIC,20210928-20220221,HS,21059656,3788.9,8.581,2.882610219299999,1,poor,NA
AIMS,2021-12-22T12:45:00Z,TLM12,STIC,20210928-20220221,HS,21059656,3788.9,8.581,2.882610219299999,1,poor,NA
AIMS,2021-12-22T13:00:00Z,TLM12,STIC,20210928-20220221,HS,21059656,3788.9,8.481,2.882610219299999,1,poor,NA
AIMS,2021-12-22T13:15:00Z,TLM12,STIC,20210928-20220221,HS,21059656,3788.9,8.481,2.882610219299999,1,poor,NA
AIMS,2021-12-22T13:30:00Z,TLM12,STIC,20210928-20220221,HS,21059656,3788.9,8.481,2.882610219299999,1,poor,NA
AIMS,2021-12-22T13:45:00Z,TLM12,STIC,20210928-20220221,HS,21059656,3788.9,8.382,2.882610219299999,1,poor,NA
AIMS,2021-12-22T14:00:00Z,TLM12,STIC,20210928-20220221,HS,21059656,3788.9,8.382,2.882610219299999,1,poor,NA
AIMS,2021-12-22T14:15:00Z,TLM12,STIC,20210928-20220221,HS,21059656,3788.9,8.382,2.882610219299999,1,poor,NA
AIMS,2021-12-22T14:30:00Z,TLM12,STIC,20210928-20220221,HS,21059656,3788.9,8.382,2.882610219299999,1,poor,NA
AIMS,2021-12-22T14:45:00Z,TLM12,STIC,20210928-20220221,HS,21059656,3788.9,8.382,2.882610219299999,1,poor,NA
AIMS,2021-12-22T15:00:00Z,TLM12,STIC,20210928-20220221,HS,21059656,3788.9,8.382,2.882610219299999,1,poor,NA
AIMS,2021-12-22T15:15:00Z,TLM12,STIC,20210928-20220221,HS,21059656,3788.9,8.382,2.882610219299999,1,poor,NA
AIMS,2021-12-22T15:30:00Z,TLM12,STIC,20210928-20220221,HS,21059656,3788.9,8.382,2.882610219299999,1,poor,NA
AIMS,2021-12-22T15:45:00Z,TLM12,STIC,20210928-20220221,HS,21059656,3788.9,8.481,2.882610219299999,1,poor,NA
AIMS,2021-12-22T16:00:00Z,TLM12,STIC,20210928-20220221,HS,21059656,3788.9,8.481,2.882610219299999,1,poor,NA
AIMS,2021-12-22T16:15:00Z,TLM12,STIC,20210928-20220221,HS,21059656,3788.9,8.581,2.882610219299999,1,poor,NA
AIMS,2021-12-22T16:30:00Z,TLM12,STIC,20210928-20220221,HS,21059656,3788.9,8.581,2.882610219299999,1,poor,NA
AIMS,2021-12-22T16:45:00Z,TLM12,STIC,20210928-20220221,HS,21059656,3788.9,8.68,2.882610219299999,1,poor,NA
AIMS,2021-12-22T17:00:00Z,TLM12,STIC,20210928-20220221,HS,21059656,3788.9,8.779,2.882610219299999,1,poor,NA
AIMS,2021-12-22T17:15:00Z,TLM12,STIC,20210928-20220221,HS,21059656,3788.9,8.879,2.882610219299999,1,poor,NA
AIMS,2021-12-22T17:30:00Z,TLM12,STIC,20210928-20220221,HS,21059656,3788.9,8.978,2.882610219299999,1,poor,NA
AIMS,2021-12-22T17:45:00Z,TLM12,STIC,20210928-20220221,HS,21059656,3788.9,9.077,2.882610219299999,1,poor,NA
AIMS,2021-12-22T18:00:00Z,TLM12,STIC,20210928-20220221,HS,21059656,3788.9,9.275,2.882610219299999,1,poor,NA
AIMS,2021-12-22T18:15:00Z,TLM12,STIC,20210928-20220221,HS,21059656,3788.9,9.373,2.882610219299999,1,poor,NA
AIMS,2021-12-22T18:30:00Z,TLM12,STIC,20210928-20220221,HS,21059656,3788.9,9.571,2.882610219299999,1,poor,NA
AIMS,2021-12-22T18:45:00Z,TLM12,STIC,20210928-20220221,HS,21059656,3788.9,9.669,2.882610219299999,1,poor,NA
AIMS,2021-12-22T19:00:00Z,TLM12,STIC,20210928-20220221,HS,21059656,3788.9,9.866,2.882610219299999,1,poor,NA
AIMS,2021-12-22T19:15:00Z,TLM12,STIC,20210928-20220221,HS,21059656,3788.9,9.965,2.882610219299999,1,poor,NA
AIMS,2021-12-22T19:30:00Z,TLM12,STIC,20210928-20220221,HS,21059656,3788.9,10.063,2.882610219299999,1,poor,NA
AIMS,2021-12-22T19:45:00Z,TLM12,STIC,20210928-20220221,HS,21059656,3788.9,10.259,2.882610219299999,1,poor,NA
AIMS,2021-12-22T20:00:00Z,TLM12,STIC,20210928-20220221,HS,21059656,3961.1,10.357,3.3598998867,1,poor,NA
AIMS,2021-12-22T20:15:00Z,TLM12,STIC,20210928-20220221,HS,21059656,3961.1,10.357,3.3598998867,1,poor,NA
AIMS,2021-12-22T20:30:00Z,TLM12,STIC,20210928-20220221,HS,21059656,3961.1,10.455,3.3598998867,1,poor,NA
AIMS,2021-12-22T20:45:00Z,TLM12,STIC,20210928-20220221,HS,21059656,3961.1,10.455,3.3598998867,1,poor,NA
AIMS,2021-12-22T21:00:00Z,TLM12,STIC,20210928-20220221,HS,21059656,3961.1,10.455,3.3598998867,1,poor,NA
AIMS,2021-12-22T21:15:00Z,TLM12,STIC,20210928-20220221,HS,21059656,3961.1,10.455,3.3598998867,1,poor,NA
AIMS,2021-12-22T21:30:00Z,TLM12,STIC,20210928-20220221,HS,21059656,3961.1,10.455,3.3598998867,1,poor,NA
AIMS,2021-12-22T21:45:00Z,TLM12,STIC,20210928-20220221,HS,21059656,3961.1,10.455,3.3598998867,1,poor,NA
AIMS,2021-12-22T22:00:00Z,TLM12,STIC,20210928-20220221,HS,21059656,3961.1,10.357,3.3598998867,1,poor,NA
AIMS,2021-12-22T22:15:00Z,TLM12,STIC,20210928-20220221,HS,21059656,3788.9,10.357,2.882610219299999,1,poor,NA
AIMS,2021-12-22T22:30:00Z,TLM12,STIC,20210928-20220221,HS,21059656,3961.1,10.357,3.3598998867,1,poor,NA
AIMS,2021-12-22T22:45:00Z,TLM12,STIC,20210928-20220221,HS,21059656,3961.1,10.259,3.3598998867,1,poor,NA
AIMS,2021-12-22T23:00:00Z,TLM12,STIC,20210928-20220221,HS,21059656,3788.9,10.161,2.882610219299999,1,poor,NA
AIMS,2021-12-22T23:15:00Z,TLM12,STIC,20210928-20220221,HS,21059656,3788.9,10.161,2.882610219299999,1,poor,NA
AIMS,2021-12-22T23:30:00Z,TLM12,STIC,20210928-20220221,HS,21059656,3788.9,10.063,2.882610219299999,1,poor,NA
AIMS,2021-12-22T23:45:00Z,TLM12,STIC,20210928-20220221,HS,21059656,3788.9,9.965,2.882610219299999,1,poor,NA
AIMS,2021-12-23T00:00:00Z,TLM12,STIC,20210928-20220221,HS,21059656,3788.9,9.866,2.882610219299999,1,poor,NA
AIMS,2021-12-23T00:15:00Z,TLM12,STIC,20210928-20220221,HS,21059656,3788.9,9.866,2.882610219299999,1,poor,NA
AIMS,2021-12-23T00:30:00Z,TLM12,STIC,20210928-20220221,HS,21059656,3788.9,9.768,2.882610219299999,1,poor,NA
AIMS,2021-12-23T00:45:00Z,TLM12,STIC,20210928-20220221,HS,21059656,3788.9,9.669,2.882610219299999,1,poor,NA
AIMS,2021-12-23T01:00:00Z,TLM12,STIC,20210928-20220221,HS,21059656,3788.9,9.571,2.882610219299999,1,poor,NA
AIMS,2021-12-23T01:15:00Z,TLM12,STIC,20210928-20220221,HS,21059656,3788.9,9.472,2.882610219299999,1,poor,NA
AIMS,2021-12-23T01:30:00Z,TLM12,STIC,20210928-20220221,HS,21059656,3788.9,9.373,2.882610219299999,1,poor,NA
AIMS,2021-12-23T01:45:00Z,TLM12,STIC,20210928-20220221,HS,21059656,3788.9,9.275,2.882610219299999,1,poor,NA
AIMS,2021-12-23T02:00:00Z,TLM12,STIC,20210928-20220221,HS,21059656,3788.9,9.176,2.882610219299999,1,poor,NA
AIMS,2021-12-23T02:15:00Z,TLM12,STIC,20210928-20220221,HS,21059656,3788.9,9.077,2.882610219299999,1,poor,NA
AIMS,2021-12-23T02:30:00Z,TLM12,STIC,20210928-20220221,HS,21059656,3788.9,9.077,2.882610219299999,1,poor,NA
AIMS,2021-12-23T02:45:00Z,TLM12,STIC,20210928-20220221,HS,21059656,3788.9,8.978,2.882610219299999,1,poor,NA
AIMS,2021-12-23T03:00:00Z,TLM12,STIC,20210928-20220221,HS,21059656,3788.9,8.879,2.882610219299999,1,poor,NA
AIMS,2021-12-23T03:15:00Z,TLM12,STIC,20210928-20220221,HS,21059656,3788.9,8.779,2.882610219299999,1,poor,NA
AIMS,2021-12-23T03:30:00Z,TLM12,STIC,20210928-20220221,HS,21059656,3788.9,8.779,2.882610219299999,1,poor,NA
AIMS,2021-12-23T03:45:00Z,TLM12,STIC,20210928-20220221,HS,21059656,3788.9,8.68,2.882610219299999,1,poor,NA
AIMS,2021-12-23T04:00:00Z,TLM12,STIC,20210928-20220221,HS,21059656,3788.9,8.581,2.882610219299999,1,poor,NA
AIMS,2021-12-23T04:15:00Z,TLM12,STIC,20210928-20220221,HS,21059656,3788.9,8.581,2.882610219299999,1,poor,NA
AIMS,2021-12-23T04:30:00Z,TLM12,STIC,20210928-20220221,HS,21059656,3788.9,8.481,2.882610219299999,1,poor,NA
AIMS,2021-12-23T04:45:00Z,TLM12,STIC,20210928-20220221,HS,21059656,3788.9,8.382,2.882610219299999,1,poor,NA
AIMS,2021-12-23T05:00:00Z,TLM12,STIC,20210928-20220221,HS,21059656,3788.9,8.382,2.882610219299999,1,poor,NA
AIMS,2021-12-23T05:15:00Z,TLM12,STIC,20210928-20220221,HS,21059656,3788.9,8.282,2.882610219299999,1,poor,NA
AIMS,2021-12-23T05:30:00Z,TLM12,STIC,20210928-20220221,HS,21059656,3788.9,8.182,2.882610219299999,1,poor,NA
AIMS,2021-12-23T05:45:00Z,TLM12,STIC,20210928-20220221,HS,21059656,3788.9,8.182,2.882610219299999,1,poor,NA
AIMS,2021-12-23T06:00:00Z,TLM12,STIC,20210928-20220221,HS,21059656,3788.9,8.082,2.882610219299999,1,poor,NA
AIMS,2021-12-23T06:15:00Z,TLM12,STIC,20210928-20220221,HS,21059656,3788.9,8.082,2.882610219299999,1,poor,NA
AIMS,2021-12-23T06:30:00Z,TLM12,STIC,20210928-20220221,HS,21059656,3788.9,7.983,2.882610219299999,1,poor,NA
AIMS,2021-12-23T06:45:00Z,TLM12,STIC,20210928-20220221,HS,21059656,3788.9,7.983,2.882610219299999,1,poor,NA
AIMS,2021-12-23T07:00:00Z,TLM12,STIC,20210928-20220221,HS,21059656,3788.9,7.882,2.882610219299999,1,poor,NA
AIMS,2021-12-23T07:15:00Z,TLM12,STIC,20210928-20220221,HS,21059656,3788.9,7.882,2.882610219299999,1,poor,NA
AIMS,2021-12-23T07:30:00Z,TLM12,STIC,20210928-20220221,HS,21059656,3788.9,7.782,2.882610219299999,1,poor,NA
AIMS,2021-12-23T07:45:00Z,TLM12,STIC,20210928-20220221,HS,21059656,3788.9,7.782,2.882610219299999,1,poor,NA
AIMS,2021-12-23T08:00:00Z,TLM12,STIC,20210928-20220221,HS,21059656,3616.7,7.682,2.4053205519,1,poor,NA
AIMS,2021-12-23T08:15:00Z,TLM12,STIC,20210928-20220221,HS,21059656,3616.7,7.582,2.4053205519,1,poor,NA
AIMS,2021-12-23T08:30:00Z,TLM12,STIC,20210928-20220221,HS,21059656,3616.7,7.582,2.4053205519,1,poor,NA
AIMS,2021-12-23T08:45:00Z,TLM12,STIC,20210928-20220221,HS,21059656,3788.9,7.582,2.882610219299999,1,poor,NA
AIMS,2021-12-23T09:00:00Z,TLM12,STIC,20210928-20220221,HS,21059656,3788.9,7.481,2.882610219299999,1,poor,NA
AIMS,2021-12-23T09:15:00Z,TLM12,STIC,20210928-20220221,HS,21059656,3788.9,7.481,2.882610219299999,1,poor,NA
AIMS,2021-12-23T09:30:00Z,TLM12,STIC,20210928-20220221,HS,21059656,3788.9,7.381,2.882610219299999,1,poor,NA
AIMS,2021-12-23T09:45:00Z,TLM12,STIC,20210928-20220221,HS,21059656,3788.9,7.381,2.882610219299999,1,poor,NA
AIMS,2021-12-23T10:00:00Z,TLM12,STIC,20210928-20220221,HS,21059656,3788.9,7.381,2.882610219299999,1,poor,NA
AIMS,2021-12-23T10:15:00Z,TLM12,STIC,20210928-20220221,HS,21059656,3616.7,7.28,2.4053205519,1,poor,NA
AIMS,2021-12-23T10:30:00Z,TLM12,STIC,20210928-20220221,HS,21059656,3616.7,7.179,2.4053205519,1,poor,NA
AIMS,2021-12-23T10:45:00Z,TLM12,STIC,20210928-20220221,HS,21059656,3616.7,7.179,2.4053205519,1,poor,NA
AIMS,2021-12-23T11:00:00Z,TLM12,STIC,20210928-20220221,HS,21059656,3616.7,7.079,2.4053205519,1,poor,NA
AIMS,2021-12-23T11:15:00Z,TLM12,STIC,20210928-20220221,HS,21059656,3616.7,7.079,2.4053205519,1,poor,NA
AIMS,2021-12-23T11:30:00Z,TLM12,STIC,20210928-20220221,HS,21059656,3616.7,6.978,2.4053205519,1,poor,NA
AIMS,2021-12-23T11:45:00Z,TLM12,STIC,20210928-20220221,HS,21059656,3616.7,6.978,2.4053205519,1,poor,NA
AIMS,2021-12-23T12:00:00Z,TLM12,STIC,20210928-20220221,HS,21059656,3616.7,6.978,2.4053205519,1,poor,NA
AIMS,2021-12-23T12:15:00Z,TLM12,STIC,20210928-20220221,HS,21059656,3616.7,6.877,2.4053205519,1,poor,NA
AIMS,2021-12-23T12:30:00Z,TLM12,STIC,20210928-20220221,HS,21059656,3616.7,6.877,2.4053205519,1,poor,NA
AIMS,2021-12-23T12:45:00Z,TLM12,STIC,20210928-20220221,HS,21059656,3616.7,6.877,2.4053205519,1,poor,NA
AIMS,2021-12-23T13:00:00Z,TLM12,STIC,20210928-20220221,HS,21059656,3616.7,6.775,2.4053205519,1,poor,NA
AIMS,2021-12-23T13:15:00Z,TLM12,STIC,20210928-20220221,HS,21059656,3616.7,6.775,2.4053205519,1,poor,NA
AIMS,2021-12-23T13:30:00Z,TLM12,STIC,20210928-20220221,HS,21059656,3616.7,6.674,2.4053205519,1,poor,NA
AIMS,2021-12-23T13:45:00Z,TLM12,STIC,20210928-20220221,HS,21059656,3616.7,6.674,2.4053205519,1,poor,NA
AIMS,2021-12-23T14:00:00Z,TLM12,STIC,20210928-20220221,HS,21059656,3616.7,6.674,2.4053205519,1,poor,NA
AIMS,2021-12-23T14:15:00Z,TLM12,STIC,20210928-20220221,HS,21059656,3616.7,6.674,2.4053205519,1,poor,NA
AIMS,2021-12-23T14:30:00Z,TLM12,STIC,20210928-20220221,HS,21059656,3616.7,6.573,2.4053205519,1,poor,NA
AIMS,2021-12-23T14:45:00Z,TLM12,STIC,20210928-20220221,HS,21059656,3616.7,6.573,2.4053205519,1,poor,NA
AIMS,2021-12-23T15:00:00Z,TLM12,STIC,20210928-20220221,HS,21059656,3616.7,6.573,2.4053205519,1,poor,NA
AIMS,2021-12-23T15:15:00Z,TLM12,STIC,20210928-20220221,HS,21059656,3616.7,6.573,2.4053205519,1,poor,NA
AIMS,2021-12-23T15:30:00Z,TLM12,STIC,20210928-20220221,HS,21059656,3616.7,6.573,2.4053205519,1,poor,NA
AIMS,2021-12-23T15:45:00Z,TLM12,STIC,20210928-20220221,HS,21059656,3616.7,6.674,2.4053205519,1,poor,NA
AIMS,2021-12-23T16:00:00Z,TLM12,STIC,20210928-20220221,HS,21059656,3616.7,6.674,2.4053205519,1,poor,NA
AIMS,2021-12-23T16:15:00Z,TLM12,STIC,20210928-20220221,HS,21059656,3616.7,6.775,2.4053205519,1,poor,NA
AIMS,2021-12-23T16:30:00Z,TLM12,STIC,20210928-20220221,HS,21059656,3616.7,6.877,2.4053205519,1,poor,NA
AIMS,2021-12-23T16:45:00Z,TLM12,STIC,20210928-20220221,HS,21059656,3616.7,6.978,2.4053205519,1,poor,NA
AIMS,2021-12-23T17:00:00Z,TLM12,STIC,20210928-20220221,HS,21059656,3616.7,7.179,2.4053205519,1,poor,NA
AIMS,2021-12-23T17:15:00Z,TLM12,STIC,20210928-20220221,HS,21059656,3616.7,7.28,2.4053205519,1,poor,NA
AIMS,2021-12-23T17:30:00Z,TLM12,STIC,20210928-20220221,HS,21059656,3788.9,7.481,2.882610219299999,1,poor,NA
AIMS,2021-12-23T17:45:00Z,TLM12,STIC,20210928-20220221,HS,21059656,3788.9,7.682,2.882610219299999,1,poor,NA
AIMS,2021-12-23T18:00:00Z,TLM12,STIC,20210928-20220221,HS,21059656,3788.9,7.882,2.882610219299999,1,poor,NA
AIMS,2021-12-23T18:15:00Z,TLM12,STIC,20210928-20220221,HS,21059656,3788.9,8.082,2.882610219299999,1,poor,NA
AIMS,2021-12-23T18:30:00Z,TLM12,STIC,20210928-20220221,HS,21059656,3788.9,8.282,2.882610219299999,1,poor,NA
AIMS,2021-12-23T18:45:00Z,TLM12,STIC,20210928-20220221,HS,21059656,3788.9,8.481,2.882610219299999,1,poor,NA
AIMS,2021-12-23T19:00:00Z,TLM12,STIC,20210928-20220221,HS,21059656,3788.9,8.779,2.882610219299999,1,poor,NA
AIMS,2021-12-23T19:15:00Z,TLM12,STIC,20210928-20220221,HS,21059656,3788.9,8.978,2.882610219299999,1,poor,NA
AIMS,2021-12-23T19:30:00Z,TLM12,STIC,20210928-20220221,HS,21059656,3788.9,9.077,2.882610219299999,1,poor,NA
AIMS,2021-12-23T19:45:00Z,TLM12,STIC,20210928-20220221,HS,21059656,3788.9,9.373,2.882610219299999,1,poor,NA
AIMS,2021-12-23T20:00:00Z,TLM12,STIC,20210928-20220221,HS,21059656,3788.9,9.472,2.882610219299999,1,poor,NA
AIMS,2021-12-23T20:15:00Z,TLM12,STIC,20210928-20220221,HS,21059656,3788.9,9.669,2.882610219299999,1,poor,NA
AIMS,2021-12-23T20:30:00Z,TLM12,STIC,20210928-20220221,HS,21059656,3788.9,9.768,2.882610219299999,1,poor,NA
AIMS,2021-12-23T20:45:00Z,TLM12,STIC,20210928-20220221,HS,21059656,3788.9,9.866,2.882610219299999,1,poor,NA
AIMS,2021-12-23T21:00:00Z,TLM12,STIC,20210928-20220221,HS,21059656,3788.9,9.866,2.882610219299999,1,poor,NA
AIMS,2021-12-23T21:15:00Z,TLM12,STIC,20210928-20220221,HS,21059656,3961.1,9.965,3.3598998867,1,poor,NA
AIMS,2021-12-23T21:30:00Z,TLM12,STIC,20210928-20220221,HS,21059656,3961.1,9.965,3.3598998867,1,poor,NA
AIMS,2021-12-23T21:45:00Z,TLM12,STIC,20210928-20220221,HS,21059656,3961.1,9.965,3.3598998867,1,poor,NA
AIMS,2021-12-23T22:00:00Z,TLM12,STIC,20210928-20220221,HS,21059656,3961.1,10.063,3.3598998867,1,poor,NA
AIMS,2021-12-23T22:15:00Z,TLM12,STIC,20210928-20220221,HS,21059656,3961.1,10.063,3.3598998867,1,poor,NA
AIMS,2021-12-23T22:30:00Z,TLM12,STIC,20210928-20220221,HS,21059656,3961.1,10.063,3.3598998867,1,poor,NA
AIMS,2021-12-23T22:45:00Z,TLM12,STIC,20210928-20220221,HS,21059656,3961.1,10.063,3.3598998867,1,poor,NA
AIMS,2021-12-23T23:00:00Z,TLM12,STIC,20210928-20220221,HS,21059656,3961.1,10.063,3.3598998867,1,poor,NA
AIMS,2021-12-23T23:15:00Z,TLM12,STIC,20210928-20220221,HS,21059656,3961.1,9.965,3.3598998867,1,poor,NA
AIMS,2021-12-23T23:30:00Z,TLM12,STIC,20210928-20220221,HS,21059656,3961.1,9.965,3.3598998867,1,poor,NA
AIMS,2021-12-23T23:45:00Z,TLM12,STIC,20210928-20220221,HS,21059656,3961.1,9.866,3.3598998867,1,poor,NA
AIMS,2021-12-24T00:00:00Z,TLM12,STIC,20210928-20220221,HS,21059656,3961.1,9.866,3.3598998867,1,poor,NA
AIMS,2021-12-24T00:15:00Z,TLM12,STIC,20210928-20220221,HS,21059656,3961.1,9.768,3.3598998867,1,poor,NA
AIMS,2021-12-24T00:30:00Z,TLM12,STIC,20210928-20220221,HS,21059656,3961.1,9.669,3.3598998867,1,poor,NA
AIMS,2021-12-24T00:45:00Z,TLM12,STIC,20210928-20220221,HS,21059656,3788.9,9.571,2.882610219299999,1,poor,NA
AIMS,2021-12-24T01:00:00Z,TLM12,STIC,20210928-20220221,HS,21059656,3961.1,9.571,3.3598998867,1,poor,NA
AIMS,2021-12-24T01:15:00Z,TLM12,STIC,20210928-20220221,HS,21059656,3788.9,9.472,2.882610219299999,1,poor,NA
AIMS,2021-12-24T01:30:00Z,TLM12,STIC,20210928-20220221,HS,21059656,3788.9,9.373,2.882610219299999,1,poor,NA
AIMS,2021-12-24T01:45:00Z,TLM12,STIC,20210928-20220221,HS,21059656,3788.9,9.373,2.882610219299999,1,poor,NA
AIMS,2021-12-24T02:00:00Z,TLM12,STIC,20210928-20220221,HS,21059656,3788.9,9.275,2.882610219299999,1,poor,NA
AIMS,2021-12-24T02:15:00Z,TLM12,STIC,20210928-20220221,HS,21059656,3788.9,9.176,2.882610219299999,1,poor,NA
AIMS,2021-12-24T02:30:00Z,TLM12,STIC,20210928-20220221,HS,21059656,3788.9,9.077,2.882610219299999,1,poor,NA
AIMS,2021-12-24T02:45:00Z,TLM12,STIC,20210928-20220221,HS,21059656,3788.9,9.077,2.882610219299999,1,poor,NA
AIMS,2021-12-24T03:00:00Z,TLM12,STIC,20210928-20220221,HS,21059656,3788.9,8.978,2.882610219299999,1,poor,NA
AIMS,2021-12-24T03:15:00Z,TLM12,STIC,20210928-20220221,HS,21059656,3788.9,8.978,2.882610219299999,1,poor,NA
AIMS,2021-12-24T03:30:00Z,TLM12,STIC,20210928-20220221,HS,21059656,3788.9,8.879,2.882610219299999,1,poor,NA
AIMS,2021-12-24T03:45:00Z,TLM12,STIC,20210928-20220221,HS,21059656,3788.9,8.779,2.882610219299999,1,poor,NA
AIMS,2021-12-24T04:00:00Z,TLM12,STIC,20210928-20220221,HS,21059656,3788.9,8.779,2.882610219299999,1,poor,NA
AIMS,2021-12-24T04:15:00Z,TLM12,STIC,20210928-20220221,HS,21059656,3788.9,8.779,2.882610219299999,1,poor,NA
AIMS,2021-12-24T04:30:00Z,TLM12,STIC,20210928-20220221,HS,21059656,3788.9,8.68,2.882610219299999,1,poor,NA
AIMS,2021-12-24T04:45:00Z,TLM12,STIC,20210928-20220221,HS,21059656,3788.9,8.68,2.882610219299999,1,poor,NA
AIMS,2021-12-24T05:00:00Z,TLM12,STIC,20210928-20220221,HS,21059656,3788.9,8.581,2.882610219299999,1,poor,NA
AIMS,2021-12-24T05:15:00Z,TLM12,STIC,20210928-20220221,HS,21059656,3788.9,8.581,2.882610219299999,1,poor,NA
AIMS,2021-12-24T05:30:00Z,TLM12,STIC,20210928-20220221,HS,21059656,3788.9,8.481,2.882610219299999,1,poor,NA
AIMS,2021-12-24T05:45:00Z,TLM12,STIC,20210928-20220221,HS,21059656,3788.9,8.481,2.882610219299999,1,poor,NA
AIMS,2021-12-24T06:00:00Z,TLM12,STIC,20210928-20220221,HS,21059656,3788.9,8.481,2.882610219299999,1,poor,NA
AIMS,2021-12-24T06:15:00Z,TLM12,STIC,20210928-20220221,HS,21059656,3788.9,8.481,2.882610219299999,1,poor,NA
AIMS,2021-12-24T06:30:00Z,TLM12,STIC,20210928-20220221,HS,21059656,3788.9,8.382,2.882610219299999,1,poor,NA
AIMS,2021-12-24T06:45:00Z,TLM12,STIC,20210928-20220221,HS,21059656,3788.9,8.382,2.882610219299999,1,poor,NA
AIMS,2021-12-24T07:00:00Z,TLM12,STIC,20210928-20220221,HS,21059656,3788.9,8.382,2.882610219299999,1,poor,NA
AIMS,2021-12-24T07:15:00Z,TLM12,STIC,20210928-20220221,HS,21059656,3788.9,8.382,2.882610219299999,1,poor,NA
AIMS,2021-12-24T07:30:00Z,TLM12,STIC,20210928-20220221,HS,21059656,3788.9,8.382,2.882610219299999,1,poor,NA
AIMS,2021-12-24T07:45:00Z,TLM12,STIC,20210928-20220221,HS,21059656,3788.9,8.382,2.882610219299999,1,poor,NA
AIMS,2021-12-24T08:00:00Z,TLM12,STIC,20210928-20220221,HS,21059656,3788.9,8.282,2.882610219299999,1,poor,NA
AIMS,2021-12-24T08:15:00Z,TLM12,STIC,20210928-20220221,HS,21059656,3788.9,8.282,2.882610219299999,1,poor,NA
AIMS,2021-12-24T08:30:00Z,TLM12,STIC,20210928-20220221,HS,21059656,3788.9,8.282,2.882610219299999,1,poor,NA
AIMS,2021-12-24T08:45:00Z,TLM12,STIC,20210928-20220221,HS,21059656,3788.9,8.282,2.882610219299999,1,poor,NA
AIMS,2021-12-24T09:00:00Z,TLM12,STIC,20210928-20220221,HS,21059656,3788.9,8.182,2.882610219299999,1,poor,NA
AIMS,2021-12-24T09:15:00Z,TLM12,STIC,20210928-20220221,HS,21059656,3788.9,8.182,2.882610219299999,1,poor,NA
AIMS,2021-12-24T09:30:00Z,TLM12,STIC,20210928-20220221,HS,21059656,3788.9,8.182,2.882610219299999,1,poor,NA
AIMS,2021-12-24T09:45:00Z,TLM12,STIC,20210928-20220221,HS,21059656,3788.9,8.182,2.882610219299999,1,poor,NA
AIMS,2021-12-24T10:00:00Z,TLM12,STIC,20210928-20220221,HS,21059656,3788.9,8.082,2.882610219299999,1,poor,NA
AIMS,2021-12-24T10:15:00Z,TLM12,STIC,20210928-20220221,HS,21059656,3788.9,8.082,2.882610219299999,1,poor,NA
AIMS,2021-12-24T10:30:00Z,TLM12,STIC,20210928-20220221,HS,21059656,3788.9,8.082,2.882610219299999,1,poor,NA
AIMS,2021-12-24T10:45:00Z,TLM12,STIC,20210928-20220221,HS,21059656,3788.9,7.983,2.882610219299999,1,poor,NA
AIMS,2021-12-24T11:00:00Z,TLM12,STIC,20210928-20220221,HS,21059656,3788.9,7.983,2.882610219299999,1,poor,NA
AIMS,2021-12-24T11:15:00Z,TLM12,STIC,20210928-20220221,HS,21059656,3788.9,7.983,2.882610219299999,1,poor,NA
AIMS,2021-12-24T11:30:00Z,TLM12,STIC,20210928-20220221,HS,21059656,3788.9,7.983,2.882610219299999,1,poor,NA
AIMS,2021-12-24T11:45:00Z,TLM12,STIC,20210928-20220221,HS,21059656,3788.9,7.983,2.882610219299999,1,poor,NA
AIMS,2021-12-24T12:00:00Z,TLM12,STIC,20210928-20220221,HS,21059656,3788.9,7.882,2.882610219299999,1,poor,NA
AIMS,2021-12-24T12:15:00Z,TLM12,STIC,20210928-20220221,HS,21059656,3788.9,7.882,2.882610219299999,1,poor,NA
AIMS,2021-12-24T12:30:00Z,TLM12,STIC,20210928-20220221,HS,21059656,3788.9,7.882,2.882610219299999,1,poor,NA
AIMS,2021-12-24T12:45:00Z,TLM12,STIC,20210928-20220221,HS,21059656,3788.9,7.882,2.882610219299999,1,poor,NA
AIMS,2021-12-24T13:00:00Z,TLM12,STIC,20210928-20220221,HS,21059656,3788.9,7.782,2.882610219299999,1,poor,NA
AIMS,2021-12-24T13:15:00Z,TLM12,STIC,20210928-20220221,HS,21059656,3788.9,7.782,2.882610219299999,1,poor,NA
AIMS,2021-12-24T13:30:00Z,TLM12,STIC,20210928-20220221,HS,21059656,3788.9,7.782,2.882610219299999,1,poor,NA
AIMS,2021-12-24T13:45:00Z,TLM12,STIC,20210928-20220221,HS,21059656,3788.9,7.782,2.882610219299999,1,poor,NA
AIMS,2021-12-24T14:00:00Z,TLM12,STIC,20210928-20220221,HS,21059656,3788.9,7.782,2.882610219299999,1,poor,NA
AIMS,2021-12-24T14:15:00Z,TLM12,STIC,20210928-20220221,HS,21059656,3788.9,7.782,2.882610219299999,1,poor,NA
AIMS,2021-12-24T14:30:00Z,TLM12,STIC,20210928-20220221,HS,21059656,3788.9,7.782,2.882610219299999,1,poor,NA
AIMS,2021-12-24T14:45:00Z,TLM12,STIC,20210928-20220221,HS,21059656,3788.9,7.782,2.882610219299999,1,poor,NA
AIMS,2021-12-24T15:00:00Z,TLM12,STIC,20210928-20220221,HS,21059656,3788.9,7.882,2.882610219299999,1,poor,NA
AIMS,2021-12-24T15:15:00Z,TLM12,STIC,20210928-20220221,HS,21059656,3788.9,7.882,2.882610219299999,1,poor,NA
AIMS,2021-12-24T15:30:00Z,TLM12,STIC,20210928-20220221,HS,21059656,3788.9,7.983,2.882610219299999,1,poor,NA
AIMS,2021-12-24T15:45:00Z,TLM12,STIC,20210928-20220221,HS,21059656,3788.9,8.082,2.882610219299999,1,poor,NA
AIMS,2021-12-24T16:00:00Z,TLM12,STIC,20210928-20220221,HS,21059656,3788.9,8.182,2.882610219299999,1,poor,NA
AIMS,2021-12-24T16:15:00Z,TLM12,STIC,20210928-20220221,HS,21059656,3788.9,8.282,2.882610219299999,1,poor,NA
AIMS,2021-12-24T16:30:00Z,TLM12,STIC,20210928-20220221,HS,21059656,3788.9,8.481,2.882610219299999,1,poor,NA
AIMS,2021-12-24T16:45:00Z,TLM12,STIC,20210928-20220221,HS,21059656,3788.9,8.581,2.882610219299999,1,poor,NA
AIMS,2021-12-24T17:00:00Z,TLM12,STIC,20210928-20220221,HS,21059656,3788.9,8.68,2.882610219299999,1,poor,NA
AIMS,2021-12-24T17:15:00Z,TLM12,STIC,20210928-20220221,HS,21059656,3788.9,8.879,2.882610219299999,1,poor,NA
AIMS,2021-12-24T17:30:00Z,TLM12,STIC,20210928-20220221,HS,21059656,3788.9,8.978,2.882610219299999,1,poor,NA
AIMS,2021-12-24T17:45:00Z,TLM12,STIC,20210928-20220221,HS,21059656,3788.9,9.176,2.882610219299999,1,poor,NA
AIMS,2021-12-24T18:00:00Z,TLM12,STIC,20210928-20220221,HS,21059656,3788.9,9.373,2.882610219299999,1,poor,NA
AIMS,2021-12-24T18:15:00Z,TLM12,STIC,20210928-20220221,HS,21059656,3788.9,9.472,2.882610219299999,1,poor,NA
AIMS,2021-12-24T18:30:00Z,TLM12,STIC,20210928-20220221,HS,21059656,3961.1,9.669,3.3598998867,1,poor,NA
AIMS,2021-12-24T18:45:00Z,TLM12,STIC,20210928-20220221,HS,21059656,3961.1,9.768,3.3598998867,1,poor,NA
AIMS,2021-12-24T19:00:00Z,TLM12,STIC,20210928-20220221,HS,21059656,3961.1,9.965,3.3598998867,1,poor,NA
AIMS,2021-12-24T19:15:00Z,TLM12,STIC,20210928-20220221,HS,21059656,3961.1,10.063,3.3598998867,1,poor,NA
AIMS,2021-12-24T19:30:00Z,TLM12,STIC,20210928-20220221,HS,21059656,3961.1,10.259,3.3598998867,1,poor,NA
AIMS,2021-12-24T19:45:00Z,TLM12,STIC,20210928-20220221,HS,21059656,3961.1,10.357,3.3598998867,1,poor,NA
AIMS,2021-12-24T20:00:00Z,TLM12,STIC,20210928-20220221,HS,21059656,3961.1,10.553,3.3598998867,1,poor,NA
AIMS,2021-12-24T20:15:00Z,TLM12,STIC,20210928-20220221,HS,21059656,3961.1,10.748,3.3598998867,1,poor,NA
AIMS,2021-12-24T20:30:00Z,TLM12,STIC,20210928-20220221,HS,21059656,3961.1,10.944,3.3598998867,1,poor,NA
AIMS,2021-12-24T20:45:00Z,TLM12,STIC,20210928-20220221,HS,21059656,3961.1,11.041,3.3598998867,1,poor,NA
AIMS,2021-12-24T21:00:00Z,TLM12,STIC,20210928-20220221,HS,21059656,3961.1,11.139,3.3598998867,1,poor,NA
AIMS,2021-12-24T21:15:00Z,TLM12,STIC,20210928-20220221,HS,21059656,3961.1,11.236,3.3598998867,1,poor,NA
AIMS,2021-12-24T21:30:00Z,TLM12,STIC,20210928-20220221,HS,21059656,3961.1,11.334,3.3598998867,1,poor,NA
AIMS,2021-12-24T21:45:00Z,TLM12,STIC,20210928-20220221,HS,21059656,3961.1,11.334,3.3598998867,1,poor,NA
AIMS,2021-12-24T22:00:00Z,TLM12,STIC,20210928-20220221,HS,21059656,3961.1,11.334,3.3598998867,1,poor,NA
AIMS,2021-12-24T22:15:00Z,TLM12,STIC,20210928-20220221,HS,21059656,4133.4,11.431,3.837466725799998,1,poor,NA
AIMS,2021-12-24T22:30:00Z,TLM12,STIC,20210928-20220221,HS,21059656,4133.4,11.431,3.837466725799998,1,poor,NA
AIMS,2021-12-24T22:45:00Z,TLM12,STIC,20210928-20220221,HS,21059656,4133.4,11.431,3.837466725799998,1,poor,NA
AIMS,2021-12-24T23:00:00Z,TLM12,STIC,20210928-20220221,HS,21059656,4133.4,11.431,3.837466725799998,1,poor,NA
AIMS,2021-12-24T23:15:00Z,TLM12,STIC,20210928-20220221,HS,21059656,4133.4,11.431,3.837466725799998,1,poor,NA
AIMS,2021-12-24T23:30:00Z,TLM12,STIC,20210928-20220221,HS,21059656,4133.4,11.431,3.837466725799998,1,poor,NA
AIMS,2021-12-24T23:45:00Z,TLM12,STIC,20210928-20220221,HS,21059656,3961.1,11.431,3.3598998867,1,poor,NA
AIMS,2021-12-25T00:00:00Z,TLM12,STIC,20210928-20220221,HS,21059656,3961.1,11.431,3.3598998867,1,poor,NA
AIMS,2021-12-25T00:15:00Z,TLM12,STIC,20210928-20220221,HS,21059656,3961.1,11.431,3.3598998867,1,poor,NA
AIMS,2021-12-25T00:30:00Z,TLM12,STIC,20210928-20220221,HS,21059656,3961.1,11.334,3.3598998867,1,poor,NA
AIMS,2021-12-25T00:45:00Z,TLM12,STIC,20210928-20220221,HS,21059656,3961.1,11.334,3.3598998867,1,poor,NA
AIMS,2021-12-25T01:00:00Z,TLM12,STIC,20210928-20220221,HS,21059656,3961.1,11.334,3.3598998867,1,poor,NA
AIMS,2021-12-25T01:15:00Z,TLM12,STIC,20210928-20220221,HS,21059656,3961.1,11.236,3.3598998867,1,poor,NA
AIMS,2021-12-25T01:30:00Z,TLM12,STIC,20210928-20220221,HS,21059656,3961.1,11.236,3.3598998867,1,poor,NA
AIMS,2021-12-25T01:45:00Z,TLM12,STIC,20210928-20220221,HS,21059656,3961.1,11.236,3.3598998867,1,poor,NA
AIMS,2021-12-25T02:00:00Z,TLM12,STIC,20210928-20220221,HS,21059656,3961.1,11.139,3.3598998867,1,poor,NA
AIMS,2021-12-25T02:15:00Z,TLM12,STIC,20210928-20220221,HS,21059656,3961.1,11.139,3.3598998867,1,poor,NA
AIMS,2021-12-25T02:30:00Z,TLM12,STIC,20210928-20220221,HS,21059656,3961.1,11.139,3.3598998867,1,poor,NA
AIMS,2021-12-25T02:45:00Z,TLM12,STIC,20210928-20220221,HS,21059656,3961.1,11.139,3.3598998867,1,poor,NA
AIMS,2021-12-25T03:00:00Z,TLM12,STIC,20210928-20220221,HS,21059656,3961.1,11.041,3.3598998867,1,poor,NA
AIMS,2021-12-25T03:15:00Z,TLM12,STIC,20210928-20220221,HS,21059656,3961.1,11.041,3.3598998867,1,poor,NA
AIMS,2021-12-25T03:30:00Z,TLM12,STIC,20210928-20220221,HS,21059656,3961.1,11.041,3.3598998867,1,poor,NA
AIMS,2021-12-25T03:45:00Z,TLM12,STIC,20210928-20220221,HS,21059656,3961.1,11.041,3.3598998867,1,poor,NA
AIMS,2021-12-25T04:00:00Z,TLM12,STIC,20210928-20220221,HS,21059656,3961.1,10.944,3.3598998867,1,poor,NA
AIMS,2021-12-25T04:15:00Z,TLM12,STIC,20210928-20220221,HS,21059656,3961.1,10.944,3.3598998867,1,poor,NA
AIMS,2021-12-25T04:30:00Z,TLM12,STIC,20210928-20220221,HS,21059656,3961.1,10.944,3.3598998867,1,poor,NA
AIMS,2021-12-25T04:45:00Z,TLM12,STIC,20210928-20220221,HS,21059656,3961.1,10.944,3.3598998867,1,poor,NA
AIMS,2021-12-25T05:00:00Z,TLM12,STIC,20210928-20220221,HS,21059656,3961.1,10.944,3.3598998867,1,poor,NA
AIMS,2021-12-25T05:15:00Z,TLM12,STIC,20210928-20220221,HS,21059656,3961.1,10.944,3.3598998867,1,poor,NA
AIMS,2021-12-25T05:30:00Z,TLM12,STIC,20210928-20220221,HS,21059656,3961.1,10.944,3.3598998867,1,poor,NA
AIMS,2021-12-25T05:45:00Z,TLM12,STIC,20210928-20220221,HS,21059656,3961.1,10.944,3.3598998867,1,poor,NA
AIMS,2021-12-25T06:00:00Z,TLM12,STIC,20210928-20220221,HS,21059656,3961.1,10.944,3.3598998867,1,poor,NA
AIMS,2021-12-25T06:15:00Z,TLM12,STIC,20210928-20220221,HS,21059656,3961.1,10.944,3.3598998867,1,poor,NA
AIMS,2021-12-25T06:30:00Z,TLM12,STIC,20210928-20220221,HS,21059656,3961.1,11.041,3.3598998867,1,poor,NA
AIMS,2021-12-25T06:45:00Z,TLM12,STIC,20210928-20220221,HS,21059656,3961.1,11.041,3.3598998867,1,poor,NA
AIMS,2021-12-25T07:00:00Z,TLM12,STIC,20210928-20220221,HS,21059656,3961.1,11.041,3.3598998867,1,poor,NA
AIMS,2021-12-25T07:15:00Z,TLM12,STIC,20210928-20220221,HS,21059656,3961.1,11.139,3.3598998867,1,poor,NA
AIMS,2021-12-25T07:30:00Z,TLM12,STIC,20210928-20220221,HS,21059656,3961.1,11.139,3.3598998867,1,poor,NA
AIMS,2021-12-25T07:45:00Z,TLM12,STIC,20210928-20220221,HS,21059656,3961.1,11.139,3.3598998867,1,poor,NA
AIMS,2021-12-25T08:00:00Z,TLM12,STIC,20210928-20220221,HS,21059656,3961.1,11.236,3.3598998867,1,poor,NA
AIMS,2021-12-25T08:15:00Z,TLM12,STIC,20210928-20220221,HS,21059656,3961.1,11.236,3.3598998867,1,poor,NA
AIMS,2021-12-25T08:30:00Z,TLM12,STIC,20210928-20220221,HS,21059656,3961.1,11.236,3.3598998867,1,poor,NA
AIMS,2021-12-25T08:45:00Z,TLM12,STIC,20210928-20220221,HS,21059656,3961.1,11.236,3.3598998867,1,poor,NA
AIMS,2021-12-25T09:00:00Z,TLM12,STIC,20210928-20220221,HS,21059656,3961.1,11.334,3.3598998867,1,poor,NA
AIMS,2021-12-25T09:15:00Z,TLM12,STIC,20210928-20220221,HS,21059656,3961.1,11.334,3.3598998867,1,poor,NA
AIMS,2021-12-25T09:30:00Z,TLM12,STIC,20210928-20220221,HS,21059656,3961.1,11.334,3.3598998867,1,poor,NA
AIMS,2021-12-25T09:45:00Z,TLM12,STIC,20210928-20220221,HS,21059656,3961.1,11.334,3.3598998867,1,poor,NA
AIMS,2021-12-25T10:00:00Z,TLM12,STIC,20210928-20220221,HS,21059656,3961.1,11.334,3.3598998867,1,poor,NA
AIMS,2021-12-25T10:15:00Z,TLM12,STIC,20210928-20220221,HS,21059656,3961.1,11.431,3.3598998867,1,poor,NA
AIMS,2021-12-25T10:30:00Z,TLM12,STIC,20210928-20220221,HS,21059656,4133.4,11.431,3.837466725799998,1,poor,NA
AIMS,2021-12-25T10:45:00Z,TLM12,STIC,20210928-20220221,HS,21059656,4133.4,11.431,3.837466725799998,1,poor,NA
AIMS,2021-12-25T11:00:00Z,TLM12,STIC,20210928-20220221,HS,21059656,4133.4,11.528,3.837466725799998,1,poor,NA
AIMS,2021-12-25T11:15:00Z,TLM12,STIC,20210928-20220221,HS,21059656,4133.4,11.528,3.837466725799998,1,poor,NA
AIMS,2021-12-25T11:30:00Z,TLM12,STIC,20210928-20220221,HS,21059656,4133.4,11.625,3.837466725799998,1,poor,NA
AIMS,2021-12-25T11:45:00Z,TLM12,STIC,20210928-20220221,HS,21059656,4133.4,11.625,3.837466725799998,1,poor,NA
AIMS,2021-12-25T12:00:00Z,TLM12,STIC,20210928-20220221,HS,21059656,4133.4,11.722,3.837466725799998,1,poor,NA
AIMS,2021-12-25T12:15:00Z,TLM12,STIC,20210928-20220221,HS,21059656,4133.4,11.722,3.837466725799998,1,poor,NA
AIMS,2021-12-25T12:30:00Z,TLM12,STIC,20210928-20220221,HS,21059656,4133.4,11.722,3.837466725799998,1,poor,NA
AIMS,2021-12-25T12:45:00Z,TLM12,STIC,20210928-20220221,HS,21059656,4133.4,11.819,3.837466725799998,1,poor,NA
AIMS,2021-12-25T13:00:00Z,TLM12,STIC,20210928-20220221,HS,21059656,4133.4,11.819,3.837466725799998,1,poor,NA
AIMS,2021-12-25T13:15:00Z,TLM12,STIC,20210928-20220221,HS,21059656,4133.4,11.819,3.837466725799998,1,poor,NA
AIMS,2021-12-25T13:30:00Z,TLM12,STIC,20210928-20220221,HS,21059656,4133.4,11.916,3.837466725799998,1,poor,NA
AIMS,2021-12-25T13:45:00Z,TLM12,STIC,20210928-20220221,HS,21059656,4133.4,11.916,3.837466725799998,1,poor,NA
AIMS,2021-12-25T14:00:00Z,TLM12,STIC,20210928-20220221,HS,21059656,4133.4,12.013,3.837466725799998,1,poor,NA
AIMS,2021-12-25T14:15:00Z,TLM12,STIC,20210928-20220221,HS,21059656,4133.4,12.013,3.837466725799998,1,poor,NA
AIMS,2021-12-25T14:30:00Z,TLM12,STIC,20210928-20220221,HS,21059656,4133.4,12.013,3.837466725799998,1,poor,NA
AIMS,2021-12-25T14:45:00Z,TLM12,STIC,20210928-20220221,HS,21059656,4133.4,12.11,3.837466725799998,1,poor,NA
AIMS,2021-12-25T15:00:00Z,TLM12,STIC,20210928-20220221,HS,21059656,4133.4,12.11,3.837466725799998,1,poor,NA
AIMS,2021-12-25T15:15:00Z,TLM12,STIC,20210928-20220221,HS,21059656,4133.4,12.11,3.837466725799998,1,poor,NA
AIMS,2021-12-25T15:30:00Z,TLM12,STIC,20210928-20220221,HS,21059656,4133.4,12.207,3.837466725799998,1,poor,NA
AIMS,2021-12-25T15:45:00Z,TLM12,STIC,20210928-20220221,HS,21059656,4133.4,12.207,3.837466725799998,1,poor,NA
AIMS,2021-12-25T16:00:00Z,TLM12,STIC,20210928-20220221,HS,21059656,4133.4,12.304,3.837466725799998,1,poor,NA
AIMS,2021-12-25T16:15:00Z,TLM12,STIC,20210928-20220221,HS,21059656,4133.4,12.304,3.837466725799998,1,poor,NA
AIMS,2021-12-25T16:30:00Z,TLM12,STIC,20210928-20220221,HS,21059656,4133.4,12.401,3.837466725799998,1,poor,NA
AIMS,2021-12-25T16:45:00Z,TLM12,STIC,20210928-20220221,HS,21059656,4133.4,12.497,3.837466725799998,1,poor,NA
AIMS,2021-12-25T17:00:00Z,TLM12,STIC,20210928-20220221,HS,21059656,4133.4,12.497,3.837466725799998,1,poor,NA
AIMS,2021-12-25T17:15:00Z,TLM12,STIC,20210928-20220221,HS,21059656,4133.4,12.594,3.837466725799998,1,poor,NA
AIMS,2021-12-25T17:30:00Z,TLM12,STIC,20210928-20220221,HS,21059656,4133.4,12.69,3.837466725799998,1,poor,NA
AIMS,2021-12-25T17:45:00Z,TLM12,STIC,20210928-20220221,HS,21059656,4133.4,12.69,3.837466725799998,1,poor,NA
AIMS,2021-12-25T18:00:00Z,TLM12,STIC,20210928-20220221,HS,21059656,4133.4,12.787,3.837466725799998,1,poor,NA
AIMS,2021-12-25T18:15:00Z,TLM12,STIC,20210928-20220221,HS,21059656,4133.4,12.883,3.837466725799998,1,poor,NA
AIMS,2021-12-25T18:30:00Z,TLM12,STIC,20210928-20220221,HS,21059656,4133.4,12.98,3.837466725799998,1,poor,NA
AIMS,2021-12-25T18:45:00Z,TLM12,STIC,20210928-20220221,HS,21059656,4133.4,13.173,3.837466725799998,1,poor,NA
AIMS,2021-12-25T19:00:00Z,TLM12,STIC,20210928-20220221,HS,21059656,4133.4,13.269,3.837466725799998,1,poor,NA
AIMS,2021-12-25T19:15:00Z,TLM12,STIC,20210928-20220221,HS,21059656,4133.4,13.365,3.837466725799998,1,poor,NA
AIMS,2021-12-25T19:30:00Z,TLM12,STIC,20210928-20220221,HS,21059656,4133.4,13.461,3.837466725799998,1,poor,NA
AIMS,2021-12-25T19:45:00Z,TLM12,STIC,20210928-20220221,HS,21059656,4133.4,13.558,3.837466725799998,1,poor,NA
AIMS,2021-12-25T20:00:00Z,TLM12,STIC,20210928-20220221,HS,21059656,4133.4,13.654,3.837466725799998,1,poor,NA
AIMS,2021-12-25T20:15:00Z,TLM12,STIC,20210928-20220221,HS,21059656,4133.4,13.75,3.837466725799998,1,poor,NA
AIMS,2021-12-25T20:30:00Z,TLM12,STIC,20210928-20220221,HS,21059656,4133.4,13.75,3.837466725799998,1,poor,NA
AIMS,2021-12-25T20:45:00Z,TLM12,STIC,20210928-20220221,HS,21059656,4133.4,13.75,3.837466725799998,1,poor,NA
AIMS,2021-12-25T21:00:00Z,TLM12,STIC,20210928-20220221,HS,21059656,4133.4,13.75,3.837466725799998,1,poor,NA
AIMS,2021-12-25T21:15:00Z,TLM12,STIC,20210928-20220221,HS,21059656,4133.4,13.75,3.837466725799998,1,poor,NA
AIMS,2021-12-25T21:30:00Z,TLM12,STIC,20210928-20220221,HS,21059656,4133.4,13.75,3.837466725799998,1,poor,NA
AIMS,2021-12-25T21:45:00Z,TLM12,STIC,20210928-20220221,HS,21059656,4133.4,13.75,3.837466725799998,1,poor,NA
AIMS,2021-12-25T22:00:00Z,TLM12,STIC,20210928-20220221,HS,21059656,4133.4,13.846,3.837466725799998,1,poor,NA
AIMS,2021-12-25T22:15:00Z,TLM12,STIC,20210928-20220221,HS,21059656,4133.4,13.846,3.837466725799998,1,poor,NA
AIMS,2021-12-25T22:30:00Z,TLM12,STIC,20210928-20220221,HS,21059656,4133.4,13.75,3.837466725799998,1,poor,NA
AIMS,2021-12-25T22:45:00Z,TLM12,STIC,20210928-20220221,HS,21059656,4133.4,13.75,3.837466725799998,1,poor,NA
AIMS,2021-12-25T23:00:00Z,TLM12,STIC,20210928-20220221,HS,21059656,4133.4,13.75,3.837466725799998,1,poor,NA
AIMS,2021-12-25T23:15:00Z,TLM12,STIC,20210928-20220221,HS,21059656,4133.4,13.75,3.837466725799998,1,poor,NA
AIMS,2021-12-25T23:30:00Z,TLM12,STIC,20210928-20220221,HS,21059656,4133.4,13.75,3.837466725799998,1,poor,NA
AIMS,2021-12-25T23:45:00Z,TLM12,STIC,20210928-20220221,HS,21059656,4133.4,13.75,3.837466725799998,1,poor,NA
AIMS,2021-12-26T00:00:00Z,TLM12,STIC,20210928-20220221,HS,21059656,4133.4,13.75,3.837466725799998,1,poor,NA
AIMS,2021-12-26T00:15:00Z,TLM12,STIC,20210928-20220221,HS,21059656,4133.4,13.654,3.837466725799998,1,poor,NA
AIMS,2021-12-26T00:30:00Z,TLM12,STIC,20210928-20220221,HS,21059656,4133.4,13.654,3.837466725799998,1,poor,NA
AIMS,2021-12-26T00:45:00Z,TLM12,STIC,20210928-20220221,HS,21059656,4133.4,13.654,3.837466725799998,1,poor,NA
AIMS,2021-12-26T01:00:00Z,TLM12,STIC,20210928-20220221,HS,21059656,4133.4,13.654,3.837466725799998,1,poor,NA
AIMS,2021-12-26T01:15:00Z,TLM12,STIC,20210928-20220221,HS,21059656,4133.4,13.654,3.837466725799998,1,poor,NA
AIMS,2021-12-26T01:30:00Z,TLM12,STIC,20210928-20220221,HS,21059656,4133.4,13.654,3.837466725799998,1,poor,NA
AIMS,2021-12-26T01:45:00Z,TLM12,STIC,20210928-20220221,HS,21059656,4133.4,13.654,3.837466725799998,1,poor,NA
AIMS,2021-12-26T02:00:00Z,TLM12,STIC,20210928-20220221,HS,21059656,4133.4,13.654,3.837466725799998,1,poor,NA
AIMS,2021-12-26T02:15:00Z,TLM12,STIC,20210928-20220221,HS,21059656,4133.4,13.558,3.837466725799998,1,poor,NA
AIMS,2021-12-26T02:30:00Z,TLM12,STIC,20210928-20220221,HS,21059656,4133.4,13.558,3.837466725799998,1,poor,NA
AIMS,2021-12-26T02:45:00Z,TLM12,STIC,20210928-20220221,HS,21059656,4133.4,13.558,3.837466725799998,1,poor,NA
AIMS,2021-12-26T03:00:00Z,TLM12,STIC,20210928-20220221,HS,21059656,4305.6,13.558,4.314756393200001,1,poor,NA
AIMS,2021-12-26T03:15:00Z,TLM12,STIC,20210928-20220221,HS,21059656,4305.6,13.558,4.314756393200001,1,poor,NA
AIMS,2021-12-26T03:30:00Z,TLM12,STIC,20210928-20220221,HS,21059656,4305.6,13.558,4.314756393200001,1,poor,NA
AIMS,2021-12-26T03:45:00Z,TLM12,STIC,20210928-20220221,HS,21059656,4305.6,13.558,4.314756393200001,1,poor,NA
AIMS,2021-12-26T04:00:00Z,TLM12,STIC,20210928-20220221,HS,21059656,4305.6,13.558,4.314756393200001,1,poor,NA
AIMS,2021-12-26T04:15:00Z,TLM12,STIC,20210928-20220221,HS,21059656,4305.6,13.558,4.314756393200001,1,poor,NA
AIMS,2021-12-26T04:30:00Z,TLM12,STIC,20210928-20220221,HS,21059656,4305.6,13.558,4.314756393200001,1,poor,NA
AIMS,2021-12-26T04:45:00Z,TLM12,STIC,20210928-20220221,HS,21059656,4305.6,13.558,4.314756393200001,1,poor,NA
AIMS,2021-12-26T05:00:00Z,TLM12,STIC,20210928-20220221,HS,21059656,4305.6,13.558,4.314756393200001,1,poor,NA
AIMS,2021-12-26T05:15:00Z,TLM12,STIC,20210928-20220221,HS,21059656,4305.6,13.558,4.314756393200001,1,poor,NA
AIMS,2021-12-26T05:30:00Z,TLM12,STIC,20210928-20220221,HS,21059656,4305.6,13.558,4.314756393200001,1,poor,NA
AIMS,2021-12-26T05:45:00Z,TLM12,STIC,20210928-20220221,HS,21059656,4305.6,13.558,4.314756393200001,1,poor,NA
AIMS,2021-12-26T06:00:00Z,TLM12,STIC,20210928-20220221,HS,21059656,4305.6,13.558,4.314756393200001,1,poor,NA
AIMS,2021-12-26T06:15:00Z,TLM12,STIC,20210928-20220221,HS,21059656,4305.6,13.461,4.314756393200001,1,poor,NA
AIMS,2021-12-26T06:30:00Z,TLM12,STIC,20210928-20220221,HS,21059656,4305.6,13.461,4.314756393200001,1,poor,NA
AIMS,2021-12-26T06:45:00Z,TLM12,STIC,20210928-20220221,HS,21059656,4305.6,13.461,4.314756393200001,1,poor,NA
AIMS,2021-12-26T07:00:00Z,TLM12,STIC,20210928-20220221,HS,21059656,4305.6,13.461,4.314756393200001,1,poor,NA
AIMS,2021-12-26T07:15:00Z,TLM12,STIC,20210928-20220221,HS,21059656,4305.6,13.461,4.314756393200001,1,poor,NA
AIMS,2021-12-26T07:30:00Z,TLM12,STIC,20210928-20220221,HS,21059656,4305.6,13.461,4.314756393200001,1,poor,NA
AIMS,2021-12-26T07:45:00Z,TLM12,STIC,20210928-20220221,HS,21059656,4305.6,13.461,4.314756393200001,1,poor,NA
AIMS,2021-12-26T08:00:00Z,TLM12,STIC,20210928-20220221,HS,21059656,4305.6,13.461,4.314756393200001,1,poor,NA
AIMS,2021-12-26T08:15:00Z,TLM12,STIC,20210928-20220221,HS,21059656,4305.6,13.461,4.314756393200001,1,poor,NA
AIMS,2021-12-26T08:30:00Z,TLM12,STIC,20210928-20220221,HS,21059656,4305.6,13.461,4.314756393200001,1,poor,NA
AIMS,2021-12-26T08:45:00Z,TLM12,STIC,20210928-20220221,HS,21059656,4305.6,13.461,4.314756393200001,1,poor,NA
AIMS,2021-12-26T09:00:00Z,TLM12,STIC,20210928-20220221,HS,21059656,4305.6,13.461,4.314756393200001,1,poor,NA
AIMS,2021-12-26T09:15:00Z,TLM12,STIC,20210928-20220221,HS,21059656,4305.6,13.461,4.314756393200001,1,poor,NA
AIMS,2021-12-26T09:30:00Z,TLM12,STIC,20210928-20220221,HS,21059656,4305.6,13.461,4.314756393200001,1,poor,NA
AIMS,2021-12-26T09:45:00Z,TLM12,STIC,20210928-20220221,HS,21059656,4305.6,13.461,4.314756393200001,1,poor,NA
AIMS,2021-12-26T10:00:00Z,TLM12,STIC,20210928-20220221,HS,21059656,4305.6,13.461,4.314756393200001,1,poor,NA
AIMS,2021-12-26T10:15:00Z,TLM12,STIC,20210928-20220221,HS,21059656,4305.6,13.365,4.314756393200001,1,poor,NA
AIMS,2021-12-26T10:30:00Z,TLM12,STIC,20210928-20220221,HS,21059656,4305.6,13.365,4.314756393200001,1,poor,NA
AIMS,2021-12-26T10:45:00Z,TLM12,STIC,20210928-20220221,HS,21059656,4305.6,13.365,4.314756393200001,1,poor,NA
AIMS,2021-12-26T11:00:00Z,TLM12,STIC,20210928-20220221,HS,21059656,4305.6,13.365,4.314756393200001,1,poor,NA
AIMS,2021-12-26T11:15:00Z,TLM12,STIC,20210928-20220221,HS,21059656,4305.6,13.365,4.314756393200001,1,poor,NA
AIMS,2021-12-26T11:30:00Z,TLM12,STIC,20210928-20220221,HS,21059656,4305.6,13.269,4.314756393200001,1,poor,NA
AIMS,2021-12-26T11:45:00Z,TLM12,STIC,20210928-20220221,HS,21059656,4305.6,13.269,4.314756393200001,1,poor,NA
AIMS,2021-12-26T12:00:00Z,TLM12,STIC,20210928-20220221,HS,21059656,4305.6,13.269,4.314756393200001,1,poor,NA
AIMS,2021-12-26T12:15:00Z,TLM12,STIC,20210928-20220221,HS,21059656,4305.6,13.269,4.314756393200001,1,poor,NA
AIMS,2021-12-26T12:30:00Z,TLM12,STIC,20210928-20220221,HS,21059656,4305.6,13.269,4.314756393200001,1,poor,NA
AIMS,2021-12-26T12:45:00Z,TLM12,STIC,20210928-20220221,HS,21059656,4305.6,13.269,4.314756393200001,1,poor,NA
AIMS,2021-12-26T13:00:00Z,TLM12,STIC,20210928-20220221,HS,21059656,4305.6,13.269,4.314756393200001,1,poor,NA
AIMS,2021-12-26T13:15:00Z,TLM12,STIC,20210928-20220221,HS,21059656,4305.6,13.269,4.314756393200001,1,poor,NA
AIMS,2021-12-26T13:30:00Z,TLM12,STIC,20210928-20220221,HS,21059656,4305.6,13.269,4.314756393200001,1,poor,NA
AIMS,2021-12-26T13:45:00Z,TLM12,STIC,20210928-20220221,HS,21059656,4305.6,13.269,4.314756393200001,1,poor,NA
AIMS,2021-12-26T14:00:00Z,TLM12,STIC,20210928-20220221,HS,21059656,4305.6,13.173,4.314756393200001,1,poor,NA
AIMS,2021-12-26T14:15:00Z,TLM12,STIC,20210928-20220221,HS,21059656,4133.4,13.173,3.837466725799998,1,poor,NA
AIMS,2021-12-26T14:30:00Z,TLM12,STIC,20210928-20220221,HS,21059656,4133.4,13.173,3.837466725799998,1,poor,NA
AIMS,2021-12-26T14:45:00Z,TLM12,STIC,20210928-20220221,HS,21059656,4133.4,13.173,3.837466725799998,1,poor,NA
AIMS,2021-12-26T15:00:00Z,TLM12,STIC,20210928-20220221,HS,21059656,4133.4,13.269,3.837466725799998,1,poor,NA
AIMS,2021-12-26T15:15:00Z,TLM12,STIC,20210928-20220221,HS,21059656,4305.6,13.269,4.314756393200001,1,poor,NA
AIMS,2021-12-26T15:30:00Z,TLM12,STIC,20210928-20220221,HS,21059656,4133.4,13.269,3.837466725799998,1,poor,NA
AIMS,2021-12-26T15:45:00Z,TLM12,STIC,20210928-20220221,HS,21059656,4133.4,13.269,3.837466725799998,1,poor,NA
AIMS,2021-12-26T16:00:00Z,TLM12,STIC,20210928-20220221,HS,21059656,4133.4,13.269,3.837466725799998,1,poor,NA
AIMS,2021-12-26T16:15:00Z,TLM12,STIC,20210928-20220221,HS,21059656,4133.4,13.365,3.837466725799998,1,poor,NA
AIMS,2021-12-26T16:30:00Z,TLM12,STIC,20210928-20220221,HS,21059656,4133.4,13.461,3.837466725799998,1,poor,NA
AIMS,2021-12-26T16:45:00Z,TLM12,STIC,20210928-20220221,HS,21059656,4133.4,13.558,3.837466725799998,1,poor,NA
AIMS,2021-12-26T17:00:00Z,TLM12,STIC,20210928-20220221,HS,21059656,4133.4,13.654,3.837466725799998,1,poor,NA
AIMS,2021-12-26T17:15:00Z,TLM12,STIC,20210928-20220221,HS,21059656,4133.4,13.75,3.837466725799998,1,poor,NA
AIMS,2021-12-26T17:30:00Z,TLM12,STIC,20210928-20220221,HS,21059656,4305.6,13.846,4.314756393200001,1,poor,NA
AIMS,2021-12-26T17:45:00Z,TLM12,STIC,20210928-20220221,HS,21059656,4305.6,14.038,4.314756393200001,1,poor,NA
AIMS,2021-12-26T18:00:00Z,TLM12,STIC,20210928-20220221,HS,21059656,4305.6,14.134,4.314756393200001,1,poor,NA
AIMS,2021-12-26T18:15:00Z,TLM12,STIC,20210928-20220221,HS,21059656,4305.6,14.421,4.314756393200001,1,poor,NA
AIMS,2021-12-26T18:30:00Z,TLM12,STIC,20210928-20220221,HS,21059656,4305.6,14.517,4.314756393200001,1,poor,NA
AIMS,2021-12-26T18:45:00Z,TLM12,STIC,20210928-20220221,HS,21059656,4305.6,14.709,4.314756393200001,1,poor,NA
AIMS,2021-12-26T19:00:00Z,TLM12,STIC,20210928-20220221,HS,21059656,4305.6,14.804,4.314756393200001,1,poor,NA
AIMS,2021-12-26T19:15:00Z,TLM12,STIC,20210928-20220221,HS,21059656,4305.6,14.996,4.314756393200001,1,poor,NA
AIMS,2021-12-26T19:30:00Z,TLM12,STIC,20210928-20220221,HS,21059656,4305.6,15.091,4.314756393200001,1,poor,NA
AIMS,2021-12-26T19:45:00Z,TLM12,STIC,20210928-20220221,HS,21059656,4305.6,15.187,4.314756393200001,1,poor,NA
AIMS,2021-12-26T20:00:00Z,TLM12,STIC,20210928-20220221,HS,21059656,4305.6,15.282,4.314756393200001,1,poor,NA
AIMS,2021-12-26T20:15:00Z,TLM12,STIC,20210928-20220221,HS,21059656,4305.6,15.282,4.314756393200001,1,poor,NA
AIMS,2021-12-26T20:30:00Z,TLM12,STIC,20210928-20220221,HS,21059656,4305.6,15.282,4.314756393200001,1,poor,NA
AIMS,2021-12-26T20:45:00Z,TLM12,STIC,20210928-20220221,HS,21059656,4305.6,15.378,4.314756393200001,1,poor,NA
AIMS,2021-12-26T21:00:00Z,TLM12,STIC,20210928-20220221,HS,21059656,4305.6,15.378,4.314756393200001,1,poor,NA
AIMS,2021-12-26T21:15:00Z,TLM12,STIC,20210928-20220221,HS,21059656,4305.6,15.378,4.314756393200001,1,poor,NA
AIMS,2021-12-26T21:30:00Z,TLM12,STIC,20210928-20220221,HS,21059656,4305.6,15.378,4.314756393200001,1,poor,NA
AIMS,2021-12-26T21:45:00Z,TLM12,STIC,20210928-20220221,HS,21059656,4305.6,15.378,4.314756393200001,1,poor,NA
AIMS,2021-12-26T22:00:00Z,TLM12,STIC,20210928-20220221,HS,21059656,4305.6,15.282,4.314756393200001,1,poor,NA
AIMS,2021-12-26T22:15:00Z,TLM12,STIC,20210928-20220221,HS,21059656,4305.6,15.282,4.314756393200001,1,poor,NA
AIMS,2021-12-26T22:30:00Z,TLM12,STIC,20210928-20220221,HS,21059656,4305.6,15.282,4.314756393200001,1,poor,NA
AIMS,2021-12-26T22:45:00Z,TLM12,STIC,20210928-20220221,HS,21059656,4305.6,15.187,4.314756393200001,1,poor,NA
AIMS,2021-12-26T23:00:00Z,TLM12,STIC,20210928-20220221,HS,21059656,4305.6,15.187,4.314756393200001,1,poor,NA
AIMS,2021-12-26T23:15:00Z,TLM12,STIC,20210928-20220221,HS,21059656,4305.6,15.091,4.314756393200001,1,poor,NA
AIMS,2021-12-26T23:30:00Z,TLM12,STIC,20210928-20220221,HS,21059656,4305.6,14.996,4.314756393200001,1,poor,NA
AIMS,2021-12-26T23:45:00Z,TLM12,STIC,20210928-20220221,HS,21059656,4305.6,14.996,4.314756393200001,1,poor,NA
AIMS,2021-12-27T00:00:00Z,TLM12,STIC,20210928-20220221,HS,21059656,4305.6,14.9,4.314756393200001,1,poor,NA
AIMS,2021-12-27T00:15:00Z,TLM12,STIC,20210928-20220221,HS,21059656,4305.6,14.804,4.314756393200001,1,poor,NA
AIMS,2021-12-27T00:30:00Z,TLM12,STIC,20210928-20220221,HS,21059656,4305.6,14.709,4.314756393200001,1,poor,NA
AIMS,2021-12-27T00:45:00Z,TLM12,STIC,20210928-20220221,HS,21059656,4305.6,14.613,4.314756393200001,1,poor,NA
AIMS,2021-12-27T01:00:00Z,TLM12,STIC,20210928-20220221,HS,21059656,4305.6,14.517,4.314756393200001,1,poor,NA
AIMS,2021-12-27T01:15:00Z,TLM12,STIC,20210928-20220221,HS,21059656,4305.6,14.421,4.314756393200001,1,poor,NA
AIMS,2021-12-27T01:30:00Z,TLM12,STIC,20210928-20220221,HS,21059656,4305.6,14.325,4.314756393200001,1,poor,NA
AIMS,2021-12-27T01:45:00Z,TLM12,STIC,20210928-20220221,HS,21059656,4305.6,14.23,4.314756393200001,1,poor,NA
AIMS,2021-12-27T02:00:00Z,TLM12,STIC,20210928-20220221,HS,21059656,4305.6,14.134,4.314756393200001,1,poor,NA
AIMS,2021-12-27T02:15:00Z,TLM12,STIC,20210928-20220221,HS,21059656,4305.6,14.038,4.314756393200001,1,poor,NA
AIMS,2021-12-27T02:30:00Z,TLM12,STIC,20210928-20220221,HS,21059656,4305.6,13.942,4.314756393200001,1,poor,NA
AIMS,2021-12-27T02:45:00Z,TLM12,STIC,20210928-20220221,HS,21059656,4305.6,13.846,4.314756393200001,1,poor,NA
AIMS,2021-12-27T03:00:00Z,TLM12,STIC,20210928-20220221,HS,21059656,4305.6,13.846,4.314756393200001,1,poor,NA
AIMS,2021-12-27T03:15:00Z,TLM12,STIC,20210928-20220221,HS,21059656,4305.6,13.75,4.314756393200001,1,poor,NA
AIMS,2021-12-27T03:30:00Z,TLM12,STIC,20210928-20220221,HS,21059656,4305.6,13.654,4.314756393200001,1,poor,NA
AIMS,2021-12-27T03:45:00Z,TLM12,STIC,20210928-20220221,HS,21059656,4305.6,13.654,4.314756393200001,1,poor,NA
AIMS,2021-12-27T04:00:00Z,TLM12,STIC,20210928-20220221,HS,21059656,4305.6,13.558,4.314756393200001,1,poor,NA
AIMS,2021-12-27T04:15:00Z,TLM12,STIC,20210928-20220221,HS,21059656,4305.6,13.461,4.314756393200001,1,poor,NA
AIMS,2021-12-27T04:30:00Z,TLM12,STIC,20210928-20220221,HS,21059656,4305.6,13.461,4.314756393200001,1,poor,NA
AIMS,2021-12-27T04:45:00Z,TLM12,STIC,20210928-20220221,HS,21059656,4305.6,13.365,4.314756393200001,1,poor,NA
AIMS,2021-12-27T05:00:00Z,TLM12,STIC,20210928-20220221,HS,21059656,4133.4,13.365,3.837466725799998,1,poor,NA
AIMS,2021-12-27T05:15:00Z,TLM12,STIC,20210928-20220221,HS,21059656,4133.4,13.269,3.837466725799998,1,poor,NA
AIMS,2021-12-27T05:30:00Z,TLM12,STIC,20210928-20220221,HS,21059656,4133.4,13.269,3.837466725799998,1,poor,NA
AIMS,2021-12-27T05:45:00Z,TLM12,STIC,20210928-20220221,HS,21059656,4133.4,13.269,3.837466725799998,1,poor,NA
AIMS,2021-12-27T06:00:00Z,TLM12,STIC,20210928-20220221,HS,21059656,4133.4,13.173,3.837466725799998,1,poor,NA
AIMS,2021-12-27T06:15:00Z,TLM12,STIC,20210928-20220221,HS,21059656,4133.4,13.173,3.837466725799998,1,poor,NA
AIMS,2021-12-27T06:30:00Z,TLM12,STIC,20210928-20220221,HS,21059656,4133.4,13.269,3.837466725799998,1,poor,NA
AIMS,2021-12-27T06:45:00Z,TLM12,STIC,20210928-20220221,HS,21059656,4133.4,13.269,3.837466725799998,1,poor,NA
AIMS,2021-12-27T07:00:00Z,TLM12,STIC,20210928-20220221,HS,21059656,4133.4,13.269,3.837466725799998,1,poor,NA
AIMS,2021-12-27T07:15:00Z,TLM12,STIC,20210928-20220221,HS,21059656,4305.6,13.269,4.314756393200001,1,poor,NA
AIMS,2021-12-27T07:30:00Z,TLM12,STIC,20210928-20220221,HS,21059656,4305.6,13.365,4.314756393200001,1,poor,NA
AIMS,2021-12-27T07:45:00Z,TLM12,STIC,20210928-20220221,HS,21059656,4305.6,13.365,4.314756393200001,1,poor,NA
AIMS,2021-12-27T08:00:00Z,TLM12,STIC,20210928-20220221,HS,21059656,4305.6,13.365,4.314756393200001,1,poor,NA
AIMS,2021-12-27T08:15:00Z,TLM12,STIC,20210928-20220221,HS,21059656,4305.6,13.365,4.314756393200001,1,poor,NA
AIMS,2021-12-27T08:30:00Z,TLM12,STIC,20210928-20220221,HS,21059656,4305.6,13.365,4.314756393200001,1,poor,NA
AIMS,2021-12-27T08:45:00Z,TLM12,STIC,20210928-20220221,HS,21059656,4305.6,13.365,4.314756393200001,1,poor,NA
AIMS,2021-12-27T09:00:00Z,TLM12,STIC,20210928-20220221,HS,21059656,4305.6,13.365,4.314756393200001,1,poor,NA
AIMS,2021-12-27T09:15:00Z,TLM12,STIC,20210928-20220221,HS,21059656,4305.6,13.365,4.314756393200001,1,poor,NA
AIMS,2021-12-27T09:30:00Z,TLM12,STIC,20210928-20220221,HS,21059656,4305.6,13.365,4.314756393200001,1,poor,NA
AIMS,2021-12-27T09:45:00Z,TLM12,STIC,20210928-20220221,HS,21059656,4305.6,13.365,4.314756393200001,1,poor,NA
AIMS,2021-12-27T10:00:00Z,TLM12,STIC,20210928-20220221,HS,21059656,4305.6,13.365,4.314756393200001,1,poor,NA
AIMS,2021-12-27T10:15:00Z,TLM12,STIC,20210928-20220221,HS,21059656,4305.6,13.365,4.314756393200001,1,poor,NA
AIMS,2021-12-27T10:30:00Z,TLM12,STIC,20210928-20220221,HS,21059656,4305.6,13.365,4.314756393200001,1,poor,NA
AIMS,2021-12-27T10:45:00Z,TLM12,STIC,20210928-20220221,HS,21059656,4305.6,13.365,4.314756393200001,1,poor,NA
AIMS,2021-12-27T11:00:00Z,TLM12,STIC,20210928-20220221,HS,21059656,4305.6,13.461,4.314756393200001,1,poor,NA
AIMS,2021-12-27T11:15:00Z,TLM12,STIC,20210928-20220221,HS,21059656,4305.6,13.461,4.314756393200001,1,poor,NA
AIMS,2021-12-27T11:30:00Z,TLM12,STIC,20210928-20220221,HS,21059656,4305.6,13.558,4.314756393200001,1,poor,NA
AIMS,2021-12-27T11:45:00Z,TLM12,STIC,20210928-20220221,HS,21059656,4305.6,13.558,4.314756393200001,1,poor,NA
AIMS,2021-12-27T12:00:00Z,TLM12,STIC,20210928-20220221,HS,21059656,4305.6,13.558,4.314756393200001,1,poor,NA
AIMS,2021-12-27T12:15:00Z,TLM12,STIC,20210928-20220221,HS,21059656,4305.6,13.654,4.314756393200001,1,poor,NA
AIMS,2021-12-27T12:30:00Z,TLM12,STIC,20210928-20220221,HS,21059656,4305.6,13.654,4.314756393200001,1,poor,NA
AIMS,2021-12-27T12:45:00Z,TLM12,STIC,20210928-20220221,HS,21059656,4305.6,13.75,4.314756393200001,1,poor,NA
AIMS,2021-12-27T13:00:00Z,TLM12,STIC,20210928-20220221,HS,21059656,4305.6,13.75,4.314756393200001,1,poor,NA
AIMS,2021-12-27T13:15:00Z,TLM12,STIC,20210928-20220221,HS,21059656,4305.6,13.75,4.314756393200001,1,poor,NA
AIMS,2021-12-27T13:30:00Z,TLM12,STIC,20210928-20220221,HS,21059656,4305.6,13.846,4.314756393200001,1,poor,NA
AIMS,2021-12-27T13:45:00Z,TLM12,STIC,20210928-20220221,HS,21059656,4305.6,13.846,4.314756393200001,1,poor,NA
AIMS,2021-12-27T14:00:00Z,TLM12,STIC,20210928-20220221,HS,21059656,4305.6,13.846,4.314756393200001,1,poor,NA
AIMS,2021-12-27T14:15:00Z,TLM12,STIC,20210928-20220221,HS,21059656,4305.6,13.846,4.314756393200001,1,poor,NA
AIMS,2021-12-27T14:30:00Z,TLM12,STIC,20210928-20220221,HS,21059656,4305.6,13.942,4.314756393200001,1,poor,NA
AIMS,2021-12-27T14:45:00Z,TLM12,STIC,20210928-20220221,HS,21059656,4305.6,13.942,4.314756393200001,1,poor,NA
AIMS,2021-12-27T15:00:00Z,TLM12,STIC,20210928-20220221,HS,21059656,4305.6,13.942,4.314756393200001,1,poor,NA
AIMS,2021-12-27T15:15:00Z,TLM12,STIC,20210928-20220221,HS,21059656,4305.6,14.038,4.314756393200001,1,poor,NA
AIMS,2021-12-27T15:30:00Z,TLM12,STIC,20210928-20220221,HS,21059656,4305.6,14.038,4.314756393200001,1,poor,NA
AIMS,2021-12-27T15:45:00Z,TLM12,STIC,20210928-20220221,HS,21059656,4305.6,14.038,4.314756393200001,1,poor,NA
AIMS,2021-12-27T16:00:00Z,TLM12,STIC,20210928-20220221,HS,21059656,4305.6,14.134,4.314756393200001,1,poor,NA
AIMS,2021-12-27T16:15:00Z,TLM12,STIC,20210928-20220221,HS,21059656,4305.6,14.23,4.314756393200001,1,poor,NA
AIMS,2021-12-27T16:30:00Z,TLM12,STIC,20210928-20220221,HS,21059656,4305.6,14.23,4.314756393200001,1,poor,NA
AIMS,2021-12-27T16:45:00Z,TLM12,STIC,20210928-20220221,HS,21059656,4305.6,14.325,4.314756393200001,1,poor,NA
AIMS,2021-12-27T17:00:00Z,TLM12,STIC,20210928-20220221,HS,21059656,4305.6,14.421,4.314756393200001,1,poor,NA
AIMS,2021-12-27T17:15:00Z,TLM12,STIC,20210928-20220221,HS,21059656,4305.6,14.421,4.314756393200001,1,poor,NA
AIMS,2021-12-27T17:30:00Z,TLM12,STIC,20210928-20220221,HS,21059656,4305.6,14.517,4.314756393200001,1,poor,NA
AIMS,2021-12-27T17:45:00Z,TLM12,STIC,20210928-20220221,HS,21059656,4305.6,14.517,4.314756393200001,1,poor,NA
AIMS,2021-12-27T18:00:00Z,TLM12,STIC,20210928-20220221,HS,21059656,4305.6,14.517,4.314756393200001,1,poor,NA
AIMS,2021-12-27T18:15:00Z,TLM12,STIC,20210928-20220221,HS,21059656,4305.6,14.613,4.314756393200001,1,poor,NA
AIMS,2021-12-27T18:30:00Z,TLM12,STIC,20210928-20220221,HS,21059656,4305.6,14.709,4.314756393200001,1,poor,NA
AIMS,2021-12-27T18:45:00Z,TLM12,STIC,20210928-20220221,HS,21059656,4305.6,14.709,4.314756393200001,1,poor,NA
AIMS,2021-12-27T19:00:00Z,TLM12,STIC,20210928-20220221,HS,21059656,4305.6,14.804,4.314756393200001,1,poor,NA
AIMS,2021-12-27T19:15:00Z,TLM12,STIC,20210928-20220221,HS,21059656,4305.6,14.804,4.314756393200001,1,poor,NA
AIMS,2021-12-27T19:30:00Z,TLM12,STIC,20210928-20220221,HS,21059656,4305.6,14.804,4.314756393200001,1,poor,NA
AIMS,2021-12-27T19:45:00Z,TLM12,STIC,20210928-20220221,HS,21059656,4305.6,14.9,4.314756393200001,1,poor,NA
AIMS,2021-12-27T20:00:00Z,TLM12,STIC,20210928-20220221,HS,21059656,4305.6,14.9,4.314756393200001,1,poor,NA
AIMS,2021-12-27T20:15:00Z,TLM12,STIC,20210928-20220221,HS,21059656,4305.6,14.9,4.314756393200001,1,poor,NA
AIMS,2021-12-27T20:30:00Z,TLM12,STIC,20210928-20220221,HS,21059656,4305.6,14.996,4.314756393200001,1,poor,NA
AIMS,2021-12-27T20:45:00Z,TLM12,STIC,20210928-20220221,HS,21059656,4305.6,14.996,4.314756393200001,1,poor,NA
AIMS,2021-12-27T21:00:00Z,TLM12,STIC,20210928-20220221,HS,21059656,4305.6,15.091,4.314756393200001,1,poor,NA
AIMS,2021-12-27T21:15:00Z,TLM12,STIC,20210928-20220221,HS,21059656,4305.6,15.091,4.314756393200001,1,poor,NA
AIMS,2021-12-27T21:30:00Z,TLM12,STIC,20210928-20220221,HS,21059656,4305.6,15.091,4.314756393200001,1,poor,NA
AIMS,2021-12-27T21:45:00Z,TLM12,STIC,20210928-20220221,HS,21059656,4305.6,15.091,4.314756393200001,1,poor,NA
AIMS,2021-12-27T22:00:00Z,TLM12,STIC,20210928-20220221,HS,21059656,4305.6,15.091,4.314756393200001,1,poor,NA
AIMS,2021-12-27T22:15:00Z,TLM12,STIC,20210928-20220221,HS,21059656,4305.6,15.091,4.314756393200001,1,poor,NA
AIMS,2021-12-27T22:30:00Z,TLM12,STIC,20210928-20220221,HS,21059656,4305.6,15.091,4.314756393200001,1,poor,NA
AIMS,2021-12-27T22:45:00Z,TLM12,STIC,20210928-20220221,HS,21059656,4305.6,15.091,4.314756393200001,1,poor,NA
AIMS,2021-12-27T23:00:00Z,TLM12,STIC,20210928-20220221,HS,21059656,4305.6,15.091,4.314756393200001,1,poor,NA
AIMS,2021-12-27T23:15:00Z,TLM12,STIC,20210928-20220221,HS,21059656,4305.6,14.996,4.314756393200001,1,poor,NA
AIMS,2021-12-27T23:30:00Z,TLM12,STIC,20210928-20220221,HS,21059656,4305.6,14.996,4.314756393200001,1,poor,NA
AIMS,2021-12-27T23:45:00Z,TLM12,STIC,20210928-20220221,HS,21059656,4305.6,14.9,4.314756393200001,1,poor,NA
AIMS,2021-12-28T00:00:00Z,TLM12,STIC,20210928-20220221,HS,21059656,4305.6,14.9,4.314756393200001,1,poor,NA
AIMS,2021-12-28T00:15:00Z,TLM12,STIC,20210928-20220221,HS,21059656,4305.6,14.804,4.314756393200001,1,poor,NA
AIMS,2021-12-28T00:30:00Z,TLM12,STIC,20210928-20220221,HS,21059656,4305.6,14.804,4.314756393200001,1,poor,NA
AIMS,2021-12-28T00:45:00Z,TLM12,STIC,20210928-20220221,HS,21059656,4305.6,14.709,4.314756393200001,1,poor,NA
AIMS,2021-12-28T01:00:00Z,TLM12,STIC,20210928-20220221,HS,21059656,4305.6,14.709,4.314756393200001,1,poor,NA
AIMS,2021-12-28T01:15:00Z,TLM12,STIC,20210928-20220221,HS,21059656,4305.6,14.613,4.314756393200001,1,poor,NA
AIMS,2021-12-28T01:30:00Z,TLM12,STIC,20210928-20220221,HS,21059656,4305.6,14.517,4.314756393200001,1,poor,NA
AIMS,2021-12-28T01:45:00Z,TLM12,STIC,20210928-20220221,HS,21059656,4305.6,14.517,4.314756393200001,1,poor,NA
AIMS,2021-12-28T02:00:00Z,TLM12,STIC,20210928-20220221,HS,21059656,4305.6,14.421,4.314756393200001,1,poor,NA
AIMS,2021-12-28T02:15:00Z,TLM12,STIC,20210928-20220221,HS,21059656,4305.6,14.421,4.314756393200001,1,poor,NA
AIMS,2021-12-28T02:30:00Z,TLM12,STIC,20210928-20220221,HS,21059656,4305.6,14.421,4.314756393200001,1,poor,NA
AIMS,2021-12-28T02:45:00Z,TLM12,STIC,20210928-20220221,HS,21059656,4305.6,14.325,4.314756393200001,1,poor,NA
AIMS,2021-12-28T03:00:00Z,TLM12,STIC,20210928-20220221,HS,21059656,4305.6,14.325,4.314756393200001,1,poor,NA
AIMS,2021-12-28T03:15:00Z,TLM12,STIC,20210928-20220221,HS,21059656,4305.6,14.325,4.314756393200001,1,poor,NA
AIMS,2021-12-28T03:30:00Z,TLM12,STIC,20210928-20220221,HS,21059656,4305.6,14.325,4.314756393200001,1,poor,NA
AIMS,2021-12-28T03:45:00Z,TLM12,STIC,20210928-20220221,HS,21059656,4305.6,14.325,4.314756393200001,1,poor,NA
AIMS,2021-12-28T04:00:00Z,TLM12,STIC,20210928-20220221,HS,21059656,4305.6,14.325,4.314756393200001,1,poor,NA
AIMS,2021-12-28T04:15:00Z,TLM12,STIC,20210928-20220221,HS,21059656,4305.6,14.421,4.314756393200001,1,poor,NA
AIMS,2021-12-28T04:30:00Z,TLM12,STIC,20210928-20220221,HS,21059656,4305.6,14.325,4.314756393200001,1,poor,NA
AIMS,2021-12-28T04:45:00Z,TLM12,STIC,20210928-20220221,HS,21059656,4305.6,14.325,4.314756393200001,1,poor,NA
AIMS,2021-12-28T05:00:00Z,TLM12,STIC,20210928-20220221,HS,21059656,4305.6,14.325,4.314756393200001,1,poor,NA
AIMS,2021-12-28T05:15:00Z,TLM12,STIC,20210928-20220221,HS,21059656,4305.6,14.325,4.314756393200001,1,poor,NA
AIMS,2021-12-28T05:30:00Z,TLM12,STIC,20210928-20220221,HS,21059656,4305.6,14.325,4.314756393200001,1,poor,NA
AIMS,2021-12-28T05:45:00Z,TLM12,STIC,20210928-20220221,HS,21059656,4305.6,14.23,4.314756393200001,1,poor,NA
AIMS,2021-12-28T06:00:00Z,TLM12,STIC,20210928-20220221,HS,21059656,4305.6,14.23,4.314756393200001,1,poor,NA
AIMS,2021-12-28T06:15:00Z,TLM12,STIC,20210928-20220221,HS,21059656,4305.6,14.23,4.314756393200001,1,poor,NA
AIMS,2021-12-28T06:30:00Z,TLM12,STIC,20210928-20220221,HS,21059656,4305.6,14.134,4.314756393200001,1,poor,NA
AIMS,2021-12-28T06:45:00Z,TLM12,STIC,20210928-20220221,HS,21059656,4305.6,14.134,4.314756393200001,1,poor,NA
AIMS,2021-12-28T07:00:00Z,TLM12,STIC,20210928-20220221,HS,21059656,4305.6,14.134,4.314756393200001,1,poor,NA
AIMS,2021-12-28T07:15:00Z,TLM12,STIC,20210928-20220221,HS,21059656,4305.6,14.038,4.314756393200001,1,poor,NA
AIMS,2021-12-28T07:30:00Z,TLM12,STIC,20210928-20220221,HS,21059656,4305.6,14.038,4.314756393200001,1,poor,NA
AIMS,2021-12-28T07:45:00Z,TLM12,STIC,20210928-20220221,HS,21059656,4305.6,14.038,4.314756393200001,1,poor,NA
AIMS,2021-12-28T08:00:00Z,TLM12,STIC,20210928-20220221,HS,21059656,4305.6,14.038,4.314756393200001,1,poor,NA
AIMS,2021-12-28T08:15:00Z,TLM12,STIC,20210928-20220221,HS,21059656,4305.6,14.038,4.314756393200001,1,poor,NA
AIMS,2021-12-28T08:30:00Z,TLM12,STIC,20210928-20220221,HS,21059656,4305.6,14.038,4.314756393200001,1,poor,NA
AIMS,2021-12-28T08:45:00Z,TLM12,STIC,20210928-20220221,HS,21059656,4305.6,13.942,4.314756393200001,1,poor,NA
AIMS,2021-12-28T09:00:00Z,TLM12,STIC,20210928-20220221,HS,21059656,4305.6,13.942,4.314756393200001,1,poor,NA
AIMS,2021-12-28T09:15:00Z,TLM12,STIC,20210928-20220221,HS,21059656,4305.6,13.942,4.314756393200001,1,poor,NA
AIMS,2021-12-28T09:30:00Z,TLM12,STIC,20210928-20220221,HS,21059656,4305.6,13.942,4.314756393200001,1,poor,NA
AIMS,2021-12-28T09:45:00Z,TLM12,STIC,20210928-20220221,HS,21059656,4305.6,13.942,4.314756393200001,1,poor,NA
AIMS,2021-12-28T10:00:00Z,TLM12,STIC,20210928-20220221,HS,21059656,4305.6,13.942,4.314756393200001,1,poor,NA
AIMS,2021-12-28T10:15:00Z,TLM12,STIC,20210928-20220221,HS,21059656,4305.6,13.942,4.314756393200001,1,poor,NA
AIMS,2021-12-28T10:30:00Z,TLM12,STIC,20210928-20220221,HS,21059656,4305.6,13.846,4.314756393200001,1,poor,NA
AIMS,2021-12-28T10:45:00Z,TLM12,STIC,20210928-20220221,HS,21059656,4305.6,13.846,4.314756393200001,1,poor,NA
AIMS,2021-12-28T11:00:00Z,TLM12,STIC,20210928-20220221,HS,21059656,4305.6,13.846,4.314756393200001,1,poor,NA
AIMS,2021-12-28T11:15:00Z,TLM12,STIC,20210928-20220221,HS,21059656,4305.6,13.846,4.314756393200001,1,poor,NA
AIMS,2021-12-28T11:30:00Z,TLM12,STIC,20210928-20220221,HS,21059656,4305.6,13.846,4.314756393200001,1,poor,NA
AIMS,2021-12-28T11:45:00Z,TLM12,STIC,20210928-20220221,HS,21059656,4305.6,13.75,4.314756393200001,1,poor,NA
AIMS,2021-12-28T12:00:00Z,TLM12,STIC,20210928-20220221,HS,21059656,4305.6,13.75,4.314756393200001,1,poor,NA
AIMS,2021-12-28T12:15:00Z,TLM12,STIC,20210928-20220221,HS,21059656,4305.6,13.75,4.314756393200001,1,poor,NA
AIMS,2021-12-28T12:30:00Z,TLM12,STIC,20210928-20220221,HS,21059656,4305.6,13.75,4.314756393200001,1,poor,NA
AIMS,2021-12-28T12:45:00Z,TLM12,STIC,20210928-20220221,HS,21059656,4305.6,13.75,4.314756393200001,1,poor,NA
AIMS,2021-12-28T13:00:00Z,TLM12,STIC,20210928-20220221,HS,21059656,4305.6,13.75,4.314756393200001,1,poor,NA
AIMS,2021-12-28T13:15:00Z,TLM12,STIC,20210928-20220221,HS,21059656,4305.6,13.846,4.314756393200001,1,poor,NA
AIMS,2021-12-28T13:30:00Z,TLM12,STIC,20210928-20220221,HS,21059656,4305.6,13.846,4.314756393200001,1,poor,NA
AIMS,2021-12-28T13:45:00Z,TLM12,STIC,20210928-20220221,HS,21059656,4305.6,13.75,4.314756393200001,1,poor,NA
AIMS,2021-12-28T14:00:00Z,TLM12,STIC,20210928-20220221,HS,21059656,4305.6,13.75,4.314756393200001,1,poor,NA
AIMS,2021-12-28T14:15:00Z,TLM12,STIC,20210928-20220221,HS,21059656,4305.6,13.75,4.314756393200001,1,poor,NA
AIMS,2021-12-28T14:30:00Z,TLM12,STIC,20210928-20220221,HS,21059656,4305.6,13.75,4.314756393200001,1,poor,NA
AIMS,2021-12-28T14:45:00Z,TLM12,STIC,20210928-20220221,HS,21059656,4133.4,13.75,3.837466725799998,1,poor,NA
AIMS,2021-12-28T15:00:00Z,TLM12,STIC,20210928-20220221,HS,21059656,4133.4,13.75,3.837466725799998,1,poor,NA
AIMS,2021-12-28T15:15:00Z,TLM12,STIC,20210928-20220221,HS,21059656,4133.4,13.75,3.837466725799998,1,poor,NA
AIMS,2021-12-28T15:30:00Z,TLM12,STIC,20210928-20220221,HS,21059656,4133.4,13.846,3.837466725799998,1,poor,NA
AIMS,2021-12-28T15:45:00Z,TLM12,STIC,20210928-20220221,HS,21059656,4133.4,13.846,3.837466725799998,1,poor,NA
AIMS,2021-12-28T16:00:00Z,TLM12,STIC,20210928-20220221,HS,21059656,4133.4,13.942,3.837466725799998,1,poor,NA
AIMS,2021-12-28T16:15:00Z,TLM12,STIC,20210928-20220221,HS,21059656,4133.4,13.942,3.837466725799998,1,poor,NA
AIMS,2021-12-28T16:30:00Z,TLM12,STIC,20210928-20220221,HS,21059656,4133.4,14.038,3.837466725799998,1,poor,NA
AIMS,2021-12-28T16:45:00Z,TLM12,STIC,20210928-20220221,HS,21059656,4133.4,14.038,3.837466725799998,1,poor,NA
AIMS,2021-12-28T17:00:00Z,TLM12,STIC,20210928-20220221,HS,21059656,4305.6,14.134,4.314756393200001,1,poor,NA
AIMS,2021-12-28T17:15:00Z,TLM12,STIC,20210928-20220221,HS,21059656,4305.6,14.23,4.314756393200001,1,poor,NA
AIMS,2021-12-28T17:30:00Z,TLM12,STIC,20210928-20220221,HS,21059656,4305.6,14.325,4.314756393200001,1,poor,NA
AIMS,2021-12-28T17:45:00Z,TLM12,STIC,20210928-20220221,HS,21059656,4305.6,14.325,4.314756393200001,1,poor,NA
AIMS,2021-12-28T18:00:00Z,TLM12,STIC,20210928-20220221,HS,21059656,4305.6,14.325,4.314756393200001,1,poor,NA
AIMS,2021-12-28T18:15:00Z,TLM12,STIC,20210928-20220221,HS,21059656,4305.6,14.421,4.314756393200001,1,poor,NA
AIMS,2021-12-28T18:30:00Z,TLM12,STIC,20210928-20220221,HS,21059656,4305.6,14.421,4.314756393200001,1,poor,NA
AIMS,2021-12-28T18:45:00Z,TLM12,STIC,20210928-20220221,HS,21059656,4305.6,14.517,4.314756393200001,1,poor,NA
AIMS,2021-12-28T19:00:00Z,TLM12,STIC,20210928-20220221,HS,21059656,4305.6,14.613,4.314756393200001,1,poor,NA
AIMS,2021-12-28T19:15:00Z,TLM12,STIC,20210928-20220221,HS,21059656,4305.6,14.613,4.314756393200001,1,poor,NA
AIMS,2021-12-28T19:30:00Z,TLM12,STIC,20210928-20220221,HS,21059656,4305.6,14.709,4.314756393200001,1,poor,NA
AIMS,2021-12-28T19:45:00Z,TLM12,STIC,20210928-20220221,HS,21059656,4305.6,14.804,4.314756393200001,1,poor,NA
AIMS,2021-12-28T20:00:00Z,TLM12,STIC,20210928-20220221,HS,21059656,4305.6,14.996,4.314756393200001,1,poor,NA
AIMS,2021-12-28T20:15:00Z,TLM12,STIC,20210928-20220221,HS,21059656,4305.6,15.187,4.314756393200001,1,poor,NA
AIMS,2021-12-28T20:30:00Z,TLM12,STIC,20210928-20220221,HS,21059656,4305.6,15.187,4.314756393200001,1,poor,NA
AIMS,2021-12-28T20:45:00Z,TLM12,STIC,20210928-20220221,HS,21059656,4305.6,15.282,4.314756393200001,1,poor,NA
AIMS,2021-12-28T21:00:00Z,TLM12,STIC,20210928-20220221,HS,21059656,4305.6,15.378,4.314756393200001,1,poor,NA
AIMS,2021-12-28T21:15:00Z,TLM12,STIC,20210928-20220221,HS,21059656,4305.6,15.378,4.314756393200001,1,poor,NA
AIMS,2021-12-28T21:30:00Z,TLM12,STIC,20210928-20220221,HS,21059656,4305.6,15.473,4.314756393200001,1,poor,NA
AIMS,2021-12-28T21:45:00Z,TLM12,STIC,20210928-20220221,HS,21059656,4305.6,15.473,4.314756393200001,1,poor,NA
AIMS,2021-12-28T22:00:00Z,TLM12,STIC,20210928-20220221,HS,21059656,4305.6,15.473,4.314756393200001,1,poor,NA
AIMS,2021-12-28T22:15:00Z,TLM12,STIC,20210928-20220221,HS,21059656,4305.6,15.473,4.314756393200001,1,poor,NA
AIMS,2021-12-28T22:30:00Z,TLM12,STIC,20210928-20220221,HS,21059656,4305.6,15.473,4.314756393200001,1,poor,NA
AIMS,2021-12-28T22:45:00Z,TLM12,STIC,20210928-20220221,HS,21059656,4305.6,15.473,4.314756393200001,1,poor,NA
AIMS,2021-12-28T23:00:00Z,TLM12,STIC,20210928-20220221,HS,21059656,4305.6,15.473,4.314756393200001,1,poor,NA
AIMS,2021-12-28T23:15:00Z,TLM12,STIC,20210928-20220221,HS,21059656,4305.6,15.473,4.314756393200001,1,poor,NA
AIMS,2021-12-28T23:30:00Z,TLM12,STIC,20210928-20220221,HS,21059656,4305.6,15.473,4.314756393200001,1,poor,NA
AIMS,2021-12-28T23:45:00Z,TLM12,STIC,20210928-20220221,HS,21059656,4305.6,15.473,4.314756393200001,1,poor,NA
AIMS,2021-12-29T00:00:00Z,TLM12,STIC,20210928-20220221,HS,21059656,4305.6,15.473,4.314756393200001,1,poor,NA
AIMS,2021-12-29T00:15:00Z,TLM12,STIC,20210928-20220221,HS,21059656,4305.6,15.378,4.314756393200001,1,poor,NA
AIMS,2021-12-29T00:30:00Z,TLM12,STIC,20210928-20220221,HS,21059656,4305.6,15.378,4.314756393200001,1,poor,NA
AIMS,2021-12-29T00:45:00Z,TLM12,STIC,20210928-20220221,HS,21059656,4305.6,15.378,4.314756393200001,1,poor,NA
AIMS,2021-12-29T01:00:00Z,TLM12,STIC,20210928-20220221,HS,21059656,4477.8,15.378,4.7920460606,1,poor,NA
AIMS,2021-12-29T01:15:00Z,TLM12,STIC,20210928-20220221,HS,21059656,4305.6,15.282,4.314756393200001,1,poor,NA
AIMS,2021-12-29T01:30:00Z,TLM12,STIC,20210928-20220221,HS,21059656,4305.6,15.282,4.314756393200001,1,poor,NA
AIMS,2021-12-29T01:45:00Z,TLM12,STIC,20210928-20220221,HS,21059656,4477.8,15.282,4.7920460606,1,poor,NA
AIMS,2021-12-29T02:00:00Z,TLM12,STIC,20210928-20220221,HS,21059656,4477.8,15.282,4.7920460606,1,poor,NA
AIMS,2021-12-29T02:15:00Z,TLM12,STIC,20210928-20220221,HS,21059656,4477.8,15.187,4.7920460606,1,poor,NA
AIMS,2021-12-29T02:30:00Z,TLM12,STIC,20210928-20220221,HS,21059656,4477.8,15.187,4.7920460606,1,poor,NA
AIMS,2021-12-29T02:45:00Z,TLM12,STIC,20210928-20220221,HS,21059656,4477.8,15.187,4.7920460606,1,poor,NA
AIMS,2021-12-29T03:00:00Z,TLM12,STIC,20210928-20220221,HS,21059656,4477.8,15.187,4.7920460606,1,poor,NA
AIMS,2021-12-29T03:15:00Z,TLM12,STIC,20210928-20220221,HS,21059656,4305.6,15.187,4.314756393200001,1,poor,NA
AIMS,2021-12-29T03:30:00Z,TLM12,STIC,20210928-20220221,HS,21059656,4305.6,15.187,4.314756393200001,1,poor,NA
AIMS,2021-12-29T03:45:00Z,TLM12,STIC,20210928-20220221,HS,21059656,4305.6,15.187,4.314756393200001,1,poor,NA
AIMS,2021-12-29T04:00:00Z,TLM12,STIC,20210928-20220221,HS,21059656,4305.6,15.091,4.314756393200001,1,poor,NA
AIMS,2021-12-29T04:15:00Z,TLM12,STIC,20210928-20220221,HS,21059656,4477.8,15.091,4.7920460606,1,poor,NA
AIMS,2021-12-29T04:30:00Z,TLM12,STIC,20210928-20220221,HS,21059656,4305.6,15.091,4.314756393200001,1,poor,NA
AIMS,2021-12-29T04:45:00Z,TLM12,STIC,20210928-20220221,HS,21059656,4477.8,15.091,4.7920460606,1,poor,NA
AIMS,2021-12-29T05:00:00Z,TLM12,STIC,20210928-20220221,HS,21059656,4305.6,15.091,4.314756393200001,1,poor,NA
AIMS,2021-12-29T05:15:00Z,TLM12,STIC,20210928-20220221,HS,21059656,4305.6,15.091,4.314756393200001,1,poor,NA
AIMS,2021-12-29T05:30:00Z,TLM12,STIC,20210928-20220221,HS,21059656,4305.6,15.091,4.314756393200001,1,poor,NA
AIMS,2021-12-29T05:45:00Z,TLM12,STIC,20210928-20220221,HS,21059656,4305.6,15.091,4.314756393200001,1,poor,NA
AIMS,2021-12-29T06:00:00Z,TLM12,STIC,20210928-20220221,HS,21059656,4305.6,14.996,4.314756393200001,1,poor,NA
AIMS,2021-12-29T06:15:00Z,TLM12,STIC,20210928-20220221,HS,21059656,4305.6,14.996,4.314756393200001,1,poor,NA
AIMS,2021-12-29T06:30:00Z,TLM12,STIC,20210928-20220221,HS,21059656,4305.6,14.996,4.314756393200001,1,poor,NA
AIMS,2021-12-29T06:45:00Z,TLM12,STIC,20210928-20220221,HS,21059656,4477.8,14.996,4.7920460606,1,poor,NA
AIMS,2021-12-29T07:00:00Z,TLM12,STIC,20210928-20220221,HS,21059656,4477.8,14.996,4.7920460606,1,poor,NA
AIMS,2021-12-29T07:15:00Z,TLM12,STIC,20210928-20220221,HS,21059656,4477.8,14.996,4.7920460606,1,poor,NA
AIMS,2021-12-29T07:30:00Z,TLM12,STIC,20210928-20220221,HS,21059656,4477.8,14.996,4.7920460606,1,poor,NA
AIMS,2021-12-29T07:45:00Z,TLM12,STIC,20210928-20220221,HS,21059656,4477.8,14.996,4.7920460606,1,poor,NA
AIMS,2021-12-29T08:00:00Z,TLM12,STIC,20210928-20220221,HS,21059656,4477.8,14.996,4.7920460606,1,poor,NA
AIMS,2021-12-29T08:15:00Z,TLM12,STIC,20210928-20220221,HS,21059656,4477.8,14.996,4.7920460606,1,poor,NA
AIMS,2021-12-29T08:30:00Z,TLM12,STIC,20210928-20220221,HS,21059656,4477.8,14.9,4.7920460606,1,poor,NA
AIMS,2021-12-29T08:45:00Z,TLM12,STIC,20210928-20220221,HS,21059656,4477.8,14.996,4.7920460606,1,poor,NA
AIMS,2021-12-29T09:00:00Z,TLM12,STIC,20210928-20220221,HS,21059656,4477.8,14.9,4.7920460606,1,poor,NA
AIMS,2021-12-29T09:15:00Z,TLM12,STIC,20210928-20220221,HS,21059656,4477.8,14.9,4.7920460606,1,poor,NA
AIMS,2021-12-29T09:30:00Z,TLM12,STIC,20210928-20220221,HS,21059656,4477.8,14.996,4.7920460606,1,poor,NA
AIMS,2021-12-29T09:45:00Z,TLM12,STIC,20210928-20220221,HS,21059656,4477.8,14.996,4.7920460606,1,poor,NA
AIMS,2021-12-29T10:00:00Z,TLM12,STIC,20210928-20220221,HS,21059656,4477.8,14.996,4.7920460606,1,poor,NA
AIMS,2021-12-29T10:15:00Z,TLM12,STIC,20210928-20220221,HS,21059656,4477.8,14.996,4.7920460606,1,poor,NA
AIMS,2021-12-29T10:30:00Z,TLM12,STIC,20210928-20220221,HS,21059656,4305.6,14.996,4.314756393200001,1,poor,NA
AIMS,2021-12-29T10:45:00Z,TLM12,STIC,20210928-20220221,HS,21059656,4305.6,14.996,4.314756393200001,1,poor,NA
AIMS,2021-12-29T11:00:00Z,TLM12,STIC,20210928-20220221,HS,21059656,4305.6,15.091,4.314756393200001,1,poor,NA
AIMS,2021-12-29T11:15:00Z,TLM12,STIC,20210928-20220221,HS,21059656,4477.8,15.091,4.7920460606,1,poor,NA
AIMS,2021-12-29T11:30:00Z,TLM12,STIC,20210928-20220221,HS,21059656,4477.8,15.091,4.7920460606,1,poor,NA
AIMS,2021-12-29T11:45:00Z,TLM12,STIC,20210928-20220221,HS,21059656,4477.8,15.091,4.7920460606,1,poor,NA
AIMS,2021-12-29T12:00:00Z,TLM12,STIC,20210928-20220221,HS,21059656,4477.8,15.187,4.7920460606,1,poor,NA
AIMS,2021-12-29T12:15:00Z,TLM12,STIC,20210928-20220221,HS,21059656,4477.8,15.187,4.7920460606,1,poor,NA
AIMS,2021-12-29T12:30:00Z,TLM12,STIC,20210928-20220221,HS,21059656,4477.8,15.187,4.7920460606,1,poor,NA
AIMS,2021-12-29T12:45:00Z,TLM12,STIC,20210928-20220221,HS,21059656,4477.8,15.282,4.7920460606,1,poor,NA
AIMS,2021-12-29T13:00:00Z,TLM12,STIC,20210928-20220221,HS,21059656,4477.8,15.282,4.7920460606,1,poor,NA
AIMS,2021-12-29T13:15:00Z,TLM12,STIC,20210928-20220221,HS,21059656,4477.8,15.282,4.7920460606,1,poor,NA
AIMS,2021-12-29T13:30:00Z,TLM12,STIC,20210928-20220221,HS,21059656,4477.8,15.282,4.7920460606,1,poor,NA
AIMS,2021-12-29T13:45:00Z,TLM12,STIC,20210928-20220221,HS,21059656,4477.8,15.187,4.7920460606,1,poor,NA
AIMS,2021-12-29T14:00:00Z,TLM12,STIC,20210928-20220221,HS,21059656,4650,15.091,5.269335727999999,1,poor,NA
AIMS,2021-12-29T14:15:00Z,TLM12,STIC,20210928-20220221,HS,21059656,4650,15.091,5.269335727999999,1,poor,NA
AIMS,2021-12-29T14:30:00Z,TLM12,STIC,20210928-20220221,HS,21059656,4650,14.996,5.269335727999999,1,poor,NA
AIMS,2021-12-29T14:45:00Z,TLM12,STIC,20210928-20220221,HS,21059656,4650,14.996,5.269335727999999,1,poor,NA
AIMS,2021-12-29T15:00:00Z,TLM12,STIC,20210928-20220221,HS,21059656,4822.3,14.9,5.7469025671,1,poor,NA
AIMS,2021-12-29T15:15:00Z,TLM12,STIC,20210928-20220221,HS,21059656,4822.3,14.9,5.7469025671,1,poor,NA
AIMS,2021-12-29T15:30:00Z,TLM12,STIC,20210928-20220221,HS,21059656,4994.5,14.804,6.224192234499999,1,poor,NA
AIMS,2021-12-29T15:45:00Z,TLM12,STIC,20210928-20220221,HS,21059656,4994.5,14.804,6.224192234499999,1,poor,NA
AIMS,2021-12-29T16:00:00Z,TLM12,STIC,20210928-20220221,HS,21059656,4994.5,14.804,6.224192234499999,1,poor,NA
AIMS,2021-12-29T16:15:00Z,TLM12,STIC,20210928-20220221,HS,21059656,5166.7,14.804,6.7014819018999985,1,poor,NA
AIMS,2021-12-29T16:30:00Z,TLM12,STIC,20210928-20220221,HS,21059656,5166.7,14.804,6.7014819018999985,1,poor,NA
AIMS,2021-12-29T16:45:00Z,TLM12,STIC,20210928-20220221,HS,21059656,5338.9,14.9,7.178771569299999,1,poor,NA
AIMS,2021-12-29T17:00:00Z,TLM12,STIC,20210928-20220221,HS,21059656,5338.9,14.9,7.178771569299999,1,poor,NA
AIMS,2021-12-29T17:15:00Z,TLM12,STIC,20210928-20220221,HS,21059656,10677.8,14.996,21.976691460599998,1,poor,NA
AIMS,2021-12-29T17:30:00Z,TLM12,STIC,20210928-20220221,HS,21059656,5338.9,14.996,7.178771569299999,1,poor,NA
AIMS,2021-12-29T17:45:00Z,TLM12,STIC,20210928-20220221,HS,21059656,5338.9,15.091,7.178771569299999,1,poor,NA
AIMS,2021-12-29T18:00:00Z,TLM12,STIC,20210928-20220221,HS,21059656,5166.7,15.091,6.7014819018999985,1,poor,NA
AIMS,2021-12-29T18:15:00Z,TLM12,STIC,20210928-20220221,HS,21059656,4994.5,15.187,6.224192234499999,1,poor,NA
AIMS,2021-12-29T18:30:00Z,TLM12,STIC,20210928-20220221,HS,21059656,4994.5,15.187,6.224192234499999,1,poor,NA
AIMS,2021-12-29T18:45:00Z,TLM12,STIC,20210928-20220221,HS,21059656,4994.5,15.282,6.224192234499999,1,poor,NA
AIMS,2021-12-29T19:00:00Z,TLM12,STIC,20210928-20220221,HS,21059656,4994.5,15.378,6.224192234499999,1,poor,NA
AIMS,2021-12-29T19:15:00Z,TLM12,STIC,20210928-20220221,HS,21059656,5338.9,15.378,7.178771569299999,1,poor,NA
AIMS,2021-12-29T19:30:00Z,TLM12,STIC,20210928-20220221,HS,21059656,5338.9,15.569,7.178771569299999,1,poor,NA
AIMS,2021-12-29T19:45:00Z,TLM12,STIC,20210928-20220221,HS,21059656,11022.3,15.569,22.931547967099995,1,poor,NA
AIMS,2021-12-29T20:00:00Z,TLM12,STIC,20210928-20220221,HS,21059656,11022.3,15.664,22.931547967099995,1,poor,NA
AIMS,2021-12-29T20:15:00Z,TLM12,STIC,20210928-20220221,HS,21059656,11711.2,15.664,24.840983808399997,1,poor,NA
AIMS,2021-12-29T20:30:00Z,TLM12,STIC,20210928-20220221,HS,21059656,11022.3,15.76,22.931547967099995,1,poor,NA
AIMS,2021-12-29T20:45:00Z,TLM12,STIC,20210928-20220221,HS,21059656,5338.9,15.76,7.178771569299999,1,poor,NA
AIMS,2021-12-29T21:00:00Z,TLM12,STIC,20210928-20220221,HS,21059656,11022.3,15.76,22.931547967099995,1,poor,NA
AIMS,2021-12-29T21:15:00Z,TLM12,STIC,20210928-20220221,HS,21059656,5338.9,15.76,7.178771569299999,1,poor,NA
AIMS,2021-12-29T21:30:00Z,TLM12,STIC,20210928-20220221,HS,21059656,11711.2,15.855,24.840983808399997,1,poor,NA
AIMS,2021-12-29T21:45:00Z,TLM12,STIC,20210928-20220221,HS,21059656,11711.2,15.855,24.840983808399997,1,poor,NA
AIMS,2021-12-29T22:00:00Z,TLM12,STIC,20210928-20220221,HS,21059656,11711.2,15.855,24.840983808399997,1,poor,NA
AIMS,2021-12-29T22:15:00Z,TLM12,STIC,20210928-20220221,HS,21059656,11711.2,15.855,24.840983808399997,1,poor,NA
AIMS,2021-12-29T22:30:00Z,TLM12,STIC,20210928-20220221,HS,21059656,11711.2,15.855,24.840983808399997,1,poor,NA
AIMS,2021-12-29T22:45:00Z,TLM12,STIC,20210928-20220221,HS,21059656,11711.2,15.855,24.840983808399997,1,poor,NA
AIMS,2021-12-29T23:00:00Z,TLM12,STIC,20210928-20220221,HS,21059656,11022.3,15.855,22.931547967099995,1,poor,NA
AIMS,2021-12-29T23:15:00Z,TLM12,STIC,20210928-20220221,HS,21059656,5338.9,15.76,7.178771569299999,1,poor,NA
AIMS,2021-12-29T23:30:00Z,TLM12,STIC,20210928-20220221,HS,21059656,11022.3,15.76,22.931547967099995,1,poor,NA
AIMS,2021-12-29T23:45:00Z,TLM12,STIC,20210928-20220221,HS,21059656,5338.9,15.664,7.178771569299999,1,poor,NA
AIMS,2021-12-30T00:00:00Z,TLM12,STIC,20210928-20220221,HS,21059656,5338.9,15.569,7.178771569299999,1,poor,NA
AIMS,2021-12-30T00:15:00Z,TLM12,STIC,20210928-20220221,HS,21059656,5338.9,15.473,7.178771569299999,1,poor,NA
AIMS,2021-12-30T00:30:00Z,TLM12,STIC,20210928-20220221,HS,21059656,5338.9,15.473,7.178771569299999,1,poor,NA
AIMS,2021-12-30T00:45:00Z,TLM12,STIC,20210928-20220221,HS,21059656,5338.9,15.378,7.178771569299999,1,poor,NA
AIMS,2021-12-30T01:00:00Z,TLM12,STIC,20210928-20220221,HS,21059656,5338.9,15.378,7.178771569299999,1,poor,NA
AIMS,2021-12-30T01:15:00Z,TLM12,STIC,20210928-20220221,HS,21059656,5166.7,15.282,6.7014819018999985,1,poor,NA
AIMS,2021-12-30T01:30:00Z,TLM12,STIC,20210928-20220221,HS,21059656,4994.5,15.282,6.224192234499999,1,poor,NA
AIMS,2021-12-30T01:45:00Z,TLM12,STIC,20210928-20220221,HS,21059656,4994.5,15.187,6.224192234499999,1,poor,NA
AIMS,2021-12-30T02:00:00Z,TLM12,STIC,20210928-20220221,HS,21059656,4822.3,15.187,5.7469025671,1,poor,NA
AIMS,2021-12-30T02:15:00Z,TLM12,STIC,20210928-20220221,HS,21059656,4822.3,15.091,5.7469025671,1,poor,NA
AIMS,2021-12-30T02:30:00Z,TLM12,STIC,20210928-20220221,HS,21059656,4650,15.091,5.269335727999999,1,poor,NA
AIMS,2021-12-30T02:45:00Z,TLM12,STIC,20210928-20220221,HS,21059656,4477.8,15.091,4.7920460606,1,poor,NA
AIMS,2021-12-30T03:00:00Z,TLM12,STIC,20210928-20220221,HS,21059656,4477.8,15.091,4.7920460606,1,poor,NA
AIMS,2021-12-30T03:15:00Z,TLM12,STIC,20210928-20220221,HS,21059656,4305.6,15.091,4.314756393200001,1,poor,NA
AIMS,2021-12-30T03:30:00Z,TLM12,STIC,20210928-20220221,HS,21059656,4305.6,15.091,4.314756393200001,1,poor,NA
AIMS,2021-12-30T03:45:00Z,TLM12,STIC,20210928-20220221,HS,21059656,4305.6,15.091,4.314756393200001,1,poor,NA
AIMS,2021-12-30T04:00:00Z,TLM12,STIC,20210928-20220221,HS,21059656,4305.6,15.091,4.314756393200001,1,poor,NA
AIMS,2021-12-30T04:15:00Z,TLM12,STIC,20210928-20220221,HS,21059656,4305.6,15.091,4.314756393200001,1,poor,NA
AIMS,2021-12-30T04:30:00Z,TLM12,STIC,20210928-20220221,HS,21059656,4305.6,15.091,4.314756393200001,1,poor,NA
AIMS,2021-12-30T04:45:00Z,TLM12,STIC,20210928-20220221,HS,21059656,4305.6,15.187,4.314756393200001,1,poor,NA
AIMS,2021-12-30T05:00:00Z,TLM12,STIC,20210928-20220221,HS,21059656,4305.6,15.187,4.314756393200001,1,poor,NA
AIMS,2021-12-30T05:15:00Z,TLM12,STIC,20210928-20220221,HS,21059656,4477.8,15.282,4.7920460606,1,poor,NA
AIMS,2021-12-30T05:30:00Z,TLM12,STIC,20210928-20220221,HS,21059656,4822.3,15.378,5.7469025671,1,poor,NA
AIMS,2021-12-30T05:45:00Z,TLM12,STIC,20210928-20220221,HS,21059656,5166.7,15.378,6.7014819018999985,1,poor,NA
AIMS,2021-12-30T06:00:00Z,TLM12,STIC,20210928-20220221,HS,21059656,5338.9,15.282,7.178771569299999,1,poor,NA
AIMS,2021-12-30T06:15:00Z,TLM12,STIC,20210928-20220221,HS,21059656,11022.3,15.187,22.931547967099995,1,poor,NA
AIMS,2021-12-30T06:30:00Z,TLM12,STIC,20210928-20220221,HS,21059656,11711.2,15.187,24.840983808399997,1,poor,NA
AIMS,2021-12-30T06:45:00Z,TLM12,STIC,20210928-20220221,HS,21059656,12400.1,15.091,26.7504196497,1,poor,NA
AIMS,2021-12-30T07:00:00Z,TLM12,STIC,20210928-20220221,HS,21059656,12400.1,15.091,26.7504196497,1,poor,NA
AIMS,2021-12-30T07:15:00Z,TLM12,STIC,20210928-20220221,HS,21059656,12400.1,15.091,26.7504196497,1,poor,NA
AIMS,2021-12-30T07:30:00Z,TLM12,STIC,20210928-20220221,HS,21059656,13089,14.996,28.659855490999995,1,poor,NA
AIMS,2021-12-30T07:45:00Z,TLM12,STIC,20210928-20220221,HS,21059656,13089,14.996,28.659855490999995,1,poor,NA
AIMS,2021-12-30T08:00:00Z,TLM12,STIC,20210928-20220221,HS,21059656,13089,14.996,28.659855490999995,1,poor,NA
AIMS,2021-12-30T08:15:00Z,TLM12,STIC,20210928-20220221,HS,21059656,13089,14.996,28.659855490999995,1,poor,NA
AIMS,2021-12-30T08:30:00Z,TLM12,STIC,20210928-20220221,HS,21059656,13089,14.9,28.659855490999995,1,poor,NA
AIMS,2021-12-30T08:45:00Z,TLM12,STIC,20210928-20220221,HS,21059656,13089,14.9,28.659855490999995,1,poor,NA
AIMS,2021-12-30T09:00:00Z,TLM12,STIC,20210928-20220221,HS,21059656,13089,14.9,28.659855490999995,1,poor,NA
AIMS,2021-12-30T09:15:00Z,TLM12,STIC,20210928-20220221,HS,21059656,13089,14.9,28.659855490999995,1,poor,NA
AIMS,2021-12-30T09:30:00Z,TLM12,STIC,20210928-20220221,HS,21059656,13089,14.9,28.659855490999995,1,poor,NA
AIMS,2021-12-30T09:45:00Z,TLM12,STIC,20210928-20220221,HS,21059656,13089,14.9,28.659855490999995,1,poor,NA
AIMS,2021-12-30T10:00:00Z,TLM12,STIC,20210928-20220221,HS,21059656,13089,14.9,28.659855490999995,1,poor,NA
AIMS,2021-12-30T10:15:00Z,TLM12,STIC,20210928-20220221,HS,21059656,13089,14.9,28.659855490999995,1,poor,NA
AIMS,2021-12-30T10:30:00Z,TLM12,STIC,20210928-20220221,HS,21059656,13089,14.9,28.659855490999995,1,poor,NA
AIMS,2021-12-30T10:45:00Z,TLM12,STIC,20210928-20220221,HS,21059656,13089,14.9,28.659855490999995,1,poor,NA
AIMS,2021-12-30T11:00:00Z,TLM12,STIC,20210928-20220221,HS,21059656,13089,14.9,28.659855490999995,1,poor,NA
AIMS,2021-12-30T11:15:00Z,TLM12,STIC,20210928-20220221,HS,21059656,13089,14.9,28.659855490999995,1,poor,NA
AIMS,2021-12-30T11:30:00Z,TLM12,STIC,20210928-20220221,HS,21059656,13089,14.9,28.659855490999995,1,poor,NA
AIMS,2021-12-30T11:45:00Z,TLM12,STIC,20210928-20220221,HS,21059656,13089,14.9,28.659855490999995,1,poor,NA
AIMS,2021-12-30T12:00:00Z,TLM12,STIC,20210928-20220221,HS,21059656,13089,14.9,28.659855490999995,1,poor,NA
AIMS,2021-12-30T12:15:00Z,TLM12,STIC,20210928-20220221,HS,21059656,13089,14.9,28.659855490999995,1,poor,NA
AIMS,2021-12-30T12:30:00Z,TLM12,STIC,20210928-20220221,HS,21059656,13089,14.9,28.659855490999995,1,poor,NA
AIMS,2021-12-30T12:45:00Z,TLM12,STIC,20210928-20220221,HS,21059656,13089,14.996,28.659855490999995,1,poor,NA
AIMS,2021-12-30T13:00:00Z,TLM12,STIC,20210928-20220221,HS,21059656,13089,14.996,28.659855490999995,1,poor,NA
AIMS,2021-12-30T13:15:00Z,TLM12,STIC,20210928-20220221,HS,21059656,12400.1,15.091,26.7504196497,1,poor,NA
AIMS,2021-12-30T13:30:00Z,TLM12,STIC,20210928-20220221,HS,21059656,4305.6,15.187,4.314756393200001,1,poor,NA
AIMS,2021-12-30T13:45:00Z,TLM12,STIC,20210928-20220221,HS,21059656,4994.5,15.378,6.224192234499999,1,poor,NA
AIMS,2021-12-30T14:00:00Z,TLM12,STIC,20210928-20220221,HS,21059656,3272.2,15.473,1.4504640453999995,1,poor,NA
AIMS,2021-12-30T14:15:00Z,TLM12,STIC,20210928-20220221,HS,21059656,3272.2,15.473,1.4504640453999995,1,poor,NA
AIMS,2021-12-30T14:30:00Z,TLM12,STIC,20210928-20220221,HS,21059656,3272.2,15.473,1.4504640453999995,1,poor,NA
AIMS,2021-12-30T14:45:00Z,TLM12,STIC,20210928-20220221,HS,21059656,3272.2,15.378,1.4504640453999995,1,poor,NA
AIMS,2021-12-30T15:00:00Z,TLM12,STIC,20210928-20220221,HS,21059656,3272.2,15.378,1.4504640453999995,1,poor,NA
AIMS,2021-12-30T15:15:00Z,TLM12,STIC,20210928-20220221,HS,21059656,3272.2,15.282,1.4504640453999995,1,poor,NA
AIMS,2021-12-30T15:30:00Z,TLM12,STIC,20210928-20220221,HS,21059656,3100,15.282,0.9731743780000004,1,poor,NA
AIMS,2021-12-30T15:45:00Z,TLM12,STIC,20210928-20220221,HS,21059656,3272.2,15.282,1.4504640453999995,1,poor,NA
AIMS,2021-12-30T16:00:00Z,TLM12,STIC,20210928-20220221,HS,21059656,3272.2,15.282,1.4504640453999995,1,poor,NA
AIMS,2021-12-30T16:15:00Z,TLM12,STIC,20210928-20220221,HS,21059656,3100,15.282,0.9731743780000004,1,poor,NA
AIMS,2021-12-30T16:30:00Z,TLM12,STIC,20210928-20220221,HS,21059656,3100,15.282,0.9731743780000004,1,poor,NA
AIMS,2021-12-30T16:45:00Z,TLM12,STIC,20210928-20220221,HS,21059656,3100,15.282,0.9731743780000004,1,poor,NA
AIMS,2021-12-30T17:00:00Z,TLM12,STIC,20210928-20220221,HS,21059656,3100,15.282,0.9731743780000004,1,poor,NA
AIMS,2021-12-30T17:15:00Z,TLM12,STIC,20210928-20220221,HS,21059656,3100,15.187,0.9731743780000004,1,poor,NA
AIMS,2021-12-30T17:30:00Z,TLM12,STIC,20210928-20220221,HS,21059656,3100,15.282,0.9731743780000004,1,poor,NA
AIMS,2021-12-30T17:45:00Z,TLM12,STIC,20210928-20220221,HS,21059656,3100,15.187,0.9731743780000004,1,poor,NA
AIMS,2021-12-30T18:00:00Z,TLM12,STIC,20210928-20220221,HS,21059656,3100,15.187,0.9731743780000004,1,poor,NA
AIMS,2021-12-30T18:15:00Z,TLM12,STIC,20210928-20220221,HS,21059656,3100,15.282,0.9731743780000004,1,poor,NA
AIMS,2021-12-30T18:30:00Z,TLM12,STIC,20210928-20220221,HS,21059656,3100,15.282,0.9731743780000004,1,poor,NA
AIMS,2021-12-30T18:45:00Z,TLM12,STIC,20210928-20220221,HS,21059656,3100,15.282,0.9731743780000004,1,poor,NA
AIMS,2021-12-30T19:00:00Z,TLM12,STIC,20210928-20220221,HS,21059656,3272.2,15.282,1.4504640453999995,1,poor,NA
AIMS,2021-12-30T19:15:00Z,TLM12,STIC,20210928-20220221,HS,21059656,3272.2,15.282,1.4504640453999995,1,poor,NA
AIMS,2021-12-30T19:30:00Z,TLM12,STIC,20210928-20220221,HS,21059656,3272.2,15.282,1.4504640453999995,1,poor,NA
AIMS,2021-12-30T19:45:00Z,TLM12,STIC,20210928-20220221,HS,21059656,3272.2,15.282,1.4504640453999995,1,poor,NA
AIMS,2021-12-30T20:00:00Z,TLM12,STIC,20210928-20220221,HS,21059656,3272.2,15.282,1.4504640453999995,1,poor,NA
AIMS,2021-12-30T20:15:00Z,TLM12,STIC,20210928-20220221,HS,21059656,3272.2,15.282,1.4504640453999995,1,poor,NA
AIMS,2021-12-30T20:30:00Z,TLM12,STIC,20210928-20220221,HS,21059656,3272.2,15.282,1.4504640453999995,1,poor,NA
AIMS,2021-12-30T20:45:00Z,TLM12,STIC,20210928-20220221,HS,21059656,3272.2,15.282,1.4504640453999995,1,poor,NA
AIMS,2021-12-30T21:00:00Z,TLM12,STIC,20210928-20220221,HS,21059656,3272.2,15.282,1.4504640453999995,1,poor,NA
AIMS,2021-12-30T21:15:00Z,TLM12,STIC,20210928-20220221,HS,21059656,3272.2,15.378,1.4504640453999995,1,poor,NA
AIMS,2021-12-30T21:30:00Z,TLM12,STIC,20210928-20220221,HS,21059656,3272.2,15.378,1.4504640453999995,1,poor,NA
AIMS,2021-12-30T21:45:00Z,TLM12,STIC,20210928-20220221,HS,21059656,3272.2,15.473,1.4504640453999995,1,poor,NA
AIMS,2021-12-30T22:00:00Z,TLM12,STIC,20210928-20220221,HS,21059656,3272.2,15.473,1.4504640453999995,1,poor,NA
AIMS,2021-12-30T22:15:00Z,TLM12,STIC,20210928-20220221,HS,21059656,3272.2,15.473,1.4504640453999995,1,poor,NA
AIMS,2021-12-30T22:30:00Z,TLM12,STIC,20210928-20220221,HS,21059656,3272.2,15.473,1.4504640453999995,1,poor,NA
AIMS,2021-12-30T22:45:00Z,TLM12,STIC,20210928-20220221,HS,21059656,3272.2,15.473,1.4504640453999995,1,poor,NA
AIMS,2021-12-30T23:00:00Z,TLM12,STIC,20210928-20220221,HS,21059656,3272.2,15.473,1.4504640453999995,1,poor,NA
AIMS,2021-12-30T23:15:00Z,TLM12,STIC,20210928-20220221,HS,21059656,3272.2,15.473,1.4504640453999995,1,poor,NA
AIMS,2021-12-30T23:30:00Z,TLM12,STIC,20210928-20220221,HS,21059656,3272.2,15.378,1.4504640453999995,1,poor,NA
AIMS,2021-12-30T23:45:00Z,TLM12,STIC,20210928-20220221,HS,21059656,3272.2,15.378,1.4504640453999995,1,poor,NA
AIMS,2021-12-31T00:00:00Z,TLM12,STIC,20210928-20220221,HS,21059656,3272.2,15.378,1.4504640453999995,1,poor,NA
AIMS,2021-12-31T00:15:00Z,TLM12,STIC,20210928-20220221,HS,21059656,3272.2,15.282,1.4504640453999995,1,poor,NA
AIMS,2021-12-31T00:30:00Z,TLM12,STIC,20210928-20220221,HS,21059656,3272.2,15.282,1.4504640453999995,1,poor,NA
AIMS,2021-12-31T00:45:00Z,TLM12,STIC,20210928-20220221,HS,21059656,3272.2,15.187,1.4504640453999995,1,poor,NA
AIMS,2021-12-31T01:00:00Z,TLM12,STIC,20210928-20220221,HS,21059656,3272.2,15.187,1.4504640453999995,1,poor,NA
AIMS,2021-12-31T01:15:00Z,TLM12,STIC,20210928-20220221,HS,21059656,3272.2,15.091,1.4504640453999995,1,poor,NA
AIMS,2021-12-31T01:30:00Z,TLM12,STIC,20210928-20220221,HS,21059656,3272.2,15.091,1.4504640453999995,1,poor,NA
AIMS,2021-12-31T01:45:00Z,TLM12,STIC,20210928-20220221,HS,21059656,3272.2,14.996,1.4504640453999995,1,poor,NA
AIMS,2021-12-31T02:00:00Z,TLM12,STIC,20210928-20220221,HS,21059656,3272.2,14.996,1.4504640453999995,1,poor,NA
AIMS,2021-12-31T02:15:00Z,TLM12,STIC,20210928-20220221,HS,21059656,3272.2,14.9,1.4504640453999995,1,poor,NA
AIMS,2021-12-31T02:30:00Z,TLM12,STIC,20210928-20220221,HS,21059656,3272.2,14.804,1.4504640453999995,1,poor,NA
AIMS,2021-12-31T02:45:00Z,TLM12,STIC,20210928-20220221,HS,21059656,3272.2,14.804,1.4504640453999995,1,poor,NA
AIMS,2021-12-31T03:00:00Z,TLM12,STIC,20210928-20220221,HS,21059656,3272.2,14.804,1.4504640453999995,1,poor,NA
AIMS,2021-12-31T03:15:00Z,TLM12,STIC,20210928-20220221,HS,21059656,3272.2,14.709,1.4504640453999995,1,poor,NA
AIMS,2021-12-31T03:30:00Z,TLM12,STIC,20210928-20220221,HS,21059656,3272.2,14.709,1.4504640453999995,1,poor,NA
AIMS,2021-12-31T03:45:00Z,TLM12,STIC,20210928-20220221,HS,21059656,3272.2,14.613,1.4504640453999995,1,poor,NA
AIMS,2021-12-31T04:00:00Z,TLM12,STIC,20210928-20220221,HS,21059656,3272.2,14.613,1.4504640453999995,1,poor,NA
AIMS,2021-12-31T04:15:00Z,TLM12,STIC,20210928-20220221,HS,21059656,3272.2,14.613,1.4504640453999995,1,poor,NA
AIMS,2021-12-31T04:30:00Z,TLM12,STIC,20210928-20220221,HS,21059656,3272.2,14.613,1.4504640453999995,1,poor,NA
AIMS,2021-12-31T04:45:00Z,TLM12,STIC,20210928-20220221,HS,21059656,3272.2,14.517,1.4504640453999995,1,poor,NA
AIMS,2021-12-31T05:00:00Z,TLM12,STIC,20210928-20220221,HS,21059656,3272.2,14.517,1.4504640453999995,1,poor,NA
AIMS,2021-12-31T05:15:00Z,TLM12,STIC,20210928-20220221,HS,21059656,3272.2,14.517,1.4504640453999995,1,poor,NA
AIMS,2021-12-31T05:30:00Z,TLM12,STIC,20210928-20220221,HS,21059656,3272.2,14.517,1.4504640453999995,1,poor,NA
AIMS,2021-12-31T05:45:00Z,TLM12,STIC,20210928-20220221,HS,21059656,3272.2,14.517,1.4504640453999995,1,poor,NA
AIMS,2021-12-31T06:00:00Z,TLM12,STIC,20210928-20220221,HS,21059656,3272.2,14.517,1.4504640453999995,1,poor,NA
AIMS,2021-12-31T06:15:00Z,TLM12,STIC,20210928-20220221,HS,21059656,3272.2,14.517,1.4504640453999995,1,poor,NA
AIMS,2021-12-31T06:30:00Z,TLM12,STIC,20210928-20220221,HS,21059656,3272.2,14.517,1.4504640453999995,1,poor,NA
AIMS,2021-12-31T06:45:00Z,TLM12,STIC,20210928-20220221,HS,21059656,3272.2,14.517,1.4504640453999995,1,poor,NA
AIMS,2021-12-31T07:00:00Z,TLM12,STIC,20210928-20220221,HS,21059656,3272.2,14.613,1.4504640453999995,1,poor,NA
AIMS,2021-12-31T07:15:00Z,TLM12,STIC,20210928-20220221,HS,21059656,3272.2,14.613,1.4504640453999995,1,poor,NA
AIMS,2021-12-31T07:30:00Z,TLM12,STIC,20210928-20220221,HS,21059656,3272.2,14.613,1.4504640453999995,1,poor,NA
AIMS,2021-12-31T07:45:00Z,TLM12,STIC,20210928-20220221,HS,21059656,3272.2,14.613,1.4504640453999995,1,poor,NA
AIMS,2021-12-31T08:00:00Z,TLM12,STIC,20210928-20220221,HS,21059656,3272.2,14.613,1.4504640453999995,1,poor,NA
AIMS,2021-12-31T08:15:00Z,TLM12,STIC,20210928-20220221,HS,21059656,3272.2,14.613,1.4504640453999995,1,poor,NA
AIMS,2021-12-31T08:30:00Z,TLM12,STIC,20210928-20220221,HS,21059656,3272.2,14.709,1.4504640453999995,1,poor,NA
AIMS,2021-12-31T08:45:00Z,TLM12,STIC,20210928-20220221,HS,21059656,3272.2,14.709,1.4504640453999995,1,poor,NA
AIMS,2021-12-31T09:00:00Z,TLM12,STIC,20210928-20220221,HS,21059656,3272.2,14.709,1.4504640453999995,1,poor,NA
AIMS,2021-12-31T09:15:00Z,TLM12,STIC,20210928-20220221,HS,21059656,3272.2,14.709,1.4504640453999995,1,poor,NA
AIMS,2021-12-31T09:30:00Z,TLM12,STIC,20210928-20220221,HS,21059656,3272.2,14.709,1.4504640453999995,1,poor,NA
AIMS,2021-12-31T09:45:00Z,TLM12,STIC,20210928-20220221,HS,21059656,3272.2,14.709,1.4504640453999995,1,poor,NA
AIMS,2021-12-31T10:00:00Z,TLM12,STIC,20210928-20220221,HS,21059656,3272.2,14.709,1.4504640453999995,1,poor,NA
AIMS,2021-12-31T10:15:00Z,TLM12,STIC,20210928-20220221,HS,21059656,3272.2,14.709,1.4504640453999995,1,poor,NA
AIMS,2021-12-31T10:30:00Z,TLM12,STIC,20210928-20220221,HS,21059656,3272.2,14.709,1.4504640453999995,1,poor,NA
AIMS,2021-12-31T10:45:00Z,TLM12,STIC,20210928-20220221,HS,21059656,3272.2,14.709,1.4504640453999995,1,poor,NA
AIMS,2021-12-31T11:00:00Z,TLM12,STIC,20210928-20220221,HS,21059656,3272.2,14.709,1.4504640453999995,1,poor,NA
AIMS,2021-12-31T11:15:00Z,TLM12,STIC,20210928-20220221,HS,21059656,3272.2,14.709,1.4504640453999995,1,poor,NA
AIMS,2021-12-31T11:30:00Z,TLM12,STIC,20210928-20220221,HS,21059656,3272.2,14.709,1.4504640453999995,1,poor,NA
AIMS,2021-12-31T11:45:00Z,TLM12,STIC,20210928-20220221,HS,21059656,3272.2,14.709,1.4504640453999995,1,poor,NA
AIMS,2021-12-31T12:00:00Z,TLM12,STIC,20210928-20220221,HS,21059656,3272.2,14.709,1.4504640453999995,1,poor,NA
AIMS,2021-12-31T12:15:00Z,TLM12,STIC,20210928-20220221,HS,21059656,3272.2,14.613,1.4504640453999995,1,poor,NA
AIMS,2021-12-31T12:30:00Z,TLM12,STIC,20210928-20220221,HS,21059656,3272.2,14.613,1.4504640453999995,1,poor,NA
AIMS,2021-12-31T12:45:00Z,TLM12,STIC,20210928-20220221,HS,21059656,3272.2,14.613,1.4504640453999995,1,poor,NA
AIMS,2021-12-31T13:00:00Z,TLM12,STIC,20210928-20220221,HS,21059656,3272.2,14.613,1.4504640453999995,1,poor,NA
AIMS,2021-12-31T13:15:00Z,TLM12,STIC,20210928-20220221,HS,21059656,3272.2,14.517,1.4504640453999995,1,poor,NA
AIMS,2021-12-31T13:30:00Z,TLM12,STIC,20210928-20220221,HS,21059656,3272.2,14.517,1.4504640453999995,1,poor,NA
AIMS,2021-12-31T13:45:00Z,TLM12,STIC,20210928-20220221,HS,21059656,3272.2,14.517,1.4504640453999995,1,poor,NA
AIMS,2021-12-31T14:00:00Z,TLM12,STIC,20210928-20220221,HS,21059656,3272.2,14.517,1.4504640453999995,1,poor,NA
AIMS,2021-12-31T14:15:00Z,TLM12,STIC,20210928-20220221,HS,21059656,3272.2,14.517,1.4504640453999995,1,poor,NA
AIMS,2021-12-31T14:30:00Z,TLM12,STIC,20210928-20220221,HS,21059656,3272.2,14.517,1.4504640453999995,1,poor,NA
AIMS,2021-12-31T14:45:00Z,TLM12,STIC,20210928-20220221,HS,21059656,3272.2,14.613,1.4504640453999995,1,poor,NA
AIMS,2021-12-31T15:00:00Z,TLM12,STIC,20210928-20220221,HS,21059656,3272.2,14.613,1.4504640453999995,1,poor,NA
AIMS,2021-12-31T15:15:00Z,TLM12,STIC,20210928-20220221,HS,21059656,3272.2,14.613,1.4504640453999995,1,poor,NA
AIMS,2021-12-31T15:30:00Z,TLM12,STIC,20210928-20220221,HS,21059656,3272.2,14.613,1.4504640453999995,1,poor,NA
AIMS,2021-12-31T15:45:00Z,TLM12,STIC,20210928-20220221,HS,21059656,3272.2,14.709,1.4504640453999995,1,poor,NA
AIMS,2021-12-31T16:00:00Z,TLM12,STIC,20210928-20220221,HS,21059656,3272.2,14.709,1.4504640453999995,1,poor,NA
AIMS,2021-12-31T16:15:00Z,TLM12,STIC,20210928-20220221,HS,21059656,3272.2,14.709,1.4504640453999995,1,poor,NA
AIMS,2021-12-31T16:30:00Z,TLM12,STIC,20210928-20220221,HS,21059656,3272.2,14.804,1.4504640453999995,1,poor,NA
AIMS,2021-12-31T16:45:00Z,TLM12,STIC,20210928-20220221,HS,21059656,3272.2,14.804,1.4504640453999995,1,poor,NA
AIMS,2021-12-31T17:00:00Z,TLM12,STIC,20210928-20220221,HS,21059656,3272.2,14.804,1.4504640453999995,1,poor,NA
AIMS,2021-12-31T17:15:00Z,TLM12,STIC,20210928-20220221,HS,21059656,3444.5,14.9,1.9280308844999992,1,poor,NA
AIMS,2021-12-31T17:30:00Z,TLM12,STIC,20210928-20220221,HS,21059656,3444.5,14.9,1.9280308844999992,1,poor,NA
AIMS,2021-12-31T17:45:00Z,TLM12,STIC,20210928-20220221,HS,21059656,3444.5,14.996,1.9280308844999992,1,poor,NA
AIMS,2021-12-31T18:00:00Z,TLM12,STIC,20210928-20220221,HS,21059656,3444.5,14.996,1.9280308844999992,1,poor,NA
AIMS,2021-12-31T18:15:00Z,TLM12,STIC,20210928-20220221,HS,21059656,3444.5,14.996,1.9280308844999992,1,poor,NA
AIMS,2021-12-31T18:30:00Z,TLM12,STIC,20210928-20220221,HS,21059656,3444.5,15.091,1.9280308844999992,1,poor,NA
AIMS,2021-12-31T18:45:00Z,TLM12,STIC,20210928-20220221,HS,21059656,3444.5,15.187,1.9280308844999992,1,poor,NA
AIMS,2021-12-31T19:00:00Z,TLM12,STIC,20210928-20220221,HS,21059656,3444.5,15.187,1.9280308844999992,1,poor,NA
AIMS,2021-12-31T19:15:00Z,TLM12,STIC,20210928-20220221,HS,21059656,3444.5,15.282,1.9280308844999992,1,poor,NA
AIMS,2021-12-31T19:30:00Z,TLM12,STIC,20210928-20220221,HS,21059656,3444.5,15.282,1.9280308844999992,1,poor,NA
AIMS,2021-12-31T19:45:00Z,TLM12,STIC,20210928-20220221,HS,21059656,3444.5,15.282,1.9280308844999992,1,poor,NA
AIMS,2021-12-31T20:00:00Z,TLM12,STIC,20210928-20220221,HS,21059656,3444.5,15.378,1.9280308844999992,1,poor,NA
AIMS,2021-12-31T20:15:00Z,TLM12,STIC,20210928-20220221,HS,21059656,3444.5,15.378,1.9280308844999992,1,poor,NA
AIMS,2021-12-31T20:30:00Z,TLM12,STIC,20210928-20220221,HS,21059656,3444.5,15.378,1.9280308844999992,1,poor,NA
AIMS,2021-12-31T20:45:00Z,TLM12,STIC,20210928-20220221,HS,21059656,3444.5,15.378,1.9280308844999992,1,poor,NA
AIMS,2021-12-31T21:00:00Z,TLM12,STIC,20210928-20220221,HS,21059656,3444.5,15.473,1.9280308844999992,1,poor,NA
AIMS,2021-12-31T21:15:00Z,TLM12,STIC,20210928-20220221,HS,21059656,3444.5,15.473,1.9280308844999992,1,poor,NA
AIMS,2021-12-31T21:30:00Z,TLM12,STIC,20210928-20220221,HS,21059656,3444.5,15.473,1.9280308844999992,1,poor,NA
AIMS,2021-12-31T21:45:00Z,TLM12,STIC,20210928-20220221,HS,21059656,3444.5,15.569,1.9280308844999992,1,poor,NA
AIMS,2021-12-31T22:00:00Z,TLM12,STIC,20210928-20220221,HS,21059656,3444.5,15.569,1.9280308844999992,1,poor,NA
AIMS,2021-12-31T22:15:00Z,TLM12,STIC,20210928-20220221,HS,21059656,3444.5,15.664,1.9280308844999992,1,poor,NA
AIMS,2021-12-31T22:30:00Z,TLM12,STIC,20210928-20220221,HS,21059656,3444.5,15.664,1.9280308844999992,1,poor,NA
AIMS,2021-12-31T22:45:00Z,TLM12,STIC,20210928-20220221,HS,21059656,3444.5,15.664,1.9280308844999992,1,poor,NA
AIMS,2021-12-31T23:00:00Z,TLM12,STIC,20210928-20220221,HS,21059656,3444.5,15.664,1.9280308844999992,1,poor,NA
AIMS,2021-12-31T23:15:00Z,TLM12,STIC,20210928-20220221,HS,21059656,3444.5,15.664,1.9280308844999992,1,poor,NA
AIMS,2021-12-31T23:30:00Z,TLM12,STIC,20210928-20220221,HS,21059656,3444.5,15.664,1.9280308844999992,1,poor,NA
AIMS,2021-12-31T23:45:00Z,TLM12,STIC,20210928-20220221,HS,21059656,3444.5,15.569,1.9280308844999992,1,poor,NA
